time_s,cycle_fraction,rp_x_mm,rp_y_mm,rp_z_mm,center_x_mm,center_y_mm,center_z_mm,head_x_mm,head_y_mm,head_z_mm,tail_x_mm,tail_y_mm,tail_z_mm,B_x_T,B_y_T,B_z_T,axis_x,axis_y,axis_z,tangent_x,tangent_y,tangent_z,e1_x,e1_y,e1_z,e2_x,e2_y,e2_z,directed_tilt_deg,robot_phase_deg,delta_s_mm,Vt_mm_s,contact_state
0.0,0.0,-7.468174204284,-3.676918015967,-9.550745259298,-7.503637597261565,-3.522140556662843,-9.61695124203758,-8.535085591631189,-3.5454540919147,-9.81045467208546,-6.509135245585878,-3.7950899900640938,-9.317294339420682,-0.0005643314542209,-0.0062270140616668,0.0078042184673149,0.9647382600215763,-0.11887423721399708,0.2348382536498942,0.9901291831965912,0.07930162550662628,0.11556579413675062,-0.11519690449062567,-0.009226373623232928,0.9932998274567162,0.0798365441275403,-0.996807968578588,0.0,13.36237457089361,0.0,0.0,0.0,NONE
9.999949725170154e-06,0.0002999984917551046,-7.468174204281069,-3.6769180159596777,-9.550745259307252,-7.503637597261565,-3.522140556662843,-9.61695124203758,-8.535085589431064,-3.545454086681654,-9.810454678475754,-6.509135247557989,-3.795089994754137,-9.317294333694061,-0.0005575927469267875,-0.006219495860344294,0.0078106951460829525,0.9647382580347976,-0.11887424193927763,0.23483825941985367,0.9901291831965912,0.07930162550662628,0.11556579413675062,-0.11519690449062567,-0.009226373623232928,0.9932998274567162,0.0798365441275403,-0.996807968578588,0.0,13.362374986173814,-6.575352035159165e-07,2.4140689447449404e-12,9.644849531747596e-07,NONE
1.9999899450340308e-05,0.0005999969835102092,-7.468174204237288,-3.6769180158504113,-9.550745259445517,-7.503637597261565,-3.522140556662843,-9.61695124203758,-8.53508555656683,-3.5454540085860926,-9.810454773967205,-6.509135277016275,-3.7950900647461894,-9.317294248120035,-0.0005507994617869823,-0.006211884568584377,0.00781723133490895,0.9647382283574075,-0.11887431245718905,0.23483834564150988,0.9901291831965912,0.07930162550662628,0.11556579413675062,-0.11519690449062567,-0.009226373623232928,0.9932998274567162,0.0798365441275403,-0.996807968578588,0.0,13.36238118715288,-1.0494874221425733e-05,3.844924378881842e-11,7.672933377098173e-06,NONE
2.9999850085005164e-05,0.0008999955025501549,-7.4681742040484735,-3.6769180153796692,-9.550745260042104,-7.503637597261565,-3.522140556662843,-9.61695124203758,-8.535085414825565,-3.5454536721124947,-9.810455185990712,-6.5091354040679406,-3.7950903663059936,-9.317293878887929,-0.000544019827471569,-0.006204255978893222,0.00782376153009255,0.9647381003607732,-0.11887461628261839,0.23483871766799194,0.9901291831965912,0.07930162550662628,0.11556579413675062,-0.11519690449062567,-0.009226373623232928,0.9932998274567162,0.0798365441275403,-0.996807968578588,0.0,13.36240792083788,-5.299624108653972e-05,1.9378454396701272e-10,2.575216573331677e-05,NONE
3.9999798900680616e-05,0.0011999939670204185,-7.468174203542637,-3.676918014119911,-9.550745261641172,-7.503637597261565,-3.522140556662843,-9.61695124203758,-8.53508503507935,-3.5454527716111857,-9.810456290345199,-6.509135744458549,-3.795091173367986,-9.317292889228096,-0.0005372538699108205,-0.0061966101204494264,0.007830285706657515,0.9647377574384761,-0.11887542940800008,0.23483971481766788,0.9901291831965912,0.07930162550662628,0.11556579413675062,-0.11519690449062567,-0.009226373623232928,0.9932998274567162,0.0798365441275403,-0.996807968578588,0.0,13.36247951462337,-0.00016706632706981272,6.097327087672966e-10,6.070167862660049e-05,NONE
4.9999751354334876e-05,0.0014999925406300463,-7.468174202481394,-3.676918011479867,-9.55074526499768,-7.503637597261565,-3.522140556662843,-9.61695124203758,-8.535084238334694,-3.545450884322939,-9.810458608400271,-6.5091364586313905,-3.795092864824632,-9.317290811918744,-0.0005305016094445568,-0.0061889470162384465,0.00783680384499047,0.9647370379539544,-0.11887713357223469,0.2348418078483464,0.9901291831965912,0.07930162550662628,0.11556579413675062,-0.11519690449062567,-0.009226373623232928,0.9932998274567162,0.0798365441275403,-0.996807968578588,0.0,13.362629661586137,-0.00040682334299194046,1.4819629967632864e-09,0.00011789449354112944,NONE
5.999970017001033e-05,0.0017999910051003098,-7.468174200561368,-3.676918006708793,-9.550745271073339,-7.503637597261565,-3.522140556662843,-9.61695124203758,-8.53508279677702,-3.5454474733906736,-9.810462804287667,-6.509137750791274,-3.7950959218273113,-9.31728705180282,-0.0005237630749736168,-0.006181266699049792,0.007843315917194942,0.9647357361836884,-0.118880213541256,0.23484559642135516,0.9901291831965912,0.07930162550662628,0.11556579413675062,-0.11519690449062567,-0.009226373623232928,0.9932998274567162,0.0798365441275403,-0.996807968578588,0.0,13.362901206271767,-0.000841384995627734,3.0592524069561478e-09,0.0002025785373437569,NONE
6.999965262366459e-05,0.0020999895787099376,-7.468174197415582,-3.676917998900721,-9.550745281032544,-7.503637597261565,-3.522140556662843,-9.61695124203758,-8.535080434805899,-3.5454418908628624,-9.810469682084108,-6.509139867976586,-3.795100925094644,-9.317280888312618,-0.0005170382855251253,-0.006173569190581479,0.007849821904880778,0.9647336032520536,-0.11888525439608663,0.23485180655785245,0.9901291831965912,0.07930162550662628,0.11556579413675062,-0.11519690449062567,-0.009226373623232928,0.9932998274567162,0.0798365441275403,-0.996807968578588,0.0,13.363345930996786,-0.0015546460207810366,5.642235123559658e-09,0.0003198787199427135,NONE
7.999959780136123e-05,0.002399987934040837,-7.468174192614821,-3.6769179869986806,-9.550745296238278,-7.503637597261565,-3.522140556662843,-9.61695124203758,-8.535076830057834,-3.5454333806842313,-9.810480182975153,-6.509143099142518,-3.7951085522321995,-9.317271478011378,-0.0005103272723228811,-0.006165854526577679,0.007856321777839074,0.964730348054912,-0.11889293883236586,0.23486128807798867,0.9901291831965912,0.07930162550662628,0.11556579413675062,-0.11519690449062567,-0.009226373623232928,0.9932998274567162,0.0798365441275403,-0.996807968578588,0.0,13.364024342773762,-0.002645041754411589,9.582196369706253e-09,0.00047479977820820006,NONE
8.999955025501549e-05,0.0026999865076504648,-7.468174185668977,-3.676917969798917,-9.550745318247992,-7.503637597261565,-3.522140556662843,-9.61695124203758,-8.53507161440771,-3.5454210816793985,-9.810495382414109,-6.509147774263421,-3.795119575058519,-9.317257857139305,-0.0005036300494295147,-0.006158122723225145,0.007862815522445147,0.9647256381639476,-0.11890404446624794,0.2348750120356205,0.9901291831965912,0.07930162550662628,0.11556579413675062,-0.11519690449062567,-0.009226373623232928,0.9932998274567162,0.0798365441275403,-0.996807968578588,0.0,13.36500546123231,-0.004225297615698488,1.527987869565095e-08,0.0006722298878557614,NONE
9.999950270866975e-05,0.0029999850812600926,-7.468174176028342,-3.6769179459550925,-9.550745348809494,-7.503637597261565,-3.522140556662843,-9.61695124203758,-8.535064374947218,-3.5454040305257752,-9.810516487252606,-6.509154263455763,-3.795134856940786,-9.31723894418506,-0.0004969466455249431,-0.006150373813588836,0.007869303110900401,0.964719100710217,-0.1189194411500052,0.23489406812740254,0.9901291831965912,0.07930162550662628,0.11556579413675062,-0.11519690449062567,-0.009226373623232928,0.9932998274567162,0.0798365441275403,-0.996807968578588,0.0,13.366366607314413,-0.00642215549101994,2.3184343334037294e-08,0.0009169457602913115,NONE
0.0001099994478863664,0.003299983436590992,-7.46817416308486,-3.676917913982467,-9.550745389856745,-7.503637597261565,-3.522140556662843,-9.61695124203758,-8.535054654929725,-3.5453811647262667,-9.810544832859824,-6.509162976131167,-3.7951553501306217,-9.3172135424673,-0.0004902770891995184,-0.006142607830845076,0.007875784515445993,0.9647103232374088,-0.11894008828778817,0.23491966209167728,0.9901291831965912,0.07930162550662628,0.11556579413675062,-0.11519690449062567,-0.009226373623232928,0.9932998274567162,0.0798365441275403,-0.996807968578588,0.0,13.368193193045279,-0.009376077128794716,3.379188662222532e-08,0.0012136183862437575,NONE
0.00011999940034002066,0.0035999820102006197,-7.46817414617331,-3.6769178722620905,-9.55074544350572,-7.503637597261565,-3.522140556662843,-9.61695124203758,-8.535041954673956,-3.54535132556903,-9.81058188022127,-6.50917436018635,-3.79518209311154,-9.317180342734686,-0.0004836213944293472,-0.006134824791287402,0.00788225972249566,0.9646988545179074,-0.11896703216309996,0.2349531130888488,0.9901291831965912,0.07930162550662628,0.11556579413675062,-0.11519690449062567,-0.009226373623232928,0.9932998274567162,0.0798365441275403,-0.996807968578588,0.0,13.370578513024766,-0.013240916491499256,4.7645011491681544e-08,0.001566820231313302,NONE
0.0001299993455177173,0.003899980365531519,-7.468174124572431,-3.676917819044969,-9.550745512050101,-7.503637597261565,-3.522140556662843,-9.61695124203758,-8.53502573242037,-3.5453132610721405,-9.810629213004553,-6.509188901235458,-3.7952162079599208,-9.317137925795269,-0.00047697959454788314,-0.006127024733877642,0.007888728699623907,0.9646842053261487,-0.11900140327989538,0.2349958510520407,0.9901291831965912,0.07930162550662628,0.11556579413675062,-0.11519690449062567,-0.009226373623232928,0.9932998274567162,0.0798365441275403,-0.996807968578588,0.0,13.373623537736025,-0.018183553295719492,6.53314913279246e-08,0.0019810332136377846,NONE
0.00013999930524732918,0.004199979157419875,-7.4681740975059325,-3.6769177524562293,-9.550745597957105,-7.503637597261565,-3.522140556662843,-9.61695124203758,-8.5350054051378,-3.5452656289780284,-9.810688534596856,-6.5092071218869165,-3.7952588976612374,-9.317084765171566,-0.0004703516986521747,-0.0061192076692906825,0.007895191437972175,0.9646658491670878,-0.11904441365867079,0.23504941401204335,0.9901291831965912,0.07930162550662628,0.11556579413675062,-0.11519690449062567,-0.009226373623232928,0.9932998274567162,0.0798365441275403,-0.996807968578588,0.0,13.377436706240282,-0.024383490634211375,8.748350488474443e-08,0.002460659601634675,NONE
0.00014999925042502582,0.004499977512750775,-7.468174064143443,-3.676917670499246,-9.550745703863017,-7.503637597261565,-3.522140556662843,-9.61695124203758,-8.534980349243,-3.5452069996504605,-9.810761665152679,-6.5092295810984275,-3.7953114435138224,-9.317019229745837,-0.000463737749588445,-0.0061113736480256945,0.00790164789576942,0.9646432229259863,-0.1190973542206486,0.23511544543182958,0.9901291831965912,0.07930162550662628,0.11556579413675062,-0.11519690449062567,-0.009226373623232928,0.9932998274567162,0.0798365441275403,-0.996807968578588,0.0,13.38213372638294,-0.03203240212197338,1.1477690087247083e-07,0.0030100314244547147,NONE
0.00015999919560272247,0.004799975868081674,-7.4681740236012955,-3.6769175710598985,-9.550745832568994,-7.503637597261565,-3.522140556662843,-9.61695124203758,-8.534949901289565,-3.545135859101539,-9.81085053849429,-6.509256873559192,-3.795375202416001,-9.316939586538272,-0.0004571377611861425,-0.0061035226865551176,0.007908098059495473,0.9646157274906542,-0.11916159205450556,0.23519569140762672,0.9901291831965912,0.07930162550662628,0.11556579413675062,-0.11519690449062567,-0.009226373623232928,0.9932998274567162,0.0798365441275403,-0.996807968578588,0.0,13.387837368200401,-0.04133361785412107,1.479305584695112e-07,0.003633424779362117,NONE
0.00016999915533233434,0.00509997465997003,-7.468173974943258,-3.676917451910607,-9.550745987036608,-7.503637597261565,-3.522140556662843,-9.61695124203758,-8.534913358502449,-3.5450506118739,-9.810957199191717,-6.5092896292108335,-3.795451604282965,-9.316844003323313,-0.0004505517473073163,-0.006095654801311977,0.007914541915615225,0.9645827282341023,-0.11923856781384044,0.23529199803257367,0.9901291831965912,0.07930162550662628,0.11556579413675062,-0.11519690449062567,-0.009226373623232928,0.9932998274567162,0.0798365441275403,-0.996807968578588,0.0,13.394677272529641,-0.05250157657858667,1.877058615207261e-07,0.004335073273032563,NONE
0.00017999910051003098,0.0053999730153009295,-7.468173917181022,-3.6769173107145674,-9.55074617038318,-7.503637597261565,-3.522140556662843,-9.61695124203758,-8.53486997930941,-3.544949584039152,-9.811083799289671,-6.509328512770605,-3.795542149359544,-9.316730551562934,-0.00044397975052628646,-0.006087770043125285,0.007920979422480446,0.9645435554946691,-0.1193297930097105,0.2354063084413036,0.9901291831965912,0.07930162550662628,0.11556579413675062,-0.11519690449062567,-0.009226373623232928,0.9932998274567162,0.0798365441275403,-0.996807968578588,0.0,13.402789748470813,-0.06576116405857259,2.349064196494055e-07,0.005119181880484802,NONE
0.00018999904568772763,0.005699971370631829,-7.468173849274623,-3.676917145029928,-9.550746385877604,-7.503637597261565,-3.522140556662843,-9.61695124203758,-8.534818983676159,-3.5448310261790277,-9.811232595365121,-6.509374223430924,-3.7956484055484006,-9.316597209043637,-0.0004374217845849435,-0.00607986842857295,0.007927410566610244,0.9644975048786834,-0.11943684731874897,0.23554066015308736,0.9901291831965912,0.07930162550662628,0.11556579413675062,-0.11519690449062567,-0.009226373623232928,0.9932998274567162,0.0798365441275403,-0.996807968578588,0.0,13.412317585347372,-0.08134705096897717,2.903778035800997e-07,0.005989946902950609,NONE
0.0001999990054173395,0.005999970162520185,-7.468173770132668,-3.6769169523138556,-9.550746636935317,-7.503637597261565,-3.522140556662843,-9.61695124203758,-8.534759553443658,-3.544693116363762,-9.81140594506427,-6.50942749455662,-3.7957720057405036,-9.316441862979788,-0.00043087786325813666,-0.006071949974193614,0.007933835334509271,0.9644438375652562,-0.11956137589368669,0.23569718194499142,0.9901291831965912,0.07930162550662628,0.11556579413675062,-0.11519690449062567,-0.009226373623232928,0.9932998274567162,0.0798365441275403,-0.996807968578588,0.0,13.423409854954006,-0.09950286111716197,3.550075771130423e-07,0.006951571466244573,NONE
0.00020999895059503615,0.0062999685178510845,-7.468173678612319,-3.676916729926826,-9.550746927114036,-7.503637597261565,-3.522140556662843,-9.61695124203758,-8.534690832350732,-3.5445339630404464,-9.811606304330882,-6.509489093664566,-3.79591464522696,-9.316262312496951,-0.00042434802884680066,-0.00606401473114455,0.007940253684652974,0.9643817803267456,-0.11970508675548261,0.2358780913494914,0.9901291831965912,0.07930162550662628,0.11556579413675062,-0.11519690449062567,-0.009226373623232928,0.9932998274567162,0.0798365441275403,-0.996807968578588,0.0,13.436221742526516,-0.12048039216673807,4.2972546410169343e-07,0.008008287587695371,NONE
0.0002199988957727328,0.006599966873181984,-7.468173573519183,-3.6769164751368875,-9.550747260108581,-7.503637597261565,-3.522140556662843,-9.61695124203758,-8.534611926222468,-3.5443516081903534,-9.811836223497872,-6.509559822254125,-3.7960780788690136,-9.316056272135317,-0.0004178322950050674,-0.0060560627161083905,0.00794666560360059,0.9643105256992106,-0.11986974794221911,0.23608569112502653,0.9901291831965912,0.07930162550662628,0.11556579413675062,-0.11519690449062567,-0.009226373623232928,0.9932998274567162,0.0798365441275403,-0.996807968578588,0.0,13.450914339079114,-0.14453856963886635,5.155037214876756e-07,0.009164375356301033,NONE
0.00022999885550234467,0.00689996566507034,-7.4681734536068545,-3.676916185123697,-9.550747639746676,-7.503637597261565,-3.522140556662843,-9.61695124203758,-8.534521902749175,-3.5441440303312386,-9.812098344341624,-6.509640516004966,-3.7962641184069597,-9.315821374489564,-0.0004113306754197936,-0.006048093945728964,0.007953071077896699,0.9642292317829562,-0.12005718479796233,0.23632236659621958,0.9901291831965912,0.07930162550662628,0.11556579413675062,-0.11519690449062567,-0.009226373623232928,0.9932998274567162,0.0798365441275403,-0.996807968578588,0.0,13.467654473692164,-0.17194249260136685,6.133577574729543e-07,0.010424188808424103,NONE
0.0002399988006800413,0.007199964020401239,-7.468173317576404,-3.6769158569827836,-9.550748069983145,-7.503637597261565,-3.522140556662843,-9.61695124203758,-8.534419791153692,-3.5439091472486166,-9.812395396777106,-6.509732045075159,-3.796474630013115,-9.315555173168585,-0.0004048432121177115,-0.00604010847149017,0.00795947006614177,0.9641370219421586,-0.12026927750690393,0.23659058267072433,0.9901291831965912,0.07930162550662628,0.11556579413675062,-0.11519690449062567,-0.009226373623232928,0.9932998274567162,0.0798365441275403,-0.996807968578588,0.0,13.486614554078415,-0.20296229844571498,7.243469664075519e-07,0.011792174739803592,NONE
0.0002499987604096532,0.007499962812289596,-7.468173164075469,-3.6769154877297536,-9.55074855489548,-7.503637597261565,-3.522140556662843,-9.61695124203758,-8.534304581850398,-3.5436448193647583,-9.812730195197826,-6.509835314405959,-3.796711531271443,-9.31525514607705,-0.0003983699092497087,-0.006032106298528182,0.007965862564235662,0.9640329844973516,-0.12050795805080222,0.2368928805337033,0.9901291831965912,0.07930162550662628,0.11556579413675062,-0.11519690449062567,-0.009226373623232928,0.9932998274567162,0.0798365441275403,-0.996807968578588,0.0,13.507972374683183,-0.2378719496289888,8.495758070381498e-07,0.01327290325186219,NONE
0.0002599986910354346,0.007799960731063038,-7.468172991697119,-3.6769150743048398,-9.550749098678496,-7.503637597261565,-3.522140556662843,-9.61695124203758,-8.534175225965154,-3.543348852755643,-9.813105634456374,-6.5099512641511526,-3.7969767884742662,-9.314918699018337,-0.0003919108180524547,-0.006024087490219153,0.00797224852157288,0.9639161722923814,-0.1207752074850586,0.23723187401811252,0.9901291831965912,0.07930162550662628,0.11556579413675062,-0.11519690449062567,-0.009226373623232928,0.9932998274567162,0.0798365441275403,-0.996807968578588,0.0,13.531910937011189,-0.2769478311377502,9.901951933954933e-07,0.014871089834620488,NONE
0.0002699986507650465,0.008099959522951394,-7.468172798978602,-3.676914613576879,-9.550749705639335,-7.503637597261565,-3.522140556662843,-9.61695124203758,-8.534030634373265,-3.5430190021757797,-9.813524687028487,-6.510080870539477,-3.7972724139108367,-9.314543168234216,-0.0003854659238509752,-0.006016052028393483,0.007978627952651475,0.9637856018256135,-0.1210730532071701,0.23761024704489087,0.9901291831965912,0.07930162550662628,0.11556579413675062,-0.11519690449062567,-0.009226373623232928,0.9932998274567162,0.0798365441275403,-0.996807968578588,0.0,13.558618309726445,-0.32046749968991795,1.14740398515778e-06,0.016591627113756603,NONE
0.00027999861049465835,0.00839995831483975,-7.468172584399698,-3.6769141023480882,-9.550750380192001,-7.503637597261565,-3.522140556662843,-9.61695124203758,-8.533869676734838,-3.5426529741468493,-9.813990399397477,-6.5102251467385805,-3.797600463100043,-9.314125823644513,-0.0003790352683664759,-0.006007999964894666,0.007985000816212246,0.9636402523791701,-0.12140356616818748,0.23803075035855406,0.9901291831965912,0.07930162550662628,0.11556579413675062,-0.11519690449062567,-0.009226373623232928,0.9932998274567162,0.0798365441275403,-0.996807968578588,0.0,13.588287470618441,-0.36870821335683235,1.3224508794706935e-06,0.018439609093899172,NONE
0.00028999854112043977,0.008699956233613193,-7.468172346380729,-3.6769135373572466,-9.550751126852136,-7.503637597261565,-3.522140556662843,-9.61695124203758,-8.533691180646162,-3.542248430235892,-9.81450588722314,-6.510385143614072,-3.7979630318497146,-9.313663873179806,-0.0003726188931021318,-0.005999931351820662,0.007991367071096376,0.963479065253376,-0.12176885791134415,0.23849619716349266,0.9901291831965912,0.07930162550662628,0.11556579413675062,-0.11519690449062567,-0.009226373623232928,0.9932998274567162,0.0798365441275403,-0.996807968578588,0.0,13.621116112048952,-0.42194517950395993,1.5166367290930793e-06,0.020420365700142797,NONE
0.00029999850085005164,0.00899995502550155,-7.468172083280282,-3.676912915285608,-9.550751950229968,-7.503637597261565,-3.522140556662843,-9.61695124203758,-8.533493930010833,-3.5418029897228123,-9.815074332486496,-6.510561951189382,-3.7983622538700486,-9.31315446533461,-0.00036621678348237814,-0.0059918461708856575,0.007997726731756243,0.9633009422959283,-0.12217107816535065,0.23900946054851635,0.9901291831965912,0.07930162550662628,0.11556579413675062,-0.11519690449062567,-0.009226373623232928,0.9932998274567162,0.0798365441275403,-0.996807968578588,0.0,13.657306536725663,-0.48045005203272334,1.7313171376542869e-06,0.022539486478695483,NONE
0.0003099984605796635,0.009299953817389905,-7.468171793392716,-3.6769122327612207,-9.55075285502713,-7.503637597261565,-3.522140556662843,-9.61695124203758,-8.533276663841232,-3.5413142337954877,-9.815698978780768,-6.510756699718364,-3.79880029701086,-9.312594693394248,-0.0003598289809510713,-0.005983744474256476,0.008004079757060549,0.9631047448204134,-0.12261241105493911,0.23957346923167644,0.9901291831965912,0.07930162550662628,0.11556579413675062,-0.11519690449062567,-0.009226373623232928,0.9932998274567162,0.0798365441275403,-0.996807968578588,0.0,13.697065438260204,-0.5444891898274625,1.9679049678700267e-06,0.0248028570056186,NONE
0.00031999839120544493,0.009599951736163348,-7.468171474945879,-3.6769114863612016,-9.550753846028472,-7.503637597261565,-3.522140556662843,-9.61695124203758,-8.533038074188767,-3.5407797079859225,-9.816383128303622,-6.510970561541456,-3.799279361076055,-9.31198159812295,-0.00035345552673291344,-0.005975626314352782,0.008010426105979584,0.9628892917368141,-0.12309507290006319,0.24019120484793896,0.9901291831965912,0.07930162550662628,0.11556579413675062,-0.11519690449062567,-0.009226373623232928,0.9932998274567162,0.0798365441275403,-0.996807968578588,0.0,13.740603815542228,-0.6143220003875286,2.2278733524672134e-06,0.027216689821618942,NONE
0.0003299983509350568,0.009899950528051704,-7.468171126097135,-3.676910672619921,-9.550754928098884,-7.503637597261565,-3.522140556662843,-9.61695124203758,-8.532776804322319,-3.540196924899043,-9.81713013704962,-6.5112047527155195,-3.7998016753862847,-9.311312172079282,-0.0003470964063522226,-0.00596749167277333,0.008016765792919442,0.9626533579079994,-0.12362130975582925,0.24086569760492366,0.9901291831965912,0.07930162550662628,0.11556579413675062,-0.11519690449062567,-0.009226373623232928,0.9932998274567162,0.0798365441275403,-0.996807968578588,0.0,13.788136828444943,-0.6901989401769657,2.512759353479055e-06,0.029787554847727507,NONE
0.0003399983106646687,0.01019994931994006,-7.468170744930634,-3.6769097880303674,-9.550756106171919,-7.503637597261565,-3.522140556662843,-9.61695124203758,-8.53249144714147,-3.5395633698447857,-9.817943409623565,-6.511460534434985,-3.80036949371889,-9.310583364256813,-0.000340751660974078,-0.005959340602006421,0.008023098776878103,0.9623956727173744,-0.12419339232100209,0.24160002160321573,0.9901291831965912,0.07930162550662628,0.11556579413675062,-0.11519690449062567,-0.009226373623232928,0.9932998274567162,0.0798365441275403,-0.996807968578588,0.0,13.839883517332147,-0.7723597582245599,2.8241678737828124e-06,0.03252241098663212,NONE
0.0003499982412904501,0.010499947238713503,-7.4681703294527635,-3.6769088290491494,-9.550757385249797,-7.503637597261565,-3.522140556662843,-9.61695124203758,-8.532180542150718,-3.5388765014523558,-9.818826396292486,-6.5117392157430825,-3.800985093765245,-9.309792082734045,-0.00033442133154350625,-0.005951173154791932,0.008029425016956197,0.9621149173369693,-0.1248136153870903,0.2423972921706857,0.9901291831965912,0.07930162550662628,0.11556579413675062,-0.11519690449062567,-0.009226373623232928,0.9932998274567162,0.0798365441275403,-0.996807968578588,0.0,13.8960668167538,-0.8610315979978816,3.1637757569313862e-06,0.03542864140912825,NONE
0.00035999820102006197,0.010799946030601859,-7.468169877589875,-3.676907792105136,-9.550758770393857,-7.503637597261565,-3.522140556662843,-9.61695124203758,-8.531842572846099,-3.538133756142858,-9.819782589372474,-6.51204215587666,-3.8016507731267546,-9.308935197904152,-0.0003281054036850595,-0.0059429893126137215,0.00803574452751305,0.9618097223663992,-0.12548429380185552,0.24326066260396356,0.9901291831965912,0.07930162550662628,0.11556579413675062,-0.11519690449062567,-0.009226373623232928,0.9932998274567162,0.0798365441275403,-0.996807968578588,0.0,13.95691338188584,-0.956427421214747,3.5333344623467156e-06,0.038514088248592475,NONE
0.00036999816074967384,0.011099944822490215,-7.468169387180782,-3.676906673597638,-9.550760266717278,-7.503637597261565,-3.522140556662843,-9.61695124203758,-8.531475965077899,-3.5373325532322517,-9.820815515127105,-6.512370765723694,-3.8023688447243833,-9.30800954974359,-0.00032180391828389495,-0.005934789128279821,0.008042057267677389,0.9614786663591448,-0.12620775785339594,0.2441933168492925,0.9901291831965912,0.07930162550662628,0.11556579413675062,-0.11519690449062567,-0.009226373623232928,0.9932998274567162,0.0798365441275403,-0.996807968578588,0.0,14.02265326009888,-1.0587437023030646,3.934678476369413e-06,0.04178707291816918,NONE
0.00037999809137545526,0.011399942741263658,-7.46816885597585,-3.6769054699077754,-9.550761879376894,-7.503637597261565,-3.522140556662843,-9.61695124203758,-8.531079082814275,-3.5364702951349183,-9.821928732508958,-6.512726511629602,-3.803141636637264,-9.307011948927803,-0.00031551691600397515,-0.005926572654848616,0.008048363196681445,0.9611202719927012,-0.12698635309635498,0.24519846837197792,0.9901291831965912,0.07930162550662628,0.11556579413675062,-0.11519690449062567,-0.009226373623232928,0.9932998274567162,0.0798365441275403,-0.996807968578588,0.0,14.093519983047873,-1.1681589145689542,4.369726255504247e-06,0.045256443537864954,NONE
0.00038999805110506713,0.011699941533152014,-7.468168281628581,-3.6769041773984794,-9.550763613574107,-7.503637597261565,-3.522140556662843,-9.61695124203758,-8.53065022577432,-3.5355443739085457,-9.823125826794517,-6.513110917508895,-3.8039714862195453,-9.305939182554498,-0.0003092443825706859,-0.005918339873689748,0.008054662328837277,0.9607330039359167,-0.1278224344338092,0.24627935440000823,0.9901291831965912,0.07930162550662628,0.11556579413675062,-0.11519690449062567,-0.009226373623232928,0.9932998274567162,0.0798365441275403,-0.996807968578588,0.0,14.169750228648107,-1.2848318480220544,4.840488456281378e-06,0.048931600712783345,NONE
0.000399998010834679,0.01199994032504037,-7.468167661692436,-3.6769027924217665,-9.550765474536691,-7.503637597261565,-3.522140556662843,-9.61695124203758,-8.530187625713834,-3.534552173099107,-9.824410405180735,-6.513525568177826,-3.804860738455771,-9.304788018067306,-0.0003029863585877793,-0.005910090837929342,0.008060954623405578,0.9603152654933371,-0.12871836445555415,0.2474392319587757,0.9901291831965912,0.07930162550662628,0.11556579413675062,-0.11519690449062567,-0.009226373623232928,0.9932998274567162,0.0798365441275403,-0.996807968578588,0.0,14.251583752478364,-1.4088998747525776,5.349072612403916e-06,0.05282251862601012,NONE
0.0004099979414604604,0.012299938243813813,-7.468166993615372,-3.676901311325106,-9.550767467517888,-7.503637597261565,-3.522140556662843,-9.61695124203758,-8.529689443084651,-3.5334910720564126,-9.825786091277042,-6.513972112346933,-3.805811742093749,-9.303555208205166,-0.00029674288443690204,-0.005901825600942476,0.008067240039751615,0.959865395589389,-0.1296765095415887,0.2486813728913698,0.9901291831965912,0.07930162550662628,0.11556579413675062,-0.11519690449062567,-0.009226373623232928,0.9932998274567162,0.0798365441275403,-0.996807968578588,0.0,14.339263176475539,-1.5404774086043616,5.897688126310641e-06,0.056939793386274085,NONE
0.0004199979011900723,0.012599937035702169,-7.46816627473257,-3.6768997304523294,-9.55076959778731,-7.503637597261565,-3.522140556662843,-9.61695124203758,-8.529153764031186,-3.532358452062576,-9.827256518385765,-6.514452265307006,-3.8068268441374467,-9.30223749702522,-0.0002905139459446773,-0.005893544143985167,0.008073518592139681,0.9593816660591328,-0.13069923432136685,0.2500090577907355,0.9901291831965912,0.07930162550662628,0.11556579413675062,-0.11519690449062567,-0.009226373623232928,0.9932998274567162,0.0798365441275403,-0.996807968578588,0.0,14.433033660790171,-1.6796544996440501,6.488654472391886e-06,0.061294658516324554,NONE
0.00042999786091968417,0.012899935827590525,-7.468165502260521,-3.6768980461536342,-9.550771870625484,-7.503637597261565,-3.522140556662843,-9.61695124203758,-8.528578594527373,-3.531151694582656,-9.828825328833691,-6.514967814188123,-3.807908391438472,-9.30083162049332,-0.00028429958343215557,-0.005885246520499997,0.008079790239963731,0.9588622763520237,-0.13178890326467427,0.25142557540017646,0.9901291831965912,0.07930162550662628,0.11556579413675062,-0.11519690449062567,-0.009226373623232928,0.9932998274567162,0.0798365441275403,-0.996807968578588,0.0,14.533143104953979,-1.8264958153597874,7.12440686712057e-06,0.06589900069590161,NONE
0.0004399977915454656,0.013199933746363968,-7.46816467329248,-3.6768962547892228,-9.550774291312935,-7.503637597261565,-3.522140556662843,-9.61695124203758,-8.52796185862888,-3.5298681899351676,-9.830496162047167,-6.515520619522087,-3.8090587229091244,-9.299334317182497,-0.00027809983699730715,-0.005876932784176991,0.00808605494272335,0.9583053519556152,-0.1329478728447414,0.25293421184031867,0.9901291831965912,0.07930162550662628,0.11556579413675062,-0.11519690449062567,-0.009226373623232928,0.9932998274567162,0.0798365441275403,-0.996807968578588,0.0,14.639841550274527,-1.981038942391812,7.807501757994828e-06,0.07076541926681362,NONE
0.00044999775127507746,0.013499932538252324,-7.468163784790735,-3.676894352733849,-9.550776865119277,-7.503637597261565,-3.522140556662843,-9.61695124203758,-8.52730139320087,-3.528505340436848,-9.8322726525647,-6.516112619966929,-3.8102801667042163,-9.297742330038702,-0.00027191469256863086,-0.005868602916159281,0.008092312714634668,0.9577089396352103,-0.13417848869874677,0.25453824882190434,0.9901291831965912,0.07930162550662628,0.11556579413675062,-0.11519690449062567,-0.009226373623232928,0.9932998274567162,0.0798365441275403,-0.996807968578588,0.0,14.75338111996181,-2.143294077608642,8.540625374919841e-06,0.07590722047703453,NONE
0.00045999771100468934,0.01379993133014068,-7.468162833576602,-3.6768923363840953,-9.550779597303206,-7.503637597261565,-3.522140556662843,-9.61695124203758,-8.526594943244248,-3.5270605635957124,-9.834158424946217,-6.5167458364891075,-3.811575037364682,-9.29605241095684,-0.00026574419018326415,-0.0058602569702040225,0.008098563515226231,0.957071003216733,-0.13548308274712828,0.2562409590425602,0.9901291831965912,0.07930162550662628,0.11556579413675062,-0.11519690449062567,-0.009226373623232928,0.9932998274567162,0.0798365441275403,-0.996807968578588,0.0,14.874015863505678,-2.3132433820365828,9.326603054304883e-06,0.08133844595969564,NONE
0.00046999764163047075,0.014099929248914123,-7.468161816331334,-3.676890202163828,-9.550782493094319,-7.503637597261565,-3.522140556662843,-9.61695124203758,-8.525840158439816,-3.5255312992407073,-9.836157085532575,-6.517422375471671,-3.812945629419141,-9.294261328153537,-0.0002595883696541158,-0.005851895000314513,0.008104807304133165,0.9563894204610217,-0.136863966751635,0.258045598751923,0.9901291831965912,0.07930162550662628,0.11556579413675062,-0.11519690449062567,-0.009226373623232928,0.9932998274567162,0.0798365441275403,-0.996807968578588,0.0,15.002001329417006,-2.4908404615827933,1.0168400017107615e-05,0.08707390622574196,NONE
0.0004799976013600826,0.014399928040802479,-7.468160729579753,-3.6768879465260182,-9.550785557687648,-7.503637597261565,-3.522140556662843,-9.61695124203758,-8.52503458736426,-3.5239150049037313,-9.838272216042183,-6.518144433882381,-3.814394221538421,-9.292365871912736,-0.0002534472170118586,-0.005843516987521561,0.008111044095522903,0.9556619778485138,-0.13832343649270948,0.259955401966403,0.9901291831965912,0.07930162550662628,0.11556579413675062,-0.11519690449062567,-0.009226373623232928,0.9932998274567162,0.0798365441275403,-0.996807968578588,0.0,15.137594708287377,-2.67600916203187,1.1069138055930239e-05,0.09312916511602078,NONE
0.0004899975610896945,0.014699926832690835,-7.468159569690246,-3.676885565967292,-9.55078879623821,-7.503637597261565,-3.522140556662843,-9.61695124203758,-8.52417567445043,-3.5222091750258597,-9.840507369065707,-6.518914302006094,-3.8159230592988562,-9.290362858625109,-0.00024732077200843926,-0.005835122985895267,0.008117273849059895,0.9548863678306365,-0.13986375441571272,0.2619735764002848,0.9901291831965912,0.07930162550662628,0.11556579413675062,-0.11519690449062567,-0.009226373623232928,0.9932998274567162,0.0798365441275403,-0.996807968578588,0.0,15.28105397706234,-2.868645524714818,1.203209501454694e-05,0.09952059066484381,NONE
0.0004999975208193064,0.014999925624579191,-7.468158332864763,-3.67688305703157,-9.550792213842813,-7.503637597261565,-3.522140556662843,-9.61695124203758,-8.523260753556174,-3.5204113296110005,-9.842866059364605,-6.519734369206686,-3.8175343653883402,-9.288249138575193,-0.00024120905640466717,-0.005826713025250766,0.008123496542616317,0.9540601830235655,-0.1414871598939712,0.26410329561400575,0.9901291831965912,0.07930162550662628,0.11556579413675062,-0.11519690449062567,-0.009226373623232928,0.9932998274567162,0.0798365441275403,-0.996807968578588,0.0,15.43263826381695,-3.0686159994000373,1.3060716511859027e-05,0.10626534436388078,NONE
0.0005099974223412573,0.01529992267023772,-7.468157015126994,-3.6768804163064273,-9.550795815540058,-7.503637597261565,-3.522140556662843,-9.61695124203758,-8.52228704425271,-3.5185190336003402,-9.845351761043746,-6.5206071272409725,-3.8192303221838664,-9.286021598482918,-0.0002351121273539439,-0.0058182871845528575,0.008129712117930876,0.9531809128627321,-0.1431958517064412,0.26634769645753686,0.9901291831965912,0.07930162550662628,0.11556579413675062,-0.11519690449062567,-0.009226373623232928,0.9932998274567162,0.0798365441275403,-0.996807968578588,0.0,15.592607032089862,-3.2757602168790556,1.4158627926974532e-05,0.11338137547372588,NONE
0.0005199973820708692,0.015599921462126076,-7.468155612324185,-3.676877640441286,-9.550799606295785,-7.503637597261565,-3.522140556662843,-9.61695124203758,-8.521251649005544,-3.5165298888973826,-9.847967886853397,-6.521535172796199,-3.8210130789547074,-9.283677180081263,-0.000229029935535813,-0.005809845395637246,0.008135920625284903,0.9522459410520692,-0.1449919952653928,0.2687098603676831,0.9901291831965912,0.07930162550662628,0.11556579413675062,-0.11519690449062567,-0.009226373623232928,0.9932998274567162,0.0798365441275403,-0.996807968578588,0.0,15.761219916940217,-3.4898881662558896,1.5329632848448682e-05,0.12088746655286749,NONE
0.0005299973418004811,0.015899920254014432,-7.46815412011077,-3.676874726158327,-9.550803590984886,-7.503637597261565,-3.522140556662843,-9.61695124203758,-8.520151543387374,-3.514441549785562,-9.85071780455533,-6.522521216256508,-3.8228847380243565,-9.281212865370327,-0.00022296253808564266,-0.005801387737488258,0.008142122006425823,0.9512525367289842,-0.14687770868514008,0.27119282818333446,0.9901291831965912,0.07930162550662628,0.11556579413675062,-0.11519690449062567,-0.009226373623232928,0.9932998274567162,0.0798365441275403,-0.996807968578588,0.0,15.938736678221222,-3.7107862058989087,1.6577730512779e-05,0.12880318191935708,NONE
0.000539997301530093,0.01619991904590279,-7.4681525339483725,-3.676871670241577,-9.550807774391304,-7.503637597261565,-3.522140556662843,-9.61695124203758,-8.518983574880263,-3.5122517192358838,-9.85360481204792,-6.52356808277967,-3.8248473580688365,-9.278625698977221,-0.00021690995655455444,-0.005792914240147012,0.008148316239326546,0.9501978533812346,-0.14885506611092988,0.273799577652714,0.9901291831965912,0.07930162550662628,0.11556579413675062,-0.11519690449062567,-0.009226373623232928,0.9932998274567162,0.0798365441275403,-0.996807968578588,0.0,16.125416714783185,-3.9382145204351695,1.7907116673043788e-05,0.13714889430680666,NONE
0.0005499972612597048,0.016499917837791145,-7.468150849091248,-3.6768684695587366,-9.550812161197117,-7.503637597261565,-3.522140556662843,-9.61695124203758,-8.517744459839914,-3.5099581642512865,-9.856632129685913,-6.524678714998222,-3.8269029403652164,-9.27591279503903,-0.0002108722124410263,-0.005784424933710959,0.0081545033019855,0.9490789261150918,-0.15092608386377612,0.27653301649851586,0.9901291831965912,0.07930162550662628,0.11556579413675062,-0.11519690449062567,-0.009226373623232928,0.9932998274567162,0.0798365441275403,-0.996807968578588,0.0,16.321518272498416,-4.171909702498685,1.9322197536197905e-05,0.1459457804427012,NONE
0.0005599972209893167,0.0167999166296795,-7.4681490605826495,-3.676865121068455,-9.550816755957074,-7.503637597261565,-3.522140556662843,-9.61695124203758,-8.516430775147251,-3.5075587052717423,-9.859802896986585,-6.525856180516909,-3.8290534383291015,-9.273071340115276,-0.0002048493271909676,-0.005775919848333742,0.008160683172426453,0.9478926641096865,-0.15309273002731388,0.27939597946252787,0.9901291831965912,0.07930162550662628,0.11556579413675062,-0.11519690449062567,-0.009226373623232928,0.9932998274567162,0.0798365441275403,-0.996807968578588,0.0,16.52729892869865,-4.411585522915047,2.082759573340809e-05,0.15521577992524632,NONE
0.0005699971225112677,0.01709991367533803,-7.468147163254829,-3.676861621813056,-9.550821563102234,-7.503637597261565,-3.522140556662843,-9.61695124203758,-8.515038954236983,-3.5050512389082686,-9.863120172079327,-6.5271036754825715,-3.8313007370653827,-9.270098593689594,-0.00019884135711885676,-0.005767399063875665,0.008166855792793205,0.9466358470259104,-0.15535690388434006,0.2823912278046349,0.9901291831965912,0.07930162550662628,0.11556579413675062,-0.11519690449062567,-0.009226373623232928,0.9932998274567162,0.0798365441275403,-0.996807968578588,0.0,16.74301471528435,-4.656937720442711,2.2428150471043296e-05,0.16498157604760627,NONE
0.0005799970822408795,0.017399912467226386,-7.4681451517053885,-3.6768579689549155,-9.550826586925412,-7.503637597261565,-3.522140556662843,-9.61695124203758,-8.513565289218114,-3.5024337416737428,-9.866586900912111,-6.528424522633134,-3.833646650083712,-9.266991915822167,-0.00019284825363440972,-0.005758862511393119,0.008173021213014393,0.9453051269452285,-0.1577204325761759,0.28552142147140136,0.9901291831965912,0.07930162550662628,0.11556579413675062,-0.11519690449062567,-0.009226373623232928,0.9932998274567162,0.0798365441275403,-0.996807968578588,0.0,16.96891910713235,-4.907642380417388,2.4128939749346046e-05,0.1752666003227894,NONE
0.0005899970419704914,0.017699911259114742,-7.468143020308193,-3.67685415974736,-9.550831831552076,-7.503637597261565,-3.522140556662843,-9.61695124203758,-8.512005915184305,-3.4997042540343273,-9.870205935817696,-6.529822185421632,-3.836092933579297,-9.263748750405457,-0.00018687007303400187,-0.00575031027076571,0.008179179375242662,0.9438970141727011,-0.1601850854976044,0.28878913591059,0.9901291831965912,0.07930162550662628,0.11556579413675062,-0.11519690449062567,-0.009226373623232928,0.9932998274567162,0.0798365441275403,-0.996807968578588,0.0,17.20526445289364,-5.163360004209197,2.5935275218103016e-05,0.18609497660642121,NONE
0.0005999970017001033,0.0179999100510031,-7.468140763197002,-3.6768501915783203,-9.550837300954898,-7.503637597261565,-3.522140556662843,-9.61695124203758,-8.510356818509903,-3.4968609188654987,-9.87398000414509,-6.531300260527882,-3.838641251947952,-9.260366653388767,-0.00018090683655194387,-0.005741742372370544,0.008185330257604423,0.9424078847533434,-0.16275253956307295,0.2921968336934872,0.9901291831965912,0.07930162550662628,0.11556579413675062,-0.11519690449062567,-0.009226373623232928,0.9932998274567162,0.0798365441275403,-0.996807968578588,0.0,17.452299439382937,-5.423737677748302,2.785271325400629e-05,0.19749149327946727,NONE
0.0006099969614297152,0.018299908842891455,-7.468138374263648,-3.676846061963057,-9.550842998902825,-7.503637597261565,-3.522140556662843,-9.61695124203758,-8.508613824725636,-3.4939019650182814,-9.877911715303103,-6.532862488753482,-3.841293192544476,-9.256843286350145,-0.0001749585653694577,-0.0057331588466402305,0.008191473838252052,0.9408339695105492,-0.1654243940600928,0.2957468709299801,0.9901291831965912,0.07930162550662628,0.11556579413675062,-0.11519690449062567,-0.009226373623232928,0.9932998274567162,0.0798365441275403,-0.996807968578588,0.0,17.710270195545714,-5.688411494039888,2.988706321005452e-05,0.20948152650437227,NONE
0.000619996921159327,0.01859990763477981,-7.468135847152584,-3.6768417685368844,-9.550848929004731,-7.503637597261565,-3.522140556662843,-9.61695124203758,-8.506772602601517,-3.490825721377048,-9.882003532322097,-6.53451275134135,-3.84405025303238,-9.253176442142214,-0.00016902528061455604,-0.005724559724062893,0.008197610095363716,0.9391713577429364,-0.1682021579311107,0.2994414715142296,0.9901291831965912,0.07930162550662628,0.11556579413675062,-0.11519690449062567,-0.009226373623232928,0.9932998274567162,0.0798365441275403,-0.996807968578588,0.0,17.97941891112349,-5.957006978200213,3.204438836235113e-05,0.2220910382699431,NONE
0.000629996822681278,0.01889990468043834,-7.468133175257239,-3.6768373090951867,-9.55085509462211,-7.503637597261565,-3.522140556662843,-9.61695124203758,-8.504828650255803,-3.487630625211896,-9.886257798487373,-6.536255082455386,-3.8469138339519855,-9.249364020785814,-0.0001631070377557013,-0.005715945085384093,0.008203738971495764,0.937415984666865,-0.1710872422571854,0.30328275128645693,0.9901291831965912,0.07930162550662628,0.11556579413675062,-0.11519690449062567,-0.009226373623232928,0.9932998274567162,0.0798365441275403,-0.996807968578588,0.0,18.259984556024317,-6.229146738253707,3.433101642436043e-05,0.2353465216935401,NONE
0.0006399967824108899,0.019199903472326696,-7.468130351716385,-3.67683268159342,-9.550861498920002,-7.503637597261565,-3.522140556662843,-9.61695124203758,-8.50277730964375,-3.484315212485785,-9.89067666545731,-6.538093656149707,-3.849885247433269,-9.245404094180804,-0.00015720378893918757,-0.005707314860890111,0.008209860516217684,0.935563644520973,-0.17408096902261155,0.3072726529888125,0.9901291831965912,0.07930162550662628,0.11556579413675062,-0.11519690449062567,-0.009226373623232928,0.9932998274567162,0.0798365441275403,-0.996807968578588,0.0,18.55220107661819,-6.504442660781491,3.6753537264289093e-05,0.249274849570098,NONE
0.0006499967421405017,0.019499902264215052,-7.468127369403223,-3.6768278841471114,-9.55086814480879,-7.503637597261565,-3.522140556662843,-9.61695124203758,-8.500613745926913,-3.4808781613739996,-9.895262162333575,-6.540032804892729,-3.852965678076531,-9.241294843908824,-0.00015131558961490568,-0.005698669131345365,0.008215974672094771,0.9336099719210396,-0.1771845317631103,0.3114130087736912,0.9901291831965912,0.07930162550662628,0.11556579413675062,-0.11519690449062567,-0.009226373623232928,0.9932998274567162,0.0798365441275403,-0.996807968578588,0.0,18.85629806993159,-6.7825126585561755,3.931882043417545e-05,0.26390329124690026,NONE
0.0006599967018701136,0.01979990105610341,-7.468124220936292,-3.6768229150318588,-9.550875034966028,-7.503637597261565,-3.522140556662843,-9.61695124203758,-8.498332961322191,-3.4773182528228563,-9.900016112265893,-6.542077007139067,-3.85615621840589,-9.237034636238105,-0.0001454424606977061,-0.0056900079274590145,0.008222081417409774,0.9315504543729161,-0.18039903123001597,0.3157054647751375,0.9901291831965912,0.07930162550662628,0.11556579413675062,-0.11519690449062567,-0.009226373623232928,0.9932998274567162,0.0798365441275403,-0.996807968578588,0.0,19.172499875368977,-7.062968535593105,4.203400184898953e-05,0.27925944459832275,NONE
0.0006699966615997255,0.020099899847991765,-7.468120898668562,-3.676817772726987,-9.550882171763677,-7.503637597261565,-3.522140556662843,-9.61695124203758,-8.495929786657959,-3.4736344132863017,-9.904940165721072,-6.544230894898959,-3.859457830536559,-9.232621992080029,-0.0001395844230487896,-0.005681331279994994,0.008228180730471631,0.9293804246471427,-0.1837254367858368,0.320151511257639,0.9901291831965912,0.07930162550662628,0.11556579413675062,-0.11519690449062567,-0.009226373623232928,0.9932998274567162,0.0798365441275403,-0.996807968578588,0.0,19.501025114745605,-7.345427524112758,4.490649953048376e-05,0.2953710310201875,NONE
0.0006799966213293374,0.02039989863988012,-7.468117394691066,-3.67681245589372,-9.550889557326316,-7.503637597261565,-3.522140556662843,-9.61695124203758,-8.493398886866743,-3.469825718604363,-9.910035771641688,-6.546499248807839,-3.8628713426470855,-9.228055613024901,-0.00013374149747592888,-0.005672639219772209,0.008234272589615822,0.9270950657423348,-0.1871645828774871,0.3247524564841842,0.9901291831965912,0.07930162550662628,0.11556579413675062,-0.11519690449062567,-0.009226373623232928,0.9932998274567162,0.0798365441275403,-0.996807968578588,0.0,19.842085795094057,-7.62951158171792,4.794400501495488e-05,0.31226594364303284,NONE
0.0006899965228512883,0.02069989568553865,-7.468113700829266,-3.6768069634188363,-9.550897193458384,-7.503637597261565,-3.522140556662843,-9.61695124203758,-8.490734747761852,-3.4658913670369533,-9.915304186314062,-6.54888701000582,-3.8663974733019693,-9.223334373232436,-0.00012791373859398405,-0.005663931828410813,0.008240356937818777,0.9246893989314435,-0.19071719345953148,0.3295094348007739,0.9901291831965912,0.07930162550662628,0.11556579413675062,-0.11519690449062567,-0.009226373623232928,0.9932998274567162,0.0798365441275403,-0.996807968578588,0.0,20.195889054401466,-7.914848634343821,5.115449190107313e-05,0.32997202125797276,NONE
0.0006999964825809002,0.020999894477427006,-7.468109808653966,-3.676801294378289,-9.550905081644176,-7.503637597261565,-3.522140556662843,-9.61695124203758,-8.487931693812945,-3.4618307267166566,-9.920746437442528,-6.5513992641800884,-3.870036788727612,-9.21845735172513,-0.00012210109929223378,-0.005655209035436099,0.008246433824284076,0.9221582998251692,-0.19438383905283602,0.33442337415114204,0.9901291831965912,0.07930162550662628,0.11556579413675062,-0.11519690449062567,-0.009226373623232928,0.9932998274567162,0.0798365441275403,-0.996807968578588,0.0,20.56263416823584,-8.201074978762367,5.454620792733067e-05,0.34851705034890385,NONE
0.0007099964423105121,0.021299893269315362,-7.468105709466758,-3.6767954480954144,-9.550913223062397,-7.503637597261565,-3.522140556662843,-9.61695124203758,-8.484983892642234,-3.4576433465625547,-9.92636331008358,-6.554041237495674,-3.873789693112488,-9.21342384505959,-0.00011630363416711018,-0.005646470922486998,0.008252503191997213,0.9194965024507428,-0.19816492692853976,0.33949498334475836,0.9901291831965912,0.07930162550662628,0.11556579413675062,-0.11519690449062567,-0.009226373623232928,0.9932998274567162,0.0798365441275403,-0.996807968578588,0.0,20.942511885389777,-8.487836932770476,5.812768308288696e-05,0.36792849985032944,NONE
0.0007199964020401239,0.021599892061203718,-7.4681013943218515,-3.6767894241263788,-9.55092161849885,-7.503637597261565,-3.522140556662843,-9.61695124203758,-8.481885333208233,-3.453328907847839,-9.932155370663164,-6.556818316247357,-3.8776564721150386,-9.20823334557177,-0.00011052136381112212,-0.005637717520600785,0.008258565019399929,0.9166985795051787,-0.2020607448891426,0.3447247738530443,0.9901291831965912,0.07930162550662628,0.11556579413675062,-0.11519690449062567,-0.009226373623232928,0.9932998274567162,0.0798365441275403,-0.996807968578588,0.0,21.33570767749811,-8.774791497846012,6.190771923897387e-05,0.3882335154793319,NONE
0.0007299963617697358,0.021899890853092074,-7.468096854022437,-3.6767832222747314,-9.550930268404644,-7.503637597261565,-3.522140556662843,-9.61695124203758,-8.478629852260957,-3.4488872973749425,-9.938122930723905,-6.559736023072389,-3.8816372271147004,-9.202885574074859,-0.00010475430876295835,-0.005628948860868731,0.008264619284960882,0.9137589662802698,-0.20607139511417052,0.3501130269757363,0.9901291831965912,0.07930162550662628,0.11556579413675062,-0.11519690449062567,-0.009226373623232928,0.9932998274567162,0.0798365441275403,-0.996807968578588,0.0,21.74239767711329,-9.061610497691245,6.589538587498112e-05,0.40945879441099947,NONE
0.0007399963214993477,0.02219988964498043,-7.468092079138873,-3.67677684259868,-9.550939172837987,-7.503637597261565,-3.522140556662843,-9.61695124203758,-8.47521113609774,-3.4443185817412885,-9.944266025389627,-6.562800015406725,-3.8857318983580598,-9.197380499106837,-9.90024895071905e-05,-0.005620164974436528,0.008270665967175371,0.9106719622338166,-0.2101968174365576,0.35565977442037583,0.9901291831965912,0.07930162550662628,0.11556579413675062,-0.11519690449062567,-0.009226373623232928,0.9932998274567162,0.0798365441275403,-0.996807968578588,0.0,22.162749331032757,-9.347977629948975,7.010000820883988e-05,0.43163029471728365,NONE
0.0007499962230212986,0.02249988669063896,-7.46808705998686,-3.6767702854329185,-9.550948331464186,-7.503637597261565,-3.522140556662843,-9.61695124203758,-8.471622713603459,-3.4396230198844853,-9.95058443748058,-6.566016091699676,-3.8899402537235144,-9.191718315253464,-9.326595979828643e-05,-0.005611365943788423,0.00827670500944711,0.9074317247160867,-0.21443677801858527,0.3613648201081511,0.9901291831965912,0.07930162550662628,0.11556579413675062,-0.11519690449062567,-0.009226373623232928,0.9932998274567162,0.0798365441275403,-0.996807968578588,0.0,22.5969221277106,-9.633593822114635,7.453118708511397e-05,0.45477328358480595,NONE
0.0007599961827509105,0.022799885482527316,-7.468081786685647,-3.6767635513886274,-9.550957743497436,-7.503637597261565,-3.522140556662843,-9.61695124203758,-8.467857990446449,-3.434801081979632,-9.95707762316338,-6.569390160785975,-3.8942618717346225,-9.185899509870497,-8.754467327456188e-05,-0.005602551697698086,0.00828273646060759,0.9040322998383209,-0.21879085226428122,0.36722767299661097,0.9901291831965912,0.07930162550662628,0.11556579413675062,-0.11519690449062567,-0.009226373623232928,0.9932998274567162,0.0798365441275403,-0.996807968578588,0.0,23.045064403539733,-9.918172091387163,7.919874806994187e-05,0.47891187753436065,NONE
0.0007699961424805224,0.023099884274415672,-7.468076249114378,-3.6767566413971293,-9.550967407759034,-7.503637597261565,-3.522140556662843,-9.61695124203758,-8.463910214389331,-3.429853424558536,-9.963744788423547,-6.572928272984728,-3.898696164008154,-9.179924794453594,-8.183868367189585e-05,-0.005593722318668288,0.008288760264069805,0.9004675911450492,-0.22325844735696082,0.3732476161761676,0.9901291831965912,0.07930162550662628,0.11556579413675062,-0.11519690449062567,-0.009226373623232928,0.9932998274567162,0.0798365441275403,-0.996807968578588,0.0,23.507317640195044,-10.201444894889915,8.411277447883947e-05,0.5040693688409024,NONE
0.0007799961022101343,0.023399883066304028,-7.468070436977572,-3.676749556666233,-9.550977322619163,-7.503637597261565,-3.522140556662843,-9.61695124203758,-8.459772530006976,-3.4247809488329444,-9.970584794211835,-6.576636571038179,-3.9032423227448625,-9.173795189791074,-7.61480112580122e-05,-0.005584877838060313,0.00829477639843734,0.8967314090327602,-0.22783874948186564,0.3794236211527431,0.9901291831965912,0.07930162550662628,0.11556579413675062,-0.11519690449062567,-0.009226373623232928,0.9932998274567162,0.0798365441275403,-0.996807968578588,0.0,23.983810814694383,-10.483159882170524,8.928355273774002e-05,0.5302674608143473,NONE
0.0007899960619397461,0.023699881858192384,-7.468064339776023,-3.676742298738442,-9.550987485938693,-7.503637597261565,-3.522140556662843,-9.61695124203758,-8.45543795281753,-3.4195847661110124,-9.977596208952033,-6.580521313309868,-3.9078993519269023,-9.167511978654495,-7.047267624623825e-05,-0.005576018287289036,0.008300784842340996,0.8928174473846011,-0.23253075515042365,0.3857543953797795,0.9901291831965912,0.07930162550662628,0.11556579413675062,-0.11519690449062567,-0.009226373623232928,0.9932998274567162,0.0798365441275403,-0.996807968578588,0.0,24.474664242285236,-10.763083324334437,9.472160330759039e-05,0.5575265692317606,NONE
0.000799996021669358,0.02399988065008074,-7.468057946857729,-3.676734869447297,-9.550997895156486,-7.503637597261565,-3.522140556662843,-9.61695124203758,-8.450899397872487,-3.414266211290634,-9.984777259028705,-6.584588848181952,-3.912666055105874,-9.161076750470672,-6.481269879543176e-05,-0.00556714369782288,0.00830678557443892,0.8887193093764446,-0.23733325895963814,0.39223833740858727,0.9901291831965912,0.07930162550662628,0.11556579413675062,-0.11519690449062567,-0.009226373623232928,0.9932998274567162,0.0798365441275403,-0.996807968578588,0.0,24.97998749158209,-11.040996802031964,0.00010043762361888753,0.585865287808928,NONE
0.000809995923191309,0.02429987769573927,-7.468051247410616,-3.6767272710046894,-9.551008547158434,-7.503637597261565,-3.522140556662843,-9.61695124203758,-8.446149705997005,-3.408826882926693,-9.992125808493025,-6.588845590454143,-3.917540999552454,-9.154491419315251,-5.916813179263232e-05,-0.005558254152999488,0.008312778538569491,0.8844305312108863,-0.24224481744083853,0.3988735186560829,0.9901291831965912,0.07930162550662628,0.11556579413675062,-0.11519690449062567,-0.009226373623232928,0.9932998274567162,0.0798365441275403,-0.996807968578588,0.0,25.49987725788061,-11.316699017441783,0.00010644250350289042,0.6153005544507592,NONE
0.0008199958829209208,0.024599876487627625,-7.468044230506197,-3.6767195059572044,-9.551019438364763,-7.503637597261565,-3.522140556662843,-9.61695124203758,-8.441181626048817,-3.403268613575725,-9.999639399714052,-6.593298037373952,-3.9225225428304684,-9.147758187537372,-5.353892963149572e-05,-0.005549349580850268,0.008318763783185438,0.8799445660356503,-0.247263775835592,0.4056577200841337,0.9901291831965912,0.07930162550662628,0.11556579413675062,-0.11519690449062567,-0.009226373623232928,0.9932998274567162,0.0798365441275403,-0.996807968578588,0.0,26.034420572331836,-11.590007646044775,0.00011274727532395445,0.6458470361005049,NONE
0.0008299958426505327,0.02489987527951598,-7.468036885092292,-3.676711577186121,-9.551030564613628,-7.503637597261565,-3.522140556662843,-9.61695124203758,-8.435987839244062,-3.3975934693954857,-10.00731521604165,-6.597952746756553,-3.927608833156839,-9.140879579100652,-4.7925145180283336e-05,-0.005540430064731151,0.008324741252134732,0.8752548059464328,-0.25238826845778717,0.4125883985433333,0.9901291831965912,0.07930162550662628,0.11556579413675062,-0.11519690449062567,-0.009226373623232928,0.9932998274567162,0.0798365441275403,-0.996807968578588,0.0,26.58369372097514,-11.860755875531066,0.00011936313464389059,0.6775173325251725,NONE
0.0008399958023801446,0.025199874071404338,-7.46802920008034,-3.6767034879801725,-9.551041921277518,-7.503637597261565,-3.522140556662843,-9.61695124203758,-8.430561009716424,-3.3918038178304544,-10.015150038267521,-6.602816291703333,-3.932797748697732,-9.133858478941086,-4.2326798379275954e-05,-0.005531495636323509,0.008330710924185511,0.8703546276252815,-0.25761615755584666,0.4196626472983017,0.9901291831965912,0.07930162550662628,0.11556579413675062,-0.11519690449062567,-0.009226373623232928,0.9932998274567162,0.0798365441275403,-0.996807968578588,0.0,27.147757935107652,-12.128793661744332,0.0001263013345482733,0.7103215596949244,NONE
0.0008499957621097565,0.025499872863292694,-7.468021164265369,-3.6766952419627854,-9.551053503117744,-7.503637597261565,-3.522140556662843,-9.61695124203758,-8.42489373581114,-3.3859022460350925,-10.023140323746658,-6.607895304231385,-3.9380869707591426,-9.126698061569037,-3.6743909113935144e-05,-0.005522546327361697,0.008336672778133413,0.8652373483713127,-0.26294510701145263,0.4268772677036288,0.9901291831965912,0.07930162550662628,0.11556579413675062,-0.11519690449062567,-0.009226373623232928,0.9932998274567162,0.0798365441275403,-0.996807968578588,0.0,27.726666359348652,-12.393988627940637,0.00013357328748320185,0.7442670948018308,NONE
0.0008599957218393683,0.02579987165518105,-7.468012766442402,-3.6766868431648403,-9.551065304371749,-7.503637597261565,-3.522140556662843,-9.61695124203758,-8.418978649247688,-3.3798916392484184,-10.031282075779531,-6.613196386357935,-3.9434739134747163,-9.119401908646434,-3.117649721483041e-05,-0.005513582169632893,0.008342626792802137,0.8598963156617865,-0.2683725115363322,0.4342286510157599,0.9901291831965912,0.07930162550662628,0.11556579413675062,-0.11519690449062567,-0.009226373623232928,0.9932998274567162,0.0798365441275403,-0.996807968578588,0.0,28.320455652328135,-12.65622015373922,0.0001411904341157566,0.7793586266391899,NONE
0.0008699956233613193,0.02609986870083958,-7.468003995450121,-3.6766782959810156,-9.551077318665792,-7.503637597261565,-3.522140556662843,-9.61695124203758,-8.412808361530766,-3.3737751560864533,-10.039570971179009,-6.618726158354019,-3.948955745932293,-9.111973894151994,-2.5624614694734804e-05,-0.0055046032473174055,0.008348572912472063,0.854324858655594,-0.2738955189742093,0.44171289382238743,0.9901291831965912,0.07930162550662628,0.11556579413675062,-0.11519690449062567,-0.009226373623232928,0.9932998274567162,0.0798365441275403,-0.996807968578588,0.0,28.929152524758788,-12.915388356662504,0.0001491642136777216,0.8155976563218286,NONE
0.0008799955830909312,0.026399867492727935,-7.467994840098103,-3.676669605257099,-9.551089539073162,-7.503637597261565,-3.522140556662843,-9.61695124203758,-8.406375551245212,-3.36755624307251,-10.048002228722687,-6.624491180137568,-3.954529379278532,-9.104418302739,-2.0088216708547847e-05,-0.0054956094877136015,0.008354511185210927,0.8485163671941159,-0.2795110172409627,0.44932567903985027,0.9901291831965912,0.07930162550662628,0.11556579413675062,-0.11519690449062567,-0.009226373623232928,0.9932998274567162,0.0798365441275403,-0.996807968578588,0.0,29.552767819207652,-13.171403456022162,0.0001575061223437757,0.8529824835095864,NONE
0.000889995542820543,0.02669986628461629,-7.467985289312341,-3.6766607761444687,-9.551101958055968,-7.503637597261565,-3.522140556662843,-9.61695124203758,-8.399672912614584,-3.361238591957625,-10.056570719877069,-6.630497997790027,-3.960191504806941,-9.096739730095617,-1.4567355250124852e-05,-0.005486600975020071,0.008360441555308698,0.8424642451545511,-0.28521567278538873,0.4570623760864051,0.9901291831965912,0.07930162550662628,0.11556579413675062,-0.11519690449062567,-0.009226373623232928,0.9932998274567162,0.0798365441275403,-0.996807968578588,0.0,30.191303127946565,-13.424191654462037,0.00016622758742279586,0.891508148198456,NONE
0.0008999955025501549,0.026999865076504648,-7.46797533212069,-3.6766518142892677,-9.551114567523344,-7.503637597261565,-3.522140556662843,-9.61695124203758,-8.392693250591796,-3.35482621910556,-10.06527087489675,-6.636753058052458,-3.965938522958494,-9.088943167462167,-9.06204992976514e-06,-0.0054775777412340914,0.00836636400170075,0.836161996447304,-0.29100585897758763,0.4649179559212304,0.9901291831965912,0.07930162550662628,0.11556579413675062,-0.11519690449062567,-0.009226373623232928,0.9932998274567162,0.0798365441275403,-0.996807968578588,0.0,30.84474351478231,-13.673692327410874,0.00017533996003216146,0.9311658668904021,NONE
0.0009099954622797668,0.027299863868393004,-7.467554240133754,-3.675700100057635,-9.552221262271503,-7.503637597261565,-3.522140556662843,-9.61695124203758,-8.387041584172804,-3.3494976195096697,-10.072957871993834,-6.641033691734776,-3.9689211594441365,-9.084134875841755,-3.5723203025213007e-06,-0.005468539818405514,0.008372278503350662,0.831432329732394,-0.294963590444984,0.4708680934057514,0.9901291831965912,0.07930162550662628,0.11556579413675062,-0.11519690449062567,-0.009226373623232928,0.9932998274567162,0.0798365441275403,-0.996807968578588,0.0,31.32296103668454,-13.889299564551067,0.0005398518532562235,134.63278689901693,NONE
0.0009199954220093787,0.02759986266028136,-7.465993501066836,-3.6721470706750337,-9.556380657738062,-7.503637597261565,-3.522140556662843,-9.61695124203758,-8.385662736912787,-3.347277181365352,-10.077628873588418,-6.639309451433216,-3.964170273399126,-9.087834392246094,1.901814131866983e-06,-0.005459487238636152,0.008378185039250016,0.8315968026093192,-0.29375861525417796,0.47133070540110705,0.9901291831965912,0.07930162550662628,0.11556579413675062,-0.11519690449062567,-0.009226373623232928,0.9932998274567162,0.0798365441275403,-0.996807968578588,0.0,31.288571996322638,-14.016599817750162,0.0018862623160575964,134.65063883141846,NONE
0.0009299953235313296,0.02789985970593989,-7.464432565781894,-3.6685938994985703,-9.560540287083002,-7.503637597261565,-3.522140556662843,-9.61695124203758,-8.384123697571393,-3.344924199154254,-10.082496030470802,-6.637728834042385,-3.9595382610093854,-9.091358030185557,7.36030224162746e-06,-0.00545042008693796,0.008384083554128535,0.8316166016804802,-0.2926733627881577,0.47197047632630684,0.9901291831965912,0.07930162550662628,0.11556579413675062,-0.11519690449062567,-0.009226373623232928,0.9932998274567162,0.0798365441275403,-0.996807968578588,0.0,31.268752284788643,-14.150297080292253,0.0032328512761949924,134.6685451439528,NONE
0.0009399952832609415,0.028199858497828245,-7.462871432823735,-3.6650405862954143,-9.564700151121231,-7.503637597261565,-3.522140556662843,-9.61695124203758,-8.382423861146188,-3.3424383019015256,-10.08756031267388,-6.636292380631356,-3.955025455299414,-9.094704919251983,1.2803188104704877e-05,-0.005441338289886191,0.008389974095662445,0.8314911811975393,-0.2917081682847089,0.472788282581856,0.9901291831965912,0.07930162550662628,0.11556579413675062,-0.11519690449062567,-0.009226373623232928,0.9932998274567162,0.0798365441275403,-0.996807968578588,0.0,31.263578206735428,-14.29028288851579,0.0045796200987844315,134.68653989213203,NONE
0.0009499952429905534,0.0284998572897166,-7.46131010219236,-3.6614871305999044,-9.568860250784072,-7.503637597261565,-3.522140556662843,-9.61695124203758,-8.380562584135077,-3.339819335600673,-10.092822420192537,-6.63500066963953,-3.9506319938202985,-9.097874431993498,1.823042060838102e-05,-0.0054322419325108775,0.008395856608591268,0.8312199592835937,-0.29086317058077416,0.47378475628525685,0.9901291831965912,0.07930162550662628,0.11556579413675062,-0.11519690449062567,-0.009226373623232928,0.9932998274567162,0.0798365441275403,-0.996807968578588,0.0,31.273113035848727,-14.436429349419027,0.005926568713123359,134.7046287104587,NONE
0.0009599952027201653,0.028799856081604958,-7.459748571792292,-3.6579335324120406,-9.573020586071523,-7.503637597261565,-3.522140556662843,-9.61695124203758,-8.378539157178869,-3.3370672521735503,-10.098282750404389,-6.633854334725687,-3.946357919789137,-9.100866211210226,2.3641980474854744e-05,-0.005423131047121265,0.008401731072020193,0.8308022964062773,-0.2901384131502795,0.4749602567591251,0.9901291831965912,0.07930162550662628,0.11556579413675062,-0.11519690449062567,-0.009226373623232928,0.9932998274567162,0.0798365441275403,-0.996807968578588,0.0,31.297410331594588,-14.588580126434897,0.007273699194003669,134.7228149190165,NONE
0.0009699951624497771,0.029099854873493314,-7.45818684069221,-3.6543797898691777,-9.577181157914909,-7.503637597261565,-3.522140556662843,-9.61695124203758,-8.3763527826684,-3.334182221405725,-10.103941512358755,-6.6328540910864735,-3.9422030770499443,-9.103680070757719,2.9037848481979395e-05,-0.0054140056660784445,0.008407597465083039,0.8302374721818696,-0.2895337407829617,0.47631497219096974,0.9901291831965912,0.07930162550662628,0.11556579413675062,-0.11519690449062567,-0.009226373623232928,0.9932998274567162,0.0798365441275403,-0.996807968578588,0.0,31.3365140689786,-14.746567586190787,0.00862101250363878,134.74111846616506,NONE
0.000979995122179389,0.02939985366538167,-7.456624908426451,-3.6508259076279286,-9.581341968176874,-7.503637597261565,-3.522140556662843,-9.61695124203758,-8.374002567404096,-3.3311645227722493,-10.10979866527663,-6.632000740728313,-3.9381672232270173,-9.106316050828898,3.441800546333374e-05,-0.005404865821794885,0.008413455766942524,0.8295246793694204,-0.28904890497846075,0.4778488640227294,0.9901291831965912,0.07930162550662628,0.11556579413675062,-0.11519690449062567,-0.009226373623232928,0.9932998274567162,0.0798365441275403,-0.996807968578588,0.0,31.39046079056674,-14.910201430602118,0.009968508518555907,134.75956020025393,NONE
0.0009899950819090009,0.029699852457270026,-7.455062772201049,-3.647271883825648,-9.585503011269482,-7.503637597261565,-3.522140556662843,-9.61695124203758,-8.371487617054001,-3.3280146304550366,-10.115853801572689,-6.6312950822543115,-3.9342499285446872,-9.108774507188386,3.978243230828756e-05,-0.005395711546734247,0.008419305956789892,0.8286631118093757,-0.2886834752807861,0.4795615687544301,0.9901291831965912,0.07930162550662628,0.11556579413675062,-0.11519690449062567,-0.009226373623232928,0.9932998274567162,0.0798365441275403,-0.996807968578588,0.0,31.45927044757938,-15.079268431301653,0.011316190798630998,134.77813417440143,NONE
0.0009999950416386127,0.029999851249158382,-7.4535004320160025,-3.6437177184623364,-9.589664294643315,-7.503637597261565,-3.522140556662843,-9.61695124203758,-8.368806897880903,-3.324733168616644,-10.122106386681864,-6.630738044883398,-3.9304506319477293,-9.111055934500719,4.51311099620752e-05,-0.0053865428734116705,0.0084251480138452,0.8276518347607164,-0.2884368873005167,0.4814525962767353,0.9901291831965912,0.07930162550662628,0.11556579413675062,-0.11519690449062567,-0.009226373623232928,0.9932998274567162,0.0798365441275403,-0.996807968578588,0.0,31.542958465185652,-15.25354677711761,0.01266405848283192,134.79688118531678,NONE
0.0010099950013682246,0.03029985004104674,-7.451937886008667,-3.6401634152632836,-9.593825808985146,-7.503637597261565,-3.522140556662843,-9.61695124203758,-8.365959375367968,-3.3213209493411826,-10.128555506853948,-6.63033055499834,-3.9267686105335136,-9.113161136444562,5.046386003735937e-05,-0.0053773596896954335,0.008430981834827057,0.8264899144617276,-0.28830841009158625,0.4835211287663736,0.9901291831965912,0.07930162550662628,0.11556579413675062,-0.11519690449062567,-0.009226373623232928,0.9932998274567162,0.0798365441275403,-0.996807968578588,0.0,31.641524036513225,-15.432793385196318,0.014012114196283676,134.81578370473403,NONE
0.0010199948446825147,0.03059984534047544,-7.450375130453753,-3.6366089742284897,-9.597987554294976,-7.503637597261565,-3.522140556662843,-9.61695124203758,-8.362943882971921,-3.317778896052807,-10.135200085837813,-6.630073654122554,-3.923203034242721,-9.115091080454299,5.578076063290077e-05,-0.005368162280583014,0.00843680741326876,0.8251762994520796,-0.2882972086618637,0.4857661930397686,0.9901291831965912,0.07930162550662628,0.11556579413675062,-0.11519690449062567,-0.009226373623232928,0.9932998274567162,0.0798365441275403,-0.996807968578588,0.0,31.75496156672336,-15.616755105993418,0.015360361627509533,134.83489411074655,NONE
0.0010299948044121265,0.030899844132363796,-7.448812166282582,-3.633054395357955,-9.602149530572804,-7.503637597261565,-3.522140556662843,-9.61695124203758,-8.359759096637744,-3.314107989299135,-10.142038899802658,-6.629968534208036,-3.919753021668164,-9.116846866622613,6.108191690707882e-05,-0.005358950464821156,0.008442624864246245,0.8237097916331939,-0.2884023963662044,0.48818668246668795,0.9901291831965912,0.07930162550662628,0.11556579413675062,-0.11519690449062567,-0.009226373623232928,0.9932998274567162,0.0798365441275403,-0.996807968578588,0.0,31.883264146999487,-15.805168130737279,0.01670879985437601,134.8541948750884,NONE
0.0010399947641417384,0.031199842924252152,-7.4472489897698635,-3.6294996861022595,-9.606311737818631,-7.503637597261565,-3.522140556662843,-9.61695124203758,-8.356403561870795,-3.3103093750743033,-10.149070579517767,-6.630016495615615,-3.916417556831824,-9.118429725741136,6.63672479493017e-05,-0.005349724382037216,0.00844843409918135,0.8220890791691335,-0.28862294369405733,0.4907813589412531,0.9901291831965912,0.07930162550662628,0.11556579413675062,-0.11519690449062567,-0.009226373623232928,0.9932998274567162,0.0798365441275403,-0.996807968578588,0.0,32.02641939364115,-15.997766478654427,0.01805743197455989,134.87374753714366,NONE
0.0010499947238713503,0.03149984171614051,-7.445685597190308,-3.625944839010823,-9.610474172307166,-7.503637597261565,-3.522140556662843,-9.61695124203758,-8.352875702930906,-3.306384193051585,-10.156293516476294,-6.630218947692845,-3.913195601141752,-9.119841096611152,7.163673498685377e-05,-0.0053404840650022305,0.008454235097440232,0.8203127405895526,-0.2889578133762699,0.4935487713643531,0.9901291831965912,0.07930162550662628,0.11556579413675062,-0.11519690449062567,-0.009226373623232928,0.9932998274567162,0.0798365441275403,-0.996807968578588,0.0,32.18441145612527,-16.194266966978386,0.01940626269793988,134.8935545170058,NONE
0.0010599946836009622,0.031799840508028865,-7.444121988543915,-3.6223898615342263,-9.614636826587828,-7.503637597261565,-3.522140556662843,-9.61695124203758,-8.349173760233253,-3.3023337464087756,-10.163706061385714,-6.630577472117849,-3.9100859973286726,-9.121082447621975,7.689035930328773e-05,-0.005331229546537933,0.008460027838418439,0.8183791848168581,-0.2894058337713795,0.49648743512559046,0.9901291831965912,0.07930162550662628,0.11556579413675062,-0.11519690449062567,-0.009226373623232928,0.9932998274567162,0.0798365441275403,-0.996807968578588,0.0,32.357224357715225,-16.394394634277848,0.02075529229470341,134.9136320295418,NONE
0.001069994643330574,0.03209983929991722,-7.442558160105395,-3.618834753672469,-9.61879971183649,-7.503637597261565,-3.522140556662843,-9.61695124203758,-8.345295909183758,-3.2981593948280565,-10.171306292329138,-6.631093701931168,-3.90708752318407,-9.12215552759263,8.212810223848314e-05,-0.005321960859516399,0.008465812301540535,0.8162867653583756,-0.2899657754076253,0.4995956022554796,0.9901291831965912,0.07930162550662628,0.11556579413675062,-0.11519690449062567,-0.009226373623232928,0.9932998274567162,0.0798365441275403,-0.996807968578588,0.0,32.54483365735815,-16.597860236015297,0.022104523161821987,134.9340289260569,NONE
0.001079994603060186,0.03239983809180558,-7.4409941100121015,-3.6152795191508416,-9.622962805701407,-7.503637597261565,-3.522140556662843,-9.61695124203758,-8.341240118995954,-3.2938625640011105,-10.179092210714,-6.631769459055161,-3.904198904237889,-9.123062090600012,8.734994518873103e-05,-0.005312678036860028,0.008471588466260735,0.8140336475908538,-0.29063635249370406,0.5028714857685658,0.9901291831965912,0.07930162550662628,0.11556579413675062,-0.11519690449062567,-0.009226373623232928,0.9932998274567162,0.0798365441275403,-0.996807968578588,0.0,32.74721810799536,-16.804379534839928,0.023453959431231297,134.95473120507327,NONE
0.0010899945627897978,0.032699836883693933,-7.4394298326761,-3.6117241542440537,-9.627126123083743,-7.503637597261565,-3.522140556662843,-9.61695124203758,-8.33700430693352,-3.2894447946543255,-10.1870615911626,-6.632606605035612,-3.9014187484683553,-9.123804165315805,9.255586960677751e-05,-0.005303381111541452,0.008477356312062471,0.8116179532847188,-0.2914161684828713,0.5063130599270448,0.9901291831965912,0.07930162550662628,0.11556579413675062,-0.11519690449062567,-0.009226373623232928,0.9932998274567162,0.0798365441275403,-0.996807968578588,0.0,32.96434675901001,-17.01366308970531,0.02480360520906366,134.9757690829357,NONE
0.0010999945225194097,0.03299983567558229,-7.437865326234745,-3.608168677578557,-9.631289649082335,-7.503637597261565,-3.522140556662843,-9.61695124203758,-8.332586233335618,-3.284907723662142,-10.195212077203774,-6.633607149550546,-3.8987456198704615,-9.12438384165926,9.774585700190383e-05,-0.005294070116583352,0.008483115818459097,0.8090376589452727,-0.2923037600991999,0.5099182074021501,0.9901291831965912,0.07930162550662628,0.11556579413675062,-0.11519690449062567,-0.009226373623232928,0.9932998274567162,0.0798365441275403,-0.996807968578588,0.0,33.19618866599804,-17.225426020488676,0.02615346258453677,134.99717982956514,NONE
0.0011099944822490215,0.033299834467470646,-7.436300586962747,-3.6046130668026093,-9.635453383697184,-7.503637597261565,-3.522140556662843,-9.61695124203758,-8.327983565540558,-3.280253061169757,-10.203541143932519,-6.634773182338822,-3.8961779387634516,-9.124803389249283,0.000102919888939932,-0.005284745085058448,0.008488866964993121,0.8062906586674932,-0.2932975607589021,0.5136846450872544,0.9901291831965912,0.07930162550662628,0.11556579413675062,-0.11519690449062567,-0.009226373623232928,0.9932998274567162,0.0798365441275403,-0.996807968578588,0.0,33.44270735110902,-17.439386288724563,0.027503537018697344,135.0189586047745,NONE
0.0011199944419786334,0.033599833259359,-7.434735611134815,-3.6010573442679528,-9.63961731947771,-7.503637597261565,-3.522140556662843,-9.61695124203758,-8.323193844630415,-3.275482604178403,-10.212046098294985,-6.636106906630118,-3.893714132279426,-9.125065214704728,0.00010807794704346575,-0.005275406050089228,0.008494609731237132,0.8033747323810935,-0.2943959657623919,0.5176099445667894,0.9901291831965912,0.07930162550662628,0.11556579413675062,-0.11519690449062567,-0.009226373623232928,0.9932998274567162,0.0798365441275403,-0.996807968578588,0.0,33.703864883113276,-17.65526283215943,0.028853831288568443,135.04112535692326,NONE
0.0011299944017082453,0.03389983205124736,-7.433170396888303,-3.5975015025240067,-9.643781463874491,-7.503637597261565,-3.522140556662843,-9.61695124203758,-8.31821455192499,-3.270598230851281,-10.220724048083529,-6.6376105829109555,-3.891352498003164,-9.125171931958057,0.00011322001299179957,-0.0052660530448478465,0.008500344096793342,0.8002876042923978,-0.29559727007232517,0.5216914838692724,0.9901291831965912,0.07930162550662628,0.11556579413675062,-0.11519690449062567,-0.009226373623232928,0.9932998274567162,0.0798365441275403,-0.996807968578588,0.0,33.979616451273934,-17.87277778624518,0.030204346968218942,135.06371009565171,NONE
0.0011399942450225353,0.03419982735067606,-7.431604936772632,-3.5939455564719323,-9.647945801986369,-7.503637597261565,-3.522140556662843,-9.61695124203758,-8.313043057818604,-3.265601959561368,-10.229571946518679,-6.6392865607670775,-3.889091249929445,-9.125126251441678,0.0001183460088700462,-0.005256686211623491,0.008506069974647477,0.79702690335787,-0.29689966208003676,0.5259265214652377,0.9901291831965912,0.07930162550662628,0.11556579413675062,-0.11519690449062567,-0.009226373623232928,0.9932998274567162,0.0798365441275403,-0.996807968578588,0.0,34.26991408971949,-18.09166366818423,0.031555091975066674,135.08670255297469,NONE
0.0011499942047521472,0.034499826142564416,-7.430039230787801,-3.5903894912105683,-9.652110333813342,-7.503637597261565,-3.522140556662843,-9.61695124203758,-8.307676673106872,-3.2604958322017836,-10.238586543436694,-6.641137257504929,-3.88692852431955,-9.124931094704358,0.00012345603596146604,-0.005247305365716313,0.008511787477853134,0.7935901979056873,-0.29830128196084127,0.5303121184439695,0.9901291831965912,0.07930162550662628,0.11556579413675062,-0.11519690449062567,-0.009226373623232928,0.9932998274567162,0.0798365441275403,-0.996807968578588,0.0,34.57470515649446,-18.311654400581244,0.032906067490793944,135.1101526868919,NONE
0.001159994164481759,0.03479982493445277,-7.42847327148323,-3.586833321641076,-9.65627505190483,-7.503637597261565,-3.522140556662843,-9.61695124203758,-8.30211256990727,-3.255282028794287,-10.247764500102777,-6.6431652009398805,-3.884862389863335,-9.124589448762897,0.00012855001627666923,-0.005237910649350514,0.008517496519357076,0.7899749376035192,-0.29980017193764175,0.5348452625428,0.9901291831965912,0.07930162550662628,0.11556579413675062,-0.11519690449062567,-0.009226373623232928,0.9932998274567162,0.0798365441275403,-0.996807968578588,0.0,34.89393691039737,-18.532498995334755,0.03425728057178823,135.13402544087157,NONE
0.001169994124211371,0.03509982372634113,-7.426907055133628,-3.5832770403128746,-9.660439948810252,-7.503637597261565,-3.522140556662843,-9.61695124203758,-8.296347934114642,-3.2499627834260734,-10.257102177362942,-6.645372913576856,-3.882890824208063,-9.124104570678739,0.00013362793172240364,-0.005228502095896137,0.008523197078881155,0.7861785812084695,-0.30139430513428067,0.5395226698496202,0.9901291831965912,0.07930162550662628,0.11556579413675062,-0.11519690449062567,-0.009226373623232928,0.9932998274567162,0.0798365441275403,-0.996807968578588,0.0,35.227546946632444,-18.753945870870314,0.03560873635844075,135.1583709796179,NONE
0.0011799940839409828,0.035399822518229485,-7.425340578013706,-3.579720669577706,-9.664605024529608,-7.503637597261565,-3.522140556662843,-9.61695124203758,-8.290379881588407,-3.2445404913741687,-10.266595807082945,-6.647762980875112,-3.8810117167000353,-9.123479847600603,0.00013868976426269762,-0.005219079738772164,0.008528889136177586,0.7821985241491882,-0.3030815358694604,0.5443409330868301,0.9901291831965912,0.07930162550662628,0.11556579413675062,-0.11519690449062567,-0.009226373623232928,0.9932998274567162,0.0798365441275403,-0.996807968578588,0.0,35.57546909682945,-18.975758051389175,0.03696043676674243,135.1831890964265,NONE
0.0011899940436705947,0.03569982131011784,-7.4237738326728815,-3.5761641945344094,-9.6687702790629,-7.503637597261565,-3.522140556662843,-9.61695124203758,-8.28420540810297,-3.2390175461988155,-10.276241506684183,-6.65033808916354,-3.879222887489489,-9.12271876955042,0.000143735495918428,-0.005209643611446704,0.008534572671028463,0.7780320566378239,-0.30485968632889227,0.5492965414922687,0.9901291831965912,0.07930162550662628,0.11556579413675062,-0.11519690449062567,-0.009226373623232928,0.9932998274567162,0.0798365441275403,-0.996807968578588,0.0,35.93763863260511,-19.19770888852689,0.038312390355415005,135.2084846314845,NONE
0.0011999940034002066,0.0359998201020062,-7.422206822836446,-3.572607622633565,-9.672935690058383,-7.503637597261565,-3.522140556662843,-9.61695124203758,-8.277821560296793,-3.2333964983166363,-10.286035098840552,-6.653100900271471,-3.8775220581731524,-9.121825049052967,0.00014876510876771272,-0.005200193747436878,0.008540247663246533,0.7736765047739631,-0.30672645707453144,0.5543857379940879,0.9901291831965912,0.07930162550662628,0.11556579413675062,-0.11519690449062567,-0.009226373623232928,0.9932998274567162,0.0798365441275403,-0.996807968578588,0.0,36.313980158178666,-19.419578903106128,0.03966459542819578,135.2342622182746,NONE
0.0012099939631298184,0.03629981889389455,-7.420639537328529,-3.569050961325753,-9.67710126496664,-7.503637597261565,-3.522140556662843,-9.61695124203758,-8.27122532802816,-3.2276799876199074,-10.29597227078267,-6.656054098771824,-3.8759068699187327,-9.120802576973421,0.00015377858494608452,-0.0051907301803084714,0.0085459140926745,0.7691291567887314,-0.3086794677613454,0.5596046160996421,0.9901291831965912,0.07930162550662628,0.11556579413675062,-0.11519690449062567,-0.009226373623232928,0.9932998274567162,0.0798365441275403,-0.996807968578588,0.0,36.70441490383723,-19.641160250751376,0.04101706159876173,135.26051701660978,NONE
0.0012199939228594303,0.03659981768578291,-7.419071972423839,-3.565494210610974,-9.681266988886508,-7.503637597261565,-3.522140556662843,-9.61695124203758,-8.264413651746837,-3.2218707211314213,-10.306048545549322,-6.659200427798334,-3.8743748894029473,-9.119655349324251,0.00015877590664627365,-0.005181252943675943,0.0085515719391857,0.7643872494992875,-0.3107162706054884,0.5649491410595568,0.9901291831965912,0.07930162550662628,0.11556579413675062,-0.11519690449062567,-0.009226373623232928,0.9932998274567162,0.0798365441275403,-0.996807968578588,0.0,37.10886263243955,-19.862257512891794,0.04236979427770038,135.2872876098099,NONE
0.0012299938825890422,0.036899816477671266,-7.4175041243970865,-3.5619373779398087,-9.68543287671915,-7.503637597261565,-3.522140556662843,-9.61695124203758,-8.257383518640603,-3.215971531608965,-10.316259229344391,-6.662542588472269,-3.872923584428085,-9.118387613620675,0.00016375705611823134,-0.005171762071202291,0.008557221182683915,0.7594480619849208,-0.31283431086624763,0.5704150551065321,0.9901291831965912,0.07930162550662628,0.11556579413675062,-0.11519690449062567,-0.009226373623232928,0.9932998274567162,0.0798365441275403,-0.996807968578588,0.0,37.52723434165562,-20.082684240894945,0.04372279484062069,135.31455515621016,NONE
0.001239993842318654,0.03719981526955962,-7.415935985797691,-3.5583804707628373,-9.68959888376108,-7.503637597261565,-3.522140556662843,-9.61695124203758,-8.250131845459046,-3.209985308747901,-10.32659945650586,-6.666083338157357,-3.871550371615661,-9.117003658684098,0.0001687220156695297,-0.005162257596598937,0.0085628618031035,0.7543088130008047,-0.3150309823179809,0.5759979989627441,0.9901291831965912,0.07930162550662628,0.11556579413675062,-0.11519690449062567,-0.009226373623232928,0.9932998274567162,0.0798365441275403,-0.996807968578588,0.0,37.9594418826439,-20.302267506201744,0.04507607523990842,135.34231291461347,NONE
0.001249993802048266,0.03749981406144798,-7.414367560350942,-3.5548234816294793,-9.693765039814624,-7.503637597261565,-3.522140556662843,-9.61695124203758,-8.242655657369543,-3.2039150707451594,-10.337064166486412,-6.669825357983136,-3.8702525237823466,-9.115508089995455,0.0001736707676651599,-0.005152739553625555,0.008568493780409374,0.748966809231622,-0.3173035490653274,0.5816933697575991,0.9901291831965912,0.07930162550662628,0.11556579413675062,-0.11519690449062567,-0.009226373623232928,0.9932998274567162,0.0798365441275403,-0.996807968578588,0.0,38.40538597907928,-20.520843840093434,0.04642962893376179,135.37057115300505,NONE
0.001259993645362556,0.03779980936087668,-7.412798833155679,-3.5512664179903153,-9.697931315077456,-7.503637597261565,-3.522140556662843,-9.61695124203758,-8.234951913973294,-3.1977638941778204,-10.34764812125461,-6.673771352646471,-3.8690272895630264,-9.11390555939205,0.00017860323715305495,-0.005143208087092558,0.008574117029158296,0.7434193149175344,-0.3196492358977171,0.5874964580297904,0.9901291831965912,0.07930162550662628,0.11556579413675062,-0.11519690449062567,-0.009226373623232928,0.9932998274567162,0.0798365441275403,-0.996807968578588,0.0,38.86496843635542,-20.738262158780724,0.04778347352953993,135.39933934505476,NONE
0.0012699936050921679,0.038099808152765036,-7.411229807937192,-3.547709302197087,-9.702097709549578,-7.503637597261565,-3.522140556662843,-9.61695124203758,-8.227017664646555,-3.1915350027510834,-10.35834590354971,-6.677923981515712,-3.867871813635885,-9.112200936410533,0.0001835195215537009,-0.005133663009009846,0.00857973166035652,0.7376636586337342,-0.32206514804038167,0.5934023653043696,0.9901291831965912,0.07930162550662628,0.11556579413675062,-0.11519690449062567,-0.009226373623232928,0.9932998274567162,0.0798365441275403,-0.996807968578588,0.0,39.338083502510955,-20.95438365983221,0.04913760356619612,135.4285824342308,NONE
0.0012799935648217797,0.03839980694465339,-7.409660473519611,-3.544152111898053,-9.706264208329829,-7.503637597261565,-3.522140556662843,-9.61695124203758,-8.218849996701481,-3.1852316638336635,-10.36915188991902,-6.6822858415631945,-3.8667831165431665,-9.1103992476363,0.0001884195458395988,-0.005124104464124568,0.008585337588520486,0.7316972167325176,-0.32454831081404895,0.5994060201346286,0.9901291831965912,0.07930162550662628,0.11556579413675062,-0.11519690449062567,-0.009226373623232928,0.9932998274567162,0.0798365441275403,-0.996807968578588,0.0,39.824620520762195,-21.169080052756588,0.050492033603878994,135.45833658375957,NONE
0.0012899935245513916,0.03869980573654175,-7.408090829902934,-3.540594861994374,-9.710430826319369,-7.503637597261565,-3.522140556662843,-9.61695124203758,-8.210446030898579,-3.1788572259621923,-10.380060324610646,-6.686859520916557,-3.8657582166051263,-9.108505695168969,0.00019330329260627274,-0.005114532486388448,0.00859093479373836,0.7255173857057248,-0.32709570982996855,0.6055022044960363,0.9901291831965912,0.07930162550662628,0.11556579413675062,-0.11519690449062567,-0.009226373623232928,0.9932998274567162,0.0798365441275403,-0.996807968578588,0.0,40.32446731726479,-21.38223238742106,0.05184676073883843,135.48855757581865,NONE
0.0012999934842810035,0.038999804528430104,-7.406520873361873,-3.5370375673872116,-9.714597518814715,-7.503637597261565,-3.522140556662843,-9.61695124203758,-8.201803015566258,-3.172415166600514,-10.39106516032027,-6.691647485959636,-3.8647940162502796,-9.106525629999693,0.00019817074450711935,-0.005104947109800999,0.008596523256129307,0.7191216807650582,-0.32970421411893625,0.6116854906288464,0.9901291831965912,0.07930162550662628,0.11556579413675062,-0.11519690449062567,-0.009226373623232928,0.9932998274567162,0.0798365441275403,-0.996807968578588,0.0,40.83750254056403,-21.59373193514581,0.0532017926440993,135.51925809848677,NONE
0.0013099934440106153,0.03929980332031846,-7.404950596445846,-3.5334802131754044,-9.718764300717028,-7.503637597261565,-3.522140556662843,-9.61695124203758,-8.192918229396358,-3.1659090519153414,-10.402160307217677,-6.6966521687088765,-3.8638872815813547,-9.104464554528679,0.00020302188425336235,-0.005095348368409322,0.008602102955843481,0.7125076479464196,-0.33237058555524457,0.6179503584233325,0.9901291831965912,0.07930162550662628,0.11556579413675062,-0.11519690449062567,-0.009226373623232928,0.9932998274567162,0.0798365441275403,-0.996807968578588,0.0,41.363603283341675,-21.803486431017962,0.05455713615632085,135.5504149889956,NONE
0.0013199934037402272,0.03959980211220682,-7.403379999154853,-3.5299228142601136,-9.722931172026309,-7.503637597261565,-3.522140556662843,-9.61695124203758,-8.183789068182532,-3.1593424856293364,-10.413339425076629,-6.701875910066597,-3.863034801533725,-9.102328167939614,0.0002078566946143552,-0.005085736296307786,0.008607673873062133,0.7056729324361596,-0.3350915790020898,0.6242910748271499,0.9901291831965912,0.07930162550662628,0.11556579413675062,-0.11519690449062567,-0.009226373623232928,0.9932998274567162,0.0798365441275403,-0.996807968578588,0.0,41.90264195621095,-22.01140579389251,0.05591279009381722,135.58203177413327,NONE
0.001329993363469839,0.03989980090409517,-7.401809074038314,-3.5263653855425003,-9.727098102940234,-7.503637597261565,-3.522140556662843,-9.61695124203758,-8.174413040032077,-3.152719240840547,-10.424596003402174,-6.707320935829346,-3.8622332127924497,-9.100122265878083,0.00021267515841720918,-0.005076110927638255,0.008613235987997696,0.6986152877155863,-0.3378637961675728,0.6307017797733773,0.9901291831965912,0.07930162550662628,0.11556579413675062,-0.11519690449062567,-0.009226373623232928,0.9932998274567162,0.0798365441275403,-0.996807968578588,0.0,42.454484655109674,-22.217416392174716,0.057268764096068736,135.61408981893922,NONE
0.001339993323199451,0.04019979969598353,-7.400237821096229,-3.5228079121214035,-9.731265093458804,-7.503637597261565,-3.522140556662843,-9.61695124203758,-8.164787765852749,-3.1460431009592646,-10.435923386471453,-6.712989384545993,-3.8614790861815687,-9.097852831125406,0.0002174772585471604,-0.005066472296589896,0.008618789280893947,0.6913325625270269,-0.34068380248681157,0.6371764549266881,0.9901291831965912,0.07930162550662628,0.11556579413675062,-0.11519690449062567,-0.009226373623232928,0.9932998274567162,0.0798365441275403,-0.996807968578588,0.0,43.018994376612866,-22.42145115190051,0.05862505934476303,135.6465519591674,NONE
0.0013499932829290628,0.040499798487871885,-7.399311713928031,-3.524809734116185,-9.728375698698672,-7.503637597261565,-3.522140556662843,-9.61695124203758,-8.16484535216732,-3.1516398273913184,-10.433878441647138,-6.711179042393914,-3.860249474479956,-9.09420436640246,0.00022226297794764133,-0.005056820437398701,0.008624333732026004,0.692222052273051,-0.33743316528030354,0.6379400358307991,0.9901291831965912,0.07930162550662628,0.11556579413675062,-0.11519690449062567,-0.009226373623232928,0.9932998274567162,0.0798365441275403,-0.996807968578588,0.0,42.91587155795277,-22.66942265759438,0.05971719254062968,105.6639780191353,NONE
0.0013599932426586747,0.04079979727976024,-7.398493662530231,-3.5278310190540436,-9.724166910422953,-7.503637597261565,-3.522140556662843,-9.61695124203758,-8.16652149618877,-3.1593809802795914,-10.429439529005027,-6.70811897670511,-3.8590281041251258,-9.090202435261583,0.0002270322996201244,-0.005047155384347857,0.00862986932170029,0.6944773902303143,-0.33316529706930187,0.6377319494016399,0.9901291831965912,0.07930162550662628,0.11556579413675062,-0.11519690449062567,-0.009226373623232928,0.9932998274567162,0.0798365441275403,-0.996807968578588,0.0,42.70108264562337,-22.926427106217623,0.06077396825569359,105.69239461677876,NONE
0.0013699932023882866,0.0410997960716486,-7.397675313109207,-3.530852140079129,-9.71995831586233,-7.503637597261565,-3.522140556662843,-9.61695124203758,-8.168009536065673,-3.1670367989846118,-10.42512158305304,-6.705227430562344,-3.8578831287999815,-9.086092135878753,0.0002317852066243434,-0.005037477171767358,0.008635396030254736,0.6965629073825383,-0.3289744427692238,0.6376330700829939,0.9901291831965912,0.07930162550662628,0.11556579413675062,-0.11519690449062567,-0.009226373623232928,0.9932998274567162,0.0798365441275403,-0.996807968578588,0.0,42.499127332823434,-23.18730539894993,0.06183102966395815,105.72062216949183,NONE
0.0013799930457025766,0.0413997913710773,-7.396856665664958,-3.5338731120926026,-9.715749959720286,-7.503637597261565,-3.522140556662843,-9.61695124203758,-8.169310539299683,-3.1746058034792726,-10.420926295778992,-6.702503444396072,-3.8568159071859336,-9.08187203222543,0.00023652162700988887,-0.00502778594691346,0.00864091377386156,0.69847956900172,-0.3248619541460291,0.6376448874064583,0.9901291831965912,0.07930162550662628,0.11556579413675062,-0.11519690449062567,-0.009226373623232928,0.9932998274567162,0.0798365441275403,-0.996807968578588,0.0,42.31006460160238,-23.451892699636797,0.06288837041754469,105.74868223283842,NONE
0.0013899930054321885,0.041699790162965655,-7.396037720197486,-3.536893920193303,-9.711541812194499,-7.503637597261565,-3.522140556662843,-9.61695124203758,-8.170425528995846,-3.18208653914603,-10.41685514313869,-6.69994609854454,-3.8558277185325025,-9.077540740984166,0.00024124165428372177,-0.005018081518604183,0.008646422661421247,0.7002283002149073,-0.3208291330411773,0.637768762930726,0.9901291831965912,0.07930162550662628,0.11556579413675062,-0.11519690449062567,-0.009226373623232928,0.9932998274567162,0.0798365441275403,-0.996807968578588,0.0,42.1339499906561,-23.720010973114256,0.0639459951422694,105.77657833360666,NONE
0.0013999929651618004,0.04199978895485401,-7.395218484157371,-3.539914549480069,-9.70733388818613,-7.503637597261565,-3.522140556662843,-9.61695124203758,-8.171355531814166,-3.1894776614866966,-10.412909484176279,-6.697554484298323,-3.854919743103715,-9.073097068815676,0.0002459452164187888,-0.0050083640340346566,0.00865192260906467,0.701810022626592,-0.31687718172238966,0.6380059120764778,0.9901291831965912,0.07930162550662628,0.11556579413675062,-0.11519690449062567,-0.009226373623232928,0.9932998274567162,0.0798365441275403,-0.996807968578588,0.0,41.970831985812616,-23.991471560373213,0.06500389592071443,105.80431429239025,NONE
0.0014099929248914123,0.04229978774674237,-7.394398957544612,-3.542935029755223,-9.703126187695178,-7.503637597261565,-3.522140556662843,-9.61695124203758,-8.172101423033878,-3.1967779033968036,-10.409090613082137,-6.6953278148752196,-3.854093176482063,-9.068539852381555,0.0002506322967084141,-0.004998633527721078,0.008657413597256313,0.703225527694599,-0.3130072728977426,0.6383575050955151,0.9901291831965912,0.07930162550662628,0.11556579413675062,-0.11519690449062567,-0.009226373623232928,0.9932998274567162,0.0798365441275403,-0.996807968578588,0.0,41.82076188919491,-24.266076928856265,0.06606207038950807,105.83190250346249,NONE
0.0014199928846210241,0.042599786538630724,-7.39357914035921,-3.545955331216443,-9.698918710721644,-7.503637597261565,-3.522140556662843,-9.61695124203758,-8.172664131960381,-3.203986093598202,-10.40539961439374,-6.693265254929304,-3.8533490149296195,-9.063868116798877,0.00025530287850442085,-0.0049888900342258775,0.008662895606492388,0.7044756557290845,-0.3092204387292463,0.6388245226642202,0.9901291831965912,0.07930162550662628,0.11556579413675062,-0.11519690449062567,-0.009226373623232928,0.9932998274567162,0.0798365441275403,-0.996807968578588,0.0,41.68377901710943,-24.543620186156982,0.06712052091202558,105.85934920751052,NONE
0.001429992844350636,0.04289978533051908,-7.392759032601165,-3.5489754687648896,-9.694711457265528,-7.503637597261565,-3.522140556662843,-9.61695124203758,-8.173044439073015,-3.211101143207322,-10.401837524841048,-6.691366102893323,-3.852688265531688,-9.059080930158556,0.0002599569452171827,-0.004979133588157566,0.008668368617301216,0.7055611124665201,-0.30551767729731705,0.6394079022297576,0.9901291831965912,0.07930162550662628,0.11556579413675062,-0.11519690449062567,-0.009226373623232928,0.9932998274567162,0.0798365441275403,-0.996807968578588,0.0,41.559925259674465,-24.823887132764263,0.06817924630657579,105.88667545958849,NONE
0.0014399928040802479,0.043199784122407436,-7.391938634270477,-3.5519954349499825,-9.690504442227992,-7.503637597261565,-3.522140556662843,-9.61695124203758,-8.17324312016959,-3.2181220049821335,-10.39840520076987,-6.6896296614082145,-3.8521118554987295,-9.05417755099322,0.0002645944803158203,-0.00496936422417066,0.008673832610243,0.7064825994101782,-0.3018999288174267,0.640108404655548,0.9901291831965912,0.07930162550662628,0.11556579413675062,-0.11519690449062567,-0.009226373623232928,0.9932998274567162,0.0798365441275403,-0.996807968578588,0.0,41.44923490005096,-25.10665082505267,0.06923824544194268,105.91387883960279,NONE
0.0014499927638098598,0.04349978291429579,-7.3911179528177255,-3.5550152297717217,-9.686297650707873,-7.503637597261565,-3.522140556662843,-9.61695124203758,-8.173260859510183,-3.225047755862139,-10.395103400219783,-6.688055329545375,-3.8516206145631746,-9.049157269610848,0.0002692154673281147,-0.004959581976965563,0.008679287565909861,0.7072407285546704,-0.298368027952874,0.6409267288613981,0.9901291831965912,0.07930162550662628,0.11556579413675062,-0.11519690449062567,-0.009226373623232928,0.9932998274567162,0.0798365441275403,-0.996807968578588,0.0,41.351740179685606,-25.391682050326263,0.07029751266314932,105.94097798251393,NONE
0.0014599927235394716,0.04379978170618415,-7.390296988242912,-3.558034853230107,-9.682091082705172,-7.503637597261565,-3.522140556662843,-9.61695124203758,-8.173098314884562,-3.231877514640229,-10.391932701913838,-6.686642516022329,-3.8512153348357443,-9.044019565801458,0.00027381988984051796,-0.004949786881288494,0.008684733464926073,0.7078360946963012,-0.294922771521674,0.6418633981487523,0.9901291831965912,0.07930162550662628,0.11556579413675062,-0.11519690449062567,-0.009226373623232928,0.9932998274567162,0.0798365441275403,-0.996807968578588,0.0,41.26746649175726,-25.678739134896052,0.07135704797019748,105.96797802231457,NONE
0.0014699926832690835,0.044099780498072505,-7.389475733095455,-3.5610542978745583,-9.67788475312105,-7.503637597261565,-3.522140556662843,-9.61695124203758,-8.1727560342063,-3.2386104994955316,-10.388893626235408,-6.685390714175654,-3.8508967049417335,-9.038764000091895,0.00027840773149841923,-0.004939978971931213,0.00869017028794809,0.7082692000145937,-0.29156485973628665,0.6429188695921491,0.9901291831965912,0.07930162550662628,0.11556579413675062,-0.11519690449062567,-0.009226373623232928,0.9932998274567162,0.0798365441275403,-0.996807968578588,0.0,41.196437161034986,-25.967578933157128,0.07241685760890348,105.99489759396516,NONE
0.0014799926429986954,0.04439977928996086,-7.388654194825935,-3.564073563705075,-9.673678654504927,-7.503637597261565,-3.522140556662843,-9.61695124203758,-8.172234538268821,-3.245245978439013,-10.38598650025147,-6.68429947001575,-3.850665382860811,-9.033390264336152,0.0002829789760060622,-0.004930158283730969,0.00869559801566458,0.7085405086919387,-0.28829495448657044,0.6440934456739605,0.9901291831965912,0.07930162550662628,0.11556579413675062,-0.11519690449062567,-0.009226373623232928,0.9932998274567162,0.0798365441275403,-0.996807968578588,0.0,41.13866987936412,-26.257948777801484,0.07347693506326003,106.02174888503467,NONE
0.0014899926027283072,0.04469977808184922,-7.387832373434352,-3.5670926507216576,-9.669472779406222,-7.503637597261565,-3.522140556662843,-9.61695124203758,-8.171534256419445,-3.2517833244507064,-10.38321155391754,-6.6833683976054035,-3.850521932216706,-9.027898137681023,0.0002875336071266799,-0.004920324851570477,0.008701016628796545,0.7086504089590677,-0.2851136227457143,0.6453873410650078,0.9901291831965912,0.07930162550662628,0.11556579413675062,-0.11519690449062567,-0.009226373623232928,0.9932998274567162,0.0798365441275403,-0.996807968578588,0.0,41.09417877359279,-26.54959501420436,0.0745372811943028,106.04852726204032,NONE
0.0014999924460425973,0.04499977338127792,-7.3870102614701265,-3.5701115663748864,-9.665267142726096,-7.503637597261565,-3.522140556662843,-9.61695124203758,-8.170655546364701,-3.258221957209289,-10.380568890260498,-6.68259716125694,-3.850466888803929,-9.022287555812094,0.0002920715559487686,-0.0049104788250754405,0.008706426045175098,0.7085992310036957,-0.2820213959974478,0.6468006354516218,0.9901291831965912,0.07930162550662628,0.11556579413675062,-0.11519690449062567,-0.009226373623232928,0.9932998274567162,0.0798365441275403,-0.996807968578588,0.0,41.06297364084637,-26.84225723732062,0.07559790106615871,106.07526868150417,NONE
0.0015099924057722092,0.045299772173166275,-7.386187873834419,-3.5731302957636,-9.661061729563388,-7.503637597261565,-3.522140556662843,-9.61695124203758,-8.169598734327147,-3.2645613429215827,-10.37805843518536,-6.681985496026959,-3.8505007041496135,-9.016558557037104,0.0002965929120166085,-0.0049006200099722015,0.008711826371538157,0.708387256333423,-0.2790187434419195,0.6483332753086932,0.9901291831965912,0.07930162550662628,0.11556579413675062,-0.11519690449062567,-0.009226373623232928,0.9932998274567162,0.0798365441275403,-0.996807968578588,0.0,41.04505885511051,-27.13567122949841,0.07665878282850436,106.10196800943359,NONE
0.001519992365501821,0.04559977096505463,-7.385365210527229,-3.5761488537889603,-9.656856554819258,-7.503637597261565,-3.522140556662843,-9.61695124203758,-8.168364046013293,-3.2708010789729607,-10.37568004560898,-6.681533199029507,-3.8506237684568547,-9.010711298268172,0.00030109760634138553,-0.004890748555827351,0.008717217525674342,0.7080146890398988,-0.27610604261137806,0.6499851177813375,0.9901291831965912,0.07930162550662628,0.11556579413675062,-0.11519690449062567,-0.009226373623232928,0.9932998274567162,0.0798365441275403,-0.996807968578588,0.0,41.04043515037055,-27.429574429468378,0.07771992357759139,106.12864790808713,NONE
0.001529992325231433,0.04589976975694299,-7.3845422566473955,-3.5791672255498055,-9.652651603592547,-7.503637597261565,-3.522140556662843,-9.61695124203758,-8.166951627854353,-3.2769407684589504,-10.373433398139678,-6.6812401103429115,-3.8508364102045154,-9.004746041904042,0.00030558562292258643,-0.004880864497703816,0.008722599488434497,0.7074816750054485,-0.27328363892645935,0.6517558839217318,0.9901291831965912,0.07930162550662628,0.11556579413675062,-0.11519690449062567,-0.009226373623232928,0.9932998274567162,0.0798365441275403,-0.996807968578588,0.0,41.04909882203628,-27.723700226583617,0.07878134097124168,106.155314618152,NONE
0.0015399922849610448,0.046199768548831344,-7.3837190196455,-3.5821854184967163,-9.648446890784415,-7.503637597261565,-3.522140556662843,-9.61695124203758,-8.165361600142852,-3.2829801157312755,-10.371318050825554,-6.681106135984944,-3.8511389092965542,-8.998663213507795,0.0003100569458188962,-0.004870967870709324,0.00872797224070207,0.70678831626567,-0.2705518064596566,0.6536451606275046,0.9901291831965912,0.07930162550662628,0.11556579413675062,-0.11519690449062567,-0.009226373623232928,0.9932998274567162,0.0798365441275403,-0.996807968578588,0.0,41.0710401999435,-28.01778185828605,0.07984302531951215,106.18198164059605,NONE
0.0015499922446906567,0.0464997673407197,-7.382895506972122,-3.5852034251791123,-9.6442424014937,-7.503637597261565,-3.522140556662843,-9.61695124203758,-8.16359397821724,-3.2889188574764407,-10.36933343219641,-6.681131276315834,-3.8515314882757217,-8.99246329847417,0.00031451155914836266,-0.004861058709996272,0.008733335763393253,0.7059346199530503,-0.2679107765710863,0.6556524446296375,0.9901291831965912,0.07930162550662628,0.11556579413675062,-0.11519690449062567,-0.009226373623232928,0.9932998274567162,0.0798365441275403,-0.996807968578588,0.0,41.106247846604845,-28.311553762364515,0.08090497155827236,106.20866005629367,NONE
0.0015599922044202685,0.046799766132608056,-7.382071711176681,-3.588221253047574,-9.640038135720404,-7.503637597261565,-3.522140556662843,-9.61695124203758,-8.161648720160604,-3.294756820369612,-10.367478830681458,-6.681315554866537,-3.852014317090316,-8.986146936429021,0.0003189494470883277,-0.004851137050761478,0.008738690037457086,0.704920554901937,-0.2653607127241447,0.6577770925011599,0.9901291831965912,0.07930162550662628,0.11556579413675062,-0.11519690449062567,-0.009226373623232928,0.9932998274567162,0.0798365441275403,-0.996807968578588,0.0,41.154704058597844,-28.60475168694044,0.08196718647371704,106.23536013323003,NONE
0.0015699921641498804,0.04709976492449641,-7.381247632259178,-3.591238902102101,-9.635834100915107,-7.503637597261565,-3.522140556662843,-9.61695124203758,-8.159525757007197,-3.300493883803239,-10.36575337435693,-6.681659033629872,-3.8525875041535946,-8.979714925286196,0.00032337059387558187,-0.004841202928246176,0.00874403504387541,0.7037460587511072,-0.26290172397635975,0.6600183090813022,0.9901291831965912,0.07930162550662628,0.11556579413675062,-0.11519690449062567,-0.009226373623232928,0.9932998274567162,0.0798365441275403,-0.996807968578588,0.0,41.21638456142206,-28.897112171164597,0.0830296692048158,106.26209426567848,NONE
0.0015799921238794923,0.04739976371638477,-7.380423277670192,-3.5942563648921135,-9.631630282176646,-7.503637597261565,-3.522140556662843,-9.61695124203758,-8.157224892729307,-3.306129978549836,-10.364156109164083,-6.682161902961587,-3.8532510975457916,-8.973168094346512,0.0003277749838063648,-0.00483125637773585,0.008749370763662938,0.7024109475084381,-0.26053386618855023,0.6623752451512247,0.9901291831965912,0.07930162550662628,0.11556579413675062,-0.11519690449062567,-0.009226373623232928,0.9932998274567162,0.0798365441275403,-0.996807968578588,0.0,41.29126544668068,-29.188378526743712,0.08409241468743467,106.28887222111437,NONE
0.0015899920836091042,0.047699762508273125,-7.379598632508563,-3.5972736488681916,-9.627426694406184,-7.503637597261565,-3.522140556662843,-9.61695124203758,-8.154745924841862,-3.3116651115753872,-10.362685893248715,-6.682824316578348,-3.8540051051530893,-8.966507498310198,0.00033216260123640614,-0.0048212974345601435,0.008754697177867346,0.700915051554054,-0.25825713979890574,0.664846854732627,0.9901291831965912,0.07930162550662628,0.11556579413675062,-0.11519690449062567,-0.009226373623232928,0.9932998274567162,0.0798365441275403,-0.996807968578588,0.0,41.37931302388834,-29.478294500423303,0.08515543536274528,106.31571263449817,NONE
0.001599992043338716,0.04799976130016148,-7.378773711675453,-3.6002907465797547,-9.62322332270256,-7.503637597261565,-3.522140556662843,-9.61695124203758,-8.152088565811294,-3.3170993186098006,-10.361341472029576,-6.683646561237713,-3.8548494807102758,-8.95973423661559,0.00033653343058094,-0.004811326134092774,0.008760014267569397,0.6992580974159914,-0.256071505762131,0.6674320168638025,0.9901291831965912,0.07930162550662628,0.11556579413675062,-0.11519690449062567,-0.009226373623232928,0.9932998274567162,0.0798365441275403,-0.996807968578588,0.0,41.480493057542176,-29.76661036396625,0.08621871878957599,106.34261953312794,NONE
0.001609992003068328,0.04829976009204984,-7.377864509874629,-3.6030316959720734,-9.619363035334262,-7.503637597261565,-3.522140556662843,-9.61695124203758,-8.149718210551194,-3.322621042976854,-10.36006768720802,-6.684050779753423,-3.8550908115140503,-8.953548960744484,0.00034088745631484713,-0.0048013425117512136,0.008765322013883034,0.6979368718084626,-0.25355703263676016,0.6697708221254928,0.9901291831965912,0.07930162550662628,0.11556579413675062,-0.11519690449062567,-0.009226373623232928,0.9932998274567162,0.0798365441275403,-0.996807968578588,0.0,41.552972683507534,-30.065272936464385,0.08734770145905735,168.88539143416702,NONE
0.001619991846382618,0.04859975539147854,-7.376221858018684,-3.603230522165883,-9.618685367776068,-7.503637597261565,-3.522140556662843,-9.61695124203758,-8.15142177597103,-3.329717350555249,-10.358474042352062,-6.679400237298687,-3.8490895413894948,-8.953694658579385,0.0003452246126015212,-0.004791346719452847,0.008770620336340924,0.700962637463021,-0.24732009087345033,0.6689425637012748,0.9901291831965912,0.07930162550662628,0.11556579413675062,-0.11519690449062567,-0.009226373623232928,0.9932998274567162,0.0798365441275403,-0.996807968578588,0.0,41.25888456306716,-30.475236997249503,0.08903668694862255,168.91365065683408,NONE
0.0016299918061122298,0.048899754183366895,-7.374578915590095,-3.6034292142492417,-9.618007834328326,-7.503637597261565,-3.522140556662843,-9.61695124203758,-8.152921272349838,-3.336719574348216,-10.356980631206731,-6.67493257926826,-3.843172587840393,-8.953750511715384,0.00034954498497573344,-0.004781338559934187,0.008775909339462465,0.7038041395626563,-0.2411681016629414,0.6682048188054034,0.9901291831965912,0.07930162550662628,0.11556579413675062,-0.11519690449062567,-0.009226373623232928,0.9932998274567162,0.0798365441275403,-0.996807968578588,0.0,40.97868300566364,-30.88896403856857,0.0907259552792361,168.9416176980671,NONE
0.0016399917658418417,0.04919975297525525,-7.372935682588863,-3.603627764771569,-9.617330457342776,-7.503637597261565,-3.522140556662843,-9.61695124203758,-8.154218471800835,-3.3436253310330057,-10.355590295475615,-6.670646212722341,-3.8373420790705373,-8.953714008209161,0.0003538485075225168,-0.004771318185055569,0.008781188942736747,0.7064629805135686,-0.23510321335120557,0.6675601367935498,0.9901291831965912,0.07930162550662628,0.11556579413675062,-0.11519690449062567,-0.009226373623232928,0.9932998274567162,0.0798365441275403,-0.996807968578588,0.0,40.71244625310362,-31.30613834509491,0.0924155044586481,168.969293413725,NONE
0.0016499917255714536,0.04949975176714361,-7.371292166465568,-3.603826173732865,-9.616653236819419,-7.503637597261565,-3.522140556662843,-9.61695124203758,-8.155315147419522,-3.3504323423347735,-10.35430571760845,-6.666539557986009,-3.83160006300477,-8.953582736825975,0.0003581351649557779,-0.004761285630408761,0.008786459127410806,0.7089407568731015,-0.22912748603333155,0.6670109432297491,0.9901291831965912,0.07930162550662628,0.11556579413675062,-0.11519690449062567,-0.009226373623232928,0.9932998274567162,0.0798365441275403,-0.996807968578588,0.0,40.460245522295835,-31.726425887141243,0.09410532710981734,168.99669361658337,NONE
0.0016599916853010654,0.04979975055903196,-7.369648374670791,-3.60402444113313,-9.615976172758254,-7.503637597261565,-3.522140556662843,-9.61695124203758,-8.15621301325327,-3.357138411171939,-10.353129486805173,-6.662611088462289,-3.825948514583893,-8.953354370152661,0.0003624049420492724,-0.0047512409316288395,0.00879171987476505,0.7112390118052289,-0.2232429063866448,0.6665595793583386,0.9901291831965912,0.07930162550662628,0.11556579413675062,-0.11519690449062567,-0.009226373623232928,0.9932998274567162,0.0798365441275403,-0.996807968578588,0.0,40.222148244604504,-32.14947596044336,0.09579541585570972,169.02380551521125,NONE
0.0016699916450306773,0.05009974935092032,-7.368004292303371,-3.6042225595217827,-9.615299265159281,-7.503637597261565,-3.522140556662843,-9.61695124203758,-8.15691380031886,-3.363741450226416,-10.352064000406273,-6.658859219856962,-3.820389295935242,-8.953026753237129,0.0003666578236368046,-0.004741184124393999,0.008796971166113365,0.7133593240294751,-0.217451355099441,0.6662082129376878,0.9901291831965912,0.07930162550662628,0.11556579413675062,-0.11519690449062567,-0.009226373623232928,0.9932998274567162,0.0798365441275403,-0.996807968578588,0.0,39.998210377802366,-32.57492028425103,0.09748578604123992,169.05062893251463,NONE
0.0016799916047602892,0.050399748142808676,-7.366359941715049,-3.604420521448243,-9.614622521473082,-7.503637597261565,-3.522140556662843,-9.61695124203758,-8.157419186287614,-3.3702394843216275,-10.35111160102235,-6.655282486566924,-3.814924168382954,-8.952597794471439,0.0003708937946121115,-0.004731115244425431,0.008802212982803433,0.715303190343185,-0.2117546114577744,0.6659589555004336,0.9901291831965912,0.07930162550662628,0.11556579413675062,-0.11519690449062567,-0.009226373623232928,0.9932998274567162,0.0798365441275403,-0.996807968578588,0.0,39.78848496938526,-33.00237951861098,0.09917641526511112,169.07719509195317,NONE
0.001689991564489901,0.05069974693469703,-7.364715315455245,-3.6046183343630913,-9.613945949150237,-7.503637597261565,-3.522140556662843,-9.61695124203758,-8.157730788420489,-3.3766305991388577,-10.350274478472423,-6.6518794207001015,-3.809554866842185,-8.952065539590908,0.0003751128399290851,-0.004721034327487156,0.008807445306216358,0.7170720798668514,-0.20615441319206057,0.6658137804197695,0.9901291831965912,0.07930162550662628,0.11556579413675062,-0.11519690449062567,-0.009226373623232928,0.9932998274567162,0.0798365441275403,-0.996807968578588,0.0,39.59301817008613,-33.43145591271405,0.10086730945248057,169.10349120209582,NONE
0.001699991524219513,0.05099974572658539,-7.36307042097454,-3.6048159833651665,-9.613269540740164,-7.503637597261565,-3.522140556662843,-9.61695124203758,-8.157850195267173,-3.3829129778311318,-10.349554687527096,-6.64864860846848,-3.8042829961678817,-8.951428127429192,0.0003793149446015728,-0.004710941409386036,0.008812668117767016,0.718667422285092,-0.2006523896841666,0.6657745524275729,0.9901291831965912,0.07930162550662628,0.11556579413675062,-0.11519690449062567,-0.009226373623232928,0.9932998274567162,0.0798365441275403,-0.996807968578588,0.0,39.41184900941909,-33.86174121685289,0.10255846326903217,169.12954730219346,NONE
0.0017099914839491248,0.051299744518473744,-7.361425250822353,-3.6050134833556298,-9.612593311144026,-7.503637597261565,-3.522140556662843,-9.61695124203758,-8.157778941493977,-3.3890849296299708,-10.348954166912698,-6.645588656223715,-3.7991101044753544,-8.950683843574874,0.00038350009370360965,-0.004700836525971445,0.008817881398904086,0.7200906120334577,-0.1952500832597065,0.6658430111132491,0.9901291831965912,0.07930162550662628,0.11556579413675062,-0.11519690449062567,-0.009226373623232928,0.9932998274567162,0.0798365441275403,-0.996807968578588,0.0,39.245008893828384,-34.292815796848906,0.10424988118805167,169.1553509033267,NONE
0.0017199914436787367,0.0515997433103621,-7.359779812449264,-3.6052108119827393,-9.611917256636533,-7.503637597261565,-3.522140556662843,-9.61695124203758,-8.157518512788437,-3.395144754527321,-10.348474700665879,-6.642698242639839,-3.7940376774460334,-8.94983107729633,0.00038766827236949526,-0.0046907197131353376,0.008823085131110131,0.7213429857850465,-0.18994901091367272,0.6660207730331178,0.9901291831965912,0.07930162550662628,0.11556579413675062,-0.11519690449062567,-0.009226373623232928,0.9932998274567162,0.0798365441275403,-0.996807968578588,0.0,39.09252363792515,-34.72424542500047,0.10594155803554806,169.18091723908583,NONE
0.0017299914034083486,0.05189974210225046,-7.358134113305854,-3.6054079841476563,-9.611241377217683,-7.503637597261565,-3.522140556662843,-9.61695124203758,-8.157070368441394,-3.4010909669931157,-10.34811793920063,-6.639976070118685,-3.7890670787078986,-8.948868345048322,0.00039181946579390834,-0.00468059100681201,0.008828279295901516,0.7224258563441475,-0.1847505293879919,0.666309330548719,0.9901291831965912,0.07930162550662628,0.11556579413675062,-0.11519690449062567,-0.009226373623232928,0.9932998274567162,0.0798365441275403,-0.996807968578588,0.0,38.9544091034494,-35.155593682704456,0.10763348525279781,169.20626388564028,NONE
0.0017399912467226386,0.05219973740167916,-7.356488153392124,-3.6056049849492195,-9.610565680338057,-7.503637597261565,-3.522140556662843,-9.61695124203758,-8.156435830968341,-3.4069220344753584,-10.347885454384677,-6.637420949860605,-3.7841996575651904,-8.947794248038125,0.0003959536112490844,-0.004670450561131665,0.008833463814554457,0.723340419575112,-0.17965601099515802,0.6667100982602623,0.9901291831965912,0.07930162550662628,0.11556579413675062,-0.11519690449062567,-0.009226373623232928,0.9932998274567162,0.0798365441275403,-0.996807968578588,0.0,38.83068004386839,-35.58641177259391,0.10932566316045289,169.2314059253245,NONE
0.0017499912064522505,0.052499736193567514,-7.354841932708072,-3.6058018218380097,-9.609890165997657,-7.503637597261565,-3.522140556662843,-9.61695124203758,-8.155616257870326,-3.4126366008663127,-10.347778591463614,-6.6350316616176865,-3.7794366471612344,-8.94660757703417,0.0004000707902155596,-0.0046602981759442125,0.008838638789314974,0.7240879029774477,-0.17466668871186752,0.6672242925854496,0.9901291831965912,0.07930162550662628,0.11556579413675062,-0.11519690449062567,-0.009226373623232928,0.9932998274567162,0.0798365441275403,-0.996807968578588,0.0,38.721336583917164,-36.01624745092651,0.11101809116767392,169.25633102047496,NONE
0.0017599911661818624,0.05279973498545587,-7.3531954512537,-3.605998487363446,-9.60921483419648,-7.503637597261565,-3.522140556662843,-9.61695124203758,-8.154612854372312,-3.418233321944739,-10.347798640885095,-6.632807122021896,-3.774779241658965,-8.94530717206236,0.0004041709398863729,-0.004650134005324759,0.008843804141414526,0.7246693963573405,-0.1697837712924884,0.6678530803917788,0.9901291831965912,0.07930162550662628,0.11556579413675062,-0.11519690449062567,-0.009226373623232928,0.9932998274567162,0.0798365441275403,-0.996807968578588,0.0,38.62637855256988,-36.44464428116106,0.11271076986530026,169.28107039455122,NONE
0.0017699911259114742,0.05309973377734423,-7.351548709029006,-3.6061949815255288,-9.608539684934529,-7.503637597261565,-3.522140556662843,-9.61695124203758,-8.153426818821682,-3.423710943188862,-10.34794669305415,-6.630746253887406,-3.7702285687389665,-8.943892052965468,0.0004082540456977879,-0.004639958085375938,0.00884895985250585,0.7250859833020364,-0.1650083931190973,0.6685974476612759,0.9901291831965912,0.07930162550662628,0.11556579413675062,-0.11519690449062567,-0.009226373623232928,0.9932998274567162,0.0798365441275403,-0.996807968578588,0.0,38.54579443538949,-36.87114187893566,0.11440369925333371,169.3056408932817,NONE
0.001779991085641086,0.05339973256923258,-7.349901720935153,-3.6063913043242577,-9.607864725662383,-7.503637597261565,-3.522140556662843,-9.61695124203758,-8.152059251170396,-3.4290683054796878,-10.34822376129064,-6.628848096771029,-3.7657856703249504,-8.942361323025427,0.0004123200931464263,-0.004629770452241788,0.008854105904275798,0.7253386449520799,-0.16034160230726785,0.6694583039358153,0.9901291831965912,0.07930162550662628,0.11556579413675062,-0.11519690449062567,-0.009226373623232928,0.9932998274567162,0.0798365441275403,-0.996807968578588,0.0,38.47956877656174,-37.29528348369925,0.11609686371666683,169.3300275339118,NONE
0.001789991045370698,0.05369973136112094,-7.3482544720709795,-3.6065874483090523,-9.607189952654752,-7.503637597261565,-3.522140556662843,-9.61695124203758,-8.15051115624075,-3.43430428531666,-10.348630695616048,-6.627111719149539,-3.761451542175618,-8.940714211090123,0.0004163690677894592,-0.0046195711421082005,0.00885924227844578,0.7254283033767676,-0.15578440802807497,0.6704364212028213,0.9901291831965912,0.07930162550662628,0.11556579413675062,-0.11519690449062567,-0.009226373623232928,0.9932998274567162,0.0798365441275403,-0.996807968578588,0.0,38.427679153574914,-37.71661141754037,0.11779027903073391,169.3542641849922,NONE
0.0017999910051003098,0.053999730153009295,-7.346606969887065,-3.6067834134799126,-9.606515369636925,-7.503637597261565,-3.522140556662843,-9.61695124203758,-8.148783523249872,-3.4394178324119915,-10.349168175716256,-6.625536245970641,-3.7572271283870933,-8.938950113268742,0.00042040095524479616,-0.004609360191202311,0.008864368956771286,0.7253558463234437,-0.15133775998814386,0.671532410689292,0.9901291831965912,0.07930162550662628,0.11556579413675062,-0.11519690449062567,-0.009226373623232928,0.9932998274567162,0.0798365441275403,-0.996807968578588,0.0,38.390093970573844,-38.134669894552985,0.11948393738798302,169.3783671130659,NONE
0.0018099909648299217,0.05429972894489765,-7.344959221833991,-3.606979207287419,-9.605840976608905,-7.503637597261565,-3.522140556662843,-9.61695124203758,-8.14687721729339,-3.4444079880726135,-10.349836795219554,-6.62412091375396,-3.7531133048695224,-8.937068495953092,0.0004244157411910975,-0.004599137635792837,0.008869485921042433,0.7251220493044904,-0.14700253180805167,0.672746809174506,0.9901291831965912,0.07930162550662628,0.11556579413675062,-0.11519690449062567,-0.009226373623232928,0.9932998274567162,0.0798365441275403,-0.996807968578588,0.0,38.36677853508003,-38.54901199811498,0.12117783082053002,169.40233644355078,NONE
0.0018199909245595336,0.05459972773678601,-7.343311220461177,-3.6071748222809914,-9.605166769845399,-7.503637597261565,-3.522140556662843,-9.61695124203758,-8.144793047971591,-3.4492738251670985,-10.350636961167456,-6.62286498060778,-3.7491108908668114,-8.93506898618256,0.0004284134113674591,-0.004588903512189467,0.008874593153083801,0.7247276511256245,-0.14277955509510126,0.6740799880880459,0.9901291831965912,0.07930162550662628,0.11556579413675062,-0.11519690449062567,-0.009226373623232928,0.9932998274567162,0.0798365441275403,-0.996807968578588,0.0,38.35768943390361,-38.95919506954533,0.12287196772677511,169.42619108808094,NONE
0.0018299908842891455,0.054899726528674364,-7.341662973219203,-3.6073702510100487,-9.604492756796988,-7.503637597261565,-3.522140556662843,-9.61695124203758,-8.14253175332024,-3.454014484189345,-10.351568962221208,-6.62176779726492,-3.745220644834948,-8.932951338629486,0.00043239395157414033,-0.004578657856743275,0.008879690634754479,0.7241733124072951,-0.13866960030743009,0.6755322017103434,0.9901291831965912,0.07930162550662628,0.11556579413675062,-0.11519690449062567,-0.009226373623232928,0.9932998274567162,0.0798365441275403,-0.996807968578588,0.0,38.36277776235351,-39.36478622482047,0.12456634045948967,169.4499471619436,NONE
0.0018399908440187573,0.05519972532056272,-7.34001448755865,-3.6075655009251717,-9.603818933738383,-7.503637597261565,-3.522140556662843,-9.61695124203758,-8.140093983011072,-3.458629148141844,-10.35263293911284,-6.620828793887997,-3.74144331531496,-8.930715419716936,0.0004363573476719227,-0.00456840070584593,0.008884778347948302,0.723459613868131,-0.13467341293957918,0.6771035806647169,0.9901291831965912,0.07930162550662628,0.11556579413675062,-0.11519690449062567,-0.009226373623232928,0.9932998274567162,0.0798365441275403,-0.996807968578588,0.0,38.381989754382204,-39.765360856505225,0.12626094148131095,169.47362108293763,NONE
0.0018499908037483692,0.055499724112451077,-7.338365748578357,-3.6077605645757798,-9.603145304394873,-7.503637597261565,-3.522140556662843,-9.61695124203758,-8.137480284810179,-3.463117084283181,-10.353828907826161,-6.620047449798304,-3.737779546814972,-8.928361222151107,0.0004403035855825639,-0.004558132095930031,0.008889856274593598,0.7225870642913695,-0.13079164882466243,0.6787941360357398,0.9901291831965912,0.07930162550662628,0.11556579413675062,-0.11519690449062567,-0.009226373623232928,0.9932998274567162,0.0798365441275403,-0.996807968578588,0.0,38.415265713106784,-40.16051005110588,0.12795578570663757,169.49721473987492,NONE
0.0018599906470626593,0.05579971941187978,-7.3367167562783235,-3.6079554494124535,-9.602471861315879,-7.503637597261565,-3.522140556662843,-9.61695124203758,-8.13469117269352,-3.46747760970357,-10.355156694540444,-6.619423302986561,-3.7342299673455237,-8.925888888030343,0.00044423260572007,-0.004547852183258767,0.008894924337750751,0.7215561284318854,-0.12702493221045424,0.6806037173857619,0.9901291831965912,0.07930162550662628,0.11556579413675062,-0.11519690449062567,-0.009226373623232928,0.9932998274567162,0.0798365441275403,-0.996807968578588,0.0,38.46253855154656,-40.54983576238004,0.12965087340566406,169.52074543225132,NONE
0.0018699906067922711,0.056099718203768134,-7.335067525559711,-3.6081501405340317,-9.601798608226689,-7.503637597261565,-3.522140556662843,-9.61695124203758,-8.131727025786189,-3.4717100726796986,-10.356616069240637,-6.618956040955656,-3.7307951344402968,-8.923298631187444,0.0004481444854679636,-0.004537560764900245,0.008899982637339189,0.7203671356335871,-0.12337383893361809,0.6825321133586632,0.9901291831965912,0.07930162550662628,0.11556579413675062,-0.11519690449062567,-0.009226373623232928,0.9932998274567162,0.0798365441275403,-0.996807968578588,0.0,38.52374118701868,-40.932957535401925,0.13134619057547958,169.54423045956287,NONE
0.001879990566521883,0.05639971699565649,-7.333418056422519,-3.6083446528416756,-9.601125545127305,-7.503637597261565,-3.522140556662843,-9.61695124203758,-8.12858825327869,-3.4758138829587897,-10.358206520938156,-6.618645295887196,-3.7274756069689676,-8.920590910946368,0.00045203916516006526,-0.004527257997064385,0.008905031096373372,0.7190204559007106,-0.11983891619532286,0.6845788619008513,0.9901291831965912,0.07930162550662628,0.11556579413675062,-0.11519690449062567,-0.009226373623232928,0.9932998274567162,0.0798365441275403,-0.996807968578588,0.0,38.598792935364735,-41.30950531425095,0.1330417360344036,169.56768681879373,NONE
0.0018899905262514949,0.05669971578754485,-7.331768333965587,-3.6085389788848046,-9.600452672017726,-7.503637597261565,-3.522140556662843,-9.61695124203758,-8.125275032674324,-3.479788504981438,-10.35992754681133,-6.618490879929033,-3.7242718521941724,-8.917766179289888,0.0004559166309621294,-0.004516943916345894,0.008910069696921232,0.717516263212043,-0.11642064152987333,0.6867435083435439,0.9901291831965912,0.07930162550662628,0.11556579413675062,-0.11519690449062567,-0.009226373623232928,0.9932998274567162,0.0798365441275403,-0.996807968578588,0.0,38.68761834850094,-41.67913363663032,0.13473752512734904,169.5911149378734,NONE
0.0018999904859811068,0.0569997145794332,-7.330118373090076,-3.608733111212838,-9.599779985172662,-7.503637597261565,-3.522140556662843,-9.61695124203758,-8.121787596360992,-3.483633427489936,-10.361778384729243,-6.618492612485065,-3.721184315533928,-8.914825114218068,0.0004597768691010991,-0.004506618559379755,0.008915098421085574,0.7158547542266321,-0.11311947049713897,0.6890253669100834,0.9901291831965912,0.07930162550662628,0.11556579413675062,-0.11519690449062567,-0.009226373623232928,0.9932998274567162,0.0798365441275403,-0.996807968578588,0.0,38.790130524465,-42.041510137011,0.1364335441216049,169.6145491391201,NONE
0.0019099904457107186,0.05729971337132156,-7.328468158894824,-3.6089270572763565,-9.599107480866822,-7.503637597261565,-3.522140556662843,-9.61695124203758,-8.118126066168529,-3.487348215611084,-10.363758136792901,-6.618650355747626,-3.718213402040473,-8.91176851577192,0.0004636198658651812,-0.004496281962840725,0.008920117251004219,0.7140360525813821,-0.10993580306161388,0.6914236290576102,0.9901291831965912,0.07930162550662628,0.11556579413675062,-0.11519690449062567,-0.009226373623232928,0.9932998274567162,0.0798365441275403,-0.996807968578588,0.0,38.90623881033775,-42.396323412398495,0.1381298076109161,169.63797547273214,NONE
0.0019199904054403305,0.057599712163209915,-7.326817721182155,-3.60912081707536,-9.598435166550788,-7.503637597261565,-3.522140556662843,-9.61695124203758,-8.114290456462314,-3.4909324533451307,-10.3658658492433,-6.6189641533951935,-3.715359485652987,-8.908597255426391,0.0004674456076037419,-0.004485934163443539,0.008925126168850444,0.7120601443176764,-0.10687001538469332,0.6939374256270989,0.9901291831965912,0.07930162550662628,0.11556579413675062,-0.11519690449062567,-0.009226373623232928,0.9932998274567162,0.0798365441275403,-0.996807968578588,0.0,39.0358545881069,-42.7432831916853,0.13982628522610163,169.66142619512198,NONE
0.0019299903651699424,0.05789971095509827,-7.325167030149745,-3.6093143831592682,-9.597763031048688,-7.503637597261565,-3.522140556662843,-9.61695124203758,-8.110280735549608,-3.4943858010393103,-10.368100321768754,-6.619433977324726,-3.71262285753504,-8.905312390911229,0.00047125408072720405,-0.004475575197942992,0.008930125156832277,0.7099270277261344,-0.10392240785510942,0.6965656813607263,0.9901291831965912,0.07930162550662628,0.11556579413675062,-0.11519690449062567,-0.009226373623232928,0.9932998274567162,0.0798365441275403,-0.996807968578588,0.0,39.1788792972151,-43.08212061392407,0.14152300835770149,169.6849189082972,NONE
0.0019399903248995543,0.05819970974698663,-7.323516085797595,-3.6095077629786614,-9.597091074360522,-7.503637597261565,-3.522140556662843,-9.61695124203758,-8.106096795495874,-3.4977079054325517,-10.370460245927083,-6.620059924557804,-3.710003849378317,-8.901915098375682,0.00047504527170776436,-0.004465205103133113,0.008935114197193344,0.7076366052086047,-0.10109330664084054,0.6993072131197149,0.9901291831965912,0.07930162550662628,0.11556579413675062,-0.11519690449062567,-0.009226373623232928,0.9932998274567162,0.0798365441275403,-0.996807968578588,0.0,39.335214339854055,-43.412583428247856,0.1432199764148745,169.70843951120034,NONE
0.0019499902846291661,0.058499708538874984,-7.3218649179280275,-3.609700949082959,-9.596419300211581,-7.503637597261565,-3.522140556662843,-9.61695124203758,-8.10173851028871,-3.5008985131463044,-10.37294416184927,-6.62084216495748,-3.7075026747951174,-8.89840669715941,0.00047881916707848387,-0.004454823915847758,0.008940093272212518,0.7051887358720145,-0.09838293411848241,0.7021606974713616,0.9901291831965912,0.07930162550662628,0.11556579413675062,-0.11519690449062567,-0.009226373623232928,0.9932998274567162,0.0798365441275403,-0.996807968578588,0.0,39.50475619566921,-43.734446465491125,0.14491716004979693,169.73203582218366,NONE
0.001959990244358778,0.05879970733076334,-7.320213496738719,-3.6098939489227417,-9.595747697425994,-7.503637597261565,-3.522140556662843,-9.61695124203758,-8.097205592305752,-3.5039573713034575,-10.375550477504012,-6.621780900474012,-3.705119575242709,-8.894788597106112,0.0004825757534343249,-0.004444431672960146,0.008945062364203856,0.7025831865865424,-0.09579152568535772,0.7051247049513806,0.9901291831965912,0.07930162550662628,0.11556579413675062,-0.11519690449062567,-0.009226373623232928,0.9932998274567162,0.0798365441275403,-0.996807968578588,0.0,39.68740173717504,-44.04750297025536,0.1466145894713229,169.75568069792314,NONE
0.001969990087673068,0.05909970263019204,-7.318561822229671,-3.610086755047429,-9.59507626972905,-7.503637597261565,-3.522140556662843,-9.61695124203758,-8.092497832841408,-3.506884271708539,-10.378277361262901,-6.622876318711351,-3.702854723718646,-8.891062451727283,0.0004863149740961102,-0.004434028532616962,0.008950021397898736,0.6998197686333603,-0.09331926286195565,0.7081975759693419,0.9901291831965912,0.07930162550662628,0.11556579413675062,-0.11519690449062567,-0.009226373623232928,0.9932998274567162,0.0798365441275403,-0.996807968578588,0.0,39.883037353786776,-44.351566677880584,0.148312264839781,169.77942062130646,NONE
0.0019799901638180017,0.05939970491454005,-7.316909909302043,-3.6102793674570206,-9.59440501339546,-7.503637597261565,-3.522140556662843,-9.61695124203758,-8.08761480433629,-3.509679049823526,-10.381123000816004,-6.624128832295258,-3.700708268124974,-8.887229883021343,0.0004900369457872963,-0.004423614168066577,0.008954970528537784,0.696898081924301,-0.09096629442926082,0.7113776751403148,0.9901291831965912,0.07930162550662628,0.11556579413675062,-0.11519690449062567,-0.009226373623232928,0.9932998274567162,0.0798365441275403,-0.996807968578588,0.0,40.091559660796605,-44.646477775046286,0.15001017183161203,169.80324209629947,NONE
0.001989990007132292,0.059699700213968754,-7.315257757955837,-3.6104717861515168,-9.593733924699935,-7.503637597261565,-3.522140556662843,-9.61695124203758,-8.082556210160197,-3.5123415873143964,-10.384085239110002,-6.625538707864484,-3.6986803148312903,-8.883292822874049,0.0004937414823543562,-0.004413189101494233,0.008959909508303898,0.6938178582360539,-0.08873272738899701,0.7146630553504535,0.9901291831965912,0.07930162550662628,0.11556579413675062,-0.11519690449062567,-0.009226373623232928,0.9932998274567162,0.0798365441275403,-0.996807968578588,0.0,40.31284898909407,-44.93209337961654,0.15170831087733205,169.82716418579224,NONE
0.0019999900832772255,0.059999702498316765,-7.31360535328989,-3.6106640111309174,-9.593062996191891,-7.503637597261565,-3.522140556662843,-9.61695124203758,-8.07732151507821,-3.5148717891585988,-10.38716193543162,-6.627106398242133,-3.6967709492526835,-8.879253181409284,0.000497428742754714,-0.004402752884220672,0.008964838549418938,0.6905786270647987,-0.08661864766384991,0.7180517876296832,0.9901291831965912,0.07930162550662628,0.11556579413675062,-0.11519690449062567,-0.009226373623232928,0.9932998274567162,0.0798365441275403,-0.996807968578588,0.0,40.546796141155035,-45.20829539234182,0.1534066975920485,169.85118731771422,NONE
0.0020099899265915155,0.060299697797745466,-7.311952710205364,-3.610856049845803,-9.592392231596621,-7.503637597261565,-3.522140556662843,-9.61695124203758,-8.071910268783125,-3.517269599654297,-10.390350711951221,-6.628832336501816,-3.694980235606985,-8.875113103114906,0.0005010985425484768,-0.0043923060395081315,0.008969757405057979,0.6871799677530044,-0.08462411235842295,0.7215417184934834,0.9901291831965912,0.07930162550662628,0.11556579413675062,-0.11519690449062567,-0.009226373623232928,0.9932998274567162,0.0798365441275403,-0.996807968578588,0.0,40.79328310470579,-45.47498361980939,0.15510531620032708,169.87532967325845,NONE
0.0020199900027364492,0.06059970008209348,-7.310299813801097,-3.6110478873950127,-9.591721623463544,-7.503637597261565,-3.522140556662843,-9.61695124203758,-8.066321868961149,-3.5195350118194924,-10.393649111821569,-6.63071703576335,-3.6933081518745574,-8.870874782285336,0.0005047508637179918,-0.004381848008876655,0.008974666184663015,0.6836213491418086,-0.0827491143119359,0.725130633112492,0.9901291831965912,0.07930162550662628,0.11556579413675062,-0.11519690449062567,-0.009226373623232928,0.9932998274567162,0.0798365441275403,-0.996807968578588,0.0,41.05219568038475,-45.732082998595224,0.1568041834989593,169.8996079727354,NONE
0.0020299898460507393,0.06089969538152218,-7.308646664077091,-3.6112395386797074,-9.591051164342078,-7.503637597261565,-3.522140556662843,-9.61695124203758,-8.060555843488437,-3.5216680291842413,-10.397054378648571,-6.6327609204154605,-3.6917547231779646,-8.866540682475513,0.0005083856984595435,-0.004371379426098429,0.00897956474379067,0.6799023443204653,-0.080993663806535,0.7288160457966946,0.9901291831965912,0.07930162550662628,0.11556579413675062,-0.11519690449062567,-0.009226373623232928,0.9932998274567162,0.0798365441275403,-0.996807968578588,0.0,41.32340805012278,-45.97953031292356,0.15850329916729322,169.92400929929636,NONE
0.0020399896893650293,0.06119969068095088,-7.306993275934505,-3.6114309962493065,-9.590380857957514,-7.503637597261565,-3.522140556662843,-9.61695124203758,-8.054611568918274,-3.523668707259084,-10.400563750578662,-6.634964579165613,-3.690319885471329,-8.86211329336963,0.0005120031193088886,-0.004360900085118468,0.008984453179569973,0.6760223760726953,-0.07935770391059294,0.732595455813825,0.9901291831965912,0.07930162550662628,0.11556579413675062,-0.11519690449062567,-0.009226373623232928,0.9932998274567162,0.0798365441275403,-0.996807968578588,0.0,41.60680216787486,-46.21728778470145,0.1602026486115804,169.94855183413426,NONE
0.002049989765509963,0.06149969296529889,-7.305339634472179,-3.61162226010381,-9.589710693133982,-7.503637597261565,-3.522140556662843,-9.61695124203758,-8.04848842608326,-3.5255371482277154,-10.404174245362693,-6.637328540283217,-3.6890035469024625,-8.857595274468183,0.000515603197225822,-0.00435040977890629,0.00898933158821471,0.6719808980000199,-0.07784114222607007,0.7364661766164337,0.9901291831965912,0.07930162550662628,0.11556579413675062,-0.11519690449062567,-0.009226373623232928,0.9932998274567162,0.0798365441275403,-0.996807968578588,0.0,41.90225453210198,-46.44533491137327,0.16190224787744611,169.973251113351,NONE
0.002059989608824253,0.06179968826472759,-7.3036857396901125,-3.6118133302432183,-9.589040669871482,-7.503637597261565,-3.522140556662843,-9.61695124203758,-8.042185698234325,-3.527273473451294,-10.407882824814996,-6.639853448048846,-3.6878055983806957,-8.852989356774376,0.0005191857513982845,-0.004339909032974748,0.008994199725006447,0.6677772619930853,-0.07644386901400077,0.7404254609717233,0.9901291831965912,0.07930162550662628,0.11556579413675062,-0.11519690449062567,-0.009226373623232928,0.9932998274567162,0.0798365441275403,-0.996807968578588,0.0,42.209646881306995,-46.663669509880954,0.1636020969648868,169.99808117783115,NONE
0.0020699896849691868,0.062099690549075603,-7.301377177292156,-3.611672871897805,-9.590800582690152,-7.503637597261565,-3.522140556662843,-9.61695124203758,-8.038473831577642,-3.528980669652398,-10.411094537804832,-6.638806305737867,-3.686004296676274,-8.8534442568798,0.0005227509363070919,-0.004329397395867587,0.008999057799567521,0.6665083456379881,-0.07477315572565513,0.7417382290119198,0.9901291831965912,0.07930162550662628,0.11556579413675062,-0.11519690449062567,-0.009226373623232928,0.9932998274567162,0.0798365441275403,-0.996807968578588,0.0,42.29249039808217,-46.83482306325546,0.16569562481893918,217.0257356767803,NONE
0.002079989528283477,0.062399685848504305,-7.2989379168093675,-3.6114678766232613,-9.593059930277976,-7.503637597261565,-3.522140556662843,-9.61695124203758,-8.035167828871739,-3.5305663805025613,-10.414310266886007,-6.637146153594322,-3.684189648568758,-8.854843920034243,0.0005262985729048335,-0.0043188753941783104,0.009003905568207586,0.6657246072749609,-0.07315393717437939,0.7426030223103636,0.9901291831965912,0.07930162550662628,0.11556579413675062,-0.11519690449062567,-0.009226373623232928,0.9932998274567162,0.0798365441275403,-0.996807968578588,0.0,42.33909996333108,-46.98994815829174,0.1678659609686406,217.04473549320429,NONE
0.0020899896044284105,0.06269968813285232,-7.296498447710323,-3.611262687633622,-9.59531941570154,-7.503637597261565,-3.522140556662843,-9.61695124203758,-8.031705710439399,-3.5320173742559566,-10.417646669297598,-6.6356259366125085,-3.682495728844655,-8.856135372536752,0.0005298288141544413,-0.004308342575524826,0.009008743239663703,0.6647998922985193,-0.07165635932795167,0.7435768079813548,0.9901291831965912,0.07930162550662628,0.11556579413675062,-0.11519690449062567,-0.009226373623232928,0.9932998274567162,0.0798365441275403,-0.996807968578588,0.0,42.397279832339215,-47.13757857196778,0.17003650310821072,217.0637092250951,NONE
0.0020999894477427006,0.06299968343228102,-7.294058799797344,-3.611057312379468,-9.597579042686137,-7.503637597261565,-3.522140556662843,-9.61695124203758,-8.028087591325294,-3.533333642583305,-10.42110342922862,-6.634245607971014,-3.680922559138946,-8.857318905341476,0.0005333414827756579,-0.004297799467573823,0.009013570571277149,0.6637342777877527,-0.07028043645506724,0.7446592970891158,0.9901291831965912,0.07930162550662628,0.11556579413675062,-0.11519690449062567,-0.009226373623232928,0.9932998274567162,0.0798365441275403,-0.996807968578588,0.0,42.466987951653984,-47.27763666559007,0.17220722070814176,217.08267696829563,NONE
0.0021099895238876343,0.06329968571662903,-7.291618958169269,-3.6108517359596375,-9.599838811231765,-7.503637597261565,-3.522140556662843,-9.61695124203758,-8.024313637638507,-3.534515162793113,-10.424679938445607,-6.633004990059875,-3.6794701315531446,-8.858395065185094,0.0005368367302112278,-0.004287245617023819,0.009018387770897014,0.6625279274183958,-0.06902617560001502,0.745849939647863,0.9901291831965912,0.07930162550662628,0.11556579413675062,-0.11519690449062567,-0.009226373623232928,0.9932998274567162,0.0798365441275403,-0.996807968578588,0.0,42.54817020307042,-47.410051543188416,0.17437812970419486,217.10163620313256,NONE
0.0021199893672019243,0.06359968101605773,-7.289178922826099,-3.6106459732752922,-9.602098721338423,-7.503637597261565,-3.522140556662843,-9.61695124203758,-8.020383787377227,-3.5355620315279697,-10.428375611138199,-6.631904138612069,-3.6781383875116305,-8.859364378648321,0.0005403143809506185,-0.004276681552606731,0.009023194596899304,0.6611807851262655,-0.0678935028493622,0.7471482059475608,0.9901291831965912,0.07930162550662628,0.11556579413675062,-0.11519690449062567,-0.009226373623232928,0.9932998274567162,0.0798365441275403,-0.996807968578588,0.0,42.64078305354027,-47.534772179873,0.1765492289146824,217.12060909135454,NONE
0.002129989443346858,0.06389968330040574,-7.286738693767833,-3.6104400168758515,-9.604358765555533,-7.503637597261565,-3.522140556662843,-9.61695124203758,-8.016297977974624,-3.536474312871638,-10.432189651864794,-6.630943109868472,-3.6769272552621173,-8.860227546600024,0.0005437745849144679,-0.004266106820108388,0.009027991256242129,0.6596927943362624,-0.0668823535192758,0.748553383459414,0.9901291831965912,0.07930162550662628,0.11556579413675062,-0.11519690449062567,-0.009226373623232928,0.9932998274567162,0.0798365441275403,-0.996807968578588,0.0,42.744777877568,-47.6517549447767,0.1787205197914794,217.13960822146063,NONE
0.002139989286661148,0.06419967859983444,-7.284298270994472,-3.610233866761315,-9.606618951333674,-7.503637597261565,-3.522140556662843,-9.61695124203758,-8.012056152964233,-3.5372521616409744,-10.436121083228075,-6.630121954586381,-3.675836595640849,-8.860985461763464,0.0005472171683643744,-0.004255521949318709,0.00903277750834004,0.6580639039894527,-0.06599258761898806,0.7500645816498142,0.9901291831965912,0.07930162550662628,0.11556579413675062,-0.11519690449062567,-0.009226373623232928,0.9932998274567162,0.0798365441275403,-0.996807968578588,0.0,42.86010004627486,-47.76097064589293,0.18089200147355555,217.15863873237723,NONE
0.0021499893628060818,0.06449968088418245,-7.281857654506015,-3.6100275229316834,-9.608879271222266,-7.503637597261565,-3.522140556662843,-9.61695124203758,-8.007658159914657,-3.5378957215150426,-10.440168799871394,-6.62944080978528,-3.67486627949575,-8.861639103587915,0.0005506422796965064,-0.004244926485117083,0.009037553559257136,0.6562939762520843,-0.06522407522890823,0.7516808077540377,0.9901291831965912,0.07930162550662628,0.11556579413675062,-0.11519690449062567,-0.009226373623232928,0.9932998274567162,0.0798365441275403,-0.996807968578588,0.0,42.986696674597795,-47.86239926929474,0.18306367482194297,217.17770193373084,NONE
0.002159989206120372,0.06479967618361115,-7.279416844302463,-3.6098209928375367,-9.611139721496018,-7.503637597261565,-3.522140556662843,-9.61695124203758,-8.00310370882682,-3.538405239447391,-10.4443316340536,-6.628899936143251,-3.6740160989899087,-8.862189514673554,0.00055404974694737,-0.004234320958343672,0.009042319169449684,0.6543827488969379,-0.06457659978215127,0.7534010092285934,0.9901291831965912,0.07930162550662628,0.11556579413675062,-0.11519690449062567,-0.009226373623232928,0.9932998274567162,0.0798365441275403,-0.996807968578588,0.0,43.1245188480197,-47.956038686730516,0.185235539676313,217.19682920023683,NONE
0.002169989049434662,0.06509967148303986,-7.276975855284976,-3.6096142690282944,-9.613400305880221,-7.503637597261565,-3.522140556662843,-9.61695124203758,-7.998392531618653,-3.5387809451400356,-10.448608226223024,-6.628499602933041,-3.673285833497984,-8.862637924185508,0.0005574396381201087,-0.004223705160186675,0.00904707443340252,0.6523299660407674,-0.06404994683711815,0.7552239533511986,0.9901291831965912,0.07930162550662628,0.11556579413675062,-0.11519690449062567,-0.009226373623232928,0.9932998274567162,0.0798365441275403,-0.996807968578588,0.0,43.273512681635815,-48.04189428126964,0.18740758144291902,217.2160221440335,NONE
0.0021799891255795956,0.06539967376738787,-7.274534657651233,-3.6094073515039566,-9.615661020649585,-7.503637597261565,-3.522140556662843,-9.61695124203758,-7.9935243770765485,-3.5390231388770097,-10.452996972846988,-6.628239979377336,-3.6726752130968223,-8.862985766453823,0.0005608120196273667,-0.004213078880903428,0.009051819444664275,0.6501354274758152,-0.06364384486657756,0.7571481935205538,0.9901291831965912,0.07930162550662628,0.11556579413675062,-0.11519690449062567,-0.009226373623232928,0.9932998274567162,0.0798365441275403,-0.996807968578588,0.0,43.43361543518096,-48.11998274350559,0.1895798300604259,217.2352838381414,NONE
0.0021899889688938856,0.06569966906681657,-7.272093266302394,-3.609200247715104,-9.617921862078818,-7.503637597261565,-3.522140556662843,-9.61695124203758,-7.988498807152519,-3.5391321535333997,-10.457496286466391,-6.628121487530023,-3.672183952715261,-8.863234461360118,0.0005641667221725091,-0.0042024426528946696,0.009056553965260719,0.6477987236297599,-0.06335799961041008,0.7591722976696536,0.9901291831965912,0.07930162550662628,0.11556579413675062,-0.11519690449062567,-0.009226373623232928,0.9932998274567162,0.0798365441275403,-0.996807968578588,0.0,43.60477567972555,-48.19033430965321,0.19175227061443323,217.25463009533604,NONE
0.0021999890450388193,0.06599967135116458,-7.26965168123846,-3.6089929502111557,-9.620182830167922,-7.503637597261565,-3.522140556662843,-9.61695124203758,-7.983315384690198,-3.5391083581638023,-10.462104390076364,-6.62814452034781,-3.671811706464928,-8.863385606241266,0.0005675038903309285,-0.004191796018803407,0.009061278199007778,0.6453194592106613,-0.06319207061958348,0.7612946589690942,0.9901291831965912,0.07930162550662628,0.11556579413675062,-0.11519690449062567,-0.009226373623232928,0.9932998274567162,0.0798365441275403,-0.996807968578588,0.0,43.78693664630965,-48.252989805629106,0.1939249036957822,217.27404787335084,NONE
0.0022099888883531094,0.06629966665059328,-7.26720990245943,-3.6087854664426926,-9.622443917466315,-7.503637597261565,-3.522140556662843,-9.61695124203758,-7.977973742644794,-3.5389521680408706,-10.466819263380687,-6.628309407764616,-3.6715581152080814,-8.863441002979126,0.0005708233565871276,-0.004181139512061323,0.009065991908981738,0.6426973023238945,-0.06314568912724322,0.7635134573340765,0.9901291831965912,0.07930162550662628,0.11556579413675062,-0.11519690449062567,-0.009226373623232928,0.9932998274567162,0.0798365441275403,-0.996807968578588,0.0,43.98003298695479,-48.307997918641576,0.19609772957466376,217.2935854184676,NONE
0.002219988964498043,0.06659966893494129,-7.264767929965305,-3.608577788959134,-9.624705123973998,-7.503637597261565,-3.522140556662843,-9.61695124203758,-7.972473290086512,-3.538664021007311,-10.471638910745567,-6.628616680962976,-3.6714227712232135,-8.863402445434541,0.0005741252639845526,-0.004170472674428407,0.009070695298094084,0.6399317186302556,-0.06321845248376301,0.7658268882433457,0.9901291831965912,0.07930162550662628,0.11556579413675062,-0.11519690449062567,-0.009226373623232928,0.9932998274567162,0.0798365441275403,-0.996807968578588,0.0,44.184010570440485,-48.35542048439683,0.19827074884192086,217.3132157386181,NONE
0.002229988807812333,0.06689966423437,-7.262325748854923,-3.6083699252110604,-9.62696644224039,-7.503637597261565,-3.522140556662843,-9.61695124203758,-7.966813497007635,-3.538244427693662,-10.476561097455097,-6.6290667880673,-3.671405229656066,-8.86327192822968,0.0005774094467910702,-0.004159796040359461,0.009075388130475082,0.6370222423525406,-0.063409905696383,0.7682329377263882,0.9901291831965912,0.07930162550662628,0.11556579413675062,-0.11519690449062567,-0.009226373623232928,0.9932998274567162,0.0798365441275403,-0.996807968578588,0.0,44.398806531466846,-48.39532824616143,0.20044397652181623,217.33296683298545,NONE
0.002239988883957267,0.067199666518718,-7.259883374029445,-3.608161875198472,-9.62922787971607,-7.503637597261565,-3.522140556662843,-9.61695124203758,-7.960993894498475,-3.537693918219896,-10.481583413513823,-6.629660178872836,-3.671505013985616,-8.863051631839948,0.0005806760465162114,-0.004149109150738224,0.009080070608128694,0.6339684360122091,-0.06371956941224763,0.7707294198447023,0.9901291831965912,0.07930162550662628,0.11556579413675062,-0.11519690449062567,-0.009226373623232928,0.9932998274567162,0.0798365441275403,-0.996807968578588,0.0,44.624352736321505,-48.42779897199732,0.2026173969992442,217.35282842981192,NONE
0.002249988727271557,0.0674996618181467,-7.257440805488872,-3.607953631470788,-9.631489428950461,-7.503637597261565,-3.522140556662843,-9.61695124203758,-7.95501378340664,-3.5370130623901477,-10.486703453043958,-6.63039748184263,-3.671721597871178,-8.862743704743698,0.0005839248992134814,-0.0041384125410348005,0.009084742496242644,0.6307696674114331,-0.06414692165763372,0.7733141658572664,0.9901291831965912,0.07930162550662628,0.11556579413675062,-0.11519690449062567,-0.009226373623232928,0.9932998274567162,0.0798365441275403,-0.996807968578588,0.0,44.86059216516554,-48.45292267752103,0.20479101172607805,217.37281709815232,NONE
0.0022599888034164906,0.06779966410249472,-7.254998043233203,-3.6077452089291695,-9.6337510750424,-7.503637597261565,-3.522140556662843,-9.61695124203758,-7.948872602429846,-3.5362024935988483,-10.491918533555928,-6.6312792015272635,-3.6720544402547697,-8.862350529915773,0.0005871561448565113,-0.00412770575126328,0.009089403995910772,0.6274254290012299,-0.0646914031694864,0.7759847636381694,0.9901291831965912,0.07930162550662628,0.11556579413675062,-0.11519690449062567,-0.009226373623232928,0.9932998274567162,0.0798365441275403,-0.996807968578588,0.0,45.107455809637,-48.470794655276286,0.206964821242698,217.3929492558055,NONE
0.0022699886467307806,0.06809965940192342,-7.252555072361278,-3.6075366001230362,-9.636012825442466,-7.503637597261565,-3.522140556662843,-9.61695124203758,-7.942569719586655,-3.535262870882257,-10.49722589173025,-6.632305877714588,-3.672502934585592,-8.861874605431996,0.0005903696212869369,-0.00411698931790147,0.00909405487338134,0.6239351627962227,-0.06535241128730251,0.7787387077610733,0.9901291831965912,0.07930162550662628,0.11556579413675062,-0.11519690449062567,-0.009226373623232928,0.9932998274567162,0.0798365441275403,-0.996807968578588,0.0,45.364875687245885,-48.481518787151366,0.2091388400329901,217.4132109529697,NONE
0.0022799884900450706,0.06839965470135212,-7.250111892873096,-3.607327805052388,-9.63827467270008,-7.503637597261565,-3.522140556662843,-9.61695124203758,-7.936104413129507,-3.5341949053999064,-10.502622688264076,-6.633478159178284,-3.673066441607465,-8.86131846937339,0.0005935653926400545,-0.004106263029905457,0.00909869522085616,0.620298216167249,-0.06612930295598043,0.7815734375669922,0.9901291831965912,0.07930162550662628,0.11556579413675062,-0.11519690449062567,-0.009226373623232928,0.9932998274567162,0.0798365441275403,-0.996807968578588,0.0,45.63278823939888,-48.485207540069396,0.21131306895798474,217.43360541392155,NONE
0.0022899885661900043,0.06869965698570013,-7.247668519669818,-3.607118823717225,-9.640536616815242,-7.503637597261565,-3.522140556662843,-9.61695124203758,-7.929476179341652,-3.532999342180472,-10.508105789007454,-6.634796527001418,-3.673744291619481,-8.860684939004763,0.0005967435214486972,-0.004095526675338118,0.009103325129584098,0.616514120162016,-0.06702140449476611,0.7844861190488998,0.9901291831965912,0.07930162550662628,0.11556579413675062,-0.11519690449062567,-0.009226373623232928,0.9932998274567162,0.0798365441275403,-0.996807968578588,0.0,45.911114563867656,-48.48197562424324,0.2134874932636066,217.45414714180993,NONE
0.0022999884095042944,0.06899965228512883,-7.245224937850284,-3.6069096635681275,-9.64279864288679,-7.256074061067632,-3.5023126481742097,-9.58805614719027,-7.922684186620682,-3.531676990751531,-10.513672148090077,-6.636261700409695,-3.674535771090988,-8.85997672394128,0.0005999038482411198,-0.0040847807921742425,0.009107944367411082,0.612582136290946,-0.06802799063783663,0.7874740114994271,0.9783810176486952,-0.05084982866417835,0.20046166523684114,-0.2001914651230658,0.010404639417476854,0.9797015467837502,-0.0519033871398005,-0.9986521107990591,0.0,40.477910188576544,-54.58671234325306,0.2245007133366439,192.67633628762835,NONE
0.002309988485649228,0.06929965456947684,-7.242781147414493,-3.6067003246050957,-9.645060758365306,-7.256074061067632,-3.5023126481742097,-9.58805614719027,-7.915727883159554,-3.5302287068557114,-10.519318405399405,-6.63787417541849,-3.675440110801102,-8.859196858711746,0.0006030465091419811,-0.004074024918282976,0.00911255313314241,0.6085017655909829,-0.0691482875930431,0.7905340698512662,0.9783810176486952,-0.05084982866417835,0.20046166523684114,-0.2001914651230658,0.010404639417476854,0.9797015467837502,-0.0519033871398005,-0.9986521107990591,0.0,40.770223803777476,-54.48872819943523,0.2264275592239482,192.6938803237928,NONE
0.002319988328963518,0.06959964986890554,-7.240337163263606,-3.606490799377549,-9.647322948349627,-7.256074061067632,-3.5023126481742097,-9.58805614719027,-7.908606597494347,-3.528655379315411,-10.525041161402891,-6.639634583897589,-3.676456497645921,-8.858348370835763,0.0006061713464736165,-0.00406325959262746,0.009117151195693068,0.6042723874270278,-0.07038148491929025,0.7936632336033944,0.9783810176486952,-0.05084982866417835,0.20046166523684114,-0.2001914651230658,0.010404639417476854,0.9797015467837502,-0.0519033871398005,-0.9986521107990591,0.0,41.071824121127975,-54.38190727494721,0.22835457023134964,192.71163275727451,NONE
0.002329988405108452,0.06989965215325356,-7.237892955595302,-3.6062811027866486,-9.649585220290335,-7.256074061067632,-3.5023126481742097,-9.58805614719027,-7.901319681080983,-3.526957946431183,-10.53083686859852,-6.641543452227179,-3.6775841164895464,-8.857434463285191,0.0006092784948175525,-0.004052484352230378,0.009121738752947878,0.5998934423113351,-0.07172674764683967,0.7968582882444429,0.9783810176486952,-0.05084982866417835,0.20046166523684114,-0.2001914651230658,0.010404639417476854,0.9797015467837502,-0.0519033871398005,-0.9986521107990591,0.0,41.38265878165091,-54.26651339332479,0.23028177478103906,192.72958191194286,NONE
0.002339988248422742,0.07019964745268226,-7.235448554211902,-3.6060712199312333,-9.651847551835688,-7.256074061067632,-3.5023126481742097,-9.58805614719027,-7.893866470985186,-3.5251374283224917,-10.536701900933043,-6.643601432905516,-3.6788220220582333,-8.856458353049604,0.0006123677982923209,-0.004041699737035333,0.009126315574894479,0.5953643038474616,-0.07318313987416272,0.8001159751825895,0.9783810176486952,-0.05084982866417835,0.20046166523684114,-0.2001914651230658,0.010404639417476854,0.9797015467837502,-0.0519033871398005,-0.9986521107990591,0.0,41.702680092541094,-54.14281830060671,0.23220914743793486,192.7477493192537,NONE
0.0023499883245676756,0.07049964973703027,-7.233003944212245,-3.605861165712464,-9.654109950436267,-7.256074061067632,-3.5023126481742097,-9.58805614719027,-7.8862463921169015,-3.5231948503418864,-10.542632451798681,-6.6458090145812,-3.680169320965671,-8.855423476009157,0.0006154393899344765,-0.004030905283225516,0.009130881858494207,0.5906844654931911,-0.07474974791608818,0.8034328456140589,0.9783810176486952,-0.05084982866417835,0.20046166523684114,-0.2001914651230658,0.010404639417476854,0.9797015467837502,-0.0519033871398005,-0.9986521107990591,0.0,42.03183142653906,-54.01108997181247,0.23413670204521608,192.7661204382509,NONE
0.0023599881678819656,0.07079964503645897,-7.231411233598041,-3.6044541757207993,-9.652202251626166,-7.256074061067632,-3.5023126481742097,-9.58805614719027,-7.88413181346523,-3.5177477649596387,-10.540723210196923,-6.644685407385673,-3.682393943610609,-8.853517164003364,0.0006184931156610324,-0.00402010153171716,0.009135437374810677,0.5902125743235985,-0.07840294221474779,0.8034314505683616,0.9783810176486952,-0.05084982866417835,0.20046166523684114,-0.2001914651230658,0.010404639417476854,0.9797015467837502,-0.0519033871398005,-0.9986521107990591,0.0,42.05546207683204,-53.697925995943876,0.23600585515699635,186.46737820540423,NONE
0.0023699882440268993,0.07109964732080698,-7.2298893929064745,-3.602952570806134,-9.649946595801028,-7.256074061067632,-3.5023126481742097,-9.58805614719027,-7.882335154354455,-3.5119185821002574,-10.53823652152213,-6.643410598990991,-3.684782367329067,-8.851469181942125,0.0006215291069617017,-0.004009288017860645,0.009139982319879043,0.5899640739826019,-0.08231608820419498,0.8032225426571457,0.9783810176486952,-0.05084982866417835,0.20046166523684114,-0.2001914651230658,0.010404639417476854,0.9797015467837502,-0.0519033871398005,-0.9986521107990591,0.0,42.062819575474634,-53.36226709614168,0.2378706113717861,186.4859223359089,NONE
0.0023799880873411894,0.07139964262023568,-7.22836732869749,-3.601450816879857,-9.64769106663576,-7.256074061067632,-3.5023126481742097,-9.58805614719027,-7.880382407077892,-3.50597107743557,-10.535830474492988,-6.642275672688264,-3.687276866708697,-8.84934895220017,0.0006245472115542222,-0.003998465283536971,0.009144516465842033,0.589574635423633,-0.08633609013006027,0.8030864391870558,0.9783810176486952,-0.05084982866417835,0.20046166523684114,-0.2001914651230658,0.010404639417476854,0.9797015467837502,-0.0519033871398005,-0.9986521107990591,0.0,42.08025363653187,-53.0176971411998,0.23973555330411322,186.5046266173263,NONE
0.002389988163486123,0.07169964490458369,-7.226845040971088,-3.5999489213925484,-9.645435671580943,-7.256074061067632,-3.5023126481742097,-9.58805614719027,-7.878272683356759,-3.4999070846131732,-10.533503973288866,-6.6412814269448885,-3.6898758076447407,-8.847157473950626,0.0006275475593794209,-0.003987632863270566,0.009149040007805701,0.5890434554342235,-0.09046129668169892,0.8030221425420198,0.9783810176486952,-0.05084982866417835,0.20046166523684114,-0.2001914651230658,0.010404639417476854,0.9797015467837502,-0.0519033871398005,-0.9986521107990591,0.0,42.10784549254107,-52.66454609793528,0.24160067983927824,186.52349794316777,NONE
0.002399988006800413,0.0719996402040124,-7.225322514826106,-3.598446876893628,-9.643180403185996,-7.256074061067632,-3.5023126481742097,-9.58805614719027,-7.876005187182809,-3.4937284293570743,-10.531255713905201,-6.640428548991235,-3.692577534859189,-8.844895905205938,0.0006305299999580082,-0.003976791299899331,0.009153552718995369,0.5883698277102735,-0.09469005023910215,0.8030284803329827,0.9783810176486952,-0.05084982866417835,0.20046166523684114,-0.2001914651230658,0.010404639417476854,0.9797015467837502,-0.0519033871398005,-0.9986521107990591,0.0,42.14566519240906,-52.303152873645594,0.24346600667099416,186.54255507705193,NONE
0.002409987850114703,0.0722996355034411,-7.223799765163707,-3.596944690833676,-9.640925261450919,-7.256074061067632,-3.5023126481742097,-9.58805614719027,-7.873579063068368,-3.487437013973975,-10.52908435958146,-6.639717836114716,-3.6953803525301074,-8.842565447570522,0.0006334945928178399,-0.003965940379860685,0.009158054688862377,0.5875529652160245,-0.09902063740768201,0.8031042438147329,0.9783810176486952,-0.05084982866417835,0.20046166523684114,-0.2001914651230658,0.010404639417476854,0.9797015467837502,-0.0519033871398005,-0.9986521107990591,0.0,42.193784180742014,-51.933869046078485,0.2453315195991035,186.56180030187423,NONE
0.002419987926259637,0.0725996377877891,-7.22227679198389,-3.5954423706632737,-9.638670238925132,-7.256074061067632,-3.5023126481742097,-9.58805614719027,-7.870993457641449,-3.481034835573936,-10.526988455828095,-6.639150055405262,-3.698282479617507,-8.8401673943267,0.0006364413958712932,-0.003955079888744639,0.009162546005886079,0.5865920963029463,-0.10345125906836708,0.8032481245244738,0.9783810176486952,-0.05084982866417835,0.20046166523684114,-0.2001914651230658,0.010404639417476854,0.9797015467837502,-0.0519033871398005,-0.9986521107990591,0.0,42.2522683688838,-51.5570602733204,0.24719722049602666,186.5812194646319,NONE
0.002429987769573927,0.07289963308721781,-7.220753580385494,-3.5939399163824204,-9.636415335608634,-7.256074061067632,-3.5023126481742097,-9.58805614719027,-7.868247463134686,-3.4745238740623274,-10.524966477360035,-6.638725994552711,-3.701282136398716,-8.837703116542228,0.0006393702613476214,-0.003944210370809798,0.0091670264449217,0.5854864136104645,-0.10798012492208972,0.8034587432465753,0.9783810176486952,-0.05084982866417835,0.20046166523684114,-0.2001914651230658,0.010404639417476854,0.9797015467837502,-0.0519033871398005,-0.9986521107990591,0.0,42.32118140490463,-51.17309735052093,0.24906312394077723,186.60082023474317,NONE
0.0024399878457188606,0.07319963537156582,-7.219230145269679,-3.5924373279911164,-9.634160551501425,-7.256074061067632,-3.5023126481742097,-9.58805614719027,-7.865340275713182,-3.467906225989701,-10.523016757443271,-6.638446404414168,-3.7043774382995487,-8.8351741124323,0.0006422813153072387,-0.003933331358545098,0.009171496198740102,0.5842351768090546,-0.11260533919516572,0.8037345928623668,0.9783810176486952,-0.05084982866417835,0.20046166523684114,-0.2001914651230658,0.010404639417476854,0.9797015467837502,-0.0519033871398005,-0.9986521107990591,0.0,42.40057751505769,-50.782364533870265,0.2509292153543381,186.6206339770157,NONE
0.0024499876890331507,0.07349963067099452,-7.217706456834125,-3.590934612939942,-9.631905886603507,-7.256074061067632,-3.5023126481742097,-9.58805614719027,-7.8622709701510765,-3.4611840241727982,-10.521137590804273,-6.638312060077076,-3.7075664822942587,-8.832581914855005,0.0006451744117877717,-0.003922443397146294,0.009175955043287236,0.5828375762257145,-0.1173249800578382,0.8040741314044135,0.9783810176486952,-0.05084982866417835,0.20046166523684114,-0.2001914651230658,0.010404639417476854,0.9797015467837502,-0.0519033871398005,-0.9986521107990591,0.0,42.490510885672975,-50.385252215821076,0.2527955242736013,186.6406331613509,NONE
0.0024599877651780844,0.07379963295534253,-7.2161825448811525,-3.589431771228898,-9.629651333464297,-7.256074061067632,-3.5023126481742097,-9.58805614719027,-7.859038702364735,-3.454359458842632,-10.519327163236472,-6.6383237768735475,-3.7108472995999695,-8.829928140439701,0.000648049675294261,-0.003911546018299996,0.00918040317039522,0.5812928216624705,-0.12213706702730345,0.8044757251413192,0.9783810176486952,-0.05084982866417835,0.20046166523684114,-0.2001914651230658,0.010404639417476854,0.9797015467837502,-0.0519033871398005,-0.9986521107990591,0.0,42.591029345516,-49.98215823562111,0.2546620230340917,186.66083194075145,NONE
0.0024699876084923744,0.07409962825477123,-7.214643314534473,-3.5879112045866135,-9.627462315632018,-7.256074061067632,-3.5023126481742097,-9.58805614719027,-7.855705559111838,-3.4474447812090463,-10.517597155613963,-6.638397081912634,-3.714175460461721,-8.827326521637154,0.0006509069616748776,-0.003900639768131447,0.0091848403571038,0.5796707034281926,-0.12701460916794036,0.8048907780841944,0.9783810176486952,-0.05084982866417835,0.20046166523684114,-0.2001914651230658,0.010404639417476854,0.9797015467837502,-0.0519033871398005,-0.9986521107990591,0.0,42.69724274109178,-49.57515584614431,0.25652947039373153,186.22682029422822,IMPACT
0.002479987684637308,0.07439963053911924,-7.212573215419101,-3.5856684680682305,-9.62804460830799,-7.256074061067632,-3.5023126481742097,-9.58805614719027,-7.8547058445878255,-3.440776423719713,-10.516697314886947,-6.635364821800503,-3.715910882746316,-8.829241093349895,0.0006537463938774078,-0.0038897241775317213,0.009189266794303323,0.5806385822796772,-0.13101640906028716,0.8035505816843108,0.9783810176486952,-0.05084982866417835,0.20046166523684114,-0.2001914651230658,0.010404639417476854,0.9797015467837502,-0.0519033871398005,-0.9986521107990591,0.0,42.62268657771588,-49.225987713996744,0.2583240459456828,179.23667218833745,NONE
0.002489987527951598,0.07469962583854795,-7.2105000466645235,-3.583419636974919,-9.628650914205226,-7.256074061067632,-3.5023126481742097,-9.58805614719027,-7.853565038731217,-3.434010828805566,-10.515880351773895,-6.632453558754871,-3.7177221381070353,-8.831126765505438,0.0006565678295625093,-0.0038787997935474314,0.009193682260130844,0.5814816571315937,-0.13510062347689017,0.8022636125087883,0.9783810176486952,-0.05084982866417835,0.20046166523684114,-0.2001914651230658,0.010404639417476854,0.9797015467837502,-0.0519033871398005,-0.9986521107990591,0.0,42.557111043030645,-48.86941373356039,0.2601165011359523,179.2548430121957,NONE
0.002499987604096532,0.07499962812289596,-7.208426669293689,-3.5811706866723183,-9.62925731696001,-7.256074061067632,-3.5023126481742097,-9.58805614719027,-7.852263653388954,-3.427147894506842,-10.515136861973554,-6.629686243311967,-3.7196206647735335,-8.832946576951679,0.0006593713901190992,-0.0038678661462809277,0.009198086944532141,0.5821797190842795,-0.13927274774604362,0.8010429928675593,0.9783810176486952,-0.05084982866417835,0.20046166523684114,-0.2001914651230658,0.010404639417476854,0.9797015467837502,-0.0519033871398005,-0.9986521107990591,0.0,42.501979660711854,-48.50525764953371,0.2619091349544096,179.2731284812406,NONE
0.002509987447410822,0.07529962342232466,-7.206353083306598,-3.5789216395121697,-9.62986380912176,-7.256074061067632,-3.5023126481742097,-9.58805614719027,-7.850801195847484,-3.420189510093831,-10.51446676649956,-6.627063318368455,-3.7216048069379206,-8.834700584541038,0.0006621569350225069,-0.003856923783692496,0.009202480626744523,0.5827323226090612,-0.14353109373528095,0.799888658075487,0.9783810176486952,-0.05084982866417835,0.20046166523684114,-0.2001914651230658,0.010404639417476854,0.9797015467837502,-0.0519033871398005,-0.9986521107990591,0.0,42.457370674190386,-48.13383797534254,0.26370195003119257,179.29150103175485,NONE
0.002519987290725112,0.07559961872175336,-7.20427928870325,-3.576672480593312,-9.63047040559164,-7.256074061067632,-3.5023126481742097,-9.58805614719027,-7.849177030851101,-3.41313758654029,-10.513870027206007,-6.62458535495111,-3.7236728185439474,-8.8363888508583,0.0006649245198732635,-0.0038459724901910154,0.009206863393849275,0.5831388932857101,-0.14787392000174154,0.7988005601655745,0.9783810176486952,-0.05084982866417835,0.20046166523684114,-0.2001914651230658,0.010404639417476854,0.9797015467837502,-0.0519033871398005,-0.9986521107990591,0.0,42.42336699352253,-47.7554888647173,0.2654949426214692,179.30999512096716,NONE
0.0025299873668700457,0.07589962100610137,-7.202205285483646,-3.5744232248169068,-9.631077091468486,-7.256074061067632,-3.5023126481742097,-9.58805614719027,-7.847390555034657,-3.4059941218123373,-10.513346469880887,-6.622252895420519,-3.7258229319299745,-8.838011504205685,0.0006676741986461274,-0.003835012049376911,0.009211235331939495,0.5833988855305421,-0.1522994333893511,0.7977785550834292,0.9783810176486952,-0.05084982866417835,0.20046166523684114,-0.2001914651230658,0.010404639417476854,0.9797015467837502,-0.0519033871398005,-0.9986521107990591,0.0,42.40004482781156,-47.370558025614415,0.26728811647007156,179.32858243166578,NONE
0.0025399872101843357,0.07619961630553007,-7.200131043845462,-3.572173864732373,-9.63168387420288,-7.256074061067632,-3.5023126481742097,-9.58805614719027,-7.845441161210315,-3.3987611498865435,-10.512895842814915,-6.620066428982035,-3.7280533046212634,-8.839568784990702,0.0006704058335421273,-0.00382404301056589,0.009215596221908994,0.5835117772515621,-0.1568057879689141,0.7968224084877207,0.9783810176486952,-0.05084982866417835,0.20046166523684114,-0.2001914651230658,0.010404639417476854,0.9797015467837502,-0.0519033871398005,-0.9986521107990591,0.0,42.38747384139818,-46.97940595864318,0.26908149886261157,179.3472801644495,NONE
0.0025499872863292694,0.07649961858987808,-7.198056593591022,-3.5699244152408722,-9.63229074634424,-7.256074061067632,-3.5023126481742097,-9.58805614719027,-7.843328321544878,-3.391440732460002,-10.51251777555498,-6.618026486692534,-3.73036211166886,-8.84106101206313,0.0006731195420450603,-0.0038130649019183682,0.009219946251330427,0.583477064215402,-0.1613911329565988,0.7959317921389755,0.9783810176486952,-0.05084982866417835,0.20046166523684114,-0.2001914651230658,0.010404639417476854,0.9797015467837502,-0.0519033871398005,-0.9986521107990591,0.0,42.385717307377526,-46.58240089940577,0.27087506289233687,179.36609217643985,NONE
0.0025599871296435595,0.07679961388930678,-7.195981934720325,-3.5676748688918236,-9.63289772279373,-7.256074061067632,-3.5023126481742097,-9.58805614719027,-7.841051408056861,-3.3840349874172344,-10.51221189837039,-6.616133633040046,-3.732747435173774,-8.842488546066933,0.0006758151881756559,-0.0038020782736436724,0.009224285202206028,0.583294178579436,-0.1660535465507333,0.795106358239742,0.9783810176486952,-0.05084982866417835,0.20046166523684114,-0.2001914651230658,0.010404639417476854,0.9797015467837502,-0.0519033871398005,-0.9986521107990591,0.0,42.394837755817896,-46.17992445541414,0.27266880519327863,179.3850184452244,NONE
0.002569987205788493,0.0770996161736548,-7.193907067233371,-3.565425233135808,-9.633504788650187,-7.256074061067632,-3.5023126481742097,-9.58805614719027,-7.838609870355492,-3.3765460948322192,-10.51197767817434,-6.6143883627668725,-3.735207329631068,-8.843851837894292,0.0006784928878526601,-0.003791082653137545,0.009228613261154239,0.5829626226612472,-0.17079106418992804,0.794345638228594,0.9783810176486952,-0.05084982866417835,0.20046166523684114,-0.2001914651230658,0.010404639417476854,0.9797015467837502,-0.0519033871398005,-0.9986521107990591,0.0,42.41488732689011,-45.77236672538436,0.2744627291314057,179.40404942841624,NONE
0.002579987049102783,0.0773996114730835,-7.191831961327838,-3.5631755154234055,-9.634111943913611,-7.256074061067632,-3.5023126481742097,-9.58805614719027,-7.836003057848791,-3.3689762561165817,-10.51181456836019,-6.612791204094037,-3.7377398303555474,-8.845151378885976,0.0006811525069184096,-0.0037800785914950228,0.00923293021128878,0.5824818351213116,-0.17560170201855502,0.7936491378448639,0.9783810176486952,-0.05084982866417835,0.20046166523684114,-0.2001914651230658,0.010404639417476854,0.9797015467837502,-0.0519033871398005,-0.9986521107990591,0.0,42.44591707218552,-45.36012466903952,0.2762568642436083,179.42321572612258,NONE
0.002589987125247717,0.07769961375743151,-7.189756646806049,-3.5609257157546166,-9.634719196034583,-7.256074061067632,-3.5023126481742097,-9.58805614719027,-7.833230511048358,-3.3613277225419753,-10.511721863083718,-6.611342626643771,-3.7403429136953434,-8.846387817668125,0.0006837941597249861,-0.003769065615353811,0.009237236238271341,0.5818513735259935,-0.1804834243587466,0.7930162121026629,0.9783810176486952,-0.05084982866417835,0.20046166523684114,-0.2001914651230658,0.010404639417476854,0.9797015467837502,-0.0519033871398005,-0.9986521107990591,0.0,42.4879639758862,-44.9436016210848,0.2780511798783021,179.44249132643958,NONE
0.002599986968562007,0.07799960905686021,-7.18768109386568,-3.558675834129441,-9.635326537562522,-7.256074061067632,-3.5023126481742097,-9.58805614719027,-7.830291554837023,-3.3536028406093346,-10.5116988977198,-6.610043180682617,-3.743014470397674,-8.847561737519621,0.0006864177139382316,-0.0037580442766868357,0.009241531126330292,0.581070654359241,-0.18543410942301902,0.7924462667619901,0.9783810176486952,-0.05084982866417835,0.20046166523684114,-0.2001914651230658,0.010404639417476854,0.9797015467837502,-0.0519033871398005,-0.9986521107990591,0.0,42.54106921707162,-44.52321234542347,0.2798457066870714,179.461892687678,NONE
0.0026099870447069407,0.07829961134120822,-7.185605362111377,-3.556425870547879,-9.635933968497428,-7.256074061067632,-3.5023126481742097,-9.58805614719027,-7.827185768972258,-3.345803914378173,-10.51174480650996,-6.608893357146386,-3.7457524293600444,-8.84867391666452,0.0006890232823419025,-0.003747014101380726,0.00924581506016781,0.5801392437266056,-0.19045167380089112,0.7919385189740182,0.9783810176486952,-0.05084982866417835,0.20046166523684114,-0.2001914651230658,0.010404639417476854,0.9797015467837502,-0.0519033871398005,-0.9986521107990591,0.0,42.605257542524946,-44.09936732635144,0.2816403863538621,179.48140641032938,NONE
0.0026199868880212307,0.07859960664063692,-7.183708891326236,-3.5545679639679078,-9.63508998907915,-7.256074061067632,-3.5023126481742097,-9.58805614719027,-7.825762210949928,-3.3387976296259763,-10.509299545448163,-6.606571788486221,-3.748522362823614,-8.849269317777928,0.0006916107344272892,-0.0037359756422780583,0.0092500878251299,0.5805668678398601,-0.19510701580839904,0.7904905846048741,0.9783810176486952,-0.05084982866417835,0.20046166523684114,-0.2001914651230658,0.010404639417476854,0.9797015467837502,-0.0519033871398005,-0.9986521107990591,0.0,42.57436819787096,-43.687540684371484,0.2835705686589165,195.63524545316304,NONE
0.0026299869641661644,0.07889960892498493,-7.1818468124211305,-3.5527873422604683,-9.633966836405905,-7.256074061067632,-3.5023126481742097,-9.58805614719027,-7.8245285325002705,-3.3318934348506457,-10.50643330522524,-6.604144844939511,-3.7513472840301567,-8.849713013943669,0.0006941801814081296,-0.0037249284245214308,0.00925434960495667,0.5811350893146472,-0.19973992818071945,0.7889144244197961,0.9783810176486952,-0.05084982866417835,0.20046166523684114,-0.2001914651230658,0.010404639417476854,0.9797015467837502,-0.0519033871398005,-0.9986521107990591,0.0,42.534078250705505,-43.27442980050265,0.2855269960594917,195.65535936229708,NONE
0.0026399868074804544,0.07919960422441363,-7.1799844652951235,-3.551006660948384,-9.63284379549137,-7.256074061067632,-3.5023126481742097,-9.58805614719027,-7.823128038895516,-3.324919606364874,-10.503638052681326,-6.6018673410110305,-3.7542346852944553,-8.850093112014038,0.0006967314946031046,-0.0037138730018152,0.00925860018611505,0.5815527132783264,-0.20443575187122934,0.7874023526987088,0.9783810176486952,-0.05084982866417835,0.20046166523684114,-0.2001914651230658,0.010404639417476854,0.9797015467837502,-0.0519033871398005,-0.9986521107990591,0.0,42.50489250797997,-42.85693273615963,0.28748366044808016,195.675549669505,NONE
0.0026499866507947445,0.07949959952384233,-7.17812190955286,-3.5492258976799134,-9.631720858884963,-7.256074061067632,-3.5023126481742097,-9.58805614719027,-7.8215603702502134,-3.3178782764611396,-10.500914091900828,-6.59973971338205,-3.7571826074706016,-8.850409324501904,0.000699264724940071,-0.0037028091562933195,0.009262839652835666,0.5818193604134112,-0.20919253857593417,0.7859546511423451,0.9783810176486952,-0.05084982866417835,0.20046166523684114,-0.2001914651230658,0.010404639417476854,0.9797015467837502,-0.0519033871398005,-0.9986521107990591,0.0,42.48686457335237,-42.43545123798168,0.28944050386560605,195.6957926569846,NONE
0.002659986726939678,0.07979960180819035,-7.176259115392017,-3.5474450599056366,-9.630598041487845,-7.256074061067632,-3.5023126481742097,-9.58805614719027,-7.819825106901655,-3.3107716008102663,-10.498261650959158,-6.597762282692939,-3.76018912698948,-8.85066147468763,0.000701779921709747,-0.0036917366693277076,0.009267068088343017,0.5819346781946269,-0.21400834579962535,0.7845715125102517,0.9783810176486952,-0.05084982866417835,0.20046166523684114,-0.2001914651230658,0.010404639417476854,0.9797015467837502,-0.0519033871398005,-0.9986521107990591,0.0,42.48004030693852,-42.010391219798876,0.2913975528618451,195.71608677292235,NONE
0.0026699865702539682,0.08009959710761905,-7.174396112614917,-3.545664162526715,-9.629475328398856,-7.256074061067632,-3.5023126481742097,-9.58805614719027,-7.817921992308236,-3.3036018177993554,-10.495680797267976,-6.595935336138513,-3.7632522600767593,-8.850849473679649,0.0007042769589754058,-0.0036806560959003606,0.00927128528079096,0.5818984076998678,-0.21888116298924,0.7832530112325368,0.9783810176486952,-0.05084982866417835,0.20046166523684114,-0.2001914651230658,0.010404639417476854,0.9797015467837502,-0.0519033871398005,-0.9986521107990591,0.0,42.484452977264084,-41.58216685368206,0.29335478202360044,195.73646648575323,NONE
0.002679986646398902,0.08039959939196706,-7.172532841616916,-3.543883205543149,-9.628352727068576,-7.256074061067632,-3.5023126481742097,-9.58805614719027,-7.815850552230746,-3.2963711903539634,-10.493171654021674,-6.594259186826148,-3.766369972604962,-8.850973224887268,0.000706755944018699,-0.0036695669593236253,0.009275491411502586,0.581710174002189,-0.22380894392904693,0.781999251968765,0.9783810176486952,-0.05084982866417835,0.20046166523684114,-0.2001914651230658,0.010404639417476854,0.9797015467837502,-0.0519033871398005,-0.9986521107990591,0.0,42.50013790496838,-41.15120014230664,0.29531224817337254,195.75689006755076,NONE
0.002689986489713192,0.08069959469139576,-7.170669332200336,-3.542102203856099,-9.627230237497004,-7.256074061067632,-3.5023126481742097,-9.58805614719027,-7.813610497679102,-3.2890820015822766,-10.490734195706148,-6.592734151118367,-3.7695402406002985,-8.851032751244928,0.0007092167527347998,-0.003658469815421119,0.009279686269760404,0.5813696888384453,-0.22878963762762944,0.7808102116482002,0.9783810176486952,-0.05084982866417835,0.20046166523684114,-0.2001914651230658,0.010404639417476854,0.9797015467837502,-0.0519033871398005,-0.9986521107990591,0.0,42.52711813200235,-40.71791351571244,0.2972699229108553,195.77738737613416,NONE
0.0026999865658581257,0.08099959697574377,-7.168805614167499,-3.540321127663243,-9.626107859684142,-7.256074061067632,-3.5023126481742097,-9.58805614719027,-7.811201532683796,-3.2817365627425494,-10.488368352532515,-6.59136055165144,-3.7727609298979607,-8.851028115485356,0.0007116594908298682,-0.003647364186785173,0.009283870035915841,0.5808766576344553,-0.23382112721686266,0.7796858271653139,0.9783810176486952,-0.05084982866417835,0.20046166523684114,-0.2001914651230658,0.010404639417476854,0.9797015467837502,-0.0519033871398005,-0.9986521107990591,0.0,42.56541087877223,-40.28273556753939,0.2992277755625796,195.79794654139604,NONE
0.0027099864091724157,0.08129959227517247,-7.1669416279137605,-3.5385400067669037,-9.624985593629988,-7.256074061067632,-3.5023126481742097,-9.58805614719027,-7.808623305887928,-3.274337264976733,-10.48607396670882,-6.590138591074723,-3.7760299477090937,-8.850959459446598,0.0007140840360328562,-0.003636250630073133,0.009288042500383188,0.5802308165777169,-0.23890127749160045,0.7786259558391545,0.9783810176486952,-0.05084982866417835,0.20046166523684114,-0.2001914651230658,0.010404639417476854,0.9797015467837502,-0.0519033871398005,-0.9986521107990591,0.0,42.615024934665946,-39.84609492118991,0.3011858659600417,195.81858710286193,NONE
0.0027199864853173494,0.08159959455952048,-7.165077433043765,-3.5367588411670807,-9.623863439334544,-7.256074061067632,-3.5023126481742097,-9.58805614719027,-7.805875645042217,-3.2668865354096264,-10.483850788633056,-6.589068537404685,-3.7793451123087034,-8.850827007494106,0.000716490492472761,-0.0036251286671643446,0.009292203842539754,0.5794319560178723,-0.24402789376146536,0.7776303719709291,0.9783810176486952,-0.05084982866417835,0.20046166523684114,-0.2001914651230658,0.010404639417476854,0.9797015467837502,-0.0519033871398005,-0.9986521107990591,0.0,42.675958992250024,-39.408422079898656,0.3031441357871856,195.83927612149787,NONE
0.0027299863286316395,0.08189958985894918,-7.163212999755191,-3.534977630863774,-9.622741396797808,-7.256074061067632,-3.5023126481742097,-9.58805614719027,-7.802958194801664,-3.259386764247673,-10.481698561341812,-6.58815065346697,-3.7827042751574402,-8.850630990610433,0.0007188787397141911,-0.0036139988555415436,0.009296353853934387,0.5784797815879493,-0.2491988147189369,0.7766988432054184,0.9783810176486952,-0.05084982866417835,0.20046166523684114,-0.2001914651230658,0.010404639417476854,0.9797015467837502,-0.0519033871398005,-0.9986521107990591,0.0,42.74821150512902,-38.97014278617839,0.3051026142020419,195.86003389032368,NONE
0.002739986404776573,0.0821995921432972,-7.161348328048038,-3.533196375856984,-9.621619466019782,-7.256074061067632,-3.5023126481742097,-9.58805614719027,-7.799870718605007,-3.251840479859941,-10.479616941198966,-6.587385151904791,-3.7861051635225653,-8.85037171768762,0.0007212488803074836,-0.0036028607163780427,0.009300492712967788,0.5773740793810549,-0.254411754125059,0.7758310588149265,0.9783810176486952,-0.05084982866417835,0.20046166523684114,-0.2001914651230658,0.010404639417476854,0.9797015467837502,-0.0519033871398005,-0.9986521107990591,0.0,42.83176899866355,-38.5316875013454,0.30706130120460884,195.8808634905541,NONE
0.0027499862480908632,0.0824995874427259,-7.159483388119983,-3.5314150761467102,-9.620497647000464,-7.256074061067632,-3.5023126481742097,-9.58805614719027,-7.7966129299873925,-3.2442502149002626,-10.477605539983532,-6.586772233627926,-3.7895455008197985,-8.850049537694709,0.0007236007956544413,-0.003591714807974201,0.009304620212326512,0.576114617314032,-0.25966442186644584,0.7750266677565819,0.9783810176486952,-0.05084982866417835,0.20046166523684114,-0.2001914651230658,0.010404639417476854,0.9797015467837502,-0.0519033871398005,-0.9986521107990591,0.0,42.92661318079277,-38.093481500039765,0.3090202259529118,195.90173504195755,NONE
0.0027599860914051533,0.0827995827421546,-7.157618239575672,-3.5296337615352753,-9.619375932289275,-7.256074061067632,-3.5023126481742097,-9.58805614719027,-7.793184732252669,-3.236618558001867,-10.475663836415729,-6.586312098738679,-3.7930230167367966,-8.849664905058486,0.0007259345327044398,-0.003580560910643646,0.009308736433788762,0.5747012540542811,-0.26495450415949023,0.774285205408211,0.9783810176486952,-0.05084982866417835,0.20046166523684114,-0.2001914651230658,0.010404639417476854,0.9797015467837502,-0.0519033871398005,-0.9986521107990591,0.0,43.03271343685105,-37.65594306817481,0.31097933313989934,195.92269641247742,NONE
0.002769986167550087,0.08309958502650261,-7.155752852612781,-3.527852402220357,-9.618254329336795,-7.256074061067632,-3.5023126481742097,-9.58805614719027,-7.789585920645263,-3.2289480422725223,-10.473791281397572,-6.586004874698944,-3.796535377689824,-8.849218327507026,0.0007282501367610514,-0.0035693988039776645,0.00931284145811137,0.5731338314030086,-0.27027968353204845,0.7736061685193076,0.9783810176486952,-0.05084982866417835,0.20046166523684114,-0.2001914651230658,0.010404639417476854,0.9797015467837502,-0.0519033871398005,-0.9986521107990591,0.0,43.15003453477457,-37.21948292235009,0.3129386489145958,195.9436901693709,NONE
0.002779986010864377,0.08339958032593131,-7.153887227231311,-3.526071028004277,-9.617132838143023,-7.256074061067632,-3.5023126481742097,-9.58805614719027,-7.78581626012058,-3.2212413927755112,-10.47198735310254,-6.585850772788615,-3.8000801907305446,-8.848710274106432,0.0007305474919853124,-0.003558229047487652,0.009316935079692995,0.5714121368247453,-0.27563752283573,0.7729890852362413,0.9783810176486952,-0.05084982866417835,0.20046166523684114,-0.2001914651230658,0.010404639417476854,0.9797015467837502,-0.0519033871398005,-0.9986521107990591,0.0,43.278539188570285,-36.78451440753198,0.31489817479244664,195.96476112177922,NONE
0.0027899860870093107,0.08369958261027932,-7.15202133362894,-3.524289623985875,-9.61601145125738,-7.256074061067632,-3.5023126481742097,-9.58805614719027,-7.7818757053954695,-3.2135012179240325,-10.47025128168726,-6.585849777120973,-3.803655082879422,-8.84814142271551,0.0007328266969745477,-0.0035470511606121124,0.009321017474481351,0.5695361563211884,-0.28102564997875695,0.7724332661770232,0.9783810176486952,-0.05084982866417835,0.20046166523684114,-0.2001914651230658,0.010404639417476854,0.9797015467837502,-0.0519033871398005,-0.9986521107990591,0.0,43.41817097689078,-36.351430180427506,0.31685794066731354,195.9858847535809,NONE
0.0027999859303236008,0.08399957790970802,-7.150155231410312,-3.5225082050663117,-9.614890168679866,-7.256074061067632,-3.5023126481742097,-9.58805614719027,-7.777764124769445,-3.20573027555764,-10.468582426593374,-6.586002119263469,-3.8072576034300596,-8.847512349127552,0.0007350876377312854,-0.003535865703659779,0.009325088438020141,0.5675057169076078,-0.2864415847011521,0.7719381321265814,0.9783810176486952,-0.05084982866417835,0.20046166523684114,-0.2001914651230658,0.010404639417476854,0.9797015467837502,-0.0519033871398005,-0.9986521107990591,0.0,43.56887910694026,-35.920625005354076,0.3188178889808615,196.0070603112817,NONE
0.0028099860064685345,0.08429958019405603,-7.148288890773105,-3.520726771245587,-9.61376899786106,-7.256074061067632,-3.5023126481742097,-9.58805614719027,-7.773481467681999,-3.1979313558044185,-10.466979998972109,-6.58630778807316,-3.810885244356425,-8.84682377658089,0.0007373304112691727,-0.0035246721953874414,0.009329148145271476,0.565320799813733,-0.29188280407238415,0.7715029630434374,0.9783810176486952,-0.05084982866417835,0.20046166523684114,-0.2001914651230658,0.010404639417476854,0.9797015467837502,-0.0519033871398005,-0.9986521107990591,0.0,43.730597018518374,-35.492481661440124,0.3207780473975639,196.02829007777694,NONE
0.0028199858497828245,0.08459957549348474,-7.146422311717319,-3.5189453225237015,-9.612647931350383,-7.256074061067632,-3.5023126481742097,-9.58805614719027,-7.76902769091533,-3.190107200520995,-10.465443148375064,-6.5867668223982205,-3.8145355410233526,-8.84607645538961,0.0007395549054339111,-0.0035134711968930156,0.009333196392927023,0.5629813659605281,-0.29734682881064634,0.77112699665974,0.9783810176486952,-0.05084982866417835,0.20046166523684114,-0.2001914651230658,0.010404639417476854,0.9797015467837502,-0.0519033871398005,-0.9986521107990591,0.0,43.90325492825921,-35.06736665597685,0.3227384174109744,196.04956220537198,NONE
0.0028299859259277582,0.08489957777783275,-7.144555464440631,-3.517163873801816,-9.611526969147834,-7.256074061067632,-3.5023126481742097,-9.58805614719027,-7.764402809589808,-3.1822606664120334,-10.463970962182152,-6.5873791520556395,-3.818205953855311,-8.845271205901335,0.0007417612156539858,-0.0035022622262583986,0.009337233354960731,0.5604874559686517,-0.30283108925870356,0.77080940775277,0.9783810176486952,-0.05084982866417835,0.20046166523684114,-0.2001914651230658,0.010404639417476854,0.9797015467837502,-0.0519033871398005,-0.9986521107990591,0.0,44.08677294685136,-34.64563892719719,0.324699028936843,196.0708766940667,NONE
0.0028399857692420483,0.08519957307726145,-7.142688408547687,-3.51538242507993,-9.610406107528123,-7.256074061067632,-3.5023126481742097,-9.58805614719027,-7.759606824220235,-3.174394610475258,-10.462562565911172,-6.5881448897655,-3.821893914717631,-8.844408807107882,0.0007439492316199762,-0.003491045845362646,0.009341258829215432,0.5578390164070167,-0.3083330020201778,0.7705494089539473,0.9783810176486952,-0.05084982866417835,0.20046166523684114,-0.2001914651230658,0.010404639417476854,0.9797015467837502,-0.0519033871398005,-0.9986521107990591,0.0,44.281073454500316,-34.22764685243383,0.3266598244058958,196.09223660266338,NONE
0.002849985845386982,0.08549957536160946,-7.1408105046093935,-3.5135735284191254,-9.60931318186036,-7.256074061067632,-3.5023126481742097,-9.58805614719027,-7.75467897919294,-3.166524520328688,-10.46122522706494,-6.5890085558964495,-3.8255333812086243,-8.843535582685183,0.0007461190471738257,-0.003479821571620046,0.009345272988674182,0.5550811539507099,-0.3138137432761601,0.770328402085599,0.9783810176486952,-0.05084982866417835,0.20046166523684114,-0.2001914651230658,0.010404639417476854,0.9797015467837502,-0.0519033871398005,-0.9986521107990591,0.0,44.48290417423473,-33.815737530466606,0.32862423758615655,206.7410214774893,IMPACT
0.002859985688701272,0.08579957066103816,-7.138452544862079,-3.510476843605626,-9.609463549477967,-7.256074061067632,-3.5023126481742097,-9.58805614719027,-7.751358434221383,-3.15928864537142,-10.460371811911957,-6.5875158570715175,-3.8261573845913617,-8.844588243402743,0.0007482705538523624,-0.003468589967682537,0.00934927563233376,0.5542107510237455,-0.3175565424856865,0.7694207469091491,0.9783810176486952,-0.05084982866417835,0.20046166523684114,-0.2001914651230658,0.010404639417476854,0.9797015467837502,-0.0519033871398005,-0.9986521107990591,0.0,44.55181149629904,-33.50840567859285,0.3307436118080922,212.04035540431556,NONE
0.0028699857648462057,0.08609957294538617,-7.136090919429111,-3.50736896802007,-9.60962348364106,-7.256074061067632,-3.5023126481742097,-9.58805614719027,-7.747896026178973,-3.152038045403913,-10.459603540851981,-6.586143717194738,-3.8267733741032792,-8.845582534552882,0.0007504038439098138,-0.003457350550303634,0.009353266932183897,0.5532153852305878,-0.32130253747588855,0.768581431571,0.9783810176486952,-0.05084982866417835,0.20046166523684114,-0.2001914651230658,0.010404639417476854,0.9797015467837502,-0.0519033871398005,-0.9986521107990591,0.0,44.6294762169234,-33.20423376581277,0.33286408569280646,212.0578493027497,NONE
0.0028799856081604958,0.08639956824481487,-7.133729085379886,-3.504261092434514,-9.609783533288153,-7.256074061067632,-3.5023126481742097,-9.58805614719027,-7.744278298840146,-3.1447677443452724,-10.458915938447316,-6.584910796574482,-3.8274070727840654,-8.846504532521735,0.0007525188107309335,-0.003446103882899937,0.009357246688378413,0.5520797629836496,-0.3250663468756157,0.7678149552026576,0.9783810176486952,-0.05084982866417835,0.20046166523684114,-0.2001914651230658,0.010404639417476854,0.9797015467837502,-0.0519033871398005,-0.9986521107990591,0.0,44.716946930225845,-32.90245312397355,0.3349847405335922,212.07533667210527,NONE
0.002889985451474786,0.08669956354424357,-7.1313670427144045,-3.5011532466512802,-9.609943702144536,-7.256074061067632,-3.5023126481742097,-9.58805614719027,-7.7405054505578015,-3.137479653668379,-10.458308935240316,-6.583816916912757,-3.828056819015935,-8.847354306818207,0.000754615496536892,-0.003434849743758458,0.00936121497975072,0.5508040636404975,-0.328846269213122,0.767121251629575,0.9783810176486952,-0.05084982866417835,0.20046166523684114,-0.2001914651230658,0.010404639417476854,0.9797015467837502,-0.0519033871398005,-0.9986521107990591,0.0,44.81417237638314,-32.603321502877115,0.3371055770991145,212.09282116712237,NONE
0.0028999855276197195,0.08699956582859159,-7.129004821234989,-3.4980454008680466,-9.610103990210208,-7.256074061067632,-3.5023126481742097,-9.58805614719027,-7.736577559680112,-3.130175718811471,-10.457782535055262,-6.582862064374374,-3.828720807467058,-8.84813185400468,0.0007566939418935095,-0.003423587910491244,0.009365171884095929,0.5493883310979706,-0.33264051840742215,0.7665003243097999,0.9783810176486952,-0.05084982866417835,0.20046166523684114,-0.2001914651230658,0.010404639417476854,0.9797015467837502,-0.0519033871398005,-0.9986521107990591,0.0,44.92110673703527,-32.30709965197164,0.3392265647159025,212.11030431720224,NONE
0.0029099853709340096,0.08729956112802029,-7.126642361336994,-3.4949375848871354,-9.61026439748517,-7.256074061067632,-3.5023126481742097,-9.58805614719027,-7.732494838036959,-3.1228578879478004,-10.457336487965543,-6.582045935364145,-3.829397343529951,-8.848837398738384,0.000758754042960604,-0.0034123189476467177,0.00936911720330852,0.5478328107965778,-0.3364473598010241,0.7659519472510282,0.9783810176486952,-0.05084982866417835,0.20046166523684114,-0.2001914651230658,0.010404639417476854,0.9797015467837502,-0.0519033871398005,-0.9986521107990591,0.0,45.037687303790655,-32.014029602174304,0.34134776321545424,212.1277734875369,NONE
0.0029199854470789433,0.0875995634123683,-7.124279722625064,-3.4918297987085465,-9.61042492024413,-7.256074061067632,-3.5023126481742097,-9.58805614719027,-7.728257420780629,-3.115528184572291,-10.45697065805036,-6.5813685215774855,-3.830084608299606,-8.849471056123617,0.0007607958880166163,-0.003401042370357391,0.009373051106884129,0.546137571049116,-0.34026496367967385,0.765476000917496,0.9783810176486952,-0.05084982866417835,0.20046166523684114,-0.2001914651230658,0.010404639417476854,0.9797015467837502,-0.0519033871398005,-0.9986521107990591,0.0,45.163859880927546,-31.72435760825742,0.34346911502849053,212.1452302075276,NONE
0.0029299852903932333,0.087899558711797,-7.121916875296878,-3.488722027431119,-9.61058556593767,-7.256074061067632,-3.5023126481742097,-9.58805614719027,-7.723865530310755,-3.1081885885637757,-10.456684714678241,-6.580829566509552,-3.830780793781499,-8.850033137510483,0.0007628193750732166,-0.003389758743916241,0.00937697339788128,0.5443028399053348,-0.34409152629415407,0.7650721796036941,0.9783810176486952,-0.05084982866417835,0.20046166523684114,-0.2001914651230658,0.010404639417476854,0.9797015467837502,-0.0519033871398005,-0.9986521107990591,0.0,45.29955650286616,-31.438313731288652,0.34559064706176557,212.16269325199912,NONE
0.002939985366538167,0.08819956099614501,-7.119793489629077,-3.4879143099886063,-9.608411337507876,-7.256074061067632,-3.5023126481742097,-9.58805614719027,-7.722655492002889,-3.1063800387211957,-10.453408767569663,-6.577885179480823,-3.830872717372136,-8.848849236062863,0.0007648245908163717,-0.003378467582819451,0.009380884244793714,0.5451287202486024,-0.3449965136433051,0.7640759673841901,0.9783810176486952,-0.05084982866417835,0.20046166523684114,-0.2001914651230658,0.010404639417476854,0.9797015467837502,-0.0519033871398005,-0.9986521107990591,0.0,45.24678718191599,-31.334871688500424,0.34806290445036936,258.7846510391689,NONE
0.002949985209852457,0.08849955629557371,-7.117750391417789,-3.48787516463815,-9.605463317854317,-7.256074061067632,-3.5023126481742097,-9.58805614719027,-7.7224116207699955,-3.1064150311229417,-10.44920771939164,-6.574224769102578,-3.830766930130408,-8.847027554721532,0.0007668114351109087,-0.003367169453096312,0.00938478345184694,0.5467556436511513,-0.3449294757178408,0.7629429355571954,0.9783810176486952,-0.05084982866417835,0.20046166523684114,-0.2001914651230658,0.010404639417476854,0.9797015467837502,-0.0519033871398005,-0.9986521107990591,0.0,45.1368576078977,-31.29417194990289,0.3506508073520269,258.8017840844343,NONE
0.0029599852859973907,0.08879955857992172,-7.115707054787921,-3.4878360043865326,-9.602515450937661,-7.256074061067632,-3.5023126481742097,-9.58805614719027,-7.722023817327305,-3.1064343630126863,-10.445097448306367,-6.570693285619326,-3.830675191714372,-8.845124564536606,0.0007687799930492371,-0.0033558638686138815,0.009388671186530343,0.5482526341466565,-0.3448765850960409,0.7618918494141712,0.9783810176486952,-0.05084982866417835,0.20046166523684114,-0.2001914651230658,0.010404639417476854,0.9797015467837502,-0.0519033871398005,-0.9986521107990591,0.0,45.03562418926401,-31.25564303714838,0.3532389121422792,258.8188613779432,NONE
0.002969985129311681,0.08909955387935042,-7.113663539344119,-3.487796829233754,-9.599567747933778,-7.256074061067632,-3.5023126481742097,-9.58805614719027,-7.7214923397328326,-3.1064382552424927,-10.441079149122205,-6.567290610247408,-3.8305973036017,-8.843139212725237,0.0007707301663506773,-0.0033445513961294104,0.009392547254239048,0.5496198711835354,-0.3448376420758129,0.7609237792366511,0.9783810176486952,-0.05084982866417835,0.20046166523684114,-0.2001914651230658,0.010404639417476854,0.9797015467837502,-0.0519033871398005,-0.9986521107990591,0.0,44.943101857989696,-31.21936549669684,0.3558271582647432,258.835895385252,NONE
0.0029799852054566145,0.08939955616369843,-7.1116197854817385,-3.487757639179814,-9.596620205117377,-7.256074061067632,-3.5023126481742097,-9.58805614719027,-7.720817147656493,-3.1064270011604993,-10.437154064813608,-6.564016666056416,-3.830533002103864,-8.841070374912718,0.0007726620385128703,-0.003333231548888155,0.009396411821455564,0.5508573721905127,-0.3448123814016023,0.760039852333757,0.9783810176486952,-0.05084982866417835,0.20046166523684114,-0.2001914651230658,0.010404639417476854,0.9797015467837502,-0.0519033871398005,-0.9986521107990591,0.0,44.85931403576095,-31.185425948612863,0.35841560478224643,258.85288631246084,NONE
0.0029899850487709045,0.08969955146312714,-7.109575852805423,-3.487718419323552,-9.59367282248846,-7.256074061067632,-3.5023126481742097,-9.58805614719027,-7.719998504499831,-3.106400803981911,-10.433323174359565,-6.560871329459431,-3.830482076256472,-8.83891717110189,0.0007745755131113019,-0.003321904894366823,0.009400264694747732,0.5519653214478096,-0.34480060584502914,0.7592409539322265,0.9783810176486952,-0.05084982866417835,0.20046166523684114,-0.2001914651230658,0.010404639417476854,0.9797015467837502,-0.0519033871398005,-0.9986521107990591,0.0,44.784270788763855,-31.153895402758426,0.36100419262101724,258.8698194246369,NONE
0.0029999848920851946,0.08999954676255584,-7.107531681710529,-3.4876791994672898,-9.590725603772315,-7.256074061067632,-3.5023126481742097,-9.58805614719027,-7.719036430154386,-3.106360106099271,-10.429587536710237,-6.557854469393259,-3.8304441849874715,-8.83667865648401,0.0007764706283457863,-0.00331057120924406,0.009404105950419427,0.5529437908386318,-0.3448019423277145,0.7585280382029652,0.9783810176486952,-0.05084982866417835,0.20046166523684114,-0.2001914651230658,0.010404639417476854,0.9797015467837502,-0.0519033871398005,-0.9986521107990591,0.0,44.717986865001194,-31.124858899643208,0.3635929808657732,258.8867247978231,NONE
0.0030099849682301283,0.09029954904690385,-7.1054873318017,-3.487639949808705,-9.587778548968943,-7.256074061067632,-3.5023126481742097,-9.58805614719027,-7.717931181823877,-3.106305167297238,-10.425947962086413,-6.554965967842162,-3.830419038186888,-8.834354102757448,0.0007783474207537823,-0.0032992302695636294,0.009407935663722172,0.553792959038912,-0.34481612899507125,0.7579018377756979,0.9783810176486952,-0.05084982866417835,0.20046166523684114,-0.2001914651230658,0.010404639417476854,0.9797015467837502,-0.0519033871398005,-0.9986521107990591,0.0,44.660467752357086,-31.098383270286824,0.3661819096850163,258.9035789100288,NONE
0.0030199848115444183,0.09059954434633255,-7.103417649918842,-3.487507493386853,-9.584945193750771,-7.256074061067632,-3.5023126481742097,-9.58805614719027,-7.716806663586323,-3.106238367057078,-10.422453057647287,-6.552046685168703,-3.830227563896384,-8.832115409367349,0.00078020579653054,-0.003287882643803937,0.009411753642881703,0.5546476087702952,-0.34475676039966974,0.7573036420380655,0.9783810176486952,-0.05084982866417835,0.20046166523684114,-0.2001914651230658,0.010404639417476854,0.9797015467837502,-0.0519033871398005,-0.9986521107990591,0.0,44.60229966644524,-31.078222882427205,0.3687680908706614,254.8334868108041,IMPACT
0.003029984887689352,0.09089954663068056,-7.101127311641025,-3.486521870980847,-9.58316291801444,-7.256074061067632,-3.5023126481742097,-9.58805614719027,-7.716663530831195,-3.1061515901968924,-10.419503317152342,-6.547826239317744,-3.8284339757056682,-8.831382559290631,0.0007820456500277578,-0.0032765277745183006,0.009415559934310012,0.5565891864349766,-0.343943993099417,0.7562479799341477,0.9783810176486952,-0.05084982866417835,0.20046166523684114,-0.2001914651230658,0.010404639417476854,0.9797015467837502,-0.0519033871398005,-0.9986521107990591,0.0,44.46777771732493,-31.09291320742751,0.37131607359721563,254.80563895472392,NONE
0.003039984731003642,0.09119954193010926,-7.098836794549274,-3.4855362485748413,-9.58138079501501,-7.256074061067632,-3.5023126481742097,-9.58805614719027,-7.716374720476396,-3.1060519322266327,-10.416647348012376,-6.543736402462991,-3.8266519662519864,-8.830565708849576,0.0007838670742233179,-0.003265166300839732,0.009419354464617962,0.5583991990540025,-0.3431428733454066,0.7552769710299042,0.9783810176486952,-0.05084982866417835,0.20046166523684114,-0.2001914651230658,0.010404639417476854,0.9797015467837502,-0.0519033871398005,-0.9986521107990591,0.0,44.34204623810833,-31.110337890846367,0.3738642006540349,254.82219352438486,NONE
0.0030499848071485758,0.09149954421445727,-7.096546098643588,-3.4845506261688355,-9.579598824752482,-7.256074061067632,-3.5023126481742097,-9.58805614719027,-7.715940457835623,-3.1059392960458765,-10.41388638870891,-6.539776972071584,-3.824881622818208,-8.829663744782064,0.0007856701478897348,-0.0032537977342150183,0.00942313739729602,0.5600778503638282,-0.3423534889392055,0.7543917352032607,0.9783810176486952,-0.05084982866417835,0.20046166523684114,-0.2001914651230658,0.010404639417476854,0.9797015467837502,-0.0519033871398005,-0.9986521107990591,0.0,44.22512870932416,-31.13054066108325,0.3764124720411175,254.8387148351742,NONE
0.003059984650462866,0.09179953951388597,-7.094255164319324,-3.4835649888616684,-9.577817009089502,-7.256074061067632,-3.5023126481742097,-9.58805614719027,-7.715360730457532,-3.1058136638776843,-10.411221750528929,-6.535947846153118,-3.823122933088188,-8.828675491918636,0.0007874547802465025,-0.0032424226442561675,0.009426908542489107,0.561625183002102,-0.3415758424811923,0.753593456481092,0.9783810176486952,-0.05084982866417835,0.20046166523684114,-0.2001914651230658,0.010404639417476854,0.9797015467837502,-0.0519033871398005,-0.9986521107990591,0.0,44.11705714764972,-31.153572145916403,0.3789609449434099,254.8551695825173,NONE
0.0030699847266077995,0.09209954179823399,-7.091964051181125,-3.4825793664556626,-9.57603535175136,-7.256074061067632,-3.5023126481742097,-9.58805614719027,-7.7146358163178315,-3.1056750522908705,-10.408654509430455,-6.532248888020062,-3.8213759387597555,-8.82759999016231,0.0007892210484668799,-0.0032310405418157343,0.00943066806267149,0.5630413944275091,-0.3408099459375642,0.7528831044134017,0.9783810176486952,-0.05084982866417835,0.20046166523684114,-0.2001914651230658,0.010404639417476854,0.9797015467837502,-0.0519033871398005,-0.9986521107990591,0.0,44.0178508266544,-31.179471613707214,0.38150956181352136,254.87159757654678,NONE
0.0030799845699220896,0.09239953709766269,-7.0896727294266695,-3.4815937291484955,-9.574253852738055,-7.256074061067632,-3.5023126481742097,-9.58805614719027,-7.713765740818232,-3.1055234344523353,-10.406185759475676,-6.5286800182475835,-3.8196406073615736,-8.826436256068467,0.0007909688636318811,-0.0032196519971923283,0.009434415769171697,0.5643265345574516,-0.340055796623447,0.7522616682891469,0.9783810176486952,-0.05084982866417835,0.20046166523684114,-0.2001914651230658,0.010404639417476854,0.9797015467837502,-0.0519033871398005,-0.9986521107990591,0.0,43.92753673808526,-31.20827813624167,0.3840583502940369,254.88796284183897,NONE
0.0030899846460670233,0.0926995393820107,-7.08738122885828,-3.4806080918413285,-9.572472513912233,-7.256074061067632,-3.5023126481742097,-9.58805614719027,-7.712750649616651,-3.1053589570381153,-10.40381650124751,-6.525241162496248,-3.8179168353433175,-8.82518339375729,0.0007926983013138418,-0.003208256520651905,0.009438151823445375,0.565480708152573,-0.3393132753834296,0.7517300511858188,0.9783810176486952,-0.05084982866417835,0.20046166523684114,-0.2001914651230658,0.010404639417476854,0.9797015467837502,-0.0519033871398005,-0.9986521107990591,0.0,43.84613538963314,-31.240033487437454,0.386607281611262,254.90429254251262,NONE
0.0030999844893813133,0.0929995346814394,-7.085089489871311,-3.4796224694353226,-9.570691335273894,-7.256074061067632,-3.5023126481742097,-9.58805614719027,-7.711590677010909,-3.105181704934786,-10.401547536587735,-6.52193208686388,-3.816204574696765,-8.82384068245899,0.0007944092744567821,-0.003196854683171149,0.00944187603800753,0.5665040905462041,-0.3385823189342757,0.7512889781565457,0.9783810176486952,-0.05084982866417835,0.20046166523684114,-0.2001914651230658,0.010404639417476854,0.9797015467837502,-0.0519033871398005,-0.9986521107990591,0.0,43.77366020993754,-31.27476589228178,0.3891564148389701,254.9205840077188,NONE
0.003109984565526247,0.09329953696578741,-7.082797572070407,-3.4786368321281556,-9.568910320548328,-7.256074061067632,-3.5023126481742097,-9.58805614719027,-7.71028592459939,-3.1049917585072704,-10.399379692209948,-6.518752813207256,-3.8145036965910495,-8.822407386120592,0.0007961018570312544,-0.0031854459944363014,0.009445588573292817,0.56739671971054,-0.33786282765894243,0.750939193375884,0.9783810176486952,-0.05084982866417835,0.20046166523684114,-0.2001914651230658,0.010404639417476854,0.9797015467837502,-0.0519033871398005,-0.9986521107990591,0.0,43.710131424899686,-31.312504632316013,0.39170568939888817,254.9368406842131,NONE
0.003119984408840537,0.09359953226521611,-7.080498412305164,-3.4776446681123856,-9.56716952591947,-7.256074061067632,-3.5023126481742097,-9.58805614719027,-7.708871061039726,-3.10477676132599,-10.397319505910906,-6.515658765954413,-3.8128129429074566,-8.820953690362758,0.000797775963845361,-0.0031740310260940582,0.009449289243005584,0.5681963309930061,-0.3371600864673652,0.750650388356261,0.9783810176486952,-0.05084982866417835,0.20046166523684114,-0.2001914651230658,0.010404639417476854,0.9797015467837502,-0.0519033871398005,-0.9986521107990591,0.0,43.65299773362716,-31.35161724226454,0.39425365488967223,252.42522603265652,IMPACT
0.003129984252154827,0.09389952756464481,-7.078102216178226,-3.476561040769208,-9.566012018619093,-7.256074061067632,-3.5023126481742097,-9.58805614719027,-7.7078045774479085,-3.10435792991959,-10.395452451292828,-6.512067300810598,-3.8111317352867458,-8.820433990033779,0.0007994316287604313,-0.003162609553204418,0.009452978120694929,0.5693987031606239,-0.33655895493674076,0.7500087910757374,0.9783810176486952,-0.05084982866417835,0.20046166523684114,-0.2001914651230658,0.010404639417476854,0.9797015467837502,-0.0519033871398005,-0.9986521107990591,0.0,43.568502583740404,-31.369023774029724,0.3967749812710526,252.13934385667457,NONE
0.003139984328299761,0.09419952984899282,-7.075705841237354,-3.475477428327191,-9.564854660330328,-7.256074061067632,-3.5023126481742097,-9.58805614719027,-7.7065923939703564,-3.10392665351764,-10.393687472294134,-6.508606464695771,-3.8094617426785726,-8.819822817623097,0.0008010688839686907,-0.003151181350236965,0.009456655278843254,0.5704694901307549,-0.33596909007663467,0.7494593593671607,0.9783810176486952,-0.05084982866417835,0.20046166523684114,-0.2001914651230658,0.010404639417476854,0.9797015467837502,-0.0519033871398005,-0.9986521107990591,0.0,43.49300847535699,-31.38944765784651,0.39929645348719767,252.15542590458503,NONE
0.003149984171614051,0.09449952514842153,-7.073309287482547,-3.474393830786336,-9.563697461297723,-7.256074061067632,-3.5023126481742097,-9.58805614719027,-7.705234687460853,-3.103483225081723,-10.392025453283287,-6.5052760986373395,-3.807802701741882,-8.81911939763157,0.0008026876470767811,-0.003139746989827839,0.009460320532943675,0.5714088518207205,-0.3353902269810281,0.7490028836436748,0.9783810176486952,-0.05084982866417835,0.20046166523684114,-0.2001914651230658,0.010404639417476854,0.9797015467837502,-0.0519033871398005,-0.9986521107990591,0.0,43.42652767498483,-31.41293940435041,0.4018180694844684,252.17145670547296,NONE
0.0031599842477589846,0.09479952743276954,-7.070912525111484,-3.473310218344319,-9.562540422452601,-7.256074061067632,-3.5023126481742097,-9.58805614719027,-7.703731684795018,-3.103027763346093,-10.390467028817351,-6.502075942107029,-3.806154449155892,-8.818323161428902,0.0008042879880459084,-0.0031283059802450267,0.009463974040868123,0.5722170203276136,-0.3348222313379993,0.7486399368516422,0.9783810176486952,-0.05084982866417835,0.20046166523684114,-0.2001914651230658,0.010404639417476854,0.9797015467837502,-0.0519033871398005,-0.9986521107990591,0.0,43.36906529442608,-31.439528741143935,0.40433985671875305,252.18745655235816,NONE
0.0031699840910732746,0.09509952273219824,-7.068515583926486,-3.472226620803464,-9.561383543794962,-7.256074061067632,-3.5023126481742097,-9.58805614719027,-7.70208339665735,-3.1025605545618733,-10.389012975974387,-6.499006042092037,-3.804516784202946,-8.817433410505231,0.0008058698263499763,-0.0031168588947742396,0.009467615619305675,0.5728939783644346,-0.3342648712576536,0.7483712216519789,0.9783810176486952,-0.05084982866417835,0.20046166523684114,-0.2001914651230658,0.010404639417476854,0.9797015467837502,-0.0519033871398005,-0.9986521107990591,0.0,43.320640644153606,-31.46925531069271,0.40686178754746827,252.2034395982434,NONE
0.0031799841672182083,0.09539952501654625,-7.066118434125232,-3.471143008361447,-9.560226826256129,-7.256074061067632,-3.5023126481742097,-9.58805614719027,-7.700289982536215,-3.1020818384072166,-10.387663803243965,-6.496066198638005,-3.8028894348466644,-8.816449689551423,0.0008074332303445764,-0.00310540524112851,0.009471245425099117,0.5734398970943855,-0.3337179030664037,0.7481971969964492,0.9783810176486952,-0.05084982866417835,0.20046166523684114,-0.2001914651230658,0.010404639417476854,0.9797015467837502,-0.0519033871398005,-0.9986521107990591,0.0,43.28125734661804,-31.502147078714763,0.40938388942650406,252.2193813494197,NONE
0.0031899840105324984,0.09569952031597495,-7.063721075707721,-3.4700593959194306,-9.559070271698745,-7.256074061067632,-3.5023126481742097,-9.58805614719027,-7.698351458995774,-3.101591864806745,-10.386420019986687,-6.493256396855526,-3.8012722047273138,-8.81537154424387,0.0008089781213721176,-0.003093945593234705,0.009474863276136223,0.5738547914953562,-0.3331811142478898,0.7481183217822939,0.9783810176486952,-0.05084982866417835,0.20046166523684114,-0.2001914651230658,0.010404639417476854,0.9797015467837502,-0.0519033871398005,-0.9986521107990591,0.0,43.2509271701516,-31.538227077790424,0.411906162740193,252.23531358106078,NONE
0.003199984086677432,0.09599952260032296,-7.061323538476276,-3.468975798378575,-9.557913879657152,-7.256074061067632,-3.5023126481742097,-9.58805614719027,-7.696267958930417,-3.101090988354126,-10.385281996251072,-6.490576573878208,-3.799664803398907,-8.814198641064381,0.0008105045661817067,-0.0030824794582581454,0.00947846932822838,0.5741387547867656,-0.33265419764037163,0.7481349310412815,0.9783810176486952,-0.05084982866417835,0.20046166523684114,-0.2001914651230658,0.010404639417476854,0.9797015467837502,-0.0519033871398005,-0.9986521107990591,0.0,43.22965344907963,-31.577517500578313,0.4144285791815765,252.2512259524605,NONE
0.003209983929991722,0.09629951789975166,-7.058925792628574,-3.4678922008377198,-9.556757650597008,-7.256074061067632,-3.5023126481742097,-9.58805614719027,-7.694039506630785,-3.1005795782279244,-10.384250042360565,-6.488026651279951,-3.7980668707137863,-8.812930701949687,0.0008120124879850087,-0.0030710074107583125,0.009482063400464532,0.5742918358813496,-0.3321368059456485,0.7482473049575603,0.9783810176486952,-0.05084982866417835,0.20046166523684114,-0.2001914651230658,0.010404639417476854,0.9797015467837502,-0.0519033871398005,-0.9986521107990591,0.0,43.21743968560081,-31.620038506022436,0.41695116705761137,252.26713378048177,NONE
0.003219984006136656,0.09659952018409967,-7.056527867966937,-3.4668086032968644,-9.555601584983977,-7.256074061067632,-3.5023126481742097,-9.58805614719027,-7.691666221456396,-3.100057963712697,-10.383324298916634,-6.4856065783607635,-3.7964781106804355,-8.811567601398385,0.00081350195192386,-0.003059528957360179,0.00948564564762239,0.574314115759825,-0.3316286414132089,0.7484555702467847,0.9783810176486952,-0.05084982866417835,0.20046166523684114,-0.2001914651230658,0.010404639417476854,0.9797015467837502,-0.0519033871398005,-0.9986521107990591,0.0,43.21428455629903,-31.665797602376625,0.4194738971169265,252.28304279477575,NONE
0.003229983849450946,0.09689951548352838,-7.054129734689044,-3.465725005756009,-9.554445682818058,-7.256074061067632,-3.5023126481742097,-9.58805614719027,-7.68914811313318,-3.0995266212203028,-10.382504891492388,-6.483316289786658,-3.7948980950556668,-8.810109226533712,0.000814972883080454,-0.0030480446732475833,0.009489215889994773,0.5742056301650101,-0.33112927325493535,0.7487598404565128,0.9783810176486952,-0.05084982866417835,0.20046166523684114,-0.2001914651230658,0.010404639417476854,0.9797015467837502,-0.0519033871398005,-0.9986521107990591,0.0,43.220186656138665,-31.714808749403126,0.42199679851754723,252.2989388423396,NONE
0.003239983692765236,0.09719951078295708,-7.051729902678775,-3.4646401565176133,-9.553297855917352,-7.256074061067632,-3.5023126481742097,-9.58805614719027,-7.68649242251397,-3.098983919434774,-10.381792702348898,-6.481146447236434,-3.79332591337821,-8.808569807991935,0.0008164253112620747,-0.0030365543320765,0.009492774198532825,0.5739742739416837,-0.3306390447349693,0.7491537592176016,0.9783810176486952,-0.05084982866417835,0.20046166523684114,-0.2001914651230658,0.010404639417476854,0.9797015467837502,-0.0519033871398005,-0.9986521107990591,0.0,43.23460204332043,-31.76676466891763,0.42451967949596003,251.66001455438837,IMPACT
0.0032499837689101696,0.09749951306730509,-7.049249336177158,-3.463488296757329,-9.552606447043816,-7.256074061067632,-3.5023126481742097,-9.58805614719027,-7.684095247688426,-3.0983020380090145,-10.381244676868855,-6.478590920558053,-3.791751593479343,-8.807749512819106,0.0008178592646010121,-0.003025057706953652,0.009496320643107856,0.5740496795858919,-0.3302140740334899,0.7492834114522621,0.9783810176486952,-0.05084982866417835,0.20046166523684114,-0.2001914651230658,0.010404639417476854,0.9797015467837502,-0.0519033871398005,-0.9986521107990591,0.0,43.2280642797233,-31.803234174752266,0.4270266477768505,250.669396764655,NONE
0.0032599836122244596,0.09779950836673379,-7.046767756396579,-3.4623357515436295,-9.551920907597976,-7.256074061067632,-3.5023126481742097,-9.58805614719027,-7.681558198861736,-3.097609112514202,-10.380804025899904,-6.476159201503355,-3.7901858994120223,-8.80684384488588,0.0008192746709874989,-0.0030135553739837635,0.009499855045823322,0.5739995225516097,-0.32979846995134293,0.7495048481019168,0.9783810176486952,-0.05084982866417835,0.20046166523684114,-0.2001914651230658,0.010404639417476854,0.9797015467837502,-0.0519033871398005,-0.9986521107990591,0.0,43.23022392283834,-31.842725004963043,0.42953339598020435,250.6850565954672,NONE
0.0032699836883693933,0.0980995106510818,-7.044285967999744,-3.46118320632993,-9.551235527233674,-7.256074061067632,-3.5023126481742097,-9.58805614719027,-7.678876441224188,-3.0969076016336206,-10.380470033259957,-6.473857164016164,-3.788627922686109,-8.805842604627998,0.0008206715915406123,-0.003002046838471994,0.009503377558862994,0.5738187034323923,-0.3293906290726134,0.7498225850628375,0.9783810176486952,-0.05084982866417835,0.20046166523684114,-0.2001914651230658,0.010404639417476854,0.9797015467837502,-0.0519033871398005,-0.9986521107990591,0.0,43.24142830140025,-31.88551772146339,0.4320403163999931,250.7007203058134,NONE
0.0032799835316836834,0.0983995059505105,-7.041788294965076,-3.460018069635022,-9.550636664306383,-7.256074061067632,-3.5023126481742097,-9.58805614719027,-7.676123447549591,-3.0961581145208448,-10.380248922007912,-6.471588996865073,-3.7870891615766906,-8.804904183441632,0.0008220499560237252,-0.0029905326771267216,0.00950688800554057,0.573587833659294,-0.3290147843123074,0.7501641612220381,0.9783810176486952,-0.05084982866417835,0.20046166523684114,-0.2001914651230658,0.010404639417476854,0.9797015467837502,-0.0519033871398005,-0.9986521107990591,0.0,43.25618920633769,-31.926897418219543,0.43454479434375237,249.7781854511333,NONE
0.003289983607828617,0.09869950823485851,-7.03925345843439,-3.4588233243328217,-9.550244744020036,-7.256074061067632,-3.5023126481742097,-9.58805614719027,-7.673400532202674,-3.095304063722655,-10.380150092156377,-6.4692232230271385,-3.785588168439632,-8.80424880627523,0.000823409823945122,-0.0029790123947375496,0.009510386536998528,0.5734177662740644,-0.3287067165318938,0.7504291837529267,0.9783810176486952,-0.05084982866417835,0.20046166523684114,-0.2001914651230658,0.010404639417476854,0.9797015467837502,-0.0519033871398005,-0.9986521107990591,0.0,43.26696808349767,-31.960199817277793,0.437042642687544,249.7936971773658,NONE
0.003299983451142907,0.09899950353428721,-7.036718443089771,-3.4576285939317826,-9.549852980094018,-7.256074061067632,-3.5023126481742097,-9.58805614719027,-7.670533160022331,-3.0944424567326436,-10.38015797539081,-6.466986960847429,-3.7840939958046658,-8.80349780239625,0.0008247511269425692,-0.002967486568608188,0.009513872977763481,0.5731172377023344,-0.32840549479620107,0.7507905585688386,0.9783810176486952,-0.05084982866417835,0.20046166523684114,-0.2001914651230658,0.010404639417476854,0.9797015467837502,-0.0519033871398005,-0.9986521107990591,0.0,43.286768624608605,-31.996843009094757,0.43954063539296406,249.80921468928062,NONE
0.003309983527287841,0.09929950581863523,-7.034183219128894,-3.4564338784319046,-9.549461372222739,-7.256074061067632,-3.5023126481742097,-9.58805614719027,-7.667521268249694,-3.093573775556667,-10.380272489231876,-6.464880210148022,-3.7826062104001994,-8.802651245364489,0.0008260739229128878,-0.002955954703020068,0.009517347477934134,0.5726862181436538,-0.328110683258825,0.7512482113654223,0.9783810176486952,-0.05084982866417835,0.20046166523684114,-0.2001914651230658,0.010404639417476854,0.9797015467837502,-0.0519033871398005,-0.9986521107990591,0.0,43.315586436608115,-32.03683533127239,0.4420388016792991,249.82472728063073,NONE
0.003319983370602131,0.09959950111806393,-7.031647816354083,-3.4552391629320267,-9.549069920347991,-7.256074061067632,-3.5023126481742097,-9.58805614719027,-7.664364922057048,-3.0926986142720607,-10.380493437935108,-6.462902968937437,-3.781124249918689,-8.801709311022709,0.00082737814536899,-0.002944417375863709,0.00952080986325247,0.5721247395807669,-0.3278217312602991,0.7518019651963805,0.9783810176486952,-0.05084982866417835,0.20046166523684114,-0.2001914651230658,0.010404639417476854,0.9797015467837502,-0.0519033871398005,-0.9986521107990591,0.0,43.35340978974246,-32.0801866227402,0.4445371116424681,249.84026709213066,NONE
0.0033299834467470646,0.09989950340241194,-7.029112234765338,-3.454044447432149,-9.548678623771282,-7.256074061067632,-3.5023126481742097,-9.58805614719027,-7.6610641672254225,-3.0918175266188426,-10.380820476923024,-6.461055196063434,-3.7796476166072233,-8.800672307782762,0.000828663850595315,-0.002932874090919579,0.009524260282771545,0.5714328434104707,-0.3275381380897052,0.7524515091144105,0.9783810176486952,-0.05084982866417835,0.20046166523684114,-0.2001914651230658,0.010404639417476854,0.9797015467837502,-0.0519033871398005,-0.9986521107990591,0.0,43.40022376545167,-32.12689489735109,0.44703556542249423,249.85582226487938,NONE
0.0033399832900613546,0.10019949870184064,-7.026553675586032,-3.452832834015477,-9.548408185390743,-7.256074061067632,-3.5023126481742097,-9.58805614719027,-7.657722368685799,-3.090877139811535,-10.381262198500373,-6.4592006851016635,-3.7781921995456558,-8.799761713947385,0.0008299309739811947,-0.00292132542665661,0.009527698563451212,0.5707246112305409,-0.3272928855876764,0.7530954688347556,0.9783810176486952,-0.05084982866417835,0.20046166523684114,-0.2001914651230658,0.010404639417476854,0.9797015467837502,-0.0519033871398005,-0.9986521107990591,0.0,43.44825978808965,-32.170488387627294,0.4495314133495203,249.34992084608254,NONE
0.0033499833662062883,0.10049950098618865,-7.023976638966846,-3.451607749949086,-9.5482358478736,-7.256074061067632,-3.5023126481742097,-9.58805614719027,-7.6543198271316415,-3.0898873730858707,-10.381816968680036,-6.457365688920534,-3.7767555904172116,-8.798935784560593,0.0008311795701976709,-0.0029097708863616263,0.009531124853296463,0.5699781610529084,-0.3270801034911147,0.7537529448187824,0.9783810176486952,-0.05084982866417835,0.20046166523684114,-0.2001914651230658,0.010404639417476854,0.9797015467837502,-0.0519033871398005,-0.9986521107990591,0.0,43.49900282920243,-32.212159214789146,0.4520249888103116,249.36536999090958,NONE
0.0033599832095205784,0.10079949628561735,-7.021399423533725,-3.450382665882695,-9.548063662394869,-7.256074061067632,-3.5023126481742097,-9.58805614719027,-7.650773110395437,-3.088893125931969,-10.382477064528995,-6.455659951223233,-3.775323008713427,-8.798015467393215,0.0008324095765111019,-0.0028982110490736145,0.009534538980487733,0.569101504367716,-0.3268713727530753,0.7545055224456099,0.9783810176486952,-0.05084982866417835,0.20046166523684114,-0.2001914651230658,0.010404639417476854,0.9797015467837502,-0.0519033871398005,-0.9986521107990591,0.0,43.55868917009995,-32.257212099066365,0.45451870874138933,249.38080923857592,NONE
0.0033699830528348684,0.10109949158504605,-7.01882202928667,-3.4491576116186264,-9.547891628256055,-7.256074061067632,-3.5023126481742097,-9.58805614719027,-7.647082189783044,-3.087895063783236,-10.383241969809403,-6.454083497802719,-3.773893912872423,-8.797001225161369,0.0008336210179207128,-0.002886645686918097,0.009537941012865574,0.5680946152287261,-0.3266661186138986,0.7553527355466824,0.9783810176486952,-0.05084982866417835,0.20046166523684114,-0.2001914651230658,0.010404639417476854,0.9797015467837502,-0.0519033871398005,-0.9986521107990591,0.0,43.627301803147255,-32.305640916250866,0.4570125747982168,249.39629982291473,NONE
0.003379983128979802,0.10139949386939406,-7.016237720900821,-3.4479278336864594,-9.547753783667448,-7.256074061067632,-3.5023126481742097,-9.58805614719027,-7.64327643336718,-3.086879163455344,-10.384113731095356,-6.452597140250183,-3.77247188190282,-8.795955853126603,0.0008348139177451774,-0.0028750745715198445,0.009541331017175936,0.5669901395795223,-0.3264727230702268,0.7562656561755964,0.9783810176486952,-0.05084982866417835,0.20046166523684114,-0.2001914651230658,0.010404639417476854,0.9797015467837502,-0.0519033871398005,-0.9986521107990591,0.0,43.70260409057895,-32.355664761772566,0.45950611162531096,249.15302503823446,NONE
0.003389982972294092,0.10169948916882277,-7.013627991133975,-3.446680666099179,-9.54774525484814,-7.256074061067632,-3.5023126481742097,-9.58805614719027,-7.639437670926951,-3.085803703380147,-10.385099250076467,-6.451092179097925,-3.7710703676701276,-8.795053781901887,0.0008359882160682436,-0.002863498282757327,0.00954470882343449,0.5658788056328696,-0.32631745918570504,0.7571645086545611,0.9783810176486952,-0.05084982866417835,0.20046166523684114,-0.2001914651230658,0.010404639417476854,0.9797015467837502,-0.0519033871398005,-0.9986521107990591,0.0,43.77843161448543,-32.40222067065065,0.46199771313357907,249.16842962966646,NONE
0.003399983048439026,0.10199949145317078,-7.011018082553195,-3.44543351341306,-9.54773687341063,-7.256074061067632,-3.5023126481742097,-9.58805614719027,-7.635454922114824,-3.0847261864435804,-10.386188129320928,-6.449716306709413,-3.7696707306310078,-8.794059080743414,0.0008371439635246896,-0.002851916322714409,0.009548074577016896,0.5646374359073385,-0.3261640686606795,0.7581566897988161,0.9783810176486952,-0.05084982866417835,0.20046166523684114,-0.2001914651230658,0.010404639417476854,0.9797015467837502,-0.0519033871398005,-0.9986521107990591,0.0,43.86312006486727,-32.452158475240545,0.46448946080332476,249.1838609923713,NONE
0.003409982891753316,0.10229948675259948,-7.008407995158481,-3.444186375628102,-9.547728638423594,-7.256074061067632,-3.5023126481742097,-9.58805614719027,-7.631328152094246,-3.083647325421083,-10.387379591038835,-6.448469554398975,-3.7682723300767544,-8.792972447032449,0.0008382811020777058,-0.0028403292718188196,0.009551428109165466,0.5632659989025103,-0.3260119069788912,0.7592414971458978,0.9783810176486952,-0.05084982866417835,0.20046166523684114,-0.2001914651230658,0.010404639417476854,0.9797015467837502,-0.0519033871398005,-0.9986521107990591,0.0,43.95664565983566,-32.50546293496849,0.4669813548212467,249.19932181474942,NONE
0.0034199829678982496,0.10259948903694749,-7.005775973254489,-3.4429250519376877,-9.547827723462122,-7.010359235331023,-3.51508329331508,-9.537711340563792,-7.6271500795954505,-3.082521503793967,-10.38868154745481,-6.447227266234935,-3.7668892045579705,-8.791990279656806,0.0008393996807461854,-0.0028287366316857737,0.009554769564200469,0.5618680063621501,-0.3258893813161921,0.7603291751419069,0.9841770482629192,-0.01376569199850451,0.17665232349530574,-0.17663504621926387,0.002470595759866194,0.9842733139751935,-0.013985639763927851,-0.9999021961574011,-4.336808689942018e-19,46.22901311374248,-31.650455549433318,0.47241582947449423,255.5824272101747,NONE
0.0034299828112125397,0.10289948433637619,-7.003141090327548,-3.4416620593172196,-9.547940487300965,-7.010359235331023,-3.51508329331508,-9.537711340563792,-7.622839795716239,-3.0813895268271816,-10.390085883145135,-6.446098389152268,-3.76550844291041,-8.79094205886448,0.0008404996433736282,-0.0028171389832837815,0.009558098774593168,0.560353050744748,-0.32577091242058515,0.7614970591812639,0.9841770482629192,-0.01376569199850451,0.17665232349530574,-0.17663504621926387,0.002470595759866194,0.9842733139751935,-0.013985639763927851,-0.9999021961574011,-4.336808689942018e-19,46.33098801982726,-31.706814966216402,0.47497171481450096,255.5982220999155,NONE
0.0034399828873574734,0.1031994866207242,-7.000498548203754,-3.440394357929814,-9.548089179003599,-7.010359235331023,-3.51508329331508,-9.537711340563792,-7.618416840837075,-3.080243040954846,-10.391593573407716,-6.445056247225914,-3.7641317817698994,-8.789869156553536,0.0008415810373622335,-0.0028055358277668317,0.009561415883606317,0.5587431398148388,-0.3256613051500254,0.762725912787705,0.9841770482629192,-0.01376569199850451,0.17665232349530574,-0.17663504621926387,0.002470595759866194,0.9842733139751935,-0.013985639763927851,-0.9999021961574011,-4.336808689942018e-19,46.43931815841139,-31.7649210620634,0.47752872660020707,255.8498139267489,NONE
0.0034499827306717634,0.1034994819201529,-6.997844830209064,-3.439119891415227,-9.548290735136705,-7.010359235331023,-3.51508329331508,-9.537711340563792,-7.613895829765981,-3.0790752002845863,-10.393205309044804,-6.444081025523247,-3.762761470052115,-8.788803112491241,0.0008426438084364803,-0.0027939277466357045,0.009564720724942742,0.557054668687016,-0.32556489036548975,0.7640010459778872,0.9841770482629192,-0.01376569199850451,0.17665232349530574,-0.17663504621926387,0.002470595759866194,0.9842733139751935,-0.013985639763927851,-0.9999021961574011,-4.336808689942018e-19,46.55289635916012,-31.823855879156362,0.48008730567041447,255.86560898901115,NONE
0.003459982806816697,0.10379948420450091,-6.995183602029132,-3.4378409694534424,-9.548526875700789,-7.010359235331023,-3.51508329331508,-9.537711340563792,-7.6092611947470115,-3.0778948933886396,-10.39491873726144,-6.4431936785319905,-3.761393903718197,-8.787711329828706,0.0008436880023814221,-0.002782314240590491,0.009568013440805498,0.5552702458166767,-0.3254757192045512,0.7653368606822538,0.9841770482629192,-0.01376569199850451,0.17665232349530574,-0.17663504621926387,0.002470595759866194,0.9842733139751935,-0.013985639763927851,-0.9999021961574011,-4.336808689942018e-19,46.6728477425589,-31.88459812688651,0.48264710534015975,256.08687775804805,NONE
0.003469982650130987,0.10409947950392962,-6.992514535838413,-3.436557517538655,-9.548798922475415,-7.010359235331023,-3.51508329331508,-9.537711340563792,-7.6045140851206465,-3.0767021886265415,-10.396733085486103,-6.442392550612702,-3.7600288798417156,-8.786597012942599,0.0008447135668033921,-0.0027706958916557858,0.009571293866131363,0.553391206908545,-0.3253936624834161,0.7667314631159546,0.9841770482629192,-0.01376569199850451,0.17665232349530574,-0.17663504621926387,0.002470595759866194,0.9842733139751935,-0.013985639763927851,-0.9999021961574011,-4.336808689942018e-19,46.799058225439346,-31.94705735220658,0.4852082137267697,256.2759815108754,SLIDING
0.003479982493445277,0.10439947480335832,-6.989835485869693,-3.435268403182614,-9.549116343984368,-7.010359235331023,-3.51508329331508,-9.537711340563792,-7.59966293676946,-3.0754937668062636,-10.398648180949937,-6.441665984229418,-3.758667231546689,-8.785478296845186,0.0008457205226210178,-0.002759072470771357,0.009574562066096349,0.5514271202571625,-0.32532069749544074,0.7681761352879773,0.9841770482629192,-0.01376569199850451,0.17665232349530574,-0.17663504621926387,0.002470595759866194,0.9842733139751935,-0.013985639763927851,-0.9999021961574011,-4.336808689942018e-19,46.9308697004962,-32.010724062377875,0.48777105441887336,256.3865242371345,SLIDING
0.003489982569590211,0.10469947708770633,-6.987147375994968,-3.4339742969375733,-9.549474278141732,-7.010359235331023,-3.51508329331508,-9.537711340563792,-7.594703607362285,-3.0742725748953172,-10.400662710720159,-6.441019457227655,-3.7573075831320986,-8.784347129142379,0.0008467088890683574,-0.002747443748417695,0.009577818104769728,0.5493734048260144,-0.3252547658270387,0.7696740864656094,0.9841770482629192,-0.01376569199850451,0.17665232349530574,-0.17663504621926387,0.002470595759866194,0.9842733139751935,-0.013985639763927851,-0.9999021961574011,-4.336808689942018e-19,47.0685574362593,-32.075849506920136,0.4903355862922467,256.5475759869248,IMPACT
0.003499982412904501,0.10499947238713503,-6.984451189690875,-3.4326759140592698,-9.549867917052923,-7.010359235331023,-3.51508329331508,-9.537711340563792,-7.589632088354655,-3.07304129254688,-10.402775104131845,-6.44045844037585,-3.7559488840709756,-8.78319579201717,0.0008476786165759093,-0.0027358103073895574,0.009581061818943548,0.5472255466565739,-0.32519409120195014,0.7712282438641312,0.9841770482629192,-0.01376569199850451,0.17665232349530574,-0.17663504621926387,0.002470595759866194,0.9842733139751935,-0.013985639763927851,-0.9999021961574011,-4.336808689942018e-19,47.21239123720295,-32.142651391093,0.4929017006034968,256.71314201649477,IMPACT
0.0035099824890494347,0.10529947467148304,-6.981746390515613,-3.4313734035593155,-9.55029921856172,-7.010359235331023,-3.51508329331508,-9.537711340563792,-7.584450087219353,-3.0717993808894155,-10.404984205600437,-6.43998038019355,-3.7545919017081384,-8.782029041951642,0.0008486297468826422,-0.0027241716472836317,0.009584293348162892,0.5449855747741918,-0.3251392956279633,0.772835792213712,0.9841770482629192,-0.01376569199850451,0.17665232349530574,-0.17663504621926387,0.002470595759866194,0.9842733139751935,-0.013985639763927851,-0.9999021961574011,-4.336808689942018e-19,47.36221174907151,-32.21095247951177,0.49546958149992726,256.88125560316655,IMPACT
0.0035199823323637247,0.10559946997091174,-6.979033127480792,-3.4300671975713852,-9.550767118284655,-7.010359235331023,-3.51508329331508,-9.537711340563792,-7.579156795334991,-3.0705476556081592,-10.407288532550822,-6.43958628650177,-3.7532367234055277,-8.780846190471783,0.00084956223230263,-0.0027125283513975583,0.00958751253045961,0.5426526232539147,-0.3250900322844612,0.7744963533709717,0.9841770482629192,-0.01376569199850451,0.17665232349530574,-0.17663504621926387,0.002470595759866194,0.9842733139751935,-0.013985639763927851,-0.9999021961574011,-4.336808689942018e-19,47.51804856961679,-32.280739825768684,0.49803927630216194,257.0654429551082,IMPACT
0.0035299824085086584,0.10589947225525975,-6.976326748782443,-3.428813562880147,-9.551209317022456,-7.010359235331023,-3.51508329331508,-9.537711340563792,-7.573864996566135,-3.0694117299060233,-10.409585700527487,-6.439203923276141,-3.7518772809521104,-8.779620970726329,0.0008504761129553427,-0.0027008799188992993,0.00959071950431206,0.5403147968047589,-0.3249835957362318,0.7761736808576941,0.9841770482629192,-0.01376569199850451,0.17665232349530574,-0.17663504621926387,0.002470595759866194,0.9842733139751935,-0.013985639763927851,-0.9999021961574011,-4.336808689942018e-19,47.673701483646305,-32.35475866742149,0.5006074595174681,249.9489108630427,IMPACT
0.0035399822518229485,0.10619946755468845,-6.973950102978992,-3.4292164902788285,-9.550761218177884,-7.010359235331023,-3.51508329331508,-9.537711340563792,-7.573263165374981,-3.0718470018061192,-10.408748719729646,-6.4352319094057195,-3.7504533485220684,-8.77952243506755,0.0008513713430392179,-0.0026892269335808605,0.009593914108994225,0.5419196456996485,-0.32314587938854733,0.775822040315284,0.9841770482629192,-0.01376569199850451,0.17665232349530574,-0.17663504621926387,0.002470595759866194,0.9842733139751935,-0.013985639763927851,-0.9999021961574011,-4.336808689942018e-19,47.55796524946647,-32.46435055842729,0.5030312040455929,241.75869318130398,NONE
0.003549982327967882,0.10649946983903646,-6.971563145571994,-3.4296323667865876,-9.550406076360249,-7.010359235331023,-3.51508329331508,-9.537711340563792,-7.572700661882788,-3.074307963675457,-10.407966514991921,-6.431204963520393,-3.749030912533704,-8.779551177031676,0.0008522479610536856,-0.0026775688941889694,0.009597096481915653,0.543569380172569,-0.32129664231345095,0.7754358752191645,0.9841770482629192,-0.01376569199850451,0.17665232349530574,-0.17663504621926387,0.002470595759866194,0.9842733139751935,-0.013985639763927851,-0.9999021961574011,-4.336808689942018e-19,47.43906532059553,-32.57381484290987,0.5054488541959117,241.77508298485583,NONE
0.003559982171282172,0.10679946513846517,-6.96917597954874,-3.4300482432943467,-9.55005106565355,-7.010359235331023,-3.51508329331508,-9.537711340563792,-7.571996919999568,-3.076772514991369,-10.407276137857297,-6.427304579667194,-3.747605250017676,-8.779497624790634,0.0008531059230822187,-0.0026659063850015606,0.009600266463594864,0.5450915906344639,-0.31944415953633654,0.7751326252698396,0.9841770482629192,-0.01376569199850451,0.17665232349530574,-0.17663504621926387,0.002470595759866194,0.9842733139751935,-0.013985639763927851,-0.9999021961574011,-4.336808689942018e-19,47.32858133502243,-32.68724135629331,0.5078666865005115,241.7914519945222,NONE
0.003569982247427106,0.10709946742281318,-6.966788634711551,-3.4304641198021057,-9.549696187049138,-7.010359235331023,-3.51508329331508,-9.537711340563792,-7.5711520168494,-3.079240406853934,-10.406678366947029,-6.423530745111256,-3.746176584708332,-8.779361080329851,0.0008539452660035044,-0.00265423890435127,0.009603424190370677,0.5464863198753068,-0.317588656121142,0.7749129936272271,0.9841770482629192,-0.01376569199850451,0.17665232349530574,-0.17663504621926387,0.002470595759866194,0.9842733139751935,-0.013985639763927851,-0.9999021961574011,-4.336808689942018e-19,47.22654456041354,-32.80461359412512,0.5102846714535048,241.80780166307724,NONE
0.003579982090741396,0.10739946272224188,-6.964401111060428,-3.430879996309865,-9.54934144174027,-7.010359235331023,-3.51508329331508,-9.537711340563792,-7.570165849763322,-3.081711307740525,-10.406173956958805,-6.419883552140971,-3.744745214608972,-8.77914086752288,0.0008547659477866787,-0.0026425670369935325,0.009606569504008447,0.5477534750582624,-0.3157304318421176,0.7747776616361545,0.9841770482629192,-0.01376569199850451,0.17665232349530574,-0.17663504621926387,0.002470595759866194,0.9842733139751935,-0.013985639763927851,-0.9999021961574011,-4.336808689942018e-19,47.13299385524266,-32.925905894858936,0.5127028088441001,241.82413463350954,NONE
0.0035899821668863297,0.10769946500658989,-6.962013408595371,-3.4312958579164627,-9.548986830425436,-7.010359235331023,-3.51508329331508,-9.537711340563792,-7.569038436651105,-3.0841850199335856,-10.405763541323614,-6.416362984657375,-3.7433112891507743,-8.778836418309531,0.0008555680036893548,-0.0026308902808540977,0.009609702539774126,0.548893072377967,-0.31386965200818495,0.7747272014352774,0.9841770482629192,-0.01376569199850451,0.17665232349530574,-0.17663504621926387,0.002470595759866194,0.9842733139751935,-0.013985639763927851,-0.9999021961574011,-4.336808689942018e-19,47.04795823026537,-33.05109421571979,0.5151210983437835,241.8404680498184,NONE
0.0035999820102006197,0.10799946030601859,-6.959625467711734,-3.431711734424222,-9.54863235380313,-7.010359235331023,-3.51508329331508,-9.537711340563792,-7.567769638993998,-3.086661188177227,-10.405447642146422,-6.4129690539911435,-3.7418751842621143,-8.778447264699773,0.00085635139356691,-0.0026192092211574838,0.009612823140682155,0.5499050404775498,-0.3120066648023273,0.7747620844984044,0.9841770482629192,-0.01376569199850451,0.17665232349530574,-0.17663504621926387,0.002470595759866194,0.9842733139751935,-0.013985639763927851,-0.9999021961574011,-4.336808689942018e-19,46.97147140668629,-33.18013484590979,0.5175395989009388,241.8567738989293,NONE
0.0036099818535149097,0.10829945560544729,-6.957237348014163,-3.4321275960308197,-9.548278012804674,-7.010359235331023,-3.51508329331508,-9.537711340563792,-7.56635952189436,-3.089139620252013,-10.40522671408577,-6.409701814805067,-3.7404370161362417,-8.7779729997728,0.0008571161335038815,-0.0026075236275722334,0.009615931368722543,0.550789384328235,-0.3101416170877279,0.7748827211014148,0.9841770482629192,-0.01376569199850451,0.17665232349530574,-0.17663504621926387,0.002470595759866194,0.9842733139751935,-0.013985639763927851,-0.9999021961574011,-4.336808689942018e-19,46.903558986546344,-33.312992236481875,0.5199582512792684,241.87308568994172,NONE
0.0036199819296598434,0.1085994578897953,-6.954849049502658,-3.4325434576374176,-9.547923807313653,-7.010359235331023,-3.51508329331508,-9.537711340563792,-7.564808022180513,-3.091620182813098,-10.40510116539165,-6.406561323883711,-3.7389969329315864,-8.77741325633458,0.0008578622378964563,-0.002595833269356741,0.00961902728476512,0.5515460468080008,-0.3082746429135659,0.7750894805033676,0.9841770482629192,-0.01376569199850451,0.17665232349530574,-0.17663504621926387,0.002470595759866194,0.9842733139751935,-0.013985639763927851,-0.9999021961574011,-4.336808689942018e-19,46.84424855691828,-33.449626986139315,0.5223770557044674,241.88938913189276,NONE
0.0036299817729741335,0.108899453189224,-6.952460572177219,-3.4329593192440155,-9.547569738261389,-7.010359235331023,-3.51508329331508,-9.537711340563792,-7.563115115230306,-3.0941026410520203,-10.405071243544063,-6.40354760335975,-3.7375551457157816,-8.776767813695601,0.0008585896694305157,-0.0025841387324230785,0.009622110733702192,0.5521750056526455,-0.30640595460179104,0.7753825856421244,0.9841770482629192,-0.01376569199850451,0.17665232349530574,-0.17663504621926387,0.002470595759866194,0.9842733139751935,-0.013985639763927851,-0.9999021961574011,-4.336808689942018e-19,46.793563502785574,-33.589985536205795,0.5247960120120112,241.90568754164616,NONE
0.003639981849119067,0.10919945547357202,-6.950071916037845,-3.4333751659494522,-9.547215805647882,-7.010359235331023,-3.51508329331508,-9.537711340563792,-7.5612806482044554,-3.0965868422744034,-10.405137224909678,-6.400660790619314,-3.736111763448995,-8.776036423431856,0.0008592984593085606,-0.00257243951371201,0.009625181848109355,0.552676122659591,-0.30453567674980553,0.7757622864180101,0.9841770482629192,-0.01376569199850451,0.17665232349530574,-0.17663504621926387,0.002470595759866194,0.9842733139751935,-0.013985639763927851,-0.9999021961574011,-4.336808689942018e-19,46.75153237961437,-33.734018349800095,0.5272151199967787,241.9219973893261,NONE
0.0036499816924333572,0.10949945077300072,-6.947683021479892,-3.43379102755605,-9.546862009473132,-7.010359235331023,-3.51508329331508,-9.537711340563792,-7.559304654701851,-3.0990727313182966,-10.40529913052938,-6.397900742277773,-3.734666892307322,-8.775219066629848,0.0008599885721040188,-0.002560736199583449,0.009628240474133782,0.5530494821067038,-0.3026638861852502,0.77622860185692,0.9841770482629192,-0.01376569199850451,0.17665232349530574,-0.17663504621926387,0.002470595759866194,0.9842733139751935,-0.013985639763927851,-0.9999021961574011,-4.336808689942018e-19,46.718166205212796,-33.88166742572716,0.5296344387305396,241.9383070269582,NONE
0.003659981768578291,0.10979945305734873,-6.94529400771265,-3.434206874261487,-9.54650834973714,-7.010359235331023,-3.51508329331508,-9.537711340563792,-7.557187174703812,-3.101560136711905,-10.405556981105518,-6.395267648761869,-3.7332206298341077,-8.77431572468038,0.0008606600373964933,-0.0025490282865969823,0.00963128674327138,0.5532950123533065,-0.30079071101057275,0.7767815506786374,0.9841770482629192,-0.01376569199850451,0.17665232349530574,-0.17663504621926387,0.002470595759866194,0.9842733139751935,-0.013985639763927851,-0.9999021961574011,-4.336808689942018e-19,46.69348437707634,-34.032868383061135,0.5320538504799988,241.95461790731673,NONE
0.003669981611892581,0.11009944835677743,-6.942904755526828,-3.4346227060657624,-9.546154826672735,-7.010359235331023,-3.51508329331508,-9.537711340563792,-7.554927895078219,-3.1040489484155827,-10.405910791046022,-6.392761565178146,-3.731773074943198,-8.773326385074391,0.0008613128216476947,-0.002537316361551887,0.009634320502926223,0.5534125380476532,-0.2989162507274358,0.7774211457007764,0.9841770482629192,-0.01376569199850451,0.17665232349530574,-0.17663504621926387,0.002470595759866194,0.9842733139751935,-0.013985639763927851,-0.9999021961574011,-4.336808689942018e-19,46.677510774077916,-34.18755582820802,0.5344734725270737,241.9709476907402,NONE
0.0036799816880375147,0.11039945064112544,-6.940515324527072,-3.435038552771199,-9.545801439581426,-7.010359235331023,-3.51508329331508,-9.537711340563792,-7.552526936705864,-3.10653919310543,-10.40636033246804,-6.390382496050561,-3.7303242602470523,-8.772251251327772,0.0008619469528139031,-0.0025255999206337085,0.009637341883512928,0.5534021145977635,-0.2970405081626773,0.7781471814953661,0.9841770482629192,-0.01376569199850451,0.17665232349530574,-0.17663504621926387,0.002470595759866194,0.9842733139751935,-0.013985639763927851,-0.9999021961574011,-4.336808689942018e-19,46.670250823194074,-34.345660292289274,0.5368932467438796,241.987284212915,NONE
0.0036899815313518047,0.11069944594055414,-6.938125655108737,-3.4354543845754746,-9.545448187997552,-7.010359235331023,-3.51508329331508,-9.537711340563792,-7.5499841111255925,-3.109030842523224,-10.406905413786198,-6.388130497602659,-3.7288741545553696,-8.771090494770995,0.0008625623992454787,-0.002513879551072529,0.009640350733694797,0.5532636254871113,-0.29516348192006947,0.7789594852453355,0.9841770482629192,-0.01376569199850451,0.17665232349530574,-0.17663504621926387,0.002470595759866194,0.9842733139751935,-0.013985639763927851,-0.9999021961574011,-4.336808689942018e-19,46.671719086585775,-34.50711140453356,0.5393132314639519,242.0036437864295,NONE
0.0036999816074967384,0.11099944822490215,-6.935735866481113,-3.43587021637975,-9.545095071455451,-7.010359235331023,-3.51508329331508,-9.537711340563792,-7.547299477849679,-3.111523798007736,-10.40754565033393,-6.3860057427049455,-3.727422874849725,-8.769844460293823,0.0008631591872750044,-0.002502154748687346,0.009643347182802872,0.5529970167355871,-0.29328527468666143,0.7798577095429079,0.9841770482629192,-0.01376569199850451,0.17665232349530574,-0.17663504621926387,0.002470595759866194,0.9842733139751935,-0.013985639763927851,-0.9999021961574011,-4.336808689942018e-19,46.68192383683462,-34.67182272551706,0.5417333096516259,242.02002910678416,NONE
0.0037099814508110285,0.11129944352433085,-6.933345839434909,-3.4362860481840256,-9.544742089023801,-7.010359235331023,-3.51508329331508,-9.537711340563792,-7.5444728183629906,-3.114018158533967,-10.408280665924378,-6.384008201413438,-3.7259703321622024,-8.768513484279433,0.00086373728714188,-0.0024904261011307023,0.00964633108076185,0.552602198547406,-0.29140579696582636,0.7808415150690217,0.9841770482629192,-0.01376569199850451,0.17665232349530574,-0.17663504621926387,0.002470595759866194,0.9842733139751935,-0.013985639763927851,-0.9999021961574011,-4.336808689942018e-19,46.700872447239774,-34.83971946385285,0.5441535987944732,242.0364273357903,NONE
0.0037199812941253185,0.11159943882375956,-6.930955633574771,-3.43670186508714,-9.544389240702602,-7.010359235331023,-3.51508329331508,-9.537711340563792,-7.54150415569904,-3.1165138530234193,-10.409109883414047,-6.382137966206307,-3.7245165620890437,-8.767098085517953,0.0008642967108324396,-0.0024786933771058883,0.009649302486835976,0.5520791378536825,-0.28952509955505923,0.7819103799505209,0.9841770482629192,-0.01376569199850451,0.17665232349530574,-0.17663504621926387,0.002470595759866194,0.9842733139751935,-0.013985639763927851,-0.9999021961574011,-4.336808689942018e-19,46.72856650848754,-35.010708379575426,0.5465740400258419,242.05285613378643,NONE
0.0037299813702702522,0.11189944110810757,-6.928565248900699,-3.4371176968914154,-9.544036524629208,-7.010359235331023,-3.51508329331508,-9.537711340563792,-7.538393320053892,-3.119011070317019,-10.410032799812752,-6.3803951897190885,-3.7230614514739178,-8.765598712606668,0.0008648374686423891,-0.0024669563449480946,0.009652261459158576,0.5514276811118113,-0.28764303864614227,0.7830638510505161,0.9841770482629192,-0.01376569199850451,0.17665232349530574,-0.17663504621926387,0.002470595759866194,0.9842733139751935,-0.013985639763927851,-0.9999021961574011,-4.336808689942018e-19,46.76501242865294,-35.18471067083534,0.5489946340850231,242.0693031789232,NONE
0.0037399812135845423,0.11219943640753627,-6.926174685412692,-3.4375334988933686,-9.54368394080362,-7.010359235331023,-3.51508329331508,-9.537711340563792,-7.535140289084985,-3.1215096741797224,-10.411048619947369,-6.37877989203535,-3.721605037890399,-8.764016080320976,0.0008653595336455564,-0.0024552155929272656,0.009655207849550328,0.5506478081188735,-0.28575969700508397,0.7843012093459012,0.9841770482629192,-0.01376569199850451,0.17665232349530574,-0.17663504621926387,0.002470595759866194,0.9842733139751935,-0.013985639763927851,-0.9999021961574011,-4.336808689942018e-19,46.810205982058584,-35.361620469701386,0.5514153803566426,242.0857849938367,NONE
0.003749981289729476,0.11249943869188428,-6.9237839431107515,-3.437949315796483,-9.54333148689753,-7.010359235331023,-3.51508329331508,-9.537711340563792,-7.531744949392099,-3.1240099672627477,-10.412156642583255,-6.377292175089731,-3.720147134174612,-8.762350814574438,0.0008658629281136762,-0.0024434706159779944,0.009658141784625861,0.5497394163344607,-0.28387484138660196,0.7856218228613424,0.9841770482629192,-0.01376569199850451,0.17665232349530574,-0.17663504621926387,0.002470595759866194,0.9842733139751935,-0.013985639763927851,-0.9999021961574011,-4.336808689942018e-19,46.864144717186974,-35.541356004600615,0.5538362798673759,242.1023034951284,NONE
0.003759981133043766,0.11279943399131298,-6.9213929623902315,-3.438365132699597,-9.542979161979618,-7.010359235331023,-3.51508329331508,-9.537711340563792,-7.528207107677483,-3.1265119188097636,-10.413355986656507,-6.375932099453356,-3.718687739677494,-8.760603705580568,0.0008663476270109203,-0.002431722002771307,0.00966106311747267,0.5487023848686313,-0.28198848612749067,0.7870248957504474,0.9841770482629192,-0.01376569199850451,0.17665232349530574,-0.17663504621926387,0.002470595759866194,0.9842733139751935,-0.013985639763927851,-0.9999021961574011,-4.336808689942018e-19,46.926825898068735,-35.72381112488511,0.556257391238141,242.11886215719787,NONE
0.0037699812091886997,0.11309943627566099,-6.919001802855777,-3.4387809347015503,-9.54262696511856,-7.010359235331023,-3.51508329331508,-9.537711340563792,-7.5245268231300395,-3.129015728182607,-10.414645667624917,-6.37469972510458,-3.7172266468984176,-8.75877563656878,0.0008668136509839462,-0.002419969247900695,0.009663971973615569,0.5475367133454572,-0.2801004374837194,0.7885095385981606,0.9841770482629192,-0.01376569199850451,0.17665232349530574,-0.17663504621926387,0.002470595759866194,0.9842733139751935,-0.013985639763927851,-0.9999021961574011,-4.336808689942018e-19,46.998235339699185,-35.90889024523358,0.5586786557668102,242.1354630016705,NONE
0.0037799810525029898,0.1133994315750897,-6.9166104645073885,-3.4391967367035035,-9.54227489445171,-7.010359235331023,-3.51508329331508,-9.537711340563792,-7.520703884191226,-3.1315214249272874,-10.416024683399801,-6.3735952422118505,-3.7157638575743963,-8.756867504772405,0.0008672609768874355,-0.0024082129404298307,0.00966686820741091,0.5462422104663696,-0.2782106822129089,0.7900748469654267,0.9841770482629192,-0.01376569199850451,0.17665232349530574,-0.17663504621926387,0.002470595759866194,0.9842733139751935,-0.013985639763927851,-0.9999021961574011,-4.336808689942018e-19,47.078369986172575,-36.09648390911141,0.5611000739875518,242.15209241145857,NONE
0.0037899811286479235,0.1136994338594377,-6.914218887740421,-3.4396125387054566,-9.541922947650763,-7.010359235331023,-3.51508329331508,-9.537711340563792,-7.516738212701296,-3.1340293241647794,-10.417491912900456,-6.372618607849571,-3.7142990884454563,-8.754880313501612,0.0008676896237429333,-0.0023964525746185484,0.009669751943291793,0.5448188594532022,-0.2763189353717509,0.7917198092375448,0.9841770482629192,-0.01376569199850451,0.17665232349530574,-0.17663504621926387,0.002470595759866194,0.9842733139751935,-0.013985639763927851,-0.9999021961574011,-4.336808689942018e-19,47.16721153338398,-36.286497765953946,0.5635217049731853,242.16876872077577,NONE
0.0037999809719622135,0.1139994291588664,-6.911827191764163,-3.4400283258062485,-9.541571123784395,-7.010359235331023,-3.51508329331508,-9.537711340563792,-7.512629780605974,-3.136539410846042,-10.419046125483016,-6.371770073601187,-3.7128323247433643,-8.752815167204817,0.0008680995702958398,-0.002384688739914545,0.009672623036885644,0.5432665271451368,-0.274425197093963,0.7934433134658091,0.9841770482629192,-0.01376569199850451,0.17665232349530574,-0.17663504621926387,0.002470595759866194,0.9842733139751935,-0.013985639763927851,-0.9999021961574011,-4.336808689942018e-19,47.26474822251277,-36.478813771948374,0.5659434313600613,242.18547774368312,NONE
0.003809981048107147,0.11429943144321442,-6.909435257369327,-3.4404441278082016,-9.54121942005864,-7.010359235331023,-3.51508329331508,-9.537711340563792,-7.508378469614984,-3.139052014861925,-10.420686004771994,-6.371049519431317,-3.7113633265230277,-8.750673243857017,0.0008684908339420867,-0.002372920930251418,0.009675481611531972,0.541585214373175,-0.2725291960290964,0.7952441718642749,0.9841770482629192,-0.01376569199850451,0.17665232349530574,-0.17663504621926387,0.002470595759866194,0.9842733139751935,-0.013985639763927851,-0.9999021961574011,-4.336808689942018e-19,47.37095591085707,-36.67333066784804,0.5683653713750374,242.20223843575752,NONE
0.0038199808914214373,0.11459942674264312,-6.9068941921532625,-3.440761790762532,-9.541603437883767,-7.010359235331023,-3.51508329331508,-9.537711340563792,-7.504601386901348,-3.141379022965039,-10.422595900144952,-6.369619501437975,-3.709874803600998,-8.749685661348764,0.0008688633953184504,-0.0023611497354522554,0.009678327524131372,0.5404675645063686,-0.2707122764933139,0.7966239232362795,0.9841770482629192,-0.01376569199850451,0.17665232349530574,-0.17663504621926387,0.002470595759866194,0.9842733139751935,-0.013985639763927851,-0.9999021961574011,-4.336808689942018e-19,47.43954345934377,-36.84773157426933,0.5708027646481444,244.15368616378555,NONE
0.003829980967566371,0.11489942902699113,-6.904306277686405,-3.441048980842221,-9.542222227228793,-7.010359235331023,-3.51508329331508,-9.537711340563792,-7.500879056301852,-3.143645343900794,-10.424652761275409,-6.368051305458967,-3.708382967214348,-8.749011778327567,0.0008692172701950885,-0.002349374649131684,0.009681160896928049,0.53944178611566,-0.2689226777683592,0.7979242775942101,0.9841770482629192,-0.01376569199850451,0.17665232349530574,-0.17663504621926387,0.002470595759866194,0.9842733139751935,-0.013985639763927851,-0.9999021961574011,-4.336808689942018e-19,47.502090317579125,-37.017254886305324,0.5732443734639219,244.16950941189555,NONE
0.003839980810880661,0.11519942432641983,-6.901718184405612,-3.4413361411195877,-9.54284112926385,-7.010359235331023,-3.51508329331508,-9.537711340563792,-7.497016358509536,-3.1459124534246965,-10.42679620703988,-6.36660894498971,-3.706890365380079,-8.748260278989008,0.0008695524411000499,-0.0023375962614798637,0.009683981588097721,0.5382892445332506,-0.26713233902637257,0.799302822881367,0.9841770482629192,-0.01376569199850451,0.17665232349530574,-0.17663504621926387,0.002470595759866194,0.9842733139751935,-0.013985639763927851,-0.9999021961574011,-4.336808689942018e-19,47.57318780213434,-37.18907506081832,0.5756861379470646,244.18532782124535,NONE
0.003849980654194951,0.11549941962584853,-6.899129912310886,-3.4416233162981156,-9.543460142591956,-7.010359235331023,-3.51508329331508,-9.537711340563792,-7.493013199360258,-3.1481806092707054,-10.429025312370328,-6.365292504673671,-3.705396851310116,-8.747431992217361,0.0008698689151695768,-0.0023258143401908983,0.009686789653649842,0.5370098546126603,-0.26534106763781456,0.8007587238823654,0.9841770482629192,-0.01376569199850451,0.17665232349530574,-0.17663504621926387,0.002470595759866194,0.9842733139751935,-0.013985639763927851,-0.9999021961574011,-4.336808689942018e-19,47.65282508877445,-37.363108213859576,0.5781280589597273,244.20120275647324,NONE
0.0038599807303398848,0.11579942191019654,-6.896541461402225,-3.441910476575482,-9.544079266747447,-7.010359235331023,-3.51508329331508,-9.537711340563792,-7.488869586325687,-3.1504499455801485,-10.43133898191844,-6.364101977794623,-3.7039022478343693,-8.746527901729088,0.0008701666978473149,-0.0023140286526400623,0.009689585148450617,0.5356036231100306,-0.2635487153591527,0.8022909905663584,0.9841770482629192,-0.01376569199850451,0.17665232349530574,-0.17663504621926387,0.002470595759866194,0.9842733139751935,-0.013985639763927851,-0.9999021961574011,-4.336808689942018e-19,47.74098308128942,-37.53926206666234,0.58057013617392,244.2171069571476,NONE
0.003869980573654175,0.11609941720962524,-6.89395283167963,-3.442197636852849,-9.544698498936357,-7.010359235331023,-3.51508329331508,-9.537711340563792,-7.4845854169499315,-3.1527206300440564,-10.433736103661087,-6.363037456449427,-3.7024064325122876,-8.745549001808326,0.0008704457744990628,-0.0023022397895520663,0.009692367932592294,0.5340704573811925,-0.26175514403249106,0.8038986199298851,0.9841770482629192,-0.01376569199850451,0.17665232349530574,-0.17663504621926387,0.002470595759866194,0.9842733139751935,-0.013985639763927851,-0.9999021961574011,-4.336808689942018e-19,47.83764716859418,-37.717443208880134,0.5830123702883263,244.2330724795939,NONE
0.0038799806497991085,0.11639941949397326,-6.8913640231431,-3.4424847971302155,-9.545317837761703,-7.010359235331023,-3.51508329331508,-9.537711340563792,-7.48016070249832,-3.1549928375480696,-10.436215415727107,-6.36209893051176,-3.7009092481404298,-8.744496424089244,0.0008707061568296132,-0.00229044724377638,0.009695138125573308,0.5324103676126475,-0.25996019552017147,0.8055804722085064,0.9841770482629192,-0.01376569199850451,0.17665232349530574,-0.17663504621926387,0.002470595759866194,0.9842733139751935,-0.013985639763927851,-0.9999021961574011,-4.336808689942018e-19,47.942793602660146,-37.897555496753036,0.5854547615497303,244.24904060216244,NONE
0.0038899804931133986,0.11669941479340196,-6.888775035792636,-3.442771942506421,-9.545937281360837,-7.010359235331023,-3.51508329331508,-9.537711340563792,-7.475595367476377,-3.1572666871108215,-10.438775619657765,-6.361286467843064,-3.699410559438096,-8.743371332210081,0.0008709478320965736,-0.002278651606382924,0.00969789558876609,0.5306232855396725,-0.25816374872727366,0.8073353749750869,0.9841770482629192,-0.01376569199850451,0.17665232349530574,-0.17663504621926387,0.002470595759866194,0.9842733139751935,-0.013985639763927851,-0.9999021961574011,-4.336808689942018e-19,48.0564018976488,-38.07949957590978,0.587897310082047,244.26507481614073,NONE
0.0038999805692583323,0.11699941707774997,-6.886185869628238,-3.4430590878826264,-9.546556827405455,-7.010359235331023,-3.51508329331508,-9.537711340563792,-7.470889347041387,-3.159542473939907,-10.441415377114941,-6.360600126729986,-3.697910129341013,-8.742174924772126,0.000871170810378454,-0.0022668523699280177,0.009700640440567645,0.5287091525292384,-0.25636555019100293,0.8091621201632456,0.9841770482629192,-0.01376569199850451,0.17665232349530574,-0.17663504621926387,0.002470595759866194,0.9842733139751935,-0.013985639763927851,-0.9999021961574011,-4.336808689942018e-19,48.178448419088014,-38.26318496823733,0.5903400165017008,244.2811157260041,NONE
0.003909980412572622,0.11729941237717867,-6.883596524649906,-3.443346233258832,-9.547176474265742,-7.010359235331023,-3.51508329331508,-9.537711340563792,-7.46604263050304,-3.161820373170332,-10.444133203850113,-6.360039916781972,-3.696407800421586,-8.74090853286084,0.000871375080825107,-0.002255050125818741,0.009703372543632701,0.5266679589147942,-0.25456544154821625,0.8110593671377494,0.9841770482629192,-0.01376569199850451,0.17665232349530574,-0.17663504621926387,0.002470595759866194,0.9842733139751935,-0.013985639763927851,-0.9999021961574011,-4.336808689942018e-19,48.30890458283444,-38.44851118974734,0.5927828810966016,244.2972260966529,NONE
0.003919980488717556,0.11759941466152668,-6.881006941252994,-3.4436333786350373,-9.54779621914773,-7.010359235331023,-3.51508329331508,-9.537711340563792,-7.461055200122109,-3.1641006269622576,-10.44692752712999,-6.359605740761852,-3.6949033550037917,-8.739573564889394,0.0008715606518882649,-0.0022432443663256965,0.009706092015255017,0.5244997425525035,-0.2527632038293019,0.8130256963050458,0.9841770482629192,-0.01376569199850451,0.17665232349530574,-0.17663504621926387,0.002470595759866194,0.9842733139751935,-0.013985639763927851,-0.9999021961574011,-4.336808689942018e-19,48.447736526170075,-38.63538072347509,0.595225963021834,244.31334723269353,NONE
0.00392998056486249,0.11789941694587469,-6.878417238646793,-3.4439205091100815,-9.548416059723111,-7.010359235331023,-3.51508329331508,-9.537711340563792,-7.455927184992384,-3.166383416497954,-10.449796709041177,-6.35929770899381,-3.693396601928485,-8.73817148874514,0.0008717275180994339,-0.002231435408170819,0.009708798782125981,0.5222045123802735,-0.25095865972882436,0.8150596287123985,0.9841770482629192,-0.01376569199850451,0.17665232349530574,-0.17663504621926387,0.002470595759866194,0.9842733139751935,-0.013985639763927851,-0.9999021961574011,-4.336808689942018e-19,48.59491062088092,-38.82369260744255,0.5976691451605287,244.32954112012735,NONE
0.003939980175346136,0.11819940526038408,-6.875827357226657,-3.444207654486287,-9.549035994012828,-7.010359235331023,-3.51508329331508,-9.537711340563792,-7.450658445534965,-3.1686690435927223,-10.45273912263963,-6.359115833761484,-3.6918873264874814,-8.736703763118332,0.0008718756727667183,-0.002219623843473641,0.009711492709724668,0.5197821960826099,-0.24915156328321866,0.8171596950101417,0.9841770482629192,-0.01376569199850451,0.17665232349530574,-0.17663504621926387,0.002470595759866194,0.9842733139751935,-0.013985639763927851,-0.9999021961574011,-4.336808689942018e-19,48.7503966697865,-39.01335247384031,0.6001124869340639,244.34575049007893,NONE
0.00394998025149107,0.1184994075447321,-6.8735841364205355,-3.444721982966054,-9.548172144245344,-7.010359235331023,-3.51508329331508,-9.537711340563792,-7.447245765968278,-3.170965972424438,-10.453159233847018,-6.357923831008964,-3.6907992883550045,-8.734685770081827,0.0008720051284403266,-0.0022078086139884568,0.009714174038892336,0.5187247309330061,-0.24753967425265055,0.818320697031043,0.9841770482629192,-0.01376569199850451,0.17665232349530574,-0.17663504621926387,0.002470595759866194,0.9842733139751935,-0.013985639763927851,-0.9999021961574011,-4.336808689942018e-19,48.81573648108752,-39.16112500224287,0.6024798945216503,230.38374606314375,NONE
0.0039599803276360035,0.1187994098290801,-6.8716217130959505,-3.4454156171184662,-9.546117028480383,-7.010359235331023,-3.51508329331508,-9.537711340563792,-7.445310753317652,-3.1732585488134766,-10.451568885936027,-6.35593676842706,-3.6900556448517294,-8.732212877841711,0.0008721158776814417,-0.002195990311710301,0.009716842634599751,0.5187495166145677,-0.2460938552563109,0.8187409562353886,0.9841770482629192,-0.01376569199850451,0.17665232349530574,-0.17663504621926387,0.002470595759866194,0.9842733139751935,-0.013985639763927851,-0.9999021961574011,-4.336808689942018e-19,48.809742379600884,-39.2754959683329,0.6047838558457173,230.54440541108926,IMPACT
0.00396997993811965,0.1190993981435895,-6.869336828643131,-3.4457250546318177,-9.546137464491638,-7.010359235331023,-3.51508329331508,-9.537711340563792,-7.4446804634888695,-3.1748492609198613,-10.45092343757707,-6.352164580788498,-3.689213353865337,-8.732831872515472,0.0008722079166371856,-0.0021841695292200087,0.009719498364259725,0.520245658428748,-0.24493528235498857,0.8181388405055224,0.9841770482629192,-0.01376569199850451,0.17665232349530574,-0.17663504621926387,0.002470595759866194,0.9842733139751935,-0.013985639763927851,-0.9999021961574011,-4.336808689942018e-19,48.70686361681683,-39.34011569726325,0.607033236234745,224.40371110907694,NONE
0.003979980014264584,0.11939940042793751,-6.867034539634036,-3.446010963211644,-9.54628309540263,-7.010359235331023,-3.51508329331508,-9.537711340563792,-7.443997211799972,-3.17639611168343,-10.450414478350542,-6.348406950797886,-3.688365810601631,-8.73356590978458,0.0008722812527776324,-0.002172345207442386,0.009722141465254339,0.5217096480962312,-0.24379509472295263,0.8175469374123623,0.9841770482629192,-0.01376569199850451,0.17665232349530574,-0.17663504621926387,0.002470595759866194,0.9842733139751935,-0.013985639763927851,-0.9999021961574011,-4.336808689942018e-19,48.606082065323385,-39.4039518265801,0.6092773059266143,224.41945090107149,NONE
0.003989980090409517,0.11969940271228552,-6.864732012206363,-3.4462968866926316,-9.546428838072332,-7.010359235331023,-3.51508329331508,-9.537711340563792,-7.443177851803629,-3.1779416009529995,-10.449987083088642,-6.344771214852817,-3.687519519470778,-8.734226842011383,0.0008723358815031101,-0.0021605179388390016,0.009724771804486918,0.5230507795003866,-0.24265615167513258,0.8170286862272667,0.9841770482629192,-0.01376569199850451,0.17665232349530574,-0.17663504621926387,0.002470595759866194,0.9842733139751935,-0.013985639763927851,-0.9999021961574011,-4.336808689942018e-19,48.51339624041591,-39.470034106640995,0.6115215907272642,224.43515359098237,NONE
0.003999980166554451,0.11999940499663353,-6.862429305964755,-3.4465827803712967,-9.546574692500743,-7.010359235331023,-3.51508329331508,-9.537711340563792,-7.4422222595242875,-3.179485611328289,-10.449642178440008,-6.341257597576853,-3.6866745011159225,-8.734813836238095,0.0008723718026186216,-0.002148687765420703,0.00972738937261406,0.5242688866416354,-0.24151851894649212,0.8165849248580536,0.9841770482629192,-0.01376569199850451,0.17665232349530574,-0.17663504621926387,0.002470595759866194,0.9842733139751935,-0.013985639763927851,-0.9999021961574011,-4.336808689942018e-19,48.428841759833965,-39.53836358415895,0.6137660313598001,224.45085128764688,NONE
0.004009979777038097,0.12029939331114292,-6.860126480513858,-3.446868674049962,-9.546720661016169,-7.010359235331023,-3.51508329331508,-9.537711340563792,-7.441130559772141,-3.1810280214624873,-10.449380429802748,-6.337866099961841,-3.685830921206253,-8.735326298764356,0.0008723890160570295,-0.002136855280353058,0.009729994039633157,0.5253640284810953,-0.2403823332113172,0.8162162528754241,0.9841770482629192,-0.01376569199850451,0.17665232349530574,-0.17663504621926387,0.002470595759866194,0.9842733139751935,-0.013985639763927851,-0.9999021961574011,-4.336808689942018e-19,48.35243766250117,-39.60892782912777,0.6160105691616469,224.46653119006518,NONE
0.004019979853183031,0.12059939559549093,-6.857823416644382,-3.447154552827466,-9.54686674361861,-7.010359235331023,-3.51508329331508,-9.537711340563792,-7.439902546691031,-3.1825687182544216,-10.449202531103602,-6.3345966806847365,-3.684988853111893,-8.73576360582442,0.0008723875225146702,-0.0021250194235092027,0.009732586038302257,0.5263361266696639,-0.23924768326546245,0.8159232977519915,0.9841770482629192,-0.01376569199850451,0.17665232349530574,-0.17663504621926387,0.002470595759866194,0.9842733139751935,-0.013985639763927851,-0.9999021961574011,-4.336808689942018e-19,48.284210132866136,-39.681717029833905,0.6182553212507251,224.48219520390583,NONE
0.004029979929327965,0.12089939787983894,-6.855520173960971,-3.44744043160497,-9.54701294170505,-7.010359235331023,-3.51508329331508,-9.537711340563792,-7.438538231923024,-3.184107638594103,-10.449109075763939,-6.331449442463401,-3.6841483818576624,-8.736125226648818,0.0008723673211771206,-0.00211318078794207,0.009735165238108145,0.5271851378379158,-0.23811463964931406,0.815706594816724,0.9841770482629192,-0.01376569199850451,0.17665232349530574,-0.17663504621926387,0.002470595759866194,0.9842733139751935,-0.013985639763927851,-0.9999021961574011,-4.336808689942018e-19,48.224181057565154,-39.7567184607366,0.6205002289238575,224.4978453245383,NONE
0.0040399800054728985,0.12119940016418695,-6.853216812068271,-3.4477262954813126,-9.547159255508321,-7.010359235331023,-3.51508329331508,-9.537711340563792,-7.437037611088698,-3.1856447654289353,-10.449100604546768,-6.328424502417297,-3.683309494476311,-8.736410675591694,0.0008723282235390965,-0.002101339388549434,0.009737731500687366,0.5279110041292383,-0.23698320430827421,0.8155666328357495,0.9841770482629192,-0.01376569199850451,0.17665232349530574,-0.17663504621926387,0.002470595759866194,0.9842733139751935,-0.013985639763927851,-0.9999021961574011,-4.336808689942018e-19,48.172371131478954,-39.83392141606498,0.6227452332732657,224.51348382082466,NONE
0.004049979615956545,0.12149938847869635,-6.850913211756992,-3.4480121593576554,-9.547305686192574,-7.010359235331023,-3.51508329331508,-9.537711340563792,-7.435400567573204,-3.187180069507492,-10.449177518918328,-6.32552173900501,-3.6824722455574417,-8.736619593988545,0.0008722704208733192,-0.00208949584691266,0.009740284826943163,0.528513727889616,-0.23585341716664282,0.8155037737760864,0.9841770482629192,-0.01376569199850451,0.17665232349530574,-0.17663504621926387,0.002470595759866194,0.9842733139751935,-0.013985639763927851,-0.9999021961574011,-4.336808689942018e-19,48.12879512902126,-39.91330733775596,0.6249904516214677,224.52912790020915,NONE
0.004059979692101479,0.12179939076304436,-6.848609432631778,-3.448298008332837,-9.547452233757811,-7.010359235331023,-3.51508329331508,-9.537711340563792,-7.4336271317800175,-3.1887135454555815,-10.449340169803508,-6.322741238079907,-3.68163661163617,-8.736751666395513,0.0008721939090104426,-0.002077649102187125,0.009742825446303475,0.5289932827143387,-0.23472526960980397,0.8155183349561878,0.9841770482629192,-0.01376569199850451,0.17665232349530574,-0.17663504621926387,0.002470595759866194,0.9842733139751935,-0.013985639763927851,-0.9999021961574011,-4.336808689942018e-19,48.093467559475485,-39.99485838103783,0.6272358251018186,224.5447642562855,NONE
0.004069979768246412,0.12209939304739237,-6.84630547469263,-3.4485838424068573,-9.547598898902523,-7.010359235331023,-3.51508329331508,-9.537711340563792,-7.431717269396652,-3.190245085305052,-10.449588792454136,-6.3200830304852325,-3.6808026897642887,-8.736806682672787,0.0008720986900435396,-0.0020657997478570594,0.009745353230244393,0.529349637576866,-0.23359885926630325,0.8156105284673086,0.9841770482629192,-0.01376569199850451,0.17665232349530574,-0.17663504621926387,0.002470595759866194,0.9842733139751935,-0.013985639763927851,-0.9999021961574011,-4.336808689942018e-19,48.06640146502157,-40.07854461939563,0.6294813535909292,224.56038045124754,NONE
0.004079979378730059,0.12239938136190176,-6.844001397544193,-3.4488696764808777,-9.54774568162671,-7.010359235331023,-3.51508329331508,-9.537711340563792,-7.429670909286805,-3.1917748267323347,-10.44992366413165,-6.317547293347728,-3.6799703844811544,-8.736784393592062,0.0008719847696517598,-0.002053948377910728,0.0097478680527015,0.5295826742567034,-0.23247407511848564,0.8157806050188515,0.9841770482629192,-0.01376569199850451,0.17665232349530574,-0.17663504621926387,0.002470595759866194,0.9842733139751935,-0.013985639763927851,-0.9999021961574011,-4.336808689942018e-19,48.047613025931774,-40.16435076978749,0.6317269786323969,224.576008204483,NONE
0.004089979454874992,0.12269938364624977,-6.841697081977176,-3.449155495653737,-9.547892582163202,-7.010359235331023,-3.51508329331508,-9.537711340563792,-7.427488030583083,-3.193302777827011,-10.450344798172896,-6.315133819059281,-3.6791396602193926,-8.736684787607057,0.0008718521384398108,-0.0020420939307678122,0.009750370139518695,0.5296924816780012,-0.23135089637732467,0.8160285764599235,0.9841770482629192,-0.01376569199850451,0.17665232349530574,-0.17663504621926387,0.002470595759866194,0.9842733139751935,-0.013985639763927851,-0.9999021961574011,-4.336808689942018e-19,48.03710267662644,-40.25224702351545,0.6339728173030164,224.59163488346087,NONE
0.004099979531019926,0.12299938593059778,-6.839392587596225,-3.449441314826596,-9.548039600512,-7.010359235331023,-3.51508329331508,-9.537711340563792,-7.4251686264330425,-3.194828953555652,-10.450852221536662,-6.3128427269623355,-3.678310531821367,-8.736507840484718,0.0008717008013397858,-0.0020302370003141175,0.009752859364118653,0.5296789997479558,-0.23022932298367377,0.8163544671675929,0.9841770482629192,-0.01376569199850451,0.17665232349530574,-0.17663504621926387,0.002470595759866194,0.9842733139751935,-0.013985639763927851,-0.9999021961574011,-4.336808689942018e-19,48.03487873822205,-40.342201107021914,0.6362188111463887,224.587779677642,IMPACT
0.00410997960716486,0.1232993882149458,-6.83723394578104,-3.449823201785672,-9.54757660816236,-7.010359235331023,-3.51508329331508,-9.537711340563792,-7.423559046252748,-3.196392388930623,-10.450365260351349,-6.310190537599686,-3.6776303334227745,-8.736066393548764,0.0008715307588897136,-0.0020183776286658048,0.009755335717660126,0.5301754803109819,-0.22916092594864335,0.8163327937155166,0.9841770482629192,-0.01376569199850451,0.17665232349530574,-0.17663504621926387,0.002470595759866194,0.9842733139751935,-0.013985639763927851,-0.9999021961574011,-4.336808689942018e-19,47.99864486175783,-40.41883558954728,0.6384303424888955,220.85345934265052,NONE
0.004119979217648506,0.12359937652945518,-6.835086688453006,-3.450212077389348,-9.547067092291998,-7.010359235331023,-3.51508329331508,-9.537711340563792,-7.421878988745025,-3.197956092643405,-10.449881228948373,-6.307623317719479,-3.6769631645041327,-8.73553396987429,0.0008713420205537865,-0.002006516410309579,0.009757799076682136,0.5305979385835933,-0.22809860564796564,0.8163558376543256,0.9841770482629192,-0.01376569199850451,0.17665232349530574,-0.17663504621926387,0.002470595759866194,0.9842733139751935,-0.013985639763927851,-0.9999021961574011,-4.336808689942018e-19,47.96739436177157,-40.49634139391124,0.6406389841720035,220.86946917298695,NONE
0.00412997929379344,0.1238993788138032,-6.832939311915683,-3.4506009231907013,-9.54655770098603,-7.010359235331023,-3.51508329331508,-9.537711340563792,-7.420062200363532,-3.1995182435705405,-10.449483973017227,-6.305178777870858,-3.676297334781905,-8.734923780887861,0.000871134570163752,-0.001994652282766592,0.009760249662371226,0.5308968678536539,-0.2270376624816019,0.8164572343473173,0.9841770482629192,-0.01376569199850451,0.17665232349530574,-0.17663504621926387,0.002470595759866194,0.9842733139751935,-0.013985639763927851,-0.9999021961574011,-4.336808689942018e-19,47.94444096424704,-40.57595259385885,0.642847720763319,220.88547439122132,NONE
0.0041399793699383736,0.12419938109815121,-6.830791696959781,-3.450989768992055,-9.546048434244456,-7.010359235331023,-3.51508329331508,-9.537711340563792,-7.418108615196088,-3.20107886658483,-10.449173580212696,-6.302856750936148,-3.6756328784895254,-8.73423574779722,0.0008709084164366755,-0.001982785840427512,0.009762687350752365,0.5310723163142572,-0.22597810090699788,0.816637063054988,0.9841770482629192,-0.01376569199850451,0.17665232349530574,-0.17663504621926387,0.002470595759866194,0.9842733139751935,-0.013985639763927851,-0.9999021961574011,-4.336808689942018e-19,47.929788914668,-40.657641767033454,0.6450566699961389,220.9014919838171,NONE
0.004149979446083307,0.12449938338249922,-6.828643962794589,-3.4513786147934082,-9.545539291834446,-7.010359235331023,-3.51508329331508,-9.537711340563792,-7.416018274207394,-3.2026380152564924,-10.448950152574502,-6.3006574264581365,-3.67496974747311,-8.733469778437478,0.0008706635601765037,-0.0019709171254426814,0.009765112133167013,0.531124213213932,-0.2249198724841036,0.8168954162557264,0.9841770482629192,-0.01376569199850451,0.17665232349530574,-0.17663504621926387,0.002470595759866194,0.9842733139751935,-0.013985639763927851,-0.9999021961574011,-4.336808689942018e-19,47.923448125312305,-40.741384329401264,0.6472657145885456,220.91749476911065,NONE
0.004159979056566954,0.12479937169700861,-6.826495990210819,-3.4517674456936005,-9.545030274221661,-7.010359235331023,-3.51508329331508,-9.537711340563792,-7.41379104556602,-3.2041958113601803,-10.448813685608233,-6.298580696573484,-3.674307803974594,-8.732625877732868,0.0008704000146318945,-0.0019590467327625354,0.009767523888765155,0.5310525471393027,-0.2238628536259112,0.8172322894644597,0.9841770482629192,-0.01376569199850451,0.17665232349530574,-0.17663504621926387,0.002470595759866194,0.9842733139751935,-0.013985639763927851,-0.9999021961574011,-4.336808689942018e-19,47.92542214642829,-40.82715723425135,0.6494749715762005,220.93351340316516,NONE
0.004169979132711887,0.12509937398135662,-6.824347838813114,-3.4521562616926316,-9.544521381406101,-7.010359235331023,-3.51508329331508,-9.537711340563792,-7.411426937059565,-3.205752281161864,-10.448764082039878,-6.296626667464804,-3.6736470243836856,-8.7317041331223,0.0008701177568623414,-0.0019471735990712418,0.00976992283406309,0.5308572712356001,-0.2228070205818199,0.8176475947226564,0.9841770482629192,-0.01376569199850451,0.17665232349530574,-0.17663504621926387,0.002470595759866194,0.9842733139751935,-0.013985639763927851,-0.9999021961574011,-4.336808689942018e-19,47.93571498565687,-40.91492671238206,0.6516843822975815,220.94953691188147,NONE
0.004179979208856821,0.12539937626570463,-6.822199508601474,-3.4525450776916626,-9.544012612456443,-7.010359235331023,-3.51508329331508,-9.537711340563792,-7.408925892061855,-3.2073075629385253,-10.448801186200578,-6.294795390032957,-3.67298731269991,-8.730704682766905,0.000869816799369656,-0.0019352983192303837,0.009772308847694944,0.5305383342994752,-0.22175226179113555,0.8181411921112727,0.9841770482629192,-0.01376569199850451,0.17665232349530574,-0.17663504621926387,0.002470595759866194,0.9842733139751935,-0.013985639763927851,-0.9999021961574011,-4.336808689942018e-19,47.954328512135504,-41.004662813613294,0.6538939471223326,220.96556534777153,NONE
0.004189979285001755,0.12569937855005264,-6.8200509995759,-3.4529338936906937,-9.543503966907027,-7.010359235331023,-3.51508329331508,-9.537711340563792,-7.406287923971484,-3.208861774510683,-10.448924708873392,-6.293086852234043,-3.672328563015251,-8.729627785757472,0.0008694971432234571,-0.0019234209354214364,0.009774681921185873,0.5300957484464006,-0.22069847071646123,0.8187128205313909,0.9841770482629192,-0.01376569199850451,0.17665232349530574,-0.17663504621926387,0.002470595759866194,0.9842733139751935,-0.013985639763927851,-0.9999021961574011,-4.336808689942018e-19,47.981258167451884,-41.096330921846736,0.6561036661327151,220.9816028065981,NONE
0.004199978895485401,0.12599936686456203,-6.817902311736392,-3.4533226947885636,-9.542995445223513,-7.010359235331023,-3.51508329331508,-9.537711340563792,-7.403513017957845,-3.2104150183949556,-10.44913429351146,-6.291501067399187,-3.671670654882552,-8.72847376347564,0.000869158805455882,-0.0019115420430244941,0.009777041936303339,0.5295295002660277,-0.21964554118456975,0.8193621571599146,0.9841770482629192,-0.01376569199850451,0.17665232349530574,-0.17663504621926387,0.002470595759866194,0.9842733139751935,-0.013985639763927851,-0.9999021961574011,-4.336808689942018e-19,48.01649892197564,-41.189893771884485,0.6583135390413428,220.99765063611144,NONE
0.004209978971630335,0.12629936914891005,-6.815753385478305,-3.4537114809852723,-9.542487046008917,-7.010359235331023,-3.51508329331508,-9.537711340563792,-7.400601000995807,-3.2119674255513777,-10.449429563015704,-6.290038077876606,-3.671013470582782,-8.727242952240333,0.0008688017563559389,-0.0018996605779484405,0.009779389104881105,0.5288394871996197,-0.21859335477685915,0.8200888622739865,0.9841770482629192,-0.01376569199850451,0.17665232349530574,-0.17663504621926387,0.002470595759866194,0.9842733139751935,-0.013985639763927851,-0.9999021961574011,-4.336808689942018e-19,48.06004951743785,-41.28531361908014,0.6605236247565198,221.0137108579369,NONE
0.0042199790477752686,0.12659937143325806,-6.8136043400109285,-3.454100267181981,-9.541978768331917,-7.010359235331023,-3.51508329331508,-9.537711340563792,-7.397552077503924,-3.2135191749718452,-10.449809935904682,-6.288697926281589,-3.6703568775171216,-8.725935872972546,0.0008684260122093216,-0.00188777713549116,0.009781723308169525,0.5280257862963498,-0.2175417631167982,0.8208924109200648,0.9841770482629192,-0.01376569199850451,0.17665232349530574,-0.17663504621926387,0.002470595759866194,0.9842733139751935,-0.013985639763927851,-0.9999021961574011,-4.336808689942018e-19,48.11189441939809,-41.38254925330868,0.6627338063248462,221.02978554621194,NONE
0.004229978658258915,0.12689935974776745,-6.8114551157296175,-3.4544890384775284,-9.541470612658175,-7.010359235331023,-3.51508329331508,-9.537711340563792,-7.394366034081615,-3.215070493162806,-10.450274921788669,-6.287480691255556,-3.66970064378485,-8.724552967364312,0.0008680315928853136,-0.0018758923113321594,0.00978404442990383,0.527088258488599,-0.21649054791525896,0.8217723592496934,0.9841770482629192,-0.01376569199850451,0.17665232349530574,-0.17663504621926387,0.002470595759866194,0.9842733139751935,-0.013985639763927851,-0.9999021961574011,-4.336808689942018e-19,48.172030270777704,-41.48156591875754,0.6649441421204578,221.0458917399119,NONE
0.004239978734403849,0.12719936203211546,-6.809305653029727,-3.454877809773076,-9.540962576193722,-7.010359235331023,-3.51508329331508,-9.537711340563792,-7.391042914072058,-3.2166215066186665,-10.450823743620326,-6.286386220654804,-3.6690446839767645,-8.72309492859244,0.000867618463596073,-0.00186400504083941,0.009786352678397774,0.526026996865359,-0.21543960826576097,0.822728007156136,0.9841770482629192,-0.01376569199850451,0.17665232349530574,-0.17663504621926387,0.002470595759866194,0.9842733139751935,-0.013985639763927851,-0.9999021961574011,-4.336808689942018e-19,48.24043635583572,-41.582313107595944,0.6671546915035655,221.06200282622441,NONE
0.004249978810548782,0.12749936431646347,-6.807156011515903,-3.455266566167462,-9.54045465893856,-7.010359235331023,-3.51508329331508,-9.537711340563792,-7.387582656283662,-3.2181724109467114,-10.451455714082043,-6.285414682666843,-3.6683887939671793,-8.721562374481776,0.0008671866434644956,-0.0018521159196154366,0.009788647936868344,0.524841892198485,-0.21438875381927053,0.8237587331429842,0.9841770482629192,-0.01376569199850451,0.17665232349530574,-0.17663504621926387,0.002470595759866194,0.9842733139751935,-0.013985639763927851,-0.9999021961574011,-4.336808689942018e-19,48.317103211564934,-41.684748326523085,0.6693653956075192,221.07813382249947,NONE
0.004259978886693716,0.12779936660081148,-6.8050206751168245,-3.4556657682758454,-9.539887314921232,-7.010359235331023,-3.51508329331508,-9.537711340563792,-7.384068128871341,-3.219732664080099,-10.452066720254257,-6.28451909113212,-3.667744335674876,-8.719935819969406,0.0008667361340247546,-0.0018402249898908003,0.009790930197163025,0.5235947798758193,-0.21333889123560804,0.8248242382308815,0.9841770482629192,-0.01376569199850451,0.17665232349530574,-0.17663504621926387,0.002470595759866194,0.9842733139751935,-0.013985639763927851,-0.9999021961574011,-4.336808689942018e-19,48.397883133006324,-41.78775604337482,0.6715726626139631,217.83469703081778,NONE
0.0042699784971773624,0.12809935491532087,-6.802993580752658,-3.4561398487192276,-9.53888578459433,-7.010359235331023,-3.51508329331508,-9.537711340563792,-7.381031613480733,-3.2213568065218134,-10.452001662610435,-6.283399358055468,-3.6671846336744687,-8.718092501095223,0.0008662669589281586,-0.0018283328477143805,0.009793199345646526,0.522682026392983,-0.2122989653107883,0.8256710292929587,0.9841770482629192,-0.01376569199850451,0.17665232349530574,-0.17663504621926387,0.002470595759866194,0.9842733139751935,-0.013985639763927851,-0.9999021961574011,-4.336808689942018e-19,48.45632210527362,-41.88436880046121,0.6737511310665045,217.8509573436842,NONE
0.004279978573322296,0.12839935719966888,-6.800966367179202,-3.4566139142614487,-9.537884377202007,-7.010359235331023,-3.51508329331508,-9.537711340563792,-7.3778590622548315,-3.2229810894673987,-10.452019034906149,-6.282401680245324,-3.6666247770804365,-8.71617531998191,0.0008657790766192794,-0.0018164384277869665,0.009795455585928498,0.5216463723854796,-0.21125889886335142,0.8265922452020188,0.9841770482629192,-0.01376569199850451,0.17665232349530574,-0.17663504621926387,0.002470595759866194,0.9842733139751935,-0.013985639763927851,-0.9999021961574011,-4.336808689942018e-19,48.52295351136835,-41.982667612403944,0.6759296949202867,217.86725185747605,NONE
0.00428997864946723,0.1286993594840169,-6.798938974791812,-3.4570879798036698,-9.536883089950296,-7.010359235331023,-3.51508329331508,-9.537711340563792,-7.374550337569796,-3.2246056563781322,-10.452118130365749,-6.281526068227938,-3.6660646652321787,-8.71418490663956,0.0008652725100031276,-0.0018045423260868575,0.009797698803854412,0.5204877473056464,-0.21021857564478413,0.827587249393423,0.9841770482629192,-0.01376569199850451,0.17665232349530574,-0.17663504621926387,0.002470595759866194,0.9842733139751935,-0.013985639763927851,-0.9999021961574011,-4.336808689942018e-19,48.59776620454848,-42.08260640938402,0.6781084135355222,217.88356555484341,NONE
0.0042999787256121635,0.1289993617683649,-6.796911343985843,-3.4575620304447297,-9.53588192377052,-7.010359235331023,-3.51508329331508,-9.537711340563792,-7.371105395385894,-3.226230799294928,-10.452298152184362,-6.280772448407477,-3.6655040073205143,-8.712121979078812,0.000864747260879361,-0.001792644584869537,0.009799928991456376,0.5192061652278173,-0.20917771810742197,0.8286553205264521,0.9841770482629192,-0.01376569199850451,0.17665232349530574,-0.17663504621926387,0.002470595759866194,0.9842733139751935,-0.013985639763927851,-0.9999021961574011,-4.336808689942018e-19,48.680741029474035,-42.184148322929154,0.6802873452040856,217.89990258406098,NONE
0.00430997833609581,0.1292993500828743,-6.794883593970584,-3.4580360810857895,-9.53488087586871,-7.010359235331023,-3.51508329331508,-9.537711340563792,-7.367524400856084,-3.2278567276543555,-10.45255817340426,-6.280140898694797,-3.664942643380127,-8.70998736522985,0.0008642033566797957,-0.001780745800518394,0.00980214603773521,0.5178016676958508,-0.2081361503456054,0.8297956229401957,0.9841770482629192,-0.01376569199850451,0.17665232349530574,-0.17663504621926387,0.002470595759866194,0.9842733139751935,-0.013985639763927851,-0.9999021961574011,-4.336808689942018e-19,48.771855321752376,-42.28724602470865,0.6824663733016205,217.91624917050507,NONE
0.004319978412240744,0.1295993523672223,-6.792855605536746,-3.4585101317268494,-9.533879944382223,-7.010359235331023,-3.51508329331508,-9.537711340563792,-7.363807192108385,-3.2294835936301785,-10.452897235572939,-6.279631338229795,-3.664380436623118,-8.707781923101754,0.0008636407490838071,-0.0017688449071288823,0.009804350141584818,0.5162742161326617,-0.2070937347585427,0.8310072916529457,0.9841770482629192,-0.01376569199850451,0.17665232349530574,-0.17663504621926387,0.002470595759866194,0.9842733139751935,-0.013985639763927851,-0.9999021961574011,-4.336808689942018e-19,48.87108996203657,-42.391848534278154,0.6846456154802105,217.93262178429993,NONE
0.004329978488385677,0.12989935465157032,-6.790827438288974,-3.458984167466748,-9.53287913024238,-7.010359235331023,-3.51508329331508,-9.537711340563792,-7.359953792715876,-3.2311116665472617,-10.45331433539817,-6.279243859005629,-3.663817116659599,-8.705506556315163,0.0008630594647773243,-0.0017569425010209056,0.009806541191485366,0.5146237779572602,-0.20605021433920817,0.832289418610956,0.9841770482629192,-0.01376569199850451,0.17665232349530574,-0.17663504621926387,0.002470595759866194,0.9842733139751935,-0.013985639763927851,-0.9999021961574011,-4.336808689942018e-19,48.97842331521587,-42.49791239754246,0.6868250127086881,217.949023120946,NONE
0.004339978098869324,0.1301993429660797,-6.788759633952426,-3.459427328000653,-9.532061833215865,-7.010359235331023,-3.51508329331508,-9.537711340563792,-7.356107520375517,-3.2326916830149655,-10.453874706814902,-6.278774706743359,-3.66323836558597,-8.703450883051492,0.0008624595340262875,-0.0017450391788061943,0.009808719078418968,0.5130156255391228,-0.20502222979571655,0.8335351541730529,0.9841770482629192,-0.01376569199850451,0.17665232349530574,-0.17663504621926387,0.002470595759866194,0.9842733139751935,-0.013985639763927851,-0.9999021961574011,-4.336808689942018e-19,49.0828978301443,-42.60167696243549,0.6890105761071528,221.55273990975226,NONE
0.004349978175014257,0.13049934525042772,-6.7864678353608126,-3.4596636455160263,-9.532428580595168,-7.010359235331023,-3.51508329331508,-9.537711340563792,-7.35376935552052,-3.2339291714525955,-10.454515660708825,-6.276524586451819,-3.662574737773037,-8.703571148170536,0.0008618409034382976,-0.0017331338741666453,0.009810883997735104,0.5129736995565247,-0.2041169363430673,0.8337831012087095,0.9841770482629192,-0.01376569199850451,0.17665232349530574,-0.17663504621926387,0.002470595759866194,0.9842733139751935,-0.013985639763927851,-0.9999021961574011,-4.336808689942018e-19,49.08365029922992,-42.67291002347692,0.6912045779777003,211.87867139271566,NONE
0.004359978251159191,0.13079934753477573,-6.784459993296909,-3.4600996683937195,-9.531654301358374,-7.010359235331023,-3.51508329331508,-9.537711340563792,-7.35288492676427,-3.235356374778086,-10.4532915390263,-6.273506916260166,-3.6621197956879317,-8.703201229066973,0.0008612036025336645,-0.0017212271836557495,0.009813035839894228,0.5139895288114783,-0.20322067662373594,0.8333763380758693,0.9841770482629192,-0.01376569199850451,0.17665232349530574,-0.17663504621926387,0.002470595759866194,0.9842733139751935,-0.013985639763927851,-0.9999021961574011,-4.336808689942018e-19,49.0141944636422,-42.72819722133545,0.6933234304363829,211.89461161856676,NONE
0.004369978327304125,0.13109934981912374,-6.782451972419071,-3.460535706172574,-9.53088014133087,-7.010359235331023,-3.51508329331508,-9.537711340563792,-7.351866530287902,-3.2367853317644695,-10.452148007973367,-6.2706093291383596,-3.6616633055453924,-8.702759093992809,0.0008605476335763515,-0.0017093191495665511,0.009815174597253042,0.5148843814997819,-0.20232284465758232,0.8330423399907421,0.9841770482629192,-0.01376569199850451,0.17665232349530574,-0.17663504621926387,0.002470595759866194,0.9842733139751935,-0.013985639763927851,-0.9999021961574011,-4.336808689942018e-19,48.95273640511372,-42.785419971606565,0.6954424380261646,211.91055068876466,NONE
0.004379977937787771,0.13139933813363314,-6.780443772727298,-3.460971729050267,-9.53010609865001,-7.010359235331023,-3.51508329331508,-9.537711340563792,-7.350714147578397,-3.2382160411223757,-10.451085606528281,-6.267831841727623,-3.66120521191301,-8.702244254927407,0.0008598730306099769,-0.0016974103687847747,0.009817300163440923,0.5156582408813208,-0.20142341466220684,0.8327815960004152,0.9841770482629192,-0.01376569199850451,0.17665232349530574,-0.17663504621926387,0.002470595759866194,0.9842733139751935,-0.013985639763927851,-0.9999021961574011,-4.336808689942018e-19,48.89929317599201,-42.84457448379907,0.6975616006658321,211.9264911937859,NONE
0.004389978013932705,0.13169934041798115,-6.778435394221591,-3.4614077519279602,-9.529332177041086,-7.010359235331023,-3.51508329331508,-9.537711340563792,-7.349427746431267,-3.23964849325721,-10.450104795976184,-6.265174482976335,-3.660745551711004,-8.701656304298808,0.0008591797334821888,-0.0016854997744955298,0.009819412729071624,0.5163110778356818,-0.20052240878752087,0.8325945198463698,0.9841770482629192,-0.01376569199850451,0.17665232349530574,-0.17663504621926387,0.002470595759866194,0.9842733139751935,-0.013985639763927851,-0.9999021961574011,-4.336808689942018e-19,48.85388089305246,-42.90565045351762,0.6996809179024321,211.94242102182884,NONE
0.004399978090077639,0.13199934270232916,-6.7764267772973055,-3.4618437599044922,-9.52855837464145,-7.010359235331023,-3.51508329331508,-9.537711340563792,-7.348007204721911,-3.241082607583729,-10.449205961658249,-6.262637249478591,-3.660284369081162,-8.700994892189645,0.0008584677754912946,-0.0016735879635331368,0.009821512187251503,0.5168428358301522,-0.1996198864273488,0.8324814616517165,0.9841770482629192,-0.01376569199850451,0.17665232349530574,-0.17663504621926387,0.002470595759866194,0.9842733139751935,-0.013985639763927851,-0.9999021961574011,-4.336808689942018e-19,48.816515678636584,-42.96863210580221,0.7018004485214018,211.9583414156199,NONE
0.004409978166222572,0.13229934498667717,-6.77441804116373,-3.462279767881024,-9.527784691451105,-7.010359235331023,-3.51508329331508,-9.537711340563792,-7.346452536588301,-3.2425185257075975,-10.448389483613022,-6.260220354891532,-3.6598215650308794,-8.700259676986,0.000857737159166367,-0.0016616749782088858,0.009823598530523323,0.5172534198556049,-0.19871573301108658,0.8324427650604863,0.9841770482629192,-0.01376569199850451,0.17665232349530574,-0.17663504621926387,0.002470595759866194,0.9842733139751935,-0.013985639763927851,-0.9999021961574011,-4.336808689942018e-19,48.78721390954899,-43.03351488519643,0.7039200754048203,211.97426884528326,NONE
0.004419977776706219,0.13259933330118656,-6.7724090666115755,-3.462715775857556,-9.527011131195339,-7.010359235331023,-3.51508329331508,-9.537711340563792,-7.344763555754922,-3.2439562464496703,-10.447655610850456,-6.257923740291213,-3.6593571406200813,-8.699450441928558,0.0008569879223265513,-0.0016497614156482038,0.00982567165516996,0.5175427692684326,-0.19780994960495762,0.8324786518675695,0.9841770482629192,-0.01376569199850451,0.17665232349530574,-0.17663504621926387,0.002470595759866194,0.9842733139751935,-0.013985639763927851,-0.9999021961574011,-4.336808689942018e-19,48.76598797369577,-43.100281779928544,0.7060399152176551,211.99019233671967,NONE
0.004429977852851152,0.13289933558553457,-6.770399972850131,-3.463151783834088,-9.526237692011508,-7.010359235331023,-3.51508329331508,-9.537711340563792,-7.342940402408422,-3.2453957843871613,-10.447004455146896,-6.255747506030527,-3.6588910827454146,-8.698567083005397,0.0008562199980631229,-0.0016378462086009148,0.009827731747058203,0.5177109030370927,-0.1969025230277399,0.8325892248292844,0.9841770482629192,-0.01376569199850451,0.17665232349530574,-0.17663504621926387,0.002470595759866194,0.9842733139751935,-0.013985639763927851,-0.9999021961574011,-4.336808689942018e-19,48.75284294217235,-43.168912876510156,0.7081598509658953,212.00611188992914,NONE
0.004439977928996086,0.13319933786988258,-6.768390640670108,-3.463587776909459,-9.525464372036966,-7.010359235331023,-3.51508329331508,-9.537711340563792,-7.340982931216725,-3.246837148731399,-10.446436078909514,-6.253691556381769,-3.658423354831176,-8.697609540582198,0.0008554334234503078,-0.001625929954147929,0.009829778701946587,0.5177577975404557,-0.19599343147608417,0.8327745420606265,0.9841770482629192,-0.01376569199850451,0.17665232349530574,-0.17663504621926387,0.002470595759866194,0.9842733139751935,-0.013985639763927851,-0.9999021961574011,-4.336808689942018e-19,48.74778470294091,-43.23938670597393,0.7102800000965086,212.02203020041227,NONE
0.0044499775394797325,0.13349932618439198,-6.766381129676151,-3.4640237699848297,-9.524691174997004,-7.010359235331023,-3.51508329331508,-9.537711340563792,-7.338891016457145,-3.2482804602455118,-10.445950587274282,-6.251756117538989,-3.6579538766199664,-8.69657772722692,0.0008546282391375509,-0.001614013249571697,0.009831812418111959,0.5176832851991222,-0.19508257922593067,0.8330346952606492,0.9841770482629192,-0.01376569199850451,0.17665232349530574,-0.17663504621926387,0.002470595759866194,0.9842733139751935,-0.013985639763927851,-0.9999021961574011,-4.336808689942018e-19,48.75082656859023,-43.311686805514746,0.712400303495011,212.03795001618144,NONE
0.004459977615624666,0.13379932846874,-6.764371499472904,-3.4644597630602005,-9.523918097166332,-7.010359235331023,-3.51508329331508,-9.537711340563792,-7.336664858078617,-3.249725790710314,-10.445547786186477,-6.2499411229523565,-3.6574825835885294,-8.69547181030003,0.0008538043731513582,-0.001602095027336283,0.009833833077853927,0.5174874929172667,-0.19416990137057882,0.8333695123268798,0.9841770482629192,-0.01376569199850451,0.17665232349530574,-0.17663504621926387,0.002470595759866194,0.9842733139751935,-0.013985639763927851,-0.9999021961574011,-4.336808689942018e-19,48.76196027626962,-43.38578742648552,0.7145207031579623,212.05388770233708,NONE
0.0044699776917696,0.134099330753088,-6.762305483275699,-3.464833543787587,-9.523437940774473,-7.010359235331023,-3.51508329331508,-9.537711340563792,-7.334526045829239,-3.2511163651447204,-10.445349132925095,-6.247940542601935,-3.6569423757789523,-8.694738612772491,0.0008529618653966116,-0.0015901758846847283,0.009835840578924204,0.5174216682034786,-0.1932504812543962,0.8336240572155256,0.9841770482629192,-0.01376569199850451,0.17665232349530574,-0.17663504621926387,0.002470595759866194,0.9842733139751935,-0.013985639763927851,-0.9999021961574011,-4.336808689942018e-19,48.764434512282286,-43.45857354609566,0.7166439949732215,212.46783381151232,NONE
0.004479977767914534,0.134399333037436,-6.760197863036441,-3.4651605795723084,-9.523177537394675,-7.010359235331023,-3.51508329331508,-9.537711340563792,-7.332418133711148,-3.2524664506606853,-10.445325475756102,-6.245833184730457,-3.6563497995316117,-8.694265399929623,0.0008521007188659745,-0.0015782558639543616,0.00983783491419208,0.5174214042765193,-0.19232540422425054,0.8338381313459426,0.9841770482629192,-0.01376569199850451,0.17665232349530574,-0.17663504621926387,0.002470595759866194,0.9842733139751935,-0.013985639763927851,-0.9999021961574011,-4.336808689942018e-19,48.76254323491972,-43.53087565058385,0.7187687691751261,212.48348878265125,NONE
0.00448997737839818,0.1346993213519454,-6.758090123587894,-3.465487630258191,-9.522917247636231,-6.764168036663136,-3.518526771518099,-9.493521885683151,-7.330175839276364,-3.2538190012494073,-10.445384578368053,-6.243846395789532,-3.655755035743839,-8.693718010670741,0.0008512209779804474,-0.0015663355626067703,0.009839815984598226,0.5172997349937292,-0.19139811166401516,0.8341269369987202,0.9726630188025028,-0.07911418655418857,0.21832910328188262,-0.21761045373444826,0.017699936874421715,0.9758751983015702,-0.08106998383797462,-0.9967084115831022,0.0,45.539705936464216,-45.74243104006265,0.7208347777551811,213.29384959640876,NONE
0.004499977454543114,0.1349993236362934,-6.755982145720767,-3.4658146660429123,-9.522657077087077,-6.764168036663136,-3.518526771518099,-9.493521885683151,-7.327798990267872,-3.255173987475584,-10.445526326598419,-6.24198010425409,-3.6551580542834,-8.69309655822661,0.0008503225640172078,-0.0015544139127792798,0.009841783967676562,0.5170566123875151,-0.19046860324181714,0.8344903658913374,0.9726630188025028,-0.07911418655418857,0.21832910328188262,-0.21761045373444826,0.017699936874421715,0.9758751983015702,-0.08106998383797462,-0.9967084115831022,0.0,45.55821996088397,-45.82069323921359,0.7208347777551811,213.30880136587044,NONE
0.004509977530688047,0.13529932592064142,-6.753873989039707,-3.4661417018276337,-9.522397022021922,-6.764168036663136,-3.518526771518099,-9.493521885683151,-7.325287714409446,-3.256531543539954,-10.445750468363261,-6.240234308496978,-3.6545587628139256,-8.692401262119741,0.0008494055206532118,-0.0015424915119008657,0.009843738763841568,0.5166920980535558,-0.1895367710828436,0.8349281934492956,0.9726630188025028,-0.07911418655418857,0.21832910328188262,-0.21761045373444826,0.017699936874421715,0.9758751983015702,-0.08106998383797462,-0.9967084115831022,0.0,45.584911597510676,-45.89995071589444,0.7208347777551811,213.323761421824,NONE
0.004519977606832981,0.13559932820498943,-6.751765713149356,-3.466468722711194,-9.522137082440766,-6.764168036663136,-3.518526771518099,-9.493521885683151,-7.322641928325442,-3.257891783419798,-10.446056807422758,-6.238609196646795,-3.653957030586352,-8.691632298748695,0.0008484698511458782,-0.0015305684023203992,0.009845680366149703,0.5162060627041176,-0.1886024986507399,0.8354402422257444,0.9726630188025028,-0.07911418655418857,0.21832910328188262,-0.21761045373444826,0.017699936874421715,0.9758751983015702,-0.08106998383797462,-0.9967084115831022,0.0,45.61978358518936,-45.980174991085114,0.7225319987509788,213.33874721914066,NONE
0.0045299772173166275,0.13589931651949883,-6.749657198840427,-3.4667957584959153,-9.52187725834361,-6.764168036663136,-3.518526771518099,-9.493521885683151,-7.319861529869266,-3.2592547963664273,-10.44644495234068,-6.237104634156717,-3.6533528339647328,-8.69079001997268,0.0008475156036852629,-0.0015186451816439845,0.009847608678211167,0.5155985217678803,-0.18766573218966937,0.8360261582704765,0.9726630188025028,-0.07911418655418857,0.21832910328188262,-0.21761045373444826,0.017699936874421715,0.9758751983015702,-0.08106998383797462,-0.9967084115831022,0.0,45.66282665634866,-46.0613295768107,0.724665472976115,213.35373115664925,NONE
0.004539977293461561,0.13619931880384684,-6.747548565322208,-3.4671227793794754,-9.521617549730452,-6.764168036663136,-3.518526771518099,-9.493521885683151,-7.316946606353985,-3.2606206742528157,-10.446914476298444,-6.235720768907317,-3.6527460337736994,-8.68987480945584,0.0008465426928036685,-0.0015067207817442694,0.009849523872784014,0.5148694464031756,-0.18672636167661122,0.8366855556393351,0.9726630188025028,-0.07911418655418857,0.21832910328188262,-0.21761045373444826,0.017699936874421715,0.9758751983015702,-0.08106998383797462,-0.9967084115831022,0.0,45.714032537303574,-46.14338123620128,0.7267990367593082,213.3687460198411,NONE
0.004549977369606495,0.13649932108819485,-6.74543969338541,-3.467449815164197,-9.521357952876004,-6.764168036663136,-3.518526771518099,-9.493521885683151,-7.313896999166174,-3.2619895533027305,-10.447464870660895,-6.2344575171094,-3.652136564154104,-8.68888711733273,0.0008455511659476402,-0.0014947958002015493,0.009851425852951108,0.5140188009794167,-0.18578429088160645,0.8374179777753172,0.9726630188025028,-0.07911418655418857,0.21832910328188262,-0.21761045373444826,0.017699936874421715,0.9758751983015702,-0.08106998383797462,-0.9967084115831022,0.0,45.7733912852217,-46.226294053382674,0.728932809222151,213.38377958026774,NONE
0.004559976980090141,0.13679930940270424,-6.743330642634677,-3.467776836047757,-9.521098471505555,-6.764168036663136,-3.518526771518099,-9.493521885683151,-7.310712709574292,-3.2633615638011895,-10.44809557908272,-6.233314990805586,-3.6515242514022677,-8.687827450772065,0.0008445410741321983,-0.0014828708347075271,0.009853314524328468,0.513046532747003,-0.18483937504813247,0.8382229182431691,0.9726630188025028,-0.07911418655418857,0.21832910328188262,-0.21761045373444826,0.017699936874421715,0.9758751983015702,-0.08106998383797462,-0.9967084115831022,0.0,45.84089215935037,-46.31003470662303,0.7310667292182842,213.3988193802146,NONE
0.004569977056235075,0.13709931168705225,-6.741220578604984,-3.4681030224662903,-9.52084309354237,-6.764168036663136,-3.518526771518099,-9.493521885683151,-7.30739691197593,-3.2647361064967826,-10.448807482885206,-6.232288751993129,-3.6509080779170455,-8.68670259019925,0.0008435123268343416,-0.0014709448169770037,0.009855190056085606,0.5119562666584766,-0.18389141496202982,0.8390975679456935,0.9726630188025028,-0.07911418655418857,0.21832910328188262,-0.21761045373444826,0.017699936874421715,0.9758751983015702,-0.08106998383797462,-0.9967084115831022,0.0,45.916276273034626,-46.3945491534346,0.7332006728821394,212.87807832365232,IMPACT
0.004579977132380009,0.13739931397140026,-6.739039763861942,-3.46835090328275,-9.520957698373111,-6.764168036663136,-3.518526771518099,-9.493521885683151,-7.304222190037349,-3.2660416905387764,-10.449758784962771,-6.231001353266784,-3.6502051969251132,-8.686065093903453,0.0008424649743259882,-0.0014590183446811197,0.009857052353310448,0.5110575413193168,-0.18293500304111282,0.8398541385996754,0.9726630188025028,-0.07911418655418857,0.21832910328188262,-0.21761045373444826,0.017699936874421715,0.9758751983015702,-0.08106998383797462,-0.9967084115831022,0.0,45.97882867090975,-46.47827228352353,0.7353164600527862,211.52660943873312,NONE
0.004589977208524942,0.13769931625574827,-6.73685745900278,-3.46859704066335,-9.521080536095413,-6.764168036663136,-3.518526771518099,-9.493521885683151,-7.300918943150935,-3.267349217367072,-10.450793183415987,-6.2298266551192265,-3.649497258978781,-8.68536853625278,0.0008413990203272431,-0.0014470914601831006,0.009858901409387975,0.5100439466817661,-0.18197525791033767,0.840678403411051,0.9726630188025028,-0.07911418655418857,0.21832910328188262,-0.21761045373444826,0.017699936874421715,0.9758751983015702,-0.08106998383797462,-0.9967084115831022,0.0,46.04905233360302,-46.56276156493014,0.7374317611939318,211.5414367163524,NONE
0.004599976819008589,0.13799930457025766,-6.73467491572504,-3.46884317804395,-9.521203481851133,-6.764168036663136,-3.518526771518099,-9.493521885683151,-7.297481508938816,-3.268660375511076,-10.451906031043906,-6.2287721242605665,-3.6487860568689228,-8.684601666348094,0.0008403145196171171,-0.001435164761258724,0.009860737132613427,0.5089092307991663,-0.18101222921802207,0.8415735069980064,0.9726630188025028,-0.07911418655418857,0.21832910328188262,-0.21761045373444826,0.017699936874421715,0.9758751983015702,-0.08106998383797462,-0.9967084115831022,0.0,46.12734863739871,-46.64800664303081,0.7395472706491741,211.55630324824924,NONE
0.0046099768951535225,0.13829930685460567,-6.73249225323801,-3.46908931542455,-9.521326535640272,-6.764168036663136,-3.518526771518099,-9.493521885683151,-7.293909914147117,-3.2699753730734913,-10.453096624690948,-6.227837963014566,-3.6480714035335193,-8.68376511625088,0.0008392113749368424,-0.0014232371794664527,0.009862559687363086,0.50765331006312,-0.18004572879048947,0.8425388135428892,0.9726630188025028,-0.07911418655418857,0.21832910328188262,-0.21761045373444826,0.017699936874421715,0.9758751983015702,-0.08106998383797462,-0.9967084115831022,0.0,46.213704589867085,-46.73397548596494,0.7416628724680443,211.57118133967077,NONE
0.004619976971298456,0.13859930913895369,-6.730309352332401,-3.46933545280515,-9.521449691874894,-6.764168036663136,-3.518526771518099,-9.493521885683151,-7.290204078091589,-3.2712943009826687,-10.454364076542966,-6.227024017542054,-3.6473532172377294,-8.682859673399989,0.0008380896403228905,-0.0014113093125681998,0.009864368981403021,0.5062762193093026,-0.17907567440717176,0.8435735253061797,0.9726630188025028,-0.07911418655418857,0.21832910328188262,-0.21761045373444826,0.017699936874421715,0.9758751983015702,-0.08106998383797462,-0.9967084115831022,0.0,46.308097118413386,-46.820625679730774,0.7437786838210183,211.58607394189036,NONE
0.00462997704744339,0.1388993114233017,-6.728368505889224,-3.4697553824287537,-9.520599224863561,-6.764168036663136,-3.518526771518099,-9.493521885683151,-7.2879478042453165,-3.2729355964955995,-10.453961229439102,-6.2253667065187805,-3.646675269863693,-8.681606844079056,0.0008369493197595927,-0.0013993812029322395,0.009866165008306466,0.5059909989173981,-0.17797127303242524,0.8439782787428785,0.9726630188025028,-0.07911418655418857,0.21832910328188262,-0.21761045373444826,0.017699936874421715,0.9758751983015702,-0.08106998383797462,-0.9967084115831022,0.0,46.32999729888908,-46.91160697791713,0.7458853774720069,208.6378973995246,IMPACT
0.004639976657927036,0.1391992997378111,-6.726349398547458,-3.4700652967792633,-9.520240656359109,-6.764168036663136,-3.518526771518099,-9.493521885683151,-7.286541096880714,-3.274511092900456,-10.453501319481994,-6.222797117250052,-3.645847561624415,-8.681339370676202,0.0008357904717867661,-0.0013874534483835968,0.009867947679053145,0.5065447522050769,-0.17682688986855172,0.8438866422884727,0.9726630188025028,-0.07911418655418857,0.21832910328188262,-0.21761045373444826,0.017699936874421715,0.9758751983015702,-0.08106998383797462,-0.9967084115831022,0.0,46.296079632409764,-47.00104695313157,0.7479520930761208,206.60657516746718,NONE
0.00464997673407197,0.1394993020221591,-6.724328979903507,-3.470373601804364,-9.519889858810219,-6.764168036663136,-3.518526771518099,-9.493521885683151,-7.285006484848743,-3.276089926844041,-10.453124148772304,-6.2203400105429605,-3.6450137973591983,-8.68101227977153,0.0008346129924154362,-0.0013755249803864623,0.009869717153216535,0.5069840353837056,-0.1756780335786463,0.8438627947622729,0.9726630188025028,-0.07911418655418857,0.21832910328188262,-0.21761045373444826,0.017699936874421715,0.9758751983015702,-0.08106998383797462,-0.9967084115831022,0.0,46.2698260942107,-47.09155250142376,0.7500182601891456,206.62152935799634,NONE
0.004659976810216904,0.1397993043065071,-6.722308442050266,-3.4706819068294648,-9.519539174882683,-6.764168036663136,-3.518526771518099,-9.493521885683151,-7.283339070590406,-3.2776735935090193,-10.45282588093704,-6.218002052434612,-3.644175688995542,-8.680614479396324,0.0008334169394435476,-0.0013635963967589622,0.009871473341246178,0.5073033419789498,-0.17452480737453457,0.8439101912098645,0.9726630188025028,-0.07911418655418857,0.21832910328188262,-0.21761045373444826,0.017699936874421715,0.9758751983015702,-0.08106998383797462,-0.9967084115831022,0.0,46.251611086742244,-47.18311437257446,0.7520845184457894,206.63647809867396,NONE
0.00466997642070055,0.1400992926210165,-6.72028772538309,-3.4709902267557267,-9.51918860085121,-6.764168036663136,-3.518526771518099,-9.493521885683151,-7.281538609027264,-3.2792621527482746,-10.452606750511247,-6.21578335004142,-3.6433332110278287,-8.680145751654791,0.0008322023742293088,-0.0013516682953404124,0.009873216156138715,0.507502504278973,-0.17336717060931137,0.8440290470745024,0.9726630188025028,-0.07911418655418857,0.21832910328188262,-0.21761045373444826,0.017699936874421715,0.9758751983015702,-0.08106998383797462,-0.9967084115831022,0.0,46.24145141074268,-47.275702589511646,0.7541509278135177,206.65143706401918,NONE
0.004679976496845484,0.1403992949053645,-6.718266770297336,-3.4712985317808274,-9.518838144166383,-6.764168036663136,-3.518526771518099,-9.493521885683151,-7.279605077259328,-3.2808554796893405,-10.452466764076817,-6.213683810765188,-3.642486419111602,-8.679606104778376,0.0008309691877400518,-0.0013397396075650486,0.009874945753859374,0.5075815554733999,-0.17220520924869603,0.8442193615706861,0.9726630188025028,-0.07911418655418857,0.21832910328188262,-0.21761045373444826,0.017699936874421715,0.9758751983015702,-0.08106998383797462,-0.9967084115831022,0.0,46.23934808175152,-47.36927392239548,0.7562175422831015,206.66639489470833,NONE
0.0046899765729904175,0.14069929718971252,-6.716245696002292,-3.471606836805928,-9.518487795514973,-6.764168036663136,-3.518526771518099,-9.493521885683151,-7.277538466246621,-3.282453550936742,-10.452405945774982,-6.211703669097546,-3.6416353625725955,-8.67899549938188,0.0008297174405926846,-0.0013278109312703972,0.009876662046873732,0.5075403795947973,-0.171038957921835,0.8444811649490959,0.9726630188025028,-0.07911418655418857,0.21832910328188262,-0.21761045373444826,0.017699936874421715,0.9758751983015702,-0.08106998383797462,-0.9967084115831022,0.0,46.2453101555005,-47.463788264832054,0.7582842491163131,206.68135325646026,NONE
0.004699976649135351,0.14099929947406054,-6.714224442893314,-3.471915141831029,-9.518137562347563,-6.764168036663136,-3.518526771518099,-9.493521885683151,-7.2753386412487,-3.2840563874173254,-10.452424239798797,-6.209842932972879,-3.6407800225998157,-8.67831399977762,0.0008284471372331711,-0.0013158823088274634,0.009878365029085354,0.5073789087027721,-0.16986839770594786,0.844814400010084,0.9726630188025028,-0.07911418655418857,0.21832910328188262,-0.21761045373444826,0.017699936874421715,0.9758751983015702,-0.08106998383797462,-0.9967084115831022,0.0,46.25934157180452,-47.55920784125433,0.7603511046617069,206.69633062416912,NONE
0.004709976259618998,0.14129928778856993,-6.712202951365756,-3.4722234617572907,-9.517787437213572,-6.764168036663136,-3.518526771518099,-9.493521885683151,-7.273005540787157,-3.2856639439939777,-10.45252143835984,-6.208101544470854,-3.6399204680623973,-8.67756177859725,0.0008271583427744985,-0.001303954338064462,0.009880054616184141,0.5070971411030011,-0.16869358288972355,0.8452188856012336,0.9726630188025028,-0.07911418655418857,0.21832910328188262,-0.21761045373444826,0.017699936874421715,0.9758751983015702,-0.08106998383797462,-0.9967084115831022,0.0,46.28143958549069,-47.65548699669861,0.7624181697000907,206.71131435295683,NONE
0.004719976335763931,0.14159929007291794,-6.7101813406289095,-3.4725317667823914,-9.51743742756358,-6.764168036663136,-3.518526771518099,-9.493521885683151,-7.270539201818623,-3.287276216906238,-10.45269733770178,-6.206479696737082,-3.639056645749175,-8.676739033143729,0.0008258509414647001,-0.0012920259504297536,0.009881730959316687,0.5066950024197809,-0.16751448992520798,0.8456944307419293,0.9726630188025028,-0.07911418655418857,0.21832910328188262,-0.21761045373444826,0.017699936874421715,0.9758751983015702,-0.08106998383797462,-0.9967084115831022,0.0,46.311604461731804,-47.75258520827602,0.7644853242965297,206.7263065612372,NONE
0.004729976411908865,0.14189929235726595,-6.7081594914734834,-3.4728400867086533,-9.517087529672297,-6.764168036663136,-3.518526771518099,-9.493521885683151,-7.267939458952598,-3.288893223090913,-10.452951617156701,-6.204977312074232,-3.6381885970271917,-8.675846044589205,0.0008245249976760509,-0.0012800977437565902,0.009883393973641018,0.5061724508944602,-0.16633113044584702,0.8462407488416649,0.9726630188025028,-0.07911418655418857,0.21832910328188262,-0.21761045373444826,0.017699936874421715,0.9758751983015702,-0.08106998383797462,-0.9967084115831022,0.0,46.349832141595115,-47.850457531868216,0.7665526875726183,206.74130944579187,NONE
0.004739976488053799,0.14219929464161396,-6.706137523108768,-3.473148391733754,-9.516737743539723,-6.764168036663136,-3.518526771518099,-9.493521885683151,-7.265206382999317,-3.2905149408228502,-10.453283889427793,-6.203594553197153,-3.637316284833615,-8.674883161071994,0.0008231805161180618,-0.001268169760414316,0.009885043653249758,0.5055294427629349,-0.16514349714798332,0.8468574896932369,0.9726630188025028,-0.07911418655418857,0.21832910328188262,-0.21761045373444826,0.017699936874421715,0.9758751983015702,-0.08106998383797462,-0.9967084115831022,0.0,46.3961167179727,-47.94905926206663,0.7686201412201026,206.75634064865562,NONE
0.004749976098537445,0.14249928295612335,-6.704115375930118,-3.473456711660016,-9.516388065440568,-6.764168036663136,-3.518526771518099,-9.493521885683151,-7.262339927827264,-3.2921414150751964,-10.453693652617092,-6.202331348390302,-3.636439725333822,-8.673850826670629,0.0008218175656547911,-0.0012562425981852104,0.009886679916531273,0.5047659902080766,-0.16395157631363128,0.8475442028316494,0.9726630188025028,-0.07911418655418857,0.21832910328188262,-0.21761045373444826,0.017699936874421715,0.9758751983015702,-0.08106998383797462,-0.9967084115831022,0.0,46.450446558714994,-48.04834478179929,0.7706877463853417,206.7713736670482,NONE
0.004759976174682379,0.14279928524047136,-6.702092990332889,-3.473765031586278,-9.516038495374831,-6.764168036663136,-3.518526771518099,-9.493521885683151,-7.259339911998311,-3.2937726748637424,-10.454180419970793,-6.201187747564277,-3.63555886415002,-8.6727494789246,0.000820436023821461,-0.0012443151885939952,0.009888302909804587,0.503881983063826,-0.1627553282315608,0.8483004481172358,0.9726630188025028,-0.07911418655418857,0.21832910328188262,-0.21761045373444826,0.017699936874421715,0.9758751983015702,-0.08106998383797462,-0.9967084115831022,0.0,46.512816268789344,-48.14827004233108,0.7727555598646756,206.78644015180484,NONE
0.0047699762508273125,0.14309928752481937,-6.70009307568674,-3.474089742789853,-9.51559701122156,-6.764168036663136,-3.518526771518099,-9.493521885683151,-7.256350672577152,-3.29543974836374,-10.4545822700313,-6.20007712983003,-3.6346769355574287,-8.671549927723017,0.000819035958742239,-0.00123238812943476,0.00988991255092494,0.5029874013081533,-0.1615415177112804,0.8490630201468012,0.9726630188025028,-0.07911418655418857,0.21832910328188262,-0.21761045373444826,0.017699936874421715,0.9758751983015702,-0.08106998383797462,-0.9967084115831022,0.0,46.57593370518436,-48.249398663697725,0.7748228809837787,206.30308859110391,NONE
0.004779976326972246,0.14339928980916739,-6.698151454383182,-3.4744445990425232,-9.51496543668023,-6.764168036663136,-3.518526771518099,-9.493521885683151,-7.253984020303826,-3.2972426597720976,-10.45447662993426,-6.198517565802731,-3.633730145464285,-8.670445594499215,0.0008176173753897535,-0.0012204614630729378,0.009891508834174712,0.5026030735719503,-0.1602321360438987,0.8495385883024024,0.9726630188025028,-0.07911418655418857,0.21832910328188262,-0.21761045373444826,0.017699936874421715,0.9758751983015702,-0.08106998383797462,-0.9967084115831022,0.0,46.60539791939182,-48.35591352797877,0.7768773894893073,202.58021256807726,NONE
0.0047899759374558926,0.14369927812367678,-6.696099385672855,-3.4746869813305024,-9.514915748758229,-6.764168036663136,-3.518526771518099,-9.493521885683151,-7.251956045964031,-3.299064794795733,-10.454709274845436,-6.196443838836339,-3.632552499400733,-8.670142119627757,0.000816180346375074,-0.0012085357872101627,0.009893091680645281,0.502624860536996,-0.15880366885952402,0.8497938834369897,0.9726630188025028,-0.07911418655418857,0.21832910328188262,-0.21761045373444826,0.017699936874421715,0.9758751983015702,-0.08106998383797462,-0.9967084115831022,0.0,46.60824295393848,-48.47027659535449,0.778903385032887,202.5687253626535,IMPACT
0.004799976013600826,0.1439992804080248,-6.6941143721879,-3.4749736498695496,-9.5145883702468,-6.764168036663136,-3.518526771518099,-9.493521885683151,-7.250225655875033,-3.3009665336488125,-10.45453167413759,-6.1942299462153905,-3.63138739287152,-8.66968010692788,0.0008147247425280101,-0.001196610033509637,0.009894661231819417,0.5028550998379252,-0.15734326629652717,0.8499293177189092,0.9726630188025028,-0.07911418655418857,0.21832910328188262,-0.21761045373444826,0.017699936874421715,0.9758751983015702,-0.08106998383797462,-0.9967084115831022,0.0,46.597363035399404,-48.58638375530164,0.7809282900466386,202.50203399284717,NONE
0.00480997608974576,0.1442992826923728,-6.692129120284366,-3.4752602886062745,-9.514261181725177,-6.764168036663136,-3.518526771518099,-9.493521885683151,-7.248362163146119,-3.3028735749803597,-10.454430992909705,-6.192135245867099,-3.6302174633912028,-8.66914931263196,0.0008132506357202898,-0.0011846847996917777,0.009896217408254747,0.5029651987042952,-0.1558780421004014,0.8501341334655929,0.9726630188025028,-0.07911418655418857,0.21832910328188262,-0.21761045373444826,0.017699936874421715,0.9758751983015702,-0.08106998383797462,-0.9967084115831022,0.0,46.5945329452244,-48.70331647694876,0.7829533831232336,202.5170487284118,NONE
0.004819975700229406,0.1445992710068822,-6.690143689566898,-3.4755469422441605,-9.513934101236972,-6.764168036663136,-3.518526771518099,-9.493521885683151,-7.246365696881886,-3.304785891713995,-10.454407063670798,-6.190159734923103,-3.6290428201856666,-8.668549731670048,0.0008117581013704827,-0.0011727606833750847,0.009897760133072898,0.5029552199803728,-0.15440806117698658,0.8504082533336906,0.9726630188025028,-0.07911418655418857,0.21832910328188262,-0.21761045373444826,0.017699936874421715,0.9758751983015702,-0.08106998383797462,-0.9967084115831022,0.0,46.59974991783658,-48.8210229938462,0.7849786277175852,202.53207861327013,NONE
0.00482997577637434,0.1448992732912302,-6.688158080035495,-3.4758335958820465,-9.513607128782185,-6.764168036663136,-3.518526771518099,-9.493521885683151,-7.24423615159785,-3.306703316571322,-10.454459815347148,-6.1883035082026465,-3.6278635853245493,-8.6678814279298,0.0008102470052840131,-0.001160836616367097,0.00989928954412421,0.5028250682834303,-0.15293346131106053,0.8507516130558802,0.9726630188025028,-0.07911418655418857,0.21832910328188262,-0.21761045373444826,0.017699936874421715,0.9758751983015702,-0.08106998383797462,-0.9967084115831022,0.0,46.61301943636456,-48.939444856939716,0.7870040226507982,202.54711077327786,NONE
0.004839975852519274,0.1451992755755782,-6.686172291690158,-3.4761202495199326,-9.513280268086108,-6.764168036663136,-3.518526771518099,-9.493521885683151,-7.2419734264444084,-3.3086257944426594,-10.454589121222524,-6.186566656358709,-3.626679808345547,-8.667144522389448,0.0008087174221409294,-0.0011489131963104177,0.009900805563995939,0.5025746524217619,-0.1514542923347084,0.8511640946824168,0.9726630188025028,-0.07911418655418857,0.21832910328188262,-0.21761045373444826,0.017699936874421715,0.9758751983015702,-0.08106998383797462,-0.9967084115831022,0.0,46.63434492421884,-49.05852931519804,0.789029567109532,202.5621492218338,NONE
0.0048499759286642075,0.14549927785992622,-6.684186324530887,-3.4764069031578186,-9.512953511698159,-6.764168036663136,-3.518526771518099,-9.493521885683151,-7.2395774657729515,-3.3105531765935683,-10.454794725748238,-6.184949229413426,-3.625491622944975,-8.666339230612014,0.000807169357373963,-0.0011369904655574633,0.009902308187302825,0.5022039220759649,-0.14997068873876507,0.8516454738743927,0.9726630188025028,-0.07911418655418857,0.21832910328188262,-0.21761045373444826,0.017699936874421715,0.9758751983015702,-0.08106998383797462,-0.9967084115831022,0.0,46.66372476691727,-49.17821552870374,0.7910552627204694,202.5772084988011,NONE
0.004859975539147854,0.14579926617443562,-6.682200238162326,-3.4766935567957047,-9.512626867068919,-6.764168036663136,-3.518526771518099,-9.493521885683151,-7.237048329722,-3.3124853933356864,-10.455076295534136,-6.183451286491545,-3.6242990917651987,-8.665465866427356,0.0008056028901410152,-0.0011250690215858258,0.009903797339877453,0.5017128777287879,-0.14848271353786313,0.8521954424317999,0.9726630188025028,-0.07911418655418857,0.21832910328188262,-0.21761045373444826,0.017699936874421715,0.9758751983015702,-0.08106998383797462,-0.9967084115831022,0.0,46.70115215426512,-49.298447190459605,0.7930810498816943,202.59227754665272,NONE
0.0048699756152927876,0.14609926845878363,-6.680253967696475,-3.4770077179771546,-9.512135184628876,-6.764168036663136,-3.518526771518099,-9.493521885683151,-7.234641826988498,-3.3144735556173646,-10.45514547004699,-6.181918715494986,-3.623108505419289,-8.664470033713485,0.0008040178795555523,-0.0011131477964497196,0.009905273154719908,0.5012967197588151,-0.1469690237152021,0.85270258873024,0.9726630188025028,-0.07911418655418857,0.21832910328188262,-0.21761045373444826,0.017699936874421715,0.9758751983015702,-0.08106998383797462,-0.9967084115831022,0.0,46.73372115052379,-49.42033893512006,0.7951063183809648,202.48768175944008,NONE
0.004879975691437721,0.14639927074313164,-6.678322598391818,-3.477331997047055,-9.511582113130006,-6.764168036663136,-3.518526771518099,-9.493521885683151,-7.232198043370671,-3.3164851044004937,-10.455182621525461,-6.180447951724353,-3.621916109901208,-8.663386415032997,0.0008024144040378783,-0.0011012273876575304,0.00990673555712756,0.5008333769744375,-0.14544333595272096,0.8532362888059349,0.9726630188025028,-0.07911418655418857,0.21832910328188262,-0.21761045373444826,0.017699936874421715,0.9758751983015702,-0.08106998383797462,-0.9967084115831022,0.0,46.769500633120515,-49.543142682045136,0.7971312965584865,202.5028669049448,NONE
0.004889975767582655,0.14669927302747965,-6.676391109877872,-3.4776562761169556,-9.511029145939263,-6.764168036663136,-3.518526771518099,-9.493521885683151,-7.229621128874077,-3.318501307394982,-10.455294941614033,-6.179096631975737,-3.620719530746071,-8.662235425900457,0.0008007924692830521,-0.0010893078375509425,0.009908184541905504,0.5002497604277806,-0.14391343969099485,0.8538378646255121,0.9726630188025028,-0.07911418655418857,0.21832910328188262,-0.21761045373444826,0.017699936874421715,0.9758751983015702,-0.08106998383797462,-0.9967084115831022,0.0,46.81331419974116,-49.66639508015934,0.7991563679129747,202.5180647000765,NONE
0.004899975378066301,0.14699926134198904,-6.674457535201358,-3.477979020367253,-9.510484955532464,-6.764168036663136,-3.518526771518099,-9.493521885683151,-7.226917405120947,-3.320522213293902,-10.45548606500453,-6.17785533875506,-3.6195158097261406,-8.661030267219404,0.000799152158183982,-0.0010773897434320269,0.009909620037601515,0.4995533649361366,-0.14237790306297068,0.8545027608500598,0.9726630188025028,-0.07911418655418857,0.21832910328188262,-0.21761045373444826,0.017699936874421715,0.9758751983015702,-0.08106998383797462,-0.9967084115831022,0.0,46.86465919902526,-49.79013942368956,0.8011814307472704,201.8417550648735,IMPACT
0.004909975454211235,0.14729926362633705,-6.672468528205203,-3.478245915065396,-9.510254896504792,-6.764168036663136,-3.518526771518099,-9.493521885683151,-7.224713934757136,-3.322595676048404,-10.455680549269188,-6.1760591113348235,-3.6181587934152395,-8.660418589285209,0.0007974933231700939,-0.001065472037663749,0.009911042172357908,0.4993594397249108,-0.14074434160325489,0.8548866476114183,0.9726630188025028,-0.07911418655418857,0.21832910328188262,-0.21761045373444826,0.017699936874421715,0.9758751983015702,-0.08106998383797462,-0.9967084115831022,0.0,46.883032787660696,-49.92033843546357,0.8031874080347237,200.47002386676763,NONE
0.004919975530356169,0.14759926591068506,-6.670540615969943,-3.4785523574453476,-9.509772624148043,-6.764168036663136,-3.518526771518099,-9.493521885683151,-7.222781455137949,-3.3247463635004584,-10.45550272446757,-6.1741353046880665,-3.6168074571881674,-8.65966265121478,0.0007958160463975522,-0.0010535553175856402,0.009912450874186235,0.4993553097380391,-0.13907671127986138,0.8551619396441854,0.9726630188025028,-0.07911418655418857,0.21832910328188262,-0.21761045373444826,0.017699936874421715,0.9758751983015702,-0.08106998383797462,-0.9967084115831022,0.0,46.88898578118411,-50.05274817776966,0.8051921550002596,200.48518454736146,NONE
0.004929975140839815,0.14789925422519445,-6.668612524920749,-3.478858784924138,-9.509290459824713,-6.764168036663136,-3.518526771518099,-9.493521885683151,-7.2207159130246925,-3.326901608258972,-10.455399605839505,-6.172330767409985,-3.6154519961354485,-8.658839765447105,0.0007941204135572605,-0.001041640180345118,0.009913846073673528,0.49923102172128936,-0.1374049466078459,0.8555046859011428,0.9726630188025028,-0.07911418655418857,0.21832910328188262,-0.21761045373444826,0.017699936874421715,0.9758751983015702,-0.08106998383797462,-0.9967084115831022,0.0,46.902979391968145,-50.18564868763657,0.8071970511257636,200.50033357267202,NONE
0.004939975216984749,0.14819925650954247,-6.666684195452976,-3.4791652273040894,-9.508808403534802,-6.764168036663136,-3.518526771518099,-9.493521885683151,-7.218517179534996,-3.329061303930997,-10.455371037878603,-6.170645502169183,-3.614092562484352,-8.657950071765754,0.0007924062720711871,-0.0010297255585776173,0.009915227895313568,0.4989865130313394,-0.13572917073969265,0.8559147457680237,0.9726630188025028,-0.07911418655418857,0.21832910328188262,-0.21761045373444826,0.017699936874421715,0.9758751983015702,-0.08106998383797462,-0.9967084115831022,0.0,46.925014533148385,-50.31897677478628,0.8092021567442576,200.51550145887842,NONE
0.0049499752931296825,0.14849925879389048,-6.664742216521549,-3.4794601063829544,-9.508393797351035,-6.764168036663136,-3.518526771518099,-9.493521885683151,-7.216233879272365,-3.3312254866014306,-10.455449811683506,-6.169010334523062,-3.6127071380335996,-8.657091969865109,0.0007906737068942568,-0.0010178120494732405,0.009916596269156582,0.4986778784520495,-0.13403888163436614,0.8563608770563795,0.9726630188025028,-0.07911418655418857,0.21832910328188262,-0.21761045373444826,0.017699936874421715,0.9758751983015702,-0.08106998383797462,-0.9967084115831022,0.0,46.95140475739301,-50.453422910377846,0.8112048975489241,199.8281464467287,NONE
0.004959975369274616,0.1487992610782385,-6.662777587825107,-3.4797355543476227,-9.508093334062012,-6.764168036663136,-3.518526771518099,-9.493521885683151,-7.213899012546148,-3.3333937641608595,-10.455659113587172,-6.167378510123919,-3.6112811351138925,-8.656333282317377,0.0007889227241800899,-0.001005899695349219,0.009917951190341638,0.49834309639153707,-0.13232731950144427,0.8568218244141882,0.9726630188025028,-0.07911418655418857,0.21832910328188262,-0.21761045373444826,0.017699936874421715,0.9758751983015702,-0.08106998383797462,-0.9967084115831022,0.0,46.979655160861945,-50.58943772891733,0.8132032109497551,199.84324371833995,NONE
0.004969974979758263,0.14909924939274788,-6.660812720710086,-3.480011017213452,-9.507792975081118,-6.764168036663136,-3.518526771518099,-9.493521885683151,-7.211430845171424,-3.335566013497947,-10.455942210584183,-6.165866055985929,-3.6098515902875734,-8.655508458961904,0.0007871534133459261,-0.000993989093117033,0.009919292592178105,0.4978879948502362,-0.13061217942363185,0.8573494055344182,0.9726630188025028,-0.07911418655418857,0.21832910328188262,-0.21761045373444826,0.017699936874421715,0.9758751983015702,-0.08106998383797462,-0.9967084115831022,0.0,47.01594185837412,-50.72572339555776,0.8152017346569149,199.85834943901577,NONE
0.004979975055903196,0.1493992516770959,-6.658847674781131,-3.4802864651781205,-9.507492720408353,-6.764168036663136,-3.518526771518099,-9.493521885683151,-7.208829286778463,-3.3377421156806935,-10.456298804790146,-6.164473166524623,-3.608418553870344,-8.654617767564824,0.0007853656151451064,-0.0009820791758291527,0.00992062059428901,0.4973124382161145,-0.12889354199507191,0.857943351059677,0.9726630188025028,-0.07911418655418857,0.21832910328188262,-0.21761045373444826,0.017699936874421715,0.9758751983015702,-0.08106998383797462,-0.9967084115831022,0.0,47.06026506783296,-50.86221757206916,0.8172004083373814,199.87346682556083,NONE
0.00498997513204813,0.1496992539614439,-6.656874164992618,-3.480555490742314,-9.507232676519068,-6.764168036663136,-3.518526771518099,-9.493521885683151,-7.206123635548773,-3.339921600715489,-10.456747699537896,-6.163157773402304,-3.606970281181797,-8.653720463842806,0.0007835594182596905,-0.0009701705404463116,0.009921935129446011,0.4966504105459377,-0.1271660383172895,0.8585843979500427,0.9726630188025028,-0.07911418655418857,0.21832910328188262,-0.21761045373444826,0.017699936874421715,0.9758751983015702,-0.08106998383797462,-0.9967084115831022,0.0,47.110384656064255,-50.99925590056692,0.8191980272137478,199.47248335727656,IMPACT
0.004999975208193064,0.1499992562457919,-6.654930636340427,-3.480840192328084,-9.506870179695996,-6.764168036663136,-3.518526771518099,-9.493521885683151,-7.2038056339212,-3.3421868461691666,-10.45689288337122,-6.161550855809504,-3.6054746861550644,-8.652901616535678,0.0007817348291050066,-0.0009582632292685898,0.009923236192979587,0.4963117991008076,-0.1253751618980466,0.8590434603978767,0.9726630188025028,-0.07911418655418857,0.21832910328188262,-0.21761045373444826,0.017699936874421715,0.9758751983015702,-0.08106998383797462,-0.9967084115831022,0.0,47.13937597869593,-51.14077874257927,0.8211900932004088,198.66941006827878,NONE
0.00500997481867671,0.1502992445603013,-6.652995392733859,-3.481125460157979,-9.50649527393094,-6.764168036663136,-3.518526771518099,-9.493521885683151,-7.201656798289532,-3.344498526752483,-10.456934853278634,-6.15980760853531,-3.6039384261617666,-8.65215198423234,0.0007798919408194032,-0.0009463578389365633,0.0099245237209253,0.4961186617877248,-0.12354280924251607,0.8594204138315686,0.9726630188025028,-0.07911418655418857,0.21832910328188262,-0.21761045373444826,0.017699936874421715,0.9758751983015702,-0.08106998383797462,-0.9967084115831022,0.0,47.158954985640854,-51.28531130026488,0.8231768546607032,198.68455313641903,NONE
0.005019974894821644,0.15059924684464931,-6.651059970313358,-3.481410727987874,-9.506120476199301,-6.764168036663136,-3.518526771518099,-9.493521885683151,-7.1993748516141975,-3.3468135905366427,-10.457049523185837,-6.158183674270676,-3.602399125033608,-8.651337207566897,0.0007780305874966641,-0.0009344533029819644,0.009925797828028247,0.49580532254453386,-0.12170739737950723,0.8598630074375906,0.9726630188025028,-0.07911418655418857,0.21832910328188262,-0.21761045373444826,0.017699936874421715,0.9758751983015702,-0.08106998383797462,-0.9967084115831022,0.0,47.18655963825138,-51.43001119739828,0.8251637664598608,198.69970295163964,NONE
0.0050299749709665775,0.15089924912899733,-6.649124369078922,-3.481695995817769,-9.505745779050502,-6.764168036663136,-3.518526771518099,-9.493521885683151,-7.196959664089569,-3.349131883603217,-10.457236660016843,-6.156679169696944,-3.6008569211267547,-8.650457481901816,0.0007761508615412668,-0.0009225502181015039,0.009927058449785958,0.4953716639964877,-0.11986906548739873,0.8603710371976317,0.9726630188025028,-0.07911418655418857,0.21832910328188262,-0.21761045373444826,0.017699936874421715,0.9758751983015702,-0.08106998383797462,-0.9967084115831022,0.0,47.22219072967303,-51.57480988299499,0.8271508302245572,198.7148743556005,NONE
0.005039974581450224,0.15119923744350672,-6.6471885294259065,-3.4819812487465027,-9.505371275616797,-6.764168036663136,-3.518526771518099,-9.493521885683151,-7.1944111920854334,-3.351453198985467,-10.457495971529122,-6.155294020850167,-3.5993119721864093,-8.649513246779977,0.0007742528584689426,-0.000910649180744655,0.009928305523979483,0.4948177005882219,-0.11802798723854399,0.8609441546424502,0.9726630188025028,-0.07911418655418857,0.21832910328188262,-0.21761045373444826,0.017699936874421715,0.9758751983015702,-0.08106998383797462,-0.9967084115831022,0.0,47.26583819109088,-51.71963574710527,0.8291380824176517,198.72100779054094,SLIDING
0.005049974657595158,0.15149923972785473,-6.645236894542026,-3.482253537664998,-9.505079972816619,-6.764168036663136,-3.518526771518099,-9.493521885683151,-7.1919059945084,-3.3537939972344537,-10.45780380083976,-6.153839979482591,-3.597724892971901,-8.648683388442297,0.0007723362230675862,-0.0008987491407016773,0.009929539026119028,0.49431715001229,-0.1161575693987843,0.8614859106654583,0.9726630188025028,-0.07911418655418857,0.21832910328188262,-0.21761045373444826,0.017699936874421715,0.9758751983015702,-0.08106998383797462,-0.9967084115831022,0.0,47.30611979452174,-51.86652514344905,0.8311215072908471,198.29601745193847,IMPACT
0.005059974733740091,0.15179924201220274,-6.643314704352664,-3.4825426052909974,-9.504677369518193,-6.764168036663136,-3.518526771518099,-9.493521885683151,-7.1896355208617315,-3.356200791586907,-10.457884043030065,-6.1522308587835255,-3.596110351302291,-8.647846758813087,0.0007704012353975706,-0.0008868506794171601,0.00993075902953405,0.4940022200372408,-0.11424264748351631,0.8619225162937992,0.9726630188025028,-0.07911418655418857,0.21832910328188262,-0.21761045373444826,0.017699936874421715,0.9758751983015702,-0.08106998383797462,-0.9967084115831022,0.0,47.33437156342903,-52.01671539476051,0.8331019199703587,197.88714496147884,NONE
0.005069974809885025,0.15209924429655075,-6.641383335048007,-3.482824445853818,-9.504319942815217,-6.764168036663136,-3.518526771518099,-9.493521885683151,-7.1872639041171755,-3.3586103862491745,-10.458058335970277,-6.15069522473049,-3.594479569036169,-8.647011373154033,0.000768447902332841,-0.0008749538391548948,0.009931965529891524,0.49360413304127865,-0.11231865846999743,0.8624033156267825,0.9726630188025028,-0.07911418655418857,0.21832910328188262,-0.21761045373444826,0.017699936874421715,0.9758751983015702,-0.08106998383797462,-0.9967084115831022,0.0,47.368214182119765,-52.16741349626303,0.8350808257070632,197.90229972833458,NONE
0.005079974420368671,0.15239923261106014,-6.639451727324771,-3.483106286416638,-9.503962616695079,-6.764168036663136,-3.518526771518099,-9.493521885683151,-7.184758967819729,-3.3610223125405705,-10.458303838509972,-6.149278977931623,-3.592846690885423,-8.646112168695115,0.0007664763226505419,-0.0008630592160787842,0.009933158467372749,0.49308570947052643,-0.11039256111659652,0.8629484141975501,0.9726630188025028,-0.07911418655418857,0.21832910328188262,-0.21761045373444826,0.017699936874421715,0.9758751983015702,-0.08106998383797462,-0.9967084115831022,0.0,47.410068514510904,-52.3180126027956,0.8370599413845436,197.9174774478528,NONE
0.005089974496513605,0.15269923489540815,-6.637521967345523,-3.4833879779678467,-9.503606560898932,-6.764168036663136,-3.518526771518099,-9.493521885683151,-7.182307657332013,-3.3634640315649365,-10.458519357930072,-6.147818035946522,-3.591186749304599,-8.64524232805544,0.000764486320540524,-0.0008511657445488818,0.009934337949443458,0.49261410542166206,-0.1084393893998391,0.8634652523212535,0.9726630188025028,-0.07911418655418857,0.21832910328188262,-0.21761045373444826,0.017699936874421715,0.9758751983015702,-0.08106998383797462,-0.9967084115831022,0.0,47.44899941183574,-52.47052384127062,0.8390369706921472,197.4470340454433,NONE
0.005099974572658539,0.15299923717975616,-6.63559888308649,-3.4836721431118134,-9.503233003688964,-6.764168036663136,-3.518526771518099,-9.493521885683151,-7.1799368645989485,-3.3659407098853626,-10.458673803729514,-6.146297393608934,-3.589500080151903,-8.64439415274472,0.0007624779940475416,-0.0008392740207954667,0.009935503915745563,0.4922092719000074,-0.10645684298406687,0.8639426909451402,0.9726630188025028,-0.07911418655418857,0.21832910328188262,-0.21761045373444826,0.017699936874421715,0.9758751983015702,-0.08106998383797462,-0.9967084115831022,0.0,47.48370711222745,-52.62516310711029,0.8410115235378388,197.46221768501968,NONE
0.0051099746488034725,0.15329923946410418,-6.633670374804782,-3.4839524339538697,-9.502884644342574,-6.764168036663136,-3.518526771518099,-9.493521885683151,-7.17745093649171,-3.368419463762974,-10.458911047952359,-6.144869945992033,-3.587804188411826,-8.643519398569378,0.0007604513503059612,-0.000827384087058118,0.009936656362137855,0.49170523357127477,-0.10446891649945318,0.8644722139918951,0.9726630188025028,-0.07911418655418857,0.21832910328188262,-0.21761045373444826,0.017699936874421715,0.9758751983015702,-0.08106998383797462,-0.9967084115831022,0.0,47.525041318856566,-52.77991290231822,0.8429855441905953,197.32367197149878,NONE
0.005119974259287119,0.15359922777861357,-6.631743654662418,-3.4842328589063767,-9.502535905016574,-6.764168036663136,-3.518526771518099,-9.493521885683151,-7.174989991246152,-3.370924425424744,-10.459132093363062,-6.1434234369456915,-3.586084993344772,-8.64265848384901,0.000758406491800179,-0.0008154965391430907,0.009937795231537101,0.4912221687145047,-0.10245741329525149,0.8649874331019296,0.9726630188025028,-0.07911418655418857,0.21832910328188262,-0.21761045373444826,0.017699936874421715,0.9758751983015702,-0.08106998383797462,-0.9967084115831022,0.0,47.56515180066009,-52.93628781394448,0.8449579191569878,197.08502606775045,NONE
0.005129974335432053,0.15389923006296158,-6.629821464473056,-3.4845153551202896,-9.50217389993182,-6.764168036663136,-3.518526771518099,-9.493521885683151,-7.172530918415988,-3.3734529039280905,-10.459338061089605,-6.141983846693761,-3.5843485922616294,-8.641785932096584,0.0007563432360851678,-0.0008036103120438068,0.009938920626515019,0.4907367008201081,-0.10042651825406629,0.8655010138062008,0.9726630188025028,-0.07911418655418857,0.21832910328188262,-0.21761045373444826,0.017699936874421715,0.9758751983015702,-0.08106998383797462,-0.9967084115831022,0.0,47.60556473912695,-53.09393623067895,0.8469289481729891,197.11845204466923,NONE
0.005139974411576986,0.1541992323473096,-6.627901300841617,-3.484798655996907,-9.50180756605974,-6.764168036663136,-3.518526771518099,-9.493521885683151,-7.170066882691652,-3.3760035209316523,-10.459540175566218,-6.14055256576788,-3.582593819008369,-8.640908624099689,0.0007542616849141434,-0.0007917260016394019,0.009940032489448207,0.49024491282084315,-0.09837633241748404,0.8660150245078712,0.9726630188025028,-0.07911418655418857,0.21832910328188262,-0.21761045373444826,0.017699936874421715,0.9758751983015702,-0.08106998383797462,-0.9967084115831022,0.0,47.64653933130185,-53.252840015809674,0.8488990147915363,196.90865310764676,NONE
0.005149974022060633,0.15449922066181898,-6.6259804219544405,-3.4850808839899186,-9.501448995692643,-6.764168036663136,-3.518526771518099,-9.493521885683151,-7.167569468709382,-3.378569851859946,-10.459764369324112,-6.1391499301235894,-3.5808228833304416,-8.640026211259611,0.0007521619435480609,-0.0007798442034450419,0.009941130765306845,0.48972358980275815,-0.09631096736690262,0.8665419800307147,0.9726630188025028,-0.07911418655418857,0.21832910328188262,-0.21761045373444826,0.017699936874421715,0.9758751983015702,-0.08106998383797462,-0.9967084115831022,0.0,47.68958709738493,-53.4126332712767,0.8508679972334932,196.87452964695888,SLIDING
0.005159974098205566,0.154799222946167,-6.624061569625186,-3.485363946447957,-9.501086688859376,-6.764168036663136,-3.518526771518099,-9.493521885683151,-7.16508035778834,-3.3811603925171694,-10.45997768426574,-6.137743679133624,-3.5790317702612438,-8.639146482160402,0.0007500438245727657,-0.0007679638529696738,0.009942215552988519,0.48920794221653097,-0.09422446559241629,0.8670624771930169,0.9726630188025028,-0.07911418655418857,0.21832910328188262,-0.21761045373444826,0.017699936874421715,0.9758751983015702,-0.08106998383797462,-0.9967084115831022,0.0,47.73241667845177,-53.57382837140275,0.8528358903148341,196.79215543559263,SLIDING
0.0051699741743505,0.155099225230515,-6.622143134528446,-3.4856470238071564,-9.500726587397965,-6.764168036663136,-3.518526771518099,-9.493521885683151,-7.16257946538164,-3.3837718359739495,-10.460196060214388,-6.136348810716042,-3.5772218961118427,-8.638266391523178,0.000747907432518749,-0.0007560855458066205,0.009943286796922943,0.4886812641264753,-0.09211907625613971,0.8675855565196239,0.9726630188025028,-0.07911418655418857,0.21832910328188262,-0.21761045373444826,0.017699936874421715,0.9758751983015702,-0.08106998383797462,-0.9967084115831022,0.0,47.776119302201806,-53.736215801970395,0.854802897251572,196.6640493509208,SLIDING
0.005179974250495434,0.15539922751486301,-6.620225355082797,-3.48593039918958,-9.500367141587647,-6.764168036663136,-3.518526771518099,-9.493521885683151,-7.160068540414817,-3.3864044967840212,-10.460416921999933,-6.134964205505603,-3.5753935157505965,-8.637385311396214,0.0007457527749751691,-0.0007442093241481811,0.009944344493305413,0.48814492138533994,-0.08999477093646445,0.8681102907636757,0.9726630188025028,-0.07911418655418857,0.21832910328188262,-0.21761045373444826,0.017699936874421715,0.9758751983015702,-0.08106998383797462,-0.9967084115831022,0.0,47.82060629071622,-53.899792326461316,0.8567691468908887,196.5791521803572,SLIDING
0.00518997386097908,0.1556992158293724,-6.618308171683597,-3.486214206705678,-9.50000783733836,-6.764168036663136,-3.518526771518099,-9.493521885683151,-7.15754032613513,-3.3890575238144103,-10.460643519292692,-6.133596273362227,-3.5735476489161733,-8.636499344472362,0.0007435799608996659,-0.0007323357830912923,0.009945388589847061,0.4875924060823347,-0.08785244052464905,0.8686400832477756,0.9726630188025028,-0.07911418655418857,0.21832910328188262,-0.21761045373444826,0.017699936874421715,0.9758751983015702,-0.08106998383797462,-0.9967084115831022,0.0,47.866302229228026,-54.064465412461516,0.8587348200588796,196.54195384557246,SLIDING
0.005199973937124014,0.15599921811372042,-6.616391584330844,-3.4864985208612564,-9.49964884973875,-6.764168036663136,-3.518526771518099,-9.493521885683151,-7.155000733804698,-3.3917320593404816,-10.460872628440995,-6.1322397006949885,-3.5716834103040145,-8.63561172094345,0.0007413887962618851,-0.0007204638588862754,0.009946419180541387,0.48702906338557567,-0.08569111950644422,0.8691718607131166,0.9726630188025028,-0.07911418655418857,0.21832910328188262,-0.21761045373444826,0.017699936874421715,0.9758751983015702,-0.08106998383797462,-0.9967084115831022,0.0,47.91286084034925,-54.23031261610376,0.8606998844230631,196.48555276554356,SLIDING
0.005209974013268948,0.15629922039806843,-6.6144752950013155,-3.486783356557477,-9.499290450735005,-6.764168036663136,-3.518526771518099,-9.493521885683151,-7.1524455583372974,-3.3944275201251193,-10.461106465423798,-6.130897701511444,-3.5698013524774694,-8.63472096527862,0.0007391793892904626,-0.0007085941467152661,0.00994743621255843,0.4864513603932635,-0.08351134873921434,0.8697073810215139,0.9726630188025028,-0.07911418655418857,0.21832910328188262,-0.21761045373444826,0.017699936874421715,0.9758751983015702,-0.08106998383797462,-0.9967084115831022,0.0,47.96051244881724,-54.3972739333177,0.8626645716647339,196.4451022594848,SLIDING
0.005219974089413881,0.15659922268241644,-6.6125594229043,-3.487068773398984,-9.498932468963774,-6.764168036663136,-3.518526771518099,-9.493521885683151,-7.149876785815461,-3.3971442927426168,-10.46134365456046,-6.129568716901974,-3.5679012411305213,-8.633827988666653,0.0007369517478336704,-0.0006967266887399189,0.009948439682286033,0.4858609851968982,-0.08131283256566887,0.8702455551875272,0.9726630188025028,-0.07911418655418857,0.21832910328188262,-0.21761045373444826,0.017699936874421715,0.9758751983015702,-0.08106998383797462,-0.9967084115831022,0.0,48.0091481867405,-54.56536700684131,0.864628807962605,196.40926702815997,SLIDING
0.005229973699897528,0.15689921099692583,-6.610643789225864,-3.487354816089261,-9.498574923051509,-6.764168036663136,-3.518526771518099,-9.493521885683151,-7.147292774442975,-3.399882175338167,-10.46158481638294,-6.128253883116875,-3.5659833425961254,-8.632932268685478,0.0007347059845395962,-0.0006848620796047183,0.009949429540179308,0.4852566149171903,-0.07909579393236098,0.870786927474982,0.9726630188025028,-0.07911418655418857,0.21832910328188262,-0.21761045373444826,0.017699936874421715,0.9758751983015702,-0.08106998383797462,-0.9967084115831022,0.0,48.0588544353075,-54.734561189283085,0.8665927667123619,196.37958052062973,SLIDING
0.005239973776042461,0.15719921328127384,-6.608728453570651,-3.4876415293317917,-9.49821783534995,-6.764168036663136,-3.518526771518099,-9.493521885683151,-7.144693778287036,-3.4026412488234703,-10.46182967311654,-6.126953084959805,-3.5640476690304594,-8.632034097468328,0.0007324418987731193,-0.0006729992563629861,0.009950405875322274,0.48463842539391955,-0.07686020009856637,0.8713312264991485,0.9726630188025028,-0.07911418655418857,0.21832910328188262,-0.21761045373444826,0.017699936874421715,0.9758751983015702,-0.08106998383797462,-0.9967084115831022,0.0,48.109620325139254,-54.90484961922492,0.8685563885954117,196.35725426943242,SLIDING
0.005249973852187395,0.15749921556562185,-6.606813177520084,-3.4879289280277375,-9.497861198408517,-6.764168036663136,-3.518526771518099,-9.493521885683151,-7.1420789705557,-3.405421468979991,-10.462078342456566,-6.1256666128967625,-3.5620942884769544,-8.63113335507189,0.000730159602454396,-0.0006611388137511908,0.009951368637628426,0.48400588459949423,-0.07460610452236358,0.8718785654212743,0.9726630188025028,-0.07911418655418857,0.21832910328188262,-0.21761045373444826,0.017699936874421715,0.9758751983015702,-0.08106998383797462,-0.9967084115831022,0.0,48.1614809419128,-55.07621646877809,0.8705199083182631,196.34070259913852,SLIDING
0.005259973928332329,0.15779921784996986,-6.6048980802834505,-3.488217071781743,-9.49750501967779,-6.764168036663136,-3.518526771518099,-9.493521885683151,-7.139448283796321,-3.408222847254014,-10.462330731832735,-6.124394753926107,-3.5601233038294584,-8.630230138854776,0.000727859103690621,-0.0006492807938980591,0.009952317823678135,0.4833588237477211,-0.07233355075021161,0.8724288537990282,0.9726630188025028,-0.07911418655418857,0.21832910328188262,-0.21761045373444826,0.017699936874421715,0.9758751983015702,-0.08106998383797462,-0.9967084115831022,0.0,48.21444753518096,-55.24864765519369,0.8724832130193434,196.3313800515339,SLIDING
0.005269973538815975,0.15809920616447926,-6.602982923442172,-3.4885060052972916,-9.497149302883061,-6.764168036663136,-3.518526771518099,-9.493521885683151,-7.1368010563223265,-3.411045357347404,-10.462586872017528,-6.123137650101809,-3.558134823614297,-8.629324428229749,0.0007255405188136716,-0.0006374257909611353,0.009953253386673586,0.48269686010500873,-0.07004260298423483,0.8729821160894183,0.9726630188025028,-0.07911418655418857,0.21832910328188262,-0.21761045373444826,0.017699936874421715,0.9758751983015702,-0.08106998383797462,-0.9967084115831022,0.0,48.26854519155487,-55.42212660496374,0.8744465373229282,196.32832306132198,SLIDING
0.005279973614960909,0.15839920844882727,-6.60106633608942,-3.488794759998906,-9.496800660414609,-6.764168036663136,-3.518526771518099,-9.493521885683151,-7.134143760574758,-3.413887870669681,-10.462848831213476,-6.12188688018815,-3.556128023092327,-8.628426920324719,0.0007232036405954073,-0.0006255727428585157,0.009954175410784,0.48202708589838467,-0.06773340591554565,0.8735342432803602,0.9726630188025028,-0.07911418655418857,0.21832910328188262,-0.21761045373444826,0.017699936874421715,0.9758751983015702,-0.08106998383797462,-0.9967084115831022,0.0,48.32330986844568,-55.596660294458005,0.8764096943540913,196.19722141475225,SLIDING
0.005289973691105843,0.15869921073317528,-6.5991397947609896,-3.489322723041165,-9.496688640935334,-6.764168036663136,-3.518526771518099,-9.493521885683151,-7.132339386024825,-3.416575940176101,-10.462834464466958,-6.119850524022773,-3.55471428199811,-8.628227121507583,0.0007208485846411311,-0.000613722243846442,0.009955083848669147,0.48213755333431046,-0.06578016277238521,0.8736225442663689,0.9726630188025028,-0.07911418655418857,0.21832910328188262,-0.21761045373444826,0.017699936874421715,0.9758751983015702,-0.08106998383797462,-0.9967084115831022,0.0,48.32544261473241,-55.74685728252093,0.8783497963375293,192.9672415683454,NONE
0.005299973301589489,0.15899919904768467,-6.597236201220798,-3.489977718482602,-9.496568086815985,-6.764168036663136,-3.518526771518099,-9.493521885683151,-7.13091401308054,-3.419216988586864,-10.462597363340231,-6.117517061434631,-3.5535840287354743,-8.628211330653414,0.0007184754700410284,-0.0006018748876947115,0.009955978655592924,0.4825699769742423,-0.0639843048326716,0.8735171584222942,0.9726630188025028,-0.07911418655418857,0.21832910328188262,-0.21761045373444826,0.017699936874421715,0.9758751983015702,-0.08106998383797462,-0.9967084115831022,0.0,48.30583951831527,-55.88635522169242,0.8802794912812253,192.98204552388714,NONE
0.005309973377734423,0.15929920133203268,-6.595332369262027,-3.4906326841217163,-9.496447625828894,-6.764168036663136,-3.518526771518099,-9.493521885683151,-7.1293569861950274,-3.4218548375784645,-10.462428457524418,-6.1153014888943344,-3.552456594816255,-8.628134416373804,0.0007160840846300701,-0.000590029613010372,0.009956859912035461,0.48288357014318706,-0.062191312970376555,0.8734733529288634,0.9726630188025028,-0.07911418655418857,0.21832910328188262,-0.21761045373444826,0.017699936874421715,0.9758751983015702,-0.08106998383797462,-0.9967084115831022,0.0,48.29405208613615,-56.02518084966814,0.882209395434586,192.99684038112883,NONE
0.005319973453879356,0.1595992036163807,-6.593428358489322,-3.4912876348596695,-9.496327261699351,-6.764168036663136,-3.518526771518099,-9.493521885683151,-7.127668255156763,-3.4244892094223287,-10.462327962546196,-6.11320396471949,-3.5513322581843756,-8.627996192007302,0.0007136745467729915,-0.0005781870136670646,0.009957727572718,0.48307823354155843,-0.060401451791450816,0.8734913193042348,0.9726630188025028,-0.07911418655418857,0.21832910328188262,-0.21761045373444826,0.017699936874421715,0.9758751983015702,-0.08106998383797462,-0.9967084115831022,0.0,48.290087212821426,-56.163263634495145,0.8841394511879361,193.01162701503236,NONE
0.00532997353002429,0.1598992059007287,-6.591524228507327,-3.4919425706964615,-9.496206990702065,-6.764168036663136,-3.518526771518099,-9.493521885683151,-7.125847763155805,-3.427119921825343,-10.462296031827586,-6.111224653158977,-3.5502111827018004,-8.627796512570029,0.0007112468650288658,-0.0005663471317301043,0.009958581634558815,0.4831538619032514,-0.05861488613164635,0.8735711996464558,0.9726630188025028,-0.07911418655418857,0.21832910328188262,-0.21761045373444826,0.017699936874421715,0.9758751983015702,-0.08106998383797462,-0.9967084115831022,0.0,48.29395082156992,-56.300540924066084,0.8860696013793756,193.02642316121432,NONE
0.0053399731405079365,0.1601991942152381,-6.589619860106754,-3.4925974916320923,-9.496086816562327,-6.764168036663136,-3.518526771518099,-9.493521885683151,-7.12389542193943,-3.4297467170859397,-10.462332672975728,-6.109363407176868,-3.549093600014613,-8.627535378297912,0.0007088011621599434,-0.0005545105604221706,0.009959422055573278,0.4831104832202671,-0.056831849013653915,0.8737129974656263,0.9726630188025028,-0.07911418655418857,0.21832910328188262,-0.21761045373444826,0.017699936874421715,0.9758751983015702,-0.08106998383797462,-0.9967084115831022,0.0,48.3056379388599,-56.43694587991629,0.8879999611460363,193.04121606016346,NONE
0.00534997321665287,0.1604991964995861,-6.58771537249689,-3.493252397666562,-9.495966735554846,-6.764168036663136,-3.518526771518099,-9.493521885683151,-7.12181122278451,-3.4323693611921695,-10.462437909177703,-6.107620460979986,-3.5479797204744683,-8.627212761274325,0.0007063372194292113,-0.000542676239322862,0.00996024891131855,0.48294798181167825,-0.055052552039189795,0.8739167370968468,0.9726630188025028,-0.07911418655418857,0.21832910328188262,-0.21761045373444826,0.017699936874421715,0.9758751983015702,-0.08106998383797462,-0.9967084115831022,0.0,48.32515124106515,-56.57241319006752,0.8899304153507881,193.05600800224323,NONE
0.005359973292797804,0.16079919878393412,-6.585810706073093,-3.4939072887998703,-9.495846747679623,-6.764168036663136,-3.518526771518099,-9.493521885683151,-7.119595073853703,-3.4349875999953516,-10.4626116466354,-6.105995783937423,-3.546869772533784,-8.626828745813711,0.0007038551588747294,-0.0005308447617655127,0.009961062159266842,0.48266632853156216,-0.053277225018301316,0.8741823337246135,0.9726630188025028,-0.07911418655418857,0.21832910328188262,-0.21761045373444826,0.017699936874421715,0.9758751983015702,-0.08106998383797462,-0.9967084115831022,0.0,48.352485814154335,-56.706877249317465,0.8918610219688663,193.07080046600896,NONE
0.005369973368942738,0.16109920106828213,-6.583905801230716,-3.4945621501308564,-9.495726856661948,-6.764168036663136,-3.518526771518099,-9.493521885683151,-7.117246812610375,-3.4376012665813684,-10.46285377397659,-6.104489408969357,-3.5457638779347502,-8.626383439101692,0.0007013549893132083,-0.0005190161697758306,0.009961861796529635,0.4822654303052468,-0.051506005406372346,0.874509683273761,0.9726630188025028,-0.07911418655418857,0.21832910328188262,-0.21761045373444826,0.017699936874421715,0.9758751983015702,-0.08106998383797462,-0.9967084115831022,0.0,48.38763955834411,-56.84028001540545,0.8937918369832722,193.08561139529198,NONE
0.005379972979426384,0.16139918938279152,-6.58200077717905,-3.4952170114618424,-9.49560705877653,-6.764168036663136,-3.518526771518099,-9.493521885683151,-7.114766631841503,-3.44021005745398,-10.463163997661939,-6.103101389146626,-3.544662366079366,-8.625877097924736,0.0006988368371715945,-0.0005071910559950858,0.009962647783876245,0.48174535366422705,-0.04973919458351732,0.8748985236843824,0.9726630188025028,-0.07911418655418857,0.21832910328188262,-0.21761045373444826,0.017699936874421715,0.9758751983015702,-0.08106998383797462,-0.9967084115831022,0.0,48.43059730809815,-56.972552691383314,0.8957227476146628,193.10041400072947,NONE
0.005389973055571318,0.16169919166713953,-6.580095574313449,-3.495871842990506,-9.49548735402337,-6.764168036663136,-3.518526771518099,-9.493521885683151,-7.1121543816744595,-3.442813837494246,-10.4635420655098,-6.101831746005823,-3.543565301833657,-8.625309948967104,0.0006963004771537773,-0.0004953683610369253,0.009963420191936436,0.48110601698506505,-0.04797688778067177,0.875348626925094,0.9726630188025028,-0.07911418655418857,0.21832910328188262,-0.21761045373444826,0.017699936874421715,0.9758751983015702,-0.08106998383797462,-0.9967084115831022,0.0,48.4813528351652,-57.1036425529044,0.8976538094804845,193.1152239989432,NONE
0.005399973131716251,0.16199919395148754,-6.57818327849512,-3.4965454052787903,-9.495417527182015,-6.764168036663136,-3.518526771518099,-9.493521885683151,-7.109446020578794,-3.445397970994636,-10.464012122308699,-6.100635027529424,-3.5425214654255677,-8.624754824611536,0.0006937460349640638,-0.00048354867766001603,0.009964178980935781,0.48038618716636705,-0.046249283062348365,0.8758368084272203,0.9726630188025028,-0.07911418655418857,0.21832910328188262,-0.21761045373444826,0.017699936874421715,0.9758751983015702,-0.08106998383797462,-0.9967084115831022,0.0,48.53720927616346,-57.231422132384445,0.8995823624681734,191.22251274627976,NONE
0.005409972742199898,0.16229918226599693,-6.576264008933353,-3.4973392050367478,-9.495493143124493,-6.764168036663136,-3.518526771518099,-9.493521885683151,-7.106979360948148,-3.447952094943931,-10.464479097285457,-6.099207802956476,-3.541732922451549,-8.624478650737949,0.0006911736397733264,-0.0004717325980468234,0.009964924113710553,0.4798912180912722,-0.04465753690838951,0.8761906888321465,0.9726630188025028,-0.07911418655418857,0.21832910328188262,-0.21761045373444826,0.017699936874421715,0.9758751983015702,-0.08106998383797462,-0.9967084115831022,0.0,48.57772687970745,-57.34992548544973,0.9014954566552404,191.47061478887667,NONE
0.0054199728183448315,0.16259918455034494,-6.574446961337375,-3.4982006113630417,-9.495131741536769,-6.764168036663136,-3.518526771518099,-9.493521885683151,-7.105037293740997,-3.450677787579705,-10.464279372833575,-6.09750313458818,-3.540918535246944,-8.623971918737743,0.0006885830613745933,-0.0004599190636269515,0.009965655657192183,0.4797781710251509,-0.042971784603447236,0.8763368829027773,0.9726630188025028,-0.07911418655418857,0.21832910328188262,-0.21761045373444826,0.017699936874421715,0.9758751983015702,-0.08106998383797462,-0.9967084115831022,0.0,48.59387818511114,-57.47768566875895,0.9034098856006221,190.58959201471762,IMPACT
0.005429972894489765,0.16289918683469296,-6.572605773860263,-3.4991276424032334,-9.49496487460843,-6.764168036663136,-3.518526771518099,-9.493521885683151,-7.1030989150076405,-3.4533590104315057,-10.464250132100652,-6.095749311631018,-3.5402687359071114,-8.623681340613977,0.0006859744282170848,-0.00044810866670549074,0.00996637357367297,0.47969028732220087,-0.04138558355981228,0.8764613292793689,0.9726630188025028,-0.07911418655418857,0.21832910328188262,-0.21761045373444826,0.017699936874421715,0.9758751983015702,-0.08106998383797462,-0.9967084115831022,0.0,48.6079173480707,-57.597952906387185,0.9053105137837782,190.05939711553506,NONE
0.005439972970634699,0.16319918911904097,-6.570764228755283,-3.5000550906759385,-9.494799445642146,-6.764168036663136,-3.518526771518099,-9.493521885683151,-7.101030052705942,-3.4560345527049185,-10.464290033041225,-6.094112100316285,-3.539624835078076,-8.623331342073879,0.0006833477495669662,-0.0004363014492334502,0.009967077860602922,0.4794847392331697,-0.03980489636817025,0.8766469956987356,0.9726630188025028,-0.07911418655418857,0.21832910328188262,-0.21761045373444826,0.017699936874421715,0.9758751983015702,-0.08106998383797462,-0.9967084115831022,0.0,48.62963803835359,-57.71702662237957,0.9072112088783815,190.0741116483187,NONE
0.005449972581118345,0.16349917743355036,-6.568922564441013,-3.5009825240474823,-9.49463410980812,-6.764168036663136,-3.518526771518099,-9.493521885683151,-7.098830024366814,-3.458704490964131,-10.464398154667656,-6.09259256684185,-3.538985943361318,-8.622920197298983,0.000680703158246868,-0.0004244980027517452,0.009967768483576158,0.47916069405950656,-0.03822926304627952,0.8768942654136533,0.9726630188025028,-0.07911418655418857,0.21832910328188262,-0.21761045373444826,0.017699936874421715,0.9758751983015702,-0.08106998383797462,-0.9967084115831022,0.0,48.659090768318734,-57.83489620057085,0.9091119984110758,190.08881388012324,NONE
0.005459972657263279,0.16379917971789837,-6.567080721312808,-3.501909942517865,-9.494468870831641,-6.764168036663136,-3.518526771518099,-9.493521885683151,-7.096498722403304,-3.4613686691594503,-10.464574347645662,-6.091190694734016,-3.5383522010287844,-8.622448047598729,0.0006780404175138799,-0.0004126972698317314,0.009968445504589689,0.47871810841394674,-0.03665882469968301,0.8772030000223499,0.9726630188025028,-0.07911418655418857,0.21832910328188262,-0.21761045373444826,0.017699936874421715,0.9758751983015702,-0.08106998383797462,-0.9967084115831022,0.0,48.696269730894876,-57.951510917979746,0.9110129395437561,190.10351952757048,NONE
0.005469972733408213,0.16409918200224638,-6.56523869937067,-3.5028373311859253,-9.49430372126213,-6.764168036663136,-3.518526771518099,-9.493521885683151,-7.094036119414647,-3.4640269002608792,-10.46481837332823,-6.0899065086231365,-3.537723747904683,-8.621915093343343,0.0006753596594705299,-0.00040089984214369367,0.009969108888693085,0.47815695751976667,-0.035093736973239684,0.8775729904689941,0.9726630188025028,-0.07911418655418857,0.21832910328188262,-0.21761045373444826,0.017699936874421715,0.9758751983015702,-0.08106998383797462,-0.9967084115831022,0.0,48.74116610885251,-58.06682019290046,0.9129140327242098,190.11823229642536,NONE
0.005479972809553146,0.1643991842865944,-6.563385590964603,-3.5037913631302002,-9.494223877115163,-6.764168036663136,-3.518526771518099,-9.493521885683151,-7.0915010094762705,-3.4666671904202166,-10.465175756149126,-6.088666446480455,-3.5371620144893896,-8.621442229025304,0.0006726608936391499,-0.000389105761592543,0.009969758633530116,0.4775402680932453,-0.03356896384246327,0.8779683462494391,0.9726630188025028,-0.07911418655418857,0.21832910328188262,-0.21761045373444826,0.017699936874421715,0.9758751983015702,-0.08106998383797462,-0.9967084115831022,0.0,48.7894813033803,-58.17854798288665,0.9148093925028515,189.03603033138555,NONE
0.005489972420036793,0.16469917260110378,-6.561523482257175,-3.5047673146825913,-9.494214519185933,-6.764168036663136,-3.518526771518099,-9.493521885683151,-7.088883011931168,-3.4692916267720277,-10.465638758588078,-6.087483800802827,-3.5366561549333655,-8.621008269764602,0.0006699442564865477,-0.00037731561904348447,0.009970394707454608,0.4768567672039717,-0.032078346743494135,0.878395470868322,0.9726630188025028,-0.07911418655418857,0.21832910328188262,-0.21761045373444826,0.017699936874421715,0.9758751983015702,-0.08106998383797462,-0.9967084115831022,0.0,48.84197288893918,-58.287077020062256,0.916699851501038,189.05063774683708,NONE
0.0054999724961817265,0.1649991748854518,-6.559663757735538,-3.5057451139789704,-9.494193963034066,-6.764168036663136,-3.518526771518099,-9.493521885683151,-7.0861499988308445,-3.471915280408649,-10.466150459574255,-6.086409069092288,-3.5361545076221317,-8.620509271506405,0.000667209504747498,-0.00036552835827101767,0.00997101716752561,0.47606710939931274,-0.030590108196896504,0.8788767562227852,0.9726630188025028,-0.07911418655418857,0.21832910328188262,-0.21761045373444826,0.017699936874421715,0.9758751983015702,-0.08106998383797462,-0.9967084115831022,0.0,48.901360097261545,-58.394535177780284,0.9185905825705447,189.34808411822343,IMPACT
0.00550997257232666,0.1652991771697998,-6.5578681082070345,-3.50681828070699,-9.493958818985137,-6.764168036663136,-3.518526771518099,-9.493521885683151,-7.083894944504672,-3.474670097055162,-10.46622108434944,-6.085026375226273,-3.535716051355165,-8.619999274064629,0.0006644567741703456,-0.00035374457027626335,0.009971625981552126,0.4756516996563803,-0.029069502047620516,0.8791532429927674,0.9726630188025028,-0.07911418655418857,0.21832910328188262,-0.21761045373444826,0.017699936874421715,0.9758751983015702,-0.08106998383797462,-0.9967084115831022,0.0,48.93662851778881,-58.50682482827343,0.9204733859637191,187.2995426969813,NONE
0.0055199721828103065,0.1655991654843092,-6.556055113726901,-3.5079343031746033,-9.493861194027575,-6.764168036663136,-3.518526771518099,-9.493521885683151,-7.081607429506566,-3.477402821690689,-10.46643213893893,-6.083639923820695,-3.535378831892822,-8.61962417928634,0.0006616862039497816,-0.00034196484539512754,0.009972221119959017,0.4752226217551768,-0.027607623905777465,0.8794323617393286,0.9726630188025028,-0.07911418655418857,0.21832910328188262,-0.21761045373444826,0.017699936874421715,0.9758751983015702,-0.08106998383797462,-0.9967084115831022,0.0,48.972491226381024,-58.614459270270295,0.92234642622698,187.31412972559588,NONE
0.00552997225895524,0.1658991677686572,-6.554241940432834,-3.509050295839894,-9.493763658476981,-6.764168036663136,-3.518526771518099,-9.493521885683151,-7.079189342193597,-3.4801292282534497,-10.466710444330669,-6.082370503379647,-3.5350472351091495,-8.619188803020721,0.0006588975459381989,-0.00033018812834456157,0.009972802636099655,0.4746756375304523,-0.02615143183604761,0.8797722101475948,0.9726630188025028,-0.07911418655418857,0.21832910328188262,-0.21761045373444826,0.017699936874421715,0.9758751983015702,-0.08106998383797462,-0.9967084115831022,0.0,49.015998724630066,-58.72071459266858,0.9242196185380145,187.32872364635205,NONE
0.005539972335100174,0.16619917005300522,-6.552444443160343,-3.510176749120343,-9.493596925659093,-6.764168036663136,-3.518526771518099,-9.493521885683151,-7.076740844691507,-3.4828799021224963,-10.466941580113097,-6.0811581855229075,-3.534713688205461,-8.61866442898476,0.0006560909386129828,-0.00031841500960157535,0.009973370499853843,0.474086980556476,-0.024682755277602206,0.8801319767277802,0.9726630188025028,-0.07911418655418857,0.21832910328188262,-0.21761045373444826,0.017699936874421715,0.9758751983015702,-0.08106998383797462,-0.9967084115831022,0.0,49.06229698695658,-58.82747693982547,0.9260934987229561,187.41917886410607,NONE
0.005549972411245108,0.16649917233735323,-6.550660178118991,-3.511311740766156,-9.493372745139512,-6.764168036663136,-3.518526771518099,-9.493521885683151,-7.0742455417097965,-3.4856490637225623,-10.467144507365743,-6.0800130673629225,-3.5343797362540372,-8.618056324366153,0.000653266391943332,-0.00030664553098478205,0.009973924709204562,0.4734440354032736,-0.02320508215784517,0.8805181823807569,0.9726630188025028,-0.07911418655418857,0.21832910328188262,-0.21761045373444826,0.017699936874421715,0.9758751983015702,-0.08106998383797462,-0.9967084115831022,0.0,49.112181339152635,-58.934377512963756,0.9279677264170392,187.43383487689465,NONE
0.005559972021728754,0.16679916065186262,-6.548875734263706,-3.512446717510808,-9.493148661477479,-6.764168036663136,-3.518526771518099,-9.493521885683151,-7.071619584776728,-3.4884116198896815,-10.467413939367388,-6.078985053549925,-3.5340516935829878,-8.617388623029957,0.0006504240487542089,-0.00029488028209443036,0.00997446523733953,0.47268311010800135,-0.02173336842538394,0.8809644363511581,0.9726630188025028,-0.07911418655418857,0.21832910328188262,-0.21761045373444826,0.017699936874421715,0.9758751983015702,-0.08106998383797462,-0.9967084115831022,0.0,49.16968969502679,-59.03980235883767,0.9298421057111081,187.44850152969218,NONE
0.005569972097873688,0.16709916293621063,-6.547090753966617,-3.513608024607289,-9.492946415467175,-6.764168036663136,-3.518526771518099,-9.493521885683151,-7.068983310649879,-3.4911858152399935,-10.467706413966518,-6.077965295142603,-3.533763187049402,-8.61674167622843,0.0006475636544006653,-0.0002831182089577861,0.00997499213266844,0.471913340717751,-0.020274938956861194,0.8814117798752793,0.9726630188025028,-0.07911418655418857,0.21832910328188262,-0.21761045373444826,0.017699936874421715,0.9758751983015702,-0.08106998383797462,-0.9967084115831022,0.0,49.22770153328386,-59.14398338013451,0.931714322091727,186.80052433998605,SLIDING
0.0055799721740186214,0.16739916522055864,-6.545324549132633,-3.514841870556462,-9.492715879602345,-6.764168036663136,-3.518526771518099,-9.493521885683151,-7.066607965474535,-3.4940281226885292,-10.467837430289922,-6.076746642172443,-3.5335511985462027,-8.61618614370668,0.0006446853509919004,-0.00027135990132297246,0.009975505367833776,0.4713625349057584,-0.018820512313177884,0.8817387078967824,0.9726630188025028,-0.07911418655418857,0.21832910328188262,-0.21761045373444826,0.017699936874421715,0.9758751983015702,-0.08106998383797462,-0.9967084115831022,0.0,49.27152542994438,-59.24934274535623,0.9335801916246176,186.57465764656357,NONE
0.005589972250163555,0.16769916750490665,-6.543554171973514,-3.516083405504811,-9.492512828929337,-6.764168036663136,-3.518526771518099,-9.493521885683151,-7.064121506082674,-3.4968621701940776,-10.468049525133202,-6.075619946172769,-3.5333612354313733,-8.615609921720315,0.0006417891487517145,-0.00025960540095597534,0.009976004941012393,0.4707150285285257,-0.01738050725585502,0.8821140968632791,0.9726630188025028,-0.07911418655418857,0.21832910328188262,-0.21761045373444826,0.017699936874421715,0.9758751983015702,-0.08106998383797462,-0.9967084115831022,0.0,49.32154125883722,-59.352743917963274,0.9354447269155006,186.41772006300496,NONE
0.0055999718606472015,0.16799915581941605,-6.541778907233524,-3.5173333596092347,-9.492340292109164,-6.764168036663136,-3.518526771518099,-9.493521885683151,-7.061526384369999,-3.4996878384185135,-10.468343799511118,-6.074581644958231,-3.533194791466769,-8.615017771677682,0.0006388751941269967,-0.00024785529668726797,0.009976490828156446,0.46997368543417506,-0.015955691927740698,0.8825362037302076,0.9726630188025028,-0.07911418655418857,0.21832910328188262,-0.21761045373444826,0.017699936874421715,0.9758751983015702,-0.08106998383797462,-0.9967084115831022,0.0,49.3775489933096,-59.45412796901869,0.937308020188107,186.24889780855813,SLIDING
0.005609971936792135,0.16829915810376406,-6.539998397284793,-3.5185917775732163,-9.492199055178078,-6.764168036663136,-3.518526771518099,-9.493521885683151,-7.058823762733506,-3.50250533468833,-10.468719980397328,-6.073630014561564,-3.5330517651752213,-8.614411431598766,0.0006359432259903148,-0.00023610853591548474,0.009976963072729375,0.46913988008187724,-0.014545919279472033,0.8830040708564584,0.9726630188025028,-0.07911418655418857,0.21832910328188262,-0.21761045373444826,0.017699936874421715,0.9758751983015702,-0.08106998383797462,-0.9967084115831022,0.0,49.43944944221046,-59.553495609464896,0.939170251215927,186.19700429021265,SLIDING
0.005619972012937069,0.16859916038811207,-6.538232252055454,-3.519895703683484,-9.492023422641667,-6.764168036663136,-3.518526771518099,-9.493521885683151,-7.056245084682249,-3.5053720636983954,-10.469000095845427,-6.072594249231324,-3.5329508990192826,-8.613826130482868,0.0006329933900744093,-0.00022436570762580634,0.009977421650137633,0.46840515973853575,-0.013132778724231936,0.883416173982171,0.9726630188025028,-0.07911418655418857,0.21832910328188262,-0.21761045373444826,0.017699936874421715,0.9758751983015702,-0.08106998383797462,-0.9967084115831022,0.0,49.494968117917765,-59.65372416653241,0.9410296201140618,185.70333687081396,NONE
0.005629971623420715,0.16889914870262146,-6.536471530848789,-3.5212231438261155,-9.491842511368903,-6.764168036663136,-3.518526771518099,-9.493521885683151,-7.053660886571328,-3.5082569869501943,-10.469277266210327,-6.071573745480518,-3.5328783288171755,-8.613233452926613,0.0006300258355369715,-0.0002126274000490332,0.009977866538407603,0.4676605433765761,-0.011724448508086363,0.8838303872779589,0.9726630188025028,-0.07911418655418857,0.21832910328188262,-0.21761045373444826,0.017699936874421715,0.9758751983015702,-0.08106998383797462,-0.9967084115831022,0.0,49.55110225756889,-59.75335468248643,0.9428867260612463,185.71786625684672,NONE
0.005639971699565649,0.16919915098696947,-6.534715995246219,-3.5225541751485947,-9.491638171745452,-6.764168036663136,-3.518526771518099,-9.493521885683151,-7.050980469091325,-3.5111459902245485,-10.469581164578324,-6.070649579533548,-3.532808910377728,-8.612572261834641,0.0006270402963986215,-0.00020089256165244549,0.009978297777291166,0.4668242331227511,-0.01031567626341895,0.8842899536874677,0.9726630188025028,-0.07911418655418857,0.21832910328188262,-0.21761045373444826,0.017699936874421715,0.9758751983015702,-0.08106998383797462,-0.9967084115831022,0.0,49.61315646351823,-59.85211794583469,0.9447441873671654,185.78660714901608,NONE
0.005649971775710583,0.16949915327131748,-6.532987043315219,-3.5239355276924256,-9.491379170937451,-6.764168036663136,-3.518526771518099,-9.493521885683151,-7.048475952533208,-3.5140774699213035,-10.469748045155642,-6.069617777057708,-3.5327968647928856,-8.61193043931797,0.0006240369211042554,-0.00018916178082648298,0.00997871534426895,0.46612294070261867,-0.008913997557896028,0.8846750503988915,0.9726630188025028,-0.07911418655418857,0.21832910328188262,-0.21761045373444826,0.017699936874421715,0.9758751983015702,-0.08106998383797462,-0.9967084115831022,0.0,49.666463105542185,-59.95128121426042,0.9465917069687464,183.44034711411223,NONE
0.0056599718518555164,0.1697991555556655,-6.531279370242404,-3.5253666352134827,-9.49110332436672,-6.764168036663136,-3.518526771518099,-9.493521885683151,-7.04612189861094,-3.5170355347778446,-10.469826683961946,-6.068491131073116,-3.5328554013672213,-8.611335948395986,0.0006210157203218909,-0.00017743509923947367,0.009979119237857563,0.46553846073229743,-0.00753326980446524,0.8849955883647423,0.9726630188025028,-0.07911418655418857,0.21832910328188262,-0.21761045373444826,0.017699936874421715,0.9758751983015702,-0.08106998383797462,-0.9967084115831022,0.0,49.712128150942746,-60.0496954498517,0.9484261436567092,183.45487995298743,NONE
0.005669971462339163,0.17009914387017488,-6.52957145875101,-3.5267977129322174,-9.490827567202958,-6.764168036663136,-3.518526771518099,-9.493521885683151,-7.043638580026211,-3.519986542918265,-10.469970178703248,-6.0674802274309005,-3.532920224581417,-8.610683328715586,0.0006179768468162342,-0.00016571310429275022,0.009979509438850205,0.4648373107596716,-0.006158896030072414,0.8853746904703155,0.9726630188025028,-0.07911418655418857,0.21832910328188262,-0.21761045373444826,0.017699936874421715,0.9758751983015702,-0.08106998383797462,-0.9967084115831022,0.0,49.76528246128592,-60.14653646380311,0.9502607903676772,183.46940553014267,NONE
0.0056799715384840965,0.1703991461545229,-6.52786247437601,-3.5282301913601044,-9.490557271314772,-6.764168036663136,-3.518526771518099,-9.493521885683151,-7.041030123268817,-3.5229302290211297,-10.470180936503489,-6.06657977229949,-3.532994289318931,-8.609980617132997,0.0006149200281520279,-0.00015399474593190532,0.009979885982048126,0.4640239766520602,-0.00479240966561964,0.8858096758907102,0.9726630188025028,-0.07911418655418857,0.21832910328188262,-0.21761045373444826,0.017699936874421715,0.9758751983015702,-0.08106998383797462,-0.9967084115831022,0.0,49.82561606439561,-60.24170074405814,0.9520953990934178,183.3140991006191,IMPACT
0.00568997161462903,0.1706991484388709,-6.526269361430454,-3.529524521122563,-9.490044459028157,-6.764168036663136,-3.518526771518099,-9.493521885683151,-7.039521621388267,-3.525132068939957,-10.469628286416484,-6.064910603077245,-3.533472864740689,-8.609503614758111,0.000611845416382867,-0.00014228061172483268,0.009980248847698343,0.46410048491001016,-0.003971807524158225,0.8857736531706534,0.9726630188025028,-0.07911418655418857,0.21832910328188262,-0.21761045373444826,0.017699936874421715,0.9758751983015702,-0.08106998383797462,-0.9967084115831022,0.0,49.825493786267046,-60.30356028655421,0.9538593228333152,166.6211744798457,NONE
0.005699971690773964,0.17099915072321892,-6.524782642775821,-3.5307224850755814,-9.489469982011231,-6.764168036663136,-3.518526771518099,-9.493521885683151,-7.039359867668297,-3.5264874159933606,-10.468359145645483,-6.062232882989578,-3.534529358158759,-8.609553565984479,0.0006087530224297973,-0.00013057074328054374,0.009980598034511883,0.46529856413272375,-0.003829496269237481,0.8851455141242875,0.9726630188025028,-0.07911418655418857,0.21832910328188262,-0.21761045373444826,0.017699936874421715,0.9758751983015702,-0.08106998383797462,-0.9967084115831022,0.0,49.749195227512445,-60.3243641795333,0.955525600083666,166.63594605338747,NONE
0.00570997130125761,0.1712991390377283,-6.523295745307254,-3.5319204341274384,-9.488895601851853,-6.764168036663136,-3.518526771518099,-9.493521885683151,-7.039069554611367,-3.527836933707249,-10.467155461770975,-6.059670384415109,-3.5355910632324092,-8.609544862400325,0.0006056430026555814,-0.00011886572713700325,0.009980933526049729,0.4663805572363134,-0.0036924426310286085,0.884576475890786,0.9726630188025028,-0.07911418655418857,0.21832910328188262,-0.21761045373444826,0.017699936874421715,0.9758751983015702,-0.08106998383797462,-0.9967084115831022,0.0,49.68029514157575,-60.343836264315584,0.9571920289340028,166.65072904819755,NONE
0.005719971377402544,0.17159914132207632,-6.521808669024753,-3.533118338475812,-9.488321318550023,-6.764168036663136,-3.518526771518099,-9.493521885683151,-7.038650552558953,-3.5291808479863187,-10.46601790464522,-6.057223223902949,-3.536657720306122,-8.60947690188028,0.0006025150781850565,-0.00010716451477914574,0.009981255352160556,0.46734634697904953,-0.003560415390382335,0.8840671441737816,0.9726630188025028,-0.07911418655418857,0.21832910328188262,-0.21761045373444826,0.017699936874421715,0.9758751983015702,-0.08106998383797462,-0.9967084115831022,0.0,49.61881608922823,-60.361980659222056,0.9588586070265404,166.665523464276,NONE
0.005729971453547478,0.17189914360642433,-6.520321473532962,-3.534316227923024,-9.48774712838045,-6.764168036663136,-3.518526771518099,-9.493521885683151,-7.038102723648187,-3.5305195457255345,-10.464947114617733,-6.054891638559869,-3.537729038194214,-8.609349101744849,0.0005993694046716511,-9.546769291807804e-05,0.00998156349585897,0.4681957548039613,-0.003433091651752221,0.8836181013680399,0.9726630188025028,-0.07911418655418857,0.21832910328188262,-0.21761045373444826,0.017699936874421715,0.9758751983015702,-0.08106998383797462,-0.9967084115831022,0.0,49.56478374376183,-60.37880882791334,0.960525279557169,166.68031862426014,NONE
0.005739971529692411,0.17219914589077234,-6.518834039622592,-3.535514087567914,-9.487173046244296,-6.764168036663136,-3.518526771518099,-9.493521885683151,-7.037425775453006,-3.531853352160533,-10.463943675109341,-6.052675664879887,-3.538804696249009,-8.609160965856962,0.0005962059932886893,-8.3775303101327e-05,0.009981857956050354,0.46892862408243774,-0.0033101638516553067,0.8832298615487518,0.9726630188025028,-0.07911418655418857,0.21832910328188262,-0.21761045373444826,0.017699936874421715,0.9758751983015702,-0.08106998383797462,-0.9967084115831022,0.0,49.518220864854555,-60.39433231318107,0.9621921580441057,166.6951153610094,NONE
0.005749971140176058,0.17249913420528173,-6.517346426898288,-3.5367119174104813,-9.486599053515109,-6.764168036663136,-3.518526771518099,-9.493521885683151,-7.036619630955147,-3.533182570572898,-10.463008052924764,-6.050575485276996,-3.5398844218528764,-8.608912039239586,0.0005930250039880073,-7.208793096947922e-05,0.00998213871906457,0.46954483127530977,-0.0031913577523707687,0.8829028636596086,0.9726630188025028,-0.07911418655418857,0.21832910328188262,-0.21761045373444826,0.017699936874421715,0.9758751983015702,-0.08106998383797462,-0.9967084115831022,0.0,49.47914643456152,-60.408561492109676,0.9638591885788159,166.70991556950878,NONE
0.0057599712163209915,0.17279913648962975,-6.51585863536005,-3.5379097323518875,-9.48602515764347,-6.764168036663136,-3.518526771518099,-9.493521885683151,-7.035684182170814,-3.5345075744474355,-10.462140661604565,-6.048591196817052,-3.5409679075787217,-8.608601964311942,0.0005898261514707942,-6.0404529607538156e-05,0.009982405809795808,0.47004427873988686,-0.0030763491101362117,0.8826374749012484,0.9726630188025028,-0.07911418655418857,0.21832910328188262,-0.21761045373444826,0.017699936874421715,0.9758751983015702,-0.08106998383797462,-0.9967084115831022,0.0,49.44757658017085,-60.42151176730192,0.965526370713512,166.7247371935897,NONE
0.005769971292465925,0.17309913877397776,-6.5143707246125215,-3.5391075174909714,-9.485451366079959,-6.764168036663136,-3.518526771518099,-9.493521885683151,-7.034619299128859,-3.5358286448660246,-10.461341893022796,-6.046723029513015,-3.5420548724683623,-8.608230402969122,0.00058660959498126,-4.8725684835902544e-05,0.009982659214027436,0.47042679505516366,-0.0029648702868276255,0.8824340428827016,0.9726630188025028,-0.07911418655418857,0.21832910328188262,-0.21761045373444826,0.017699936874421715,0.9758751983015702,-0.08106998383797462,-0.9967084115831022,0.0,49.4235303561073,-60.43319471456296,0.9671936436673878,166.7395522156514,NONE
0.005779970902949572,0.17339912708848715,-6.512882575446414,-3.540305287728894,-9.484877678824576,-6.764168036663136,-3.518526771518099,-9.493521885683151,-7.033424761083842,-3.5371461670284274,-10.460612019614603,-6.044970955425708,-3.543144998564215,-8.607797110321137,0.0005833754971569954,-3.7051981599790784e-05,0.009982898920166563,0.4706922884086358,-0.0028565864456132073,0.8822928139492698,0.9726630188025028,-0.07911418655418857,0.21832910328188262,-0.21761045373444826,0.017699936874421715,0.9758751983015702,-0.08106998383797462,-0.9967084115831022,0.0,49.40702054862564,-60.44362869490416,0.9688611245698073,166.75439365045122,NONE
0.005789970979094505,0.17369912937283516,-6.511394247466373,-3.5415030281644944,-9.484304088426741,-6.764168036663136,-3.518526771518099,-9.493521885683151,-7.032100551683618,-3.538460423968812,-10.45995122657499,-6.043335102436788,-3.5442380031531977,-8.607301905749678,0.000580123567892092,-2.538237422416454e-05,0.009983124949390543,0.47084069011753776,-0.0027512281830406743,0.8822139622977672,0.9726630188025028,-0.07911418655418857,0.21832910328188262,-0.21761045373444826,0.017699936874421715,0.9758751983015702,-0.08106998383797462,-0.9967084115831022,0.0,49.398056517988486,-60.45282841384201,0.9705287558933176,166.76923204393563,NONE
0.005799971055239439,0.17399913165718317,-6.509905800277042,-3.5427007387977723,-9.483730594886454,-6.520340372550861,-3.538359156355141,-9.43879103416328,-7.030646632147315,-3.5397717382235974,-10.459359652391115,-6.04181561858893,-3.545333596309648,-8.606744664769636,0.0005768539691179359,-1.3717447839145004e-05,0.009983337289559765,0.4708719112182785,-0.0026485038505002223,0.8821976131530849,0.9664794829137977,-0.10477279022151464,0.23439298525313573,-0.23302771398569547,0.02526175074054832,0.9721419281484176,-0.10777519947223067,-0.9941752895635261,0.0,48.5362194468172,-61.4595962549263,0.9715214522544375,169.8579514548731,NONE
0.005809971131384373,0.17429913394153118,-6.508417114669132,-3.543898434529889,-9.483157205654296,-6.520340372550861,-3.538359156355141,-9.43879103416328,-7.02906275741206,-3.5410804876419544,-10.458837391338559,-6.040412497801727,-3.5464314666833756,-8.606125316785224,0.0005735667124479941,-2.057243879109591e-06,0.009983535939919835,0.4707858379096826,-0.0025480852578196322,0.8822438450253972,0.9664794829137977,-0.10477279022151464,0.23439298525313573,-0.23302771398569547,0.02526175074054832,0.9721419281484176,-0.10777519947223067,-0.9941752895635261,0.0,48.54255543750561,-61.466173598731395,0.97322012068852,169.87249529811336,NONE
0.005819970741868019,0.17459912225604057,-6.506928309851932,-3.5450961004596833,-9.482583913279685,-6.520340372550861,-3.538359156355141,-9.43879103416328,-7.02734900692302,-3.5423869873181646,-10.458384410120493,-6.03912589502815,-3.5475313027426933,-8.605443877578871,0.0005702619640924307,9.597653667435517e-06,0.009983720891647896,0.47058243423565216,-0.0024496740116804055,0.88235263454363,0.9664794829137977,-0.10477279022151464,0.23439298525313573,-0.23302771398569547,0.02526175074054832,0.9721419281484176,-0.10777519947223067,-0.9941752895635261,0.0,48.55642186298179,-61.471198979094545,0.9749188785107332,169.88705948413087,NONE
0.005829970818012953,0.17489912454038858,-6.505345389300632,-3.546110988746274,-9.48247975416294,-6.520340372550861,-3.538359156355141,-9.43879103416328,-7.026022964758416,-3.5437704969203216,-10.458144161314372,-6.037312068345928,-3.5482148399847384,-8.605462048503343,0.0005669394275509779,2.1248288769150285e-05,0.009983892160964654,0.47081471257737534,-0.002116353840198454,0.8822295775290617,0.9664794829137977,-0.10477279022151464,0.23439298525313573,-0.23302771398569547,0.02526175074054832,0.9721419281484176,-0.10777519947223067,-0.9941752895635261,0.0,48.544135740272125,-61.499203833233224,0.976579485590511,161.0638629775467,NONE
0.0058399708941578865,0.1751991268247366,-6.503930255824375,-3.546841264854062,-9.481769490314635,-6.520340372550861,-3.538359156355141,-9.43879103416328,-7.02557031247239,-3.544420188235718,-10.456919448299049,-6.035031767462711,-3.5490175531817725,-8.605214219304525,0.0005635992683294163,3.2894077245936095e-05,0.009984049738500402,0.47168502143318053,-0.0021892214028833012,0.881764394759297,0.9664794829137977,-0.10477279022151464,0.23439298525313573,-0.23302771398569547,0.02526175074054832,0.9721419281484176,-0.10777519947223067,-0.9941752895635261,0.0,48.48755922393418,-61.50409612681064,0.9781901769900649,161.07875944284726,NONE
0.00584997097030282,0.1754991291090846,-6.502514943534183,-3.54757154096185,-9.48105933822504,-6.520340372550861,-3.538359156355141,-9.43879103416328,-7.024986787450278,-3.5450690039799064,-10.455763683394542,-6.0328687675904975,-3.5498210534234556,-8.60490462536349,0.0005602414982918383,4.453497773137217e-05,0.009984193623695205,0.4724371523141812,-0.002262880687404309,0.881361456205263,0.9664794829137977,-0.10477279022151464,0.23439298525313573,-0.23302771398569547,0.02526175074054832,0.9721419281484176,-0.10777519947223067,-0.9941752895635261,0.0,48.43855610927131,-61.507525005380685,0.979801015014159,161.0936573792359,NONE
0.005859970580786467,0.175799117423594,-6.501063093596744,-3.5482584844928864,-9.480532537473353,-6.520340372550861,-3.538359156355141,-9.43879103416328,-7.02439283965843,-3.5457693025512578,-10.454776568365517,-6.030645755595806,-3.5504959922049797,-8.604791597799013,0.0005568662872116465,5.617040722747815e-05,0.009984323810496916,0.4732128971726777,-0.002250804597010464,0.8809452240792881,0.9664794829137977,-0.10477279022151464,0.23439298525313573,-0.23302771398569547,0.02526175074054832,0.9721419281484176,-0.10777519947223067,-0.9941752895635261,0.0,48.38869402002607,-61.51775283443942,0.9813996495822561,159.64731793444054,NONE
0.0058699706569314,0.176099119707942,-6.499605163985538,-3.548938126454938,-9.480036403311404,-6.520340372550861,-3.538359156355141,-9.43879103416328,-7.023687397012004,-3.5464782411722693,-10.453875924412868,-6.0285114208738335,-3.5511492996113825,-8.60465907457332,0.0005534733322109826,6.780140793596112e-05,0.009984440310168409,0.4738933219705576,-0.0022243135424348526,0.8805794523045463,0.9664794829137977,-0.10477279022151464,0.23439298525313573,-0.23302771398569547,0.02526175074054832,0.9721419281484176,-0.10777519947223067,-0.9941752895635261,0.0,48.34506705269094,-61.52794775485416,0.9829962069910412,159.6621798113151,NONE
0.005879970733076334,0.17639912199229002,-6.4981470555603975,-3.549617768416989,-9.479540373457583,-6.520340372550861,-3.538359156355141,-9.43879103416328,-7.022850456595446,-3.5471874579214555,-10.45304542501196,-6.0264949490014645,-3.5518023570103727,-8.604463696985432,0.0005500628023607822,7.942739666055378e-05,0.009984543116110783,0.4744550036161813,-0.002197570994722481,0.8802770133459651,0.9664794829137977,-0.10477279022151464,0.23439298525313573,-0.23302771398569547,0.02526175074054832,0.9721419281484176,-0.10777519947223067,-0.9941752895635261,0.0,48.30907945775413,-61.53674678757689,0.9845929127707311,159.67704692540147,NONE
0.00588997034355998,0.1766991103067994,-6.496688768321323,-3.5502973954778794,-9.47904444046131,-6.520340372550861,-3.538359156355141,-9.43879103416328,-7.02188200226579,-3.5478973529340525,-10.45228539607481,-6.024596354489493,-3.5524547764275622,-8.60420515792753,0.0005466348701003636,9.104779116831105e-05,0.009984632224349962,0.47489792751252247,-0.0021702016635761073,0.8800382086415627,0.9664794829137977,-0.10477279022151464,0.23439298525313573,-0.23302771398569547,0.02526175074054832,0.9721419281484176,-0.10777519947223067,-0.9941752895635261,0.0,48.28074272011689,-61.54417138415977,0.9861897671064526,159.6919373162033,NONE
0.005899970419704914,0.17699911259114742,-6.4952303618729585,-3.5509770225387696,-9.478548611773165,-6.520340372550861,-3.538359156355141,-9.43879103416328,-7.020781811832248,-3.548608290620254,-10.45159625368158,-6.022815950246449,-3.553106258592962,-8.603883097536007,0.0005431892277802902,0.00010266363229597171,0.009984707642430177,0.4752218388503803,-0.0021418895108133162,0.8798634076883677,0.9664794829137977,-0.10477279022151464,0.23439298525313573,-0.23302771398569547,0.02526175074054832,0.9721419281484176,-0.10777519947223067,-0.9941752895635261,0.0,48.26008175556375,-61.550236897373736,0.9877867122064146,159.70682346695477,NONE
0.005909970495849848,0.17729911487549543,-6.4937514514267916,-3.551632465015042,-9.478154148234042,-6.520340372550861,-3.538359156355141,-9.43879103416328,-7.019617488657533,-3.5493494882570786,-10.451032018150455,-6.021054259568661,-3.5536846163733036,-8.60364124081724,0.0005397260471390673,0.00011427433760748091,0.009984769365830606,0.4755062995661298,-0.0020643467220118894,0.8797098939681975,0.9664794829137977,-0.10477279022151464,0.23439298525313573,-0.23302771398569547,0.02526175074054832,0.9721419281484176,-0.10777519947223067,-0.9941752895635261,0.0,48.24235567021576,-61.559573977267206,0.9893771808332783,158.61446668272626,NONE
0.0059199705719947815,0.17759911715984344,-6.492260024005222,-3.552272797713864,-9.477822880519541,-6.520340372550861,-3.538359156355141,-9.43879103416328,-7.018363035229162,-3.5501105937442277,-10.450572898419226,-6.019349817932068,-3.5542163872828993,-8.60342489835937,0.0005362453404774741,0.00012587986586078576,0.009984817394331602,0.475720579665283,-0.0019551397803197895,0.879594285742789,0.9664794829137977,-0.10477279022151464,0.23439298525313573,-0.23302771398569547,0.02526175074054832,0.9721419281484176,-0.10777519947223067,-0.9941752895635261,0.0,48.22940791735269,-61.57047521271472,0.9909633511085261,158.6293302069203,NONE
0.005929970182478428,0.17789910547435284,-6.490768358165073,-3.552913115511525,-9.477491709662589,-6.520340372550861,-3.538359156355141,-9.43879103416328,-7.0169764738921865,-3.5508738066692245,-10.450185140827365,-6.017763674411324,-3.5547462355360913,-8.603144592910702,0.0005327472837803897,0.00013747963587271955,0.009984851726730354,0.4758156188004109,-0.0018440137461269712,0.8795431180555543,0.9664794829137977,-0.10477279022151464,0.23439298525313573,-0.23302771398569547,0.02526175074054832,0.9721419281484176,-0.10777519947223067,-0.9941752895635261,0.0,48.2241670834568,-61.58008085569883,0.9925497275464732,158.6442095084149,NONE
0.005939970258623362,0.17819910775870085,-6.4892765135109896,-3.553553433309186,-9.477160650564345,-6.520340372550861,-3.538359156355141,-9.43879103416328,-7.015457669683802,-3.55163950285725,-10.449868920616371,-6.016296063506349,-3.555273851602039,-8.602800195243628,0.0005292315630523357,0.00014907468660723663,0.009984872365612501,0.4757912410368823,-0.0017306422594233761,0.879556535891783,0.9664794829137977,-0.10477279022151464,0.23439298525313573,-0.23302771398569547,0.02526175074054832,0.9721419281484176,-0.10777519947223067,-0.9941752895635261,0.0,48.22664813689254,-61.58840957500409,0.9941362506089604,158.65910567091882,NONE
0.005949970334768295,0.17849911004304886,-6.4877681583703035,-3.5541740890246514,-9.476911138070735,-6.520340372550861,-3.538359156355141,-9.43879103416328,-7.013861291537306,-3.5524315916513136,-10.449667340726965,-6.014866831611357,-3.5557404073583747,-8.602507596477466,0.0005256983535792773,0.0001606644366709538,0.009984879309228279,0.4757116475837853,-0.0015756265271717612,0.8795998782140477,0.9664794829137977,-0.10477279022151464,0.23439298525313573,-0.23302771398569547,0.02526175074054832,0.9721419281484176,-0.10777519947223067,-0.9941752895635261,0.0,48.23302497545467,-61.599234850513,0.995717556714693,157.8332427076388,NONE
0.005959970410913229,0.17879911232739687,-6.486250862532901,-3.5547839786511544,-9.476706165147933,-6.520340372550861,-3.538359156355141,-9.43879103416328,-7.0121621032667765,-3.5532397860651046,-10.44956105320049,-6.013513037571508,-3.5561720422404246,-8.602213915962961,0.0005221476679108564,0.000172248844896637,0.009984872557552602,0.47554717414060405,-0.001396312464438082,0.8796891129702515,0.9664794829137977,-0.10477279022151464,0.23439298525313573,-0.23302771398569547,0.02526175074054832,0.9721419281484176,-0.10777519947223067,-0.9941752895635261,0.0,48.245071385660566,-61.61087447816433,0.9972959360642211,157.84811916296354,NONE
0.005969970021396875,0.17909910064190626,-6.4847333878815645,-3.5553938608270768,-9.476501289082679,-6.520340372550861,-3.538359156355141,-9.43879103416328,-7.010330495008389,-3.5540514716424996,-10.449526227015891,-6.012277935356131,-3.5566005247928123,-8.601856183285243,0.0005185796855674009,0.00018382733118402843,0.009984852112153737,0.4752631236439321,-0.0012138348334822802,0.8798428779669755,0.9664794829137977,-0.10477279022151464,0.23439298525313573,-0.23302771398569547,0.02526175074054832,0.9721419281484176,-0.10777519947223067,-0.9941752895635261,0.0,48.26485352246189,-61.621296623834816,0.9988744647503989,157.8630034964973,NONE
0.005979970097541809,0.17939910292625427,-6.483246609622287,-3.555899807403672,-9.476221303714427,-6.520340372550861,-3.538359156355141,-9.43879103416328,-7.008749695273963,-3.554698925820939,-10.449297208113837,-6.010875672323414,-3.5569792712057104,-8.601530384527752,0.0005149940862253943,0.00019540093256404257,0.009984817970658656,0.4751781061669281,-0.001085878754652908,0.8798889636124219,0.9664794829137977,-0.10477279022151464,0.23439298525313573,-0.23302771398569547,0.02526175074054832,0.9721419281484176,-0.10777519947223067,-0.9941752895635261,0.0,48.271361999823625,-61.629989987290614,1.0004300414744574,150.9852032403929,NONE
0.005989970173686743,0.17969910521060228,-6.481803879195499,-3.5562165241342667,-9.475870046092185,-6.520340372550861,-3.538359156355141,-9.43879103416328,-7.00772939886413,-3.555074588414879,-10.44871777035988,-6.009053219002538,-3.557243001924465,-8.601384236381808,0.0005113910487082799,0.00020696906872013425,0.00998477013408866,0.47556008564837715,-0.0010325778617077258,0.8796826352276528,0.9664794829137977,-0.10477279022151464,0.23439298525313573,-0.23302771398569547,0.02526175074054832,0.9721419281484176,-0.10777519947223067,-0.9941752895635261,0.0,48.2471565123271,-61.63869224824339,1.0019399264495679,151.00030451116854,NONE
0.005999969784170389,0.17999909352511168,-6.480360910350131,-3.5565332334142807,-9.47551888532749,-6.520340372550861,-3.538359156355141,-9.43879103416328,-7.006576269463214,-3.5554549315367434,-10.448209938009322,-6.007349715568924,-3.557502511202539,-8.601173906576786,0.0005077707551814133,0.00021853116038639953,0.009984708606090523,0.47582216852109077,-0.0009750379360931455,0.8795409673488267,0.9664794829137977,-0.10477279022151464,0.23439298525313573,-0.23302771398569547,0.02526175074054832,0.9721419281484176,-0.10777519947223067,-0.9941752895635261,0.0,48.230714037872865,-61.64626244473224,1.003450018367996,151.01541758301508,NONE
0.006009969860315323,0.1802990958094597,-6.478917822295474,-3.5568499501448754,-9.475167836321505,-6.520340372550861,-3.538359156355141,-9.43879103416328,-7.005290320305766,-3.555840333347904,-10.447773935871096,-6.005765376491794,-3.557757487409108,-8.60089922132926,0.0005041328805873424,0.00023008824310472573,0.009984633380572112,0.4759642589590342,-0.000912930505335266,0.879464149781826,0.9664794829137977,-0.10477279022151464,0.23439298525313573,-0.23302771398569547,0.02526175074054832,0.9721419281484176,-0.10777519947223067,-0.9941752895635261,0.0,48.22204688534293,-61.65272008584902,1.004960200084918,151.03053128517905,NONE
0.006019969936460257,0.1805990980938077,-6.477474495822238,-3.5571666743260506,-9.474816884173068,-6.520340372550861,-3.538359156355141,-9.43879103416328,-7.003871303066894,-3.556231201313089,-10.447409901360428,-6.004300198622944,-3.558007564277063,-8.60056002882197,0.0005004776063958116,0.00024163973738774053,0.00998454446063307,0.4759862402114049,-0.0008458871257020079,0.8794523202564092,0.9664794829137977,-0.10477279022151464,0.23439298525313573,-0.23302771398569547,0.02526175074054832,0.9721419281484176,-0.10777519947223067,-0.9941752895635261,0.0,48.22116736166351,-61.6580886019415,1.0064705903063924,151.04567580657366,NONE
0.00602997001260519,0.1808991003781557,-6.476030990535068,-3.5574833910566452,-9.474466036332759,-6.520340372550861,-3.538359156355141,-9.43879103416328,-7.002319173405315,-3.556627875947732,-10.447117910095294,-6.002954335003261,-3.558252407423827,-8.600156275230313,0.0004968049455901892,0.00025318560220399274,0.00998444184658898,0.4758880182866926,-0.0007735864171881934,0.8795055404118951,0.9664794829137977,-0.10477279022151464,0.23439298525313573,-0.23302771398569547,0.02526175074054832,0.9721419281484176,-0.10777519947223067,-0.9941752895635261,0.0,48.2280842428536,-61.66238923803691,1.0079811281181534,151.0608243350006,NONE
0.006039969623088837,0.1811990886926651,-6.474615141803073,-3.5577647398811463,-9.474017749799403,-6.520340372550861,-3.538359156355141,-9.43879103416328,-7.0007808971083705,-3.5569349985808647,-10.446735879753872,-6.001648535527275,-3.5585105883574566,-8.599648431483423,0.0004931150838527093,0.00026472525942959656,0.009984325544857314,0.47577731503861675,-0.000750280845996168,0.879565451557357,0.9664794829137977,-0.10477279022151464,0.23439298525313573,-0.23302771398569547,0.02526175074054832,0.9721419281484176,-0.10777519947223067,-0.9941752895635261,0.0,48.23541220805152,-61.6628102141212,1.0094840697887069,149.84189216270465,NONE
0.00604996969923377,0.1814990909770131,-6.47318832581644,-3.5579956259232643,-9.47365213490835,-6.520340372550861,-3.538359156355141,-9.43879103416328,-6.99928600165172,-3.5572267980978114,-10.446407137595683,-6.00028291568571,-3.5586867197159493,-8.599249671958479,0.0004894076897361322,0.00027625974253676954,0.009984195544313049,0.47571575522190945,-0.0006952007705420538,0.8795987931605733,0.9664794829137977,-0.10477279022151464,0.23439298525313573,-0.23302771398569547,0.02526175074054832,0.9721419281484176,-0.10777519947223067,-0.9941752895635261,0.0,48.23982527493838,-61.66624763704381,1.0109729463063033,147.7424223260067,IMPACT
0.006059969775378704,0.18179909326136112,-6.471775218898105,-3.5581355627280358,-9.473290021790179,-6.520340372550861,-3.538359156355141,-9.43879103416328,-6.997996414613053,-3.557411209885508,-10.44597824489254,-5.998758777637535,-3.5587866782790236,-8.598947586528071,0.0004856827735552293,0.000287788414783772,0.009984051712847542,0.47582744617881795,-0.0006549849492929749,0.879538408744985,0.9664794829137977,-0.10477279022151464,0.23439298525313573,-0.23302771398569547,0.02526175074054832,0.9721419281484176,-0.10777519947223067,-0.9941752895635261,0.0,48.232944257161115,-61.67067051191293,1.0124382234942964,146.28811856320294,NONE
0.006069969851523638,0.18209909554570913,-6.470370337420749,-3.5582650538188103,-9.47289922393671,-6.520340372550861,-3.538359156355141,-9.43879103416328,-6.9966173511026355,-3.5575746296037787,-10.445573503834169,-5.997330688575724,-3.5588856711710073,-8.598569322121024,0.0004819405235797917,0.00029931129280670447,0.00998389418903612,0.47585079167948136,-0.0006243055082040538,0.8795258008157826,0.9664794829137977,-0.10477279022151464,0.23439298525313573,-0.23302771398569547,0.02526175074054832,0.9721419281484176,-0.10777519947223067,-0.9941752895635261,0.0,48.23168493095888,-61.67328925637372,1.0139011800364806,146.30342124356022,NONE
0.006079969462007284,0.18239908386021852,-6.468965277129459,-3.558394544909585,-9.472508530391368,-6.520340372550861,-3.538359156355141,-9.43879103416328,-6.995104809193658,-3.557745800505717,-10.445240982198493,-5.996022242736138,-3.558977696579841,-8.598126338265226,0.0004781811281866012,0.00031082779938164346,0.00998372298142432,0.4757536030750097,-0.0005866171781542667,0.8795784018729842,0.9664794829137977,-0.10477279022151464,0.23439298525313573,-0.23302771398569547,0.02526175074054832,0.9721419281484176,-0.10777519947223067,-0.9941752895635261,0.0,48.23825656031897,-61.67496800525419,1.0153642849495714,146.31874387215208,NONE
0.006089969538152218,0.18269908614456654,-6.467544660025882,-3.558507503162015,-9.472197572959574,-6.520340372550861,-3.538359156355141,-9.43879103416328,-6.993511006779999,-3.557942764147151,-10.445023731130043,-5.9947573006599475,-3.559015142993377,-8.597731148858605,0.00047440425137718447,0.00032233896646514807,0.009983538075293672,0.47559700291430995,-0.0005106565934410306,0.8796631344149701,0.9664794829137977,-0.10477279022151464,0.23439298525313573,-0.23302771398569547,0.02526175074054832,0.9721419281484176,-0.10777519947223067,-0.9941752895635261,0.0,48.24896702209095,-61.67883076432291,1.0168220034252649,145.32537465212374,NONE
0.0060999696142971516,0.18299908842891455,-6.466139301711368,-3.558574021945584,-9.471854041589411,-6.520340372550861,-3.538359156355141,-9.43879103416328,-6.991966707238574,-3.558071597523871,-10.444755340815066,-5.993476835613194,-3.559025647638157,-8.597320073735347,0.00047061008083677385,0.00033384421660039807,0.00998333947864301,0.47547136744065704,-0.00045430957823153206,0.879731079561771,0.9664794829137977,-0.10477279022151464,0.23439298525313573,-0.23302771398569547,0.02526175074054832,0.9721419281484176,-0.10777519947223067,-0.9941752895635261,0.0,48.25752204072179,-61.681579693306844,1.0182677441043229,143.77048847382588,NONE
0.006109969224780798,0.18329907674342394,-6.464742407256412,-3.558585056255448,-9.471515293491992,-6.520340372550861,-3.538359156355141,-9.43879103416328,-6.9905052883111445,-3.5581370727318435,-10.444451490313,-5.992137941741627,-3.5589877454169723,-8.59694995644091,0.000466798807566758,0.000345342973460993,0.009983127202095576,0.4754130221759603,-0.0004050822310136537,0.8797626351771858,0.9664794829137977,-0.10477279022151464,0.23439298525313573,-0.23302771398569547,0.02526175074054832,0.9721419281484176,-0.10777519947223067,-0.9941752895635261,0.0,48.261680094683186,-61.684609216495105,1.0196983702080686,142.85316409039,NONE
0.006119969300925732,0.18359907902777195,-6.463339671546268,-3.5585901151996735,-9.471206422222766,-6.520340372550861,-3.538359156355141,-9.43879103416328,-6.988929289687626,-3.558218002064167,-10.44423626025579,-5.99089095081591,-3.5589246050160033,-8.596556911760914,0.00046297009087056183,0.0003568362674023086,0.00998290122721495,0.4752563518436742,-0.00033647759611225847,0.8798473088070845,0.9664794829137977,-0.10477279022151464,0.23439298525313573,-0.23302771398569547,0.02526175074054832,0.9721419281484176,-0.10777519947223067,-0.9941752895635261,0.0,48.272333748898845,-61.68790943597669,1.0211270127904282,142.86854134179234,NONE
0.006129969377070665,0.18389908131211996,-6.461954340392398,-3.558569939027417,-9.47083939917198,-6.520340372550861,-3.538359156355141,-9.43879103416328,-6.987326596555948,-3.558247375815737,-10.443986633291944,-5.989701004777739,-3.55885988877424,-8.59608436221345,0.0004591241210597313,0.00036832352186007874,0.009982661564077682,0.47505980560867117,-0.0002916728373822952,0.8799534624183303,0.9664794829137977,-0.10477279022151464,0.23439298525313573,-0.23302771398569547,0.02526175074054832,0.9721419281484176,-0.10777519947223067,-0.9941752895635261,0.0,48.285365948148836,-61.68891265948403,1.022549820642352,141.24902253696456,SLIDING
0.006139969453215599,0.18419908359646797,-6.460565909797,-3.55849870402633,-9.47052535719982,-6.520340372550861,-3.538359156355141,-9.43879103416328,-6.985787101529091,-3.5582412691955643,-10.443754150624866,-5.988448364911319,-3.5587301103408167,-8.595697007169608,0.00045526091179572006,0.0003798046960313691,0.009982408213535517,0.47492320791322473,-0.00023278149773919843,0.8800272111691697,0.9664794829137977,-0.10477279022151464,0.23439298525313573,-0.23302771398569547,0.02526175074054832,0.9721419281484176,-0.10777519947223067,-0.9941752895635261,0.0,48.29464527832924,-61.69171863595232,1.0239578560717781,140.49182931897352,NONE
0.0061499690636992455,0.18449907191097736,-6.459186658316898,-3.558412634919274,-9.470182153655204,-6.520340372550861,-3.538359156355141,-9.43879103416328,-6.984176901713553,-3.558211852929686,-10.443535560642436,-5.987276711225894,-3.5585931164030256,-8.595241789391817,0.00045138065756968515,0.000391279214815958,0.009982141188981622,0.4747143764226951,-0.00018155403492356448,0.880139891071723,0.9664794829137977,-0.10477279022151464,0.23439298525313573,-0.23302771398569547,0.02526175074054832,0.9721419281484176,-0.10777519947223067,-0.9941752895635261,0.0,48.30851824918843,-61.69305909583205,1.025362301131949,139.99556517495657,SLIDING
0.006159969139844179,0.18479907419532537,-6.457809552604007,-3.5582886572581414,-9.469857874585303,-6.520340372550861,-3.538359156355141,-9.43879103416328,-6.982583897812012,-3.5581488680630753,-10.443327708704075,-5.986093674839175,-3.558414312758367,-8.594812854812265,0.0004474830114384956,0.00040274810638174713,0.009981860467023146,0.4745191537965891,-0.00012640223585327903,0.8802451685199095,0.9664794829137977,-0.10477279022151464,0.23439298525313573,-0.23302771398569547,0.02526175074054832,0.9721419281484176,-0.10777519947223067,-0.9941752895635261,0.0,48.3215439010285,-61.694863620862435,1.0267562648030282,138.89350602667503,NONE
0.006169969215989113,0.18509907647967339,-6.456435188704776,-3.5581436838608864,-9.469537350608023,-6.520340372550861,-3.538359156355141,-9.43879103416328,-6.980941901574645,-3.5580692609291646,-10.443151418647517,-5.984959883720331,-3.5582105820979737,-8.594362680002893,0.00044356816720534503,0.00041421079538410963,0.009981566060506512,0.47427715135919735,-6.729579467106006e-05,0.8803755898307727,0.9664794829137977,-0.10477279022151464,0.23439298525313573,-0.23302771398569547,0.02526175074054832,0.9721419281484176,-0.10777519947223067,-0.9941752895635261,0.0,48.33761421542896,-61.696396716965715,1.028144498618234,138.29947634750783,SLIDING
0.0061799692921340466,0.1853990787640214,-6.455067142897891,-3.5579614799123886,-9.469218093229445,-6.520340372550861,-3.538359156355141,-9.43879103416328,-6.979319291986247,-3.5579488960712977,-10.442969260051147,-5.9838206634624465,-3.5579727914364754,-8.593920185516822,0.00043963613877638717,0.00042566724110737665,0.00998125797047795,0.4740469659637147,-1.137874532282368e-05,0.8804995593020593,0.9664794829137977,-0.10477279022151464,0.23439298525313573,-0.23302771398569547,0.02526175074054832,0.9721419281484176,-0.10777519947223067,-0.9941752895635261,0.0,48.352895153252305,-61.69783164714243,1.0295224284962305,137.71568205526086,SLIDING
0.006189968902617693,0.1856990670785308,-6.4537023157418245,-3.557753578911412,-9.468903179539355,-6.520340372550861,-3.538359156355141,-9.43879103416328,-6.977669000204692,-3.557805562844403,-10.442807980708032,-5.98271243840138,-3.5577068509286045,-8.593467171019215,0.00043568712412141093,0.00043711686971068615,0.009980936213099369,0.47378883895395824,4.7005674189873337e-05,0.8806384808041986,0.9664794829137977,-0.10477279022151464,0.23439298525313573,-0.23302771398569547,0.02526175074054832,0.9721419281484176,-0.10777519947223067,-0.9941752895635261,0.0,48.36999372793507,-61.69911254365551,1.030893537132247,136.82066219040527,SLIDING
0.006199968978762627,0.1859990693628788,-6.452342614585208,-3.5575171049338463,-9.46858819879404,-6.520340372550861,-3.538359156355141,-9.43879103416328,-6.97600477643241,-3.557633197489497,-10.442656768064587,-5.981626470429818,-3.5574127501720505,-8.59300498030712,0.00043172077007037386,0.00044856070711483785,0.009980600760023054,0.4735134790488529,0.00010497491306969697,0.8807865655987943,0.9664794829137977,-0.10477279022151464,0.23439298525313573,-0.23302771398569547,0.02526175074054832,0.9721419281484176,-0.10777519947223067,-0.9941752895635261,0.0,48.388196197313555,-61.7001515189546,1.0322567136417593,135.96217441537988,SLIDING
0.00620996905490756,0.1862990716472268,-6.450987204963016,-3.5572517823082093,-9.468276108873996,-6.520340372550861,-3.538359156355141,-9.43879103416328,-6.9743287298904715,-3.5574325353216287,-10.442516975643446,-5.980559279024508,-3.557089304726821,-8.592538013406763,0.00042773727390747876,0.0004599981792282138,0.009980251626864785,0.4732235480314113,0.00016344314038459207,0.8809423629698497,0.9664794829137977,-0.10477279022151464,0.23439298525313573,-0.23302771398569547,0.02526175074054832,0.9721419281484176,-0.10777519947223067,-0.9941752895635261,0.0,48.4073379320461,-61.70105063598093,1.033612042328782,135.11754751538064,SLIDING
0.006219969131052494,0.18659907393157482,-6.449636086875247,-3.5569594885808113,-9.467967476023349,-6.520340372550861,-3.538359156355141,-9.43879103416328,-6.972634620949236,-3.557206534420969,-10.442392497866257,-5.979516472943578,-3.5567374208551263,-8.592063844887473,0.00042373664978254426,0.0004714292454243787,0.009979888814864888,0.47291340381221847,0.0002233874123060975,0.8811088823708484,0.9664794829137977,-0.10477279022151464,0.23439298525313573,-0.23302771398569547,0.02526175074054832,0.9721419281484176,-0.10777519947223067,-0.9941752895635261,0.0,48.42778953887766,-61.70181538702925,1.0349595871854298,134.38132371314566,SLIDING
0.0062299687415361404,0.1868990622460842,-6.448289141112613,-3.5566394861441735,-9.467661674393328,-6.520340372550861,-3.538359156355141,-9.43879103416328,-6.970926400200592,-3.5569538388496458,-10.442280496017517,-5.978494274662783,-3.5563569167622213,-8.591583838030441,0.00041971909913241987,0.00048285333315538587,0.009979512342953335,0.4725867264465759,0.0002842486130592292,0.8812841228509881,0.9664794829137977,-0.10477279022151464,0.23439298525313573,-0.23302771398569547,0.02526175074054832,0.9721419281484176,-0.10777519947223067,-0.9941752895635261,0.0,48.449308895875994,-61.70244844967443,1.036299532838406,133.61394519466148,SLIDING
0.006239968817681074,0.18719906453043222,-6.446946486884403,-3.556292579661,-9.467358569873484,-6.520340372550861,-3.538359156355141,-9.43879103416328,-6.969201830047874,-3.5566755926979168,-10.442182072209654,-5.9774949219073035,-3.5559482920018293,-8.591096747493376,0.00041568426258095084,0.0004942714660354378,0.009979122177829291,0.47224138482884337,0.0003463336648037024,0.8814692022458467,0.9664794829137977,-0.10477279022151464,0.23439298525313573,-0.23302771398569547,0.02526175074054832,0.9721419281484176,-0.10777519947223067,-0.9941752895635261,0.0,48.47203498298414,-61.702947351000205,1.0376318798156792,132.8682433097345,SLIDING
0.006249968893826008,0.18749906681478024,-6.445607766562747,-3.555918664823163,-9.4670582071673,-6.520340372550861,-3.538359156355141,-9.43879103416328,-6.9674621456887635,-3.556371668028975,-10.442096387262744,-5.976516625269861,-3.55551146350547,-8.590603412496193,0.00041163234088147967,0.0005056830712588029,0.009978718337876473,0.47187881924709657,0.0004096212016689721,0.8816633213174048,0.9664794829137977,-0.10477279022151464,0.23439298525313573,-0.23302771398569547,0.02526175074054832,0.9721419281484176,-0.10777519947223067,-0.9941752895635261,0.0,48.495874196689336,-61.70332826075823,1.038956952350416,132.13902778104662,SLIDING
0.006259968504309654,0.18779905512928963,-6.444273099356937,-3.555518166313756,-9.466760489417227,-6.520340372550861,-3.538359156355141,-9.43879103416328,-6.9657066874913625,-3.556042749683487,-10.44202373021239,-5.975560204054478,-3.5550466221024712,-8.590103389304767,0.0004075635380633977,0.0005170875772685668,0.009978300844100148,0.47149832544613546,0.00047434646715048545,0.881866829003631,0.9664794829137977,-0.10477279022151464,0.23439298525313573,-0.23302771398569547,0.02526175074054832,0.9721419281484176,-0.10777519947223067,-0.9941752895635261,0.0,48.520872995346764,-61.70360067638139,1.0402747024272418,131.4170211413745,SLIDING
0.006269968580454588,0.18809905741363764,-6.442942246848392,-3.555091210792649,-9.466465349568042,-6.520340372550861,-3.538359156355141,-9.43879103416328,-6.963935786475454,-3.555689012925365,-10.441963696654398,-5.974624907978532,-3.5545538507628787,-8.589596914104431,0.0004034774901097614,0.0005284860059100753,0.009977869659485756,0.4711004183318676,0.0005405534107078003,0.8820794202618887,0.9664794829137977,-0.10477279022151464,0.23439298525313573,-0.23302771398569547,0.02526175074054832,0.9721419281484176,-0.10777519947223067,-0.9941752895635261,0.0,48.546997817157916,-61.70377444764165,1.0415853894606055,130.71544391696375,SLIDING
0.006279968656599522,0.18839905969798565,-6.441615209037113,-3.5546380813819054,-9.466172720564517,-6.520340372550861,-3.538359156355141,-9.43879103416328,-6.96214922400694,-3.5553109555712616,-10.441916302336109,-5.973710933570639,-3.5540332396213357,-8.589083845409332,0.0003993744003682096,0.0005398777853640205,0.009977424804492539,0.4706849002077625,0.0006084361666313237,0.8823011699651314,0.9664794829137977,-0.10477279022151464,0.23439298525313573,-0.23302771398569547,0.02526175074054832,0.9721419281484176,-0.10777519947223067,-0.9941752895635261,0.0,48.574262120798785,-61.703862126465,1.0428890588312711,130.02374186629297,SLIDING
0.006289968732744455,0.18869906198233366,-6.440291866713809,-3.554158956895459,-9.465882520450267,-6.520340372550861,-3.538359156355141,-9.43879103416328,-6.960347171687855,-3.5549089207352673,-10.44188127464585,-5.972817900213308,-3.55348481980355,-8.588564272641744,0.00039525428341343643,0.0005512628751663571,0.00997696628070088,0.4702520340354982,0.0006781433008176962,0.8825319057162412,0.9664794829137977,-0.10477279022151464,0.23439298525313573,-0.23302771398569547,0.02526175074054832,0.9721419281484176,-0.10777519947223067,-0.9941752895635261,0.0,48.60264934087018,-61.703878408359934,1.0441858636974057,129.35041088239512,SLIDING
0.006299968343228102,0.18899905029684305,-6.438971981459903,-3.5536540683013085,-9.465594667268904,-6.520340372550861,-3.538359156355141,-9.43879103416328,-6.958529283403632,-3.5544833792610526,-10.441858552245208,-5.971945666295106,-3.5529086066550066,-8.588038095311932,0.0003911173467212201,0.0005626407051108728,0.009976494111881996,0.4698017224326311,0.0007498917171649133,0.8827716461587027,0.9664794829137977,-0.10477279022151464,0.23439298525313573,-0.23302771398569547,0.02526175074054832,0.9721419281484176,-0.10777519947223067,-0.9941752895635261,0.0,48.63216660012893,-61.70383876916849,1.0454760778948415,128.69015298042393,SLIDING
0.006309968419373035,0.18929905258119106,-6.437655553275394,-3.5531236242157105,-9.465309086514624,-6.520340372550861,-3.538359156355141,-9.43879103416328,-6.956695675229656,-3.5540347589534536,-10.441847960550847,-5.9710941274767055,-3.552304611764928,-8.587505328873062,0.00038696322010519296,0.0005740122946324524,0.00997600825607164,0.4693340703585478,0.0008238796135837112,0.8830203007989457,0.9664794829137977,-0.10477279022151464,0.23439298525313573,-0.23302771398569547,0.02526175074054832,0.9721419281484176,-0.10777519947223067,-0.9941752895635261,0.0,48.662807831010106,-61.70375971038482,1.0467597407445197,128.04659899724152,SLIDING
0.006319968495517969,0.18959905486553907,-6.436342462950992,-3.55256781090318,-9.465025681329879,-6.520340372550861,-3.538359156355141,-9.43879103416328,-6.954846284941846,-3.5535634865233483,-10.441849332804225,-5.970263113325222,-3.5516728052623256,-8.586965939301086,0.0003827921103620246,0.0005853770732556006,0.009975508736495282,0.46884912934124945,0.0009003244100108249,0.8832778064300661,0.9664794829137977,-0.10477279022151464,0.23439298525313573,-0.23302771398569547,0.02526175074054832,0.9721419281484176,-0.10777519947223067,-0.9941752895635261,0.0,48.69457052533177,-61.703658516914096,1.0480370096779605,127.41772277867018,SLIDING
0.006329968571662903,0.18989905714988708,-6.4350324720681185,-3.5519868369799736,-9.46474436975828,-6.520340372550861,-3.538359156355141,-9.43879103416328,-6.952980875000513,-3.5530700444161996,-10.441862545533438,-5.969452384632053,-3.551013149620356,-8.586419881957617,0.00037860403230778155,0.0005967350006124706,0.00997499555492743,0.46834690017545727,0.0009794737123065833,0.8835441255122957,0.9664794829137977,-0.10477279022151464,0.23439298525313573,-0.23302771398569547,0.02526175074054832,0.9721419281484176,-0.10777519947223067,-0.9941752895635261,0.0,48.727455644250256,-61.7035541134675,1.0493081561891344,126.80466790920434,SLIDING
0.006339968182146549,0.19019904546439648,-6.433725699836063,-3.5513808738094452,-9.464465047491702,-6.520340372550861,-3.538359156355141,-9.43879103416328,-6.951099620073588,-3.5525548942749166,-10.441887422518354,-5.96866201075511,-3.5503255552721713,-8.58586711717571,0.0003743991968528382,0.000608085507880494,0.009974468737903877,0.4678274330087993,0.0010615900013072055,0.883819193020307,0.9664794829137977,-0.10477279022151464,0.23439298525313573,-0.23302771398569547,0.02526175074054832,0.9721419281484176,-0.10777519947223067,-0.9941752895635261,0.0,48.761461066536384,-61.703467113445484,1.0505731074680202,126.20670716882861,SLIDING
0.006349968258291483,0.1904990477487445,-6.432421788626956,-3.5507501076561097,-9.464187632573756,-6.520340372550861,-3.538359156355141,-9.43879103416328,-6.949202102407116,-3.552018546535357,-10.441923869613596,-5.967891688113432,-3.5496099170870035,-8.585307573955568,0.00037017722766290574,0.0006194296120247655,0.009973928238513266,0.46729067347318287,0.001146966403977781,0.8841029979323946,0.9664794829137977,-0.10477279022151464,0.23439298525313573,-0.23302771398569547,0.02526175074054832,0.9721419281484176,-0.10777519947223067,-0.9941752895635261,0.0,48.79659159295379,-61.70341914057217,1.051832247880073,125.62395958217823,SLIDING
0.006359968334436417,0.1907990500330925,-6.431120738440799,-3.5500947098833207,-9.463912020696315,-6.520340372550861,-3.538359156355141,-9.43879103416328,-6.947288376099329,-3.5514615128103904,-10.441971708318961,-5.967141368078509,-3.5488661005803666,-8.584741214679793,0.00036593833497130764,0.0006307667439470661,0.009973374082745855,0.4667366704861048,0.0012359105857257108,0.884395473161509,0.9664794829137977,-0.10477279022151464,0.23439298525313573,-0.23302771398569547,0.02526175074054832,0.9721419281484176,-0.10777519947223067,-0.9941752895635261,0.0,48.83284547701946,-61.70343411915604,1.0530856198285985,125.05605804248624,SLIDING
0.006369967944920063,0.1910990383476019,-6.429822310859012,-3.5494148444038514,-9.46363812245241,-6.520340372550861,-3.538359156355141,-9.43879103416328,-6.945358130885564,-3.5508842551519755,-10.442030840112524,-5.966410876813688,-3.548094001669869,-8.584167958134783,0.0003616827322561955,0.0006420963358841916,0.009972806299209741,0.46616535908184553,0.0013286921343364372,0.8846966104655913,0.9664794829137977,-0.10477279022151464,0.23439298525313573,-0.23302771398569547,0.02526175074054832,0.9721419281484176,-0.10777519947223067,-0.9941752895635261,0.0,48.870227940673246,-61.703531679679635,1.0543334918702314,124.50276270861421,SLIDING
0.006379968021064997,0.1913990406319499,-6.428518757277774,-3.548746646533597,-9.463448184801253,-6.520340372550861,-3.538359156355141,-9.43879103416328,-6.9435310780686,-3.550233742779038,-10.442116539683102,-5.9655778929234895,-3.547409906433505,-8.58373025217105,0.00035741003858669315,0.0006534194029102456,0.009972224837285031,0.46569199292624275,0.0013446839740631905,0.8849458511962156,0.9664794829137977,-0.10477279022151464,0.23439298525313573,-0.23302771398569547,0.02526175074054832,0.9721419281484176,-0.10777519947223067,-0.9941752895635261,0.0,48.900705257910495,-61.69903046206539,1.0555678607591563,118.0723404724805,SLIDING
0.00638996809720993,0.1916990429162979,-6.4272646755517,-3.5481499444347504,-9.463352064860972,-6.520340372550861,-3.538359156355141,-9.43879103416328,-6.942616104370143,-3.549131868232398,-10.44184253058314,-5.964018989434757,-3.5472673002080746,-8.583794035514666,0.0003531204667658188,0.0006647353769816505,0.009971629725034676,0.4659986261597076,0.0008878895353921779,0.8847849976516544,0.9664794829137977,-0.10477279022151464,0.23439298525313573,-0.23302771398569547,0.02526175074054832,0.9721419281484176,-0.10777519947223067,-0.9941752895635261,0.0,48.877396350929715,-61.668322758973055,1.0567399167132212,117.17582868851262,NONE
0.006399968173354864,0.19199904520064592,-6.4260122627556795,-3.5475514541965607,-9.463249209595832,-6.520340372550861,-3.538359156355141,-9.43879103416328,-6.941576114725498,-3.548045966395527,-10.441628134587814,-5.962575630998531,-3.5471069407440057,-8.583791443408206,0.0003488140320305323,0.0006760442179036038,0.009971020964572589,0.4661907065366509,0.00044715507215274675,0.8846841386569559,0.9664794829137977,-0.10477279022151464,0.23439298525313573,-0.23302771398569547,0.02526175074054832,0.9721419281484176,-0.10777519947223067,-0.9941752895635261,0.0,48.861560559554405,-61.63743064778604,1.057911751045184,117.19178890361425,NONE
0.0064099677838385105,0.19229903351515532,-6.424759730750369,-3.5469530086618546,-9.46314645863882,-6.520340372550861,-3.538359156355141,-9.43879103416328,-6.940401212154844,-3.5469807053963383,-10.44148459688992,-5.96125331845375,-3.54692811226679,-8.583725355358695,0.00034449095127186686,0.0006873453593541025,0.009970398587268814,0.4662609017624263,2.5044347403926914e-05,0.8846472578720118,0.9664794829137977,-0.10477279022151464,0.23439298525313573,-0.23302771398569547,0.02526175074054832,0.9721419281484176,-0.10777519947223067,-0.9941752895635261,0.0,48.85369187907903,-61.60646935814361,1.0590836808250934,117.20777359744835,NONE
0.006419967859983444,0.19259903579950333,-6.423506841117191,-3.546354607830632,-9.463043804539355,-6.520340372550861,-3.538359156355141,-9.43879103416328,-6.939091103688954,-3.5459366703554025,-10.441412009452687,-5.960051862417018,-3.546730288815762,-8.583595674553187,0.0003401508374495272,0.0006986398138345177,0.009969762537561122,0.4662091625104457,-0.0003779135525523447,0.8846744451902382,0.9664794829137977,-0.10477279022151464,0.23439298525313573,-0.23302771398569547,0.02526175074054832,0.9721419281484176,-0.10777519947223067,-0.9941752895635261,0.0,48.853799418949464,-61.57548910032866,1.0602559382259802,117.22377892552208,NONE
0.006429967936128378,0.19289903808385134,-6.422253951484012,-3.545756236801732,-9.462941254748019,-6.520340372550861,-3.538359156355141,-9.43879103416328,-6.93764605836138,-3.5449143587755327,-10.441410425585117,-5.958971700152998,-3.546512994893521,-8.583402367220467,0.00033579390678193977,0.0007099270147358293,0.009969112846274551,0.4660354086706582,-0.0007612552942799639,0.8847657420784044,0.9664794829137977,-0.10477279022151464,0.23439298525313573,-0.23302771398569547,0.02526175074054832,0.9721419281484176,-0.10777519947223067,-0.9941752895635261,0.0,48.861891983910304,-61.54453512793306,1.0614281743002465,117.23980649997009,NONE
0.006439968012273312,0.19319904036819935,-6.421000823432254,-3.5451579104763153,-9.462838809264811,-6.520340372550861,-3.538359156355141,-9.43879103416328,-6.9360657183684715,-3.5439143254060768,-10.441479835570808,-5.9580127005574886,-3.546275760135582,-8.58314544209453,0.0003314201747453003,0.0007212069219655337,0.009968449515716928,0.4657395322909443,-0.0011244927283358824,0.8849211397506089,0.9664794829137977,-0.10477279022151464,0.23439298525313573,-0.23302771398569547,0.02526175074054832,0.9721419281484176,-0.10777519947223067,-0.9941752895635261,0.0,48.87797860139659,-61.513654532068884,1.0626006210357914,117.25585167694662,NONE
0.006449967622756958,0.19349902868270874,-6.419747456961917,-3.5445596288543824,-9.462736460639151,-6.520340372550861,-3.538359156355141,-9.43879103416328,-6.9343499985809265,-3.542937140846298,-10.441620132257317,-5.9571749401526075,-3.5460180716343794,-8.58282498134609,0.00032702986163105877,0.0007324789706757401,0.009967772580018188,0.4653214563944374,-0.00146710989908648,0.8851405480529654,0.9664794829137977,-0.10477279022151464,0.23439298525313573,-0.23302771398569547,0.02526175074054832,0.9721419281484176,-0.10777519947223067,-0.9941752895635261,0.0,48.90206476907583,-61.48289709658081,1.0637732801789817,117.27192446512711,NONE
0.006459967698901892,0.19379903096705675,-6.418485626632022,-3.5439842056137207,-9.462694849146517,-6.520340372550861,-3.538359156355141,-9.43879103416328,-6.932537796034728,-3.5419698665406134,-10.441866928221085,-5.9564078354423655,-3.5457948804926733,-8.58252412246895,0.0003226225743118144,0.0007437441707359748,0.00996708197867706,0.4648237907582679,-0.001821435215266523,0.885401336072445,0.9664794829137977,-0.10477279022151464,0.23439298525313573,-0.23302771398569547,0.02526175074054832,0.9721419281484176,-0.10777519947223067,-0.9941752895635261,0.0,48.93115780555415,-61.4503441215365,1.0649422780472406,115.66097724235318,NONE
0.006469967775046825,0.19409903325140476,-6.417199716025638,-3.543477715144742,-9.46283605254999,-6.520340372550861,-3.538359156355141,-9.43879103416328,-6.930706003941457,-3.5409858497671602,-10.44229341953775,-5.955612613771319,-3.545717634978079,-8.58240888262283,0.00031819853240898377,0.0007550019570049062,0.009966377745278946,0.46433018579530416,-0.002253231052818369,0.8856593032928188,0.9664794829137977,-0.10477279022151464,0.23439298525313573,-0.23302771398569547,0.02526175074054832,0.9721419281484176,-0.10777519947223067,-0.9941752895635261,0.0,48.959373490660255,-61.41204143134866,1.0660989207582485,115.67697912607763,NONE
0.006479967385530472,0.19439902156591415,-6.415923342162418,-3.5429598699909333,-9.462940539492282,-6.520340372550861,-3.538359156355141,-9.43879103416328,-6.928790998630118,-3.5399980912467996,-10.442731152676926,-5.954910301115298,-3.5456221915636097,-8.582213816959873,0.00031375795875599664,0.0007662517657616544,0.009965659916022516,0.46375271310229554,-0.0026781430080047852,0.8859606360557386,0.9664794829137977,-0.10477279022151464,0.23439298525313573,-0.23302771398569547,0.02526175074054832,0.9721419281484176,-0.10777519947223067,-0.9941752895635261,0.0,48.99301458435022,-61.37331064389431,1.0672537628215863,113.07298291869633,SLIDING
0.0064899674616754055,0.19469902385026217,-6.414748176986026,-3.5423444520336274,-9.462710681630286,-6.520340372550861,-3.538359156355141,-9.43879103416328,-6.927368781960394,-3.5387241259299715,-10.442628361572512,-5.953957208746189,-3.545598737082764,-8.581869739705038,0.000309300455675218,0.0007774946048636131,0.009964928426704432,0.46352932057819274,-0.0032736243584726293,0.8860755342226071,0.9664794829137977,-0.10477279022151464,0.23439298525313573,-0.23302771398569547,0.02526175074054832,0.9721419281484176,-0.10777519947223067,-0.9941752895635261,0.0,49.00262476551855,-61.32592461553077,1.0683789338675211,110.51056832108205,NONE
0.006499967537820339,0.19499902613461018,-6.413539990836429,-3.5418225686651352,-9.462743851615103,-6.520340372550861,-3.538359156355141,-9.43879103416328,-6.925973771427411,-3.537428499867153,-10.442756077833415,-5.952916957688696,-3.5457723654471742,-8.581817922723513,0.00030482624533179986,0.00078872991029153,0.009964183312979122,0.4633603874946258,-0.003973269323819764,0.8861610262428101,0.9664794829137977,-0.10477279022151464,0.23439298525313573,-0.23302771398569547,0.02526175074054832,0.9721419281484176,-0.10777519947223067,-0.9941752895635261,0.0,49.00793310043415,-61.27135444989579,1.0694841670041981,110.52674328216796,NONE
0.006509967613965273,0.1952990284189582,-6.412331685477542,-3.5413007300001267,-9.46277713335863,-6.520340372550861,-3.538359156355141,-9.43879103416328,-6.924443241803263,-3.536158928067386,-10.442954141158381,-5.95199829740014,-3.545922658709378,-8.581703083490781,0.00030033534361841615,0.0007999576421372103,0.009963424577493272,0.46306902114434423,-0.004649395543805793,0.8863100274607618,0.9664794829137977,-0.10477279022151464,0.23439298525313573,-0.23302771398569547,0.02526175074054832,0.9721419281484176,-0.10777519947223067,-0.9941752895635261,0.0,49.02127913354359,-61.21715120845525,1.0705894938424603,110.54293599151357,NONE
0.006519967224448919,0.19559901673346758,-6.411123260909366,-3.5407789211374405,-9.462810422552737,-6.520340372550861,-3.538359156355141,-9.43879103416328,-6.92277725760496,-3.5349160359145104,-10.443222307992233,-5.951201169886642,-3.5460490264206417,-8.581525242866878,0.0002958279767464475,0.0008111772382109699,0.009962652259201947,0.4626552798658661,-0.005301424050538711,0.8865224119644542,0.9664794829137977,-0.10477279022151464,0.23439298525313573,-0.23302771398569547,0.02526175074054832,0.9721419281484176,-0.10777519947223067,-0.9941752895635261,0.0,49.04266055161354,-61.16337904063872,1.071694937270161,110.51971280840958,IMPACT
0.006529967300593853,0.1958990190178156,-6.4099589437783235,-3.5402080874544266,-9.462678435517462,-6.520340372550861,-3.538359156355141,-9.43879103416328,-6.921211854355943,-3.5335816873306274,-10.443294671930083,-5.950397386177111,-3.546164510780685,-8.581209566214268,0.00029130374099142525,0.0008223897036360742,0.009961866288969223,0.4622926038946815,-0.005991820690503719,0.8867071931980072,0.9664794829137977,-0.10477279022151464,0.23439298525313573,-0.23302771398569547,0.02526175074054832,0.9721419281484176,-0.10777519947223067,-0.9941752895635261,0.0,49.06047760110815,-61.10734516648177,1.0727913548864105,109.58534474437087,NONE
0.006539967376738787,0.1961990213021636,-6.408797130042362,-3.539634437451947,-9.462536524308833,-6.520340372550861,-3.538359156355141,-9.43879103416328,-6.919525310883831,-3.5322684457460714,-10.443420879535937,-5.949707248220155,-3.5462556743223748,-8.580826644935167,0.0002867628618990607,0.0008335944759180633,0.009961066705206238,0.4618181250779409,-0.006660585036334973,0.8869496355241764,0.9664794829137977,-0.10477279022151464,0.23439298525313573,-0.23302771398569547,0.02526175074054832,0.9721419281484176,-0.10777519947223067,-0.9941752895635261,0.0,49.08563003119481,-61.0516996019283,1.073887384105646,109.60170302889382,NONE
0.00654996745288372,0.1964990235865116,-6.407628521376895,-3.539079354296315,-9.462446893824252,-6.520340372550861,-3.538359156355141,-9.43879103416328,-6.917735783113446,-3.5309741400632344,-10.443648472448448,-5.949096779264208,-3.5463650729701466,-8.58045186462462,0.00028220535559870115,0.0008447915152571427,0.009960253510753185,0.46125666849963687,-0.007329015669958028,0.8872364799161079,0.9664794829137977,-0.10477279022151464,0.23439298525313573,-0.23302771398569547,0.02526175074054832,0.9721419281484176,-0.10777519947223067,-0.9941752895635261,0.0,49.1163576293629,-60.99514236965824,1.0749796715502047,107.62442046100436,IMPACT
0.006559967063367367,0.196799011901021,-6.406516656333255,-3.5385888676744583,-9.462281453682097,-6.520340372550861,-3.538359156355141,-9.43879103416328,-6.916388363025786,-3.5296431645314357,-10.443598154843583,-5.948196652952398,-3.546630095773484,-8.580182941663185,0.00027763145166665826,0.0008559802610274362,0.009959426747319231,0.4610436714635181,-0.008089014877166123,0.8873405777049513,0.9664794829137977,-0.10477279022151464,0.23439298525313573,-0.23302771398569547,0.02526175074054832,0.9721419281484176,-0.10777519947223067,-0.9941752895635261,0.0,49.12407428438632,-60.935682466283936,1.0760416546595142,102.22032397728495,IMPACT
0.0065699671395123005,0.19709901418536901,-6.405492886954593,-3.5382880281311158,-9.462060029877337,-6.520340372550861,-3.538359156355141,-9.43879103416328,-6.9158413985460445,-3.5284446794819444,-10.443120250288143,-5.946744287085606,-3.5471361433078377,-8.5801920665572,0.00027304074035499953,0.0008671617155598695,0.00995858634083976,0.46147481498116144,-0.008900697059949253,0.8871086589194976,0.9664794829137977,-0.10477279022151464,0.23439298525313573,-0.23302771398569547,0.02526175074054832,0.9721419281484176,-0.10777519947223067,-0.9941752895635261,0.0,49.090165792362626,-60.87956095883988,1.0770514871474646,100.95510136908929,NONE
0.006579967215657234,0.19739901646971703,-6.404468759948062,-3.5379881571632508,-9.461841474546107,-6.520340372550861,-3.538359156355141,-9.43879103416328,-6.915159715328762,-3.5272761023419394,-10.44271437703786,-5.945412339824322,-3.547617146058844,-8.58014188995373,0.0002684334505769485,0.0008783353179172085,0.009957732332480625,0.46178446452592387,-0.009686211293764055,0.8869392795638709,0.9664794829137977,-0.10477279022151464,0.23439298525313573,-0.23302771398569547,0.02526175074054832,0.9721419281484176,-0.10777519947223067,-0.9941752895635261,0.0,49.064242232939314,-60.823998883378316,1.0780610944056956,100.97167942904382,NONE
0.006589966826140881,0.19769900478422642,-6.403462871962833,-3.53770369399606,-9.461563098503264,-6.520340372550861,-3.538359156355141,-9.43879103416328,-6.914433861920594,-3.526179857433641,-10.442280947571591,-5.944154730775496,-3.5480623876496256,-8.580002890316,0.00026380981442362483,0.0008895005086676968,0.009956864766014964,0.4620376814976661,-0.010420252483802017,0.8867990748836149,0.9664794829137977,-0.10477279022151464,0.23439298525313573,-0.23302771398569547,0.02526175074054832,0.9721419281484176,-0.10777519947223067,-0.9941752895635261,0.0,49.042336923307126,-60.7716401747652,1.0790687098974932,100.63615776829968,NONE
0.006599966902285814,0.19799900706857443,-6.402467116767215,-3.5374278138977173,-9.461251895202311,-6.520340372550861,-3.538359156355141,-9.43879103416328,-6.913622739770389,-3.525138264167909,-10.441864227833518,-5.942993010265688,-3.548474801600276,-8.579786534980101,0.0002591694176451133,0.0009006582880098002,0.009955983563684464,0.4622046330974764,-0.011112636872555828,0.8867036632635314,0.9664794829137977,-0.10477279022151464,0.23439298525313573,-0.23302771398569547,0.02526175074054832,0.9721419281484176,-0.10777519947223067,-0.9941752895635261,0.0,49.02628607140991,-60.72142889936098,1.080075126007122,100.6528101189982,NONE
0.006609966978430748,0.19829900935292244,-6.4014726728737825,-3.5371531109911087,-9.460936020387324,-6.520340372550861,-3.538359156355141,-9.43879103416328,-6.912682577599316,-3.524131787145411,-10.441510611790015,-5.941949772923142,-3.5488578851738075,-8.57950458548349,0.0002545124916715516,0.0009118080961957058,0.009955088768719348,0.46225371651246394,-0.01177433239447459,0.8866695363364409,0.9664794829137977,-0.10477279022151464,0.23439298525313573,-0.23302771398569547,0.02526175074054832,0.9721419281484176,-0.10777519947223067,-0.9941752895635261,0.0,49.01803153433814,-60.672206598902285,1.0810814930778783,100.36913181114853,SLIDING
0.006619967054575682,0.19859901163727045,-6.400499209815311,-3.5368948738676194,-9.460553366018447,-6.520340372550861,-3.538359156355141,-9.43879103416328,-6.9117110054694475,-3.523201499830758,-10.441117816914103,-5.9409746101225736,-3.54920374912485,-8.57913104634332,0.00024983905304443795,0.0009229498936207687,0.009954180384297861,0.4622554263556542,-0.012382023473377204,0.8866603669384673,0.9664794829137977,-0.10477279022151464,0.23439298525313573,-0.23302771398569547,0.02526175074054832,0.9721419281484176,-0.10777519947223067,-0.9941752895635261,0.0,49.013236742658286,-60.62651700654145,1.0820849604271405,100.34541625941988,NONE
0.006629966665059328,0.19889899995177984,-6.399526819640445,-3.5366375159126404,-9.460167202426108,-6.520340372550861,-3.538359156355141,-9.43879103416328,-6.910608604771878,-3.522306774384161,-10.440790315361374,-5.940119085469805,-3.5495193162156795,-8.578692151866253,0.00024514933719646976,0.000934083122473726,0.00995325845694311,0.4621378663343203,-0.012958353253103919,0.8867134111881528,0.9664794829137977,-0.10477279022151464,0.23439298525313573,-0.23302771398569547,0.02526175074054832,0.9721419281484176,-0.10777519947223067,-0.9941752895635261,0.0,49.016333675750104,-60.58187940212241,1.0830883055067098,100.10928415372979,SLIDING
0.006639966741204262,0.19919900223612785,-6.398571953231143,-3.536444456468213,-9.459797675980242,-6.520340372550861,-3.538359156355141,-9.43879103416328,-6.909608047544884,-3.5214918499912873,-10.440435315853831,-5.939205290207312,-3.5498852466927033,-8.5783095672602,0.00024044292389615088,0.0009452087800588693,0.009952322903975751,0.4620965511131295,-0.013520665095912446,0.8867265469493485,0.9664794829137977,-0.10477279022151464,0.23439298525313573,-0.23302771398569547,0.02526175074054832,0.9721419281484176,-0.10777519947223067,-0.9941752895635261,0.0,49.0146590528913,-60.539130902524356,1.0840775513303296,96.35991183023806,NONE
0.0066499668173491955,0.19949900452047586,-6.397654995375919,-3.5363643329244736,-9.459431383086356,-6.520340372550861,-3.538359156355141,-9.43879103416328,-6.908905456735651,-3.5208047514990897,-10.439947836825949,-5.938095639359019,-3.5503507285567126,-8.578052207708984,0.00023572004791769154,0.0009563263082425233,0.009951373771376313,0.46229038922696764,-0.014069512884582233,0.886616966246174,0.9664794829137977,-0.10477279022151464,0.23439298525313573,-0.23302771398569547,0.02526175074054832,0.9721419281484176,-0.10777519947223067,-0.9941752895635261,0.0,48.9980225461245,-60.49994284509616,1.0850412340017357,96.3767292486995,NONE
0.006659966893494129,0.19979900680482388,-6.396733626776981,-3.5362953703504685,-9.459099191499861,-6.520340372550861,-3.538359156355141,-9.43879103416328,-6.9080873242517224,-3.5201479352407947,-10.439552304752622,-5.937081472560143,-3.5508101834238692,-8.577776952429717,0.00023098072603687191,0.000967435667534796,0.009950411062516018,0.46238373890075174,-0.014601070563368748,0.8865596915823352,0.9664794829137977,-0.10477279022151464,0.23439298525313573,-0.23302771398569547,0.02526175074054832,0.9721419281484176,-0.10777519947223067,-0.9941752895635261,0.0,48.98796325723691,-60.46095189113986,1.0860023558251442,95.8480638150229,NONE
0.006666666828095913,0.2000000048428774,-6.396113500052738,-3.5362564187151078,-9.458898770881804,-6.520340372550861,-3.538359156355141,-9.43879103416328,-6.907476256458635,-3.5197247835301293,-10.439340756553477,-5.936453202827956,-3.5511165864679333,-8.577586534314122,0.0002280837904281,0.0009742090515911,0.009949818817865,0.462391930300323,-0.014948477589430395,0.8865496296377885,0.9664794829137977,-0.10477279022151464,0.23439298525313573,-0.23302771398569547,0.02526175074054832,0.9721419281484176,-0.10777519947223067,-0.9941752895635261,0.0,48.984777308189614,-60.43489357701786,1.086644591696384,95.8593381687208,NONE
