time_s,cycle_fraction,rp_x_mm,rp_y_mm,rp_z_mm,center_x_mm,center_y_mm,center_z_mm,head_x_mm,head_y_mm,head_z_mm,tail_x_mm,tail_y_mm,tail_z_mm,B_x_T,B_y_T,B_z_T,axis_x,axis_y,axis_z,tangent_x,tangent_y,tangent_z,e1_x,e1_y,e1_z,e2_x,e2_y,e2_z,directed_tilt_deg,robot_phase_deg,delta_s_mm,Vt_mm_s,contact_state
0.0,0.0,-7.468174204284,-3.676918015967,-9.550745259298,-7.503637597261565,-3.522140556662843,-9.61695124203758,-8.631666580412714,-3.533553463685733,-9.833964583199306,-6.41276858236309,-3.806964209277926,-9.293836599804548,-0.0019882955673857,-0.0053173734554316,0.0082323884913301,0.9647382600215763,-0.11887423721399708,0.2348382536498942,0.9901291831965912,0.07930162550662628,0.11556579413675062,-0.11519690449062567,-0.009226373623232928,0.9932998274567162,0.0798365441275403,-0.996807968578588,0.0,13.36237457089361,0.0,0.0,0.0,NONE
9.999949725170154e-06,0.0002999984917551046,-7.468174204282273,-3.6769180159625665,-9.550745259306227,-7.503637597261565,-3.522140556662843,-9.61695124203758,-8.631666578318958,-3.5335534594838327,-9.833964589677054,-6.412768584259046,-3.8069642130810206,-9.293836593944265,-0.001983053678745553,-0.00531152546645943,0.008237426498996232,0.9647382582869182,-0.11887424069442952,0.23483825901425556,0.9901291831965912,0.07930162550662628,0.11556579413675062,-0.11519690449062567,-0.009226373623232928,0.9932998274567162,0.0798365441275403,-0.996807968578588,0.0,13.362374911432633,-7.259051830039985e-07,1.1102230246251565e-12,4.4361685465583503e-07,NONE
1.9999899450340308e-05,0.0005999969835102092,-7.468174204256483,-3.676918015896418,-9.550745259429178,-7.503637597261565,-3.522140556662843,-9.61695124203758,-8.631666547043855,-3.5335533967704302,-9.833964686463379,-6.412768612579555,-3.806964269842287,-9.29383650638373,-0.0019777693898342117,-0.005305604996900915,0.008242510773877927,0.9647382323757822,-0.11887429263993772,0.23483833916506447,0.9901291831965912,0.07930162550662628,0.11556579413675062,-0.11519690449062567,-0.009226373623232928,0.9932998274567162,0.0798365441275403,-0.996807968578588,0.0,13.36237999670855,-1.1579044068247863e-05,1.7683632336229493e-11,3.5285739014715687e-06,NONE
2.9999850085005164e-05,0.0008999955025501549,-7.468174204145254,-3.676918015611467,-9.550745259959621,-7.503637597261565,-3.522140556662843,-9.61695124203758,-8.631666412157655,-3.533553126541033,-9.833965104016878,-6.412768734722897,-3.8069645144243345,-9.293836128631952,-0.001972495720262214,-0.005299671070391558,0.008247590386240063,0.9647381206238074,-0.11887451647100042,0.23483868494996768,0.9901291831965912,0.07930162550662628,0.11556579413675062,-0.11519690449062567,-0.009226373623232928,0.9932998274567162,0.0798365441275403,-0.996807968578588,0.0,13.362401921972301,-5.843537669079151e-05,8.911094084851356e-11,1.1840691959906268e-05,NONE
3.9999798900680616e-05,0.0011999939670204185,-7.468174203847259,-3.6769180148489884,-9.550745261381213,-7.503637597261565,-3.522140556662843,-9.61695124203758,-8.631666050780712,-3.533552403246642,-9.833966223036297,-6.412769061960139,-3.806965169071602,-9.293835116278935,-0.00196723269020444,-0.005293723709635842,0.008252665316649503,0.9647378212263367,-0.11887511557606951,0.23483961163363626,0.9901291831965912,0.07930162550662628,0.11556579413675062,-0.11519690449062567,-0.009226373623232928,0.9932998274567162,0.0798365441275403,-0.996807968578588,0.0,13.362460643077734,-0.00018410102266305117,2.8034286003730813e-10,2.7905564127148997e-05,NONE
4.9999751354334876e-05,0.0014999925406300463,-7.468174203222047,-3.676918013251256,-9.550745264364812,-7.503637597261565,-3.522140556662843,-9.61695124203758,-8.63166529258435,-3.533550887177378,-9.833968571540272,-6.412769748528816,-3.8069665412531917,-9.2938329916376,-0.0019619803154915525,-0.005287762932515556,0.008257735549842757,0.9647371930676233,-0.11887637133731027,0.23484155647942215,0.9901291831965912,0.07930162550662628,0.11556579413675062,-0.11519690449062567,-0.009226373623232928,0.9932998274567162,0.0798365441275403,-0.996807968578588,0.0,13.362583802898152,-0.00044803378875288584,6.812843622583387e-10,5.41891840723554e-05,NONE
5.999970017001033e-05,0.0017999910051003098,-7.4681742020908555,-3.6769180103641603,-9.550745269764773,-7.503637597261565,-3.522140556662843,-9.61695124203758,-8.631663920787872,-3.5335481468388164,-9.83397282193904,-6.412770990730094,-3.806969021512292,-9.293829146392985,-0.0019567386186067712,-0.005281788764546557,0.00826280106411623,0.96473605654686,-0.11887864116238075,0.23484507632437182,0.9901291831965912,0.07930162550662628,0.11556579413675062,-0.11519690449062567,-0.009226373623232928,0.9932998274567162,0.0798365441275403,-0.996807968578588,0.0,13.362806558076754,-0.0009260593873525871,1.4062102593470627e-09,9.309900431094445e-05,NONE
6.999965262366459e-05,0.0020999895787099376,-7.468174200237429,-3.6769180056398234,-9.550745278615238,-7.503637597261565,-3.522140556662843,-9.61695124203758,-8.631661673147399,-3.533543661318034,-9.833979788100633,-6.412773026033354,-3.8069730813249096,-9.293822844256436,-0.001951507614360276,-0.005275801222608421,0.008267861845157768,0.9647341943974113,-0.11888235652472869,0.2348508451496506,0.9901291831965912,0.07930162550662628,0.11556579413675062,-0.11519690449062567,-0.009226373623232928,0.9932998274567162,0.0798365441275403,-0.996807968578588,0.0,13.363171406465499,-0.0017100803036682226,2.5931790048616676e-09,0.00014698557619872011,NONE
7.999959780136123e-05,0.002399987934040837,-7.468174197408796,-3.6769179984391913,-9.55074529212642,-7.503637597261565,-3.522140556662843,-9.61695124203758,-8.63165824293522,-3.533536822646867,-9.83399042240308,-6.4127761321893075,-3.8069792709611083,-9.293813223632457,-0.0019462873270411946,-0.005269800334517169,0.00827291786946545,0.964731352498223,-0.1188880210061921,0.23485965163940073,0.9901291831965912,0.07930162550662628,0.11556579413675062,-0.11519690449062567,-0.009226373623232928,0.9932998274567162,0.0798365441275403,-0.996807968578588,0.0,13.36372801493462,-0.0029077738806632214,4.403482023462857e-09,0.00021814472863563233,NONE
8.999955025501549e-05,0.0026999865076504648,-7.468174193316047,-3.6769179880346288,-9.550745311680865,-7.503637597261565,-3.522140556662843,-9.61695124203758,-8.631653279901682,-3.5335269381510317,-9.834005812779587,-6.4127806263589395,-3.8069882173590606,-9.293799300291914,-0.0019410777676005754,-0.005263786112861405,0.008277969126432699,0.964727240670758,-0.118896208351317,0.234872396733771,0.9901291831965912,0.07930162550662628,0.11556579413675062,-0.11519690449062567,-0.009226373623232928,0.9932998274567162,0.0798365441275403,-0.996807968578588,0.0,13.36453304844802,-0.004642276508781942,7.021105474791511e-09,0.0003088206395064549,NONE
9.999950270866975e-05,0.0029999850812600926,-7.468174187635063,-3.6769179736124853,-9.550745338829701,-7.503637597261565,-3.522140556662843,-9.61695124203758,-8.63164639121455,-3.5335132328030316,-9.834027179763478,-6.4127868642628165,-3.807000621995619,-9.293779970045422,-0.001935878958350445,-0.005257758583371395,0.008283015594431689,0.9647215334572761,-0.11890756051851613,0.2348900911817635,0.9901291831965912,0.07930162550662628,0.11556579413675062,-0.11519690449062567,-0.009226373623232928,0.9932998274567162,0.0798365441275403,-0.996807968578588,0.0,13.36565000011831,-0.0070518534076587595,1.0652236426267336e-08,0.0004212095226766067,NONE
0.0001099994478863664,0.003299983436590992,-7.468174180007211,-3.6769179542756616,-9.550745375288864,-7.503637597261565,-3.522140556662843,-9.61695124203758,-8.631637142379663,-3.533494851555917,-9.834055873480025,-6.41279523934727,-3.8070172587742523,-9.293754011464847,-0.0019306909215332433,-0.0052517177718630955,0.0082880572518658,0.9647138708836496,-0.11892278574710245,0.2349138530500783,0.9901291831965912,0.07930162550662628,0.11556579413675062,-0.11519690449062567,-0.009226373623232928,0.9932998274567162,0.0798365441275403,-0.996807968578588,0.0,13.367149022140156,-0.01028953813065136,1.5524804553024296e-08,0.0005574645195962045,NONE
0.00011999940034002066,0.0035999820102006197,-7.468174170039997,-3.676917929046172,-9.550745422935337,-7.503637597261565,-3.522140556662843,-9.61695124203758,-8.631625058116787,-3.5334708616911064,-9.834093370681787,-6.412806181991162,-3.807038971900221,-9.2937200885654,-0.001925513668032278,-0.005245663691009043,0.008293094088158414,0.9647038591850542,-0.11894265661265864,0.23494490526799347,0.9901291831965912,0.07930162550662628,0.11556579413675062,-0.11519690449062567,-0.009226373623232928,0.9932998274567162,0.0798365441275403,-0.996807968578588,0.0,13.369106759058587,-0.014522758288323213,2.1888071799480713e-08,0.0007197012592842598,NONE
0.0001299993455177173,0.003899980365531519,-7.468174157307636,-3.676917896867667,-9.550745483803313,-7.503637597261565,-3.522140556662843,-9.61695124203758,-8.63160962320611,-3.533440255139004,-9.83414127171334,-6.41282015873912,-3.807066673780351,-9.293676753551606,-0.0019203472237767577,-0.005239596371129519,0.008298126078083981,0.9646910715073872,-0.11896800810493345,0.23498457311379778,0.9901291831965912,0.07930162550662628,0.11556579413675062,-0.11519690449062567,-0.009226373623232928,0.9932998274567162,0.0798365441275403,-0.996807968578588,0.0,13.371606182500361,-0.019932918142726724,3.0012305529680816e-08,0.0009100048141037813,NONE
0.00013999930524732918,0.004199979157419875,-7.468174141351585,-3.6769178566079814,-9.550745560080403,-7.503637597261565,-3.522140556662843,-9.61695124203758,-8.63159028328069,-3.5334019508114243,-9.83420129749588,-6.412837671583711,-3.8071013429121505,-9.293622449545351,-0.0019151915958573354,-0.005233515820523503,0.00830315321474234,0.9646750485639045,-0.11899973569596797,0.2350342817176217,0.9901291831965912,0.07930162550662628,0.11556579413675062,-0.11519690449062567,-0.009226373623232928,0.9932998274567162,0.0798365441275403,-0.996807968578588,0.0,13.374736428468804,-0.02671495355926938,4.01884925338436e-08,0.001130437213545775,NONE
0.00014999925042502582,0.004499977512750775,-7.468174121680955,-3.676917807061666,-9.550745654103709,-7.503637597261565,-3.522140556662843,-9.61695124203758,-8.631566445575011,-3.53335479696812,-9.834275286468356,-6.412859257287221,-3.807144021741954,-9.29355551335309,-0.0019100468175971119,-0.005227422078492326,0.008308175465640848,0.9646552992555615,-0.11903879337992773,0.23509555352837694,0.9901291831965912,0.07930162550662628,0.11556579413675062,-0.11519690449062567,-0.009226373623232928,0.9932998274567162,0.0798365441275403,-0.996807968578588,0.0,13.37859263504901,-0.03507684537787816,5.272818270896096e-08,0.0013830464779812696,NONE
0.00015999919560272247,0.004799975868081674,-7.468174097772898,-3.6769177469524505,-9.550745768355997,-7.503637597261565,-3.522140556662843,-9.61695124203758,-8.631537479592263,-3.533297573438046,-9.834365191515039,-6.4128854867770935,-3.8071958146547096,-9.293474178245548,-0.0019049128997652006,-0.005221315157848054,0.008313192820254611,0.9646313012239869,-0.11908619183333191,0.23517000576934355,0.9901291831965912,0.07930162550662628,0.11556579413675062,-0.11519690449062567,-0.009226373623232928,0.9932998274567162,0.0798365441275403,-0.996807968578588,0.0,13.383275789112345,-0.04523907284957524,6.79633505029642e-08,0.0016698770222293717,NONE
0.00016999915533233434,0.00509997465997003,-7.4681740690727905,-3.6769176749358463,-9.550745905461868,-7.503637597261565,-3.522140556662843,-9.61695124203758,-8.63150271774235,-3.533228994091139,-9.834473076831356,-6.412916964567552,-3.8072578857367865,-9.293376576793445,-0.0018997898531553906,-0.005215195071373563,0.0083182052680471,0.9646025013803468,-0.1191429963676727,0.2352593478425695,0.9901291831965912,0.07930162550662628,0.11556579413675062,-0.11519690449062567,-0.009226373623232928,0.9932998274567162,0.0798365441275403,-0.996807968578588,0.0,13.388892564828778,-0.05743403469177559,8.62464499817861e-08,0.001992980739895885,NONE
0.00017999910051003098,0.0053999730153009295,-7.468174034994379,-3.6769175896014827,-9.550746068183601,-7.503637597261565,-3.522140556662843,-9.61695124203758,-8.631461455853483,-3.5331477090885355,-9.834601114853257,-6.412954328295802,-3.8073314567392558,-9.293260743644925,-0.0018946777108800514,-0.005209061858625208,0.008323212776621125,0.9645683163294266,-0.11921032506553063,0.2353653787862307,0.9901291831965912,0.07930162550662628,0.11556579413675062,-0.11519690449062567,-0.009226373623232928,0.9932998274567162,0.0798365441275403,-0.996807968578588,0.0,13.395555177156096,-0.07190540628436953,1.079505658196922e-07,0.0023544293200061404,NONE
0.00018999904568772763,0.005699971370631829,-7.468173994919826,-3.676917489475808,-9.550746259417254,-7.503637597261565,-3.522140556662843,-9.61695124203758,-8.63141295363847,-3.5330523071670417,-9.834751583011716,-6.412998248299149,-3.8074178050107945,-9.293124618462125,-0.0018895764836397734,-0.0052029155324981174,0.008328215335482355,0.9645281327562263,-0.11928934688858817,0.23548998458677944,0.9901291831965912,0.07930162550662628,0.11556579413675062,-0.11519690449062567,-0.009226373623232928,0.9932998274567162,0.0798365441275403,-0.996807968578588,0.0,13.403381233980957,-0.08890741196568162,1.3346961047489003e-07,0.0027563276796201634,NONE
0.0001999990054173395,0.005999970162520185,-7.4681739481994525,-3.6769173730243336,-9.550746482188886,-7.503637597261565,-3.522140556662843,-9.61695124203758,-8.631356435015753,-3.5329413180121385,-9.834926860713749,-6.413049427323298,-3.8075182613494105,-9.29296604865249,-0.0018844861821597338,-0.005196756105857521,0.008333212934125719,0.9644813076923725,-0.1193812797118574,0.2356351356788084,0.9901291831965912,0.07930162550662628,0.11556579413675062,-0.11519690449062567,-0.009226373623232928,0.9932998274567162,0.0798365441275403,-0.996807968578588,0.0,13.41249359540432,-0.10870408565837644,1.6321882689851464e-07,0.0032008300616576868,NONE
0.00020999895059503615,0.0062999685178510845,-7.4681738941515645,-3.676917238654336,-9.550746739649897,-7.503637597261565,-3.522140556662843,-9.61695124203758,-8.631291088430693,-3.532813214791448,-9.835129425955408,-6.413108600230581,-3.8076342077094827,-9.292782792432247,-0.001879406839340902,-0.005190583618514514,0.008338205540249439,0.9644271687826573,-0.11948738822523236,0.23580288414050526,0.9901291831965912,0.07930162550662628,0.11556579413675062,-0.11519690449062567,-0.009226373623232928,0.9932998274567162,0.0798365441275403,-0.996807968578588,0.0,13.423020222274173,-0.13156841675774486,1.9763529124361412e-07,0.0036901544323828476,NONE
0.0002199988957727328,0.006599966873181984,-7.468173832061981,-3.676917084717185,-9.550747035073671,-7.503637597261565,-3.522140556662843,-9.61695124203758,-8.631216066977524,-3.532666416041251,-9.835361851941613,-6.413176533888428,-3.80776707549494,-9.292572521886157,-0.0018743384658146775,-0.005184398083446189,0.008343193143390916,0.9643650143865635,-0.11960898237116911,0.2359953608936767,0.9901291831965912,0.07930162550662628,0.11556579413675062,-0.11519690449062567,-0.009226373623232928,0.9932998274567162,0.0798365441275403,-0.996807968578588,0.0,13.435094057275231,-0.157781360672529,2.3717858255167812e-07,0.004226601600887115,NONE
0.00022999885550234467,0.00689996566507034,-7.46817376118324,-3.6769169095107612,-9.550747371850692,-7.503637597261565,-3.522140556662843,-9.61695124203758,-8.631130488413785,-3.5324992884426627,-9.835626804077409,-6.413254027154768,-3.8079183430455976,-9.292332825687433,-0.001869281072237669,-0.0051781995136005,0.008348175733075995,0.9642941135908769,-0.11974741504475434,0.23621477321303325,0.9901291831965912,0.07930162550662628,0.11556579413675062,-0.11519690449062567,-0.009226373623232928,0.9932998274567162,0.0798365441275403,-0.996807968578588,0.0,13.448852884910517,-0.18763093636334485,2.823319427136539e-07,0.0048125709259839704,NONE
0.0002399988006800413,0.007199964020401239,-7.468173680734114,-3.676916711281957,-9.550747753485128,-7.503637597261565,-3.522140556662843,-9.61695124203758,-8.631033435082943,-3.532310149066302,-9.835927036518656,-6.413341910947296,-3.8080895336057834,-9.292061212220105,-0.001864234691297866,-0.0051719879490411255,0.008353153277100386,0.964213706145933,-0.11990408023455729,0.236463401868935,0.9901291831965912,0.07930162550662628,0.11556579413675062,-0.11519690449062567,-0.009226373623232928,0.9932998274567162,0.0798365441275403,-0.996807968578588,0.0,13.464439208315863,-0.22141111494113,3.336029497091886e-07,0.005450582386081596,NONE
0.0002499987604096532,0.007499962812289596,-7.46817358989816,-3.6769164882294048,-9.550748183589493,-7.503637597261565,-3.522140556662843,-9.61695124203758,-8.630923953708985,-3.5320972677923046,-9.836265388747696,-6.413441048427027,-3.808282213134344,-9.291755112675053,-0.0018591993262384308,-0.005165763393759764,0.008358125772265147,0.9641230022965033,-0.120080411018278,0.23674359829245312,0.9901291831965912,0.07930162550662628,0.11556579413675062,-0.11519690449062567,-0.009226373623232928,0.9932998274567162,0.0798365441275403,-0.996807968578588,0.0,13.48200012603923,-0.25942065538128695,3.9152535613595774e-07,0.006143296467485128,NONE
0.0002599986910354346,0.007799960731063038,-7.4681734878230115,-3.6769162385054655,-9.550748665881345,-7.503637597261565,-3.522140556662843,-9.61695124203758,-8.630801055027565,-3.5318588692748794,-9.836644781978585,-6.413552335331531,-3.808497988526388,-9.291411884304532,-0.001854175016908059,-0.005159525897074795,0.008363093179206239,0.9640211824765369,-0.12027787793543866,0.23705778159741417,0.9901291831965912,0.07930162550662628,0.11556579413675062,-0.11519690449062567,-0.009226373623232928,0.9932998274567162,0.0798365441275403,-0.996807968578588,0.0,13.501687229783734,-0.3019617858996552,4.5666001291522207e-07,0.006893534136761505,NONE
0.0002699986507650465,0.008099959522951394,-7.468173373618501,-3.6769159602190724,-9.550749204178517,-7.503637597261565,-3.522140556662843,-9.61695124203758,-8.63066371333934,-3.5315931360110686,-9.837068215792318,-6.413676700376534,-3.8087385048350275,-9.291028813465262,-0.0018491617519127471,-0.0051532754448407716,0.008368055509188666,0.9639073969403502,-0.12049798644519959,0.2374084357943724,0.9901291831965912,0.07930162550662628,0.11556579413675062,-0.11519690449062567,-0.009226373623232928,0.9932998274567162,0.0798365441275403,-0.996807968578588,0.0,13.523656469377721,-0.3493389653845076,5.295970559870966e-07,0.007704302053861611,NONE
0.00027999861049465835,0.00839995831483975,-7.468173246355295,-3.676915651437663,-9.55074980239411,-7.503637597261565,-3.522140556662843,-9.61695124203758,-8.630510865769097,-3.531298210268573,-9.837538764724233,-6.413815105925348,-3.809005443526334,-9.29060311870446,-0.0018441595637038303,-0.005147012077400452,0.008373012730116357,0.9637807651494558,-0.12074227532946127,0.2377981069651186,0.9901291831965912,0.07930162550662628,0.11556579413675062,-0.11519690449062567,-0.009226373623232928,0.9932998274567162,0.0798365441275403,-0.996807968578588,0.0,13.548068070428334,-0.40185744347905417,6.109576773383196e-07,0.008578813017316073,NONE
0.00028999854112043977,0.008699956233613193,-7.4681731050627915,-3.676915310190476,-9.550750464533083,-7.503637597261565,-3.522140556662843,-9.61695124203758,-8.63034141154285,-3.530972196609138,-9.838059574383477,-6.413968548640616,-3.809300520196653,-9.29013195427337,-0.001839168484563989,-0.005140735835293048,0.008377964809971366,0.9636403751748838,-0.12101231460326754,0.23822940004787263,0.9901291831965912,0.07930162550662628,0.11556579413675062,-0.11519690449062567,-0.009226373623232928,0.9932998274567162,0.0798365441275403,-0.996807968578588,0.0,13.575086421968583,-0.4598217281989878,7.013963490010156e-07,0.009520512535035896,NONE
0.00029999850085005164,0.00899995502550155,-7.468172948727246,-3.6769149344700294,-9.550751194686343,-7.503637597261565,-3.522140556662843,-9.61695124203758,-8.630154210886074,-3.5306131646331775,-9.838633858502604,-6.4141380604801475,-3.80962548208578,-9.289612412792309,-0.0018341885031744486,-0.005134446704285431,0.008382911759983772,0.9634852827851859,-0.12130970324026176,0.23870497639578073,0.9901291831965912,0.07930162550662628,0.11556579413675062,-0.11519690449062567,-0.009226373623232928,0.9932998274567162,0.0798365441275403,-0.996807968578588,0.0,13.604879985939768,-0.5235341745989959,8.016032353452829e-07,0.010533101964450897,NONE
0.0003099984605796635,0.009299953817389905,-7.468172776289097,-3.676914522235644,-9.550751997028017,-7.503637597261565,-3.522140556662843,-9.61695124203758,-8.629948084187385,-3.5302191508578264,-9.839264893734086,-6.414324709450451,-3.809982106380086,-9.289041529965546,-0.001829219651771706,-0.005128144724970474,0.008387853548156842,0.963314510755189,-0.12163606761837364,0.23922754946458247,0.9901291831965912,0.07930162550662628,0.11556579413675062,-0.11519690449062567,-0.009226373623232928,0.9932998274567162,0.0798365441275403,-0.996807968578588,0.0,13.63762118989238,-0.5932930249713944,9.12306882483449e-07,0.011620568081756232,NONE
0.00031999839120544493,0.009599951736163348,-7.46817258664058,-3.676914071414809,-9.550752875808174,-7.503637597261565,-3.522140556662843,-9.61695124203758,-8.629721810441303,-3.529788161614287,-9.839956017120416,-6.414529601014747,-3.8103721975869407,-9.288416286862306,-0.001824261962422587,-0.005121829938136822,0.008392790142572472,0.9631270475767638,-0.12199305911854497,0.23979988272091735,0.9901291831965912,0.07930162550662628,0.11556579413675062,-0.11519690449062567,-0.009226373623232928,0.9932998274567162,0.0798365441275403,-0.996807968578588,0.0,13.673486353697049,-0.669390974194359,1.0342773126836846e-06,0.012787202263059511,NONE
0.0003299983509350568,0.009899950528051704,-7.468172378622884,-3.676913579906137,-9.550753835350095,-7.503637597261565,-3.522140556662843,-9.61695124203758,-8.629474125883045,-3.529318175651083,-9.840710621862932,-6.414753879325938,-3.8107975851789324,-9.287733613749678,-0.001819315423884373,-0.005115502329463833,0.008397721554425704,0.9629218463291764,-0.12238235196863016,0.24042478613619753,0.9901291831965912,0.07930162550662628,0.11556579413675062,-0.11519690449062567,-0.009226373623232928,0.9932998274567162,0.0798365441275403,-0.996807968578588,0.0,13.712655589619049,-0.7521133591146676,1.1683289162789379e-06,0.014037637135810122,NONE
0.0003399983106646687,0.01019994931994006,-7.468172151022631,-3.6769130455825474,-9.550754880043003,-7.503637597261565,-3.522140556662843,-9.61695124203758,-8.629203722190358,-3.5288071458546773,-9.841532153586108,-6.414998728850995,-3.8112601220391586,-9.286990393467393,-0.0018143800681771607,-0.005109161939793309,0.008402647751819996,0.9626978231910274,-0.12280564181933981,0.24110511309509322,0.9901291831965912,0.07930162550662628,0.11556579413675062,-0.11519690449062567,-0.009226373623232928,0.9932998274567162,0.0798365441275403,-0.996807968578588,0.0,13.755312757007932,-0.8417363107843504,1.3153245319585949e-06,0.015376860853592928,NONE
0.0003499982412904501,0.010499947238713503,-7.468171902568915,-3.67691246629263,-9.550756014340239,-7.503637597261565,-3.522140556662843,-9.61695124203758,-8.628909244916663,-3.528253003714943,-9.84242410628237,-6.415265375786633,-3.8117616804132,-9.286183465102825,-0.0018094559271515564,-0.005102808810162046,0.008407568702938253,0.9624538561434915,-0.1232646420427207,0.24184375703458452,0.9901291831965912,0.07930162550662628,0.11556579413675062,-0.11519690449062567,-0.009226373623232928,0.9932998274567162,0.0798365441275403,-0.996807968578588,0.0,13.801645300192135,-0.9385251129273685,1.4761784790096044e-06,0.016810257720865328,NONE
0.00035999820102006197,0.010799946030601859,-7.468171631929212,-3.6769118398631475,-9.550757242752896,-7.503637597261565,-3.522140556662843,-9.61695124203758,-8.628589291327602,-3.5276536593545678,-9.84339001757348,-6.415555090013963,-3.8123041518872136,-9.285309628277258,-0.001804542989640425,-0.005096442926162256,0.008412484418940056,0.9621887831798432,-0.12376108370984605,0.2426436475200972,0.9901291831965912,0.07930162550662628,0.11556579413675062,-0.11519690449062567,-0.009226373623232928,0.9932998274567162,0.0798365441275403,-0.996807968578588,0.0,13.851844254619229,-1.0427319767084928,1.6518611385407667e-06,0.018343628551539638,NONE
0.00036999816074967384,0.011099944822490215,-7.468171337705857,-3.676911164103582,-9.550758569840271,-7.503637597261565,-3.522140556662843,-9.61695124203758,-8.628242408301405,-3.5270070058808334,-9.844433465100986,-6.4158691869963596,-3.8128894434490994,-9.284365646401893,-0.0017996412874473956,-0.005090064328883793,0.00841739486803002,0.9619014005674115,-0.12429671198620265,0.24350774726047464,0.9901291831965912,0.07930162550662628,0.11556579413675062,-0.11519690449062567,-0.009226373623232928,0.9932998274567162,0.0798365441275403,-0.996807968578588,0.0,13.906104108531393,-1.1545944675402426,1.8434031954228658e-06,0.019983216172494097,NONE
0.00037999809137545526,0.011399942741263658,-7.46817101843138,-3.67691043680568,-9.550760000213502,-7.503637597261565,-3.522140556662843,-9.61695124203758,-8.62786709004276,-3.526310921363033,-9.845558061654106,-6.416209029844322,-3.8135194756939166,-9.283348251104302,-0.001794750852204903,-0.0050836730596094965,0.008422300018493006,0.9615904609558424,-0.12487328449168834,0.24443904806513284,0.9901291831965912,0.07930162550662628,0.11556579413675062,-0.11519690449062567,-0.009226373623232928,0.9932998274567162,0.0798365441275403,-0.996807968578588,0.0,13.964622730440219,-1.2743334913978288,2.0518998589125204e-06,0.021735744887321516,NONE
0.00038999805110506713,0.011699941533152014,-7.468170672564415,-3.676909655748001,-9.550761538520108,-7.503637597261565,-3.522140556662843,-9.61695124203758,-8.627461775415467,-3.5255632726198844,-9.846767451900217,-6.416576031727218,-3.814196179396987,-9.282254145164709,-0.0017898716728226057,-0.0050772691038456315,0.008427199881452928,0.9612546711688041,-0.12549256816395762,0.2454405681458731,0.9901291831965912,0.07930162550662628,0.11556579413675062,-0.11519690449062567,-0.009226373623232928,0.9932998274567162,0.0798365441275403,-0.996807968578588,0.0,14.027601267348407,-1.4021517878018264,2.278516353371174e-06,0.023608423404745487,NONE
0.000399998010834679,0.01199994032504037,-7.468170298484469,-3.6769088186990997,-9.550763189447624,-7.503637597261565,-3.522140556662843,-9.61695124203758,-8.627024845221538,-3.524761915710466,-9.848065306845657,-6.416971658331449,-3.8149214950746386,-9.281080007547546,-0.0017850037808859142,-0.005070852502928099,0.008432094425216606,0.9608926899522128,-0.1261563388539881,0.24651534752091728,0.9901291831965912,0.07930162550662628,0.11556579413675062,-0.11519690449062567,-0.009226373623232928,0.9932998274567162,0.0798365441275403,-0.996807968578588,0.0,14.095244117150214,-1.5382317532036507,2.5244924142242553e-06,0.025609003194046766,NONE
0.0004099979414604604,0.012299938243813813,-7.468169894488287,-3.676907923417981,-9.55076495770905,-7.503637597261565,-3.522140556662843,-9.61695124203758,-8.62655461924552,-3.5239047003626105,-9.849455320418237,-6.417397430534609,-3.8156973689680678,-9.27982249647371,-0.0017801472078087287,-0.005064423298385403,0.008436983618171827,0.9605031255264825,-0.12686637765454672,0.24766644519327283,0.9901291831965912,0.07930162550662628,0.11556579413675062,-0.11519690449062567,-0.009226373623232928,0.9932998274567162,0.0798365441275403,-0.996807968578588,0.0,14.167758796536349,-1.6827341164276455,2.7911475370956396e-06,0.027745789152566657,NONE
0.0004199979011900723,0.012599937035702169,-7.468169458781662,-3.676906967657284,-9.550766848044676,-7.503637597261565,-3.522140556662843,-9.61695124203758,-8.626049353679491,-3.522989474219984,-9.850941203706405,-6.417854926725656,-3.8165257491968805,-9.278478254649691,-0.001775301942577221,-0.0050579814756373355,0.008441867471406413,0.9600845334581896,-0.12762446738125927,0.24889693437248397,0.9901291831965912,0.07930162550662628,0.11556579413675062,-0.11519690449062567,-0.009226373623232928,0.9932998274567162,0.0798365441275403,-0.996807968578588,0.0,14.245355751859725,-1.835796296776405,3.0798886196947706e-06,0.030027652148937788,NONE
0.00042999786091968417,0.012899935827590525,-7.468168989477394,-3.676905949168737,-9.550768865211156,-7.503637597261565,-3.522140556662843,-9.61695124203758,-8.625507237401056,-3.522014082016934,-9.852526680312574,-6.418345786177262,-3.817408586517995,-9.277043913461775,-0.0017704680165581163,-0.005051527076265164,0.008446745953330255,0.9596354135755624,-0.12843239326133085,0.2502098986307822,0.9901291831965912,0.07930162550662628,0.11556579413675062,-0.11519690449062567,-0.009226373623232928,0.9932998274567162,0.0798365441275403,-0.996807968578588,0.0,14.328248404394575,-1.9975305554867575,3.3922128235275295e-06,0.03246407958272281,NONE
0.0004399977915454656,0.013199933746363968,-7.468168484587326,-3.67690486570316,-9.550771013977881,-7.503637597261565,-3.522140556662843,-9.61695124203758,-8.624926389072689,-3.520976369959552,-9.854215480424928,-6.41887171166181,-3.8183478303515757,-9.275516098346552,-0.001765645460945241,-0.005045060142041243,0.00845161903243561,0.9591542075699477,-0.12929193930087973,0.2516084269905989,0.9901291831965912,0.07930162550662628,0.11556579413675062,-0.11519690449062567,-0.009226373623232928,0.9932998274567162,0.0798365441275403,-0.996807968578588,0.0,14.416652943806497,-2.1680226155705595,3.7297158606008907e-06,0.03506518413706259,NONE
0.00044999775127507746,0.013499932538252324,-7.468167942017803,-3.6769037150122825,-9.55077329911788,-7.503637597261565,-3.522140556662843,-9.61695124203758,-8.624304852335301,-3.5198741918952456,-9.856011342393469,-6.4194344738026485,-3.81934542318807,-9.273891427343969,-0.0017608342648022708,-0.005038580658300101,0.008456486719773212,0.9586392950141969,-0.1302048831707932,0.25309561523891255,0.9901291831965912,0.07930162550662628,0.11556579413675062,-0.11519690449062567,-0.009226373623232928,0.9932998274567162,0.0798365441275403,-0.996807968578588,0.0,14.510788251973898,-2.347331851554885,4.094097418416709e-06,0.03784172900746362,NONE
0.00045999771100468934,0.01379993133014068,-7.468167359561025,-3.6769024948578375,-9.550775725402362,-7.503637597261565,-3.522140556662843,-9.61695124203758,-8.623640595352963,-3.5187054068697465,-9.857917992620926,-6.4200359114706025,-3.8204033028215996,-9.272166529327881,-0.0017560344592756072,-0.005032088666866364,0.008461348983857662,0.958088992992331,-0.13117299823993625,0.25467454925784544,0.9901291831965912,0.07930162550662628,0.11556579413675062,-0.11519690449062567,-0.009226373623232928,0.9932998274567162,0.0798365441275403,-0.996807968578588,0.0,14.61087557438754,-2.5354872388845724,4.487169610101205e-06,0.04080515097020647,NONE
0.00046999764163047075,0.014099929248914123,-7.468166734892779,-3.676901203002468,-9.550778297602536,-7.503637597261565,-3.522140556662843,-9.61695124203758,-8.622931503176755,-3.5174678853452908,-9.859939156610343,-6.420677938706393,-3.8215233966920916,-9.27033803398826,-0.0017512460753385398,-0.005025584209755246,0.008466205793285858,0.9575015497697228,-0.1321980484116526,0.25634831418351434,0.9901291831965912,0.07930162550662628,0.11556579413675062,-0.11519690449062567,-0.009226373623232928,0.9932998274567162,0.0798365441275403,-0.996807968578588,0.0,14.717138690027465,-2.732489479176665,4.910859745521634e-06,0.04396758418505731,NONE
0.0004799976013600826,0.014399928040802479,-7.468166065561522,-3.6768998372306454,-9.550781020462326,-7.503637597261565,-3.522140556662843,-9.61695124203758,-8.62217537547671,-3.5161595144412368,-9.86207854831983,-6.421362546757185,-3.822707617171402,-9.268402581435454,-0.001746469102132162,-0.005019067272216005,0.008471057159072117,0.9568751429215326,-0.13328178379572383,0.25811998560190275,0.9901291831965912,0.07930162550662628,0.11556579413675062,-0.11519690449062567,-0.009226373623232928,0.9932998274567162,0.0798365441275403,-0.996807968578588,0.0,14.829803522191611,-2.938309679072184,5.3672226290046865e-06,0.04734187032466122,NONE
0.0004899975610896945,0.014699926832690835,-7.468165348985198,-3.676898395330478,-9.550783898711105,-7.503637597261565,-3.522140556662843,-9.61695124203758,-8.621369924497388,-3.5147781966822693,-9.864339855120134,-6.42209180592501,-3.8239578626641304,-9.266356835869512,-0.0017417035705819851,-0.005012537896315832,0.008475903049835828,0.9562078776401641,-0.13442594173124398,0.25999261706548765,0.9901291831965912,0.07930162550662628,0.11556579413675062,-0.11519690449062567,-0.009226373623232928,0.9932998274567162,0.0798365441275403,-0.996807968578588,0.0,14.949097872541978,-3.1528869527534438,5.858443678619096e-06,0.05094158818248701,NONE
0.0004999975208193064,0.014999925624579191,-7.4681645824412355,-3.67689687511736,-9.550786937052779,-7.503637597261565,-3.522140556662843,-9.61695124203758,-8.620512767273613,-3.5133218544436966,-9.866726746378385,-6.422867872608819,-3.8252760136203827,-9.264197477773008,-0.0017369494976199646,-0.005005996105253875,0.00848074344835979,0.9554977802890411,-0.13563224312029828,0.2619692472197295,0.9901291831965912,0.07930162550662628,0.11556579413675062,-0.11519690449062567,-0.009226373623232928,0.9932998274567162,0.0798365441275403,-0.996807968578588,0.0,15.075251581797486,-3.3761305914366195,6.386848230732767e-06,0.05478103719895641,NONE
0.0005099974223412573,0.01529992267023772,-7.468163763062907,-3.676895274423056,-9.5507901401476,-7.503637597261565,-3.522140556662843,-9.61695124203758,-8.619601423399452,-3.511788437329825,-9.869242862377035,-6.423692991321289,-3.8266639258220216,-9.261921213928023,-0.0017322069277096624,-0.004999441960459884,0.008485578309318852,0.9547427965557229,-0.13690238630095503,0.2640528906300051,0.9901291831965912,0.07930162550662628,0.11556579413675062,-0.11519690449062567,-0.009226373623232928,0.9932998274567162,0.0798365441275403,-0.996807968578588,0.0,15.20849601590111,-3.607919639177533,6.954908089440437e-06,0.05887529711905041,NONE
0.0005199973820708692,0.015599921462126076,-7.46816288782978,-3.676893591102977,-9.5507935126158,-7.503637597261565,-3.522140556662843,-9.61695124203758,-8.61863331321504,-3.5101759200681792,-9.871891796744126,-6.424569496315353,-3.8281234323066986,-9.259524793360605,-0.0017274758224902424,-0.004992875408920036,0.008490407671820634,0.9539407899563858,-0.13823804879935642,0.26624652321022635,0.9901291831965912,0.07930162550662628,0.11556579413675062,-0.11519690449062567,-0.009226373623232928,0.9932998274567162,0.0798365441275403,-0.996807968578588,0.0,15.349063733248355,-3.8481008304853406,7.5652500033385195e-06,0.06324020113445215,NONE
0.0005299973418004811,0.015899920254014432,-7.468161953561352,-3.6768918230434577,-9.550797059023042,-7.503637597261565,-3.522140556662843,-9.61695124203758,-8.617605747499908,-3.5084823082762435,-9.874677113215292,-6.425499820921262,-3.829656338150712,-9.25700499210817,-0.0017227562264107226,-0.0049862965120797,0.008495231490547116,0.9530895332950635,-0.1396408825541166,0.268553096133531,0.9901291831965912,0.07930162550662628,0.11556579413675062,-0.11519690449062567,-0.009226373623232928,0.9932998274567162,0.0798365441275403,-0.996807968578588,0.0,15.497188811770771,-4.096492839534312,8.22066306227498e-06,0.06789236037803141,NONE
0.000539997301530093,0.01619991904590279,-7.468160956910682,-3.6768899681617553,-9.550800783873145,-7.503637597261565,-3.522140556662843,-9.61695124203758,-8.616515930216828,-3.5067056440266455,-9.877602314918034,-6.4264864950454825,-3.831264415420819,-9.254358641067922,-0.001718048156239672,-0.004979705293313999,0.008500049748359141,0.9521867109440633,-0.14111250930181468,0.2709755103696137,0.9901291831965912,0.07930162550662628,0.11556579413675062,-0.11519690449062567,-0.009226373623232928,0.9932998274567162,0.0798365441275403,-0.996807968578588,0.0,15.653105815673918,-4.352883516839115,8.924105850738329e-06,0.07284916176459996,NONE
0.0005499972612597048,0.016499917837791145,-7.468159894355298,-3.6768880244078685,-9.550804691611718,-7.503637597261565,-3.522140556662843,-9.61695124203758,-8.615360949300593,-3.504844007099566,-9.880670854217689,-6.427532153508874,-3.832949402041643,-9.251582617072483,-0.001713351628705318,-0.004973101776041544,0.008504862428137418,0.9512299112137909,-0.14265451954003333,0.2735166248457413,0.9901291831965912,0.07930162550662628,0.11556579413675062,-0.11519690449062567,-0.009226373623232928,0.9932998274567162,0.0798365441275403,-0.996807968578588,0.0,15.817050093564731,-4.617033120417737,9.678714876670824e-06,0.07812875922805998,NONE
0.0005599972209893167,0.0167999166296795,-7.468158762193556,-3.6768859897736332,-9.550808786586147,-7.503637597261565,-3.522140556662843,-9.61695124203758,-8.614137773093507,-3.50289551881322,-9.883886123226315,-6.428639539273121,-3.8347129983383823,-9.248673851422991,-0.0017086666604944165,-0.004966485983724974,0.008509669512782243,0.9502166234001681,-0.14426846935876622,0.276179248610141,0.9901291831965912,0.07930162550662628,0.11556579413675062,-0.11519690449062567,-0.009226373623232928,0.9932998274567162,0.0798365441275403,-0.996807968578588,0.0,15.989257415288941,-4.8886751015547265,1.048781208723426e-05,0.08375010520734474,NONE
0.0005699971225112677,0.01709991367533803,-7.468157556531,-3.676883862294541,-9.550813073078332,-7.503637597261565,-3.522140556662843,-9.61695124203758,-8.612843247790844,-3.5008583479381326,-9.887251442043738,-6.429811505731943,-3.836556861675433,-9.245629340618096,-0.001703993295421805,-0.004959857978486368,0.008514470957281983,0.9491442356777826,-0.14595587553795678,0.278966131054626,0.9901291831965912,0.07930162550662628,0.11556579413675062,-0.11519690449062567,-0.009226373623232928,0.9932998274567162,0.0798365441275403,-0.996807968578588,0.0,16.169963448286065,-5.167517031692434,1.1354914446926045e-05,0.08973289880302973,NONE
0.0005799970822408795,0.017399912467226386,-7.468156273284907,-3.6768816400533764,-9.550817555264674,-7.503637597261565,-3.522140556662843,-9.61695124203758,-8.611474094732868,-3.498730714332908,-9.890770046674861,-6.431051019176174,-3.8384826031653136,-9.242446157237877,-0.0016993314956864102,-0.004953217706714537,0.008519266800473728,0.9480100328507366,-0.14771821253582862,0.2818799519291241,0.9901291831965912,0.07930162550662628,0.11556579413675062,-0.11519690449062567,-0.009226373623232928,0.9932998274567162,0.0798365441275403,-0.996807968578588,0.0,16.35940330743231,-5.4532415468738735,1.228373376349623e-05,0.09609761361501618,NONE
0.0005899970419704914,0.017699911259114742,-7.468154908160645,-3.676879321180219,-9.550822237219707,-7.503637597261565,-3.522140556662843,-9.61695124203758,-8.610026901438994,-3.496510893002844,-9.894445098326065,-6.432361166881602,-3.840491783987092,-9.239121441517995,-0.0016946813050885098,-0.004946565230547292,0.008524056997352975,0.9468111889379962,-0.14955690912358616,0.284923329046987,0.9901291831965912,0.07930162550662628,0.11556579413675062,-0.11519690449062567,-0.009226373623232928,0.9932998274567162,0.0798365441275403,-0.996807968578588,0.0,16.55781172727115,-5.745510537661248,1.3278199695321291e-05,0.1028654835804339,NONE
0.0005999970017001033,0.0179999100510031,-7.468153456663489,-3.676876903863355,-9.550827122887002,-7.503637597261565,-3.522140556662843,-9.61695124203758,-8.608498119222022,-3.4941972118012856,-9.898279666803349,-6.43374515929564,-3.842585917492301,-9.235652416353759,-0.0016900427401500759,-0.0049399005736208545,0.00852884153089996,0.945544765185383,-0.15147335030044146,0.28809880454329995,0.9901291831965912,0.07930162550662628,0.11556579413675062,-0.11519690449062567,-0.009226373623232928,0.9932998274567162,0.0798365441275403,-0.996807968578588,0.0,16.765422714367446,-6.043965198652614,1.4342450523230355e-05,0.11005843825077115,NONE
0.0006099969614297152,0.018299908842891455,-7.468151914076802,-3.6768743863529165,-9.55083221611554,-7.503637597261565,-3.522140556662843,-9.61695124203758,-8.606884066080124,-3.4917880724055577,-9.902276709563406,-6.435206327372375,-3.8447664501845846,-9.232036406372313,-0.0016854158173523304,-0.004933223759615142,0.008533620384115101,0.9442077124816297,-0.15346885990392475,0.29140882747438823,0.9901291831965912,0.07930162550662628,0.11556579413675062,-0.11519690449062567,-0.009226373623232928,0.9932998274567162,0.0798365441275403,-0.996807968578588,0.0,16.982468137469553,-6.348228024990232,1.5480850288795978e-05,0.11769914204270189,NONE
0.000619996921159327,0.01859990763477981,-7.468150275467482,-3.6768717669681577,-9.550837520579678,-7.503637597261565,-3.522140556662843,-9.61695124203758,-8.605180912713148,-3.489281929086094,-9.906439084524019,-6.436748135267611,-3.8470347809921184,-9.228270826159667,-0.0016808005531347312,-0.004926534812252891,0.008538393540019092,0.9427968597589295,-0.15554471822001067,0.2948557645062397,0.9901291831965912,0.07930162550662628,0.11556579413675062,-0.11519690449062567,-0.009226373623232928,0.9932998274567162,0.0798365441275403,-0.996807968578588,0.0,17.209179011273402,-6.657905467919405,1.6697992055725308e-05,0.12581091622747884,NONE
0.000629996822681278,0.01889990468043834,-7.46814853567142,-3.6768690440865397,-9.550843039844638,-7.503637597261565,-3.522140556662843,-9.61695124203758,-8.603384687560052,-3.486677329792914,-9.910769533521766,-6.438374175741646,-3.8493922239772016,-9.224353195391117,-0.0016761969906580157,-0.0049198337943408615,0.008543160953918983,0.9413089181819153,-0.15770212790621188,0.2984418861437601,0.9901291831965912,0.07930162550662628,0.11556579413675062,-0.11519690449062567,-0.009226373623232928,0.9932998274567162,0.0798365441275403,-0.996807968578588,0.0,17.445783450585562,-6.972592641271635,1.7998705608590626e-05,0.13441777887693576,NONE
0.0006399967824108899,0.019199903472326696,-7.468146689291674,-3.6768662161764736,-9.550848777293739,-7.503637597261565,-3.522140556662843,-9.61695124203758,-8.601491265085826,-3.483972874741095,-9.915270676936768,-6.4400881807807515,-3.8518400459658713,-9.220281143568393,-0.0016716050926854316,-0.004913120651677273,0.00854792266437689,0.9397404714369892,-0.15994224835859838,0.3021693623340754,0.9901291831965912,0.07930162550662628,0.11556579413675062,-0.11519690449062567,-0.009226373623232928,0.9932998274567162,0.0798365441275403,-0.996807968578588,0.0,17.692508198345838,-7.291871728597655,1.938806508228197e-05,0.1435443222005396,NONE
0.0006499967421405017,0.019499902264215052,-7.468144730694834,-3.676863281771854,-9.550854736142954,-7.503637597261565,-3.522140556662843,-9.61695124203758,-8.599496378489143,-3.4811672668005604,-9.919944980323185,-6.441894010063121,-3.8543794207906905,-9.216052440316924,-0.0016670249023630341,-0.00490639544708415,0.008552678626707,0.9380879862721838,-0.1622661539087521,0.30604023478533127,0.9901291831965912,0.07930162550662628,0.11556579413675062,-0.11519690449062567,-0.009226373623232928,0.9932998274567162,0.0798365441275403,-0.996807968578588,0.0,17.949575689070766,-7.615315687505509,2.087139288597939e-05,0.1532157024216672,NONE
0.0006599967018701136,0.01979990105610341,-7.468142654003745,-3.6768602395011625,-9.550860919433633,-7.503637597261565,-3.522140556662843,-9.61695124203758,-8.597395596367491,-3.4782592878714254,-9.924794795628541,-6.443795672112065,-3.8570114507762066,-9.211664957981865,-0.0016624564359640967,-0.0048996582044562075,0.008557428824011552,0.9363477931545331,-0.16467485343686153,0.31005645115072866,0.9901291831965912,0.07930162550662628,0.11556579413675062,-0.11519690449062567,-0.009226373623232928,0.9932998274567162,0.0798365441275403,-0.996807968578588,0.0,18.217206370674575,-7.942494372786362,2.245426545144369e-05,0.1634576191128316,NONE
0.0006699966615997255,0.020099899847991765,-7.468140453095688,-3.676857088083831,-9.550867330017953,-7.503637597261565,-3.522140556662843,-9.61695124203758,-8.595184338603564,-3.475247806111564,-9.929822297202053,-6.445797309881996,-3.8597371601758796,-9.207116729647275,-0.001657899709720837,-0.004892908947731273,0.008562173239412761,0.9345160994441601,-0.16716928437578923,0.3142198119803382,0.9901291831965912,0.07930162550662628,0.11556579413675062,-0.11519690449062567,-0.009226373623232928,0.9932998274567162,0.0798365441275403,-0.996807968578588,0.0,18.495616492054623,-8.272970316177409,2.414251699711656e-05,0.17429624358682158,NONE
0.0006799966213293374,0.02039989863988012,-7.468138121595106,-3.676853826333878,-9.550873970522533,-7.503637597261565,-3.522140556662843,-9.61695124203758,-8.592857864838326,-3.4721317957538393,-9.935029510565437,-6.447903211200629,-3.862557477202781,-9.2024059229687,-0.0016533547398231148,-0.004886147700889378,0.00856691185605372,0.9325889798424771,-0.16975029628214866,0.3185319946072775,0.9901291831965912,0.07930162550662628,0.11556579413675062,-0.11519690449062567,-0.009226373623232928,0.9932998274567162,0.0798365441275403,-0.996807968578588,0.0,18.78501837568151,-8.606307293883686,2.594225065166711e-05,0.18575813668667385,NONE
0.0006899965228512883,0.02069989568553865,-7.46813565287724,-3.6768504531708244,-9.550880843392095,-7.503637597261565,-3.522140556662843,-9.61695124203758,-8.590411272500306,-3.4689103310182148,-9.940418298318301,-6.450117810563572,-3.865473239572741,-9.197530853041666,-0.0016488215687720435,-0.004879374527413974,0.008571644629566215,0.9305623747551017,-0.1724186558932721,0.322994541424624,0.9901291831965912,0.07930162550662628,0.11556579413675062,-0.11519690449062567,-0.009226373623232928,0.9932998274567162,0.0798365441275403,-0.996807968578588,0.0,19.085620345430563,-8.942070946795146,2.7859828941600995e-05,0.19787024581672097,NONE
0.0006999964825809002,0.020999894477427006,-7.4681330400590324,-3.6768469676306053,-9.550887950794875,-7.503637597261565,-3.522140556662843,-9.61695124203758,-8.587839509352179,-3.465582593972956,-9.945990313022289,-6.452445677735942,-3.8684851873942527,-9.192490024960152,-0.0016443001599002476,-0.004872589372519364,0.00857637159823199,0.9284321007027118,-0.17517504061795505,0.32760882089658083,0.9901291831965912,0.07930162550662628,0.11556579413675062,-0.11519690449062567,-0.009226373623232928,0.9932998274567162,0.0798365441275403,-0.996807968578588,0.0,19.3976250226657,-9.279826959093338,2.990189285689837e-05,0.21065972002334407,NONE
0.0007099964423105121,0.021299893269315362,-7.46813027600277,-3.676843368847382,-9.550895294695382,-7.503637597261565,-3.522140556662843,-9.61695124203758,-8.58513735181493,-3.4621478815611058,-9.951747050231067,-6.454891537421496,-3.8715939567600586,-9.18728208585178,-0.001639790555693727,-0.004865792299703999,0.008581092717690269,0.926193832344972,-0.1780200326951969,0.3323760714692542,0.9901291831965912,0.07930162550662628,0.11556579413675062,-0.11519690449062567,-0.009226373623232928,0.9932998274567162,0.0798365441275403,-0.996807968578588,0.0,19.72123097556998,-9.619150672071976,3.207535129234884e-05,0.22415397394441214,NONE
0.0007199964020401239,0.021599892061203718,-7.468127353312442,-3.6768396560935583,-9.550902876767084,-7.503637597261565,-3.522140556662843,-9.61695124203758,-8.582299428911718,-3.458605604561872,-9.957689767286475,-6.457460247536172,-3.8748000807655965,-9.181905898371419,-0.0016352927721751578,-0.004858983333118096,0.00858580797116679,0.9238431223371937,-0.1809541200885757,0.3372973343108935,0.9901291831965912,0.07930162550662628,0.11556579413675062,-0.11519690449062567,-0.009226373623232928,0.9932998274567162,0.0798365441275403,-0.996807968578588,0.0,20.05663024062474,-9.959620402746415,3.438739155470216e-05,0.2383804751396789,NONE
0.0007299963617697358,0.021899890853092074,-7.468124264341017,-3.6768358287652303,-9.55091069842152,-7.503637597261565,-3.522140556662843,-9.61695124203758,-8.579320200634225,-3.45495530772393,-9.963819544463197,-6.4601568188458875,-3.8781039712182954,-9.176360485292275,-0.0016308068253254523,-0.004852162496953884,0.008590517341908074,0.9213753833862335,-0.1839776797801589,0.3423735039873573,0.9901291831965912,0.07930162550662628,0.11556579413675062,-0.11519690449062567,-0.009226373623232928,0.9932998274567162,0.0798365441275403,-0.996807968578588,0.0,20.40400981160161,-10.300828645134997,3.684546996041149e-05,0.2533667726213735,NONE
0.0007399963214993477,0.02219988964498043,-7.4681210011758905,-3.6768318863894605,-9.550918760808289,-7.503637597261565,-3.522140556662843,-9.61695124203758,-8.576193979954901,-3.451196664948288,-9.970137212378074,-6.4629863949714395,-3.8815059230210838,-9.170645095353017,-0.0016263327310830724,-0.004845329815446193,0.008595220813181712,0.9187859065145485,-0.18709098177078085,0.3476052682717638,0.9901291831965912,0.07930162550662628,0.11556579413675062,-0.11519690449062567,-0.009226373623232928,0.9932998274567162,0.0798365441275403,-0.996807968578588,0.0,20.76354958760197,-10.642375960749112,3.9457325659242315e-05,0.269140258425635,NONE
0.0007499962230212986,0.02249988669063896,-7.468117555660714,-3.6768278286533826,-9.550927064742298,-7.503637597261565,-3.522140556662843,-9.61695124203758,-8.572914916969143,-3.447329478742933,-9.976643387457178,-6.4659542668148,-3.885006114722586,-9.16475917094677,-0.0016218705312838373,-0.0048384853527466175,0.008599918340949843,0.9160698478931929,-0.19029418955637062,0.35299313761322154,0.9901291831965912,0.07930162550662628,0.11556579413675062,-0.11519690449062567,-0.009226373623232928,0.9932998274567162,0.0798365441275403,-0.996807968578588,0.0,21.135423838351542,-10.983877021999366,4.223096512490088e-05,0.28572820184740655,NONE
0.0007599961827509105,0.022799885482527316,-7.468113919388119,-3.676823655375098,-9.550935610747418,-7.503637597261565,-3.522140556662843,-9.61695124203758,-8.569477021834922,-3.4433536994545153,-9.98333841582939,-6.469065851736648,-3.888604591016528,-9.158702399098596,-0.0016174201898345984,-0.00483162905349273,0.00860460996320909,0.9132222478688151,-0.19358734415739692,0.3585373985786058,0.9901291831965912,0.07930162550662628,0.11556579413675062,-0.11519690449062567,-0.009226373623232928,0.9932998274567162,0.0798365441275403,-0.996807968578588,0.0,21.519798783548282,-11.324958399100042,4.5174666622571635e-05,0.30315756530142307,NONE
0.0007699961424805224,0.023099884274415672,-7.468110083706992,-3.6768193665400544,-9.550944399012822,-7.503637597261565,-3.522140556662843,-9.61695124203758,-8.56587414580387,-3.4392694220352324,-9.990222417386018,-6.472326710777002,-3.8923012657438814,-9.15247467141569,-0.0016129817485559203,-0.004824760981851272,0.008609295635929146,0.910238015229073,-0.19697036682984737,0.3642381504218817,0.9901291831965912,0.07930162550662628,0.11556579413675062,-0.11519690449062567,-0.009226373623232928,0.9932998274567162,0.0798365441275403,-0.996807968578588,0.0,21.91683452385249,-11.665264646713768,4.829697516406384e-05,0.32145487251309823,NONE
0.0007799961022101343,0.023399883066304028,-7.468106039722474,-3.676814962293771,-9.550953429363888,-7.503637597261565,-3.522140556662843,-9.61695124203758,-8.562100009748258,-3.43507692202073,-9.997295230032094,-6.475742522778331,-3.896095889243383,-9.146076134601612,-0.0016085552232175818,-0.004817881162224655,0.008613975342461751,0.9071119508564903,-0.20044302922724028,0.3700952588828178,0.9901291831965912,0.07930162550662628,0.11556579413675062,-0.11519690449062567,-0.009226373623232928,0.9932998274567162,0.0798365441275403,-0.996807968578588,0.0,22.326682026341718,-12.004457208275157,5.1606706449547346e-05,0.3406461139223313,NONE
0.0007899960619397461,0.023699881858192384,-7.468101778310515,-3.6768104429563904,-9.550962701291299,-7.503637597261565,-3.522140556662843,-9.61695124203758,-8.55814818368103,-3.4307765925911666,-10.004556427223266,-6.479319102990732,-3.8999881054712833,-9.139507174604041,-0.0016041406295473906,-0.004810989619057019,0.00861864906617962,0.9038387307349128,-0.20400500560005064,0.3761083707040106,0.9901291831965912,0.07930162550662628,0.11556579413675062,-0.11519690449062567,-0.009226373623232928,0.9932998274567162,0.0798365441275403,-0.996807968578588,0.0,22.74948638880029,-12.342212371251723,5.51129279369178e-05,0.36075660285113437,NONE
0.000799996021669358,0.02399988065008074,-7.468097290128784,-3.676805809022677,-9.55097221392194,-7.503637597261565,-3.522140556662843,-9.61695124203758,-8.554012126884578,-3.426369023394759,-10.012005264049106,-6.483062366691862,-3.903977380500397,-9.132768465467187,-0.0015997379832303094,-0.004804086376834189,0.00862331679047705,0.9004129392142245,-0.20765580743723422,0.38227686894866103,0.9901291831965912,0.07930162550662628,0.11556579413675062,-0.11519690449062567,-0.009226373623232928,0.9932998274567162,0.0798365441275403,-0.996807968578588,0.0,23.185382248758575,-12.678223925715798,5.88249514095196e-05,0.3818109007557022,NONE
0.000809995923191309,0.02429987769573927,-7.468092565616675,-3.6768010611911235,-9.55098196596069,-7.503637597261565,-3.522140556662843,-9.61695124203758,-8.54968516087052,-3.4218549799079483,-10.019640736413102,-6.486978353715168,-3.90806302129803,-9.125860915538526,-0.0015953473254315463,-0.004797171500368001,0.008627978471652129,0.8968290465892842,-0.21139480060438337,0.38859992211938105,0.9901291831965912,0.07930162550662628,0.11556579413675062,-0.11519690449062567,-0.009226373623232928,0.9932998274567162,0.0798365441275403,-0.996807968578588,0.0,23.63449702656832,-13.012208024944227,6.275233738328723e-05,0.4038325679948178,NONE
0.0008199958829209208,0.024599876487627625,-7.468087595024403,-3.6767962003348442,-9.550991955734078,-7.503637597261565,-3.522140556662843,-9.61695124203758,-8.545160496782948,-3.4172353806741476,-10.02746150857671,-6.491073203647866,-3.912244196317237,-9.118785733276955,-0.0015909686206365238,-0.00479024493372649,0.008632634147411458,0.8930814317978623,-0.21522122419264755,0.3950764240433721,0.9901291831965912,0.07930162550662628,0.11556579413675062,-0.11519690449062567,-0.009226373623232928,0.9932998274567162,0.0798365441275403,-0.996807968578588,0.0,24.096949445232568,-13.343895444764852,6.690486355864778e-05,0.426844054236912,NONE
0.0008299958426505327,0.02489987527951598,-7.468082368398458,-3.676791227530681,-9.551002181190286,-7.503637597261565,-3.522140556662843,-9.61695124203758,-8.540431252304721,-3.412511342732432,-10.035465908694814,-6.495353140467464,-3.9165198943439012,-9.111544431302569,-0.001586601909995245,-0.004783306741736394,0.008637283774060908,0.8891643964509816,-0.21913415287455174,0.4017049901705413,0.9901291831965912,0.07930162550662628,0.11556579413675062,-0.11519690449062567,-0.009226373623232928,0.9932998274567162,0.0798365441275403,-0.996807968578588,0.0,24.57284796439611,-13.673035712969815,7.12925369228401e-05,0.4508665308646586,NONE
0.0008399958023801446,0.025199874071404338,-7.468076875610708,-3.6767861440810305,-9.551012639739072,-7.503637597261565,-3.522140556662843,-9.61695124203758,-8.53549044582997,-3.4076841867172285,-10.043651956325055,-6.499824477883394,-3.9208889199124193,-9.104138801137657,-0.0015822472090226906,-0.004776356949049125,0.008641927335080308,0.8850721599767725,-0.2231324926935611,0.40848398051626056,0.9901291831965912,0.07930162550662628,0.11556579413675062,-0.11519690449062567,-0.009226373623232928,0.9932998274567162,0.0798365441275403,-0.996807968578588,0.0,25.062291953769133,-13.999400395644484,7.59255816955573e-05,0.47591987308182876,NONE
0.0008499957621097565,0.025499872863292694,-7.468071106387501,-3.676780951492016,-9.55102332844095,-7.503637597261565,-3.522140556662843,-9.61695124203758,-8.530331006428419,-3.402755413748908,-10.05201733940438,-6.504493610353869,-3.925349914226656,-9.096570934452066,-0.001577904533191364,-0.004769395580357627,0.008646564813970782,0.8807988678585001,-0.22721500020771643,0.41541148041404924,0.9901291831965912,0.07930162550662628,0.11556579413675062,-0.11519690449062567,-0.009226373623232928,0.9932998274567162,0.0798365441275403,-0.996807968578588,0.0,25.565372015016674,-14.322779508747661,8.081439038676308e-05,0.5020222845406115,NONE
0.0008599957218393683,0.02579987165518105,-7.46806505031694,-3.6767756514953147,-9.551034243861666,-7.503637597261565,-3.522140556662843,-9.61695124203758,-8.524945800558067,-3.3977267172937506,-10.060559377375501,-6.509366988868642,-3.929901344443377,-9.088843256233732,-0.0015735738979306298,-0.004762422660395622,0.008651196194255322,0.8763386137780106,-0.23138027267375066,0.42248527006163866,0.9901291831965912,0.07930162550662628,0.11556579413675062,-0.11519690449062567,-0.009226373623232928,0.9932998274567162,0.0798365441275403,-0.996807968578588,0.0,26.082168441396863,-14.642979630032963,8.596953167305799e-05,0.5291902932249846,NONE
0.0008699956233613193,0.02609986870083958,-7.468058696848888,-3.676770246040884,-9.551045382130413,-7.503637597261565,-3.522140556662843,-9.61695124203758,-8.51932764439703,-3.3926000188946523,-10.069275033459093,-6.514451109762779,-3.934541471247001,-9.08095851376756,-0.0015692553437300187,-0.0047554382546269374,0.008655821432573634,0.8716854498409792,-0.23562671841406463,0.42970283464849185,0.9901291831965912,0.07930162550662628,0.11556579413675062,-0.11519690449062567,-0.009226373623232928,0.9932998274567162,0.0798365441275403,-0.996807968578588,0.0,26.612750652703202,-14.959827737753011,9.14017442568138e-05,0.5574383477901164,NONE
0.0008799955830909312,0.026399867492727935,-7.46805203535317,-3.6767647373406147,-9.551056738881615,-7.503637597261565,-3.522140556662843,-9.61695124203758,-8.513469316017582,-3.3873774397086454,-10.078160894479971,-6.519752503784577,-3.9392683747512063,-9.072919794824116,-0.0015649488356582635,-0.0047484423065571645,0.008660440566337666,0.8668333966230456,-0.2399525804532875,0.43706134767645893,0.9901291831965912,0.07930162550662628,0.11556579413675062,-0.11519690449062567,-0.009226373623232928,0.9932998274567162,0.0798365441275403,-0.996807968578588,0.0,27.15717773831785,-15.273167398740844,9.712188248478526e-05,0.5867790579505856,NONE
0.000889995542820543,0.02669986628461629,-7.4680450551050255,-3.6767591278392286,-9.551068309196724,-7.503637597261565,-3.522140556662843,-9.61695124203758,-8.507363560909393,-3.3820613013538634,-10.087213181548352,-6.525277731057669,-3.9440799536751507,-9.06473051785964,-0.0015606544141891312,-0.004741434881664697,0.008665053552194726,0.8617764477616199,-0.244355935791864,0.44455767986465705,0.9901291831965912,0.07930162550662628,0.11556579413675062,-0.11519690449062567,-0.009226373623232928,0.9932998274567162,0.0798365441275403,-0.996807968578588,0.0,27.715499107999396,-15.582859587066737,0.00010314093980312578,0.6172225858050634,NONE
0.0008999955025501549,0.026999865076504648,-7.468037745343312,-3.6767534201997263,-9.55108008774974,-7.503637597261565,-3.522140556662843,-9.61695124203758,-8.501003122798222,-3.3766541610277376,-10.09642773211563,-6.531033353236355,-3.9489738934599465,-9.056394448570776,-0.0015563720945809064,-0.004734416004846944,0.008669660373754941,0.8565085954616813,-0.2488346662748733,0.4521883841499366,0.9901291831965912,0.07930162550662628,0.11556579413675062,-0.11519690449062567,-0.009226373623232928,0.9932998274567162,0.0798365441275403,-0.996807968578588,0.0,28.287752728250705,-15.888783506193587,0.00010946997545424608,0.6487767729277547,NONE
0.0009099954622797668,0.027299863868393004,-7.468030095270509,-3.6767476173906983,-9.551092068632586,-7.503637597261565,-3.522140556662843,-9.61695124203758,-8.494380768106126,-3.37115881697359,-10.105799983684351,-6.53702591131771,-3.9539476614764215,-9.047915714338286,-0.001552101892048886,-0.004727385701042254,0.008674261014649938,0.8510238507775719,-0.253386454131666,0.459949682324376,0.9901291831965912,0.07930162550662628,0.11556579413675062,-0.11519690449062567,-0.009226373623232928,0.9932998274567162,0.0798365441275403,-0.996807968578588,0.0,28.87396447348158,-16.190835336369016,0.00011612012773909441,0.6814467418291923,NONE
0.0009199954220093787,0.02759986266028136,-7.467014971126477,-3.6739623848468694,-9.554214658940198,-7.503637597261565,-3.522140556662843,-9.61695124203758,-8.492086684489333,-3.3691239922207004,-10.111693471484672,-6.5371709331664265,-3.9504817329370367,-9.048524819511341,-0.0015478438217651372,-0.004720343995229449,0.00867885545853371,0.8499633701403945,-0.25276423509405926,0.46224723998840517,0.9901291831965912,0.07930162550662628,0.11556579413675062,-0.11519690449062567,-0.009226373623232928,0.9932998274567162,0.0798365441275403,-0.996807968578588,0.0,28.961072398598073,-16.44160850617297,0.000981233006788429,100.667479782188,NONE
0.0009299953235313296,0.02789985970593989,-7.4658332677163655,-3.670721261913765,-9.557851723188522,-7.503637597261565,-3.522140556662843,-9.61695124203758,-8.490383942090405,-3.36755277499401,-10.117195869282902,-6.536461864978788,-3.945725836115605,-9.050469836991056,-0.001543597923537903,-0.004713290953515639,0.008683443662393021,0.8495313378746164,-0.2513795917919979,0.4637939270834116,0.9901291831965912,0.07930162550662628,0.11556579413675062,-0.11519690449062567,-0.009226373623232928,0.9932998274567162,0.0798365441275403,-0.996807968578588,0.0,28.97754151930298,-16.69012985102574,0.001987978137901081,100.6825534914042,NONE
0.0009399952832609415,0.028199858497828245,-7.4646513911966705,-3.667480040493298,-9.561489029115053,-7.503637597261565,-3.522140556662843,-9.61695124203758,-8.488521255603645,-3.3658621466704086,-10.122914212444632,-6.535897552167667,-3.9410780694479848,-9.052219431023193,-0.0015393641630235563,-0.004706226518851376,0.008688025663340078,0.8489668275808602,-0.25009387946851136,0.46551947018323486,0.9901291831965912,0.07930162550662628,0.11556579413675062,-0.11519690449062567,-0.009226373623232928,0.9932998274567162,0.0798365441275403,-0.996807968578588,0.0,29.007988040710536,-16.94549561953388,0.0029948745503389773,100.69776609477498,NONE
0.0009499952429905534,0.0284998572897166,-7.463469340053993,-3.6642387194213155,-9.56512657578847,-7.503637597261565,-3.522140556662843,-9.61695124203758,-8.486497371070339,-3.36405182229494,-10.128848638635066,-6.535479129314628,-3.9365386891970706,-9.05377347495532,-0.0015351425800151097,-0.004699150757358311,0.008692601418369666,0.8482688007633531,-0.24890733343570892,0.46742398420858555,0.9901291831965912,0.07930162550662628,0.11556579413675062,-0.11519690449062567,-0.009226373623232928,0.9932998274567162,0.0798365441275403,-0.996807968578588,0.0,29.052493793480796,-17.20735857172635,0.004001923942508867,100.71315486222136,NONE
0.0009599952027201653,0.028799856081604958,-7.462287112192857,-3.6609972986978176,-9.568764363674434,-7.503637597261565,-3.522140556662843,-9.61695124203758,-8.484310972129055,-3.3621216351855527,-10.1349989944352,-6.5352077864967475,-3.9321078465603936,-9.055132108842098,-0.0015309331895117493,-0.004692063694176549,0.008697170911223922,0.8474361676662209,-0.2478200919021048,0.4695073415622183,0.9901291831965912,0.07930162550662628,0.11556579413675062,-0.11519690449062567,-0.009226373623232928,0.9932998274567162,0.0798365441275403,-0.996807968578588,0.0,29.111130027992836,-17.475345584699177,0.00500912833538969,100.72873600861027,NONE
0.0009699951624497771,0.029099854873493314,-7.461104705983447,-3.6577557783228043,-9.572402392772945,-7.503637597261565,-3.522140556662843,-9.61695124203758,-8.4819606094464,-3.360071526615796,-10.141364957659285,-6.535084835298229,-3.927785594808803,-9.056295624938695,-0.0015267360064697682,-0.004684965354486849,0.008701734125667372,0.8464677278905095,-0.246832203562177,0.47176927509590794,0.9901291831965912,0.07930162550662628,0.11556579413675062,-0.11519690449062567,-0.009226373623232928,0.9932998274567162,0.0798365441275403,-0.996807968578588,0.0,29.183962795938207,-17.74906805003045,0.006016489342707487,100.74451306072986,NONE
0.000979995122179389,0.02939985366538167,-7.459922119097459,-3.654514159227598,-9.57604066215268,-7.503637597261565,-3.522140556662843,-9.61695124203758,-8.4794448026717,-3.357901610854833,-10.147945884560166,-6.535111614106999,-3.9235718320647015,-9.057264605412955,-0.0015225510458016338,-0.004677855763509726,0.008706291045486802,0.8453622558976969,-0.24594357443907341,0.4742092518031349,0.9901291831965912,0.07930162550662628,0.11556579413675062,-0.11519690449062567,-0.009226373623232928,0.9932998274567162,0.0798365441275403,-0.996807968578588,0.0,29.27104405640397,-18.028118098335263,0.00702400930356184,100.76051220762685,NONE
0.0009899950819090009,0.029699852457270026,-7.458739349672245,-3.6512724395495537,-9.579679169950994,-7.503637597261565,-3.522140556662843,-9.61695124203758,-8.476761968978701,-3.3556120811379473,-10.154740895886487,-6.535289555154794,-3.91946637949183,-9.058039844282806,-0.0015183783223768738,-0.004670734946505795,0.00871084165449138,0.8441184407930034,-0.24515404276255764,0.4768265441755136,0.9901291831965912,0.07930162550662628,0.11556579413675062,-0.11519690449062567,-0.009226373623232928,0.9932998274567162,0.0798365441275403,-0.996807968578588,0.0,29.372418369161515,-18.312070955463998,0.00803169042517915,100.7767456368701,NONE
0.0009999950416386127,0.029999851249158382,-7.457556395845162,-3.6480306230139616,-9.583317916167887,-7.503637597261565,-3.522140556662843,-9.61695124203758,-8.473910476871827,-3.353203288588655,-10.161748823405455,-6.535620134821364,-3.9154689256900435,-9.058622401253912,-0.0015142178510209475,-0.004663602928775489,0.008715385936512547,0.842734931326289,-0.24446332047886463,0.4796201835441489,0.9901291831965912,0.07930162550662628,0.11556579413675062,-0.11519690449062567,-0.009226373623232928,0.9932998274567162,0.0798365441275403,-0.996807968578588,0.0,29.488117781450924,-18.600488698509235,0.00903953425639692,100.79322603653844,NONE
0.0010099950013682246,0.03029985004104674,-7.456373253890919,-3.6447887058955315,-9.586956895215424,-7.503637597261565,-3.522140556662843,-9.61695124203758,-8.470888595640037,-3.350675728675151,-10.168968293366525,-6.5361049159327,-3.911579014114918,-9.059013511800622,-0.001510069646516481,-0.004656459735659124,0.008719923875404465,0.8412102955249292,-0.24387099366946374,0.48258903546343623,0.9901291831965912,0.07930162550662628,0.11556579413675062,-0.11519690449062567,-0.009226373623232928,0.9932998274567162,0.0798365441275403,-0.996807968578588,0.0,29.618165606043604,-18.89292922704997,0.010047545426930427,100.80997446168595,NONE
0.0010199948446825147,0.03059984534047544,-7.455189921946871,-3.6415466937821988,-9.59059611268154,-7.503637597261565,-3.522140556662843,-9.61695124203758,-8.467694534151578,-3.3480299725034914,-10.176397644077248,-6.536745519674757,-3.907796137372081,-9.059214693903328,-0.001505933771679034,-0.004649305475889211,0.00872445540232603,0.8395430497725309,-0.24337659342112578,0.485731717466922,0.9901291831965912,0.07930162550662628,0.11556579413675062,-0.11519690449062567,-0.009226373623232928,0.9932998274567162,0.0798365441275403,-0.996807968578588,0.0,29.76257500679687,-19.188936266229984,0.011055724692132785,100.82701468126571,NONE
0.0010299948044121265,0.030899844132363796,-7.454006397219049,-3.638304581086028,-9.594235557390364,-7.503637597261565,-3.522140556662843,-9.61695124203758,-8.46432632156782,-3.345266661337384,-10.184035114566232,-6.537543728469738,-3.9041197031135337,-9.059227523628216,-0.0015018101449061792,-0.004642140008309676,0.008728980606686075,0.8377315622165566,-0.24297958338093467,0.48904677866870266,0.9901291831965912,0.07930162550662628,0.11556579413675062,-0.11519690449062567,-0.009226373623232928,0.9932998274567162,0.0798365441275403,-0.996807968578588,0.0,29.92135775477077,-19.488057659125356,0.012064076553073733,100.84435535605854,NONE
0.0010399947641417384,0.031199842924252152,-7.452822676913487,-3.6350623715323094,-9.597875233067187,-7.503637597261565,-3.522140556662843,-9.61695124203758,-8.46078183979181,-3.342386502579406,-10.19187881158659,-6.538501458318077,-3.900549076757879,-9.059053725446786,-0.0014976988290695587,-0.004634963441602265,0.008733499419614611,0.8357740789016235,-0.24267938007759707,0.4925326461477415,0.9901291831965912,0.07930162550662628,0.11556579413675062,-0.11519690449062567,-0.009226373623232928,0.9932998274567162,0.0798365441275403,-0.996807968578588,0.0,30.094522282338477,-19.789841612885716,0.013072603050204634,100.8620390966824,NONE
0.0010499947238713503,0.03149984171614051,-7.451638756373572,-3.6318200688463333,-9.601515132261428,-7.503637597261565,-3.522140556662843,-9.61695124203758,-8.457058863422684,-3.339390262278512,-10.19992661791626,-6.539620719003496,-3.897083570525505,-9.05869520568523,-0.0014935998387767978,-0.004627775801265796,0.008738011825056098,0.8336687584431254,-0.24247535141173612,0.49618757053522944,0.9901291831965912,0.07930162550662628,0.11556579413675062,-0.11519690449062567,-0.009226373623232928,0.9932998274567162,0.0798365441275403,-0.996807968578588,0.0,30.282070680346376,-20.093834908736554,0.014081309359783134,100.8800772778171,NONE
0.0010599946836009622,0.031799840508028865,-7.450454635599303,-3.6285776693028096,-9.605155258698376,-7.503637597261565,-3.522140556662843,-9.61695124203758,-8.453154982428535,-3.336278772936792,-10.208176368812534,-6.540903696669433,-3.8937224221480524,-9.058153935089305,-0.001489513188591657,-0.004620577112837899,0.00874251780697798,0.8314136025039568,-0.24236680400489596,0.5000097537927088,0.9901291831965912,0.07930162550662628,0.11556579413675062,-0.11519690449062567,-0.009226373623232928,0.9932998274567162,0.0798365441275403,-0.996807968578588,0.0,30.48400501462568,-20.399596300376846,0.015090195346715518,100.89849337461031,NONE
0.001069994643330574,0.03209983929991722,-7.449270306208777,-3.6253351766270283,-9.608795601202162,-7.503637597261565,-3.522140556662843,-9.61695124203758,-8.449067713372273,-3.3330529212187536,-10.216625608189453,-6.542352628060134,-3.8904648344353663,-9.057432120264627,-0.0014854388930342606,-0.004613367401895993,0.00874701734937012,0.8290065588313646,-0.24235300574635327,0.5039971686629674,0.9901291831965912,0.07930162550662628,0.11556579413675062,-0.11519690449062567,-0.009226373623232928,0.9932998274567162,0.0798365441275403,-0.996807968578588,0.0,30.70031859455813,-20.706682638768772,0.01609927030629521,100.91730762922697,NONE
0.001079994603060186,0.03239983809180558,-7.448085768201994,-3.6220925908189896,-9.612436163498076,-7.503637597261565,-3.522140556662843,-9.61695124203758,-8.444794383526421,-3.3297136744310567,-10.225271863324258,-6.5439699376105676,-3.8873099299421727,-9.056532011326103,-0.0014813769665805003,-0.004606146694056082,0.008751510436245846,0.8264454112677628,-0.24243315457005044,0.5081477617383281,0.9901291831965912,0.07930162550662628,0.11556579413675062,-0.11519690449062567,-0.009226373623232928,0.9932998274567162,0.0798365441275403,-0.996807968578588,0.0,30.931005705191613,-21.014669278361914,0.017108533808006143,100.93654270392562,NONE
0.0010899945627897978,0.032699836883693933,-7.44690101599102,-3.6188499118786934,-9.616076941860827,-7.503637597261565,-3.522140556662843,-9.61695124203758,-8.440332239093213,-3.3262620365235245,-10.234112401808229,-6.545758112637927,-3.884256797984132,-9.055456079741141,-0.001477327423662858,-0.004598915014973631,0.00875599705164069,0.8237278810675154,-0.24260641802635102,0.5124592704639509,0.9901291831965912,0.07930162550662628,0.11556579413675062,-0.11519690449062567,-0.009226373623232928,0.9932998274567162,0.0798365441275403,-0.996807968578588,0.0,31.176053398359798,-21.323134523484757,0.018117991815143952,100.95621078627516,NONE
0.0010999945225194097,0.03299983567558229,-7.4457160458505625,-3.61560714353143,-9.619717928839835,-7.503637597261565,-3.522140556662843,-9.61695124203758,-8.435678396554561,-3.3226991104010937,-10.24314436227677,-6.547719761681139,-3.881304445219081,-9.054206906848702,-0.0014732902786691053,-0.004591672390343053,0.008760477179613941,0.8208515803797487,-0.24287188470347265,0.5169293284469862,0.9901291831965912,0.07930162550662628,0.11556579413675062,-0.11519690449062567,-0.009226373623232928,0.9932998274567162,0.0798365441275403,-0.996807968578588,0.0,31.435445312614704,-21.631673532059995,0.019127648581836354,100.97635206680006,NONE
0.0011099944822490215,0.033299834467470646,-7.444530852192687,-3.6123642857771996,-9.623359116984519,-7.503637597261565,-3.522140556662843,-9.61695124203758,-8.430829852338094,-3.319026041006942,-10.252364717960248,-6.549857598628302,-3.878451833067404,-9.052787224026895,-0.001469265545943565,-0.004584418845897565,0.008764950804247464,0.8178140233520841,-0.24322860524367917,0.5215554321449362,0.9901291831965912,0.07930162550662628,0.11556579413675062,-0.11519690449062567,-0.009226373623232928,0.9932998274567162,0.0798365441275403,-0.996807968578588,0.0,31.709161676429705,-21.939893870338274,0.020137510501893274,100.99696251820225,NONE
0.0011199944419786334,0.033599833259359,-7.443345431292104,-3.609121338616002,-9.62700051374546,-7.503637597261565,-3.522140556662843,-9.61695124203758,-8.425783510845301,-3.315244035283943,-10.261770267295255,-6.552174424396809,-3.8756978667094693,-9.051199949627547,-0.0014652532397859978,-0.004577154407409301,0.008769417909646303,0.814612646281953,-0.24367557888066343,0.5263349207250908,0.9901291831965912,0.07930162550662628,0.11556579413675062,-0.11519690449062567,-0.009226373623232928,0.9932998274567162,0.0798365441275403,-0.996807968578588,0.0,31.99717774741034,-22.247416604752697,0.02114758040280229,101.01807859751372,NONE
0.0011299944017082453,0.03389983205124736,-7.442159779423522,-3.605878302047837,-9.630642104221495,-7.503637597261565,-3.522140556662843,-9.61695124203758,-8.420536180346403,-3.311354382392153,-10.271357617112674,-6.554673127104864,-3.8730413767463197,-9.049448133181258,-0.001461253374452426,-0.004569879100688878,0.008773878479938721,0.8112448057571913,-0.2442117366757246,0.5312649930136594,0.9901291831965912,0.07930162550662628,0.11556579413675062,-0.11519690449062567,-0.009226373623232928,0.9932998274567162,0.0798365441275403,-0.996807968578588,0.0,32.29946421519686,-22.553880198028804,0.022157863695145608,101.03969406404717,NONE
0.0011399942450225353,0.03419982735067606,-7.440973890999007,-3.602635176072705,-9.634283895863208,-7.503637597261565,-3.522140556662843,-9.61695124203758,-8.415084546926085,-3.30735843288028,-10.28112326118551,-6.557356702153097,-3.870481138093264,-9.047534969400637,-0.0014572660105015775,-0.004562593036471147,0.008778332447462652,0.8077077585969511,-0.24483595878825404,0.5363427355586405,0.9901291831965912,0.07930162550662628,0.11556579413675062,-0.11519690449062567,-0.009226373623232928,0.9932998274567162,0.0798365441275403,-0.996807968578588,0.0,32.61598969369227,-22.858942065763394,0.023168365050668882,101.06185242841087,NONE
0.0011499942047521472,0.034499826142564416,-7.4397877604306215,-3.5993919681411866,-9.637925873769435,-7.503637597261565,-3.522140556662843,-9.61695124203758,-8.409425263086153,-3.303257606015807,-10.291063411049373,-6.5602281754052125,-3.868015877539723,-9.045463866389193,-0.0014532910692611738,-0.0045552960709990655,0.008782779900096585,0.803998733774322,-0.24554707457561553,0.5415650194174696,0.9901291831965912,0.07930162550662628,0.11556579413675062,-0.11519690449062567,-0.009226373623232928,0.9932998274567162,0.0798365441275403,-0.996807968578588,0.0,32.946714981460474,-23.162272202062407,0.02417909113337302,101.08454613651863,NONE
0.001159994164481759,0.03479982493445277,-7.4386013821304315,-3.5961486782532814,-9.641568030489596,-7.503637597261565,-3.522140556662843,-9.61695124203758,-8.403554879235758,-3.2990533825169774,-10.301174142701363,-6.563290665333317,-3.86564425192403,-9.043238369406643,-0.0014493286113465445,-0.0045479883149582056,0.00878722077014863,0.8001148756097575,-0.24634385626393598,0.5469285970846615,0.9901291831965912,0.07930162550662628,0.11556579413675062,-0.11519690449062567,-0.009226373623232928,0.9932998274567162,0.0798365441275403,-0.996807968578588,0.0,33.291598503243904,-23.463561311814935,0.025190048337066173,101.10780027072255,NONE
0.001169994124211371,0.03509982372634113,-7.437414752373146,-3.5929053064089898,-9.645210366023692,-7.503637597261565,-3.522140556662843,-9.61695124203758,-8.397469852999738,-3.294747331020133,-10.311451399782833,-6.566547378126548,-3.8633648383338843,-9.040862157981797,-0.0014453786508366096,-0.004540669794313289,0.008791655041840159,0.7960532499448654,-0.24722500317989193,0.5524301051308845,0.9901291831965912,0.07930162550662628,0.11556579413675062,-0.11519690449062567,-0.009226373623232928,0.9932998274567162,0.0798365441275403,-0.996807968578588,0.0,33.65059610146554,-23.762522650796654,0.02620124035026805,101.13163104588955,NONE
0.0011799940839409828,0.035399822518229485,-7.436227865570831,-3.5896618526083115,-9.648852880371722,-7.503637597261565,-3.522140556662843,-9.61695124203758,-8.391166623637837,-3.2903410570463616,-10.321890857960781,-6.570001533080799,-3.8611761803987785,-9.03833915472339,-0.0014414412017655313,-0.004533340535066945,0.008796082699416207,0.7918109089378426,-0.24818918406626822,0.5580659579293006,0.9901291831965912,0.07930162550662628,0.11556579413675062,-0.11519690449062567,-0.009226373623232928,0.9932998274567162,0.0798365441275403,-0.996807968578588,0.0,34.023656684968614,-24.058881800447665,0.027212672705756447,101.15603956871428,NONE
0.0011899940436705947,0.03569982131011784,-7.435040716135549,-3.5864183168512467,-9.652495566083106,-7.503637597261565,-3.522140556662843,-9.61695124203758,-8.384641557328859,-3.285836279705011,-10.332488044674996,-6.573656415783786,-3.8590767187121298,-9.035673402488266,-0.0014375162781232293,-0.004526000563260596,0.008800503727145045,0.7873848441500316,-0.24923497348135612,0.5638324531246656,0.9901291831965912,0.07930162550662628,0.11556579413675062,-0.11519690449062567,-0.009226373623232928,0.9932998274567162,0.0798365441275403,-0.996807968578588,0.0,34.41072604604142,-24.35238920399251,0.028224351797341285,101.18104528704626,NONE
0.0011999940034002066,0.0359998201020062,-7.433853298479366,-3.583174706588376,-9.656138408256682,-7.503637597261565,-3.522140556662843,-9.61695124203758,-8.377890959059297,-3.281234762958664,-10.343238295783397,-6.577515367330861,-3.857064867389934,-9.032869103708446,-0.0014336038938550007,-0.004518649904973141,0.008804918109318693,0.7827719964036675,-0.2503609149701174,0.5697257356847615,0.9901291831965912,0.07930162550662628,0.11556579413675062,-0.11519690449062567,-0.009226373623232928,0.9932998274567162,0.0798365441275403,-0.996807968578588,0.0,34.81174750219846,-24.642812668352835,0.029236284289023473,101.20665252198904,NONE
0.0012099939631298184,0.03629981889389455,-7.4326656051517,-3.579931021819699,-9.659781406892451,-7.503637597261565,-3.522140556662843,-9.61695124203758,-8.370911149500605,-3.276538345428499,-10.354136699241533,-6.58158171103727,-3.855138958616253,-9.029930714106575,-0.0014297040628619172,-0.004511288586321661,0.008809325830252691,0.7779693210710151,-0.2515654839946756,0.5757417326673728,0.9901291831965912,0.07930162550662628,0.11556579413675062,-0.11519690449062567,-0.009226373623232928,0.9932998274567162,0.0798365441275403,-0.996807968578588,0.0,35.226656622607614,-24.92993616251851,0.030248477557837106,101.23287719460411,NONE
0.0012199939228594303,0.03659981768578291,-7.431477632427263,-3.5766872625452164,-9.663424554539832,-7.503637597261565,-3.522140556662843,-9.61695124203758,-8.36369835805204,-3.271748961384647,-10.365178244086586,-6.585858860115911,-3.853297237811846,-9.026862764925278,-0.0014258167989998534,-0.004503916633461157,0.008813726874286429,0.7729736947548395,-0.2528470767074778,0.5818762952875254,0.9901291831965912,0.07930162550662628,0.11556579413675062,-0.11519690449062567,-0.009226373623232928,0.9932998274567162,0.0798365441275403,-0.996807968578588,0.0,35.655389594186126,-25.21356958731508,0.03126093615333758,101.25971285749984,NONE
0.0012299938825890422,0.036899816477671266,-7.430289376580762,-3.5734434287649277,-9.667067843748244,-7.503637597261565,-3.522140556662843,-9.61695124203758,-8.356248883041493,-3.266868580050153,-10.37635758998886,-6.590350165254418,-3.8515379186916334,-9.023670086176358,-0.0014219421160806276,-0.004496534072584454,0.008818121225782672,0.767782051211772,-0.2542040602789045,0.5881250016576094,0.9901291831965912,0.07930162550662628,0.11556579413675062,-0.11519690449062567,-0.009226373623232928,0.9932998274567162,0.0798365441275403,-0.996807968578588,0.0,36.09787331614144,-25.493532067154188,0.03227366462507142,101.28718680641752,NONE
0.001239993842318654,0.03719981526955962,-7.429100830161619,-3.5701995279294136,-9.670711274517688,-7.503637597261565,-3.522140556662843,-9.61695124203758,-8.348558943179782,-3.2618992904688078,-10.38766931483691,-6.595059042256679,-3.8498591204899744,-9.02035759626497,-0.0014180800278708022,-0.004489140929921981,0.008822508869128361,0.7623912612709143,-0.25563470870485516,0.5944833559008432,0.9901291831965912,0.07930162550662628,0.11556579413675062,-0.11519690449062567,-0.009226373623232928,0.9932998274567162,0.0798365441275403,-0.996807968578588,0.0,36.55403525061596,-25.76966908647228,0.03328666975923511,101.31528635327835,NONE
0.001249993802048266,0.03749981406144798,-7.427911985719251,-3.5669555525880936,-9.67435482449642,-7.503637597261565,-3.522140556662843,-9.61695124203758,-8.340624787603707,-3.256843225149295,-10.399107730829526,-6.599988879327126,-3.848258894596136,-9.0169304119768,-0.0014142305480927947,-0.004481737231741763,0.008826889788733866,0.7567982209898175,-0.2571372475855829,0.6009466603707504,0.9901291831965912,0.07930162550662628,0.11556579413675062,-0.11519690449062567,-0.009226373623232928,0.9932998274567162,0.0798365441275403,-0.996807968578588,0.0,37.02379747612763,-26.041840500240458,0.03429996210680386,101.34401663207498,NONE
0.001259993645362556,0.03779980936087668,-7.426722839528369,-3.563711517642129,-9.677998508585604,-7.503637597261565,-3.522140556662843,-9.61695124203758,-8.332442688112577,-3.2517026125055453,-10.410666979715376,-6.605143051217511,-3.8467352480306367,-9.013393875758158,-0.00141039373501719,-0.0044743230907238595,0.008831263918150865,0.7509998421282895,-0.25870984153264864,0.6075100451987904,0.9901291831965912,0.07930162550662628,0.11556579413675062,-0.11519690449062567,-0.009226373623232928,0.9932998274567162,0.0798365441275403,-0.996807968578588,0.0,37.50707810715109,-26.30992285459984,0.03531354245254903,101.37337714229749,NONE
0.0012699936050921679,0.038099808152765036,-7.425533384138393,-3.560467423091519,-9.681642289532336,-7.503637597261565,-3.522140556662843,-9.61695124203758,-8.324008973647283,-3.2464797530891722,-10.422340910926163,-6.610524873741861,-3.845286093959771,-9.0097534957534,-0.0014065695129422573,-0.004466898360584452,0.008835631343682444,0.7449930869154007,-0.26035058298721675,0.6141684413794629,0.9901291831965912,0.07930162550662628,0.11556579413675062,-0.11519690449062567,-0.009226373623232928,0.9932998274567162,0.0798365441275403,-0.996807968578588,0.0,38.00378918638597,-26.57380806604681,0.03632742247866716,101.40338409881284,NONE
0.0012799935648217797,0.03839980694465339,-7.424343615824031,-3.5572232614856842,-9.685286189688357,-7.503637597261565,-3.522140556662843,-9.61695124203758,-8.315319945050277,-3.241177008911542,-10.434123312555496,-6.616137695306847,-3.8439092755905886,-9.00601494941886,-0.0014027579401961255,-0.004459463153955773,0.00883999199884947,0.7387748911927954,-0.26205750725175936,0.6209166796246238,0.9901291831965912,0.07930162550662628,0.11556579413675062,-0.11519690449062567,-0.009226373623232928,0.9932998274567162,0.0798365441275403,-0.996807968578588,0.0,38.513843766477315,-26.833407340492236,0.03734160388142094,101.4340172594561,NONE
0.0012899935245513916,0.03869980573654175,-7.423153530859994,-3.5539790402752045,-9.688930194152507,-7.503637597261565,-3.522140556662843,-9.61695124203758,-8.306372007275494,-3.235796845560356,-10.44600766936643,-6.621984769879461,-3.8426025705939235,-9.002184118317395,-0.0013989590303215115,-0.00445201749725525,0.008844345868158408,0.73234227712871,-0.2638285761015511,0.6277493700213198,0.9901291831965912,0.07930162550662628,0.11556579413675062,-0.11519690449062567,-0.009226373623232928,0.9932998274567162,0.0798365441275403,-0.996807968578588,0.0,39.03714754318081,-27.088644629483646,0.038356091480554966,101.46528528500801,NONE
0.0012999934842810035,0.038999804528430104,-7.422217425012636,-3.5518112193447235,-9.687080065978678,-7.503637597261565,-3.522140556662843,-9.61695124203758,-8.302817432460351,-3.2320975348772274,-10.446558753262835,-6.623423881030618,-3.8418239662393487,-8.998155847191931,-0.0013951727968159779,-0.004444561416937611,0.008848692936139803,0.7301711093172757,-0.26509844841831376,0.6297403939438707,0.9901291831965912,0.07930162550662628,0.11556579413675062,-0.11519690449062567,-0.009226373623232928,0.9932998274567162,0.0798365441275403,-0.996807968578588,0.0,39.220578730306876,-27.10708863080659,0.03966868045384331,151.5741580166117,NONE
0.0013099934440106153,0.03929980332031846,-7.421451818251657,-3.550383002648938,-9.68150278486124,-7.503637597261565,-3.522140556662843,-9.61695124203758,-8.30289937369362,-3.2295313004449757,-10.439516954774817,-6.62188946225477,-3.8414280470828976,-8.993907031905486,-0.0013913992531322402,-0.004437094939494581,0.008853033187348423,0.7308738745386306,-0.2660420637556183,0.6285260534214486,0.9901291831965912,0.07930162550662628,0.11556579413675062,-0.11519690449062567,-0.009226373623232928,0.9932998274567162,0.0798365441275403,-0.996807968578588,0.0,39.17700383427129,-26.970185588017152,0.04118453287775381,151.59750462779056,NONE
0.0013199934037402272,0.03959980211220682,-7.420685954445648,-3.5489546965461853,-9.675925771964701,-7.503637597261565,-3.522140556662843,-9.61695124203758,-8.302799384844796,-3.2268706108725556,-10.432641588673189,-6.620519582309311,-3.841117637812935,-8.989507757084423,-0.0013876384126776007,-0.0044296180914544575,0.008857366606363286,0.7314260011023846,-0.26706392475668667,0.6274494919951158,0.9901291831965912,0.07930162550662628,0.11556579413675062,-0.11519690449062567,-0.009226373623232928,0.9932998274567162,0.0798365441275403,-0.996807968578588,0.0,39.14604478993255,-26.83512316973922,0.04270061590240637,151.620773068987,NONE
0.001329993363469839,0.03989980090409517,-7.419919829869317,-3.5475262861353043,-9.670349034739646,-7.503637597261565,-3.522140556662843,-9.61695124203758,-8.302517827710037,-3.224115758269991,-10.425933242002474,-6.619313905903912,-3.8408924450380075,-8.984957504428817,-0.0013838902888147198,-0.00442213089938303,0.00886169317778744,0.7318277920896198,-0.2681637768556594,0.6265111902494166,0.9901291831965912,0.07930162550662628,0.11556579413675062,-0.11519690449062567,-0.009226373623232928,0.9932998274567162,0.0798365441275403,-0.996807968578588,0.0,39.12769259140813,-26.70205213921022,0.04421693353697265,151.643993056036,NONE
0.001339993323199451,0.04019979969598353,-7.419153448247957,-3.546097786317456,-9.664772588087233,-7.503637597261565,-3.522140556662843,-9.61695124203758,-8.302054884790214,-3.221267142776002,-10.419392489732843,-6.618272274596278,-3.8407521342097293,-8.980255780800416,-0.0013801548948605767,-0.004414633389882195,0.008866012886248569,0.7320793957364937,-0.26934130062335976,0.6257116125793156,0.9901291831965912,0.07930162550662628,0.11556579413675062,-0.11519690449062567,-0.009226373623232928,0.9932998274567162,0.0798365441275403,-0.996807968578588,0.0,39.12194162577151,-26.571126537740113,0.045733479189186355,151.66716508944734,NONE
0.0013499932829290628,0.040499798487871885,-7.418386802130985,-3.5446691970926407,-9.659196417106303,-7.503637597261565,-3.522140556662843,-9.61695124203758,-8.301410772106601,-3.218325212110999,-10.413019580392207,-6.617394478224183,-3.8406962992002653,-8.975402332341167,-0.001376432244087185,-0.004407125589591082,0.008870325716398742,0.7321809973401822,-0.27059612482142015,0.625050977413496,0.9901291831965912,0.07930162550662628,0.11556579413675062,-0.11519690449062567,-0.009226373623232928,0.9932998274567162,0.0798365441275403,-0.996807968578588,0.0,39.128774934911256,-26.44248921597928,0.04725026195814763,151.69032351853866,NONE
0.0013599932426586747,0.04079979727976024,-7.417619898968982,-3.543240518460858,-9.653620536698016,-7.503637597261565,-3.522140556662843,-9.61695124203758,-8.300585482102043,-3.215290449180792,-10.40681481485821,-6.616680537851746,-3.840724501965055,-8.97039691454255,-0.0013727223497211085,-0.004399607525185018,0.008874631652914203,0.7321325844566514,-0.271927849036636,0.6245295218763743,0.9901291831965912,0.07930162550662628,0.11556579413675062,-0.11519690449062567,-0.009226373623232928,0.9932998274567162,0.0798365441275403,-0.996807968578588,0.0,39.14818273621575,-26.31628464534212,0.048767272744754564,151.71347589739602,NONE
0.0013699932023882866,0.0410997960716486,-7.416852738761949,-3.5418117504221085,-9.648044931961211,-7.503637597261565,-3.522140556662843,-9.61695124203758,-8.299579024212937,-3.2121634341308463,-10.400778206190404,-6.6161304449192,-3.8408362162533063,-8.965239487140199,-0.0013690252249438594,-0.00439207922337593,0.008878930680495918,0.7319341649103202,-0.2733359922271565,0.6241472691522638,0.9901291831965912,0.07930162550662628,0.11556579413675062,-0.11519690449062567,-0.009226373623232928,0.9932998274567162,0.0798365441275403,-0.996807968578588,0.0,39.18014494019607,-26.192648968030593,0.05028451327107142,151.73663149066238,NONE
0.0013799930457025766,0.0413997913710773,-7.416085317784595,-3.5403828780752304,-9.642469610346469,-7.503637597261565,-3.522140556662843,-9.61695124203758,-8.298391210646052,-3.2089447504824546,-10.394909753209213,-6.61574436266955,-3.8410308843339815,-8.95993006541312,-0.0013653409257084652,-0.004384540798731498,0.008883222733942755,0.7315855860767402,-0.27482005819631594,0.6239042120852578,0.9901291831965912,0.07930162550662628,0.11556579413675062,-0.11519690449062567,-0.009226373623232928,0.9932998274567162,0.0798365441275403,-0.996807968578588,0.0,39.22464600025063,-26.07171522266618,0.05180198754627163,151.75981125003955,NONE
0.0013899930054321885,0.041699790162965655,-7.41531763231163,-3.5389539312225464,-9.636894571853789,-7.503637597261565,-3.522140556662843,-9.61695124203758,-8.297021809904084,-3.2056351186045826,-10.389209267950129,-6.615522493989826,-3.8413079095953995,-8.954468819864195,-0.0013616693793221475,-0.004376992102515848,0.008887507897938778,0.7310866590931557,-0.2763794743438335,0.6238001948199716,0.9901291831965912,0.07930162550662628,0.11556579413675062,-0.11519690449062567,-0.009226373623232928,0.9932998274567162,0.0798365441275403,-0.996807968578588,0.0,39.28166463047692,-25.953610601447078,0.053319696895499646,151.78304247126886,NONE
0.0013999929651618004,0.04199978895485401,-7.414549689793634,-3.537524880061734,-9.631319816483172,-7.503637597261565,-3.522140556662843,-9.61695124203758,-8.295470527549687,-3.202235256750733,-10.383676404610576,-6.615465120173591,-3.841666583672714,-8.94885606417144,-0.0013580106417960458,-0.004369433249250347,0.008891786107251385,0.7304371336417809,-0.2780136204008613,0.6238349306257105,0.9901291831965912,0.07930162550662628,0.11556579413675062,-0.11519690449062567,-0.009226373623232928,0.9932998274567162,0.0798365441275403,-0.996807968578588,0.0,39.351176197424266,-25.838454961628376,0.054837636305093085,151.80632807495363,NONE
0.0014099929248914123,0.04229978774674237,-7.413781486505317,-3.5360957543951157,-9.625745336784037,-7.503637597261565,-3.522140556662843,-9.61695124203758,-8.293736916484251,-3.1987459832556295,-10.378310724477553,-6.6155726396801295,-3.842106221089362,-8.943092182083042,-0.001354364726129871,-0.004361864265791922,0.00889605734667995,0.7296366420887488,-0.2797218425364055,0.6240080619106565,0.9901291831965912,0.07930162550662628,0.11556579413675062,-0.11519690449062567,-0.009226373623232928,0.9932998274567162,0.0798365441275403,-0.996807968578588,0.0,39.433157310870655,-25.726362894121316,0.05635580796122852,151.82969414678846,NONE
0.0014199928846210241,0.042599786538630724,-7.4130130224466795,-3.534666524420369,-9.620171147657546,-7.503637597261565,-3.522140556662843,-9.61695124203758,-8.291820442010222,-3.195168137790202,-10.373111686071534,-6.615845537534374,-3.8426260033425734,-8.937177693193888,-0.0013507316452775885,-0.0043542851790332035,0.008900321601048712,0.728684741076456,-0.2815034198053787,0.6243191273381066,0.9901291831965912,0.07930162550662628,0.11556579413675062,-0.11519690449062567,-0.009226373623232928,0.9932998274567162,0.0798365441275403,-0.996807968578588,0.0,39.527582321012986,-25.61744391838061,0.05787421250521518,151.85315016044316,NONE
0.001429992844350636,0.04289978533051908,-7.41224429016714,-3.5332372199398163,-9.614597234202536,-7.503637597261565,-3.522140556662843,-9.61695124203758,-8.28972052126356,-3.191502690815887,-10.368078531287496,-6.616284328244124,-3.8432251069614236,-8.931113256764121,-0.0013471114121476088,-0.004346696015903019,0.00890457885520654,0.7275809534867114,-0.2833575722371898,0.6247675106623372,0.9901291831965912,0.07930162550662628,0.11556579413675062,-0.11519690449062567,-0.009226373623232928,0.9932998274567162,0.0798365441275403,-0.996807968578588,0.0,39.63442032007539,-25.511798646907863,0.05939285667278149,151.8767168585926,NONE
0.0014399928040802479,0.043199784122407436,-7.410886898690509,-3.5299332599741104,-9.611182208431872,-7.503637597261565,-3.522140556662843,-9.61695124203758,-8.290706196086777,-3.189315280793278,-10.362433488483672,-6.612801537928506,-3.8389083229228858,-8.929721082678663,-0.0013435040396029396,-0.0043390968033657626,0.008908829094027454,0.7295237644166398,-0.28243175744765564,0.6229184373065256,0.9901291831965912,0.07930162550662628,0.11556579413675062,-0.11519690449062567,-0.009226373623232928,0.9932998274567162,0.0798365441275403,-0.996807968578588,0.0,39.47396500012138,-25.470757232722313,0.06139351914788982,203.09292552939445,NONE
0.0014499927638098598,0.04349978291429579,-7.409491937661218,-3.5265062909227494,-9.607910703195246,-7.503637597261565,-3.522140556662843,-9.61695124203758,-8.291719301962944,-3.1871421394382744,-10.35690198482409,-6.609222215916603,-3.8343440049496014,-8.928499625289414,-0.00133990954046053,-0.004331487568421836,0.008913072302410001,0.7315204721940612,-0.2813921154397075,0.6210445041455114,0.9901291831965912,0.07930162550662628,0.11556579413675062,-0.11519690449062567,-0.009226373623232928,0.9932998274567162,0.0798365441275403,-0.996807968578588,0.0,39.30757931660156,-25.43623065221334,0.06342454908944006,203.11509753542347,NONE
0.0014599927235394716,0.04379978170618415,-7.408096727037477,-3.5230792622667435,-9.604639458728942,-7.503637597261565,-3.522140556662843,-9.61695124203758,-8.292546271085577,-3.1848830636836967,-10.351535318195742,-6.605811262821867,-3.829857524522706,-8.927129141305508,-0.0013363279274916638,-0.004323868338106829,0.008917308465278068,0.7333630470711784,-0.2804236786256562,0.6193070334305362,0.9901291831965912,0.07930162550662628,0.11556579413675062,-0.11519690449062567,-0.009226373623232928,0.9932998274567162,0.0798365441275403,-0.996807968578588,0.0,39.15353304961831,-25.40444333441447,0.06545580075235513,203.13704976109392,NONE
0.0014699926832690835,0.044099780498072505,-7.406701270544576,-3.519652174006093,-9.601368467582377,-7.503637597261565,-3.522140556662843,-9.61695124203758,-8.293188342314973,-3.1825375302958223,-10.346335230714539,-6.602567561976831,-3.825449356268268,-8.925608036242064,-0.001332759213421949,-0.004316239139492271,0.008921537567580526,0.7350525131904967,-0.27952688085758515,0.6177074758575974,0.9901291831965912,0.07930162550662628,0.11556579413675062,-0.11519690449062567,-0.009226373623232928,0.9932998274567162,0.0798365441275403,-0.996807968578588,0.0,39.01184311704398,-25.375472153545154,0.06748727130914922,203.15878331310023,NONE
0.0014799926429986954,0.04439977928996086,-7.405305571907806,-3.5162250261407975,-9.598097740931424,-7.503637597261565,-3.522140556662843,-9.61695124203758,-8.29364669665755,-3.180105125909133,-10.341303330481301,-6.599490049193367,-3.8211198751507487,-8.923934872702016,-0.001329203410931251,-0.004308599999684793,0.008925759594291118,0.7365898467235582,-0.27870206488765914,0.6162471555562107,0.9901291831965912,0.07930162550662628,0.11556579413675062,-0.11519690449062567,-0.009226373623232928,0.9932998274567162,0.0798365441275403,-0.996807968578588,0.0,38.8825222891906,-25.34939220788194,0.06951895577975442,203.18032840778721,NONE
0.0014899926027283072,0.04469977808184922,-7.403909631127166,-3.5127978186708573,-9.594827275050791,-7.503637597261565,-3.522140556662843,-9.61695124203758,-8.293922390036581,-3.177585449538506,-10.336441087051819,-6.596577766641946,-3.8168694449043343,-8.922108310544665,-0.001325660532653278,-0.004300950945826623,0.008929974530409014,0.7379759232150584,-0.2779495632025339,0.6149272941335445,0.9901291831965912,0.07930162550662628,0.11556579413675062,-0.11519690449062567,-0.009226373623232928,0.9932998274567162,0.0798365441275403,-0.996807968578588,0.0,38.76558409307271,-25.326272116399416,0.0715508545946868,203.20170368011532,NONE
0.0014999924460425973,0.04499977338127792,-7.402513444477367,-3.5093705515962723,-9.59155706994048,-7.503637597261565,-3.522140556662843,-9.61695124203758,-8.29401640981919,-3.1749782016243815,-10.331749820957794,-6.593829811575907,-3.812698337259936,-8.920127151913794,-0.0013221306321945935,-0.004293292094314532,0.008934182312013903,0.7392115644536008,-0.2772696241893716,0.6137489865408698,0.9901291831965912,0.07930162550662628,0.11556579413675062,-0.11519690449062567,-0.009226373623232928,0.9932998274567162,0.0798365441275403,-0.996807968578588,0.0,38.661038156939824,-25.306177602145876,0.07358297144246606,203.2229126568727,NONE
0.0015099924057722092,0.045299772173166275,-7.401117026859569,-3.5059432100158814,-9.58828713305107,-7.503637597261565,-3.522140556662843,-9.61695124203758,-8.293929667217547,-3.172283118354728,-10.32723071820575,-6.591245385851396,-3.8086067631038047,-8.917990335190176,-0.001318613639909159,-0.004285623294036487,0.008938383022127211,0.7402975136374571,-0.27666245423872915,0.6127132100067716,0.9901291831965912,0.07930162550662628,0.11556579413675062,-0.11519690449062567,-0.009226373623232928,0.9932998274567162,0.0798365441275403,-0.996807968578588,0.0,38.568892522911455,-25.289168705336916,0.07561529188967064,203.2439831343105,NONE
0.001519992365501821,0.04559977096505463,-7.399720363372611,-3.502515823732007,-9.585017464382561,-7.503637597261565,-3.522140556662843,-9.61695124203758,-8.293662895083783,-3.16950001778693,-10.322884872918904,-6.588823796279158,-3.8045949443124023,-8.915696867893052,-0.0013151096094621423,-0.004277944661344619,0.008942576596796351,0.7412343907846195,-0.2761282289241183,0.6118208717503709,0.9901291831965912,0.07930162550662628,0.11556579413675062,-0.11519690449062567,-0.009226373623232928,0.9932998274567162,0.0798365441275403,-0.996807968578588,0.0,38.489157171044525,-25.27530151153365,0.07764782832700234,203.2649175325223,NONE
0.001529992325231433,0.04589976975694299,-7.398323468917655,-3.4990883629423264,-9.581748060209664,-7.503637597261565,-3.522140556662843,-9.61695124203758,-8.293216810651309,-3.166628763396484,-10.318713195872238,-6.586564420673748,-3.800662947891252,-8.91324591675261,-0.00131161855330355,-0.0042702562235212614,0.008946763021121395,0.7420227782511135,-0.2756670367368558,0.6110727300520126,0.9901291831965912,0.07930162550662628,0.11556579413675062,-0.11519690449062567,-0.009226373623232928,0.9932998274567162,0.0798365441275403,-0.996807968578588,0.0,38.421836569135316,-25.26462734192896,0.0796805687942772,203.28573317306967,NONE
0.0015399922849610448,0.046199768548831344,-7.39692633604412,-3.495660842548001,-9.578478926120313,-7.503637597261565,-3.522140556662843,-9.61695124203758,-8.29259202822278,-3.16366928720214,-10.314716431701715,-6.584466687591327,-3.79681086392427,-8.91063681696525,-0.0013081404838372486,-0.004262558007883541,0.00895094228022788,0.7426631915788926,-0.2752789464009261,0.6104693977115062,0.9901291831965912,0.07930162550662628,0.11556579413675062,-0.11519690449062567,-0.009226373623232928,0.9932998274567162,0.0798365441275403,-0.996807968578588,0.0,38.36693267583357,-25.257187847965454,0.08171351884107025,203.3064626923908,NONE
0.0015499922446906567,0.0464997673407197,-7.395528964752006,-3.492233262549031,-9.575210063977154,-7.503637597261565,-3.522140556662843,-9.61695124203758,-8.291789024550702,-3.160621592244583,-10.310895251349509,-6.582530164569005,-3.7930386896532475,-8.907868963470602,-0.0013046754134208437,-0.00425485004178359,0.008955114359266887,0.7431560260789989,-0.27496395539507146,0.6100114295125685,0.9901291831965912,0.07930162550662628,0.11556579413675062,-0.11519690449062567,-0.009226373623232928,0.9932998274567162,0.0798365441275403,-0.996807968578588,0.0,38.32444844453396,-25.253023716935402,0.08374667825212434,203.3271096172739,NONE
0.0015599922044202685,0.046799766132608056,-7.394131362491893,-3.4888056229454163,-9.571941470054897,-7.503637597261565,-3.522140556662843,-9.61695124203758,-8.290808155472215,-3.157485722203742,-10.30725020922139,-6.5807545430354075,-3.7893463854560565,-8.904941846261883,-0.0013012233543659494,-0.004247132352607899,0.008959279243414725,0.7435015706246988,-0.2747220275010063,0.6096992882432639,0.9901291831965912,0.07930162550662628,0.11556579413675062,-0.11519690449062567,-0.009226373623232928,0.9932998274567162,0.0798365441275403,-0.996807968578588,0.0,38.29438715809633,-25.25216978445422,0.08578004008091611,203.34769821718191,NONE
0.0015699921641498804,0.04709976492449641,-7.392733521813201,-3.4853779237371567,-9.568673148078831,-7.503637597261565,-3.522140556662843,-9.61695124203758,-8.289649758284519,-3.154261803852477,-10.303781622726081,-6.579139502818743,-3.7857338363368527,-8.901855184521688,-0.0012977843189378026,-0.0042394049677776805,0.008963436917873548,0.7437001110720767,-0.2745530576019023,0.6095332340019103,0.9901291831965912,0.07930162550662628,0.11556579413675062,-0.11519690449062567,-0.009226373623232928,0.9932998274567162,0.0798365441275403,-0.996807968578588,0.0,38.2767438450823,-25.25465090649617,0.0878136112739707,203.36825065386356,NONE
0.0015799921238794923,0.04739976371638477,-7.391335450166511,-3.4819501649242524,-9.565405098048958,-7.503637597261565,-3.522140556662843,-9.61695124203758,-8.288313983611078,-3.1509499940416568,-10.300489778209611,-6.577684921497263,-3.782200900015985,-8.898608718505116,-0.001294358319355391,-0.0042316679147484165,0.008967587367871042,0.7437517661364412,-0.2744569156410124,0.6095135042193459,0.9901291831965912,0.07930162550662628,0.11556579413675062,-0.11519690449062567,-0.009226373623232928,0.9932998274567162,0.0798365441275403,-0.996807968578588,0.0,38.27151867489736,-25.260489305336925,0.08984738445424689,203.38877287420044,NONE
0.0015899920836091042,0.047699762508273125,-7.3899371401012415,-3.4785223465067032,-9.562137319033953,-7.503637597261565,-3.522140556662843,-9.61695124203758,-8.286800892181471,-3.147550545005819,-10.297374808833947,-6.5763907297740625,-3.778747347691138,-8.895202325644632,-0.0012909453677913188,-0.0042239212210104455,0.008971730578660483,0.7436565923510476,-0.2744333924718779,0.6096402100823107,0.9901291831965912,0.07930162550662628,0.11556579413675062,-0.11519690449062567,-0.009226373623232928,0.9932998274567162,0.0798365441275403,-0.996807968578588,0.0,38.278708053121974,-25.269702313818794,0.09188136710641359,203.40928672756212,NONE
0.001599992043338716,0.04799976130016148,-7.3885385990679735,-3.475094453583348,-9.55886981196514,-7.503637597261565,-3.522140556662843,-9.61695124203758,-8.285110498166826,-3.1440637215293252,-10.29443665037863,-6.575256929003507,-3.7753729107580085,-8.891636065970827,-0.0012875454763718525,-0.004216164914087589,0.008975866535521008,0.7434145952884005,-0.27448225618638417,0.6099132975686102,0.9901291831965912,0.07930162550662628,0.11556579413675062,-0.11519690449062567,-0.009226373623232928,0.9932998274567162,0.0798365441275403,-0.996807968578588,0.0,38.2983044276211,-25.28229592382543,0.09391555292748954,203.42981326900255,NONE
0.001609992003068328,0.04829976009204984,-7.387139819616126,-3.4716665159565094,-9.555602575445535,-7.503637597261565,-3.522140556662843,-9.61695124203758,-8.283242654437561,-3.1404899104880135,-10.291675163582683,-6.574283638438039,-3.7720772951170134,-8.887910063143352,-0.0012841586571769956,-0.004208399021538485,0.008979995223757394,0.7430256591302269,-0.27460321070826077,0.6103326523649267,0.9901291831965912,0.07930162550662628,0.11556579413675062,-0.11519690449062567,-0.009226373623232928,0.9932998274567162,0.0798365441275403,-0.996807968578588,0.0,38.33030133629961,-25.2982740067684,0.09594994709258309,203.45037224017693,NONE
0.001619991846382618,0.04859975539147854,-7.385740809196281,-3.468238518725026,-9.552335610290045,-7.503637597261565,-3.522140556662843,-9.61695124203758,-8.281197150710918,-3.1368295263505797,-10.28909005364695,-6.573471063034466,-3.768860096384973,-8.884024586129055,-0.0012807849614394616,-0.004200623661529545,0.008984116580763094,0.7424896033375874,-0.2747959000149537,0.6108980293556068,0.9901291831965912,0.07930162550662628,0.11556579413675062,-0.11519690449062567,-0.009226373623232928,0.9932998274567162,0.0798365441275403,-0.996807968578588,0.0,38.374689040510376,-25.31763385697567,0.09798454331216888,203.47096011429704,NONE
0.0016299918061122298,0.048899754183366895,-7.384341567808437,-3.4648104618888977,-9.549068915567348,-7.503637597261565,-3.522140556662843,-9.61695124203758,-8.278973639990753,-3.133083008050957,-10.286680901224127,-6.572819517553494,-3.7657209164042786,-8.879980013542356,-0.0012774243225950014,-0.004192838680649914,0.00898823068785417,0.7418061401901126,-0.2750599601536182,0.6116090816007699,0.9901291831965912,0.07930162550662628,0.11556579413675062,-0.11519690449062567,-0.009226373623232928,0.9932998274567162,0.0798365441275403,-0.996807968578588,0.0,38.43145853244084,-25.340364178287047,0.10001934169387461,203.4916130545893,NONE
0.0016399917658418417,0.04919975297525525,-7.382824331575679,-3.461280585418332,-9.5463476751726,-7.503637597261565,-3.522140556662843,-9.61695124203758,-8.277210188196259,-3.129178438830989,-10.284089630940818,-6.5715256238138995,-3.7625309242701515,-8.877140877071014,-0.0012740767919358484,-0.004185044197022699,0.008992337482390927,0.7416019845140694,-0.2753706458431141,0.6117168495086105,0.9901291831965912,0.07930162550662628,0.11556579413675062,-0.11519690449062567,-0.009226373623232928,0.9932998274567162,0.0798365441275403,-0.996807968578588,0.0,38.45121019596805,-25.324143541939037,0.10211600881494043,226.08697916236608,NONE
0.0016499917255714536,0.04949975176714361,-7.380989968830394,-3.4574753205877427,-9.5451108247768,-7.503637597261565,-3.522140556662843,-9.61695124203758,-8.277000405843053,-3.124987166157197,-10.280704471785338,-6.568217601838662,-3.7590758077139985,-8.877852760667038,-0.0012707423813559035,-0.004177240238341935,0.008996436949781745,0.7429490452193002,-0.2756907137203486,0.6099355265731744,0.9901291831965912,0.07930162550662628,0.11556579413675062,-0.11519690449062567,-0.009226373623232928,0.9932998274567162,0.0798365441275403,-0.996807968578588,0.0,38.34951237561484,-25.19567842827803,0.10437696618638448,226.10706103289203,NONE
0.0016599916853010654,0.04979975055903196,-7.379155375117111,-3.4536700110536698,-9.54387421931884,-7.503637597261565,-3.522140556662843,-9.61695124203758,-8.27660954751606,-3.1207126107770895,-10.277492967468273,-6.565073393662473,-3.7556961517674603,-8.878407588828571,-0.0012674211027024357,-0.004169426832335251,0.009000529075461365,0.7441461538493854,-0.2760798004305961,0.6082979907129146,0.9901291831965912,0.07930162550662628,0.11556579413675062,-0.11519690449062567,-0.009226373623232928,0.9932998274567162,0.0798365441275403,-0.996807968578588,0.0,38.26029421069277,-25.07024968309646,0.10663812748460622,226.1269890709285,NONE
0.0016699916450306773,0.05009974935092032,-7.377320557886409,-3.449864641914952,-9.54263786066136,-7.503637597261565,-3.522140556662843,-9.61695124203758,-8.27603845190285,-3.1163547039127835,-10.274456388590252,-6.562092252719639,-3.7523919904010268,-8.878804212544193,-0.0012641129677759453,-0.00416160400676398,0.009004613844889956,0.7451939996448739,-0.27653795064706244,0.6068052939330694,0.9901291831965912,0.07930162550662628,0.11556579413675062,-0.11519690449062567,-0.009226373623232928,0.9932998274567162,0.0798365441275403,-0.996807968578588,0.0,38.183555290723724,-24.948018345958495,0.10889948629899848,226.14677618955187,NONE
0.0016799916047602892,0.050399748142808676,-7.37548551713829,-3.4460592131715897,-9.541401750667008,-7.503637597261565,-3.522140556662843,-9.61695124203758,-8.275287890317413,-3.111913401605962,-10.271595803933625,-6.559273479350116,-3.7491633634893518,-8.879041665872135,-0.0012608179883303516,-0.004153771789422713,0.009008691243554533,0.7460932221596942,-0.27706520081886515,0.6054583208963003,0.9901291831965912,0.07930162550662628,0.11556579413675062,-0.11519690449062567,-0.009226373623232928,0.9932998274567162,0.0798365441275403,-0.996807968578588,0.0,38.11929129029696,-24.829134806583347,0.11116104241430236,226.16644168042205,NONE
0.001689991564489901,0.05069974693469703,-7.373650260323333,-3.4422537397247437,-9.540165890267106,-7.503637597261565,-3.522140556662843,-9.61695124203758,-8.274358569071486,-3.107388745501692,-10.268912120300307,-6.556616447066519,-3.7460102616741606,-8.879119128027195,-0.0012575361760730815,-0.0041459302081396695,0.009012761256967759,0.746844400871725,-0.2776615287706386,0.60425782272744,0.9901291831965912,0.07930162550662628,0.11556579413675062,-0.11519690449062567,-0.009226373623232928,0.9932998274567162,0.0798365441275403,-0.996807968578588,0.0,38.06749411389501,-24.713743846996774,0.11342278716416487,226.1859873069332,NONE
0.001699991524219513,0.05099974572658539,-7.371814772540378,-3.438448221574414,-9.538930280392977,-7.503637597261565,-3.522140556662843,-9.61695124203758,-8.273251028447529,-3.102780837698128,-10.266406172453541,-6.55412063735982,-3.74293259234207,-8.879035843570549,-0.0012542675426641253,-0.0041380792907761265,0.009016823870669015,0.7474479961250906,-0.2783268498451923,0.6032044908186928,0.9901291831965912,0.07930162550662628,0.11556579413675062,-0.11519690449062567,-0.009226373623232928,0.9932998274567162,0.0798365441275403,-0.996807968578588,0.0,38.02815646200005,-24.601988785777642,0.11568473519503364,226.20545619850637,NONE
0.0017099914839491248,0.051299744518473744,-7.3699790686905855,-3.4346426438194397,-9.537694922907265,-7.503637597261565,-3.522140556662843,-9.61695124203758,-8.271965755821704,-3.0980897982349167,-10.26407862864326,-6.551785636548419,-3.739930218186915,-8.878791209883966,-0.001251012099717283,-0.004130219065226625,0.009020879070223475,0.7479043996840368,-0.2790610521530427,0.6022988777214328,0.9901291831965912,0.07930162550662628,0.11556579413675062,-0.11519690449062567,-0.009226373623232928,0.9932998274567162,0.0798365441275403,-0.996807968578588,0.0,38.00126827171047,-24.494003640038333,0.11794687271925852,226.2248389688533,NONE
0.0017199914436787367,0.0515997433103621,-7.368143141323375,-3.430837021360982,-9.536459816878649,-7.503637597261565,-3.522140556662843,-9.61695124203758,-8.270503095588271,-3.0933158538535297,-10.261930053356359,-6.549611118022769,-3.7370029619492047,-8.878384713144438,-0.0012477698587990227,-0.0041223495594186884,0.009024926841222981,0.7482139032893492,-0.27986396004159786,0.6015414522660523,0.9901291831965912,0.07930162550662628,0.11556579413675062,-0.11519690449062567,-0.009226373623232928,0.9932998274567162,0.0798365441275403,-0.996807968578588,0.0,37.986818740114394,-24.389918585348294,0.12020920603982432,226.2441660593163,NONE
0.0017299914034083486,0.05189974210225046,-7.366306990438747,-3.427031339297879,-9.535224964169773,-7.503637597261565,-3.522140556662843,-9.61695124203758,-8.268863337203165,-3.0884592436194485,-10.259960824007514,-6.547596819216977,-3.734150578354267,-8.87781601455082,-0.0012445408314293428,-0.004114470801313156,0.009028967169285808,0.7483767469505159,-0.2807353629281819,0.6009325258507364,0.9901291831965912,0.07930162550662628,0.11556579413675062,-0.11519690449062567,-0.009226373623232928,0.9932998274567162,0.0798365441275403,-0.996807968578588,0.0,37.98479288750171,-24.289852926659293,0.12247173612315443,226.2634543414618,NONE
0.0017399912467226386,0.05219973740167916,-7.364470623487281,-3.423225627432454,-9.533990363849314,-7.503637597261565,-3.522140556662843,-9.61695124203758,-8.267046635741563,-3.083520335451722,-10.258171243391857,-6.545742613671132,-3.7313727904982525,-8.877084837661084,-0.0012413250664407526,-0.004106582910785444,0.009032999993150907,0.7483930530741001,-0.2816749804550132,0.6004723503177272,0.9901291831965912,0.07930162550662628,0.11556579413675062,-0.11519690449062567,-0.009226373623232928,0.9932998274567162,0.0798365441275403,-0.996807968578588,0.0,37.99517634243879,-24.19392311033858,0.12473445333647248,226.28271914845965,NONE
0.0017499912064522505,0.052499736193567514,-7.362634033018398,-3.419419841061223,-9.532756018711241,-7.503637597261565,-3.522140556662843,-9.61695124203758,-8.265053046101766,-3.0784994645570793,-10.256561456174566,-6.544048437377896,-3.728669209060572,-8.87619105657761,-0.00123812250038508,-0.004098685732204392,0.009037025392387573,0.7482628733582046,-0.28268249761021425,0.6001610433030242,0.9901291831965912,0.07930162550662628,0.11556579413675062,-0.11519690449062567,-0.009226373623232928,0.9932998274567162,0.0798365441275403,-0.996807968578588,0.0,38.01795212258973,-24.10223525743581,0.12699736827898356,226.3019764701793,NONE
0.0017599911661818624,0.05279973498545587,-7.360797226482677,-3.4156140248876694,-9.531521926892909,-7.503637597261565,-3.522140556662843,-9.61695124203758,-8.26288255701001,-3.073397113246431,-10.255131442740847,-6.542514314772729,-3.7260394817903784,-8.875134685540761,-0.0012349331821551901,-0.004090779385403905,0.009041043305701085,0.7479861922770789,-0.28375755154084675,0.5999985900869942,0.9901291831965912,0.07930162550662628,0.11556579413675062,-0.11519690449062567,-0.009226373623232928,0.9932998274567162,0.0798365441275403,-0.996807968578588,0.0,38.053100254203734,-24.014885864884924,0.12926047024385312,226.3212615881501,NONE
0.0017699911259114742,0.05309973377734423,-7.358960196429538,-3.411808149109471,-9.530288090256962,-7.503637597261565,-3.522140556662843,-9.61695124203758,-8.260534971310838,-3.068213765181655,-10.25388114869697,-6.541140410486621,-3.7234831131212265,-8.873915777443418,-0.0012317571230828803,-0.004082863898475324,0.009045053718815517,0.7475628525322684,-0.28489971649546586,0.5999849440232826,0.9901291831965912,0.07930162550662628,0.11556579413675062,-0.11519690449062567,-0.009226373623232928,0.9932998274567162,0.0798365441275403,-0.996807968578588,0.0,38.10060351606091,-23.93196870658623,0.13152376875623162,226.34055631740668,NONE
0.001779991085641086,0.05339973256923258,-7.3571229428589815,-3.408002213726628,-9.52905450507811,-7.503637597261565,-3.522140556662843,-9.61695124203758,-8.258010067129472,-3.0629499725484313,-10.252810285554588,-6.539926925782501,-3.720999602164686,-8.872534586869271,-0.0012285943344527196,-0.00407493929954257,0.009049056617481814,0.7469926701508567,-0.28610853461576297,0.6001198689936156,0.9901291831965912,0.07930162550662628,0.11556579413675062,-0.11519690449062567,-0.009226373623232928,0.9932998274567162,0.0798365441275403,-0.996807968578588,0.0,38.16043884741598,-23.853562741717862,0.13378726424663334,226.35991346774432,NONE
0.001789991045370698,0.05369973136112094,-7.3552854732215875,-3.4041962485414627,-9.527821173218998,-7.503637597261565,-3.522140556662843,-9.61695124203758,-8.255307504800086,-3.057606396431635,-10.251918477922835,-6.538874182980746,-3.718588406085761,-8.870991457888172,-0.0012254448275021048,-0.004067005616762087,0.009053051987477547,0.746275357312757,-0.2873834824583158,0.6004030521889842,0.9901291831965912,0.07930162550662628,0.11556579413675062,-0.11519690449062567,-0.009226373623232928,0.9932998274567162,0.0798365441275403,-0.996807968578588,0.0,38.232583096728305,-23.779741185114073,0.13605094675939178,226.37931397250054,NONE
0.0017999910051003098,0.053999730153009295,-7.353447780066776,-3.400390253553975,-9.526588094679626,-7.503637597261565,-3.522140556662843,-9.61695124203758,-8.252426850398203,-3.052183742617577,-10.25120519801014,-6.537982561485868,-3.7162488846646644,-8.869286869260625,-0.0012223086134214602,-0.004059062878322356,0.009057039814607128,0.7454105603966679,-0.28872397480308143,0.6008340559780506,0.9901291831965912,0.07930162550662628,0.11556579413675062,-0.11519690449062567,-0.009226373623232928,0.9932998274567162,0.0798365441275403,-0.996807968578588,0.0,38.31701018745389,-23.71056811632489,0.13831482367154457,226.39880580128357,NONE
0.0018099909648299217,0.05429972894489765,-7.351609863394546,-3.3965841989618424,-9.52535526759735,-7.503637597261565,-3.522140556662843,-9.61695124203758,-8.249367507181384,-3.0466827120782805,-10.250669855959215,-6.537252602603798,-3.7139803452126046,-8.867421352494777,-0.0012191857033540005,-0.004051111112444211,0.009061020084701622,0.7443977845989511,-0.2901294057105756,0.6014123928106254,0.9901291831965912,0.07930162550662628,0.11556579413675062,-0.11519690449062567,-0.009226373623232928,0.9932998274567162,0.0798365441275403,-0.996807968578588,0.0,38.41369764618172,-23.646100016853705,0.14057889756172415,226.41839225588402,NONE
0.0018199909245595336,0.05459972773678601,-7.349771723204898,-3.392778084765065,-9.524122691972169,-7.503637597261565,-3.522140556662843,-9.61695124203758,-8.246128873207013,-3.041104122748632,-10.250311629970618,-6.536684852357556,-3.711782045779661,-8.865395653046088,-0.0012160761083951216,-0.004043150347380424,0.009064992783619013,0.7432365308041115,-0.2915990969700127,0.6021373812715354,0.9901291831965912,0.07930162550662628,0.11556579413675062,-0.11519690449062567,-0.009226373623232928,0.9932998274567162,0.0798365441275403,-0.996807968578588,0.0,38.52261537498699,-23.586380578050225,0.14284316842992517,226.4381022392475,NONE
0.0018299908842891455,0.054899726528674364,-7.347933352047252,-3.3889719407659653,-9.522890365941437,-7.503637597261565,-3.522140556662843,-9.61695124203758,-8.242710199443454,-3.035448895007967,-10.25012962442056,-6.536279975985811,-3.7096532083244544,-8.863210579783948,-0.0012129798395936174,-0.004035180611416035,0.009068957897244179,0.7419261841120194,-0.2931323101376033,0.6030082802767888,0.9901291831965912,0.07930162550662628,0.11556579413675062,-0.11519690449062567,-0.009226373623232928,0.9932998274567162,0.0798365441275403,-0.996807968578588,0.0,38.64373467000306,-23.531448015225475,0.14510764150507605,226.4579248266895,NONE
0.0018399908440187573,0.05519972532056272,-7.346094764822769,-3.385165737162221,-9.521658287642511,-7.503637597261565,-3.522140556662843,-9.61695124203758,-8.239110655561412,-3.0297179195874753,-10.250122808028497,-6.536038755099499,-3.7075929680273787,-8.860867064632181,-0.001209896907950358,-0.0040272019328673695,0.009072915411489055,0.7404660436790924,-0.29472828193039297,0.6040242362592674,0.9901291831965912,0.07930162550662628,0.11556579413675062,-0.11519690449062567,-0.009226373623232928,0.9932998274567162,0.0798365441275403,-0.996807968578588,0.0,38.77702646726443,-23.481329371536173,0.14737230461173034,226.47790622442392,NONE
0.0018499908037483692,0.055499724112451077,-7.344255939179706,-3.381359503756154,-9.52042645707539,-7.503637597261565,-3.522140556662843,-9.61695124203758,-8.235329313930285,-3.0239122549452597,-10.250290002349232,-6.535961988526643,-3.7056004215956064,-8.858366176560134,-0.001206827324419337,-0.004019214340083269,0.009076865312292426,0.7388553588711488,-0.29638615941319435,0.6051842720822167,0.9901291831965912,0.07930162550662628,0.11556579413675062,-0.11519690449062567,-0.009226373623232928,0.9932998274567162,0.0798365441275403,-0.996807968578588,0.0,38.92245788973939,-23.43604448047838,0.14963717751762573,226.4980315492761,NONE
0.0018599906470626593,0.05579971941187978,-7.342416882568645,-3.3775532405477646,-9.519194870514783,-7.503637597261565,-3.522140556662843,-9.61695124203758,-8.231365156685143,-3.01803297473417,-10.250629921634282,-6.536050613783011,-3.7036745951170795,-8.855709074767612,-0.0012037711354080454,-0.004011217954586944,0.009080807539770426,0.7370932795226666,-0.2981050523403955,0.6064873247246396,0.9901291831965912,0.07930162550662628,0.11556579413675062,-0.11519690449062567,-0.009226373623232928,0.9932998274567162,0.0798365441275403,-0.996807968578588,0.0,39.079996935540336,-23.395604689115284,0.15190225327624418,226.51834788915707,NONE
0.0018699906067922711,0.056099718203768134,-7.340414121800708,-3.373614953051198,-9.518688439650449,-7.503637597261565,-3.522140556662843,-9.61695124203758,-8.228082140442595,-3.012039291067052,-10.250664954938118,-6.535209174612985,-3.7016007604679757,-8.854711480970987,-0.0012007282806167946,-0.004003212618606699,0.009084742171704652,0.7360317242737435,-0.29980933452214065,0.6069362930291871,0.9901291831965912,0.07930162550662628,0.11556579413675062,-0.11519690449062567,-0.009226373623232928,0.9932998274567162,0.0798365441275403,-0.996807968578588,0.0,39.18298044550375,-23.30470889905231,0.15425608384474288,241.80807883683042,NONE
0.001879990566521883,0.05639971699565649,-7.338291779214191,-3.369580404053319,-9.518715902490529,-7.503637597261565,-3.522140556662843,-9.61695124203758,-8.22525420000259,-3.005939867869594,-10.250524835303432,-6.533726880862767,-3.6994392618514373,-8.854890958116991,-0.0011976988065139896,-0.003995198453625475,0.00908866914817669,0.7354466604955753,-0.3015214756442796,0.606797337907149,0.9901291831965912,0.07930162550662628,0.11556579413675062,-0.11519690449062567,-0.009226373623232928,0.9932998274567162,0.0798365441275403,-0.996807968578588,0.0,39.24923657713688,-23.177973309210515,0.15667424970518873,241.82719021078574,NONE
0.0018899905262514949,0.05669971578754485,-7.336169228011417,-3.3655458252531174,-9.518743596298608,-7.503637597261565,-3.522140556662843,-9.61695124203758,-8.222246660825817,-2.99976822214914,-10.25055956887376,-6.532407103534798,-3.6973432195542086,-8.854912266146524,-0.0011946827238636223,-0.003987175488118016,0.009092588455233723,0.7347128509960955,-0.3032934771326387,0.6068031750987982,0.9901291831965912,0.07930162550662628,0.11556579413675062,-0.11519690449062567,-0.009226373623232928,0.9932998274567162,0.0798365441275403,-0.996807968578588,0.0,39.327631948769984,-23.056363465601557,0.15909259779405183,241.84635869723343,NONE
0.0018999904859811068,0.0569997145794332,-7.334046438390064,-3.361511186848271,-9.518771528525265,-7.503637597261565,-3.522140556662843,-9.61695124203758,-8.21905915893699,-2.993525155857809,-10.25076869727497,-6.531250115955535,-3.6953118492883066,-8.854775835060437,-0.001191680043381664,-0.003979143750589947,0.009096500078950385,0.7338300186875885,-0.30512464931760774,0.6069534183541442,0.9901291831965912,0.07930162550662628,0.11556579413675062,-0.11519690449062567,-0.009226373623232928,0.9932998274567162,0.0798365441275403,-0.996807968578588,0.0,39.418129824414,-22.939980856438922,0.16151115912182057,241.86560127795212,NONE
0.0019099904457107186,0.05729971337132156,-7.331923455053615,-3.3574765186411026,-9.518799695445212,-7.503637597261565,-3.522140556662843,-9.61695124203758,-8.215691241931667,-2.987211541170246,-10.251151683854298,-6.530256413755779,-3.693344416738898,-8.854482144552728,-0.0011886907757368058,-0.00397110326957851,0.009100404005428562,0.7327977513808211,-0.3070142937255009,0.6072476257832911,0.9901291831965912,0.07930162550662628,0.11556579413675062,-0.11519690449062567,-0.009226373623232928,0.9932998274567162,0.0798365441275403,-0.996807968578588,0.0,39.52069712780748,-22.82891700003411,0.1639298874934152,241.88492221908842,NONE
0.0019199904054403305,0.057599712163209915,-7.329800233298587,-3.3534418206316117,-9.518828097058448,-7.503637597261565,-3.522140556662843,-9.61695124203758,-8.212142279478538,-2.980828333532722,-10.251707890999139,-6.5294264834559,-3.6914400552192843,-8.854031773002712,-0.0011857149315501786,-0.0039630540736513885,0.009104300220797449,0.7316155634881034,-0.30896161812459216,0.6076852686940987,0.9901291831965912,0.07930162550662628,0.11556579413675062,-0.11519690449062567,-0.009226373623232928,0.9932998274567162,0.0798365441275403,-0.996807968578588,0.0,39.63529878270454,-22.723257215694222,0.16634882717105803,241.90434643297178,NONE
0.0019299903651699424,0.05789971095509827,-7.327676802927303,-3.3494070928197983,-9.518856725914391,-7.503637597261565,-3.522140556662843,-9.61695124203758,-8.208411690840862,-2.974376523440825,-10.252436454938264,-6.5287609086790885,-3.689597866249482,-8.853425489729512,-0.0011827525213949845,-0.003954996191407921,0.009108188711213728,0.7302829487659884,-0.3109658012211553,0.6082656370472838,0.9901291831965912,0.07930162550662628,0.11556579413675062,-0.11519690449062567,-0.009226373623232928,0.9932998274567162,0.0798365441275403,-0.996807968578588,0.0,39.7618946511433,-22.623070311056036,0.16876794950763419,241.9238806333954,NONE
0.0019399903248995543,0.05819970974698663,-7.325553134137439,-3.3453723352056626,-9.518885589463624,-7.503637597261565,-3.522140556662843,-9.61695124203758,-8.204498684020066,-2.967857181738409,-10.25333648560011,-6.528260351012348,-3.687816878465477,-8.852664116327349,-0.0011798035557966239,-0.003946929651477676,0.009112069462861475,0.7287992752207471,-0.3130259550987251,0.6089879866403316,0.9901291831965912,0.07930162550662628,0.11556579413675062,-0.11519690449062567,-0.009226373623232928,0.9932998274567162,0.0798365441275403,-0.996807968578588,0.0,39.90044727915006,-22.52842007362284,0.17118728315026033,241.94353935449135,NONE
0.0019499902846291661,0.058499708538874984,-7.323472723418521,-3.3421382467847947,-9.518038618637236,-7.503637597261565,-3.522140556662843,-9.61695124203758,-8.201636787947312,-2.963253096800605,-10.25271882694783,-6.526888826791365,-3.685825515872171,-8.851609136095231,-0.0011768680452328862,-0.003938854482521697,0.009115942461952275,0.728151287459107,-0.3141619213354637,0.609178126457652,0.9901291831965912,0.07930162550662628,0.11556579413675062,-0.11519690449062567,-0.009226373623232928,0.9932998274567162,0.0798365441275403,-0.996807968578588,0.0,39.963797047228745,-22.463806563765747,0.17360150784106487,240.26400533913187,NONE
0.001959990244358778,0.05879970733076334,-7.321497127467441,-3.340887592325795,-9.515032029969605,-7.503637597261565,-3.522140556662843,-9.61695124203758,-8.20163338622824,-2.963498148210725,-10.248120335071132,-6.52312425059195,-3.683218104449915,-8.85004656513745,-0.001173946000133643,-0.003930770713231008,0.009119807694725259,0.7297865807114301,-0.3129217201039957,0.6078581608407313,0.9901291831965912,0.07930162550662628,0.11556579413675062,-0.11519690449062567,-0.009226373623232928,0.9932998274567162,0.0798365441275403,-0.996807968578588,0.0,39.82399343232775,-22.466383925357995,0.176004240784998,240.285408533121,NONE
0.001969990087673068,0.05909970263019204,-7.3195212930977815,-3.3396368484598282,-9.512025702072295,-7.503637597261565,-3.522140556662843,-9.61695124203758,-8.201448351781158,-2.9636768323254294,-10.243694902614369,-6.519523979015136,-3.680670724389432,-8.848327509044296,-0.0011710374646631116,-0.003922678466584918,0.009123665102585674,0.7312714664200093,-0.311736474810436,0.6066814754652492,0.9901291831965912,0.07930162550662628,0.11556579413675062,-0.11519690449062567,-0.009226373623232928,0.9932998274567162,0.0798365441275403,-0.996807968578588,0.0,39.69604579600488,-22.474149049108178,0.17840718674811207,240.30662387481416,NONE
0.0019799901638180017,0.05939970491454005,-7.317545205408382,-3.3383860449892166,-9.509019638670596,-7.503637597261565,-3.522140556662843,-9.61695124203758,-8.20108268086301,-2.9637887022784013,-10.239443796193349,-6.516087079936778,-3.6781838378798604,-8.846450825971239,-0.001168142347809577,-0.0039145774885635575,0.009127514806412381,0.7326067830114055,-0.3106065806962866,0.6056491174878742,0.9901291831965912,0.07930162550662628,0.11556579413675062,-0.11519690449062567,-0.009226373623232928,0.9932998274567162,0.0798365441275403,-0.996807968578588,0.0,39.57996660387969,-22.487153562306595,0.18081035769059284,240.32769276594385,NONE
0.001989990007132292,0.059699700213968754,-7.315568894201564,-3.3371351819139603,-9.506013836039218,-7.503637597261565,-3.522140556662843,-9.61695124203758,-8.200537241951404,-2.9638333903286234,-10.23536826666377,-6.512812822395631,-3.6757577784996096,-8.844415374160755,-0.0011652607946727404,-0.003906468185177727,0.009131356613263327,0.7337932258938142,-0.3095323426830374,0.6047621271752233,0.9901291831965912,0.07930162550662628,0.11556579413675062,-0.11519690449062567,-0.009226373623232928,0.9932998274567162,0.0798365441275403,-0.996807968578588,0.0,39.47577203915409,-22.50544973984498,0.18321372453480933,240.34860633786366,NONE
0.0019999900832772255,0.059999702498316765,-7.313517227822589,-3.3358133893114212,-9.503370835704716,-7.503637597261565,-3.522140556662843,-9.61695124203758,-8.200239184117308,-2.963786679424593,-10.231245405220108,-6.509170455162154,-3.673279357438969,-8.843114757984772,-0.001162392681306465,-0.0038983502076152953,0.00913519068838862,0.7352472734587622,-0.30847507739755475,0.6035350640153635,0.9901291831965912,0.07930162550662628,0.11556579413675062,-0.11519690449062567,-0.009226373623232928,0.9932998274567162,0.0798365441275403,-0.996807968578588,0.0,39.35108162958812,-22.50178369074246,0.18565540002533965,248.2964861419833,NONE
0.0020099899265915155,0.060299697797745466,-7.3113834709465975,-3.334414021263707,-9.501126206738862,-7.503637597261565,-3.522140556662843,-9.61695124203758,-8.200227193211399,-2.963646339536501,-10.227052685914716,-6.505112041297282,-3.6707379231215613,-8.84263724459143,-0.0011595381514561648,-0.0038902239627398175,0.009139016839629876,0.7370065877887468,-0.3074311232978525,0.6019197570970809,0.9901291831965912,0.07930162550662628,0.11556579413675062,-0.11519690449062567,-0.009226373623232928,0.9932998274567162,0.0798365441275403,-0.996807968578588,0.0,39.202829306199604,-22.47328733320456,0.18813846946795287,248.3173443937173,NONE
0.0020199900027364492,0.06059970008209348,-7.309249490553188,-3.333014593611348,-9.498881834818038,-7.503637597261565,-3.522140556662843,-9.61695124203758,-8.20003369179259,-2.963439355164682,-10.223035644129936,-6.501217849611532,-3.6682568284398998,-8.842000864075287,-0.0011566970823391426,-0.003882089101009797,0.00914283523156346,0.7386155835569822,-0.3064423796848775,0.6004499043715871,0.9901291831965912,0.07930162550662628,0.11556579413675062,-0.11519690449062567,-0.009226373623232928,0.9932998274567162,0.0798365441275403,-0.996807968578588,0.0,39.06650778420597,-22.44995194373952,0.19062173524281611,248.3380189249669,NONE
0.0020299898460507393,0.06089969538152218,-7.30711528664236,-3.331615106354344,-9.496637716216954,-7.503637597261565,-3.522140556662843,-9.61695124203758,-8.199659843237296,-2.963165273017475,-10.219195689253269,-6.497486824804472,-3.6658364845755065,-8.841204330874394,-0.0011538696163442231,-0.0038739460301356623,0.009146645672817602,0.7400752254055758,-0.30550922241653533,0.5991266775560328,0.9901291831965912,0.07930162550662628,0.11556579413675062,-0.11519690449062567,-0.009226373623232928,0.9932998274567162,0.0798365441275403,-0.996807968578588,0.0,38.942124680231814,-22.431862630251654,0.1931051977804472,248.35850797233795,NONE
0.0020399896893650293,0.06119969068095088,-7.304980844312953,-3.3302155594926957,-9.494393862111481,-7.503637597261565,-3.522140556662843,-9.61695124203758,-8.199106570104993,-2.962823692354803,-10.215534272870272,-6.493918101603038,-3.6634772550402874,-8.840246349566902,-0.001151055697213775,-0.0038657945897423757,0.009150448238847036,0.741386290653024,-0.3046319837762976,0.5979512710014652,0.9901291831965912,0.07930162550662628,0.11556579413675062,-0.11519690449062567,-0.009226373623232928,0.9932998274567162,0.0798365441275403,-0.996807968578588,0.0,38.829695225631184,-22.419104306348792,0.1955888705433697,248.37884285886977,NONE
0.002049989765509963,0.06149969296529889,-7.3028461635649675,-3.3288159530264023,-9.49215026505104,-7.503637597261565,-3.522140556662843,-9.61695124203758,-8.198374850804324,-2.9624142900470636,-10.212052537091415,-6.490510792491329,-3.6611794329455734,-8.839125869933737,-0.0011482552698988471,-0.0038576346187088155,0.009154243004404376,0.7425495905708677,-0.30381093169500417,0.5969246378946426,0.9901291831965912,0.07930162550662628,0.11556579413675062,-0.11519690449062567,-0.009226373623232928,0.9932998274567162,0.0798365441275403,-0.996807968578588,0.0,38.729224823888266,-22.41174635951092,0.1980727543926193,248.39901321322498,NONE
0.002059989608824253,0.06179968826472759,-7.300711259299564,-3.327416286955464,-9.489906932486209,-7.503637597261565,-3.522140556662843,-9.61695124203758,-8.197465463143487,-2.9619367583551455,-10.208751631746003,-6.487264220336428,-3.658943297441958,-8.837841863172079,-0.0011454684747556915,-0.0038494665260004435,0.009158029779299278,0.7435657577422001,-0.3030463213420924,0.5960477254669236,0.9901291831965912,0.07930162550662628,0.11556579413675062,-0.11519690449062567,-0.009226373623232928,0.9932998274567162,0.0798365441275403,-0.996807968578588,0.0,38.64072604152333,-22.409853343785223,0.20055683371308497,248.4190631498738,NONE
0.0020699896849691868,0.062099690549075603,-7.298576131516742,-3.3260165612798813,-9.487663860691699,-7.503637597261565,-3.522140556662843,-9.61695124203758,-8.196379197723797,-2.961390910928273,-10.20563243869943,-6.484177667982736,-3.656769017568501,-8.836393522236046,-0.0011426951919116424,-0.0038412899602786343,0.009161808726416455,0.744435447713505,-0.3023383072348817,0.5953212680275581,0.9901291831965912,0.07930162550662628,0.11556579413675062,-0.11519690449062567,-0.009226373623232928,0.9932998274567162,0.0798365441275403,-0.996807968578588,0.0,38.56420179418292,-22.413477829799593,0.20304110893528637,248.43897811399125,NONE
0.002079989528283477,0.062399685848504305,-7.2964407802165026,-3.3246167759996537,-9.48542105711809,-7.503637597261565,-3.522140556662843,-9.61695124203758,-8.195116601635036,-2.960776581672314,-10.2026958793314,-6.481250639164316,-3.6546567439894306,-8.834780025549783,-0.001139935560361766,-0.0038331053313411037,0.009165579656358832,0.7451591141177036,-0.3016870270943986,0.5947460233833118,0.9901291831965912,0.07930162550662628,0.11556579413675062,-0.11519690449062567,-0.009226373623232928,0.9932998274567162,0.0798365441275403,-0.996807968578588,0.0,38.49966377758342,-22.42266909273632,0.2055255791981896,248.45880640353514,NONE
0.0020899896044284105,0.06269968813285232,-7.2942218334019655,-3.3231388490301255,-9.483579824937495,-7.503637597261565,-3.522140556662843,-9.61695124203758,-8.194150993113238,-2.9600751535112875,-10.199675733380724,-6.477894787366587,-3.652474453824473,-8.83400818775993,-0.0011371894614028702,-0.003824912287137238,0.009169342731328967,0.7461983503246306,-0.3010431740492111,0.5937684980959973,0.9901291831965912,0.07930162550662628,0.11556579413675062,-0.11519690449062567,-0.009226373623232928,0.9932998274567162,0.0798365441275403,-0.996807968578588,0.0,38.4105677649288,-22.4061802700595,0.20805260866542774,253.18558024003065,NONE
0.0020999894477427006,0.06299968343228102,-7.291993141228008,-3.3216518025499466,-9.481785881591948,-7.503637597261565,-3.522140556662843,-9.61695124203758,-8.19306386935919,-2.9593030271331973,-10.196807557802321,-6.474630576823195,-3.6503389022827664,-8.833188682030878,-0.00113445703266643,-0.0038167112382912313,0.009173097762725988,0.7471449097982584,-0.3004503804998129,0.5928777720745402,0.9901291831965912,0.07930162550662628,0.11556579413675062,-0.11519690449062567,-0.009226373623232928,0.9932998274567162,0.0798365441275403,-0.996807968578588,0.0,38.32922222541842,-22.39155984602623,0.21058454551767092,253.20519249199907,NONE
0.0021099895238876343,0.06329968571662903,-7.289764210635471,-3.3201647262674454,-9.479992199016722,-7.503637597261565,-3.522140556662843,-9.61695124203758,-8.191800628382145,-2.9584626878557203,-10.19412315763644,-6.471525667779804,-3.6482651699249775,-8.832202970674038,-0.001131738156620557,-0.003808501832045607,0.009176844912067899,0.7479456350444964,-0.29991412263880735,0.5921392117227837,0.9901291831965912,0.07930162550662628,0.11556579413675062,-0.11519690449062567,-0.009226373623232928,0.9932998274567162,0.0798365441275403,-0.996807968578588,0.0,38.25988018952238,-22.382544689652086,0.21311669066235162,253.22470472461575,NONE
0.0021199893672019243,0.06359968101605773,-7.287535071426677,-3.3186775903802994,-9.478198777211817,-7.503637597261565,-3.522140556662843,-9.61695124203758,-8.190361942771748,-2.9575540170407417,-10.191623261475783,-6.468579506965427,-3.64625330753186,-8.831050392781908,-0.0011290329695311143,-0.0038002844798453064,0.009180583991552731,0.7486010590462263,-0.2994344741265733,0.5915534211712504,0.9901291831965912,0.07930162550662628,0.11556579413675062,-0.11519690449062567,-0.009226373623232928,0.9932998274567162,0.0798365441275403,-0.996807968578588,0.0,38.20254204019411,-22.379187954228716,0.21564901695469274,253.2441139644398,NONE
0.002129989443346858,0.06389968330040574,-7.285296976620006,-3.317182288656819,-9.476447086108836,-7.503637597261565,-3.522140556662843,-9.61695124203758,-8.188797293179903,-2.9565754902389463,-10.189280169307523,-6.46573052902762,-3.644289238527387,-8.829835162443011,-0.0011263413550391271,-0.0037920588282308243,0.00918431516201154,0.7491594626749055,-0.29900597751671326,0.5910630464628305,0.9901291831965912,0.07930162550662628,0.11556579413675062,-0.11519690449062567,-0.009226373623232928,0.9932998274567162,0.0798365441275403,-0.996807968578588,0.0,38.15339462808925,-22.37827175800971,0.2181860353682321,255.9175204886202,NONE
0.002139989286661148,0.06419967859983444,-7.283015161806392,-3.3156463067632798,-9.474905479026946,-7.256074061067632,-3.5023126481742097,-9.58805614719027,-8.187305133207605,-2.9555200839600078,-10.186979801597426,-6.462732417162128,-3.6423173257968138,-8.828981828227478,-0.0011236634480430445,-0.0037838252894620075,0.009188038236444053,0.7498142243675987,-0.29860749645078516,0.5904339014651945,0.9783810176486952,-0.05084982866417835,0.20046166523684114,-0.2001914651230658,0.010404639417476854,0.9797015467837502,-0.0519033871398005,-0.9986521107990591,0.0,29.871165448932075,-26.40554667239994,0.2195411686576385,246.35084608378924,NONE
0.0021499893628060818,0.06449968088418245,-7.28073312347536,-3.314110235462773,-9.473364132715377,-7.256074061067632,-3.5023126481742097,-9.58805614719027,-8.185638190685996,-2.954396534905145,-10.184865336199403,-6.459892424530231,-3.6404070549689598,-8.827960359070486,-0.0011209991333584004,-0.003775583509382373,0.009191753374992085,0.7503242461546805,-0.29826544350600637,0.5899586857082247,0.9783810176486952,-0.05084982866417835,0.20046166523684114,-0.2001914651230658,0.010404639417476854,0.9797015467837502,-0.0519033871398005,-0.9986521107990591,0.0,29.826690907344894,-26.40791665827735,0.2195411686576385,246.36673289951761,NONE
0.002159989206120372,0.06479967618361115,-7.2784354836285585,-3.3125598590475205,-9.47189658440462,-7.256074061067632,-3.5023126481742097,-9.58805614719027,-8.183883737426026,-2.9532022905318054,-10.182886519099307,-6.457102059342674,-3.6385336306619522,-8.826956583420085,-0.001118348544514613,-0.003767333901060877,0.009195460391459397,0.7507746426449355,-0.29797014788267245,0.5895347546431404,0.9783810176486952,-0.05084982866417835,0.20046166523684114,-0.2001914651230658,0.010404639417476854,0.9797015467837502,-0.0519033871398005,-0.9986521107990591,0.0,29.78742470141777,-26.409093782028748,0.2195411686576385,246.28882527411182,NONE
0.002169989049434662,0.06509967148303986,-7.276123166137981,-3.310995952377904,-9.470499071551474,-7.256074061067632,-3.5023126481742097,-9.58805614719027,-8.182037354904281,-2.951937434295679,-10.181046432939901,-6.454367091566073,-3.6366984549103725,-8.825960529454957,-0.001115711628739781,-0.0037590763020074777,0.009199159359265996,0.7511609840600905,-0.29772218287595376,0.5891677841238891,0.9783810176486952,-0.05084982866417835,0.20046166523684114,-0.2001914651230658,0.010404639417476854,0.9797015467837502,-0.0519033871398005,-0.9986521107990591,0.0,29.753751181600276,-26.409381218513573,0.2195411686576385,246.30637130191735,SLIDING
0.0021799891255795956,0.06539967376738787,-7.273792907649326,-3.3094155650240067,-9.469186592174681,-7.256074061067632,-3.5023126481742097,-9.58805614719027,-8.180117050079597,-2.9506017981709567,-10.179334688811098,-6.451664963514233,-3.6348960533615027,-8.825010223713807,-0.0011130883344816702,-0.003750810549019225,0.009202850351114282,0.7515009072023315,-0.29751924138719404,0.5888367239553437,0.9783810176486952,-0.05084982866417835,0.20046166523684114,-0.2001914651230658,0.010404639417476854,0.9797015467837502,-0.0519033871398005,-0.9986521107990591,0.0,29.72419482392597,-26.40764223670674,0.2195411686576385,246.2620842826137,SLIDING
0.0021899889688938856,0.06569966906681657,-7.271448016220378,-3.307821766625035,-9.467942963613185,-7.256074061067632,-3.5023126481742097,-9.58805614719027,-8.178103980601758,-2.949196305920192,-10.177762539827784,-6.449019075912157,-3.6331314421823726,-8.82406459650343,-0.0011104787932185555,-0.0037425370563638725,0.009206533182015116,0.7517760455172182,-0.2973631027226873,0.5885643231845014,0.9783810176486952,-0.05084982866417835,0.20046166523684114,-0.2001914651230658,0.010404639417476854,0.9797015467837502,-0.0519033871398005,-0.9986521107990591,0.0,29.700307008372484,-26.405164514026353,0.2195411686576385,246.2463707196782,SLIDING
0.0021999890450388193,0.06599967135116458,-7.269088476949977,-3.3062146465879563,-9.466767045928153,-7.256074061067632,-3.5023126481742097,-9.58805614719027,-8.175997230899394,-2.947721677338942,-10.176330568525325,-6.446430230857944,-3.6314041389535454,-8.823120945426147,-0.0011078828927028358,-0.003734255468168552,0.009210208010382021,0.7519856521919349,-0.2972532441802625,0.5883520100431202,0.9783810176486952,-0.05084982866417835,0.20046166523684114,-0.2001914651230658,0.010404639417476854,0.9797015467837502,-0.0519033871398005,-0.9986521107990591,0.0,29.682154656150324,-26.402089082552678,0.22115037663460058,246.27153483594387,SLIDING
0.0022099888883531094,0.06629966665059328,-7.2667138875067705,-3.3045939366918686,-9.465659226549777,-7.256074061067632,-3.5023126481742097,-9.58805614719027,-8.173797719974731,-2.94617871764849,-10.175038209340281,-6.443896827436632,-3.6297129017331557,-8.822180522374058,-0.0011053007630385146,-0.003725966199495118,0.009213874652036444,0.7521308228426521,-0.29718877568898516,0.5881989943331402,0.9783810176486952,-0.05084982866417835,0.20046166523684114,-0.2001914651230658,0.010404639417476854,0.9797015467837502,-0.0519033871398005,-0.9986521107990591,0.0,29.66964683090882,-26.39845070041655,0.22361329236738392,246.3157182056412,SLIDING
0.002219988964498043,0.06659966893494129,-7.264324083977985,-3.3029595177274826,-9.464619900358828,-7.256074061067632,-3.5023126481742097,-9.58805614719027,-8.171506100356927,-2.9445677886672708,-10.17388518732234,-6.441417961139787,-3.6280571749709694,-8.821244329832679,-0.0011027322931582246,-0.003717668893791446,0.009217533264694806,0.7522122344422352,-0.29716929839291256,0.5881047206476787,0.9783810176486952,-0.05084982866417835,0.20046166523684114,-0.2001914651230658,0.010404639417476854,0.9797015467837502,-0.0519033871398005,-0.9986521107990591,0.0,29.66272857847915,-26.39425272064373,0.22607666591051512,246.36014132652818,SLIDING
0.002229988807812333,0.06689966423437,-7.2619191706717485,-3.301311449299443,-9.463648650122794,-7.256074061067632,-3.5023126481742097,-9.58805614719027,-8.169121967294224,-2.942889133099801,-10.172871900335313,-6.438994198044503,-3.6264368521814707,-8.82031121119444,-0.0011001776117901764,-0.0037093639669078006,0.009221183664992074,0.7522294648911833,-0.2971946604702913,0.5880698648438575,0.9783810176486952,-0.05084982866417835,0.20046166523684114,-0.2001914651230658,0.010404639417476854,0.9797015467837502,-0.0519033871398005,-0.9986521107990591,0.0,29.661436475145987,-26.389554883175837,0.2285404818809127,246.40723651844928,SLIDING
0.002239988883957267,0.067199666518718,-7.259499043279933,-3.29964973140775,-9.462745773864897,-7.256074061067632,-3.5023126481742097,-9.58805614719027,-8.166645763440929,-2.941143167112334,-10.171998169736643,-6.43662493769223,-3.624851555859648,-8.819381896866787,-0.0010976366090487484,-0.003701051061617796,0.009224826009945434,0.7521829677168254,-0.29726451684665833,0.5880940316825466,0.9783810176486952,-0.05084982866417835,0.20046166523684114,-0.2001914651230658,0.010404639417476854,0.9797015467837502,-0.0519033871398005,-0.9986521107990591,0.0,29.66573102565863,-26.384367328343146,0.23100478258943546,246.45678928604207,SLIDING
0.002249988727271557,0.0674996618181467,-7.257063686901378,-3.2979743044477585,-9.461911189628752,-7.256074061067632,-3.5023126481742097,-9.58805614719027,-8.16407741880706,-2.9393301480362406,-10.171264098129141,-6.434310215152955,-3.623300938907737,-8.818456137479414,-0.001095109412284455,-0.0036927305945543072,0.009228460117005703,0.7520726972409159,-0.2973786047267374,0.5881773741955336,0.9783810176486952,-0.05084982866417835,0.20046166523684114,-0.2001914651230658,0.010404639417476854,0.9797015467837502,-0.0519033871398005,-0.9986521107990591,0.0,29.675613193530086,-26.37872835850983,0.23346959601332706,246.5104914732891,SLIDING
0.0022599888034164906,0.06779966410249472,-7.254608899408626,-3.296443686972249,-9.461094509137782,-7.256074061067632,-3.5023126481742097,-9.58805614719027,-8.161534904632834,-2.9378977269982283,-10.170609206114479,-6.431935004660208,-3.621681247301349,-8.817492698426927,-0.001092595912794715,-0.003684402207821992,0.009232086142488606,0.751999956509837,-0.29729718274048733,0.5883115250815448,0.9783810176486952,-0.05084982866417835,0.20046166523684114,-0.2001914651230658,0.010404639417476854,0.9797015467837502,-0.0519033871398005,-0.9986521107990591,0.0,29.681215851132514,-26.395238142327784,0.23595719499340362,261.81705123473733,SLIDING
0.0022699886467307806,0.06809965940192342,-7.252116948419856,-3.295856163988698,-9.460046830845984,-7.256074061067632,-3.5023126481742097,-9.58805614719027,-8.159627184918286,-2.9391059703513602,-10.16971968475957,-6.428913096635221,-3.619464782069205,-8.816301555748286,-0.001090096236550862,-0.003676066318830026,0.009235703904663628,0.7524843862100276,-0.29580817900775874,0.5884426647875154,0.9783810176486952,-0.05084982866417835,0.20046166523684114,-0.2001914651230658,0.010404639417476854,0.9797015467837502,-0.0519033871398005,-0.9986521107990591,0.0,29.632057186472256,-26.54766988213517,0.23857541642968272,261.8392188782109,SLIDING
0.0022799884900450706,0.06839965470135212,-7.24961130326395,-3.295256362448323,-9.459061066878947,-7.256074061067632,-3.5023126481742097,-9.58805614719027,-8.157617690395668,-2.9402484834290816,-10.168972960252926,-6.425957392520238,-3.6172845244116947,-8.815098958740021,-0.0010876103337548806,-0.003667722763374773,0.009239313475195054,0.7528957816849701,-0.294363496079397,0.5886408702230019,0.9783810176486952,-0.05084982866417835,0.20046166523684114,-0.2001914651230658,0.010404639417476854,0.9797015467837502,-0.0519033871398005,-0.9986521107990591,0.0,29.589294734256065,-26.700569200984166,0.24119400016798664,261.8733366316697,NONE
0.0022899885661900043,0.06869965698570013,-7.247099116498279,-3.294651375303853,-9.458102169705542,-7.256074061067632,-3.5023126481742097,-9.58805614719027,-8.155465249830725,-2.9413259657434367,-10.16839310472104,-6.423118879454111,-3.6151533667808624,-8.813796232343831,-0.0010851381558375126,-0.003659371376569035,0.009242914925016325,0.7531940740767886,-0.29296843523366334,0.5889551619031352,0.9783810176486952,-0.05084982866417835,0.20046166523684114,-0.2001914651230658,0.010404639417476854,0.9797015467837502,-0.0519033871398005,-0.9986521107990591,0.0,29.5563346707087,-26.856456589853103,0.24381333464383914,262.13434899729094,NONE
0.0022999884095042944,0.06899965228512883,-7.24456822877531,-3.294032589684117,-9.457217271698626,-7.256074061067632,-3.5023126481742097,-9.58805614719027,-8.153227370387459,-2.9423377443381304,-10.16794252783724,-6.420322203495641,-3.6130554939972406,-8.812517361016194,-0.0010826798267034646,-0.003651012576972032,0.009246508073626035,0.7534370290833994,-0.2916164128952653,0.5893152899221937,0.9783810176486952,-0.05084982866417835,0.20046166523684114,-0.2001914651230658,0.010404639417476854,0.9797015467837502,-0.0519033871398005,-0.9986521107990591,0.0,29.528312981068147,-27.011381577434054,0.24643543013507951,262.35679871236385,IMPACT
0.002309988485649228,0.06929965456947684,-7.242019668275165,-3.293400780449498,-9.456402051521453,-7.256074061067632,-3.5023126481742097,-9.58805614719027,-8.150899072793425,-2.9432840683579653,-10.167624664736408,-6.417573842193892,-3.610992157798574,-8.811250987513702,-0.0010802352406089676,-0.003642646005041707,0.00925009307558018,0.7536196654780581,-0.2903078649741778,0.5897276857490027,0.9783810176486952,-0.05084982866417835,0.20046166523684114,-0.2001914651230658,0.010404639417476854,0.9797015467837502,-0.0519033871398005,-0.9986521107990591,0.0,29.5056568558365,-27.165634833353227,0.24906018635367388,262.6037293313551,IMPACT
0.002319988328963518,0.06959964986890554,-7.239441305452632,-3.2927443246942643,-9.455717119647177,-7.256074061067632,-3.5023126481742097,-9.58805614719027,-8.14855006633882,-2.944154054480513,-10.167396242555702,-6.414787429877352,-3.6089510644020466,-8.810151955034268,-0.0010778045200748867,-0.0036342720800988508,0.009253669751202058,0.7538098419397693,-0.28904217822675377,0.590106211965841,0.9783810176486952,-0.05084982866417835,0.20046166523684114,-0.2001914651230658,0.010404639417476854,0.9797015467837502,-0.0519033871398005,-0.9986521107990591,0.0,29.48266276646888,-27.31377299351949,0.251686729517262,262.6413031237449,NONE
0.002329988405108452,0.06989965215325356,-7.236846581155109,-3.292073295603383,-9.455108645630988,-7.256074061067632,-3.5023126481742097,-9.58805614719027,-8.14611528113522,-2.944948451491441,-10.167299535370741,-6.412047624595755,-3.6069507451687537,-8.809079256583201,-0.0010753875605458679,-0.0036258904419505717,0.009257238254338534,0.7539424593649852,-0.28782708420752723,0.5905305559945827,0.9783810176486952,-0.05084982866417835,0.20046166523684114,-0.2001914651230658,0.010404639417476854,0.9797015467837502,-0.0519033871398005,-0.9986521107990591,0.0,29.464842841898005,-27.460025597063858,0.2543132125162302,262.65682445079557,NONE
0.002339988248422742,0.07019964745268226,-7.234251648241329,-3.291402206907857,-9.454500417483958,-7.256074061067632,-3.5023126481742097,-9.58805614719027,-8.14350617044445,-2.9456780707358723,-10.167390398555984,-6.409465552364046,-3.605009072269299,-8.807836881674703,-0.0010729844831572526,-0.00361750151067312,0.009260798406140525,0.7539307035132196,-0.2866656528406203,0.5911102247309912,0.9783810176486952,-0.05084982866417835,0.20046166523684114,-0.2001914651230658,0.010404639417476854,0.9797015467837502,-0.0519033871398005,-0.9986521107990591,0.0,29.459526086702347,-27.61085580400204,0.2569398473031548,262.67231937798914,NONE
0.0023499883245676756,0.07049964973703027,-7.2316303551733965,-3.2907115976911667,-9.453996296299609,-7.256074061067632,-3.5023126481742097,-9.58805614719027,-8.140846826042814,-2.9463309070985724,-10.167584720139496,-6.406878775716107,-3.6030998216190047,-8.806699202042603,-0.0010705951845439124,-0.003609104925427423,0.009264350359743491,0.7538991523159597,-0.28555170196540536,0.5916893556943014,0.9783810176486952,-0.05084982866417835,0.20046166523684114,-0.2001914651230658,0.010404639417476854,0.9797015467837502,-0.0519033871398005,-0.9986521107990591,0.0,29.456196311444458,-27.7570187051618,0.259570410294268,263.20002496564985,NONE
0.0023599881678819656,0.07079964503645897,-7.22899639611845,-3.2900116603475693,-9.45354209400526,-7.256074061067632,-3.5023126481742097,-9.58805614719027,-8.138072595270478,-2.9469132341507303,-10.167926460903164,-6.4043720573394545,-3.6012367403822156,-8.805522998645886,-0.0010682197844536642,-0.0036007011070395343,0.009267893937128435,0.7537828425787058,-0.28448848097021096,0.5923493314162076,0.9783810176486952,-0.05084982866417835,0.20046166523684114,-0.2001914651230658,0.010404639417476854,0.9797015467837502,-0.0519033871398005,-0.9986521107990591,0.0,29.46033921944467,-27.903198766855073,0.2622028842891737,263.51800392534267,NONE
0.0023699882440268993,0.07109964732080698,-7.226341620141315,-3.28929634500562,-9.453170175923022,-7.256074061067632,-3.5023126481742097,-9.58805614719027,-8.135222135459564,-2.9474214579422213,-10.16838962480692,-6.401894786451762,-3.5994115509176954,-8.804393576482946,-0.0010658581807127976,-0.00359228969402966,0.009271429290717056,0.7536205865251316,-0.2834739534675975,0.5930417601408581,0.9783810176486952,-0.05084982866417835,0.20046166523684114,-0.2001914651230658,0.010404639417476854,0.9797015467837502,-0.0519033871398005,-0.9986521107990591,0.0,29.468671354027745,-28.046519423999147,0.2648384483668291,263.71634105591926,SLIDING
0.0023799880873411894,0.07139964262023568,-7.22367024427061,-3.2885688107114914,-9.452863711191329,-7.256074061067632,-3.5023126481742097,-9.58805614719027,-8.132275422356397,-2.9478577903996244,-10.168987806991288,-6.399473169383975,-3.5976282714051755,-8.803266505221591,-0.0010635104916803207,-0.0035838711079673896,0.009274956243323196,0.753392283901053,-0.2825089047850224,0.5937918703346508,0.9783810176486952,-0.05084982866417835,0.20046166523684114,-0.2001914651230658,0.010404639417476854,0.9797015467837502,-0.0519033871398005,-0.9986521107990591,0.0,29.482885527166093,-28.188394976851686,0.26747651124597915,263.931783191385,SLIDING
0.002389988163486123,0.07169964490458369,-7.220981866174983,-3.2878287892442826,-9.452624256981524,-7.256074061067632,-3.5023126481742097,-9.58805614719027,-8.129234328456224,-2.9482222500262036,-10.169719754716622,-6.397104740306232,-3.595886373535847,-8.802145890907495,-0.0010611766163754167,-0.003575444986736981,0.009278474946652841,0.7530998209347791,-0.28159309717810577,0.5945973320909249,0.9783810176486952,-0.05084982866417835,0.20046166523684114,-0.2001914651230658,0.010404639417476854,0.9797015467837502,-0.0519033871398005,-0.9986521107990591,0.0,29.50281503959993,-28.328632949427217,0.2701171407678338,264.191379100808,SLIDING
0.002399988006800413,0.0719996402040124,-7.21827667956953,-3.2870763700109604,-9.452450986279162,-7.256074061067632,-3.5023126481742097,-9.58805614719027,-8.126097817190288,-2.948515043471254,-10.170586140586616,-6.3947908089258965,-3.5941858403659923,-8.801029546220427,-0.0010588566717662955,-0.0035670117526460433,0.009281985224354668,0.7527421775062574,-0.2807264334324948,0.5954593888548652,0.9783810176486952,-0.05084982866417835,0.20046166523684114,-0.2001914651230658,0.010404639417476854,0.9797015467837502,-0.0519033871398005,-0.9986521107990591,0.0,29.528536986104072,-28.46724863968235,0.27276031773624076,264.44567040867685,SLIDING
0.002409987850114703,0.0722996355034411,-7.215554699355411,-3.2863116722208146,-9.45234386928192,-7.256074061067632,-3.5023126481742097,-9.58805614719027,-8.122865801905933,-2.948736487196966,-10.171586976469078,-6.392531482263747,-3.5925266121765076,-8.799917403559027,-0.00105655061159763,-0.0035585712395568942,0.009285487145977914,0.7523192694096456,-0.279908749991105,0.5963780751782835,0.9783810176486952,-0.05084982866417835,0.20046166523684114,-0.2001914651230658,0.010404639417476854,0.9797015467837502,-0.0519033871398005,-0.9986521107990591,0.0,29.5600473409294,-28.60419173869482,0.27540603960818366,264.7007368169665,SLIDING
0.002419987926259637,0.0725996377877891,-7.2128159255326265,-3.285534606466878,-9.452302853835734,-7.256074061067632,-3.5023126481742097,-9.58805614719027,-8.119538166622718,-2.9488866782939085,-10.17272220363207,-6.390326865525806,-3.5909084303882404,-8.798809416736027,-0.0010542583908522982,-0.0035501232806823334,0.009288980780326288,0.7518310004769186,-0.27913989221492697,0.5973533856069743,0.9783810176486952,-0.05084982866417835,0.20046166523684114,-0.2001914651230658,0.010404639417476854,0.9797015467837502,-0.0519033871398005,-0.9986521107990591,0.0,29.597341246053865,-28.73941094268057,0.2780543122922232,264.95658185260714,SLIDING
0.002429987769573927,0.07289963308721781,-7.210060373002338,-3.2847452919584397,-9.45232788033596,-7.256074061067632,-3.5023126481742097,-9.58805614719027,-8.116114747734976,-2.9489659753615354,-10.173991798074077,-6.38817713553704,-3.589331197059316,-8.797705493851135,-0.0010519801244155908,-0.003541668299422294,0.009292465952302108,0.7512772226947549,-0.2784196616077306,0.5983853496621492,0.9783810176486952,-0.05084982866417835,0.20046166523684114,-0.2001914651230658,0.010404639417476854,0.9797015467837502,-0.0519033871398005,-0.9986521107990591,0.0,29.64041611886587,-28.872863808837888,0.28070513921956497,265.21321109281365,SLIDING
0.0024399878457188606,0.07319963537156582,-7.2072880119622225,-3.283943698893178,-9.45241888172737,-7.256074061067632,-3.5023126481742097,-9.58805614719027,-8.112595284963062,-2.9489745365882833,-10.175395708014427,-6.386082471561438,-3.5877947118607207,-8.796605553993555,-0.001049715714289226,-0.0035332059320970634,0.009295942811816482,0.7506577449572278,-0.2777479022923641,0.5994739800090753,0.9783810176486952,-0.05084982866417835,0.20046166523684114,-0.2001914651230658,0.010404639417476854,0.9797015467837502,-0.0519033871398005,-0.9986521107990591,0.0,29.689271352073764,-29.0045050627843,0.2833585614747953,265.470726168435,SLIDING
0.0024499876890331507,0.07349963067099452,-7.204498902016925,-3.2831298570734146,-9.45257578350416,-7.256074061067632,-3.5023126481742097,-9.58805614719027,-8.108979596811775,-2.9489126289489023,-10.176933848800433,-6.384043151905667,-3.586298789455324,-8.79550953186173,-0.0010474652739635938,-0.003524736602829083,0.009299411184613311,0.7499723673504819,-0.27712441761148765,0.6006192682342183,0.9783810176486952,-0.05084982866417835,0.20046166523684114,-0.2001914651230658,0.010404639417476854,0.9797015467837502,-0.0519033871398005,-0.9986521107990591,0.0,29.743905022058755,-29.134294734263275,0.28601453719286063,265.7291739708387,SLIDING
0.0024599877651780844,0.07379963295534253,-7.201693013364124,-3.2823037963014725,-9.452798473907622,-7.256074061067632,-3.5023126481742097,-9.58805614719027,-8.105267362749895,-2.948780512992553,-10.178606095949773,-6.382059410488008,-3.5848432503346572,-8.79441732723856,-0.0010452287066381658,-0.0035162599473211355,0.009302871219880365,0.7492208488095166,-0.2765490162356975,0.6018212037874836,0.9783810176486952,-0.05084982866417835,0.20046166523684114,-0.2001914651230658,0.010404639417476854,0.9797015467837502,-0.0519033871398005,-0.9986521107990591,0.0,29.80431684929547,-29.262194746441825,0.28867311945056784,265.9886381666195,SLIDING
0.0024699876084923744,0.07409962825477123,-7.198870405608463,-3.2814656059843186,-9.453086856080207,-7.256074061067632,-3.5023126481742097,-9.58805614719027,-8.10145828846385,-2.948578516941706,-10.18041236041986,-6.380131627952834,-3.583427967275797,-8.793328836177539,-0.0010430061244070294,-0.003507776390412261,0.009306322744205233,0.7484028958743548,-0.2760215001452573,0.6030797931488351,0.9783810176486952,-0.05084982866417835,0.20046166523684114,-0.2001914651230658,0.010404639417476854,0.9797015467837502,-0.0519033871398005,-0.9986521107990591,0.0,29.870509087403825,-29.38817126241792,0.2913342738944191,266.2492697062381,SLIDING
0.002479987684637308,0.07439963053911924,-7.196031019145297,-3.2806152563196305,-9.453440795911463,-7.256074061067632,-3.5023126481742097,-9.58805614719027,-8.097551960115167,-2.9483068466265356,-10.18235245272017,-6.37826006602152,-3.582052696733842,-8.792243974803554,-0.0010407974316689016,-0.003499285567192654,0.009309765906050446,0.7475182148233249,-0.2755416739596984,0.6043949903985282,0.9783810176486952,-0.05084982866417835,0.20046166523684114,-0.2001914651230658,0.010404639417476854,0.9797015467837502,-0.0519033871398005,-0.9986521107990591,0.0,29.942482193435453,-29.512189733610114,0.2939980842090275,266.5111699792118,SLIDING
0.002489987527951598,0.07469962583854795,-7.193174943381595,-3.279752806912053,-9.453860166741523,-7.256074061067632,-3.5023126481742097,-9.58805614719027,-8.093548002078531,-2.9479658021567516,-10.184426267953311,-6.376445235932488,-3.580717280150944,-8.791162596715964,-0.0010386027391197845,-0.0034907879032120307,0.00931320053285008,0.7465664200634969,-0.2751093382583446,0.6057668135814557,0.9783810176486952,-0.05084982866417835,0.20046166523684114,-0.2001914651230658,0.010404639417476854,0.9797015467837502,-0.0519033871398005,-0.9986521107990591,0.0,30.020242487233205,-29.634222361755338,0.2966644913416481,266.7745395184786,SLIDING
0.002499987604096532,0.07499962812289596,-7.1903021783173555,-3.278878347168553,-9.45434479720703,-7.256074061067632,-3.5023126481742097,-9.58805614719027,-8.089445998441585,-2.9475557585209513,-10.186633553488202,-6.374687514960444,-3.579421547882559,-8.790084604269488,-0.0010364219523592137,-0.003482283032953123,0.009316626772339047,0.7455471667309308,-0.2747242562441773,0.6071951953124838,0.9783810176486952,-0.05084982866417835,0.20046166523684114,-0.2001914651230658,0.010404639417476854,0.9797015467837502,-0.0519033871398005,-0.9986521107990591,0.0,30.103790882802706,-29.754242770653526,0.2993335341903922,267.0395627917832,SLIDING
0.002509987447410822,0.07529962342232466,-7.187412723952579,-3.277991877089131,-9.454894530845793,-7.256074061067632,-3.5023126481742097,-9.58805614719027,-8.085245374973894,-2.9470769503927596,-10.188974180230748,-6.372987423990646,-3.5781652870559015,-8.789009816176291,-0.001034255180683243,-0.003473771382670396,0.009320044452800075,0.7444599786883686,-0.2743862333318008,0.6086801582845465,0.9783810176486952,-0.05084982866417835,0.20046166523684114,-0.2001914651230658,0.010404639417476854,0.9797015467837502,-0.0519033871398005,-0.9986521107990591,0.0,30.193137664743425,-29.87222820675737,0.30200524411993435,267.306467534965,SLIDING
0.002519987290725112,0.07559961872175336,-7.1844907850564,-3.2775670449834946,-9.455358031464728,-7.256074061067632,-3.5023126481742097,-9.58805614719027,-8.081308255572713,-2.9478860742532835,-10.191231642696081,-6.370986356802978,-3.576621131703625,-8.787846011402387,-0.001032102380855442,-0.0034652527846672134,0.009323453641960064,0.7436182168564065,-0.27336306845667024,0.6101676657798676,0.9783810176486952,-0.05084982866417835,0.20046166523684114,-0.2001914651230658,0.010404639417476854,0.9797015467837502,-0.0519033871398005,-0.9986521107990591,0.0,30.258854757973715,-30.057594578752276,0.30474949692499287,278.9601744287251,SLIDING
0.0025299873668700457,0.07589962100610137,-7.181542858535098,-3.2774349610906723,-9.455787780953559,-7.256074061067632,-3.5023126481742097,-9.58805614719027,-8.07750471257662,-2.9494999271705447,-10.193481524469016,-6.36881456122695,-3.5749053059980618,-8.786624716256378,-0.001029963510885503,-0.0034567270706277542,0.009326854406788597,0.7429087614563782,-0.27191538209892047,0.6116768731359299,0.9783810176486952,-0.05084982866417835,0.20046166523684114,-0.2001914651230658,0.010404639417476854,0.9797015467837502,-0.0519033871398005,-0.9986521107990591,0.0,30.311706932622897,-30.285556349581274,0.30754082753337286,279.26040545628695,SLIDING
0.0025399872101843357,0.07619961630553007,-7.178578332120227,-3.2772907774549607,-9.456282804978999,-7.256074061067632,-3.5023126481742097,-9.58805614719027,-8.073601154858652,-2.9510461463980793,-10.195863549100602,-6.366701831469092,-3.573227755473331,-8.785408039295069,-0.0010278386779734238,-0.003448194667848356,0.009330246576842161,0.7421301406041569,-0.27051374307619647,0.6132415260024063,0.9783810176486952,-0.05084982866417835,0.20046166523684114,-0.2001914651230658,0.010404639417476854,0.9797015467837502,-0.0519033871398005,-0.9986521107990591,0.0,30.370620167060107,-30.511316250279915,0.31033469885035636,279.5191988933888,SLIDING
0.0025499872863292694,0.07649961858987808,-7.1755972356141084,-3.2771345834833268,-9.456842663956794,-7.256074061067632,-3.5023126481742097,-9.58805614719027,-8.069596861544683,-2.952524920932138,-10.198377778031617,-6.364648878271423,-3.5715884791988177,-8.784195086453673,-0.00102572779072008,-0.003439655209319695,0.00933363029803196,0.7412817318579397,-0.26915806881159987,0.6148620398164972,0.9783810176486952,-0.05084982866417835,0.20046166523684114,-0.2001914651230658,0.010404639417476854,0.9797015467837502,-0.0519033871398005,-0.9986521107990591,0.0,30.435622606686263,-30.73480045544299,0.3131311743840399,279.7781906706471,SLIDING
0.0025599871296435595,0.07679961388930678,-7.1725995988190645,-3.276966408978093,-9.457467238677653,-7.256074061067632,-3.5023126481742097,-9.58805614719027,-8.065491517831363,-2.9539363941006025,-10.20102404218519,-6.36265604402857,-3.569987403997645,-8.782985783757848,-0.0010236309549220045,-0.0034311091230274475,0.009337005400769356,0.740363249479475,-0.26784826517262716,0.61653837322928,0.9783810176486952,-0.05084982866417835,0.20046166523684114,-0.2001914651230658,0.010404639417476854,0.9797015467837502,-0.0519033871398005,-0.9986521107990591,0.0,30.506712153446273,-30.955914198683725,0.31593025038873,280.0386170635596,SLIDING
0.002569987205788493,0.0770996161736548,-7.169585451537418,-3.276786313543904,-9.458156380129966,-7.256074061067632,-3.5023126481742097,-9.58805614719027,-8.061284746848044,-2.9552807466778956,-10.203802158504836,-6.360723727436499,-3.568424479561174,-8.781780013078146,-0.0010215480803853942,-0.003422556041373154,0.009340372030230621,0.739374356265889,-0.266584231688382,0.6182704980116044,0.9783810176486952,-0.05084982866417835,0.20046166523684114,-0.2001914651230658,0.010404639417476854,0.9797015467837502,-0.0519033871398005,-0.9986521107990591,0.0,30.583888900475618,-31.174567751026043,0.318731930608406,280.3005686730004,SLIDING
0.002579987049102783,0.0773996114730835,-7.166554823571491,-3.276594356785405,-9.458909916950377,-7.256074061067632,-3.5023126481742097,-9.58805614719027,-8.056976101896948,-2.9565581666749714,-10.206711945375295,-6.358852390531459,-3.5668996490165026,-8.780577612350724,-0.0010194792715017623,-0.003413996393025795,0.009343730017684569,0.7383146571154298,-0.26536586188762223,0.6200584056628574,0.9783810176486952,-0.05084982866417835,0.20046166523684114,-0.2001914651230658,0.010404639417476854,0.9797015467837502,-0.0519033871398005,-0.9986521107990591,0.0,30.667155677540737,-31.390676800870406,0.3215362232677066,280.56426889274536,SLIDING
0.002589987125247717,0.07769961375743151,-7.163507685118961,-3.276390568504918,-9.459727677775534,-7.256074061067632,-3.5023126481742097,-9.58805614719027,-8.052565076249024,-2.9577688084164433,-10.209753156587217,-6.357042436132058,-3.565412829211601,-8.779378478105144,-0.001017424439283917,-0.003405429809803241,0.009347079507570499,0.7371837565725938,-0.2641930525196339,0.62190203412264,0.9783810176486952,-0.05084982866417835,0.20046166523684114,-0.2001914651230658,0.010404639417476854,0.9797015467837502,-0.0519033871398005,-0.9986521107990591,0.0,30.756513313805367,-31.604157732454524,0.32434319339188633,280.8299269631288,SLIDING
0.002599986968562007,0.07799960905686021,-7.160444125586795,-3.2761750083070877,-9.460609468890341,-7.256074061067632,-3.5023126481742097,-9.58805614719027,-8.04805123904181,-2.95891287983762,-10.212925521872496,-6.355294425582421,-3.563963945200154,-8.778182486067658,-0.0010153836867167717,-0.003396856721051507,0.009350420332016815,0.7359812232432125,-0.26306568059240604,0.6238013199151465,0.9783810176486952,-0.05084982866417835,0.20046166523684114,-0.2001914651230658,0.010404639417476854,0.9797015467837502,-0.0519033871398005,-0.9986521107990591,0.0,30.85196352750126,-31.814932829790564,0.3271527953702016,281.09782868594795,SLIDING
0.0026099870447069407,0.07829961134120822,-7.157364085370349,-3.275947795401204,-9.46155506677738,-7.256074061067632,-3.5023126481742097,-9.58805614719027,-8.043433939350123,-2.959990624706582,-10.216228751058525,-6.353608835665613,-3.5625530032039907,-8.776989473183864,-0.001013356926021217,-0.003388276758009567,0.00935375263472402,0.7347065668193524,-0.26198364282496045,0.6257562077715921,0.9783810176486952,-0.05084982866417835,0.20046166523684114,-0.2001914651230658,0.010404639417476854,0.9797015467837502,-0.0519033871398005,-0.9986521107990591,0.0,30.953510992420036,-32.022926919134434,0.329965138387152,281.36836819963713,SLIDING
0.0026199868880212307,0.07859960664063692,-7.1542676836789125,-3.2757089297872666,-9.462564247919234,-7.256074061067632,-3.5023126481742097,-9.58805614719027,-8.038712685960002,-2.961002200167936,-10.219662525465733,-6.3519863393067455,-3.561179860677011,-8.775799302258072,-0.001011344258774004,-0.003379690350694992,0.009357076248682717,0.7333592811535896,-0.26094680891698924,0.6277666187859394,0.9783810176486952,-0.05084982866417835,0.20046166523684114,-0.2001914651230658,0.010404639417476854,0.9797015467837502,-0.0519033871398005,-0.9986521107990591,0.0,31.0611595981806,-32.2280704163948,0.3327801506173049,281.6419036663286,SLIDING
0.0026299869641661644,0.07889960892498493,-7.15115486090784,-3.275458530674565,-9.463636758996161,-7.256074061067632,-3.5023126481742097,-9.58805614719027,-8.033886737112637,-2.9619478583674064,-10.223226505288881,-6.350427495684204,-3.559844516241672,-8.774611798421665,-0.001009345598405159,-0.003371097129773244,0.009360391316852306,0.7319388006210577,-0.25995506864098517,0.6298324812466156,0.9783810176486952,-0.05084982866417835,0.20046166523684114,-0.2001914651230658,0.010404639417476854,0.9797015467837502,-0.0519033871398005,-0.9986521107990591,0.0,31.17491624915638,-32.430296305614974,0.33559794721938196,281.9190019610453,SLIDING
0.0026399868074804544,0.07919960422441363,-7.148025676661777,-3.275196687470067,-9.46477232433668,-7.256074061067632,-3.5023126481742097,-9.58805614719027,-8.02895544775094,-2.9628278617733512,-10.22692030519946,-6.348933003602312,-3.558546902320701,-8.773426785473207,-0.0010073610450822132,-0.0033624975259265227,0.009363697673087649,0.7304445409341866,-0.2590082784988479,0.6319537042288058,0.9783810176486952,-0.05084982866417835,0.20046166523684114,-0.2001914651230658,0.010404639417476854,0.9797015467837502,-0.0519033871398005,-0.9986521107990591,0.0,31.294787303167812,-32.62954411355709,0.33841852968522446,282.2002913969477,SLIDING
0.0026499866507947445,0.07949959952384233,-7.144880160743045,-3.2749234597784165,-9.465970653368148,-7.256074061067632,-3.5023126481742097,-9.58805614719027,-8.023918120250096,-2.9636424135306316,-10.23074347295847,-6.347503552713607,-3.5572869483132052,-8.772244119487844,-0.001005390559160826,-0.003353891369709566,0.009366995382924483,0.7288758989289085,-0.2581063194706842,0.6341301536828801,0.9783810176486952,-0.05084982866417835,0.20046166523684114,-0.2001914651230658,0.010404639417476854,0.9797015467837502,-0.0519033871398005,-0.9986521107990591,0.0,31.420778816602876,-32.82575308842914,0.34124193013636805,282.4865885126516,SLIDING
0.002659986726939678,0.07979960180819035,-7.141718283349323,-3.274638996611226,-9.467231410814437,-7.256074061067632,-3.5023126481742097,-9.58805614719027,-8.018773929725857,-2.9643918508336173,-10.234695541108128,-6.346139834435731,-3.556064632529944,-8.771063585091618,-0.0010034341022513674,-0.0033452784910921658,0.009370284511127269,0.7272322153435331,-0.2572490355201422,0.6363617200071778,0.9783810176486952,-0.05084982866417835,0.20046166523684114,-0.2001914651230658,0.010404639417476854,0.9797015467837502,-0.0519033871398005,-0.9986521107990591,0.0,31.552899407044485,-33.018871662398126,0.3440682525180616,282.7789066667043,SLIDING
0.0026699865702539682,0.08009959710761905,-7.138526424819278,-3.2743704478841904,-9.468626494778308,-7.256074061067632,-3.5023126481742097,-9.58805614719027,-8.013597322824124,-2.9650164725396984,-10.238712289346108,-6.344748344032334,-3.55498588760757,-8.770080553589972,-0.0010014917724110305,-0.003336659321739893,0.009373564892847885,0.7255865125181693,-0.2565084413338573,0.6385355372852759,0.9783810176486952,-0.05084982866417835,0.20046166523684114,-0.2001914651230658,0.010404639417476854,0.9797015467837502,-0.0519033871398005,-0.9986521107990591,0.0,31.68535675478246,-33.19636823134835,0.34689778980357744,283.05841203973966,NONE
0.002679986646398902,0.08039959939196706,-7.135298237258243,-3.2747717957597855,-9.4697936729323,-7.256074061067632,-3.5023126481742097,-9.58805614719027,-8.009549624290512,-2.9666455000189877,-10.241301150366427,-6.342263536063144,-3.5542736055340223,-8.769958121153902,-0.000999563486091341,-0.003328033490910623,0.009376836669188923,0.7249069948814647,-0.2554904806587105,0.639714360527185,0.9783810176486952,-0.05084982866417835,0.20046166523684114,-0.2001914651230658,0.010404639417476854,0.9797015467837502,-0.0519033871398005,-0.9986521107990591,0.0,31.737708074248324,-33.352539510878664,0.3498426212290351,312.3056859203093,NONE
0.002689986489713192,0.08069959469139576,-7.132135704213428,-3.276007847080815,-9.469962667001399,-7.256074061067632,-3.5023126481742097,-9.58805614719027,-8.006717280056488,-2.9703814752973945,-10.242090038396777,-6.338801488269153,-3.5532419722074144,-8.769564808511655,-0.000997649339936614,-0.0033194014309194646,0.00938009967617223,0.7251807790379722,-0.25341760735218266,0.640228360819618,0.9783810176486952,-0.05084982866417835,0.20046166523684114,-0.2001914651230658,0.010404639417476854,0.9797015467837502,-0.0519033871398005,-0.9986521107990591,0.0,31.70877807887774,-33.58061345134938,0.35296575969315747,312.32203483162874,NONE
0.0026999865658581257,0.08099959697574377,-7.128972962552356,-3.2772437791925553,-9.470131877137336,-7.256074061067632,-3.5023126481742097,-9.58805614719027,-8.003705789931333,-2.974060201338316,-10.243050558769918,-6.335501546120478,-3.5522620424029547,-8.769016219983703,-0.0009957492516116935,-0.0033107627704695108,0.009383354054152535,0.7253061929612413,-0.2513921048107125,0.6408844951244415,0.9783810176486952,-0.05084982866417835,0.20046166523684114,-0.2001914651230658,0.010404639417476854,0.9797015467837502,-0.0519033871398005,-0.9986521107990591,0.0,31.692288037192093,-33.81103858194047,0.3560890528885743,312.3383228634497,NONE
0.0027099864091724157,0.08129959227517247,-7.12581004207735,-3.2784796516996506,-9.470301295889529,-7.256074061067632,-3.5023126481742097,-9.58805614719027,-8.00051517930568,-2.9776815877387834,-10.244182770803697,-6.3323637434212845,-3.5513340117974117,-8.76831228755373,-0.0009938633163466381,-0.0033021179425192933,0.009386599640024439,0.7252832329932152,-0.24941409741679488,0.6416828188043338,0.9783810176486952,-0.05084982866417835,0.20046166523684114,-0.2001914651230658,0.010404639417476854,0.9797015467837502,-0.0519033871398005,-0.9986521107990591,0.0,31.688253833272167,-34.04356874087716,0.3592124761817015,312.3546147131704,NONE
0.0027199864853173494,0.08159959455952048,-7.122646853381442,-3.279715434799779,-9.47047093070856,-7.256074061067632,-3.5023126481742097,-9.58805614719027,-7.997145381576462,-2.9812454568918807,-10.245486469948883,-6.329387970079159,-3.5504579846622253,-8.767453210977655,-0.00099199145302078,-0.0032934665752220454,0.00938983657339254,0.7251119180423057,-0.2474837077262368,0.6426231560744473,0.9783810176486952,-0.05084982866417835,0.20046166523684114,-0.2001914651230658,0.010404639417476854,0.9797015467837502,-0.0519033871398005,-0.9986521107990591,0.0,31.696680873403512,-34.27794291939692,0.3623361140376211,312.3709126692893,NONE
0.0027299863286316395,0.08189958985894918,-7.119470968896198,-3.2809754173856858,-9.47071095116249,-7.256074061067632,-3.5023126481742097,-9.58805614719027,-7.99367019396095,-2.984697449596873,-10.246904335758547,-6.32648358389749,-3.549729591689809,-8.766624806201046,-0.0009901337554484623,-0.0032848091021738944,0.009393064692026443,0.7248637435058525,-0.24566614873605916,0.643599795459783,0.9783810176486952,-0.05084982866417835,0.20046166523684114,-0.2001914651230658,0.010404639417476854,0.9797015467837502,-0.0519033871398005,-0.9986521107990591,0.0,31.711884557533246,-34.50266205501994,0.36545929413095735,312.16448598129534,NONE
0.002739986404776573,0.0821995921432972,-7.116267576867389,-3.282288984547246,-9.471106085253867,-7.256074061067632,-3.5023126481742097,-9.58805614719027,-7.990178965896216,-2.987971590205466,-10.248368746845903,-6.323541288354349,-3.549264719833941,-8.766049997578484,-0.0009882901437247536,-0.0032761451509835463,0.009396284134778672,0.7246250771921159,-0.24404049114281506,0.644486412724965,0.9783810176486952,-0.05084982866417835,0.20046166523684114,-0.2001914651230658,0.010404639417476854,0.9797015467837502,-0.0519033871398005,-0.9986521107990591,0.0,31.726971145461473,-34.7040923535453,0.3685810175111861,312.1805449058891,NONE
0.0027499862480908632,0.0824995874427259,-7.113064006024646,-3.2836024623018387,-9.471501435412081,-7.256074061067632,-3.5023126481742097,-9.58805614719027,-7.986509556675609,-2.9911877506075357,-10.250004868946155,-6.320760280179821,-3.5488522713993484,-8.765319841708457,-0.000986460710246942,-0.0032674751558781864,0.009399494740296175,0.7242388158677336,-0.24246283512687505,0.6455152292337812,0.9783810176486952,-0.05084982866417835,0.20046166523684114,-0.2001914651230658,0.010404639417476854,0.9797015467837502,-0.0519033871398005,-0.9986521107990591,0.0,31.754405558755472,-34.90689611892347,0.371702867980126,312.1966153121977,NONE
0.0027599860914051533,0.0827995827421546,-7.109860196763324,-3.284915880451787,-9.471896994186553,-7.256074061067632,-3.5023126481742097,-9.58805614719027,-7.982661670362225,-2.9943459807472204,-10.251812252827408,-6.318140714146596,-3.5484922579176827,-8.76443473188085,-0.0009846454184284062,-0.003258798946011703,0.009402696572230224,0.7237047635720124,-0.24093316398715744,0.6466858786724164,0.9783810176486952,-0.05084982866417835,0.20046166523684114,-0.2001914651230658,0.010404639417476854,0.9797015467837502,-0.0519033871398005,-0.9986521107990591,0.0,31.79418810285191,-35.110848301513045,0.37482490686283043,312.2114219314445,SLIDING
0.002769986167550087,0.08309958502650261,-7.1066350490391725,-3.286270187388051,-9.472413021398696,-7.256074061067632,-3.5023126481742097,-9.58805614719027,-7.978762287335475,-2.997355054852287,-10.253696078942548,-6.315527166243345,-3.5483455231550445,-8.76371002672422,-0.0009828442329440584,-0.0032501163499839883,0.009405889693449125,0.7231457048226654,-0.23956107317511194,0.6478200227036206,0.9783810176486952,-0.05084982866417835,0.20046166523684114,-0.2001914651230658,0.010404639417476854,0.9797015467837502,-0.0519033871398005,-0.9986521107990591,0.0,31.836508175025383,-35.29707053193284,0.3779457527766663,312.0794743223382,NONE
0.002779986010864377,0.08339958032593131,-7.103408113175678,-3.287627563963521,-9.472938510848197,-7.256074061067632,-3.5023126481742097,-9.58805614719027,-7.974694401307448,-3.000299211435544,-10.255743538641635,-6.313063057493816,-3.548263529283978,-8.762854934752852,-0.0009810572440693873,-0.0032414278029540473,0.009409073943916406,0.7224484103537534,-0.23824535558627585,0.6490820016907753,0.9783810176486952,-0.05084982866417835,0.20046166523684114,-0.2001914651230658,0.010404639417476854,0.9797015467837502,-0.0519033871398005,-0.9986521107990591,0.0,31.89035781555911,-35.48274657950404,0.38106660744686494,312.0496568953812,SLIDING
0.0027899860870093107,0.08369958261027932,-7.1001689285576814,-3.289007947931874,-9.473532821310672,-7.256074061067632,-3.5023126481742097,-9.58805614719027,-7.970520810403766,-3.0031342165468047,-10.257908306051572,-6.310671474172832,-3.5483244243038103,-8.762024681440487,-0.0009792843749372808,-0.0032327329311962996,0.009412249460599641,0.7216736244482326,-0.23703922076391548,0.6503841846135153,0.9783810176486952,-0.05084982866417835,0.20046166523684114,-0.2001914651230658,0.010404639417476854,0.9797015467837502,-0.0519033871398005,-0.9986521107990591,0.0,31.950859615261056,-35.658670632507636,0.3841868200130776,312.0325738087638,NONE
0.0027999859303236008,0.08399957790970802,-7.096921280080127,-3.2904037098985794,-9.474173683000716,-7.256074061067632,-3.5023126481742097,-9.58805614719027,-7.966217971679149,-3.0058771755477114,-10.260207399082185,-6.308380990298841,-3.5484981418868116,-8.761161359076393,-0.0009775257144032058,-0.0032240321704854434,0.009415416084345275,0.7207986875566559,-0.2359221592778696,0.6517591478286056,0.9783810176486952,-0.05084982866417835,0.20046166523684114,-0.2001914651230658,0.010404639417476854,0.9797015467837502,-0.0519033871398005,-0.9986521107990591,0.0,32.0197826706182,-35.82821275858792,0.38730676369080186,311.9771746398465,SLIDING
0.0028099860064685345,0.08429958019405603,-7.093665048533725,-3.2918151478868607,-9.474862265659484,-7.256074061067632,-3.5023126481742097,-9.58805614719027,-7.961787003284048,-3.008527658054458,-10.26263987347561,-6.306190364251737,-3.548785640795277,-8.760268055013306,-0.0009757811868197086,-0.0032153251465700627,0.009418573951362088,0.7198246256662224,-0.2348947751047041,0.6532051384618719,0.9783810176486952,-0.05084982866417835,0.20046166523684114,-0.2001914651230658,0.010404639417476854,0.9797015467837502,-0.0519033871398005,-0.9986521107990591,0.0,32.09700490970744,-35.99116044736309,0.3904263357783151,311.94321012327356,SLIDING
0.0028199858497828245,0.08459957549348474,-7.090400114709186,-3.293242202292073,-9.475598807705554,-7.256074061067632,-3.5023126481742097,-9.58805614719027,-7.957228190860301,-3.0110859896416637,-10.265205068857592,-6.304099109581187,-3.5491865120278936,-8.759345822966083,-0.0009740508796205114,-0.0032066122958344092,0.009421722903381773,0.7187517744691797,-0.23395674886357828,0.6547214112571774,0.9783810176486952,-0.05084982866417835,0.20046166523684114,-0.2001914651230658,0.010404639417476854,0.9797015467837502,-0.0519033871398005,-0.9986521107990591,0.0,32.1824555663605,-36.147447890972586,0.39354560208305145,311.9152761172074,SLIDING
0.0028299859259277582,0.08489957777783275,-7.08712647860651,-3.294684604893315,-9.47638298876396,-7.256074061067632,-3.5023126481742097,-9.58805614719027,-7.9525410077947045,-3.0135529538256947,-10.267902904514369,-6.302107703978789,-3.5496995333313595,-8.758394125162734,-0.0009723347183788853,-0.003197893243506501,0.009424863075852203,0.7175796973112673,-0.23310720848072383,0.6563081649354932,0.9783810176486952,-0.05084982866417835,0.20046166523684114,-0.2001914651230658,0.010404639417476854,0.9797015467837502,-0.0519033871398005,-0.9986521107990591,0.0,32.27612277698049,-36.297113959048176,0.3966646131889213,311.8929196369812,SLIDING
0.0028399857692420483,0.08519957307726145,-7.083844050818729,-3.2961421768766526,-9.477214682174834,-7.256074061067632,-3.5023126481742097,-9.58805614719027,-7.94772522805836,-3.015929258768928,-10.270732874611648,-6.300216181967532,-3.550323721314241,-8.75741317889306,-0.0009706327891058508,-0.003189168426573867,0.009427994311392629,0.7163082809090554,-0.23234541849796225,0.6579650850950383,0.9783810176486952,-0.05084982866417835,0.20046166523684114,-0.2001914651230658,0.010404639417476854,0.9797015467837502,-0.0519033871398005,-0.9986521107990591,0.0,32.3779657405197,-36.44017228235429,0.3997834728677976,311.87805002233443,SLIDING
0.002849985845386982,0.08549957536160946,-7.080552861148166,-3.297614739428151,-9.47809371657482,-7.256074061067632,-3.5023126481742097,-9.58805614719027,-7.942780448067872,-3.0182156582989728,-10.273694641291701,-6.298424966474548,-3.551058051162107,-8.756402963820992,-0.000968945018596451,-0.0031804374697494376,0.009431116744688332,0.714937165910141,-0.23167060559266692,0.659692033682917,0.9783810176486952,-0.05084982866417835,0.20046166523684114,-0.2001914651230658,0.010404639417476854,0.9797015467837502,-0.0519033871398005,-0.9986521107990591,0.0,32.4879608436768,-36.5766570160989,0.4029021772207759,311.87257869849884,SLIDING
0.002859985688701272,0.08579957066103816,-7.077252730780887,-3.2991020541292313,-9.479019883347663,-7.256074061067632,-3.5023126481742097,-9.58805614719027,-7.937706243191737,-3.0204129054494406,-10.276787519304104,-6.2967341016673775,-3.5519013851086587,-8.755363703685823,-0.0009672714914375674,-0.0031717008106178397,0.009434230219248186,0.7134661484888524,-0.23108194767792095,0.6614886154862089,0.9783810176486952,-0.05084982866417835,0.20046166523684114,-0.2001914651230658,0.010404639417476854,0.9797015467837502,-0.0519033871398005,-0.9986521107990591,0.0,32.60606902640113,-36.70660596357793,0.40602093089203706,311.87824058353004,SLIDING
0.0028699857648462057,0.08609957294538617,-7.073943659716892,-3.3006039719682816,-9.479992966426524,-7.256074061067632,-3.5023126481742097,-9.58805614719027,-7.932502217588346,-3.0225218666585207,-10.280010863103684,-6.295143946614519,-3.5528526530262963,-8.754295572001134,-0.0009656121356471426,-0.0031629580733820977,0.009437334868992814,0.7118949004234031,-0.230578602768598,0.6633544743924127,0.9783810176486952,-0.05084982866417835,0.20046166523684114,-0.2001914651230658,0.010404639417476854,0.9797015467837502,-0.0519033871398005,-0.9986521107990591,0.0,32.732258703866194,-36.830069488716454,0.40913976961748233,311.8963682386269,SLIDING
0.0028799856081604958,0.08639956824481487,-7.07062552874689,-3.302120284329045,-9.481012682689341,-7.256074061067632,-3.5023126481742097,-9.58805614719027,-7.9271677128143265,-3.024543351194137,-10.28336399146622,-6.2936548712467,-3.553910722974547,-8.753198646763904,-0.0009639670343868959,-0.0031542096962178115,0.009440430538322924,0.7102229745946202,-0.23015972686104796,0.6652892803053553,0.9783810176486952,-0.05084982866417835,0.20046166523684114,-0.2001914651230658,0.010404639417476854,0.9797015467837502,-0.0519033871398005,-0.9986521107990591,0.0,32.86650536396767,-36.94710776297951,0.41225885617623526,311.92780302663397,SLIDING
0.002889985451474786,0.08669956354424357,-7.067298248463916,-3.30365084219991,-9.482078741563472,-7.256074061067632,-3.5023126481742097,-9.58805614719027,-7.92170209666745,-3.0264782174198324,-10.28684609293844,-6.292267278527324,-3.5550745321503348,-8.752073109893068,-0.0009623361547047214,-0.0031454555067184794,0.009443517288626727,0.7084499209304896,-0.22982448466543576,0.6672926013240746,0.9783810176486952,-0.05084982866417835,0.20046166523684114,-0.2001914651230658,0.010404639417476854,0.9797015467837502,-0.0519033871398005,-0.9986521107990591,0.0,33.00878224443904,-37.057784321098055,0.4153783287138406,311.9727020669201,SLIDING
0.0028999855276197195,0.08699956582859159,-7.063961729461002,-3.3051954369646195,-9.483190815223368,-7.256074061067632,-3.5023126481742097,-9.58805614719027,-7.91610464518014,-3.028327276446116,-10.290456299727909,-6.29098165466027,-3.5563429469417738,-8.750919123367826,-0.0009607194649170613,-0.003136695331959074,0.009446595180497133,0.7065752132695088,-0.2295720306502859,0.669363989721775,0.9783810176486952,-0.05084982866417835,0.20046166523684114,-0.2001914651230658,0.010404639417476854,0.9797015467837502,-0.0519033871398005,-0.9986521107990591,0.0,33.15906626162575,-37.162170989274124,0.41849832981272783,312.0307885132872,SLIDING
0.0029099853709340096,0.08729956112802029,-7.060615941935825,-3.3067539792162064,-9.484348553491744,-7.256074061067632,-3.5023126481742097,-9.58805614719027,-7.910374599419982,-3.0300914550382814,-10.294193700009142,-6.289798631238184,-3.5577149561705657,-8.749736846482785,-0.000959117046052189,-0.003127929610987445,0.00944966405967278,0.7045982470355648,-0.22940152223142796,0.6715029797940683,0.9783810176486952,-0.05084982866417835,0.20046166523684114,-0.2001914651230658,0.010404639417476854,0.9797015467837502,-0.0519033871398005,-0.9986521107990591,0.0,33.3173382442638,-37.26034611014307,0.421618954281719,312.1013536575654,SLIDING
0.0029199854470789433,0.0875995634123683,-7.057260796481418,-3.3083262901407364,-9.485551598740729,-7.256074061067632,-3.5023126481742097,-9.58805614719027,-7.904511048027646,-3.031771581914927,-10.298057349000107,-6.288718864448276,-3.5591894670885553,-8.748526454218467,-0.0009575288291827157,-0.003119157966757729,0.009452724058158567,0.7025183406866825,-0.22931212398853415,0.6737090846876695,0.9783810176486952,-0.05084982866417835,0.20046166523684114,-0.2001914651230658,0.010404639417476854,0.9797015467837502,-0.0519033871398005,-0.9986521107990591,0.0,33.48358283711739,-37.35239362152967,0.42474035219291295,312.18347515557946,SLIDING
0.0029299852903932333,0.087899558711797,-7.053896263295459,-3.30991225052892,-9.486799563540133,-7.256074061067632,-3.5023126481742097,-9.58805614719027,-7.898513144148543,-3.0333685672214292,-10.302046155309949,-6.287743065637521,-3.5607654267573414,-8.747288197708427,-0.000955954893908847,-0.003110380838893113,0.009455775022590745,0.7003348167439227,-0.2293029824069182,0.6759817206963136,0.9783810176486952,-0.05084982866417835,0.20046166523684114,-0.2001914651230658,0.010404639417476854,0.9797015467837502,-0.0519033871398005,-0.9986521107990591,0.0,33.657782006722435,-37.43840228627538,0.42786262430746547,312.27602912788245,SLIDING
0.002939985366538167,0.08819956099614501,-7.050526246482181,-3.311575041304219,-9.48802110113016,-7.256074061067632,-3.5023126481742097,-9.58805614719027,-7.892481308704035,-3.035046190816805,-10.30602144198502,-6.286787588365345,-3.5624147626600355,-8.746011805509358,-0.0009543951725294899,-0.003101597849856504,0.00945881708420308,0.6981277044950823,-0.22929068341010023,0.6782650593372448,0.9783810176486952,-0.05084982866417835,0.20046166523684114,-0.2001914651230658,0.010404639417476854,0.9797015467837502,-0.0519033871398005,-0.9986521107990591,0.0,33.83336006704364,-37.52435725555791,0.43099946595331673,329.3555393043123,SLIDING
0.002949985209852457,0.08849955629557371,-7.0471306890786165,-3.314047710190404,-9.488658867103966,-7.256074061067632,-3.5023126481742097,-9.58805614719027,-7.888047725732079,-3.0387201288356596,-10.30813086174617,-6.284333625460425,-3.563797758573649,-8.745314632198173,-0.0009528497432156293,-0.0030928094398402104,0.009461850090531163,0.6972670001181106,-0.22829462162521275,0.6794853171947807,0.9783810176486952,-0.05084982866417835,0.20046166523684114,-0.2001914651230658,0.010404639417476854,0.9797015467837502,-0.0519033871398005,-0.9986521107990591,0.0,33.89999870188483,-37.66492917479242,0.43431950202136527,332.46013673689947,NONE
0.0029599852859973907,0.08879955857992172,-7.043700203353214,-3.316491202602971,-9.489436629487189,-7.256074061067632,-3.5023126481742097,-9.58805614719027,-7.883608822442164,-3.0423334284971424,-10.310333770467102,-6.281817876770405,-3.565180117134031,-8.74479964227142,-0.0009513185394932115,-0.003084015230821428,0.009464874172035715,0.6964308459442432,-0.22732464723342988,0.6806670122589918,0.9783810176486952,-0.05084982866417835,0.20046166523684114,-0.2001914651230658,0.010404639417476854,0.9797015467837502,-0.0519033871398005,-0.9986521107990591,0.0,33.9647156636949,-37.80112087908463,0.4376441637644355,332.47645929184523,NONE
0.002969985129311681,0.08909955387935042,-7.040269509011554,-3.318934605608571,-9.490214578134927,-7.256074061067632,-3.5023126481742097,-9.58805614719027,-7.8789914201395925,-3.045893822476839,-10.312695809612038,-6.279463646941295,-3.5666102960069392,-8.744140660131578,-0.0009498016381030669,-0.0030752156635552646,0.009467889177154382,0.6954468579123037,-0.22639846675221748,0.6819804997741133,0.9783810176486952,-0.05084982866417835,0.20046166523684114,-0.2001914651230658,0.010404639417476854,0.9797015467837502,-0.0519033871398005,-0.9986521107990591,0.0,34.04119813720752,-37.93740417836544,0.4409689877284695,332.4928354215339,NONE
0.0029799852054566145,0.08939955616369843,-7.0368385762513155,-3.3213779192072037,-9.49099271677247,-7.256074061067632,-3.5023126481742097,-9.58805614719027,-7.874194895774405,-3.049401605039739,-10.31521621090388,-6.277271444306566,-3.568088028264175,-8.74333838978842,-0.0009482989737993052,-0.0030664103595385303,0.009470895235572825,0.6943145441164521,-0.22551583618453758,0.6834251396154172,0.9783810176486952,-0.05084982866417835,0.20046166523684114,-0.2001914651230658,0.010404639417476854,0.9797015467837502,-0.0519033871398005,-0.9986521107990591,0.0,34.12944016414798,-38.073658663881616,0.44429400232471217,332.5092995944006,NONE
0.0029899850487709045,0.08969955146312714,-7.0334061533749574,-3.3238200109106186,-9.491776052189978,-7.256074061067632,-3.5023126481742097,-9.58805614719027,-7.869224944924319,-3.052856795510935,-10.317891645303192,-6.275233715285214,-3.5696111366059324,-8.742405399475228,-0.0009468106218912874,-0.0030575997600828042,0.009473892196632451,0.6930396650604805,-0.22467580047608582,0.6849940199252015,0.9783810176486952,-0.05084982866417835,0.20046166523684114,-0.2001914651230658,0.010404639417476854,0.9797015467837502,-0.0519033871398005,-0.9986521107990591,0.0,34.22893396877999,-38.20961276300266,0.44761937093395154,333.16807722117227,IMPACT
0.0029999848920851946,0.08999954676255584,-7.02991719549303,-3.3262109022241715,-9.492782286627206,-7.256074061067632,-3.5023126481742097,-9.58805614719027,-7.864345682847767,-3.056248685192739,-10.320629247398292,-6.273005904354734,-3.571094020847792,-8.741841107798814,-0.0009453365525171657,-0.003048783691541717,0.009476880119778527,0.6918868602143623,-0.22384579811089259,0.6864296259128163,0.9783810176486952,-0.05084982866417835,0.20046166523684114,-0.2001914651230658,0.010404639417476854,0.9797015467837502,-0.0519033871398005,-0.9986521107990591,0.0,34.31870122432927,-38.339275814027964,0.4509527660797481,333.3502266327305,NONE
0.0030099849682301283,0.09029954904690385,-7.026427730971622,-3.328601376305211,-9.493790007455262,-7.256074061067632,-3.5023126481742097,-9.58805614719027,-7.8592884123928535,-3.0595885988515796,-10.323522675548311,-6.270938598869561,-3.572623256910737,-8.74113830078008,-0.0009438767370890531,-0.00303996197978167,0.009479859063649667,0.6905868754449095,-0.22305854698224228,0.6879932064209704,0.9783810176486952,-0.05084982866417835,0.20046166523684114,-0.2001914651230658,0.010404639417476854,0.9797015467837502,-0.0519033871398005,-0.9986521107990591,0.0,34.420040000390685,-38.468704324982156,0.45428633773141414,333.3667068280553,NONE
0.0030199848115444183,0.09059954434633255,-7.022930756264972,-3.3309852342706803,-9.494826178325328,-7.256074061067632,-3.5023126481742097,-9.58805614719027,-7.854085369039921,-3.0628755261238694,-10.326559479120673,-6.268989201506444,-3.5741879393981737,-8.740359694824164,-0.0009424312487736011,-0.00303113506693414,0.009482828878943682,0.6891722467536856,-0.2223097449018714,0.689652080128917,0.9783810176486952,-0.05084982866417835,0.20046166523684114,-0.2001914651230658,0.010404639417476854,0.9797015467837502,-0.0519033871398005,-0.9986521107990591,0.0,34.53032801079537,-38.59708087767353,0.45762121763461927,333.9010708607391,NONE
0.003029984887689352,0.09089954663068056,-7.019406333619403,-3.3333443265062455,-9.495969078762444,-7.256074061067632,-3.5023126481742097,-9.58805614719027,-7.848831596911863,-3.066106325870579,-10.329706851218539,-6.267033474284697,-3.575756304486051,-8.739684336110521,-0.0009410000253928881,-0.003022302573321771,0.009485789693404512,0.687738314185724,-0.22158694722411837,0.6913141370034858,0.9783810176486952,-0.05084982866417835,0.20046166523684114,-0.2001914651230658,0.010404639417476854,0.9797015467837502,-0.0519033871398005,-0.9986521107990591,0.0,34.64201442324891,-38.722391318101955,0.46096029756037105,333.9176252880501,NONE
0.003039984731003642,0.09119954193010926,-7.015869960242557,-3.335692749510396,-9.497157636357459,-7.256074061067632,-3.5023126481742097,-9.58805614719027,-7.843452570981078,-3.069284074475969,-10.332989276020125,-6.2651685737121205,-3.5773524450344594,-8.738973543725502,-0.0009395831386794869,-0.0030134649416169155,0.009488741358639056,0.686210433595199,-0.22089929154716978,0.6930503183889666,0.9783810176486952,-0.05084982866417835,0.20046166523684114,-0.2001914651230658,0.010404639417476854,0.9797015467837502,-0.0519033871398005,-0.9986521107990591,0.0,34.760951451582756,-38.84616503295687,0.4643013748162623,334.2466400835428,NONE
0.0030499848071485758,0.09149954421445727,-7.012317374402332,-3.3380265991788987,-9.498408294541749,-7.256074061067632,-3.5023126481742097,-9.58805614719027,-7.837968041645708,-3.0724084468494226,-10.336399381860229,-6.26336845661844,-3.578969210410724,-8.73826536380913,-0.0009381805276868705,-0.0030046217916805534,0.009491684001610164,0.684608515229247,-0.22024381024404385,0.6948408774135209,0.9783810176486952,-0.05084982866417835,0.20046166523684114,-0.2001914651230658,0.010404639417476854,0.9797015467837502,-0.0519033871398005,-0.9986521107990591,0.0,34.885534955801944,-38.96797668199753,0.4676451241994126,334.540236476449,SLIDING
0.003059984650462866,0.09179953951388597,-7.008747622424411,-3.3403450708490494,-9.499724439604195,-7.010359235331023,-3.51508329331508,-9.537711340563792,-7.832381811245368,-3.075479761591362,-10.339935234910136,-6.261627855142207,-3.5806047770385283,-8.737568008536677,-0.0009367922627123444,-0.0029957735667194754,0.009494617474836006,0.6829365026535481,-0.21961957193355053,0.6966814027710689,0.9841770482629192,-0.01376569199850451,0.17665232349530574,-0.17663504621926387,0.002470595759866194,0.9842733139751935,-0.013985639763927851,-0.9999021961574011,-4.336808689942018e-19,37.039156691415755,-37.37007292662959,0.4765766730023451,331.5022110036747,SLIDING
0.0030699847266077995,0.09209954179823399,-7.005162343436527,-3.3426495950323227,-9.501099574638518,-7.010359235331023,-3.51508329331508,-9.537711340563792,-7.826685711917899,-3.078498684001547,-10.343598678989492,-6.259957304345901,-3.5822612695540035,-8.736867415117276,-0.0009354182840419151,-0.0029869198861388526,0.00949754190449618,0.6811862641617384,-0.21902721110976375,0.6985788103792252,0.9841770482629192,-0.01376569199850451,0.17665232349530574,-0.17663504621926387,0.002470595759866194,0.9842733139751935,-0.013985639763927851,-0.9999021961574011,-4.336808689942018e-19,37.17169350267783,-37.49256553708963,0.4798940248650183,331.97770245111724,SLIDING
0.0030799845699220896,0.09239953709766269,-7.001561388427066,-3.344940141926396,-9.502533699644717,-7.010359235331023,-3.51508329331508,-9.537711340563792,-7.820879397331278,-3.0814656543017316,-10.347388885015395,-6.258356834207547,-3.5839382317953064,-8.73616433561323,-0.0009340586605365915,-0.0029780611936735518,0.009500457144022482,0.6793576361407525,-0.21846633804068477,0.70053241278355,0.9841770482629192,-0.01376569199850451,0.17665232349530574,-0.17663504621926387,0.002470595759866194,0.9842733139751935,-0.013985639763927851,-0.9999021961574011,-4.336808689942018e-19,37.31014103843774,-37.61367172468332,0.4832161915856794,332.4585500932907,SLIDING
0.0030899846460670233,0.0926995393820107,-6.997944817000675,-3.3472167711359146,-9.50402640856615,-7.010359235331023,-3.51508329331508,-9.537711340563792,-7.814962103503945,-3.0843811271522688,-10.35130515101051,-6.256827251408027,-3.5856353650114747,-8.735458632397986,-0.0009327133337153342,-0.002969197108277903,0.009503363318809518,0.6774499356938776,-0.21793662515617668,0.7025419646141413,0.9841770482629192,-0.01376569199850451,0.17665232349530574,-0.17663504621926387,0.002470595759866194,0.9842733139751935,-0.013985639763927851,-0.9999021961574011,-4.336808689942018e-19,37.45451184487606,-37.73338238114993,0.4865431870541581,332.9447050369336,SLIDING
0.0030999844893813133,0.0929995346814394,-6.994312629157352,-3.349479542265523,-9.50557725809327,-7.010359235331023,-3.51508329331508,-9.537711340563792,-7.80893288226439,-3.0872455398129004,-10.35534679201236,-6.255369416035095,-3.587352386235668,-8.734750081365725,-0.0009313823710022437,-0.0029603280742088785,0.009506260283204645,0.6754623766214325,-0.21743775931424697,0.7046072654985371,0.9841770482629192,-0.01376569199850451,0.17665232349530574,-0.17663504621926387,0.002470595759866194,0.9842733139751935,-0.013985639763927851,-0.9999021961574011,-4.336808689942018e-19,37.604824911424544,-37.85169039060228,0.48987509040261124,333.43620566293976,SLIDING
0.003109984565526247,0.09329953696578741,-6.990664914304065,-3.351728485117543,-9.507185782564791,-7.010359235331023,-3.51508329331508,-9.537711340563792,-7.80279079639679,-3.090059312277451,-10.359513117109367,-6.253984348746738,-3.5890889713269303,-8.734038421180024,-0.0009300657151501362,-0.0029514537099756405,0.00950914816181564,0.6733941076739356,-0.21696941697803454,0.7067281286649316,0.9841770482629192,-0.01376569199850451,0.17665232349530574,-0.17663504621926387,0.002470595759866194,0.9842733139751935,-0.013985639763927851,-0.9999021961574011,-4.336808689942018e-19,37.76110259380278,-37.968591577606894,0.49321189630915363,333.9330305951933,SLIDING
0.003119984408840537,0.09359953226521611,-6.98700274532442,-3.354087547550786,-9.508726856930169,-7.010359235331023,-3.51508329331508,-9.537711340563792,-7.796773537984558,-3.093173557974936,-10.36352288113112,-6.252458484807226,-3.590763005925858,-8.733340143577506,-0.000928763432145216,-0.0029425744603505544,0.009512026809907582,0.6714413274684051,-0.21634323823953105,0.7087751032841797,0.9841770482629192,-0.01376569199850451,0.17665232349530574,-0.17663504621926387,0.002470595759866194,0.9842733139751935,-0.013985639763927851,-0.9999021961574011,-4.336808689942018e-19,37.907653067941354,-38.095755409861724,0.4965763587253189,342.8261282392814,SLIDING
0.003129984252154827,0.09389952756464481,-6.983341410809802,-3.3567932705980423,-9.509929008109482,-7.010359235331023,-3.51508329331508,-9.537711340563792,-7.791269386069559,-3.0972240617398805,-10.366875507137854,-6.250468772629324,-3.592248876433624,-8.732591595921807,-0.0009274754957948998,-0.0029336901503189583,0.009514896284595627,0.6699133101914065,-0.21522818030162758,0.7105582222678467,0.9841770482629192,-0.01376569199850451,0.17665232349530574,-0.17663504621926387,0.002470595759866194,0.9842733139751935,-0.013985639763927851,-0.9999021961574011,-4.336808689942018e-19,38.01981109085692,-38.255069923240995,0.5000046434717031,342.84047887181714,NONE
0.003139984328299761,0.09419952984899282,-6.9796667844594,-3.359487102518666,-9.511182050479563,-7.010359235331023,-3.51508329331508,-9.537711340563792,-7.785645323345841,-3.101231610128232,-10.37035827518333,-6.248562482840627,-3.593751034240952,-8.731822050897733,-0.0009262018811860896,-0.002924800604414491,0.009517756642176814,0.6682968871761804,-0.21413888004900877,0.7124070540372153,0.9841770482629192,-0.01376569199850451,0.17665232349530574,-0.17663504621926387,0.002470595759866194,0.9842733139751935,-0.013985639763927851,-0.9999021961574011,-4.336808689942018e-19,38.13865187278449,-38.413692462910845,0.5034368560011124,343.480592411597,SLIDING
0.003149984171614051,0.09449952514842153,-6.97597534959917,-3.362165794859517,-9.512499722911032,-7.010359235331023,-3.51508329331508,-9.537711340563792,-7.779917765810436,-3.1051976541562425,-10.373966527652492,-6.246718017812251,-3.5952619679991993,-8.731061934854743,-0.0009249426521529923,-0.0029159062681690874,0.009520607739292215,0.6666085860861676,-0.21307144080128565,0.7143063446946729,0.9841770482629192,-0.01376569199850451,0.17665232349530574,-0.17663504621926387,0.002470595759866194,0.9842733139751935,-0.013985639763927851,-0.9999021961574011,-4.336808689942018e-19,38.26287239461786,-38.57137611052692,0.506873985622807,343.99187767536324,SLIDING
0.0031599842477589846,0.09479952743276954,-6.972267642670917,-3.3648299436670426,-9.513879600239905,-7.010359235331023,-3.51508329331508,-9.537711340563792,-7.774082850312475,-3.1091158945925175,-10.37769890280972,-6.244939904862893,-3.5967885284713463,-8.730307857991441,-0.0009236977545298944,-0.0029070067590045885,0.009523449698579415,0.6648447588911225,-0.21203157994731686,0.7162569760079479,0.9841770482629192,-0.01376569199850451,0.17665232349530574,-0.17663504621926387,0.002470595759866194,0.9842733139751935,-0.013985639763927851,-0.9999021961574011,-4.336808689942018e-19,38.39273856239109,-38.72761779970158,0.5103159409989182,344.4212751743252,SLIDING
0.0031699840910732746,0.09509952273219824,-6.968544885569858,-3.367480532417882,-9.51531704820505,-7.010359235331023,-3.51508329331508,-9.537711340563792,-7.768134588194293,-3.112983932372047,-10.381555397398644,-6.243235906590748,-3.598334767442467,-8.72955098525556,-0.0009224672507102603,-0.0028981025229526712,0.009526282377602223,0.6629994267841506,-0.21102210220453038,0.7182627878882969,0.9841770482629192,-0.01376569199850451,0.17665232349530574,-0.17663504621926387,0.002470595759866194,0.9842733139751935,-0.013985639763927851,-0.9999021961574011,-4.336808689942018e-19,38.52867799013135,-38.88226764819052,0.5137623517594498,344.8701276585866,SLIDING
0.0031799841672182083,0.09539952501654625,-6.964807018691348,-3.370117590914357,-9.516811798585566,-7.010359235331023,-3.51508329331508,-9.537711340563792,-7.762072293846297,-3.116802179973359,-10.385535271966747,-6.241606531241169,-3.5999003675887424,-8.728791475881081,-0.000921251087765333,-0.0028891931770088854,0.009529105898205244,0.661072070697882,-0.21004269026755787,0.720323389602463,0.9841770482629192,-0.01376569199850451,0.17665232349530574,-0.17663504621926387,0.002470595759866194,0.9842733139751935,-0.013985639763927851,-0.9999021961574011,-4.336808689942018e-19,38.670690842986424,-39.035300122541194,0.517213324358023,345.32726240692074,SLIDING
0.0031899840105324984,0.09569952031597495,-6.9610541314423555,-3.3727412085634354,-9.518363393170747,-7.010359235331023,-3.51508329331508,-9.537711340563792,-7.7558952338240195,-3.120571109744511,-10.389637720129782,-6.240052614630854,-3.601485070950722,-8.72802918748602,-0.0009200493266473089,-0.0028802791676981482,0.009531920118877114,0.6590620083448546,-0.20909302661139623,0.7224384924538093,0.9841770482629192,-0.01376569199850451,0.17665232349530574,-0.17663504621926387,0.002470595759866194,0.9842733139751935,-0.013985639763927851,-0.9999021961574011,-4.336808689942018e-19,38.81878812479835,-39.18669522596868,0.5206688529770833,345.78993956185604,SLIDING
0.003199984086677432,0.09599952260032296,-6.957286164218234,-3.3753514151674393,-9.519971358848723,-7.010359235331023,-3.51508329331508,-9.537711340563792,-7.74960240094853,-3.1242911000285405,-10.393861963425442,-6.238574956701165,-3.6030885911689396,-8.727263923942335,-0.0009188619156647043,-0.0028713601115955213,0.009534725160667773,0.6569684540205933,-0.20817282223495617,0.7246078432535248,0.9841770482629192,-0.01376569199850451,0.17665232349530574,-0.17663504621926387,0.002470595759866194,0.9842733139751935,-0.013985639763927851,-0.9999021961574011,-4.336808689942018e-19,38.972987195220405,-39.336433674258615,0.5241290802647178,346.2580640774337,SLIDING
0.003209983929991722,0.09629951789975166,-6.953505501204776,-3.378056631575215,-9.52152309685758,-7.010359235331023,-3.51508329331508,-9.537711340563792,-7.7433929006265885,-3.128261171826114,-10.397971163838703,-6.236997495533029,-3.604646455418078,-8.726495784094803,-0.0009176889143278408,-0.002862436455712956,0.009537520882992754,0.6549545239537216,-0.20712403634433219,0.7267284259756087,0.9841770482629192,-0.01376569199850451,0.17665232349530574,-0.17663504621926387,0.002470595759866194,0.9842733139751935,-0.013985639763927851,-0.9999021961574011,-4.336808689942018e-19,39.120502316242906,-39.49459821430725,0.5276130430809189,351.45319794774707,NONE
0.003219984006136656,0.09659952018409967,-6.949716493541049,-3.3809109490018967,-9.522954619748505,-7.010359235331023,-3.51508329331508,-9.537711340563792,-7.737352031726066,-3.1326238158029973,-10.401854413847603,-6.23525115446331,-3.6061325676433884,-8.725703341761017,-0.0009165302721833043,-0.0028535078162099355,0.00954030740610537,0.6530873379403291,-0.20587337036538744,0.7287613356898198,0.9841770482629192,-0.01376569199850451,0.17665232349530574,-0.17663504621926387,0.002470595759866194,0.9842733139751935,-0.013985639763927851,-0.9999021961574011,-4.336808689942018e-19,39.2561305611999,-39.66616220365037,0.5311285072689937,351.82650303135034,SLIDING
0.003229983849450946,0.09689951548352838,-6.945912525111484,-3.383751795778859,-9.524443379862221,-7.010359235331023,-3.51508329331508,-9.537711340563792,-7.731196230817332,-3.1369375242244386,-10.405858892830718,-6.233580536686706,-3.6076373794863983,-8.724910089639492,-0.0009153860472983551,-0.0028445746405793347,0.009543084590350413,0.6511372583176638,-0.2046521109834608,0.7308473057353153,0.9841770482629192,-0.01376569199850451,0.17665232349530574,-0.17663504621926387,0.002470595759866194,0.9842733139751935,-0.013985639763927851,-0.9999021961574011,-4.336808689942018e-19,39.39784940766948,-39.83596529114925,0.53464839897822,352.2257273834513,SLIDING
0.003239983692765236,0.09719951078295708,-6.942093536311435,-3.3865792017084244,-9.525989090351375,-7.010359235331023,-3.51508329331508,-9.537711340563792,-7.7249249070187105,-3.141202657387651,-10.409983709184164,-6.23198606452074,-3.6091606209570366,-8.724116289458399,-0.0009142562165971433,-0.0028356367527300978,0.009545852490844817,0.6491038445643353,-0.20345998416060254,0.7329858346633767,0.9841770482629192,-0.01376569199850451,0.17665232349530574,-0.17663504621926387,0.002470595759866194,0.9842733139751935,-0.013985639763927851,-0.9999021961574011,-4.336808689942018e-19,39.545652138669276,-40.003973547614144,0.5381728279526232,352.6715889876489,SLIDING
0.0032499837689101696,0.09749951306730509,-6.938261672908115,-3.3894381086927536,-9.527540984822425,-7.010359235331023,-3.51508329331508,-9.537711340563792,-7.718618546403617,-3.1455346052850612,-10.414127314857657,-6.230398821127241,-3.6106833303926047,-8.723317238938682,-0.0009131407582875955,-0.0028266939761512435,0.009548611161877992,0.6470520544679896,-0.20223857613371465,0.7351348156169462,0.9841770482629192,-0.01376569199850451,0.17665232349530574,-0.17663504621926387,0.002470595759866194,0.9842733139751935,-0.013985639763927851,-0.9999021961574011,-4.336808689942018e-19,39.69448749128795,-40.173783408198716,0.5417092690351186,355.57190647167124,SLIDING
0.0032599836122244596,0.09779950836673379,-6.934420153552341,-3.392385111342061,-9.529034734962496,-7.010359235331023,-3.51508329331508,-9.537711340563792,-7.712379530438683,-3.1500778158633675,-10.41816210045294,-6.228732074422976,-3.6121824105143703,-8.7225060121318,-0.0009120397282775255,-0.002817746759042062,0.009551360465187281,0.6450641113111768,-0.20091504115260994,0.737241777530931,0.9841770482629192,-0.01376569199850451,0.17665232349530574,-0.17663504621926387,0.002470595759866194,0.9842733139751935,-0.013985639763927851,-0.9999021961574011,-4.336808689942018e-19,39.838028375136716,-40.34991701627865,0.5452666973133518,355.96750331553295,SLIDING
0.0032699836883693933,0.0980995106510818,-6.930563911849307,-3.3953189413648728,-9.530584224758657,-7.010359235331023,-3.51508329331508,-9.537711340563792,-7.706023125207771,-3.1545728965396904,-10.422315933239448,-6.22714373468233,-3.613700027804937,-8.721693098624069,-0.0009109530792056395,-0.0028087947165502964,0.009554100519031607,0.6429910393588875,-0.19962049185445496,0.739401232441469,0.9841770482629192,-0.01376569199850451,0.17665232349530574,-0.17663504621926387,0.002470595759866194,0.9842733139751935,-0.013985639763927851,-0.9999021961574011,-4.336808689942018e-19,39.9877475331706,-40.524186108017815,0.5488285871177787,356.41598906607794,SLIDING
0.0032799835316836834,0.0983995059505105,-6.926693067008304,-3.3982397477728012,-9.53218846700898,-7.010359235331023,-3.51508329331508,-9.537711340563792,-7.6995477565184745,-3.1590201666920747,-10.426588103928218,-6.225635457201726,-3.6152361767362797,-8.720877259118302,-0.0009098808655346432,-0.002799838297340069,0.00955683118608224,0.640831434485543,-0.19835478697574138,0.7416134107869204,0.9841770482629192,-0.01376569199850451,0.17665232349530574,-0.17663504621926387,0.002470595759866194,0.9842733139751935,-0.013985639763927851,-0.9999021961574011,-4.336808689942018e-19,40.1437077303716,-40.69656872828572,0.5523949975681095,356.86793536472965,SLIDING
0.003289983607828617,0.09869950823485851,-6.922811135703372,-3.401232675800908,-9.533753550870331,-7.010359235331023,-3.51508329331508,-9.537711340563792,-7.693109870061946,-3.163639703972221,-10.430787847413534,-6.224072036521977,-3.61675360515262,-8.720052439413433,-0.0009088230411439446,-0.0027908771161628465,0.009559552583795851,0.6387121015391171,-0.197006043991478,0.7437980034783049,0.9841770482629192,-0.01376569199850451,0.17665232349530574,-0.17663504621926387,0.002470595759866194,0.9842733139751935,-0.013985639763927851,-0.9999021961574011,-4.336808689942018e-19,40.29618794348173,-40.87404714587878,0.5559802292861935,359.04062343696637,SLIDING
0.003299983451142907,0.09899950353428721,-6.918915674144077,-3.4042315344911698,-9.53535190250537,-7.010359235331023,-3.51508329331508,-9.537711340563792,-7.686587133654754,-3.1682603050022093,-10.435062521925737,-6.222559779787819,-3.6182813790143333,-8.719223094684844,-0.0009077796590504887,-0.00278191162214096,0.009562264575779366,0.6365336321160591,-0.19566133652701045,0.7460171422786486,0.9841770482629192,-0.01376569199850451,0.17665232349530574,-0.17663504621926387,0.002470595759866194,0.9842733139751935,-0.013985639763927851,-0.9999021961574011,-4.336808689942018e-19,40.45278705559863,-41.05113039178847,0.559572981980228,359.50480289682133,SLIDING
0.003309983527287841,0.09929950581863523,-6.915006503516483,-3.407241420040715,-9.536978308370324,-7.010359235331023,-3.51508329331508,-9.537711340563792,-7.679988355181628,-3.172895684229742,-10.439400566696074,-6.2210903563379265,-3.619816776890953,-8.718389768965753,-0.0009067506743748971,-0.0027729414296353374,0.009564967278685497,0.6343034777581308,-0.19431351854835244,0.7482655642305743,0.9841770482629192,-0.01376569199850451,0.17665232349530574,-0.17663504621926387,0.002470595759866194,0.9842733139751935,-0.013985639763927851,-0.9999021961574011,-4.336808689942018e-19,40.6129116993374,-41.228232248766126,0.5631744227720841,361.2224702103282,SLIDING
0.003319983370602131,0.09959950111806393,-6.9110851735413545,-3.4102885286909226,-9.53860313378087,-7.010359235331023,-3.51508329331508,-9.537711340563792,-7.67336092030488,-3.1776133387278858,-10.443743471774564,-6.219623738044004,-3.621348530979531,-8.71754902036719,-0.000905736138687652,-0.002763966988220378,0.009567660557058832,0.6320596444612504,-0.1929283444572371,0.7505193266988583,0.9841770482629192,-0.01376569199850451,0.17665232349530574,-0.17663504621926387,0.002470595759866194,0.9842733139751935,-0.013985639763927851,-0.9999021961574011,-4.336808689942018e-19,40.77365962450231,-41.407500475706144,0.5667886221073886,361.65389416219693,SLIDING
0.0033299834467470646,0.09989950340241194,-6.907473847323703,-3.413707004080403,-9.53790838669798,-7.010359235331023,-3.51508329331508,-9.537711340563792,-7.670782047544718,-3.1830439960671644,-10.442693586511286,-6.2150758717975885,-3.6229417532038717,-8.717176419642826,-0.0009047360083511803,-0.0027549879118717127,0.009570344526746323,0.6329157285857087,-0.1912598944072642,0.7502248551602005,0.9841770482629192,-0.01376569199850451,0.17665232349530574,-0.17663504621926387,0.002470595759866194,0.9842733139751935,-0.013985639763927851,-0.9999021961574011,-4.336808689942018e-19,40.70627430188383,-41.5383119503642,0.5705125928503421,374.17649867689244,NONE
0.0033399832900613546,0.10019949870184064,-6.903875634127902,-3.4171451490026596,-9.537040885796758,-7.010359235331023,-3.51508329331508,-9.537711340563792,-7.668650102504802,-3.18850396553878,-10.441100790523558,-6.210147604630903,-3.624545898144941,-8.716966834966543,-0.0009037503334887194,-0.0027460046506093652,0.009573019053232315,0.6341315208147388,-0.18958344895920048,0.749623458937833,0.9841770482629192,-0.01376569199850451,0.17665232349530574,-0.17663504621926387,0.002470595759866194,0.9842733139751935,-0.013985639763927851,-0.9999021961574011,-4.336808689942018e-19,40.612425258278705,-41.66165302948208,0.574254446186286,374.1948170695999,NONE
0.0033499833662062883,0.10049950098618865,-6.900277242118167,-3.4205831747156266,-9.536173553464922,-7.010359235331023,-3.51508329331508,-9.537711340563792,-7.6663404396771,-3.193918357493494,-10.43963983815462,-6.205380204510967,-3.626191159173489,-8.716637976231352,-0.0009027790717052741,-0.0027370168180290196,0.00957568425155641,0.635200102246145,-0.18794469638260664,0.7491312443144637,0.9841770482629192,-0.01376569199850451,0.17665232349530574,-0.17663504621926387,0.002470595759866194,0.9842733139751935,-0.013985639763927851,-0.9999021961574011,-4.336808689942018e-19,40.52942564928571,-41.785336336769944,0.5779964440876295,374.213023794203,NONE
0.0033599832095205784,0.10079949628561735,-6.896678611689853,-3.4240211110216263,-9.535306390633794,-7.010359235331023,-3.51508329331508,-9.537711340563792,-7.663853458782298,-3.1992868817349844,-10.43831157875133,-6.200773195178463,-3.627877856363072,-8.71618907476961,-0.0009018222716763863,-0.0027280248645901333,0.009578339988144316,0.6361218537407981,-0.1863439020122118,0.7487489147746619,0.9841770482629192,-0.01376569199850451,0.17665232349530574,-0.17663504621926387,0.002470595759866194,0.9842733139751935,-0.013985639763927851,-0.9999021961574011,-4.336808689942018e-19,40.45728609784039,-41.909275875977556,0.5817386454616233,374.2311507407113,NONE
0.0033699830528348684,0.10109949158504605,-6.89307974284296,-3.4274589281183365,-9.534439397303375,-7.010359235331023,-3.51508329331508,-9.537711340563792,-7.661189486599916,-3.2046092297730717,-10.437116816476257,-6.196326280211213,-3.6296062127095263,-8.715619401124284,-0.0009008799140224572,-0.0027190286130278542,0.009580986315721235,0.6368970462559577,-0.1847812969288934,0.7484771371095532,0.9841770482629192,-0.01376569199850451,0.17665232349530574,-0.17663504621926387,0.002470595759866194,0.9842733139751935,-0.013985639763927851,-0.9999021961574011,-4.336808689942018e-19,40.396020350287294,-42.03338663760382,0.5854810498980179,374.2492014448165,NONE
0.003379983128979802,0.10139949386939406,-6.889480695182132,-3.4308966409069184,-9.533572574404987,-7.010359235331023,-3.51508329331508,-9.537711340563792,-7.658348832044505,-3.2098851770965093,-10.436056264326156,-6.192039293064486,-3.631376460285357,-8.714928310311109,-0.0008999519806523894,-0.002710027885693414,0.00958362328617318,0.6375258865130519,-0.183257079647325,0.7483165017456728,0.9841770482629192,-0.01376569199850451,0.17665232349530574,-0.17663504621926387,0.002470595759866194,0.9842733139751935,-0.013985639763927851,-0.9999021961574011,-4.336808689942018e-19,40.345641870192125,-42.15758360518427,0.5892235987758951,374.26720998446916,NONE
0.003389982972294092,0.10169948916882277,-6.885881409102725,-3.434334264288533,-9.532705924732598,-7.010359235331023,-3.51508329331508,-9.537711340563792,-7.655331718609807,-3.2151145080261423,-10.435130441939041,-6.187911917334678,-3.633188823151464,-8.714115336294073,-0.0008990385180749661,-0.0027010231336914168,0.009586250767337198,0.6380086092500558,-0.18177144135883555,0.7482674372369423,0.9841770482629192,-0.01376569199850451,0.17665232349530574,-0.17663504621926387,0.002470595759866194,0.9842733139751935,-0.013985639763927851,-0.9999021961574011,-4.336808689942018e-19,40.30615703855829,-42.28177758854483,0.5929663504683411,374.2851154500785,NONE
0.003399983048439026,0.10199949145317078,-6.882281944209384,-3.437771768460858,-9.531839444560918,-7.010359235331023,-3.51508329331508,-9.537711340563792,-7.652138461352194,-3.2202970304698852,-10.434339733170326,-6.183943980905802,-3.6350434187188037,-8.713180123772863,-0.0008981394869974371,-0.0026920139696941024,0.009588868872232098,0.6383454262810399,-0.18032451662996443,0.748330264955419,0.9841770482629192,-0.01376569199850451,0.17665232349530574,-0.17663504621926387,0.002470595759866194,0.9842733139751935,-0.013985639763927851,-0.9999021961574011,-4.336808689942018e-19,40.27756872258092,-42.40588118712067,0.5967092465616659,374.3029832145817,NONE
0.003409982891753316,0.10229948675259948,-6.878682240897464,-3.441209183226216,-9.530973139477881,-7.010359235331023,-3.51508329331508,-9.537711340563792,-7.648769070371124,-3.2254326017964026,-10.433684517255537,-6.180135360944521,-3.6369404332045203,-8.712122339399144,-0.0008972549324788063,-0.0026830008452288687,0.00959147746964134,0.6385363954028707,-0.17891644843831206,0.7485052947201707,0.9841770482629192,-0.01376569199850451,0.17665232349530574,-0.17663504621926387,0.002470595759866194,0.9842733139751935,-0.013985639763927851,-0.9999021961574011,-4.336808689942018e-19,40.259886094961466,-42.52980611448621,0.6004523451405195,374.3208164810386,NONE
0.0034199829678982496,0.10259948903694749,-6.87506501381998,-3.4446313392025116,-9.53017573550156,-7.010359235331023,-3.51508329331508,-9.537711340563792,-7.645303733775765,-3.230525597450927,-10.433155322879616,-6.1763803537904,-3.6388469680853004,-8.711081642105288,-0.0008963848164707029,-0.0026739833726075472,0.00959407667177055,0.6386623391240721,-0.1775310307105971,0.7487276872931854,0.9841770482629192,-0.01376569199850451,0.17665232349530574,-0.17663504621926387,0.002470595759866194,0.9842733139751935,-0.013985639763927851,-0.9999021961574011,-4.336808689942018e-19,40.247102944923505,-42.65314717662681,0.6042003086188554,377.27898077036167,NONE
0.0034299828112125397,0.10289948433637619,-6.871352419310855,-3.447968245635617,-9.529761999173077,-7.010359235331023,-3.51508329331508,-9.537711340563792,-7.642106818482113,-3.235597555924351,-10.432711297805774,-6.172199985916976,-3.640610006296106,-8.710695380741653,-0.000895529182582255,-0.0026649620037745574,0.009596666348351242,0.639089927202234,-0.17609236972685016,0.748702572636575,0.9841770482629192,-0.01376569199850451,0.17665232349530574,-0.17663504621926387,0.002470595759866194,0.9842733139751935,-0.013985639763927851,-0.9999021961574011,-4.336808689942018e-19,40.2119207522704,-42.77466078856836,0.6079731812341702,377.2965621572668,NONE
0.0034399828873574734,0.1031994866207242,-6.867639645987796,-3.451305047760594,-9.529348430482658,-7.010359235331023,-3.51508329331508,-9.537711340563792,-7.638733944118832,-3.240622473475898,-10.432402983582383,-6.168178889754511,-3.642415516469191,-8.71018633557153,-0.000894687994009957,-0.0026559363506865967,0.009599246610774523,0.6393717627670962,-0.17469262738838834,0.7487898469612405,0.9841770482629192,-0.01376569199850451,0.17665232349530574,-0.17663504621926387,0.002470595759866194,0.9842733139751935,-0.013985639763927851,-0.9999021961574011,-4.336808689942018e-19,40.18764047347364,-42.89594364774691,0.6117461987845285,377.31407673602064,NONE
0.0034499827306717634,0.1034994819201529,-6.863926634246158,-3.454641745577443,-9.528935029430302,-7.010359235331023,-3.51508329331508,-9.537711340563792,-7.635185197672479,-3.2456002042700005,-10.432230635497852,-6.1643168727252675,-3.6442636308922114,-8.709554275022436,-0.0008938612929119855,-0.0026469068656983286,0.00960181732972199,0.6395079673683528,-0.1733319246183525,0.7489897219458328,0.9841770482629192,-0.01376569199850451,0.17665232349530574,-0.17663504621926387,0.002470595759866194,0.9842733139751935,-0.013985639763927851,-0.9999021961574011,-4.336808689942018e-19,40.174264418862705,-43.01690808921911,0.6155194199314522,377.33158727152374,NONE
0.003459982806816697,0.10379948420450091,-6.8602134436905855,-3.4579783390861634,-9.528521797878655,-7.010359235331023,-3.51508329331508,-9.537711340563792,-7.63146075696284,-3.2505306591519303,-10.43219437766173,-6.160613887200767,-3.64615443043755,-8.708799090066671,-0.0008930490437305669,-0.0026378731604171997,0.009604378615768508,0.6394986390269883,-0.1720103353415739,0.7493022989543734,0.9841770482629192,-0.01376569199850451,0.17665232349530574,-0.17663504621926387,0.002470595759866194,0.9842733139751935,-0.013985639763927851,-0.9999021961574011,-4.336808689942018e-19,40.17179138271743,-43.137468262255084,0.6192927856843777,377.34903596978097,NONE
0.003469982650130987,0.10409947950392962,-6.856500014716434,-3.4613148282867554,-9.528108735827717,-7.010359235331023,-3.51508329331508,-9.537711340563792,-7.6275605464561576,-3.2554137748134733,-10.432294282141864,-6.157069888025683,-3.6480879725321795,-8.707920715331388,-0.0008922512871721684,-0.002628835687601732,0.009606930340547366,0.6393437645349888,-0.17072791205161142,0.7497276377436851,0.9841770482629192,-0.01376569199850451,0.17665232349530574,-0.17663504621926387,0.002470595759866194,0.9842733139751935,-0.013985639763927851,-0.9999021961574011,-4.336808689942018e-19,40.18022318965973,-43.257539979797556,0.6230663547048305,377.3665171444592,NONE
0.003479982493445277,0.10439947480335832,-6.852746054583835,-3.4646150480610016,-9.52785752832702,-7.010359235331023,-3.51508329331508,-9.537711340563792,-7.62367258390294,-3.260269457079085,-10.432510088943424,-6.153437481683185,-3.6499772300244584,-8.707245878479757,-0.0008914680069940737,-0.0026197942690762512,0.009609472554735295,0.639232653139024,-0.1694381621501624,0.7501148741146382,0.9841770482629192,-0.01376569199850451,0.17665232349530574,-0.17663504621926387,0.002470595759866194,0.9842733139751935,-0.013985639763927851,-0.9999021961574011,-4.336808689942018e-19,40.185435823647545,-43.37725352475627,0.6268507223050452,379.0978085502236,NONE
0.003489982569590211,0.10469947708770633,-6.848966643267917,-3.4678922455412033,-9.527708503676566,-7.010359235331023,-3.51508329331508,-9.537711340563792,-7.619727278003243,-3.2650905092919498,-10.432849702224201,-6.149808553584827,-3.651853994637448,-8.706653609653157,-0.000890699188244628,-0.002610748726313847,0.009612005308160589,0.639095097573224,-0.16815803710673838,0.7505200402482802,0.9841770482629192,-0.01376569199850451,0.17665232349530574,-0.17663504621926387,0.002470595759866194,0.9842733139751935,-0.013985639763927851,-0.9999021961574011,-4.336808689942018e-19,40.19266557086691,-43.49656920033157,0.6306417706200076,379.11509661640883,NONE
0.003499982412904501,0.10499947238713503,-6.84518699353342,-3.471169353614438,-9.52755964480153,-7.010359235331023,-3.51508329331508,-9.537711340563792,-7.615606409324151,-3.269864234041358,-10.433325211710486,-6.146338424049877,-3.6537735195530257,-8.705938385331983,-0.000889944869458519,-0.0026016995126645352,0.009614528473883478,0.6388121675105543,-0.16691708065724695,0.751037750599349,0.9841770482629192,-0.01376569199850451,0.17665232349530574,-0.17663504621926387,0.002470595759866194,0.9842733139751935,-0.013985639763927851,-0.9999021961574011,-4.336808689942018e-19,40.21078073690023,-43.615264457411975,0.6344330230657036,379.13238796881177,NONE
0.0035099824890494347,0.10529947467148304,-6.841396972590732,-3.4744372229677323,-9.527451650498422,-7.010359235331023,-3.51508329331508,-9.537711340563792,-7.611357272731012,-3.274595883164563,-10.433931470850276,-6.142964867579617,-3.6557135921539614,-8.705182490694865,-0.0008892050181876958,-0.0025926462388885887,0.009617042160435902,0.6384314805006065,-0.165703351734521,0.751629991371918,0.9841770482629192,-0.01376569199850451,0.17665232349530574,-0.17663504621926387,0.002470595759866194,0.9842733139751935,-0.013985639763927851,-0.9999021961574011,-4.336808689942018e-19,40.23622256840748,-43.73335941285442,0.638227136617509,380.20932595941866,NONE
0.0035199823323637247,0.10559946997091174,-6.837576732093143,-3.477677823196042,-9.527464355600985,-7.010359235331023,-3.51508329331508,-9.537711340563792,-7.607072395114101,-3.279296130450705,-10.434659052547014,-6.139566100086876,-3.6576301444190324,-8.704546730201992,-0.0008884796715139549,-0.002583589358723727,0.00961954624183428,0.6380462152292283,-0.1644930495514467,0.7522227488456612,0.9841770482629192,-0.01376569199850451,0.17665232349530574,-0.17663504621926387,0.002470595759866194,0.9842733139751935,-0.013985639763927851,-0.9999021961574011,-4.336808689942018e-19,40.262038242648046,-43.85105754298261,0.6420292943528274,380.2265037570709,NONE
0.0035299824085086584,0.10589947225525975,-6.833752021247196,-3.48091453422128,-9.527494118807825,-7.010359235331023,-3.51508329331508,-9.537711340563792,-7.602631553353711,-3.2839513425197735,-10.43551992010093,-6.136300282487059,-3.6595801310900113,-8.703822597450161,-0.0008877687982366083,-0.002574528482600214,0.009622040825789015,0.6375353351594141,-0.16331686459575556,0.7529118794133783,0.9841770482629192,-0.01376569199850451,0.17665232349530574,-0.17663504621926387,0.002470595759866194,0.9842733139751935,-0.013985639763927851,-0.9999021961574011,-4.336808689942018e-19,40.297243412083425,-43.96801733766614,0.6458327848110681,380.9126691540173,NONE
0.0035399822518229485,0.10619946755468845,-6.829906269961643,-3.484132320771802,-9.527607404885801,-7.010359235331023,-3.51508329331508,-9.537711340563792,-7.598111817670645,-3.2885706598653743,-10.436506168689668,-6.13306590342604,-3.661526587023531,-8.703144017968476,-0.0008870724339840458,-0.002565464064637177,0.009624525787274692,0.636976484454176,-0.16215475093832898,0.7536357177048655,0.9841770482629192,-0.01376569199850451,0.17665232349530574,-0.17663504621926387,0.002470595759866194,0.9842733139751935,-0.013985639763927851,-0.9999021961574011,-4.336808689942018e-19,40.336042483191825,-44.084432157180345,0.6496419677693144,380.9297886228412,NONE
0.003549982327967882,0.10649946983903646,-6.826046451979923,-3.487337590346921,-9.527775938881549,-7.010359235331023,-3.51508329331508,-9.537711340563792,-7.593480398004592,-3.2931503870794416,-10.4376207378268,-6.1299060064513125,-3.66348508408084,-8.702454402115341,-0.0008863905488032228,-0.002556395714940175,0.00962700123317852,0.6363366919796871,-0.16101508565278203,0.7544201459615035,0.9841770482629192,-0.01376569199850451,0.17665232349530574,-0.17663504621926387,0.002470595759866194,0.9842733139751935,-0.013985639763927851,-0.9999021961574011,-4.336808689942018e-19,40.38088214740611,-44.20016784808746,0.6534550628692024,381.59439753774865,SLIDING
0.003559982171282172,0.10679946513846517,-6.822170659953403,-3.4905285995107773,-9.52800724960676,-7.010359235331023,-3.51508329331508,-9.537711340563792,-7.5887458521831705,-3.2976918173581184,-10.4388626386222,-6.126809191237689,-3.6654511242927863,-8.70176900512212,-0.0008857231768685521,-0.0025473238880032367,0.009629467039434805,0.6356246351936874,-0.15989535084115986,0.7552581015217741,0.9841770482629192,-0.01376569199850451,0.17665232349530574,-0.17663504621926387,0.002470595759866194,0.9842733139751935,-0.013985639763927851,-0.9999021961574011,-4.336808689942018e-19,40.43110456581386,-44.315236284394075,0.6572725932977992,381.94922527837105,SLIDING
0.003569982247427106,0.10709946742281318,-6.818280205184268,-3.493706406245816,-9.528296427128824,-7.010359235331023,-3.51508329331508,-9.537711340563792,-7.583902473534953,-3.302194420243253,-10.440232165552574,-6.123783135101396,-3.667427206518583,-8.701078196128961,-0.0008850702894751942,-0.002538248193613025,0.009631923312106412,0.6348344949711116,-0.1587968635979696,0.7561538997493974,0.9841770482629192,-0.01376569199850451,0.17665232349530574,-0.17663504621926387,0.002470595759866194,0.9842733139751935,-0.013985639763927851,-0.9999021961574011,-4.336808689942018e-19,40.487129693862656,-44.42958953431134,0.6610941504164565,382.3659152000664,SLIDING
0.003579982090741396,0.10739946272224188,-6.81437484925394,-3.4968708764415863,-9.528644134549412,-7.010359235331023,-3.51508329331508,-9.537711340563792,-7.578950855975927,-3.306658567664229,-10.441728959265173,-6.120826844611962,-3.6694127376183117,-8.700383565707426,-0.0008844319193431317,-0.002529169086631958,0.00963436992808921,0.6339669614625939,-0.15771920432786213,0.757106692851194,0.9841770482629192,-0.01376569199850451,0.17665232349530574,-0.17663504621926387,0.002470595759866194,0.9842733139751935,-0.013985639763927851,-0.9999021961574011,-4.336808689942018e-19,40.54889150840875,-44.54320767922839,0.6649198498866937,382.77992900087725,SLIDING
0.0035899821668863297,0.10769946500658989,-6.810454592162418,-3.500022010098088,-9.529050109235557,-7.010359235331023,-3.51508329331508,-9.537711340563792,-7.5738905770507285,-3.311084419833528,-10.443352670510654,-6.1179407029792605,-3.6714075722629973,-8.699684929794389,-0.0008838080390161734,-0.0025200861765332155,0.009636806992619791,0.6330216843788993,-0.1566622401867257,0.758116409007072,0.9841770482629192,-0.01376569199850451,0.17665232349530574,-0.17663504621926387,0.002470595759866194,0.9842733139751935,-0.013985639763927851,-0.9999021961574011,-4.336808689942018e-19,40.616400038081345,-44.656065236459405,0.6687497381032337,383.19453676298707,SLIDING
0.0035999820102006197,0.10799946030601859,-6.806519553118991,-3.503159851918805,-9.529514131395134,-7.010359235331023,-3.51508329331508,-9.537711340563792,-7.5687213081488895,-3.315472200570096,-10.445102969112213,-6.115125235630532,-3.673411592680229,-8.69898216872782,-0.0008831986797595596,-0.0025109999185411627,0.00963923438355743,0.6319982923992858,-0.15562582265657957,0.7591829566888668,0.9841770482629192,-0.01376569199850451,0.17665232349530574,-0.17663504621926387,0.002470595759866194,0.9842733139751935,-0.013985639763927851,-0.9999021961574011,-4.336808689942018e-19,40.68966543143427,-44.768138431456464,0.6725837371851942,383.6098217661177,SLIDING
0.0036099818535149097,0.10829945560544729,-6.8025697321236605,-3.506284416804898,-9.530035957021626,-7.010359235331023,-3.51508329331508,-9.537711340563792,-7.563442629089291,-3.3198221258634084,-10.446979433093922,-6.11238082371268,-3.675424631363665,-8.698275199937523,-0.0008826038290464869,-0.002501910133503343,0.009641652149129583,0.6308964371202657,-0.15460978500011147,0.7603061883288691,0.9841770482629192,-0.01376569199850451,0.17665232349530574,-0.17663504621926387,0.002470595759866194,0.9842733139751935,-0.013985639763927851,-0.9999021961574011,-4.336808689942018e-19,40.76869472578481,-44.87940464652014,0.6764218904420183,384.0258137660115,SLIDING
0.0036199819296598434,0.1085994578897953,-6.798604175502109,-3.5093948702913407,-9.530619240624818,-7.010359235331023,-3.51508329331508,-9.537711340563792,-7.558058477287281,-3.3241332405456077,-10.448981032967856,-6.109702076836859,-3.6774459633379926,-8.697571926794392,-0.000882023475644628,-0.0024928166419527966,0.00964406033670523,0.6297201741088789,-0.15361422730103697,0.7614822200754189,0.9841770482629192,-0.01376569199850451,0.17665232349530574,-0.17663504621926387,0.002470595759866194,0.9842733139751935,-0.013985639763927851,-0.9999021961574011,-4.336808689942018e-19,40.853170803965845,-44.9897381276303,0.6802644793934451,384.4761183274071,SLIDING
0.0036299817729741335,0.108899453189224,-6.794622883254337,-3.5124911974769715,-9.531263918874773,-7.010359235331023,-3.51508329331508,-9.537711340563792,-7.552568725972283,-3.3283985466719,-10.451105799318205,-6.107089109996843,-3.6794819080310566,-8.696874014981754,-0.0008814576486425213,-0.002483719899643082,0.009646458825587652,0.6284693982501913,-0.15264493972137239,0.7627094714506313,0.9841770482629192,-0.01376569199850451,0.17665232349530574,-0.17663504621926387,0.002470595759866194,0.9842733139751935,-0.013985639763927851,-0.9999021961574011,-4.336808689942018e-19,40.943092511602345,-45.09858461032625,0.6841115150217316,384.9077665627354,SLIDING
0.003639981849119067,0.10919945547357202,-6.790627047473239,-3.5155744116407517,-9.53196541152707,-7.010359235331023,-3.51508329331508,-9.537711340563792,-7.546967971257036,-3.332617087304981,-10.453353556704407,-6.104549098508695,-3.681535265907852,-8.696172888651216,-0.0008809063237004233,-0.0024746195152894547,0.009648847718945919,0.6271386403253659,-0.15170355591429172,0.7639915948057353,0.9841770482629192,-0.01376569199850451,0.17665232349530574,-0.17663504621926387,0.002470595759866194,0.9842733139751935,-0.013985639763927851,-0.9999021961574011,-4.336808689942018e-19,41.03884200988876,-45.20585848327257,0.6879626471557163,385.32542099210673,SLIDING
0.0036499816924333572,0.10949945077300072,-6.786616608554172,-3.518644557486165,-9.532723362816485,-7.010359235331023,-3.51508329331508,-9.537711340563792,-7.541255436450056,-3.336789114145345,-10.455723864848204,-6.102082633238281,-3.6836058939045717,-8.695468268699452,-0.0008803695284509129,-0.002465515944991614,0.009651226897051009,0.6257273057442504,-0.15078990424314204,0.7653285200646748,0.9841770482629192,-0.01376569199850451,0.17665232349530574,-0.17663504621926387,0.002470595759866194,0.9842733139751935,-0.013985639763927851,-0.9999021961574011,-4.336808689942018e-19,41.14043829232212,-45.311547020463195,0.6918179979190509,385.7419431516616,SLIDING
0.003659981768578291,0.10979945305734873,-6.7826053947747225,-3.5217153589826706,-9.533461240379127,-7.010359235331023,-3.51508329331508,-9.537711340563792,-7.535535810298776,-3.3409390459347375,-10.458067536924384,-6.099621122799207,-3.685697814747225,-8.694749527729812,-0.0008798472398039904,-0.0024564087971705906,0.0096535964622406,0.6243107336954649,-0.14989511687499457,0.7666600039976406,0.9841770482629192,-0.01376569199850451,0.17665232349530574,-0.17663504621926387,0.002470595759866194,0.9842733139751935,-0.013985639763927851,-0.9999021961574011,-4.336808689942018e-19,41.242337742965226,-45.415115823080946,0.6956776663781543,386.5097807834445,SLIDING
0.003669981611892581,0.11009944835677743,-6.778845414573001,-3.525025741348851,-9.532712213022622,-7.010359235331023,-3.51508329331508,-9.537711340563792,-7.5325579572109245,-3.3455694336180453,-10.456938335937068,-6.095151673958094,-3.6878108183756972,-8.69434535642522,-0.0008793394839360096,-0.002447298528265293,0.009655956295755353,0.6249592535881868,-0.14880060206854426,0.7663447737008031,0.9841770482629192,-0.01376569199850451,0.17665232349530574,-0.17663504621926387,0.002470595759866194,0.9842733139751935,-0.013985639763927851,-0.9999021961574011,-4.336808689942018e-19,41.19299093215811,-45.5010258829221,0.6995560397215499,387.96159934788005,NONE
0.0036799816880375147,0.11039945064112544,-6.775083407813358,-3.528333694825757,-9.531966696752223,-7.010359235331023,-3.51508329331508,-9.537711340563792,-7.529465993693394,-3.350158525284187,-10.455893973474447,-6.090781870001696,-3.689956649542979,-8.693870923969232,-0.0008788462390071707,-0.00243818474640866,0.009658306499099878,0.6255148363876949,-0.14773831489512712,0.7660969780457458,0.9841770482629192,-0.01376569199850451,0.17665232349530574,-0.17663504621926387,0.002470595759866194,0.9842733139751935,-0.013985639763927851,-0.9999021961574011,-4.336808689942018e-19,41.15048417188492,-45.58577258369571,0.7034357538798783,387.9788866033175,NONE
0.0036899815313518047,0.11069944594055414,-6.77132122223978,-3.531641529093373,-9.531221346257242,-7.010359235331023,-3.51508329331508,-9.537711340563792,-7.526199913763291,-3.3547018374143702,-10.454980836700429,-6.0865696662793685,-3.6921437800495176,-8.693277772651326,-0.0008783675297369562,-0.0024290679083720738,0.009660646954485888,0.6259261945582271,-0.14671388810223798,0.7659578539343929,0.9841770482629192,-0.01376569199850451,0.17665232349530574,-0.17663504621926387,0.002470595759866194,0.9842733139751935,-0.013985639763927851,-0.9999021961574011,-4.336808689942018e-19,41.11859134604098,-45.66968482453727,0.7073156130971672,387.9961330420527,NONE
0.0036999816074967384,0.11099944822490215,-6.767558857852268,-3.534949259052861,-9.530476159675034,-7.010359235331023,-3.51508329331508,-9.537711340563792,-7.522759866897545,-3.359199337772666,-10.454199327457767,-6.082514927200371,-3.694372267554599,-8.6925655344071,-0.0008779033355361027,-0.00241994762200572,0.00966297776258396,0.6261934520422494,-0.14572736077475337,0.7659277361089857,0.9841770482629192,-0.01376569199850451,0.17665232349530574,-0.17663504621926387,0.002470595759866194,0.9842733139751935,-0.013985639763927851,-0.9999021961574011,-4.336808689942018e-19,41.09731691781091,-45.752710287203776,0.7111956179075793,388.0133444751826,NONE
0.0037099814508110285,0.11129944352433085,-6.7637667507470125,-3.538230613957036,-9.529848994014772,-7.010359235331023,-3.51508329331508,-9.537711340563792,-7.519280513861318,-3.36366880095943,-10.453541700914322,-6.0784391204254815,-3.6965758877123998,-8.691965999858153,-0.0008774536796671944,-0.0024108243444071124,0.009665298806578616,0.6264527797547116,-0.14474221163172601,0.7659024787200729,0.9841770482629192,-0.01376569199850451,0.17665232349530574,-0.17663504621926387,0.002470595759866194,0.9842733139751935,-0.013985639763927851,-0.9999021961574011,-4.336808689942018e-19,41.07663743755187,-45.83579078821905,0.715083683077177,389.4282668825415,NONE
0.0037199812941253185,0.11159943882375956,-6.759951099807071,-3.5414908241134766,-9.529315869582804,-7.010359235331023,-3.51508329331508,-9.537711340563792,-7.515734342398261,-3.368106806864115,-10.453009954424958,-6.074379024261203,-3.698767717637327,-8.69143162549245,-0.0008770185527536856,-0.0024016978956811433,0.00966761013260234,0.626676225276982,-0.14376561337965735,0.7659036212750037,0.9841770482629192,-0.01376569199850451,0.17665232349530574,-0.17663504621926387,0.002470595759866194,0.9842733139751935,-0.013985639763927851,-0.9999021961574011,-4.336808689942018e-19,41.05861288506537,-45.918746250336305,0.7189780158749333,389.44535686502286,NONE
0.0037299813702702522,0.11189944110810757,-6.756135210448551,-3.544750929961789,-9.528782907200965,-6.764168036663136,-3.518526771518099,-9.493521885683151,-7.512014311564248,-3.372499066543005,-10.452610363838213,-6.070476181496069,-3.701000845103842,-8.690777681361837,-0.0008765979467148285,-0.002392568095649907,0.009669911785920868,0.6267557087252953,-0.14282686024384217,0.7660142097723377,0.9726630188025028,-0.07911418655418857,0.21832910328188262,-0.21761045373444826,0.017699936874421715,0.9758751983015702,-0.08106998383797462,-0.9967084115831022,0.0,37.98564982703678,-49.22420343799722,0.72302420650513,408.59362789537596,NONE
0.0037399812135845423,0.11219943640753627,-6.752293631488132,-3.547988162527669,-9.528351822195562,-6.764168036663136,-3.518526771518099,-9.493521885683151,-7.508236761167607,-3.3768614464034474,-10.452335978613032,-6.066576522132579,-3.7032174549269055,-8.690204453758517,-0.0008761918826335239,-0.002383435401886364,0.009672203651176551,0.6268087995804469,-0.14189391674932955,0.7661441412410942,0.9726630188025028,-0.07911418655418857,0.21832910328188262,-0.21761045373444826,0.017699936874421715,0.9758751983015702,-0.08106998383797462,-0.9967084115831022,0.0,37.98507280422703,-49.31202751660658,0.7271109977175421,408.70121998083994,NONE
0.003749981289729476,0.11249943869188428,-6.748442456179904,-3.5512167673212174,-9.527958776129397,-6.764168036663136,-3.518526771518099,-9.493521885683151,-7.504328717734792,-3.3811841403057112,-10.452191406441889,-6.062776931982647,-3.7054536099030666,-8.68958601666179,-0.0008758003430413442,-0.002374299421559972,0.009674485826952517,0.6267616459791934,-0.14098672591189373,0.7663501694696082,0.9726630188025028,-0.07911418655418857,0.21832910328188262,-0.21761045373444826,0.017699936874421715,0.9758751983015702,-0.08106998383797462,-0.9967084115831022,0.0,37.99183602927654,-49.39803845787467,0.7311981353559016,408.7691990497402,NONE
0.003759981133043766,0.11279943399131298,-6.744572684222507,-3.5544287275177124,-9.527639366013917,-6.764168036663136,-3.518526771518099,-9.493521885683151,-7.500330821011238,-3.3854729802537458,-10.452174213240166,-6.059023382186464,-3.707688730915029,-8.688992465145503,-0.0008754233475631776,-0.0023651606125536244,0.009676758198867954,0.6266554081846847,-0.1400938046353404,0.7666007600411583,0.9726630188025028,-0.07911418655418857,0.21832910328188262,-0.21761045373444826,0.017699936874421715,0.9758751983015702,-0.08106998383797462,-0.9967084115831022,0.0,38.002935937587544,-49.483025443885886,0.7352859675723433,408.82329954983953,SLIDING
0.0037699812091886997,0.11309943627566099,-6.740688011103916,-3.5576273437243584,-9.52737890861741,-6.764168036663136,-3.518526771518099,-9.493521885683151,-7.496226458155426,-3.3897257455286898,-10.452285281144865,-6.055337989947144,-3.709931126972879,-8.688394996609409,-0.0008750608799822566,-0.002356018581773467,0.00967902086466689,0.6264732470470793,-0.13921973106269095,0.7669088193632417,0.9726630188025028,-0.07911418655418857,0.21832910328188262,-0.21761045373444826,0.017699936874421715,0.9758751983015702,-0.08106998383797462,-0.9967084115831022,0.0,38.01959711232332,-49.56663388380018,0.7393743668040429,408.8778864400494,SLIDING
0.0037799810525029898,0.1133994315750897,-6.736788377219486,-3.5608126308423165,-9.527177325708779,-6.764168036663136,-3.518526771518099,-9.493521885683151,-7.492015388089392,-3.3939426061997033,-10.452524637003217,-6.051720860274755,-3.7121806722246617,-8.68779343750571,-0.0008747129584651817,-0.0023468737874059787,0.00968127371094706,0.6262150120933205,-0.1383643765325905,0.7672744345641331,0.9726630188025028,-0.07911418655418857,0.21832910328188262,-0.21761045373444826,0.017699936874421715,0.9758751983015702,-0.08106998383797462,-0.9967084115831022,0.0,38.04182613801509,-49.64884664949675,0.7434634092852548,408.93346322343234,SLIDING
0.0037899811286479235,0.1136994338594377,-6.732874020987796,-3.5639846633773926,-9.527034144176158,-6.764168036663136,-3.518526771518099,-9.493521885683151,-7.487697265835598,-3.3981236730742914,-10.452892173533076,-6.048172760787341,-3.7144374082468588,-8.687186982877865,-0.000874379568046995,-0.002337725836099652,0.009683516834611595,0.6258802195861988,-0.13752771094459437,0.767697908980526,0.9726630188025028,-0.07911418655418857,0.21832910328188262,-0.21761045373444826,0.017699936874421715,0.9758751983015702,-0.08106998383797462,-0.9967084115831022,0.0,38.06965252729182,-49.72963978510453,0.7475529723035983,408.9944347664339,SLIDING
0.0037999809719622135,0.1139994291588664,-6.728944763594913,-3.567143418977845,-9.526949384508642,-6.764168036663136,-3.518526771518099,-9.493521885683151,-7.483271848394048,-3.4022691389243986,-10.45338783929496,-6.0446935708942355,-3.71670111754872,-8.686575718461489,-0.0008740607254357682,-0.002328575186337786,0.009685750123238681,0.6254688163042661,-0.13670955592361794,0.7681791829710746,0.9726630188025028,-0.07911418655418857,0.21832910328188262,-0.21761045373444826,0.017699936874421715,0.9758751983015702,-0.08106998383797462,-0.9967084115831022,0.0,38.10307320657981,-49.80900132096402,0.7516432235430681,409.0567304294303,SLIDING
0.003809981048107147,0.11429943144321442,-6.7250006646454805,-3.5702889050942543,-9.526922953573974,-6.764168036663136,-3.518526771518099,-9.493521885683151,-7.478739109260253,-3.4063791896602376,-10.45401143472753,-6.0412834283098045,-3.718971645699836,-8.6859596476663,-0.0008737564169183843,-0.002319421444516785,0.009687973672889549,0.6249807308480214,-0.13590976349547773,0.7687181682874917,0.9726630188025028,-0.07911418655418857,0.21832910328188262,-0.21761045373444826,0.017699936874421715,0.9758751983015702,-0.08106998383797462,-0.9967084115831022,0.0,38.1420850281831,-49.886917205588986,0.7557341259513617,409.1203129032119,SLIDING
0.0038199808914214373,0.11459942674264312,-6.721041843348789,-3.5734211217266205,-9.526954732162865,-6.764168036663136,-3.518526771518099,-9.493521885683151,-7.474098945474441,-3.410454030736361,-10.454762803793983,-6.037942653773217,-3.7212488063320834,-8.685338684689297,-0.0008734666577443656,-0.002310265069410405,0.00969018737212383,0.6244157790005322,-0.13512816330248795,0.7693148343933419,0.9726630188025028,-0.07911418655418857,0.21832910328188262,-0.21761045373444826,0.017699936874421715,0.9758751983015702,-0.08106998383797462,-0.9967084115831022,0.0,38.18669195085886,-49.963376798940054,0.7598255896048656,409.18520610889726,SLIDING
0.003829980967566371,0.11489942902699113,-6.717068180495548,-3.576540076325524,-9.52704458802751,-6.764168036663136,-3.518526771518099,-9.493521885683151,-7.469350992658194,-3.414493847123658,-10.455641744881698,-6.034671350468452,-3.723532445867113,-8.6847127602036,-0.0008731914354526471,-0.0023011056671686254,0.009692391316159572,0.623773757473801,-0.13436460814932824,0.7699691237730855,0.9726630188025028,-0.07911418655418857,0.21832910328188262,-0.21761045373444826,0.017699936874421715,0.9758751983015702,-0.08106998383797462,-0.9967084115831022,0.0,38.236897946645826,-50.03836805771727,0.7639177599170424,409.25148320948557,SLIDING
0.003839980810880661,0.11519942432641983,-6.713079735690402,-3.5796457986932877,-9.527192372156295,-6.764168036663136,-3.518526771518099,-9.493521885683151,-7.464494988871221,-3.418498865761748,-10.456648058504777,-6.031469869674034,-3.7258224152837207,-8.684081770982896,-0.0008729307638341286,-0.0022919436968490696,0.009694585394539733,0.6230543996509508,-0.1336189345747707,0.7706809945747312,0.9726630188025028,-0.07911418655418857,0.21832910328188262,-0.21761045373444826,0.017699936874421715,0.9758751983015702,-0.08106998383797462,-0.9967084115831022,0.0,38.29271041012784,-50.11188147976617,0.7680106138040141,409.3192144192874,SLIDING
0.003849980654194951,0.11549941962584853,-6.709076568537998,-3.5827382813793305,-9.527397915048512,-6.764168036663136,-3.518526771518099,-9.493521885683151,-7.459530699023562,-3.4224692685920046,-10.457781454868998,-6.028338538312511,-3.7281185353336075,-8.683445656644897,-0.0008726846372405638,-0.0022827789777788198,0.009696769650895394,0.6222574611787178,-0.1328909855398274,0.7714503470539567,0.9726630188025028,-0.07911418655418857,0.21832910328188262,-0.21761045373444826,0.017699936874421715,0.9758751983015702,-0.08106998383797462,-0.9967084115831022,0.0,38.35413376754579,-50.18390754082016,0.7721041297080387,409.3885166785472,SLIDING
0.0038599807303398848,0.11579942191019654,-6.705058679038333,-3.585817569087136,-9.527661030439647,-6.764168036663136,-3.518526771518099,-9.493521885683151,-7.454457753094077,-3.426405299998298,-10.459041643218283,-6.025277692030595,-3.7304206695898903,-8.682804325709537,-0.0008724530513213042,-0.0022736113290389368,0.009698944127981293,0.6213826352449927,-0.13218059547460528,0.7722770945690204,0.9726630188025028,-0.07911418655418857,0.21832910328188262,-0.21761045373444826,0.017699936874421715,0.9758751983015702,-0.08106998383797462,-0.9967084115831022,0.0,38.421175775429475,-50.25443853578005,0.7761983518327593,409.45941794185273,SLIDING
0.003869980573654175,0.11609941720962524,-6.701026126796054,-3.5888836618167046,-9.527981515301379,-6.764168036663136,-3.518526771518099,-9.493521885683151,-7.4492758709975035,-3.4303071722841407,-10.460428246681547,-6.0222876985661395,-3.7327286254717436,-8.682157732841514,-0.000872236017685042,-0.002264441210100177,0.009701108716814011,0.6204296401875498,-0.13148758834243612,0.7731610929739271,0.9726630188025028,-0.07911418655418857,0.21832910328188262,-0.21761045373444826,0.017699936874421715,0.9758751983015702,-0.08106998383797462,-0.9967084115831022,0.0,38.4938410865657,-50.323468332855505,0.7802932665299362,409.53204312591566,SLIDING
0.0038799806497991085,0.11639941949397326,-6.6969789118111605,-3.5919366117221,-9.52835914984158,-6.764168036663136,-3.518526771518099,-9.493521885683151,-7.443984579090971,-3.4341751171046027,-10.46194092636652,-6.019368987561279,-3.73504229230761,-8.681505766284618,-0.0008720335269949577,-0.002255268226521496,0.009703263510501733,0.6193980832737793,-0.13081181530565544,0.7741022435138705,0.9726630188025028,-0.07911418655418857,0.21832910328188262,-0.21761045373444826,0.017699936874421715,0.9758751983015702,-0.08106998383797462,-0.9967084115831022,0.0,38.572141114274956,-50.3909895022712,0.7843889259127117,409.60650428513145,SLIDING
0.0038899804931133986,0.11669941479340196,-6.692917034083652,-3.5949764262539032,-9.528793691916379,-6.764168036663136,-3.518526771518099,-9.493521885683151,-7.438583377969684,-3.4380093759064714,-10.463579302787892,-6.016522012026828,-3.7373614652897715,-8.680848308477593,-0.0008718455894004719,-0.0022460928380409867,0.009705408401048275,0.6182875504099379,-0.13015308234056527,0.7751004323088259,0.9726630188025028,-0.07911418655418857,0.21832910328188262,-0.21761045373444826,0.017699936874421715,0.9758751983015702,-0.08106998383797462,-0.9967084115831022,0.0,38.65608770895055,-50.45699961574723,0.7884853834375853,409.6828819610419,SLIDING
0.0038999805692583323,0.11699941707774997,-6.688914582186984,-3.5980745341282967,-9.528858392758282,-6.764168036663136,-3.518526771518099,-9.493521885683151,-7.433834897935827,-3.4419840336321834,-10.464385286241887,-6.013196283335447,-3.739664453522682,-8.68024059078691,-0.0008716721968174049,-0.0022369146499907093,0.009707543480713574,0.6176689628697303,-0.12942626951760788,0.7757150849804246,0.9726630188025028,-0.07911418655418857,0.21832910328188262,-0.21761045373444826,0.017699936874421715,0.9758751983015702,-0.08106998383797462,-0.9967084115831022,0.0,38.70421663785457,-50.52700482430939,0.7926093985895566,417.02813959378705,NONE
0.003909980412572622,0.11729941237717867,-6.685019001418399,-3.601274230669129,-9.528271560816082,-6.764168036663136,-3.518526771518099,-9.493521885683151,-7.430367724509656,-3.446232266927187,-10.463631577096894,-6.008912093645195,-3.7419130208530036,-8.679805133397402,-0.000871513357935672,-0.00222773412236991,0.009709668642490508,0.6180241873323743,-0.1285568495329637,0.7755767146519533,0.9726630188025028,-0.07911418655418857,0.21832910328188262,-0.21761045373444826,0.017699936874421715,0.9758751983015702,-0.08106998383797462,-0.9967084115831022,0.0,38.68162263675168,-50.60615072397856,0.7967797498206828,417.04347679207706,NONE
0.003919980488717556,0.11759941466152668,-6.68112324183588,-3.6044738378029946,-9.527684890924009,-6.764168036663136,-3.518526771518099,-9.493521885683151,-7.426727595631404,-3.450437149005974,-10.463007260857058,-6.0047844510800665,-3.7442007416262753,-8.679252612561989,-0.0008713690659239583,-0.0022185508602894375,0.00971178397778964,0.6182361498049296,-0.12772330113926128,0.7755454992587258,0.9726630188025028,-0.07911418655418857,0.21832910328188262,-0.21761045373444826,0.017699936874421715,0.9758751983015702,-0.08106998383797462,-0.9967084115831022,0.0,38.66939097249457,-50.68259396322052,0.800950232523892,417.0587727312203,NONE
0.00392998056486249,0.11789941694587469,-6.677227243834781,-3.607673348079312,-9.52709838121942,-6.764168036663136,-3.518526771518099,-9.493521885683151,-7.422914571414115,-3.4545987016641755,-10.462512541740862,-6.000813187439328,-3.7465275818626353,-8.67858283948153,-0.0008712393251625154,-0.002209365110103175,0.00971388942949886,0.6183049495542553,-0.12692560008628684,0.7756216096779704,0.9726630188025028,-0.07911418655418857,0.21832910328188262,-0.21761045373444826,0.017699936874421715,0.9758751983015702,-0.08106998383797462,-0.9967084115831022,0.0,38.66751783695621,-50.756285304153096,0.8051209044916412,417.07404048435285,NONE
0.003939980175346136,0.11819940526038408,-6.673320099765109,-3.610862986336339,-9.526555891407641,-6.764168036663136,-3.518526771518099,-9.493521885683151,-7.418978335994962,-3.458724461118298,-10.462145947724311,-5.996932432174965,-3.748868063224022,-8.677880794338783,-0.0008711241411353166,-0.002200177332361801,0.009715984892787754,0.6182808277478247,-0.12614939221987992,0.7757674579937082,0.9726630188025028,-0.07911418655418857,0.21832910328188262,-0.21761045373444826,0.017699936874421715,0.9758751983015702,-0.08106998383797462,-0.9967084115831022,0.0,38.67238043013613,-50.82832199713624,0.8092920259875971,417.2055629866913,NONE
0.00394998025149107,0.1184994075447321,-6.66937790816431,-3.6140211235386017,-9.52615347437373,-6.764168036663136,-3.518526771518099,-9.493521885683151,-7.415026764883242,-3.462831153578236,-10.4619047581285,-5.992998748742126,-3.7511657645762586,-8.677332127661927,-0.0008710235035252437,-0.002190986703999039,0.009718070555372868,0.6182730504961372,-0.1253628743469664,0.7759011436811185,0.9726630188025028,-0.07911418655418857,0.21832910328188262,-0.21761045373444826,0.017699936874421715,0.9758751983015702,-0.08106998383797462,-0.9967084115831022,0.0,38.67610318213693,-50.901231930456184,0.8134641627766701,417.22072213206854,NONE
0.0039599803276360035,0.1187994098290801,-6.665435537749576,-3.6171791601580265,-9.525751215664657,-6.764168036663136,-3.518526771518099,-9.493521885683151,-7.410902412306996,-3.4668948147629854,-10.461793332269643,-5.989221454610047,-3.7535023078389558,-8.676666054052598,-0.0008709374183945186,-0.002181793685468685,0.009720146312030362,0.6181221555204126,-0.12461195351129158,0.7761422948769756,0.9726630188025028,-0.07911418655418857,0.21832910328188262,-0.21761045373444826,0.017699936874421715,0.9758751983015702,-0.08106998383797462,-0.9967084115831022,0.0,38.69017731201002,-50.97131504267763,0.8176364309669975,417.23591096076535,NONE
0.00396997993811965,0.1190993981435895,-6.661468848639774,-3.620315534214366,-9.525445345116767,-6.764168036663136,-3.518526771518099,-9.493521885683151,-7.406713817034841,-3.470932311290144,-10.461808351317979,-5.985456056901969,-3.755821272395023,-8.67606910408655,-0.0008708658890392021,-0.0021725987376790892,0.009722212059419552,0.6179381565795099,-0.12386476569777363,0.7764083683614911,0.9726630188025028,-0.07911418655418857,0.21832910328188262,-0.21761045373444826,0.017699936874421715,0.9758751983015702,-0.08106998383797462,-0.9967084115831022,0.0,38.70667179133918,-51.04111044802266,0.8218095948958268,417.3298498854259,NONE
0.003979980014264584,0.11939940042793751,-6.657497867995548,-3.6234297725957516,-9.525148091165336,-6.764168036663136,-3.518526771518099,-9.493521885683151,-7.40244606604197,-3.474890882048549,-10.461881494975598,-5.981754277071435,-3.758169615652591,-8.675435861926724,-0.0008708089090501537,-0.002163401036921835,0.00972426798259668,0.6176920821611025,-0.12316466678436586,0.7767154926299451,0.9726630188025028,-0.07911418655418857,0.21832910328188262,-0.21761045373444826,0.017699936874421715,0.9758751983015702,-0.08106998383797462,-0.9967084115831022,0.0,38.72752818590102,-51.106689327595525,0.8259833005417878,417.5925165272095,IMPACT
0.003989980090409517,0.11969940271228552,-6.653719767981815,-3.6259822148483876,-9.523792117161664,-6.764168036663136,-3.518526771518099,-9.493521885683151,-7.400145797054317,-3.477108380130755,-10.459295112373912,-5.976635634390494,-3.7610258862480284,-8.6751959933469,-0.0008707664823016028,-0.002154201044012071,0.009726313977827014,0.6189174620277493,-0.12344239396403192,0.7756952691421796,0.9726630188025028,-0.07911418655418857,0.21832910328188262,-0.21761045373444826,0.017699936874421715,0.9758751983015702,-0.08106998383797462,-0.9967084115831022,0.0,38.63666978769167,-51.07700463466762,0.8301561016873222,417.25830386532203,NONE
0.003999980166554451,0.11999940499663353,-6.649937376433658,-3.628520731965888,-9.522450817076477,-6.764168036663136,-3.518526771518099,-9.493521885683151,-7.3977312739517975,-3.4792663595321454,-10.456800060526486,-5.971612447391337,-3.763909589679746,-8.674901263158647,-0.0008707386089452744,-0.0021449987916383425,0.00972835003784023,0.6200516637219395,-0.12375792615113074,0.7747386075512347,0.9726630188025028,-0.07911418655418857,0.21832910328188262,-0.21761045373444826,0.017699936874421715,0.9758751983015702,-0.08106998383797462,-0.9967084115831022,0.0,38.55223370443581,-51.043961867512046,0.8343287716304815,417.2740433422843,NONE
0.004009979777038097,0.12029939331114292,-6.646154806071567,-3.6310591634017113,-9.521109684629353,-6.764168036663136,-3.518526771518099,-9.493521885683151,-7.395142970094775,-3.481382940047181,-10.454434305491267,-5.966746556150328,-3.7668306826976705,-8.674489567347303,-0.0008707252893592754,-0.0021357947411628298,0.009730376061287412,0.6210419191062813,-0.12410771419586503,0.7738890165843324,0.9726630188025028,-0.07911418655418857,0.21832910328188262,-0.21761045373444826,0.017699936874421715,0.9758751983015702,-0.08106998383797462,-0.9967084115831022,0.0,38.47813295861656,-51.00807467185737,0.8385015721204372,417.28973010598503,NONE
0.004019979853183031,0.12059939559549093,-6.6423720568955416,-3.633597512881148,-9.519768719820293,-6.764168036663136,-3.518526771518099,-9.493521885683151,-7.392381086803193,-3.483458352789899,-10.452198758619796,-5.962037778049855,-3.7697889627624304,-8.67396007922456,-0.00087072652235042,-0.0021265880680610473,0.009732392229665302,0.621888395110147,-0.12449156955327453,0.773147251910972,0.9726630188025028,-0.07911418655418857,0.21832910328188262,-0.21761045373444826,0.017699936874421715,0.9758751983015702,-0.08106998383797462,-0.9967084115831022,0.0,38.41438910908102,-50.96937952417977,0.8426745034519119,417.3053674878621,NONE
0.004029979929327965,0.12089939787983894,-6.638554915839481,-3.6361051845949772,-9.518564596099766,-6.764168036663136,-3.518526771518099,-9.493521885683151,-7.389600604528671,-3.4855162442199474,-10.450087238943015,-5.957280282309486,-3.77270463082404,-8.673579055692043,-0.0008707423088754364,-0.0021173792336074033,0.009734398441229654,0.6227479661822546,-0.124864515914823,0.7723948622830311,0.9726630188025028,-0.07911418655418857,0.21832910328188262,-0.21761045373444826,0.017699936874421715,0.9758751983015702,-0.08106998383797462,-0.9967084115831022,0.0,38.349673429411325,-50.93152654342762,0.8468485830546228,417.4454230675846,NONE
0.0040399800054728985,0.12119940016418695,-6.634723708087253,-3.638600197772372,-9.517416517509135,-6.764168036663136,-3.518526771518099,-9.493521885683151,-7.386709774331519,-3.4875432799249073,-10.448104356333982,-5.952596056713122,-3.7756241470454373,-8.673188229037308,-0.0008707726488779113,-0.002108168270521818,0.00973639468885232,0.6235277033123463,-0.12525255092196952,0.7717026640420325,0.9726630188025028,-0.07911418655418857,0.21832910328188262,-0.21761045373444826,0.017699936874421715,0.9758751983015702,-0.08106998383797462,-0.9967084115831022,0.0,38.29072010930228,-50.89243137495654,0.8510231070597261,417.4609340990433,NONE
0.004049979615956545,0.12149938847869635,-6.630888387614536,-3.6410916458469513,-9.51628425277582,-6.764168036663136,-3.518526771518099,-9.493521885683151,-7.383663443156255,-3.489532684048042,-10.446252363220562,-5.94804504290433,-3.7785709999165387,-8.672708830961485,-0.0008708175398186056,-0.0020989556405937317,0.009738380873181681,0.6241819131530107,-0.12566883298630294,0.7711058835909034,0.9726630188025028,-0.07911418655418857,0.21832910328188262,-0.21761045373444826,0.017699936874421715,0.9758751983015702,-0.08106998383797462,-0.9967084115831022,0.0,38.24085751404312,-50.85105052039439,0.8551978966804583,417.5605233126562,NONE
0.004059979692101479,0.12179939076304436,-6.627026364260959,-3.6435591440302018,-9.51525824822298,-6.764168036663136,-3.518526771518099,-9.493521885683151,-7.380564280666488,-3.4915002066096794,-10.444526658146248,-5.943491027354735,-3.7814920267113212,-8.67231752576652,-0.0008708769857198514,-0.002089740518530338,0.009740357172144859,0.6248144579616317,-0.126083400044192,0.7705257097303172,0.9726630188025028,-0.07911418655418857,0.21832910328188262,-0.21761045373444826,0.017699936874421715,0.9758751983015702,-0.08106998383797462,-0.9967084115831022,0.0,38.19256914218191,-50.809809446694075,0.859373564739812,417.5759202711731,NONE
0.004069979768246412,0.12209939304739237,-6.623154625350284,-3.64601806473254,-9.514270301235827,-6.764168036663136,-3.518526771518099,-9.493521885683151,-7.377335008346867,-3.4934344943911904,-10.442931323114413,-5.939036506067479,-3.784426842697072,-8.671880541355657,-0.000870950984621021,-0.0020805233660383463,0.009742323485993666,0.6253471749040818,-0.12651841230690516,0.7700220790255458,0.9726630188025028,-0.07911418655418857,0.21832910328188262,-0.21761045373444826,0.017699936874421715,0.9758751983015702,-0.08106998383797462,-0.9967084115831022,0.0,38.15153548305767,-50.766946315998254,0.8635496950876451,417.6475121098188,NONE
0.004079979378730059,0.12239938136190176,-6.619267210418033,-3.6484629839312914,-9.51334432817808,-6.764168036663136,-3.518526771518099,-9.493521885683151,-7.374002852436903,-3.495339936823667,-10.441465296965234,-5.9346454148707615,-3.7873611220529706,-8.671444451240443,-0.0008710395317950409,-0.002071304645210414,0.009744279716877935,0.6258075815504965,-0.12696573270839273,0.7695742807499089,0.9726630188025028,-0.07911418655418857,0.21832910328188262,-0.21761045373444826,0.017699936874421715,0.9758751983015702,-0.08106998383797462,-0.9967084115831022,0.0,38.11577143188679,-50.72313287303142,0.8677264344919475,417.69568824627606,SLIDING
0.004089979454874992,0.12269938364624977,-6.615364238673496,-3.6508939575058106,-9.512480045927676,-6.764168036663136,-3.518526771518099,-9.493521885683151,-7.370567643053598,-3.4972167701036034,-10.440128810103221,-5.930318135209905,-3.7902947570924335,-8.671008506478119,-0.0008711426351728289,-0.002062083530208495,0.009746226040043297,0.6261954381929099,-0.12742521173427399,0.7691827407065666,0.9726630188025028,-0.07911418655418857,0.21832910328188262,-0.21761045373444826,0.017699936874421715,0.9758751983015702,-0.08106998383797462,-0.9967084115831022,0.0,38.08530367808554,-50.678399522231295,0.871903733236886,417.7635192573917,SLIDING
0.004099979531019926,0.12299938593059778,-6.611446246558475,-3.653311527485836,-9.511674992067727,-6.764168036663136,-3.518526771518099,-9.493521885683151,-7.367026668112377,-3.4990649045311057,-10.438922151924825,-5.926058150269704,-3.793228862888064,-8.67056774847792,-0.000871260290605153,-0.002052860483046362,0.009748162357242433,0.6265080512359447,-0.12789737319867753,0.768849740629089,0.9726630188025028,-0.07911418655418857,0.21832910328188262,-0.21761045373444826,0.017699936874421715,0.9758751983015702,-0.08106998383797462,-0.9967084115831022,0.0,38.06033634289208,-50.63272427997933,0.8760816500448705,417.8224107075663,SLIDING
0.00410997960716486,0.1232993882149458,-6.60751347249155,-3.6557158615094307,-9.51092838428727,-6.764168036663136,-3.518526771518099,-9.493521885683151,-7.3633791308050895,-3.500884502995076,-10.437845557822428,-5.921866637524403,-3.7961636113858974,-8.67012047176871,-0.00087139249767529,-0.0020436355364946168,0.009750088661594658,0.6267445622959509,-0.12838222103948768,0.7685761243711812,0.9726630188025028,-0.07911418655418857,0.21832910328188262,-0.21761045373444826,0.017699936874421715,0.9758751983015702,-0.08106998383797462,-0.9967084115831022,0.0,38.04093907777769,-50.58612729467583,0.8802601370787659,417.8828976850722,SLIDING
0.004119979217648506,0.12359937652945518,-6.603565856868076,-3.6581069372248534,-9.51024025983921,-6.764168036663136,-3.518526771518099,-9.493521885683151,-7.359625109318945,-3.5026759092971664,-10.436899146340785,-5.917743412378167,-3.7990986480959172,-8.669666639863431,-0.000871539248738529,-0.0020344091530272368,0.00975200485725731,0.6269050856264253,-0.1288794516516308,0.7683619593379799,0.9726630188025028,-0.07911418655418857,0.21832910328188262,-0.21761045373444826,0.017699936874421715,0.9758751983015702,-0.08106998383797462,-0.9967084115831022,0.0,38.02710964103043,-50.53865400705587,0.8844392424120731,417.9443455409755,SLIDING
0.00412997929379344,0.1238993788138032,-6.5996033996880525,-3.6604847360056523,-9.509610641075286,-6.764168036663136,-3.518526771518099,-9.493521885683151,-7.355764610377807,-3.504439443077292,-10.436083079734242,-5.91368846873177,-3.80203364754976,-8.669206148207973,-0.0008717005569408305,-0.0020251805061197304,0.00975391111588863,0.6269896268026244,-0.12938878455324707,0.7682073615331602,0.9726630188025028,-0.07911418655418857,0.21832910328188262,-0.21761045373444826,0.017699936874421715,0.9758751983015702,-0.08106998383797462,-0.9967084115831022,0.0,38.01885239116638,-50.4903484779723,0.8886189596911382,418.0067816263109,SLIDING
0.0041399793699383736,0.12419938109815121,-6.5956260413468355,-3.6628492401566985,-9.50903953917137,-6.764168036663136,-3.518526771518099,-9.493521885683151,-7.351797726490605,-3.5061754636351843,-10.43539735337109,-5.909701608998124,-3.8049682500797113,-8.668739022317283,-0.0008718764152159839,-0.0020159500581724823,0.009755807341247417,0.6269983119532528,-0.1299099071497944,0.7681123178494821,0.9726630188025028,-0.07911418655418857,0.21832910328188262,-0.21761045373444826,0.017699936874421715,0.9758751983015702,-0.08106998383797462,-0.9967084115831022,0.0,38.01616156327117,-50.441257514359656,0.8927993430512444,418.0701855151119,SLIDING
0.004149979446083307,0.12449938338249922,-6.591633841449069,-3.665200436639476,-9.508526954127463,-6.764168036663136,-3.518526771518099,-9.493521885683151,-7.347724421102491,-3.5078843001753883,-10.434842104688508,-5.905782980008288,-3.8079021321980786,-8.668265137521898,-0.0008720668229392252,-0.0020067178419824385,0.009757693526596271,0.6269310613453053,-0.13044253566203923,0.7680769422463527,0.9726630188025028,-0.07911418655418857,0.21832910328188262,-0.21761045373444826,0.017699936874421715,0.9758751983015702,-0.08106998383797462,-0.9967084115831022,0.0,38.019045148761336,-50.39142633474415,0.8969803334856241,418.13466466664664,SLIDING
0.004159979056566954,0.12479937169700861,-6.587656840735721,-3.66747566420852,-9.507920637054356,-6.764168036663136,-3.518526771518099,-9.493521885683151,-7.343787793330917,-3.509355107534694,-10.434065853354806,-5.901769356940899,-3.8109070505061107,-8.66781296806305,-0.0008722717695490516,-0.0019974843203790114,0.009759569578105094,0.6269645375608778,-0.13110954042235534,0.7679360370833718,0.9726630188025028,-0.07911418655418857,0.21832910328188262,-0.21761045373444826,0.017699936874421715,0.9758751983015702,-0.08106998383797462,-0.9967084115831022,0.0,38.013968817208905,-50.32846657596169,0.9011609944464762,417.5957108563192,SLIDING
0.004169979132711887,0.12509937398135662,-6.583766743594455,-3.6695164303880814,-9.506863965911778,-6.764168036663136,-3.518526771518099,-9.493521885683151,-7.340609423599936,-3.5100706156339303,-10.432200272057317,-5.8972336508334715,-3.8141499602124953,-8.667490060495238,-0.0008724912734058431,-0.0019882486661977564,0.009761435663834991,0.6275546838115064,-0.13220841068633263,0.7672653093748176,0.9726630188025028,-0.07911418655418857,0.21832910328188262,-0.21761045373444826,0.017699936874421715,0.9758751983015702,-0.08106998383797462,-0.9967084115831022,0.0,37.966075872272235,-50.22205041652772,0.905336903694602,417.60151985368736,NONE
0.004179979208856821,0.12539937626570463,-6.579867884570407,-3.67154951595037,-9.505841209812077,-6.764168036663136,-3.518526771518099,-9.493521885683151,-7.337295404591858,-3.510756509421352,-10.430465593309009,-5.892804282582683,-3.817405085387739,-8.667113090462665,-0.0008727253245265798,-0.0019790113421997405,0.00976329168955656,0.6280396182648585,-0.13332546781147253,0.7666750012375405,0.9726630188025028,-0.07911418655418857,0.21832910328188262,-0.21761045373444826,0.017699936874421715,0.9758751983015702,-0.08106998383797462,-0.9967084115831022,0.0,37.9259009397274,-50.114199880864135,0.9095133230153962,417.6779954063961,NONE
0.004189979285001755,0.12569937855005264,-6.57595305150156,-3.673568255186889,-9.504881582481774,-6.764168036663136,-3.518526771518099,-9.493521885683151,-7.33387921425064,-3.5114177889190294,-10.428860071247144,-5.888437129972369,-3.8206551783222267,-8.66673935518017,-0.0008729739220785569,-0.001969772381206342,0.009765137648675787,0.6284530801209878,-0.13445103887095544,0.7661394417682492,0.9726630188025028,-0.07911418655418857,0.21832910328188262,-0.21761045373444826,0.017699936874421715,0.9758751983015702,-0.08106998383797462,-0.9967084115831022,0.0,37.890997651392226,-50.00570389455965,0.9136903618533214,417.72751041800853,SLIDING
0.004199978895485401,0.12599936686456203,-6.572022661620426,-3.6755730011853087,-9.503983496947201,-6.764168036663136,-3.518526771518099,-9.493521885683151,-7.3303591180497625,-3.512054566397233,-10.42738407628762,-5.884134562098782,-3.8239008105494423,-8.666365492123173,-0.0008732370525840423,-0.001960532246375756,0.009766973449380496,0.6287932851960786,-0.13558532354443886,0.7656602539845417,0.9726630188025028,-0.07911418655418857,0.21832910328188262,-0.21761045373444826,0.017699936874421715,0.9758751983015702,-0.08106998383797462,-0.9967084115831022,0.0,37.86150582983432,-49.896592330112206,0.9178679887985233,417.80098373258517,SLIDING
0.004209978971630335,0.12629936914891005,-6.568077370578098,-3.677564470889389,-9.503143768085154,-6.764168036663136,-3.518526771518099,-9.493521885683151,-7.326731532433277,-3.5126667425717666,-10.42603796109271,-5.879901080003871,-3.8271434394147077,-8.66598510703813,-0.0008735147396173312,-0.0019512901099510637,0.009768799256125324,0.6290567184475676,-0.13672899862736576,0.7652403713280787,0.9726630188025028,-0.07911418655418857,0.21832910328188262,-0.21761045373444826,0.017699936874421715,0.9758751983015702,-0.08106998383797462,-0.9967084115831022,0.0,37.83769073847685,-49.786861443590446,0.9220463182489436,417.8665872813911,SLIDING
0.0042199790477752686,0.12659937143325806,-6.5641172975838655,-3.6795427139502648,-9.502362146301182,-6.764168036663136,-3.518526771518099,-9.493521885683151,-7.322996292577904,-3.5132546643057805,-10.424821925963059,-5.875737060543281,-3.8303828449677084,-8.665597542230099,-0.0008738069702779712,-0.0019420464350274667,0.009770614976698034,0.6292431443628799,-0.137881817679099,0.7648801668404168,0.9726630188025028,-0.07911418655418857,0.21832910328188262,-0.21761045373444826,0.017699936874421715,0.9758751983015702,-0.08106998383797462,-0.9967084115831022,0.0,37.819577104773074,-49.67657825178415,0.9262252926759604,417.9328257451706,SLIDING
0.004229978658258915,0.12689935974776745,-6.560142383033084,-3.6815077151757363,-9.501638631595286,-6.764168036663136,-3.518526771518099,-9.493521885683151,-7.319153359801133,-3.513818736275509,-10.423736149807203,-5.871642425133867,-3.8336186311529783,-8.665202635410887,-0.0008741137289021072,-0.001932801684992553,0.00977242052080322,0.6293525802901155,-0.1390434325554214,0.7645797888679636,0.9726630188025028,-0.07911418655418857,0.21832910328188262,-0.21761045373444826,0.017699936874421715,0.9758751983015702,-0.08106998383797462,-0.9967084115831022,0.0,37.807169864006696,-49.56581824417452,0.9304049688528853,418.0001078892533,SLIDING
0.004239978734403849,0.12719936203211546,-6.556152686530399,-3.683459455764729,-9.500973253769788,-6.764168036663136,-3.518526771518099,-9.493521885683151,-7.315202902032803,-3.51435936307776,-10.422780727481396,-5.867617135118336,-3.83685039510461,-8.6648003573723,-0.0008744350429691824,-0.0019235550316760931,0.009774216050187063,0.6293851160497685,-0.14021349218558696,0.7643392913517801,0.9726630188025028,-0.07911418655418857,0.21832910328188262,-0.21761045373444826,0.017699936874421715,0.9758751983015702,-0.08106998383797462,-0.9967084115831022,0.0,37.80046712218508,-49.4546568138565,0.9345852808103405,418.06844404916575,SLIDING
0.004249978810548782,0.12749936431646347,-6.552148148471164,-3.6853979194190982,-9.500366020275267,-6.764168036663136,-3.518526771518099,-9.493521885683151,-7.311144947970786,-3.5148769930652204,-10.42195571293481,-5.8636610507927,-3.840077699039016,-8.664390673385979,-0.0008747708973930256,-0.0019143069384067906,0.00977600147415271,0.6293408248600375,-0.14139161129295463,0.7641587128473178,0.9726630188025028,-0.07911418655418857,0.21832910328188262,-0.21761045373444826,0.017699936874421715,0.9758751983015702,-0.08106998383797462,-0.9967084115831022,0.0,37.79946686497556,-49.34317260749923,0.9387662836074675,418.13792624367176,SLIDING
0.004259978886693716,0.12779936660081148,-6.54812876885538,-3.6873230926346663,-9.499816931111726,-6.764168036663136,-3.518526771518099,-9.493521885683151,-7.306979402680844,-3.515372007505803,-10.421261248179915,-5.859774258271945,-3.843300171353682,-8.663973454632206,-0.0008751212909806367,-0.001905057438043797,0.009777776786356355,0.6292196280038695,-0.1425774625425562,0.7640381711076994,0.9726630188025028,-0.07911418655418857,0.21832910328188262,-0.21761045373444826,0.017699936874421715,0.9758751983015702,-0.08106998383797462,-0.9967084115831022,0.0,37.80417665171217,-49.23143957591185,0.9429479761758923,418.2085398673233,SLIDING
0.0042699784971773624,0.12809935491532087,-6.544094488078403,-3.689234966563869,-9.49932595647684,-6.764168036663136,-3.518526771518099,-9.493521885683151,-7.3027063066865505,-3.5158448682198142,-10.420697256255513,-5.855956607124973,-3.8465173762575358,-8.663548714086545,-0.0008754862051529827,-0.0018958069942577615,0.009779541898529533,0.6290216085050333,-0.1437706556685747,0.7639776270299864,0.9726630188025028,-0.07911418655418857,0.21832910328188262,-0.21761045373444826,0.017699936874421715,0.9758751983015702,-0.08106998383797462,-0.9967084115831022,0.0,37.81459080440468,-49.11953629332899,0.9471304222975956,418.2803293911892,SLIDING
0.004279978573322296,0.12839935719966888,-6.540045425349521,-3.691133429447997,-9.498892738742741,-6.764168036663136,-3.518526771518099,-9.493521885683151,-7.298326014975489,-3.516295635782931,-10.420263121864748,-5.852208002686243,-3.849729045667097,-8.663116327853041,-0.000875865672600602,-0.0018865547783681537,0.009781296968795768,0.6287469618648893,-0.14497104777572434,0.7639768669616117,0.9726630188025028,-0.07911418655418857,0.21832910328188262,-0.21761045373444826,0.017699936874421715,0.9758751983015702,-0.08106998383797462,-0.9967084115831022,0.0,37.830692966509496,-49.00751657872784,0.9513135752609827,418.36666985816976,SLIDING
0.00428997864946723,0.1286993594840169,-6.536088869029331,-3.692819024587858,-9.497989288790139,-6.764168036663136,-3.518526771518099,-9.493521885683151,-7.294660387644772,-3.51607982231391,-10.418757226501155,-5.8479875442577365,-3.853139411313887,-8.662759357006538,-0.0008762596753224219,-0.001877301253991505,0.009783041908484055,0.6289881927769719,-0.1465476473912944,0.7634773345628774,0.9726630188025028,-0.07911418655418857,0.21832910328188262,-0.21761045373444826,0.017699936874421715,0.9758751983015702,-0.08106998383797462,-0.9967084115831022,0.0,37.80730392023082,-48.85607258999908,0.955492575181804,417.8499368211876,IMPACT
0.0042999787256121635,0.1289993617683649,-6.532126590663242,-3.6944751582693938,-9.497100758625182,-6.764168036663136,-3.518526771518099,-9.493521885683151,-7.290953685561109,-3.515790681698008,-10.417282473001661,-5.84379343227517,-3.856560106132063,-8.662402590878598,-0.0008766682119176042,-0.001868046454006569,0.009784776711395377,0.6292001101243214,-0.14816061931915442,0.7629912530969843,0.9726630188025028,-0.07911418655418857,0.21832910328188262,-0.21761045373444826,0.017699936874421715,0.9758751983015702,-0.08106998383797462,-0.9967084115831022,0.0,37.786025127425276,-48.70118135048868,0.9596715524818933,417.9323312887048,IMPACT
0.00430997833609581,0.1292993500828743,-6.52802310889368,-3.695747598226059,-9.49664977498165,-6.764168036663136,-3.518526771518099,-9.493521885683151,-7.287709888237365,-3.5158840790812316,-10.41589196361467,-5.838910129497917,-3.8589020573171853,-8.662803852399652,-0.0008770912608935232,-0.0018587908423402712,0.009786501291293258,0.6299129385823686,-0.1491382514069364,0.762212222267399,0.9726630188025028,-0.07911418655418857,0.21832910328188262,-0.21761045373444826,0.017699936874421715,0.9758751983015702,-0.08106998383797462,-0.9967084115831022,0.0,37.729826489773984,-48.60265590338742,0.9638619883540738,419.64544009795463,NONE
0.004319978412240744,0.1295993523672223,-6.523840650969791,-3.6967925216656807,-9.496440309358748,-6.764168036663136,-3.518526771518099,-9.493521885683151,-7.284649803276427,-3.5161963204007747,-10.414609975295665,-5.83370956543144,-3.860611597770616,-8.663567273669976,-0.0008775288601498251,-0.0018495335898492588,0.009788215802669128,0.6308435816717333,-0.1497457727694963,0.7613229137502994,0.9726630188025028,-0.07911418655418857,0.21832910328188262,-0.21761045373444826,0.017699936874421715,0.9758751983015702,-0.08106998383797462,-0.9967084115831022,0.0,37.65869458761408,-48.537413866477564,0.9680585112138917,419.66073124552935,NONE
0.004329978488385677,0.12989935465157032,-6.519658014231967,-3.6978374022644642,-9.49623100764862,-6.520340372550861,-3.538359156355141,-9.43879103416328,-7.281415140194851,-3.5164822597679413,-10.413464610896122,-5.8286670204150886,-3.862344915061371,-8.664207075783084,-0.0008779809887711473,-0.001840275160411445,0.009789920158883608,0.6316296172955491,-0.15037506751888258,0.7605467543969732,0.9664794829137977,-0.10477279022151464,0.23439298525313573,-0.23302771398569547,0.02526175074054832,0.9721419281484176,-0.10777519947223067,-0.9941752895635261,0.0,36.440020372202895,-49.899128620540736,0.9754202295868577,420.10660588318746,NONE
0.004339978098869324,0.1301993429660797,-6.5154751986802095,-3.6988822418850544,-9.496021881027135,-6.520340372550861,-3.538359156355141,-9.43879103416328,-7.278006069081174,-3.5167422310405896,-10.412456700164148,-5.823782340161306,-3.8641017098987556,-8.664722527386784,-0.0008784476230806015,-0.0018310160181286932,0.009791614275227643,0.6322711864868994,-0.15102586037311563,0.7598844229466798,0.9664794829137977,-0.10477279022151464,0.23439298525313573,-0.23302771398569547,0.02526175074054832,0.9721419281484176,-0.10777519947223067,-0.9941752895635261,0.0,36.388575276982436,-49.83312563461381,0.9796213235739337,420.12129900681293,NONE
0.004349978175014257,0.13049934525042772,-6.511292144709873,-3.699927038664806,-9.495812922043713,-6.520340372550861,-3.538359156355141,-9.43879103416328,-7.2744227922254385,-3.5169765796648575,-10.411586820976057,-5.819055227500394,-3.8658816653758246,-8.66511309007962,-0.0008789288048793074,-0.0018217553335416153,0.00979329830346541,0.6327685064021935,-0.15169786335259444,0.7593364047375809,0.9664794829137977,-0.10477279022151464,0.23439298525313573,-0.23302771398569547,0.02526175074054832,0.9721419281484176,-0.10777519947223067,-0.9941752895635261,0.0,36.347741083827835,-49.7653978402807,0.9838226042059333,420.13597939607445,NONE
0.004359978251159191,0.13079934753477573,-6.507108911925601,-3.70097179632901,-9.495604134423646,-6.520340372550861,-3.538359156355141,-9.43879103416328,-7.270665441822036,-3.517185648302632,-10.41085555727843,-5.814485676190736,-3.8676844777679893,-8.665378241267309,-0.000879424511068054,-0.0018124935707071331,0.0097949721584838,0.633121637231,-0.15239079541972048,0.7589031808744006,0.9664794829137977,-0.10477279022151464,0.23439298525313573,-0.23302771398569547,0.02526175074054832,0.9721419281484176,-0.10777519947223067,-0.9941752895635261,0.0,36.31753492615289,-49.69602480074796,0.9880240133933196,420.15059163829875,NONE
0.004369978327304125,0.13109934981912374,-6.5029534549057955,-3.7019696823906783,-9.495258662177237,-6.520340372550861,-3.538359156355141,-9.43879103416328,-7.266926084573068,-3.517209705787053,-10.409966627462477,-5.809952774465289,-3.869565725144524,-8.665525740170468,-0.0008799347398856778,-0.0018032307625333545,0.009796635834335163,0.6334666565686,-0.153198269285857,0.7584525596921784,0.9664794829137977,-0.10477279022151464,0.23439298525313573,-0.23302771398569547,0.02526175074054832,0.9721419281484176,-0.10777519947223067,-0.9941752895635261,0.0,36.287299007875845,-49.61530971474247,0.9922257049232535,420.1531137832431,NONE
0.004379977937787771,0.13139933813363314,-6.4988407344162935,-3.7028964619737748,-9.494705672634753,-6.520340372550861,-3.538359156355141,-9.43879103416328,-7.263304894324653,-3.5169664029429595,-10.40876565477814,-5.8053941861811795,-3.8715538881944176,-8.665560537075796,-0.0008804594647439944,-0.0017939673733320279,0.009798289248350828,0.6338742209319452,-0.15416847184846005,0.7579152685662364,0.9664794829137977,-0.10477279022151464,0.23439298525313573,-0.23302771398569547,0.02526175074054832,0.9721419281484176,-0.10777519947223067,-0.9941752895635261,0.0,36.25150105943818,-49.51818148119512,0.9964272830478347,420.1679796943056,NONE
0.004389978013932705,0.13169934041798115,-6.494727835112857,-3.7038232061666134,-9.494152858180913,-6.520340372550861,-3.538359156355141,-9.43879103416328,-7.259509270516639,-3.5166993011304943,-10.407703672212255,-5.800993485815669,-3.8735635718302266,-8.66546958975489,-0.0008809987326492621,-0.0017847025732635343,0.009799932548648043,0.6341372976960743,-0.15515837856510103,0.7574930793292894,0.9664794829137977,-0.10477279022151464,0.23439298525313573,-0.23302771398569547,0.02526175074054832,0.9721419281484176,-0.10777519947223067,-0.9941752895635261,0.0,36.226396794946055,-49.41955937980283,1.0006289892449285,420.18283938747044,NONE
0.004399978090077639,0.13199934270232916,-6.490614697390842,-3.704749913106549,-9.493600222541007,-6.520340372550861,-3.538359156355141,-9.43879103416328,-7.255539327405223,-3.5164088648752587,-10.406780954674613,-5.7967504560546885,-3.875594351127852,-8.665252655941192,-0.0008815525175903442,-0.0017754368266000586,0.00980156565215336,0.6342560310219715,-0.15616760271851887,0.7571862168406178,0.9664794829137977,-0.10477279022151464,0.23439298525313573,-0.23302771398569547,0.02526175074054832,0.9721419281484176,-0.10777519947223067,-0.9941752895635261,0.0,36.21199070410859,-49.31955689849336,1.0048308800528645,420.1976652511865,NONE
0.004409978166222572,0.13229934498667717,-6.486501380854892,-3.705676584656227,-9.493047758264455,-6.520340372550861,-3.538359156355141,-9.43879103416328,-7.2513951102361895,-3.516095600430811,-10.405997769363013,-5.792665169527828,-3.87764577041621,-8.664909479050168,-0.0008821208175988375,-0.0017661701662640816,0.009803188553064635,0.6342304090036357,-0.15719572608060844,0.7569949088316721,0.9664794829137977,-0.10477279022151464,0.23439298525313573,-0.23302771398569547,0.02526175074054832,0.9721419281484176,-0.10777519947223067,-0.9941752895635261,0.0,36.208293995012106,-49.218291932104336,1.0090328998064955,420.2125207453713,NONE
0.004419977776706219,0.13259933330118656,-6.482387825900363,-3.706603220815647,-9.492495472801837,-6.520340372550861,-3.538359156355141,-9.43879103416328,-7.247076522257794,-3.515760008533325,-10.405354254640793,-5.788737600326629,-3.879717375476791,-8.664439947781254,-0.0008827036031763719,-0.0017569030567513124,0.009804801170758442,0.6340604008396371,-0.15824233345368083,0.7569192638519733,0.9664794829137977,-0.10477279022151464,0.23439298525313573,-0.23302771398569547,0.02526175074054832,0.9721419281484176,-0.10777519947223067,-0.9941752895635261,0.0,36.21531413641246,-49.11588243669404,1.0132351043661245,420.2273807513179,NONE
0.004429977852851152,0.13289933558553457,-6.478301033431339,-3.7074852652501944,-9.4918121390771,-6.520340372550861,-3.538359156355141,-9.43879103416328,-7.242767644986653,-3.515248856221258,-10.404564598647799,-5.784852261303717,-3.881863190700891,-8.663853059140264,-0.0008833009265316712,-0.0017476346678884725,0.009806403649696531,0.6338762537751896,-0.15939753673027518,0.7568311041337111,0.9664794829137977,-0.10477279022151464,0.23439298525313573,-0.23302771398569547,0.02526175074054832,0.9721419281484176,-0.10777519947223067,-0.9941752895635261,0.0,36.22283927452887,-49.002844121707156,1.0174374883265358,420.23983048013844,NONE
0.004439977928996086,0.13319933786988258,-6.474232122355747,-3.70833752040087,-9.491041298283251,-6.520340372550861,-3.538359156355141,-9.43879103416328,-7.238407561625836,-3.514613838765963,-10.403723128266597,-5.78104747303037,-3.8840645529895896,-8.663146286547546,-0.0008839127587435199,-0.001738365464137081,0.009807995908849733,0.6336348211284636,-0.16063074531462013,0.7567725398778484,0.9664794829137977,-0.10477279022151464,0.23439298525313573,-0.23302771398569547,0.02526175074054832,0.9721419281484176,-0.10777519947223067,-0.9941752895635261,0.0,36.23426532346212,-48.88242987931341,1.0216399802238367,420.2548828064458,NONE
0.0044499775394797325,0.13349932618439198,-6.470049247199344,-3.708860636840451,-9.490620094610366,-6.520340372550861,-3.538359156355141,-9.43879103416328,-7.234397750337271,-3.51429972608238,-10.402978854828826,-5.776707611388439,-3.885347121181114,-8.663018139926969,-0.0008845390681319494,-0.0017290959101136474,0.009809577869131619,0.6337783212821011,-0.16132495439075395,0.7565046586529809,0.9664794829137977,-0.10477279022151464,0.23439298525313573,-0.23302771398569547,0.02526175074054832,0.9721419281484176,-0.10777519947223067,-0.9941752895635261,0.0,36.21985528600355,-48.813124625487575,1.0258361787973627,419.4877928030867,NONE
0.004459977615624666,0.13379932846874,-6.465866789275455,-3.7092913362783078,-9.490160650832566,-6.520340372550861,-3.538359156355141,-9.43879103416328,-7.230446835305652,-3.5139077258078704,-10.402149514560387,-5.7723151205711405,-3.886524092721305,-8.662894229792327,-0.0008851799108023098,-0.0017198251754258925,0.009811149672259373,0.6339703107541355,-0.16200711604931928,0.7561979498991567,0.9664794829137977,-0.10477279022151464,0.23439298525313573,-0.23302771398569547,0.02526175074054832,0.9721419281484176,-0.10777519947223067,-0.9941752895635261,0.0,36.20189959749143,-48.74467753005355,1.0300312545494386,419.51167068180513,NONE
0.0044699776917696,0.134099330753088,-6.461695060187625,-3.709704217652667,-9.489648922605427,-6.520340372550861,-3.538359156355141,-9.43879103416328,-7.2263958296536295,-3.513434237431529,-10.401346195626282,-5.7680338830795925,-3.8877410013821194,-8.662647003918405,-0.000885835255651608,-0.0017105537246599493,0.009812711238739913,0.6340704115539293,-0.1627420712828653,0.7559561703077724,0.9664794829137977,-0.10477279022151464,0.23439298525313573,-0.23302771398569547,0.02526175074054832,0.9721419281484176,-0.10777519947223067,-0.9941752895635261,0.0,36.19054068781968,-48.67147137688806,1.0342263493615196,419.5264784821281,NONE
0.004479977767914534,0.134399333037436,-6.4575252384484285,-3.7101133588355664,-9.489126405937585,-6.520340372550861,-3.538359156355141,-9.43879103416328,-7.222185990067993,-3.5129284890914065,-10.400659812713302,-5.763900361586943,-3.8889800401783114,-8.662273130559196,-0.0008865051003519546,-0.001701281590758151,0.009814262563024378,0.6340372297743702,-0.16350067438561083,0.7558202965887416,0.9664794829137977,-0.10477279022151464,0.23439298525313573,-0.23302771398569547,0.02526175074054832,0.9721419281484176,-0.10777519947223067,-0.9941752895635261,0.0,36.18903046471081,-48.596662910524124,1.0384217376248088,419.543290346094,NONE
0.00448997737839818,0.1346993213519454,-6.453373298102664,-3.7104928653341416,-9.488516527486953,-6.520340372550861,-3.538359156355141,-9.43879103416328,-7.2179250895837095,-3.5123008537520506,-10.399922899134493,-5.759847259140867,-3.8902731264988373,-8.661778485857585,-0.0008871894103168261,-0.0016920092384747252,0.009815803568079455,0.6339468828012361,-0.16433577075947248,0.7557149622943073,0.9664794829137977,-0.10477279022151464,0.23439298525313573,-0.23302771398569547,0.02526175074054832,0.9721419281484176,-0.10777519947223067,-0.9941752895635261,0.0,36.191409046889966,-48.51461732488139,1.0426172159687201,419.558147402798,NONE
0.004499977454543114,0.1349993236362934,-6.449227079802799,-3.7108624737363938,-9.487877602947863,-6.520340372550861,-3.538359156355141,-9.43879103416328,-7.213530936347499,-3.5116204182803363,-10.399262981259426,-5.755925942981365,-3.891595231222153,-8.661158604404012,-0.0008878882468484322,-0.0016827358371665152,0.009817334391952745,0.6337413014635362,-0.1652064404094855,0.7556975551545281,0.9664794829137977,-0.10477279022151464,0.23439298525313573,-0.23302771398569547,0.02526175074054832,0.9721419281484176,-0.10777519947223067,-0.9941752895635261,0.0,36.2022313287511,-48.42976261660602,1.046812935220883,419.5803667904873,NONE
0.004509977530688047,0.13529932592064142,-6.445091113501834,-3.711214934627402,-9.487188163472327,-6.520340372550861,-3.538359156355141,-9.43879103416328,-7.209033606019481,-3.510862406380567,-10.398633072472641,-5.752117770513466,-3.8929550035923106,-8.660415164554363,-0.0008886015759363882,-0.0016734618515627517,0.009818854957203442,0.6334416676113107,-0.16612721617901902,0.755746916486208,0.9664794829137977,-0.10477279022151464,0.23439298525313573,-0.23302771398569547,0.02526175074054832,0.9721419281484176,-0.10777519947223067,-0.9941752895635261,0.0,36.21983899059884,-48.34057707162568,1.0510087898806049,419.6043809671684,NONE
0.004519977606832981,0.13559932820498943,-6.440964564734744,-3.7115513171654824,-9.486451330853614,-6.520340372550861,-3.538359156355141,-9.43879103416328,-7.204428232312303,-3.5100309749360634,-10.398039982356213,-5.748425564544019,-3.894350711887795,-8.659547942903345,-0.0008893293950458699,-0.001664187314614522,0.009820365258429286,0.6330446381601235,-0.16709553780510084,0.7558661041099427,0.9664794829137977,-0.10477279022151464,0.23439298525313573,-0.23302771398569547,0.02526175074054832,0.9721419281484176,-0.10777519947223067,-0.9941752895635261,0.0,36.244493151388966,-48.24737926756398,1.05520496673347,419.64308021885034,SLIDING
0.0045299772173166275,0.13589931651949883,-6.4368213266671175,-3.7117856975299004,-9.485742475165042,-6.520340372550861,-3.538359156355141,-9.43879103416328,-7.199862942346542,-3.5091944376551596,-10.397447122381049,-5.7446651703653355,-3.8955565232015483,-8.658733867334899,-0.0008900716666853299,-0.001654912691187521,0.009821865220654263,0.6326946834700897,-0.16798351545495163,0.7559622848026741,0.9664794829137977,-0.10477279022151464,0.23439298525313573,-0.23302771398569547,0.02526175074054832,0.9721419281484176,-0.10777519947223067,-0.9941752895635261,0.0,36.26606384972045,-48.161896481565094,1.0594000288043706,419.1419153756462,NONE
0.004539977293461561,0.13619931880384684,-6.43263302748804,-3.711830088089097,-9.485149759126815,-6.520340372550861,-3.538359156355141,-9.43879103416328,-7.195483289225892,-3.508434654191665,-10.396835486352886,-5.7406504486242,-3.8963303811831054,-8.658158313646984,-0.0008908284573505126,-0.0016456371504350298,0.009823354978248511,0.6325360176529099,-0.16865031608323483,0.7559465968286535,0.9664794829137977,-0.10477279022151464,0.23439298525313573,-0.23302771398569547,0.02526175074054832,0.9721419281484176,-0.10777519947223067,-0.9941752895635261,0.0,36.27450544385562,-48.097047928738746,1.0635915134336074,419.1662752201425,SLIDING
0.004549977369606495,0.13649932108819485,-6.428453788214969,-3.7118588138025883,-9.484510812235984,-6.520340372550861,-3.538359156355141,-9.43879103416328,-7.19099408257776,-3.5076040917622198,-10.396263737972383,-5.736752381206625,-3.89713856841737,-8.65745841088997,-0.0008915997301258338,-0.0016363611572026333,0.009824834455828107,0.632279000596146,-0.16936281593702204,0.7560023161227891,0.9664794829137977,-0.10477279022151464,0.23439298525313573,-0.23302771398569547,0.02526175074054832,0.9721419281484176,-0.10777519947223067,-0.9941752895635261,0.0,36.2900638609116,-48.028373777637846,1.067783436787531,419.2064902332362,SLIDING
0.004559976980090141,0.13679930940270424,-6.424283966475772,-3.7118712115687016,-9.483823742045077,-6.520340372550861,-3.538359156355141,-9.43879103416328,-7.18639742004433,-3.5067008504549504,-10.395727956533541,-5.7329697473709675,-3.897981543714996,-8.656634106452636,-0.0008923854453428652,-0.0016270851764214477,0.009826303579962763,0.6319250750753751,-0.17012204054784585,0.756127760904742,0.9664794829137977,-0.10477279022151464,0.23439298525313573,-0.23302771398569547,0.02526175074054832,0.9721419281484176,-0.10777519947223067,-0.9941752895635261,0.0,36.312624041713256,-47.955797688958754,1.0719758273275453,419.2784418338914,SLIDING
0.004569977056235075,0.13709931168705225,-6.420123204642581,-3.7118674415749195,-9.483089122248801,-6.520340372550861,-3.538359156355141,-9.43879103416328,-7.181691530224136,-3.5057259374323038,-10.395229711923601,-5.729303471925443,-3.8988586989712473,-8.655685070381994,-0.0008931856733864335,-0.0016178083771237859,0.009827762482262001,0.6314730688255186,-0.17092728762562764,0.7563237571920031,0.9664794829137977,-0.10477279022151464,0.23439298525313573,-0.23302771398569547,0.02526175074054832,0.9721419281484176,-0.10777519947223067,-0.9941752895635261,0.0,36.342272677585214,-47.87943465675384,1.0761689130069243,419.3619601703721,SLIDING
0.004579977132380009,0.13739931397140026,-6.415971145087528,-3.7118475559753064,-9.482307109309348,-6.520340372550861,-3.538359156355141,-9.43879103416328,-7.176875685449428,-3.504679989066569,-10.394769146475456,-5.725753532905895,-3.899769556394989,-8.654611471956947,-0.0008940003751635062,-0.0016085312242247792,0.009829211088886965,0.6309226750189275,-0.17177807275148693,0.7565902932689168,0.9664794829137977,-0.10477279022151464,0.23439298525313573,-0.23302771398569547,0.02526175074054832,0.9721419281484176,-0.10777519947223067,-0.9941752895635261,0.0,36.37902864429021,-47.799374901649166,1.080363008256347,419.44682977956046,SLIDING
0.004589977208524942,0.13769931625574827,-6.411806091719913,-3.711740431527484,-9.48154239661804,-6.520340372550861,-3.538359156355141,-9.43879103416328,-7.172072497253398,-3.503619934900663,-10.394319445569517,-5.72216733256669,-3.900526835876573,-8.653561011618237,-0.0008948295477801154,-0.0015992537506872462,0.00983064939468994,0.6303935498637856,-0.17256821781561282,0.7568514930222957,0.9664794829137977,-0.10477279022151464,0.23439298525313573,-0.23302771398569547,0.02526175074054832,0.9721419281484176,-0.10777519947223067,-0.9941752895635261,0.0,36.414502587336436,-47.725256685685316,1.0845564664446652,419.1280301973814,SLIDING
0.004599976819008589,0.13799930457025766,-6.407616242820072,-3.711509746651042,-9.480833250356826,-6.520340372550861,-3.538359156355141,-9.43879103416328,-7.1673426617741205,-3.502580781742971,-10.393875169195859,-5.718467306276254,-3.901029513750659,-8.652611601497851,-0.0008956731486664966,-0.0015899764215074133,0.009832077328306068,0.629945806738203,-0.17323857913377746,0.7570711163904386,0.9664794829137977,-0.10477279022151464,0.23439298525313573,-0.23302771398569547,0.02526175074054832,0.9721419281484176,-0.10777519947223067,-0.9941752895635261,0.0,36.44451130420436,-47.66244692513045,1.0887479188538514,419.1669541328687,SLIDING
0.0046099768951535225,0.13829930685460567,-6.403435930663394,-3.711262689123738,-9.480075682772311,-6.520340372550861,-3.538359156355141,-9.43879103416328,-7.162505691218176,-3.5014708971323776,-10.393465847059142,-5.714882649905972,-3.901565127922056,-8.651538139962542,-0.0008965312533944586,-0.00158069840559677,0.009833495017653963,0.6294013223096543,-0.17395401338681682,0.7573598726506957,0.9664794829137977,-0.10477279022151464,0.23439298525313573,-0.23302771398569547,0.02526175074054832,0.9721419281484176,-0.10777519947223067,-0.9941752895635261,0.0,36.481492797887036,-47.59599612039501,1.092939788406639,419.23100462114076,SLIDING
0.004619976971298456,0.13859930913895369,-6.399264439994144,-3.7109995569687966,-9.479270714594039,-6.520340372550861,-3.538359156355141,-9.43879103416328,-7.1575589515484745,-3.5002917795247472,-10.393093868088593,-5.711414388729455,-3.9021328874997976,-8.650340406645935,-0.0008974038199691783,-0.0015714201679406334,0.009834902390958746,0.6287585055734869,-0.17471352520654365,0.7577188962794169,0.9664794829137977,-0.10477279022151464,0.23439298525313573,-0.23302771398569547,0.02526175074054832,0.9721419281484176,-0.10777519947223067,-0.9941752895635261,0.0,36.52556130722552,-47.526049630573524,1.0971325583559057,419.31683043493126,SLIDING
0.00462997704744339,0.1388993114233017,-6.395092234069156,-3.710689817706931,-9.478446963502082,-6.520340372550861,-3.538359156355141,-9.43879103416328,-7.152554496408444,-3.4990683125014423,-10.392749073998374,-5.70799711727453,-3.9026519920156084,-8.64908219296302,-0.0008982908452900521,-0.0015621417415056463,0.009836299443220313,0.6280684257103972,-0.17547116500615934,0.7581160352327634,0.9664794829137977,-0.10477279022151464,0.23439298525313573,-0.23302771398569547,0.02526175074054832,0.9721419281484176,-0.10777519947223067,-0.9941752895635261,0.0,36.573136434624345,-47.45677158635297,1.1013255390117394,419.13386920866367,SLIDING
0.004639976657927036,0.1391992997378111,-6.3909005970299715,-3.7102715756398323,-9.477661433888587,-6.520340372550861,-3.538359156355141,-9.43879103416328,-7.14760026372775,-3.4978492954048215,-10.39240920178463,-5.7044972318478315,-3.9029601341392373,-8.647892406875826,-0.0008991922838887199,-0.0015528635913265754,0.009837686105142511,0.6274361008173557,-0.17613514727583288,0.7584855630038279,0.9664794829137977,-0.10477279022151464,0.23439298525313573,-0.23302771398569547,0.02526175074054832,0.9721419281484176,-0.10777519947223067,-0.9941752895635261,0.0,36.61686089399643,-47.3963771039571,1.105516972452687,419.1746730139873,SLIDING
0.00464997673407197,0.1394993020221591,-6.386717900687503,-3.7098374824625138,-9.476829010320815,-6.520340372550861,-3.538359156355141,-9.43879103416328,-7.142536046206499,-3.496563114481854,-10.392107145347673,-5.701114164645199,-3.9032989709918686,-8.646578886514448,-0.0009001082165191759,-0.0015435848862414287,0.009839062500945883,0.626705165896217,-0.17684167674348472,0.758925329927489,0.9664794829137977,-0.10477279022151464,0.23439298525313573,-0.23302771398569547,0.02526175074054832,0.9721419281484176,-0.10777519947223067,-0.9941752895635261,0.0,36.667677797132534,-47.332680930705095,1.1097090957425824,419.252120134294,SLIDING
0.004659976810216904,0.1397993043065071,-6.382533177787113,-3.70935189832269,-9.475981685591849,-6.520340372550861,-3.538359156355141,-9.43879103416328,-7.137423236642733,-3.495236431844665,-10.391829192356715,-5.697771310503257,-3.9035763485189374,-8.645215083856115,-0.0009010385982877186,-0.001534306091279152,0.009840428560924017,0.6259356200606417,-0.17753909420620523,0.759397438478522,0.9664794829137977,-0.10477279022151464,0.23439298525313573,-0.23302771398569547,0.02526175074054832,0.9721419281484176,-0.10777519947223067,-0.9941752895635261,0.0,36.72137525537628,-47.270308692938,1.1139012755349746,419.13443779894124,SLIDING
0.00466997642070055,0.1400992926210165,-6.378342375212955,-3.7088021646839264,-9.475132893098506,-6.520340372550861,-3.538359156355141,-9.43879103416328,-7.13228341951756,-3.4938813106799604,-10.391573299136265,-5.694441360404781,-3.9037571830730933,-8.643828471572386,-0.0009019833815540951,-0.0015250276714862232,0.009841784217334743,0.6251487213533824,-0.17820690104049255,0.7598890554625564,0.9664794829137977,-0.10477279022151464,0.23439298525313573,-0.23302771398569547,0.02526175074054832,0.9721419281484176,-0.10777519947223067,-0.9941752895635261,0.0,36.77646967746556,-47.21110368464901,1.1180929541190032,419.19719949657014,SLIDING
0.004679976496845484,0.1403992949053645,-6.374152168685245,-3.7082091357213143,-9.474261994732531,-6.520340372550861,-3.538359156355141,-9.43879103416328,-7.127081067825977,-3.4924804247958856,-10.391344480506163,-5.69116927222324,-3.9038969622956587,-8.642375141746726,-0.000902942650952806,-0.0015157487956762863,0.00984312959162302,0.6243094763490162,-0.17887675543468395,0.7604214516345374,0.9664794829137977,-0.10477279022151464,0.23439298525313573,-0.23302771398569547,0.02526175074054832,0.9721419281484176,-0.10777519947223067,-0.9941752895635261,0.0,36.83539452579821,-47.15224249275959,1.122284701925965,419.1362257795414,SLIDING
0.0046899765729904175,0.14069929718971252,-6.369960054808902,-3.7075655359429005,-9.473376709295424,-6.520340372550861,-3.538359156355141,-9.43879103416328,-7.121828378007027,-3.4910407506446224,-10.391141456664998,-5.6879392083227005,-3.9039754827354867,-8.640870975826383,-0.0009039163594171007,-0.0015064699288942181,0.009844464615636213,0.6234300737757944,-0.17953684003950635,0.7609871655820069,0.9664794829137977,-0.10477279022151464,0.23439298525313573,-0.23302771398569547,0.02526175074054832,0.9721419281484176,-0.10777519947223067,-0.9941752895635261,0.0,36.89729496513245,-47.09479084108788,1.1264763669293227,419.13578114985484,SLIDING
0.004699976649135351,0.14099929947406054,-6.365764483863162,-3.7068652651858214,-9.472481559289607,-6.520340372550861,-3.538359156355141,-9.43879103416328,-7.11653672407799,-3.489565780751949,-10.390960229144898,-5.684737895840873,-3.903977942687932,-8.639328225698296,-0.0009049045034885956,-0.001497191104108489,0.009845789284629784,0.6225212296683124,-0.18017920084173175,0.7615791319333054,0.9664794829137977,-0.10477279022151464,0.23439298525313573,-0.23302771398569547,0.02526175074054832,0.9721419281484176,-0.10777519947223067,-0.9941752895635261,0.0,36.96140855750037,-47.03944002598465,1.130667747728472,419.12666982994733,SLIDING
0.004709976259618998,0.14129928778856993,-6.3615673631966585,-3.706115589628804,-9.471570703459891,-6.520340372550861,-3.538359156355141,-9.43879103416328,-7.111192897256066,-3.488051329240468,-10.390804420541135,-5.681580953991139,-3.9039219965084437,-8.637732465434794,-0.0009059070326324532,-0.0014879127863581388,0.009847103532938072,0.6215704101151861,-0.18081333359477206,0.7622051978723219,0.9664794829137977,-0.10477279022151464,0.23439298525313573,-0.23302771398569547,0.02526175074054832,0.9721419281484176,-0.10777519947223067,-0.9941752895635261,0.0,37.02860840410549,-46.98536406020137,1.134859131357155,419.1245341900823,SLIDING
0.004719976335763931,0.14159929007291794,-6.357368454390811,-3.705314981902826,-9.470645766032847,-6.520340372550861,-3.538359156355141,-9.43879103416328,-7.105800033196324,-3.486499058884574,-10.390673403265513,-5.678465083727818,-3.903803223044277,-8.63608736188689,-0.0009069240366572739,-0.0014786341444656024,0.009848407478295467,0.6205804128123942,-0.18143659311291455,0.7628634962515752,0.9664794829137977,-0.10477279022151464,0.23439298525313573,-0.23302771398569547,0.02526175074054832,0.9721419281484176,-0.10777519947223067,-0.9941752895635261,0.0,37.09869127610466,-46.93279887884604,1.1390502075080047,419.10332461670606,SLIDING
0.004729976411908865,0.14189929235726595,-6.3531678766549105,-3.7044643025499466,-9.46970592744461,-6.520340372550861,-3.538359156355141,-9.43879103416328,-7.100356400803807,-3.4849085174541483,-10.390567293885143,-5.6753920826738655,-3.903623673655039,-8.634391246324952,-0.0009079554656020693,-0.0014693556434733999,0.009849701054624477,0.6195497035347574,-0.18205006791343076,0.7635548032870395,0.9664794829137977,-0.10477279022151464,0.23439298525313573,-0.23302771398569547,0.02526175074054832,0.9721419281484176,-0.10777519947223067,-0.9941752895635261,0.0,37.171755849549136,-46.88165064425045,1.1432411432291065,419.0860427234205,SLIDING
0.004739976488053799,0.14219929464161396,-6.348965629988956,-3.7035635236304882,-9.468751351607951,-6.520340372550861,-3.538359156355141,-9.43879103416328,-7.094862060678599,-3.483280121910995,-10.390486035344493,-5.672361895858858,-3.903382916830273,-8.632644483102421,-0.0009090013158020263,-0.0014600773163488997,0.009850984257328584,0.6184783325303226,-0.18265338909533835,0.7642789357574229,0.9664794829137977,-0.10477279022151464,0.23439298525313573,-0.23302771398569547,0.02526175074054832,0.9721419281484176,-0.10777519947223067,-0.9941752895635261,0.0,37.24779034574387,-46.83195379994934,1.147431897173135,419.069370838204,SLIDING
0.004749976098537445,0.14249928295612335,-6.3447755426705355,-3.702590341831434,-9.467722649944934,-6.520340372550861,-3.538359156355141,-9.43879103416328,-7.089409868087598,-3.481541931495322,-10.390294279299598,-5.669316666063758,-3.9031036754569253,-8.630856586855296,-0.0009100615338312924,-0.0014507996280965346,0.009852257022821727,0.6174318269668873,-0.18328771476591438,0.7649729097583918,0.9664794829137977,-0.10477279022151464,0.23439298525313573,-0.23302771398569547,0.02526175074054832,0.9721419281484176,-0.10777519947223067,-0.9941752895635261,0.0,37.32178238776518,-46.77917238107614,1.1516206880792552,418.73568597005055,SLIDING
0.004759976174682379,0.14279928524047136,-6.340586051398563,-3.7015664904963854,-9.466676051987323,-6.520340372550861,-3.538359156355141,-9.43879103416328,-7.0839154565392395,-3.479762731791815,-10.39011829580623,-5.666310869867158,-3.902765001722466,-8.629020253254426,-0.0009111362146674915,-0.0014415217475955795,0.009853519465121452,0.6163498202922093,-0.1839140304046309,0.7656948011094797,0.9664794829137977,-0.10477279022151464,0.23439298525313573,-0.23302771398569547,0.02526175074054832,0.9721419281484176,-0.10777519947223067,-0.9941752895635261,0.0,37.39834805791245,-46.72759670975121,1.155807788895963,418.6860054936831,SLIDING
0.0047699762508273125,0.14309928752481937,-6.336396321708011,-3.7004940203976515,-9.465615797115477,-6.520340372550861,-3.538359156355141,-9.43879103416328,-7.078371016166841,-3.47794790196245,-10.389968471987853,-5.663350000200987,-3.9023659272121094,-8.627134145053487,-0.0009122253054579333,-0.0014322441398592317,0.009854771520228713,0.6152265286808061,-0.18452957619550414,0.7664497073627682,0.9664794829137977,-0.10477279022151464,0.23439298525313573,-0.23302771398569547,0.02526175074054832,0.9721419281484176,-0.10777519947223067,-0.9941752895635261,0.0,37.4779151155516,-46.67754072329115,1.1599932273007028,418.432170811295,SLIDING
0.004779976326972246,0.14339928980916739,-6.332205876761722,-3.6993734791529063,-9.464543494654807,-6.520340372550861,-3.538359156355141,-9.43879103416328,-7.072774504632784,-3.476099750610311,-10.389847790088165,-5.660435000295827,-3.90190540215111,-8.625198626201714,-0.0009133288023316764,-0.0014229668378519403,0.0098560131836957,0.6140606540595465,-0.18513289197426044,0.7672387669071532,0.9664794829137977,-0.10477279022151464,0.23439298525313573,-0.23302771398569547,0.02526175074054832,0.9721419281484176,-0.10777519947223067,-0.9941752895635261,0.0,37.56057464231198,-46.62915335109451,1.1641771443076525,418.23362435842375,SLIDING
0.0047899759374558926,0.14369927812367678,-6.328017219954776,-3.698201402242172,-9.463449548257502,-6.520340372550861,-3.538359156355141,-9.43879103416328,-7.067140898754573,-3.47420694947144,-10.389734473189868,-5.657557058887187,-3.9013870952330607,-8.62321514936355,-0.0009144466489748801,-0.0014136903065174672,0.009857244394019315,0.6128625390727768,-0.18573049815722656,0.7680518799244865,0.9664794829137977,-0.10477279022151464,0.23439298525313573,-0.23302771398569547,0.02526175074054832,0.9721419281484176,-0.10777519947223067,-0.9941752895635261,0.0,37.645529720878706,-46.58171537490481,1.1683590067660123,418.0780978282007,SLIDING
0.004799976013600826,0.1439992804080248,-6.32382868235712,-3.6969811405640725,-9.46234153516403,-6.520340372550861,-3.538359156355141,-9.43879103416328,-7.061457812196666,-3.472279267323558,-10.3896459213102,-5.654724228819075,-3.9008085356891464,-8.621182381524408,-0.0009155789455290354,-0.0014044137148386759,0.009858465261493502,0.6116232971206921,-0.18631707320242982,0.7688971912112139,0.9664794829137977,-0.10477279022151464,0.23439298525313573,-0.23302771398569547,0.02526175074054832,0.9721419281484176,-0.10777519947223067,-0.9941752895635261,0.0,37.73344488547962,-46.53581102003964,1.1725390026934228,417.89105497173193,SLIDING
0.00480997608974576,0.1442992826923728,-6.3196409792244905,-3.695712267572868,-9.461217883301886,-6.520340372550861,-3.538359156355141,-9.43879103416328,-7.055728633355993,-3.470315471756438,-10.389577910157003,-5.651934800536975,-3.900170027974474,-8.61910115644407,-0.0009167256362519585,-0.001395137527773668,0.009859675724202191,0.6103451447039209,-0.1868932853121895,0.7697725016143189,0.9664794829137977,-0.10477279022151464,0.23439298525313573,-0.23302771398569547,0.02526175074054832,0.9721419281484176,-0.10777519947223067,-0.9941752895635261,0.0,37.82414423093928,-46.491352189862475,1.176716764602272,417.6705033623416,SLIDING
0.004819975700229406,0.1445992710068822,-6.315453872138309,-3.6943954612713936,-9.460079628301772,-6.520340372550861,-3.538359156355141,-9.43879103416328,-7.049951293542901,-3.4683172363591304,-10.389532835172396,-5.649190195863854,-3.899471346994177,-8.616971276266334,-0.0009178866626657336,-0.0013858622102031048,0.009860875722207037,0.6090265642082816,-0.18745830897175939,0.7706789386548097,0.9664794829137977,-0.10477279022151464,0.23439298525313573,-0.23302771398569547,0.02526175074054832,0.9721419281484176,-0.10777519947223067,-0.9941752895635261,0.0,37.91773115425728,-46.44842505497921,1.1808923512108986,417.4493868347649,SLIDING
0.00482997577637434,0.1448992732912302,-6.311267361098575,-3.6930308427315834,-9.458926658404978,-6.520340372550861,-3.538359156355141,-9.43879103416328,-7.0441255539526795,-3.4662847516675463,-10.389510436979139,-5.6464906314198124,-3.8987125508093174,-8.614792763137478,-0.0009190621287773335,-0.001376586931218892,0.009862065363007773,0.6076673576229861,-0.1880120865833788,0.7716163799311563,0.9664794829137977,-0.10477279022151464,0.23439298525313573,-0.23302771398569547,0.02526175074054832,0.9721419281484176,-0.10777519947223067,-0.9941752895635261,0.0,38.01420880269154,-46.407029926640355,1.185065801399805,417.22852257678704,SLIDING
0.004839975852519274,0.1451992755755782,-6.307081684523868,-3.69161856469034,-9.457758958710345,-6.520340372550861,-3.538359156355141,-9.43879103416328,-7.0382514174052275,-3.4642183327989224,-10.389510559645645,-5.643836559335332,-3.8978936448613593,-8.61256573008524,-0.0009202519766807116,-0.0013673121557198596,0.009863244586252021,0.6062673295956067,-0.1885544835054073,0.7725847085045244,0.9664794829137977,-0.10477279022151464,0.23439298525313573,-0.23302771398569547,0.02526175074054832,0.9721419281484176,-0.10777519947223067,-0.9941752895635261,0.0,38.113580177630496,-46.36717363788836,1.1892369042377275,417.00845229792986,SLIDING
0.0048499759286642075,0.14549927785992622,-6.302896603995609,-3.690158795717049,-9.456576544119033,-6.520340372550861,-3.538359156355141,-9.43879103416328,-7.032328228313925,-3.4621183308488295,-10.389533210539609,-5.64122811960557,-3.8970146321499226,-8.610290198844401,-0.0009214562021485601,-0.0013580379166604605,0.009864413387749831,0.6048261342210237,-0.18908534839177965,0.7735839181283514,0.9664794829137977,-0.10477279022151464,0.23439298525313573,-0.23302771398569547,0.02526175074054832,0.9721419281484176,-0.10777519947223067,-0.9941752895635261,0.0,38.215858982621675,-46.328865034198635,1.1934059043200858,416.78935959345915,SLIDING
0.004859975539147854,0.14579926617443562,-6.298712238723087,-3.6886517109003547,-9.45537940718046,-6.520340372550861,-3.538359156355141,-9.43879103416328,-7.026355796746129,-3.4599851152514174,-10.389578277921299,-5.6386657118629095,-3.89607551147256,-8.60796625656522,-0.000922674743820489,-0.0013487646788146149,0.009865571709651823,0.6033435151666173,-0.189604520096149,0.7746139223287298,0.9664794829137977,-0.10477279022151464,0.23439298525313573,-0.23302771398569547,0.02526175074054832,0.9721419281484176,-0.10777519947223067,-0.9941752895635261,0.0,38.321052124904504,-46.292112264341114,1.1975727065244381,416.57131100017233,SLIDING
0.0048699756152927876,0.14609926845878363,-6.294528588706302,-3.6870974909168366,-9.45416756279579,-6.520340372550861,-3.538359156355141,-9.43879103416328,-7.020333635182338,-3.457819037282182,-10.389645790655951,-5.636149778337001,-3.8950763087553275,-8.605593905482028,-0.0009239077108569183,-0.0013394916114605625,0.00986671965572358,0.6018190681936251,-0.19011185716223716,0.7756747326843143,0.9664794829137977,-0.10477279022151464,0.23439298525313573,-0.23302771398569547,0.02526175074054832,0.9721419281484176,-0.10777519947223067,-0.9941752895635261,0.0,38.42917681274059,-46.25692199037587,1.2017373262880469,416.35443937910816,SLIDING
0.004879975691437721,0.14639927074313164,-6.290345653945255,-3.6854963201683644,-9.452941018415602,-6.520340372550861,-3.538359156355141,-9.43879103416328,-7.014261476031445,-3.4556204647203694,-10.389735586721212,-5.633680561760122,-3.8940170420582105,-8.603173306774547,-0.0009251550424688343,-0.001330219179395476,0.009867857167701314,0.6002525714223143,-0.19060720753819177,0.7767662086724628,0.9664794829137977,-0.10477279022151464,0.23439298525313573,-0.23302771398569547,0.02526175074054832,0.9721419281484176,-0.10777519947223067,-0.9941752895635261,0.0,38.54023676125956,-46.223299475314604,1.2058997811848453,416.13876100551255,SLIDING
0.004889975767582655,0.14669927302747965,-6.286007747107791,-3.683686759474564,-9.452327455652865,-6.520340372550861,-3.538359156355141,-9.43879103416328,-7.0090541486832185,-3.4532185601845424,-10.389647785036798,-5.630131307528983,-3.892744797322651,-8.602082825375096,-0.0009264167342235022,-0.0013209474155655612,0.009868984241543881,0.5995316700670588,-0.1910983639730907,0.7772021563746536,0.9664794829137977,-0.10477279022151464,0.23439298525313573,-0.23302771398569547,0.02526175074054832,0.9721419281484176,-0.10777519947223067,-0.9941752895635261,0.0,38.590151307371514,-46.18302315253656,1.2100465012266781,414.24248636186235,NONE
0.004899975378066301,0.14699926134198904,-6.281639799529361,-3.6818282461379352,-9.451833638621482,-6.520340372550861,-3.538359156355141,-9.43879103416328,-7.003927960006634,-3.450748142196171,-10.389587811306512,-5.6264511615504444,-3.8914413435831268,-8.601195468456039,-0.000927692721881703,-0.00131167678461135,0.009870100821494527,0.5989029558505172,-0.191605739733459,0.7775618881958578,0.9664794829137977,-0.10477279022151464,0.23439298525313573,-0.23302771398569547,0.02526175074054832,0.9721419281484176,-0.10777519947223067,-0.9941752895635261,0.0,38.633318878561695,-46.1405018395451,1.2141890585638873,414.25775110691615,NONE
0.004909975454211235,0.14729926362633705,-6.277275666648197,-3.6799640496381256,-9.451322715057048,-6.520340372550861,-3.538359156355141,-9.43879103416328,-6.998654463881081,-3.4482584699840246,-10.38962237127118,-5.62291191338721,-3.890144517009171,-8.600189735991185,-0.000928983119751173,-0.001302406456044633,0.009871207007578636,0.5981489349973358,-0.19212436827180257,0.7780141892521718,0.9664794829137977,-0.10477279022151464,0.23439298525313573,-0.23302771398569547,0.02526175074054832,0.9721419281484176,-0.10777519947223067,-0.9941752895635261,0.0,38.685451077035836,-46.0980507221484,1.2183313432849392,414.07906228124403,NONE
0.004919975530356169,0.14759926591068506,-6.27292810385828,-3.678075961338233,-9.450739155782374,-6.520340372550861,-3.538359156355141,-9.43879103416328,-6.993313072769582,-3.4456838070657794,-10.389632372709004,-5.619465853709253,-3.888879221541396,-8.599067756933302,-0.0009302878641629677,-0.0012931368945344765,0.009872302743624327,0.5973248778523169,-0.19269365846765946,0.778506354685088,0.9664794829137977,-0.10477279022151464,0.23439298525313573,-0.23302771398569547,0.02526175074054832,0.9721419281484176,-0.10777519947223067,-0.9941752895635261,0.0,38.742380043071385,-46.051504977480015,1.222472135443173,414.09440449542734,NONE
0.004929975140839815,0.14789925422519445,-6.268677339011478,-3.676247236761607,-9.449783454908045,-6.2777353662142605,-3.564659149148533,-9.379953870335289,-6.988355045741306,-3.4431964553011447,-10.38905573773573,-5.615856647413082,-3.8876479386422886,-8.597768204830329,-0.0009316068887211892,-0.0012838685646049195,0.009873387975446296,0.5967384340557497,-0.19323977536571474,0.7788206664806088,0.9682469746788666,-0.09781683853987055,0.23006447384002407,-0.22889936724695575,0.023124484799242513,0.9731753890623791,-0.10051306233104983,-0.9949357387795629,-3.469446951953615e-18,39.11590960929495,-45.67504569859057,1.2261548882554028,415.0268891678186,NONE
0.004939975216984749,0.14819925650954247,-6.26468823855524,-3.6746285894539836,-9.447844091130408,-6.2777353662142605,-3.564659149148533,-9.379953870335289,-6.984707087576057,-3.4410934106883633,-10.386734535711252,-5.611558096289895,-3.886468688832747,-8.59617520708022,-0.0009329403115864905,-0.0012746006359729608,0.009874462800263367,0.597021300559201,-0.19364142528016692,0.7785040559265354,0.9682469746788666,-0.09781683853987055,0.23006447384002407,-0.22889936724695575,0.023124484799242513,0.9731753890623791,-0.10051306233104983,-0.9949357387795629,-3.469446951953615e-18,39.09407822141498,-45.634789300910676,1.2303051704485881,415.04288388928103,NONE
0.0049499752931296825,0.14849925879389048,-6.260698780471134,-3.673009970377076,-9.445904906166705,-6.2777353662142605,-3.564659149148533,-9.379953870335289,-6.980887717989447,-3.438993633100251,-10.384545059662893,-5.607414350683012,-3.885286529339228,-8.594463061522431,-0.0009342880669325721,-0.0012653335731949878,0.009875527163474817,0.5971623336114937,-0.1940403896691204,0.7782965209306353,0.9682469746788666,-0.09781683853987055,0.23006447384002407,-0.22889936724695575,0.023124484799242513,0.9731753890623791,-0.10051306233104983,-0.9949357387795629,-3.469446951953615e-18,39.08246181770088,-45.59612597583789,1.2344557605365818,415.05887606743244,NONE
0.004959975369274616,0.1487992610782385,-6.256709322387027,-3.671391380171168,-9.443965914918097,-6.2777353662142605,-3.564659149148533,-9.379953870335289,-6.976897278970807,-3.4368974566802213,-10.382487623046933,-5.6034257824060445,-3.8841011582808425,-8.592631512238341,-0.000935650149971525,-0.0012560674091977072,0.009876581061298153,0.5971615202455487,-0.19443639200027005,0.7781983090472134,0.9682469746788666,-0.09781683853987055,0.23006447384002407,-0.22889936724695575,0.023124484799242513,0.9731753890623791,-0.10051306233104983,-0.9949357387795629,-3.469446951953615e-18,39.08106646998541,-45.55911148051189,1.2386063088816837,415.0748326432148,NONE
0.004969974979758263,0.14909924939274788,-6.252719506675052,-3.6697728193019215,-9.442027102483424,-6.2777353662142605,-3.564659149148533,-9.379953870335289,-6.972735498877762,-3.4348052209681685,-10.380562284720712,-5.599591955833555,-3.882912268548526,-8.59068047742035,-0.0009370264914347641,-0.0012468026083254312,0.009877624441646164,0.5970189317583511,-0.19482915112189442,0.7782094814349406,0.9682469746788666,-0.09781683853987055,0.23006447384002407,-0.22889936724695575,0.023124484799242513,0.9731753890623791,-0.10051306233104983,-0.9949357387795629,-3.469446951953615e-18,39.08988804506313,-45.52379676298668,1.242757165229774,415.0908247378159,NONE
0.004979975055903196,0.1493992516770959,-6.248675212317752,-3.668110381032217,-9.440309512687834,-6.2777353662142605,-3.564659149148533,-9.379953870335289,-6.968642152038139,-3.432701339362691,-10.37877170073883,-5.595592157054115,-3.881650264168972,-8.589029100757017,-0.0009384172146187155,-0.001237538340611699,0.009878657397987795,0.5969782586887062,-0.19519518469838312,0.7781489565138313,0.9682469746788666,-0.09781683853987055,0.23006447384002407,-0.22889936724695575,0.023124484799242513,0.9731753890623791,-0.10051306233104983,-0.9949357387795629,-3.469446951953615e-18,39.091478385665766,-45.48997691061123,1.2469055829427251,414.3544534845242,NONE
0.00498997513204813,0.1496992539614439,-6.244542703086185,-3.666376396234024,-9.438953469766291,-6.2777353662142605,-3.564659149148533,-9.379953870335289,-6.964768052251091,-3.430575372730354,-10.377118920700442,-5.591225244240627,-3.880271846661063,-8.587942228504554,-0.0009398222508240938,-0.0012282750704382492,0.009879679877819302,0.5971925252219409,-0.19552020605683013,0.777902909650386,0.9682469746788666,-0.09781683853987055,0.23006447384002407,-0.22889936724695575,0.023124484799242513,0.9731753890623791,-0.10051306233104983,-0.9949357387795629,-3.469446951953615e-18,39.07487906460561,-45.45744268427375,1.2510492368942359,414.37018818440197,NONE
0.004999975208193064,0.1499992562457919,-6.240410074645328,-3.6646424431007985,-9.437597605658683,-6.2777353662142605,-3.564659149148533,-9.379953870335289,-6.960722755897502,-3.4284544995234176,-10.375598664361474,-5.587013396736743,-3.878888869287892,-8.586735484828445,-0.000941241595058169,-0.0012190128307185142,0.009880691877508218,0.5972649387655474,-0.19584103033238012,0.7777665997969692,0.9682469746788666,-0.09781683853987055,0.23006447384002407,-0.22889936724695575,0.023124484799242513,0.9731753890623791,-0.10051306233104983,-0.9949357387795629,-3.469446951953615e-18,39.0685034421568,-45.42670035294699,1.2551929682284158,414.3858943029213,NONE
0.00500997481867671,0.1502992445603013,-6.236277207785892,-3.662908522563863,-9.436241920365008,-6.2777353662142605,-3.564659149148533,-9.379953870335289,-6.9565062561080895,-3.426339041602322,-10.374211050039357,-5.58295639342939,-3.877501041865511,-8.585408762402782,-0.0009426751751839321,-0.0012097520855907495,0.00988169334706797,0.5971955924689997,-0.19615739141877786,0.7777401250593806,0.9682469746788666,-0.09781683853987055,0.23006447384002407,-0.22889936724695575,0.023124484799242513,0.9731753890623791,-0.10051306233104983,-0.9949357387795629,-3.469446951953615e-18,39.07234783755263,-45.39779681100773,1.2593368924603947,414.40162593411577,NONE
0.005019974894821644,0.15059924684464931,-6.232144221717166,-3.6611746336918953,-9.434886421335849,-6.2777353662142605,-3.564659149148533,-9.379953870335289,-6.952118657833202,-3.4242293563614026,-10.372956161004353,-5.579054366462165,-3.8761080384248765,-8.583961999901996,-0.0009441231196264913,-0.0012004920054519137,0.009882684376212298,0.5969844745091466,-0.19646899220151048,0.777823548305373,0.9682469746788666,-0.09781683853987055,0.23006447384002407,-0.22889936724695575,0.023124484799242513,0.9731753890623791,-0.10051306233104983,-0.9949357387795629,-3.469446951953615e-18,39.086412084803605,-45.370778150703615,1.263480892360926,414.4173304765183,NONE
0.0050299749709665775,0.15089924912899733,-6.228010878020572,-3.6594407774162176,-9.433531101120623,-6.2777353662142605,-3.564659149148533,-9.379953870335289,-6.947559638577603,-3.422125761400613,-10.371833959448317,-5.5753071536825445,-3.8747095726467347,-8.582395217412905,-0.0009455853568173005,-0.0011912330544833628,0.009883664914537918,0.5966315151717648,-0.1967755701070093,0.778016844363222,0.9682469746788666,-0.09781683853987055,0.23006447384002407,-0.22889936724695575,0.023124484799242513,0.9731753890623791,-0.10051306233104983,-0.9949357387795629,-3.469446951953615e-18,39.11069591391507,-45.345682948795556,1.2676252005832929,414.4331041221697,NONE
0.005039974581450224,0.15119923744350672,-6.223877415114688,-3.657706956530798,-9.432175967169913,-6.2777353662142605,-3.564659149148533,-9.379953870335289,-6.942829393180015,-3.4200286891735066,-10.3708442707008,-5.571715033040462,-3.87330525758022,-8.580708587588335,-0.0009470618124710698,-0.0011819756966512664,0.00988463491363563,0.5961366783215448,-0.1970767688724841,0.7783198622228117,0.9682469746788666,-0.09781683853987055,0.23006447384002407,-0.22889936724695575,0.023124484799242513,0.9731753890623791,-0.10051306233104983,-0.9949357387795629,-3.469446951953615e-18,39.14519284779815,-45.32255323202563,1.2717695848386086,414.44885620747334,NONE
0.005049974657595158,0.15149923972785473,-6.219743832999515,-3.6559731673103455,-9.430821004582556,-6.2777353662142605,-3.564659149148533,-9.379953870335289,-6.937927755426809,-3.417938488547536,-10.369986823202888,-5.568278155308539,-3.871894769662654,-8.578902328341746,-0.000948552618851206,-0.0011727191026561234,0.009885594460401805,0.5954998261383785,-0.19737229613700785,0.778732389070062,0.9682469746788666,-0.09781683853987055,0.23006447384002407,-0.22889936724695575,0.023124484799242513,0.9731753890623791,-0.10051306233104983,-0.9949357387795629,-3.469446951953615e-18,39.18989938597645,-45.30142102538247,1.2759140481907068,414.46468038115887,NONE
0.005059974733740091,0.15179924201220274,-6.215548500472354,-3.6541906382542733,-9.42971504784933,-6.2777353662142605,-3.564659149148533,-9.379953870335289,-6.933123934048524,-3.4158340641371,-10.369264264385995,-5.564634783900789,-3.8704042323494035,-8.57744859080253,-0.0009500577022398242,-0.0011634637365111867,0.009886543506010275,0.5949952826729288,-0.19763920357056688,0.7790502928623759,0.9682469746788666,-0.09781683853987055,0.23006447384002407,-0.22889936724695575,0.023124484799242513,0.9731753890623791,-0.10051306233104983,-0.9949357387795629,-3.469446951953615e-18,39.22518301789151,-45.28163808138753,1.2800562462149507,414.09694389626395,NONE
0.005069974809885025,0.15209924429655075,-6.211327299529361,-3.652387649903882,-9.428714256061228,-6.2777353662142605,-3.564659149148533,-9.379953870335289,-6.928262100578731,-3.4137279528309414,-10.368675494426363,-5.560994701652032,-3.8688762072718395,-8.576074053416226,-0.000951577057290104,-0.0011542096311018702,0.009887482047088423,0.5944640864898696,-0.19789054540908596,0.7793919308739727,0.9682469746788666,-0.09781683853987055,0.23006447384002407,-0.22889936724695575,0.023124484799242513,0.9731753890623791,-0.10051306233104983,-0.9949357387795629,-3.469446951953615e-18,39.26241991881055,-45.26359688143063,1.2841972952733087,414.1125860388654,NONE
0.005079974420368671,0.15239923261106014,-6.207105860167789,-3.6505846988063935,-9.427713643087062,-6.2777353662142605,-3.564659149148533,-9.379953870335289,-6.9232289571309655,-3.4116298553263205,-10.36821849813293,-5.557509560244345,-3.867340983908343,-8.574580324962502,-0.0009531106068552735,-0.0011449572501425662,0.009888410037332982,0.5937910421246176,-0.19813527329653144,0.7798426839871421,0.9682469746788666,-0.09781683853987055,0.23006447384002407,-0.22889936724695575,0.023124484799242513,0.9731753890623791,-0.10051306233104983,-0.9949357387795629,-3.469446951953615e-18,39.30983803709513,-45.24763077728482,1.2883385376849628,414.128272739235,NONE
0.005089974496513605,0.15269923489540815,-6.202968105727481,-3.648850093747366,-9.426398406995448,-6.2777353662142605,-3.564659149148533,-9.379953870335289,-6.918496429215375,-3.409658861453603,-10.36729577773891,-5.553911325686128,-3.8658208074850724,-8.572909037312295,-0.0009546584883144484,-0.0011357057647796984,0.009889327559876288,0.5932978710996728,-0.19833128088324775,0.7801681480115722,0.9682469746788666,-0.09781683853987055,0.23006447384002407,-0.22889936724695575,0.023124484799242513,0.9731753890623791,-0.10051306233104983,-0.9949357387795629,-3.469446951953615e-18,39.344505906969395,-45.23438807115764,1.2924778214201567,413.51296018888786,IMPACT
0.005099974572658539,0.15299923717975616,-6.198910579139041,-3.647181638668168,-9.424803833736094,-6.2777353662142605,-3.564659149148533,-9.379953870335289,-6.914649799506273,-3.4078756234020604,-10.365511593392158,-5.549662494232556,-3.8642564722065704,-8.571486460545332,-0.0009562206250879926,-0.0011264556387794394,0.009890234567997433,0.5934727414233549,-0.1984264560019609,0.7800109273247072,0.9682469746788666,-0.09781683853987055,0.23006447384002407,-0.22889936724695575,0.023124484799242513,0.9731753890623791,-0.10051306233104983,-0.9949357387795629,-3.469446951953615e-18,39.33162970887705,-45.223750114096255,1.2966101609209133,413.082718082931,NONE
0.0051099746488034725,0.15329923946410418,-6.194825872832584,-3.6454913105469826,-9.423320750964793,-6.2777353662142605,-3.564659149148533,-9.379953870335289,-6.910751845048031,-3.4060912844884355,-10.363862466904123,-5.545408385053715,-3.862651421411561,-8.57015399627031,-0.0009577970116250665,-0.0011172069050088063,0.009891131058473722,0.5936275913018763,-0.19850440735788058,0.7798732481016575,0.9682469746788666,-0.09781683853987055,0.23006447384002407,-0.22889936724695575,0.023124484799242513,0.9731753890623791,-0.10051306233104983,-0.9949357387795629,-3.469446951953615e-18,39.320248617229396,-45.2149131891275,1.3007410275491225,413.0985771384566,NONE
0.005119974259287119,0.15359922777861357,-6.190740928107547,-3.64380101595341,-9.421837847007426,-6.2777353662142605,-3.564659149148533,-9.379953870335289,-6.906682865990821,-3.4043162986930553,-10.362345848765113,-5.541308957848237,-3.861037950329984,-8.568701674496012,-0.0009593875679220293,-0.001107960026903449,0.009892016987110713,0.5936408296272108,-0.19857463114649082,0.7798452931604782,0.9682469746788666,-0.09781683853987055,0.23006447384002407,-0.22889936724695575,0.023124484799242513,0.9731753890623791,-0.10051306233104983,-0.9949357387795629,-3.469446951953615e-18,39.31905001486855,-45.208237542457624,1.304872087166233,413.1144371611765,NONE
0.005129974335432053,0.15389923006296158,-6.186655864173221,-3.6421107623380307,-9.420355121863993,-6.2777353662142605,-3.564659149148533,-9.379953870335289,-6.902443034426379,-3.4025509567724446,-10.360961796329958,-5.5373642838556645,-3.8594158094251885,-8.567129443195785,-0.0009609924364661714,-0.0010987141761029135,0.009892892433271584,0.593512500248137,-0.19863689245771476,0.7799271100583358,0.9682469746788666,-0.09781683853987055,0.23006447384002407,-0.22889936724695575,0.023124484799242513,0.9731753890623791,-0.10051306233104983,-0.9949357387795629,-3.469446951953615e-18,39.3280319316941,-45.20374951576332,1.3090032250769994,413.13026710997156,NONE
0.005139974411576986,0.1541992323473096,-6.182570442611026,-3.640420542250264,-9.418872575534495,-6.2777353662142605,-3.564659149148533,-9.379953870335289,-6.898032096006462,-3.400795523883101,-10.35971026753284,-5.533574139107241,-3.8577847439643174,-8.565437340527595,-0.0009626115378198462,-0.0010894698161003989,0.009893757352343555,0.593242589956183,-0.1986909652527029,0.7801186639153235,0.9682469746788666,-0.09781683853987055,0.23006447384002407,-0.22889936724695575,0.023124484799242513,0.9731753890623791,-0.10051306233104983,-0.9949357387795629,-3.469446951953615e-18,39.347192405647846,-45.201469985825554,1.3131346714007002,413.14613459552396,NONE
0.005149974022060633,0.15449922066181898,-6.178434714728641,-3.638690349797595,-9.417594681752833,-6.2777353662142605,-3.564659149148533,-9.379953870335289,-6.89367046602954,-3.399030546029978,-10.358595259919856,-5.52964332734246,-3.8560861053988527,-8.564011692466075,-0.0009642447898406245,-0.0010802274101059464,0.0098946117017142,0.5930552776900347,-0.19871980842124992,0.7802537249799053,0.9682469746788666,-0.09781683853987055,0.23006447384002407,-0.22889936724695575,0.023124484799242513,0.9731753890623791,-0.10051306233104983,-0.9949357387795629,-3.469446951953615e-18,39.360517318860076,-45.200695482329685,1.3172638334156304,412.9006015374894,NONE
0.005159974098205566,0.154799222946167,-6.1742950529397005,-3.636957177112687,-9.416332583202037,-6.2777353662142605,-3.564659149148533,-9.379953870335289,-6.889154531707019,-3.3972744709989158,-10.357613208519513,-5.525844982914476,-3.854373707465359,-8.562495562738919,-0.0009658923388376486,-0.0010709861301589569,0.009895455557920086,0.5927432820837144,-0.19873879846367107,0.780485932948085,0.9682469746788666,-0.09781683853987055,0.23006447384002407,-0.22889936724695575,0.023124484799242513,0.9731753890623791,-0.10051306233104983,-0.9949357387795629,-3.469446951953615e-18,39.38280962018665,-45.2021057872176,1.3213928789853089,412.91637560955985,NONE
0.0051699741743505,0.155099225230515,-6.170155033522891,-3.635223915020812,-9.415071289313945,-6.2777353662142605,-3.564659149148533,-9.379953870335289,-6.884468179636338,-3.3955291243385615,-10.356763503469328,-5.522200542640399,-3.852651407303079,-8.560860916018992,-0.0009675541032330437,-0.0010617464395308407,0.009896288877930868,0.592290276954756,-0.19874881868022495,0.7808272119349285,0.9682469746788666,-0.09781683853987055,0.23006447384002407,-0.22889936724695575,0.023124484799242513,0.9731753890623791,-0.10051306233104983,-0.9949357387795629,-3.469446951953615e-18,39.415227707462506,-45.20577600152353,1.325522076957279,412.93114732038106,SLIDING
0.005179974250495434,0.15539922751486301,-6.166038259917545,-3.6335106912654522,-9.413733179939898,-6.2777353662142605,-3.564659149148533,-9.379953870335289,-6.880107455540855,-3.3938635644788526,-10.35562251955277,-5.518305056878481,-3.8508949475588428,-8.559343993856547,-0.0009692300771236962,-0.0010525083710511969,0.009897111658784674,0.5920879994184233,-0.19870929699130013,0.780990663346184,0.9682469746788666,-0.09781683853987055,0.23006447384002407,-0.22889936724695575,0.023124484799242513,0.9731753890623791,-0.10051306233104983,-0.9949357387795629,-3.469446951953615e-18,39.429854583413224,-45.21149869587733,1.3296483998437125,412.28745115171915,NONE
0.00518997386097908,0.1556992158293724,-6.161966547423648,-3.6318345639508847,-9.4122356579434,-6.2777353662142605,-3.564659149148533,-9.379953870335289,-6.876071886101652,-3.3922967369702905,-10.35412539900047,-5.51420055896725,-3.8491196742317184,-8.557846107709434,-0.0009709201755174695,-0.0010432723876054207,0.009897923859982668,0.5921179683193056,-0.19861866837453385,0.7809909962134934,0.9682469746788666,-0.09781683853987055,0.23006447384002407,-0.22889936724695575,0.023124484799242513,0.9731753890623791,-0.10051306233104983,-0.9949357387795629,-3.469446951953615e-18,39.42802968781609,-45.21961648101068,1.3337713962829767,412.3033245239873,NONE
0.005199973937124014,0.15599921811372042,-6.157883390837955,-3.630149451236117,-9.410784314645442,-6.2777353662142605,-3.564659149148533,-9.379953870335289,-6.871915022898651,-3.3907370652012014,-10.35276182362396,-5.510184261761021,-3.847320773853186,-8.556315150002632,-0.0009726245498174929,-0.001034037661808524,0.009898725554284605,0.592056852668535,-0.1985146559356454,0.7810637711397074,0.9682469746788666,-0.09781683853987055,0.23006447384002407,-0.22889936724695575,0.023124484799242513,0.9731753890623791,-0.10051306233104983,-0.9949357387795629,-3.469446951953615e-18,39.432775280998484,-45.229897891361745,1.3378939704280786,412.2441147656906,NONE
0.005209974013268948,0.15629922039806843,-6.153785333091068,-3.6284527789455536,-9.409392412079486,-6.2777353662142605,-3.564659149148533,-9.379953870335289,-6.867650803743388,-3.3891833712460495,-10.351532173442434,-5.506236929268673,-3.845494405707194,-8.554776068063425,-0.0009743431155962127,-0.0010248046566126122,0.00989951670077222,0.5919190758585717,-0.1983961019396282,0.7811983066865257,0.9682469746788666,-0.09781683853987055,0.23006447384002407,-0.22889936724695575,0.023124484799242513,0.9731753890623791,-0.10051306233104983,-0.9949357387795629,-3.469446951953615e-18,39.44306175028362,-45.24229942502915,1.3420161666555348,412.18258710585667,SLIDING
0.005219974089413881,0.15659922268241644,-6.149672731810855,-3.626744621585,-9.408059786332759,-6.2777353662142605,-3.564659149148533,-9.379953870335289,-6.86327931963451,-3.3876358103441913,-10.350436411569852,-5.502359160977828,-3.843640571066028,-8.553228582752915,-0.0009760758667474035,-0.001015573404823257,0.009900297296634669,0.5917044168072535,-0.19826293944427692,0.7813947081812771,0.9682469746788666,-0.09781683853987055,0.23006447384002407,-0.22889936724695575,0.023124484799242513,0.9731753890623791,-0.10051306233104983,-0.9949357387795629,-3.469446951953615e-18,39.45890317399743,-45.25682225147613,1.3461376836916692,412.14081174670525,SLIDING
0.005229973699897528,0.15689921099692583,-6.145546302253055,-3.6250258993011597,-9.406781996859225,-6.2777353662142605,-3.564659149148533,-9.379953870335289,-6.858801778096127,-3.386095639931064,-10.349469668852858,-5.498551225606868,-3.8417598841212914,-8.551668642315379,-0.000977822715435151,-0.0010063443689751425,0.009901067303487887,0.5914132836909819,-0.19811488877835975,0.7816526202336869,0.9682469746788666,-0.09781683853987055,0.23006447384002407,-0.22889936724695575,0.023124484799242513,0.9731753890623791,-0.10051306233104983,-0.9949357387795629,-3.469446951953615e-18,39.480268176494285,-45.27347875023354,1.3502589406100078,412.09677370394974,SLIDING
0.005239973776042461,0.15719921328127384,-6.141472801619815,-3.6233506846827153,-9.405314888132724,-6.2777353662142605,-3.564659149148533,-9.379953870335289,-6.854719285108945,-3.3846667268539323,-10.348071755865409,-5.494485881950932,-3.8398612490174857,-8.550138766033623,-0.0009795838181475734,-0.0009971167223058821,0.009901826790310904,0.5914058274600056,-0.1979106618102406,0.7817099955790375,0.9682469746788666,-0.09781683853987055,0.23006447384002407,-0.22889936724695575,0.023124484799242513,0.9731753890623791,-0.10051306233104983,-0.9949357387795629,-3.469446951953615e-18,39.4815294243817,-45.29250341325464,1.3543767606738708,411.75519655270557,NONE
0.005249973852187395,0.15749921556562185,-6.137391313964176,-3.621669394115794,-9.403881307018908,-6.2777353662142605,-3.564659149148533,-9.379953870335289,-6.850539774959634,-3.3832515241906322,-10.346779648024832,-5.490493310641474,-3.8379385897272544,-8.54857685430846,-0.000981359087612194,-0.0009878909274217257,0.009902575718300197,0.5913245497035474,-0.19769002849418343,0.7818273016158147,0.9682469746788666,-0.09781683853987055,0.23006447384002407,-0.22889936724695575,0.023124484799242513,0.9731753890623791,-0.10051306233104983,-0.9949357387795629,-3.469446951953615e-18,39.488133319356756,-45.31378073965249,1.3584940063053672,411.7120859314895,SLIDING
0.005259973928332329,0.15779921784996986,-6.133294090682315,-3.61997583616792,-9.402511040939006,-6.2777353662142605,-3.564659149148533,-9.379953870335289,-6.8462569715112975,-3.381842922892862,-10.3456217108854,-5.4865644273977905,-3.8359865471887686,-8.547013984338692,-0.0009831485175201787,-0.0009786670171026987,0.009903314084795653,0.5911706713536987,-0.19745374969387242,0.7820033593681338,0.9682469746788666,-0.09781683853987055,0.23006447384002407,-0.22889936724695575,0.023124484799242513,0.9731753890623791,-0.10051306233104983,-0.9949357387795629,-3.469446951953615e-18,39.49998886324616,-45.3372187410015,1.3626107214129615,411.65030900372994,SLIDING
0.005269973538815975,0.15809920616447926,-6.129188284331607,-3.6182759340506676,-9.40117606080881,-6.2777353662142605,-3.564659149148533,-9.379953870335289,-6.841898931612919,-3.380449720965806,-10.34455473091596,-5.482687422464015,-3.83400843688415,-8.545435900873967,-0.0009849520171967795,-0.0009694454535062416,0.009904041853530495,0.5909615257169144,-0.19719944170362783,0.7822255782791269,0.9682469746788666,-0.09781683853987055,0.23006447384002407,-0.22889936724695575,0.023124484799242513,0.9731753890623791,-0.10051306233104983,-0.9949357387795629,-3.469446951953615e-18,39.51586270543006,-45.36285679561368,1.3667270084409537,411.45764945399736,SLIDING
0.005279973614960909,0.15839920844882727,-6.1251123995125765,-3.6166006747287396,-9.39973730899206,-6.2777353662142605,-3.564659149148533,-9.379953870335289,-6.837761904930547,-3.3791322208360475,-10.34325228260133,-5.478666999517902,-3.8320086536801097,-8.54387350795275,-0.0009867697482062226,-0.0009602254105395813,0.009904759089699127,0.5909108284402806,-0.1969027968887227,0.7823385976732964,0.9682469746788666,-0.09781683853987055,0.23006447384002407,-0.22889936724695575,0.023124484799242513,0.9731753890623791,-0.10051306233104983,-0.9949357387795629,-3.469446951953615e-18,39.52055412298933,-45.390847712561694,1.3708406086952216,411.3329794623744,SLIDING
0.005289973691105843,0.15869921073317528,-6.121022686415958,-3.614914761076558,-9.398353736175212,-6.2777353662142605,-3.564659149148533,-9.379953870335289,-6.8335124812566646,-3.3778227653488484,-10.342083976975657,-5.474722160117564,-3.829981254280456,-8.54229466595456,-0.0009886016204356978,-0.0009510073504371008,0.00990546575661501,0.5907784004952609,-0.1965906473615685,0.7825170917483019,0.9682469746788666,-0.09781683853987055,0.23006447384002407,-0.22889936724695575,0.023124484799242513,0.9731753890623791,-0.10051306233104983,-0.9949357387795629,-3.469446951953615e-18,39.531149559054285,-45.421062224675445,1.374953861236948,411.29891020426544,SLIDING
0.005299973301589489,0.15899919904768467,-6.1169349998772615,-3.613231101225007,-9.396969015968951,-6.2777353662142605,-3.564659149148533,-9.379953870335289,-6.829272741453519,-3.3765472245220614,-10.340916458375819,-5.470772401315589,-3.8279273890696035,-8.540712921856084,-0.0009904475410845153,-0.0009417917350556816,0.00990616181960106,0.5906523217991001,-0.196252245455453,0.7826971897911893,0.9682469746788666,-0.09781683853987055,0.23006447384002407,-0.22889936724695575,0.023124484799242513,0.9731753890623791,-0.10051306233104983,-0.9949357387795629,-3.469446951953615e-18,39.541387245552826,-45.45362952752866,1.3790656360032898,411.03643418123454,SLIDING
0.005309973377734423,0.15929920133203268,-6.112852916175174,-3.6115526269775513,-9.395570005549105,-6.2777353662142605,-3.564659149148533,-9.379953870335289,-6.825056712701295,-3.3753104820261317,-10.33972915037274,-5.466811819362754,-3.825848219309649,-8.539121875866934,-0.0009923076755144155,-0.0009325777388355437,0.009906847341012968,0.5905412579732786,-0.19588597273196406,0.7828727280460024,0.9682469746788666,-0.09781683853987055,0.23006447384002407,-0.22889936724695575,0.023124484799242513,0.9731753890623791,-0.10051306233104983,-0.9949357387795629,-3.469446951953615e-18,39.55065428614912,-45.488614830037314,1.3831757807499034,410.9959337435144,SLIDING
0.005319973453879356,0.1595992036163807,-6.1087703556359285,-3.6098745029073838,-9.394178222192439,-6.2777353662142605,-3.564659149148533,-9.379953870335289,-6.820834574787469,-3.374104336733728,-10.338560595036256,-5.462855869662434,-3.8237419626056117,-8.53752760204939,-0.0009941819314865563,-0.0009233658237143739,0.009907522285753237,0.5904255239674067,-0.1954946199442974,0.7830578230377677,0.9682469746788666,-0.09781683853987055,0.23006447384002407,-0.22889936724695575,0.023124484799242513,0.9731753890623791,-0.10051306233104983,-0.9949357387795629,-3.469446951953615e-18,39.560349213974014,-45.52594789719837,1.387284758755401,410.8098461492195,SLIDING
0.00532997353002429,0.1598992059007287,-6.104688748770999,-3.6081977795463684,-9.392788674009951,-6.2777353662142605,-3.564659149148533,-9.379953870335289,-6.816606988319267,-3.3729302155810625,-10.337406418463173,-5.458906681107364,-3.8216093280524257,-8.535924547938627,-0.0009960703023418848,-0.0009141560224233499,0.009908186651423312,0.5903044813964793,-0.19507787498754925,0.7832529871845852,0.9682469746788666,-0.09781683853987055,0.23006447384002407,-0.22889936724695575,0.023124484799242513,0.9731753890623791,-0.10051306233104983,-0.9949357387795629,-3.469446951953615e-18,39.57051950375376,-45.56566035063565,1.3913924361473953,410.66004124748355,SLIDING
0.0053399731405079365,0.1601991942152381,-6.100610122138309,-3.6065242301326874,-9.391393850816401,-6.2777353662142605,-3.564659149148533,-9.379953870335289,-6.812396845000225,-3.371792258916899,-10.336243919577688,-5.454947353451615,-3.819449941678831,-8.534318983028268,-0.0009979726924498674,-0.0009049487963967038,0.009908840405466673,0.5901954311080914,-0.19463377511388333,0.7834456245867053,0.9682469746788666,-0.09781683853987055,0.23006447384002407,-0.22889936724695575,0.023124484799242513,0.9731753890623791,-0.10051306233104983,-0.9949357387795629,-3.469446951953615e-18,39.57993634955577,-45.60776739355652,1.39549875199668,410.5500156303986,SLIDING
0.00534997321665287,0.1604991964995861,-6.096532687598514,-3.6048523794513825,-9.389999847186717,-6.2777353662142605,-3.564659149148533,-9.379953870335289,-6.808189174950552,-3.370687461659948,-10.335088692151597,-5.450988055731724,-3.817263716013838,-8.53270838515798,-0.0009998892722320701,-0.0008957433208258684,0.009909483606448216,0.5900874431386214,-0.19416358884951768,0.7836436117363554,0.9682469746788666,-0.09781683853987055,0.23006447384002407,-0.22889936724695575,0.023124484799242513,0.9731753890623791,-0.10051306233104983,-0.9949357387795629,-3.469446951953615e-18,39.58937760453656,-45.652253581162974,1.3996038912177262,410.46778080122226,SLIDING
0.005359973292797804,0.16079919878393412,-6.092456564360904,-3.603182346711743,-9.388605620039614,-6.2777353662142605,-3.564659149148533,-9.379953870335289,-6.803982085729271,-3.369615669031255,-10.333941078546454,-5.447030731927856,-3.8150510188018694,-8.531090454509277,-0.0010018199466188555,-0.0008865400572309227,0.009910116221390762,0.5899788494788764,-0.19366754337852812,0.7838480974074682,0.9682469746788666,-0.09781683853987055,0.23006447384002407,-0.22889936724695575,0.023124484799242513,0.9731753890623791,-0.10051306233104983,-0.9949357387795629,-3.469446951953615e-18,39.598962674004184,-45.69911095401777,1.403707990023122,410.3839335997317,SLIDING
0.005369973368942738,0.16109920106828213,-6.088381037169742,-3.6015138785940293,-9.387211690915736,-6.2777353662142605,-3.564659149148533,-9.379953870335289,-6.799775855556613,-3.3685763129082886,-10.332800709705758,-5.443073765600782,-3.812811882281253,-8.529466520484759,-0.0010037647087495659,-0.000877339038312175,0.009910738248046985,0.5898704738938396,-0.1931458997273759,0.7840583431395651,0.9682469746788666,-0.09781683853987055,0.23006447384002407,-0.22889936724695575,0.023124484799242513,0.9731753890623791,-0.10051306233104983,-0.9949357387795629,-3.469446951953615e-18,39.60863276364393,-45.74830501984465,1.4078115961901627,410.3275249318783,SLIDING
0.005379972979426384,0.16139918938279152,-6.084306225234317,-3.5998469452959183,-9.38581816412321,-6.2777353662142605,-3.564659149148533,-9.379953870335289,-6.795570795139969,-3.3675694476055757,-10.33166749951189,-5.439117102251584,-3.810546200347151,-8.527836860128026,-0.0010057234601692766,-0.0008681407250542394,0.009911349655983049,0.5897624751688634,-0.19259858814851077,0.7842741910364618,0.9682469746788666,-0.09781683853987055,0.23006447384002407,-0.22889936724695575,0.023124484799242513,0.9731753890623791,-0.10051306233104983,-0.9949357387795629,-3.469446951953615e-18,39.618377884611384,-45.79983810606722,1.4119145673820501,410.272143331194,SLIDING
0.005389973055571318,0.16169919166713953,-6.08023200934534,-3.5981815468174103,-9.384425009859713,-6.2777353662142605,-3.564659149148533,-9.379953870335289,-6.791366473372568,-3.366595215501266,-10.330541617266963,-5.435160905593631,-3.808253843848137,-8.526201263028835,-0.0010076963763498421,-0.0008589442934475321,0.00991195049996946,0.5896545946864941,-0.19202549058559587,0.7844958061904906,0.9682469746788666,-0.09781683853987055,0.23006447384002407,-0.22889936724695575,0.023124484799242513,0.9731753890623791,-0.10051306233104983,-0.9949357387795629,-3.469446951953615e-18,39.62821811098557,-45.85372073485224,1.4160170258792721,410.2144544761752,SLIDING
0.005399973131716251,0.16199919395148754,-6.0761585087121,-3.596517705510247,-9.383032213224086,-6.2777353662142605,-3.564659149148533,-9.379953870335289,-6.787162815393109,-3.365653758186722,-10.32942314898944,-5.431205470877927,-3.8059347269735198,-8.52455962274168,-0.0010096833593959316,-0.0008497502045677316,0.00991254074915119,0.5895466715283401,-0.19142650816817297,0.7847232722816345,0.9682469746788666,-0.09781683853987055,0.23006447384002407,-0.22889936724695575,0.023124484799242513,0.9731753890623791,-0.10051306233104983,-0.9949357387795629,-3.469446951953615e-18,39.63816651725048,-45.9099606147197,1.4201188618724014,410.1556275486316,SLIDING
0.005409972742199898,0.16229918226599693,-6.072085723334598,-3.594855413923848,-9.381639789117488,-6.2777353662142605,-3.564659149148533,-9.379953870335289,-6.782959733389855,-3.3647452309980674,-10.32831213746901,-5.4272508777586275,-3.8035886946086634,-8.522911928870007,-0.0010116843087380543,-0.0008405589190458642,0.009913120374687579,0.5894386328831422,-0.19080150591765038,0.7849566124343493,0.9682469746788666,-0.09781683853987055,0.23006447384002407,-0.22889936724695575,0.023124484799242513,0.9731753890623791,-0.10051306233104983,-0.9949357387795629,-3.469446951953615e-18,39.648230074043646,-45.96856786564796,1.4242200712044184,410.0961235711398,SLIDING
0.0054199728183448315,0.16259918455034494,-6.068013653212833,-3.5931946795087937,-9.38024773753992,-6.2777353662142605,-3.564659149148533,-9.379953870335289,-6.778757085850096,-3.3638697601949947,-10.327208636382256,-5.423297254602114,-3.8012156464322304,-8.521258132723709,-0.0010136994036257032,-0.0008313696135009002,0.00991368942850374,0.5893303614121657,-0.19015038532053724,0.7851958711558904,0.9682469746788666,-0.09781683853987055,0.23006447384002407,-0.22889936724695575,0.023124484799242513,0.9731753890623791,-0.10051306233104983,-0.9949357387795629,-3.469446951953615e-18,39.65841885400214,-46.02954951424014,1.4283206546041143,410.0358898019526,SLIDING
0.005429972894489765,0.16289918683469296,-6.063942179137515,-3.5915355097156647,-9.37885604359022,-6.2777353662142605,-3.564659149148533,-9.379953870335289,-6.774554710402646,-3.363027523904087,-10.326112619403165,-5.419344521351318,-3.798815435074353,-8.51959822976512,-0.0010157285440483108,-0.0008221827486587228,0.009914247881337634,0.5892218213266643,-0.18947300485663737,0.7854410389730635,0.9682469746788666,-0.09781683853987055,0.23006447384002407,-0.22889936724695575,0.023124484799242513,0.9731753890623791,-0.10051306233104983,-0.9949357387795629,-3.469446951953615e-18,39.66873732526411,-46.092915713595886,1.4324207316525435,409.9748136600891,SLIDING
0.005439972970634699,0.16319918911904097,-6.059871420317935,-3.5898779194456223,-9.377464737070712,-6.2777353662142605,-3.564659149148533,-9.379953870335289,-6.770352570826239,-3.3622186395942477,-10.325024168801258,-5.415392938206812,-3.796387982396843,-8.51793220220349,-0.001017771722796745,-0.0008129983571613969,0.009914795731204544,0.589112883747577,-0.18876927947938932,0.7856921593903341,0.9682469746788666,-0.09781683853987055,0.23006447384002407,-0.22889936724695575,0.023124484799242513,0.9731753890623791,-0.10051306233104983,-0.9949357387795629,-3.469446951953615e-18,39.67919644998436,-46.158672094665995,1.4365201815268005,409.91301386513237,SLIDING
0.005449972581118345,0.16349917743355036,-6.055801495963382,-3.5882218937975052,-9.376073803080233,-6.2777353662142605,-3.564659149148533,-9.379953870335289,-6.766150676028016,-3.3614432402845282,-10.323943295301556,-5.411442724433121,-3.793933139319901,-8.516260011892115,-0.0010198288364870276,-0.0008038168991445354,0.009915332951389131,0.5890034572151721,-0.18803908653711854,0.7859492536562785,0.9682469746788666,-0.09781683853987055,0.23006447384002407,-0.22889936724695575,0.023124484799242513,0.9731753890623791,-0.10051306233104983,-0.9949357387795629,-3.469446951953615e-18,39.689804718365956,-46.226827291754084,1.440618890773493,409.85044585931433,SLIDING
0.005459972657263279,0.16379917971789837,-6.051732167655277,-3.5865674551230553,-9.374683271421107,-6.2777353662142605,-3.564659149148533,-9.379953870335289,-6.761948674251513,-3.3607014912275304,-10.322870051387664,-5.40749374442063,-3.7914507985696915,-8.51458166805909,-0.0010219000694011578,-0.0007946375521076894,0.009915859590017027,0.588893447752558,-0.18728230754006997,0.7862123405776407,0.9682469746788666,-0.09781683853987055,0.23006447384002407,-0.22889936724695575,0.023124484799242513,0.9731753890623791,-0.10051306233104983,-0.9949357387795629,-3.469446951953615e-18,39.70057084419926,-46.297389438219966,1.4447170855706144,409.78713067761066,SLIDING
0.005469972733408213,0.16409918200224638,-6.0476635546029085,-3.5849146034222725,-9.373293127192172,-6.2777353662142605,-3.564659149148533,-9.379953870335289,-6.757746565823211,-3.3599934943485605,-10.321804435222246,-5.403546225217393,-3.788940867689621,-8.512897143953042,-0.0010239853187128272,-0.0007854607762869568,0.009916375619951442,0.5887827567851389,-0.18649885797437404,0.7864814309866103,0.9682469746788666,-0.09781683853987055,0.23006447384002407,-0.22889936724695575,0.023124484799242513,0.9731753890623791,-0.10051306233104983,-0.9949357387795629,-3.469446951953615e-18,39.71150379760984,-46.37036343762817,1.448814653922355,409.72310690752334,SLIDING
0.005479972809553146,0.1643991842865944,-6.043595776015567,-3.583263338695157,-9.371903370393428,-6.2777353662142605,-3.564659149148533,-9.379953870335289,-6.7535442848626905,-3.359319373118154,-10.320746510569377,-5.399600453927845,-3.786403234679387,-8.511206381733484,-0.0010260845770125068,-0.0007762866042881037,0.009916881039359088,0.5886712308412373,-0.18568863546140577,0.7867565777547361,0.9682469746788666,-0.09781683853987055,0.23006447384002407,-0.22889936724695575,0.023124484799242513,0.9731753890623791,-0.10051306233104983,-0.9949357387795629,-3.469446951953615e-18,39.72261659387496,-46.445756133975394,1.4529114804046817,409.65839909453337,SLIDING
0.005489972420036793,0.16469917260110378,-6.039528593474674,-3.5816136609417084,-9.370514030827197,-6.2777353662142605,-3.564659149148533,-9.379953870335289,-6.749341458419082,-3.3586792668106704,-10.319696332739955,-5.3956563141678435,-3.7838377732030164,-8.509509388063872,-0.0010281977381077952,-0.0007671154957255327,0.009917375823651852,0.5885587583701039,-0.18485152451841147,0.7870378020330795,0.9682469746788666,-0.09781683853987055,0.23006447384002407,-0.22889936724695575,0.023124484799242513,0.9731753890623791,-0.10051306233104983,-0.9949357387795629,-3.469446951953615e-18,39.7339193650278,-46.52357506750161,1.4570077890092055,409.59300425350756,SLIDING
0.0054999724961817265,0.1649991748854518,-6.035462245398807,-3.5799655850630883,-9.369125093592318,-6.2777353662142605,-3.564659149148533,-9.379953870335289,-6.745138242769306,-3.358073312944985,-10.318653865100595,-5.391714118866783,-3.7812443869349646,-8.507806167756378,-0.001030324991302501,-0.0007579466290262026,0.009917860017153042,0.5884452712619662,-0.18398742347390418,0.787325085801834,0.9682469746788666,-0.09781683853987055,0.23006447384002407,-0.22889936724695575,0.023124484799242513,0.9731753890623791,-0.10051306233104983,-0.9949357387795629,-3.469446951953615e-18,39.74541914862014,-46.603826009966994,1.461103353773673,409.52695245837106,SLIDING
0.00550997257232666,0.1652991771697998,-6.0313966125786775,-3.5783191110592965,-9.367736558688792,-6.2777353662142605,-3.564659149148533,-9.379953870335289,-6.740934314414313,-3.3575016125881225,-10.317619168085503,-5.387773934126914,-3.778622984197187,-8.506096665991045,-0.0010324662309606034,-0.0007487804639099192,0.009918333594852549,0.5883306001249562,-0.18309624852568,0.7876184791715033,0.9682469746788666,-0.09781683853987055,0.23006447384002407,-0.22889936724695575,0.023124484799242513,0.9731753890623791,-0.10051306233104983,-0.9949357387795629,-3.469446951953615e-18,39.75713019793227,-46.6865137258469,1.4651982901221174,409.46022618465344,SLIDING
0.0055199721828103065,0.1655991654843092,-6.027331814223575,-3.5766742463809136,-9.366348441017779,-6.2777353662142605,-3.564659149148533,-9.379953870335289,-6.736729695811967,-3.3569643003440612,-10.316592238578147,-5.383835966920881,-3.775973457099232,-8.50438091401291,-0.0010346213487876493,-0.0007396174595826907,0.009918796533758174,0.5882146647352547,-0.1821778942413786,0.7879179672022774,0.9682469746788666,-0.09781683853987055,0.23006447384002407,-0.22889936724695575,0.023124484799242513,0.9731753890623791,-0.10051306233104983,-0.9949357387795629,-3.469446951953615e-18,39.76906054660259,-46.77164409977295,1.4692924799310703,409.39287303074997,SLIDING
0.00552997225895524,0.1658991677686572,-6.02326773112421,-3.575030983577359,-9.36496074057928,-6.03524778108456,-3.589156379279742,-9.32233656798936,-6.732523993612819,-3.3564614380053093,-10.315573173414387,-5.379900346712334,-3.773295735380013,-8.502658823982024,-0.0010367905378434175,-0.0007304567951973506,0.009919248875342264,0.5880972377828199,-0.1812323032063928,0.7882236301879838,0.9592999088017561,-0.1305659875178134,0.2503921082551137,-0.24810462089913868,0.0337684018712058,0.9681445099382424,-0.13486208533697328,-0.9908643791854479,6.938893903907228e-18,38.26180321888995,-48.460398921178445,1.4729744001556586,403.1305951115457,SLIDING
0.005539972335100174,0.16619917005300522,-6.019204363280582,-3.5733893300992134,-9.363573457373294,-6.03524778108456,-3.589156379279742,-9.32233656798936,-6.728317153574109,-3.3559931818031488,-10.314561919416725,-5.3759671227049575,-3.7705896915309207,-8.500930444135774,-0.0010389736903885932,-0.0007212989300691186,0.009919690596190899,0.587978274290935,-0.180259352055553,0.7885354240351962,0.9592999088017561,-0.1305659875178134,0.2503921082551137,-0.24810462089913868,0.0337684018712058,0.9681445099382424,-0.13486208533697328,-0.9908643791854479,6.938893903907228e-18,38.27688994041119,-48.55238146205501,1.4759808173746602,403.0671524573253,SLIDING
0.005549972411245108,0.16649917233735323,-6.015141829901981,-3.5717492933970574,-9.362186606300982,-6.03524778108456,-3.589156379279742,-9.32233656798936,-6.724109001900139,-3.3555596232507487,-10.31355859723961,-5.372036679893291,-3.7678552567492396,-8.499195693446357,-0.0010411707986671002,-0.0007121438967371877,0.009920121694733754,0.5878575313073257,-0.17925897108630034,0.7888534364318491,0.9592999088017561,-0.1305659875178134,0.2503921082551137,-0.24810462089913868,0.0337684018712058,0.9681445099382424,-0.13486208533697328,-0.9908643791854479,6.938893903907228e-18,38.292316639614015,-48.64687008514997,1.4800111288265043,403.0031193672566,SLIDING
0.005559972021728754,0.16679916065186262,-6.011080011779117,-3.570110873470891,-9.360800187362345,-6.03524778108456,-3.589156379279742,-9.32233656798936,-6.719899354304413,-3.3551608640544055,-10.312563142464835,-5.368108958099673,-3.765092338777041,-8.497454630347624,-0.0010433817515862023,-0.0007029921538405399,0.009920542150108458,0.5877349548716263,-0.1782310759663634,0.7891776139640049,0.9592999088017561,-0.1305659875178134,0.2503921082551137,-0.24810462089913868,0.0337684018712058,0.9681445099382424,-0.13486208533697328,-0.9908643791854479,6.938893903907228e-18,38.30809000830733,-48.74386679128449,1.4840408570266792,402.9385543923594,SLIDING
0.005569972097873688,0.16709916293621063,-6.00701902812128,-3.568474070320714,-9.359414200557383,-6.03524778108456,-3.589156379279742,-9.32233656798936,-6.715688081511832,-3.3547969909916353,-10.311575619712507,-5.364184301933942,-3.7623008588983136,-8.495707196222584,-0.0010456067472087059,-0.0006938428815409761,0.00992095199998063,0.5876103389469091,-0.17717559474203404,0.7895080102130095,0.9592999088017561,-0.1305659875178134,0.2503921082551137,-0.24810462089913868,0.0337684018712058,0.9681445099382424,-0.13486208533697328,-0.9908643791854479,6.938893903907228e-18,38.32422757595582,-48.84337248117831,1.488069887617721,402.87342427256607,SLIDING
0.0055799721740186214,0.16739916522055864,-6.00295887892847,-3.566838891397107,-9.358028660787257,-6.03524778108456,-3.589156379279742,-9.32233656798936,-6.71147492387692,-3.354468121574906,-10.310596117594017,-5.360262946920887,-3.759480724726341,-8.49395333910974,-0.0010478456749962385,-0.0006846965385919496,0.009921351223065571,0.5874834682417533,-0.17609243615279796,0.7898446862975113,0.9592999088017561,-0.1305659875178134,0.2503921082551137,-0.24810462089913868,0.0337684018712058,0.9681445099382424,-0.13486208533697328,-0.9908643791854479,6.938893903907228e-18,38.340747717195,-48.945389605076215,1.4920982178412885,402.8077893872979,SLIDING
0.005589972250163555,0.16769916750490665,-5.998899444991397,-3.5652053367000702,-9.356643553150805,-6.03524778108456,-3.589156379279742,-9.32233656798936,-6.707259735272421,-3.354174333325156,-10.309624510126927,-5.356344798268544,-3.7566318659417672,-8.492193144869917,-0.0010500985269934295,-0.0006755531574914306,0.009921739817944792,0.5873543204364686,-0.17498153592026594,0.7901875501117431,0.9592999088017561,-0.1305659875178134,0.2503921082551137,-0.24810462089913868,0.0337684018712058,0.9681445099382424,-0.13486208533697328,-0.9908643791854479,6.938893903907228e-18,38.35765489614205,-49.04991754135828,1.4961259657859785,402.7416457519971,SLIDING
0.0055999718606472015,0.16799915581941605,-5.994840845519351,-3.5635734062296036,-9.35525889254919,-6.03524778108456,-3.589156379279742,-9.32233656798936,-6.703042242084891,-3.353915689036595,-10.308660965714337,-5.352430331516274,-3.7537542255838736,-8.490426489162449,-0.0010523651893158152,-0.0006664131962853989,0.00992211776588644,0.5872225698124421,-0.17384284197707772,0.7905367289356038,0.9592999088017561,-0.1305659875178134,0.2503921082551137,-0.24810462089913868,0.0337684018712058,0.9681445099382424,-0.13486208533697328,-0.9908643791854479,6.938893903907228e-18,38.37497520544747,-49.15695468835467,1.5001530133631942,402.67502646285413,SLIDING
0.005609971936792135,0.16829915810376406,-5.990782961303043,-3.561943099985707,-9.35387469388357,-6.03524778108456,-3.589156379279742,-9.32233656798936,-6.698822218050692,-3.3536923095335425,-10.307705448667589,-5.348519524563941,-3.7508476940527444,-8.48865343277859,-0.0010546458650181215,-0.0006572758361912874,0.009922485100747547,0.5870881276029352,-0.17267625413878346,0.790892180821304,0.9592999088017561,-0.1305659875178134,0.2503921082551137,-0.24810462089913868,0.0337684018712058,0.9681445099382424,-0.13486208533697328,-0.9908643791854479,6.938893903907228e-18,38.39271820548774,-49.26650336889477,1.5041794711992633,402.60792952759,SLIDING
0.005619972012937069,0.16859916038811207,-5.986726030761051,-3.5603144254189614,-9.352490927351626,-6.03524778108456,-3.589156379279742,-9.32233656798936,-6.694599618490441,-3.353504236926739,-10.306757986052961,-5.344612872628699,-3.7479122473586797,-8.48687389433043,-0.001056940440769055,-0.0006481415353744454,0.009922841803373566,0.5869507590703228,-0.17148174366606114,0.7912539529228395,0.9592999088017561,-0.1305659875178134,0.2503921082551137,-0.24810462089913868,0.0337684018712058,0.9681445099382424,-0.13486208533697328,-0.9908643791854479,6.938893903907228e-18,38.410903426102315,-49.37855909102152,1.5082051190143257,402.54037824487807,SLIDING
0.005629971623420715,0.16889914870262146,-5.982669815474796,-3.5586873825293663,-9.35110763765684,-6.03524778108456,-3.589156379279742,-9.32233656798936,-6.69037407547328,-3.3533515774548386,-10.305818576698579,-5.340710254772743,-3.744947789132442,-8.485087960135058,-0.0010592488005953258,-0.0006390107514195268,0.009923187856630884,0.5868103568263205,-0.1702592224685231,0.7916220072015308,0.9592999088017561,-0.1305659875178134,0.2503921082551137,-0.24810462089913868,0.0337684018712058,0.9681445099382424,-0.13486208533697328,-0.9908643791854479,6.938893903907228e-18,38.42954177280448,-49.49312253565656,1.5122301743299023,402.472382248358,SLIDING
0.005639971699565649,0.16919915098696947,-5.978614434653568,-3.557061971316922,-9.34972479499689,-6.03524778108456,-3.589156379279742,-9.32233656798936,-6.686145346062052,-3.353234367829649,-10.304887297951062,-5.336812118708929,-3.7419542860726964,-8.483295503195189,-0.001061571151284349,-0.0006298826663649457,0.009923523291521224,0.5866666205883143,-0.16900866010567286,0.7919964325025537,0.9592999088017561,-0.1305659875178134,0.2503921082551137,-0.24810462089913868,0.0337684018712058,0.9681445099382424,-0.13486208533697328,-0.9908643791854479,6.938893903907228e-18,38.44865754963381,-49.61018881331727,1.516254530250798,402.4039902915325,SLIDING
0.005649971775710583,0.16949915327131748,-5.974559769088077,-3.5554381917816285,-9.348342414272937,-6.03524778108456,-3.589156379279742,-9.32233656798936,-6.681913112432768,-3.353152704028708,-10.303964158843044,-5.332918525391651,-3.73893165111808,-8.481496543735334,-0.0010639073774144922,-0.0006207577379187221,0.009923848090488612,0.5865193856700505,-0.16772997699537906,0.7923772239598739,0.9592999088017561,-0.1305659875178134,0.2503921082551137,-0.24810462089913868,0.0337684018712058,0.9681445099382424,-0.13486208533697328,-0.9908643791854479,6.938893903907228e-18,38.46826577710099,-49.72975722952722,1.5202782974033386,402.33517309889174,SLIDING
0.0056599718518555164,0.1697991555556655,-5.970506057196903,-3.5538160439234856,-9.346960510386142,-6.03524778108456,-3.589156379279742,-9.32233656798936,-6.677677403355686,-3.353106636527279,-10.303049162419102,-5.329029903411783,-3.735879838482408,-8.479691107411782,-0.001066257470685906,-0.0006116359985026622,0.009924162252378157,0.5863684782364798,-0.16642313128483893,0.7927643717423132,0.9592999088017561,-0.1305659875178134,0.2503921082551137,-0.24810462089913868,0.0337684018712058,0.9681445099382424,-0.13486208533697328,-0.9908643791854479,6.938893903907228e-18,38.4883819034437,-49.85182327177841,1.5243012433414727,402.2659655950276,SLIDING
0.005669971462339163,0.17009914387017488,-5.966453179770755,-3.552195535193074,-9.345579083336505,-6.03524778108456,-3.589156379279742,-9.32233656798936,-6.673437829605072,-3.3530962008339835,-10.302142332446557,-5.325146378492345,-3.7327988301647714,-8.477879172665157,-0.0010686213123445249,-0.0006025179050624571,0.009924465762189132,0.5862136743968378,-0.16508809970903826,0.7931578955571311,0.9592999088017561,-0.1305659875178134,0.2503921082551137,-0.24810462089913868,0.0337684018712058,0.9681445099382424,-0.13486208533697328,-0.9908643791854479,6.938893903907228e-18,38.509024848113285,-49.976380386689655,1.5283234833954538,402.1964243386808,SLIDING
0.0056799715384840965,0.1703991461545229,-5.962401017600345,-3.5505766581398133,-9.344198118222865,-6.03524778108456,-3.589156379279742,-9.32233656798936,-6.669193982930517,-3.353121483895377,-10.301243701210137,-5.321268093613664,-3.7296885330868106,-8.476060681791912,-0.0010709991141495156,-0.0005934026407739482,0.009924758647111141,0.5860547344855884,-0.1637248039962755,0.793557834529663,0.9592999088017561,-0.1305659875178134,0.2503921082551137,-0.24810462089913868,0.0337684018712058,0.9681445099382424,-0.13486208533697328,-0.9908643791854479,6.938893903907228e-18,38.53021508413207,-50.10342680684802,1.53234513468108,402.126514077505,SLIDING
0.00568997161462903,0.1706991484388709,-5.958349809104251,-3.548959420214284,-9.342817629946383,-6.03524778108456,-3.589156379279742,-9.32233656798936,-6.664945871597698,-3.353182493705863,-10.300353263281893,-5.317395495966352,-3.726548954205803,-8.47423566813377,-0.0010733907578973877,-0.000584290662711324,0.00992504089172037,0.585891467665803,-0.16233324369562613,0.7939641718035316,0.9592999088017561,-0.1305659875178134,0.2503921082551137,-0.24810462089913868,0.0337684018712058,0.9681445099382424,-0.13486208533697328,-0.9908643791854479,6.938893903907228e-18,38.55196907595427,-50.232953181977116,1.536365965725091,402.05626807156796,SLIDING
0.005699971690773964,0.17099915072321892,-5.954299315863895,-3.5473438214164856,-9.34143761850706,-6.03524778108456,-3.589156379279742,-9.32233656798936,-6.660692889907485,-3.353279306251864,-10.299471110664514,-5.313528680292552,-3.7233800245943556,-8.472404048234965,-0.0010757962350905047,-0.0005751820032503453,0.009925312495014159,0.5857235693977968,-0.16091335580108343,0.7943769836650219,0.9592999088017561,-0.1305659875178134,0.2503921082551137,-0.24810462089913868,0.0337684018712058,0.9681445099382424,-0.13486208533697328,-0.9908643791854479,6.938893903907228e-18,38.57431186696354,-50.364955572145284,1.5403862052424078,401.9857152686247,SLIDING
0.00570997130125761,0.1712991390377283,-5.950249657088565,-3.5457298468452576,-9.340058098806056,-6.03524778108456,-3.589156379279742,-9.32233656798936,-6.656434909416498,-3.3534118960816133,-10.29859723979101,-5.309667990447646,-3.7201817389217764,-8.470565853749143,-0.0010782154242014773,-0.0005660771186721521,0.00992557344412484,0.5855508343342837,-0.15946514906094034,0.7947962548008114,0.9592999088017561,-0.1305659875178134,0.2503921082551137,-0.24810462089913868,0.0337684018712058,0.9681445099382424,-0.13486208533697328,-0.9908643791854479,6.938893903907228e-18,38.597260936648084,-50.499423047167205,1.544405733198852,401.9148518479948,SLIDING
0.005719971377402544,0.17159914132207632,-5.946200951987552,-3.544117526302922,-9.33867905594221,-6.03524778108456,-3.589156379279742,-9.32233656798936,-6.65217177892788,-3.3535803955746846,-10.297731652474123,-5.305813790926733,-3.716954033942414,-8.46872105461393,-0.0010806485419484783,-0.0005569751933358609,0.009925823762428468,0.585373038261368,-0.15798853842075206,0.7952219990696497,0.9592999088017561,-0.1305659875178134,0.2503921082551137,-0.24810462089913868,0.0337684018712058,0.9681445099382424,-0.13486208533697328,-0.9908643791854479,6.938893903907228e-18,38.62083582147863,-50.63635303369042,1.5484244428592664,401.8437401813785,SLIDING
0.005729971453547478,0.17189914360642433,-5.942152962142276,-3.5425068299871567,-9.337300504816683,-6.03524778108456,-3.589156379279742,-9.32233656798936,-6.64790298733338,-3.353784747166292,-10.296874351370494,-5.301966090668429,-3.713696905037317,-8.466869676837518,-0.0010830954673534971,-0.0005478766836563892,0.009926063436634606,0.5851899550717177,-0.15648354690044566,0.7956542063186856,0.9592999088017561,-0.1305659875178134,0.2503921082551137,-0.24810462089913868,0.0337684018712058,0.9681445099382424,-0.13486208533697328,-0.9908643791854479,6.938893903907228e-18,38.64505541679719,-50.77573255157812,1.5524425553162704,401.77235082938864,SLIDING
0.005739971529692411,0.17219914589077234,-5.938105925971317,-3.5408977727991227,-9.335922445429476,-6.03524778108456,-3.589156379279742,-9.32233656798936,-6.643628375103202,-3.3540249954102275,-10.296025423465412,-5.2981254890708644,-3.7104103402097026,-8.46501164151542,-0.0010855561917213175,-0.0005387816219614263,0.009926292465892318,0.5850012547966688,-0.1549501499128151,0.7960929486739091,0.9592999088017561,-0.1305659875178134,0.2503921082551137,-0.24810462089913868,0.0337684018712058,0.9681445099382424,-0.13486208533697328,-0.9908643791854479,6.938893903907228e-18,38.66994636903637,-50.91755250087843,1.556459843800523,401.700705262297,SLIDING
0.005749971140176058,0.17249913420528173,-5.9340596050560945,-3.5392903398376587,-9.33454489268175,-6.03524778108456,-3.589156379279742,-9.32233656798936,-6.639347402727765,-3.354301154712437,-10.295184894677147,-5.294292020835543,-3.7070942979738897,-8.463146953555164,-0.0010880305907581464,-0.0005296904638412673,0.009926510839468184,0.5848066877792268,-0.15338832315715328,0.7965382352704274,0.9592999088017561,-0.1305659875178134,0.2503921082551137,-0.24810462089913868,0.0337684018712058,0.9681445099382424,-0.13486208533697328,-0.9908643791854479,6.938893903907228e-18,38.695529620141,-51.061803451998614,1.5604765313502327,401.6288716647629,SLIDING
0.0057599712163209915,0.17279913648962975,-5.930014237815189,-3.537684546003926,-9.333167816771182,-6.03524778108456,-3.589156379279742,-9.32233656798936,-6.635060008986216,-3.354613234259161,-10.294352733923686,-5.290466196184406,-3.7037487984150532,-8.461275584315237,-0.0010905188861290343,-0.0005206023948852766,0.009926718576923278,0.5846060055660043,-0.15179807137212706,0.7969900650471522,0.9592999088017561,-0.1305659875178134,0.2503921082551137,-0.24810462089913868,0.0337684018712058,0.9681445099382424,-0.13486208533697328,-0.9908643791854479,6.938893903907228e-18,38.721825816284166,-51.20847289782492,1.5644923986583255,401.55681295603836,SLIDING
0.005769971292465925,0.17309913877397776,-5.92596970503931,-3.536080391297925,-9.331791247500094,-6.03524778108456,-3.589156379279742,-9.32233656798936,-6.630765753785292,-3.354961250720036,-10.293528985233175,-5.286648186982484,-3.7003738264121404,-8.459397550693696,-0.0010930209540877857,-0.000511517870822849,0.009926915667101266,0.5843989420881771,-0.1501793807356976,0.7974484497997736,0.9592999088017561,-0.1305659875178134,0.2503921082551137,-0.24810462089913868,0.0337684018712058,0.9681445099382424,-0.13486208533697328,-0.9908643791854479,6.938893903907228e-18,38.74885699874164,-51.35754961512537,1.568507552619998,401.4845289722461,SLIDING
0.005779970902949572,0.17339912708848715,-5.921925887519168,-3.5344778608184937,-9.330415184868487,-6.03524778108456,-3.589156379279742,-9.32233656798936,-6.626464076466336,-3.35534518179733,-10.292713742081014,-5.2828382744598485,-3.696969373773431,-8.457512767898868,-0.0010955366682701573,-0.0005024373467090475,0.009927102100869561,0.5841851313071686,-0.1485322573809137,0.7979134670357159,0.9592999088017561,-0.1305659875178134,0.2503921082551137,-0.24810462089913868,0.0337684018712058,0.9681445099382424,-0.13486208533697328,-0.9908643791854479,6.938893903907228e-18,38.776652153262205,-51.50901985534288,1.572522105647126,401.4121113605962,SLIDING
0.005789970979094505,0.17369912937283516,-5.917883023673343,-3.532876969466794,-9.32903962887636,-6.03524778108456,-3.589156379279742,-9.32233656798936,-6.622154992199608,-3.355765037891954,-10.291906934185631,-5.279036899543952,-3.69353545948227,-8.455621299683271,-0.0010980662540399464,-0.0004933600090855486,0.009927277894929976,0.5839643881111546,-0.14685670503926782,0.7983850584792869,0.9592999088017561,-0.1305659875178134,0.2503921082551137,-0.24810462089913868,0.0337684018712058,0.9681445099382424,-0.13486208533697328,-0.9908643791854479,6.938893903907228e-18,38.80522742814273,-51.66287011789924,1.5765358309703732,401.33953084557874,SLIDING
0.005799971055239439,0.17399913165718317,-5.913840994292545,-3.5312777172428254,-9.327664564622554,-6.03524778108456,-3.589156379279742,-9.32233656798936,-6.6178379160441665,-3.3562208013722996,-10.291108647048569,-5.2752443654913606,-3.6900720995323137,-8.453723040070305,-0.0011006095855801152,-0.00048428631315037895,0.009927443039726688,0.5837363263273069,-0.145152738330441,0.798863307381854,0.9592999088017561,-0.1305659875178134,0.2503921082551137,-0.24810462089913868,0.0337684018712058,0.9681445099382424,-0.13486208533697328,-0.9908643791854479,6.938893903907228e-18,38.83461314913774,-51.81908492252995,1.5805488466783313,401.26681454654727,SLIDING
0.005809971131384373,0.17429913394153118,-5.909799799376773,-3.529680074344266,-9.326290021909388,-6.03524778108456,-3.589156379279742,-9.32233656798936,-6.613512488241356,-3.3567124121012437,-10.290318926528293,-5.271460998639675,-3.686579291637983,-8.451818004297738,-0.0011031666538540697,-0.0004752162911436242,0.009927597534672641,0.5835006476529049,-0.14342038240727795,0.7993482270567632,0.9592999088017561,-0.1305659875178134,0.2503921082551137,-0.24810462089913868,0.0337684018712058,0.9681445099382424,-0.13486208533697328,-0.9908643791854479,6.938893903907228e-18,38.86483330088423,-51.977647592033215,1.5845611414175647,401.19398791833163,SLIDING
0.005819970741868019,0.17459912225604057,-5.905759558135318,-3.5280840705734375,-9.324915985835704,-6.03524778108456,-3.589156379279742,-9.32233656798936,-6.609178509574551,-3.357239910010219,-10.289537746501066,-5.267687207042793,-3.6830570564134684,-8.449906187644432,-0.0011057373297438554,-0.0004661503973845191,0.009927741372770199,0.583257088057286,-0.14165962887097802,0.7998398081985367,0.9592999088017561,-0.1305659875178134,0.2503921082551137,-0.24810462089913868,0.0337684018712058,0.9681445099382424,-0.13486208533697328,-0.9908643791854479,6.938893903907228e-18,38.89590967875723,-52.13854421282366,1.5885726084529193,401.1210566100134,SLIDING
0.005829970818012953,0.17489912454038858,-5.901694402152347,-3.5265464942556504,-9.323687146676692,-6.03524778108456,-3.589156379279742,-9.32233656798936,-6.605003077558154,-3.357707858614467,-10.288742332562618,-5.2637220826096875,-3.679700265530081,-8.448284187839205,-0.0011083218435377412,-0.0004570878197257283,0.009927874566904566,0.5831656499775939,-0.1399966986589626,0.8001991933580054,0.9592999088017561,-0.1305659875178134,0.2503921082551137,-0.24810462089913868,0.0337684018712058,0.9681445099382424,-0.13486208533697328,-0.9908643791854479,6.938893903907228e-18,38.91551045236277,-52.29081336129522,1.5925792486740633,396.72286944830796,SLIDING
0.0058399708941578865,0.1751991268247366,-5.897503599578189,-3.5256068270307663,-9.32340977646223,-6.03524778108456,-3.589156379279742,-9.32233656798936,-6.602791257424917,-3.3575043378818745,-10.287148310724811,-5.257736142193045,-3.678092838754329,-8.449201154221957,-0.0011109200666631852,-0.000448029012634599,0.009927997109654758,0.5848065718399443,-0.13938630472715416,0.7991074593490671,0.9592999088017561,-0.1305659875178134,0.2503921082551137,-0.24810462089913868,0.0337684018712058,0.9681445099382424,-0.13486208533697328,-0.9908643791854479,6.938893903907228e-18,38.804001354012144,-52.353378885024334,1.5965462479348709,396.75060421398325,NONE
0.00584997097030282,0.1754991291090846,-5.893319234305667,-3.5246734927993897,-9.323108668697985,-6.03524778108456,-3.589156379279742,-9.32233656798936,-6.6004415842624065,-3.357331102329102,-10.285634302712433,-5.251887525046486,-3.67647001790914,-8.45000027003199,-0.0011135319898877166,-0.000438974008297823,0.009928109000585958,0.5863278518330086,-0.13875605025219045,0.7981017533393228,0.9592999088017561,-0.1305659875178134,0.2503921082551137,-0.24810462089913868,0.0337684018712058,0.9681445099382424,-0.13486208533697328,-0.9908643791854479,6.938893903907228e-18,38.701003531562435,-52.417544145854315,1.6005138424614902,396.7664241968275,NONE
0.005859970580786467,0.175799117423594,-5.889134630614566,-3.5237402032714966,-9.322807739747676,-6.03524778108456,-3.589156379279742,-9.32233656798936,-6.597915869497506,-3.35717707222735,-10.28424778903619,-5.246198140804369,-3.674829861025553,-8.450684076561112,-0.0011161574813465963,-0.00042992326027320617,0.00992821023483584,0.5877033603013645,-0.1381099081731318,0.7972016141195989,0.9592999088017561,-0.1305659875178134,0.2503921082551137,-0.24810462089913868,0.0337684018712058,0.9681445099382424,-0.13486208533697328,-0.9908643791854479,6.938893903907228e-18,38.60837880258093,-52.482816937289655,1.604481626766189,396.782120575233,NONE
0.0058699706569314,0.176099119707942,-5.884949907714176,-3.522806958447087,-9.322506959808978,-6.03524778108456,-3.589156379279742,-9.32233656798936,-6.5952144032433715,-3.357042029971338,-10.282989871926446,-5.240667953648837,-3.6731725654936334,-8.451251517138505,-0.0011187967762396004,-0.0004208759577703424,0.009928300821472202,0.5889332389541454,-0.13744805892273698,0.7964079803425826,0.9592999088017561,-0.1305659875178134,0.2503921082551137,-0.24810462089913868,0.0337684018712058,0.9681445099382424,-0.13486208533697328,-0.9908643791854479,6.938893903907228e-18,38.526153701285104,-52.54915287443719,1.6084494939537706,396.7977835226853,NONE
0.005879970733076334,0.17639912199229002,-5.880764946395206,-3.5218737583261612,-9.322206358684214,-6.03524778108456,-3.589156379279742,-9.32233656798936,-6.592337338782414,-3.356925819489001,-10.28186150375315,-5.235296597192985,-3.6714982728865784,-8.451701784704062,-0.001121449743246211,-0.0004118325544999446,0.009928380755209517,0.5900177137345346,-0.13677063191199013,0.7957216169778647,0.9592999088017561,-0.1305659875178134,0.2503921082551137,-0.24810462089913868,0.0337684018712058,0.9681445099382424,-0.13486208533697328,-0.9908643791854479,6.938893903907228e-18,38.454345172497035,-52.61650954185907,1.6124175509194298,396.8133582678756,NONE
0.00588997034355998,0.1766991103067994,-5.876579865866947,-3.520940602908719,-9.321905921472224,-6.03524778108456,-3.589156379279742,-9.32233656798936,-6.589284930004638,-3.3568283175163516,-10.28086355292804,-5.23008406847703,-3.669807095017329,-8.45203406310221,-0.001124116248446208,-0.00040279350343182507,0.009928450032787249,0.5909568963163514,-0.13607772934825113,0.7951432564460127,0.9592999088017561,-0.1305659875178134,0.2503921082551137,-0.24810462089913868,0.0337684018712058,0.9681445099382424,-0.13486208533697328,-0.9908643791854479,6.938893903907228e-18,38.39297442609886,-52.684843585433505,1.616385687036841,396.828878944103,NONE
0.005899970419704914,0.17699911259114742,-5.872462853843021,-3.520057768712628,-9.321383352650317,-6.03524778108456,-3.589156379279742,-9.32233656798936,-6.586420984160269,-3.3568443594377837,-10.279561968973153,-5.224830398304175,-3.6681088889912994,-8.452218140037317,-0.001126796530711596,-0.0003937579948224294,0.00992850866041227,0.591995906893954,-0.1353324041537025,0.794497316928625,0.9592999088017561,-0.1305659875178134,0.2503921082551137,-0.24810462089913868,0.0337684018712058,0.9681445099382424,-0.13486208533697328,-0.9908643791854479,6.938893903907228e-18,38.324868757488446,-52.758666866156126,1.6203507152863263,396.46068728225606,NONE
0.005909970495849848,0.17729911487549543,-5.868354544097232,-3.519181520829785,-9.320832412017497,-6.03524778108456,-3.589156379279742,-9.32233656798936,-6.583428424896672,-3.3568918158950165,-10.278335668545735,-5.2197099896777015,-3.6663947475618284,-8.452279819253722,-0.0011294904566652162,-0.00038472648179842337,0.009928556634400575,0.592921058790857,-0.13456649202904858,0.7939373257791356,0.9592999088017561,-0.1305659875178134,0.2503921082551137,-0.24810462089913868,0.0337684018712058,0.9681445099382424,-0.13486208533697328,-0.9908643791854479,6.938893903907228e-18,38.26502407161634,-52.83407168679502,1.6243153594672322,396.4763365144149,NONE
0.0059199705719947815,0.17759911715984344,-5.8642459959328646,-3.5183053176504258,-9.32028163529745,-6.03524778108456,-3.589156379279742,-9.32233656798936,-6.580260227948693,-3.3569580169707387,-10.277241277970916,-5.214748447561059,-3.664663688115817,-8.452222155449798,-0.0011321980167359124,-0.0003756989964498089,0.009928593954581422,0.5937007740815801,-0.13378507441090381,0.7934865750091817,0.9592999088017561,-0.1305659875178134,0.2503921082551137,-0.24810462089913868,0.0337684018712058,0.9681445099382424,-0.13486208533697328,-0.9908643791854479,6.938893903907228e-18,38.215677241401806,-52.910403140502275,1.6282801971573484,396.4919042305024,NONE
0.005929970182478428,0.17789910547435284,-5.860137447768497,-3.517429308186162,-9.319730381740245,-6.03524778108456,-3.589156379279742,-9.32233656798936,-6.576917447534895,-3.357043041806415,-10.27627822010653,-5.2099452703594755,-3.662915923044189,-8.45204445017692,-0.0011349190742702664,-0.0003666759909396768,0.009928620619829766,0.5943357292067041,-0.13298820923381455,0.7931451173606999,0.9592999088017561,-0.1305659875178134,0.2503921082551137,-0.24810462089913868,0.0337684018712058,0.9681445099382424,-0.13486208533697328,-0.9908643791854479,6.938893903907228e-18,38.17680061711319,-52.98761351665186,1.63224517953633,396.4820505097464,IMPACT
0.005939970258623362,0.17819910775870085,-5.856076940947818,-3.516588361154187,-9.319022546781214,-6.03524778108456,-3.589156379279742,-9.32233656798936,-6.573656938427263,-3.3572114715511963,-10.275139194408188,-5.205159084452973,-3.6611593688740145,-8.45172774896292,-0.0011376538730281224,-0.00035765665696209684,0.009928636632534717,0.5949990669453434,-0.1321512597055731,0.7927875849762035,0.9592999088017561,-0.1305659875178134,0.2503921082551137,-0.24810462089913868,0.0337684018712058,0.9681445099382424,-0.13486208533697328,-0.9908643791854479,6.938893903907228e-18,38.13622326985339,-53.06882167656348,1.6362078605671044,396.26205821659585,NONE
0.005949970334768295,0.17849911004304886,-5.852017983847904,-3.515748695622075,-9.318309526218089,-6.03524778108456,-3.589156379279742,-9.32233656798936,-6.5702296904206055,-3.3574008696122224,-10.274122792568502,-5.200527103118331,-3.659386238264008,-8.451289925995788,-0.0011404022768974277,-0.00034864144684223293,0.009928641991147723,0.5955228640444675,-0.13129798637034146,0.7925360289446585,0.9592999088017561,-0.1305659875178134,0.2503921082551137,-0.24810462089913868,0.0337684018712058,0.9681445099382424,-0.13486208533697328,-0.9908643791854479,6.938893903907228e-18,38.10577292401951,-53.15096369044652,1.640170520705528,396.27767139696624,NONE
0.005959970410913229,0.17879911232739687,-5.847973570281314,-3.514919714222539,-9.317548702729853,-6.03524778108456,-3.589156379279742,-9.32233656798936,-6.5667058003660355,-3.3576282091996337,-10.273145089012598,-5.196010521919019,-3.6575990665651195,-8.450725834731498,-0.0011431642761124596,-0.00033963039261177127,0.009928636695650379,0.5959544688900069,-0.13042211189803726,0.7923561975135209,0.9592999088017561,-0.1305659875178134,0.2503921082551137,-0.24810462089913868,0.0337684018712058,0.9681445099382424,-0.13486208533697328,-0.9908643791854479,6.938893903907228e-18,38.08212377019007,-53.23482450363744,1.6441325936932785,396.1182880141694,NONE
0.005969970021396875,0.17909910064190626,-5.84394632285242,-3.514103279600728,-9.316732014788302,-6.03524778108456,-3.589156379279742,-9.32233656798936,-6.563098753514387,-3.357896989446851,-10.27219026399698,-5.191602109937045,-3.6557982319616125,-8.450034451130186,-0.0011459397312939255,-0.00033062394560109845,0.009928620747053684,0.5963028885118878,-0.12952227935424404,0.7922416577681715,0.9592999088017561,-0.1305659875178134,0.2503921082551137,-0.24810462089913868,0.0337684018712058,0.9681445099382424,-0.13486208533697328,-0.9908643791854479,6.938893903907228e-18,38.06464975581859,-53.320545254946516,1.6480938254073685,396.133922371018,NONE
0.005979970097541809,0.17939910292625427,-5.839972123557376,-3.5133248429399613,-9.315743888987216,-6.03524778108456,-3.589156379279742,-9.32233656798936,-6.55960527664394,-3.3582730093885855,-10.271028214977447,-5.187191846633406,-3.653972586042288,-8.449204091332813,-0.0011487288910758946,-0.00032162129898829985,0.009928594143928044,0.5967014913089278,-0.12856503332769673,0.7920974450628848,0.9592999088017561,-0.1305659875178134,0.2503921082551137,-0.24810462089913868,0.0337684018712058,0.9681445099382424,-0.13486208533697328,-0.9908643791854479,6.938893903907228e-18,38.04408100461318,-53.411955588929004,1.6520520559798868,395.5783225901528,NONE
0.005989970173686743,0.17969910521060228,-5.8360358328164095,-3.5125735859972123,-9.314633916391047,-6.03524778108456,-3.589156379279742,-9.32233656798936,-6.556144110619812,-3.3587374839991115,-10.2697567417662,-5.182824569572673,-3.652118537244261,-8.448240616178824,-0.0011515316166191055,-0.00031262290427095047,0.009928556886861246,0.597095452629191,-0.12755697967180407,0.791963532864076,0.9592999088017561,-0.1305659875178134,0.2503921082551137,-0.24810462089913868,0.0337684018712058,0.9681445099382424,-0.13486208533697328,-0.9908643791854479,6.938893903907228e-18,38.02429409811688,-53.508150132708224,1.656007979102565,395.59414966206526,NONE
0.005999969784170389,0.17999909352511168,-5.832099422866153,-3.511822373757947,-9.313524107707652,-6.03524778108456,-3.589156379279742,-9.32233656798936,-6.552506644087673,-3.3592204653530895,-10.268619486585933,-5.1786169876142525,-3.650247786206484,-8.447155704252548,-0.0011543477665057209,-0.00030362921213803785,0.009928508978465917,0.5973433289014872,-0.1265336177623454,0.791940774927559,0.9592999088017561,-0.1305659875178134,0.2503921082551137,-0.24810462089913868,0.0337684018712058,0.9681445099382424,-0.13486208533697328,-0.9908643791854479,6.938893903907228e-18,38.015133861001054,-53.604986388431904,1.6599639813769915,395.6099700068177,NONE
0.006009969860315323,0.1802990958094597,-5.8281646818459505,-3.511072532425511,-9.312408323658618,-6.03524778108456,-3.589156379279742,-9.32233656798936,-6.548703239540332,-3.3597252678967866,-10.2676042627135,-5.174563111089026,-3.6483598555942676,-8.445948701921468,-0.0011571775930127048,-0.00029463941690978173,0.009928450414451563,0.5974522297614376,-0.12549329899890488,0.7920241568661011,0.9592999088017561,-0.1305659875178134,0.2503921082551137,-0.24810462089913868,0.0337684018712058,0.9681445099382424,-0.13486208533697328,-0.9908643791854479,6.938893903907228e-18,38.01610915309842,-53.70259328571119,1.663920057825175,395.4310744460563,SLIDING
0.006019969936460257,0.1805990980938077,-5.824272021704959,-3.51035232950269,-9.311158131135615,-6.03524778108456,-3.589156379279742,-9.32233656798936,-6.544954059454248,-3.3603252147849525,-10.266454082611684,-5.170540299982124,-3.6464421428631493,-8.444607787986147,-0.001160020955260634,-0.0002856539694460637,0.009928381197007495,0.5975711997704888,-0.12439866438182472,0.7921070846197988,0.9592999088017561,-0.1305659875178134,0.2503921082551137,-0.24810462089913868,0.0337684018712058,0.9681445099382424,-0.13486208533697328,-0.9908643791854479,6.938893903907228e-18,38.01685615000396,-53.805309260478865,1.667873290679152,395.33661146580044,NONE
0.00602997001260519,0.1808991003781557,-5.8203792423546785,-3.50963226069032,-9.309907640589389,-6.03524778108456,-3.589156379279742,-9.32233656798936,-6.541029046315292,-3.3609437629338963,-10.265437169320988,-5.166676759948303,-3.6445078126636345,-8.443145419172648,-0.0011628778431473732,-0.0002766729016735381,0.009928301326379086,0.5975444723334735,-0.12328871727379939,0.792300760934061,0.9592999088017561,-0.1305659875178134,0.2503921082551137,-0.24810462089913868,0.0337684018712058,0.9681445099382424,-0.13486208533697328,-0.9908643791854479,6.938893903907228e-18,38.02821035305699,-53.90850934969792,1.6718267300235166,395.32997433315495,SLIDING
0.006039969623088837,0.1811990886926651,-5.816512212210941,-3.5089302669864777,-9.308574910534533,-6.03524778108456,-3.589156379279742,-9.32233656798936,-6.537068657987972,-3.3616270983510863,-10.264389366666428,-5.162894415148299,-3.6425491849048166,-8.441554231059724,-0.0011657481125432678,-0.0002676966634039339,0.009928210807315006,0.5974670621042056,-0.12214003763205664,0.7925370154811756,0.9592999088017561,-0.1305659875178134,0.2503921082551137,-0.24810462089913868,0.0337684018712058,0.9681445099382424,-0.13486208533697328,-0.9908643791854479,6.938893903907228e-18,38.04356118911241,-54.01491974178197,1.6757784202747334,395.1716401677683,NONE
0.00604996969923377,0.1814990909770131,-5.812657341414737,-3.5082369457584504,-9.307202945722254,-6.03524778108456,-3.589156379279742,-9.32233656798936,-6.532999076493541,-3.3623509074080378,-10.263396513003297,-5.159234308737876,-3.640570382739873,-8.43983837397419,-0.0011686320205744746,-0.0002587244505212062,0.009928109631706606,0.5972890294589848,-0.12096498927471104,0.7928513647952642,0.9592999088017561,-0.1305659875178134,0.2503921082551137,-0.24810462089913868,0.0337684018712058,0.9681445099382424,-0.13486208533697328,-0.9908643791854479,6.938893903907228e-18,38.06638009811773,-54.12302285769061,1.6797294024689684,395.05673213830624,IMPACT
0.006059969775378704,0.18179909326136112,-5.80873714392786,-3.507794142852414,-9.30631657995096,-6.03524778108456,-3.589156379279742,-9.32233656798936,-6.529698803741975,-3.362869826747279,-10.262189122328396,-5.1547517766244555,-3.639255200190259,-8.439243210358574,-0.001171529423648386,-0.00024975671301294075,0.009927997803878904,0.5978030552684869,-0.12016755367086081,0.7925851791173132,0.9592999088017561,-0.1305659875178134,0.2503921082551137,-0.24810462089913868,0.0337684018712058,0.9681445099382424,-0.13486208533697328,-0.9908643791854479,6.938893903907228e-18,38.036416671342636,-54.20065696053233,1.6836541715560713,389.7248522490871,NONE
0.006069969851523638,0.18209909554570913,-5.804756149703311,-3.5076018433672074,-9.30590368367544,-6.03524778108456,-3.589156379279742,-9.32233656798936,-6.527172413706564,-3.363194107083649,-10.26075562863686,-5.1494513088301765,-3.6385943103996508,-8.4397560994794,-0.0011744403114697058,-0.0002407934827427452,0.009927875324229514,0.599009176033212,-0.11973921883304424,0.791738925720635,0.9592999088017561,-0.1305659875178134,0.2503921082551137,-0.24810462089913868,0.0337684018712058,0.9681445099382424,-0.13486208533697328,-0.9908643791854479,6.938893903907228e-18,37.95365421010914,-54.24882480565681,1.6875514171493542,389.7405447050904,NONE
0.006079969462007284,0.18239908386021852,-5.800774797850894,-3.5074095885854844,-9.305490966213855,-6.03524778108456,-3.589156379279742,-9.32233656798936,-6.524468851796684,-3.3635382479462983,-10.259455872915227,-5.144310871867573,-3.637915490350927,-8.440148015710067,-0.0011773645372052059,-0.00023183520861930727,0.009927742199642523,0.6000686869257001,-0.11929445321940374,0.7910034161761563,0.9592999088017561,-0.1305659875178134,0.2503921082551137,-0.24810462089913868,0.0337684018712058,0.9681445099382424,-0.13486208533697328,-0.9908643791854479,6.938893903907228e-18,37.88147573811305,-54.29766275907113,1.6914489668781751,389.75614833463516,NONE
0.006089969538152218,0.18269908614456654,-5.796793326789188,-3.5072173487049225,-9.30507839776388,-6.03524778108456,-3.589156379279742,-9.32233656798936,-6.521588554999011,-3.363902258922211,-10.258290730770755,-5.139330524033813,-3.637218674511668,-8.440418107949908,-0.0011803023628157586,-0.00022288108813623556,0.00992759841819155,0.6009817525935646,-0.11883322416932919,0.7903794012264552,0.9592999088017561,-0.1305659875178134,0.2503921082551137,-0.24810462089913868,0.0337684018712058,0.9681445099382424,-0.13486208533697328,-0.9908643791854479,6.938893903907228e-18,37.81990067381995,-54.34714851101707,1.6953465955987106,389.7716971890817,NONE
0.0060999696142971516,0.18299908842891455,-5.792840108329105,-3.5070451657873276,-9.304575334561976,-6.03524778108456,-3.589156379279742,-9.32233656798936,-6.518687190500004,-3.3643374114366464,-10.257078142822268,-5.1344231673200245,-3.6364955767427967,-8.440558655674726,-0.00118325364200345,-0.00021393157038325354,0.009927443986337508,0.6018539231217304,-0.11832963708963051,0.7897910813684962,0.9592999088017561,-0.1305659875178134,0.2503921082551137,-0.24810462089913868,0.0337684018712058,0.9681445099382424,-0.13486208533697328,-0.9908643791854479,6.938893903907228e-18,37.76159211345106,-54.40043096308459,1.6992423995299824,389.456619970608,NONE
0.006109969224780798,0.18329907674342394,-5.788906201773929,-3.506886855850804,-9.304010014308604,-6.03524778108456,-3.589156379279742,-9.32233656798936,-6.515716379801594,-3.364828128563544,-10.25587522152467,-5.129615635116298,-3.635748533415692,-8.440571704253353,-0.0011862182259132674,-0.00020498710357590218,0.00992727891256499,0.6026524976892591,-0.11779148037049925,0.7892623988136163,0.9592999088017561,-0.1305659875178134,0.2503921082551137,-0.24810462089913868,0.0337684018712058,0.9681445099382424,-0.13486208533697328,-0.9908643791854479,6.938893903907228e-18,37.70884466307446,-54.456547788479114,1.7031370775664811,389.47219248809205,NONE
0.006119969300925732,0.18359907902777195,-5.784982666426944,-3.5067359070879105,-9.303411389959964,-6.03524778108456,-3.589156379279742,-9.32233656798936,-6.512626509905364,-3.365357477415935,-10.25474081043586,-5.124935880629781,-3.6349804856992667,-8.440459092833827,-0.0011891963801188587,-0.00019604688644331967,0.009927103182087801,0.6033437518589492,-0.11722739490579637,0.7888181380878406,0.9592999088017561,-0.1305659875178134,0.2503921082551137,-0.24810462089913868,0.0337684018712058,0.9681445099382424,-0.13486208533697328,-0.9908643791854479,6.938893903907228e-18,37.6640241167055,-54.51443200418408,1.7070311067054416,389.27188449862604,NONE
0.006129969377070665,0.18389908131211996,-5.781078323775577,-3.5065985332828644,-9.302751372827204,-6.03524778108456,-3.589156379279742,-9.32233656798936,-6.509466197632778,-3.365941348664769,-10.253618214832256,-5.120356626942676,-3.634188869459749,-8.440218681302897,-0.001192187956299051,-0.0001871113673855312,0.009926916802967917,0.6039606829087403,-0.11662935686738266,0.7884345797953745,0.9592999088017561,-0.1305659875178134,0.2503921082551137,-0.24810462089913868,0.0337684018712058,0.9681445099382424,-0.13486208533697328,-0.9908643791854479,6.938893903907228e-18,37.624839517422934,-54.57505804903058,1.7109238689896706,389.1670665101132,SLIDING
0.006139969453215599,0.18419908359646797,-5.77719257777338,-3.50647403408109,-9.302033285869273,-6.03524778108456,-3.589156379279742,-9.32233656798936,-6.506230863079738,-3.3665780645307075,-10.25251389369496,-5.115880891771589,-3.6333738709659826,-8.439850947929262,-0.0011951929438253532,-0.00017818057815173447,0.009926719775866821,0.6044999875252821,-0.11599817671098922,0.7881143242459561,0.9592999088017561,-0.1305659875178134,0.2503921082551137,-0.24810462089913868,0.0337684018712058,0.9681445099382424,-0.13486208533697328,-0.9908643791854479,6.938893903907228e-18,37.59153239442635,-54.6383100968652,1.714815012721287,389.01439372449124,SLIDING
0.0061499690636992455,0.18449907191097736,-5.773324117118167,-3.5063610236745957,-9.301264490259799,-6.03524778108456,-3.589156379279742,-9.32233656798936,-6.502911175254384,-3.367264650946532,-10.251441322899705,-5.11151463848647,-3.6325355451222245,-8.439357707231407,-0.0011982111911532423,-0.0001692549660093614,0.00992651211140439,0.6049550159860494,-0.11533517138073603,0.7878624415949116,0.9592999088017561,-0.1305659875178134,0.2503921082551137,-0.24810462089913868,0.0337684018712058,0.9681445099382424,-0.13486208533697328,-0.9908643791854479,6.938893903907228e-18,37.5645800967319,-54.70399515943795,1.7187037717131854,388.75617582749146,SLIDING
0.006159969139844179,0.18479907419532537,-5.769473061019229,-3.506259502063382,-9.300445030702265,-5.794479713402772,-3.62192623595459,-9.259492379728512,-6.499507589989273,-3.3680010913320886,-10.25040044437446,-5.107257680945153,-3.631673906968356,-8.438739097140633,-0.0012012429686653007,-0.0001603337313773201,0.009926293790978022,0.6053260474104869,-0.11464035462446422,0.787678846623403,0.9706719268052945,-0.08780144152367989,0.22380106652663884,-0.22289107905962294,0.020161454662249587,0.9746348457866356,-0.09008649947541598,-0.9959339449041116,0.0,39.2926047085946,-52.374126219523575,1.7289098055280352,391.0380058632717,SLIDING
0.006169969215989113,0.18509907647967339,-5.765639409476566,-3.5061694692474488,-9.299574504865321,-5.794479713402772,-3.62192623595459,-9.259492379728512,-6.496020330103473,-3.3687872377904085,-10.249390762283376,-5.103109817028141,-3.6307890906619336,-8.43799480014365,-0.0012042881253495593,-0.00015141732171308964,0.009926064824784317,0.6056132665544922,-0.11391384907457608,0.7875634617998809,0.9706719268052945,-0.08780144152367989,0.22380106652663884,-0.22289107905962294,0.020161454662249587,0.9746348457866356,-0.09008649947541598,-0.9959339449041116,0.0,39.275485248157025,-52.44027403314799,1.732817943057377,390.5896914291056,SLIDING
0.0061799692921340466,0.1853990787640214,-5.761823162490177,-3.506090865622151,-9.29865271903387,-5.794479713402772,-3.62192623595459,-9.259492379728512,-6.4924495388791525,-3.3696228257166787,-10.248411984216704,-5.099070916763968,-3.6298812225542614,-8.43712471205143,-0.0012073466503860761,-0.00014250576869749898,0.009925825213636996,0.6058167922239933,-0.1131558247119925,0.7875162052892497,0.9706719268052945,-0.08780144152367989,0.22380106652663884,-0.22289107905962294,0.020161454662249587,0.9746348457866356,-0.09008649947541598,-0.9959339449041116,0.0,39.26458461148466,-52.50933292631289,1.736721662013398,390.14825112818886,SLIDING
0.006189968902617693,0.1856990670785308,-5.758024439269351,-3.506023676286328,-9.297679494393977,-5.794479713402772,-3.62192623595459,-9.259492379728512,-6.488795258779832,-3.3705077028283035,-10.247463954090634,-5.095141168978126,-3.628950412363077,-8.436128633431506,-0.0012104183895503332,-0.0001335995186251536,0.009925574970289971,0.6059365607833505,-0.11236639544990167,0.7875370959387511,0.9706719268052945,-0.08780144152367989,0.22380106652663884,-0.22289107905962294,0.020161454662249587,0.9746348457866356,-0.09008649947541598,-0.9959339449041116,0.0,39.25991144514155,-52.58126702120653,1.740620885393394,389.71404763507024,SLIDING
0.006199968978762627,0.1859990693628788,-5.754243001395511,-3.505967871437657,-9.296654622329386,-5.794479713402772,-3.62192623595459,-9.259492379728512,-6.485057214207785,-3.3714416427235157,-10.246546389706644,-5.091320368977291,-3.6279968086216994,-8.435006422414203,-0.0012135036180177595,-0.00012469777364974117,0.009925314072325397,0.6059725414045628,-0.11154572430355811,0.7876260727358447,0.9706719268052945,-0.08780144152367989,0.22380106652663884,-0.22289107905962294,0.020161454662249587,0.9746348457866356,-0.09008649947541598,-0.9959339449041116,0.0,39.26147026278971,-52.656033238953945,1.7445158886954406,389.28739145401494,SLIDING
0.00620996905490756,0.1862990716472268,-5.750478848868656,-3.5059233914714936,-9.295577983630809,-5.794479713402772,-3.62192623595459,-9.259492379728512,-6.481235210585221,-3.3724244262711878,-10.245659167368693,-5.08760869326326,-3.627020496432188,-8.43375796386017,-0.0012166021820943609,-0.00011580098026085737,0.009925042532074262,0.6059245727486791,-0.11069394354826109,0.7877831319602275,0.9706719268052945,-0.08780144152367989,0.22380106652663884,-0.22289107905962294,0.020161454662249587,0.9746348457866356,-0.09008649947541598,-0.9959339449041116,0.0,39.26927364234185,-52.73358860644732,1.7484066933653288,388.8685605779095,SLIDING
0.006219969131052494,0.18659907393157482,-5.7467321008980745,-3.5058902363878373,-9.294449429286631,-5.794479713402772,-3.62192623595459,-9.259492379728512,-6.477329207917192,-3.373455840485382,-10.244802041525274,-5.084006405459717,-3.626021668994395,-8.432383196329274,-0.0012197140707695508,-0.00010690917006914555,0.009924760350502222,0.605792522807598,-0.10981122978652734,0.7880081935634786,0.9706719268052945,-0.08780144152367989,0.22380106652663884,-0.22289107905962294,0.020161454662249587,0.9746348457866356,-0.09008649947541598,-0.9959339449041116,0.0,39.28333027757379,-52.81388350484829,1.7522932170389076,388.4578866108693,SLIDING
0.0062299687415361404,0.1868990622460842,-5.743002399855899,-3.5058683465820435,-9.293268869889888,-5.794479713402772,-3.62192623595459,-9.259492379728512,-6.4733386952763325,-3.3745357532126157,-10.24397478398845,-5.080513286996991,-3.6250003325128333,-8.430882156302966,-0.0012228391271473678,-9.802278837108337e-05,0.00992446754249645,0.6055762644692786,-0.10889764317400762,0.7883011424719497,0.9706719268052945,-0.08780144152367989,0.22380106652663884,-0.22289107905962294,0.020161454662249587,0.9746348457866356,-0.09008649947541598,-0.9959339449041116,0.0,39.303647557289146,-52.896876394678,1.7561758216315102,388.0556134329898,SLIDING
0.006239968817681074,0.18719906453043222,-5.739235505515384,-3.506005690584767,-9.292384843600901,-5.794479713402772,-3.62192623595459,-9.259492379728512,-6.469795160404339,-3.3754952288941578,-10.243032359575881,-5.076543782958618,-3.6243919196772767,-8.430051103036583,-0.0012259776311806068,-8.914103910049559e-05,0.009924164081825223,0.6057614684546612,-0.1082159525143995,0.7882527202344777,0.9706719268052945,-0.08780144152367989,0.22380106652663884,-0.22289107905962294,0.020161454662249587,0.9746348457866356,-0.09008649947541598,-0.9959339449041116,0.0,39.293779709347426,-52.95900560900984,1.7600421452468265,384.8083855515233,NONE
0.006249968893826008,0.18749906681478024,-5.735424503737735,-3.5063197921615723,-9.29184273935667,-5.794479713402772,-3.62192623595459,-9.259492379728512,-6.466757681363601,-3.376313980713753,-10.241964500966734,-5.072031117584396,-3.6242482522869004,-8.429985911339323,-0.001229129426501588,-8.026436775349506e-05,0.009923849982953339,0.6064028538170461,-0.10779750937962931,0.7878167780988745,0.9706719268052945,-0.08780144152367989,0.22380106652663884,-0.22289107905962294,0.020161454662249587,0.9746348457866356,-0.09008649947541598,-0.9959339449041116,0.0,39.24958394981121,-52.99756930028253,1.7638902797646505,384.82453851801137,NONE
0.006259968504309654,0.18779905512928963,-5.731613382750797,-3.506633953343022,-9.291300694717082,-5.794479713402772,-3.62192623595459,-9.259492379728512,-6.463543091596913,-3.377154030649656,-10.241034836737533,-5.067678882262357,-3.6240853790164342,-8.429795476991677,-0.0012322943542166201,-7.139321886065905e-05,0.009923525262367595,0.6068974823193722,-0.10736145581164251,0.7874953738025464,0.9706719268052945,-0.08780144152367989,0.22380106652663884,-0.22289107905962294,0.020161454662249587,0.9746348457866356,-0.09008649947541598,-0.9959339449041116,0.0,39.216074215488085,-53.037679853527,1.7677385218893775,384.78664142255116,SLIDING
0.006269968580454588,0.18809905741363764,-5.727832064086246,-3.5069685142141465,-9.290663640273722,-5.794479713402772,-3.62192623595459,-9.259492379728512,-6.460316022909622,-3.378065771630257,-10.240048926978941,-5.063394802639547,-3.623896378973108,-8.429474869710749,-0.0012354726978477258,-6.252679771997621e-05,0.009923189890979274,0.6073570522913372,-0.10688287275776137,0.7872061118557362,0.9706719268052945,-0.08780144152367989,0.22380106652663884,-0.22289107905962294,0.020161454662249587,0.9746348457866356,-0.09008649947541598,-0.9959339449041116,0.0,39.18531277400178,-53.081687768487136,1.7715808901539845,384.2119710746729,NONE
0.006279968656599522,0.18839905969798565,-5.724062189513492,-3.5073109876018647,-9.289989988578471,-5.794479713402772,-3.62192623595459,-9.259492379728512,-6.456975497065181,-3.3790183251037798,-10.23912652562378,-5.059235465212612,-3.62368544783013,-8.429026859192788,-0.001238664299028807,-5.366554906575344e-05,0.009922843884852187,0.607713057327204,-0.10637700988102179,0.7869998549699967,0.9706719268052945,-0.08780144152367989,0.22380106652663884,-0.22289107905962294,0.020161454662249587,0.9746348457866356,-0.09008649947541598,-0.9959339449041116,0.0,39.1621841703089,-53.12813608068971,1.7754210351943236,383.83166972083114,NONE
0.006289968732744455,0.18869906198233366,-5.72031031554346,-3.50766553093015,-9.289260099900874,-5.794479713402772,-3.62192623595459,-9.259492379728512,-6.453556364757613,-3.380022084447327,-10.238227154899828,-5.055181760797948,-3.6234510863693448,-8.428450707925258,-0.0012418691464200272,-4.480950438326913e-05,0.00992248724521578,0.6079889582433327,-0.10583869648783369,0.7868593247715525,0.9706719268052945,-0.08780144152367989,0.22380106652663884,-0.22289107905962294,0.020161454662249587,0.9746348457866356,-0.09008649947541598,-0.9959339449041116,0.0,39.145025082493525,-53.177502841985536,1.7792573532097418,383.4225977388937,SLIDING
0.006299968343228102,0.18899905029684305,-5.71657668059473,-3.5080318759781006,-9.288475643170985,-5.794479713402772,-3.62192623595459,-9.259492379728512,-6.450058280876572,-3.3810766666839136,-10.237352983227446,-5.051234457134074,-3.6231931304652614,-8.427747631749828,-0.0012450870784718536,-3.595910716050014e-05,0.009922119990688453,0.6081842711923907,-0.10526802773102079,0.7867849354250511,0.9706719268052945,-0.08780144152367989,0.22380106652663884,-0.22289107905962294,0.020161454662249587,0.9746348457866356,-0.09008649947541598,-0.9959339449041116,0.0,39.13387556188207,-53.229763511321956,1.7830892157155116,382.9676291668099,SLIDING
0.006309968419373035,0.18929905258119106,-5.712860569411563,-3.508409486303914,-9.287639002574595,-5.794479713402772,-3.62192623595459,-9.259492379728512,-6.446477401815561,-3.3821807814006117,-10.236508723275769,-5.047395676696758,-3.6229117276043783,-8.426917902681668,-0.00124831838345574,-2.711356455482818e-05,0.009921742088370338,0.6082964022255666,-0.10466562878424625,0.7867786176496094,0.9706719268052945,-0.08780144152367989,0.22380106652663884,-0.22289107905962294,0.020161454662249587,0.9746348457866356,-0.09008649947541598,-0.9959339449041116,0.0,39.128924307931364,-53.28483989872997,1.7869167363066119,382.5295662993661,SLIDING
0.006319968495517969,0.18959905486553907,-5.70916210120325,-3.508798317204106,-9.28675011850706,-5.794479713402772,-3.62192623595459,-9.259492379728512,-6.442813676200759,-3.3833342816458005,-10.235694390778443,-5.043665693431481,-3.622606925832644,-8.425961392776667,-0.0012515629003479187,-1.8273320262961434e-05,0.009921353556457372,0.608325209899686,-0.10403158442906234,0.786840433913816,0.9706719268052945,-0.08780144152367989,0.22380106652663884,-0.22289107905962294,0.020161454662249587,0.9746348457866356,-0.09008649947541598,-0.9959339449041116,0.0,39.130183815432744,-53.34270281491566,1.7907398086844815,382.0993811023607,SLIDING
0.006329968571662903,0.18989905714988708,-5.705481037551212,-3.509198353777516,-9.28580887175909,-5.794479713402772,-3.62192623595459,-9.259492379728512,-6.439066608746498,-3.384537018688073,-10.234909946913557,-5.040044501924171,-3.6222788316465087,-8.424877909906021,-0.0012548206176196171,-9.438405695141723e-06,0.009920954396330743,0.6082704812270989,-0.10336600563410245,0.7869704508728421,0.9706719268052945,-0.08780144152367989,0.22380106652663884,-0.22289107905962294,0.020161454662249587,0.9746348457866356,-0.09008649947541598,-0.9959339449041116,0.0,39.13767010935198,-53.403317978475314,1.7945586896461663,381.6774569580706,SLIDING
0.006339968182146549,0.19019904546439648,-5.701817378455448,-3.5096095513206604,-9.284815143121394,-5.794479713402772,-3.62192623595459,-9.259492379728512,-6.435236134775426,-3.3857888644129615,-10.234155153319703,-5.0365321608437466,-3.621927476004713,-8.423667442943506,-0.0012580913710746957,-6.092632715338177e-07,0.00992054462873957,0.6081321625789913,-0.10266896156163091,0.7871685697287815,0.9706719268052945,-0.08780144152367989,0.22380106652663884,-0.22289107905962294,0.020161454662249587,0.9746348457866356,-0.09008649947541598,-0.9959339449041116,0.0,39.15138637076743,-53.46665258345883,1.7983734019458026,381.2640450400047,SLIDING
0.006349968258291483,0.1904990477487445,-5.698171123915958,-3.5100319247347,-9.283768813384684,-5.794479713402772,-3.62192623595459,-9.259492379728512,-6.431322031555985,-3.38708978950288,-10.23342984112185,-5.033128872230329,-3.6215529139193072,-8.422329917731695,-0.0012613754537174617,8.214897945981922e-06,0.00992012421697481,0.6079100692720242,-0.10194048887670752,0.7874347493000678,0.9706719268052945,-0.08780144152367989,0.22380106652663884,-0.22289107905962294,0.020161454662249587,0.9746348457866356,-0.09008649947541598,-0.9959339449041116,0.0,39.1713439122244,-53.5326741252724,1.8021839735708998,380.8593861405679,SLIDING
0.006359968334436417,0.1907990500330925,-5.694508895331668,-3.510552109370816,-9.282879333270701,-5.794479713402772,-3.62192623595459,-9.259492379728512,-6.427637062451728,-3.388337044651201,-10.23265175765579,-5.029487271604685,-3.621413571839256,-8.421339389556811,-0.001264672701875782,1.703363532358655e-05,0.009919693181363248,0.6078912134117578,-0.1013376205165457,0.787527116564773,0.9706719268052945,-0.08780144152367989,0.22380106652663884,-0.22289107905962294,0.020161454662249587,0.9746348457866356,-0.09008649947541598,-0.9959339449041116,0.0,39.17593028298247,-53.58754344064645,1.8059835356062877,378.5658787368874,NONE
0.006369967944920063,0.1910990383476019,-5.690814718657779,-3.511204348097432,-9.282242338431987,-5.794479713402772,-3.62192623595459,-9.259492379728512,-6.424296389551563,-3.389485029502051,-10.231805467210219,-5.025472431144928,-3.621616118537547,-8.42089224706664,-0.001267982949374739,2.5846507258117773e-05,0.009919251544251622,0.6081843297420152,-0.10092656045021557,0.7873535739754693,0.9706719268052945,-0.08780144152367989,0.22380106652663884,-0.22289107905962294,0.020161454662249587,0.9746348457866356,-0.09008649947541598,-0.9959339449041116,0.0,39.15691659441655,-53.625480770145046,1.809769196820982,378.58207060547545,NONE
0.006379968021064997,0.1913990406319499,-5.687134012633609,-3.5118657808405045,-9.281561951411875,-5.794479713402772,-3.62192623595459,-9.259492379728512,-6.420853427896335,-3.390677629142615,-10.23100933865676,-5.021576066858865,-3.6217957290174976,-8.420316849359299,-0.0012713064927544326,3.465430323145905e-05,0.009918799266077472,0.6083814613206396,-0.1004861303803837,0.7872576040423743,0.9706719268052945,-0.08780144152367989,0.22380106652663884,-0.22289107905962294,0.020161454662249587,0.9746348457866356,-0.09008649947541598,-0.9959339449041116,0.0,39.14501019560772,-53.66594975769338,1.8135523009185306,378.1453818074747,NONE
0.00638996809720993,0.1916990429162979,-5.683470711165714,-3.5125388513904694,-9.280826430095347,-5.794479713402772,-3.62192623595459,-9.259492379728512,-6.417329080968109,-3.3919208831115686,-10.230239031860673,-5.0177867195264945,-3.6219515853611015,-8.419612882001731,-0.0012746431663624089,4.345658142299582e-05,0.009918336368765254,0.6084966788876586,-0.10001334880414471,0.7872287608082356,0.9706719268052945,-0.08780144152367989,0.22380106652663884,-0.22289107905962294,0.020161454662249587,0.9746348457866356,-0.09008649947541598,-0.9959339449041116,0.0,39.139212742222675,-53.70923209733193,1.817331871832467,377.7119764550407,SLIDING
0.006399968173354864,0.19199904520064592,-5.679826006346988,-3.5132238428693894,-9.280034612191828,-5.794479713402772,-3.62192623595459,-9.259492379728512,-6.413727595316637,-3.3932156536718057,-10.22949107871618,-5.014102810538469,-3.6220834453509325,-8.418781274311678,-0.001277992958343888,5.225331055721758e-05,0.009917862853959214,0.6085325151209425,-0.09950773551266383,0.7872651323497831,0.9706719268052945,-0.08780144152367989,0.22380106652663884,-0.22289107905962294,0.020161454662249587,0.9746348457866356,-0.09008649947541598,-0.9959339449041116,0.0,39.139346027762095,-53.75536041357238,1.8211070374120784,377.3066323909098,SLIDING
0.0064099677838385105,0.19229903351515532,-5.676198706084537,-3.513919891009915,-9.279190312398585,-5.794479713402772,-3.62192623595459,-9.259492379728512,-6.410042866718928,-3.394560027991527,-10.228772884160833,-5.010527603602224,-3.622191395873975,-8.417822584274237,-0.00128135569989362,6.104405014275496e-05,0.009917378746134312,0.6084848970072626,-0.09897015994889044,0.7873696956028676,0.9706719268052945,-0.08780144152367989,0.22380106652663884,-0.22289107905962294,0.020161454662249587,0.9746348457866356,-0.09008649947541598,-0.9959339449041116,0.0,39.14570142817415,-53.804229332798116,1.8248780251712375,376.8809177657464,SLIDING
0.006419967859983444,0.19259903579950333,-5.672589048796939,-3.514626995812047,-9.27829344130865,-5.794479713402772,-3.62192623595459,-9.259492379728512,-6.4062749620882675,-3.3959538734521435,-10.228084344749394,-5.007061492709042,-3.6222755572287433,-8.41673673521657,-0.001284731692255303,6.982958767839317e-05,0.009916884001922921,0.608353682338794,-0.09840073207678242,0.7875424389273148,0.9706719268052945,-0.08780144152367989,0.22380106652663884,-0.22289107905962294,0.020161454662249587,0.9746348457866356,-0.09008649947541598,-0.9959339449041116,0.0,39.158288285680975,-53.85580724603994,1.8286446236930978,376.46279818580877,SLIDING
0.006429967936128378,0.19289903808385134,-5.6689966768563265,-3.5153451572757843,-9.277343909515055,-5.794479713402772,-3.62192623595459,-9.259492379728512,-6.402423281811358,-3.3973972107257606,-10.227425372675102,-5.003704339736386,-3.6223359106635407,-8.415523636280168,-0.0012881207671447258,7.860948245032327e-05,0.009916378645378128,0.6081386704673795,-0.09779943475555658,0.7877833636499708,0.9706719268052945,-0.08780144152367989,0.22380106652663884,-0.22289107905962294,0.020161454662249587,0.9746348457866356,-0.09008649947541598,-0.9959339449041116,0.0,39.17711933399692,-53.91007153066754,1.8324072001263634,376.0535201302043,SLIDING
0.006439968012273312,0.19319904036819935,-5.6654062122643465,-3.5161111961704377,-9.27643505789152,-5.794479713402772,-3.62192623595459,-9.259492379728512,-6.3986194031658385,-3.3988436909079134,-10.226765441752377,-5.000307463341908,-3.622484720279388,-8.414388988327893,-0.0012915229125195834,8.738370326299684e-05,0.009915862678295908,0.6079617129669261,-0.09723523016151085,0.7879897623584708,0.9706719268052945,-0.08780144152367989,0.22380106652663884,-0.22289107905962294,0.020161454662249587,0.9746348457866356,-0.09008649947541598,-0.9959339449041116,0.0,39.19299908554481,-53.96100153337347,1.8361630245918619,374.3651467573932,SLIDING
0.006449967622756958,0.19349902868270874,-5.66179083293085,-3.51699055839597,-9.275732944978389,-5.794479713402772,-3.62192623595459,-9.259492379728512,-6.395097452897786,-3.400212538540718,-10.226051515134165,-4.996607334367638,-3.6229200695820323,-8.413697591643775,-0.0012949379569543126,9.615181076188644e-05,0.009915336127278452,0.6080391819696297,-0.09682936132231071,0.7879799667349527,0.9706719268052945,-0.08780144152367989,0.22380106652663884,-0.22289107905962294,0.020161454662249587,0.9746348457866356,-0.09008649947541598,-0.9959339449041116,0.0,39.1896108317949,-53.998091200058866,1.8399067147054424,374.37517961225086,SLIDING
0.006459967698901892,0.19379903096705675,-5.658192262107181,-3.5178811411958817,-9.274977217687281,-5.794479713402772,-3.62192623595459,-9.259492379728512,-6.391490975476586,-3.4016314523088464,-10.225366662281449,-4.993015935630057,-3.623331402594381,-8.412877574046806,-0.0012983662063789988,0.00010491459041785186,0.009914798945155123,0.6080326260202301,-0.096391282732841,0.7880387340150614,0.9706719268052945,-0.08780144152367989,0.22380106652663884,-0.22289107905962294,0.020161454662249587,0.9746348457866356,-0.09008649947541598,-0.9959339449041116,0.0,39.19248287605904,-54.03791393654576,1.8436470734079808,373.8622062236036,SLIDING
0.006469967775046825,0.19409903325140476,-5.654610857421207,-3.518782616744626,-9.274169306529673,-5.794479713402772,-3.62192623595459,-9.259492379728512,-6.387799581024974,-3.403099925672678,-10.224712782735889,-4.989534302820021,-3.623718553602683,-8.4119299405905,-0.0013018074898869581,0.00011367160264899463,0.009914251158106376,0.6079414253065012,-0.09592114257826301,0.7881664531066903,0.9706719268052945,-0.08780144152367989,0.22380106652663884,-0.22289107905962294,0.020161454662249587,0.9746348457866356,-0.09008649947541598,-0.9959339449041116,0.0,39.20165953296284,-54.08043785007608,1.8473834046265942,373.424792899239,SLIDING
0.006479967385530472,0.19439902156591415,-5.651046857291507,-3.5196951042514923,-9.273308615459117,-5.794479713402772,-3.62192623595459,-9.259492379728512,-6.384024792057441,-3.404618229477872,-10.224088163845686,-4.98616150955085,-3.624081504266658,-8.410855108102746,-0.0013052616340938886,0.00012242240897006294,0.00991369279432866,0.607766644568083,-0.09541881512555923,0.7883621981491046,0.9706719268052945,-0.08780144152367989,0.22380106652663884,-0.22289107905962294,0.020161454662249587,0.9746348457866356,-0.09008649947541598,-0.9959339449041116,0.0,39.217063210121644,-54.125657595090004,1.851115620797641,373.008349762867,SLIDING
0.0064899674616754055,0.19469902385026217,-5.647500380927371,-3.520618529210675,-9.272395263684901,-5.794479713402772,-3.62192623595459,-9.259492379728512,-6.380166228212604,-3.4061862747587783,-10.22349310563095,-4.982898128193111,-3.624420193197045,-8.40965303177907,-0.0013087289484301089,0.00013116779330269533,0.009913123803803343,0.6075078695736927,-0.09488431236446371,0.7886261190660351,0.9706719268052945,-0.08780144152367989,0.22380106652663884,-0.22289107905962294,0.020161454662249587,0.9746348457866356,-0.09008649947541598,-0.9959339449041116,0.0,39.23872104244385,-54.173549376786,1.8548435729871233,372.6002144579441,SLIDING
0.006499967537820339,0.19499902613461018,-5.643943533355045,-3.521621004829991,-9.271598856223735,-5.794479713402772,-3.62192623595459,-9.259492379728512,-6.376470925124199,-3.407719877120861,-10.222867084961578,-4.979466873820236,-3.624940882977649,-8.408702066211939,-0.001312209260028513,0.0001399073169305512,0.009912544214305452,0.6073930657843319,-0.09444391558990793,0.7887673994563649,0.9706719268052945,-0.08780144152367989,0.22380106652663884,-0.22289107905962294,0.020161454662249587,0.9746348457866356,-0.09008649947541598,-0.9959339449041116,0.0,39.24945207530489,-54.213235550764125,1.8585623607171744,371.5301792425833,NONE
0.006509967613965273,0.1952990284189582,-5.6403900236428255,-3.5226615678173188,-9.270826827062281,-5.794479713402772,-3.62192623595459,-9.259492379728512,-6.3727826030109345,-3.409265504151923,-10.222259185153643,-4.976035652632538,-3.6255233016383577,-8.407781155075856,-0.0013157025565238057,0.0001486409488008371,0.00991195402789387,0.607281282773216,-0.09402512934192819,0.7889034913381681,0.9706719268052945,-0.08780144152367989,0.22380106652663884,-0.22289107905962294,0.020161454662249587,0.9746348457866356,-0.09008649947541598,-0.9959339449041116,0.0,39.25984851881259,-54.25094885211752,1.862275796716462,371.1320111201251,SLIDING
0.006519967224448919,0.19559901673346758,-5.636854633742618,-3.523713559995282,-9.269999693406733,-5.794479713402772,-3.62192623595459,-9.259492379728512,-6.369014281624775,-3.410862199923656,-10.221676061787615,-4.972711555221082,-3.626081192396372,-8.40673267933277,-0.0013192086619282408,0.00015736825160865588,0.009911353274889482,0.6070881419146494,-0.09357347498813715,0.7891058184586293,0.9706719268052945,-0.08780144152367989,0.22380106652663884,-0.22289107905962294,0.020161454662249587,0.9746348457866356,-0.09008649947541598,-0.9959339449041116,0.0,39.27631003558381,-54.29139963001447,1.865984980266873,370.7099023036827,SLIDING
0.006529967300593853,0.1958990190178156,-5.633336648398685,-3.524776444922078,-9.269119899047526,-5.794479713402772,-3.62192623595459,-9.259492379728512,-6.365162049321537,-3.4125089216040516,-10.221122354592525,-4.969496765778727,-3.6266144781571783,-8.405557090834034,-0.0013227278903280553,0.00016609000716984954,0.009910741901475426,0.6068109928447001,-0.09308937241440295,0.7893762016341273,0.9706719268052945,-0.08780144152367989,0.22380106652663884,-0.22289107905962294,0.020161454662249587,0.9746348457866356,-0.09008649947541598,-0.9959339449041116,0.0,39.29902276516833,-54.33452280342748,1.8696900116238027,370.30116666196534,SLIDING
0.006539967376738787,0.1961990213021636,-5.629814013892459,-3.5259012441736344,-9.268318484796199,-5.794479713402772,-3.62192623595459,-9.259492379728512,-6.361408955049325,-3.41414022696894,-10.220557638947412,-4.966183181660488,-3.6272798249786926,-8.4045409669337,-0.0013262600662506537,0.00017480577794347683,0.009910119937551604,0.6066199014734074,-0.09266939043902293,0.7895724660929189,0.9706719268052945,-0.08780144152367989,0.22380106652663884,-0.22289107905962294,0.020161454662249587,0.9746348457866356,-0.09008649947541598,-0.9959339449041116,0.0,39.3151618541878,-54.372041965818234,1.8733874504072787,369.5101531064586,SLIDING
0.00654996745288372,0.1964990235865116,-5.626301869803714,-3.5270528655153397,-9.267504762185725,-5.794479713402772,-3.62192623595459,-9.259492379728512,-6.357628722047189,-3.4158016583292263,-10.220009509511872,-4.962914221413917,-3.627968996913112,-8.403486324369025,-0.0013298051771457227,0.0001835155329616077,0.009909487385328233,0.6063976089709878,-0.0922466689495157,0.7897926891925423,0.9706719268052945,-0.08780144152367989,0.22380106652663884,-0.22289107905962294,0.020161454662249587,0.9746348457866356,-0.09008649947541598,-0.9959339449041116,0.0,39.33357021888902,-54.40968913864279,1.8770798160790907,369.03728197445696,SLIDING
0.006559967063367367,0.196799011901021,-5.6228060573876375,-3.528216690908063,-9.266643266452464,-5.794479713402772,-3.62192623595459,-9.259492379728512,-6.353768050917028,-3.417510771212424,-10.219491550782896,-4.959749372866579,-3.628638191232338,-8.40231320572091,-0.0013333630444319466,0.00019221883612486563,0.009908844277248875,0.6060950774132384,-0.09179453044344088,0.7900775413312979,0.9706719268052945,-0.08780144152367989,0.22380106652663884,-0.22289107905962294,0.020161454662249587,0.9746348457866356,-0.09008649947541598,-0.9959339449041116,0.0,39.35793517535294,-54.449724982197985,1.8807680922638301,368.51157580614694,SLIDING
0.0065699671395123005,0.19709901418536901,-5.619308695250797,-3.5294359188181046,-9.265842209829005,-5.794479713402772,-3.62192623595459,-9.259492379728512,-6.349984523381722,-3.419213387294824,-10.218965977931212,-4.956511591777741,-3.629418937030126,-8.401262257368511,-0.001336933986833551,0.00020091646709849848,0.009908190555701678,0.605857796349557,-0.09139371727621845,0.7903059654620441,0.9706719268052945,-0.08780144152367989,0.22380106652663884,-0.22289107905962294,0.020161454662249587,0.9746348457866356,-0.09008649947541598,-0.9959339449041116,0.0,39.37730125829714,-54.485274855328015,1.884449210802659,367.9252770544913,SLIDING
0.006579967215657234,0.19739901646971703,-5.615826472693729,-3.5306693028312806,-9.264999102128657,-5.794479713402772,-3.62192623595459,-9.259492379728512,-6.346126798771898,-3.4209609333347166,-10.218469918139347,-4.953369987677358,-3.6301859239231242,-8.40010434200702,-0.0013405178262826153,0.0002096079895421736,0.009907526252709442,0.6055464396063219,-0.09096738721235113,0.7905937287531853,0.9706719268052945,-0.08780144152367989,0.22380106652663884,-0.22289107905962294,0.020161454662249587,0.9746348457866356,-0.09008649947541598,-0.9959339449041116,0.0,39.402153451885056,-54.52286820200351,1.8881262877785367,367.33937572225966,SLIDING
0.006589966826140881,0.19769900478422642,-5.612349256926822,-3.5319432925087098,-9.264178077949198,-5.794479713402772,-3.62192623595459,-9.259492379728512,-6.342293560532897,-3.422721282617216,-10.217977299892617,-4.950215720411265,-3.631018736097376,-8.39898542032966,-0.0013441143822601484,0.00021829296827621084,0.009906851402306438,0.605251234835492,-0.09056411020876533,0.7908660345925896,0.9706719268052945,-0.08780144152367989,0.22380106652663884,-0.22289107905962294,0.020161454662249587,0.9746348457866356,-0.09008649947541598,-0.9959339449041116,0.0,39.42570756707489,-54.5583879423577,1.8917971277240895,366.8942710083501,SLIDING
0.006599966902285814,0.19799900706857443,-5.6088813394845,-3.533244745026219,-9.263349215758952,-5.794479713402772,-3.62192623595459,-9.259492379728512,-6.338434059946118,-3.424509417533908,-10.217503577596574,-4.947103008607234,-3.6318787183047005,-8.397834410226286,-0.0013477239769539053,0.0002269721813258901,0.009906165944039017,0.6049265440603839,-0.09016056555251858,0.7911605075522984,0.9706719268052945,-0.08780144152367989,0.22380106652663884,-0.22289107905962294,0.020161454662249587,0.9746348457866356,-0.09008649947541598,-0.9959339449041116,0.0,39.45138550668347,-54.593798173991004,1.895463107479122,366.35275025068773,SLIDING
0.006609966978430748,0.19829900935292244,-5.6054216474831575,-3.5345769982439164,-9.262519250882777,-5.794479713402772,-3.62192623595459,-9.259492379728512,-6.33456115177041,-3.4263218946972036,-10.217044004587674,-4.9440181455969885,-3.6327753596848265,-8.396668462350087,-0.001351346430355971,0.0002356451932672061,0.009905469911521152,0.604583915727575,-0.08976237608157506,0.7914676270598201,0.9706719268052945,-0.08780144152367989,0.22380106652663884,-0.22289107905962294,0.020161454662249587,0.9746348457866356,-0.09008649947541598,-0.9959339449041116,0.0,39.47832113984076,-54.62862479960016,1.8991240541576744,365.8127476149992,SLIDING
0.006619967054575682,0.19859901163727045,-5.601969942504215,-3.535940514097798,-9.261689524425181,-5.794479713402772,-3.62192623595459,-9.259492379728512,-6.330676413976017,-3.42815807813489,-10.216598375847441,-4.940959245313014,-3.63371011808788,-8.395490320295975,-0.0013549817295964068,0.00024431197328358403,0.009904763307225218,0.6042248559404365,-0.08937045215347413,0.7917861111093337,0.9706719268052945,-0.08780144152367989,0.22380106652663884,-0.22289107905962294,0.020161454662249587,0.9746348457866356,-0.09008649947541598,-0.9959339449041116,0.0,39.50639929385656,-54.662788886294464,1.9027799396039935,365.3414676981079,SLIDING
0.006629966665059328,0.19889899995177984,-5.598526462966251,-3.537334532628644,-9.260858158839854,-5.794479713402772,-3.62192623595459,-9.259492379728512,-6.3267769219182535,-3.4300188553737003,-10.216167377911393,-4.937929415393163,-3.634680739117742,-8.394295780635291,-0.0013586296915801136,0.00025297208744428555,0.009904046167305235,0.6038467419674308,-0.08898342771480064,0.7921180857722188,0.9706719268052945,-0.08780144152367989,0.22380106652663884,-0.22289107905962294,0.020161454662249587,0.9746348457866356,-0.09008649947541598,-0.9959339449041116,0.0,39.53581505220949,-54.69640320681916,1.9064308858632124,364.8527778933947,SLIDING
0.006639966741204262,0.19919900223612785,-5.595091089659976,-3.538758949528325,-9.260025273336085,-5.794479713402772,-3.62192623595459,-9.259492379728512,-6.322862109390326,-3.431904236022474,-10.215751438424075,-4.934928942100231,-3.6356870151320373,-8.39308468279526,-0.001362290643100971,0.0002616263115467504,0.009903318427518121,0.6034492031696067,-0.0886012083085059,0.7924638067951368,0.9706719268052945,-0.08780144152367989,0.22380106652663884,-0.22289107905962294,0.020161454662249587,0.9746348457866356,-0.09008649947541598,-0.9959339449041116,0.0,39.56659388649443,-54.72947302027208,1.9100769728108702,364.3648128432561,SLIDING
0.0066499668173491955,0.19949900452047586,-5.591663941794681,-3.5402137051921967,-9.259190838111552,-5.794479713402772,-3.62192623595459,-9.259492379728512,-6.318931856240071,-3.4338141221756535,-10.21535065683629,-4.931958161768628,-3.6367289212689347,-8.39185687972786,-0.0013659644015737776,0.0002702742114105738,0.009902580123597715,0.6030320410745406,-0.08822382569273103,0.7928233813514914,0.9706719268052945,-0.08780144152367989,0.22380106652663884,-0.22289107905962294,0.020161454662249587,0.9746348457866356,-0.09008649947541598,-0.9959339449041116,0.0,39.598748058867116,-54.76199282773939,1.9137180861702738,363.8797967348472,SLIDING
0.006659966893494129,0.19979900680482388,-5.588278278762149,-3.5417284231287125,-9.258253793491038,-5.794479713402772,-3.62192623595459,-9.259492379728512,-6.315196488193604,-3.4358079445527028,-10.214732679095295,-4.92888971666145,-3.637809042872547,-8.390630409078158,-0.0013696509539452906,0.0002789157563089708,0.00990183125816742,0.6027420745791974,-0.08782656448688894,0.7930879434857121,0.9706719268052945,-0.08780144152367989,0.22380106652663884,-0.22289107905962294,0.020161454662249587,0.9746348457866356,-0.09008649947541598,-0.9959339449041116,0.0,39.621855823552515,-54.79670915075103,1.9173471602333567,362.4587736885519,SLIDING
0.006666666828095913,0.2000000048428774,-5.586017355376529,-3.5427623401981476,-9.257615368140849,-5.794479713402772,-3.62192623595459,-9.259492379728512,-6.312698466895437,-3.4371667012540623,-10.214310310528024,-4.926843865136189,-3.638548297440715,-8.389795998306814,-0.0013721279934486,0.0002847017838043,0.0099013236319137,0.6025454790257598,-0.08755721573332717,0.7932670922700912,0.9706719268052945,-0.08780144152367989,0.22380106652663884,-0.22289107905962294,0.020161454662249587,0.9746348457866356,-0.09008649947541598,-0.9959339449041116,0.0,39.63752088986502,-54.82022707976321,1.9197754347758185,362.4111063245473,SLIDING
