node,x_mm,y_mm,z_mm
1,1.79999995231628,0.407499998807907,0.0
2,0.414235979318619,0.407499998807907,-9.98087112065018e-17
3,0.0,4.33680868994202e-19,0.0
4,1.79999995231628,0.403157413005829,0.059332475066185
5,1.79999995231628,0.390222251415253,0.117400385439396
6,1.79999995231628,0.368970155715942,0.172966107726097
7,1.79999995231628,0.339854121208191,0.224845349788666
8,1.79999995231628,0.303494662046432,0.271932423114777
9,1.79999995231628,0.260666757822037,0.313223719596863
10,1.79999995231628,0.212283194065094,0.347839176654816
11,1.79999995231628,0.159375175833702,0.37504106760025
12,1.79999995231628,0.103070355951786,0.394249618053436
13,1.79999995231628,0.0445687659084797,0.405055403709412
14,1.79999995231628,-0.0148827247321606,0.407228142023087
15,1.79999995231628,-0.0740170180797577,0.400721520185471
16,1.79999995231628,-0.131573766469955,0.385674208402634
17,1.79999995231628,-0.186326250433922,0.362406939268112
18,1.79999995231628,-0.237107515335083,0.331415563821793
19,1.79999995231628,-0.282835245132446,0.293360680341721
20,1.79999995231628,-0.322534829378128,0.249053284525871
21,1.79999995231628,-0.355360120534897,0.199437767267227
22,1.79999995231628,-0.380611568689346,0.14557158946991
23,1.79999995231628,-0.397750914096832,0.0886027961969376
24,1.79999995231628,-0.406412899494171,0.02974558994174
25,1.79999995231628,-0.406412899494171,-0.02974558994174
26,1.79999995231628,-0.397750914096832,-0.0886027961969376
27,1.79999995231628,-0.380611568689346,-0.14557158946991
28,1.79999995231628,-0.355360120534897,-0.199437767267227
29,1.79999995231628,-0.322534829378128,-0.249053284525871
30,1.79999995231628,-0.282835245132446,-0.293360680341721
31,1.79999995231628,-0.237107515335083,-0.331415563821793
32,1.79999995231628,-0.186326250433922,-0.362406939268112
33,1.79999995231628,-0.131573766469955,-0.385674208402634
34,1.79999995231628,-0.0740170180797577,-0.400721520185471
35,1.79999995231628,-0.0148827247321606,-0.407228142023087
36,1.79999995231628,0.0445687659084797,-0.405055403709412
37,1.79999995231628,0.103070355951786,-0.394249618053436
38,1.79999995231628,0.159375175833702,-0.37504106760025
39,1.79999995231628,0.212283194065094,-0.347839176654816
40,1.79999995231628,0.260666757822037,-0.313223719596863
41,1.79999995231628,0.303494662046432,-0.271932423114777
42,1.79999995231628,0.339854121208191,-0.224845349788666
43,1.79999995231628,0.368970155715942,-0.172966107726097
44,1.79999995231628,0.390222251415253,-0.117400385439396
45,1.79999995231628,0.403157413005829,-0.059332475066185
46,1.73974943161011,0.407499998807907,0.0
47,1.67949879169464,0.407499998807907,0.0
48,1.61924815177917,0.407499998807907,0.0
49,1.55899751186371,0.407499998807907,0.0
50,1.49874699115753,0.407499998807907,0.0
51,1.43849635124207,0.407499998807907,0.0
52,1.3782457113266,0.407499998807907,0.0
53,1.31799507141113,0.407499998807907,0.0
54,1.25774455070496,0.407499998807907,0.0
55,1.19749391078949,0.407499998807907,0.0
56,1.13724327087402,0.407499998807907,0.0
57,1.07699275016785,0.407499998807907,0.0
58,1.01674211025238,0.407499998807907,0.0
59,0.956491470336914,0.407499998807907,0.0
60,0.896240890026093,0.407499998807907,0.0
61,0.835990250110626,0.407499998807907,0.0
62,0.775739669799805,0.407499998807907,0.0
63,0.715489029884338,0.407499998807907,0.0
64,0.655238449573517,0.407499998807907,0.0
65,0.594987809658051,0.407499998807907,0.0
66,0.534737229347229,0.407499998807907,0.0
67,0.474486589431763,0.407499998807907,0.0
68,0.414235979318619,0.403157413005829,0.059332475066185
69,0.414235979318619,0.390222251415253,0.117400385439396
70,0.414235979318619,0.368970155715942,0.172966107726097
71,0.414235979318619,0.339854121208191,0.224845349788666
72,0.414235979318619,0.303494662046432,0.271932423114777
73,0.414235979318619,0.260666757822037,0.313223719596863
74,0.414235979318619,0.212283194065094,0.347839176654816
75,0.414235979318619,0.159375175833702,0.37504106760025
76,0.414235979318619,0.103070355951786,0.394249618053436
77,0.414235979318619,0.0445687659084797,0.405055403709412
78,0.414235979318619,-0.0148827247321606,0.407228142023087
79,0.414235979318619,-0.0740170180797577,0.400721520185471
80,0.414235979318619,-0.131573766469955,0.385674208402634
81,0.414235979318619,-0.186326250433922,0.362406939268112
82,0.414235979318619,-0.237107515335083,0.331415563821793
83,0.414235979318619,-0.282835245132446,0.293360680341721
84,0.414235979318619,-0.322534829378128,0.249053284525871
85,0.414235979318619,-0.355360120534897,0.199437767267227
86,0.414235979318619,-0.380611568689346,0.14557158946991
87,0.414235979318619,-0.397750914096832,0.0886027961969376
88,0.414235979318619,-0.406412899494171,0.02974558994174
89,0.414235979318619,-0.406412899494171,-0.02974558994174
90,0.414235979318619,-0.397750914096832,-0.0886027961969376
91,0.414235979318619,-0.380611568689346,-0.14557158946991
92,0.414235979318619,-0.355360120534897,-0.199437767267227
93,0.414235979318619,-0.322534829378128,-0.249053284525871
94,0.414235979318619,-0.282835245132446,-0.293360680341721
95,0.414235979318619,-0.237107515335083,-0.331415563821793
96,0.414235979318619,-0.186326250433922,-0.362406939268112
97,0.414235979318619,-0.131573766469955,-0.385674208402634
98,0.414235979318619,-0.0740170180797577,-0.400721520185471
99,0.414235979318619,-0.0148827247321606,-0.407228142023087
100,0.414235979318619,0.0445687659084797,-0.405055403709412
101,0.414235979318619,0.103070355951786,-0.394249618053436
102,0.414235979318619,0.159375175833702,-0.37504106760025
103,0.414235979318619,0.212283194065094,-0.347839176654816
104,0.414235979318619,0.260666757822037,-0.313223719596863
105,0.414235979318619,0.303494662046432,-0.271932423114777
106,0.414235979318619,0.339854121208191,-0.224845349788666
107,0.414235979318619,0.368970155715942,-0.172966107726097
108,0.414235979318619,0.390222251415253,-0.117400385439396
109,0.414235979318619,0.403157413005829,-0.059332475066185
110,0.00508545432239771,0.0582730807363987,0.0
111,0.0183273702859879,0.115249089896679,0.0
112,0.0394617654383183,0.169792205095291,0.0
113,0.0680673271417618,0.220815092325211,0.0
114,0.103573799133301,0.267300635576248,0.0
115,0.145273357629776,0.308322101831436,0.0
116,0.192334711551666,0.343061745166779,0.0
117,0.243819698691368,0.37082701921463,0.0
118,0.29870194196701,0.391064435243607,0.0
119,0.35588738322258,0.403370529413223,0.0
120,1.79999995231628,-0.185937002301216,0.299922704696655
121,1.79999995231628,-0.264929711818695,0.236874788999557
122,1.79999995231628,-0.319962352514267,0.150843799114227
123,1.79999995231628,-0.348770916461945,0.0549863688647747
124,1.79999995231628,-0.354957669973373,-0.00246701738797128
125,1.79999995231628,-0.340414077043533,-0.0962507948279381
126,1.79999995231628,0.0640478581190109,-0.346915304660797
127,1.79999995231628,0.330943822860718,0.125158861279488
128,1.79999995231628,0.281145632266998,0.215703681111336
129,1.79999995231628,0.209806680679321,0.284899592399597
130,1.79999995231628,0.163225114345551,-0.31361386179924
131,1.79999995231628,0.247050508856773,-0.255719721317291
132,1.79999995231628,0.308784693479538,-0.174143418669701
133,1.79999995231628,0.345591962337494,-0.0773699581623077
134,1.79999995231628,0.353971242904663,0.0251955781131983
135,1.79999995231628,0.355137467384338,0.0779123827815056
136,1.79999995231628,0.316128045320511,0.176156163215637
137,1.79999995231628,0.254208296537399,0.260688632726669
138,1.79999995231628,0.158331900835037,0.314034759998322
139,1.79999995231628,0.0381891615688801,0.358478873968124
140,1.79999995231628,-0.0337409041821957,0.353857487440109
141,1.79999995231628,-0.131361678242683,0.328165501356125
142,1.79999995231628,-0.23374280333519,0.278741955757141
143,1.79999995231628,-0.302936285734177,0.200994044542313
144,1.79999995231628,-0.346025049686432,0.105275958776474
145,1.79999995231628,-0.360507011413574,-0.0514511726796627
146,1.79999995231628,-0.186671152710915,-0.300751894712448
147,1.79999995231628,-0.0586663521826267,-0.345206737518311
148,1.79999995231628,0.00962739810347557,-0.361428916454315
149,1.79999995231628,0.117694988846779,-0.341132283210754
150,1.79999995231628,0.212930962443352,-0.295211613178253
151,1.79999995231628,0.287699311971664,-0.222846254706383
152,1.79999995231628,0.338639348745346,-0.130120635032654
153,1.79999995231628,0.362254410982132,-0.0268903393298388
154,1.79999995231628,-0.306322127580643,-0.0398548245429993
155,1.79999995231628,0.181120842695236,-0.246392294764519
156,1.79999995231628,0.0121758012101054,-0.299593478441238
157,1.79999995231628,0.157127916812897,0.253850758075714
158,1.79999995231628,0.0978668108582497,-0.275406539440155
159,1.79999995231628,0.296974271535873,0.062383022159338
160,1.79999995231628,-0.282037407159805,0.0870088413357735
161,1.79999995231628,0.215829417109489,0.216160818934441
162,1.79999995231628,-0.308219224214554,0.0215348713099957
163,1.79999995231628,-0.133623138070107,0.266592621803284
164,1.79999995231628,0.279909998178482,-0.109890662133694
165,1.79999995231628,0.23920264840126,-0.187985002994537
166,1.79999995231628,-0.253421038389206,0.169945225119591
167,1.79999995231628,0.258631974458694,0.141781911253929
168,1.79999995231628,-0.198666334152222,0.231680035591125
169,1.79999995231628,0.301464945077896,-0.0236940011382103
170,1.79999995231628,-0.132051169872284,-0.326023429632187
171,1.79999995231628,-0.320797592401505,-0.147747278213501
172,1.79999995231628,0.103573955595493,0.338603228330612
173,1.79999995231628,-0.0877626538276672,0.353623151779175
174,1.79999995231628,-0.260834395885468,-0.239289104938507
175,1.79999995231628,-0.294699132442474,-0.194636672735214
176,1.79999995231628,-0.232634514570236,-0.280308395624161
177,1.79999995231628,-0.0703599900007248,0.297751873731613
178,1.79999995231628,-0.271636575460434,-0.148944318294525
179,1.79999995231628,-0.236514627933502,-0.185063987970352
180,1.79999995231628,-0.195405974984169,-0.237491145730019
181,1.79999995231628,-0.138066217303276,-0.268592596054077
182,1.79999995231628,0.10336796194315,0.281775504350662
183,1.79999995231628,0.152157291769981,0.194534808397293
184,1.79999995231628,-0.247677430510521,0.00577983353286982
185,1.79999995231628,-0.285090327262878,-0.101631678640842
186,1.79999995231628,-0.220462903380394,-0.118225708603859
187,1.79999995231628,0.0579915083944798,0.306340754032135
188,1.79999995231628,-0.0919324085116386,-0.29209166765213
189,1.79999995231628,0.101789958775043,0.224629804491997
190,1.79999995231628,-0.173074096441269,-0.174292579293251
191,1.79999995231628,0.00174162979237735,0.301878452301025
192,1.79999995231628,-0.084041066467762,-0.237983614206314
193,1.79999995231628,0.0997341126203537,0.168742671608925
194,1.79999995231628,-0.0481350272893906,-0.283377438783646
195,1.79999995231628,-0.139925584197044,-0.219055488705635
196,1.79999995231628,-0.136252209544182,0.203802362084389
197,1.79999995231628,-0.249638020992279,-0.0605313368141651
198,1.79999995231628,-0.0185230411589146,-0.240399122238159
199,1.79999995231628,-0.107535429298878,-0.176532700657845
200,1.79999995231628,-0.186436295509338,-0.0467791147530079
201,1.79999995231628,0.146385192871094,0.13677404820919
202,1.79999995231628,0.060452688485384,0.19593109190464
203,1.79999995231628,-0.184931918978691,0.1631890386343
204,1.79999995231628,-0.0239234361797571,0.242662340402603
205,1.79999995231628,0.0445233136415482,0.249183252453804
206,1.79999995231628,0.0479600690305233,0.147158667445183
207,1.79999995231628,0.193908974528313,0.158986955881119
208,1.79999995231628,0.0937487185001373,0.11234275996685
209,1.79999995231628,-0.0837752893567085,0.229081392288208
210,1.79999995231628,-0.129373669624329,0.147372126579285
211,1.79999995231628,0.0364490896463394,-0.242000743746758
212,1.79999995231628,-0.220609977841377,0.118621990084648
213,1.79999995231628,-0.0445082373917103,-0.186165973544121
214,1.79999995231628,-0.136330425739288,-0.11009781062603
215,1.79999995231628,-0.0469132624566555,0.184290945529938
216,1.79999995231628,0.194779291749001,0.105873860418797
217,1.79999995231628,0.141630634665489,0.0789859145879745
218,1.79999995231628,0.0156814269721508,-0.192750990390778
219,1.79999995231628,-0.168915301561356,0.106512002646923
220,1.79999995231628,-0.0657529830932617,-0.128927439451218
221,1.79999995231628,0.0372233986854553,0.0879894569516182
222,1.79999995231628,-0.210044741630554,0.0635370463132858
223,1.79999995231628,-0.187162220478058,0.013548388145864
224,1.79999995231628,-0.11228846758604,0.0952442064881325
225,1.79999995231628,-0.0945512726902962,0.180175125598907
226,1.79999995231628,0.0867147073149681,0.0521289445459843
227,1.79999995231628,-0.00688492693006992,-0.14065220952034
228,1.79999995231628,0.189455017447472,0.0467253737151623
229,1.79999995231628,-0.0158750787377357,0.128562673926353
230,1.79999995231628,0.0763290598988533,-0.203420653939247
231,1.79999995231628,-0.0768553167581558,0.137847751379013
232,1.79999995231628,-0.0237622857093811,-0.0889953672885895
233,1.79999995231628,0.0527479276061058,-0.146135821938515
234,1.79999995231628,-0.150132745504379,0.0522541850805283
235,1.79999995231628,0.236190617084503,0.0745376944541931
236,1.79999995231628,0.136654824018478,0.0177758932113647
237,1.79999995231628,-0.0202831421047449,0.0633048415184021
238,1.79999995231628,0.0295744035393,0.0253515671938658
239,1.79999995231628,-0.135132431983948,-0.0021381308324635
240,1.79999995231628,-0.0777690932154655,-0.0739235505461693
241,1.79999995231628,0.024921391159296,-0.101004965603352
242,1.79999995231628,-0.0839101746678352,0.0406956486403942
243,1.79999995231628,0.240062400698662,0.0152085879817605
244,1.79999995231628,-0.0287102926522493,0.00351127935573459
245,1.79999995231628,0.0110373832285404,0.1912981569767
246,1.79999995231628,0.184995919466019,-0.0147935347631574
247,1.79999995231628,0.0817792192101479,-0.0131009379401803
248,1.79999995231628,-0.123161397874355,-0.0507135055959225
249,1.79999995231628,0.122367911040783,-0.149945244193077
250,1.79999995231628,0.0183998309075832,-0.0434101633727551
251,1.79999995231628,0.0826166197657585,-0.0848634839057922
252,1.79999995231628,0.134509921073914,-0.0432415269315243
253,1.79999995231628,0.230020180344582,-0.0539442524313927
254,1.79999995231628,0.130397602915764,-0.212042406201363
255,1.79999995231628,-0.0810317248106003,-0.0210986081510782
256,1.79999995231628,0.173727765679359,-0.183644071221352
257,1.79999995231628,-0.0385747142136097,-0.0447832830250263
258,1.79999995231628,0.177590146660805,-0.0659322738647461
259,1.79999995231628,0.142526879906654,-0.0931675881147385
260,1.79999995231628,0.195049360394478,-0.12064415961504
261,1.79999995231628,-0.0618424378335476,0.0931310281157494
262,1.73974943161011,0.403157413005829,-0.059332475066185
263,1.73974943161011,0.390222251415253,-0.117400385439396
264,1.73974943161011,0.368970155715942,-0.172966107726097
265,1.73974943161011,0.339854121208191,-0.224845349788666
266,1.73974943161011,0.303494662046432,-0.271932423114777
267,1.73974943161011,0.260666757822037,-0.313223719596863
268,1.73974943161011,0.212283194065094,-0.347839176654816
269,1.73974943161011,0.159375175833702,-0.37504106760025
270,1.73974943161011,0.103070355951786,-0.394249618053436
271,1.73974943161011,0.0445687659084797,-0.405055403709412
272,1.73974943161011,-0.0148827247321606,-0.407228142023087
273,1.73974943161011,-0.0740170180797577,-0.400721520185471
274,1.73974943161011,-0.131573766469955,-0.385674208402634
275,1.73974943161011,-0.186326250433922,-0.362406939268112
276,1.73974943161011,-0.237107515335083,-0.331415563821793
277,1.73974943161011,-0.282835245132446,-0.293360680341721
278,1.73974943161011,-0.322534829378128,-0.249053284525871
279,1.73974943161011,-0.355360120534897,-0.199437767267227
280,1.73974943161011,-0.380611568689346,-0.14557158946991
281,1.73974943161011,-0.397750914096832,-0.0886027961969376
282,1.73974943161011,-0.406412899494171,-0.02974558994174
283,1.73974943161011,-0.406412899494171,0.02974558994174
284,1.73974943161011,-0.397750914096832,0.0886027961969376
285,1.73974943161011,-0.380611568689346,0.14557158946991
286,1.73974943161011,-0.355360120534897,0.199437767267227
287,1.73974943161011,-0.322534829378128,0.249053284525871
288,1.73974943161011,-0.282835245132446,0.293360680341721
289,1.73974943161011,-0.237107515335083,0.331415563821793
290,1.73974943161011,-0.186326250433922,0.362406939268112
291,1.73974943161011,-0.131573766469955,0.385674208402634
292,1.73974943161011,-0.0740170180797577,0.400721520185471
293,1.73974943161011,-0.0148827247321606,0.407228142023087
294,1.73974943161011,0.0445687659084797,0.405055403709412
295,1.73974943161011,0.103070355951786,0.394249618053436
296,1.73974943161011,0.159375175833702,0.37504106760025
297,1.73974943161011,0.212283194065094,0.347839176654816
298,1.73974943161011,0.260666757822037,0.313223719596863
299,1.73974943161011,0.303494662046432,0.271932423114777
300,1.73974943161011,0.339854121208191,0.224845349788666
301,1.73974943161011,0.368970155715942,0.172966107726097
302,1.73974943161011,0.390222251415253,0.117400385439396
303,1.73974943161011,0.403157413005829,0.059332475066185
304,1.67949879169464,0.403157413005829,-0.059332475066185
305,1.67949879169464,0.390222251415253,-0.117400385439396
306,1.67949879169464,0.368970155715942,-0.172966107726097
307,1.67949879169464,0.339854121208191,-0.224845349788666
308,1.67949879169464,0.303494662046432,-0.271932423114777
309,1.67949879169464,0.260666757822037,-0.313223719596863
310,1.67949879169464,0.212283194065094,-0.347839176654816
311,1.67949879169464,0.159375175833702,-0.37504106760025
312,1.67949879169464,0.103070355951786,-0.394249618053436
313,1.67949879169464,0.0445687659084797,-0.405055403709412
314,1.67949879169464,-0.0148827247321606,-0.407228142023087
315,1.67949879169464,-0.0740170180797577,-0.400721520185471
316,1.67949879169464,-0.131573766469955,-0.385674208402634
317,1.67949879169464,-0.186326250433922,-0.362406939268112
318,1.67949879169464,-0.237107515335083,-0.331415563821793
319,1.67949879169464,-0.282835245132446,-0.293360680341721
320,1.67949879169464,-0.322534829378128,-0.249053284525871
321,1.67949879169464,-0.355360120534897,-0.199437767267227
322,1.67949879169464,-0.380611568689346,-0.14557158946991
323,1.67949879169464,-0.397750914096832,-0.0886027961969376
324,1.67949879169464,-0.406412899494171,-0.02974558994174
325,1.67949879169464,-0.406412899494171,0.02974558994174
326,1.67949879169464,-0.397750914096832,0.0886027961969376
327,1.67949879169464,-0.380611568689346,0.14557158946991
328,1.67949879169464,-0.355360120534897,0.199437767267227
329,1.67949879169464,-0.322534829378128,0.249053284525871
330,1.67949879169464,-0.282835245132446,0.293360680341721
331,1.67949879169464,-0.237107515335083,0.331415563821793
332,1.67949879169464,-0.186326250433922,0.362406939268112
333,1.67949879169464,-0.131573766469955,0.385674208402634
334,1.67949879169464,-0.0740170180797577,0.400721520185471
335,1.67949879169464,-0.0148827247321606,0.407228142023087
336,1.67949879169464,0.0445687659084797,0.405055403709412
337,1.67949879169464,0.103070355951786,0.394249618053436
338,1.67949879169464,0.159375175833702,0.37504106760025
339,1.67949879169464,0.212283194065094,0.347839176654816
340,1.67949879169464,0.260666757822037,0.313223719596863
341,1.67949879169464,0.303494662046432,0.271932423114777
342,1.67949879169464,0.339854121208191,0.224845349788666
343,1.67949879169464,0.368970155715942,0.172966107726097
344,1.67949879169464,0.390222251415253,0.117400385439396
345,1.67949879169464,0.403157413005829,0.059332475066185
346,1.61924815177917,0.403157413005829,-0.059332475066185
347,1.61924815177917,0.390222251415253,-0.117400385439396
348,1.61924815177917,0.368970155715942,-0.172966107726097
349,1.61924815177917,0.339854121208191,-0.224845349788666
350,1.61924815177917,0.303494662046432,-0.271932423114777
351,1.61924815177917,0.260666757822037,-0.313223719596863
352,1.61924815177917,0.212283194065094,-0.347839176654816
353,1.61924815177917,0.159375175833702,-0.37504106760025
354,1.61924815177917,0.103070355951786,-0.394249618053436
355,1.61924815177917,0.0445687659084797,-0.405055403709412
356,1.61924815177917,-0.0148827247321606,-0.407228142023087
357,1.61924815177917,-0.0740170180797577,-0.400721520185471
358,1.61924815177917,-0.131573766469955,-0.385674208402634
359,1.61924815177917,-0.186326250433922,-0.362406939268112
360,1.61924815177917,-0.237107515335083,-0.331415563821793
361,1.61924815177917,-0.282835245132446,-0.293360680341721
362,1.61924815177917,-0.322534829378128,-0.249053284525871
363,1.61924815177917,-0.355360120534897,-0.199437767267227
364,1.61924815177917,-0.380611568689346,-0.14557158946991
365,1.61924815177917,-0.397750914096832,-0.0886027961969376
366,1.61924815177917,-0.406412899494171,-0.02974558994174
367,1.61924815177917,-0.406412899494171,0.02974558994174
368,1.61924815177917,-0.397750914096832,0.0886027961969376
369,1.61924815177917,-0.380611568689346,0.14557158946991
370,1.61924815177917,-0.355360120534897,0.199437767267227
371,1.61924815177917,-0.322534829378128,0.249053284525871
372,1.61924815177917,-0.282835245132446,0.293360680341721
373,1.61924815177917,-0.237107515335083,0.331415563821793
374,1.61924815177917,-0.186326250433922,0.362406939268112
375,1.61924815177917,-0.131573766469955,0.385674208402634
376,1.61924815177917,-0.0740170180797577,0.400721520185471
377,1.61924815177917,-0.0148827247321606,0.407228142023087
378,1.61924815177917,0.0445687659084797,0.405055403709412
379,1.61924815177917,0.103070355951786,0.394249618053436
380,1.61924815177917,0.159375175833702,0.37504106760025
381,1.61924815177917,0.212283194065094,0.347839176654816
382,1.61924815177917,0.260666757822037,0.313223719596863
383,1.61924815177917,0.303494662046432,0.271932423114777
384,1.61924815177917,0.339854121208191,0.224845349788666
385,1.61924815177917,0.368970155715942,0.172966107726097
386,1.61924815177917,0.390222251415253,0.117400385439396
387,1.61924815177917,0.403157413005829,0.059332475066185
388,1.55899751186371,0.403157413005829,-0.059332475066185
389,1.55899751186371,0.390222251415253,-0.117400385439396
390,1.55899751186371,0.368970155715942,-0.172966107726097
391,1.55899751186371,0.339854121208191,-0.224845349788666
392,1.55899751186371,0.303494662046432,-0.271932423114777
393,1.55899751186371,0.260666757822037,-0.313223719596863
394,1.55899751186371,0.212283194065094,-0.347839176654816
395,1.55899751186371,0.159375175833702,-0.37504106760025
396,1.55899751186371,0.103070355951786,-0.394249618053436
397,1.55899751186371,0.0445687659084797,-0.405055403709412
398,1.55899751186371,-0.0148827247321606,-0.407228142023087
399,1.55899751186371,-0.0740170180797577,-0.400721520185471
400,1.55899751186371,-0.131573766469955,-0.385674208402634
401,1.55899751186371,-0.186326250433922,-0.362406939268112
402,1.55899751186371,-0.237107515335083,-0.331415563821793
403,1.55899751186371,-0.282835245132446,-0.293360680341721
404,1.55899751186371,-0.322534829378128,-0.249053284525871
405,1.55899751186371,-0.355360120534897,-0.199437767267227
406,1.55899751186371,-0.380611568689346,-0.14557158946991
407,1.55899751186371,-0.397750914096832,-0.0886027961969376
408,1.55899751186371,-0.406412899494171,-0.02974558994174
409,1.55899751186371,-0.406412899494171,0.02974558994174
410,1.55899751186371,-0.397750914096832,0.0886027961969376
411,1.55899751186371,-0.380611568689346,0.14557158946991
412,1.55899751186371,-0.355360120534897,0.199437767267227
413,1.55899751186371,-0.322534829378128,0.249053284525871
414,1.55899751186371,-0.282835245132446,0.293360680341721
415,1.55899751186371,-0.237107515335083,0.331415563821793
416,1.55899751186371,-0.186326250433922,0.362406939268112
417,1.55899751186371,-0.131573766469955,0.385674208402634
418,1.55899751186371,-0.0740170180797577,0.400721520185471
419,1.55899751186371,-0.0148827247321606,0.407228142023087
420,1.55899751186371,0.0445687659084797,0.405055403709412
421,1.55899751186371,0.103070355951786,0.394249618053436
422,1.55899751186371,0.159375175833702,0.37504106760025
423,1.55899751186371,0.212283194065094,0.347839176654816
424,1.55899751186371,0.260666757822037,0.313223719596863
425,1.55899751186371,0.303494662046432,0.271932423114777
426,1.55899751186371,0.339854121208191,0.224845349788666
427,1.55899751186371,0.368970155715942,0.172966107726097
428,1.55899751186371,0.390222251415253,0.117400385439396
429,1.55899751186371,0.403157413005829,0.059332475066185
430,1.49874699115753,0.403157413005829,-0.059332475066185
431,1.49874699115753,0.390222251415253,-0.117400385439396
432,1.49874699115753,0.368970155715942,-0.172966107726097
433,1.49874699115753,0.339854121208191,-0.224845349788666
434,1.49874699115753,0.303494662046432,-0.271932423114777
435,1.49874699115753,0.260666757822037,-0.313223719596863
436,1.49874699115753,0.212283194065094,-0.347839176654816
437,1.49874699115753,0.159375175833702,-0.37504106760025
438,1.49874699115753,0.103070355951786,-0.394249618053436
439,1.49874699115753,0.0445687659084797,-0.405055403709412
440,1.49874699115753,-0.0148827247321606,-0.407228142023087
441,1.49874699115753,-0.0740170180797577,-0.400721520185471
442,1.49874699115753,-0.131573766469955,-0.385674208402634
443,1.49874699115753,-0.186326250433922,-0.362406939268112
444,1.49874699115753,-0.237107515335083,-0.331415563821793
445,1.49874699115753,-0.282835245132446,-0.293360680341721
446,1.49874699115753,-0.322534829378128,-0.249053284525871
447,1.49874699115753,-0.355360120534897,-0.199437767267227
448,1.49874699115753,-0.380611568689346,-0.14557158946991
449,1.49874699115753,-0.397750914096832,-0.0886027961969376
450,1.49874699115753,-0.406412899494171,-0.02974558994174
451,1.49874699115753,-0.406412899494171,0.02974558994174
452,1.49874699115753,-0.397750914096832,0.0886027961969376
453,1.49874699115753,-0.380611568689346,0.14557158946991
454,1.49874699115753,-0.355360120534897,0.199437767267227
455,1.49874699115753,-0.322534829378128,0.249053284525871
456,1.49874699115753,-0.282835245132446,0.293360680341721
457,1.49874699115753,-0.237107515335083,0.331415563821793
458,1.49874699115753,-0.186326250433922,0.362406939268112
459,1.49874699115753,-0.131573766469955,0.385674208402634
460,1.49874699115753,-0.0740170180797577,0.400721520185471
461,1.49874699115753,-0.0148827247321606,0.407228142023087
462,1.49874699115753,0.0445687659084797,0.405055403709412
463,1.49874699115753,0.103070355951786,0.394249618053436
464,1.49874699115753,0.159375175833702,0.37504106760025
465,1.49874699115753,0.212283194065094,0.347839176654816
466,1.49874699115753,0.260666757822037,0.313223719596863
467,1.49874699115753,0.303494662046432,0.271932423114777
468,1.49874699115753,0.339854121208191,0.224845349788666
469,1.49874699115753,0.368970155715942,0.172966107726097
470,1.49874699115753,0.390222251415253,0.117400385439396
471,1.49874699115753,0.403157413005829,0.059332475066185
472,1.43849635124207,0.403157413005829,-0.059332475066185
473,1.43849635124207,0.390222251415253,-0.117400385439396
474,1.43849635124207,0.368970155715942,-0.172966107726097
475,1.43849635124207,0.339854121208191,-0.224845349788666
476,1.43849635124207,0.303494662046432,-0.271932423114777
477,1.43849635124207,0.260666757822037,-0.313223719596863
478,1.43849635124207,0.212283194065094,-0.347839176654816
479,1.43849635124207,0.159375175833702,-0.37504106760025
480,1.43849635124207,0.103070355951786,-0.394249618053436
481,1.43849635124207,0.0445687659084797,-0.405055403709412
482,1.43849635124207,-0.0148827247321606,-0.407228142023087
483,1.43849635124207,-0.0740170180797577,-0.400721520185471
484,1.43849635124207,-0.131573766469955,-0.385674208402634
485,1.43849635124207,-0.186326250433922,-0.362406939268112
486,1.43849635124207,-0.237107515335083,-0.331415563821793
487,1.43849635124207,-0.282835245132446,-0.293360680341721
488,1.43849635124207,-0.322534829378128,-0.249053284525871
489,1.43849635124207,-0.355360120534897,-0.199437767267227
490,1.43849635124207,-0.380611568689346,-0.14557158946991
491,1.43849635124207,-0.397750914096832,-0.0886027961969376
492,1.43849635124207,-0.406412899494171,-0.02974558994174
493,1.43849635124207,-0.406412899494171,0.02974558994174
494,1.43849635124207,-0.397750914096832,0.0886027961969376
495,1.43849635124207,-0.380611568689346,0.14557158946991
496,1.43849635124207,-0.355360120534897,0.199437767267227
497,1.43849635124207,-0.322534829378128,0.249053284525871
498,1.43849635124207,-0.282835245132446,0.293360680341721
499,1.43849635124207,-0.237107515335083,0.331415563821793
500,1.43849635124207,-0.186326250433922,0.362406939268112
501,1.43849635124207,-0.131573766469955,0.385674208402634
502,1.43849635124207,-0.0740170180797577,0.400721520185471
503,1.43849635124207,-0.0148827247321606,0.407228142023087
504,1.43849635124207,0.0445687659084797,0.405055403709412
505,1.43849635124207,0.103070355951786,0.394249618053436
506,1.43849635124207,0.159375175833702,0.37504106760025
507,1.43849635124207,0.212283194065094,0.347839176654816
508,1.43849635124207,0.260666757822037,0.313223719596863
509,1.43849635124207,0.303494662046432,0.271932423114777
510,1.43849635124207,0.339854121208191,0.224845349788666
511,1.43849635124207,0.368970155715942,0.172966107726097
512,1.43849635124207,0.390222251415253,0.117400385439396
513,1.43849635124207,0.403157413005829,0.059332475066185
514,1.3782457113266,0.403157413005829,-0.059332475066185
515,1.3782457113266,0.390222251415253,-0.117400385439396
516,1.3782457113266,0.368970155715942,-0.172966107726097
517,1.3782457113266,0.339854121208191,-0.224845349788666
518,1.3782457113266,0.303494662046432,-0.271932423114777
519,1.3782457113266,0.260666757822037,-0.313223719596863
520,1.3782457113266,0.212283194065094,-0.347839176654816
521,1.3782457113266,0.159375175833702,-0.37504106760025
522,1.3782457113266,0.103070355951786,-0.394249618053436
523,1.3782457113266,0.0445687659084797,-0.405055403709412
524,1.3782457113266,-0.0148827247321606,-0.407228142023087
525,1.3782457113266,-0.0740170180797577,-0.400721520185471
526,1.3782457113266,-0.131573766469955,-0.385674208402634
527,1.3782457113266,-0.186326250433922,-0.362406939268112
528,1.3782457113266,-0.237107515335083,-0.331415563821793
529,1.3782457113266,-0.282835245132446,-0.293360680341721
530,1.3782457113266,-0.322534829378128,-0.249053284525871
531,1.3782457113266,-0.355360120534897,-0.199437767267227
532,1.3782457113266,-0.380611568689346,-0.14557158946991
533,1.3782457113266,-0.397750914096832,-0.0886027961969376
534,1.3782457113266,-0.406412899494171,-0.02974558994174
535,1.3782457113266,-0.406412899494171,0.02974558994174
536,1.3782457113266,-0.397750914096832,0.0886027961969376
537,1.3782457113266,-0.380611568689346,0.14557158946991
538,1.3782457113266,-0.355360120534897,0.199437767267227
539,1.3782457113266,-0.322534829378128,0.249053284525871
540,1.3782457113266,-0.282835245132446,0.293360680341721
541,1.3782457113266,-0.237107515335083,0.331415563821793
542,1.3782457113266,-0.186326250433922,0.362406939268112
543,1.3782457113266,-0.131573766469955,0.385674208402634
544,1.3782457113266,-0.0740170180797577,0.400721520185471
545,1.3782457113266,-0.0148827247321606,0.407228142023087
546,1.3782457113266,0.0445687659084797,0.405055403709412
547,1.3782457113266,0.103070355951786,0.394249618053436
548,1.3782457113266,0.159375175833702,0.37504106760025
549,1.3782457113266,0.212283194065094,0.347839176654816
550,1.3782457113266,0.260666757822037,0.313223719596863
551,1.3782457113266,0.303494662046432,0.271932423114777
552,1.3782457113266,0.339854121208191,0.224845349788666
553,1.3782457113266,0.368970155715942,0.172966107726097
554,1.3782457113266,0.390222251415253,0.117400385439396
555,1.3782457113266,0.403157413005829,0.059332475066185
556,1.31799507141113,0.403157413005829,-0.059332475066185
557,1.31799507141113,0.390222251415253,-0.117400385439396
558,1.31799507141113,0.368970155715942,-0.172966107726097
559,1.31799507141113,0.339854121208191,-0.224845349788666
560,1.31799507141113,0.303494662046432,-0.271932423114777
561,1.31799507141113,0.260666757822037,-0.313223719596863
562,1.31799507141113,0.212283194065094,-0.347839176654816
563,1.31799507141113,0.159375175833702,-0.37504106760025
564,1.31799507141113,0.103070355951786,-0.394249618053436
565,1.31799507141113,0.0445687659084797,-0.405055403709412
566,1.31799507141113,-0.0148827247321606,-0.407228142023087
567,1.31799507141113,-0.0740170180797577,-0.400721520185471
568,1.31799507141113,-0.131573766469955,-0.385674208402634
569,1.31799507141113,-0.186326250433922,-0.362406939268112
570,1.31799507141113,-0.237107515335083,-0.331415563821793
571,1.31799507141113,-0.282835245132446,-0.293360680341721
572,1.31799507141113,-0.322534829378128,-0.249053284525871
573,1.31799507141113,-0.355360120534897,-0.199437767267227
574,1.31799507141113,-0.380611568689346,-0.14557158946991
575,1.31799507141113,-0.397750914096832,-0.0886027961969376
576,1.31799507141113,-0.406412899494171,-0.02974558994174
577,1.31799507141113,-0.406412899494171,0.02974558994174
578,1.31799507141113,-0.397750914096832,0.0886027961969376
579,1.31799507141113,-0.380611568689346,0.14557158946991
580,1.31799507141113,-0.355360120534897,0.199437767267227
581,1.31799507141113,-0.322534829378128,0.249053284525871
582,1.31799507141113,-0.282835245132446,0.293360680341721
583,1.31799507141113,-0.237107515335083,0.331415563821793
584,1.31799507141113,-0.186326250433922,0.362406939268112
585,1.31799507141113,-0.131573766469955,0.385674208402634
586,1.31799507141113,-0.0740170180797577,0.400721520185471
587,1.31799507141113,-0.0148827247321606,0.407228142023087
588,1.31799507141113,0.0445687659084797,0.405055403709412
589,1.31799507141113,0.103070355951786,0.394249618053436
590,1.31799507141113,0.159375175833702,0.37504106760025
591,1.31799507141113,0.212283194065094,0.347839176654816
592,1.31799507141113,0.260666757822037,0.313223719596863
593,1.31799507141113,0.303494662046432,0.271932423114777
594,1.31799507141113,0.339854121208191,0.224845349788666
595,1.31799507141113,0.368970155715942,0.172966107726097
596,1.31799507141113,0.390222251415253,0.117400385439396
597,1.31799507141113,0.403157413005829,0.059332475066185
598,1.25774455070496,0.403157413005829,-0.059332475066185
599,1.25774455070496,0.390222251415253,-0.117400385439396
600,1.25774455070496,0.368970155715942,-0.172966107726097
601,1.25774455070496,0.339854121208191,-0.224845349788666
602,1.25774455070496,0.303494662046432,-0.271932423114777
603,1.25774455070496,0.260666757822037,-0.313223719596863
604,1.25774455070496,0.212283194065094,-0.347839176654816
605,1.25774455070496,0.159375175833702,-0.37504106760025
606,1.25774455070496,0.103070355951786,-0.394249618053436
607,1.25774455070496,0.0445687659084797,-0.405055403709412
608,1.25774455070496,-0.0148827247321606,-0.407228142023087
609,1.25774455070496,-0.0740170180797577,-0.400721520185471
610,1.25774455070496,-0.131573766469955,-0.385674208402634
611,1.25774455070496,-0.186326250433922,-0.362406939268112
612,1.25774455070496,-0.237107515335083,-0.331415563821793
613,1.25774455070496,-0.282835245132446,-0.293360680341721
614,1.25774455070496,-0.322534829378128,-0.249053284525871
615,1.25774455070496,-0.355360120534897,-0.199437767267227
616,1.25774455070496,-0.380611568689346,-0.14557158946991
617,1.25774455070496,-0.397750914096832,-0.0886027961969376
618,1.25774455070496,-0.406412899494171,-0.02974558994174
619,1.25774455070496,-0.406412899494171,0.02974558994174
620,1.25774455070496,-0.397750914096832,0.0886027961969376
621,1.25774455070496,-0.380611568689346,0.14557158946991
622,1.25774455070496,-0.355360120534897,0.199437767267227
623,1.25774455070496,-0.322534829378128,0.249053284525871
624,1.25774455070496,-0.282835245132446,0.293360680341721
625,1.25774455070496,-0.237107515335083,0.331415563821793
626,1.25774455070496,-0.186326250433922,0.362406939268112
627,1.25774455070496,-0.131573766469955,0.385674208402634
628,1.25774455070496,-0.0740170180797577,0.400721520185471
629,1.25774455070496,-0.0148827247321606,0.407228142023087
630,1.25774455070496,0.0445687659084797,0.405055403709412
631,1.25774455070496,0.103070355951786,0.394249618053436
632,1.25774455070496,0.159375175833702,0.37504106760025
633,1.25774455070496,0.212283194065094,0.347839176654816
634,1.25774455070496,0.260666757822037,0.313223719596863
635,1.25774455070496,0.303494662046432,0.271932423114777
636,1.25774455070496,0.339854121208191,0.224845349788666
637,1.25774455070496,0.368970155715942,0.172966107726097
638,1.25774455070496,0.390222251415253,0.117400385439396
639,1.25774455070496,0.403157413005829,0.059332475066185
640,1.19749391078949,0.403157413005829,-0.059332475066185
641,1.19749391078949,0.390222251415253,-0.117400385439396
642,1.19749391078949,0.368970155715942,-0.172966107726097
643,1.19749391078949,0.339854121208191,-0.224845349788666
644,1.19749391078949,0.303494662046432,-0.271932423114777
645,1.19749391078949,0.260666757822037,-0.313223719596863
646,1.19749391078949,0.212283194065094,-0.347839176654816
647,1.19749391078949,0.159375175833702,-0.37504106760025
648,1.19749391078949,0.103070355951786,-0.394249618053436
649,1.19749391078949,0.0445687659084797,-0.405055403709412
650,1.19749391078949,-0.0148827247321606,-0.407228142023087
651,1.19749391078949,-0.0740170180797577,-0.400721520185471
652,1.19749391078949,-0.131573766469955,-0.385674208402634
653,1.19749391078949,-0.186326250433922,-0.362406939268112
654,1.19749391078949,-0.237107515335083,-0.331415563821793
655,1.19749391078949,-0.282835245132446,-0.293360680341721
656,1.19749391078949,-0.322534829378128,-0.249053284525871
657,1.19749391078949,-0.355360120534897,-0.199437767267227
658,1.19749391078949,-0.380611568689346,-0.14557158946991
659,1.19749391078949,-0.397750914096832,-0.0886027961969376
660,1.19749391078949,-0.406412899494171,-0.02974558994174
661,1.19749391078949,-0.406412899494171,0.02974558994174
662,1.19749391078949,-0.397750914096832,0.0886027961969376
663,1.19749391078949,-0.380611568689346,0.14557158946991
664,1.19749391078949,-0.355360120534897,0.199437767267227
665,1.19749391078949,-0.322534829378128,0.249053284525871
666,1.19749391078949,-0.282835245132446,0.293360680341721
667,1.19749391078949,-0.237107515335083,0.331415563821793
668,1.19749391078949,-0.186326250433922,0.362406939268112
669,1.19749391078949,-0.131573766469955,0.385674208402634
670,1.19749391078949,-0.0740170180797577,0.400721520185471
671,1.19749391078949,-0.0148827247321606,0.407228142023087
672,1.19749391078949,0.0445687659084797,0.405055403709412
673,1.19749391078949,0.103070355951786,0.394249618053436
674,1.19749391078949,0.159375175833702,0.37504106760025
675,1.19749391078949,0.212283194065094,0.347839176654816
676,1.19749391078949,0.260666757822037,0.313223719596863
677,1.19749391078949,0.303494662046432,0.271932423114777
678,1.19749391078949,0.339854121208191,0.224845349788666
679,1.19749391078949,0.368970155715942,0.172966107726097
680,1.19749391078949,0.390222251415253,0.117400385439396
681,1.19749391078949,0.403157413005829,0.059332475066185
682,1.13724327087402,0.403157413005829,-0.059332475066185
683,1.13724327087402,0.390222251415253,-0.117400385439396
684,1.13724327087402,0.368970155715942,-0.172966107726097
685,1.13724327087402,0.339854121208191,-0.224845349788666
686,1.13724327087402,0.303494662046432,-0.271932423114777
687,1.13724327087402,0.260666757822037,-0.313223719596863
688,1.13724327087402,0.212283194065094,-0.347839176654816
689,1.13724327087402,0.159375175833702,-0.37504106760025
690,1.13724327087402,0.103070355951786,-0.394249618053436
691,1.13724327087402,0.0445687659084797,-0.405055403709412
692,1.13724327087402,-0.0148827247321606,-0.407228142023087
693,1.13724327087402,-0.0740170180797577,-0.400721520185471
694,1.13724327087402,-0.131573766469955,-0.385674208402634
695,1.13724327087402,-0.186326250433922,-0.362406939268112
696,1.13724327087402,-0.237107515335083,-0.331415563821793
697,1.13724327087402,-0.282835245132446,-0.293360680341721
698,1.13724327087402,-0.322534829378128,-0.249053284525871
699,1.13724327087402,-0.355360120534897,-0.199437767267227
700,1.13724327087402,-0.380611568689346,-0.14557158946991
701,1.13724327087402,-0.397750914096832,-0.0886027961969376
702,1.13724327087402,-0.406412899494171,-0.02974558994174
703,1.13724327087402,-0.406412899494171,0.02974558994174
704,1.13724327087402,-0.397750914096832,0.0886027961969376
705,1.13724327087402,-0.380611568689346,0.14557158946991
706,1.13724327087402,-0.355360120534897,0.199437767267227
707,1.13724327087402,-0.322534829378128,0.249053284525871
708,1.13724327087402,-0.282835245132446,0.293360680341721
709,1.13724327087402,-0.237107515335083,0.331415563821793
710,1.13724327087402,-0.186326250433922,0.362406939268112
711,1.13724327087402,-0.131573766469955,0.385674208402634
712,1.13724327087402,-0.0740170180797577,0.400721520185471
713,1.13724327087402,-0.0148827247321606,0.407228142023087
714,1.13724327087402,0.0445687659084797,0.405055403709412
715,1.13724327087402,0.103070355951786,0.394249618053436
716,1.13724327087402,0.159375175833702,0.37504106760025
717,1.13724327087402,0.212283194065094,0.347839176654816
718,1.13724327087402,0.260666757822037,0.313223719596863
719,1.13724327087402,0.303494662046432,0.271932423114777
720,1.13724327087402,0.339854121208191,0.224845349788666
721,1.13724327087402,0.368970155715942,0.172966107726097
722,1.13724327087402,0.390222251415253,0.117400385439396
723,1.13724327087402,0.403157413005829,0.059332475066185
724,1.07699275016785,0.403157413005829,-0.059332475066185
725,1.07699275016785,0.390222251415253,-0.117400385439396
726,1.07699275016785,0.368970155715942,-0.172966107726097
727,1.07699275016785,0.339854121208191,-0.224845349788666
728,1.07699275016785,0.303494662046432,-0.271932423114777
729,1.07699275016785,0.260666757822037,-0.313223719596863
730,1.07699275016785,0.212283194065094,-0.347839176654816
731,1.07699275016785,0.159375175833702,-0.37504106760025
732,1.07699275016785,0.103070355951786,-0.394249618053436
733,1.07699275016785,0.0445687659084797,-0.405055403709412
734,1.07699275016785,-0.0148827247321606,-0.407228142023087
735,1.07699275016785,-0.0740170180797577,-0.400721520185471
736,1.07699275016785,-0.131573766469955,-0.385674208402634
737,1.07699275016785,-0.186326250433922,-0.362406939268112
738,1.07699275016785,-0.237107515335083,-0.331415563821793
739,1.07699275016785,-0.282835245132446,-0.293360680341721
740,1.07699275016785,-0.322534829378128,-0.249053284525871
741,1.07699275016785,-0.355360120534897,-0.199437767267227
742,1.07699275016785,-0.380611568689346,-0.14557158946991
743,1.07699275016785,-0.397750914096832,-0.0886027961969376
744,1.07699275016785,-0.406412899494171,-0.02974558994174
745,1.07699275016785,-0.406412899494171,0.02974558994174
746,1.07699275016785,-0.397750914096832,0.0886027961969376
747,1.07699275016785,-0.380611568689346,0.14557158946991
748,1.07699275016785,-0.355360120534897,0.199437767267227
749,1.07699275016785,-0.322534829378128,0.249053284525871
750,1.07699275016785,-0.282835245132446,0.293360680341721
751,1.07699275016785,-0.237107515335083,0.331415563821793
752,1.07699275016785,-0.186326250433922,0.362406939268112
753,1.07699275016785,-0.131573766469955,0.385674208402634
754,1.07699275016785,-0.0740170180797577,0.400721520185471
755,1.07699275016785,-0.0148827247321606,0.407228142023087
756,1.07699275016785,0.0445687659084797,0.405055403709412
757,1.07699275016785,0.103070355951786,0.394249618053436
758,1.07699275016785,0.159375175833702,0.37504106760025
759,1.07699275016785,0.212283194065094,0.347839176654816
760,1.07699275016785,0.260666757822037,0.313223719596863
761,1.07699275016785,0.303494662046432,0.271932423114777
762,1.07699275016785,0.339854121208191,0.224845349788666
763,1.07699275016785,0.368970155715942,0.172966107726097
764,1.07699275016785,0.390222251415253,0.117400385439396
765,1.07699275016785,0.403157413005829,0.059332475066185
766,1.01674211025238,0.403157413005829,-0.059332475066185
767,1.01674211025238,0.390222251415253,-0.117400385439396
768,1.01674211025238,0.368970155715942,-0.172966107726097
769,1.01674211025238,0.339854121208191,-0.224845349788666
770,1.01674211025238,0.303494662046432,-0.271932423114777
771,1.01674211025238,0.260666757822037,-0.313223719596863
772,1.01674211025238,0.212283194065094,-0.347839176654816
773,1.01674211025238,0.159375175833702,-0.37504106760025
774,1.01674211025238,0.103070355951786,-0.394249618053436
775,1.01674211025238,0.0445687659084797,-0.405055403709412
776,1.01674211025238,-0.0148827247321606,-0.407228142023087
777,1.01674211025238,-0.0740170180797577,-0.400721520185471
778,1.01674211025238,-0.131573766469955,-0.385674208402634
779,1.01674211025238,-0.186326250433922,-0.362406939268112
780,1.01674211025238,-0.237107515335083,-0.331415563821793
781,1.01674211025238,-0.282835245132446,-0.293360680341721
782,1.01674211025238,-0.322534829378128,-0.249053284525871
783,1.01674211025238,-0.355360120534897,-0.199437767267227
784,1.01674211025238,-0.380611568689346,-0.14557158946991
785,1.01674211025238,-0.397750914096832,-0.0886027961969376
786,1.01674211025238,-0.406412899494171,-0.02974558994174
787,1.01674211025238,-0.406412899494171,0.02974558994174
788,1.01674211025238,-0.397750914096832,0.0886027961969376
789,1.01674211025238,-0.380611568689346,0.14557158946991
790,1.01674211025238,-0.355360120534897,0.199437767267227
791,1.01674211025238,-0.322534829378128,0.249053284525871
792,1.01674211025238,-0.282835245132446,0.293360680341721
793,1.01674211025238,-0.237107515335083,0.331415563821793
794,1.01674211025238,-0.186326250433922,0.362406939268112
795,1.01674211025238,-0.131573766469955,0.385674208402634
796,1.01674211025238,-0.0740170180797577,0.400721520185471
797,1.01674211025238,-0.0148827247321606,0.407228142023087
798,1.01674211025238,0.0445687659084797,0.405055403709412
799,1.01674211025238,0.103070355951786,0.394249618053436
800,1.01674211025238,0.159375175833702,0.37504106760025
801,1.01674211025238,0.212283194065094,0.347839176654816
802,1.01674211025238,0.260666757822037,0.313223719596863
803,1.01674211025238,0.303494662046432,0.271932423114777
804,1.01674211025238,0.339854121208191,0.224845349788666
805,1.01674211025238,0.368970155715942,0.172966107726097
806,1.01674211025238,0.390222251415253,0.117400385439396
807,1.01674211025238,0.403157413005829,0.059332475066185
808,0.956491470336914,0.403157413005829,-0.059332475066185
809,0.956491470336914,0.390222251415253,-0.117400385439396
810,0.956491470336914,0.368970155715942,-0.172966107726097
811,0.956491470336914,0.339854121208191,-0.224845349788666
812,0.956491470336914,0.303494662046432,-0.271932423114777
813,0.956491470336914,0.260666757822037,-0.313223719596863
814,0.956491470336914,0.212283194065094,-0.347839176654816
815,0.956491470336914,0.159375175833702,-0.37504106760025
816,0.956491470336914,0.103070355951786,-0.394249618053436
817,0.956491470336914,0.0445687659084797,-0.405055403709412
818,0.956491470336914,-0.0148827247321606,-0.407228142023087
819,0.956491470336914,-0.0740170180797577,-0.400721520185471
820,0.956491470336914,-0.131573766469955,-0.385674208402634
821,0.956491470336914,-0.186326250433922,-0.362406939268112
822,0.956491470336914,-0.237107515335083,-0.331415563821793
823,0.956491470336914,-0.282835245132446,-0.293360680341721
824,0.956491470336914,-0.322534829378128,-0.249053284525871
825,0.956491470336914,-0.355360120534897,-0.199437767267227
826,0.956491470336914,-0.380611568689346,-0.14557158946991
827,0.956491470336914,-0.397750914096832,-0.0886027961969376
828,0.956491470336914,-0.406412899494171,-0.02974558994174
829,0.956491470336914,-0.406412899494171,0.02974558994174
830,0.956491470336914,-0.397750914096832,0.0886027961969376
831,0.956491470336914,-0.380611568689346,0.14557158946991
832,0.956491470336914,-0.355360120534897,0.199437767267227
833,0.956491470336914,-0.322534829378128,0.249053284525871
834,0.956491470336914,-0.282835245132446,0.293360680341721
835,0.956491470336914,-0.237107515335083,0.331415563821793
836,0.956491470336914,-0.186326250433922,0.362406939268112
837,0.956491470336914,-0.131573766469955,0.385674208402634
838,0.956491470336914,-0.0740170180797577,0.400721520185471
839,0.956491470336914,-0.0148827247321606,0.407228142023087
840,0.956491470336914,0.0445687659084797,0.405055403709412
841,0.956491470336914,0.103070355951786,0.394249618053436
842,0.956491470336914,0.159375175833702,0.37504106760025
843,0.956491470336914,0.212283194065094,0.347839176654816
844,0.956491470336914,0.260666757822037,0.313223719596863
845,0.956491470336914,0.303494662046432,0.271932423114777
846,0.956491470336914,0.339854121208191,0.224845349788666
847,0.956491470336914,0.368970155715942,0.172966107726097
848,0.956491470336914,0.390222251415253,0.117400385439396
849,0.956491470336914,0.403157413005829,0.059332475066185
850,0.896240890026093,0.403157413005829,-0.059332475066185
851,0.896240890026093,0.390222251415253,-0.117400385439396
852,0.896240890026093,0.368970155715942,-0.172966107726097
853,0.896240890026093,0.339854121208191,-0.224845349788666
854,0.896240890026093,0.303494662046432,-0.271932423114777
855,0.896240890026093,0.260666757822037,-0.313223719596863
856,0.896240890026093,0.212283194065094,-0.347839176654816
857,0.896240890026093,0.159375175833702,-0.37504106760025
858,0.896240890026093,0.103070355951786,-0.394249618053436
859,0.896240890026093,0.0445687659084797,-0.405055403709412
860,0.896240890026093,-0.0148827247321606,-0.407228142023087
861,0.896240890026093,-0.0740170180797577,-0.400721520185471
862,0.896240890026093,-0.131573766469955,-0.385674208402634
863,0.896240890026093,-0.186326250433922,-0.362406939268112
864,0.896240890026093,-0.237107515335083,-0.331415563821793
865,0.896240890026093,-0.282835245132446,-0.293360680341721
866,0.896240890026093,-0.322534829378128,-0.249053284525871
867,0.896240890026093,-0.355360120534897,-0.199437767267227
868,0.896240890026093,-0.380611568689346,-0.14557158946991
869,0.896240890026093,-0.397750914096832,-0.0886027961969376
870,0.896240890026093,-0.406412899494171,-0.02974558994174
871,0.896240890026093,-0.406412899494171,0.02974558994174
872,0.896240890026093,-0.397750914096832,0.0886027961969376
873,0.896240890026093,-0.380611568689346,0.14557158946991
874,0.896240890026093,-0.355360120534897,0.199437767267227
875,0.896240890026093,-0.322534829378128,0.249053284525871
876,0.896240890026093,-0.282835245132446,0.293360680341721
877,0.896240890026093,-0.237107515335083,0.331415563821793
878,0.896240890026093,-0.186326250433922,0.362406939268112
879,0.896240890026093,-0.131573766469955,0.385674208402634
880,0.896240890026093,-0.0740170180797577,0.400721520185471
881,0.896240890026093,-0.0148827247321606,0.407228142023087
882,0.896240890026093,0.0445687659084797,0.405055403709412
883,0.896240890026093,0.103070355951786,0.394249618053436
884,0.896240890026093,0.159375175833702,0.37504106760025
885,0.896240890026093,0.212283194065094,0.347839176654816
886,0.896240890026093,0.260666757822037,0.313223719596863
887,0.896240890026093,0.303494662046432,0.271932423114777
888,0.896240890026093,0.339854121208191,0.224845349788666
889,0.896240890026093,0.368970155715942,0.172966107726097
890,0.896240890026093,0.390222251415253,0.117400385439396
891,0.896240890026093,0.403157413005829,0.059332475066185
892,0.835990250110626,0.403157413005829,-0.059332475066185
893,0.835990250110626,0.390222251415253,-0.117400385439396
894,0.835990250110626,0.368970155715942,-0.172966107726097
895,0.835990250110626,0.339854121208191,-0.224845349788666
896,0.835990250110626,0.303494662046432,-0.271932423114777
897,0.835990250110626,0.260666757822037,-0.313223719596863
898,0.835990250110626,0.212283194065094,-0.347839176654816
899,0.835990250110626,0.159375175833702,-0.37504106760025
900,0.835990250110626,0.103070355951786,-0.394249618053436
901,0.835990250110626,0.0445687659084797,-0.405055403709412
902,0.835990250110626,-0.0148827247321606,-0.407228142023087
903,0.835990250110626,-0.0740170180797577,-0.400721520185471
904,0.835990250110626,-0.131573766469955,-0.385674208402634
905,0.835990250110626,-0.186326250433922,-0.362406939268112
906,0.835990250110626,-0.237107515335083,-0.331415563821793
907,0.835990250110626,-0.282835245132446,-0.293360680341721
908,0.835990250110626,-0.322534829378128,-0.249053284525871
909,0.835990250110626,-0.355360120534897,-0.199437767267227
910,0.835990250110626,-0.380611568689346,-0.14557158946991
911,0.835990250110626,-0.397750914096832,-0.0886027961969376
912,0.835990250110626,-0.406412899494171,-0.02974558994174
913,0.835990250110626,-0.406412899494171,0.02974558994174
914,0.835990250110626,-0.397750914096832,0.0886027961969376
915,0.835990250110626,-0.380611568689346,0.14557158946991
916,0.835990250110626,-0.355360120534897,0.199437767267227
917,0.835990250110626,-0.322534829378128,0.249053284525871
918,0.835990250110626,-0.282835245132446,0.293360680341721
919,0.835990250110626,-0.237107515335083,0.331415563821793
920,0.835990250110626,-0.186326250433922,0.362406939268112
921,0.835990250110626,-0.131573766469955,0.385674208402634
922,0.835990250110626,-0.0740170180797577,0.400721520185471
923,0.835990250110626,-0.0148827247321606,0.407228142023087
924,0.835990250110626,0.0445687659084797,0.405055403709412
925,0.835990250110626,0.103070355951786,0.394249618053436
926,0.835990250110626,0.159375175833702,0.37504106760025
927,0.835990250110626,0.212283194065094,0.347839176654816
928,0.835990250110626,0.260666757822037,0.313223719596863
929,0.835990250110626,0.303494662046432,0.271932423114777
930,0.835990250110626,0.339854121208191,0.224845349788666
931,0.835990250110626,0.368970155715942,0.172966107726097
932,0.835990250110626,0.390222251415253,0.117400385439396
933,0.835990250110626,0.403157413005829,0.059332475066185
934,0.775739669799805,0.403157413005829,-0.059332475066185
935,0.775739669799805,0.390222251415253,-0.117400385439396
936,0.775739669799805,0.368970155715942,-0.172966107726097
937,0.775739669799805,0.339854121208191,-0.224845349788666
938,0.775739669799805,0.303494662046432,-0.271932423114777
939,0.775739669799805,0.260666757822037,-0.313223719596863
940,0.775739669799805,0.212283194065094,-0.347839176654816
941,0.775739669799805,0.159375175833702,-0.37504106760025
942,0.775739669799805,0.103070355951786,-0.394249618053436
943,0.775739669799805,0.0445687659084797,-0.405055403709412
944,0.775739669799805,-0.0148827247321606,-0.407228142023087
945,0.775739669799805,-0.0740170180797577,-0.400721520185471
946,0.775739669799805,-0.131573766469955,-0.385674208402634
947,0.775739669799805,-0.186326250433922,-0.362406939268112
948,0.775739669799805,-0.237107515335083,-0.331415563821793
949,0.775739669799805,-0.282835245132446,-0.293360680341721
950,0.775739669799805,-0.322534829378128,-0.249053284525871
951,0.775739669799805,-0.355360120534897,-0.199437767267227
952,0.775739669799805,-0.380611568689346,-0.14557158946991
953,0.775739669799805,-0.397750914096832,-0.0886027961969376
954,0.775739669799805,-0.406412899494171,-0.02974558994174
955,0.775739669799805,-0.406412899494171,0.02974558994174
956,0.775739669799805,-0.397750914096832,0.0886027961969376
957,0.775739669799805,-0.380611568689346,0.14557158946991
958,0.775739669799805,-0.355360120534897,0.199437767267227
959,0.775739669799805,-0.322534829378128,0.249053284525871
960,0.775739669799805,-0.282835245132446,0.293360680341721
961,0.775739669799805,-0.237107515335083,0.331415563821793
962,0.775739669799805,-0.186326250433922,0.362406939268112
963,0.775739669799805,-0.131573766469955,0.385674208402634
964,0.775739669799805,-0.0740170180797577,0.400721520185471
965,0.775739669799805,-0.0148827247321606,0.407228142023087
966,0.775739669799805,0.0445687659084797,0.405055403709412
967,0.775739669799805,0.103070355951786,0.394249618053436
968,0.775739669799805,0.159375175833702,0.37504106760025
969,0.775739669799805,0.212283194065094,0.347839176654816
970,0.775739669799805,0.260666757822037,0.313223719596863
971,0.775739669799805,0.303494662046432,0.271932423114777
972,0.775739669799805,0.339854121208191,0.224845349788666
973,0.775739669799805,0.368970155715942,0.172966107726097
974,0.775739669799805,0.390222251415253,0.117400385439396
975,0.775739669799805,0.403157413005829,0.059332475066185
976,0.715489029884338,0.403157413005829,-0.059332475066185
977,0.715489029884338,0.390222251415253,-0.117400385439396
978,0.715489029884338,0.368970155715942,-0.172966107726097
979,0.715489029884338,0.339854121208191,-0.224845349788666
980,0.715489029884338,0.303494662046432,-0.271932423114777
981,0.715489029884338,0.260666757822037,-0.313223719596863
982,0.715489029884338,0.212283194065094,-0.347839176654816
983,0.715489029884338,0.159375175833702,-0.37504106760025
984,0.715489029884338,0.103070355951786,-0.394249618053436
985,0.715489029884338,0.0445687659084797,-0.405055403709412
986,0.715489029884338,-0.0148827247321606,-0.407228142023087
987,0.715489029884338,-0.0740170180797577,-0.400721520185471
988,0.715489029884338,-0.131573766469955,-0.385674208402634
989,0.715489029884338,-0.186326250433922,-0.362406939268112
990,0.715489029884338,-0.237107515335083,-0.331415563821793
991,0.715489029884338,-0.282835245132446,-0.293360680341721
992,0.715489029884338,-0.322534829378128,-0.249053284525871
993,0.715489029884338,-0.355360120534897,-0.199437767267227
994,0.715489029884338,-0.380611568689346,-0.14557158946991
995,0.715489029884338,-0.397750914096832,-0.0886027961969376
996,0.715489029884338,-0.406412899494171,-0.02974558994174
997,0.715489029884338,-0.406412899494171,0.02974558994174
998,0.715489029884338,-0.397750914096832,0.0886027961969376
999,0.715489029884338,-0.380611568689346,0.14557158946991
1000,0.715489029884338,-0.355360120534897,0.199437767267227
1001,0.715489029884338,-0.322534829378128,0.249053284525871
1002,0.715489029884338,-0.282835245132446,0.293360680341721
1003,0.715489029884338,-0.237107515335083,0.331415563821793
1004,0.715489029884338,-0.186326250433922,0.362406939268112
1005,0.715489029884338,-0.131573766469955,0.385674208402634
1006,0.715489029884338,-0.0740170180797577,0.400721520185471
1007,0.715489029884338,-0.0148827247321606,0.407228142023087
1008,0.715489029884338,0.0445687659084797,0.405055403709412
1009,0.715489029884338,0.103070355951786,0.394249618053436
1010,0.715489029884338,0.159375175833702,0.37504106760025
1011,0.715489029884338,0.212283194065094,0.347839176654816
1012,0.715489029884338,0.260666757822037,0.313223719596863
1013,0.715489029884338,0.303494662046432,0.271932423114777
1014,0.715489029884338,0.339854121208191,0.224845349788666
1015,0.715489029884338,0.368970155715942,0.172966107726097
1016,0.715489029884338,0.390222251415253,0.117400385439396
1017,0.715489029884338,0.403157413005829,0.059332475066185
1018,0.655238449573517,0.403157413005829,-0.059332475066185
1019,0.655238449573517,0.390222251415253,-0.117400385439396
1020,0.655238449573517,0.368970155715942,-0.172966107726097
1021,0.655238449573517,0.339854121208191,-0.224845349788666
1022,0.655238449573517,0.303494662046432,-0.271932423114777
1023,0.655238449573517,0.260666757822037,-0.313223719596863
1024,0.655238449573517,0.212283194065094,-0.347839176654816
1025,0.655238449573517,0.159375175833702,-0.37504106760025
1026,0.655238449573517,0.103070355951786,-0.394249618053436
1027,0.655238449573517,0.0445687659084797,-0.405055403709412
1028,0.655238449573517,-0.0148827247321606,-0.407228142023087
1029,0.655238449573517,-0.0740170180797577,-0.400721520185471
1030,0.655238449573517,-0.131573766469955,-0.385674208402634
1031,0.655238449573517,-0.186326250433922,-0.362406939268112
1032,0.655238449573517,-0.237107515335083,-0.331415563821793
1033,0.655238449573517,-0.282835245132446,-0.293360680341721
1034,0.655238449573517,-0.322534829378128,-0.249053284525871
1035,0.655238449573517,-0.355360120534897,-0.199437767267227
1036,0.655238449573517,-0.380611568689346,-0.14557158946991
1037,0.655238449573517,-0.397750914096832,-0.0886027961969376
1038,0.655238449573517,-0.406412899494171,-0.02974558994174
1039,0.655238449573517,-0.406412899494171,0.02974558994174
1040,0.655238449573517,-0.397750914096832,0.0886027961969376
1041,0.655238449573517,-0.380611568689346,0.14557158946991
1042,0.655238449573517,-0.355360120534897,0.199437767267227
1043,0.655238449573517,-0.322534829378128,0.249053284525871
1044,0.655238449573517,-0.282835245132446,0.293360680341721
1045,0.655238449573517,-0.237107515335083,0.331415563821793
1046,0.655238449573517,-0.186326250433922,0.362406939268112
1047,0.655238449573517,-0.131573766469955,0.385674208402634
1048,0.655238449573517,-0.0740170180797577,0.400721520185471
1049,0.655238449573517,-0.0148827247321606,0.407228142023087
1050,0.655238449573517,0.0445687659084797,0.405055403709412
1051,0.655238449573517,0.103070355951786,0.394249618053436
1052,0.655238449573517,0.159375175833702,0.37504106760025
1053,0.655238449573517,0.212283194065094,0.347839176654816
1054,0.655238449573517,0.260666757822037,0.313223719596863
1055,0.655238449573517,0.303494662046432,0.271932423114777
1056,0.655238449573517,0.339854121208191,0.224845349788666
1057,0.655238449573517,0.368970155715942,0.172966107726097
1058,0.655238449573517,0.390222251415253,0.117400385439396
1059,0.655238449573517,0.403157413005829,0.059332475066185
1060,0.594987809658051,0.403157413005829,-0.059332475066185
1061,0.594987809658051,0.390222251415253,-0.117400385439396
1062,0.594987809658051,0.368970155715942,-0.172966107726097
1063,0.594987809658051,0.339854121208191,-0.224845349788666
1064,0.594987809658051,0.303494662046432,-0.271932423114777
1065,0.594987809658051,0.260666757822037,-0.313223719596863
1066,0.594987809658051,0.212283194065094,-0.347839176654816
1067,0.594987809658051,0.159375175833702,-0.37504106760025
1068,0.594987809658051,0.103070355951786,-0.394249618053436
1069,0.594987809658051,0.0445687659084797,-0.405055403709412
1070,0.594987809658051,-0.0148827247321606,-0.407228142023087
1071,0.594987809658051,-0.0740170180797577,-0.400721520185471
1072,0.594987809658051,-0.131573766469955,-0.385674208402634
1073,0.594987809658051,-0.186326250433922,-0.362406939268112
1074,0.594987809658051,-0.237107515335083,-0.331415563821793
1075,0.594987809658051,-0.282835245132446,-0.293360680341721
1076,0.594987809658051,-0.322534829378128,-0.249053284525871
1077,0.594987809658051,-0.355360120534897,-0.199437767267227
1078,0.594987809658051,-0.380611568689346,-0.14557158946991
1079,0.594987809658051,-0.397750914096832,-0.0886027961969376
1080,0.594987809658051,-0.406412899494171,-0.02974558994174
1081,0.594987809658051,-0.406412899494171,0.02974558994174
1082,0.594987809658051,-0.397750914096832,0.0886027961969376
1083,0.594987809658051,-0.380611568689346,0.14557158946991
1084,0.594987809658051,-0.355360120534897,0.199437767267227
1085,0.594987809658051,-0.322534829378128,0.249053284525871
1086,0.594987809658051,-0.282835245132446,0.293360680341721
1087,0.594987809658051,-0.237107515335083,0.331415563821793
1088,0.594987809658051,-0.186326250433922,0.362406939268112
1089,0.594987809658051,-0.131573766469955,0.385674208402634
1090,0.594987809658051,-0.0740170180797577,0.400721520185471
1091,0.594987809658051,-0.0148827247321606,0.407228142023087
1092,0.594987809658051,0.0445687659084797,0.405055403709412
1093,0.594987809658051,0.103070355951786,0.394249618053436
1094,0.594987809658051,0.159375175833702,0.37504106760025
1095,0.594987809658051,0.212283194065094,0.347839176654816
1096,0.594987809658051,0.260666757822037,0.313223719596863
1097,0.594987809658051,0.303494662046432,0.271932423114777
1098,0.594987809658051,0.339854121208191,0.224845349788666
1099,0.594987809658051,0.368970155715942,0.172966107726097
1100,0.594987809658051,0.390222251415253,0.117400385439396
1101,0.594987809658051,0.403157413005829,0.059332475066185
1102,0.534737229347229,0.403157413005829,-0.059332475066185
1103,0.534737229347229,0.390222251415253,-0.117400385439396
1104,0.534737229347229,0.368970155715942,-0.172966107726097
1105,0.534737229347229,0.339854121208191,-0.224845349788666
1106,0.534737229347229,0.303494662046432,-0.271932423114777
1107,0.534737229347229,0.260666757822037,-0.313223719596863
1108,0.534737229347229,0.212283194065094,-0.347839176654816
1109,0.534737229347229,0.159375175833702,-0.37504106760025
1110,0.534737229347229,0.103070355951786,-0.394249618053436
1111,0.534737229347229,0.0445687659084797,-0.405055403709412
1112,0.534737229347229,-0.0148827247321606,-0.407228142023087
1113,0.534737229347229,-0.0740170180797577,-0.400721520185471
1114,0.534737229347229,-0.131573766469955,-0.385674208402634
1115,0.534737229347229,-0.186326250433922,-0.362406939268112
1116,0.534737229347229,-0.237107515335083,-0.331415563821793
1117,0.534737229347229,-0.282835245132446,-0.293360680341721
1118,0.534737229347229,-0.322534829378128,-0.249053284525871
1119,0.534737229347229,-0.355360120534897,-0.199437767267227
1120,0.534737229347229,-0.380611568689346,-0.14557158946991
1121,0.534737229347229,-0.397750914096832,-0.0886027961969376
1122,0.534737229347229,-0.406412899494171,-0.02974558994174
1123,0.534737229347229,-0.406412899494171,0.02974558994174
1124,0.534737229347229,-0.397750914096832,0.0886027961969376
1125,0.534737229347229,-0.380611568689346,0.14557158946991
1126,0.534737229347229,-0.355360120534897,0.199437767267227
1127,0.534737229347229,-0.322534829378128,0.249053284525871
1128,0.534737229347229,-0.282835245132446,0.293360680341721
1129,0.534737229347229,-0.237107515335083,0.331415563821793
1130,0.534737229347229,-0.186326250433922,0.362406939268112
1131,0.534737229347229,-0.131573766469955,0.385674208402634
1132,0.534737229347229,-0.0740170180797577,0.400721520185471
1133,0.534737229347229,-0.0148827247321606,0.407228142023087
1134,0.534737229347229,0.0445687659084797,0.405055403709412
1135,0.534737229347229,0.103070355951786,0.394249618053436
1136,0.534737229347229,0.159375175833702,0.37504106760025
1137,0.534737229347229,0.212283194065094,0.347839176654816
1138,0.534737229347229,0.260666757822037,0.313223719596863
1139,0.534737229347229,0.303494662046432,0.271932423114777
1140,0.534737229347229,0.339854121208191,0.224845349788666
1141,0.534737229347229,0.368970155715942,0.172966107726097
1142,0.534737229347229,0.390222251415253,0.117400385439396
1143,0.534737229347229,0.403157413005829,0.059332475066185
1144,0.474486589431763,0.403157413005829,-0.059332475066185
1145,0.474486589431763,0.390222251415253,-0.117400385439396
1146,0.474486589431763,0.368970155715942,-0.172966107726097
1147,0.474486589431763,0.339854121208191,-0.224845349788666
1148,0.474486589431763,0.303494662046432,-0.271932423114777
1149,0.474486589431763,0.260666757822037,-0.313223719596863
1150,0.474486589431763,0.212283194065094,-0.347839176654816
1151,0.474486589431763,0.159375175833702,-0.37504106760025
1152,0.474486589431763,0.103070355951786,-0.394249618053436
1153,0.474486589431763,0.0445687659084797,-0.405055403709412
1154,0.474486589431763,-0.0148827247321606,-0.407228142023087
1155,0.474486589431763,-0.0740170180797577,-0.400721520185471
1156,0.474486589431763,-0.131573766469955,-0.385674208402634
1157,0.474486589431763,-0.186326250433922,-0.362406939268112
1158,0.474486589431763,-0.237107515335083,-0.331415563821793
1159,0.474486589431763,-0.282835245132446,-0.293360680341721
1160,0.474486589431763,-0.322534829378128,-0.249053284525871
1161,0.474486589431763,-0.355360120534897,-0.199437767267227
1162,0.474486589431763,-0.380611568689346,-0.14557158946991
1163,0.474486589431763,-0.397750914096832,-0.0886027961969376
1164,0.474486589431763,-0.406412899494171,-0.02974558994174
1165,0.474486589431763,-0.406412899494171,0.02974558994174
1166,0.474486589431763,-0.397750914096832,0.0886027961969376
1167,0.474486589431763,-0.380611568689346,0.14557158946991
1168,0.474486589431763,-0.355360120534897,0.199437767267227
1169,0.474486589431763,-0.322534829378128,0.249053284525871
1170,0.474486589431763,-0.282835245132446,0.293360680341721
1171,0.474486589431763,-0.237107515335083,0.331415563821793
1172,0.474486589431763,-0.186326250433922,0.362406939268112
1173,0.474486589431763,-0.131573766469955,0.385674208402634
1174,0.474486589431763,-0.0740170180797577,0.400721520185471
1175,0.474486589431763,-0.0148827247321606,0.407228142023087
1176,0.474486589431763,0.0445687659084797,0.405055403709412
1177,0.474486589431763,0.103070355951786,0.394249618053436
1178,0.474486589431763,0.159375175833702,0.37504106760025
1179,0.474486589431763,0.212283194065094,0.347839176654816
1180,0.474486589431763,0.260666757822037,0.313223719596863
1181,0.474486589431763,0.303494662046432,0.271932423114777
1182,0.474486589431763,0.339854121208191,0.224845349788666
1183,0.474486589431763,0.368970155715942,0.172966107726097
1184,0.474486589431763,0.390222251415253,0.117400385439396
1185,0.474486589431763,0.403157413005829,0.059332475066185
1186,0.36437264084816,0.40102943778038,0.0527845025062561
1187,0.308443427085876,0.385767638683319,0.0789561942219734
1188,0.368797093629837,0.377651751041412,0.146303325891495
1189,0.353455066680908,0.387945562601089,0.109183609485626
1190,0.316601306200027,0.368387252092361,0.144820764660835
1191,0.264899581670761,0.363768339157104,0.108654476702213
1192,0.220797598361969,0.353980392217636,0.0631411150097847
1193,0.22321854531765,0.336016088724136,0.131512865424156
1194,0.192774340510368,0.329657047986984,0.0959620550274849
1195,0.159450545907021,0.308322638273239,0.0852513834834099
1196,0.117991901934147,0.273838102817535,0.0707241296768188
1197,0.355067163705826,0.36123263835907,0.179231613874435
1198,0.315651744604111,0.338647723197937,0.204491496086121
1199,0.267135798931122,0.339521527290344,0.171783521771431
1200,0.37525263428688,0.289100766181946,0.2845738530159
1201,0.379323929548264,0.316710263490677,0.25407087802887
1202,0.331966191530228,0.301872551441193,0.261290937662125
1203,0.2721246778965,0.302472680807114,0.233906701207161
1204,0.222976565361023,0.304745644330978,0.192981213331223
1205,0.185200035572052,0.30626904964447,0.144000723958015
1206,0.146691665053368,0.275818139314651,0.140468657016754
1207,0.113287448883057,0.241597697138786,0.137392655014992
1208,0.226698771119118,0.259690344333649,0.253093928098679
1209,0.177656605839729,0.26233834028244,0.205603554844856
1210,0.139070779085159,0.239960253238678,0.184878274798393
1211,0.114043988287449,0.203020617365837,0.190978452563286
1212,0.377201586961746,0.21221125125885,0.345938742160797
1213,0.349435061216354,0.25544336438179,0.310926079750061
1214,0.324238210916519,0.201108485460281,0.34299623966217
1215,0.283669203519821,0.246608078479767,0.297455549240112
1216,0.359785884618759,0.167577356100082,0.367502480745316
1217,0.317613840103149,0.133152917027473,0.373022645711899
1218,0.271854132413864,0.172063827514648,0.341350942850113
1219,0.227662995457649,0.201646760106087,0.3019739985466
1220,0.19085693359375,0.220011681318283,0.261994242668152
1221,0.149933993816376,0.203330039978027,0.236963137984276
1222,0.120862081646919,0.167689487338066,0.231348797678947
1223,0.224285095930099,0.135670885443687,0.334954738616943
1224,0.179927140474319,0.160855144262314,0.29371365904808
1225,0.142462134361267,0.152295887470245,0.265294641256332
1226,0.116997793316841,0.124257683753967,0.25292906165123
1227,0.376153379678726,0.0698128789663315,0.399694830179214
1228,0.340994119644165,0.0863564237952232,0.391564905643463
1229,0.303939163684845,0.0659532621502876,0.386967867612839
1230,0.265419065952301,0.102499648928642,0.365758389234543
1231,0.34329491853714,0.035756167024374,0.399785220623016
1232,0.305099159479141,0.000660227029584348,0.392866045236588
1233,0.261684656143188,0.0343147180974483,0.376831859350204
1234,0.222026079893112,0.069059781730175,0.353531688451767
1235,0.189800545573235,0.10123822838068,0.326087564229965
1236,0.15013362467289,0.0996703431010246,0.296080559492111
1237,0.117447771131992,0.0728432014584541,0.272704899311066
1238,0.221540212631226,0.00245033949613571,0.359950482845306
1239,0.17901799082756,0.0387058071792126,0.332002371549606
1240,0.141858026385307,0.0426185242831707,0.302386105060577
1241,0.118326336145401,0.0184587836265564,0.282563060522079
1242,0.0866980850696564,0.233689934015274,0.0796601697802544
1243,0.091848760843277,0.25058501958847,0.0377220176160336
1244,0.0466413572430611,0.178748190402985,0.0448493883013725
1245,0.083567775785923,0.199438527226448,0.138478249311447
1246,0.0443740859627724,0.159011155366898,0.0840592160820961
1247,0.0294986255466938,0.138608872890472,0.0485910065472126
1248,0.0612546093761921,0.193994536995888,0.0806713774800301
1249,0.0573520138859749,0.157462641596794,0.129093050956726
1250,0.0142197534441948,0.0862128734588623,0.0526644140481949
1251,0.0933512523770332,0.0957142263650894,0.236634656786919
1252,0.0840284898877144,0.145262718200684,0.195312306284904
1253,0.0531321540474892,0.115601472556591,0.158636450767517
1254,0.0471742153167725,0.0354960486292839,0.181879103183746
1255,0.0383009314537048,0.0713980570435524,0.151307687163353
1256,0.0644191429018974,0.0752634555101395,0.201574683189392
1257,0.0962139070034027,-0.00139761087484658,0.258722066879272
1258,0.0905822068452835,0.0453142113983631,0.247720807790756
1259,0.0677616521716118,0.00625705812126398,0.220260664820671
1260,0.043331827968359,-0.0153263313695788,0.177120804786682
1261,0.0282263550907373,0.0194904822856188,0.142326474189758
1262,0.00509971426799893,0.0293016601353884,0.0504739172756672
1263,0.0183260347694159,0.0543909519910812,0.10160206258297
1264,0.0125402947887778,-0.00140908255707473,0.0945790559053421
1265,0.360397011041641,-0.0288531463593245,0.402955114841461
1266,0.310927659273148,-0.0672150030732155,0.388643205165863
1267,0.263094246387482,-0.0330459475517273,0.377456843852997
1268,0.366521269083023,-0.158101707696915,0.372586697340012
1269,0.363202542066574,-0.0998647063970566,0.39181849360466
1270,0.318474233150482,-0.131324931979179,0.373887807130814
1271,0.26898792386055,-0.100921824574471,0.367601990699768
1272,0.224516436457634,-0.0620096512138844,0.356149226427078
1273,0.191428571939468,-0.0242991298437119,0.34162226319313
1274,0.152438417077065,-0.0187159460037947,0.313741862773895
1275,0.118574500083923,-0.038798987865448,0.280750095844269
1276,0.22810722887516,-0.128511607646942,0.339848518371582
1277,0.18640448153019,-0.0784520283341408,0.330032855272293
1278,0.14899280667305,-0.0883994251489639,0.298650979995728
1279,0.11645021289587,-0.0967177003622055,0.264084488153458
1280,0.329732060432434,-0.178236439824104,0.356742769479752
1281,0.281673908233643,-0.170248836278915,0.34611377120018
1282,0.358380824327469,-0.255434334278107,0.312635779380798
1283,0.310567259788513,-0.247297167778015,0.307135432958603
1284,0.235567763447762,-0.200286999344826,0.307521134614944
1285,0.185852199792862,-0.143438115715981,0.307009607553482
1286,0.147083804011345,-0.150000661611557,0.271131068468094
1287,0.116422593593597,-0.151672959327698,0.236799880862236
1288,0.228211909532547,-0.258243411779404,0.255657613277435
1289,0.184634193778038,-0.205291330814362,0.268585175275803
1290,0.144131734967232,-0.205618292093277,0.228432714939117
1291,0.117609277367592,-0.186025395989418,0.212514087557793
1292,0.369244635105133,-0.343694299459457,0.214335083961487
1293,0.344132840633392,-0.318150460720062,0.244955569505692
1294,0.321061313152313,-0.344280242919922,0.197458878159523
1295,0.281061619520187,-0.304862022399902,0.235963255167007
1296,0.364300966262817,-0.368072986602783,0.167708232998848
1297,0.312665045261383,-0.370692938566208,0.13600766658783
1298,0.269497871398926,-0.34195402264595,0.168905824422836
1299,0.225041672587395,-0.303455501794815,0.196971029043198
1300,0.18329730629921,-0.256786614656448,0.218493968248367
1301,0.152684450149536,-0.251451462507248,0.188897997140884
1302,0.120013706386089,-0.220775797963142,0.180036559700966
1303,0.223516136407852,-0.335234463214874,0.133909657597542
1304,0.17925788462162,-0.29513019323349,0.157265439629555
1305,0.142687037587166,-0.266184449195862,0.151131242513657
1306,0.117063619196415,-0.252885222434998,0.124500386416912
1307,0.361543983221054,-0.391712635755539,0.0994319543242455
1308,0.305938214063644,-0.387263983488083,0.0674546584486961
1309,0.264492481946945,-0.365396618843079,0.102464146912098
1310,0.379250258207321,-0.40601921081543,-0.00085983204189688
1311,0.344495683908463,-0.400445401668549,0.030271016061306
1312,0.301449656486511,-0.391847491264343,-0.00189592118840665
1313,0.260872036218643,-0.376467317342758,0.034754853695631
1314,0.222569838166237,-0.353445827960968,0.0709565579891205
1315,0.19085468351841,-0.326583921909332,0.101921886205673
1316,0.150759801268578,-0.29741045832634,0.0973048135638237
1317,0.116391085088253,-0.272297203540802,0.0701054856181145
1318,0.219875738024712,-0.359036862850189,0.0055309277959168
1319,0.182962462306023,-0.33370777964592,0.0465444028377533
1320,0.143352791666985,-0.305997788906097,0.0203337501734495
1321,0.110851898789406,-0.274513334035873,0.02126051671803
1322,0.0882108956575394,-0.105136796832085,0.225533440709114
1323,0.0630442425608635,-0.0576986856758595,0.205021023750305
1324,0.088739849627018,-0.0495089292526245,0.244547381997108
1325,0.0417116768658161,-0.0721328854560852,0.158882901072502
1326,0.0247748680412769,-0.0335586369037628,0.130225285887718
1327,0.0918732658028603,-0.164060011506081,0.193172201514244
1328,0.0252996757626534,-0.0820690095424652,0.10834414511919
1329,0.0635715574026108,-0.11495403945446,0.180297017097473
1330,0.0447540506720543,-0.129104733467102,0.126305922865868
1331,0.0678458660840988,-0.158669799566269,0.153083011507988
1332,0.0135509259998798,-0.0468878857791424,0.0866390615701675
1333,0.00407150154933333,-0.0303067732602358,0.0416887477040291
1334,0.0951634868979454,-0.239019826054573,0.0956896767020226
1335,0.0866326242685318,-0.205017983913422,0.137414038181305
1336,0.0614828243851662,-0.175995573401451,0.115426734089851
1337,0.0450528226792812,-0.168278887867928,0.0672022551298141
1338,0.0280496943742037,-0.120359428226948,0.0775890722870827
1339,0.071604035794735,-0.210220158100128,0.0832527950406075
1340,0.089641310274601,-0.250580936670303,-0.0058559188619256
1341,0.0892935693264008,-0.245348289608955,0.0490856878459454
1342,0.0641917288303375,-0.213346898555756,0.0250151827931404
1343,0.040926530957222,-0.172834381461143,-0.00341364182531834
1344,0.0238632597029209,-0.129047006368637,0.0274819973856211
1345,0.00627000443637371,-0.0623530186712742,0.0194918047636747
1346,0.0129515221342444,-0.0810635760426521,0.0518086887896061
1347,0.0108345905318856,-0.0875644236803055,-0.00130025029648095
1348,0.343827337026596,-0.400083214044571,-0.0333788841962814
1349,0.304156094789505,-0.386239022016525,-0.0704298764467239
1350,0.259456634521484,-0.375967741012573,-0.0339905582368374
1351,0.36032047867775,-0.39110741019249,-0.101154416799545
1352,0.310832262039185,-0.369424641132355,-0.138084948062897
1353,0.261864751577377,-0.364401936531067,-0.102200426161289
1354,0.219700694084167,-0.353739053010941,-0.0611550025641918
1355,0.18214638531208,-0.335842430591583,-0.0191435646265745
1356,0.121125146746635,-0.283695161342621,-0.0361909344792366
1357,0.1544209420681,-0.313071668148041,-0.0422218069434166
1358,0.221357718110085,-0.336650788784027,-0.127151653170586
1359,0.183356091380119,-0.327219039201736,-0.0814450681209564
1360,0.149576142430305,-0.297954857349396,-0.092370368540287
1361,0.118396051228046,-0.265520006418228,-0.098600260913372
1362,0.370014250278473,-0.342942029237747,-0.215693324804306
1363,0.364047646522522,-0.367592543363571,-0.168684765696526
1364,0.321270704269409,-0.342838048934937,-0.200048193335533
1365,0.268066793680191,-0.341105610132217,-0.169409781694412
1366,0.346048533916473,-0.314541578292847,-0.2500941157341
1367,0.280404597520828,-0.300917506217957,-0.240615382790565
1368,0.224378004670143,-0.306392699480057,-0.191727429628372
1369,0.182564795017242,-0.305134654045105,-0.142266139388084
1370,0.146832436323166,-0.270820885896683,-0.150122687220573
1371,0.116991609334946,-0.237429916858673,-0.151777893304825
1372,0.224265664815903,-0.259477078914642,-0.251526653766632
1373,0.181576684117317,-0.268596887588501,-0.201873198151588
1374,0.143589034676552,-0.228694066405296,-0.204627230763435
1375,0.117652863264084,-0.212920263409615,-0.18562838435173
1376,0.315605521202087,-0.211903169751167,-0.334046602249146
1377,0.270240873098373,-0.239081785082817,-0.297510355710983
1378,0.371773928403854,-0.15241564810276,-0.375569343566895
1379,0.357267290353775,-0.189296528697014,-0.35641422867775
1380,0.319934755563736,-0.145460456609726,-0.368988484144211
1381,0.267701774835587,-0.175388380885124,-0.337915152311325
1382,0.221978574991226,-0.200343608856201,-0.299329936504364
1383,0.181408405303955,-0.219931423664093,-0.253870964050293
1384,0.152010008692741,-0.189536973834038,-0.250280320644379
1385,0.119832031428814,-0.180437862873077,-0.220210924744606
1386,0.2227893024683,-0.136757418513298,-0.333674550056458
1387,0.178372591733932,-0.158856719732285,-0.293581783771515
1388,0.142447173595428,-0.152001649141312,-0.265448331832886
1389,0.11750004440546,-0.125060051679611,-0.25310942530632
1390,0.364389508962631,-0.10148062556982,-0.391553491353989
1391,0.311652958393097,-0.0696602687239647,-0.388401418924332
1392,0.26642569899559,-0.10699675232172,-0.364870399236679
1393,0.36119544506073,-0.0279272142797709,-0.403124451637268
1394,0.305949151515961,0.0019926642999053,-0.393092691898346
1395,0.263681828975677,-0.0364774242043495,-0.377417296171188
1396,0.223441481590271,-0.0731940641999245,-0.353452414274216
1397,0.19106350839138,-0.104038447141647,-0.326056092977524
1398,0.152076870203018,-0.0998020321130753,-0.297721982002258
1399,0.11889360845089,-0.0703661441802979,-0.274879544973373
1400,0.221144482493401,-0.00789697747677565,-0.359663933515549
1401,0.184591919183731,-0.0505604781210423,-0.334226161241531
1402,0.14858390390873,-0.0319096483290195,-0.309477269649506
1403,0.117538325488567,-0.0118573680520058,-0.28210985660553
1404,0.0901524648070335,-0.228351444005966,-0.104897819459438
1405,0.0658882707357407,-0.212398841977119,-0.0466705895960331
1406,0.0945766791701317,-0.249893471598625,-0.0589498244225979
1407,0.0412843562662601,-0.16005751490593,-0.0672453045845032
1408,0.0228396579623222,-0.125231444835663,-0.0310619864612818
1409,0.0922173485159874,-0.194293200969696,-0.163393005728722
1410,0.0262342300266027,-0.113289974629879,-0.0795675665140152
1411,0.0637865588068962,-0.182744830846786,-0.111677557229996
1412,0.0433611646294594,-0.12566265463829,-0.125843301415443
1413,0.0674728602170944,-0.153867200016975,-0.157113268971443
1414,0.0121159441769123,-0.0741138532757759,-0.0560023449361324
1415,0.00277597433887422,-0.0386454053223133,-0.0152993639931083
1416,0.0959812849760056,-0.0951062887907028,-0.240311503410339
1417,0.0866522490978241,-0.137740850448608,-0.20482911169529
1418,0.0607924833893776,-0.114871427416801,-0.175014540553093
1419,0.0441417172551155,-0.0635103657841682,-0.167783349752426
1420,0.0222267434000969,-0.0659319087862968,-0.108833603560925
1421,0.0715959295630455,-0.0815880596637726,-0.210859030485153
1422,0.09039656072855,0.0104228714480996,-0.251382768154144
1423,0.0907975882291794,-0.0462250262498856,-0.247826427221298
1424,0.0645375922322273,-0.0223560929298401,-0.214190259575844
1425,0.0419534035027027,0.00550121022388339,-0.174899891018867
1426,0.026604687795043,-0.0207597650587559,-0.137871652841568
1427,0.00663449009880424,-0.030522994697094,-0.0600486025214195
1428,0.012120601721108,-0.045215118676424,-0.0811677947640419
1429,0.0125481439754367,-0.00849832687526941,-0.0942382290959358
1430,0.375753611326218,0.0702532753348351,-0.399579972028732
1431,0.343791007995605,0.0377613119781017,-0.399687111377716
1432,0.30373278260231,0.064768947660923,-0.387109994888306
1433,0.261665940284729,0.030992740765214,-0.377112150192261
1434,0.34000352025032,0.0838140472769737,-0.391933768987656
1435,0.315033257007599,0.119347006082535,-0.377008050680161
1436,0.266208529472351,0.0967302471399307,-0.367639571428299
1437,0.221255898475647,0.0577377341687679,-0.355146557092667
1438,0.18232025206089,0.0130867063999176,-0.33625054359436
1439,0.147605776786804,0.0309673268347979,-0.308748960494995
1440,0.11770087480545,0.0466479398310184,-0.278648018836975
1441,0.22488771378994,0.124273680150509,-0.339678794145584
1442,0.182522818446159,0.0772794187068939,-0.327651709318161
1443,0.147740080952644,0.0915410667657852,-0.296606153249741
1444,0.11770673841238,0.100398540496826,-0.264091402292252
1445,0.374544948339462,0.212688341736794,-0.34535551071167
1446,0.344434201717377,0.167201653122902,-0.365113705396652
1447,0.324647009372711,0.209160476922989,-0.338253021240234
1448,0.28198504447937,0.166075810790062,-0.348251610994339
1449,0.371471554040909,0.283680111169815,-0.289453119039536
1450,0.347994774580002,0.249955505132675,-0.315060317516327
1451,0.286151707172394,0.235872104763985,-0.307067930698395
1452,0.230341419577599,0.188898280262947,-0.311674892902374
1453,0.184238776564598,0.140060245990753,-0.307388186454773
1454,0.148110166192055,0.148998811841011,-0.272666871547699
1455,0.1168103069067,0.152318641543388,-0.236861243844032
1456,0.233215361833572,0.248253032565117,-0.268744915723801
1457,0.18611179292202,0.199485465884209,-0.274137049913406
1458,0.148677855730057,0.20233453810215,-0.236440226435661
1459,0.117469571530819,0.201328113675117,-0.197872996330261
1460,0.364428877830505,0.313732087612152,-0.255320370197296
1461,0.311433762311935,0.315402537584305,-0.237034156918526
1462,0.36878702044487,0.379010140895844,-0.142744228243828
1463,0.352017521858215,0.364053815603256,-0.17237676680088
1464,0.317018628120422,0.371778219938278,-0.136173099279404
1465,0.271088629961014,0.349073767662048,-0.155110239982605
1466,0.246546104550362,0.308671146631241,-0.207701846957207
1467,0.18764054775238,0.253779292106628,-0.226325333118439
1468,0.148221060633659,0.245506092905998,-0.190610527992249
1469,0.12188521027565,0.236678242683411,-0.161897569894791
1470,0.227385014295578,0.337894320487976,-0.132571697235107
1471,0.181259989738464,0.295537799596786,-0.15940497815609
1472,0.141913309693336,0.268092900514603,-0.146319344639778
1473,0.116390414535999,0.255115538835526,-0.118221096694469
1474,0.354422032833099,0.389117777347565,-0.105474382638931
1475,0.31029337644577,0.387050062417984,-0.0749961212277412
1476,0.267586380243301,0.366654813289642,-0.102365747094154
1477,0.365290641784668,0.401276469230652,-0.0517417043447495
1478,0.221204653382301,0.354272663593292,-0.0627232268452644
1479,0.189188450574875,0.325818419456482,-0.100771382451057
1480,0.148641675710678,0.297148436307907,-0.0923431217670441
1481,0.113101601600647,0.271268576383591,-0.0595845654606819
1482,0.0895161181688309,0.104165874421597,-0.22780567407608
1483,0.0662249699234962,0.0480493865907192,-0.212626516819
1484,0.0941274762153625,0.0623902343213558,-0.24849408864975
1485,0.0422978140413761,0.0671331286430359,-0.162358045578003
1486,0.024749206379056,0.030278829857707,-0.130954071879387
1487,0.0884816348552704,0.155471742153168,-0.194729015231133
1488,0.0280647929757833,0.0798418894410133,-0.118923768401146
1489,0.0637478455901146,0.109978742897511,-0.183700636029243
1490,0.0447806939482689,0.126352399587631,-0.129132747650146
1491,0.0676390528678894,0.155382573604584,-0.155973508954048
1492,0.00332924607209861,0.0178122576326132,-0.0424757227301598
1493,0.0140376295894384,0.0550626292824745,-0.0838914662599564
1494,0.0938307195901871,0.239085137844086,-0.0910768359899521
1495,0.0890994146466255,0.205888614058495,-0.141746923327446
1496,0.0617716275155544,0.175708636641502,-0.116711415350437
1497,0.0472493879497051,0.172601103782654,-0.0678385049104691
1498,0.0261785350739956,0.117126263678074,-0.0735245048999786
1499,0.0714888945221901,0.211966246366501,-0.07821274548769
1500,0.0876578092575073,0.243783205747604,-0.0462329536676407
1501,0.0129412179812789,0.090097688138485,-0.033617340028286
1502,0.18015630543232,0.331395626068115,0.0492364652454853
1503,0.177056759595871,0.328868389129639,-0.051587775349617
1504,0.0325636304914951,0.113180994987488,0.104934550821781
1505,0.367932081222534,0.341166526079178,0.218066185712814
1506,0.372376322746277,-0.240726336836815,-0.326165050268173
1507,0.267140030860901,0.37740758061409,-0.0484686307609081
1508,0.373555183410645,-0.288667887449265,-0.284779489040375
1509,0.366843968629837,0.118280470371246,-0.387113571166992
1510,0.369777023792267,-0.294627457857132,0.278041005134583
1511,0.370085507631302,0.120944067835808,0.386667251586914
1512,0.325180262327194,-0.269430130720139,-0.292684614658356
1513,0.266082227230072,0.376716554164886,0.0506308525800705
1514,0.381523460149765,0.0214149411767721,0.405641615390778
1515,0.382606565952301,-0.403227269649506,0.0497997924685478
1516,0.382224768400192,-0.40303373336792,-0.0511092804372311
1517,0.38170525431633,0.0220886282622814,-0.405619859695435
1518,0.359967738389969,0.344561517238617,-0.210800990462303
1519,0.325600057840347,0.282617568969727,-0.280102729797363
1520,0.322154879570007,-0.281921148300171,0.27971151471138
1521,0.275432884693146,-0.254848182201385,0.286648899316788
1522,0.308735132217407,0.345757812261581,-0.188581198453903
1523,0.279232114553452,0.281164258718491,-0.262838393449783
1524,0.283803850412369,-0.219311594963074,0.318170249462128
1525,0.321064174175262,-0.21453882753849,0.333904951810837
1526,0.366912066936493,-0.206752687692642,0.348004102706909
1527,1.08872091770172,-0.258859246969223,-0.107783704996109
1528,1.09375,-0.328707724809647,-0.142974361777306
1529,1.15200245380402,-0.24989265203476,-0.128733590245247
1530,1.1457427740097,-0.323744922876358,-0.119075022637844
1531,1.04101824760437,-0.0548597574234009,-0.0465427450835705
1532,1.12769830226898,-0.0530349910259247,0.0294650662690401
1533,1.06485390663147,-0.0929060205817223,0.0510185696184635
1534,1.10400879383087,-0.111291617155075,-0.0352095812559128
1535,1.05542266368866,0.0158665738999844,-0.0202646292746067
1536,1.08751749992371,-0.0418574623763561,-0.12299420684576
1537,1.09818720817566,0.0487387590110302,-0.0988513305783272
1538,1.12649571895599,-0.0352299846708775,-0.0379545912146568
1539,1.13945281505585,-0.0989658012986183,-0.0946319326758385
1540,1.03298509120941,-0.119125872850418,-0.0716999396681786
1541,0.403435826301575,0.0445366986095905,0.0398734211921692
1542,0.367509841918945,0.107534125447273,0.0206707660108805
1543,0.365795910358429,0.0557582378387451,-0.0550287365913391
1544,0.304895520210266,0.0708721652626991,-0.0197749175131321
1545,0.387819409370422,-0.0113916518166661,-0.049349557608366
1546,0.445771604776382,0.0143761141225696,-0.001829779939726
1547,0.381521552801132,-0.0356460399925709,0.0741879492998123
1548,0.434380382299423,0.106827430427074,-0.0233089420944452
1549,0.499782264232635,0.109603345394135,0.0269415937364101
1550,0.366446971893311,0.0329968146979809,0.146079331636429
1551,0.357714921236038,0.0749294236302376,0.086014024913311
1552,0.433920323848724,0.0279888641089201,0.111782126128674
1553,0.473861366510391,-0.0285432152450085,0.0714818239212036
1554,0.505893349647522,0.038014117628336,0.049012515693903
1555,0.62592226266861,0.0291641745716333,-0.017803069204092
1556,0.584934890270233,-0.0320213697850704,-0.0241347830742598
1557,0.569764137268066,0.0465780980885029,0.0315500199794769
1558,0.551679015159607,0.0276835206896067,-0.0789879336953163
1559,0.515776872634888,-0.00881048478186131,-0.0122592290863395
1560,0.502334117889404,0.060974158346653,-0.0400077365338802
1561,0.489290088415146,-0.00413569854572415,-0.0854330956935883
1562,0.548000395298004,-0.0113410269841552,0.0970031917095184
1563,0.575114071369171,-0.0574380718171597,0.0631340220570564
1564,0.699901103973389,0.0274199098348618,0.0396148264408112
1565,0.651889443397522,0.130004346370697,-0.0133783267810941
1566,0.647726833820343,0.103016912937164,0.0655553340911865
1567,0.707699179649353,0.0434763208031654,-0.032351691275835
1568,0.696019291877747,-0.0451205782592297,-0.0127001414075494
1569,0.759446263313293,0.00485619623214006,-0.011185510084033
1570,0.766401052474976,0.0591908991336823,0.04317906498909
1571,0.734271943569183,0.088197834789753,0.0932323485612869
1572,0.752174437046051,-0.0190411992371082,0.0600000880658627
1573,0.658840179443359,0.027709973976016,0.112861208617687
1574,0.70207005739212,-0.0424546971917152,0.11650525778532
1575,1.3919118642807,0.0331505127251148,-0.136021584272385
1576,1.33721017837524,0.0733746588230133,-0.13971158862114
1577,1.39600896835327,0.0928518697619438,-0.104940749704838
1578,1.39557003974915,0.11902292072773,-0.185523927211761
1579,1.45387029647827,0.0609283223748207,-0.14709261059761
1580,1.32862794399261,0.00344874360598624,-0.199660137295723
1581,1.38822531700134,-0.0275258217006922,-0.163040816783905
1582,1.43463182449341,0.0117611987516284,-0.178942054510117
1583,1.44257009029388,0.0143966376781464,-0.0869089588522911
1584,1.4713100194931,0.0511411465704441,0.0903483480215073
1585,1.55278325080872,0.0347511135041714,0.132118821144104
1586,1.51249444484711,0.0910674706101418,0.122816905379295
1587,1.49366569519043,0.000156439622514881,0.157299041748047
1588,1.5090194940567,0.0334104783833027,0.00688493438065052
1589,1.4963116645813,0.107800923287868,0.061476182192564
1590,1.54632067680359,0.0594100430607796,0.0611899942159653
1591,1.43480467796326,-0.0357412472367287,0.050817895680666
1592,1.42184484004974,0.0745139345526695,0.0370110832154751
1593,1.40648066997528,0.103470019996166,0.111679509282112
1594,1.44811141490936,0.150882855057716,0.0671611800789833
1595,1.47285544872284,0.128953769803047,0.153662741184235
1596,1.42272233963013,0.0819438844919205,0.170639976859093
1597,1.43621301651001,0.00119150581303984,0.116170726716518
1598,1.37143695354462,0.00414391839876771,0.0809837207198143
1599,1.08137822151184,-0.200546517968178,-0.128076612949371
1600,1.1146125793457,-0.22905233502388,-0.170326188206673
1601,1.05252683162689,-0.259934335947037,-0.212797313928604
1602,1.0152131319046,-0.1038978099823,0.00656568072736263
1603,0.980553150177002,-0.182153403759003,-0.0208968669176102
1604,0.969300627708435,-0.117223232984543,-0.0418669320642948
1605,0.99031138420105,-0.167105823755264,0.0581208243966103
1606,1.02489840984344,-0.210855215787888,0.016382047906518
1607,1.02947950363159,-0.0369072072207928,0.0801566243171692
1608,0.975125193595886,-0.0244818516075611,0.0260757319629192
1609,1.42027246952057,-0.185669973492622,0.307064145803452
1610,1.40820121765137,-0.252222746610641,0.260678857564926
1611,0.914164781570435,-0.1508848965168,0.0199531298130751
1612,0.932632505893707,-0.0546717382967472,-0.0172568038105965
1613,0.935474097728729,-0.0824342668056488,0.0470887832343578
1614,0.992593109607697,-0.0990075320005417,0.0835539400577545
1615,0.304990857839584,0.104606792330742,0.0544915944337845
1616,0.321920424699783,-0.00830184575170279,0.0471920855343342
1617,0.367911994457245,0.166621372103691,0.115941092371941
1618,0.42873939871788,0.104130424559116,0.0805002823472023
1619,0.550159811973572,0.0965935215353966,-0.0181388556957245
1620,0.595426201820374,0.133337572216988,0.0218241848051548
1621,0.500596463680267,0.18141970038414,0.00366685702465475
1622,0.471502751111984,0.150366112589836,-0.0578049905598164
1623,0.695751368999481,0.219258323311806,-0.289321750402451
1624,0.768749177455902,0.248980388045311,-0.242932349443436
1625,0.717223107814789,0.166230514645576,-0.299401968717575
1626,0.800182223320007,0.195786789059639,-0.305222183465958
1627,0.675264179706573,-0.344599276781082,0.113700844347477
1628,0.536984920501709,0.141136258840561,-0.0677578374743462
1629,0.639045536518097,0.163447767496109,-0.0959590002894402
1630,0.613455057144165,0.0711617767810822,-0.0755264237523079
1631,0.425622135400772,0.213360339403152,-0.0465818531811237
1632,0.426061779260635,0.168536439538002,-0.103094436228275
1633,0.356943011283875,0.230699926614761,-0.104945994913578
1634,0.429552584886551,0.242429077625275,-0.137735068798065
1635,0.474907249212265,0.218433290719986,-0.100824430584908
1636,0.457936316728592,0.289802014827728,-0.0429503433406353
1637,0.490496426820755,0.237789183855057,-0.0208961814641953
1638,0.332022875547409,0.239229932427406,-0.0415793769061565
1639,0.359374344348907,0.17992490530014,0.0222754720598459
1640,0.43264639377594,0.253297626972198,0.00770564470440149
1641,0.376616448163986,0.172298610210419,-0.07432010024786
1642,0.363089203834534,0.301743924617767,-0.0105825765058398
1643,0.403499096632004,0.282238662242889,-0.0931719169020653
1644,0.657695770263672,-0.357743293046951,0.0623596012592316
1645,0.895059883594513,0.0266158450394869,-0.00222656666301191
1646,0.84673398733139,0.104932434856892,-0.0104685574769974
1647,0.797147035598755,0.0556371510028839,-0.0761304944753647
1648,0.844236731529236,0.00112081388942897,0.0302910208702087
1649,0.915831089019775,-0.00706143071874976,-0.0814543962478638
1650,0.823417484760284,-0.0514361001551151,-0.0294304043054581
1651,0.923996686935425,0.119704529643059,-0.00728012481704354
1652,0.844815969467163,0.112840577960014,-0.0833065211772919
1653,0.925346434116364,0.002155537949875,0.0731316804885864
1654,0.962264478206635,0.0555320233106613,-0.0203096680343151
1655,0.893421649932861,0.073049932718277,0.0567126870155334
1656,0.975930154323578,-0.0408961698412895,-0.112203888595104
1657,0.976230919361115,0.0094354348257184,-0.171605601906776
1658,0.990881025791168,0.0553074069321156,-0.129332527518272
1659,0.0649339482188225,0.0841927975416183,-0.0893726870417595
1660,0.991448163986206,0.00439419085159898,-0.0584664158523083
1661,0.92251056432724,-0.0519879534840584,-0.142375528812408
1662,0.846620976924896,-0.0181280188262463,-0.095942810177803
1663,0.872520983219147,0.0120140928775072,-0.163194969296455
1664,0.888728499412537,-0.0858678445219994,-0.0669577643275261
1665,1.03509902954102,0.0583382621407509,0.0725269168615341
1666,0.956609129905701,0.0118291536346078,0.13742595911026
1667,0.974838078022003,-0.0424877628684044,0.109616450965405
1668,0.365911185741425,0.0734492242336273,-0.301598995923996
1669,0.340225756168365,0.144283190369606,-0.249238416552544
1670,0.366126358509064,0.10231227427721,-0.33494970202446
1671,0.307665050029755,0.108000457286835,-0.278788536787033
1672,0.85831356048584,0.292285561561584,0.219499468803406
1673,0.862446486949921,-0.0458471104502678,0.107581436634064
1674,1.11680316925049,-0.0974126309156418,-0.159264728426933
1675,1.06422960758209,-0.132063508033752,-0.136750727891922
1676,1.05467295646667,-0.099141500890255,-0.206086367368698
1677,0.957905530929565,-0.120970591902733,-0.108014367520809
1678,1.02573823928833,-0.0870261639356613,-0.126867100596428
1679,1.00919842720032,-0.165810912847519,-0.112806022167206
1680,1.04238891601562,0.00532777979969978,-0.127653941512108
1681,1.01653051376343,-0.0477416515350342,-0.188519775867462
1682,0.768103957176208,0.313595056533813,0.180853351950645
1683,0.809597492218018,-0.065190464258194,-0.16057413816452
1684,0.743071854114532,-0.0612661503255367,-0.128898233175278
1685,0.796238839626312,0.00613777199760079,-0.207911357283592
1686,0.724827289581299,-0.0740748420357704,-0.200224533677101
1687,0.868295669555664,-0.0488243773579597,-0.174508184194565
1688,0.845889687538147,-0.109229348599911,-0.250771075487137
1689,0.819897294044495,-0.056161854416132,-0.229283809661865
1690,0.831156313419342,-0.107318386435509,-0.0884034112095833
1691,0.898021399974823,-0.116994969546795,-0.175387963652611
1692,0.797487735748291,0.0207247026264668,-0.133239969611168
1693,0.758594512939453,-0.0419458299875259,-0.0596079751849174
1694,0.222981303930283,-0.242719709873199,-0.0150179229676723
1695,0.256253689527512,-0.205384120345116,0.0435671880841255
1696,0.185115873813629,-0.192414328455925,-0.0207211636006832
1697,0.207953229546547,-0.237299919128418,0.0348351411521435
1698,0.266897857189178,-0.27053365111351,0.0496932081878185
1699,0.262385427951813,-0.204968750476837,-0.0110134556889534
1700,0.307694941759109,-0.196121767163277,0.0858470946550369
1701,0.313122361898422,-0.228808686137199,0.0300497561693192
1702,0.279239624738693,-0.147212222218513,0.00212531769648194
1703,0.208125397562981,-0.186543479561806,0.0670389458537102
1704,0.899140954017639,0.0568494014441967,-0.103331714868546
1705,0.838278532028198,-0.138360559940338,-0.0280528236180544
1706,0.836304664611816,-0.0807336717844009,0.0344176031649113
1707,0.789524614810944,-0.0938893184065819,-0.302491635084152
1708,0.798499286174774,-0.105777986347675,-0.348809897899628
1709,0.84010523557663,-0.155766621232033,-0.304058045148849
1710,0.775674939155579,-0.161067828536034,-0.299731343984604
1711,0.910488843917847,-0.180831909179688,0.294306099414825
1712,0.952965557575226,-0.233404114842415,0.209998250007629
1713,0.948535919189453,-0.149435251951218,0.224433079361916
1714,0.97512948513031,-0.203649550676346,0.273848325014114
1715,0.715452611446381,-0.31165024638176,0.147577539086342
1716,0.674804329872131,-0.319514811038971,0.158585861325264
1717,0.429947555065155,0.0737224146723747,-0.0835990980267525
1718,0.417496085166931,0.0401198230683804,-0.146710425615311
1719,0.394548237323761,0.108881369233131,-0.130426093935966
1720,0.302368640899658,0.0984228476881981,-0.11147416383028
1721,0.316007852554321,0.0126868057996035,-0.0980782806873322
1722,0.345565140247345,0.122757278382778,-0.0600631423294544
1723,0.282672047615051,0.156532496213913,-0.0329416245222092
1724,0.265761971473694,-0.0272470451891422,-0.0186218414455652
1725,0.268077820539474,0.033941350877285,0.0200546067208052
1726,0.242931574583054,0.116137325763702,-0.0766417607665062
1727,0.250194609165192,0.0462449342012405,-0.0596155002713203
1728,0.488781243562698,0.119221314787865,-0.147209376096725
1729,1.75376427173615,-0.208925902843475,0.196367487311363
1730,1.76118898391724,-0.287553995847702,0.199880197644234
1731,1.75671410560608,-0.253977060317993,0.148482397198677
1732,0.540232479572296,0.0598558597266674,-0.144309177994728
1733,1.58169400691986,0.0245573427528143,0.361873626708984
1734,0.413787633180618,-0.0819133147597313,0.0407228656113148
1735,0.306895077228546,-0.0874850898981094,0.00513496808707714
1736,0.392926335334778,-0.079748660326004,-0.020332470536232
1737,0.314211249351501,-0.114152356982231,0.0707169771194458
1738,0.342368751764297,-0.138180643320084,0.0125774564221501
1739,0.394233554601669,-0.135613277554512,0.0864005461335182
1740,0.431845307350159,-0.179116606712341,0.0447105728089809
1741,0.944092571735382,0.129600256681442,-0.0763099640607834
1742,0.458473682403564,-0.115055955946445,0.0892845466732979
1743,0.749395430088043,-0.30892288684845,0.193611413240433
1744,0.78045129776001,-0.31235533952713,0.140491470694542
1745,0.739229023456573,-0.26180025935173,0.154898717999458
1746,0.507228970527649,-0.0855791494250298,0.0154306720942259
1747,0.168979197740555,-0.0463631600141525,-0.0421657785773277
1748,0.155783861875534,-0.101977162063122,-0.0488254092633724
1749,0.099886529147625,-0.0818631500005722,-0.0257442779839039
1750,0.105111911892891,-0.0750967934727669,-0.0897073298692703
1751,0.742280900478363,-0.32959845662117,0.157577246427536
1752,0.216100469231606,-0.0264716017991304,-0.0771120861172676
1753,0.223139107227325,-0.116292953491211,-0.0780920833349228
1754,0.175214901566505,-0.0977706462144852,-0.110296458005905
1755,0.154627248644829,0.0247819609940052,-0.0960841923952103
1756,0.186131104826927,0.00994510110467672,-0.0289112757891417
1757,0.114874921739101,-0.0111768394708633,-0.0722303539514542
1758,0.228511229157448,-0.0798378214240074,-0.0177799239754677
1759,0.429457277059555,-0.0825433880090714,0.160226598381996
1760,0.452582180500031,-0.126776218414307,0.000630640133749694
1761,0.513933181762695,-0.153958395123482,0.0432244464755058
1762,0.518571496009827,-0.0967448204755783,0.0913079306483269
1763,1.57818746566772,0.10920587182045,0.091579295694828
1764,1.61173558235168,0.0618924684822559,0.0878216847777367
1765,1.61192417144775,0.036579754203558,0.158538207411766
1766,1.59228479862213,-0.0214752797037363,0.142180323600769
1767,1.54693233966827,0.00120165350381285,0.199511915445328
1768,0.886536717414856,0.14137114584446,0.10251259803772
1769,0.867619216442108,0.181732565164566,0.0281157623976469
1770,0.795089662075043,0.179981455206871,0.0609478168189526
1771,0.89436262845993,0.197944954037666,0.0824858099222183
1772,0.961969196796417,0.186024695634842,-0.0263816453516483
1773,0.867311477661133,0.245981231331825,0.00419795839115977
1774,0.913747727870941,0.251672148704529,0.0544359534978867
1775,0.768663585186005,0.205642849206924,0.00157642923295498
1776,0.822884559631348,0.265119343996048,0.0480622798204422
1777,0.76949018239975,0.133120715618134,0.0192033387720585
1778,0.834744393825531,0.171246901154518,-0.0332707986235619
1779,1.20533657073975,0.08067986369133,-0.0381564050912857
1780,1.27607786655426,0.0559137612581253,-0.0512557290494442
1781,1.17340111732483,0.0361923165619373,-0.0717863664031029
1782,1.25831782817841,0.0599032901227474,-0.118648022413254
1783,1.17967677116394,0.0539856962859631,0.0391776748001575
1784,1.29054415225983,0.0427568592131138,0.0382397547364235
1785,1.24775958061218,0.128834277391434,-0.00813868921250105
1786,1.11883449554443,0.0322835110127926,0.0131167666986585
1787,1.18748545646667,-0.0198541563004255,0.00739437201991677
1788,1.11001348495483,0.129944369196892,-0.0614873543381691
1789,1.17430663108826,0.135137945413589,0.00204903888516128
1790,1.26613795757294,0.116021707653999,-0.0609057433903217
1791,1.20919418334961,0.189326927065849,-0.0398873314261436
1792,1.21038007736206,0.110532373189926,-0.101865768432617
1793,1.14595484733582,0.0955294966697693,-0.115549325942993
1794,0.593474805355072,0.0136543726548553,0.134647309780121
1795,0.654363095760345,-0.0395598635077477,0.175593644380569
1796,0.587955594062805,-0.0666515082120895,0.132322907447815
1797,0.551779091358185,0.0782565027475357,0.176500096917152
1798,0.587968468666077,0.0165164824575186,0.245750114321709
1799,0.64347904920578,0.039422482252121,0.181708723306656
1800,0.501992166042328,-0.0187881905585527,0.18853186070919
1801,0.515763401985168,0.0482151843607426,0.119536347687244
1802,0.572696387767792,0.0828966274857521,0.1027946844697
1803,0.668930947780609,0.0961474850773811,0.124853514134884
1804,1.13783538341522,0.0279890932142735,0.097796306014061
1805,1.1919926404953,0.0112145906314254,0.125264674425125
1806,1.1874612569809,-0.0615427643060684,0.0844553783535957
1807,1.1034015417099,0.0875445082783699,0.0733480826020241
1808,1.11119019985199,0.13982754945755,0.0309883616864681
1809,0.821205973625183,0.304029315710068,-0.0229338183999062
1810,0.855767011642456,0.361877173185349,0.0232384782284498
1811,0.87121719121933,0.329062908887863,-0.0351976081728935
1812,0.817437291145325,0.351248532533646,-0.0702338814735413
1813,1.48768901824951,-0.00568305281922221,-0.134681969881058
1814,1.55123746395111,0.0203746631741524,-0.0880946442484856
1815,1.52595555782318,-0.0729825347661972,-0.0976859405636787
1816,1.58974170684814,-0.00186352431774139,-0.147476971149445
1817,1.49947774410248,0.0533750094473362,-0.0997297316789627
1818,1.51824462413788,-0.027130289003253,-0.0467183366417885
1819,0.498820394277573,0.344455033540726,0.122773803770542
1820,0.547683656215668,0.355169206857681,0.0775373801589012
1821,0.598702669143677,0.307150483131409,0.118431501090527
1822,0.533443331718445,0.30962809920311,0.0880146026611328
1823,1.44898211956024,-0.0573209747672081,-0.156094655394554
1824,1.44183373451233,-0.0863817259669304,-0.0771858543157578
1825,1.53415322303772,-0.322773367166519,-0.165742620825768
1826,0.833139836788177,-0.15667125582695,0.237382933497429
1827,0.865324676036835,-0.207193613052368,0.30293482542038
1828,0.837494075298309,-0.166414186358452,0.301694542169571
1829,0.322013795375824,0.0333172082901001,-0.235730677843094
1830,0.381086111068726,0.0235979855060577,-0.294740498065948
1831,0.371833562850952,0.00893192645162344,-0.210555583238602
1832,0.344246178865433,-0.0182476248592138,-0.278441816568375
1833,0.270741671323776,-0.0459993258118629,-0.265955209732056
1834,0.260987877845764,0.00779857533052564,-0.321538329124451
1835,0.264453262090683,0.0064640948548913,-0.225340455770493
1836,0.399535447359085,0.0574922412633896,-0.239724427461624
1837,0.240287020802498,0.0621013529598713,-0.257448375225067
1838,0.269730418920517,0.0645452439785004,-0.304659605026245
1839,0.36553755402565,0.0991071909666061,-0.199926942586899
1840,0.660215675830841,-0.0121401874348521,-0.0767027586698532
1841,0.555351912975311,-0.0209948029369116,-0.138543799519539
1842,1.28628742694855,0.328232407569885,0.151406303048134
1843,1.32673645019531,0.353753298521042,0.0887358859181404
1844,1.2718493938446,0.354756683111191,0.126290842890739
1845,0.627345204353333,0.0245600808411837,-0.145534664392471
1846,1.16704130172729,-0.123179599642754,-0.340808928012848
1847,0.560739398002625,-0.0766897574067116,-0.0701213404536247
1848,0.611489713191986,0.369138836860657,0.0732420459389687
1849,0.622387111186981,0.338253766298294,0.133273839950562
1850,0.77288943529129,-0.100462637841702,0.00725207617506385
1851,1.33222508430481,-0.0610434710979462,0.207145497202873
1852,1.30124485492706,0.0459512211382389,0.190947934985161
1853,1.35443866252899,-0.00209600944072008,0.142278388142586
1854,1.28927648067474,-0.0456776767969131,0.151846647262573
1855,0.87579345703125,0.253564417362213,0.228474155068398
1856,0.846389770507812,0.215585544705391,0.156874671578407
1857,0.892371416091919,0.285851925611496,0.182617694139481
1858,0.910158157348633,0.24574863910675,0.152941688895226
1859,0.700810492038727,-0.29427781701088,0.0918955877423286
1860,1.24711930751801,0.0504057221114635,0.117310233414173
1861,1.23300004005432,-0.0154562070965767,0.179712250828743
1862,1.30519449710846,0.00292653567157686,0.0976565182209015
1863,1.2433865070343,-0.0130531387403607,0.0534366890788078
1864,1.29362821578979,-0.0730791091918945,0.066399984061718
1865,1.27078306674957,-0.142094925045967,0.148066461086273
1866,1.22509217262268,-0.0699914693832397,0.141981020569801
1867,1.36033189296722,-0.110604651272297,0.155575305223465
1868,1.3480064868927,-0.0656220242381096,0.120479740202427
1869,1.23829579353333,-0.0380959697067738,0.243544980883598
1870,1.24975454807281,-0.107392273843288,0.195308715105057
1871,0.233283385634422,-0.0567946620285511,0.0693476125597954
1872,0.570396840572357,-0.186740845441818,-0.308540940284729
1873,0.600932657718658,-0.130331560969353,-0.318702220916748
1874,0.542637407779694,-0.0941820070147514,-0.265486150979996
1875,0.570441067218781,-0.155141338706017,-0.239386811852455
1876,1.75309336185455,-0.224511414766312,-0.0567293353378773
1877,0.297109514474869,0.0458242036402225,0.101049728691578
1878,0.233919620513916,0.00586435431614518,0.0705826655030251
1879,0.721972584724426,-0.0971851572394371,-0.350644558668137
1880,0.753504276275635,-0.0295858066529036,-0.358260154724121
1881,0.710307419300079,-0.0490608550608158,-0.340734034776688
1882,0.310744255781174,-0.0438350141048431,0.126345351338387
1883,1.35315370559692,0.124825358390808,0.0799461454153061
1884,1.30927956104279,0.0815765112638474,0.123518355190754
1885,1.35652637481689,0.0781972110271454,-0.000562798697501421
1886,1.39527976512909,0.144591957330704,0.0307605527341366
1887,1.33665466308594,0.142454326152802,-0.00765923876315355
1888,1.35227942466736,0.221860021352768,0.0734333693981171
1889,1.29667186737061,0.142623752355576,0.0479156523942947
1890,1.23691713809967,0.122778713703156,0.132063180208206
1891,1.22640955448151,0.144199043512344,0.0551102608442307
1892,1.16789376735687,0.115172035992146,0.0690858215093613
1893,1.2796756029129,0.0197343323379755,0.364689439535141
1894,1.28203725814819,-0.0383015461266041,0.308218955993652
1895,1.24819767475128,0.00680638058111072,0.357534289360046
1896,1.27467525005341,0.0303093828260899,0.296597868204117
1897,0.134504243731499,0.117437832057476,-0.0274177379906178
1898,0.122482962906361,0.0843200460076332,0.0346650257706642
1899,0.0770644471049309,0.0922721996903419,-0.0355024971067905
1900,0.142159596085548,0.0555650889873505,-0.0184250436723232
1901,0.0820396766066551,0.0669462531805038,0.00908778514713049
1902,0.103068917989731,0.0163997262716293,0.0174643192440271
1903,0.070782333612442,0.0590673014521599,0.0587547719478607
1904,0.0707679688930511,0.123080410063267,0.0118032665923238
1905,0.0375839360058308,0.0588194243609905,0.0306791421025991
1906,0.0459978692233562,0.0475189834833145,-0.0151739008724689
1907,1.28372442722321,-0.0703085586428642,-0.105894409120083
1908,1.34334897994995,-0.172817274928093,-0.164654195308685
1909,1.27389717102051,-0.16784194111824,-0.139835983514786
1910,1.29270374774933,-0.132580026984215,-0.189958810806274
1911,1.34005999565125,-0.0717666372656822,-0.14569553732872
1912,1.235480427742,-0.0725327283143997,-0.170052543282509
1913,1.30677819252014,0.0127953523769975,-0.130029529333115
1914,1.3679404258728,-0.0362716652452946,-0.0923679694533348
1915,1.23624396324158,0.00528011983260512,-0.15746083855629
1916,1.22050404548645,-0.0634746998548508,-0.075028270483017
1917,1.27822947502136,-0.0219551865011454,-0.0481261312961578
1918,1.25799882411957,-0.138568535447121,-0.0800858214497566
1919,1.43632590770721,-0.0324760787189007,-0.0263419672846794
1920,1.65899014472961,0.0480612590909004,0.359074920415878
1921,1.40980279445648,-0.111472330987453,-0.142797738313675
1922,1.39631390571594,-0.137199506163597,-0.0792864337563515
1923,1.36187279224396,-0.0963489413261414,-0.00982241053134203
1924,1.33356773853302,-0.131614729762077,-0.0700853168964386
1925,1.34454727172852,0.0405647233128548,-0.0592180304229259
1926,0.233594998717308,0.259595811367035,0.0926234871149063
1927,0.262965440750122,0.294178754091263,0.119914203882217
1928,0.237620115280151,0.315989255905151,0.0849319770932198
1929,1.32626211643219,0.0107950000092387,0.359592348337173
1930,1.29587090015411,0.0586255937814713,0.360416024923325
1931,0.242443576455116,0.250638455152512,0.0384698435664177
1932,0.298950582742691,0.26927238702774,0.0472666546702385
1933,0.291476607322693,0.219670161604881,0.0934179723262787
1934,0.20911930501461,0.207420855760574,0.0916479378938675
1935,0.188705429434776,0.277159541845322,0.0481354780495167
1936,0.222258076071739,0.262887328863144,0.146779403090477
1937,0.185828492045403,0.250265628099442,0.128268167376518
1938,0.195232108235359,0.280809313058853,0.093054935336113
1939,0.282219618558884,0.211930319666862,0.160807639360428
1940,0.998045325279236,0.141661658883095,0.0052708787843585
1941,1.06664216518402,0.0778225436806679,0.00634585181251168
1942,1.02866995334625,0.068986289203167,-0.0628261640667915
1943,1.03591740131378,0.15808954834938,-0.0485226884484291
1944,1.04919362068176,0.203507497906685,0.00476235337555408
1945,0.960318863391876,0.121191568672657,0.0602668933570385
1946,0.963488340377808,0.186850428581238,0.0477751791477203
1947,0.242397859692574,-0.0429529622197151,0.144824668765068
1948,0.257468581199646,-0.0182452313601971,0.208914384245872
1949,0.170886844396591,-0.0239922534674406,0.181580796837807
1950,0.193081706762314,-0.0712974444031715,0.203415706753731
1951,0.279296636581421,-0.0934730395674706,0.133006110787392
1952,0.317954480648041,-0.0866114795207977,0.184394791722298
1953,1.16923069953918,0.347817689180374,0.0723873600363731
1954,0.250219792127609,-0.107710838317871,0.187799632549286
1955,0.28166925907135,0.011891407892108,0.152548998594284
1956,0.427357733249664,0.166321963071823,0.0278938822448254
1957,0.250254333019257,0.137537583708763,0.0403933487832546
1958,0.966392636299133,0.317432731389999,-0.0245300885289907
1959,0.920262575149536,0.376020103693008,0.0216339994221926
1960,0.922023475170135,0.358117043972015,-0.0498157814145088
1961,1.42069411277771,0.0549500696361065,-0.0324814431369305
1962,1.39151680469513,-0.00191642914433032,0.0151159791275859
1963,1.59196078777313,0.0151147302240133,0.0609788298606873
1964,1.51281416416168,-0.0092927860096097,0.0553823113441467
1965,1.54573667049408,0.123218826949596,0.0307179093360901
1966,1.51763319969177,0.0778070390224457,-0.0396584942936897
1967,0.407573014497757,-0.0132826594635844,0.157044559717178
1968,0.397871226072311,-0.213203221559525,0.296713948249817
1969,0.394634217023849,-0.125616192817688,0.278529495000839
1970,0.441036939620972,-0.193854734301567,0.310659408569336
1971,0.428019046783447,-0.181039094924927,0.248910039663315
1972,0.452071398496628,-0.152489945292473,0.163487553596497
1973,0.525464177131653,-0.164821341633797,0.116604454815388
1974,0.514812171459198,-0.110431112349033,0.16015887260437
1975,0.779076039791107,0.0900419801473618,-0.0284391213208437
1976,0.82675701379776,0.108265668153763,0.0751030668616295
1977,0.310836970806122,-0.317265003919601,-0.132090657949448
1978,0.314952701330185,-0.302671670913696,-0.0805011913180351
1979,0.375574767589569,-0.348768711090088,-0.108336240053177
1980,0.384260058403015,-0.306421309709549,-0.13702529668808
1981,0.902415692806244,0.211882203817368,-0.0706079751253128
1982,0.373367816209793,-0.197966381907463,0.0719470158219337
1983,0.363927364349365,-0.256719768047333,0.0716907009482384
1984,0.298490852117538,-0.263762980699539,0.0871460065245628
1985,0.0409461371600628,0.0288380794227123,0.0785861313343048
1986,0.359886527061462,-0.183854565024376,0.143080398440361
1987,0.335181891918182,-0.252829104661942,0.144204393029213
1988,0.246779501438141,-0.210381805896759,0.109561949968338
1989,0.240801587700844,-0.154492691159248,0.123917877674103
1990,0.304300934076309,-0.151722595095634,0.15951307117939
1991,1.560054063797,0.0912587940692902,-0.0983388125896454
1992,1.52663373947144,0.0811329782009125,-0.16662535071373
1993,1.58976948261261,0.0384213924407959,-0.00596263352781534
1994,1.60042810440063,-0.0192516781389713,-0.076350100338459
1995,0.403468996286392,-0.14713890850544,-0.0839786678552628
1996,0.49489814043045,-0.0740608125925064,-0.0630626454949379
1997,0.329520136117935,-0.072252131998539,-0.0848070159554482
1998,0.410377204418182,-0.0671631097793579,-0.114036403596401
1999,0.464795142412186,-0.157151609659195,-0.116555318236351
2000,0.395749896764755,-0.209661096334457,-0.0633524805307388
2001,0.408784568309784,-0.198490515351295,-0.124618522822857
2002,1.53130233287811,0.146533697843552,0.0909100025892258
2003,1.52621340751648,0.217059805989265,0.112704545259476
2004,1.50567173957825,0.169202759861946,0.035482544451952
2005,1.44535303115845,0.191755309700966,0.11334191262722
2006,0.444762080907822,0.0492931231856346,0.176146864891052
2007,0.34878346323967,0.114823140203953,0.156755179166794
2008,0.416031628847122,-0.225122779607773,0.123670913279057
2009,0.432226926088333,-0.248717233538628,0.0543210208415985
2010,1.05556869506836,0.345246106386185,-0.0708630383014679
2011,0.98895001411438,0.281861245632172,-0.112479470670223
2012,1.01734459400177,0.350571483373642,-0.0349538363516331
2013,0.987692594528198,0.343801707029343,-0.109683834016323
2014,0.390296816825867,-0.205061331391335,0.00217069732025266
2015,0.443070471286774,0.204915404319763,0.125380054116249
2016,0.497360616922379,0.180663749575615,0.106152549386024
2017,0.469008922576904,0.123695887625217,0.148625373840332
2018,1.05203676223755,0.139023035764694,0.0641572251915932
2019,0.380258917808533,0.188666075468063,-0.145741939544678
2020,0.421647995710373,0.130233064293861,-0.202552571892738
2021,0.451515763998032,0.196599528193474,-0.176736697554588
2022,0.834029734134674,0.216836795210838,0.258350819349289
2023,0.869207739830017,0.233042344450951,0.279903650283813
2024,0.912977159023285,0.210597202181816,0.256329953670502
2025,1.07765984535217,-0.031135555356741,-0.221372470259666
2026,1.14650809764862,-0.0166352801024914,-0.167863041162491
2027,1.04117393493652,0.0242677349597216,-0.209868386387825
2028,0.31077629327774,-0.144537210464478,0.273327708244324
2029,0.322726875543594,-0.163137048482895,0.315748780965805
2030,0.354709476232529,-0.160143360495567,0.277028530836105
2031,0.320143312215805,-0.113649532198906,0.317096948623657
2032,1.09818816184998,0.0824740752577782,0.158520638942719
2033,1.06081652641296,0.00282802316360176,0.150448322296143
2034,1.13848960399628,-0.0240003485232592,0.151186928153038
2035,1.15302658081055,0.0969218984246254,0.136408910155296
2036,0.512404203414917,-0.00958570186048746,-0.30867126584053
2037,0.532176733016968,0.0736448839306831,-0.278259605169296
2038,0.54098379611969,0.00942517351359129,-0.212837100028992
2039,0.571537971496582,0.0312231332063675,-0.265830606222153
2040,1.17724239826202,-0.3237065076828,-0.163172975182533
2041,1.21920764446259,-0.316985189914703,-0.128038868308067
2042,1.41993844509125,0.321007460355759,-0.167855739593506
2043,1.47977435588837,0.320778965950012,-0.162645295262337
2044,1.47889745235443,0.292856574058533,-0.211132973432541
2045,0.805525720119476,-0.301057159900665,0.215090349316597
2046,0.758594393730164,-0.307873576879501,0.0559692829847336
2047,0.748580873012543,-0.247908368706703,0.0769843831658363
2048,0.93065357208252,-0.133269265294075,0.0992181301116943
2049,0.853951632976532,-0.11452542245388,0.0964041352272034
2050,0.192200109362602,0.0627227574586868,0.026973519474268
2051,0.174655064940453,0.106699727475643,0.0749963447451591
2052,0.164974272251129,0.121164433658123,0.0181769393384457
2053,0.205071970820427,0.119191899895668,-0.0278535187244415
2054,1.59152019023895,0.105717338621616,-0.0463669262826443
2055,1.51183128356934,0.133925691246986,-0.0917016416788101
2056,1.5869163274765,0.141693592071533,-0.124386377632618
2057,1.59108924865723,0.185160890221596,-0.0579393059015274
2058,0.207070723176003,-0.100372225046158,0.145786762237549
2059,0.223910212516785,-0.118893504142761,0.0661890506744385
2060,0.355017334222794,-0.0920081213116646,0.130512967705727
2061,0.901642322540283,-0.168567672371864,-0.0590039007365704
2062,1.38116252422333,0.164974704384804,-0.0655612573027611
2063,1.46189725399017,0.187103778123856,-0.105510734021664
2064,1.36402273178101,0.228595823049545,-0.0830838456749916
2065,1.4487783908844,0.214547291398048,-0.0510194823145866
2066,1.45320081710815,0.118221364915371,-0.0823469385504723
2067,1.43010890483856,0.142398223280907,-0.0223601888865232
2068,1.39571917057037,0.214064076542854,0.00502163311466575
2069,1.39631199836731,0.161458358168602,-0.142231181263924
2070,0.747834444046021,0.239046812057495,-0.164075434207916
2071,0.681495904922485,0.208063244819641,-0.125326588749886
2072,0.681443691253662,0.261786341667175,-0.168816119432449
2073,0.722636520862579,0.19567459821701,-0.191714361310005
2074,1.33460211753845,0.115747839212418,-0.0806609317660332
2075,0.242182701826096,0.0713996142148972,0.0708189159631729
2076,1.14630877971649,0.0501936450600624,0.208948373794556
2077,1.12887847423553,-0.0705068334937096,0.0956235602498055
2078,1.23093473911285,-0.0899968221783638,0.0140850180760026
2079,1.17338919639587,-0.110994935035706,-0.0339065678417683
2080,1.153449177742,-0.138698861002922,0.0281996820122004
2081,0.882000684738159,0.0870587825775146,0.130047544836998
2082,0.967144250869751,0.12152586877346,0.127265483140945
2083,0.956669330596924,0.188130632042885,0.121829271316528
2084,1.02396547794342,0.169654056429863,0.124234847724438
2085,0.936346530914307,0.0704639777541161,0.162548720836639
2086,1.01859271526337,0.0792614668607712,0.158130243420601
2087,1.0933780670166,0.141740337014198,0.121780015528202
2088,0.78951096534729,0.276715338230133,-0.114308677613735
2089,0.715623557567596,0.309047520160675,-0.138170152902603
2090,0.758543193340302,0.319696933031082,-0.168072268366814
2091,1.34991836547852,-0.024499524384737,-0.0281678698956966
2092,0.920282363891602,-0.0529238246381283,0.197390466928482
2093,0.998094797134399,-0.0625349581241608,0.185364186763763
2094,0.957606792449951,-0.108560629189014,0.169570699334145
2095,1.0339070558548,-0.0763785988092422,0.137573719024658
2096,0.315275490283966,0.0450801141560078,0.200566127896309
2097,0.221811011433601,0.0500116720795631,0.122773125767708
2098,0.190710335969925,-0.0193252209573984,0.23057097196579
2099,0.112614035606384,-0.0346425585448742,0.212213188409805
2100,0.149695351719856,-0.0253369957208633,0.261746317148209
2101,0.151791363954544,0.019714493304491,0.202936813235283
2102,0.932311177253723,0.0152497291564941,-0.357687294483185
2103,0.968002140522003,0.0399542674422264,-0.280967324972153
2104,0.934627175331116,0.0864394307136536,-0.275809913873672
2105,0.89037150144577,0.0233542136847973,-0.280065447092056
2106,0.103836499154568,0.0404773876070976,0.200157716870308
2107,0.120767205953598,0.0183802396059036,0.166311353445053
2108,0.11716191470623,0.0155612295493484,0.229425758123398
2109,0.668757081031799,-0.0857649967074394,-0.161337941884995
2110,0.624451041221619,-0.0456954650580883,-0.199298694729805
2111,0.577985286712646,-0.103601135313511,-0.202763393521309
2112,0.614030599594116,-0.0951924473047256,-0.122810177505016
2113,0.726655721664429,-0.144088894128799,-0.205346837639809
2114,0.709047734737396,-0.148889556527138,-0.117228709161282
2115,0.660213530063629,-0.107109390199184,-0.267327338457108
2116,0.699430108070374,-0.0969469770789146,-0.0705812945961952
2117,0.663397371768951,-0.159785449504852,-0.188916563987732
2118,0.338049352169037,-0.150661066174507,-0.0539273135364056
2119,0.277651786804199,-0.0819466114044189,-0.0611409656703472
2120,1.69428527355194,0.310764878988266,-0.0366410911083221
2121,1.70678997039795,0.271001368761063,0.0283362753689289
2122,1.68904876708984,0.31355744600296,0.0459408387541771
2123,1.65100347995758,0.310288280248642,0.0111070647835732
2124,0.675898671150208,-0.0263334102928638,-0.153005763888359
2125,1.17090797424316,0.117671795189381,0.242750495672226
2126,1.16733849048615,0.19981350004673,0.225302368402481
2127,1.12937462329865,0.161580353975296,0.210686251521111
2128,1.17231059074402,0.178482785820961,0.299380630254745
2129,0.774947285652161,-0.140705138444901,-0.0930867493152618
2130,0.275585979223251,0.0840119644999504,0.151958614587784
2131,0.171484649181366,-0.0209273044019938,0.0495358631014824
2132,0.155263260006905,0.0132612343877554,0.115518994629383
2133,0.173425376415253,-0.0438587293028831,0.121570222079754
2134,0.133876442909241,-0.0690670013427734,0.0460427701473236
2135,0.817049086093903,0.0616726391017437,0.143865078687668
2136,0.760241389274597,0.145672634243965,0.129471063613892
2137,0.761664628982544,0.0438416376709938,0.145932704210281
2138,0.699136734008789,0.105298891663551,0.185591533780098
2139,1.15236794948578,-0.219320803880692,0.13797689974308
2140,1.14140367507935,-0.231076523661613,0.240580260753632
2141,1.13781845569611,-0.165565207600594,0.176533848047256
2142,1.07326626777649,-0.229086548089981,0.170478299260139
2143,1.19897520542145,0.347779393196106,0.0241807326674461
2144,1.07495629787445,-0.159213200211525,0.152501344680786
2145,1.13238453865051,-0.174990370869637,0.0876155346632004
2146,1.06953310966492,-0.195557832717896,0.10185083001852
2147,1.53749859333038,-0.178300693631172,-0.316739022731781
2148,1.47869300842285,-0.132649004459381,-0.338025838136673
2149,1.54574882984161,-0.117639973759651,-0.336622476577759
2150,1.18935286998749,-0.283938437700272,0.135133251547813
2151,1.11204075813293,-0.275636583566666,0.0974937006831169
2152,1.18251347541809,-0.234482392668724,0.0579260773956776
2153,1.24985945224762,-0.26637527346611,0.10974483191967
2154,1.24414277076721,-0.199360147118568,0.100995689630508
2155,1.19849169254303,0.000510127109009773,0.320104748010635
2156,1.13664388656616,0.0300738196820021,0.306984573602676
2157,1.16230773925781,0.101276978850365,0.311442941427231
2158,1.19043445587158,0.0139950625598431,0.265642136335373
2159,1.19739854335785,-0.220878303050995,0.166570395231247
2160,1.18547987937927,-0.124108739197254,0.120034612715244
2161,1.22848629951477,0.121940448880196,0.351218312978745
2162,0.639479339122772,-0.0172639824450016,0.041034821420908
2163,0.712519824504852,0.127258077263832,-0.05098607391119
2164,0.725588381290436,0.0863158330321312,-0.105824172496796
2165,0.783167243003845,0.156967595219612,-0.0680921450257301
2166,1.07769274711609,0.158420890569687,-0.111363105475903
2167,0.754478752613068,0.0013909253757447,0.365653365850449
2168,0.81104975938797,0.0530555285513401,0.363133311271667
2169,0.736446976661682,0.0717471465468407,0.355512291193008
2170,1.16349971294403,-0.0296795312315226,-0.0965281873941422
2171,0.246058210730553,-0.0465054549276829,-0.18131411075592
2172,0.303036451339722,-0.0640144720673561,-0.177009090781212
2173,0.181216642260551,-0.0401790998876095,-0.125604897737503
2174,0.275623053312302,-0.0519356206059456,-0.117644652724266
2175,0.201231449842453,0.0173324029892683,-0.137323454022408
2176,0.260654598474503,0.0343682393431664,-0.132213801145554
2177,1.28702330589294,0.140033468604088,0.195645287632942
2178,1.34246718883514,0.13489143550396,0.245931178331375
2179,1.2454434633255,0.115318670868874,0.251370787620544
2180,0.483246296644211,0.0142860393971205,-0.157461300492287
2181,1.17123520374298,0.0401134379208088,0.362060844898224
2182,1.14576923847198,-0.0494860298931599,0.340102821588516
2183,1.58902561664581,-0.272841185331345,0.0860055834054947
2184,1.62232971191406,-0.244725301861763,0.0443605333566666
2185,1.57690584659576,-0.312923938035965,0.0341555885970592
2186,1.52917945384979,-0.232546910643578,0.0443137846887112
2187,1.59027719497681,-0.268970787525177,0.00168280920479447
2188,1.5371640920639,-0.310624867677689,-0.00647058896720409
2189,1.53467929363251,-0.263001084327698,-0.0377748981118202
2190,1.58302509784698,-0.357365757226944,-0.0383952781558037
2191,1.21414542198181,0.065531961619854,0.348080277442932
2192,1.64336633682251,-0.304602026939392,0.0139361089095473
2193,1.19988524913788,0.0645591542124748,0.173950627446175
2194,1.2428652048111,0.031674649566412,0.217690214514732
2195,1.30657804012299,0.15668323636055,0.132190197706223
2196,1.21179962158203,0.181152895092964,0.148412391543388
2197,0.392565011978149,0.231493726372719,0.198549821972847
2198,0.370894968509674,0.191408231854439,0.251177877187729
2199,0.419351190328598,0.245414555072784,0.2612045109272
2200,0.347161650657654,0.241245791316032,0.251358032226562
2201,1.21983909606934,0.211105272173882,0.0903342068195343
2202,0.506367325782776,0.188739493489265,-0.310002326965332
2203,0.0921838507056236,-0.0206860397011042,-0.0305287502706051
2204,0.16064827144146,0.103044956922531,-0.0799119397997856
2205,0.101784378290176,-0.0387377850711346,0.0146890915930271
2206,1.24458873271942,-0.301710486412048,0.00580699695274234
2207,1.16215133666992,-0.33853217959404,-0.0298261642456055
2208,1.20649659633636,-0.254394143819809,-0.0658992156386375
2209,1.20110523700714,-0.335783064365387,-0.0701179206371307
2210,0.179248780012131,-0.0694642439484596,0.00541043840348721
2211,1.48079860210419,-0.0774610936641693,-0.356311202049255
2212,1.37686145305634,0.16834419965744,0.122132107615471
2213,1.36826860904694,0.123385980725288,0.189148932695389
2214,1.41970896720886,0.160195708274841,0.182168677449226
2215,1.40645611286163,0.236008659005165,0.13160528242588
2216,0.845633149147034,0.0121329007670283,0.297102987766266
2217,0.893553018569946,-0.0347847416996956,0.265828669071198
2218,0.938191831111908,-0.0352737680077553,0.31445375084877
2219,0.860544443130493,-0.032761812210083,0.360948026180267
2220,0.890231132507324,-0.11767441034317,0.265990346670151
2221,0.968855023384094,-0.0666407868266106,0.269342958927155
2222,0.886462390422821,-0.0923705846071243,0.351260274648666
2223,1.13196170330048,-0.090414360165596,0.160053059458733
2224,1.21773993968964,-0.356954604387283,0.061823483556509
2225,1.18264424800873,-0.33708381652832,0.0185155756771564
2226,1.19051790237427,-0.307431399822235,0.0742668509483337
2227,1.51236963272095,-0.0817167460918427,0.163939297199249
2228,1.54433536529541,-0.19588415324688,0.141850128769875
2229,1.48052000999451,-0.115234963595867,0.116099804639816
2230,1.55289232730865,-0.11811862885952,0.0879363864660263
2231,1.57010781764984,-0.103798046708107,0.176288262009621
2232,1.62343943119049,-0.120603561401367,0.17875038087368
2233,1.61952197551727,-0.121987298130989,0.233209371566772
2234,1.55897998809814,-0.161242052912712,0.220045402646065
2235,1.56633472442627,-0.0881731957197189,0.25836905837059
2236,1.51085066795349,-0.134500563144684,0.245093137025833
2237,1.50677680969238,-0.168335989117622,0.193714946508408
2238,0.625988721847534,-0.109307795763016,-0.0171837173402309
2239,1.19720280170441,-0.280062913894653,0.0052031516097486
2240,1.28659975528717,-0.0973140001296997,-0.0387726798653603
2241,0.559346795082092,-0.290430337190628,0.178535580635071
2242,0.637750744819641,-0.245886936783791,0.193220794200897
2243,0.576979279518127,-0.270990639925003,0.230806306004524
2244,0.607868134975433,-0.318174421787262,0.16191066801548
2245,0.734558820724487,-0.356415063142776,-0.00127211201470345
2246,0.830721795558929,-0.350794732570648,0.00715972064062953
2247,0.771121680736542,-0.357135802507401,0.0482704788446426
2248,1.03087663650513,0.00296131148934364,0.351682841777802
2249,1.0363005399704,-0.0811498463153839,0.353410691022873
2250,1.04724252223969,-0.073385939002037,0.292870134115219
2251,1.09650433063507,-0.031251285225153,0.361016899347305
2252,1.08152759075165,0.0270853769034147,0.351886004209518
2253,0.987523138523102,-0.0169443860650063,0.359688341617584
2254,1.0510493516922,0.0751791223883629,0.348945677280426
2255,0.193146705627441,0.0237261429429054,0.163783311843872
2256,0.852842807769775,-0.286928474903107,0.205725729465485
2257,0.705639243125916,0.122597649693489,0.0348353683948517
2258,0.873188018798828,0.0191744975745678,0.119252435863018
2259,0.797904014587402,-0.0170999076217413,0.110003888607025
2260,1.16060745716095,-0.201668471097946,-0.034157071262598
2261,1.120734333992,-0.170011833310127,-0.0820163935422897
2262,1.19726490974426,-0.158927232027054,-0.0925598666071892
2263,0.332330703735352,-0.188566401600838,-0.157619327306747
2264,1.26549601554871,-0.223709404468536,0.0116710038855672
2265,1.61471307277679,-0.160448476672173,-0.0835941955447197
2266,1.59756982326508,-0.0944162011146545,-0.0504323951900005
2267,1.65052461624146,-0.118688493967056,-0.0545493997633457
2268,1.63075172901154,-0.110042758285999,-0.111142136156559
2269,1.62685585021973,-0.200602278113365,-0.170951932668686
2270,1.58849930763245,-0.234768584370613,-0.0968784540891647
2271,1.60116100311279,-0.143562346696854,-0.139868706464767
2272,1.66162896156311,-0.19245308637619,-0.0941161140799522
2273,0.547718524932861,0.367344617843628,0.137703478336334
2274,1.67776310443878,-0.160002544522285,-0.141166359186172
2275,1.56406939029694,-0.158251330256462,-0.0081026591360569
2276,1.51352941989899,-0.1645877212286,-0.0513380505144596
2277,0.979866743087769,0.00844027567654848,0.202920854091644
2278,1.05020678043365,-0.0366511195898056,0.228503346443176
2279,0.963880121707916,0.0792117565870285,0.224236518144608
2280,1.01370990276337,0.127410396933556,0.2237339168787
2281,1.11877584457397,-0.324652075767517,0.010461944155395
2282,1.13672161102295,-0.286650151014328,-0.0593440234661102
2283,1.03310477733612,0.0061566992662847,-0.363620072603226
2284,1.00176024436951,0.0786218196153641,-0.363913089036942
2285,1.06760001182556,0.0693123787641525,-0.341851979494095
2286,1.0914306640625,0.0925805047154427,-0.177196532487869
2287,1.40013599395752,0.295759052038193,0.212048783898354
2288,0.80422055721283,-0.273814916610718,0.0398134477436543
2289,0.879784345626831,-0.28040075302124,0.0472349561750889
2290,0.839871644973755,-0.279472529888153,0.115089826285839
2291,0.833674907684326,-0.342423886060715,0.115452632308006
2292,1.02695322036743,0.121879562735558,-0.149341762065887
2293,0.990788638591766,0.0811970606446266,-0.205718547105789
2294,1.07731807231903,0.111268475651741,-0.273079812526703
2295,1.04345095157623,0.0304124560207129,-0.283181697130203
2296,1.54903864860535,0.0351686514914036,-0.213728278875351
2297,1.64243066310883,0.0386097505688667,-0.215685188770294
2298,1.59935677051544,-0.00822545308619738,-0.208721354603767
2299,1.63855469226837,0.023035416379571,-0.263994216918945
2300,1.5954864025116,0.0528395734727383,-0.167686641216278
2301,1.57494616508484,0.0868314281105995,-0.236960709095001
2302,1.57526445388794,-0.0160111393779516,-0.258806109428406
2303,1.52553701400757,-0.0202994011342525,-0.194789350032806
2304,1.61518239974976,0.0951096788048744,0.173239380121231
2305,1.56197988986969,0.0755747705698013,0.202192962169647
2306,1.59886968135834,0.0893948078155518,0.0352104939520359
2307,0.851458251476288,-0.226139038801193,-0.0876807570457458
2308,0.919293403625488,-0.18333075940609,-0.146033272147179
2309,0.94207352399826,-0.236862078309059,-0.13991442322731
2310,0.86381471157074,-0.246688827872276,-0.149344831705093
2311,1.22135806083679,0.0689801275730133,0.27520763874054
2312,1.20895409584045,0.149378940463066,0.202220097184181
2313,1.27450287342072,-0.148019358515739,0.249027475714684
2314,1.20281279087067,-0.152941688895226,0.199959546327591
2315,1.47872459888458,-0.262690156698227,-0.250627160072327
2316,1.25382387638092,-0.201447948813438,0.229973956942558
2317,1.30586695671082,-0.0885365754365921,0.252173483371735
2318,1.23392152786255,-0.0817109346389771,0.28419828414917
2319,1.33362543582916,-0.139464616775513,0.198168769478798
2320,0.36456486582756,0.236978054046631,0.0502804070711136
2321,0.291595637798309,0.19745671749115,0.0128921493887901
2322,1.53703224658966,0.225651159882545,0.282416641712189
2323,0.220295697450638,0.294362306594849,-0.0510698780417442
2324,1.46082091331482,0.220589160919189,0.0343179516494274
2325,0.725329637527466,0.16749407351017,0.0823186561465263
2326,0.653777122497559,0.180809915065765,0.0617749094963074
2327,0.592724204063416,0.165392473340034,0.0954151302576065
2328,0.481424361467361,-0.249862670898438,-0.0671469271183014
2329,0.46386381983757,-0.216280370950699,-0.0140235619619489
2330,0.520430564880371,-0.189643546938896,-0.0832123383879662
2331,0.241545900702477,-0.119741573929787,-0.136387690901756
2332,0.354980528354645,-0.0378911942243576,-0.148781359195709
2333,0.351352870464325,-0.120124794542789,-0.155664011836052
2334,0.861233651638031,-0.170079112052917,-0.205496892333031
2335,0.834238469600677,-0.233226701617241,-0.243519216775894
2336,0.814754009246826,-0.207668617367744,-0.279350072145462
2337,0.902074098587036,-0.175592169165611,-0.263787150382996
2338,0.401781171560287,-0.100750423967838,-0.200703293085098
2339,0.338465511798859,-0.0685815066099167,-0.230798542499542
2340,0.823015689849854,-0.238541468977928,-0.0315678082406521
2341,0.772652089595795,-0.160186573863029,-0.0205406695604324
2342,0.330191254615784,-0.127820864319801,-0.248235270380974
2343,0.2714723944664,-0.100438810884953,-0.243172943592072
2344,0.219515338540077,-0.030742758885026,-0.240754589438438
2345,0.317444831132889,0.0203356686979532,-0.168568357825279
2346,1.09871995449066,-0.105081669986248,0.351640403270721
2347,0.98169881105423,-0.103037767112255,0.352658152580261
2348,1.0148264169693,-0.150775894522667,0.29019820690155
2349,1.06004846096039,-0.164757609367371,0.324044585227966
2350,0.86162281036377,-0.00418016593903303,-0.223824337124825
2351,0.811526894569397,0.0687010139226913,-0.20208440721035
2352,0.922299861907959,0.299843430519104,0.0935650542378426
2353,0.918118298053741,0.357887864112854,0.0693508014082909
2354,0.85449355840683,0.352847307920456,0.080206111073494
2355,0.936141073703766,0.334051251411438,0.141067042946815
2356,0.967412650585175,0.329708486795425,0.0642571076750755
2357,0.860236585140228,0.325000643730164,0.16129632294178
2358,0.875880002975464,0.273448914289474,0.113199159502983
2359,0.909012258052826,0.318604618310928,0.0233857911080122
2360,0.716177582740784,-0.00367620121687651,0.180811628699303
2361,1.64431428909302,-0.181926503777504,0.258425384759903
2362,1.6438604593277,-0.117560729384422,0.290968745946884
2363,1.5885591506958,-0.148764476180077,0.273515373468399
2364,0.694176077842712,-0.155498683452606,-0.0277317464351654
2365,0.638014912605286,-0.299085766077042,-0.138582572340965
2366,0.6600421667099,-0.329668670892715,-0.0796701088547707
2367,0.6257483959198,-0.344225734472275,-0.130785018205643
2368,0.676276564598083,-0.341130703687668,-0.132213234901428
2369,0.777875959873199,-0.0703844949603081,0.13527624309063
2370,0.776179373264313,-0.0968446955084801,0.078461617231369
2371,0.707583248615265,-0.120702303946018,0.114382676780224
2372,0.715721368789673,-0.0825165882706642,0.182514622807503
2373,1.16388821601868,0.191144615411758,-0.0785250142216682
2374,1.09791421890259,0.210210904479027,-0.0569048076868057
2375,1.16557121276855,0.151952117681503,-0.142044991254807
2376,1.00965631008148,0.213708102703094,-0.145463734865189
2377,0.970087110996246,0.181939616799355,-0.110939301550388
2378,1.05387663841248,0.214441701769829,-0.100900255143642
2379,1.06333422660828,0.188853740692139,-0.171596929430962
2380,0.833206057548523,-0.163918986916542,0.0301961563527584
2381,0.870571851730347,-0.220757901668549,0.0207779444754124
2382,0.902963101863861,-0.199007719755173,0.11840733140707
2383,0.829132616519928,-0.197248622775078,0.0893593430519104
2384,1.4827606678009,-0.137035086750984,-0.103495217859745
2385,1.53053081035614,-0.183504179120064,-0.128052443265915
2386,1.47056424617767,-0.205034762620926,-0.160884380340576
2387,1.48463535308838,-0.135298237204552,-0.176938503980637
2388,1.44868743419647,-0.193161949515343,-0.102634713053703
2389,1.43347728252411,-0.175951555371284,-0.0471885502338409
2390,1.55938231945038,-0.0992764979600906,-0.182347238063812
2391,0.824520647525787,0.248307228088379,-0.0531141273677349
2392,0.817866623401642,0.216449350118637,-0.108246847987175
2393,1.08134746551514,-0.163887977600098,-0.00593777699396014
2394,1.11567318439484,-0.220130801200867,0.0085685420781374
2395,1.06732201576233,-0.239782348275185,0.0520889796316624
2396,0.33841547369957,0.136632278561592,-0.156588926911354
2397,0.820966422557831,0.150974527001381,0.121294520795345
2398,0.849372923374176,0.130747973918915,0.179918169975281
2399,0.917104005813599,0.145999640226364,0.164644837379456
2400,0.531836926937103,-0.11258128285408,-0.123522117733955
2401,0.521489918231964,-0.133347377181053,-0.0390026569366455
2402,0.480895102024078,-0.0635712742805481,-0.143436253070831
2403,0.26690149307251,-0.260838598012924,-0.039335023611784
2404,0.29763525724411,-0.2851921916008,0.00672074686735868
2405,0.339203894138336,-0.231778308749199,-0.0322721041738987
2406,0.322381407022476,-0.312261611223221,0.0610901117324829
2407,0.616984963417053,0.18510890007019,0.208419546484947
2408,0.640175819396973,0.210713729262352,0.251417100429535
2409,0.651386141777039,0.251285642385483,0.223559930920601
2410,0.590876400470734,0.251898616552353,0.217118754982948
2411,1.50036931037903,-0.0810064077377319,0.0149887343868613
2412,1.56904673576355,-0.0447982475161552,0.0203724913299084
2413,1.42923831939697,-0.0780853480100632,0.141373306512833
2414,1.35789918899536,-0.0515427105128765,0.0534451268613338
2415,1.61322832107544,0.186715424060822,0.00636477908119559
2416,1.50442433357239,0.177578389644623,-0.027201671153307
2417,1.57179367542267,0.238026112318039,0.0690735056996346
2418,1.61520719528198,0.177649304270744,0.0707582533359528
2419,1.31091713905334,-0.269866317510605,0.136635348200798
2420,1.30344498157501,-0.202159211039543,0.169748336076736
2421,1.39075934886932,-0.254621714353561,0.194167837500572
2422,1.36047327518463,-0.190902546048164,0.142679959535599
2423,0.39661905169487,0.162532195448875,0.207022354006767
2424,0.732617199420929,0.00941080693155527,-0.126417517662048
2425,0.722475171089172,-0.360408812761307,-0.0475145317614079
2426,1.33123195171356,-0.336688727140427,0.108580239117146
2427,1.29069221019745,-0.306659162044525,0.0550906509160995
2428,1.26097559928894,-0.325138479471207,0.130542159080505
2429,0.674994885921478,-0.0472712107002735,-0.26836958527565
2430,0.698691785335541,0.0120373526588082,-0.228594213724136
2431,1.30571258068085,-0.254154682159424,0.073945090174675
2432,0.607676565647125,0.0602252818644047,-0.205171257257462
2433,0.72542405128479,0.0634132549166679,-0.188978359103203
2434,1.2873398065567,-0.28499048948288,0.222052827477455
2435,1.22671556472778,-0.284895747900009,0.177539959549904
2436,1.17914497852325,0.0530304424464703,-0.159624472260475
2437,1.20242381095886,0.124860480427742,-0.185988888144493
2438,1.13520193099976,0.10951167345047,-0.224734783172607
2439,1.09105217456818,-0.000965281156823039,0.297118276357651
2440,0.987608015537262,0.0140566322952509,0.287034183740616
2441,1.05944693088531,0.0406395234167576,0.231717318296432
2442,1.16152143478394,-0.0489009991288185,0.284968823194504
2443,1.10980439186096,-0.0265335142612457,0.239187628030777
2444,1.36542928218842,-0.265682935714722,0.125443682074547
2445,1.23716866970062,-0.140494659543037,0.0796551704406738
2446,1.22365486621857,-0.158873751759529,-0.0173408351838589
2447,1.33373236656189,-0.167437061667442,0.0175600945949554
2448,1.33975672721863,-0.316118985414505,0.177028924226761
2449,1.56936764717102,0.188912808895111,0.164360702037811
2450,1.48661935329437,0.195474833250046,0.157387524843216
2451,1.61385560035706,0.150692895054817,0.132303535938263
2452,1.65741276741028,0.115167021751404,0.0707801431417465
2453,0.161779224872589,0.163633614778519,-0.102060280740261
2454,1.14063453674316,-0.333696991205215,0.0826689302921295
2455,1.19418632984161,-0.338510870933533,0.135932311415672
2456,0.217391967773438,0.183786049485207,0.0141589026898146
2457,0.148871332406998,0.197524443268776,0.00364428129978478
2458,0.137457102537155,0.185052797198296,-0.0417066216468811
2459,0.419148355722427,-0.0432459898293018,-0.210309877991676
2460,0.434987217187881,-0.276298016309738,-0.0102657172828913
2461,0.411464244127274,-0.293850690126419,-0.0809543058276176
2462,0.467958718538284,-0.309011936187744,-0.0715175047516823
2463,0.46236652135849,-0.333996057510376,-0.0191177111119032
2464,1.53096759319305,0.23331393301487,-0.0681636333465576
2465,1.53381741046906,0.219422966241837,-0.121810115873814
2466,0.778701663017273,-0.127567276358604,-0.167712643742561
2467,0.836511492729187,-0.167681515216827,-0.146674737334251
2468,0.479294836521149,-0.194310814142227,0.0948338583111763
2469,1.6550794839859,0.117970757186413,-0.128051295876503
2470,1.71061754226685,0.102292433381081,-0.0920855402946472
2471,1.70908284187317,0.174709215760231,-0.0912017822265625
2472,1.66512179374695,0.189430683851242,-0.0527009218931198
2473,0.74282443523407,-0.319826990365982,-0.173344165086746
2474,1.65194714069366,0.0864579007029533,-0.0749458372592926
2475,1.65188586711884,0.135148659348488,-0.0409707427024841
2476,1.71299350261688,0.166949287056923,0.0121364304795861
2477,1.70812141895294,0.0948041081428528,-0.0294584538787603
2478,1.65527284145355,0.118337213993073,0.00385521678254008
2479,1.56596529483795,0.248052731156349,0.00873272959142923
2480,1.62790417671204,0.251445263624191,-0.0663754716515541
2481,0.889166235923767,0.0168642401695251,0.184809133410454
2482,0.801668465137482,-0.00680226553231478,0.175591364502907
2483,0.860473036766052,-0.091214545071125,0.182502523064613
2484,1.67249572277069,0.210497096180916,0.00751614477485418
2485,0.564837276935577,-0.0862230136990547,0.202381774783134
2486,0.563129842281342,-0.0304237343370914,0.275070607662201
2487,0.478592693805695,-0.071433924138546,0.238160535693169
2488,0.42078623175621,0.00439259456470609,0.237158536911011
2489,0.286990642547607,-0.230920776724815,0.138171419501305
2490,0.105872310698032,0.0617519989609718,0.0950096771121025
2491,0.178508803248405,0.0914587825536728,0.13260044157505
2492,0.0881096050143242,0.00363299855962396,0.120619758963585
2493,0.130490764975548,0.0678631961345673,0.144368588924408
2494,0.153414770960808,-0.132290303707123,0.0153120923787355
2495,1.62939369678497,0.217334598302841,-0.11594382673502
2496,0.123721331357956,0.00142045633401722,0.0711543560028076
2497,0.296001702547073,0.137470543384552,0.107695683836937
2498,0.879966259002686,0.0955285876989365,0.266720533370972
2499,0.821100890636444,0.0640921294689178,0.213485643267632
2500,0.84413754940033,-0.0478198677301407,0.221368700265884
2501,1.09295809268951,0.270219206809998,-0.09454345703125
2502,1.17390823364258,0.260525077581406,-0.0334187969565392
2503,1.08690071105957,0.277163207530975,-0.0361955054104328
2504,1.19776523113251,0.250994652509689,-0.0857328474521637
2505,0.306732714176178,0.177656143903732,-0.113494127988815
2506,1.11937975883484,0.347498685121536,-0.0628113448619843
2507,0.573771238327026,-0.163738384842873,-0.106782160699368
2508,0.916741669178009,-0.262785375118256,0.250177919864655
2509,0.880232810974121,-0.220604315400124,0.206980854272842
2510,0.822425544261932,-0.230326846241951,0.27154216170311
2511,0.868845403194427,0.0923221409320831,-0.164665937423706
2512,0.812906742095947,0.128521636128426,-0.150572374463081
2513,1.00194525718689,0.231304690241814,0.0650554671883583
2514,1.04889333248138,0.231941819190979,0.104927979409695
2515,1.08319067955017,0.225685596466064,0.0603911727666855
2516,1.11873209476471,0.226376548409462,0.00603001844137907
2517,1.04300606250763,0.275326579809189,0.0103543102741241
2518,1.1038783788681,0.29906901717186,0.0120433904230595
2519,1.08394420146942,0.286762028932571,0.10360786318779
2520,1.10645127296448,0.229593485593796,0.126630619168282
2521,0.591147184371948,0.116122961044312,-0.134714230895042
2522,0.571896195411682,-0.163058832287788,0.02295046672225
2523,0.575767517089844,-0.137252986431122,0.0981098636984825
2524,0.519614994525909,-0.229164302349091,0.0595296435058117
2525,0.543877720832825,-0.222472637891769,-0.0094110295176506
2526,0.596705496311188,-0.232079431414604,0.0241745766252279
2527,1.04838156700134,-0.271315604448318,0.115575321018696
2528,1.01693344116211,-0.242618575692177,0.170293360948563
2529,0.878177642822266,-0.149489179253578,0.331296414136887
2530,0.980492055416107,0.269887626171112,0.0242999978363514
2531,1.00498795509338,0.230809837579727,-0.0510531179606915
2532,0.955167472362518,0.256616711616516,0.103443220257759
2533,1.49289059638977,0.0787347033619881,0.186538815498352
2534,0.930697381496429,0.218163058161736,-0.142722949385643
2535,0.929226040840149,0.19656166434288,-0.204208821058273
2536,0.886599183082581,0.259027540683746,-0.184177353978157
2537,0.928210139274597,0.298775315284729,-0.1798155605793
2538,1.39604163169861,-0.0499839521944523,0.191455319523811
2539,1.4636652469635,-0.0579101108014584,0.208869233727455
2540,1.48761630058289,-0.0530101358890533,0.10690438747406
2541,1.43696630001068,0.0212138444185257,0.215119540691376
2542,1.53157138824463,0.0944515615701675,0.351121634244919
2543,1.503950715065,0.0262701399624348,0.256544321775436
2544,0.57528954744339,-0.295562237501144,-0.209039017558098
2545,0.562027513980865,-0.336056500673294,-0.140223070979118
2546,0.575739085674286,-0.263460606336594,-0.163180723786354
2547,0.983175575733185,0.16064926981926,-0.18291038274765
2548,0.987541377544403,0.255107343196869,-0.187754824757576
2549,1.1525399684906,0.185157924890518,0.145519495010376
2550,1.14120662212372,0.234651610255241,0.178434103727341
2551,0.93987250328064,0.113155499100685,-0.14530274271965
2552,1.01563429832458,0.0922489389777184,-0.322859227657318
2553,1.20506167411804,0.266096949577332,0.111671760678291
2554,1.19699811935425,0.259576201438904,0.178354054689407
2555,0.874412596225739,0.266306966543198,-0.112206853926182
2556,1.13893520832062,0.183212071657181,0.0820669084787369
2557,1.18081533908844,-0.0592490397393703,0.20619024336338
2558,0.757860898971558,-0.36839884519577,0.0959282144904137
2559,0.726688981056213,-0.3439681828022,0.0946687608957291
2560,0.573697805404663,0.10705341398716,0.346994817256927
2561,0.556407153606415,0.180282235145569,0.315893352031708
2562,0.514363944530487,0.156958937644958,0.327378511428833
2563,1.21531891822815,-0.00687934225425124,-0.223381489515305
2564,1.14984083175659,-0.0047686193138361,-0.231496348977089
2565,1.13202559947968,-0.0748034194111824,-0.253592699766159
2566,1.19892358779907,-0.0736436173319817,-0.219198808073997
2567,0.863196194171906,0.172415137290955,-0.164960786700249
2568,1.66442477703094,0.0871395096182823,0.137175112962723
2569,1.67059409618378,0.110458254814148,0.183867335319519
2570,1.55755686759949,0.128967672586441,0.147808089852333
2571,1.60108685493469,0.214124962687492,0.12252501398325
2572,0.416221916675568,-0.125554278492928,-0.152321085333824
2573,1.46733248233795,0.135804489254951,0.215623274445534
2574,1.44180369377136,0.0745670720934868,0.250626027584076
2575,0.662030279636383,-0.350317776203156,-0.00677946675568819
2576,0.208290725946426,0.0152631839737296,-0.263933658599854
2577,0.145051807165146,0.0677954703569412,-0.246605023741722
2578,0.204955890774727,0.0522069968283176,-0.218244463205338
2579,0.2093156427145,0.063624419271946,-0.295955955982208
2580,0.148085862398148,0.0178117398172617,-0.256499499082565
2581,0.174579590559006,-0.018293347209692,-0.207208439707756
2582,0.146650820970535,-0.0486307740211487,-0.254435509443283
2583,0.816472709178925,0.296798676252365,0.0985798463225365
2584,0.809987306594849,0.320700734853745,0.0371319428086281
2585,0.186277836561203,-0.0311470720916986,-0.292192757129669
2586,0.22632560133934,-0.0324035622179508,-0.31714928150177
2587,1.71988248825073,-0.221427768468857,-0.283531963825226
2588,0.773489415645599,-0.2584627866745,0.219831958413124
2589,0.933280825614929,-0.00284568546339869,-0.228462859988213
2590,0.905488848686218,0.0509536974132061,-0.21624194085598
2591,0.918388962745667,-0.109089449048042,-0.268107116222382
2592,0.954789161682129,0.0665642917156219,-0.35662567615509
2593,0.965410709381104,-0.0534413568675518,-0.241080567240715
2594,1.76019811630249,-0.149502754211426,-0.0769183710217476
2595,0.749613225460052,-0.152570784091949,0.323960661888123
2596,0.730299413204193,-0.21928545832634,0.265744745731354
2597,0.695770740509033,-0.18698588013649,0.308044254779816
2598,0.723068535327911,-0.159121185541153,0.260035574436188
2599,1.01306939125061,-0.0218426510691643,-0.269603610038757
2600,1.09726369380951,-0.0091661112383008,-0.294366419315338
2601,1.05938696861267,-0.0934435054659843,-0.267567008733749
2602,1.07354426383972,-0.0599706657230854,-0.317259520292282
2603,0.870850741863251,-0.0361132919788361,-0.368230670690536
2604,1.2824958562851,0.000212537051993422,-0.243448525667191
2605,1.36239409446716,0.0091047789901495,-0.247495979070663
2606,1.32666182518005,-0.0598775111138821,-0.214273631572723
2607,1.32149171829224,-0.0239344462752342,-0.286661565303802
2608,1.29679358005524,0.0731584802269936,-0.268082469701767
2609,1.32065534591675,0.0276746284216642,-0.292620897293091
2610,1.23856830596924,0.0582005269825459,-0.236308977007866
2611,1.28091728687286,0.0642387568950653,-0.194814085960388
2612,1.25121212005615,0.00329379155300558,-0.288043588399887
2613,0.900294959545135,-0.0411846376955509,-0.276236444711685
2614,0.876095175743103,-0.00789867341518402,-0.331643164157867
2615,0.93028849363327,-0.0644543543457985,-0.358073711395264
2616,1.2133766412735,-0.239759191870689,-0.265285581350327
2617,1.25350117683411,-0.268200725317001,-0.240508764982224
2618,1.11878001689911,0.0716226398944855,0.357822984457016
2619,0.991431534290314,0.0808862447738647,0.28689894080162
2620,1.03497993946075,0.133563563227654,0.337386190891266
2621,1.07794654369354,0.0706694424152374,0.289952844381332
2622,1.75690090656281,-0.00563653325662017,0.165974542498589
2623,1.10700106620789,0.149038702249527,0.33029305934906
2624,0.245456874370575,-0.164351925253868,-0.064066581428051
2625,0.242287024855614,-0.228573575615883,-0.0930113792419434
2626,0.21271900832653,-0.307050228118896,-0.0356239266693592
2627,0.217600047588348,-0.301206767559052,0.0131242927163839
2628,0.148395761847496,-0.252374857664108,-0.0235532857477665
2629,0.147936046123505,-0.252168029546738,0.0315436348319054
2630,0.778278231620789,-0.110342971980572,-0.234839737415314
2631,0.981460273265839,-0.135855108499527,-0.195080786943436
2632,0.923749268054962,-0.205499395728111,-0.203097924590111
2633,0.217594355344772,0.0266924668103456,-0.315448343753815
2634,0.274791389703751,0.0926849469542503,-0.197857841849327
2635,0.216088727116585,0.119591191411018,-0.209024414420128
2636,0.179345592856407,0.100421831011772,-0.264947533607483
2637,0.228627979755402,0.113812021911144,-0.277810484170914
2638,1.36513376235962,0.0597117394208908,0.164520114660263
2639,1.09073829650879,-0.12590317428112,0.198123618960381
2640,1.08054661750793,-0.170383885502815,0.24168373644352
2641,1.02017891407013,-0.130106493830681,0.184127300977707
2642,1.1237930059433,-0.0957755371928215,0.243372589349747
2643,0.636791706085205,-0.00737452739849687,0.28510108590126
2644,0.685872077941895,-0.0381984747946262,0.265498220920563
2645,0.696352243423462,0.0365184135735035,0.274573922157288
2646,0.722718715667725,-0.0136150261387229,0.324987530708313
2647,0.199504867196083,-0.2854885160923,-0.106057912111282
2648,0.631233274936676,0.0875096172094345,0.259362190961838
2649,0.669861912727356,0.028662946075201,0.337223380804062
2650,0.606396675109863,-0.0372643135488033,0.224143475294113
2651,1.27870512008667,0.196111753582954,-0.0728803798556328
2652,1.27977669239044,0.210103496909142,0.0235921666026115
2653,1.32534575462341,0.206248059868813,-0.0246268901973963
2654,1.5296882390976,0.0851450860500336,-0.302415937185287
2655,1.52872133255005,-0.00660923076793551,-0.312995195388794
2656,1.47682738304138,0.0415947735309601,-0.359706252813339
2657,1.54216718673706,0.0285746958106756,-0.359255194664001
2658,1.0726763010025,-0.275800764560699,-0.0108753778040409
2659,1.06843554973602,-0.203800052404404,-0.0570174604654312
2660,1.06600117683411,-0.32588267326355,0.151200160384178
2661,1.10070884227753,-0.29625216126442,0.203359603881836
2662,1.08201360702515,-0.330646634101868,0.0812190622091293
2663,0.117104224860668,-0.0414967089891434,0.134221568703651
2664,0.138806521892548,-0.0953881070017815,0.188951447606087
2665,0.145224779844284,-0.129606634378433,0.137787401676178
2666,0.070435032248497,-0.0377419404685497,0.143287003040314
2667,0.0759314373135567,0.00355785991996527,0.164594680070877
2668,0.104258142411709,-0.0906551703810692,0.0878070890903473
2669,0.102521285414696,-0.0947085469961166,0.15156364440918
2670,0.0685854107141495,-0.0940728932619095,0.116596475243568
2671,0.0574741289019585,-0.05552813783288,0.106745675206184
2672,0.0653386041522026,-0.018912585452199,0.0689223185181618
2673,0.10342762619257,0.0605826191604137,-0.0711585730314255
2674,0.0812941044569016,0.0330743491649628,-0.0333859585225582
2675,0.119844906032085,0.086576484143734,-0.11050671339035
2676,0.103277802467346,0.13240011036396,-0.0671243518590927
2677,0.0723026692867279,0.122953623533249,-0.0839433223009109
2678,0.0464255549013615,0.0522797405719757,-0.0529023930430412
2679,1.04824638366699,-0.334503322839737,0.0341578684747219
2680,1.08168017864227,-0.319408893585205,-0.0638749152421951
2681,1.05088794231415,-0.364965260028839,-0.045144185423851
2682,1.013547539711,-0.281441420316696,-0.0475066639482975
2683,0.635540246963501,-0.109551340341568,0.0740730166435242
2684,1.63369333744049,-0.171034246683121,0.202223971486092
2685,1.68139326572418,-0.157296538352966,0.212691843509674
2686,1.61581993103027,-0.170447051525116,0.148949190974236
2687,1.68313229084015,-0.201890453696251,0.175034731626511
2688,1.59596574306488,-0.211732819676399,0.18702544271946
2689,0.289590954780579,-0.133564233779907,-0.105559758841991
2690,0.686430156230927,-0.0852464362978935,0.0485071837902069
2691,0.928366363048553,0.0693069100379944,0.340622961521149
2692,0.99368155002594,0.0630791783332825,0.35881108045578
2693,0.513339281082153,0.136908426880836,-0.204037442803383
2694,0.545968472957611,0.0782647132873535,-0.215096965432167
2695,0.832600176334381,-0.0789305716753006,0.303336173295975
2696,0.212912499904633,0.193947672843933,-0.093354120850563
2697,0.962659895420074,0.0224582497030497,0.342823773622513
2698,1.66132974624634,-0.168949633836746,0.106488674879074
2699,1.63268637657166,-0.181254923343658,0.0496284477412701
2700,1.62441039085388,-0.118720188736916,0.122277140617371
2701,1.40499067306519,-0.191915035247803,-0.161737814545631
2702,1.36217486858368,-0.187137857079506,-0.0906349942088127
2703,1.37729704380035,-0.201403945684433,-0.0125643443316221
2704,0.89101231098175,-0.325534224510193,0.156416073441505
2705,0.974749147891998,-0.323733985424042,0.162315666675568
2706,0.336148083209991,-0.0263174474239349,0.190922155976295
2707,1.00480616092682,-0.148861512541771,0.137814536690712
2708,0.910002410411835,0.0306762978434563,0.291624367237091
2709,1.39385747909546,-0.107404127717018,-0.215229690074921
2710,1.39292132854462,-0.0443558506667614,-0.227127015590668
2711,0.722465693950653,-0.3421491086483,-0.0988995581865311
2712,1.62571632862091,-0.0481919124722481,0.193308353424072
2713,1.61805880069733,-0.0520482696592808,0.251924484968185
2714,1.18529486656189,0.209793820977211,0.0340025722980499
2715,1.07971584796906,0.112954139709473,0.232061430811882
2716,1.41640102863312,-0.102296523749828,0.0759782791137695
2717,1.480339884758,-0.148970052599907,0.0205407850444317
2718,1.42182409763336,-0.156616628170013,0.117991387844086
2719,1.4283035993576,-0.114204004406929,0.00189066608436406
2720,0.845433235168457,-0.289996951818466,-0.199300184845924
2721,1.72547149658203,0.18450915813446,-0.302985697984695
2722,0.0708353519439697,-0.0786326453089714,-0.123463965952396
2723,0.970818221569061,0.119193494319916,0.340847373008728
2724,0.99093097448349,0.131648495793343,0.278644204139709
2725,1.15907502174377,0.277890861034393,0.0233007334172726
2726,1.17096745967865,0.317167282104492,-0.0322610437870026
2727,1.04744482040405,0.15578430891037,0.283883839845657
2728,1.07408201694489,0.157485008239746,-0.221841663122177
2729,0.399121671915054,0.0921615958213806,0.210997521877289
2730,0.643656551837921,-0.269917488098145,0.0811880454421043
2731,0.687289297580719,-0.237274259328842,0.131698086857796
2732,1.23690164089203,0.173234939575195,-0.106932781636715
2733,1.13837802410126,0.256775438785553,0.0745081156492233
2734,1.00227701663971,-0.268410950899124,-0.210606545209885
2735,0.963665544986725,-0.23160283267498,-0.248058095574379
2736,1.35152781009674,0.0155521081760526,0.228098571300507
2737,1.37835788726807,0.0771356970071793,0.258597105741501
2738,1.31002593040466,0.0824624449014664,0.266471266746521
2739,1.29212749004364,-0.00634527625516057,0.242849692702293
2740,1.2704930305481,0.26737967133522,-0.0479626283049583
2741,1.60659193992615,0.0544447377324104,-0.101832360029221
2742,1.22890770435333,0.239122062921524,-0.00761066656559706
2743,1.27679467201233,0.278675109148026,0.00935709848999977
2744,0.0435284413397312,-0.021577212959528,0.0206349641084671
2745,0.196734428405762,-0.133044302463531,-0.0223921146243811
2746,1.0524468421936,0.269507497549057,-0.196781262755394
2747,1.16231822967529,0.348173201084137,-0.0851155519485474
2748,1.11413419246674,0.317726224660873,-0.121278561651707
2749,0.463535785675049,0.166933104395866,0.198436260223389
2750,0.53334367275238,0.178178355097771,0.207348674535751
2751,0.501937091350555,0.200939774513245,0.270860552787781
2752,0.481906116008759,0.143034219741821,0.256212741136551
2753,0.487756878137589,0.232168719172478,0.186796486377716
2754,0.440017282962799,0.206719413399696,0.23713755607605
2755,0.71904993057251,0.190665289759636,-0.0807111039757729
2756,0.619608581066132,0.190956711769104,-0.0356099009513855
2757,0.712735235691071,0.195698544383049,0.0292890202254057
2758,0.249000251293182,0.0669622197747231,0.209154054522514
2759,0.64482843875885,0.135308966040611,-0.162751898169518
2760,1.75821399688721,0.0458285361528397,-0.351328015327454
2761,1.22169804573059,0.301462978124619,-0.039048720151186
2762,0.679601550102234,-0.186927601695061,-0.258698135614395
2763,0.627122521400452,-0.174603044986725,-0.267888873815536
2764,0.601766049861908,-0.228671178221703,-0.248218178749084
2765,0.896824061870575,0.159185945987701,-0.115627884864807
2766,1.05696678161621,0.229068994522095,-0.2548828125
2767,1.05073809623718,0.190569043159485,-0.293364197015762
2768,0.978720664978027,0.217509269714355,-0.238828346133232
2769,1.70476245880127,0.180996686220169,0.316815316677094
2770,1.70830070972443,0.241893425583839,0.270567536354065
2771,1.47081828117371,-0.0865137651562691,-0.208767995238304
2772,1.44366014003754,-0.157206565141678,-0.215291023254395
2773,1.45462417602539,-0.0287631582468748,-0.241804480552673
2774,0.228825703263283,0.120934337377548,0.111216135323048
2775,0.10999684035778,0.111081033945084,0.127358064055443
2776,1.54336047172546,-0.0660594031214714,0.350752651691437
2777,0.190475568175316,0.158788248896599,0.060568131506443
2778,0.172857090830803,0.178021460771561,0.133604496717453
2779,0.76038533449173,-0.240409567952156,0.271154493093491
2780,1.42601931095123,0.104690484702587,-0.338924765586853
2781,1.75731027126312,-0.080267108976841,-0.285543829202652
2782,1.39507830142975,-0.323624193668365,0.0966392382979393
2783,1.46482253074646,-0.342101663351059,0.115156643092632
2784,0.599240720272064,-0.228622600436211,0.275394886732101
2785,0.682224035263062,-0.255078941583633,0.261982798576355
2786,1.60188043117523,-0.244018048048019,0.267003297805786
2787,1.31407201290131,-0.188756018877029,-0.310435593128204
2788,1.75875902175903,-0.166547819972038,0.297605127096176
2789,1.76244699954987,0.166203156113625,-0.0449472740292549
2790,1.65924739837646,-0.2774957716465,0.233912646770477
2791,1.71043467521667,-0.164008617401123,0.321126610040665
2792,1.75699329376221,0.102094724774361,0.264987885951996
2793,1.34191846847534,-0.244374915957451,0.258847028017044
2794,0.892936289310455,-0.329883486032486,0.100758984684944
2795,1.73273980617523,0.207763820886612,0.25159677863121
2796,1.77073168754578,0.19502218067646,0.312159448862076
2797,1.7590925693512,0.173853158950806,0.241683050990105
2798,0.734662711620331,0.0310295280069113,0.223803922533989
2799,1.32089364528656,-0.19646418094635,0.073777936398983
2800,1.33823776245117,-0.131933867931366,0.094039149582386
2801,1.06855869293213,0.130025550723076,-0.341148018836975
2802,1.65963363647461,-0.240477859973907,0.269193589687347
2803,1.65191638469696,-0.24527271091938,-0.270325005054474
2804,0.244779258966446,0.193312808871269,-0.145078584551811
2805,0.248737782239914,0.270427167415619,-0.143566459417343
2806,0.270566523075104,0.241601526737213,-0.201646015048027
2807,0.191889524459839,0.22718220949173,-0.177145913243294
2808,1.71576261520386,-0.28109285235405,0.229630991816521
2809,1.70629668235779,-0.119627326726913,-0.344599962234497
2810,1.7618499994278,0.0580536723136902,0.179941430687904
2811,0.37881600856781,-0.0773849338293076,0.208039179444313
2812,0.547508656978607,0.145884022116661,0.280471920967102
2813,0.551653444766998,0.250688403844833,0.254342585802078
2814,0.594166100025177,0.202397167682648,0.269878625869751
2815,1.36007738113403,-0.0293456818908453,-0.358059793710709
2816,0.422503143548965,-0.107089325785637,0.232792064547539
2817,0.376429587602615,-0.138816758990288,0.228754177689552
2818,0.753792285919189,-0.200255885720253,0.307196885347366
2819,1.70092070102692,0.106380932033062,-0.346622318029404
2820,1.75687372684479,0.101179145276546,-0.122510083019733
2821,0.370185762643814,0.136668995022774,0.340104401111603
2822,1.41548180580139,0.183636456727982,-0.312622249126434
2823,1.56603968143463,-0.0545989945530891,0.10034441202879
2824,1.75874507427216,0.171379387378693,0.0314188972115517
2825,0.989692270755768,-0.234107032418251,-0.289214789867401
2826,1.7599583864212,-0.144596621394157,0.109093099832535
2827,1.32602858543396,-0.0946970358490944,-0.351783394813538
2828,1.32095563411713,0.283484429121017,-0.220866337418556
2829,1.75633716583252,0.28971466422081,0.0761167034506798
2830,1.76431882381439,0.0037984405644238,0.373544424772263
2831,1.76024627685547,-0.0232513565570116,0.33448714017868
2832,0.853568196296692,-0.355768918991089,0.0627495497465134
2833,1.42653465270996,-0.160523042082787,-0.316424787044525
2834,1.76217794418335,0.069408155977726,0.33021143078804
2835,1.71887254714966,0.00730624049901962,0.358800828456879
2836,1.71281814575195,0.0558207184076309,0.356806397438049
2837,0.863380670547485,-0.278614550828934,-0.247664496302605
2838,1.58378803730011,-0.150021314620972,-0.272917360067368
2839,1.60048913955688,-0.165568053722382,-0.322210341691971
2840,0.982608258724213,0.325375527143478,0.162106782197952
2841,1.04989802837372,0.329932183027267,0.150708273053169
2842,1.60805118083954,-0.0694734826683998,-0.116839110851288
2843,1.40593326091766,-0.3119255900383,0.16440038383007
2844,1.3721319437027,-0.0590897537767887,-0.286381751298904
2845,1.27014315128326,-0.275086432695389,-0.110484816133976
2846,1.25539350509644,-0.348367840051651,-0.0933689400553703
2847,1.31189274787903,-0.327527076005936,-0.153234153985977
2848,1.31015253067017,-0.328806817531586,-0.0845346227288246
2849,1.31546628475189,-0.231818109750748,-0.24004253745079
2850,1.27607131004333,-0.230501979589462,-0.273799061775208
2851,1.47298669815063,-0.290453046560287,0.217875614762306
2852,1.47350120544434,-0.238660514354706,0.159565523266792
2853,1.44164884090424,-0.238799035549164,0.210459798574448
2854,0.869960486888885,-0.219209402799606,-0.291256666183472
2855,0.891085505485535,-0.2345040589571,-0.244664534926414
2856,0.705167531967163,0.246752694249153,0.240810349583626
2857,1.35261964797974,0.102897420525551,-0.22852785885334
2858,1.381964802742,0.0838106051087379,-0.27595654129982
2859,1.16098010540009,0.289432346820831,-0.227277636528015
2860,1.43398582935333,-0.230875849723816,0.106093481183052
2861,1.40314245223999,0.0580233410000801,-0.221874728798866
2862,0.633205711841583,-0.360495239496231,-0.060818288475275
2863,1.46358358860016,-0.261532425880432,0.25237187743187
2864,1.12118303775787,0.317833602428436,-0.16892147064209
2865,1.07812011241913,0.305724561214447,-0.171936601400375
2866,1.25357091426849,0.313726425170898,-0.180712655186653
2867,0.529359400272369,-0.358294785022736,0.00513177551329136
2868,0.983252882957458,-0.121729046106339,-0.337597370147705
2869,1.75910079479218,0.315971463918686,-0.118696823716164
2870,1.75882351398468,0.331794112920761,-0.0557143352925777
2871,1.39731335639954,0.0146194314584136,-0.296507239341736
2872,0.680844843387604,0.0854036808013916,0.351888984441757
2873,1.11667478084564,0.191502407193184,0.290871828794479
2874,1.13006722927094,0.239625811576843,0.255772620439529
2875,0.484251350164413,-0.0473464615643024,-0.214924916625023
2876,1.22726440429688,0.258236706256866,-0.266441971063614
2877,1.70432388782501,0.328578799962997,-0.140801727771759
2878,1.75905287265778,0.283298343420029,-0.182881534099579
2879,1.72026062011719,0.348852545022964,0.00534567562863231
2880,1.65803694725037,0.360291838645935,0.0373125523328781
2881,1.69383215904236,0.266069144010544,-0.144782930612564
2882,1.73021590709686,0.242547199130058,-0.105446770787239
2883,1.75545310974121,0.224376201629639,-0.157696396112442
2884,1.22617852687836,0.32619896531105,0.0839425176382065
2885,1.30147135257721,0.199453428387642,0.262222230434418
2886,0.268665820360184,-0.328004568815231,0.0554441101849079
2887,1.59337592124939,0.235174492001534,-0.273150980472565
2888,1.64652669429779,0.275693029165268,-0.231921523809433
2889,1.58810532093048,0.220768168568611,-0.204504817724228
2890,1.64920747280121,0.206372797489166,-0.243960693478584
2891,1.26606523990631,0.25442162156105,0.261905252933502
2892,1.75309014320374,-0.284139573574066,0.0287804957479239
2893,0.382358223199844,0.17638848721981,-0.266110986471176
2894,0.37490525841713,0.255710273981094,-0.254083424806595
2895,0.431556135416031,0.246245533227921,-0.26573458313942
2896,0.413261651992798,0.208554893732071,-0.30309185385704
2897,1.27737200260162,-0.362971186637878,0.00994406919926405
2898,1.53023099899292,0.162276104092598,0.266069024801254
2899,1.47954905033112,0.197135642170906,0.301417231559753
2900,1.54309940338135,0.186509743332863,0.309582620859146
2901,1.75505542755127,-0.321476072072983,0.096113383769989
2902,0.933213770389557,0.248040646314621,0.268515408039093
2903,0.838680922985077,0.254410207271576,0.225226432085037
2904,0.777482390403748,0.252997070550919,0.218614235520363
2905,0.357861429452896,-0.21450737118721,0.281151711940765
2906,1.22940754890442,-0.133851110935211,0.336825907230377
2907,0.468593120574951,-0.331431090831757,0.0997412502765656
2908,0.417731761932373,-0.351358205080032,0.0922688841819763
2909,0.8893883228302,-0.273510694503784,-0.105369009077549
2910,0.905562043190002,-0.236055746674538,-0.0488024912774563
2911,0.651817977428436,0.273884475231171,-0.0950515270233154
2912,0.588892936706543,0.254596292972565,-0.12924462556839
2913,0.555022358894348,0.19947075843811,-0.117155514657497
2914,1.06972122192383,-0.291316956281662,-0.227595970034599
2915,0.717556715011597,0.150774523615837,-0.141197711229324
2916,0.458669573068619,0.361814469099045,0.0283816549926996
2917,1.09099578857422,0.352389872074127,-0.0277367625385523
2918,1.64251232147217,-0.302874863147736,-0.0582097582519054
2919,1.58531475067139,-0.298204869031906,-0.0660557597875595
2920,1.65907216072083,-0.251780480146408,-0.0536584556102753
2921,0.476461559534073,0.293277770280838,0.192660957574844
2922,0.809370696544647,0.187991991639137,0.305010676383972
2923,0.444805979728699,0.293841928243637,-0.22159469127655
2924,0.976255536079407,-0.359458357095718,-0.0441131107509136
2925,1.69971644878387,-0.350506365299225,0.0899059548974037
2926,1.71005153656006,-0.299353390932083,0.0715589001774788
2927,1.75310933589935,-0.24656580388546,0.0684137940406799
2928,0.442854523658752,0.174280047416687,0.312750279903412
2929,0.410096257925034,0.151699915528297,0.317635327577591
2930,0.680486798286438,-0.219389215111732,-0.297078132629395
2931,0.702834665775299,-0.142577335238457,-0.331282645463943
2932,0.914660573005676,-0.267582267522812,-0.200907051563263
2933,0.677735507488251,0.25188422203064,-0.267056882381439
2934,1.73876118659973,-0.270366728305817,0.119595639407635
2935,0.308593392372131,0.332820534706116,-0.0467024855315685
2936,0.982834458351135,0.193599909543991,-0.310885399580002
2937,1.03631150722504,-0.0507087744772434,-0.362871766090393
2938,0.710717737674713,0.339465111494064,-0.00786390341818333
2939,0.744560241699219,-0.200482100248337,-0.31286546587944
2940,0.658232569694519,-0.118152491748333,-0.326235234737396
2941,0.618859648704529,-0.163372606039047,-0.33725905418396
2942,0.852067470550537,-0.349113523960114,-0.0966666042804718
2943,0.862278580665588,-0.288026928901672,-0.01936593092978
2944,0.784221589565277,-0.302057445049286,-0.0317110158503056
2945,1.71526205539703,-0.335941463708878,0.141834855079651
2946,0.342346280813217,0.0881161987781525,0.345949023962021
2947,0.81179541349411,-0.272741287946701,-0.128247871994972
2948,0.738830089569092,-0.21036596596241,-0.0755728259682655
2949,0.791176617145538,-0.215835005044937,-0.124333247542381
2950,0.829193472862244,0.12319853156805,0.321386098861694
2951,0.929422378540039,-0.00772924115881324,0.362593770027161
2952,0.272560030221939,0.145195350050926,-0.27573761343956
2953,0.93508780002594,0.211453944444656,0.302828103303909
2954,0.978401839733124,0.258747518062592,0.25819256901741
2955,0.879582107067108,0.109703451395035,0.345806956291199
2956,0.8744837641716,0.16656094789505,0.287835508584976
2957,0.144292667508125,-0.144137233495712,0.207286417484283
2958,0.745212316513062,-0.0413470007479191,0.26007342338562
2959,0.778203427791595,-0.0562022179365158,0.320365190505981
2960,0.766733527183533,0.0147902322933078,0.303566724061966
2961,1.65778923034668,-0.0708941593766212,0.000389147491659969
2962,1.63441741466522,-0.0460941903293133,0.0821259692311287
2963,1.61352229118347,-0.10791402310133,0.015755170956254
2964,0.984334468841553,0.183802008628845,0.314954966306686
2965,1.63219726085663,-0.0109108323231339,0.0270670149475336
2966,0.270575761795044,-0.282951265573502,-0.136336728930473
2967,1.64456307888031,-0.168003737926483,-0.0306888334453106
2968,1.63944292068481,-0.11669497936964,0.0695820301771164
2969,0.446363806724548,0.321494996547699,0.174884676933289
2970,0.849802255630493,0.0754744336009026,0.335743635892868
2971,0.77231365442276,0.136053740978241,0.312349617481232
2972,0.237595930695534,0.306579023599625,-0.00372580485418439
2973,1.69544506072998,-0.135364711284637,0.00651049567386508
2974,0.776378989219666,0.0796229094266891,0.331399261951447
2975,0.797171413898468,0.137869149446487,-0.319583803415298
2976,0.761400163173676,0.103180184960365,-0.332163870334625
2977,0.143041759729385,-0.245210230350494,0.0733161643147469
2978,0.938119113445282,0.142569705843925,0.221280679106712
2979,1.25826668739319,0.122019805014133,-0.149304702877998
2980,0.211178719997406,0.214794471859932,-0.0370263606309891
2981,0.19273816049099,0.234758332371712,0.0310583710670471
2982,0.158655554056168,0.252655476331711,-0.0395238399505615
2983,0.27956560254097,0.323938876390457,-0.012732750736177
2984,0.310540407896042,0.344890147447586,0.0310695432126522
2985,0.345408260822296,-0.00399442901834846,0.356461137533188
2986,0.264379948377609,0.319281667470932,0.0442661233246326
2987,0.308632403612137,0.329445093870163,0.0992568954825401
2988,0.165349274873734,-0.200981959700584,-0.18886935710907
2989,0.326677203178406,0.199122309684753,0.206164926290512
2990,0.750023365020752,-0.231417208909988,-0.00361988111399114
2991,0.117046304047108,0.112067066133022,0.205010369420052
2992,0.0709831193089485,0.087574377655983,-0.126426413655281
2993,0.193524897098541,0.284186780452728,0.00182692939415574
2994,0.829744756221771,-0.358673572540283,-0.0533089861273766
2995,0.933089911937714,-0.338887363672256,-0.00207583326846361
2996,0.301230281591415,0.302896410226822,-0.174885481595993
2997,0.499524682760239,-0.277571052312851,-0.236778631806374
2998,0.752098500728607,-0.273411273956299,-0.151614502072334
2999,0.704482972621918,-0.273636698722839,-0.088639885187149
3000,0.714668989181519,-0.213907063007355,-0.150006726384163
3001,0.410934299230576,-0.361562579870224,-0.0562347173690796
3002,0.335255533456802,0.30897456407547,-0.198104798793793
3003,0.431715190410614,-0.366870641708374,0.00735674612224102
3004,0.128276392817497,-0.00225552218034863,-0.181444436311722
3005,0.117728479206562,-0.0424013361334801,-0.136665567755699
3006,1.70838260650635,-0.0645339414477348,0.356085807085037
3007,0.46038943529129,0.0835476741194725,0.240156337618828
3008,0.538122713565826,0.0636563450098038,0.244953572750092
3009,0.589971005916595,0.146583184599876,0.16204771399498
3010,1.75271368026733,0.208416700363159,0.194161668419838
3011,0.635963439941406,0.112168319523335,0.184733882546425
3012,1.7643678188324,-0.121681950986385,0.196708410978317
3013,1.41500186920166,-0.337947726249695,-0.125029563903809
3014,1.75928020477295,-0.0909803509712219,0.328546732664108
3015,1.46660852432251,0.120294690132141,-0.19371585547924
3016,0.287325739860535,0.181929811835289,-0.29628387093544
3017,0.320636212825775,0.139050170779228,-0.324067145586014
3018,1.71080636978149,-0.244751185178757,0.270092308521271
3019,1.59593617916107,0.11010479927063,-0.180161371827126
3020,0.263974964618683,0.15602807700634,-0.195224672555923
3021,0.296091556549072,0.202274262905121,-0.252138137817383
3022,0.311132609844208,0.191009625792503,-0.181006371974945
3023,1.66069853305817,0.00021287910931278,-0.177527755498886
3024,1.6303836107254,0.0949236005544662,-0.232897192239761
3025,1.65578210353851,0.0604323409497738,-0.163997903466225
3026,1.70207679271698,0.0140509316697717,-0.0537915155291557
3027,1.75193083286285,0.0500814504921436,-0.0105499671772122
3028,1.76017308235168,-0.00491034518927336,-0.0288476515561342
3029,1.75382196903229,0.0496148839592934,-0.0684311240911484
3030,0.30359548330307,0.100221619009972,-0.341807842254639
3031,1.69421720504761,-0.239000394940376,0.205080151557922
3032,1.72103703022003,-0.308910012245178,0.171579495072365
3033,1.66037321090698,-0.308191567659378,0.189546182751656
3034,0.414109259843826,0.130519926548004,-0.263859897851944
3035,0.322860509157181,0.115956492722034,0.233252018690109
3036,1.65088379383087,-0.35439544916153,0.0738780498504639
3037,1.75977325439453,-0.340631514787674,0.00342182978056371
3038,1.71080887317657,-0.359871566295624,0.0165476035326719
3039,1.76472210884094,0.24499087035656,0.276276230812073
3040,1.63980484008789,0.172774538397789,0.261754304170609
3041,1.59502899646759,0.137142166495323,0.335554361343384
3042,1.65792155265808,0.188202247023582,0.309520125389099
3043,1.5991028547287,0.201885461807251,0.301086127758026
3044,1.7562450170517,0.064268171787262,0.115250818431377
3045,1.65720367431641,0.269112527370453,0.248411312699318
3046,1.65021777153015,0.295932799577713,0.209240719676018
3047,1.75617396831512,0.284535467624664,0.164827048778534
3048,0.384980201721191,0.255018174648285,0.120027542114258
3049,0.320810109376907,0.283683508634567,0.106317646801472
3050,1.75785136222839,0.129164472222328,0.19178894162178
3051,1.59570693969727,-0.359896659851074,0.0205957423895597
3052,1.01786208152771,-0.229334995150566,-0.0959078073501587
3053,0.993268609046936,-0.250482231378555,0.0405091941356659
3054,0.996514022350311,-0.243646800518036,0.111929439008236
3055,1.69399404525757,-0.313934504985809,0.0256335660815239
3056,1.69151139259338,-0.316177368164062,-0.041083849966526
3057,1.65938556194305,-0.362979054450989,-0.0100818043574691
3058,0.248207360506058,0.133941188454628,0.204261496663094
3059,1.75896012783051,-0.347562402486801,-0.0813680812716484
3060,1.75416076183319,0.0312042068690062,0.0666202679276466
3061,1.75364816188812,0.0713184326887131,0.0285750329494476
3062,1.75360774993896,0.106605090200901,0.0821804702281952
3063,0.182259351015091,-0.278044909238815,-0.00940692517906427
3064,0.144396081566811,0.213859975337982,-0.150435999035835
3065,0.186531528830528,0.145227044820786,-0.162885755300522
3066,1.75603044033051,-0.275355875492096,-0.094321571290493
3067,0.181257233023643,0.0884931460022926,-0.130799621343613
3068,1.76282668113708,-0.296513050794601,-0.180227726697922
3069,1.66506433486938,-0.200932592153549,-0.294857025146484
3070,1.71992766857147,-0.179326862096786,-0.314678370952606
3071,1.65750968456268,-0.133669018745422,-0.337496668100357
3072,1.75314939022064,-0.189949229359627,-0.210864573717117
3073,1.755246758461,-0.223755121231079,-0.256963223218918
3074,0.267261564731598,0.259944945573807,-0.0128059508278966
3075,1.71652400493622,-0.0667625591158867,-0.203022792935371
3076,1.75883901119232,-0.0667674615979195,-0.166177719831467
3077,1.75388371944427,-0.0990554168820381,-0.218482077121735
3078,1.75334966182709,-0.0387735888361931,-0.228956565260887
3079,1.70551753044128,-0.205292344093323,-0.226609826087952
3080,1.71735954284668,-0.271112412214279,-0.224129229784012
3081,0.271245390176773,0.233993023633957,-0.0821980237960815
3082,1.76403415203094,-0.152388349175453,-0.3182193338871
3083,1.70998084545135,-0.0587942153215408,-0.338515430688858
3084,1.71071863174438,-0.00399955967441201,-0.364890694618225
3085,1.75552105903625,0.0879073143005371,-0.314630597829819
3086,1.75870442390442,0.334546536207199,0.0382969938218594
3087,1.7601363658905,-0.0995277985930443,-0.345889508724213
3088,1.75733125209808,-0.0286697763949633,-0.333063036203384
3089,1.66512167453766,0.136399909853935,-0.330670922994614
3090,1.68919193744659,0.235246330499649,-0.209369897842407
3091,1.70130085945129,0.229561328887939,-0.276891380548477
3092,0.826381206512451,0.186235412955284,-0.218879893422127
3093,0.904148876667023,0.138254314661026,-0.218902692198753
3094,1.75983071327209,-2.40527515416034e-05,-0.175907894968987
3095,1.75569188594818,0.024981951341033,-0.281608790159225
3096,0.813761472702026,0.232991710305214,-0.16558538377285
3097,0.480614483356476,0.0881419703364372,-0.224347576498985
3098,1.76730442047119,-0.0306557640433311,-0.0760674402117729
3099,1.75464999675751,-0.0531026050448418,-0.031635195016861
3100,0.159473419189453,0.236486628651619,-0.102101556956768
3101,1.75703799724579,0.254775524139404,0.223852500319481
3102,0.58219313621521,-0.229005247354507,0.108515709638596
3103,0.650171875953674,-0.105334222316742,0.160835921764374
3104,1.75984168052673,0.00292129092849791,0.029069647192955
3105,0.181036829948425,-0.257255434989929,0.0968980640172958
3106,0.232700631022453,-0.259838104248047,0.0942245423793793
3107,1.75484037399292,0.161872252821922,-0.233650401234627
3108,0.15805546939373,-0.20911231637001,0.109738677740097
3109,0.192952752113342,-0.18753807246685,0.160314857959747
3110,0.224978804588318,-0.232555463910103,0.182761117815971
3111,0.223042532801628,-0.276464015245438,0.138065829873085
3112,0.247208327054977,0.114119872450829,-0.142228677868843
3113,0.180499583482742,-0.234743714332581,0.15741191804409
3114,1.76198089122772,0.0294672381132841,-0.22453810274601
3115,0.282764077186584,-0.189842388033867,0.186376214027405
3116,1.23859572410583,-0.262305349111557,0.0551196113228798
3117,1.75923323631287,0.237737193703651,-0.25240483880043
3118,1.7622481584549,-0.0593005754053593,0.147007673978806
3119,1.75984370708466,-0.0924518778920174,0.0972234755754471
3120,1.70732986927032,-0.0432296842336655,0.111196756362915
3121,1.75982987880707,-0.0491543486714363,0.0857403725385666
3122,1.53353190422058,0.330012917518616,0.149501949548721
3123,0.187307775020599,0.174111068248749,-0.214492097496986
3124,0.434885501861572,-0.117907121777534,-0.25569075345993
3125,0.387173146009445,-0.092386893928051,-0.264484733343124
3126,1.59439754486084,0.35027003288269,0.0947273671627045
3127,1.76159870624542,-0.0133972493931651,0.105393178761005
3128,1.47941076755524,0.155377253890038,0.327765256166458
3129,1.48014008998871,-0.339358478784561,-0.122381925582886
3130,0.439892202615738,0.00904594548046589,-0.226356476545334
3131,1.70450222492218,-0.00940498150885105,0.072425439953804
3132,1.47799015045166,-0.18059030175209,-0.315850347280502
3133,1.75861597061157,0.0463698990643024,-0.129261836409569
3134,1.58730220794678,-0.11233226954937,-0.346769392490387
3135,0.0626066997647285,0.0626107901334763,0.11909805983305
3136,1.65611135959625,-0.0808529406785965,-0.354999542236328
3137,1.41262412071228,-0.267992526292801,-0.245823308825493
3138,0.990020871162415,0.233953803777695,0.14384226500988
3139,1.01172125339508,0.254633694887161,0.224824622273445
3140,1.01951265335083,0.206463783979416,0.181546598672867
3141,1.02803921699524,0.276431202888489,0.165585726499557
3142,1.43711423873901,-0.288191586732864,-0.0815337523818016
3143,1.38852083683014,-0.249890491366386,-0.126028478145599
3144,1.36993026733398,-0.332129210233688,-0.0893718898296356
3145,1.36708688735962,-0.297908753156662,-0.04672472178936
3146,1.46450006961823,0.048782542347908,-0.233401834964752
3147,1.75409829616547,0.230157196521759,0.049126535654068
3148,1.51480305194855,0.00585568882524967,-0.253188610076904
3149,1.33892965316772,0.325874716043472,0.158898964524269
3150,1.36719977855682,0.270989984273911,0.167505353689194
3151,1.39826953411102,0.307145446538925,0.122439049184322
3152,1.32821249961853,0.125184521079063,0.309267461299896
3153,1.27833592891693,0.14215786755085,0.299488723278046
3154,1.75716865062714,0.230941414833069,0.11028665304184
3155,1.76366150379181,0.183548659086227,0.0867695137858391
3156,1.76208102703094,0.203620135784149,-0.0810962617397308
3157,0.144299283623695,0.124123685061932,-0.136299103498459
3158,1.57120132446289,-0.179270192980766,0.0737909376621246
3159,1.58745408058167,-0.215251341462135,-0.0286317002028227
3160,1.41679883003235,0.0205999650061131,0.275939434766769
3161,1.71135318279266,0.335193961858749,0.145953223109245
3162,1.63156461715698,-0.230419546365738,0.125258967280388
3163,1.71031153202057,-0.253841131925583,0.031980786472559
3164,1.66755843162537,-0.246014282107353,0.0756902694702148
3165,1.66135835647583,-0.225870400667191,-0.00289186858572066
3166,1.6427321434021,-0.305200040340424,0.0780646055936813
3167,1.375443816185,0.184389889240265,0.211873650550842
3168,1.71587431430817,-0.110514342784882,-0.258679091930389
3169,1.69651389122009,-0.16897939145565,-0.259374141693115
3170,1.75368559360504,-0.138372659683228,-0.200854256749153
3171,1.68837332725525,-0.128886491060257,-0.185357108712196
3172,0.46064767241478,-0.214220613241196,-0.15258914232254
3173,0.519905745983124,-0.167647987604141,-0.150928109884262
3174,0.479531198740005,-0.121549688279629,-0.175699353218079
3175,0.405927240848541,-0.185410693287849,-0.189735800027847
3176,0.394668310880661,-0.245203733444214,-0.158072546124458
3177,0.466061413288116,-0.281299591064453,-0.13092914223671
3178,1.63208711147308,-0.110670551657677,-0.23500744998455
3179,1.63983881473541,-0.107380986213684,-0.294140994548798
3180,1.66470777988434,-0.153172567486763,-0.224273458123207
3181,1.70550906658173,0.0388320907950401,0.112071052193642
3182,1.7015552520752,0.0769933983683586,0.0266253035515547
3183,1.76156318187714,0.138960540294647,0.312941163778305
3184,1.5426013469696,-0.154615372419357,-0.2075584679842
3185,1.60389876365662,-0.151260122656822,-0.200592935085297
3186,1.61836349964142,-0.0692939013242722,-0.190623998641968
3187,1.64073634147644,-0.171754851937294,-0.263395845890045
3188,1.69284105300903,-0.117042966187,-0.303738802671432
3189,1.54358577728271,-0.0550529062747955,0.212992861866951
3190,1.68206739425659,-0.0998512730002403,0.154667258262634
3191,1.75909578800201,-0.240636348724365,0.238918304443359
3192,1.66681003570557,-0.091498114168644,0.231250286102295
3193,1.75443124771118,-0.168677806854248,0.225232809782028
3194,1.67603778839111,-0.0472732596099377,0.155414998531342
3195,1.66640841960907,0.0245673768222332,0.158391803503036
3196,1.66987419128418,-0.0159702058881521,0.233875930309296
3197,1.39099788665771,-0.144026860594749,0.199043974280357
3198,1.64251279830933,0.268692046403885,-0.150847047567368
3199,1.65968835353851,0.296125739812851,-0.198858246207237
3200,1.64155220985413,-0.27395299077034,0.155451253056526
3201,1.59954714775085,-0.335233271121979,0.139717280864716
3202,1.65585482120514,-0.335887640714645,0.139466896653175
3203,1.60123777389526,-0.311103731393814,0.183667123317719
3204,1.76218593120575,-0.041887566447258,0.219270527362823
3205,1.58945095539093,-0.0284764003008604,0.362208396196365
3206,1.64258873462677,-0.0258712898939848,0.359048694372177
3207,1.23284840583801,-0.0550624802708626,-0.305753290653229
3208,1.16743886470795,0.0261228270828724,-0.288441866636276
3209,1.28616285324097,-0.0639094561338425,-0.297249853610992
3210,1.16545403003693,-0.0349798277020454,-0.30218380689621
3211,0.047930721193552,-0.00515810865908861,-0.073104202747345
3212,0.0635107606649399,0.0437426678836346,-0.0984272882342339
3213,0.0964735895395279,0.0210660751909018,-0.140096977353096
3214,1.76431369781494,-0.312560230493546,-0.126277849078178
3215,1.32849502563477,0.132743999361992,-0.179807350039482
3216,1.21223735809326,0.19722206890583,-0.192247062921524
3217,1.75347900390625,-0.246540367603302,-0.151809707283974
3218,1.58218932151794,-0.196985125541687,-0.231328621506691
3219,1.65248465538025,-0.211292818188667,-0.235832154750824
3220,1.26903581619263,0.117087788879871,-0.242405250668526
3221,1.66784942150116,0.173425808548927,0.117898344993591
3222,1.62531387805939,0.236391767859459,0.0729141309857368
3223,1.67044448852539,0.184323534369469,0.0607070066034794
3224,1.58877348899841,-0.207543194293976,-0.297715842723846
3225,1.75842607021332,-0.158031269907951,-0.264913648366928
3226,1.75285935401917,0.106520265340805,-0.180895313620567
3227,1.75172507762909,0.158649146556854,-0.174380376935005
3228,1.69946193695068,-0.216255739331245,-0.160028204321861
3229,1.75780940055847,0.212003514170647,-0.206771850585938
3230,1.75222182273865,0.10273140668869,-0.230498671531677
3231,0.18622550368309,-0.228292062878609,-0.0776048749685287
3232,0.1362544298172,-0.238483771681786,-0.0658541768789291
3233,0.174322694540024,-0.274291276931763,-0.0573314689099789
3234,1.75512838363647,0.280550718307495,-0.00329618062824011
3235,1.70282185077667,0.0190023295581341,0.0124089363962412
3236,1.71561133861542,-0.0131891639903188,-0.210559457540512
3237,1.71546721458435,0.0164058841764927,-0.168536320328712
3238,1.71673929691315,-0.0361773706972599,-0.153562635183334
3239,1.63684833049774,-0.0438470989465714,-0.250254541635513
3240,1.66284394264221,-0.0436882711946964,-0.142017275094986
3241,1.65619027614594,0.00895792245864868,-0.103555075824261
3242,1.75953638553619,0.219837546348572,-0.00443295203149319
3243,1.71215450763702,0.0464893914759159,-0.125944674015045
3244,1.5832462310791,-0.204730913043022,0.241476222872734
3245,1.64350545406342,-0.21929207444191,0.224686205387115
3246,1.65271174907684,0.221963778138161,0.284428387880325
3247,1.60121202468872,0.23142896592617,0.278037160634995
3248,0.528507232666016,0.0131203066557646,0.3099524974823
3249,0.586370348930359,0.0214240960776806,0.303248405456543
3250,0.492002040147781,0.00222828215919435,0.251649707555771
3251,1.44941055774689,-0.26776984333992,-0.150623455643654
3252,1.50014197826385,-0.293845921754837,-0.122589096426964
3253,1.47869300842285,-0.324381828308105,-0.163266345858574
3254,1.47858846187592,-0.296937525272369,-0.20864325761795
3255,0.551840424537659,0.0176450442522764,0.361727237701416
3256,0.579071998596191,-0.0472874008119106,0.343898504972458
3257,0.493112146854401,-0.0561260543763638,0.30227467417717
3258,0.509841501712799,-0.0387386977672577,0.357779651880264
3259,1.43497478961945,0.0569732263684273,-0.297230124473572
3260,1.41721105575562,0.135615676641464,-0.268566489219666
3261,1.37902009487152,0.0666395425796509,-0.356372773647308
3262,1.42534565925598,0.0282431282103062,-0.355475574731827
3263,1.46610999107361,0.104856267571449,-0.348781615495682
3264,1.47452116012573,0.0984638929367065,-0.288860201835632
3265,1.75241672992706,-0.0530575700104237,0.0341745130717754
3266,1.64041757583618,0.0900556668639183,0.306959271430969
3267,1.68773710727692,0.167060121893883,0.270545870065689
3268,1.6579954624176,0.134906023740768,0.333157449960709
3269,1.70222508907318,0.115780219435692,0.295174241065979
3270,1.46766591072083,0.00431186892092228,-0.303885191679001
3271,1.60097515583038,-0.202785059809685,0.300478875637054
3272,1.65970659255981,-0.205198392271996,0.297562479972839
3273,1.54232275485992,-0.199786230921745,0.28951707482338
3274,0.372571408748627,-0.259914696216583,0.244948789477348
3275,1.29015517234802,-0.352907508611679,0.0834371894598007
3276,1.71556854248047,-0.343294203281403,-0.11102344840765
3277,1.51004934310913,-0.114559173583984,-0.24272221326828
3278,0.568069040775299,0.211648240685463,0.0197971519082785
3279,0.564334690570831,0.236106038093567,0.0907268896698952
3280,0.640773117542267,0.253243803977966,0.0491744242608547
3281,0.691767394542694,0.252680778503418,0.0795523226261139
3282,1.70983493328094,0.362098157405853,-0.0405667722225189
3283,1.7529159784317,0.271938383579254,-0.058902196586132
3284,1.51348912715912,0.249885931611061,0.0228562857955694
3285,1.76289439201355,-0.159113422036171,0.163027137517929
3286,0.603040635585785,-0.196492671966553,0.161981359124184
3287,0.624451041221619,-0.154442176222801,0.207820266485214
3288,0.546820402145386,-0.164241775870323,0.24466897547245
3289,1.53547656536102,0.262737959623337,0.166179999709129
3290,0.484907537698746,-0.151088640093803,0.254157215356827
3291,0.506710648536682,-0.196855261921883,0.193340510129929
3292,0.376292526721954,-0.192898914217949,0.21630010008812
3293,1.40159046649933,-0.12717641890049,0.339794725179672
3294,0.591082990169525,0.210436895489693,0.151785984635353
3295,0.514089286327362,0.249859943985939,0.132327020168304
3296,1.67588436603546,0.108445815742016,-0.248450994491577
3297,1.71265709400177,0.0612541921436787,-0.229325994849205
3298,1.69168949127197,0.0658247619867325,-0.308266133069992
3299,1.71981024742126,0.100533798336983,-0.275037199258804
3300,0.514570772647858,-0.306774199008942,0.191920518875122
3301,0.492606788873672,-0.256855130195618,0.235965892672539
3302,0.433602571487427,-0.294200628995895,0.187599182128906
3303,1.70097291469574,0.309906989336014,-0.186612129211426
3304,1.08117985725403,0.205680012702942,0.180445164442062
3305,1.27903079986572,0.218507170677185,0.205119371414185
3306,0.499157875776291,0.240514248609543,0.0573500543832779
3307,1.13681602478027,0.281404942274094,0.127315878868103
3308,1.16047382354736,0.306535691022873,0.177008628845215
3309,1.08703434467316,0.276074320077896,0.170464381575584
3310,1.11485314369202,0.317500680685043,0.179026991128922
3311,1.64852952957153,0.348590284585953,0.110377639532089
3312,1.52883923053741,0.328747302293777,-0.150236696004868
3313,1.59592294692993,0.329571902751923,-0.147287592291832
3314,1.19070076942444,0.253414362668991,0.259404808282852
3315,1.15394258499146,0.283345311880112,0.227498143911362
3316,1.59550535678864,0.321481555700302,0.156771585345268
3317,1.76238870620728,0.176578208804131,0.150518551468849
3318,1.6529815196991,0.0624071508646011,-0.0188346020877361
3319,1.02788436412811,-0.106113776564598,0.233699649572372
3320,1.76371943950653,0.0481971688568592,0.218846142292023
3321,1.69922196865082,-0.180678680539131,0.260415494441986
3322,1.54597914218903,-0.281662166118622,0.224607080221176
3323,1.60023605823517,-0.274624794721603,0.233253613114357
3324,0.881602168083191,0.100897066295147,-0.261880397796631
3325,1.76011669635773,-0.276388883590698,-0.23336261510849
3326,1.42064142227173,0.190606683492661,-0.216374546289444
3327,1.37519109249115,0.209086671471596,-0.190057218074799
3328,1.53900158405304,-0.217854395508766,-0.287078201770782
3329,1.72931468486786,-0.324603825807571,-0.159967660903931
3330,1.64937424659729,-0.315945893526077,-0.169192269444466
3331,1.64891266822815,-0.289978832006454,-0.217658743262291
3332,1.75798118114471,0.136727139353752,-0.27642822265625
3333,1.65408325195312,-0.0185420233756304,-0.362272918224335
3334,1.7066193819046,-0.0268478635698557,0.320124596357346
3335,1.6522171497345,0.026076078414917,0.314142465591431
3336,0.579698085784912,-0.241763308644295,-0.0860674977302551
3337,0.606911838054657,-0.161314114928246,-0.174391895532608
3338,0.518936574459076,-0.250607669353485,-0.126012414693832
3339,1.7009562253952,0.055068876594305,-0.35830083489418
3340,1.6578893661499,0.0748115256428719,-0.356864094734192
3341,0.545272290706635,0.189244836568832,-0.182433322072029
3342,0.612969100475311,0.197149559855461,-0.152165323495865
3343,0.423196256160736,-0.237121477723122,0.257350414991379
3344,0.436685413122177,-0.242140367627144,0.202283263206482
3345,0.384413301944733,-0.2984878718853,0.20633003115654
3346,0.517213046550751,0.290718257427216,0.00813663750886917
3347,0.61748081445694,0.135926499962807,-0.223400756716728
3348,1.5996013879776,-0.0670232102274895,0.354540377855301
3349,0.671569406986237,0.100336089730263,-0.20234677195549
3350,0.757986664772034,0.110183015465736,-0.17327506840229
3351,0.674515604972839,0.170390397310257,-0.215185791254044
3352,0.309643417596817,0.278833359479904,-0.0972127616405487
3353,0.382246255874634,0.304616272449493,-0.169001296162605
3354,0.379856318235397,0.248312473297119,-0.179524347186089
3355,0.349931299686432,0.277980476617813,-0.144895926117897
3356,1.71107816696167,0.102734826505184,0.349797874689102
3357,0.376969009637833,0.360978931188583,0.0294500160962343
3358,1.75217711925507,0.0320183038711548,0.290413469076157
3359,0.477564811706543,0.248698532581329,-0.221972092986107
3360,0.501749336719513,0.2928766310215,-0.105912990868092
3361,1.58851945400238,-0.278344213962555,-0.227823674678802
3362,1.60277569293976,-0.250844597816467,-0.251319259405136
3363,1.52211010456085,-0.276931971311569,-0.232683286070824
3364,0.448348999023438,0.314669579267502,-0.164616346359253
3365,0.273077338933945,-0.176280960440636,-0.267860263586044
3366,1.53932237625122,0.175336092710495,-0.317774653434753
3367,1.76003754138947,0.122579179704189,0.129069715738297
3368,1.75393462181091,-0.280668944120407,-0.030660443007946
3369,1.57577502727509,-0.261370152235031,0.174999609589577
3370,1.41879844665527,0.152582868933678,0.243685230612755
3371,1.46555697917938,0.201569616794586,0.228820085525513
3372,0.797094106674194,0.00262404279783368,0.248325347900391
3373,0.762424647808075,0.115661635994911,0.18738117814064
3374,0.667917430400848,0.16660974919796,0.142688855528831
3375,1.75657212734222,-0.0318561568856239,-0.278918415307999
3376,1.68136727809906,0.195207804441452,0.210700839757919
3377,1.62969148159027,0.180847316980362,0.19260485470295
3378,1.64272117614746,0.231945022940636,0.216088473796844
3379,1.43255138397217,0.224989384412766,0.191032081842422
3380,1.41909897327423,-0.223879858851433,-0.285097897052765
3381,1.42109131813049,0.337719023227692,-0.117187209427357
3382,1.43167901039124,0.348235458135605,-0.0485893897712231
3383,1.46066904067993,0.282727122306824,-0.0795527845621109
3384,1.47281181812286,0.346217095851898,-0.104296654462814
3385,1.76227033138275,-0.202057048678398,0.112626783549786
3386,0.347696512937546,-0.161371469497681,-0.209989249706268
3387,1.59570693969727,-0.353210896253586,0.070187471807003
3388,1.75903379917145,-0.167891874909401,0.0129263550043106
3389,0.375251531600952,-0.299824744462967,-0.03667301684618
3390,0.364254146814346,0.350293725728989,0.0871252492070198
3391,1.75927662849426,-0.105320885777473,-0.0635744780302048
3392,1.4190376996994,-0.0714596956968307,-0.355266690254211
3393,1.53972470760345,0.134666353464127,-0.335269093513489
3394,0.386559158563614,-0.29050549864769,0.00814735516905785
3395,1.66113436222076,0.321929425001144,0.158729076385498
3396,1.75684595108032,-0.0852486044168472,0.27136155962944
3397,1.54275918006897,-0.360297083854675,0.0173719637095928
3398,1.76280546188354,0.167369335889816,-0.120756804943085
3399,1.65476751327515,0.00725173950195312,0.1135159060359
3400,0.929803013801575,-0.239717572927475,0.0142389442771673
3401,0.973383665084839,-0.261862486600876,-0.0178246200084686
3402,1.65286231040955,-0.0542439371347427,-0.312236398458481
3403,1.6017130613327,-0.0621184445917606,-0.354626685380936
3404,1.58931362628937,-0.0544243156909943,-0.304578542709351
3405,1.6017130613327,-0.0134652042761445,-0.359980016946793
3406,1.7104811668396,0.000949557055719197,0.204004719853401
3407,1.67238461971283,0.0544921681284904,0.205427452921867
3408,0.118176460266113,-0.189839199185371,-0.114845141768456
3409,1.28542065620422,0.120695129036903,0.344970285892487
3410,1.70999181270599,0.200366035103798,-0.140056043863297
3411,1.71383059024811,0.139732003211975,-0.137773036956787
3412,1.35505735874176,0.362538725137711,-0.00648153480142355
3413,0.941800773143768,-0.259521216154099,0.0747220143675804
3414,0.862827301025391,0.0631717666983604,-0.312426716089249
3415,0.365057289600372,0.360574394464493,-0.0200884696096182
3416,1.47969174385071,-0.36161082983017,-0.011379798874259
3417,0.840188682079315,0.101320989429951,-0.342278182506561
3418,0.920517981052399,0.0970564410090446,-0.339615046977997
3419,0.831864953041077,0.12532339990139,-0.255245506763458
3420,0.814830720424652,0.0509076341986656,-0.274645537137985
3421,1.59966611862183,0.0890139862895012,0.349003374576569
3422,1.65899014472961,0.0936999469995499,0.350645035505295
3423,0.882353007793427,0.132155418395996,-0.318670392036438
3424,0.367464929819107,0.301984041929245,0.0863163992762566
3425,1.48044657707214,-0.231842279434204,-0.0026802490465343
3426,1.75590121746063,-0.123251430690289,0.0393598787486553
3427,1.75777220726013,-0.162596374750137,-0.0312042012810707
3428,1.75635981559753,0.118791460990906,0.00385840935632586
3429,1.60046744346619,0.141027718782425,-0.335652768611908
3430,0.217178642749786,0.303285211324692,0.0455871522426605
3431,1.75662183761597,-0.117780670523643,-0.0129924863576889
3432,1.54234075546265,-0.120419308543205,0.337561100721359
3433,1.6773726940155,-0.295013576745987,0.112597823143005
3434,1.48372900485992,-0.0178470760583878,-0.361877977848053
3435,1.5454204082489,-0.0162584464997053,-0.3579241335392
3436,0.417354017496109,0.325988054275513,0.0214086975902319
3437,0.339682459831238,0.251099318265915,0.161996409296989
3438,1.65752744674683,-0.359980225563049,0.0263154003769159
3439,1.70230650901794,0.0151008199900389,-0.31324377655983
3440,1.64808666706085,0.00736302230507135,-0.312234371900558
3441,1.59907460212708,0.356242805719376,-0.0688548162579536
3442,1.72020089626312,-0.134047910571098,0.172295764088631
3443,1.71872615814209,-0.0672998204827309,0.188474625349045
3444,0.223802924156189,0.17522868514061,0.155397206544876
3445,0.183878883719444,-0.191544353961945,0.215688273310661
3446,1.47161149978638,0.361019521951675,0.00992331746965647
3447,1.37096333503723,0.0167372245341539,0.349967539310455
3448,1.48054122924805,-0.215810269117355,-0.288592129945755
3449,1.60059022903442,0.0379815064370632,-0.356556475162506
3450,1.65793657302856,0.032932735979557,-0.356584161520004
3451,1.53053629398346,0.348937600851059,-0.095476359128952
3452,0.234155863523483,-0.0797056779265404,-0.309134393930435
3453,0.20894667506218,-0.0839389786124229,-0.231346294283867
3454,1.52891612052917,0.147931575775146,-0.260084837675095
3455,1.48244965076447,0.143185183405876,-0.32828950881958
3456,1.63998544216156,0.303448736667633,0.0954739674925804
3457,1.6007479429245,0.356989413499832,0.0521332211792469
3458,1.09879922866821,0.0428188852965832,-0.239634811878204
3459,1.70914399623871,0.276815205812454,-0.234713047742844
3460,1.60153698921204,0.359314262866974,-0.00763255823403597
3461,1.70392370223999,0.146886020898819,-0.267901659011841
3462,1.70048534870148,0.15649077296257,-0.32751327753067
3463,1.65934884548187,0.342737466096878,-0.118634566664696
3464,0.965525209903717,-0.199734136462212,-0.0930639430880547
3465,1.08067226409912,-0.163602933287621,-0.199704945087433
3466,0.996592938899994,-0.197978004813194,-0.184567987918854
3467,1.70175755023956,0.174761652946472,-0.207891181111336
3468,1.53872609138489,0.293122917413712,-0.213740140199661
3469,1.20778429508209,-0.141237840056419,-0.152245938777924
3470,0.215015351772308,0.112140722572803,0.166522055864334
3471,1.58711361885071,0.0371097140014172,-0.298538833856583
3472,0.0450146831572056,-0.0606043860316277,0.056102454662323
3473,0.0359310023486614,-0.0153469769284129,-0.0367591008543968
3474,0.37949612736702,0.109840042889118,0.290630340576172
3475,0.433796286582947,0.123211532831192,0.279480397701263
3476,0.409867197275162,0.189822226762772,0.281611412763596
3477,0.344593584537506,0.0497553572058678,0.322558224201202
3478,0.39595502614975,0.0595334134995937,0.347972631454468
3479,0.314853727817535,0.114323511719704,0.311037957668304
3480,0.348482221364975,0.0619259923696518,0.271200120449066
3481,0.415118455886841,0.0979280024766922,0.337694942951202
3482,0.443143337965012,0.0332490243017673,0.299062520265579
3483,0.387206673622131,0.0963057428598404,0.365380644798279
3484,1.66004681587219,-0.352070480585098,-0.0665821880102158
3485,1.60215926170349,-0.348573863506317,-0.081817090511322
3486,1.66053092479706,-0.341750144958496,-0.115856379270554
3487,1.54389989376068,0.0856235101819038,-0.347673565149307
3488,0.359609693288803,0.00466943299397826,0.245747610926628
3489,0.586096704006195,0.126141592860222,0.230698212981224
3490,1.59849810600281,0.0876918211579323,-0.351546227931976
3491,0.0398611277341843,-0.0429446361958981,-0.0736569613218307
3492,0.0396653562784195,-0.0545528158545494,-0.0305792614817619
3493,1.53900527954102,-0.308251082897186,0.191823363304138
3494,0.0550361722707748,-0.0917131528258324,0.0158197060227394
3495,0.0533184707164764,-0.10056172311306,-0.037239920347929
3496,1.3268084526062,0.187217339873314,-0.160352364182472
3497,1.32263469696045,0.180776625871658,-0.102962173521519
3498,1.32500171661377,0.248258203268051,-0.141260996460915
3499,1.26994800567627,0.211095929145813,-0.158723145723343
3500,1.7616126537323,-0.0838616788387299,0.207486867904663
3501,1.53895914554596,-0.243359237909317,0.266377091407776
3502,1.32485508918762,0.185710698366165,-0.220386311411858
3503,1.26647222042084,0.16520069539547,-0.203332811594009
3504,1.64354741573334,-0.0803438425064087,0.353776454925537
3505,1.70251512527466,0.0155343208462,0.273782402276993
3506,1.31622612476349,-0.0410675406455994,-0.343184053897858
3507,1.68380749225616,-0.151985973119736,0.148632898926735
3508,1.46700119972229,-0.00204185023903847,0.363182574510574
3509,1.53952014446259,-0.0212377775460482,0.355914533138275
3510,0.0614317357540131,0.000149484447319992,-0.113451711833477
3511,1.42026591300964,-0.189405247569084,0.0355730727314949
3512,1.52606201171875,0.305953741073608,-0.00280327559448779
3513,1.54057800769806,0.361627012491226,-0.00925106089562178
3514,1.54141008853912,0.357901334762573,0.0457529351115227
3515,1.54141008853912,0.347313284873962,0.0960716530680656
3516,0.374839246273041,0.188186049461365,-0.216082543134689
3517,1.70483088493347,-0.264581054449081,-0.0185421425849199
3518,1.69178700447083,-0.209110379219055,-0.0508296377956867
3519,1.72244930267334,-0.21585838496685,-0.00264262268319726
3520,1.7020822763443,0.350278913974762,-0.0895711928606033
3521,1.52150762081146,-0.36010530591011,-0.0417026318609715
3522,0.0603265464305878,-0.0973956361413002,0.0662647560238838
3523,1.72096180915833,0.334941506385803,0.0994940549135208
3524,1.71171057224274,0.30478709936142,0.197436079382896
3525,0.0950612351298332,-0.092192031443119,0.03980478271842
3526,0.121873304247856,-0.157271787524223,0.0626229867339134
3527,0.088393397629261,-0.136300921440125,0.129913464188576
3528,1.6606068611145,0.362259149551392,-0.0160657595843077
3529,1.7058002948761,0.359382897615433,0.0493862703442574
3530,0.561067223548889,-0.36161470413208,-0.042545460164547
3531,0.525717079639435,-0.328410714864731,-0.0559093095362186
3532,0.549757778644562,-0.300730615854263,0.0183025877922773
3533,0.609595596790314,-0.360807210206985,0.00775718130171299
3534,0.607023000717163,-0.302099764347076,-0.0352371744811535
3535,1.36165773868561,0.161596551537514,-0.32062491774559
3536,0.0708706974983215,-0.127168893814087,0.0826068967580795
3537,0.389972418546677,-0.328855842351913,0.139469861984253
3538,0.0710267946124077,-0.146800264716148,0.0333649776875973
3539,0.992671370506287,-0.307173281908035,0.041743565350771
3540,1.73280501365662,-0.00179887539707124,-0.0905390977859497
3541,1.41510260105133,-0.094876617193222,-0.285121619701385
3542,1.46659529209137,-0.0480777807533741,-0.307727634906769
3543,1.75141954421997,0.0514289289712906,-0.187889486551285
3544,1.35902225971222,-0.36109933257103,0.00591508718207479
3545,1.31311249732971,-0.342094153165817,-0.0181750003248453
3546,1.3348149061203,-0.357933014631271,0.0597104802727699
3547,1.3849310874939,-0.27410301566124,0.0135447951033711
3548,1.41752171516418,-0.364419102668762,0.0250785201787949
3549,0.360546469688416,-0.318448394536972,0.165055766701698
3550,0.876920104026794,0.32071441411972,-0.166848495602608
3551,0.869571447372437,0.34792897105217,-0.109066873788834
3552,0.819062292575836,0.320989221334457,-0.129696369171143
3553,0.836614787578583,0.302103072404861,-0.185978397727013
3554,0.229410380125046,0.0459482558071613,0.30486473441124
3555,1.75101792812347,-0.163395643234253,-0.147908762097359
3556,1.75784456729889,-0.0915103107690811,-0.11303623020649
3557,1.54444348812103,-0.249722078442574,-0.255111783742905
3558,0.901518046855927,0.276419341564178,-0.233497947454453
3559,1.50266230106354,-0.0506311245262623,0.261026412248611
3560,0.402331203222275,-0.267658889293671,0.158941611647606
3561,0.37132540345192,-0.240510702133179,0.199131548404694
3562,1.7204247713089,-0.354318380355835,-0.0430845431983471
3563,0.431597292423248,-0.296649426221848,0.119392223656178
3564,1.64776194095612,-0.0266874395310879,-0.0359353125095367
3565,0.36513552069664,-0.297854721546173,0.111564122140408
3566,0.626381039619446,-0.180588260293007,0.00061752792680636
3567,0.687398910522461,-0.201069295406342,0.0590391345322132
3568,0.672227382659912,-0.233807161450386,-0.0135799134150147
3569,1.72236204147339,-0.18883116543293,-0.0998739674687386
3570,1.7073438167572,-0.276886820793152,-0.0995358973741531
3571,1.53222179412842,-0.353241592645645,0.0830016359686852
3572,0.943560302257538,-0.123200573027134,0.306843191385269
3573,1.76025080680847,-0.221567898988724,0.0240174569189548
3574,1.75928509235382,-0.177869588136673,0.0721463263034821
3575,0.987484872341156,-0.168018668889999,0.322572141885757
3576,1.65970683097839,-0.165783777832985,0.321617096662521
3577,1.6027854681015,-0.166436418890953,0.32160684466362
3578,0.500880718231201,-0.340243279933929,-0.111610077321529
3579,0.43993154168129,-0.345424652099609,-0.110730648040771
3580,0.492883652448654,-0.327448606491089,-0.151011347770691
3581,1.35233438014984,-0.306389033794403,0.0507020503282547
3582,1.45523738861084,-0.175539597868919,0.156697019934654
3583,1.6483701467514,-0.040161769837141,0.313048809766769
3584,1.70702362060547,-0.0997708886861801,0.306084513664246
3585,1.43474948406219,-0.304763823747635,-0.0111194932833314
3586,1.42029547691345,-0.355414211750031,-0.0621529966592789
3587,0.452640444040298,0.344026774168015,-0.124569609761238
3588,0.391022205352783,0.340507686138153,-0.154332831501961
3589,0.245863348245621,-0.149051696062088,0.264345496892929
3590,0.242896348237991,-0.203180015087128,0.233693718910217
3591,0.275009840726852,-0.183171018958092,0.271686524152756
3592,0.518037080764771,0.331546008586884,-0.138195469975471
3593,1.52973198890686,0.0278675481677055,0.359604895114899
3594,1.59014642238617,0.262930184602737,0.249220177531242
3595,1.59014642238617,0.295070141553879,0.209581851959229
3596,1.32909154891968,0.27114000916481,-0.0458105131983757
3597,1.39651381969452,0.276398807764053,-0.0623350888490677
3598,1.38737106323242,-0.190649077296257,0.0879005864262581
3599,1.3622932434082,-0.23557822406292,0.0546605698764324
3600,1.68106770515442,0.246341988444328,-0.0348106287419796
3601,1.72041273117065,0.213589519262314,-0.053607489913702
3602,1.75368165969849,0.00605590641498566,0.232797756791115
3603,1.4816575050354,-0.217779383063316,0.289772242307663
3604,1.46404325962067,-0.187829047441483,0.247700974345207
3605,1.51203632354736,-0.236621156334877,0.211433306336403
3606,1.39999735355377,0.254832774400711,-0.133671298623085
3607,0.346361577510834,0.215590327978134,-0.280068278312683
3608,1.70691013336182,0.243196427822113,0.221940860152245
3609,1.52516531944275,0.224513933062553,0.209906816482544
3610,1.58657741546631,0.19441856443882,0.246444493532181
3611,0.369154006242752,0.14062887430191,-0.337407737970352
3612,1.71637296676636,0.0644049942493439,0.153690561652184
3613,0.182715535163879,-0.275163859128952,0.04678138718009
3614,0.413544416427612,0.175000190734863,-0.319468766450882
3615,0.346624165773392,0.176569998264313,-0.307214200496674
3616,0.751572072505951,0.27216961979866,0.0606023371219635
3617,0.770806074142456,0.222031727433205,0.135036572813988
3618,0.720316708087921,0.210341110825539,0.174878984689713
3619,1.58842027187347,0.311709642410278,-0.188679292798042
3620,1.54215598106384,0.273928701877594,0.237033799290657
3621,1.32601356506348,-0.270458191633224,0.00236065313220024
3622,1.67357504367828,0.255953818559647,0.0876121148467064
3623,1.46937894821167,0.321327835321426,0.167879566550255
3624,1.58712494373322,0.312368452548981,0.000384472688892856
3625,1.48006069660187,0.355959594249725,-0.0642571076750755
3626,0.599288880825043,-0.0976787507534027,-0.265514194965363
3627,1.65651321411133,0.351460158824921,-0.0611387975513935
3628,1.63822877407074,0.154051437973976,-0.27662193775177
3629,1.66025137901306,0.192445129156113,-0.297036975622177
3630,0.329206705093384,-0.163748413324356,0.210730254650116
3631,1.65923726558685,0.3213050365448,-0.167379707098007
3632,1.597212433815,0.191269814968109,-0.301193416118622
3633,1.45136868953705,-0.0589574910700321,0.303629904985428
3634,1.39555859565735,-0.0286351144313812,0.303807079792023
3635,1.45619380474091,-0.134446173906326,0.208046928048134
3636,1.75483441352844,0.0632132664322853,-0.256787180900574
3637,0.775305867195129,0.273417890071869,-0.00732710072770715
3638,1.62826645374298,0.260200351476669,0.00864470656961203
3639,0.926266133785248,0.282995283603668,-0.0663746744394302
3640,1.53839516639709,-0.0811497271060944,-0.352420181035995
3641,0.815199792385101,-0.141762673854828,0.166773349046707
3642,0.77825391292572,-0.058975163847208,0.208788514137268
3643,0.756635189056396,-0.13023579120636,0.15716153383255
3644,0.701182007789612,-0.156423255801201,0.181619107723236
3645,1.59486484527588,-0.320601761341095,-0.169708326458931
3646,0.677759230136871,-0.119738265872002,0.241838112473488
3647,0.767062366008759,-0.127435013651848,0.229397028684616
3648,1.54547905921936,-0.343714475631714,-0.0759606063365936
3649,0.155549213290215,-0.193098783493042,0.193229675292969
3650,1.58452391624451,0.296087890863419,0.0934387221932411
3651,1.47889816761017,-0.357353568077087,-0.0645694062113762
3652,1.64008343219757,-0.271544098854065,-0.148169413208961
3653,1.66608715057373,-0.231432378292084,-0.112890169024467
3654,1.61675190925598,-0.285662859678268,-0.106439873576164
3655,1.56887209415436,-0.192554339766502,-0.168203949928284
3656,1.5574038028717,-0.271499186754227,-0.129149079322815
3657,1.57592391967773,-0.244934871792793,-0.189765319228172
3658,1.58761870861053,0.0237601213157177,0.303570836782455
3659,1.02243876457214,-0.228562399744987,-0.245031222701073
3660,0.873505234718323,0.196709662675858,0.21437956392765
3661,0.952474772930145,0.196810007095337,0.191264227032661
3662,1.13509273529053,-0.314940840005875,0.133566185832024
3663,1.46435213088989,-0.130583196878433,0.338507920503616
3664,1.20725953578949,-0.253739893436432,-0.199023902416229
3665,1.1671599149704,-0.294310539960861,-0.219455912709236
3666,1.22058629989624,0.153461277484894,-0.329379081726074
3667,1.01776015758514,-0.165184259414673,-0.243169635534286
3668,1.65448296070099,-0.126722395420074,0.340001344680786
3669,1.53834164142609,-0.333377718925476,0.13946758210659
3670,0.0639955699443817,-0.0411234088242054,-0.125272423028946
3671,1.66554188728333,0.0812399312853813,0.254344433546066
3672,1.69189965724945,0.0644246116280556,0.310674905776978
3673,1.60097622871399,-0.12518621981144,0.340337693691254
3674,0.0804771557450294,-0.0190831571817398,-0.165290534496307
3675,0.0884957835078239,-0.0862396582961082,-0.167511746287346
3676,1.02663064002991,-0.289630860090256,-0.144726485013962
3677,1.58651387691498,0.246406063437462,0.192456856369972
3678,1.70884251594543,0.277095705270767,0.135619208216667
3679,1.64361441135406,0.266250640153885,0.166878715157509
3680,1.54323649406433,0.302470207214355,0.199338376522064
3681,1.7033988237381,-0.119268052279949,0.111662864685059
3682,0.1373101323843,0.0782236680388451,-0.1528699696064
3683,0.0994183644652367,0.108103305101395,-0.158874794840813
3684,0.0933085381984711,0.145526230335236,-0.120431393384933
3685,1.38049030303955,0.197620674967766,0.288065373897552
3686,1.34152746200562,0.188664019107819,0.321462959051132
3687,1.37848472595215,0.106032259762287,0.326428264379501
3688,1.52008962631226,-0.013573294505477,0.309652179479599
3689,1.4834840297699,0.0451081618666649,0.355328470468521
3690,1.6742467880249,0.116186127066612,-0.184518054127693
3691,1.70108354091644,-0.0153784463182092,-0.274555921554565
3692,0.573229670524597,-0.276528775691986,0.0720530599355698
3693,0.624856293201447,-0.302608639001846,0.0243451483547688
3694,1.42637753486633,0.0923921465873718,0.342032253742218
3695,1.47941076755524,0.106062360107899,0.346831083297729
3696,1.59240293502808,0.272156834602356,-0.23340068757534
3697,1.12818038463593,0.238160893321037,-0.258379548788071
3698,1.19233536720276,0.25282946228981,-0.225452646613121
3699,0.64261794090271,-0.182596936821938,-0.0872188657522202
3700,0.837398409843445,-0.0364952571690083,-0.290149301290512
3701,1.53923833370209,0.219883844256401,-0.288039952516556
3702,1.48482239246368,0.184255808591843,-0.306022703647614
3703,1.48149442672729,0.224624067544937,-0.284247666597366
3704,0.765726625919342,-0.0280633084475994,-0.282975107431412
3705,1.53934633731842,0.259493410587311,-0.252509623765945
3706,0.772819221019745,0.117442160844803,-0.251270681619644
3707,0.771908640861511,0.17180423438549,-0.178901463747025
3708,0.712044596672058,0.114235028624535,-0.243416026234627
3709,1.11302518844604,0.141470566391945,0.267574071884155
3710,1.06336438655853,0.183116748929024,0.226658284664154
3711,1.17433857917786,0.3650943338871,-0.0190193131566048
3712,0.9841228723526,0.197828188538551,0.253258734941483
3713,1.32968652248383,-0.094447560608387,-0.265301793813705
3714,1.40438234806061,0.288038343191147,0.0148484902456403
3715,1.33940482139587,0.248174965381622,0.0165608301758766
3716,1.58476364612579,0.273779571056366,0.142403811216354
3717,1.7595556974411,-0.0210540927946568,-0.123006403446198
3718,1.26090013980865,-0.280617296695709,-0.190239295363426
3719,1.67907118797302,0.234969258308411,0.170925930142403
3720,1.70949018001556,0.217083066701889,0.0874892026185989
3721,1.16824543476105,0.326634973287582,0.124024137854576
3722,1.11766850948334,0.321644812822342,0.0644650831818581
3723,1.10282409191132,0.346336364746094,0.107255108654499
3724,0.654684722423553,0.148385137319565,0.239561602473259
3725,0.736782073974609,0.11828476190567,0.249609664082527
3726,0.706963777542114,0.180168226361275,0.228902861475945
3727,1.39694011211395,-0.288676053285599,-0.187465786933899
3728,0.111042395234108,-0.228292971849442,0.0144140776246786
3729,0.108477421104908,-0.211986973881721,0.0559298321604729
3730,0.119036167860031,-0.205283671617508,0.11489599198103
3731,1.46398675441742,-0.356851875782013,0.0651186406612396
3732,1.47089290618896,-0.17425300180912,0.315601915121078
3733,1.7593480348587,-0.108208194375038,0.153040662407875
3734,0.940445065498352,0.15135033428669,0.301277220249176
3735,1.46134102344513,-0.140581324696541,-0.277786552906036
3736,1.34474885463715,-0.0652429163455963,0.355255037546158
3737,1.38617956638336,-0.0389732345938683,0.359462141990662
3738,1.48209774494171,0.298657178878784,0.205936208367348
3739,1.57631707191467,0.0795547291636467,0.262517988681793
3740,1.62700045108795,0.0384485274553299,0.251198172569275
3741,1.2115581035614,0.283177942037582,0.0408720001578331
3742,0.545506238937378,-0.146876662969589,-0.323844939470291
3743,1.7179970741272,0.155810073018074,0.0868130698800087
3744,1.35932743549347,0.326670110225677,-0.155201211571693
3745,1.37358713150024,0.339468061923981,-0.0770368352532387
3746,1.49329328536987,0.167110964655876,-0.150934725999832
3747,0.0892500206828117,-0.171603888273239,0.0817932561039925
3748,0.708309412002563,0.117904625833035,0.303731828927994
3749,0.738021790981293,0.124821484088898,0.343610048294067
3750,0.148862674832344,-0.0771991908550262,0.241658642888069
3751,0.754705011844635,0.0685005635023117,0.277040839195251
3752,0.674362301826477,0.165065929293633,0.325950056314468
3753,0.735177278518677,0.174731552600861,0.317867487668991
3754,0.529001176357269,0.253997683525085,-0.0600088685750961
3755,1.4645482301712,0.255493849515915,0.249301582574844
3756,1.42463576793671,0.355231463909149,0.0262634065002203
3757,1.4700756072998,0.29471418261528,0.0195953380316496
3758,1.32624816894531,0.299805372953415,0.0327989868819714
3759,1.4058643579483,-0.232868567109108,-0.0600090958178043
3760,1.46013128757477,0.34218630194664,0.119714446365833
3761,1.32359218597412,0.319023758172989,-0.116000041365623
3762,1.31623136997223,0.312893390655518,-0.167896553874016
3763,1.33420550823212,-0.274466067552567,-0.0963850915431976
3764,0.297821313142776,-0.218415603041649,-0.0817091166973114
3765,0.36112317442894,-0.256369858980179,-0.083329439163208
3766,0.477948725223541,0.248611658811569,0.249522089958191
3767,0.422440201044083,0.0390886329114437,0.372267842292786
3768,1.75608885288239,0.110590063035488,-0.0594290792942047
3769,1.72453379631042,0.0650501176714897,0.254735291004181
3770,1.01016163825989,-0.198835089802742,0.187722325325012
3771,1.42984807491302,0.240806818008423,-0.262219488620758
3772,1.01922941207886,-0.178218021988869,0.240881040692329
3773,1.50127422809601,-0.237601608037949,-0.0949902981519699
3774,1.51055538654327,-0.31253057718277,0.0538925379514694
3775,1.45207726955414,-0.2774997651577,0.0556666739284992
3776,1.48815226554871,-0.303178369998932,-0.0237628519535065
3777,1.47974717617035,-0.356916546821594,0.0257498640567064
3778,0.073337733745575,0.130224168300629,-0.0362822748720646
3779,1.53090488910675,0.295637041330338,0.0844161584973335
3780,0.155117645859718,-0.195034489035606,0.0304848533123732
3781,0.77733838558197,0.184784859418869,0.207700312137604
3782,1.48914122581482,0.26358100771904,-0.0314735136926174
3783,1.5243706703186,0.294965028762817,-0.0918280854821205
3784,1.52007579803467,-0.111497305333614,-0.296093583106995
3785,0.145380303263664,0.0823128521442413,0.194166913628578
3786,0.311116307973862,-0.210388988256454,0.283057659864426
3787,1.1899094581604,-0.0353770703077316,-0.361901462078094
3788,1.22002673149109,-0.0992767289280891,-0.351792514324188
3789,1.54669678211212,-0.335400879383087,-0.125796109437943
3790,0.948561668395996,-0.195559665560722,0.156893134117126
3791,0.882057666778564,-0.147663056850433,0.161711812019348
3792,0.102634280920029,0.155249327421188,-0.012464577332139
3793,0.135841563344002,0.187535002827644,0.0609496384859085
3794,0.74593448638916,-0.196076512336731,0.196226328611374
3795,0.100078992545605,0.192729026079178,0.0301058534532785
3796,0.102569743990898,-0.0427423678338528,0.178663268685341
3797,1.63377344608307,0.18261644244194,-0.167078584432602
3798,1.28922724723816,-0.0431725606322289,0.362435519695282
3799,1.70993065834045,-0.0387530624866486,-0.00625463668256998
3800,1.35434770584106,-0.359254032373428,-0.0581798851490021
3801,1.71718966960907,-0.0667911767959595,-0.0688843503594398
3802,0.233538910746574,-0.0816922336816788,0.313116282224655
3803,1.26166129112244,0.0841396674513817,0.328591674566269
3804,0.600496411323547,0.135471552610397,0.302358359098434
3805,0.499135315418243,0.0896198824048042,0.292027294635773
3806,0.616007268428802,0.0774939432740211,0.352548450231552
3807,0.807527005672455,-0.0960887521505356,0.351386606693268
3808,0.806551218032837,-0.145101487636566,0.338361293077469
3809,1.72199845314026,-0.18482281267643,0.126336216926575
3810,1.41592311859131,0.272384881973267,0.248464226722717
3811,1.42083191871643,0.171565011143684,0.315015852451324
3812,1.23830699920654,0.189986184239388,0.264722436666489
3813,0.151613384485245,0.0487834550440311,-0.188468128442764
3814,0.131247848272324,0.114192388951778,-0.208249196410179
3815,0.0945514589548111,0.0660402625799179,-0.174383789300919
3816,1.72549664974213,-0.122814051806927,0.235583022236824
3817,0.119777292013168,0.0399907529354095,-0.217702761292458
3818,0.280873864889145,0.255020439624786,0.202026724815369
3819,0.227990165352821,0.228184208273888,0.199658319354057
3820,1.42055916786194,-0.0082294438034296,0.36141961812973
3821,1.47046756744385,-0.0754244849085808,0.351995229721069
3822,1.62660849094391,0.107099026441574,0.243918046355247
3823,1.57631683349609,0.138644486665726,0.237407550215721
3824,1.46509575843811,0.356240302324295,0.0656898766756058
3825,1.51439332962036,0.170731768012047,0.204191938042641
3826,1.51507556438446,0.111312486231327,0.246555775403976
3827,0.478954017162323,0.073257215321064,0.353590130805969
3828,1.48109579086304,-0.316711872816086,0.17368246614933
3829,1.34130799770355,-0.276651829481125,-0.24013739824295
3830,1.15046226978302,-0.16264334321022,-0.153462648391724
3831,1.47892165184021,0.261578381061554,-0.252034157514572
3832,1.67116367816925,-0.0829838439822197,0.0981741696596146
3833,0.982667505741119,-0.336278259754181,-0.151024460792542
3834,0.974742293357849,-0.343671262264252,-0.0976835414767265
3835,0.279471635818481,0.0225834436714649,0.250122964382172
3836,0.263205796480179,0.0993703454732895,0.251840114593506
3837,1.11770451068878,-0.0307945236563683,-0.360514312982559
3838,0.20277938246727,-0.0819159373641014,-0.153694778680801
3839,0.195276573300362,-0.169366374611855,-0.109785541892052
3840,0.113230422139168,-0.0482881478965282,-0.192535877227783
3841,0.156365141272545,-0.0971623584628105,-0.174583435058594
3842,0.104753896594048,-0.135659113526344,-0.152230322360992
3843,0.179393127560616,-0.140003353357315,-0.173058316111565
3844,0.139845460653305,-0.146620228886604,-0.0938410982489586
3845,1.11315035820007,-0.0662587136030197,0.299117922782898
3846,1.13595855236053,-0.116790875792503,0.299111545085907
3847,1.28773427009583,0.162675395607948,-0.323624312877655
3848,1.48098242282867,0.261463671922684,0.139325976371765
3849,0.674922466278076,-0.0310260970145464,0.359494060277939
3850,0.61657840013504,0.00834655202925205,0.361483454704285
3851,1.00029969215393,0.30235368013382,0.116053745150566
3852,0.629581153392792,-0.0619262084364891,0.357888907194138
3853,1.1982798576355,-0.266713440418243,0.240011066198349
3854,1.15740644931793,-0.280631870031357,0.183870539069176
3855,0.22886823117733,0.197328105568886,0.240113005042076
3856,0.289155185222626,0.223189488053322,0.243592411279678
3857,0.273321241140366,0.173179760575294,0.263129591941833
3858,1.50642132759094,-0.211964055895805,-0.22691835463047
3859,0.559044182300568,-0.233835905790329,0.196664169430733
3860,0.549929141998291,-0.222147792577744,0.283440053462982
3861,1.52729797363281,-0.165272861719131,-0.26794359087944
3862,0.433251827955246,-0.314576983451843,0.0569363944232464
3863,0.376567661762238,-0.313868373632431,0.0600910745561123
3864,0.403267741203308,-0.356429547071457,0.0454596765339375
3865,1.24258887767792,-0.35861748456955,-0.0364014245569706
3866,0.548066079616547,-0.0895278602838516,0.353970974683762
3867,1.35840177536011,0.0231665372848511,-0.362229257822037
3868,0.626611411571503,-0.0107070803642273,-0.264707177877426
3869,0.55413019657135,-0.0351726338267326,-0.268358051776886
3870,0.580821990966797,-0.00480727152898908,-0.332660675048828
3871,0.636833786964417,-0.0438689887523651,-0.313131928443909
3872,0.651136338710785,0.046056117862463,-0.290964990854263
3873,0.964217185974121,0.281469941139221,0.164572790265083
3874,0.994287252426147,0.362909495830536,0.0234877243638039
3875,1.03374695777893,0.332476407289505,0.0726933851838112
3876,1.33818411827087,0.0610548853874207,0.333974957466125
3877,0.324073433876038,0.0465970225632191,-0.298839032649994
3878,1.41419303417206,0.0369215831160545,0.333610564470291
3879,0.51498419046402,0.106369987130165,0.346476018428802
3880,1.54102838039398,0.141134202480316,0.332079499959946
3881,0.0850655138492584,0.0564165860414505,0.150477051734924
3882,1.13326299190521,0.344824463129044,0.00346424500457942
3883,1.75535821914673,-0.0362953804433346,0.28169921040535
3884,0.682720482349396,-0.283213973045349,-0.227725610136986
3885,1.33642077445984,-0.182432636618614,0.309487074613571
3886,0.78250789642334,-0.206487596035004,0.0481452867388725
3887,0.73237156867981,-0.156099900603294,0.04621197655797
3888,0.81460702419281,-0.0419411547482014,0.358990103006363
3889,0.859998524188995,0.0396044552326202,0.360928863286972
3890,0.960160613059998,-0.25686776638031,0.14948782324791
3891,1.26539981365204,0.253542751073837,-0.109402552247047
3892,1.25045824050903,0.326303869485855,-0.129702642560005
3893,1.42928659915924,0.343239605426788,0.0774493589997292
3894,1.01052284240723,-0.34772726893425,0.101471371948719
3895,0.952864944934845,-0.329686135053635,0.104270093142986
3896,0.901064693927765,-0.273052901029587,0.133636638522148
3897,1.42304635047913,0.288123399019241,-0.216127008199692
3898,1.43902111053467,0.285631418228149,0.170494720339775
3899,1.30792737007141,0.253831446170807,-0.259639918804169
3900,1.31639623641968,0.0657780170440674,-0.350205719470978
3901,1.45751202106476,0.271369427442551,0.0769946500658989
3902,1.01155745983124,0.156089648604393,-0.305944949388504
3903,0.807759344577789,-0.210469946265221,0.149860888719559
3904,0.604034543037415,0.064837358891964,-0.352665901184082
3905,0.529125988483429,0.0448511615395546,-0.346651613712311
3906,1.39300572872162,-0.19501157104969,-0.304801911115646
3907,0.467896461486816,0.299455553293228,0.128435537219048
3908,0.549626171588898,0.306557565927505,0.163619354367256
3909,1.23492085933685,-0.240494057536125,0.276995927095413
3910,1.06902813911438,0.1383947879076,0.181739509105682
3911,1.31578707695007,0.118398100137711,-0.342156648635864
3912,0.593892991542816,0.323369711637497,0.0395756028592587
3913,1.25418615341187,0.177974030375481,-0.28999650478363
3914,1.29083907604218,0.176514595746994,-0.259335160255432
3915,1.31922113895416,0.200960755348206,-0.291549444198608
3916,1.26940202713013,0.11925483494997,-0.320708721876144
3917,1.21650648117065,0.11349231004715,-0.308740705251694
3918,1.3820493221283,-0.303212136030197,-0.139796420931816
3919,1.36440062522888,0.219158455729485,-0.287799805402756
3920,0.432684808969498,0.354952335357666,0.070215068757534
3921,0.566878080368042,0.0796416103839874,-0.365090698003769
3922,1.31326413154602,-0.145558029413223,0.331364393234253
3923,0.525025904178619,0.352915495634079,0.0250429455190897
3924,0.481339544057846,0.336917221546173,0.0663386434316635
3925,0.651129066944122,-0.243215695023537,-0.110128052532673
3926,0.692044377326965,-0.301947087049484,-0.0367980971932411
3927,0.427031874656677,0.323196858167648,-0.0930979177355766
3928,1.22002673149109,-0.198174923658371,-0.307412385940552
3929,0.270935148000717,0.131614282727242,0.291822761297226
3930,0.223044693470001,0.139801323413849,0.26368236541748
3931,0.480556219816208,0.0144114606082439,0.363925069570541
3932,0.688870191574097,0.035176407545805,-0.362077832221985
3933,0.456913441419601,0.117001138627529,0.345710277557373
3934,1.72388160228729,0.1323052495718,0.241105884313583
3935,0.709265828132629,-3.43144783983007e-05,-0.307004630565643
3936,0.588259220123291,0.0953892543911934,-0.267277956008911
3937,0.571481049060822,0.133240893483162,-0.335089057683945
3938,0.656493663787842,0.109004966914654,-0.345366060733795
3939,0.795376062393188,0.0604565106332302,-0.355268955230713
3940,0.748091280460358,0.034596960991621,-0.367596596479416
3941,0.719987869262695,0.0637605637311935,-0.33914378285408
3942,0.646522581577301,0.156104475259781,-0.326749801635742
3943,1.6411075592041,0.088006965816021,-0.298150241374969
3944,1.58549201488495,0.18000540137291,-0.2417823523283
3945,1.63084614276886,0.15114463865757,-0.214420258998871
3946,1.40403246879578,-0.196752980351448,0.232863664627075
3947,0.607238173484802,-0.123314820230007,0.279331266880035
3948,0.545284450054169,-0.101842157542706,0.297156125307083
3949,1.71182548999786,0.152356207370758,-0.0343308337032795
3950,1.34218597412109,0.292403697967529,0.217337667942047
3951,0.92031455039978,-0.277143806219101,0.186373710632324
3952,1.46116983890533,0.129915624856949,0.282520830631256
3953,1.30709683895111,-0.136631116271019,-0.331560164690018
3954,0.993196964263916,-0.360686123371124,0.039719495922327
3955,1.25534689426422,0.330273121595383,-0.077113002538681
3956,1.31625664234161,0.336541652679443,-0.0639797002077103
3957,1.23784840106964,0.310723394155502,0.184533894062042
3958,0.746848702430725,0.265544414520264,-0.0553717091679573
3959,1.22059369087219,0.36082136631012,-0.0409659519791603
3960,0.342772930860519,0.328849703073502,-0.147533640265465
3961,0.917432844638824,-0.352210164070129,0.0586006157100201
3962,1.69824051856995,-0.135595604777336,0.0641775205731392
3963,0.639306306838989,-0.265376329421997,-0.209660410881042
3964,0.716461479663849,-0.237820193171501,-0.214988648891449
3965,0.493313491344452,-0.223755463957787,0.284335792064667
3966,0.143954142928123,0.128586173057556,0.221031203866005
3967,0.15444128215313,0.174686640501022,0.185758695006371
3968,0.11491072177887,0.153123557567596,0.154511734843254
3969,0.721418678760529,-0.114985838532448,-0.269772469997406
3970,0.189018860459328,0.180710718035698,0.22064696252346
3971,0.17878882586956,0.138016238808632,0.217691585421562
3972,1.5178554058075,-0.0457744784653187,-0.264253705739975
3973,0.252670884132385,0.0980107858777046,0.314096391201019
3974,0.301265746355057,0.237755432724953,-0.145574674010277
3975,0.282306969165802,0.310525447130203,-0.130575120449066
3976,1.12157392501831,-0.293452441692352,-0.200753688812256
3977,1.15195155143738,-0.241046935319901,-0.269179463386536
3978,1.66913485527039,-0.0566936396062374,-0.190791845321655
3979,0.175933569669724,0.069368027150631,0.274203598499298
3980,0.194212779402733,0.011099430732429,0.303813695907593
3981,1.70505249500275,-0.182841390371323,0.0257890876382589
3982,1.71322751045227,-0.16039876639843,-0.049358107149601
3983,0.751553475856781,0.0387226305902004,-0.288763046264648
3984,0.625498354434967,-0.232163473963737,-0.281861573457718
3985,1.27269101142883,-0.0513216257095337,-0.3586186170578
3986,0.51780891418457,-0.225542828440666,-0.284257233142853
3987,0.465515971183777,-0.230278611183167,-0.247841447591782
3988,1.71453022956848,-0.130081295967102,-0.0995824187994003
3989,0.169850751757622,-0.150090172886848,0.0862614437937737
3990,1.37322473526001,-0.233974322676659,-0.246252939105034
3991,1.5808379650116,0.192228943109512,-0.143346861004829
3992,1.58586347103119,0.260257363319397,-0.159388676285744
3993,0.456993699073792,-0.33090341091156,0.146863773465157
3994,0.737755477428436,-0.194829031825066,0.118797272443771
3995,0.502002239227295,-0.190517619252205,-0.324265778064728
3996,0.625285029411316,-0.01097297295928,-0.362140655517578
3997,1.28015267848969,-0.219441086053848,0.28933373093605
3998,1.17654418945312,0.0845996215939522,-0.26399889588356
3999,1.16329944133759,0.052781879901886,-0.360142022371292
4000,1.12073194980621,0.102471217513084,-0.317016094923019
4001,1.17313635349274,0.124556049704552,-0.340416133403778
4002,0.0700137317180634,0.0413272865116596,-0.168950662016869
4003,0.0904154106974602,0.0139647331088781,-0.200718119740486
4004,1.28870534896851,0.367639929056168,-0.045619647949934
4005,1.03374648094177,-0.343556433916092,-0.0964718610048294
4006,1.19554436206818,0.211179614067078,-0.259521335363388
4007,1.22305738925934,0.214365988969803,-0.301992684602737
4008,1.12489569187164,0.198799416422844,-0.302624583244324
4009,1.69541084766388,0.295804649591446,-0.0977236777544022
4010,1.64242267608643,0.300731420516968,-0.0848358646035194
4011,1.33815765380859,0.000585835892707109,0.300130665302277
4012,0.727506279945374,0.281892269849777,0.119298502802849
4013,0.685068666934967,0.338764578104019,0.0916976481676102
4014,0.655174672603607,0.298443287611008,0.155737668275833
4015,0.710695087909698,0.338439166545868,0.133926704525948
4016,0.822335362434387,0.278030663728714,0.162107467651367
4017,0.736702382564545,0.290604680776596,0.213691562414169
4018,0.660348296165466,0.23995053768158,0.138561815023422
4019,1.37266945838928,0.325533092021942,0.0574804916977882
4020,1.49370563030243,-0.190068036317825,0.105004370212555
4021,1.35266733169556,0.251171171665192,0.263888955116272
4022,1.23577809333801,-0.195838317275047,0.307350128889084
4023,0.660601615905762,0.1192931458354,-0.270968407392502
4024,1.21692836284637,0.136509582400322,0.308028072118759
4025,1.32444369792938,-0.16079144179821,-0.241001099348068
4026,0.787228047847748,-0.184733539819717,0.305095285177231
4027,0.994958817958832,-0.106276251375675,-0.253149390220642
4028,0.77884829044342,-0.134152352809906,0.313985586166382
4029,1.37100207805634,-0.0844706520438194,0.283601522445679
4030,0.68551766872406,0.339707046747208,-0.128363490104675
4031,0.465531915426254,0.0890858173370361,-0.344775319099426
4032,0.481849431991577,0.00838987901806831,-0.354989498853683
4033,0.478098422288895,0.0526774376630783,-0.288848787546158
4034,1.26567184925079,0.338000863790512,-0.00656875921413302
4035,1.29616582393646,0.366442948579788,0.0328101627528667
4036,0.76410037279129,0.361669212579727,-0.026271503418684
4037,1.37276458740234,-0.107044972479343,-0.331673383712769
4038,0.518444359302521,-0.329117506742477,0.141813635826111
4039,0.31747117638588,-0.271720945835114,0.227202385663986
4040,0.322989225387573,-0.223955228924751,0.245186850428581
4041,1.13878035545349,0.144574850797653,-0.281432539224625
4042,0.325104981660843,0.253859490156174,-0.234667554497719
4043,0.796820163726807,0.126296892762184,0.250667750835419
4044,0.766994178295135,0.189459189772606,0.285288542509079
4045,1.10832214355469,0.264796674251556,-0.212483420968056
4046,0.318721383810043,0.158939674496651,0.270062655210495
4047,0.317806273698807,0.155626505613327,0.316385239362717
4048,1.71029281616211,-0.237716436386108,0.134751290082932
4049,1.48464298248291,0.231167405843735,0.276476472616196
4050,1.07197165489197,0.254633694887161,0.224824622273445
4051,1.27753531932831,0.221675083041191,0.138456463813782
4052,1.29832899570465,0.0224767215549946,-0.361920028924942
4053,0.533330261707306,-0.177604377269745,0.311177283525467
4054,0.977858662605286,-0.295406252145767,0.20717354118824
4055,1.10178959369659,-0.175969451665878,-0.320733219385147
4056,0.808948576450348,-0.205886036157608,0.214031115174294
4057,0.833511292934418,0.16080616414547,0.228918373584747
4058,1.71186494827271,-0.0509994067251682,0.254889875650406
4059,0.427324771881104,-0.0335919857025146,-0.282143771648407
4060,1.16291296482086,0.167055323719978,-0.323701620101929
4061,0.168057575821877,0.133567899465561,-0.228939458727837
4062,0.438613593578339,0.18624658882618,-0.249760508537292
4063,0.570532619953156,0.358428776264191,-0.0729461684823036
4064,0.344253599643707,-0.0968311280012131,0.270235955715179
4065,1.25273275375366,0.224003121256828,-0.234756261110306
4066,0.473233342170715,-0.141813978552818,-0.330864191055298
4067,0.117612183094025,-0.00901526398956776,-0.22917103767395
4068,0.685094475746155,-0.27782928943634,-0.170347735285759
4069,1.16813409328461,-0.364693224430084,0.0536029264330864
4070,0.424454689025879,-0.105433650314808,-0.347138375043869
4071,1.16961634159088,-0.115441344678402,0.343228995800018
4072,1.20055520534515,0.0195546373724937,-0.336094796657562
4073,0.432374447584152,-0.0488621182739735,-0.358296275138855
4074,0.41299232840538,-0.32956263422966,-0.00138875364791602
4075,0.43406218290329,-0.0295757725834846,0.359794825315475
4076,1.25454330444336,0.054687824100256,-0.322455495595932
4077,0.468405425548553,-0.0936122536659241,-0.323739796876907
4078,0.545220255851746,0.281888157129288,-0.16410268843174
4079,0.500890552997589,0.309136927127838,-0.194932326674461
4080,1.15615618228912,-0.179069519042969,0.314587593078613
4081,1.53059148788452,0.157105565071106,-0.200547888875008
4082,0.567745566368103,-0.0841517373919487,-0.322969824075699
4083,0.376437902450562,-0.059535339474678,-0.361002653837204
4084,0.308253973722458,-0.0777600556612015,-0.342202484607697
4085,0.303350359201431,-0.0145959323272109,-0.341444373130798
4086,0.343241095542908,0.0253043975681067,-0.344907701015472
4087,1.21730375289917,0.288277804851532,0.217412918806076
4088,1.11045610904694,-0.211481407284737,0.292068123817444
4089,0.365257173776627,-0.0129110710695386,-0.342820346355438
4090,1.18553912639618,0.317922085523605,-0.128129512071609
4091,0.242102548480034,0.189380973577499,-0.234151735901833
4092,0.365283846855164,-0.0717547759413719,-0.321323841810226
4093,1.51977908611298,-0.244041189551353,-0.187234789133072
4094,0.492197692394257,-0.048638753592968,-0.357410460710526
4095,0.383211672306061,0.0284734461456537,-0.371858298778534
4096,0.422843486070633,0.0625574290752411,-0.353250026702881
4097,0.432449489831924,0.00398292345926166,-0.362532436847687
4098,0.357870101928711,-0.134610816836357,-0.332343459129333
4099,0.313242524862289,-0.070415623486042,-0.288033783435822
4100,0.315737158060074,-0.154443889856339,-0.314679056406021
4101,1.22536993026733,0.0474900230765343,-0.366987973451614
4102,1.13543546199799,0.213752806186676,-0.155723065137863
4103,0.452849566936493,-0.147520408034325,0.330241054296494
4104,0.560780465602875,0.172594159841537,-0.266012579202652
4105,0.624099910259247,0.235350996255875,-0.273534089326859
4106,0.623715877532959,0.261725455522537,-0.200557351112366
4107,0.564026236534119,0.264865547418594,-0.240716740489006
4108,0.601315081119537,0.19891069829464,-0.224785178899765
4109,0.617483913898468,0.178307428956032,-0.29517263174057
4110,0.476442992687225,-0.178519830107689,-0.212369278073311
4111,0.323614746332169,-0.29080456495285,0.187983199954033
4112,0.519642889499664,-0.301499336957932,0.0697719901800156
4113,0.530466198921204,-0.241893753409386,0.127871379256248
4114,1.22590148448944,0.293886631727219,-0.224641621112823
4115,1.26755023002625,-0.128103166818619,-0.259061843156815
4116,0.426908493041992,-0.329367220401764,-0.160107910633087
4117,0.418193876743317,-0.282560616731644,-0.192847147583961
4118,0.453806638717651,-0.360567212104797,0.0441137962043285
4119,0.603558301925659,-0.343487709760666,0.106129743158817
4120,1.24571228027344,-0.176357805728912,-0.205580919981003
4121,0.446057796478271,-0.0902485772967339,0.321552336215973
4122,0.372269481420517,-0.0857108384370804,0.339205950498581
4123,1.05205643177032,0.319983571767807,-0.131436407566071
4124,1.58792769908905,0.124815098941326,0.286744803190231
4125,0.927835702896118,-0.169348701834679,-0.32104679942131
4126,0.927902042865753,-0.231682643294334,-0.281099945306778
4127,0.435713171958923,-0.267050266265869,0.24832946062088
4128,1.51644885540009,0.0802611857652664,-0.240374565124512
4129,1.36829364299774,0.164805725216866,-0.243630945682526
4130,1.32134306430817,0.138320207595825,-0.280104666948318
4131,0.712199449539185,0.246118053793907,-0.228927835822105
4132,0.0896313041448593,-0.14557820558548,-0.0234865844249725
4133,1.22002673149109,-0.150698930025101,-0.333102494478226
4134,0.979476392269135,-0.177071109414101,-0.289660722017288
4135,1.02176308631897,-0.145507857203484,-0.309545338153839
4136,1.11332035064697,-0.0962142869830132,-0.347066879272461
4137,1.0469057559967,-0.115783967077732,-0.343638330698013
4138,0.848101496696472,0.241359815001488,-0.267311125993729
4139,0.898430168628693,0.211649835109711,-0.295318484306335
4140,1.08073592185974,-0.296720325946808,-0.181419000029564
4141,1.16493928432465,-0.184114411473274,-0.305750072002411
4142,1.16332864761353,-0.215818360447884,-0.203238174319267
4143,0.632597863674164,0.366384357213974,0.0366307161748409
4144,0.741236448287964,0.285221636295319,-0.225605323910713
4145,1.51528942584991,-0.102912798523903,0.292312353849411
4146,1.54242742061615,-0.160927250981331,0.317695766687393
4147,0.190664038062096,0.068389967083931,0.214975416660309
4148,1.23073840141296,-0.052651658654213,0.348606586456299
4149,1.32251381874084,0.294972777366638,0.109086945652962
4150,1.29257464408875,0.25669926404953,0.0608023256063461
4151,1.26004683971405,0.278891056776047,0.103745825588703
4152,1.27660441398621,0.320956379175186,0.0576075091958046
4153,0.70882660150528,0.102471441030502,-0.300947725772858
4154,0.429228663444519,0.109920315444469,-0.33937731385231
4155,0.217177838087082,-0.164790332317352,0.213273108005524
4156,0.647529006004333,-0.0724703595042229,0.30018562078476
4157,1.21159315109253,0.235379502177238,-0.146567896008492
4158,0.366073340177536,0.27771732211113,-0.215992584824562
4159,0.311368048191071,0.27275362610817,-0.195789754390717
4160,0.121068559587002,-0.0961505472660065,-0.211057037115097
4161,0.265950471162796,-0.294656366109848,0.128110811114311
4162,1.1659768819809,0.171118065714836,-0.220333755016327
4163,1.49126219749451,-0.270984828472137,0.114215068519115
4164,0.376646906137466,0.176974773406982,0.306252330541611
4165,0.320406943559647,0.202092975378036,0.283902764320374
4166,1.25974690914154,-0.00596878491342068,-0.338171541690826
4167,1.16052103042603,-0.227336347103119,0.286331593990326
4168,1.19041800498962,0.292629450559616,-0.182123526930809
4169,1.56552541255951,-0.0180750004947186,0.256758660078049
4170,1.11485588550568,0.284333646297455,0.228804126381874
4171,0.999529123306274,-0.337015837430954,-0.0142528545111418
4172,0.645733177661896,-0.163903936743736,0.117811694741249
4173,1.39172959327698,-0.156078353524208,-0.260551393032074
4174,0.437241584062576,0.2555011510849,0.0743498578667641
4175,1.11495757102966,0.0229289215058088,-0.364168852567673
4176,0.421666473150253,0.329850792884827,0.120681330561638
4177,0.400784075260162,0.288156479597092,0.167495787143707
4178,0.344536811113358,0.316373705863953,0.167111083865166
4179,0.371481269598007,0.33915701508522,0.133824318647385
4180,0.951470494270325,0.254633694887161,0.224824622273445
4181,0.613900780677795,-0.175729900598526,0.30972558259964
4182,0.670632362365723,-0.188007593154907,0.239792838692665
4183,0.925379037857056,0.326593041419983,-0.116322599351406
4184,1.27809393405914,0.293377190828323,0.213396489620209
4185,0.333055883646011,-0.346036493778229,0.104126878082752
4186,0.369853049516678,-0.196197137236595,-0.280189961194992
4187,0.387887805700302,-0.239702984690666,-0.269112765789032
4188,0.428792893886566,-0.235682442784309,-0.282975554466248
4189,0.406091094017029,-0.195758387446404,-0.247818306088448
4190,0.9902703166008,0.289432346820831,0.227277636528015
4191,0.769463539123535,-0.268062978982925,-0.242570117115974
4192,0.788540661334991,0.352426588535309,0.0815006867051125
4193,1.03915083408356,0.227042198181152,0.282314240932465
4194,0.404071688652039,-0.0536081679165363,0.278148204088211
4195,0.735582828521729,0.355516731739044,0.0735861584544182
4196,1.108882188797,-0.278320044279099,0.249235913157463
4197,0.373758554458618,-0.130572602152824,0.334705382585526
4198,1.03644037246704,-0.224754497408867,0.284677863121033
4199,0.583062767982483,-0.316765248775482,-0.101455636322498
4200,0.51736456155777,-0.286477535963058,-0.179866522550583
4201,1.10869312286377,-0.200073793530464,-0.241917923092842
4202,0.982338905334473,-0.0610442720353603,-0.343005299568176
4203,0.811764180660248,-0.237995997071266,-0.186323881149292
4204,1.10439264774323,0.365201741456985,0.0292812678962946
4205,1.678391456604,-0.089985191822052,-0.119510009884834
4206,1.65643036365509,-0.0698340088129044,-0.0781870633363724
4207,1.70252156257629,-0.188605293631554,0.0786839574575424
4208,0.784258186817169,-0.195919394493103,-0.210991024971008
4209,0.921808421611786,0.160817340016365,-0.33027708530426
4210,0.473100751638412,-0.190199166536331,-0.280038982629776
4211,0.55993914604187,-0.0399894863367081,-0.364859789609909
4212,1.46748483181,0.223294615745544,-0.186352953314781
4213,0.810759663581848,0.276228696107864,-0.214830726385117
4214,0.588851630687714,-0.215175747871399,-0.140845969319344
4215,0.670701026916504,0.248059809207916,-0.0431910380721092
4216,0.375180959701538,-0.286497473716736,-0.233474925160408
4217,0.422989189624786,0.0642264410853386,-0.293598145246506
4218,0.468564361333847,-0.258528918027878,-0.191281095147133
4219,0.418696254491806,-0.242318242788315,-0.244010180234909
4220,0.369935393333435,-0.296239048242569,-0.192231670022011
4221,0.372453033924103,-0.248770356178284,-0.207400098443031
4222,0.974377453327179,-0.308445274829865,-0.206162989139557
4223,0.867531657218933,-0.138326928019524,-0.338169604539871
4224,0.325612932443619,-0.26076140999794,-0.230950757861137
4225,1.10043108463287,-0.352024644613266,-0.0980623140931129
4226,1.03865230083466,0.294443488121033,0.216726988554001
4227,1.10994827747345,-0.362901389598846,-0.0477731265127659
4228,1.1093989610672,-0.362968444824219,0.0525368489325047
4229,1.03720200061798,-0.297150403261185,0.208064034581184
4230,1.2119277715683,-0.222649812698364,-0.141733139753342
4231,1.01560020446777,-0.272708237171173,0.235424533486366
4232,1.05768537521362,0.35762494802475,0.0320704057812691
4233,1.65042817592621,-0.242181301116943,-0.194931417703629
4234,0.998418152332306,0.309556514024734,-0.188074305653572
4235,0.777651131153107,-0.334074944257736,-0.0935838669538498
4236,0.817387044429779,0.0634251162409782,0.281859993934631
4237,1.56974685192108,-0.092785619199276,-0.244787335395813
4238,0.341045439243317,-0.310082137584686,0.00955389533191919
4239,1.1974937915802,0.174833953380585,-0.291234642267227
4240,0.76830667257309,-0.0969929248094559,0.275244832038879
4241,1.32301592826843,0.254633694887161,0.224824622273445
4242,1.37883353233337,0.254871308803558,0.225234642624855
4243,0.635554134845734,-0.08415687084198,-0.354666143655777
4244,1.46828484535217,0.172970414161682,-0.238271713256836
4245,1.3762469291687,0.256797313690186,-0.236577153205872
4246,1.25878596305847,-0.204310402274132,-0.0858895108103752
4247,1.30366551876068,-0.226603552699089,-0.137801542878151
4248,1.04187107086182,-0.23378823697567,-0.279358416795731
4249,1.04960250854492,-0.191680043935776,-0.320569396018982
4250,1.0726705789566,-0.241985991597176,0.238599970936775
4251,0.288051128387451,-0.139425501227379,-0.17886109650135
4252,1.70797145366669,-0.10404010862112,-0.0313035100698471
4253,1.64384770393372,0.0454743914306164,0.0350875817239285
4254,1.28982126712799,-0.253778547048569,-0.0452756509184837
4255,0.930176973342896,-0.271548420190811,-0.242473423480988
4256,1.71368622779846,0.128576129674911,0.0431179516017437
4257,1.68655562400818,-0.0613683126866817,-0.259081929922104
4258,1.36357092857361,-0.14538049697876,0.265472918748856
4259,1.44736909866333,-0.100449755787849,0.262238204479218
4260,1.25742137432098,-0.166137129068375,-0.297278791666031
4261,0.685237288475037,0.324420273303986,-0.0712404400110245
4262,0.750641703605652,0.328677535057068,-0.0804268568754196
4263,0.556904375553131,0.293221443891525,0.217059686779976
4264,0.126655042171478,-0.178918674588203,0.162965342402458
4265,0.266309261322021,-0.0470311976969242,-0.319697260856628
4266,0.282124310731888,-0.118620656430721,-0.296167016029358
4267,0.945135354995728,0.16865137219429,-0.270293772220612
4268,1.34219574928284,-0.272884607315063,-0.18832240998745
4269,0.0971902012825012,-0.182881757616997,-0.0677149668335915
4270,0.279679954051971,-0.127485081553459,0.229349821805954
4271,0.256241142749786,-0.056144867092371,0.261536985635757
4272,0.305196195840836,-0.0826814621686935,0.266227275133133
4273,0.245560184121132,-0.107348717749119,0.275499075651169
4274,0.899115085601807,-0.34406304359436,-0.0539334677159786
4275,0.677952289581299,-0.300246596336365,0.206115901470184
4276,1.33446300029755,0.208770617842674,0.168902099132538
4277,0.915964722633362,-0.344473630189896,-0.103092841804028
4278,0.923201084136963,0.288291484117508,0.217115327715874
4279,0.919733285903931,-0.333878397941589,-0.148066118359566
4280,1.01141703128815,-0.303009301424026,0.144715428352356
4281,0.376692742109299,0.218558713793755,0.289506793022156
4282,0.758314728736877,0.361000597476959,0.0346670784056187
4283,0.884390532970428,-0.108156315982342,-0.315754920244217
4284,1.50885951519012,0.222287133336067,-0.230113178491592
4285,0.115556187927723,-0.133153080940247,0.170789331197739
4286,0.388056695461273,0.0253810174763203,0.314644157886505
4287,0.514459609985352,0.113879062235355,-0.335984110832214
4288,0.887825012207031,0.194049835205078,-0.244610950350761
4289,0.347725600004196,-0.343999981880188,-0.0693730339407921
4290,0.980746328830719,-0.00636990461498499,-0.332184284925461
4291,0.460246324539185,-0.252961605787277,0.154409110546112
4292,0.844438791275024,0.164756923913956,-0.314944714307785
4293,1.72391927242279,0.206534251570702,0.164682015776634
4294,0.586900770664215,0.281584858894348,-0.0323039144277573
4295,0.598982572555542,0.356431156396866,-0.0313271135091782
4296,0.801411807537079,-0.31282314658165,-0.182750642299652
4297,0.0602051168680191,-0.0974501371383667,-0.089154452085495
4298,0.798485398292542,-0.0499395988881588,-0.357584476470947
4299,0.796064734458923,0.00342457159422338,-0.362873017787933
4300,0.517104268074036,-0.0786768794059753,-0.342148542404175
4301,0.87545245885849,-0.301630675792694,-0.162378147244453
4302,1.11236476898193,-0.128828555345535,-0.274964570999146
4303,1.06190514564514,-0.16308756172657,-0.271560877561569
4304,0.960681438446045,0.122399717569351,-0.321255892515182
4305,0.11940935254097,0.1330855935812,0.0696951374411583
4306,0.675540208816528,-0.133166313171387,0.337321192026138
4307,0.691638469696045,0.214749783277512,0.288902044296265
4308,0.713946759700775,-0.267577588558197,0.209048241376877
4309,0.482154220342636,-0.0907303094863892,-0.268090009689331
4310,0.685981512069702,0.294098019599915,0.222544014453888
4311,0.148457109928131,0.123397842049599,0.171717450022697
4312,0.163531243801117,0.10586579144001,0.251347988843918
4313,0.127566277980804,0.0574911013245583,0.232631981372833
4314,0.10320733487606,0.0868489891290665,0.180008247494698
4315,1.0102025270462,-0.0728021562099457,-0.296196758747101
4316,1.27282381057739,-0.086241140961647,0.351198464632034
4317,0.986316859722137,0.137831300497055,-0.240138664841652
4318,0.486965119838715,0.267024844884872,-0.160978212952614
4319,0.757150113582611,0.24028392136097,0.267902433872223
4320,1.58536112308502,0.121320180594921,-0.281719297170639
4321,0.728694558143616,-0.0864723697304726,0.348984688520432
4322,0.695075571537018,0.305519998073578,0.18310022354126
4323,0.0744295790791512,0.143142536282539,0.0838451460003853
4324,0.776723682880402,0.335212886333466,0.137939721345901
4325,1.16570889949799,-0.14041131734848,-0.21241694688797
4326,0.713939368724823,0.26964795589447,0.00940088182687759
4327,0.689352750778198,0.32560995221138,0.0431359671056271
4328,0.656532883644104,0.340381354093552,-0.00694160209968686
4329,0.260443896055222,-0.330886751413345,-0.00699222646653652
4330,0.267153471708298,-0.323254406452179,-0.0578633695840836
4331,0.491645723581314,-0.284133285284042,0.0185274332761765
4332,0.591898143291473,0.339822679758072,-0.129528641700745
4333,0.636573374271393,0.30826810002327,-0.158971816301346
4334,0.84468138217926,0.202385321259499,-0.276765167713165
4335,0.558822095394135,0.00766882160678506,-0.365095943212509
4336,0.715382754802704,-0.278196096420288,0.0205325745046139
4337,0.173082515597343,0.101985491812229,-0.194917395710945
4338,1.46716749668121,0.0558170713484287,0.30343970656395
4339,0.524205982685089,0.321074038743973,-0.0481408387422562
4340,0.589517891407013,0.305851578712463,-0.088908851146698
4341,0.481550693511963,0.351956605911255,-0.0500183925032616
4342,0.443388491868973,0.363712430000305,-0.0829804241657257
4343,0.378235876560211,0.329976439476013,-0.111151032149792
4344,1.72154629230499,-0.101835086941719,-0.154365792870522
4345,1.52924287319183,0.0832083597779274,0.301483154296875
4346,0.328570246696472,-0.354597270488739,-0.0138298431411386
4347,0.307894021272659,-0.3485207259655,0.0199305545538664
4348,0.614627420902252,-0.132253125309944,0.338017642498016
4349,1.58301067352295,-0.0538575276732445,0.304894149303436
4350,0.41618475317955,0.284198194742203,0.220439448952675
4351,0.75258332490921,0.343243032693863,-0.126853406429291
4352,0.0845848098397255,-0.128555938601494,-0.0734044089913368
4353,0.745265424251556,-0.198037415742874,-0.259127080440521
4354,0.682669579982758,0.29228076338768,-0.227429732680321
4355,0.717936635017395,0.252979040145874,-0.108063623309135
4356,0.620449781417847,0.302842825651169,0.204793959856033
4357,0.559821248054504,-0.215990990400314,-0.205692440271378
4358,1.30795335769653,0.276074320077896,0.166772663593292
4359,0.616898119449615,0.258747518062592,0.25819256901741
4360,1.29689395427704,-0.184848919510841,-0.0397855117917061
4361,0.636664211750031,-0.267668694257736,0.248622477054596
4362,0.19610321521759,0.0270582400262356,0.248703896999359
4363,0.629356145858765,0.190522760152817,0.310425221920013
4364,0.471784055233002,0.150265097618103,-0.299516528844833
4365,0.681102156639099,0.314819872379303,-0.18674324452877
4366,0.634324550628662,0.333774417638779,-0.0686707943677902
4367,0.918705523014069,-0.301800459623337,-0.0664259791374207
4368,1.21231353282928,-0.116868749260902,-0.278373390436172
4369,0.359718590974808,-0.174160078167915,-0.306257009506226
4370,0.413450241088867,-0.152378425002098,-0.312585979700089
4371,0.369419902563095,-0.177433907985687,0.319903165102005
4372,0.225602939724922,-0.190075114369392,-0.241427302360535
4373,0.495892941951752,0.246078372001648,-0.269702136516571
4374,1.34531104564667,-0.187802478671074,0.21695639193058
4375,0.261467784643173,-0.261814624071121,0.171927481889725
4376,0.29196485877037,-0.244132399559021,0.208850085735321
4377,0.568503081798553,-0.354075968265533,0.0644247159361839
4378,0.180425345897675,0.218235343694687,0.175939589738846
4379,0.139363273978233,0.206002920866013,0.145864516496658
4380,0.436811506748199,-0.27714404463768,-0.237807303667068
4381,0.507877171039581,-0.135273948311806,-0.243677243590355
4382,0.515273451805115,0.207479685544968,-0.24147929251194
4383,0.371361196041107,-0.0475095100700855,0.35174897313118
4384,0.391988962888718,-0.0189317408949137,0.370141178369522
4385,0.333085983991623,0.282618790864944,0.204706624150276
4386,0.37881600856781,0.2763532102108,0.23910416662693
4387,0.272626608610153,-0.217689409852028,-0.231083363294601
4388,1.41773104667664,-0.225048333406448,-0.213128089904785
4389,0.465862810611725,0.218823239207268,-0.281959176063538
4390,0.508077025413513,-0.349467426538467,0.0645487681031227
4391,0.29600191116333,-0.0189568251371384,0.278316259384155
4392,0.293931573629379,-0.0711211711168289,0.317350745201111
4393,0.266376316547394,-0.0303625054657459,0.3184435069561
4394,0.43881493806839,0.218493029475212,0.292190134525299
4395,0.128013461828232,0.230108618736267,-0.0800847932696342
4396,1.45688652992249,0.00176297000143677,0.31523409485817
4397,1.53009033203125,0.272107601165771,-0.145629405975342
4398,0.302049845457077,0.0446285977959633,-0.345791339874268
4399,1.1762752532959,-0.11657378077507,0.254336208105087
4400,0.146269530057907,0.233277216553688,0.10010565072298
4401,0.313212215900421,-0.285820335149765,-0.18084754049778
4402,0.435182750225067,-0.196967110037804,-0.306761205196381
4403,0.34878346323967,-0.349581122398376,0.0535680390894413
4404,0.195958644151688,0.259734690189362,-0.0879936218261719
4405,0.223737582564354,-0.23016357421875,-0.204489767551422
4406,1.67604994773865,0.242966115474701,-0.100181363523006
4407,0.190756395459175,-0.0773199424147606,0.273186326026917
4408,0.316799134016037,0.331977248191833,-0.10799315571785
4409,0.379369109869003,0.0614284127950668,-0.355503380298615
4410,0.356301307678223,0.0746067464351654,-0.363543212413788
4411,0.476166248321533,-0.262799620628357,0.100738003849983
4412,0.118486821651459,0.162127196788788,-0.154260769486427
4413,0.49466472864151,-0.131359681487083,0.33636137843132
4414,1.19428300857544,-0.179879620671272,-0.249019041657448
4415,0.507682859897614,0.296000301837921,0.231379359960556
4416,0.510823667049408,-0.228238806128502,-0.19033120572567
4417,0.302344024181366,-0.000288121198536828,0.332439363002777
4418,0.394148826599121,0.344483554363251,-0.0521628670394421
4419,0.437816590070724,0.341908544301987,-0.0247007738798857
4420,0.35458180308342,0.341071635484695,-0.0720836147665977
4421,0.341446548700333,-0.0333576761186123,0.310323059558868
4422,1.60215926170349,-0.334504008293152,-0.128583192825317
4423,0.380594342947006,-0.361654490232468,0.0149210067465901
4424,1.67135798931122,0.138922229409218,0.229887768626213
4425,0.304005056619644,0.0321384780108929,0.352674126625061
4426,1.69836318492889,-0.0843817144632339,0.0517393983900547
4427,0.106781952083111,0.186335057020187,-0.102444417774677
4428,0.223435774445534,-0.313294619321823,0.082222655415535
4429,0.346776276826859,-0.269672811031342,-0.138258412480354
4430,0.375830054283142,0.0303401686251163,0.367085009813309
4431,0.324277758598328,-0.212926149368286,-0.240810796618462
4432,0.282878547906876,-0.241205990314484,-0.179520934820175
4433,0.154829293489456,-0.0962714105844498,-0.239873796701431
4434,0.147139266133308,0.175176918506622,-0.191514492034912
4435,0.21873876452446,-0.187541604042053,-0.164753958582878
4436,0.256611377000809,-0.192433029413223,-0.131196975708008
4437,0.381824284791946,-0.364119112491608,-0.020863801240921
4438,1.60261034965515,0.344018340110779,-0.106139093637466
4439,0.265578180551529,0.313715696334839,-0.0808353871107101
4440,0.235000178217888,-0.135741546750069,-0.284049838781357
4441,0.13586038351059,-0.155392408370972,-0.194692775607109
4442,0.137549579143524,-0.174282312393188,-0.0436046980321407
4443,0.193382948637009,-0.132041618227959,0.249552190303802
4444,0.109422527253628,-0.204830333590508,-0.0263230390846729
4445,1.46978187561035,0.259015679359436,-0.132043451070786
4446,1.42560696601868,0.223568707704544,0.264758467674255
4447,0.303854882717133,0.0741705149412155,0.332517564296722
4448,0.299670726060867,0.287755817174911,0.161324605345726
4449,0.191091611981392,-0.0978915095329285,-0.274586588144302
4450,0.121825642883778,-0.169185876846313,0.00220330664888024
4451,1.25774455070496,-0.112020082771778,-0.320680558681488
4452,0.113843388855457,-0.165934503078461,0.139200776815414
4453,0.306117475032806,-0.232390597462654,-0.133200407028198
4454,0.135992988944054,-0.185513198375702,-0.158440604805946
4455,0.0956954136490822,-0.157873004674911,-0.125118389725685
4456,0.245283231139183,-0.145469322800636,-0.208575755357742
4457,0.117474675178528,0.18864668905735,0.108388692140579
4458,1.58856189250946,-0.102951109409332,-0.289702445268631
4459,0.224249199032784,-0.25019958615303,-0.156354174017906
4460,0.140857383608818,-0.134355187416077,-0.223427891731262
4461,0.191400498151779,-0.0304197426885366,0.290371984243393
4462,0.138318404555321,0.240698039531708,0.0333373844623566
4463,1.21806240081787,0.130267262458801,-0.250902742147446
4464,0.314457982778549,-0.313558101654053,0.116137892007828
4465,0.378323435783386,0.295405119657516,0.215428307652473
4466,0.341264575719833,0.0487597398459911,0.363661468029022
4467,1.58433520793915,0.299437761306763,-0.0802338197827339
4468,1.5422420501709,0.356756806373596,-0.0526575930416584
4469,0.244204938411713,0.00860948022454977,0.309988737106323
4470,0.272534281015396,-0.130313545465469,0.317062050104141
4471,0.152187019586563,0.0126733519136906,0.260635316371918
4472,0.222962379455566,-0.292748928070068,-0.0723524689674377
4473,1.72139990329742,0.159715682268143,0.153828978538513
4474,1.21460258960724,-0.148407816886902,0.292520791292191
4475,1.19897353649139,-0.19806033372879,0.274862408638
4476,1.1389627456665,-0.165981605648994,0.248019099235535
4477,0.18280117213726,-0.21674807369709,-0.135283187031746
4478,0.149478942155838,-0.243829116225243,-0.107957124710083
4479,0.095638632774353,0.179640084505081,-0.0439497232437134
4480,0.238554731011391,-0.0116764716804028,0.265959322452545
4481,1.71338069438934,0.114157952368259,0.120570726692677
4482,0.178211331367493,-0.149135157465935,-0.240831211209297
4483,1.71694719791412,0.162948593497276,0.209248691797256
4484,0.283556044101715,0.054207120090723,0.301919847726822
4485,1.70483410358429,-0.0399229004979134,-0.105074726045132
4486,0.388913065195084,-0.149908766150475,-0.248640388250351
4487,0.957445561885834,-0.297205924987793,-0.155008062720299
4488,1.7177494764328,0.100583054125309,0.205028161406517
4489,1.71808469295502,0.0799606367945671,-0.156419038772583
4490,0.960508108139038,-0.265779048204422,-0.0772191509604454
