561 361 -70 0.25 0 1
0.00000000000000000e+00 -9.83477360305028636e-01 7.37867366733322011e-02 -1.65311219397091036e-01
1.00000000000000000e+00 -9.83834329319597245e-01 6.95430716340833116e-02 -1.65026584646095598e-01
2.00000000000000000e+00 -9.84171157630556626e-01 6.52983546195073927e-02 -1.64752108854833990e-01
3.00000000000000000e+00 -9.84487760881959550e-01 6.10539498568144767e-02 -1.64487883689065251e-01
4.00000000000000000e+00 -9.84784077146739323e-01 5.68112224153908552e-02 -1.64233998934185527e-01
5.00000000000000000e+00 -9.85060066909151821e-01 5.25715375989456030e-02 -1.63990542457239818e-01
6.00000000000000000e+00 -9.85315713019329298e-01 4.83362603371887967e-02 -1.63757600171185708e-01
7.00000000000000000e+00 -9.85551020620023421e-01 4.41067545777335465e-02 -1.63535256001418716e-01
8.00000000000000000e+00 -9.85766017045651699e-01 3.98843826789119019e-02 -1.63323591854558525e-01
9.00000000000000000e+00 -9.85960751693797599e-01 3.56705048041915523e-02 -1.63122687589482118e-01
1.00000000000000000e+01 -9.86135295869358663e-01 3.14664783188752933e-02 -1.62932620990581006e-01
1.10000000000000000e+01 -9.86289742601562769e-01 2.72736571897587397e-02 -1.62753467743205454e-01
1.20000000000000000e+01 -9.86424206434125539e-01 2.30933913884145657e-02 -1.62585301411250938e-01
1.30000000000000000e+01 -9.86538823188845226e-01 1.89270262987620320e-02 -1.62428193416828653e-01
1.40000000000000000e+01 -9.86633749702975904e-01 1.47759021295700097e-02 -1.62282213021954141e-01
1.50000000000000000e+01 -9.86709163540754441e-01 1.06413533325299837e-02 -1.62147427312174991e-01
1.60000000000000000e+01 -9.86765262679487165e-01 6.52470802652207246e-03 -1.62023901182051705e-01
1.70000000000000000e+01 -9.86802265170646731e-01 2.42728742868259960e-03 -1.61911697322395493e-01
1.80000000000000000e+01 -9.86820408776453717e-01 -1.64959470713439867e-03 -1.61810876209156546e-01
1.90000000000000000e+01 -9.86819950582457750e-01 -5.70463264392629277e-03 -1.61721496093850642e-01
2.00000000000000000e+01 -9.86801166586664391e-01 -9.73652920658497900e-03 -1.61643612995402114e-01
2.10000000000000000e+01 -9.86764351265782769e-01 -1.37439963178764262e-02 -1.61577280693273484e-01
2.20000000000000000e+01 -9.86709817119204580e-01 -1.77257555248403788e-02 -1.61522550721747676e-01
2.30000000000000000e+01 -9.86637894191351617e-01 -2.16805385151160185e-02 -1.61479472365219701e-01
2.40000000000000000e+01 -9.86548929573061839e-01 -2.56070876227214098e-02 -1.61448092654351144e-01
2.50000000000000000e+01 -9.86443286882706771e-01 -2.95041563228395955e-02 -1.61428456362933681e-01
2.60000000000000000e+01 -9.86321345727764309e-01 -3.33705097151884983e-02 -1.61420606005306222e-01
2.70000000000000000e+01 -9.86183501147600228e-01 -3.72049249955777248e-02 -1.61424581834164194e-01
2.80000000000000000e+01 -9.86030163038222107e-01 -4.10061919152822085e-02 -1.61440421838596609e-01
2.90000000000000000e+01 -9.85861755559815589e-01 -4.47731132278895022e-02 -1.61468161742186561e-01
3.00000000000000000e+01 -9.85678716527870979e-01 -4.85045051233063268e-02 -1.61507835001005046e-01
3.10000000000000000e+01 -9.85481496788749523e-01 -5.21991976486383888e-02 -1.61559472801331011e-01
3.20000000000000000e+01 -9.85270559580544103e-01 -5.58560351156862991e-02 -1.61623104056927619e-01
3.30000000000000000e+01 -9.85046379880116785e-01 -5.94738764948311849e-02 -1.61698755405706079e-01
3.40000000000000000e+01 -9.84809443737205803e-01 -6.30515957951130052e-02 -1.61786451205609000e-01
3.50000000000000000e+01 -9.84560247596517946e-01 -6.65880824303349966e-02 -1.61886213529548018e-01
3.60000000000000000e+01 -9.84299297608725143e-01 -7.00822415710595226e-02 -1.61998062159231043e-01
3.70000000000000000e+01 -9.84027108931311179e-01 -7.35329944823892578e-02 -1.62122014577720019e-01
3.80000000000000000e+01 -9.83744205020211315e-01 -7.69392788474619199e-02 -1.62258085960561377e-01
3.90000000000000000e+01 -9.83451116913208856e-01 -8.03000490766141578e-02 -1.62406289165338169e-01
4.00000000000000000e+01 -9.83148382506052854e-01 -8.36142766022039408e-02 -1.62566634719496228e-01
4.10000000000000000e+01 -9.82836545822274199e-01 -8.68809501591095851e-02 -1.62739130806303589e-01
4.20000000000000000e+01 -9.82516156277676411e-01 -9.00990760509551708e-02 -1.62923783248807963e-01
4.30000000000000000e+01 -9.82187767940488565e-01 -9.32676784021417571e-02 -1.63120595491665299e-01
4.40000000000000000e+01 -9.81851938788160794e-01 -9.63857993957935727e-02 -1.63329568580718121e-01
4.50000000000000000e+01 -9.81509229961793905e-01 -9.94524994977562665e-02 -1.63550701140212335e-01
4.60000000000000000e+01 -9.81160205019185772e-01 -1.02466857666815778e-01 -1.63783989347549452e-01
4.70000000000000000e+01 -9.80805429187477595e-01 -1.05427971551330796e-01 -1.64029426905478448e-01
4.80000000000000000e+01 -9.80445468616384264e-01 -1.08334957672501217e-01 -1.64287005011644976e-01
4.90000000000000000e+01 -9.80080889632976571e-01 -1.11186951594519259e-01 -1.64556712325421073e-01
5.00000000000000000e+01 -9.79712257998991198e-01 -1.13983108081877949e-01 -1.64838534931953745e-01
5.10000000000000000e+01 -9.79340138171624353e-01 -1.16722601244132598e-01 -1.65132456303377695e-01
5.20000000000000000e+01 -9.78965092568761186e-01 -1.19404624668436571e-01 -1.65438457257151533e-01
5.30000000000000000e+01 -9.78587680839585361e-01 -1.22028391540193071e-01 -1.65756515911487184e-01
5.40000000000000000e+01 -9.78208459141492237e-01 -1.24593134752187473e-01 -1.66086607637854211e-01
5.50000000000000000e+01 -9.77827979424228833e-01 -1.27098107002581340e-01 -1.66428705010553873e-01
5.60000000000000000e+01 -9.77446788722157067e-01 -1.29542580882169966e-01 -1.66782777753368278e-01
5.70000000000000000e+01 -9.77065428455529128e-01 -1.31925848951321534e-01 -1.67148792683304764e-01
5.80000000000000000e+01 -9.76684433741648483e-01 -1.34247223807029831e-01 -1.67526713651467540e-01
5.90000000000000000e+01 -9.76304332716763312e-01 -1.36506038140528640e-01 -1.67916501481100211e-01
6.00000000000000000e+01 -9.75925645869532010e-01 -1.38701644785926392e-01 -1.68318113902858446e-01
6.10000000000000000e+01 -9.75548885386873899e-01 -1.40833416760331814e-01 -1.68731505487382805e-01
6.20000000000000000e+01 -9.75174554512998837e-01 -1.42900747295948483e-01 -1.69156627575255708e-01
6.30000000000000000e+01 -9.74803146922390229e-01 -1.44903049864627265e-01 -1.69593428204439567e-01
6.40000000000000000e+01 -9.74435146107491934e-01 -1.46839758195367293e-01 -1.70041852035306307e-01
6.50000000000000000e+01 -9.74071024781828387e-01 -1.48710326285263345e-01 -1.70501840273379807e-01
6.60000000000000000e+01 -9.73711244299261036e-01 -1.50514228404400069e-01 -1.70973330589928474e-01
6.70000000000000000e+01 -9.73356254090062323e-01 -1.52250959095191263e-01 -1.71456257040554089e-01
6.80000000000000000e+01 -9.73006491114463912e-01 -1.53920033166666470e-01 -1.71950549981938539e-01
6.90000000000000000e+01 -9.72662379334307103e-01 -1.55520985684200780e-01 -1.72456135986920472e-01
7.00000000000000000e+01 -9.72324329203401727e-01 -1.57053371955180793e-01 -1.72972937758085449e-01
7.10000000000000000e+01 -9.71992737177169608e-01 -1.58516767511095891e-01 -1.73500874040066699e-01
7.20000000000000000e+01 -9.71667985242123833e-01 -1.59910768086532401e-01 -1.74039859530761232e-01
7.30000000000000000e+01 -9.71350440465709064e-01 -1.61234989595545108e-01 -1.74589804791681485e-01
7.40000000000000000e+01 -9.71040454566995392e-01 -1.62489068105863499e-01 -1.75150616157668165e-01
7.50000000000000000e+01 -9.70738363508697799e-01 -1.63672659811384569e-01 -1.75722195646203200e-01
7.60000000000000000e+01 -9.70444487110955767e-01 -1.64785441003384853e-01 -1.76304440866569989e-01
7.70000000000000000e+01 -9.70159128687293371e-01 -1.65827108040874277e-01 -1.76897244929117181e-01
7.80000000000000000e+01 -9.69882574703129885e-01 -1.66797377320494072e-01 -1.77500496354889764e-01
7.90000000000000000e+01 -9.69615094457208615e-01 -1.67695985246346407e-01 -1.78114078985900759e-01
8.00000000000000000e+01 -9.69356939786257477e-01 -1.68522688200122644e-01 -1.78737871896322176e-01
8.10000000000000000e+01 -9.69108344793187304e-01 -1.69277262511878496e-01 -1.79371749304881867e-01
8.20000000000000000e+01 -9.68869525599086567e-01 -1.69959504431780983e-01 -1.80015580488757682e-01
8.30000000000000000e+01 -9.68640680119257635e-01 -1.70569230103133046e-01 -1.80669229699266770e-01
8.40000000000000000e+01 -9.68421987863499423e-01 -1.71106275536954844e-01 -1.81332556079651319e-01
8.50000000000000000e+01 -9.68213609760817717e-01 -1.71570496588379307e-01 -1.82005413585266229e-01
8.60000000000000000e+01 -9.68015688008715403e-01 -1.71961768935093462e-01 -1.82687650906477983e-01
8.70000000000000000e+01 -9.67828345947181590e-01 -1.72279988058030631e-01 -1.83379111394584904e-01
8.80000000000000000e+01 -9.67651687957477469e-01 -1.72525069224494454e-01 -1.84079632991072523e-01
8.90000000000000000e+01 -9.67485799385778944e-01 -1.72696947473864826e-01 -1.84789048160515668e-01
9.00000000000000000e+01 -9.67330746491713467e-01 -1.72795577606013245e-01 -1.85507183827442329e-01
9.10000000000000000e+01 -9.67186576421799615e-01 -1.72820934172523089e-01 -1.86233861317470550e-01
9.20000000000000000e+01 -9.67053317207765550e-01 -1.72773011470783971e-01 -1.86968896303029652e-01
9.30000000000000000e+01 -9.66930977789700163e-01 -1.72651823541001337e-01 -1.87712098753973877e-01
9.40000000000000000e+01 -9.66819548063954870e-01 -1.72457404166132616e-01 -1.88463272893392819e-01
9.50000000000000000e+01 -9.66718998955696796e-01 -1.72189806874733981e-01 -1.89222217158920430e-01
9.60000000000000000e+01 -9.66629282515973243e-01 -1.71849104946672576e-01 -1.89988724169836642e-01
9.70000000000000000e+01 -9.66550332043133453e-01 -1.71435391421631195e-01 -1.90762580700252787e-01
9.80000000000000000e+01 -9.66482062228414263e-01 -1.70948779110303373e-01 -1.91543567658662123e-01
9.90000000000000000e+01 -9.66424369325477706e-01 -1.70389400608151109e-01 -1.92331460074131849e-01
1.00000000000000000e+02 -9.66377131343660545e-01 -1.69757408311568020e-01 -1.93126027089403185e-01
1.01000000000000000e+02 -9.66340208264660938e-01 -1.69052974436265407e-01 -1.93927031961155905e-01
1.02000000000000000e+02 -9.66313442282375368e-01 -1.68276291037671444e-01 -1.94734232067685864e-01
1.03000000000000000e+02 -9.66296658065560643e-01 -1.67427570033110235e-01 -1.95547378924231352e-01
1.04000000000000000e+02 -9.66289663042975810e-01 -1.66507043225500057e-01 -1.96366218206172338e-01
1.05000000000000000e+02 -9.66292247710631824e-01 -1.65514962328288162e-01 -1.97190489780315004e-01
1.06000000000000000e+02 -9.66304185960755069e-01 -1.64451598991317283e-01 -1.98019927744460450e-01
1.07000000000000000e+02 -9.66325235432039742e-01 -1.63317244827294455e-01 -1.98854260475441441e-01
1.08000000000000000e+02 -9.66355137880744230e-01 -1.62112211438514425e-01 -1.99693210685796985e-01
1.09000000000000000e+02 -9.66393619572166074e-01 -1.60836830443470413e-01 -2.00536495489240352e-01
1.10000000000000000e+02 -9.66440391691994916e-01 -1.59491453502963232e-01 -2.01383826475055816e-01
1.11000000000000000e+02 -9.66495150777036072e-01 -1.58076452345308177e-01 -2.02234909791549011e-01
1.12000000000000000e+02 -9.66557579164756597e-01 -1.56592218790217647e-01 -2.03089446238650884e-01
1.13000000000000000e+02 -9.66627345461102294e-01 -1.55039164770927357e-01 -2.03947131369764584e-01
1.14000000000000000e+02 -9.66704105025995242e-01 -1.53417722354118435e-01 -2.04807655602919608e-01
1.15000000000000000e+02 -9.66787500475913331e-01 -1.51728343757177503e-01 -2.05670704341283872e-01
1.16000000000000000e+02 -9.66877162202924523e-01 -1.49971501362326315e-01 -2.06535958103060996e-01
1.17000000000000000e+02 -9.66972708909534351e-01 -1.48147687727144761e-01 -2.07403092660782218e-01
1.18000000000000000e+02 -9.67073748158681079e-01 -1.46257415591002887e-01 -2.08271779189981660e-01
1.19000000000000000e+02 -9.67179876938195737e-01 -1.44301217876914245e-01 -2.09141684427222752e-01
1.20000000000000000e+02 -9.67290682239030364e-01 -1.42279647688317024e-01 -2.10012470837423665e-01
1.21000000000000000e+02 -9.67405741646533590e-01 -1.40193278300290464e-01 -2.10883796790406863e-01
1.22000000000000000e+02 -9.67524623944040707e-01 -1.38042703144709678e-01 -2.11755316746578964e-01
1.23000000000000000e+02 -9.67646889728028481e-01 -1.35828535788847599e-01 -2.12626681451623556e-01
1.24000000000000000e+02 -9.67772092034069775e-01 -1.33551409906932650e-01 -2.13497538140069609e-01
1.25000000000000000e+02 -9.67899776972808712e-01 -1.31211979244176380e-01 -2.14367530747576446e-01
1.26000000000000000e+02 -9.68029484375165450e-01 -1.28810917572792422e-01 -2.15236300131754293e-01
1.27000000000000000e+02 -9.68160748445964447e-01 -1.26348918639534097e-01 -2.16103484301319371e-01
1.28000000000000000e+02 -9.68293098425169640e-01 -1.23826696104289050e-01 -2.16968718653359594e-01
1.29000000000000000e+02 -9.68426059255903415e-01 -1.21244983469279366e-01 -2.17831636218468988e-01
1.30000000000000000e+02 -9.68559152258408385e-01 -1.18604533998428893e-01 -2.18691867913484439e-01
1.31000000000000000e+02 -9.68691895809110415e-01 -1.15906120626472042e-01 -2.19549042801542305e-01
1.32000000000000000e+02 -9.68823806023931255e-01 -1.13150535857395693e-01 -2.20402788359150281e-01
1.33000000000000000e+02 -9.68954397444989568e-01 -1.10338591651821208e-01 -2.21252730749949417e-01
1.34000000000000000e+02 -9.69083183729829156e-01 -1.07471119302951917e-01 -2.22098495104827071e-01
1.35000000000000000e+02 -9.69209678342302539e-01 -1.04548969300731737e-01 -2.22939705808016697e-01
1.36000000000000000e+02 -9.69333395244244223e-01 -1.01573011183880124e-01 -2.23775986788809222e-01
1.37000000000000000e+02 -9.69453849587053496e-01 -9.85441333794917357e-02 -2.24606961818479250e-01
1.38000000000000000e+02 -9.69570558402318095e-01 -9.54632430299101054e-02 -2.25432254812014871e-01
1.39000000000000000e+02 -9.69683041290602121e-01 -9.23312658066112596e-02 -2.26251490134225741e-01
1.40000000000000000e+02 -9.69790821107523016e-01 -8.91491457108563867e-02 -2.27064292909785581e-01
1.41000000000000000e+02 -9.69893424646255164e-01 -8.59178448608982070e-02 -2.27870289336757098e-01
1.42000000000000000e+02 -9.69990383315585181e-01 -8.26383432655544703e-02 -2.28669107003128980e-01
1.43000000000000000e+02 -9.70081233812662092e-01 -7.93116385839862520e-02 -2.29460375205886830e-01
1.44000000000000000e+02 -9.70165518789587122e-01 -7.59387458715511943e-02 -2.30243725272127303e-01
1.45000000000000000e+02 -9.70242787512994531e-01 -7.25206973116244991e-02 -2.31018790881715397e-01
1.46000000000000000e+02 -9.70312596515780723e-01 -6.90585419333167722e-02 -2.31785208390975245e-01
1.47000000000000000e+02 -9.70374510240158084e-01 -6.55533453150396600e-02 -2.32542617156899667e-01
1.48000000000000000e+02 -9.70428101671206966e-01 -6.20061892739075804e-02 -2.33290659861354138e-01
1.49000000000000000e+02 -9.70472952960122925e-01 -5.84181715409885990e-02 -2.34028982834747823e-01
1.50000000000000000e+02 -9.70508656036362938e-01 -5.47904054224491038e-02 -2.34757236378639267e-01
1.51000000000000000e+02 -9.70534813207908242e-01 -5.11240194466701589e-02 -2.35475075086742175e-01
1.52000000000000000e+02 -9.70551037748881518e-01 -4.74201569974385950e-02 -2.36182158163793621e-01
1.53000000000000000e+02 -9.70556954473763667e-01 -4.36799759333522941e-02 -2.36878149741748478e-01
1.54000000000000000e+02 -9.70552200297482681e-01 -3.99046481936025932e-02 -2.37562719192763422e-01
1.55000000000000000e+02 -9.70536424780655937e-01 -3.60953593903339046e-02 -2.38235541438435949e-01
1.56000000000000000e+02 -9.70509290659292367e-01 -3.22533083878030549e-02 -2.38896297254767576e-01
1.57000000000000000e+02 -9.70470474358277935e-01 -2.83797068685957971e-02 -2.39544673572325145e-01
1.58000000000000000e+02 -9.70419666487988164e-01 -2.44757788871839202e-02 -2.40180363771078598e-01
1.59000000000000000e+02 -9.70356572323398003e-01 -2.05427604111336100e-02 -2.40803067969402651e-01
1.60000000000000000e+02 -9.70280912265073514e-01 -1.65818988503074853e-02 -2.41412493306735920e-01
1.61000000000000000e+02 -9.70192422281460187e-01 -1.25944525744237420e-02 -2.42008354219401450e-01
1.62000000000000000e+02 -9.70090854331904451e-01 -8.58169041936866252e-03 -2.42590372709103969e-01
1.63000000000000000e+02 -9.69975976769867021e-01 -4.54489118267691408e-03 -2.43158278603628764e-01
1.64000000000000000e+02 -9.69847574725817840e-01 -4.85343108626777933e-04 -2.43711809809282365e-01
1.65000000000000000e+02 -9.69705450469320995e-01 3.59565663658782024e-03 -2.44250712554626936e-01
1.66000000000000000e+02 -9.69549423749849981e-01 7.69680249911560387e-03 -2.44774741625077424e-01
1.67000000000000000e+02 -9.69379332115901216e-01 1.18167810806275673e-02 -2.45283660587944596e-01
1.68000000000000000e+02 -9.69195031211994684e-01 1.59542716898874032e-02 -2.45777242007525543e-01
1.69000000000000000e+02 -9.68996395053188686e-01 2.01079469021593869e-02 -2.46255267649860526e-01
1.70000000000000000e+02 -9.68783316276752959e-01 2.42764731258877445e-02 -2.46717528676794556e-01
1.71000000000000000e+02 -9.68555706370683556e-01 2.84585111760580767e-02 -2.47163825829000372e-01
1.72000000000000000e+02 -9.68313495878766362e-01 3.26527168536418638e-02 -2.47593969597642488e-01
1.73000000000000000e+02 -9.68056634581925257e-01 3.68577415305041955e-02 -2.48007780384381316e-01
1.74000000000000000e+02 -9.67785091655624763e-01 4.10722327391475142e-02 -2.48405088649438555e-01
1.75000000000000000e+02 -9.67498855803123115e-01 4.52948347666471615e-02 -2.48785735047469925e-01
1.76000000000000000e+02 -9.67197935364404238e-01 4.95241892521264340e-02 -2.49149570551010918e-01
1.77000000000000000e+02 -9.66882358400647401e-01 5.37589357871107870e-02 -2.49496456561289548e-01
1.78000000000000000e+02 -9.66552172754120531e-01 5.79977125180880584e-02 -2.49826265006219961e-01
1.79000000000000000e+02 -9.66207446083420907e-01 6.22391567506022092e-02 -2.50138878425420319e-01
1.80000000000000000e+02 -9.65848265874009626e-01 6.64819055541951975e-02 -2.50434190042117921e-01
1.81000000000000000e+02 -9.65474739424020734e-01 7.07245963675158518e-02 -2.50712103821836674e-01
1.82000000000000000e+02 -9.65086993805359006e-01 7.49658676029048565e-02 -2.50972534517781287e-01
1.83000000000000000e+02 -9.64685175800124473e-01 7.92043592497716498e-02 -2.51215407702863602e-01
1.84000000000000000e+02 -9.64269451812439393e-01 8.34387134760729843e-02 -2.51440659788339183e-01
1.85000000000000000e+02 -9.63840007755776718e-01 8.76675752272099568e-02 -2.51648238029050009e-01
1.86000000000000000e+02 -9.63397048915926812e-01 9.18895928216631186e-02 -2.51838100515295871e-01
1.87000000000000000e+02 -9.62940799789760660e-01 9.61034185426870996e-02 -2.52010216151380195e-01
1.88000000000000000e+02 -9.62471503899986369e-01 1.00307709225398611e-01 -2.52164564620906584e-01
1.89000000000000000e+02 -9.61989423586118275e-01 1.04501126838593583e-01 -2.52301136338923149e-01
1.90000000000000000e+02 -9.61494839771909304e-01 1.08682339060644340e-01 -2.52419932391041046e-01
1.91000000000000000e+02 -9.60988051709526947e-01 1.12850019848832944e-01 -2.52520964459676978e-01
1.92000000000000000e+02 -9.60469376700783695e-01 1.17002850001495878e-01 -2.52604254737594625e-01
1.93000000000000000e+02 -9.59939149795751789e-01 1.21139517712360839e-01 -2.52669835828944422e-01
1.94000000000000000e+02 -9.59397723469133434e-01 1.25258719116480149e-01 -2.52717750638025263e-01
1.95000000000000000e+02 -9.58845467274770158e-01 1.29359158827173665e-01 -2.52748052246013877e-01
1.96000000000000000e+02 -9.58282767478715214e-01 1.33439550463417628e-01 -2.52760803775933185e-01
1.97000000000000000e+02 -9.57710026671305781e-01 1.37498617167132131e-01 -2.52756078246148985e-01
1.98000000000000000e+02 -9.57127663358708913e-01 1.41535092109839250e-01 -2.52733958412709347e-01
1.99000000000000000e+02 -9.56536111534432298e-01 1.45547718988189329e-01 -2.52694536600860165e-01
2.00000000000000000e+02 -9.55935820231314848e-01 1.49535252507867950e-01 -2.52637914526088969e-01
2.01000000000000000e+02 -9.55327253054545245e-01 1.53496458855430423e-01 -2.52564203105072382e-01
2.02000000000000000e+02 -9.54710887696262334e-01 1.57430116157622563e-01 -2.52473522256913274e-01
2.03000000000000000e+02 -9.54087215432332769e-01 1.61335014927784876e-01 -2.52366000695080028e-01
2.04000000000000000e+02 -9.53456740601902775e-01 1.65209958498953147e-01 -2.52241775710467520e-01
2.05000000000000000e+02 -9.52819980070362282e-01 1.69053763443302835e-01 -2.52100992946022007e-01
2.06000000000000000e+02 -9.52177462676355280e-01 1.72865259977610985e-01 -2.51943806163380024e-01
2.07000000000000000e+02 -9.51529728663514152e-01 1.76643292354436210e-01 -2.51770377001990231e-01
2.08000000000000000e+02 -9.50877329097590374e-01 1.80386719238751325e-01 -2.51580874731193782e-01
2.09000000000000000e+02 -9.50220825269689651e-01 1.84094414069788992e-01 -2.51375475995752828e-01
2.10000000000000000e+02 -9.49560788086319940e-01 1.87765265407896259e-01 -2.51154364555325804e-01
2.11000000000000000e+02 -9.48897797446989766e-01 1.91398177266220687e-01 -2.50917731018395707e-01
2.12000000000000000e+02 -9.48232441610095234e-01 1.94992069427087023e-01 -2.50665772571165846e-01
2.13000000000000000e+02 -9.47565316547856473e-01 1.98545877742951543e-01 -2.50398692701941816e-01
2.14000000000000000e+02 -9.46897025291072114e-01 2.02058554421856079e-01 -2.50116700921527046e-01
2.15000000000000000e+02 -9.46228177264470838e-01 2.05529068297336359e-01 -2.49820012480157477e-01
2.16000000000000000e+02 -9.45559387613450819e-01 2.08956405082769636e-01 -2.49508848081508944e-01
2.17000000000000000e+02 -9.44891276523004420e-01 2.12339567610181884e-01 -2.49183433594306891e-01
2.18000000000000000e+02 -9.44224468529635486e-01 2.15677576053564996e-01 -2.48843999762072415e-01
2.19000000000000000e+02 -9.43559591827080046e-01 2.18969468136788886e-01 -2.48490781911534092e-01
2.20000000000000000e+02 -9.42897277566651537e-01 2.22214299326223413e-01 -2.48124019660234507e-01
2.21000000000000000e+02 -9.42238159153027333e-01 2.25411143008218184e-01 -2.47743956623855704e-01
2.22000000000000000e+02 -9.41582871536310151e-01 2.28559090651619057e-01 -2.47350840123784055e-01
2.23000000000000000e+02 -9.40932050501184558e-01 2.31657251955529109e-01 -2.46944920895426828e-01
2.24000000000000000e+02 -9.40286331954004462e-01 2.34704754982557523e-01 -2.46526452797790840e-01
2.25000000000000000e+02 -9.39646351208633490e-01 2.37700746277819258e-01 -2.46095692524816334e-01
2.26000000000000000e+02 -9.39012742271874701e-01 2.40644390973988764e-01 -2.45652899318960949e-01
2.27000000000000000e+02 -9.38386137129308517e-01 2.43534872882728348e-01 -2.45198334687509484e-01
2.28000000000000000e+02 -9.37767165032366679e-01 2.46371394572845404e-01 -2.44732262122078215e-01
2.29000000000000000e+02 -9.37156451787459654e-01 2.49153177435554873e-01 -2.44254946821769903e-01
2.30000000000000000e+02 -9.36554619047973769e-01 2.51879461737249233e-01 -2.43766655420421308e-01
2.31000000000000000e+02 -9.35962283609941381e-01 2.54549506660201152e-01 -2.43267655718371056e-01
2.32000000000000000e+02 -9.35380056712192487e-01 2.57162590331646679e-01 -2.42758216419162953e-01
2.33000000000000000e+02 -9.34808543341776321e-01 2.59718009841716446e-01 -2.42238606871580692e-01
2.34000000000000000e+02 -9.34248341545439898e-01 2.62215081250704640e-01 -2.41709096817396468e-01
2.35000000000000000e+02 -9.33700041747938747e-01 2.64653139586178643e-01 -2.41169956145197012e-01
2.36000000000000000e+02 -9.33164226077946135e-01 2.67031538830454829e-01 -2.40621454650633781e-01
2.37000000000000000e+02 -9.32641467702314153e-01 2.69349651898974640e-01 -2.40063861803425871e-01
2.38000000000000000e+02 -9.32132330169427870e-01 2.71606870610135109e-01 -2.39497446521422769e-01
2.39000000000000000e+02 -9.31637366762385843e-01 2.73802605647133213e-01 -2.38922476952019014e-01
2.40000000000000000e+02 -9.31157119862719873e-01 2.75936286512398654e-01 -2.38339220261188978e-01
2.41000000000000000e+02 -9.30692120325360417e-01 2.78007361475195447e-01 -2.37747942430391990e-01
2.42000000000000000e+02 -9.30242886865532359e-01 2.80015297512979877e-01 -2.37148908061576014e-01
2.43000000000000000e+02 -9.29809925458258468e-01 2.81959580247108710e-01 -2.36542380190489093e-01
2.44000000000000000e+02 -9.29393728751125248e-01 2.83839713873492161e-01 -2.35928620108484699e-01
2.45000000000000000e+02 -9.28994775490953550e-01 2.85655221088789935e-01 -2.35307887192986759e-01
2.46000000000000000e+02 -9.28613529964999684e-01 2.87405643012747736e-01 -2.34680438746759701e-01
2.47000000000000000e+02 -9.28250441457295961e-01 2.89090539107268507e-01 -2.34046529846105217e-01
2.48000000000000000e+02 -9.27905943720718773e-01 2.90709487092811414e-01 -2.33406413198088636e-01
2.49000000000000000e+02 -9.27580454465358195e-01 2.92262082862701722e-01 -2.32760339006873929e-01
2.50000000000000000e+02 -9.27274374863745754e-01 2.93747940395933216e-01 -2.32108554849227683e-01
2.51000000000000000e+02 -9.26988089073472632e-01 2.95166691669029813e-01 -2.31451305559228465e-01
2.52000000000000000e+02 -9.26721963777719537e-01 2.96517986567527814e-01 -2.30788833122199444e-01
2.53000000000000000e+02 -9.26476347744192519e-01 2.97801492797622858e-01 -2.30121376577860415e-01
2.54000000000000000e+02 -9.26251571402947005e-01 2.99016895798516980e-01 -2.29449171932674334e-01
2.55000000000000000e+02 -9.26047946443557923e-01 3.00163898655980033e-01 -2.28772452081345806e-01
2.56000000000000000e+02 -9.25865765432073440e-01 3.01242222017628847e-01 -2.28091446737405223e-01
2.57000000000000000e+02 -9.25705301448174644e-01 3.02251604010402797e-01 -2.27406382372797811e-01
2.58000000000000000e+02 -9.25566807742938424e-01 3.03191800160700464e-01 -2.26717482166374718e-01
2.59000000000000000e+02 -9.25450517417582885e-01 3.04062583317616042e-01 -2.26024965961165308e-01
2.60000000000000000e+02 -9.25356643123551592e-01 3.04863743579694202e-01 -2.25329050230293870e-01
2.61000000000000000e+02 -9.25285376784276248e-01 3.05595088225599332e-01 -2.24629948051384948e-01
2.62000000000000000e+02 -9.25236889338932444e-01 3.06256441649065569e-01 -2.23927869089285803e-01
2.63000000000000000e+02 -9.25211330508484142e-01 3.06847645298475302e-01 -2.23223019586918314e-01
2.64000000000000000e+02 -9.25208828584290099e-01 3.07368557621378158e-01 -2.22515602364057513e-01
2.65000000000000000e+02 -9.25229490239526609e-01 3.07819054014243865e-01 -2.21805816823819224e-01
2.66000000000000000e+02 -9.25273400363655241e-01 3.08199026777705720e-01 -2.21093858966625256e-01
2.67000000000000000e+02 -9.25340621920145212e-01 3.08508385077526093e-01 -2.20379921411401725e-01
2.68000000000000000e+02 -9.25431195827640107e-01 3.08747054911485241e-01 -2.19664193423753901e-01
2.69000000000000000e+02 -9.25545140864730387e-01 3.08914979082361818e-01 -2.18946860950848921e-01
2.70000000000000000e+02 -9.25682453598478894e-01 3.09012117177144885e-01 -2.18228106662726462e-01
2.71000000000000000e+02 -9.25843108336817489e-01 3.09038445552582974e-01 -2.17508109999749427e-01
2.72000000000000000e+02 -9.26027057104914286e-01 3.08993957327145463e-01 -2.16787047225894619e-01
2.73000000000000000e+02 -9.26234229645586327e-01 3.08878662379439894e-01 -2.16065091487577909e-01
2.74000000000000000e+02 -9.26464533443812965e-01 3.08692587353095238e-01 -2.15342412877699035e-01
2.75000000000000000e+02 -9.26717853775377520e-01 3.08435775668087997e-01 -2.14619178504584868e-01
2.76000000000000000e+02 -9.26994053779642835e-01 3.08108287538459702e-01 -2.13895552565504576e-01
2.77000000000000000e+02 -9.27292974556448657e-01 3.07710199996337752e-01 -2.13171696424425405e-01
2.78000000000000000e+02 -9.27614435287085537e-01 3.07241606922143362e-01 -2.12447768693673128e-01
2.79000000000000000e+02 -9.27958233379285180e-01 3.06702619080834737e-01 -2.11723925319157485e-01
2.80000000000000000e+02 -9.28324144636136106e-01 3.06093364164009285e-01 -2.11000319668822489e-01
2.81000000000000000e+02 -9.28711923448814702e-01 3.05413986837649587e-01 -2.10277102623978057e-01
2.82000000000000000e+02 -9.29121303012995003e-01 3.04664648795276216e-01 -2.09554422673169649e-01
2.83000000000000000e+02 -9.29551995568775991e-01 3.03845528816235666e-01 -2.08832426008242672e-01
2.84000000000000000e+02 -9.30003692663942116e-01 3.02956822828825023e-01 -2.08111256622259877e-01
2.85000000000000000e+02 -9.30476065440342781e-01 3.01998743977929252e-01 -2.07391056408929880e-01
2.86000000000000000e+02 -9.30968764943163940e-01 3.00971522696818483e-01 -2.06671965263211910e-01
2.87000000000000000e+02 -9.31481422452821617e-01 2.99875406782726284e-01 -2.05954121182759187e-01
2.88000000000000000e+02 -9.32013649839199210e-01 2.98710661475808104e-01 -2.05237660369873232e-01
2.89000000000000000e+02 -9.32565039937917173e-01 2.97477569541055420e-01 -2.04522717333643689e-01
2.90000000000000000e+02 -9.33135166948293349e-01 2.96176431352715708e-01 -2.03809424991953592e-01
2.91000000000000000e+02 -9.33723586852641452e-01 2.94807564980753500e-01 -2.03097914773038624e-01
2.92000000000000000e+02 -9.34329837856513579e-01 2.93371306278862709e-01 -2.02388316716293093e-01
2.93000000000000000e+02 -9.34953440849478734e-01 2.91868008973526660e-01 -2.01680759572026719e-01
2.94000000000000000e+02 -9.35593899885997393e-01 2.90298044753603546e-01 -2.00975370899881961e-01
2.95000000000000000e+02 -9.36250702685932024e-01 2.88661803359902436e-01 -2.00272277165631757e-01
2.96000000000000000e+02 -9.36923321154202737e-01 2.86959692674197797e-01 -1.99571603836088324e-01
2.97000000000000000e+02 -9.37611211919077703e-01 2.85192138807123186e-01 -1.98873475471861849e-01
2.98000000000000000e+02 -9.38313816888556973e-01 2.83359586184372514e-01 -1.98178015817720876e-01
2.99000000000000000e+02 -9.39030563824292508e-01 2.81462497630628861e-01 -1.97485347890316770e-01
3.00000000000000000e+02 -9.39760866932451977e-01 2.79501354450634676e-01 -1.96795594063045642e-01
3.01000000000000000e+02 -9.40504127470918716e-01 2.77476656506811359e-01 -1.96108876147834482e-01
3.02000000000000000e+02 -9.41259734372194679e-01 2.75388922292835070e-01 -1.95425315473651690e-01
3.03000000000000000e+02 -9.42027064881343690e-01 2.73238689002572199e-01 -1.94745032961552683e-01
3.04000000000000000e+02 -9.42805485208300653e-01 2.71026512593778413e-01 -1.94068149196087808e-01
3.05000000000000000e+02 -9.43594351193840386e-01 2.68752967845968416e-01 -1.93394784492911087e-01
3.06000000000000000e+02 -9.44393008988481331e-01 2.66418648411864911e-01 -1.92725058962443518e-01
3.07000000000000000e+02 -9.45200795743583844e-01 2.64024166861845488e-01 -1.92059092569459383e-01
3.08000000000000000e+02 -9.46017040313871016e-01 2.61570154720806081e-01 -1.91397005188476188e-01
3.09000000000000000e+02 -9.46841063970590424e-01 2.59057262496876439e-01 -1.90738916654846324e-01
3.10000000000000000e+02 -9.47672181124516233e-01 2.56486159701426519e-01 -1.90084946811461653e-01
3.11000000000000000e+02 -9.48509700057960869e-01 2.53857534859820544e-01 -1.89435215550995573e-01
3.12000000000000000e+02 -9.49352923664967041e-01 2.51172095512385285e-01 -1.88789842853625295e-01
3.13000000000000000e+02 -9.50201150198820232e-01 2.48430568205076696e-01 -1.88148948820188899e-01
3.14000000000000000e+02 -9.51053674026011375e-01 2.45633698469344741e-01 -1.87512653700747184e-01
3.15000000000000000e+02 -9.51909786385769507e-01 2.42782250790713527e-01 -1.86881077918534894e-01
3.16000000000000000e+02 -9.52768776154262920e-01 2.39877008565617500e-01 -1.86254342089301417e-01
3.17000000000000000e+02 -9.53629930612563403e-01 2.36918774046049108e-01 -1.85632567036052354e-01
3.18000000000000000e+02 -9.54492536217453447e-01 2.33908368271603218e-01 -1.85015873799221353e-01
3.19000000000000000e+02 -9.55355879374147343e-01 2.30846630988517793e-01 -1.84404383642311043e-01
3.20000000000000000e+02 -9.56219247209990741e-01 2.27734420555345263e-01 -1.83798218053058987e-01
3.21000000000000000e+02 -9.57081928348192390e-01 2.24572613834905926e-01 -1.83197498740194725e-01
3.22000000000000000e+02 -9.57943213680643058e-01 2.21362106072206299e-01 -1.82602347625869160e-01
3.23000000000000000e+02 -9.58802397138865059e-01 2.18103810758032091e-01 -1.82012886833847143e-01
3.24000000000000000e+02 -9.59658776462136487e-01 2.14798659477951209e-01 -1.81429238673567805e-01
3.25000000000000000e+02 -9.60511653961837908e-01 2.11447601746496877e-01 -1.80851525620188719e-01
3.26000000000000000e+02 -9.61360337281056188e-01 2.08051604826323899e-01 -1.80279870290737942e-01
3.27000000000000000e+02 -9.62204140148497089e-01 2.04611653532169702e-01 -1.79714395416512268e-01
3.28000000000000000e+02 -9.63042383125750745e-01 2.01128750019472141e-01 -1.79155223811865688e-01
3.29000000000000000e+02 -9.63874394346959096e-01 1.97603913557539840e-01 -1.78602478339543708e-01
3.30000000000000000e+02 -9.64699510249950820e-01 1.94038180287192635e-01 -1.78056281872727012e-01
3.31000000000000000e+02 -9.65517076297899068e-01 1.90432602962826547e-01 -1.77516757253953994e-01
3.32000000000000000e+02 -9.66326447690583290e-01 1.86788250678889406e-01 -1.76984027251101822e-01
3.33000000000000000e+02 -9.67126990064334446e-01 1.83106208580782664e-01 -1.76458214510607919e-01
3.34000000000000000e+02 -9.67918080179762441e-01 1.79387577560243316e-01 -1.75939441508124295e-01
3.35000000000000000e+02 -9.68699106596372816e-01 1.75633473935284640e-01 -1.75427830496796638e-01
3.36000000000000000e+02 -9.69469470333196193e-01 1.71845029114813364e-01 -1.74923503453369406e-01
3.37000000000000000e+02 -9.70228585514570807e-01 1.68023389248066118e-01 -1.74426582022316978e-01
3.38000000000000000e+02 -9.70975880000233604e-01 1.64169714859046301e-01 -1.73937187458206882e-01
3.39000000000000000e+02 -9.71710795998896093e-01 1.60285180466169158e-01 -1.73455440566501529e-01
3.40000000000000000e+02 -9.72432790664500057e-01 1.56370974187353406e-01 -1.72981461643005652e-01
3.41000000000000000e+02 -9.73141336674367974e-01 1.52428297330832352e-01 -1.72515370412167857e-01
3.42000000000000000e+02 -9.73835922788491515e-01 1.48458363971979673e-01 -1.72057285964443918e-01
3.43000000000000000e+02 -9.74516054389214292e-01 1.44462400516482598e-01 -1.71607326692927942e-01
3.44000000000000000e+02 -9.75181254000603848e-01 1.40441645250215658e-01 -1.71165610229456255e-01
3.45000000000000000e+02 -9.75831061786820775e-01 1.36397347876201142e-01 -1.70732253380385807e-01
3.46000000000000000e+02 -9.76465036028828837e-01 1.32330769039063434e-01 -1.70307372062245027e-01
3.47000000000000000e+02 -9.77082753578813801e-01 1.28243179837416926e-01 -1.69891081237452446e-01
3.48000000000000000e+02 -9.77683810291711586e-01 1.24135861324645241e-01 -1.69483494850291933e-01
3.49000000000000000e+02 -9.78267821433269735e-01 1.20010103998556272e-01 -1.69084725763329585e-01
3.50000000000000000e+02 -9.78834422064106091e-01 1.15867207280421255e-01 -1.68694885694449320e-01
3.51000000000000000e+02 -9.79383267399255408e-01 1.11708478983922596e-01 -1.68314085154680437e-01
3.52000000000000000e+02 -9.79914033142723961e-01 1.07535234774562186e-01 -1.67942433386979728e-01
3.53000000000000000e+02 -9.80426415796615491e-01 1.03348797620094940e-01 -1.67580038306125639e-01
3.54000000000000000e+02 -9.80920132944416601e-01 9.91504972325746997e-02 -1.67227006439872983e-01
3.55000000000000000e+02 -9.81394923508069561e-01 9.49416695026107788e-02 -1.66883442871506360e-01
3.56000000000000000e+02 -9.81850547978495358e-01 9.07236559264562314e-02 -1.66549451183924335e-01
3.57000000000000000e+02 -9.82286788619263218e-01 8.64978030265553255e-02 -1.66225133405373121e-01
3.58000000000000000e+02 -9.82703449643143490e-01 8.22654617661946197e-02 -1.65910589956941551e-01
3.59000000000000000e+02 -9.83100357361313959e-01 7.80279869589130537e-02 -1.65605919601916923e-01
3.60000000000000000e+02 -9.83477360305028636e-01 7.37867366733322705e-02 -1.65311219397091036e-01
-7.00000000000000000e+01 9.82605194196468901e+00 -6.22326291184842062e-01 2.08839499702638998e+00 -6.22326291184842062e-01 3.94146107701567189e-02 -1.32267071322701435e-01 2.08839499702638998e+00 -1.32267071322701435e-01 4.43860228845157856e-01
-6.97500000000000000e+01 9.87578638726929547e+00 -6.25476188322915072e-01 2.09896538352215423e+00 -6.25476188322915072e-01 3.96141073548611916e-02 -1.32936539534670217e-01 2.09896538352215423e+00 -1.32936539534670217e-01 4.46106822126444369e-01
-6.95000000000000000e+01 9.92533870711113764e+00 -6.28614550669146732e-01 2.10949706170378493e+00 -6.28614550669146732e-01 3.98128733913995711e-02 -1.33603556181990712e-01 2.10949706170378493e+00 -1.33603556181990712e-01 4.48345188476908685e-01
-6.92500000000000000e+01 9.97470272137633707e+00 -6.31740986810243932e-01 2.11998871807131328e+00 -6.31740986810243932e-01 4.00108840898781570e-02 -1.34268038075039231e-01 2.11998871807131328e+00 -1.34268038075039231e-01 4.50575048729823902e-01
-6.90000000000000000e+01 1.00238722200435344e+01 -6.34855103438743740e-01 2.13043903276834090e+00 -6.34855103438743740e-01 4.02081145404373091e-02 -1.34929901621611864e-01 2.13043903276834090e+00 -1.34929901621611864e-01 4.52796122367488785e-01
-6.87500000000000000e+01 1.00728409638890462e+01 -6.37956505397673790e-01 2.14084667973190745e+00 -6.37956505397673790e-01 4.04045397160799694e-02 -1.35589062836416363e-01 2.14084667973190745e+00 -1.35589062836416363e-01 4.55008127553081454e-01
-6.85000000000000000e+01 1.01216026852035430e+01 -6.41044795725942862e-01 2.15121032684481150e+00 -6.41044795725942862e-01 4.06001344755464524e-02 -1.36245437350719256e-01 2.15121032684481150e+00 -1.36245437350719256e-01 4.57210781163032598e-01
-6.82500000000000000e+01 1.01701510885201269e+01 -6.44119575704453329e-01 2.16152863609035606e+00 -6.44119575704453329e-01 4.07948735662349155e-02 -1.36898940422146537e-01 2.16152863609035606e+00 -1.36898940422146537e-01 4.59403798819914444e-01
-6.80000000000000000e+01 1.02184798513538198e+01 -6.47180444902935248e-01 2.17180026370951307e+00 -6.47180444902935248e-01 4.09887316271676030e-02 -1.37549486944637617e-01 2.17180026370951307e+00 -1.37549486944637617e-01 4.61586894925844093e-01
-6.77500000000000000e+01 1.02665826249522887e+01 -6.50227001227494439e-01 2.18202386036048424e+00 -6.50227001227494439e-01 4.11816831920022580e-02 -1.38196991458550911e-01 2.18202386036048424e+00 -1.38196991458550911e-01 4.63759782696396117e-01
-6.75000000000000000e+01 1.03144530350578787e+01 -6.53258840968874099e-01 2.19219807128065636e+00 -6.53258840968874099e-01 4.13737026920887110e-02 -1.38841368160921269e-01 2.19219807128065636e+00 -1.38841368160921269e-01 4.65922174195023742e-01
-6.72500000000000000e+01 1.03620846826807647e+01 -6.56275558851422414e-01 2.20232153645092810e+00 -6.56275558851422414e-01 4.15647644595702609e-02 -1.39482530915867403e-01 2.20232153645092810e+00 -1.39482530915867403e-01 4.68073780367984693e-01
-6.70000000000000000e+01 1.04094711448832182e+01 -6.59276748082763708e-01 2.21239289076239309e+00 -6.59276748082763708e-01 4.17548427305295192e-02 -1.40120393265148802e-01 2.21239289076239309e+00 -1.40120393265148802e-01 4.70214311079767022e-01
-6.67500000000000000e+01 1.04566059755748881e+01 -6.62262000404166162e-01 2.22241076418536654e+00 -6.62262000404166162e-01 4.19439116481784419e-02 -1.40754868438870695e-01 2.22241076418536654e+00 -1.40754868438870695e-01 4.72343475149013647e-01
-6.65000000000000000e+01 1.05034827063189962e+01 -6.65230906141603073e-01 2.23237378194073344e+00 -6.65230906141603073e-01 4.21319452660922356e-02 -1.41385869366336431e-01 2.23237378194073344e+00 -1.41385869366336431e-01 4.74460980384939834e-01
-6.62500000000000000e+01 1.05500948471494347e+01 -6.68183054257501574e-01 2.24228056467360704e+00 -6.68183054257501574e-01 4.23189175514868607e-02 -1.42013308687046008e-01 2.24228056467360704e+00 -1.42013308687046008e-01 4.76566533624242561e-01
-6.60000000000000000e+01 1.05964358873985596e+01 -6.71118032403171583e-01 2.25212972862926986e+00 -6.71118032403171583e-01 4.25048023885395559e-02 -1.42637098761839110e-01 2.25212972862926986e+00 -1.42637098761839110e-01 4.78659840768493883e-01
-6.57500000000000000e+01 1.06424992965357035e+01 -6.74035426971912099e-01 2.26191988583138626e+00 -6.74035426971912099e-01 4.26895735817522798e-02 -1.43257151684182127e-01 2.26191988583138626e+00 -1.43257151684182127e-01 4.80740606822017635e-01
-6.55000000000000000e+01 1.06882785250162726e+01 -6.76934823152787524e-01 2.27164964426246518e+00 -6.76934823152787524e-01 4.28732048593576526e-02 -1.43873379291597658e-01 2.27164964426246518e+00 -1.43873379291597658e-01 4.82808535930244753e-01
-6.52500000000000000e+01 1.07337670051412921e+01 -6.79815804985067329e-01 2.28131760804654693e+00 -6.79815804985067329e-01 4.30556698767667820e-02 -1.44485693177234836e-01 2.28131760804654693e+00 -1.44485693177234836e-01 4.84863331418540489e-01
-6.50000000000000000e+01 1.07789581519273554e+01 -6.82677955413323434e-01 2.29092237763410012e+00 -6.82677955413323434e-01 4.32369422200588743e-02 -1.45094004701579571e-01 2.29092237763410012e+00 -1.45094004701579571e-01 4.86904695831501977e-01
-6.47500000000000000e+01 1.08238453639868499e+01 -6.85520856343178164e-01 2.30046254998909872e+00 -6.85520856343178164e-01 4.34169954095119590e-02 -1.45698225004303017e-01 2.30046254998909872e+00 -1.45698225004303017e-01 4.88932330972718654e-01
-6.45000000000000000e+01 1.08684220244183400e+01 -6.88344088697696921e-01 2.30993671877826312e+00 -6.88344088697696921e-01 4.35958029031745034e-02 -1.46298265016247125e-01 2.30993671877826312e+00 -1.46298265016247125e-01 4.90945937944993471e-01
-6.42500000000000000e+01 1.09126815017070253e+01 -6.91147232474417006e-01 2.31934347456243906e+00 -6.91147232474417006e-01 4.37733381004772812e-02 -1.46894035471545309e-01 2.31934347456243906e+00 -1.46894035471545309e-01 4.92945217191017304e-01
-6.40000000000000000e+01 1.09566171506351289e+01 -6.93929866803007722e-01 2.32868140499009124e+00 -6.93929866803007722e-01 4.39495743458852492e-02 -1.47485446919877305e-01 2.32868140499009124e+00 -1.47485446919877305e-01 4.94929868534493722e-01
-6.37500000000000000e+01 1.10002223132021015e+01 -6.96691570003549754e-01 2.33794909499287584e+00 -6.96691570003549754e-01 4.41244849325885952e-02 -1.48072409738855715e-01 2.33794909499287584e+00 -1.48072409738855715e-01 4.96899591221705239e-01
-6.35000000000000000e+01 1.10434903195545751e+01 -6.99431919645433831e-01 2.34714512698329347e+00 -6.99431919645433831e-01 4.42980431062331009e-02 -1.48654834146544040e-01 2.34714512698329347e+00 -1.48654834146544040e-01 4.98854083963521822e-01
-6.32500000000000000e+01 1.10864144889258398e+01 -7.02150492606861465e-01 2.35626808105436014e+00 -7.02150492606861465e-01 4.44702220686885308e-02 -1.49232630214102935e-01 2.35626808105436014e+00 -1.49232630214102935e-01 5.00793044977838275e-01
-6.30000000000000000e+01 1.11289881305848013e+01 -7.04846865134946876e-01 2.36531653518129747e+00 -7.04846865134946876e-01 4.46409949818551838e-02 -1.49805707878563898e-01 2.36531653518129747e+00 -1.49805707878563898e-01 5.02716172032440456e-01
-6.27500000000000000e+01 1.11712045447942785e+01 -7.07520612906409774e-01 2.37428906542520313e+00 -7.07520612906409774e-01 4.48103349715077842e-02 -1.50373976955728683e-01 2.37428906542520313e+00 -1.50373976955728683e-01 5.04623162488293198e-01
-6.25000000000000000e+01 1.12130570237784362e+01 -7.10171311088847346e-01 2.38318424613866808e+00 -7.10171311088847346e-01 4.49782151311761622e-02 -1.50937347153192014e-01 2.38318424613866808e+00 -1.50937347153192014e-01 5.06513713343241356e-01
-6.22500000000000000e+01 1.12545388526993282e+01 -7.12798534402582562e-01 2.39200065017332575e+00 -7.12798534402582562e-01 4.51446085260623145e-02 -1.51495728083486464e-01 2.39200065017332575e+00 -1.51495728083486464e-01 5.08387521276121190e-01
-6.20000000000000000e+01 1.12956433106422853e+01 -7.15401857183073475e-01 2.40073684908928486e+00 -7.15401857183073475e-01 4.53094881969930904e-02 -1.52049029277346703e-01 2.40073684908928486e+00 -1.52049029277346703e-01 5.10244282691272866e-01
-6.17500000000000000e+01 1.13363636716101155e+01 -7.17980853443879963e-01 2.40939141336643292e+00 -7.17980853443879963e-01 4.54728271644081541e-02 -1.52597160197092407e-01 2.40939141336643292e+00 -1.52597160197092407e-01 5.12083693763450087e-01
-6.15000000000000000e+01 1.13766932055258838e+01 -7.20535096940174369e-01 2.41796291261756124e+00 -7.20535096940174369e-01 4.56345984323823436e-02 -1.53140030250126319e-01 2.41796291261756124e+00 -1.53140030250126319e-01 5.13905450483117199e-01
-6.12500000000000000e+01 1.14166251792441980e+01 -7.23064161232789937e-01 2.42644991580330238e+00 -7.23064161232789937e-01 4.57947749926821898e-02 -1.53677548802547137e-01 2.42644991580330238e+00 -1.53677548802547137e-01 5.15709248702130640e-01
-6.10000000000000000e+01 1.14561528575707392e+01 -7.25567619752792936e-01 2.43485099144881900e+00 -7.25567619752792936e-01 4.59533298288554923e-02 -1.54209625192873234e-01 2.43485099144881900e+00 -1.54209625192873234e-01 5.17494784179793554e-01
-6.07500000000000000e+01 1.14952695042900110e+01 -7.28045045866574037e-01 2.44316470786223361e+00 -7.28045045866574037e-01 4.61102359203538759e-02 -1.54736168745877117e-01 2.44316470786223361e+00 -1.54736168745877117e-01 5.19261752629280426e-01
-6.05000000000000000e+01 1.15339683832010316e+01 -7.30496012941442840e-01 2.45138963335475468e+00 -7.30496012941442840e-01 4.62654662466871897e-02 -1.55257088786526637e-01 2.45138963335475468e+00 -1.55257088786526637e-01 5.21009849764421551e-01
-6.02500000000000000e+01 1.15722427591608845e+01 -7.32920094411721235e-01 2.45952433646246948e+00 -7.32920094411721235e-01 4.64189937916094364e-02 -1.55772294654032112e-01 2.45952433646246948e+00 -1.55772294654032112e-01 5.22738771346841880e-01
-6.00000000000000000e+01 1.16100858991358873e+01 -7.35316863845317692e-01 2.46756738616975202e+00 -7.35316863845317692e-01 4.65707915473352260e-02 -1.56281695715995955e-01 2.46756738616975202e+00 -1.56281695715995955e-01 5.24448213233444149e-01
-5.97500000000000000e+01 1.16474910732603121e+01 -7.37685895010781079e-01 2.47551735213428481e+00 -7.37685895010781079e-01 4.67208325187866078e-02 -1.56785201382663969e-01 2.47551735213428481e+00 -1.56785201382663969e-01 5.26137871424233294e-01
-5.95000000000000000e+01 1.16844515559023545e+01 -7.40026761944812983e-01 2.48337280491361234e+00 -7.40026761944812983e-01 4.68690897278688998e-02 -1.57282721121274172e-01 2.48337280491361234e+00 -1.57282721121274172e-01 5.27807442110468150e-01
-5.92500000000000000e+01 1.17209606267372912e+01 -7.42339039020234903e-01 2.49113231619322795e+00 -7.42339039020234903e-01 4.70155362177753361e-02 -1.57774164470502437e-01 2.49113231619322795e+00 -1.57774164470502437e-01 5.29456621723137566e-01
-5.90000000000000000e+01 1.17570115718275563e+01 -7.44622301014395194e-01 2.49879445901612973e+00 -7.44622301014395194e-01 4.71601450573195941e-02 -1.58259441055001282e-01 2.49879445901612973e+00 -1.58259441055001282e-01 5.31085106981749933e-01
-5.87500000000000000e+01 1.17925976847096372e+01 -7.46876123178006002e-01 2.50635780801382424e+00 -7.46876123178006002e-01 4.73028893452955013e-02 -1.58738460600030357e-01 2.50635780801382424e+00 -1.58738460600030357e-01 5.32692594943429909e-01
-5.85000000000000000e+01 1.18277122674875113e+01 -7.49100081304395427e-01 2.51382093963872366e+00 -7.49100081304395427e-01 4.74437422148631383e-02 -1.59211132946175032e-01 2.51382093963872366e+00 -1.59211132946175032e-01 5.34278783052310691e-01
-5.82500000000000000e+01 1.18623486319325409e+01 -7.51293751799169240e-01 2.52118243239791218e+00 -7.51293751799169240e-01 4.75826768379607259e-02 -1.59677368064152003e-01 2.52118243239791218e+00 -1.59677368064152003e-01 5.35843369189218599e-01
-5.80000000000000000e+01 1.18965001005895168e+01 -7.53456711750260300e-01 2.52844086708822058e+00 -7.53456711750260300e-01 4.77196664297412365e-02 -1.60137076069697515e-01 2.52844086708822058e+00 -1.60137076069697515e-01 5.37386051721634783e-01
-5.77500000000000000e+01 1.19301600078887660e+01 -7.55588538998364534e-01 2.53559482703259187e+00 -7.55588538998364534e-01 4.78546842530333666e-02 -1.60590167238537307e-01 2.53559482703259187e+00 -1.60590167238537307e-01 5.38906529553931368e-01
-5.75000000000000000e+01 1.19633217012640518e+01 -7.57688812207740980e-01 2.54264289831767210e+00 -7.57688812207740980e-01 4.79877036228256240e-02 -1.61036552021434493e-01 2.54264289831767210e+00 -1.61036552021434493e-01 5.40404502177868507e-01
-5.72500000000000000e+01 1.19959785422760898e+01 -7.59757110937370084e-01 2.54958367003260244e+00 -7.59757110937370084e-01 4.81186979107730839e-02 -1.61476141059313100e-01 2.54958367003260244e+00 -1.61476141059313100e-01 5.41879669723346002e-01
-5.70000000000000000e+01 1.20281239077414952e+01 -7.61793015712453836e-01 2.55641573450895976e+00 -7.61793015712453836e-01 4.82476405497258010e-02 -1.61908845198454554e-01 2.55641573450895976e+00 -1.61908845198454554e-01 5.43331733009399964e-01
-5.67500000000000000e+01 1.20597511908669208e+01 -7.63796108096246318e-01 2.56313768756180194e+00 -7.63796108096246318e-01 4.83745050382781497e-02 -1.62334575505764273e-01 2.56313768756180194e+00 -1.62334575505764273e-01 5.44760393595433379e-01
-5.65000000000000000e+01 1.20908538023882013e+01 -7.65765970762200432e-01 2.56974812873177916e+00 -7.65765970762200432e-01 4.84992649453381969e-02 -1.62753243284105481e-01 2.56974812873177916e+00 -1.62753243284105481e-01 5.46165353832673728e-01
-5.62500000000000000e+01 1.21214251717142805e+01 -7.67702187566417282e-01 2.57624566152825896e+00 -7.67702187566417282e-01 4.86218939147162257e-02 -1.63164760087697341e-01 2.57624566152825896e+00 -1.63164760087697341e-01 5.47546316915845543e-01
-5.60000000000000000e+01 1.21514587480757026e+01 -7.69604343620386211e-01 2.58262889367342341e+00 -7.69604343620386211e-01 4.87423656697316549e-02 -1.63569037737574891e-01 2.58262889367342341e+00 -1.63569037737574891e-01 5.48902986935051129e-01
-5.57500000000000000e+01 1.21809480016774909e+01 -7.71472025364000280e-01 2.58889643734729757e+00 -7.71472025364000280e-01 4.88606540178374710e-02 -1.63965988337107460e-01 2.58889643734729757e+00 -1.63965988337107460e-01 5.50235068927846460e-01
-5.55000000000000000e+01 1.22098864248561210e+01 -7.73304820638832990e-01 2.59504690943364746e+00 -7.73304820638832990e-01 4.89767328552611278e-02 -1.64355524287572718e-01 2.59504690943364746e+00 -1.64355524287572718e-01 5.51542268931504931e-01
-5.52500000000000000e+01 1.22382675332404389e+01 -7.75102318761664577e-01 2.60107893176672134e+00 -7.75102318761664577e-01 4.90905761716612932e-02 -1.64737558303783643e-01 2.60107893176672134e+00 -1.64737558303783643e-01 5.52824294035457631e-01
-5.50000000000000000e+01 1.22660848669162501e+01 -7.76864110598240010e-01 2.60699113137876237e+00 -7.76864110598240010e-01 4.92021580547992374e-02 -1.65112003429764759e-01 2.60699113137876237e+00 -1.65112003429764759e-01 5.54080852433900151e-01
-5.47500000000000000e+01 1.22933319915943891e+01 -7.78589788637247593e-01 2.61278214074826920e+00 -7.78589788637247593e-01 4.93114526952242727e-02 -1.65478773054475420e-01 2.61278214074826920e+00 -1.65478773054475420e-01 5.55311653478555822e-01
-5.45000000000000000e+01 1.23200024997819959e+01 -7.80278947064501960e-01 2.61845059804893499e+00 -7.80278947064501960e-01 4.94184343909720158e-02 -1.65837780927576228e-01 2.61845059804893499e+00 -1.65837780927576228e-01 5.56516407731585061e-01
-5.42500000000000000e+01 1.23460900119568286e+01 -7.81931181837317135e-01 2.62399514739923001e+00 -7.81931181837317135e-01 4.95230775522748218e-02 -1.66188941175236249e-01 2.62399514739923001e+00 -1.66188941175236249e-01 5.57694827018630490e-01
-5.40000000000000000e+01 1.23715881777443091e+01 -7.83546090759055125e-01 2.62941443911256867e+00 -7.83546090759055125e-01 4.96253567062832010e-02 -1.66532168315977031e-01 2.62941443911256867e+00 -1.66532168315977031e-01 5.58846624481986964e-01
-5.37500000000000000e+01 1.23964906770971179e+01 -7.85123273553833601e-01 2.63470712994801559e+00 -7.85123273553833601e-01 4.97252465017974238e-02 -1.66867377276550960e-01 2.63470712994801559e+00 -1.66867377276550960e-01 5.59971514633884948e-01
-5.35000000000000000e+01 1.24207912214770833e+01 -7.86662331941380910e-01 2.63987188336147938e+00 -7.86662331941380910e-01 4.98227217140084153e-02 -1.67194483407850591e-01 2.63987188336147938e+00 -1.67194483407850591e-01 5.61069213409879364e-01
-5.32500000000000000e+01 1.24444835550390955e+01 -7.88162869712018210e-01 2.64490736975734020e+00 -7.88162869712018210e-01 4.99177572492466651e-02 -1.67513402500845066e-01 2.64490736975734020e+00 -1.67513402500845066e-01 5.62139438222329146e-01
-5.30000000000000000e+01 1.24675614558168810e+01 -7.89624492801759281e-01 2.64981226674046821e+00 -7.89624492801759281e-01 5.00103281497386518e-02 -1.67824050802541619e-01 2.64981226674046821e+00 -1.67824050802541619e-01 5.63181908013960064e-01
-5.27500000000000000e+01 1.24900187369102795e+01 -7.91046809367506598e-01 2.65458525936856260e+00 -7.91046809367506598e-01 5.01004095983693179e-02 -1.68126345031967467e-01 2.65458525936856260e+00 -1.68126345031967467e-01 5.64196343311496484e-01
-5.25000000000000000e+01 1.25118492476738759e+01 -7.92429429862332113e-01 2.65922504040478103e+00 -7.92429429862332113e-01 5.01879769234499160e-02 -1.68420202396169671e-01 2.65922504040478103e+00 -1.68420202396169671e-01 5.65182466279354534e-01
-5.22500000000000000e+01 1.25330468749066952e+01 -7.93771967110825538e-01 2.66373031057059251e+00 -7.93771967110825538e-01 5.02730056034901840e-02 -1.68705540606229498e-01 2.66373031057059251e+00 -1.68705540606229498e-01 5.66140000773381558e-01
-5.20000000000000000e+01 1.25536055440426857e+01 -7.95074036384493477e-01 2.66809977879879945e+00 -7.95074036384493477e-01 5.03554712719736716e-02 -1.68982277893287486e-01 2.66809977879879945e+00 -1.68982277893287486e-01 5.67068672394633766e-01
-5.17500000000000000e+01 1.25735192203418187e+01 -7.96335255477196191e-01 2.67233216248668715e+00 -7.96335255477196191e-01 5.04353497221354391e-02 -1.69250333024576344e-01 2.67233216248668715e+00 -1.69250333024576344e-01 5.67968208543179087e-01
-5.15000000000000000e+01 1.25927819100814329e+01 -7.97555244780601247e-01 2.67642618774923235e+00 -7.97555244780601247e-01 5.05126169117409360e-02 -1.69509625319457818e-01 2.67642618774923235e+00 -1.69509625319457818e-01 5.68838338471913119e-01
-5.12500000000000000e+01 1.26113876617476972e+01 -7.98733627359643150e-01 2.68038058967232784e+00 -7.98733627359643150e-01 5.05872489678651296e-02 -1.69760074665460586e-01 2.68038058967232784e+00 -1.69760074665460586e-01 5.69678793340379186e-01
-5.10000000000000000e+01 1.26293305672268072e+01 -7.99870029027967999e-01 2.68419411256595897e+00 -7.99870029027967999e-01 5.06592221916707733e-02 -1.70001601534314845e-01 2.68419411256595897e+00 -1.70001601534314845e-01 5.70489306268576968e-01
-5.07500000000000000e+01 1.26466047629957643e+01 -8.00964078423349712e-01 2.68786551021728570e+00 -8.00964078423349712e-01 5.07285130631848075e-02 -1.70234126997981183e-01 2.68786551021728570e+00 -1.70234126997981183e-01 5.71269612390752024e-01
-5.05000000000000000e+01 1.26632044313124048e+01 -8.02015407083060294e-01 2.69139354614356829e+00 -8.02015407083060294e-01 5.07950982460719236e-02 -1.70457572744669467e-01 2.69139354614356829e+00 -1.70457572744669467e-01 5.72019448909151684e-01
-5.02500000000000000e+01 1.26791238014044438e+01 -8.03023649519177263e-01 2.69477699384488156e+00 -8.03023649519177263e-01 5.08589545924040751e-02 -1.70671861094844335e-01 2.69477699384488156e+00 -1.70671861094844335e-01 5.72738555147736306e-01
-5.00000000000000000e+01 1.26943571506572734e+01 -8.03988443293811139e-01 2.69801463705656630e+00 -8.03988443293811139e-01 5.09200591474249925e-02 -1.70876915017213971e-01 2.69801463705656630e+00 -1.70876915017213971e-01 5.73426672605833909e-01
-4.97500000000000000e+01 1.27088988058002474e+01 -8.04909429094239015e-01 2.70110527000135825e+00 -8.04909429094239015e-01 5.09783891543086690e-02 -1.71072658144698547e-01 2.70110527000135825e+00 -1.71072658144698547e-01 5.74083545011726870e-01
-4.95000000000000000e+01 1.27227431440911616e+01 -8.05786250807922100e-01 2.70404769764113162e+00 -8.05786250807922100e-01 5.10339220589106010e-02 -1.71259014790374281e-01 2.70404769764113162e+00 -1.71259014790374281e-01 5.74708918376157341e-01
-4.92500000000000000e+01 1.27358845944987031e+01 -8.06618555597395814e-01 2.70684073592821539e+00 -8.06618555597395814e-01 5.10866355145108558e-02 -1.71435909963390254e-01 2.70684073592821539e+00 -1.71435909963390254e-01 5.75302541045740190e-01
-4.90000000000000000e+01 1.27483176388825772e+01 -8.07405993975012004e-01 2.70948321205621090e+00 -8.07405993975012004e-01 5.11365073865478470e-02 -1.71603269384854012e-01 2.70948321205621090e+00 -1.71603269384854012e-01 5.75864163756271474e-01
-4.87500000000000000e+01 1.27600368131710233e+01 -8.08148219877516172e-01 2.71197396471026009e+00 -8.08148219877516172e-01 5.11835157573416188e-02 -1.71761019503681833e-01 2.71197396471026009e+00 -1.71761019503681833e-01 5.76393539685919443e-01
-4.85000000000000000e+01 1.27710367085355117e+01 -8.08844890740446187e-01 2.71431184431670758e+00 -8.08844890740446187e-01 5.12276389308058411e-02 -1.71909087512411102e-01 2.71431184431670758e+00 -1.71909087512411102e-01 5.76890424508286759e-01
-4.82500000000000000e+01 1.27813119725622517e+01 -8.09495667572328825e-01 2.71649571329209172e+00 -8.09495667572328825e-01 5.12688554371470012e-02 -1.72047401362969948e-01 2.71649571329209172e+00 -1.72047401362969948e-01 5.77354576445330281e-01
-4.80000000000000000e+01 1.27908573104203374e+01 -8.10100215028663695e-01 2.71852444629141710e+00 -8.10100215028663695e-01 5.13071440375501078e-02 -1.72175889782401448e-01 2.71852444629141710e+00 -1.72175889782401448e-01 5.77785756320128185e-01
-4.77500000000000000e+01 1.27996674860262019e+01 -8.10658201485672691e-01 2.72039693045564501e+00 -8.10658201485672691e-01 5.13424837288496069e-02 -1.72294482288538053e-01 2.72039693045564501e+00 -1.72294482288538053e-01 5.78183727609480225e-01
-4.75000000000000000e+01 1.28077373232040959e+01 -8.11169299113799203e-01 2.72211206565833619e+00 -8.11169299113799203e-01 5.13748537481843182e-02 -1.72403109205622906e-01 2.72211206565833619e+00 -1.72403109205622906e-01 5.78548256496329127e-01
-4.72500000000000000e+01 1.28150617068423731e+01 -8.11633183950938752e-01 2.72366876475140218e+00 -8.11633183950938752e-01 5.14042335776355580e-02 -1.72501701679874081e-01 2.72366876475140218e+00 -1.72501701679874081e-01 5.78879111921991152e-01
-4.70000000000000000e+01 1.28216355840452412e+01 -8.12049535975386427e-01 2.72506595380989936e+00 -8.12049535975386427e-01 5.14306029488471317e-02 -1.72590191694988376e-01 2.72506595380989936e+00 -1.72590191694988376e-01 5.79176065638183357e-01
-4.67500000000000000e+01 1.28274539652797444e+01 -8.12418039178479101e-01 2.72630257237579920e+00 -8.12418039178479101e-01 5.14539418476260974e-02 -1.72668512087580661e-01 2.72630257237579920e+00 -1.72668512087580661e-01 5.79438892258835159e-01
-4.65000000000000000e+01 1.28325119255176947e+01 -8.12738381636918694e-01 2.72737757370069378e+00 -8.12738381636918694e-01 5.14742305185233381e-02 -1.72736596562555134e-01 2.72737757370069378e+00 -1.72736596562555134e-01 5.79667369311670511e-01
-4.62500000000000000e+01 1.28368046053722544e+01 -8.13010255584757591e-01 2.72828992498735978e+00 -8.13010255584757591e-01 5.14914494693926861e-02 -1.72794379708404749e-01 2.72828992498735978e+00 -1.72794379708404749e-01 5.79861277289549837e-01
-4.60000000000000000e+01 1.28403272122289014e+01 -8.13233357485027120e-01 2.72903860763013029e+00 -8.13233357485027120e-01 5.15055794759274668e-02 -1.72841797012435072e-01 2.72903860763013029e+00 -1.72841797012435072e-01 5.80020399701557943e-01
-4.57500000000000000e+01 1.28430750213705398e+01 -8.13407388100995665e-01 2.72962261745402213e+00 -8.13407388100995665e-01 5.15166015861735771e-02 -1.72878784875909103e-01 2.72962261745402213e+00 -1.72878784875909103e-01 5.80144523123827027e-01
-4.55000000000000000e+01 1.28450433770964096e+01 -8.13532052567034314e-01 2.73004096495254478e+00 -8.13532052567034314e-01 5.15244971250177208e-02 -1.72905280629108843e-01 2.73004096495254478e+00 -1.72905280629108843e-01 5.80233437250079698e-01
-4.52500000000000000e+01 1.28462276938345550e+01 -8.13607060459073939e-01 2.73029267552414057e+00 -8.13607060459073939e-01 5.15292476986497633e-02 -1.72921222546310011e-01 2.73029267552414057e+00 -1.72921222546310011e-01 5.80286934941881327e-01
-4.50000000000000000e+01 1.28466234572476026e+01 -8.13632125864638844e-01 2.73037678970720110e+00 -8.13632125864638844e-01 5.15308351989982663e-02 -1.72926549860666717e-01 2.73037678970720110e+00 -1.72926549860666717e-01 5.80304812278589988e-01
-4.47500000000000000e+01 1.28462262253314830e+01 -8.13606967452434438e-01 2.73029236341359116e+00 -8.13606967452434438e-01 5.15292418081377476e-02 -1.72921202779001443e-01 2.73029236341359116e+00 -1.72921202779001443e-01 5.80286868606987749e-01
-4.45000000000000000e+01 1.28450316295069502e+01 -8.13531308541476372e-01 2.73003846816062934e+00 -8.13531308541476372e-01 5.15244500026669772e-02 -1.72905122496497504e-01 2.73003846816062934e+00 -1.72905122496497504e-01 5.80232906590586350e-01
-4.42500000000000000e+01 1.28430353757034634e+01 -8.13404877169738749e-01 2.72961419130145710e+00 -8.13404877169738749e-01 5.15164425580567145e-02 -1.72878251211289191e-01 2.72961419130145710e+00 -1.72878251211289191e-01 5.80142732258587812e-01
-4.40000000000000000e+01 1.28402332454353107e+01 -8.13227406162309152e-01 2.72901863625375452e+00 -8.13227406162309152e-01 5.15052025529662838e-02 -1.72840532138947400e-01 2.72901863625375452e+00 -1.72840532138947400e-01 5.80016155054495886e-01
-4.37500000000000000e+01 1.28366210968695817e+01 -8.12998633199027987e-01 2.72825092272672087e+00 -8.12998633199027987e-01 5.14907133735274733e-02 -1.72791909526855275e-01 2.72825092272672087e+00 -1.72791909526855275e-01 5.79852987884357129e-01
-4.35000000000000000e+01 1.28321948658857767e+01 -8.12718300881597799e-01 2.72731018694628080e+00 -8.12718300881597799e-01 5.14729587175948647e-02 -1.72732328668471491e-01 2.72731018694628080e+00 -1.72732328668471491e-01 5.79653047164625734e-01
-4.32500000000000000e+01 1.28269505671267439e+01 -8.12386156800144810e-01 2.72619558187845090e+00 -8.12386156800144810e-01 5.14519225989614123e-02 -1.72661735917476966e-01 2.72619558187845090e+00 -1.72661735917476966e-01 5.79416152869636880e-01
-4.30000000000000000e+01 1.28208842950406918e+01 -8.12001953599212345e-01 2.72490627745079905e+00 -8.12001953599212345e-01 5.14275893515381555e-02 -1.72580078701800921e-01 2.72490627745079905e+00 -1.72580078701800921e-01 5.79142128578674975e-01
-4.27500000000000000e+01 1.28139922249140081e+01 -8.11565449043175291e-01 2.72344146077196125e+00 -8.11565449043175291e-01 5.13999436334971471e-02 -1.72487305537523838e-01 2.72344146077196125e+00 -1.72487305537523838e-01 5.78830801522629002e-01
-4.25000000000000000e+01 1.28062706138945632e+01 -8.11076406081049139e-01 2.72180033634912677e+00 -8.11076406081049139e-01 5.13689704313761361e-02 -1.72383366042651698e-01 2.72180033634912677e+00 -1.72383366042651698e-01 5.78482002630216541e-01
-4.22500000000000000e+01 1.27977158020052890e+01 -8.10534592910685303e-01 2.71998212630346670e+00 -8.10534592910685303e-01 5.13346550641442939e-02 -1.72268210950759865e-01 2.71998212630346670e+00 -1.72268210950759865e-01 5.78095566573769037e-01
-4.20000000000000000e+01 1.27883242131477388e+01 -8.09939783042330053e-01 2.71798607058341979e+00 -8.09939783042330053e-01 5.12969831872277099e-02 -1.72141792124501702e-01 2.71798607058341979e+00 -1.72141792124501702e-01 5.77671331814564426e-01
-4.17500000000000000e+01 1.27780923560953230e+01 -8.09291755361530862e-01 2.71581142717579649e+00 -8.09291755361530862e-01 5.12559407964934891e-02 -1.72004062568978405e-01 2.71581142717579649e+00 -1.72004062568978405e-01 5.77209140647692909e-01
-4.15000000000000000e+01 1.27670168254760039e+01 -8.08590294191374737e-01 2.71345747231463630e+00 -8.08590294191374737e-01 5.12115142321915989e-02 -1.71854976444967000e-01 2.71345747231463630e+00 -1.71854976444967000e-01 5.76708839246447780e-01
-4.12500000000000000e+01 1.27550943027441690e+01 -8.07835189354041083e-01 2.71092350068776611e+00 -8.07835189354041083e-01 5.11636901828532581e-02 -1.71694489082002494e-01 2.71092350068776611e+00 -1.71694489082002494e-01 5.76170277706226086e-01
-4.10000000000000000e+01 1.27423215571413682e+01 -8.07026236231649041e-01 2.70820882564098975e+00 -8.07026236231649041e-01 5.11124556891446938e-02 -1.71522556991310277e-01 2.70820882564098975e+00 -1.71522556991310277e-01 5.75593310087926802e-01
-4.07500000000000000e+01 1.27286954466457285e+01 -8.06163235826388602e-01 2.70531277937987724e+00 -8.06163235826388602e-01 5.10577981476754636e-02 -1.71339137878586012e-01 2.70531277937987724e+00 -1.71339137878586012e-01 5.74977794460838187e-01
-4.05000000000000000e+01 1.27142129189097304e+01 -8.05245994819913324e-01 2.70223471316907426e+00 -8.05245994819913324e-01 5.09997053147600854e-02 -1.71144190656618927e-01 2.70223471316907426e+00 -1.71144190656618927e-01 5.74323592944998129e-01
-4.02500000000000000e+01 1.26988710121860695e+01 -8.04274325631979980e-01 2.69897399752908207e+00 -8.04274325631979980e-01 5.09381653101319137e-02 -1.70937675457754734e-01 2.69897399752908207e+00 -1.70937675457754734e-01 5.73630571753017349e-01
-4.00000000000000000e+01 1.26826668562414042e+01 -8.03248046478319488e-01 2.69553002243046214e+00 -8.03248046478319488e-01 5.08731666206083816e-02 -1.70719553646195427e-01 2.69553002243046214e+00 -1.70719553646195427e-01 5.72898601231354943e-01
-3.97500000000000000e+01 1.26655976732576754e+01 -8.02166981427721359e-01 2.69190219748539850e+00 -8.02166981427721359e-01 5.08046981037063861e-02 -1.70489787830131800e-01 2.69190219748539850e+00 -1.70489787830131800e-01 5.72127555901032481e-01
-3.95000000000000000e+01 1.26476607787207609e+01 -8.01030960458316676e-01 2.68808995213657242e+00 -8.01030960458316676e-01 5.07327489912069371e-02 -1.70248341873705522e-01 2.68808995213657242e+00 -1.70248341873705522e-01 5.71317314497776230e-01
-3.92500000000000000e+01 1.26288535822962160e+01 -7.99839819513041839e-01 2.68409273584328467e+00 -7.99839819513041839e-01 5.06573088926679238e-02 -1.69995180908797394e-01 2.68409273584328467e+00 -1.69995180908797394e-01 5.70467760011575842e-01
-3.90000000000000000e+01 1.26091735886918279e+01 -7.98593400554267974e-01 2.67991001826478392e+00 -7.98593400554267974e-01 5.05783677988840136e-02 -1.69730271346637929e-01 2.67991001826478392e+00 -1.69730271346637929e-01 5.69578779725647411e-01
-3.87500000000000000e+01 1.25886183985067532e+01 -7.97291551617581140e-01 2.67554128944073799e+00 -7.97291551617581140e-01 5.04959160852928024e-02 -1.69453580889237676e-01 2.67554128944073799e+00 -1.69453580889237676e-01 5.68650265254790788e-01
-3.85000000000000000e+01 1.25671857090669779e+01 -7.95934126864694558e-01 2.67098605996879801e+00 -7.95934126864694558e-01 5.04099445153259607e-02 -1.69165078540633007e-01 2.67098605996879801e+00 -1.69165078540633007e-01 5.67682112583128395e-01
-3.82500000000000000e+01 1.25448733152468481e+01 -7.94520986635480653e-01 2.66624386117920764e+00 -7.94520986635480653e-01 5.03204442437046665e-02 -1.68864734617944851e-01 2.66624386117920764e+00 -1.68864734617944851e-01 5.66674222101215763e-01
-3.80000000000000000e+01 1.25216791102764535e+01 -7.93051997499105155e-01 2.66131424530639604e+00 -7.93051997499105155e-01 5.02274068196781262e-02 -1.68552520762246555e-01 2.66131424530639604e+00 -1.68552520762246555e-01 5.65626498642511688e-01
-3.77500000000000000e+01 1.24976010865345568e+01 -7.91527032304247924e-01 2.65619678565751061e+00 -7.91527032304247924e-01 5.01308241902042873e-02 -1.68228409949237517e-01 2.65619678565751061e+00 -1.68228409949237517e-01 5.64538851519197138e-01
-3.75000000000000000e+01 1.24726373363269314e+01 -7.89945970228397631e-01 2.65089107677783620e+00 -7.89945970228397631e-01 5.00306887030718822e-02 -1.67892376499720275e-01 2.65089107677783620e+00 -1.67892376499720275e-01 5.63411194557333572e-01
-3.72500000000000000e+01 1.24467860526497667e+01 -7.88308696826201305e-01 2.64539673461305158e+00 -7.88308696826201305e-01 4.99269931099626321e-02 -1.67544396089876507e-01 2.64539673461305158e+00 -1.67544396089876507e-01 5.62243446131347357e-01
-3.70000000000000000e+01 1.24200455299379655e+01 -7.86615104076858307e-01 2.63971339666826665e+00 -7.86615104076858307e-01 4.98197305694528525e-02 -1.67184445761339895e-01 2.63971339666826665e+00 -1.67184445761339895e-01 5.61035529197832172e-01
-3.67500000000000000e+01 1.23924141647980743e+01 -7.84865090430538759e-01 2.63384072216379828e+00 -7.84865090430538759e-01 4.97088946499534140e-02 -1.66812503931061812e-01 2.63384072216379828e+00 -1.66812503931061812e-01 5.59787371328656080e-01
-3.65000000000000000e+01 1.23638904567256613e+01 -7.83058560853819086e-01 2.62777839218763898e+00 -7.83058560853819086e-01 4.95944793325873087e-02 -1.66428550400968100e-01 2.62777839218763898e+00 -1.66428550400968100e-01 5.58498904743367275e-01
-3.62500000000000000e+01 1.23344730088068477e+01 -7.81195426874112253e-01 2.62152610984455903e+00 -7.81195426874112253e-01 4.94764790140036492e-02 -1.66032566367401963e-01 2.62152610984455903e+00 -1.66032566367401963e-01 5.57170066340883285e-01
-3.60000000000000000e+01 1.23041605284038091e+01 -7.79275606623084260e-01 2.61508360040179788e+00 -7.79275606623084260e-01 4.93548885091273995e-02 -1.65624534430351661e-01 2.61508360040179788e+00 -1.65624534430351661e-01 5.55800797730456320e-01
-3.57500000000000000e+01 1.22729518278240395e+01 -7.77299024879041234e-01 2.60845061143131085e+00 -7.77299024879041234e-01 4.92297030538439151e-02 -1.65204438602459286e-01 2.60845061143131085e+00 -1.65204438602459286e-01 5.54391045261905191e-01
-3.55000000000000000e+01 1.22408458249731069e+01 -7.75265613108271023e-01 2.60162691294850035e+00 -7.75265613108271023e-01 4.91009183076173486e-02 -1.64772264317807365e-01 2.60162691294850035e+00 -1.64772264317807365e-01 5.52940760055101288e-01
-3.52500000000000000e+01 1.22078415439907513e+01 -7.73175309505330310e-01 2.59461229754741174e+00 -7.73175309505330310e-01 4.89685303560421226e-02 -1.64327998440481376e-01 2.59461229754741174e+00 -1.64327998440481376e-01 5.51449898028702368e-01
-3.50000000000000000e+01 1.21739381158700617e+01 -7.71028059032259572e-01 2.58740658053232986e+00 -7.71028059032259572e-01 4.88325357133266719e-02 -1.63871629272904301e-01 2.58740658053232986e+00 -1.63871629272904301e-01 5.49918419928121960e-01
-3.47500000000000000e+01 1.21391347790595461e+01 -7.68823813456715133e-01 2.58000960004574242e+00 -7.68823813456715133e-01 4.86929313247084147e-02 -1.63403146563941115e-01 2.58000960004574242e+00 -1.63403146563941115e-01 5.48346291352725612e-01
-3.45000000000000000e+01 1.21034308800478811e+01 -7.66562531389003543e-01 2.57242121719261974e+00 -7.66562531389003543e-01 4.85497145687993972e-02 -1.62922541516769964e-01 2.57242121719261974e+00 -1.62922541516769964e-01 5.46733482782245650e-01
-3.42500000000000000e+01 1.20668258739311618e+01 -7.64244178318008061e-01 2.56464131616097646e+00 -7.64244178318008061e-01 4.84028832598615774e-02 -1.62429806796517723e-01 2.56464131616097646e+00 -1.62429806796517723e-01 5.45079969602404235e-01
-3.40000000000000000e+01 1.20293193249624064e+01 -7.61868726645990813e-01 2.55666980433865909e+00 -7.61868726645990813e-01 4.82524356500110899e-02 -1.61924936537656994e-01 2.55666980433865909e+00 -1.61924936537656994e-01 5.43385732129735732e-01
-3.37500000000000000e+01 1.19909109070831725e+01 -7.59436155722262973e-01 2.54850661242633780e+00 -7.59436155722262973e-01 4.80983704313506580e-02 -1.61407926351161968e-01 2.54850661242633780e+00 -1.61407926351161968e-01 5.41650755635600833e-01
-3.35000000000000000e+01 1.19516004044370607e+01 -7.56946451875707194e-01 2.54015169454664314e+00 -7.56946451875707194e-01 4.79406867380293769e-02 -1.60878773331420755e-01 2.54015169454664314e+00 -1.60878773331420755e-01 5.39875030369382336e-01
-3.32500000000000000e+01 1.19113877118649398e+01 -7.54399608446141512e-01 2.53160502834941692e+00 -7.54399608446141512e-01 4.77793841482291870e-02 -1.60337476062901413e-01 2.53160502834941692e+00 -1.60337476062901413e-01 5.38058551580855582e-01
-3.30000000000000000e+01 1.18702728353816767e+01 -7.51795625814513313e-01 2.52286661511303878e+00 -7.51795625814513313e-01 4.76144626860771289e-02 -1.59784034626569205e-01 2.52286661511303878e+00 -1.59784034626569205e-01 5.36201319541722565e-01
-3.27500000000000000e+01 1.18282558926342247e+01 -7.49134511431912342e-01 2.51393647984178381e+00 -7.49134511431912342e-01 4.74459228234828737e-02 -1.59218450606052858e-01 2.51393647984178381e+00 -1.59218450606052858e-01 5.34303339566305491e-01
-3.25000000000000000e+01 1.17853371133408924e+01 -7.46416279847390451e-01 2.50481467135918434e+00 -7.46416279847390451e-01 4.72737654819007022e-02 -1.58640727093557421e-01 2.50481467135918434e+00 -1.58640727093557421e-01 5.32364622031388346e-01
-3.22500000000000000e+01 1.17415168397115970e+01 -7.43640952734579419e-01 2.49550126239734960e+00 -7.43640952734579419e-01 4.70979920340152750e-02 -1.58050868695521374e-01 2.49550126239734960e+00 -1.58050868695521374e-01 5.30385182395201382e-01
-3.20000000000000000e+01 1.16967955268489394e+01 -7.40808558917091631e-01 2.48599634968220728e+00 -7.40808558917091631e-01 4.69186043053504004e-02 -1.57448881538015312e-01 2.48599634968220728e+00 -1.57448881538015312e-01 5.28365041215537956e-01
-3.17500000000000000e+01 1.16511737431299593e+01 -7.37919134392698850e-01 2.47630005401464270e+00 -7.37919134392698850e-01 4.67356045758003935e-02 -1.56834773271880862e-01 2.47630005401464270e+00 -1.56834773271880862e-01 5.26304224166998846e-01
-3.15000000000000000e+01 1.16046521705683965e+01 -7.34972722356275754e-01 2.46641252034749003e+00 -7.34972722356275754e-01 4.65489955810831427e-02 -1.56208553077606782e-01 2.46641252034749003e+00 -1.56208553077606782e-01 5.24202762057357052e-01
-3.12500000000000000e+01 1.15572316051572912e+01 -7.31969373221497910e-01 2.45633391785834876e+00 -7.31969373221497910e-01 4.63587805141143644e-02 -1.55570231669940828e-01 2.45633391785834876e+00 -1.55570231669940828e-01 5.22060690843032527e-01
-3.10000000000000000e+01 1.15089129571917788e+01 -7.28909144641286311e-01 2.44606444001819012e+00 -7.28909144641286311e-01 4.61649630263024566e-02 -1.54919821302234889e-01 2.44606444001819012e+00 -1.54919821302234889e-01 5.19878051643674399e-01
-3.07500000000000000e+01 1.14596972515719457e+01 -7.25792101526988365e-01 2.43560430465572297e+00 -7.25792101526988365e-01 4.59675472287632836e-02 -1.54257335770521531e-01 2.43560430465572297e+00 -1.54257335770521531e-01 5.17654890755841035e-01
-3.05000000000000000e+01 1.14095856280855994e+01 -7.22618316066286459e-01 2.42495375401749502e+00 -7.22618316066286459e-01 4.57665376934544288e-02 -1.53582790417320425e-01 2.42495375401749502e+00 -1.53582790417320425e-01 5.15391259665773260e-01
-3.02500000000000000e+01 1.13585793416707777e+01 -7.19387867739824549e-01 2.41411305482368332e+00 -7.19387867739824549e-01 4.55619394542282063e-02 -1.52896202135171938e-01 2.41411305482368332e+00 -1.52896202135171938e-01 5.13087215061252544e-01
-3.00000000000000000e+01 1.13066797626579234e+01 -7.16100843336545667e-01 2.40308249831956733e+00 -7.16100843336545667e-01 4.53537580078030855e-02 -1.52197589369896996e-01 2.40308249831956733e+00 -1.52197589369896996e-01 5.10742818842540247e-01
-2.97500000000000000e+01 1.12538883769915490e+01 -7.12757336967730915e-01 2.39186240032263919e+00 -7.12757336967730915e-01 4.51419993146527851e-02 -1.51486972123580810e-01 2.39186240032263919e+00 -1.51486972123580810e-01 5.08358138132390724e-01
-2.95000000000000000e+01 1.12002067864312824e+01 -7.09357450079732832e-01 2.38045310126533494e+00 -7.09357450079732832e-01 4.49266697998127948e-02 -1.50764371957279320e-01 2.38045310126533494e+00 -1.50764371957279320e-01 5.05933245285133060e-01
-2.92500000000000000e+01 1.11456367087321695e+01 -7.05901291465394487e-01 2.36885496623335401e+00 -7.05901291465394487e-01 4.47077763536035469e-02 -1.50029811993446005e-01 2.36885496623335401e+00 -1.50029811993446005e-01 5.03468217894815551e-01
-2.90000000000000000e+01 1.10901799778041354e+01 -7.02388977274148729e-01 2.35706838499954952e+00 -7.02388977274148729e-01 4.44853263322700782e-02 -1.49283316918078474e-01 2.35706838499954952e+00 -1.49283316918078474e-01 5.00963138802408392e-01
-2.87500000000000000e+01 1.10338385438504556e+01 -6.98820631020788841e-01 2.34509377205336245e+00 -6.98820631020788841e-01 4.42593275585374812e-02 -1.48524912982582413e-01 2.34509377205336245e+00 -1.48524912982582413e-01 4.98418096102059671e-01
-2.85000000000000000e+01 1.09766144734851760e+01 -6.95196383592904477e-01 2.33293156662577328e+00 -6.95196383592904477e-01 4.40297883220818961e-02 -1.47754628005352134e-01 2.33293156662577328e+00 -1.47754628005352134e-01 4.95833183146398515e-01
-2.82500000000000000e+01 1.09185099498293496e+01 -6.91516373256976791e-01 2.32058223270975850e+00 -6.91516373256976791e-01 4.37967173799165069e-02 -1.46972491373066033e-01 2.32058223270975850e+00 -1.46972491373066033e-01 4.93208498550882612e-01
-2.80000000000000000e+01 1.08595272725859981e+01 -6.87780745663126636e-01 2.30804625907622096e+00 -6.87780745663126636e-01 4.35601239566922732e-02 -1.46178534041695507e-01 2.30804625907622096e+00 -1.46178534041695507e-01 4.90544146197184394e-01
-2.77500000000000000e+01 1.07996688580937032e+01 -6.83989653848508516e-01 2.29532415928538258e+00 -6.83989653848508516e-01 4.33200177449129045e-02 -1.45372788537226599e-01 2.29532415928538258e+00 -1.45372788537226599e-01 4.87840235235612041e-01
-2.75000000000000000e+01 1.07389372393587941e+01 -6.80143258239348847e-01 2.28241647169362105e+00 -6.80143258239348847e-01 4.30764089050639024e-02 -1.44555288956092959e-01 2.28241647169362105e+00 -1.44555288956092959e-01 4.85096880086562821e-01
-2.72500000000000000e+01 1.06773350660659290e+01 -6.76241726651616415e-01 2.26932375945572407e+00 -6.76241726651616415e-01 4.28293080656551028e-02 -1.43726070965318586e-01 2.26932375945572407e+00 -1.43726070965318586e-01 4.82314200441001872e-01
-2.70000000000000000e+01 1.06148651045671514e+01 -6.72285234290329270e-01 2.25604661052255917e+00 -6.72285234290329270e-01 4.25787263231766772e-02 -1.42885171802370203e-01 2.25604661052255917e+00 -1.42885171802370203e-01 4.79492321259967158e-01
-2.67500000000000000e+01 1.05515302378491924e+01 -6.68273963747483601e-01 2.24258563763412644e+00 -6.68273963747483601e-01 4.23246752419680627e-02 -1.42032630274717436e-01 2.24258563763412644e+00 -1.42032630274717436e-01 4.76631372773092921e-01
-2.65000000000000000e+01 1.04873334654790877e+01 -6.64208104998610049e-01 2.22894147830799927e+00 -6.64208104998610049e-01 4.20671668539997767e-02 -1.41168486759100514e-01 2.22894147830799927e+00 -1.41168486759100514e-01 4.73731490476153150e-01
-2.62500000000000000e+01 1.04222779035279629e+01 -6.60087855397945455e-01 2.21511479482312623e+00 -6.60087855397945455e-01 4.18062136585676813e-02 -1.40292783200504506e-01 2.21511479482312623e+00 -1.40292783200504506e-01 4.70792815127618058e-01
-2.60000000000000000e+01 1.03563667844729519e+01 -6.55913419672222386e-01 2.20110627419898508e+00 -6.55913419672222386e-01 4.15418286218996111e-02 -1.39405563110838959e-01 2.20110627419898508e+00 -1.39405563110838959e-01 4.67815492744224681e-01
-2.57500000000000000e+01 1.02896034570772059e+01 -6.51685009913068658e-01 2.18691662817008003e+00 -6.51685009913068658e-01 4.12740251766740007e-02 -1.38506871567322803e-01 2.18691662817008003e+00 -1.38506871567322803e-01 4.64799674595555767e-01
-2.55000000000000000e+01 1.02219913862479554e+01 -6.47402845568018415e-01 2.17254659315577614e+00 -6.47402845568018415e-01 4.10028172214506048e-02 -1.37596755210573740e-01 2.17254659315577614e+00 -1.37596755210573740e-01 4.61745517197628852e-01
-2.52500000000000000e+01 1.01535341528725720e+01 -6.43067153430128102e-01 2.15799693022545469e+00 -6.43067153430128102e-01 4.07282191200128221e-02 -1.36675262242401396e-01 2.15799693022545469e+00 -1.36675262242401396e-01 4.58653182305490181e-01
-2.50000000000000000e+01 1.00842354536325765e+01 -6.38678167626198223e-01 2.14326842505898307e+00 -6.38678167626198223e-01 4.04502457006217092e-02 -1.35742442423303800e-01 2.14326842505898307e+00 -1.35742442423303800e-01 4.55522836904813766e-01
-2.47500000000000000e+01 1.00140991007956099e+01 -6.34236129603597099e-01 2.12836188790250302e+00 -6.34236129603597099e-01 4.01689122551815020e-02 -1.34798347069667174e-01 2.12836188790250302e+00 -1.34798347069667174e-01 4.52354653202504120e-01
-2.45000000000000000e+01 9.94312902198529969e+00 -6.29741288115685638e-01 2.11327815351951731e+00 -6.29741288115685638e-01 3.98842345383164723e-02 -1.33843029050667972e-01 2.11327815351951731e+00 -1.33843029050667972e-01 4.49148808616300521e-01
-2.42500000000000000e+01 9.87132925992903232e+00 -6.25193899205842674e-01 2.09801808113728105e+00 -6.25193899205842674e-01 3.95962287663592163e-02 -1.32876542784877844e-01 2.09801808113728105e+00 -1.32876542784877844e-01 4.45905485763383624e-01
-2.40000000000000000e+01 9.79870397218359912e+00 -6.20594226190089082e-01 2.08258255438849371e+00 -6.20594226190089082e-01 3.93049116162501322e-02 -1.31898944236570503e-01 2.08258255438849371e+00 -1.31898944236570503e-01 4.42624872447982320e-01
-2.37500000000000000e+01 9.72525743083871319e+00 -6.15942539638310360e-01 2.06697248124828592e+00 -6.15942539638310360e-01 3.90103002243482044e-02 -1.30910290911730953e-01 2.06697248124828592e+00 -1.30910290911730953e-01 4.39307161647981448e-01
-2.35000000000000000e+01 9.65099402219840030e+00 -6.11239117354077099e-01 2.05118879396649989e+00 -6.11239117354077099e-01 3.87124121851529085e-02 -1.29910641853766440e-01 2.05118879396649989e+00 -1.29910641853766440e-01 4.35952551500528862e-01
-2.32500000000000000e+01 9.57591824644026879e+00 -6.06484244353065693e-01 2.03523244899527578e+00 -6.06484244353065693e-01 3.84112655499375122e-02 -1.28900057638920290e-01 2.03523244899527578e+00 -1.28900057638920290e-01 4.32561245286644858e-01
-2.30000000000000000e+01 9.50003471725264959e+00 -6.01678212840076831e-01 2.01910442691192804e+00 -6.01678212840076831e-01 3.81068788252935803e-02 -1.27878600371387235e-01 2.01910442691192804e+00 -1.27878600371387235e-01 4.29133451414830613e-01
-2.27500000000000000e+01 9.42334816144963128e+00 -5.96821322184653669e-01 2.00280573233712733e+00 -5.96821322184653669e-01 3.77992709715867237e-02 -1.26846333678131584e-01 2.00280573233712733e+00 -1.26846333678131584e-01 4.25669383403678991e-01
-2.25000000000000000e+01 9.34586341856402747e+00 -5.91913878895302670e-01 1.98633739384839192e+00 -5.91913878895302670e-01 3.74884614013239470e-02 -1.25803322703408188e-01 1.98633739384839192e+00 -1.25803322703408188e-01 4.22169259863487745e-01
-2.22500000000000000e+01 9.26758544041825871e+00 -5.86956196592316237e-01 1.96970046388888309e+00 -5.86956196592316237e-01 3.71744699774323520e-02 -1.24749634102986146e-01 1.96970046388888309e+00 -1.24749634102986146e-01 4.18633304476875967e-01
-2.20000000000000000e+01 9.18851929067323603e+00 -5.81948595979200900e-01 1.95289601867152629e+00 -5.81948595979200900e-01 3.68573170114495641e-02 -1.23685336038076313e-01 1.95289601867152629e+00 -1.23685336038076313e-01 4.15061745978406005e-01
-2.17500000000000000e+01 9.10867014435520339e+00 -5.76891404812710618e-01 1.93592515807845000e+00 -5.76891404812710618e-01 3.65370232616258339e-02 -1.22610498168962384e-01 1.93592515807845000e+00 -1.22610498168962384e-01 4.11454818133210165e-01
-2.15000000000000000e+01 9.02804328736068662e+00 -5.71784957871493416e-01 1.91878900555576748e+00 -5.71784957871493416e-01 3.62136099309382578e-02 -1.21525191648336903e-01 1.91878900555576748e+00 -1.21525191648336903e-01 4.07812759714628659e-01
-2.12500000000000000e+01 8.94664411593948294e+00 -5.66629596923345469e-01 1.90148870800369219e+00 -5.66629596923345469e-01 3.58870986650168880e-02 -1.20429489114341912e-01 1.90148870800369219e+00 -1.20429489114341912e-01 4.04135814480854727e-01
-2.10000000000000000e+01 8.86447813615583868e+00 -5.61425670691087064e-01 1.88402543566202119e+00 -5.61425670691087064e-01 3.55575115499834477e-02 -1.19323464683315963e-01 1.88402543566202119e+00 -1.19323464683315963e-01 4.00424231150595777e-01
-2.07500000000000000e+01 8.78155096332780616e+00 -5.56173534817053117e-01 1.86640038199097602e+00 -5.56173534817053117e-01 3.52248711102024145e-02 -1.18207193942247379e-01 1.86640038199097602e+00 -1.18207193942247379e-01 3.96678263377747586e-01
-2.05000000000000000e+01 8.69786832144489175e+00 -5.50873551826211116e-01 1.84861476354743193e+00 -5.50873551826211116e-01 3.48892003059450909e-02 -1.17080753940935270e-01 1.84861476354743193e+00 -1.17080753940935270e-01 3.92898169725088620e-01
-2.02500000000000000e+01 8.61343604256400042e+00 -5.45526091087903287e-01 1.83066981985653432e+00 -5.45526091087903287e-01 3.45505225309666042e-02 -1.15944223183858469e-01 1.83066981985653432e+00 -1.15944223183858469e-01 3.89084213636993970e-01
-2.00000000000000000e+01 8.52826006618385968e+00 -5.40131528776226499e-01 1.81256681327874114e+00 -5.40131528776226499e-01 3.42088616099965465e-02 -1.14797681621754716e-01 1.81256681327874114e+00 -1.14797681621754716e-01 3.85236663411176627e-01
-1.97500000000000000e+01 8.44234643859787504e+00 -5.34690247829045728e-01 1.79430702887228066e+00 -5.34690247829045728e-01 3.38642417961431338e-02 -1.13641210642909551e-01 1.79430702887228066e+00 -1.13641210642909551e-01 3.81355792169455088e-01
-1.95000000000000000e+01 8.35570131222560342e+00 -5.29202637905653028e-01 1.77589177425106493e+00 -5.29202637905653028e-01 3.35166877682116227e-02 -1.12474893064157339e-01 1.77589177425106493e+00 -1.12474893064157339e-01 3.77441877827554673e-01
-1.92500000000000000e+01 8.26833094492287124e+00 -5.23669095343074709e-01 1.75732237943806546e+00 -5.23669095343074709e-01 3.31662246279369674e-02 -1.11298813121594925e-01 1.75732237943806546e+00 -1.11298813121594925e-01 3.73495203063944403e-01
-1.90000000000000000e+01 8.18024169927068101e+00 -5.18090023111034692e-01 1.73860019671417887e+00 -5.18090023111034692e-01 3.28128778971315122e-02 -1.10113056461009690e-01 1.73860019671417887e+00 -1.10113056461009690e-01 3.69516055287715472e-01
-1.87500000000000000e+01 8.09144004184297927e+00 -5.12465830765578834e-01 1.71972660046260173e+00 -5.12465830765578834e-01 3.24566735147478122e-02 -1.08917710128023010e-01 1.71972660046260173e+00 -1.08917710128023010e-01 3.65504726605505315e-01
-1.85000000000000000e+01 8.00193254245339425e+00 -5.06796934401368193e-01 1.70070298700873535e+00 -5.06796934401368193e-01 3.20976378338571275e-02 -1.07712862557950872e-01 1.70070298700873535e+00 -1.07712862557950872e-01 3.61461513787471433e-01
-1.82500000000000000e+01 7.91172587338107824e+00 -5.01083756602647035e-01 1.68153077445564625e+00 -5.01083756602647035e-01 3.17357976185440871e-02 -1.06498603565382821e-01 1.68153077445564625e+00 -1.06498603565382821e-01 3.57386718232320710e-01
-1.80000000000000000e+01 7.82082680857575507e+00 -4.95326726392896655e-01 1.66221140251511290e+00 -4.95326726392896655e-01 3.13711800407179345e-02 -1.05275024333481404e-01 1.66221140251511290e+00 -1.05275024333481404e-01 3.53280645931400794e-01
-1.77500000000000000e+01 7.72924222284208984e+00 -4.89526279183176705e-01 1.64274633233427303e+00 -4.89526279183176705e-01 3.10038126768408945e-02 -1.04042217403002998e-01 1.64274633233427303e+00 -1.04042217403002998e-01 3.49143607431856129e-01
-1.75000000000000000e+01 7.63697909100353645e+00 -4.83682856719168830e-01 1.62313704631791045e+00 -4.83682856719168830e-01 3.06337235045740994e-02 -1.02800276661042536e-01 1.62313704631791045e+00 -1.02800276661042536e-01 3.44975917798857612e-01
-1.72500000000000000e+01 7.54404448704577923e+00 -4.77796907026926565e-01 1.60338504794640557e+00 -4.77796907026926565e-01 3.02609408993417817e-02 -1.01549297329503407e-01 1.60338504794640557e+00 -1.01549297329503407e-01 3.40777896576910266e-01
-1.70000000000000000e+01 7.45044558323989836e+00 -4.71868884357342200e-01 1.58349186158937605e+00 -4.71868884357342200e-01 2.98854936308140633e-02 -1.00289375953294638e-01 1.58349186158937605e+00 -1.00289375953294638e-01 3.36549867750245313e-01
-1.67500000000000000e+01 7.35618964924545260e+00 -4.65899249129340498e-01 1.56345903231504879e+00 -4.65899249129340498e-01 2.95074108593092119e-02 -9.90206103882574906e-02 1.56345903231504879e+00 -9.90206103882574906e-02 3.32292159702304357e-01
-1.65000000000000000e+01 7.26128405119355236e+00 -4.59888467871806317e-01 1.54328812569537988e+00 -4.59888467871806317e-01 2.91267221321156247e-02 -9.77430997888229375e-02 1.54328812569537988e+00 -9.77430997888229375e-02 3.28005105174320633e-01
-1.62500000000000000e+01 7.16573625075015652e+00 -4.53837013164258896e-01 1.52298072760697067e+00 -4.53837013164258896e-01 2.87434573797345112e-02 -9.64569445954028132e-02 1.52298072760697067e+00 -9.64569445954028132e-02 3.23689041223006180e-01
-1.60000000000000000e+01 7.06955380415970858e+00 -4.47745363576281141e-01 1.50253844402780556e+00 -4.47745363576281141e-01 2.83576469120436700e-02 -9.51622465215162805e-02 1.50253844402780556e+00 -9.51622465215162805e-02 3.19344309177351293e-01
-1.57500000000000000e+01 6.97274436126928965e+00 -4.41614003605715011e-01 1.48196290082984850e+00 -4.41614003605715011e-01 2.79693214143831477e-02 -9.38591085406541709e-02 1.48196290082984850e+00 -9.38591085406541709e-02 3.14971254594543726e-01
-1.55000000000000000e+01 6.87531566453346699e+00 -4.35443423615634706e-01 1.46125574356753796e+00 -4.35443423615634706e-01 2.75785119435634496e-02 -9.25476348728833526e-02 1.46125574356753796e+00 -9.25476348728833526e-02 3.10570227215016093e-01
-1.52500000000000000e+01 6.77727554799999954e+00 -4.29234119770106337e-01 1.44041863726221164e+00 -4.29234119770106337e-01 2.71852499237969641e-02 -9.12279309711934855e-02 1.44041863726221164e+00 -9.12279309711934855e-02 3.06141580916628020e-01
-1.50000000000000000e+01 6.67863193627660490e+00 -4.22986593968749436e-01 1.41945326618250611e+00 -4.22986593968749436e-01 2.67895671425534242e-02 -8.99001035075887855e-02 1.41945326618250611e+00 -8.99001035075887855e-02 3.01685673667993592e-01
-1.47500000000000000e+01 6.57939284347894482e+00 -4.16701353780107864e-01 1.39836133362076631e+00 -4.16701353780107864e-01 2.63914957463400289e-02 -8.85642603589270050e-02 1.39836133362076631e+00 -8.85642603589270050e-02 2.97202867480959754e-01
-1.45000000000000000e+01 6.47956637216005582e+00 -4.10378912373846272e-01 1.37714456166551025e+00 -4.10378912373846272e-01 2.59910682364071326e-02 -8.72205105925086960e-02 1.37714456166551025e+00 -8.72205105925086960e-02 2.92693528362246769e-01
-1.42500000000000000e+01 6.37916071222138470e+00 -4.04019788451781436e-01 1.35580469096998368e+00 -4.04019788451781436e-01 2.55883174643801552e-02 -8.58689644514188249e-02 1.35580469096998368e+00 -8.58689644514188249e-02 2.88158026264258016e-01
-1.40000000000000000e+01 6.27818413980566969e+00 -3.97624506177763182e-01 1.33434348051685747e+00 -3.97624506177763182e-01 2.51832766278186730e-02 -8.45097333396239020e-02 1.33434348051685747e+00 -8.45097333396239020e-02 2.83596735035068992e-01
-1.37500000000000000e+01 6.17664501617183159e+00 -3.91193595106416769e-01 1.31276270737910128e+00 -3.91193595106416769e-01 2.47759792657033344e-02 -8.31429298068271788e-02 1.31276270737910128e+00 -8.31429298068271788e-02 2.79010032367604743e-01
-1.35000000000000000e+01 6.07455178655213412e+00 -3.84727590110761797e-01 1.29106416647708633e+00 -3.84727590110761797e-01 2.43664592538516515e-02 -8.17686675330849544e-02 1.29106416647708633e+00 -8.17686675330849544e-02 2.74398299748015106e-01
-1.32500000000000000e+01 5.97191297899176643e+00 -3.78227031308717987e-01 1.26924967033195735e+00 -3.78227031308717987e-01 2.39547508002633212e-02 -8.03870613131864586e-02 1.26924967033195735e+00 -8.03870613131864586e-02 2.69761922403257304e-01
-1.30000000000000000e+01 5.86873720317115399e+00 -3.71692463988516908e-01 1.24732104881532813e+00 -3.71692463988516908e-01 2.35408884403962015e-02 -7.89982270408010334e-02 1.24732104881532813e+00 -7.89982270408010334e-02 2.65101289247896943e-01
-1.27500000000000000e+01 5.76503314921113130e+00 -3.65124438533028672e-01 1.22528014889533798e+00 -3.65124438533028672e-01 2.31249070323736039e-02 -7.76022816923947895e-02 1.22528014889533798e+00 -7.76022816923947895e-02 2.60416792830135968e-01
-1.25000000000000000e+01 5.66080958646127819e+00 -3.58523510343021823e-01 1.20312883437912999e+00 -3.58523510343021823e-01 2.27068417521240212e-02 -7.61993433109206530e-02 1.20312883437912999e+00 -7.61993433109206530e-02 2.55708829277079774e-01
-1.22500000000000000e+01 5.55607536227161347e+00 -3.51890239759369339e-01 1.18086898565178822e+00 -3.51890239759369339e-01 2.22867280884540761e-02 -7.47895309892841476e-02 1.18086898565178822e+00 -7.47895309892841476e-02 2.50977798239251815e-01
-1.20000000000000000e+01 5.45083940074790263e+00 -3.45225191984217139e-01 1.15850249941179828e+00 -3.45225191984217139e-01 2.18646018380557992e-02 -7.33729648535888929e-02 1.15850249941179828e+00 -7.33729648535888929e-02 2.46224102834369268e-01
-1.17500000000000000e+01 5.34511070149082013e+00 -3.38528937001129626e-01 1.13603128840307144e+00 -3.38528937001129626e-01 2.14404991004490987e-02 -7.19497660461646260e-02 1.13603128840307144e+00 -7.19497660461646260e-02 2.41448149590388517e-01
-1.15000000000000000e+01 5.23889833831920448e+00 -3.31802049494227980e-01 1.11345728114359011e+00 -3.31802049494227980e-01 2.10144562728604330e-02 -7.05200567083811153e-02 1.11345728114359011e+00 -7.05200567083811153e-02 2.36650348387832304e-01
-1.12500000000000000e+01 5.13221145797768497e+00 -3.25045108766338464e-01 1.09078242165073114e+00 -3.25045108766338464e-01 2.05865100450387910e-02 -6.90839599632516732e-02 1.09078242165073114e+00 -6.90839599632516732e-02 2.31831112401410799e-01
-1.10000000000000000e+01 5.02505927882888948e+00 -3.18258698656164463e-01 1.06800866916331261e+00 -3.18258698656164463e-01 2.01566973940098537e-02 -6.76415998978292243e-02 1.06800866916331261e+00 -6.76415998978292243e-02 2.26990858040946653e-01
-1.07500000000000000e+01 4.91745108953055521e+00 -3.11443407454502219e-01 1.04513799786043182e+00 -3.11443407454502219e-01 1.97250555787695479e-02 -6.61931015453990218e-02 1.04513799786043182e+00 -6.61931015453990218e-02 2.22130004891617439e-01
-1.05000000000000000e+01 4.80939624769774632e+00 -3.04599827819512892e-01 1.02217239657713588e+00 -3.04599827819512892e-01 1.92916221349178907e-02 -6.47385908674709548e-02 1.02217239657713588e+00 -6.47385908674709548e-02 2.17248975653525661e-01
-1.02500000000000000e+01 4.70090417855049836e+00 -2.97728556691072621e-01 9.99113868516999237e-01 -2.97728556691072621e-01 1.88564348692343876e-02 -6.32781947355757629e-02 9.99113868516999237e-01 -6.32781947355757629e-02 2.12348196080610702e-01
-1.00000000000000000e+01 4.59198437354711864e+00 -2.90830195204213215e-01 9.75964430961648088e-01 -2.90830195204213215e-01 1.84195318541958558e-02 -6.18120409128679812e-02 9.75964430961648088e-01 -6.18120409128679812e-02 2.07428094918912204e-01
-9.75000000000000000e+00 4.48264638900345691e+00 -2.83905348601674545e-01 9.52726114977306082e-01 -2.83905348601674545e-01 1.79809514224380136e-02 -6.03402580355402035e-02 9.52726114977306082e-01 -6.03402580355402035e-02 2.02489103844200408e-01
-9.50000000000000000e+00 4.37289984469839688e+00 -2.76954626145584526e-01 9.29400965118410194e-01 -2.76954626145584526e-01 1.75407321611617713e-02 -5.88629755940518126e-02 9.29400965118410194e-01 -5.88629755940518126e-02 1.97531657398983540e-01
-9.25000000000000000e+00 4.26275442246588199e+00 -2.69978641028285837e-01 9.05991039128363984e-01 -2.69978641028285837e-01 1.70989129064855021e-02 -5.73803239141763913e-02 9.05991039128363984e-01 -5.73803239141763913e-02 1.92556192928907133e-01
-9.00000000000000000e+00 4.15221986477372251e+00 -2.62978010282325758e-01 8.82498407637483107e-01 -2.62978010282325758e-01 1.66555327377443212e-02 -5.58924341378712886e-02 8.82498407637483107e-01 -5.58924341378712886e-02 1.87563150518556265e-01
-8.75000000000000000e+00 4.04130597328953023e+00 -2.55953354689630597e-01 8.58925153858203561e-01 -2.55953354689630597e-01 1.62106309717377044e-02 -5.43994382039738739e-02 8.58925153858203561e-01 -5.43994382039738739e-02 1.82552972926676244e-01
-8.50000000000000000e+00 3.93002260743401655e+00 -2.48905298689879761e-01 8.35273373277605202e-01 -2.48905298689879761e-01 1.57642471569264218e-02 -5.29014688287276907e-02 8.35273373277605202e-01 -5.29014688287276907e-02 1.77526105520822569e-01
-8.25000000000000000e+00 3.81837968292200314e+00 -2.41834470288101677e-01 8.11545173347322235e-01 -2.41834470288101677e-01 1.53164210675801899e-02 -5.13986594861431528e-02 8.11545173347322235e-01 -5.13986594861431528e-02 1.72482996211455630e-01
-8.00000000000000000e+00 3.70638717029141684e+00 -2.34741500961508753e-01 7.87742673170901631e-01 -2.34741500961508753e-01 1.48671926978771254e-02 -4.98911443881966468e-02 7.87742673170901631e-01 -4.98911443881966468e-02 1.67424095385493049e-01
-7.75000000000000000e+00 3.59405509342057750e+00 -2.27627025565590779e-01 7.63868003188672984e-01 -2.27627025565590779e-01 1.44166022559562394e-02 -4.83790584648719144e-02 7.63868003188672984e-01 -4.83790584648719144e-02 1.62349855839332757e-01
-7.50000000000000000e+00 3.48139352803410729e+00 -2.20491682239487619e-01 7.39923304860198416e-01 -2.20491682239487619e-01 1.39646901579242779e-02 -4.68625373440482926e-02 7.39923304860198416e-01 -4.68625373440482926e-02 1.57260732711362206e-01
-7.25000000000000000e+00 3.36841260019774191e+00 -2.13336112310659298e-01 7.15910730344366142e-01 -2.13336112310659298e-01 1.35114970218180655e-02 -4.53417173312396019e-02 7.15910730344366142e-01 -4.53417173312396019e-02 1.52157183413966501e-01
-7.00000000000000000e+00 3.25512248480238320e+00 -2.06160960198874366e-01 6.91832442177195861e-01 -2.06160960198874366e-01 1.30570636615236785e-02 -4.38167353891882327e-02 6.91832442177195861e-01 -4.38167353891882327e-02 1.47039667565050297e-01
-6.75000000000000000e+00 3.14153340403770320e+00 -1.98966873319536663e-01 6.67690612947423490e-01 -1.98966873319536663e-01 1.26014310806537074e-02 -4.22877291173184705e-02 6.67690612947423490e-01 -4.22877291173184705e-02 1.41908646919087666e-01
-6.50000000000000000e+00 3.02765562585560888e+00 -1.91754501986370007e-01 6.43487424969931943e-01 -1.91754501986370007e-01 1.21446404663838586e-02 -4.07548367310534981e-02 6.43487424969931943e-01 -4.07548367310534981e-02 1.36764585297714236e-01
-6.25000000000000000e+00 2.91349946242391722e+00 -1.84524499313482582e-01 6.19225069957100249e-01 -1.84524499313482582e-01 1.16867331832502756e-02 -3.92181970410004771e-02 6.19225069957100249e-01 -3.92181970410004771e-02 1.31607948519876811e-01
-6.00000000000000000e+00 2.79907526857052957e+00 -1.77277521116829984e-01 5.94905748688133729e-01 -1.77277521116829984e-01 1.12277507669087569e-02 -3.76779494320078345e-02 5.94905748688133729e-01 -3.76779494320078345e-02 1.26439204331554089e-01
-5.75000000000000000e+00 2.68439344021847015e+00 -1.70014225815099312e-01 5.70531670676452385e-01 -1.70014225815099312e-01 1.07677349178573259e-02 -3.61342338420995307e-02 5.70531670676452385e-01 -3.61342338420995307e-02 1.21258822335064409e-01
-5.50000000000000000e+00 2.56946441281209870e+00 -1.62735274330034430e-01 5.46105053835204024e-01 -1.62735274330034430e-01 1.03067274951234022e-02 -3.45871907412905397e-02 5.46105053835204024e-01 -3.45871907412905397e-02 1.16067273917975153e-01
-5.25000000000000000e+00 2.45429865973483041e+00 -1.55441329986223509e-01 5.21628124140971816e-01 -1.55441329986223509e-01 9.84477050991689959e-03 -3.30369611102880045e-02 5.21628124140971816e-01 -3.30369611102880045e-02 1.10865032181628256e-01
-5.00000000000000000e+00 2.33890669071871349e+00 -1.48133058410370444e-01 4.97103115295751075e-01 -1.48133058410370444e-01 9.38190611925066725e-03 -3.14836864190827792e-02 4.97103115295751075e-01 -3.14836864190827792e-02 1.05652571869297954e-01
-4.75000000000000000e+00 2.22329905024618535e+00 -1.40811127430071403e-01 4.72532268387264309e-01 -1.40811127430071403e-01 8.91817661952955948e-03 -2.99275086054357174e-02 4.72532268387264309e-01 -2.99275086054357174e-02 1.00430369293995361e-01
-4.50000000000000000e+00 2.10748631594436020e+00 -1.33476206972117900e-01 4.47917831547688772e-01 -1.33476206972117900e-01 8.45362444010953895e-03 -2.83685700532633825e-02 4.47917831547688772e-01 -2.83685700532633825e-02 9.51989022659355255e-02
-4.25000000000000000e+00 1.99147909697218273e+00 -1.26128968960348559e-01 4.23262059610867603e-01 -1.26128968960348559e-01 7.98829213682817826e-03 -2.68070135709277853e-02 4.23262059610867603e-01 -2.68070135709277853e-02 8.99586500196823402e-02
-4.00000000000000000e+00 1.87528803240079611e+00 -1.18770087213070544e-01 3.98567213768078743e-01 -1.18770087213070544e-01 7.52222238550792708e-03 -2.52429823694347300e-02 3.98567213768078743e-01 -2.52429823694347300e-02 8.47100931409868196e-02
-3.75000000000000000e+00 1.75892378958747075e+00 -1.11400237340073677e-01 3.73835561222435608e-01 -1.11400237340073677e-01 7.05545797543356227e-03 -2.36766200405455103e-02 3.73835561222435608e-01 -2.36766200405455103e-02 7.94537134933346739e-02
-3.50000000000000000e+00 1.64239706254343787e+00 -1.04020096639258097e-01 3.49069374841991908e-01 -1.04020096639258097e-01 6.58804180280517585e-03 -2.21080705348065502e-02 3.49069374841991908e-01 -2.21080705348065502e-02 7.41899941442183269e-02
-3.25000000000000000e+00 1.52571857029597879e+00 -9.66303439928984931e-02 3.24270932811626000e-01 -9.66303439928984931e-02 6.12001686416813965e-03 -2.05374781395017275e-02 3.24270932811626000e-01 -2.05374781395017275e-02 6.89194192911497111e-02
-3.00000000000000000e+00 1.40889905524512882e+00 -8.92316597635668951e-02 2.99442518283780101e-01 -8.92316597635668951e-02 5.65142624982145018e-03 -1.89649874565321931e-02 2.99442518283780101e-01 -1.89649874565321931e-02 6.36424741874295347e-02
-2.75000000000000000e+00 1.29194928151533261e+00 -8.18247256897359915e-02 2.74586419028127249e-01 -8.18247256897359915e-02 5.18231313720583005e-03 -1.73907433802282518e-02 2.74586419028127249e-01 -1.73907433802282518e-02 5.83596450676887243e-02
-2.50000000000000000e+00 1.17488003330242163e+00 -7.44102247810860679e-02 2.49704927080243333e-01 -7.44102247810860679e-02 4.71272078427306673e-03 -1.58148910750982551e-02 2.49704927080243333e-01 -1.58148910750982551e-02 5.30714190732184121e-02
-2.25000000000000000e+00 1.05770211321625873e+00 -6.69888412135374867e-02 2.24800338389358506e-01 -6.69888412135374867e-02 4.24269252283796753e-03 -1.42375759535191843e-02 2.24800338389358506e-01 -1.42375759535191843e-02 4.77782841771042244e-02
-2.00000000000000000e+00 9.40426340619409218e-01 -5.95612602240316036e-02 1.99874952465264294e-01 -5.95612602240316036e-02 3.77227175191438080e-03 -1.26589436533737307e-02 1.99874952465264294e-01 -1.26589436533737307e-02 4.24807291091811590e-02
-1.75000000000000000e+00 8.23063549962197882e-01 -5.21281680050827076e-02 1.74931072024452294e-01 -5.21281680050827076e-02 3.30150193103671353e-03 -1.10791400156387519e-02 1.74931072024452294e-01 -1.10791400156387519e-02 3.71792432808251069e-02
-1.50000000000000000e+00 7.05624589114506984e-01 -4.46902515991236260e-02 1.49971002635560291e-01 -4.46902515991236260e-02 2.83042657356838206e-03 -9.49831106192984033e-03 1.49971002635560291e-01 -9.49831106192984033e-03 3.18743167095972488e-02
-1.25000000000000000e+00 5.88120317694680206e-01 -3.72481987926679137e-02 1.24997052364203248e-01 -3.72481987926679137e-02 2.35908923999864984e-03 -7.91660297200692635e-03 1.24997052364203248e-01 -7.91660297200692635e-03 2.65664399437576075e-02
-1.00000000000000000e+00 4.70561605395885707e-01 -2.98026980103113202e-02 1.00011531417264474e-01 -2.98026980103113202e-02 1.88753353122927806e-03 -6.33416206124571418e-03 1.00011531417264474e-01 -6.33416206124571418e-03 2.12561039866639538e-02
-7.50000000000000000e-01 3.52959330310306962e-01 -2.23544382085954473e-02 7.50167517867247891e-02 -2.23544382085954473e-02 1.41580308185245730e-03 -4.75113475807983649e-03 7.50167517867247891e-02 -4.75113475807983649e-03 1.59438002210725051e-02
-5.00000000000000000e-01 2.35324377251517364e-01 -1.49041087697565616e-02 5.00150268931059336e-02 -1.49041087697565616e-02 9.43941553421457757e-04 -3.16766758141859240e-03 5.00150268931059336e-02 -3.16766758141859240e-03 1.06300203333566014e-02
-2.50000000000000000e-01 1.17667636075403564e-01 -7.45239939538239193e-03 2.50086712286054259e-02 -7.45239939538239193e-03 4.71992627715457050e-04 -1.58390711804513385e-03 2.50086712286054259e-02 -1.58390711804513385e-03 5.31525623765983883e-03
0.00000000000000000e+00 -0.00000000000000000e+00 0.00000000000000000e+00 -0.00000000000000000e+00 0.00000000000000000e+00 -0.00000000000000000e+00 0.00000000000000000e+00 -0.00000000000000000e+00 0.00000000000000000e+00 -0.00000000000000000e+00
2.50000000000000000e-01 -1.17667636075403564e-01 7.45239939538239193e-03 -2.50086712286054259e-02 7.45239939538239193e-03 -4.71992627715457050e-04 1.58390711804513385e-03 -2.50086712286054259e-02 1.58390711804513385e-03 -5.31525623765983883e-03
5.00000000000000000e-01 -2.35324377251517364e-01 1.49041087697565616e-02 -5.00150268931059336e-02 1.49041087697565616e-02 -9.43941553421457757e-04 3.16766758141859240e-03 -5.00150268931059336e-02 3.16766758141859240e-03 -1.06300203333566014e-02
7.50000000000000000e-01 -3.52959330310306962e-01 2.23544382085954473e-02 -7.50167517867247891e-02 2.23544382085954473e-02 -1.41580308185245730e-03 4.75113475807983649e-03 -7.50167517867247891e-02 4.75113475807983649e-03 -1.59438002210725051e-02
1.00000000000000000e+00 -4.70561605395885707e-01 2.98026980103113202e-02 -1.00011531417264474e-01 2.98026980103113202e-02 -1.88753353122927806e-03 6.33416206124571418e-03 -1.00011531417264474e-01 6.33416206124571418e-03 -2.12561039866639538e-02
1.25000000000000000e+00 -5.88120317694680206e-01 3.72481987926679137e-02 -1.24997052364203248e-01 3.72481987926679137e-02 -2.35908923999864984e-03 7.91660297200692635e-03 -1.24997052364203248e-01 7.91660297200692635e-03 -2.65664399437576075e-02
1.50000000000000000e+00 -7.05624589114506984e-01 4.46902515991236260e-02 -1.49971002635560291e-01 4.46902515991236260e-02 -2.83042657356838206e-03 9.49831106192984033e-03 -1.49971002635560291e-01 9.49831106192984033e-03 -3.18743167095972488e-02
1.75000000000000000e+00 -8.23063549962197882e-01 5.21281680050827076e-02 -1.74931072024452294e-01 5.21281680050827076e-02 -3.30150193103671353e-03 1.10791400156387519e-02 -1.74931072024452294e-01 1.10791400156387519e-02 -3.71792432808251069e-02
2.00000000000000000e+00 -9.40426340619409218e-01 5.95612602240316036e-02 -1.99874952465264294e-01 5.95612602240316036e-02 -3.77227175191438080e-03 1.26589436533737307e-02 -1.99874952465264294e-01 1.26589436533737307e-02 -4.24807291091811590e-02
2.25000000000000000e+00 -1.05770211321625873e+00 6.69888412135374867e-02 -2.24800338389358506e-01 6.69888412135374867e-02 -4.24269252283796753e-03 1.42375759535191843e-02 -2.24800338389358506e-01 1.42375759535191843e-02 -4.77782841771042244e-02
2.50000000000000000e+00 -1.17488003330242163e+00 7.44102247810860679e-02 -2.49704927080243333e-01 7.44102247810860679e-02 -4.71272078427306673e-03 1.58148910750982551e-02 -2.49704927080243333e-01 1.58148910750982551e-02 -5.30714190732184121e-02
2.75000000000000000e+00 -1.29194928151533261e+00 8.18247256897359915e-02 -2.74586419028127249e-01 8.18247256897359915e-02 -5.18231313720583005e-03 1.73907433802282518e-02 -2.74586419028127249e-01 1.73907433802282518e-02 -5.83596450676887243e-02
3.00000000000000000e+00 -1.40889905524512882e+00 8.92316597635668951e-02 -2.99442518283780101e-01 8.92316597635668951e-02 -5.65142624982145018e-03 1.89649874565321931e-02 -2.99442518283780101e-01 1.89649874565321931e-02 -6.36424741874295347e-02
3.25000000000000000e+00 -1.52571857029597879e+00 9.66303439928984931e-02 -3.24270932811626000e-01 9.66303439928984931e-02 -6.12001686416813965e-03 2.05374781395017275e-02 -3.24270932811626000e-01 2.05374781395017275e-02 -6.89194192911497111e-02
3.50000000000000000e+00 -1.64239706254343787e+00 1.04020096639258097e-01 -3.49069374841991908e-01 1.04020096639258097e-01 -6.58804180280517585e-03 2.21080705348065502e-02 -3.49069374841991908e-01 2.21080705348065502e-02 -7.41899941442183269e-02
3.75000000000000000e+00 -1.75892378958747075e+00 1.11400237340073677e-01 -3.73835561222435608e-01 1.11400237340073677e-01 -7.05545797543356227e-03 2.36766200405455103e-02 -3.73835561222435608e-01 2.36766200405455103e-02 -7.94537134933346739e-02
4.00000000000000000e+00 -1.87528803240079611e+00 1.18770087213070544e-01 -3.98567213768078743e-01 1.18770087213070544e-01 -7.52222238550792708e-03 2.52429823694347300e-02 -3.98567213768078743e-01 2.52429823694347300e-02 -8.47100931409868196e-02
4.25000000000000000e+00 -1.99147909697218273e+00 1.26128968960348559e-01 -4.23262059610867603e-01 1.26128968960348559e-01 -7.98829213682817826e-03 2.68070135709277853e-02 -4.23262059610867603e-01 2.68070135709277853e-02 -8.99586500196823402e-02
4.50000000000000000e+00 -2.10748631594436020e+00 1.33476206972117900e-01 -4.47917831547688772e-01 1.33476206972117900e-01 -8.45362444010953895e-03 2.83685700532633825e-02 -4.47917831547688772e-01 2.83685700532633825e-02 -9.51989022659355255e-02
4.75000000000000000e+00 -2.22329905024618535e+00 1.40811127430071403e-01 -4.72532268387264309e-01 1.40811127430071403e-01 -8.91817661952955948e-03 2.99275086054357174e-02 -4.72532268387264309e-01 2.99275086054357174e-02 -1.00430369293995361e-01
5.00000000000000000e+00 -2.33890669071871349e+00 1.48133058410370444e-01 -4.97103115295751075e-01 1.48133058410370444e-01 -9.38190611925066725e-03 3.14836864190827792e-02 -4.97103115295751075e-01 3.14836864190827792e-02 -1.05652571869297954e-01
5.25000000000000000e+00 -2.45429865973483041e+00 1.55441329986223509e-01 -5.21628124140971816e-01 1.55441329986223509e-01 -9.84477050991689959e-03 3.30369611102880045e-02 -5.21628124140971816e-01 3.30369611102880045e-02 -1.10865032181628256e-01
5.50000000000000000e+00 -2.56946441281209870e+00 1.62735274330034430e-01 -5.46105053835204024e-01 1.62735274330034430e-01 -1.03067274951234022e-02 3.45871907412905397e-02 -5.46105053835204024e-01 3.45871907412905397e-02 -1.16067273917975153e-01
5.75000000000000000e+00 -2.68439344021847015e+00 1.70014225815099312e-01 -5.70531670676452385e-01 1.70014225815099312e-01 -1.07677349178573259e-02 3.61342338420995307e-02 -5.70531670676452385e-01 3.61342338420995307e-02 -1.21258822335064409e-01
6.00000000000000000e+00 -2.79907526857052957e+00 1.77277521116829984e-01 -5.94905748688133729e-01 1.77277521116829984e-01 -1.12277507669087569e-02 3.76779494320078345e-02 -5.94905748688133729e-01 3.76779494320078345e-02 -1.26439204331554089e-01
6.25000000000000000e+00 -2.91349946242391722e+00 1.84524499313482582e-01 -6.19225069957100249e-01 1.84524499313482582e-01 -1.16867331832502756e-02 3.92181970410004771e-02 -6.19225069957100249e-01 3.92181970410004771e-02 -1.31607948519876811e-01
6.50000000000000000e+00 -3.02765562585560888e+00 1.91754501986370007e-01 -6.43487424969931943e-01 1.91754501986370007e-01 -1.21446404663838586e-02 4.07548367310534981e-02 -6.43487424969931943e-01 4.07548367310534981e-02 -1.36764585297714236e-01
6.75000000000000000e+00 -3.14153340403770320e+00 1.98966873319536663e-01 -6.67690612947423490e-01 1.98966873319536663e-01 -1.26014310806537074e-02 4.22877291173184705e-02 -6.67690612947423490e-01 4.22877291173184705e-02 -1.41908646919087666e-01
7.00000000000000000e+00 -3.25512248480238320e+00 2.06160960198874366e-01 -6.91832442177195861e-01 2.06160960198874366e-01 -1.30570636615236785e-02 4.38167353891882327e-02 -6.91832442177195861e-01 4.38167353891882327e-02 -1.47039667565050297e-01
7.25000000000000000e+00 -3.36841260019774191e+00 2.13336112310659298e-01 -7.15910730344366142e-01 2.13336112310659298e-01 -1.35114970218180655e-02 4.53417173312396019e-02 -7.15910730344366142e-01 4.53417173312396019e-02 -1.52157183413966501e-01
7.50000000000000000e+00 -3.48139352803410729e+00 2.20491682239487619e-01 -7.39923304860198416e-01 2.20491682239487619e-01 -1.39646901579242779e-02 4.68625373440482926e-02 -7.39923304860198416e-01 4.68625373440482926e-02 -1.57260732711362206e-01
7.75000000000000000e+00 -3.59405509342057750e+00 2.27627025565590779e-01 -7.63868003188672984e-01 2.27627025565590779e-01 -1.44166022559562394e-02 4.83790584648719144e-02 -7.63868003188672984e-01 4.83790584648719144e-02 -1.62349855839332757e-01
8.00000000000000000e+00 -3.70638717029141684e+00 2.34741500961508753e-01 -7.87742673170901631e-01 2.34741500961508753e-01 -1.48671926978771254e-02 4.98911443881966468e-02 -7.87742673170901631e-01 4.98911443881966468e-02 -1.67424095385493049e-01
8.25000000000000000e+00 -3.81837968292200314e+00 2.41834470288101677e-01 -8.11545173347322235e-01 2.41834470288101677e-01 -1.53164210675801899e-02 5.13986594861431528e-02 -8.11545173347322235e-01 5.13986594861431528e-02 -1.72482996211455630e-01
8.50000000000000000e+00 -3.93002260743401655e+00 2.48905298689879761e-01 -8.35273373277605202e-01 2.48905298689879761e-01 -1.57642471569264218e-02 5.29014688287276907e-02 -8.35273373277605202e-01 5.29014688287276907e-02 -1.77526105520822569e-01
8.75000000000000000e+00 -4.04130597328953023e+00 2.55953354689630597e-01 -8.58925153858203561e-01 2.55953354689630597e-01 -1.62106309717377044e-02 5.43994382039738739e-02 -8.58925153858203561e-01 5.43994382039738739e-02 -1.82552972926676244e-01
9.00000000000000000e+00 -4.15221986477372251e+00 2.62978010282325758e-01 -8.82498407637483107e-01 2.62978010282325758e-01 -1.66555327377443212e-02 5.58924341378712886e-02 -8.82498407637483107e-01 5.58924341378712886e-02 -1.87563150518556265e-01
9.25000000000000000e+00 -4.26275442246588199e+00 2.69978641028285837e-01 -9.05991039128363984e-01 2.69978641028285837e-01 -1.70989129064855021e-02 5.73803239141763913e-02 -9.05991039128363984e-01 5.73803239141763913e-02 -1.92556192928907133e-01
9.50000000000000000e+00 -4.37289984469839688e+00 2.76954626145584526e-01 -9.29400965118410194e-01 2.76954626145584526e-01 -1.75407321611617713e-02 5.88629755940518126e-02 -9.29400965118410194e-01 5.88629755940518126e-02 -1.97531657398983540e-01
9.75000000000000000e+00 -4.48264638900345691e+00 2.83905348601674545e-01 -9.52726114977306082e-01 2.83905348601674545e-01 -1.79809514224380136e-02 6.03402580355402035e-02 -9.52726114977306082e-01 6.03402580355402035e-02 -2.02489103844200408e-01
1.00000000000000000e+01 -4.59198437354711864e+00 2.90830195204213215e-01 -9.75964430961648088e-01 2.90830195204213215e-01 -1.84195318541958558e-02 6.18120409128679812e-02 -9.75964430961648088e-01 6.18120409128679812e-02 -2.07428094918912204e-01
1.02500000000000000e+01 -4.70090417855049836e+00 2.97728556691072621e-01 -9.99113868516999237e-01 2.97728556691072621e-01 -1.88564348692343876e-02 6.32781947355757629e-02 -9.99113868516999237e-01 6.32781947355757629e-02 -2.12348196080610702e-01
1.05000000000000000e+01 -4.80939624769774632e+00 3.04599827819512892e-01 -1.02217239657713588e+00 3.04599827819512892e-01 -1.92916221349178907e-02 6.47385908674709548e-02 -1.02217239657713588e+00 6.47385908674709548e-02 -2.17248975653525661e-01
1.07500000000000000e+01 -4.91745108953055521e+00 3.11443407454502219e-01 -1.04513799786043182e+00 3.11443407454502219e-01 -1.97250555787695479e-02 6.61931015453990218e-02 -1.04513799786043182e+00 6.61931015453990218e-02 -2.22130004891617439e-01
1.10000000000000000e+01 -5.02505927882888948e+00 3.18258698656164463e-01 -1.06800866916331261e+00 3.18258698656164463e-01 -2.01566973940098537e-02 6.76415998978292243e-02 -1.06800866916331261e+00 6.76415998978292243e-02 -2.26990858040946653e-01
1.12500000000000000e+01 -5.13221145797768497e+00 3.25045108766338464e-01 -1.09078242165073114e+00 3.25045108766338464e-01 -2.05865100450387910e-02 6.90839599632516732e-02 -1.09078242165073114e+00 6.90839599632516732e-02 -2.31831112401410799e-01
1.15000000000000000e+01 -5.23889833831920448e+00 3.31802049494227980e-01 -1.11345728114359011e+00 3.31802049494227980e-01 -2.10144562728604330e-02 7.05200567083811153e-02 -1.11345728114359011e+00 7.05200567083811153e-02 -2.36650348387832304e-01
1.17500000000000000e+01 -5.34511070149082013e+00 3.38528937001129626e-01 -1.13603128840307144e+00 3.38528937001129626e-01 -2.14404991004490987e-02 7.19497660461646260e-02 -1.13603128840307144e+00 7.19497660461646260e-02 -2.41448149590388517e-01
1.20000000000000000e+01 -5.45083940074790263e+00 3.45225191984217139e-01 -1.15850249941179828e+00 3.45225191984217139e-01 -2.18646018380557992e-02 7.33729648535888929e-02 -1.15850249941179828e+00 7.33729648535888929e-02 -2.46224102834369268e-01
1.22500000000000000e+01 -5.55607536227161347e+00 3.51890239759369339e-01 -1.18086898565178822e+00 3.51890239759369339e-01 -2.22867280884540761e-02 7.47895309892841476e-02 -1.18086898565178822e+00 7.47895309892841476e-02 -2.50977798239251815e-01
1.25000000000000000e+01 -5.66080958646127819e+00 3.58523510343021823e-01 -1.20312883437912999e+00 3.58523510343021823e-01 -2.27068417521240212e-02 7.61993433109206530e-02 -1.20312883437912999e+00 7.61993433109206530e-02 -2.55708829277079774e-01
1.27500000000000000e+01 -5.76503314921113130e+00 3.65124438533028672e-01 -1.22528014889533798e+00 3.65124438533028672e-01 -2.31249070323736039e-02 7.76022816923947895e-02 -1.22528014889533798e+00 7.76022816923947895e-02 -2.60416792830135968e-01
1.30000000000000000e+01 -5.86873720317115399e+00 3.71692463988516908e-01 -1.24732104881532813e+00 3.71692463988516908e-01 -2.35408884403962015e-02 7.89982270408010334e-02 -1.24732104881532813e+00 7.89982270408010334e-02 -2.65101289247896943e-01
1.32500000000000000e+01 -5.97191297899176643e+00 3.78227031308717987e-01 -1.26924967033195735e+00 3.78227031308717987e-01 -2.39547508002633212e-02 8.03870613131864586e-02 -1.26924967033195735e+00 8.03870613131864586e-02 -2.69761922403257304e-01
1.35000000000000000e+01 -6.07455178655213412e+00 3.84727590110761797e-01 -1.29106416647708633e+00 3.84727590110761797e-01 -2.43664592538516515e-02 8.17686675330849544e-02 -1.29106416647708633e+00 8.17686675330849544e-02 -2.74398299748015106e-01
1.37500000000000000e+01 -6.17664501617183159e+00 3.91193595106416769e-01 -1.31276270737910128e+00 3.91193595106416769e-01 -2.47759792657033344e-02 8.31429298068271788e-02 -1.31276270737910128e+00 8.31429298068271788e-02 -2.79010032367604743e-01
1.40000000000000000e+01 -6.27818413980566969e+00 3.97624506177763182e-01 -1.33434348051685747e+00 3.97624506177763182e-01 -2.51832766278186730e-02 8.45097333396239020e-02 -1.33434348051685747e+00 8.45097333396239020e-02 -2.83596735035068992e-01
1.42500000000000000e+01 -6.37916071222138470e+00 4.04019788451781436e-01 -1.35580469096998368e+00 4.04019788451781436e-01 -2.55883174643801552e-02 8.58689644514188249e-02 -1.35580469096998368e+00 8.58689644514188249e-02 -2.88158026264258016e-01
1.45000000000000000e+01 -6.47956637216005582e+00 4.10378912373846272e-01 -1.37714456166551025e+00 4.10378912373846272e-01 -2.59910682364071326e-02 8.72205105925086960e-02 -1.37714456166551025e+00 8.72205105925086960e-02 -2.92693528362246769e-01
1.47500000000000000e+01 -6.57939284347894482e+00 4.16701353780107864e-01 -1.39836133362076631e+00 4.16701353780107864e-01 -2.63914957463400289e-02 8.85642603589270050e-02 -1.39836133362076631e+00 8.85642603589270050e-02 -2.97202867480959754e-01
1.50000000000000000e+01 -6.67863193627660490e+00 4.22986593968749436e-01 -1.41945326618250611e+00 4.22986593968749436e-01 -2.67895671425534242e-02 8.99001035075887855e-02 -1.41945326618250611e+00 8.99001035075887855e-02 -3.01685673667993592e-01
1.52500000000000000e+01 -6.77727554799999954e+00 4.29234119770106337e-01 -1.44041863726221164e+00 4.29234119770106337e-01 -2.71852499237969641e-02 9.12279309711934855e-02 -1.44041863726221164e+00 9.12279309711934855e-02 -3.06141580916628020e-01
1.55000000000000000e+01 -6.87531566453346699e+00 4.35443423615634706e-01 -1.46125574356753796e+00 4.35443423615634706e-01 -2.75785119435634496e-02 9.25476348728833526e-02 -1.46125574356753796e+00 9.25476348728833526e-02 -3.10570227215016093e-01
1.57500000000000000e+01 -6.97274436126928965e+00 4.41614003605715011e-01 -1.48196290082984850e+00 4.41614003605715011e-01 -2.79693214143831477e-02 9.38591085406541709e-02 -1.48196290082984850e+00 9.38591085406541709e-02 -3.14971254594543726e-01
1.60000000000000000e+01 -7.06955380415970858e+00 4.47745363576281141e-01 -1.50253844402780556e+00 4.47745363576281141e-01 -2.83576469120436700e-02 9.51622465215162805e-02 -1.50253844402780556e+00 9.51622465215162805e-02 -3.19344309177351293e-01
1.62500000000000000e+01 -7.16573625075015652e+00 4.53837013164258896e-01 -1.52298072760697067e+00 4.53837013164258896e-01 -2.87434573797345112e-02 9.64569445954028132e-02 -1.52298072760697067e+00 9.64569445954028132e-02 -3.23689041223006180e-01
1.65000000000000000e+01 -7.26128405119355236e+00 4.59888467871806317e-01 -1.54328812569537988e+00 4.59888467871806317e-01 -2.91267221321156247e-02 9.77430997888229375e-02 -1.54328812569537988e+00 9.77430997888229375e-02 -3.28005105174320633e-01
1.67500000000000000e+01 -7.35618964924545260e+00 4.65899249129340498e-01 -1.56345903231504879e+00 4.65899249129340498e-01 -2.95074108593092119e-02 9.90206103882574906e-02 -1.56345903231504879e+00 9.90206103882574906e-02 -3.32292159702304357e-01
1.70000000000000000e+01 -7.45044558323989836e+00 4.71868884357342200e-01 -1.58349186158937605e+00 4.71868884357342200e-01 -2.98854936308140633e-02 1.00289375953294638e-01 -1.58349186158937605e+00 1.00289375953294638e-01 -3.36549867750245313e-01
1.72500000000000000e+01 -7.54404448704577923e+00 4.77796907026926565e-01 -1.60338504794640557e+00 4.77796907026926565e-01 -3.02609408993417817e-02 1.01549297329503407e-01 -1.60338504794640557e+00 1.01549297329503407e-01 -3.40777896576910266e-01
1.75000000000000000e+01 -7.63697909100353645e+00 4.83682856719168830e-01 -1.62313704631791045e+00 4.83682856719168830e-01 -3.06337235045740994e-02 1.02800276661042536e-01 -1.62313704631791045e+00 1.02800276661042536e-01 -3.44975917798857612e-01
1.77500000000000000e+01 -7.72924222284208984e+00 4.89526279183176705e-01 -1.64274633233427303e+00 4.89526279183176705e-01 -3.10038126768408945e-02 1.04042217403002998e-01 -1.64274633233427303e+00 1.04042217403002998e-01 -3.49143607431856129e-01
1.80000000000000000e+01 -7.82082680857575507e+00 4.95326726392896655e-01 -1.66221140251511290e+00 4.95326726392896655e-01 -3.13711800407179345e-02 1.05275024333481404e-01 -1.66221140251511290e+00 1.05275024333481404e-01 -3.53280645931400794e-01
1.82500000000000000e+01 -7.91172587338107824e+00 5.01083756602647035e-01 -1.68153077445564625e+00 5.01083756602647035e-01 -3.17357976185440871e-02 1.06498603565382821e-01 -1.68153077445564625e+00 1.06498603565382821e-01 -3.57386718232320710e-01
1.85000000000000000e+01 -8.00193254245339425e+00 5.06796934401368193e-01 -1.70070298700873535e+00 5.06796934401368193e-01 -3.20976378338571275e-02 1.07712862557950872e-01 -1.70070298700873535e+00 1.07712862557950872e-01 -3.61461513787471433e-01
1.87500000000000000e+01 -8.09144004184297927e+00 5.12465830765578834e-01 -1.71972660046260173e+00 5.12465830765578834e-01 -3.24566735147478122e-02 1.08917710128023010e-01 -1.71972660046260173e+00 1.08917710128023010e-01 -3.65504726605505315e-01
1.90000000000000000e+01 -8.18024169927068101e+00 5.18090023111034692e-01 -1.73860019671417887e+00 5.18090023111034692e-01 -3.28128778971315122e-02 1.10113056461009690e-01 -1.73860019671417887e+00 1.10113056461009690e-01 -3.69516055287715472e-01
1.92500000000000000e+01 -8.26833094492287124e+00 5.23669095343074709e-01 -1.75732237943806546e+00 5.23669095343074709e-01 -3.31662246279369674e-02 1.11298813121594925e-01 -1.75732237943806546e+00 1.11298813121594925e-01 -3.73495203063944403e-01
1.95000000000000000e+01 -8.35570131222560342e+00 5.29202637905653028e-01 -1.77589177425106493e+00 5.29202637905653028e-01 -3.35166877682116227e-02 1.12474893064157339e-01 -1.77589177425106493e+00 1.12474893064157339e-01 -3.77441877827554673e-01
1.97500000000000000e+01 -8.44234643859787504e+00 5.34690247829045728e-01 -1.79430702887228066e+00 5.34690247829045728e-01 -3.38642417961431338e-02 1.13641210642909551e-01 -1.79430702887228066e+00 1.13641210642909551e-01 -3.81355792169455088e-01
2.00000000000000000e+01 -8.52826006618385968e+00 5.40131528776226499e-01 -1.81256681327874114e+00 5.40131528776226499e-01 -3.42088616099965465e-02 1.14797681621754716e-01 -1.81256681327874114e+00 1.14797681621754716e-01 -3.85236663411176627e-01
2.02500000000000000e+01 -8.61343604256400042e+00 5.45526091087903287e-01 -1.83066981985653432e+00 5.45526091087903287e-01 -3.45505225309666042e-02 1.15944223183858469e-01 -1.83066981985653432e+00 1.15944223183858469e-01 -3.89084213636993970e-01
2.05000000000000000e+01 -8.69786832144489175e+00 5.50873551826211116e-01 -1.84861476354743193e+00 5.50873551826211116e-01 -3.48892003059450909e-02 1.17080753940935270e-01 -1.84861476354743193e+00 1.17080753940935270e-01 -3.92898169725088620e-01
2.07500000000000000e+01 -8.78155096332780616e+00 5.56173534817053117e-01 -1.86640038199097602e+00 5.56173534817053117e-01 -3.52248711102024145e-02 1.18207193942247379e-01 -1.86640038199097602e+00 1.18207193942247379e-01 -3.96678263377747586e-01
2.10000000000000000e+01 -8.86447813615583868e+00 5.61425670691087064e-01 -1.88402543566202119e+00 5.61425670691087064e-01 -3.55575115499834477e-02 1.19323464683315963e-01 -1.88402543566202119e+00 1.19323464683315963e-01 -4.00424231150595777e-01
2.12500000000000000e+01 -8.94664411593948294e+00 5.66629596923345469e-01 -1.90148870800369219e+00 5.66629596923345469e-01 -3.58870986650168880e-02 1.20429489114341912e-01 -1.90148870800369219e+00 1.20429489114341912e-01 -4.04135814480854727e-01
2.15000000000000000e+01 -9.02804328736068662e+00 5.71784957871493416e-01 -1.91878900555576748e+00 5.71784957871493416e-01 -3.62136099309382578e-02 1.21525191648336903e-01 -1.91878900555576748e+00 1.21525191648336903e-01 -4.07812759714628659e-01
2.17500000000000000e+01 -9.10867014435520339e+00 5.76891404812710618e-01 -1.93592515807845000e+00 5.76891404812710618e-01 -3.65370232616258339e-02 1.22610498168962384e-01 -1.93592515807845000e+00 1.22610498168962384e-01 -4.11454818133210165e-01
2.20000000000000000e+01 -9.18851929067323603e+00 5.81948595979200900e-01 -1.95289601867152629e+00 5.81948595979200900e-01 -3.68573170114495641e-02 1.23685336038076313e-01 -1.95289601867152629e+00 1.23685336038076313e-01 -4.15061745978406005e-01
2.22500000000000000e+01 -9.26758544041825871e+00 5.86956196592316237e-01 -1.96970046388888309e+00 5.86956196592316237e-01 -3.71744699774323520e-02 1.24749634102986146e-01 -1.96970046388888309e+00 1.24749634102986146e-01 -4.18633304476875967e-01
2.25000000000000000e+01 -9.34586341856402747e+00 5.91913878895302670e-01 -1.98633739384839192e+00 5.91913878895302670e-01 -3.74884614013239470e-02 1.25803322703408188e-01 -1.98633739384839192e+00 1.25803322703408188e-01 -4.22169259863487745e-01
2.27500000000000000e+01 -9.42334816144963128e+00 5.96821322184653669e-01 -2.00280573233712733e+00 5.96821322184653669e-01 -3.77992709715867237e-02 1.26846333678131584e-01 -2.00280573233712733e+00 1.26846333678131584e-01 -4.25669383403678991e-01
2.30000000000000000e+01 -9.50003471725264959e+00 6.01678212840076831e-01 -2.01910442691192804e+00 6.01678212840076831e-01 -3.81068788252935803e-02 1.27878600371387235e-01 -2.01910442691192804e+00 1.27878600371387235e-01 -4.29133451414830613e-01
2.32500000000000000e+01 -9.57591824644026879e+00 6.06484244353065693e-01 -2.03523244899527578e+00 6.06484244353065693e-01 -3.84112655499375122e-02 1.28900057638920290e-01 -2.03523244899527578e+00 1.28900057638920290e-01 -4.32561245286644858e-01
2.35000000000000000e+01 -9.65099402219840030e+00 6.11239117354077099e-01 -2.05118879396649989e+00 6.11239117354077099e-01 -3.87124121851529085e-02 1.29910641853766440e-01 -2.05118879396649989e+00 1.29910641853766440e-01 -4.35952551500528862e-01
2.37500000000000000e+01 -9.72525743083871319e+00 6.15942539638310360e-01 -2.06697248124828592e+00 6.15942539638310360e-01 -3.90103002243482044e-02 1.30910290911730953e-01 -2.06697248124828592e+00 1.30910290911730953e-01 -4.39307161647981448e-01
2.40000000000000000e+01 -9.79870397218359912e+00 6.20594226190089082e-01 -2.08258255438849371e+00 6.20594226190089082e-01 -3.93049116162501322e-02 1.31898944236570503e-01 -2.08258255438849371e+00 1.31898944236570503e-01 -4.42624872447982320e-01
2.42500000000000000e+01 -9.87132925992903232e+00 6.25193899205842674e-01 -2.09801808113728105e+00 6.25193899205842674e-01 -3.95962287663592163e-02 1.32876542784877844e-01 -2.09801808113728105e+00 1.32876542784877844e-01 -4.45905485763383624e-01
2.45000000000000000e+01 -9.94312902198529969e+00 6.29741288115685638e-01 -2.11327815351951731e+00 6.29741288115685638e-01 -3.98842345383164723e-02 1.33843029050667972e-01 -2.11327815351951731e+00 1.33843029050667972e-01 -4.49148808616300521e-01
2.47500000000000000e+01 -1.00140991007956099e+01 6.34236129603597099e-01 -2.12836188790250302e+00 6.34236129603597099e-01 -4.01689122551815020e-02 1.34798347069667174e-01 -2.12836188790250302e+00 1.34798347069667174e-01 -4.52354653202504120e-01
2.50000000000000000e+01 -1.00842354536325765e+01 6.38678167626198223e-01 -2.14326842505898307e+00 6.38678167626198223e-01 -4.04502457006217092e-02 1.35742442423303800e-01 -2.14326842505898307e+00 1.35742442423303800e-01 -4.55522836904813766e-01
2.52500000000000000e+01 -1.01535341528725720e+01 6.43067153430128102e-01 -2.15799693022545469e+00 6.43067153430128102e-01 -4.07282191200128221e-02 1.36675262242401396e-01 -2.15799693022545469e+00 1.36675262242401396e-01 -4.58653182305490181e-01
2.55000000000000000e+01 -1.02219913862479554e+01 6.47402845568018415e-01 -2.17254659315577614e+00 6.47402845568018415e-01 -4.10028172214506048e-02 1.37596755210573740e-01 -2.17254659315577614e+00 1.37596755210573740e-01 -4.61745517197628852e-01
2.57500000000000000e+01 -1.02896034570772059e+01 6.51685009913068658e-01 -2.18691662817008003e+00 6.51685009913068658e-01 -4.12740251766740007e-02 1.38506871567322803e-01 -2.18691662817008003e+00 1.38506871567322803e-01 -4.64799674595555767e-01
2.60000000000000000e+01 -1.03563667844729519e+01 6.55913419672222386e-01 -2.20110627419898508e+00 6.55913419672222386e-01 -4.15418286218996111e-02 1.39405563110838959e-01 -2.20110627419898508e+00 1.39405563110838959e-01 -4.67815492744224681e-01
2.62500000000000000e+01 -1.04222779035279629e+01 6.60087855397945455e-01 -2.21511479482312623e+00 6.60087855397945455e-01 -4.18062136585676813e-02 1.40292783200504506e-01 -2.21511479482312623e+00 1.40292783200504506e-01 -4.70792815127618058e-01
2.65000000000000000e+01 -1.04873334654790877e+01 6.64208104998610049e-01 -2.22894147830799927e+00 6.64208104998610049e-01 -4.20671668539997767e-02 1.41168486759100514e-01 -2.22894147830799927e+00 1.41168486759100514e-01 -4.73731490476153150e-01
2.67500000000000000e+01 -1.05515302378491924e+01 6.68273963747483601e-01 -2.24258563763412644e+00 6.68273963747483601e-01 -4.23246752419680627e-02 1.42032630274717436e-01 -2.24258563763412644e+00 1.42032630274717436e-01 -4.76631372773092921e-01
2.70000000000000000e+01 -1.06148651045671514e+01 6.72285234290329270e-01 -2.25604661052255917e+00 6.72285234290329270e-01 -4.25787263231766772e-02 1.42885171802370203e-01 -2.25604661052255917e+00 1.42885171802370203e-01 -4.79492321259967158e-01
2.72500000000000000e+01 -1.06773350660659290e+01 6.76241726651616415e-01 -2.26932375945572407e+00 6.76241726651616415e-01 -4.28293080656551028e-02 1.43726070965318586e-01 -2.26932375945572407e+00 1.43726070965318586e-01 -4.82314200441001872e-01
2.75000000000000000e+01 -1.07389372393587941e+01 6.80143258239348847e-01 -2.28241647169362105e+00 6.80143258239348847e-01 -4.30764089050639024e-02 1.44555288956092959e-01 -2.28241647169362105e+00 1.44555288956092959e-01 -4.85096880086562821e-01
2.77500000000000000e+01 -1.07996688580937032e+01 6.83989653848508516e-01 -2.29532415928538258e+00 6.83989653848508516e-01 -4.33200177449129045e-02 1.45372788537226599e-01 -2.29532415928538258e+00 1.45372788537226599e-01 -4.87840235235612041e-01
2.80000000000000000e+01 -1.08595272725859981e+01 6.87780745663126636e-01 -2.30804625907622096e+00 6.87780745663126636e-01 -4.35601239566922732e-02 1.46178534041695507e-01 -2.30804625907622096e+00 1.46178534041695507e-01 -4.90544146197184394e-01
2.82500000000000000e+01 -1.09185099498293496e+01 6.91516373256976791e-01 -2.32058223270975850e+00 6.91516373256976791e-01 -4.37967173799165069e-02 1.46972491373066033e-01 -2.32058223270975850e+00 1.46972491373066033e-01 -4.93208498550882612e-01
2.85000000000000000e+01 -1.09766144734851760e+01 6.95196383592904477e-01 -2.33293156662577328e+00 6.95196383592904477e-01 -4.40297883220818961e-02 1.47754628005352134e-01 -2.33293156662577328e+00 1.47754628005352134e-01 -4.95833183146398515e-01
2.87500000000000000e+01 -1.10338385438504556e+01 6.98820631020788841e-01 -2.34509377205336245e+00 6.98820631020788841e-01 -4.42593275585374812e-02 1.48524912982582413e-01 -2.34509377205336245e+00 1.48524912982582413e-01 -4.98418096102059671e-01
2.90000000000000000e+01 -1.10901799778041354e+01 7.02388977274148729e-01 -2.35706838499954952e+00 7.02388977274148729e-01 -4.44853263322700782e-02 1.49283316918078474e-01 -2.35706838499954952e+00 1.49283316918078474e-01 -5.00963138802408392e-01
2.92500000000000000e+01 -1.11456367087321695e+01 7.05901291465394487e-01 -2.36885496623335401e+00 7.05901291465394487e-01 -4.47077763536035469e-02 1.50029811993446005e-01 -2.36885496623335401e+00 1.50029811993446005e-01 -5.03468217894815551e-01
2.95000000000000000e+01 -1.12002067864312824e+01 7.09357450079732832e-01 -2.38045310126533494e+00 7.09357450079732832e-01 -4.49266697998127948e-02 1.50764371957279320e-01 -2.38045310126533494e+00 1.50764371957279320e-01 -5.05933245285133060e-01
2.97500000000000000e+01 -1.12538883769915490e+01 7.12757336967730915e-01 -2.39186240032263919e+00 7.12757336967730915e-01 -4.51419993146527851e-02 1.51486972123580810e-01 -2.39186240032263919e+00 1.51486972123580810e-01 -5.08358138132390724e-01
3.00000000000000000e+01 -1.13066797626579234e+01 7.16100843336545667e-01 -2.40308249831956733e+00 7.16100843336545667e-01 -4.53537580078030855e-02 1.52197589369896996e-01 -2.40308249831956733e+00 1.52197589369896996e-01 -5.10742818842540247e-01
3.02500000000000000e+01 -1.13585793416707777e+01 7.19387867739824549e-01 -2.41411305482368332e+00 7.19387867739824549e-01 -4.55619394542282063e-02 1.52896202135171938e-01 -2.41411305482368332e+00 1.52896202135171938e-01 -5.13087215061252544e-01
3.05000000000000000e+01 -1.14095856280855994e+01 7.22618316066286459e-01 -2.42495375401749502e+00 7.22618316066286459e-01 -4.57665376934544288e-02 1.53582790417320425e-01 -2.42495375401749502e+00 1.53582790417320425e-01 -5.15391259665773260e-01
3.07500000000000000e+01 -1.14596972515719457e+01 7.25792101526988365e-01 -2.43560430465572297e+00 7.25792101526988365e-01 -4.59675472287632836e-02 1.54257335770521531e-01 -2.43560430465572297e+00 1.54257335770521531e-01 -5.17654890755841035e-01
3.10000000000000000e+01 -1.15089129571917788e+01 7.28909144641286311e-01 -2.44606444001819012e+00 7.28909144641286311e-01 -4.61649630263024566e-02 1.54919821302234889e-01 -2.44606444001819012e+00 1.54919821302234889e-01 -5.19878051643674399e-01
3.12500000000000000e+01 -1.15572316051572912e+01 7.31969373221497910e-01 -2.45633391785834876e+00 7.31969373221497910e-01 -4.63587805141143644e-02 1.55570231669940828e-01 -2.45633391785834876e+00 1.55570231669940828e-01 -5.22060690843032527e-01
3.15000000000000000e+01 -1.16046521705683965e+01 7.34972722356275754e-01 -2.46641252034749003e+00 7.34972722356275754e-01 -4.65489955810831427e-02 1.56208553077606782e-01 -2.46641252034749003e+00 1.56208553077606782e-01 -5.24202762057357052e-01
3.17500000000000000e+01 -1.16511737431299593e+01 7.37919134392698850e-01 -2.47630005401464270e+00 7.37919134392698850e-01 -4.67356045758003935e-02 1.56834773271880862e-01 -2.47630005401464270e+00 1.56834773271880862e-01 -5.26304224166998846e-01
3.20000000000000000e+01 -1.16967955268489394e+01 7.40808558917091631e-01 -2.48599634968220728e+00 7.40808558917091631e-01 -4.69186043053504004e-02 1.57448881538015312e-01 -2.48599634968220728e+00 1.57448881538015312e-01 -5.28365041215537956e-01
3.22500000000000000e+01 -1.17415168397115970e+01 7.43640952734579419e-01 -2.49550126239734960e+00 7.43640952734579419e-01 -4.70979920340152750e-02 1.58050868695521374e-01 -2.49550126239734960e+00 1.58050868695521374e-01 -5.30385182395201382e-01
3.25000000000000000e+01 -1.17853371133408924e+01 7.46416279847390451e-01 -2.50481467135918434e+00 7.46416279847390451e-01 -4.72737654819007022e-02 1.58640727093557421e-01 -2.50481467135918434e+00 1.58640727093557421e-01 -5.32364622031388346e-01
3.27500000000000000e+01 -1.18282558926342247e+01 7.49134511431912342e-01 -2.51393647984178381e+00 7.49134511431912342e-01 -4.74459228234828737e-02 1.59218450606052858e-01 -2.51393647984178381e+00 1.59218450606052858e-01 -5.34303339566305491e-01
3.30000000000000000e+01 -1.18702728353816767e+01 7.51795625814513313e-01 -2.52286661511303878e+00 7.51795625814513313e-01 -4.76144626860771289e-02 1.59784034626569205e-01 -2.52286661511303878e+00 1.59784034626569205e-01 -5.36201319541722565e-01
3.32500000000000000e+01 -1.19113877118649398e+01 7.54399608446141512e-01 -2.53160502834941692e+00 7.54399608446141512e-01 -4.77793841482291870e-02 1.60337476062901413e-01 -2.53160502834941692e+00 1.60337476062901413e-01 -5.38058551580855582e-01
3.35000000000000000e+01 -1.19516004044370607e+01 7.56946451875707194e-01 -2.54015169454664314e+00 7.56946451875707194e-01 -4.79406867380293769e-02 1.60878773331420755e-01 -2.54015169454664314e+00 1.60878773331420755e-01 -5.39875030369382336e-01
3.37500000000000000e+01 -1.19909109070831725e+01 7.59436155722262973e-01 -2.54850661242633780e+00 7.59436155722262973e-01 -4.80983704313506580e-02 1.61407926351161968e-01 -2.54850661242633780e+00 1.61407926351161968e-01 -5.41650755635600833e-01
3.40000000000000000e+01 -1.20293193249624064e+01 7.61868726645990813e-01 -2.55666980433865909e+00 7.61868726645990813e-01 -4.82524356500110899e-02 1.61924936537656994e-01 -2.55666980433865909e+00 1.61924936537656994e-01 -5.43385732129735732e-01
3.42500000000000000e+01 -1.20668258739311618e+01 7.64244178318008061e-01 -2.56464131616097646e+00 7.64244178318008061e-01 -4.84028832598615774e-02 1.62429806796517723e-01 -2.56464131616097646e+00 1.62429806796517723e-01 -5.45079969602404235e-01
3.45000000000000000e+01 -1.21034308800478811e+01 7.66562531389003543e-01 -2.57242121719261974e+00 7.66562531389003543e-01 -4.85497145687993972e-02 1.62922541516769964e-01 -2.57242121719261974e+00 1.62922541516769964e-01 -5.46733482782245650e-01
3.47500000000000000e+01 -1.21391347790595461e+01 7.68823813456715133e-01 -2.58000960004574242e+00 7.68823813456715133e-01 -4.86929313247084147e-02 1.63403146563941115e-01 -2.58000960004574242e+00 1.63403146563941115e-01 -5.48346291352725612e-01
3.50000000000000000e+01 -1.21739381158700617e+01 7.71028059032259572e-01 -2.58740658053232986e+00 7.71028059032259572e-01 -4.88325357133266719e-02 1.63871629272904301e-01 -2.58740658053232986e+00 1.63871629272904301e-01 -5.49918419928121960e-01
3.52500000000000000e+01 -1.22078415439907513e+01 7.73175309505330310e-01 -2.59461229754741174e+00 7.73175309505330310e-01 -4.89685303560421226e-02 1.64327998440481376e-01 -2.59461229754741174e+00 1.64327998440481376e-01 -5.51449898028702368e-01
3.55000000000000000e+01 -1.22408458249731069e+01 7.75265613108271023e-01 -2.60162691294850035e+00 7.75265613108271023e-01 -4.91009183076173486e-02 1.64772264317807365e-01 -2.60162691294850035e+00 1.64772264317807365e-01 -5.52940760055101288e-01
3.57500000000000000e+01 -1.22729518278240395e+01 7.77299024879041234e-01 -2.60845061143131085e+00 7.77299024879041234e-01 -4.92297030538439151e-02 1.65204438602459286e-01 -2.60845061143131085e+00 1.65204438602459286e-01 -5.54391045261905191e-01
3.60000000000000000e+01 -1.23041605284038091e+01 7.79275606623084260e-01 -2.61508360040179788e+00 7.79275606623084260e-01 -4.93548885091273995e-02 1.65624534430351661e-01 -2.61508360040179788e+00 1.65624534430351661e-01 -5.55800797730456320e-01
3.62500000000000000e+01 -1.23344730088068477e+01 7.81195426874112253e-01 -2.62152610984455903e+00 7.81195426874112253e-01 -4.94764790140036492e-02 1.66032566367401963e-01 -2.62152610984455903e+00 1.66032566367401963e-01 -5.57170066340883285e-01
3.65000000000000000e+01 -1.23638904567256613e+01 7.83058560853819086e-01 -2.62777839218763898e+00 7.83058560853819086e-01 -4.95944793325873087e-02 1.66428550400968100e-01 -2.62777839218763898e+00 1.66428550400968100e-01 -5.58498904743367275e-01
3.67500000000000000e+01 -1.23924141647980743e+01 7.84865090430538759e-01 -2.63384072216379828e+00 7.84865090430538759e-01 -4.97088946499534140e-02 1.66812503931061812e-01 -2.63384072216379828e+00 1.66812503931061812e-01 -5.59787371328656080e-01
3.70000000000000000e+01 -1.24200455299379655e+01 7.86615104076858307e-01 -2.63971339666826665e+00 7.86615104076858307e-01 -4.98197305694528525e-02 1.67184445761339895e-01 -2.63971339666826665e+00 1.67184445761339895e-01 -5.61035529197832172e-01
3.72500000000000000e+01 -1.24467860526497667e+01 7.88308696826201305e-01 -2.64539673461305158e+00 7.88308696826201305e-01 -4.99269931099626321e-02 1.67544396089876507e-01 -2.64539673461305158e+00 1.67544396089876507e-01 -5.62243446131347357e-01
3.75000000000000000e+01 -1.24726373363269314e+01 7.89945970228397631e-01 -2.65089107677783620e+00 7.89945970228397631e-01 -5.00306887030718822e-02 1.67892376499720275e-01 -2.65089107677783620e+00 1.67892376499720275e-01 -5.63411194557333572e-01
3.77500000000000000e+01 -1.24976010865345568e+01 7.91527032304247924e-01 -2.65619678565751061e+00 7.91527032304247924e-01 -5.01308241902042873e-02 1.68228409949237517e-01 -2.65619678565751061e+00 1.68228409949237517e-01 -5.64538851519197138e-01
3.80000000000000000e+01 -1.25216791102764535e+01 7.93051997499105155e-01 -2.66131424530639604e+00 7.93051997499105155e-01 -5.02274068196781262e-02 1.68552520762246555e-01 -2.66131424530639604e+00 1.68552520762246555e-01 -5.65626498642511688e-01
3.82500000000000000e+01 -1.25448733152468481e+01 7.94520986635480653e-01 -2.66624386117920764e+00 7.94520986635480653e-01 -5.03204442437046665e-02 1.68864734617944851e-01 -2.66624386117920764e+00 1.68864734617944851e-01 -5.66674222101215763e-01
3.85000000000000000e+01 -1.25671857090669779e+01 7.95934126864694558e-01 -2.67098605996879801e+00 7.95934126864694558e-01 -5.04099445153259607e-02 1.69165078540633007e-01 -2.67098605996879801e+00 1.69165078540633007e-01 -5.67682112583128395e-01
3.87500000000000000e+01 -1.25886183985067532e+01 7.97291551617581140e-01 -2.67554128944073799e+00 7.97291551617581140e-01 -5.04959160852928024e-02 1.69453580889237676e-01 -2.67554128944073799e+00 1.69453580889237676e-01 -5.68650265254790788e-01
3.90000000000000000e+01 -1.26091735886918279e+01 7.98593400554267974e-01 -2.67991001826478392e+00 7.98593400554267974e-01 -5.05783677988840136e-02 1.69730271346637929e-01 -2.67991001826478392e+00 1.69730271346637929e-01 -5.69578779725647411e-01
3.92500000000000000e+01 -1.26288535822962160e+01 7.99839819513041839e-01 -2.68409273584328467e+00 7.99839819513041839e-01 -5.06573088926679238e-02 1.69995180908797394e-01 -2.68409273584328467e+00 1.69995180908797394e-01 -5.70467760011575842e-01
3.95000000000000000e+01 -1.26476607787207609e+01 8.01030960458316676e-01 -2.68808995213657242e+00 8.01030960458316676e-01 -5.07327489912069371e-02 1.70248341873705522e-01 -2.68808995213657242e+00 1.70248341873705522e-01 -5.71317314497776230e-01
3.97500000000000000e+01 -1.26655976732576754e+01 8.02166981427721359e-01 -2.69190219748539850e+00 8.02166981427721359e-01 -5.08046981037063861e-02 1.70489787830131800e-01 -2.69190219748539850e+00 1.70489787830131800e-01 -5.72127555901032481e-01
4.00000000000000000e+01 -1.26826668562414042e+01 8.03248046478319488e-01 -2.69553002243046214e+00 8.03248046478319488e-01 -5.08731666206083816e-02 1.70719553646195427e-01 -2.69553002243046214e+00 1.70719553646195427e-01 -5.72898601231354943e-01
4.02500000000000000e+01 -1.26988710121860695e+01 8.04274325631979980e-01 -2.69897399752908207e+00 8.04274325631979980e-01 -5.09381653101319137e-02 1.70937675457754734e-01 -2.69897399752908207e+00 1.70937675457754734e-01 -5.73630571753017349e-01
4.05000000000000000e+01 -1.27142129189097304e+01 8.05245994819913324e-01 -2.70223471316907426e+00 8.05245994819913324e-01 -5.09997053147600854e-02 1.71144190656618927e-01 -2.70223471316907426e+00 1.71144190656618927e-01 -5.74323592944998129e-01
4.07500000000000000e+01 -1.27286954466457285e+01 8.06163235826388602e-01 -2.70531277937987724e+00 8.06163235826388602e-01 -5.10577981476754636e-02 1.71339137878586012e-01 -2.70531277937987724e+00 1.71339137878586012e-01 -5.74977794460838187e-01
4.10000000000000000e+01 -1.27423215571413682e+01 8.07026236231649041e-01 -2.70820882564098975e+00 8.07026236231649041e-01 -5.11124556891446938e-02 1.71522556991310277e-01 -2.70820882564098975e+00 1.71522556991310277e-01 -5.75593310087926802e-01
4.12500000000000000e+01 -1.27550943027441690e+01 8.07835189354041083e-01 -2.71092350068776611e+00 8.07835189354041083e-01 -5.11636901828532581e-02 1.71694489082002494e-01 -2.71092350068776611e+00 1.71694489082002494e-01 -5.76170277706226086e-01
4.15000000000000000e+01 -1.27670168254760039e+01 8.08590294191374737e-01 -2.71345747231463630e+00 8.08590294191374737e-01 -5.12115142321915989e-02 1.71854976444967000e-01 -2.71345747231463630e+00 1.71854976444967000e-01 -5.76708839246447780e-01
4.17500000000000000e+01 -1.27780923560953230e+01 8.09291755361530862e-01 -2.71581142717579649e+00 8.09291755361530862e-01 -5.12559407964934891e-02 1.72004062568978405e-01 -2.71581142717579649e+00 1.72004062568978405e-01 -5.77209140647692909e-01
4.20000000000000000e+01 -1.27883242131477388e+01 8.09939783042330053e-01 -2.71798607058341979e+00 8.09939783042330053e-01 -5.12969831872277099e-02 1.72141792124501702e-01 -2.71798607058341979e+00 1.72141792124501702e-01 -5.77671331814564426e-01
4.22500000000000000e+01 -1.27977158020052890e+01 8.10534592910685303e-01 -2.71998212630346670e+00 8.10534592910685303e-01 -5.13346550641442939e-02 1.72268210950759865e-01 -2.71998212630346670e+00 1.72268210950759865e-01 -5.78095566573769037e-01
4.25000000000000000e+01 -1.28062706138945632e+01 8.11076406081049139e-01 -2.72180033634912677e+00 8.11076406081049139e-01 -5.13689704313761361e-02 1.72383366042651698e-01 -2.72180033634912677e+00 1.72383366042651698e-01 -5.78482002630216541e-01
4.27500000000000000e+01 -1.28139922249140081e+01 8.11565449043175291e-01 -2.72344146077196125e+00 8.11565449043175291e-01 -5.13999436334971471e-02 1.72487305537523838e-01 -2.72344146077196125e+00 1.72487305537523838e-01 -5.78830801522629002e-01
4.30000000000000000e+01 -1.28208842950406918e+01 8.12001953599212345e-01 -2.72490627745079905e+00 8.12001953599212345e-01 -5.14275893515381555e-02 1.72580078701800921e-01 -2.72490627745079905e+00 1.72580078701800921e-01 -5.79142128578674975e-01
4.32500000000000000e+01 -1.28269505671267439e+01 8.12386156800144810e-01 -2.72619558187845090e+00 8.12386156800144810e-01 -5.14519225989614123e-02 1.72661735917476966e-01 -2.72619558187845090e+00 1.72661735917476966e-01 -5.79416152869636880e-01
4.35000000000000000e+01 -1.28321948658857767e+01 8.12718300881597799e-01 -2.72731018694628080e+00 8.12718300881597799e-01 -5.14729587175948647e-02 1.72732328668471491e-01 -2.72731018694628080e+00 1.72732328668471491e-01 -5.79653047164625734e-01
4.37500000000000000e+01 -1.28366210968695817e+01 8.12998633199027987e-01 -2.72825092272672087e+00 8.12998633199027987e-01 -5.14907133735274733e-02 1.72791909526855275e-01 -2.72825092272672087e+00 1.72791909526855275e-01 -5.79852987884357129e-01
4.40000000000000000e+01 -1.28402332454353107e+01 8.13227406162309152e-01 -2.72901863625375452e+00 8.13227406162309152e-01 -5.15052025529662838e-02 1.72840532138947400e-01 -2.72901863625375452e+00 1.72840532138947400e-01 -5.80016155054495886e-01
4.42500000000000000e+01 -1.28430353757034634e+01 8.13404877169738749e-01 -2.72961419130145710e+00 8.13404877169738749e-01 -5.15164425580567145e-02 1.72878251211289191e-01 -2.72961419130145710e+00 1.72878251211289191e-01 -5.80142732258587812e-01
4.45000000000000000e+01 -1.28450316295069502e+01 8.13531308541476372e-01 -2.73003846816062934e+00 8.13531308541476372e-01 -5.15244500026669772e-02 1.72905122496497504e-01 -2.73003846816062934e+00 1.72905122496497504e-01 -5.80232906590586350e-01
4.47500000000000000e+01 -1.28462262253314830e+01 8.13606967452434438e-01 -2.73029236341359116e+00 8.13606967452434438e-01 -5.15292418081377476e-02 1.72921202779001443e-01 -2.73029236341359116e+00 1.72921202779001443e-01 -5.80286868606987749e-01
4.50000000000000000e+01 -1.28466234572476026e+01 8.13632125864638844e-01 -2.73037678970720110e+00 8.13632125864638844e-01 -5.15308351989982663e-02 1.72926549860666717e-01 -2.73037678970720110e+00 1.72926549860666717e-01 -5.80304812278589988e-01
4.52500000000000000e+01 -1.28462276938345550e+01 8.13607060459073939e-01 -2.73029267552414057e+00 8.13607060459073939e-01 -5.15292476986497633e-02 1.72921222546310011e-01 -2.73029267552414057e+00 1.72921222546310011e-01 -5.80286934941881327e-01
4.55000000000000000e+01 -1.28450433770964096e+01 8.13532052567034314e-01 -2.73004096495254478e+00 8.13532052567034314e-01 -5.15244971250177208e-02 1.72905280629108843e-01 -2.73004096495254478e+00 1.72905280629108843e-01 -5.80233437250079698e-01
4.57500000000000000e+01 -1.28430750213705398e+01 8.13407388100995665e-01 -2.72962261745402213e+00 8.13407388100995665e-01 -5.15166015861735771e-02 1.72878784875909103e-01 -2.72962261745402213e+00 1.72878784875909103e-01 -5.80144523123827027e-01
4.60000000000000000e+01 -1.28403272122289014e+01 8.13233357485027120e-01 -2.72903860763013029e+00 8.13233357485027120e-01 -5.15055794759274668e-02 1.72841797012435072e-01 -2.72903860763013029e+00 1.72841797012435072e-01 -5.80020399701557943e-01
4.62500000000000000e+01 -1.28368046053722544e+01 8.13010255584757591e-01 -2.72828992498735978e+00 8.13010255584757591e-01 -5.14914494693926861e-02 1.72794379708404749e-01 -2.72828992498735978e+00 1.72794379708404749e-01 -5.79861277289549837e-01
4.65000000000000000e+01 -1.28325119255176947e+01 8.12738381636918694e-01 -2.72737757370069378e+00 8.12738381636918694e-01 -5.14742305185233381e-02 1.72736596562555134e-01 -2.72737757370069378e+00 1.72736596562555134e-01 -5.79667369311670511e-01
4.67500000000000000e+01 -1.28274539652797444e+01 8.12418039178479101e-01 -2.72630257237579920e+00 8.12418039178479101e-01 -5.14539418476260974e-02 1.72668512087580661e-01 -2.72630257237579920e+00 1.72668512087580661e-01 -5.79438892258835159e-01
4.70000000000000000e+01 -1.28216355840452412e+01 8.12049535975386427e-01 -2.72506595380989936e+00 8.12049535975386427e-01 -5.14306029488471317e-02 1.72590191694988376e-01 -2.72506595380989936e+00 1.72590191694988376e-01 -5.79176065638183357e-01
4.72500000000000000e+01 -1.28150617068423731e+01 8.11633183950938752e-01 -2.72366876475140218e+00 8.11633183950938752e-01 -5.14042335776355580e-02 1.72501701679874081e-01 -2.72366876475140218e+00 1.72501701679874081e-01 -5.78879111921991152e-01
4.75000000000000000e+01 -1.28077373232040959e+01 8.11169299113799203e-01 -2.72211206565833619e+00 8.11169299113799203e-01 -5.13748537481843182e-02 1.72403109205622906e-01 -2.72211206565833619e+00 1.72403109205622906e-01 -5.78548256496329127e-01
4.77500000000000000e+01 -1.27996674860262019e+01 8.10658201485672691e-01 -2.72039693045564501e+00 8.10658201485672691e-01 -5.13424837288496069e-02 1.72294482288538053e-01 -2.72039693045564501e+00 1.72294482288538053e-01 -5.78183727609480225e-01
4.80000000000000000e+01 -1.27908573104203374e+01 8.10100215028663695e-01 -2.71852444629141710e+00 8.10100215028663695e-01 -5.13071440375501078e-02 1.72175889782401448e-01 -2.71852444629141710e+00 1.72175889782401448e-01 -5.77785756320128185e-01
4.82500000000000000e+01 -1.27813119725622517e+01 8.09495667572328825e-01 -2.71649571329209172e+00 8.09495667572328825e-01 -5.12688554371470012e-02 1.72047401362969948e-01 -2.71649571329209172e+00 1.72047401362969948e-01 -5.77354576445330281e-01
4.85000000000000000e+01 -1.27710367085355117e+01 8.08844890740446187e-01 -2.71431184431670758e+00 8.08844890740446187e-01 -5.12276389308058411e-02 1.71909087512411102e-01 -2.71431184431670758e+00 1.71909087512411102e-01 -5.76890424508286759e-01
4.87500000000000000e+01 -1.27600368131710233e+01 8.08148219877516172e-01 -2.71197396471026009e+00 8.08148219877516172e-01 -5.11835157573416188e-02 1.71761019503681833e-01 -2.71197396471026009e+00 1.71761019503681833e-01 -5.76393539685919443e-01
4.90000000000000000e+01 -1.27483176388825772e+01 8.07405993975012004e-01 -2.70948321205621090e+00 8.07405993975012004e-01 -5.11365073865478470e-02 1.71603269384854012e-01 -2.70948321205621090e+00 1.71603269384854012e-01 -5.75864163756271474e-01
4.92500000000000000e+01 -1.27358845944987031e+01 8.06618555597395814e-01 -2.70684073592821539e+00 8.06618555597395814e-01 -5.10866355145108558e-02 1.71435909963390254e-01 -2.70684073592821539e+00 1.71435909963390254e-01 -5.75302541045740190e-01
4.95000000000000000e+01 -1.27227431440911616e+01 8.05786250807922100e-01 -2.70404769764113162e+00 8.05786250807922100e-01 -5.10339220589106010e-02 1.71259014790374281e-01 -2.70404769764113162e+00 1.71259014790374281e-01 -5.74708918376157341e-01
4.97500000000000000e+01 -1.27088988058002474e+01 8.04909429094239015e-01 -2.70110527000135825e+00 8.04909429094239015e-01 -5.09783891543086690e-02 1.71072658144698547e-01 -2.70110527000135825e+00 1.71072658144698547e-01 -5.74083545011726870e-01
5.00000000000000000e+01 -1.26943571506572734e+01 8.03988443293811139e-01 -2.69801463705656630e+00 8.03988443293811139e-01 -5.09200591474249925e-02 1.70876915017213971e-01 -2.69801463705656630e+00 1.70876915017213971e-01 -5.73426672605833909e-01
5.02500000000000000e+01 -1.26791238014044438e+01 8.03023649519177263e-01 -2.69477699384488156e+00 8.03023649519177263e-01 -5.08589545924040751e-02 1.70671861094844335e-01 -2.69477699384488156e+00 1.70671861094844335e-01 -5.72738555147736306e-01
5.05000000000000000e+01 -1.26632044313124048e+01 8.02015407083060294e-01 -2.69139354614356829e+00 8.02015407083060294e-01 -5.07950982460719236e-02 1.70457572744669467e-01 -2.69139354614356829e+00 1.70457572744669467e-01 -5.72019448909151684e-01
5.07500000000000000e+01 -1.26466047629957643e+01 8.00964078423349712e-01 -2.68786551021728570e+00 8.00964078423349712e-01 -5.07285130631848075e-02 1.70234126997981183e-01 -2.68786551021728570e+00 1.70234126997981183e-01 -5.71269612390752024e-01
5.10000000000000000e+01 -1.26293305672268072e+01 7.99870029027967999e-01 -2.68419411256595897e+00 7.99870029027967999e-01 -5.06592221916707733e-02 1.70001601534314845e-01 -2.68419411256595897e+00 1.70001601534314845e-01 -5.70489306268576968e-01
5.12500000000000000e+01 -1.26113876617476972e+01 7.98733627359643150e-01 -2.68038058967232784e+00 7.98733627359643150e-01 -5.05872489678651296e-02 1.69760074665460586e-01 -2.68038058967232784e+00 1.69760074665460586e-01 -5.69678793340379186e-01
5.15000000000000000e+01 -1.25927819100814329e+01 7.97555244780601247e-01 -2.67642618774923235e+00 7.97555244780601247e-01 -5.05126169117409360e-02 1.69509625319457818e-01 -2.67642618774923235e+00 1.69509625319457818e-01 -5.68838338471913119e-01
5.17500000000000000e+01 -1.25735192203418187e+01 7.96335255477196191e-01 -2.67233216248668715e+00 7.96335255477196191e-01 -5.04353497221354391e-02 1.69250333024576344e-01 -2.67233216248668715e+00 1.69250333024576344e-01 -5.67968208543179087e-01
5.20000000000000000e+01 -1.25536055440426857e+01 7.95074036384493477e-01 -2.66809977879879945e+00 7.95074036384493477e-01 -5.03554712719736716e-02 1.68982277893287486e-01 -2.66809977879879945e+00 1.68982277893287486e-01 -5.67068672394633766e-01
5.22500000000000000e+01 -1.25330468749066952e+01 7.93771967110825538e-01 -2.66373031057059251e+00 7.93771967110825538e-01 -5.02730056034901840e-02 1.68705540606229498e-01 -2.66373031057059251e+00 1.68705540606229498e-01 -5.66140000773381558e-01
5.25000000000000000e+01 -1.25118492476738759e+01 7.92429429862332113e-01 -2.65922504040478103e+00 7.92429429862332113e-01 -5.01879769234499160e-02 1.68420202396169671e-01 -2.65922504040478103e+00 1.68420202396169671e-01 -5.65182466279354534e-01
5.27500000000000000e+01 -1.24900187369102795e+01 7.91046809367506598e-01 -2.65458525936856260e+00 7.91046809367506598e-01 -5.01004095983693179e-02 1.68126345031967467e-01 -2.65458525936856260e+00 1.68126345031967467e-01 -5.64196343311496484e-01
5.30000000000000000e+01 -1.24675614558168810e+01 7.89624492801759281e-01 -2.64981226674046821e+00 7.89624492801759281e-01 -5.00103281497386518e-02 1.67824050802541619e-01 -2.64981226674046821e+00 1.67824050802541619e-01 -5.63181908013960064e-01
5.32500000000000000e+01 -1.24444835550390955e+01 7.88162869712018210e-01 -2.64490736975734020e+00 7.88162869712018210e-01 -4.99177572492466651e-02 1.67513402500845066e-01 -2.64490736975734020e+00 1.67513402500845066e-01 -5.62139438222329146e-01
5.35000000000000000e+01 -1.24207912214770833e+01 7.86662331941380910e-01 -2.63987188336147938e+00 7.86662331941380910e-01 -4.98227217140084153e-02 1.67194483407850591e-01 -2.63987188336147938e+00 1.67194483407850591e-01 -5.61069213409879364e-01
5.37500000000000000e+01 -1.23964906770971179e+01 7.85123273553833601e-01 -2.63470712994801559e+00 7.85123273553833601e-01 -4.97252465017974238e-02 1.66867377276550960e-01 -2.63470712994801559e+00 1.66867377276550960e-01 -5.59971514633884948e-01
5.40000000000000000e+01 -1.23715881777443091e+01 7.83546090759055125e-01 -2.62941443911256867e+00 7.83546090759055125e-01 -4.96253567062832010e-02 1.66532168315977031e-01 -2.62941443911256867e+00 1.66532168315977031e-01 -5.58846624481986964e-01
5.42500000000000000e+01 -1.23460900119568286e+01 7.81931181837317135e-01 -2.62399514739923001e+00 7.81931181837317135e-01 -4.95230775522748218e-02 1.66188941175236249e-01 -2.62399514739923001e+00 1.66188941175236249e-01 -5.57694827018630490e-01
5.45000000000000000e+01 -1.23200024997819959e+01 7.80278947064501960e-01 -2.61845059804893499e+00 7.80278947064501960e-01 -4.94184343909720158e-02 1.65837780927576228e-01 -2.61845059804893499e+00 1.65837780927576228e-01 -5.56516407731585061e-01
5.47500000000000000e+01 -1.22933319915943891e+01 7.78589788637247593e-01 -2.61278214074826920e+00 7.78589788637247593e-01 -4.93114526952242727e-02 1.65478773054475420e-01 -2.61278214074826920e+00 1.65478773054475420e-01 -5.55311653478555822e-01
5.50000000000000000e+01 -1.22660848669162501e+01 7.76864110598240010e-01 -2.60699113137876237e+00 7.76864110598240010e-01 -4.92021580547992374e-02 1.65112003429764759e-01 -2.60699113137876237e+00 1.65112003429764759e-01 -5.54080852433900151e-01
5.52500000000000000e+01 -1.22382675332404389e+01 7.75102318761664577e-01 -2.60107893176672134e+00 7.75102318761664577e-01 -4.90905761716612932e-02 1.64737558303783643e-01 -2.60107893176672134e+00 1.64737558303783643e-01 -5.52824294035457631e-01
5.55000000000000000e+01 -1.22098864248561210e+01 7.73304820638832990e-01 -2.59504690943364746e+00 7.73304820638832990e-01 -4.89767328552611278e-02 1.64355524287572718e-01 -2.59504690943364746e+00 1.64355524287572718e-01 -5.51542268931504931e-01
5.57500000000000000e+01 -1.21809480016774909e+01 7.71472025364000280e-01 -2.58889643734729757e+00 7.71472025364000280e-01 -4.88606540178374710e-02 1.63965988337107460e-01 -2.58889643734729757e+00 1.63965988337107460e-01 -5.50235068927846460e-01
5.60000000000000000e+01 -1.21514587480757026e+01 7.69604343620386211e-01 -2.58262889367342341e+00 7.69604343620386211e-01 -4.87423656697316549e-02 1.63569037737574891e-01 -2.58262889367342341e+00 1.63569037737574891e-01 -5.48902986935051129e-01
5.62500000000000000e+01 -1.21214251717142805e+01 7.67702187566417282e-01 -2.57624566152825896e+00 7.67702187566417282e-01 -4.86218939147162257e-02 1.63164760087697341e-01 -2.57624566152825896e+00 1.63164760087697341e-01 -5.47546316915845543e-01
5.65000000000000000e+01 -1.20908538023882013e+01 7.65765970762200432e-01 -2.56974812873177916e+00 7.65765970762200432e-01 -4.84992649453381969e-02 1.62753243284105481e-01 -2.56974812873177916e+00 1.62753243284105481e-01 -5.46165353832673728e-01
5.67500000000000000e+01 -1.20597511908669208e+01 7.63796108096246318e-01 -2.56313768756180194e+00 7.63796108096246318e-01 -4.83745050382781497e-02 1.62334575505764273e-01 -2.56313768756180194e+00 1.62334575505764273e-01 -5.44760393595433379e-01
5.70000000000000000e+01 -1.20281239077414952e+01 7.61793015712453836e-01 -2.55641573450895976e+00 7.61793015712453836e-01 -4.82476405497258010e-02 1.61908845198454554e-01 -2.55641573450895976e+00 1.61908845198454554e-01 -5.43331733009399964e-01
5.72500000000000000e+01 -1.19959785422760898e+01 7.59757110937370084e-01 -2.54958367003260244e+00 7.59757110937370084e-01 -4.81186979107730839e-02 1.61476141059313100e-01 -2.54958367003260244e+00 1.61476141059313100e-01 -5.41879669723346002e-01
5.75000000000000000e+01 -1.19633217012640518e+01 7.57688812207740980e-01 -2.54264289831767210e+00 7.57688812207740980e-01 -4.79877036228256240e-02 1.61036552021434493e-01 -2.54264289831767210e+00 1.61036552021434493e-01 -5.40404502177868507e-01
5.77500000000000000e+01 -1.19301600078887660e+01 7.55588538998364534e-01 -2.53559482703259187e+00 7.55588538998364534e-01 -4.78546842530333666e-02 1.60590167238537307e-01 -2.53559482703259187e+00 1.60590167238537307e-01 -5.38906529553931368e-01
5.80000000000000000e+01 -1.18965001005895168e+01 7.53456711750260300e-01 -2.52844086708822058e+00 7.53456711750260300e-01 -4.77196664297412365e-02 1.60137076069697515e-01 -2.52844086708822058e+00 1.60137076069697515e-01 -5.37386051721634783e-01
5.82500000000000000e+01 -1.18623486319325409e+01 7.51293751799169240e-01 -2.52118243239791218e+00 7.51293751799169240e-01 -4.75826768379607259e-02 1.59677368064152003e-01 -2.52118243239791218e+00 1.59677368064152003e-01 -5.35843369189218599e-01
5.85000000000000000e+01 -1.18277122674875113e+01 7.49100081304395427e-01 -2.51382093963872366e+00 7.49100081304395427e-01 -4.74437422148631383e-02 1.59211132946175032e-01 -2.51382093963872366e+00 1.59211132946175032e-01 -5.34278783052310691e-01
5.87500000000000000e+01 -1.17925976847096372e+01 7.46876123178006002e-01 -2.50635780801382424e+00 7.46876123178006002e-01 -4.73028893452955013e-02 1.58738460600030357e-01 -2.50635780801382424e+00 1.58738460600030357e-01 -5.32692594943429909e-01
5.90000000000000000e+01 -1.17570115718275563e+01 7.44622301014395194e-01 -2.49879445901612973e+00 7.44622301014395194e-01 -4.71601450573195941e-02 1.58259441055001282e-01 -2.49879445901612973e+00 1.58259441055001282e-01 -5.31085106981749933e-01
5.92500000000000000e+01 -1.17209606267372912e+01 7.42339039020234903e-01 -2.49113231619322795e+00 7.42339039020234903e-01 -4.70155362177753361e-02 1.57774164470502437e-01 -2.49113231619322795e+00 1.57774164470502437e-01 -5.29456621723137566e-01
5.95000000000000000e+01 -1.16844515559023545e+01 7.40026761944812983e-01 -2.48337280491361234e+00 7.40026761944812983e-01 -4.68690897278688998e-02 1.57282721121274172e-01 -2.48337280491361234e+00 1.57282721121274172e-01 -5.27807442110468150e-01
5.97500000000000000e+01 -1.16474910732603121e+01 7.37685895010781079e-01 -2.47551735213428481e+00 7.37685895010781079e-01 -4.67208325187866078e-02 1.56785201382663969e-01 -2.47551735213428481e+00 1.56785201382663969e-01 -5.26137871424233294e-01
6.00000000000000000e+01 -1.16100858991358873e+01 7.35316863845317692e-01 -2.46756738616975202e+00 7.35316863845317692e-01 -4.65707915473352260e-02 1.56281695715995955e-01 -2.46756738616975202e+00 1.56281695715995955e-01 -5.24448213233444149e-01
6.02500000000000000e+01 -1.15722427591608845e+01 7.32920094411721235e-01 -2.45952433646246948e+00 7.32920094411721235e-01 -4.64189937916094364e-02 1.55772294654032112e-01 -2.45952433646246948e+00 1.55772294654032112e-01 -5.22738771346841880e-01
6.05000000000000000e+01 -1.15339683832010316e+01 7.30496012941442840e-01 -2.45138963335475468e+00 7.30496012941442840e-01 -4.62654662466871897e-02 1.55257088786526637e-01 -2.45138963335475468e+00 1.55257088786526637e-01 -5.21009849764421551e-01
6.07500000000000000e+01 -1.14952695042900110e+01 7.28045045866574037e-01 -2.44316470786223361e+00 7.28045045866574037e-01 -4.61102359203538759e-02 1.54736168745877117e-01 -2.44316470786223361e+00 1.54736168745877117e-01 -5.19261752629280426e-01
6.10000000000000000e+01 -1.14561528575707392e+01 7.25567619752792936e-01 -2.43485099144881900e+00 7.25567619752792936e-01 -4.59533298288554923e-02 1.54209625192873234e-01 -2.43485099144881900e+00 1.54209625192873234e-01 -5.17494784179793554e-01
6.12500000000000000e+01 -1.14166251792441980e+01 7.23064161232789937e-01 -2.42644991580330238e+00 7.23064161232789937e-01 -4.57947749926821898e-02 1.53677548802547137e-01 -2.42644991580330238e+00 1.53677548802547137e-01 -5.15709248702130640e-01
6.15000000000000000e+01 -1.13766932055258838e+01 7.20535096940174369e-01 -2.41796291261756124e+00 7.20535096940174369e-01 -4.56345984323823436e-02 1.53140030250126319e-01 -2.41796291261756124e+00 1.53140030250126319e-01 -5.13905450483117199e-01
6.17500000000000000e+01 -1.13363636716101155e+01 7.17980853443879963e-01 -2.40939141336643292e+00 7.17980853443879963e-01 -4.54728271644081541e-02 1.52597160197092407e-01 -2.40939141336643292e+00 1.52597160197092407e-01 -5.12083693763450087e-01
6.20000000000000000e+01 -1.12956433106422853e+01 7.15401857183073475e-01 -2.40073684908928486e+00 7.15401857183073475e-01 -4.53094881969930904e-02 1.52049029277346703e-01 -2.40073684908928486e+00 1.52049029277346703e-01 -5.10244282691272866e-01
6.22500000000000000e+01 -1.12545388526993282e+01 7.12798534402582562e-01 -2.39200065017332575e+00 7.12798534402582562e-01 -4.51446085260623145e-02 1.51495728083486464e-01 -2.39200065017332575e+00 1.51495728083486464e-01 -5.08387521276121190e-01
6.25000000000000000e+01 -1.12130570237784362e+01 7.10171311088847346e-01 -2.38318424613866808e+00 7.10171311088847346e-01 -4.49782151311761622e-02 1.50937347153192014e-01 -2.38318424613866808e+00 1.50937347153192014e-01 -5.06513713343241356e-01
6.27500000000000000e+01 -1.11712045447942785e+01 7.07520612906409774e-01 -2.37428906542520313e+00 7.07520612906409774e-01 -4.48103349715077842e-02 1.50373976955728683e-01 -2.37428906542520313e+00 1.50373976955728683e-01 -5.04623162488293198e-01
6.30000000000000000e+01 -1.11289881305848013e+01 7.04846865134946876e-01 -2.36531653518129747e+00 7.04846865134946876e-01 -4.46409949818551838e-02 1.49805707878563898e-01 -2.36531653518129747e+00 1.49805707878563898e-01 -5.02716172032440456e-01
6.32500000000000000e+01 -1.10864144889258398e+01 7.02150492606861465e-01 -2.35626808105436014e+00 7.02150492606861465e-01 -4.44702220686885308e-02 1.49232630214102935e-01 -2.35626808105436014e+00 1.49232630214102935e-01 -5.00793044977838275e-01
6.35000000000000000e+01 -1.10434903195545751e+01 6.99431919645433831e-01 -2.34714512698329347e+00 6.99431919645433831e-01 -4.42980431062331009e-02 1.48654834146544040e-01 -2.34714512698329347e+00 1.48654834146544040e-01 -4.98854083963521822e-01
6.37500000000000000e+01 -1.10002223132021015e+01 6.96691570003549754e-01 -2.33794909499287584e+00 6.96691570003549754e-01 -4.41244849325885952e-02 1.48072409738855715e-01 -2.33794909499287584e+00 1.48072409738855715e-01 -4.96899591221705239e-01
6.40000000000000000e+01 -1.09566171506351289e+01 6.93929866803007722e-01 -2.32868140499009124e+00 6.93929866803007722e-01 -4.39495743458852492e-02 1.47485446919877305e-01 -2.32868140499009124e+00 1.47485446919877305e-01 -4.94929868534493722e-01
6.42500000000000000e+01 -1.09126815017070253e+01 6.91147232474417006e-01 -2.31934347456243906e+00 6.91147232474417006e-01 -4.37733381004772812e-02 1.46894035471545309e-01 -2.31934347456243906e+00 1.46894035471545309e-01 -4.92945217191017304e-01
6.45000000000000000e+01 -1.08684220244183400e+01 6.88344088697696921e-01 -2.30993671877826312e+00 6.88344088697696921e-01 -4.35958029031745034e-02 1.46298265016247125e-01 -2.30993671877826312e+00 1.46298265016247125e-01 -4.90945937944993471e-01
6.47500000000000000e+01 -1.08238453639868499e+01 6.85520856343178164e-01 -2.30046254998909872e+00 6.85520856343178164e-01 -4.34169954095119590e-02 1.45698225004303017e-01 -2.30046254998909872e+00 1.45698225004303017e-01 -4.88932330972718654e-01
6.50000000000000000e+01 -1.07789581519273554e+01 6.82677955413323434e-01 -2.29092237763410012e+00 6.82677955413323434e-01 -4.32369422200588743e-02 1.45094004701579571e-01 -2.29092237763410012e+00 1.45094004701579571e-01 -4.86904695831501977e-01
6.52500000000000000e+01 -1.07337670051412921e+01 6.79815804985067329e-01 -2.28131760804654693e+00 6.79815804985067329e-01 -4.30556698767667820e-02 1.44485693177234836e-01 -2.28131760804654693e+00 1.44485693177234836e-01 -4.84863331418540489e-01
6.55000000000000000e+01 -1.06882785250162726e+01 6.76934823152787524e-01 -2.27164964426246518e+00 6.76934823152787524e-01 -4.28732048593576526e-02 1.43873379291597658e-01 -2.27164964426246518e+00 1.43873379291597658e-01 -4.82808535930244753e-01
6.57500000000000000e+01 -1.06424992965357035e+01 6.74035426971912099e-01 -2.26191988583138626e+00 6.74035426971912099e-01 -4.26895735817522798e-02 1.43257151684182127e-01 -2.26191988583138626e+00 1.43257151684182127e-01 -4.80740606822017635e-01
6.60000000000000000e+01 -1.05964358873985596e+01 6.71118032403171583e-01 -2.25212972862926986e+00 6.71118032403171583e-01 -4.25048023885395559e-02 1.42637098761839110e-01 -2.25212972862926986e+00 1.42637098761839110e-01 -4.78659840768493883e-01
6.62500000000000000e+01 -1.05500948471494347e+01 6.68183054257501574e-01 -2.24228056467360704e+00 6.68183054257501574e-01 -4.23189175514868607e-02 1.42013308687046008e-01 -2.24228056467360704e+00 1.42013308687046008e-01 -4.76566533624242561e-01
6.65000000000000000e+01 -1.05034827063189962e+01 6.65230906141603073e-01 -2.23237378194073344e+00 6.65230906141603073e-01 -4.21319452660922356e-02 1.41385869366336431e-01 -2.23237378194073344e+00 1.41385869366336431e-01 -4.74460980384939834e-01
6.67500000000000000e+01 -1.04566059755748881e+01 6.62262000404166162e-01 -2.22241076418536654e+00 6.62262000404166162e-01 -4.19439116481784419e-02 1.40754868438870695e-01 -2.22241076418536654e+00 1.40754868438870695e-01 -4.72343475149013647e-01
6.70000000000000000e+01 -1.04094711448832182e+01 6.59276748082763708e-01 -2.21239289076239309e+00 6.59276748082763708e-01 -4.17548427305295192e-02 1.40120393265148802e-01 -2.21239289076239309e+00 1.40120393265148802e-01 -4.70214311079767022e-01
6.72500000000000000e+01 -1.03620846826807647e+01 6.56275558851422414e-01 -2.20232153645092810e+00 6.56275558851422414e-01 -4.15647644595702609e-02 1.39482530915867403e-01 -2.20232153645092810e+00 1.39482530915867403e-01 -4.68073780367984693e-01
6.75000000000000000e+01 -1.03144530350578787e+01 6.53258840968874099e-01 -2.19219807128065636e+00 6.53258840968874099e-01 -4.13737026920887110e-02 1.38841368160921269e-01 -2.19219807128065636e+00 1.38841368160921269e-01 -4.65922174195023742e-01
6.77500000000000000e+01 -1.02665826249522887e+01 6.50227001227494439e-01 -2.18202386036048424e+00 6.50227001227494439e-01 -4.11816831920022580e-02 1.38196991458550911e-01 -2.18202386036048424e+00 1.38196991458550911e-01 -4.63759782696396117e-01
6.80000000000000000e+01 -1.02184798513538198e+01 6.47180444902935248e-01 -2.17180026370951307e+00 6.47180444902935248e-01 -4.09887316271676030e-02 1.37549486944637617e-01 -2.17180026370951307e+00 1.37549486944637617e-01 -4.61586894925844093e-01
6.82500000000000000e+01 -1.01701510885201269e+01 6.44119575704453329e-01 -2.16152863609035606e+00 6.44119575704453329e-01 -4.07948735662349155e-02 1.36898940422146537e-01 -2.16152863609035606e+00 1.36898940422146537e-01 -4.59403798819914444e-01
6.85000000000000000e+01 -1.01216026852035430e+01 6.41044795725942862e-01 -2.15121032684481150e+00 6.41044795725942862e-01 -4.06001344755464524e-02 1.36245437350719256e-01 -2.15121032684481150e+00 1.36245437350719256e-01 -4.57210781163032598e-01
6.87500000000000000e+01 -1.00728409638890462e+01 6.37956505397673790e-01 -2.14084667973190745e+00 6.37956505397673790e-01 -4.04045397160799694e-02 1.35589062836416363e-01 -2.14084667973190745e+00 1.35589062836416363e-01 -4.55008127553081454e-01
6.90000000000000000e+01 -1.00238722200435344e+01 6.34855103438743740e-01 -2.13043903276834090e+00 6.34855103438743740e-01 -4.02081145404373091e-02 1.34929901621611864e-01 -2.13043903276834090e+00 1.34929901621611864e-01 -4.52796122367488785e-01
6.92500000000000000e+01 -9.97470272137633707e+00 6.31740986810243932e-01 -2.11998871807131328e+00 6.31740986810243932e-01 -4.00108840898781570e-02 1.34268038075039231e-01 -2.11998871807131328e+00 1.34268038075039231e-01 -4.50575048729823902e-01
6.95000000000000000e+01 -9.92533870711113764e+00 6.28614550669146732e-01 -2.10949706170378493e+00 6.28614550669146732e-01 -3.98128733913995711e-02 1.33603556181990712e-01 -2.10949706170378493e+00 1.33603556181990712e-01 -4.48345188476908685e-01
6.97500000000000000e+01 -9.87578638726929547e+00 6.25476188322915072e-01 -2.09896538352215423e+00 6.25476188322915072e-01 -3.96141073548611916e-02 1.32936539534670217e-01 -2.09896538352215423e+00 1.32936539534670217e-01 -4.46106822126444369e-01
7.00000000000000000e+01 -9.82605194196468901e+00 6.22326291184842062e-01 -2.08839499702638998e+00 6.22326291184842062e-01 -3.94146107701567189e-02 1.32267071322701435e-01 -2.08839499702638998e+00 1.32267071322701435e-01 -4.43860228845157856e-01
