time_s,gap_um,contact_node,wall_element,triangle_index,speed_mm_s,CPRESS_MPa,CPRESS_node,Vcom_x,Vcom_y,Vcom_z,Fmag_x,Fmag_y,Fmag_z,Fhydro_x,Fhydro_y,Fhydro_z,Fwall_x,Fwall_y,Fwall_z,Jwall_cumulative_x,Jwall_cumulative_y,Jwall_cumulative_z,mDeltaV_x,mDeltaV_y,mDeltaV_z,residual_x,residual_y,residual_z,force_unit,velocity_unit,impulse_unit,gap_source
0.00098,20.451403411263595,130,441,880,0.3087913340729752,0.0,-1.0,-0.1948854925393841,-0.21316875521080084,0.10922826831057571,-2.624725551395159e-06,-2.8714038052388797e-06,1.4714021024501823e-06,1.83995076e-09,2.69330918e-09,-1.55905633e-09,0.0,0.0,0.0,0.0,0.0,0.0,-1.9488495823983164e-09,-2.1316817078571603e-09,1.0922796884952238e-09,-5.763484168652627e-17,-5.779460667440821e-17,-4.034060940167037e-19,N,mm/s,N s,"all 217 exterior nodes vs true wall triangles, increment orientation"
0.0009801,20.365439782454853,130,441,880,0.3088328774776847,,,-0.19491171858313575,-0.21319742504493508,0.10924296830608542,-2.623931697553408e-06,-2.8705353430330706e-06,1.470957073745688e-06,1.8403826e-09,2.69364935e-09,-1.55922293e-09,0.0,0.0,0.0,0.0,0.0,0.0,-1.9491118421168177e-09,-2.1319684054124884e-09,1.0924266880473048e-09,-6.850756313192023e-17,7.225955268208152e-17,3.710382803365834e-17,N,mm/s,N s,"all 217 exterior nodes vs true wall triangles, increment orientation"
0.0009801999999999,20.27948056088311,130,441,880,0.3088744164937143,,,-0.19493792972572624,-0.21322610978023052,0.10925765340043393,-2.6231374917178736e-06,-2.869666495752224e-06,1.470511847716032e-06,1.8408144399999989e-09,2.6939893899999993e-09,-1.5593894099999996e-09,0.0,0.0,0.0,0.0,0.0,0.0,-1.949373952824116e-09,-2.1322552519790197e-09,1.0925735385881821e-09,-9.815250574869661e-18,-3.3596976643561074e-17,-2.9870750535883166e-17,N,mm/s,N s,"all 217 exterior nodes vs true wall triangles, increment orientation"
0.0009803,20.19349234125468,130,441,880,0.3089159375717086,,,-0.1949641408683167,-0.21325476471320357,0.10927234594536303,-2.622342933994786e-06,-2.868797263512556e-06,1.4700664244207673e-06,1.84124628e-09,2.6943293e-09,-1.55955579e-09,0.0,0.0,0.0,0.0,0.0,0.0,-1.949636063531414e-09,-2.1325418005231445e-09,1.0927204636346613e-09,-3.0604298820983636e-17,7.163092733791765e-17,2.2209381752444377e-17,N,mm/s,N s,"all 217 exterior nodes vs true wall triangles, increment orientation"
0.0009804,20.10749701678916,130,441,880,0.3089574542610231,,,-0.194990337109746,-0.21328343454733778,0.10928702358913091,-2.621548024485741e-06,-2.867927646425208e-06,1.4696208039168463e-06,1.84167813e-09,2.69466906e-09,-1.55972205e-09,0.0,0.0,0.0,0.0,0.0,0.0,-1.949898025227509e-09,-2.132828498078472e-09,1.0928672396699366e-09,1.8101309908402796e-17,-5.912882143953e-17,-3.015286786319056e-17,N,mm/s,N s,"all 217 exterior nodes vs true wall triangles, increment orientation"
0.0009805,20.02148424632399,130,441,880,0.3089989530123022,0.0,-1.0,-0.19501653335117528,-0.2133120745791496,0.10930170868347938,-2.620752763295624e-06,-2.8670576446049235e-06,1.469174986263068e-06,1.84210998e-09,2.69500869e-09,-1.5598882e-09,0.0,0.0,0.0,0.0,0.0,0.0,-1.950159986923603e-09,-2.1331148976113934e-09,1.0930140902108138e-09,-1.2744800666381779e-17,2.1118921521103718e-17,3.6579012711423474e-17,N,mm/s,N s,"all 217 exterior nodes vs true wall triangles, increment orientation"
0.0009805999999999,19.93546434489492,130,441,880,0.30904043708814294,,,-0.1950427146914434,-0.21334071461096143,0.10931637887666666,-2.619957150527852e-06,-2.8661872581648393e-06,1.4687289715174069e-06,1.842541829999999e-09,2.695348189999999e-09,-1.5600542399999997e-09,0.0,0.0,0.0,0.0,0.0,0.0,-1.950421799608495e-09,-2.133401297144314e-09,1.0931607917404875e-09,2.583340758568651e-17,1.4313294720521006e-17,-1.0920804524833224e-18,N,mm/s,N s,"all 217 exterior nodes vs true wall triangles, increment orientation"
0.0009807,19.84943860095001,130,441,880,0.30908191087722514,,,-0.1950688960317115,-0.21336933974161207,0.10933104906985391,-2.619161186289144e-06,-2.8653164872217038e-06,1.468282759739689e-06,1.84297368e-09,2.69568755e-09,-1.56022017e-09,0.0,0.0,0.0,0.0,0.0,0.0,-1.9506836122933863e-09,-2.1336875476660317e-09,1.0933074932701607e-09,-1.5210417954790173e-17,6.942705967719078e-17,5.8647503888322946e-18,N,mm/s,N s,"all 217 exterior nodes vs true wall triangles, increment orientation"
0.0009808,19.76339413487272,130,441,880,0.30912337262635076,,,-0.19509506247081843,-0.21339796487226267,0.10934571181246057,-2.618364870681566e-06,-2.864445331887176e-06,1.4678363509871312e-06,1.84340553e-09,2.69602677e-09,-1.56038599e-09,0.0,0.0,0.0,0.0,0.0,0.0,-1.9509452759670745e-09,-2.1339737981877492e-09,1.0934541202942324e-09,1.3099781936418635e-17,3.741058187194942e-17,-1.7036406420822734e-17,N,mm/s,N s,"all 217 exterior nodes vs true wall triangles, increment orientation"
0.0009809,19.67733743353964,130,441,880,0.3091648240887179,,,-0.1951212289099253,-0.21342657510175211,0.10936037455506721,-2.617568203810484e-06,-2.863573792276522e-06,1.4673897453188013e-06,1.84383739e-09,2.69636586e-09,-1.5605517e-09,0.0,0.0,0.0,0.0,0.0,0.0,-1.9512069396407624e-09,-2.134259899698263e-09,1.0936007473183039e-09,-3.828232724783852e-17,6.723664474486473e-17,4.729734078138357e-18,N,mm/s,N s,"all 217 exterior nodes vs true wall triangles, increment orientation"
0.0009809999999999,19.591263339219317,130,441,880,0.3092062635111283,0.0,-1.0,-0.19514738044787103,-0.21345518533124153,0.10937502984709324,-2.616771185779792e-06,-2.8627018685034045e-06,1.4669429427929425e-06,1.844269249999999e-09,2.6967048099999993e-09,-1.5607172899999997e-09,0.0,0.0,0.0,0.0,0.0,0.0,-1.9514684543032467e-09,-2.134546001208777e-09,1.0937472998367737e-09,-2.038066444947885e-17,9.855636024215706e-18,-3.3227518508283358e-18,N,mm/s,N s,"all 217 exterior nodes vs true wall triangles, increment orientation"
0.0009811,19.505182095072676,130,441,880,0.3092476832423054,,,-0.19517351708465555,-0.21348378065956972,0.10938968513911926,-2.6159738166966947e-06,-2.8618295606851e-06,1.4664959434696517e-06,1.84470111e-09,2.69704362e-09,-1.56088278e-09,0.0,0.0,0.0,0.0,0.0,0.0,-1.951729819954528e-09,-2.1348319537080873e-09,1.0938938523552432e-09,6.676966023599973e-17,1.4240364050710764e-17,3.33314079311703e-17,N,mm/s,N s,"all 217 exterior nodes vs true wall triangles, increment orientation"
0.0009812,19.419083472344884,130,441,880,0.309289097702519,,,-0.1951996537214401,-0.21351237598789793,0.10940432552998408,-2.6151760966637287e-06,-2.860956868933784e-06,1.4660487474064106e-06,1.84513297e-09,2.6973823e-09,-1.56104815e-09,0.0,0.0,0.0,0.0,0.0,0.0,-1.9519911856058095e-09,-2.135117906207398e-09,1.0940402558625094e-09,7.412234299396624e-17,-6.865876152708487e-17,-3.4299323216119557e-17,N,mm/s,N s,"all 217 exterior nodes vs true wall triangles, increment orientation"
0.0009813,19.33297773540476,130,441,880,0.3093304942246973,,,-0.19522579035822463,-0.21354094151390374,0.10941897337142947,-2.6143780257867447e-06,-2.8600837933652515e-06,1.4656013546625577e-06,1.84556484e-09,2.69772084e-09,-1.56121342e-09,0.0,0.0,0.0,0.0,0.0,0.0,-1.952252551257091e-09,-2.1354035606843013e-09,1.094186733875377e-09,1.6422939093226322e-18,5.914229311291139e-17,1.732151932506222e-17,N,mm/s,N s,"all 217 exterior nodes vs true wall triangles, increment orientation"
0.0009814,19.24685976726049,130,441,880,0.3093718863581957,,,-0.19525191209384796,-0.21356952194107073,0.10943360631171367,-2.6135796041709117e-06,-2.8592103340945595e-06,1.4651537652970505e-06,1.84599671e-09,2.69805924e-09,-1.56137857e-09,0.0,0.0,0.0,0.0,0.0,0.0,-1.9525137678971687e-09,-2.135689364172408e-09,1.0943330628770412e-09,-1.6943637737380445e-18,-4.942844477160424e-17,-3.530321469616846e-17,N,mm/s,N s,"all 217 exterior nodes vs true wall triangles, increment orientation"
0.0009815,19.160724366758075,130,441,880,0.3094132511491839,0.0,-1.0,-0.1952780189283101,-0.21359807256591534,0.10944824670257845,-2.61278083192152e-06,-2.8583364912368924e-06,1.4647059793689147e-06,1.84642858e-09,2.69839751e-09,-1.56154361e-09,0.0,0.0,0.0,0.0,0.0,0.0,-1.952774835526043e-09,-2.135974869638108e-09,1.094479466384307e-09,6.407730244918882e-17,5.2624284207037484e-17,3.1362926637717095e-17,N,mm/s,N s,"all 217 exterior nodes vs true wall triangles, increment orientation"
0.0009816,19.074581891005984,130,441,880,0.30945461066920876,,,-0.19530412576277226,-0.21362662319075995,0.10946287219228204,-2.6119817091439784e-06,-2.8574622649075667e-06,1.464257996937241e-06,1.84686045e-09,2.69873564e-09,-1.56170854e-09,0.0,0.0,0.0,0.0,0.0,0.0,-1.9530359031549178e-09,-2.136260375103808e-09,1.0946257208803693e-09,4.9911029295322257e-17,6.723973444105648e-17,-6.1772189182840895e-18,N,mm/s,N s,"all 217 exterior nodes vs true wall triangles, increment orientation"
0.0009817,18.98842202198829,130,441,880,0.3094959701892337,,,-0.1953302325972344,-0.21365517381560453,0.1094774976819856,-2.61118223594382e-06,-2.856587655222031e-06,1.4638098180611902e-06,1.84729232e-09,2.69907363e-09,-1.56187336e-09,0.0,0.0,0.0,0.0,0.0,0.0,-1.953296970783792e-09,-2.1365458805695075e-09,1.0947719753764312e-09,-4.422822880994007e-17,-5.6204219589193225e-18,1.1071880625302486e-18,N,mm/s,N s,"all 217 exterior nodes vs true wall triangles, increment orientation"
0.0009818,18.90225508808725,130,441,880,0.30953730738254354,,,-0.19535632453053534,-0.21368370953928792,0.10949211572110856,-2.6103824124266943e-06,-2.855712662295867e-06,1.4633614427999893e-06,1.8477242e-09,2.69941149e-09,-1.56203807e-09,0.0,0.0,0.0,0.0,0.0,0.0,-1.953557889401463e-09,-2.136831237024004e-09,1.0949181553668915e-09,-6.93643080905551e-17,-1.6983298981820315e-17,-2.126982301255062e-17,N,mm/s,N s,"all 217 exterior nodes vs true wall triangles, increment orientation"
0.0009819,18.816075874394148,130,441,880,0.3095786248846196,,,-0.1953824015626751,-0.2137122303618101,0.10950673376023151,-2.609582238698369e-06,-2.8548372862447808e-06,1.4629128712129307e-06,1.84815607e-09,2.69974921e-09,-1.56220266e-09,0.0,0.0,0.0,0.0,0.0,0.0,-1.953818659007931e-09,-2.137116444467297e-09,1.0950643353573519e-09,-2.5532233028726365e-17,3.31128002107542e-17,1.2169731733288739e-18,N,mm/s,N s,"all 217 exterior nodes vs true wall triangles, increment orientation"
0.000982,18.729879310395724,130,441,880,0.30961993975121427,0.0,-1.0,-0.19540847859481486,-0.2137407511843323,0.10952134434877385,-2.608781714864737e-06,-2.853961527184618e-06,1.462464103359377e-06,1.84858795e-09,2.70008679e-09,-1.56236715e-09,0.0,0.0,0.0,0.0,0.0,0.0,-1.9540794286143985e-09,-2.1374016519105897e-09,1.0952104408422102e-09,-6.177822348025268e-17,-4.381621174686452e-18,-5.9184067938414935e-18,N,mm/s,N s,"all 217 exterior nodes vs true wall triangles, increment orientation"
0.0009820999999999,18.643675692937983,130,441,880,0.30966123492657516,,,-0.19543454072579344,-0.21376925710569328,0.10953595493731617,-2.6079808410310053e-06,-2.8530853852304727e-06,1.462015139298306e-06,1.849019829999999e-09,2.700424239999999e-09,-1.5625315199999995e-09,0.0,0.0,0.0,0.0,0.0,0.0,-1.954340049209663e-09,-2.137686710342679e-09,1.0953565463270684e-09,-2.912608258176549e-17,1.950635844159272e-17,3.184925235535649e-17,N,mm/s,N s,"all 217 exterior nodes vs true wall triangles, increment orientation"
0.0009822,18.557459805400708,130,441,880,0.30970251542649746,,,-0.19546058795561083,-0.21379776302705425,0.1095505506246973,-2.607179617305709e-06,-2.852208860501081e-06,1.4615659790905625e-06,1.84945171e-09,2.70076154e-09,-1.56269578e-09,0.0,0.0,0.0,0.0,0.0,0.0,-1.954600520793724e-09,-2.137971768774768e-09,1.0955025028007233e-09,7.238919620370365e-17,-4.427273292039909e-17,-3.447164731632246e-17,N,mm/s,N s,"all 217 exterior nodes vs true wall triangles, increment orientation"
0.0009823,18.471226571518944,130,441,880,0.30974379767961874,,,-0.19548665008658941,-0.21382625404725403,0.10956515376265902,-2.606378043792697e-06,-2.8513319531100515e-06,1.461116622794363e-06,1.8498836e-09,2.70109872e-09,-1.56285993e-09,0.0,0.0,0.0,0.0,0.0,0.0,-1.9548611413889886e-09,-2.138256678195654e-09,1.0956485337799798e-09,-5.5289778452445214e-17,-4.674595134694939e-17,1.865530028555054e-17,N,mm/s,N s,"all 217 exterior nodes vs true wall triangles, increment orientation"
0.0009824,18.38498626027571,130,441,880,0.3097850455660677,,,-0.1955126824152456,-0.2138547301662926,0.10957974199945952,-2.605576120599135e-06,-2.850454663174622e-06,1.4606670704697844e-06,1.85031548e-09,2.70143575e-09,-1.56302396e-09,0.0,0.0,0.0,0.0,0.0,0.0,-1.955121463961846e-09,-2.1385414386053364e-09,1.0957944157480326e-09,3.483562953846232e-17,1.2048457077117455e-17,-3.22671157669185e-17,N,mm/s,N s,"all 217 exterior nodes vs true wall triangles, increment orientation"
0.0009824999999999,18.29872218551937,130,441,880,0.30982629608799794,0.0,-1.0,-0.19553871474390178,-0.2138832062853312,0.10959433768684061,-2.6047738478307154e-06,-2.849576990810419e-06,1.4602173221760771e-06,1.8507473699999989e-09,2.701772649999999e-09,-1.5631878899999996e-09,0.0,0.0,0.0,0.0,0.0,0.0,-1.9553817865347033e-09,-2.1388261990150187e-09,1.095940372221687e-09,4.4708050854647415e-17,-1.6938946539248303e-17,3.6297499040170725e-17,N,mm/s,N s,"all 217 exterior nodes vs true wall triangles, increment orientation"
0.0009826,18.212452318217984,130,441,880,0.3098675310522076,,,-0.19556474707255797,-0.21391166750320856,0.1096089184730605,-2.603971225596458e-06,-2.848698936136705e-06,1.4597673779743557e-06,1.85117925e-09,2.7021094e-09,-1.5633517e-09,0.0,0.0,0.0,0.0,0.0,0.0,-1.9556421091075612e-09,-2.1391108104134974e-09,1.0960861796841378e-09,-2.570746660789085e-17,1.526481985259039e-17,8.519216650499486e-19,N,mm/s,N s,"all 217 exterior nodes vs true wall triangles, increment orientation"
0.0009827,18.12617538241247,130,441,880,0.3099087566119413,,,-0.19559076450005297,-0.21394012872108592,0.10962349925928037,-2.6031682540006824e-06,-2.847820499267608e-06,1.4593172379231023e-06,1.85161114e-09,2.70244603e-09,-1.5635154e-09,0.0,0.0,0.0,0.0,0.0,0.0,-1.955902282669215e-09,-2.139395421811976e-09,1.0962319871465886e-09,-2.7434660138592293e-17,-4.0389659977181324e-17,1.0426932511065957e-17,N,mm/s,N s,"all 217 exterior nodes vs true wall triangles, increment orientation"
0.0009828,18.039886230643678,130,441,880,0.3099499598449596,,,-0.19561676702638675,-0.2139685750378021,0.10963807259491963,-2.602364933151044e-06,-2.8469416803208987e-06,1.4588669020826672e-06,1.85204303e-09,2.70278251e-09,-1.56367899e-09,0.0,0.0,0.0,0.0,0.0,0.0,-1.9561623072196658e-09,-2.1396798841992515e-09,1.0963777201034376e-09,3.949153833884106e-17,-3.492938297214397e-17,-9.463499398373772e-18,N,mm/s,N s,"all 217 exterior nodes vs true wall triangles, increment orientation"
0.0009828999999999,17.953579758593726,130,441,880,0.30999115279122014,,,-0.19564276955272059,-0.21399700645335704,0.1096526459305589,-2.601561263153712e-06,-2.8460624794127233e-06,1.458416370512567e-06,1.8524749199999989e-09,2.703118859999999e-09,-1.5638424699999997e-09,0.0,0.0,0.0,0.0,0.0,0.0,-1.956422331770117e-09,-2.139964197575323e-09,1.0965234530602865e-09,2.602500450807212e-17,3.160746318605004e-17,1.5705793022777314e-17,N,mm/s,N s,"all 217 exterior nodes vs true wall triangles, increment orientation"
0.000983,17.86725464778225,130,441,880,0.31003234310199956,0.0,-1.0,-0.1956687720790544,-0.214025437868912,0.10966721181561755,-2.6007572441181853e-06,-2.8451828966628745e-06,1.457965643274188e-06,1.85290681e-09,2.70345506e-09,-1.56400584e-09,0.0,0.0,0.0,0.0,0.0,0.0,-1.956682356320568e-09,-2.1402485109513947e-09,1.0966691115115337e-09,-6.786916948063627e-17,1.0171499161739493e-17,1.1448766184129172e-17,N,mm/s,N s,"all 217 exterior nodes vs true wall triangles, increment orientation"
0.0009831,17.78092891046875,130,441,880,0.31007350168158726,,,-0.1956947448030658,-0.21405385438330576,0.10968177025009558,-2.5999528761492703e-06,-2.844302932186007e-06,1.4575147204262823e-06,1.8533387e-09,2.70379114e-09,-1.56416909e-09,0.0,0.0,0.0,0.0,0.0,0.0,-1.9569420828486117e-09,-2.1405326753162633e-09,1.0968146954571788e-09,5.579652491579745e-17,4.9735763167125734e-17,-2.2215027352415467e-17,N,mm/s,N s,"all 217 exterior nodes vs true wall triangles, increment orientation"
0.0009832,17.694590970509783,130,441,880,0.31011466966565143,,,-0.19572073242823845,-0.21408227089769952,0.10969632868457362,-2.5991481593551034e-06,-2.843422586100419e-06,1.457063602029471e-06,1.8537706e-09,2.70412707e-09,-1.56433223e-09,0.0,0.0,0.0,0.0,0.0,0.0,-1.9572019583878596e-09,-2.1408168396811314e-09,1.0969602794028239e-09,-5.004641256576058e-17,1.2508989423824736e-18,-1.0760439198403844e-17,N,mm/s,N s,"all 217 exterior nodes vs true wall triangles, increment orientation"
0.0009832999999999,17.608224183676775,130,441,880,0.31015580591852376,,,-0.19574669025108865,-0.21411067251093205,0.10971087966847103,-2.598343093842327e-06,-2.842541858522779e-06,1.4566122881435378e-06,1.854202489999999e-09,2.704462859999999e-09,-1.5644952599999995e-09,0.0,0.0,0.0,0.0,0.0,0.0,-1.9574615359046997e-09,-2.141100855034796e-09,1.0971057888428672e-09,6.160075218456955e-17,1.3689968447125372e-17,-2.8673529902438304e-17,N,mm/s,N s,"all 217 exterior nodes vs true wall triangles, increment orientation"
0.0009834,17.521861890434362,130,441,880,0.3101969515758727,,,-0.19577266297510007,-0.2141390741241646,0.10972543065236844,-2.5975376797209327e-06,-2.841660749573413e-06,1.4561607788301422e-06,1.85463439e-09,2.70479852e-09,-1.56465818e-09,0.0,0.0,0.0,0.0,0.0,0.0,-1.957721262432744e-09,-2.1413848703884604e-09,1.0972512982829105e-09,-5.63304578495618e-17,-6.199636017775451e-17,-1.4291633968364965e-18,N,mm/s,N s,"all 217 exterior nodes vs true wall triangles, increment orientation"
0.0009835,17.435487399235203,130,441,880,0.31023805521527203,0.0,-1.0,-0.19579860589678913,-0.21416744593507475,0.10973997418568524,-2.5967319170962006e-06,-2.840779259367496e-06,1.4557090741483036e-06,1.85506628e-09,2.70513404e-09,-1.56482098e-09,0.0,0.0,0.0,0.0,0.0,0.0,-1.9579806909383813e-09,-2.1416685877197185e-09,1.0973967332173517e-09,4.315871253472993e-17,7.217620083477834e-17,-3.513413137833198e-18,N,mm/s,N s,"all 217 exterior nodes vs true wall triangles, increment orientation"
0.0009836,17.34908404623571,130,441,880,0.31027916650594795,,,-0.19582454881847816,-0.2141958326471461,0.10975451026842144,-2.595925806076747e-06,-2.839897388023852e-06,1.4552571741589118e-06,1.85549818e-09,2.70546942e-09,-1.56498367e-09,0.0,0.0,0.0,0.0,0.0,0.0,-1.9582401194440186e-09,-2.1419524540621793e-09,1.0975420936461914e-09,6.201101106141966e-17,-3.086406317783458e-17,-3.490675634162383e-17,N,mm/s,N s,"all 217 exterior nodes vs true wall triangles, increment orientation"
0.0009837,17.26268521843345,130,441,880,0.31032026750986624,,,-0.1958504917401672,-0.21422420445805623,0.10976904635115761,-2.59511934677051e-06,-2.8390151356605644e-06,1.4548050789224752e-06,1.85593008e-09,2.70580467e-09,-1.56514625e-09,0.0,0.0,0.0,0.0,0.0,0.0,-1.958499547949656e-09,-2.142236171393437e-09,1.0976874540750308e-09,1.916025872399466e-19,-7.313284170088898e-17,-2.108407472591895e-17,N,mm/s,N s,"all 217 exterior nodes vs true wall triangles, increment orientation"
0.0009838,17.176262679883237,130,441,880,0.3103613461870693,,,-0.19587641976069506,-0.21425256136780516,0.10978357498331319,-2.594312539285542e-06,-2.838132502395841e-06,1.4543527884995689e-06,1.85636198e-09,2.70613977e-09,-1.56530872e-09,0.0,0.0,0.0,0.0,0.0,0.0,-1.9587588274440896e-09,-2.1425197397134914e-09,1.0978327399982686e-09,6.676868935648468e-18,-5.466821529796547e-17,-3.6531459650788985e-17,N,mm/s,N s,"all 217 exterior nodes vs true wall triangles, increment orientation"
0.0009839,17.089839492319538,130,441,880,0.31040241457751494,,,-0.1959023477812229,-0.2142809033763929,0.10979810361546875,-2.5935053837300217e-06,-2.8372494883480264e-06,1.453900302950836e-06,1.85679387e-09,2.70647474e-09,-1.56547107e-09,0.0,0.0,0.0,0.0,0.0,0.0,-1.9590181069385237e-09,-2.142803159022342e-09,1.097978025921506e-09,-6.757920658987929e-17,2.4491745808930524e-17,-6.7238053279866155e-18,N,mm/s,N s,"all 217 exterior nodes vs true wall triangles, increment orientation"
0.0009839999999999,17.003392598130358,130,441,880,0.3104434709280027,0.0,-1.0,-0.19592826090058954,-0.21430924538498064,0.1098126247970437,-2.592697880211439e-06,-2.8363660936347116e-06,1.4534476223365341e-06,1.857225769999999e-09,2.706809569999999e-09,-1.5656333099999995e-09,0.0,0.0,0.0,0.0,0.0,0.0,-1.959277237421754e-09,-2.143086578331193e-09,1.0981232373391418e-09,-7.360022231233927e-17,1.5297778418397465e-17,-6.147214578658366e-18,N,mm/s,N s,"all 217 exterior nodes vs true wall triangles, increment orientation"
0.0009841,16.91693996117167,130,441,880,0.310484504951775,,,-0.19595415911879502,-0.21433757249240715,0.10982713852803805,-2.591890028840628e-06,-2.8354823183771497e-06,1.452994746718797e-06,1.85765767e-09,2.70714426e-09,-1.56579544e-09,0.0,0.0,0.0,0.0,0.0,0.0,-1.9595362188937813e-09,-2.1433698486288395e-09,1.0982683742511756e-09,-1.1420968708457519e-17,6.672304118203221e-17,-3.478219617161833e-17,N,mm/s,N s,"all 217 exterior nodes vs true wall triangles, increment orientation"
0.0009842,16.83046876042074,130,441,880,0.31052553897554735,,,-0.19598005733700047,-0.21436589959983368,0.10984165225903239,-2.5910818297237106e-06,-2.834598162691436e-06,1.4525416761571158e-06,1.85808957e-09,2.70747881e-09,-1.56595746e-09,0.0,0.0,0.0,0.0,0.0,0.0,-1.959795200365808e-09,-2.1436531189264866e-09,1.0984135111632096e-09,-3.00874290601757e-17,2.9718294145823314e-17,-1.8103660982693664e-17,N,mm/s,N s,"all 217 exterior nodes vs true wall triangles, increment orientation"
0.0009843,16.74399693509369,130,441,880,0.31056655067260425,,,-0.19600594065404475,-0.214394211806099,0.10985615853944611,-2.590273282970149e-06,-2.833713626697317e-06,1.4520884107128535e-06,1.85852147e-09,2.70781322e-09,-1.56611936e-09,0.0,0.0,0.0,0.0,0.0,0.0,-1.960054032826632e-09,-2.1439362402129305e-09,1.0985585735696415e-09,1.937682974186865e-17,5.325671829645586e-17,-3.0597731685062665e-17,N,mm/s,N s,"all 217 exterior nodes vs true wall triangles, increment orientation"
0.0009843999999999,16.65750144692833,130,441,880,0.3106075623696612,,,-0.19603182397108904,-0.2144225240123643,0.10987066481985983,-2.589464388687915e-06,-2.832828710512915e-06,1.451634950446538e-06,1.858953369999999e-09,2.708147499999999e-09,-1.5662811499999996e-09,0.0,0.0,0.0,0.0,0.0,0.0,-1.9603128652874557e-09,-2.144219361499374e-09,1.0987036359760732e-09,-1.2074153250591546e-17,-1.1710901177405847e-17,2.260667731019927e-18,N,mm/s,N s,"all 217 exterior nodes vs true wall triangles, increment orientation"
0.0009845,16.57100019319986,130,441,880,0.3106485517400027,0.0,-1.0,-0.1960576923869721,-0.21445082131746843,0.10988516364969295,-2.588655146988336e-06,-2.83194341426002e-06,1.4511812954205804e-06,1.85938527e-09,2.70848163e-09,-1.56644283e-09,0.0,0.0,0.0,0.0,0.0,0.0,-1.960571548737076e-09,-2.144502333774614e-09,1.0988486238769035e-09,2.4536078232156515e-17,-1.6211358888359372e-17,5.9854035124772985e-18,N,mm/s,N s,"all 217 exterior nodes vs true wall triangles, increment orientation"
0.0009846,16.48448038960015,130,441,880,0.31068952818810636,,,-0.1960835608028552,-0.21447910372141135,0.10989965502894544,-2.587845557978005e-06,-2.8310577380552406e-06,1.450727445694734e-06,1.85981718e-09,2.70881563e-09,-1.5666044e-09,0.0,0.0,0.0,0.0,0.0,0.0,-1.9608302321866963e-09,-2.1447851570386507e-09,1.0989935372721316e-09,-1.983841616497187e-17,3.971735765955014e-17,-1.9404062682120312e-17,N,mm/s,N s,"all 217 exterior nodes vs true wall triangles, increment orientation"
0.0009847,16.39795996769979,130,441,880,0.3107304952317324,,,-0.19610941431757709,-0.21450738612535425,0.10991414640819792,-2.587035621766871e-06,-2.8301716820188634e-06,1.4502734013306377e-06,1.86024908e-09,2.70914949e-09,-1.56676585e-09,0.0,0.0,0.0,0.0,0.0,0.0,-1.9610887666251134e-09,-2.1450679803026873e-09,1.0991384506673597e-09,3.778840921548538e-18,7.026068809658154e-18,6.173265456105239e-19,N,mm/s,N s,"all 217 exterior nodes vs true wall triangles, increment orientation"
0.0009847999999999,16.311415905075037,130,441,880,0.31077144935312084,,,-0.19613526783229898,-0.21453565362813598,0.10992863033686981,-2.5862253384633903e-06,-2.8292852462695333e-06,1.4498191623890885e-06,1.860680979999999e-09,2.7094832099999992e-09,-1.5669271899999996e-09,0.0,0.0,0.0,0.0,0.0,0.0,-1.9613473010635305e-09,-2.1453506545555202e-09,1.0992832895569862e-09,-5.3658067943133267e-17,3.468801469256842e-17,-8.436580842723164e-18,N,mm/s,N s,"all 217 exterior nodes vs true wall triangles, increment orientation"
0.0009849,16.22485969686658,130,441,880,0.3108123940700315,,,-0.19616110644585968,-0.21456392113091768,0.10994311426554168,-2.585414708179376e-06,-2.828398430929573e-06,1.4493647289327692e-06,1.86111288e-09,2.70981679e-09,-1.56708842e-09,0.0,0.0,0.0,0.0,0.0,0.0,-1.961605686490744e-09,-2.1456333288083536e-09,1.0994281284466122e-09,-4.3172642235141713e-17,-2.6345958620663358e-17,2.795925961040911e-17,N,mm/s,N s,"all 217 exterior nodes vs true wall triangles, increment orientation"
0.000985,16.13830287327376,130,441,880,0.3108533164602266,0.0,-1.0,-0.1961869301582592,-0.21459217373253817,0.10995759074363294,-2.584603731021899e-06,-2.827511236116118e-06,1.4489101010217045e-06,1.86154478e-09,2.71015023e-09,-1.56724953e-09,0.0,0.0,0.0,0.0,0.0,0.0,-1.9618639229067542e-09,-2.145915854049983e-09,1.0995728928306367e-09,3.520042485016473e-17,-2.7102586597504386e-17,3.531868366559937e-17,N,mm/s,N s,"all 217 exterior nodes vs true wall triangles, increment orientation"
0.0009851,16.05171724385638,130,441,880,0.3108942259281841,,,-0.1962127538706587,-0.21462041143299748,0.10997205977114359,-2.5837924071013947e-06,-2.8266236619499813e-06,1.448455278717801e-06,1.86197668e-09,2.71048354e-09,-1.56741053e-09,0.0,0.0,0.0,0.0,0.0,0.0,-1.9621221593227644e-09,-2.146198230280409e-09,1.0997175827090593e-09,3.241524805134308e-17,3.238020231447521e-17,1.366112228950322e-17,N,mm/s,N s,"all 217 exterior nodes vs true wall triangles, increment orientation"
0.0009851999999999,15.965124660463966,130,441,880,0.31093513276066126,,,-0.1962385775830582,-0.21464864913345677,0.10998652134807364,-2.582980736526801e-06,-2.82573570855034e-06,1.448000262082131e-06,1.862408579999999e-09,2.7108166999999993e-09,-1.5675714199999995e-09,0.0,0.0,0.0,0.0,0.0,0.0,-1.9623803957387747e-09,-2.146480606510835e-09,1.09986219808188e-09,-5.1562844320168225e-17,3.053288929734384e-18,-3.699399925535702e-17,N,mm/s,N s,"all 217 exterior nodes vs true wall triangles, increment orientation"
0.0009853,15.878519936563013,130,441,880,0.31097602253738393,,,-0.19626438639429652,-0.21467687193275486,0.11000099037558426,-2.5821687194104173e-06,-2.824847376040046e-06,1.4475450511776471e-06,1.86284048e-09,2.71114973e-09,-1.56773219e-09,0.0,0.0,0.0,0.0,0.0,0.0,-1.9626384831435816e-09,-2.1467628337300574e-09,1.1000068879603023e-09,-6.77573074865328e-17,3.3889974588525664e-17,3.238394041000338e-17,N,mm/s,N s,"all 217 exterior nodes vs true wall triangles, increment orientation"
0.0009854,15.79191461608737,130,441,880,0.3110168976386675,,,-0.19629018030437365,-0.21470509473205296,0.11001544450193369,-2.5813563558598e-06,-2.8239586645367643e-06,1.4470896460646451e-06,1.86327238e-09,2.71148261e-09,-1.56789285e-09,0.0,0.0,0.0,0.0,0.0,0.0,-1.962896421537185e-09,-2.14704506094928e-09,1.1001514288275212e-09,-1.6202789975154074e-17,-2.4158836320044532e-17,-1.7024507952676003e-18,N,mm/s,N s,"all 217 exterior nodes vs true wall triangles, increment orientation"
0.0009855,15.705285675000274,130,441,880,0.3110577624531943,0.0,-1.0,-0.1963159742144508,-0.21473330263018983,0.11002989862828311,-2.580543645985866e-06,-2.8230695741618376e-06,1.4466340468053042e-06,1.86370428e-09,2.71181536e-09,-1.5680534e-09,0.0,0.0,0.0,0.0,0.0,0.0,-1.9631543599307887e-09,-2.147327139157299e-09,1.1002959696947398e-09,-4.5945134447774465e-17,-2.2119818466375204e-17,9.777436599322007e-18,N,mm/s,N s,"all 217 exterior nodes vs true wall triangles, increment orientation"
0.0009855999999999,15.61864461758556,130,441,880,0.3110986049410056,,,-0.1963417532233667,-0.21476149562716554,0.11004434530405191,-2.5797305898980336e-06,-2.8221801050349676e-06,1.4461782534609636e-06,1.8641361799999993e-09,2.712147969999999e-09,-1.5682138299999996e-09,0.0,0.0,0.0,0.0,0.0,0.0,-1.9634121493131884e-09,-2.1476090683541145e-09,1.1004404360563567e-09,-8.007763451711688e-18,3.9969158846084136e-17,-7.662598041582728e-18,N,mm/s,N s,"all 217 exterior nodes vs true wall triangles, increment orientation"
0.0009857,15.531991438254355,130,441,880,0.31113944742881694,,,-0.19636753223228265,-0.21478968862414122,0.11005879197982071,-2.5789171877090947e-06,-2.8212902572795447e-06,1.4457222660948536e-06,1.86456808e-09,2.71248044e-09,-1.56837415e-09,0.0,0.0,0.0,0.0,0.0,0.0,-1.9636699386955885e-09,-2.14789099755093e-09,1.1005849024179737e-09,-5.143649607476751e-17,1.3059038882111162e-17,2.0502440022278016e-17,N,mm/s,N s,"all 217 exterior nodes vs true wall triangles, increment orientation"
0.0009858,15.445337670252457,130,441,880,0.3111802675899128,,,-0.19639329634003738,-0.2148178667199557,0.1100732312050089,-2.5781034395270817e-06,-2.820400031013757e-06,1.4452660847675363e-06,1.86499998e-09,2.71281277e-09,-1.56853436e-09,0.0,0.0,0.0,0.0,0.0,0.0,-1.9639275790667854e-09,-2.148172777736542e-09,1.1007292942739886e-09,-2.7254734184744336e-17,4.6123181300009114e-17,1.9786337213888572e-17,N,mm/s,N s,"all 217 exterior nodes vs true wall triangles, increment orientation"
0.0009859,15.358660299347823,130,441,880,0.31122107571104984,,,-0.19641904554663095,-0.21484604481577016,0.11008766297961649,-2.577289345463401e-06,-2.8195094263594795e-06,1.444809709541466e-06,1.86543188e-09,2.71314496e-09,-1.56869445e-09,0.0,0.0,0.0,0.0,0.0,0.0,-1.9641850704267786e-09,-2.1484545579221537e-09,1.1008736116244019e-09,6.450292911165153e-17,-9.887448300457077e-18,-9.79152451044577e-18,N,mm/s,N s,"all 217 exterior nodes vs true wall triangles, increment orientation"
0.000986,15.27196568563684,130,441,880,0.3112618829499087,0.0,-1.0,-0.19644480965438568,-0.21487420801042345,0.11010209475422406,-2.576474905628767e-06,-2.8186184434378306e-06,1.4443531404787068e-06,1.86586378e-09,2.71347701e-09,-1.56885443e-09,0.0,0.0,0.0,0.0,0.0,0.0,-1.9644427107979755e-09,-2.1487361890965624e-09,1.101017928974815e-09,-7.422049665863819e-17,-5.9994658591561e-18,6.2938318041419004e-18,N,mm/s,N s,"all 217 exterior nodes vs true wall triangles, increment orientation"
0.0009861,15.18526410308628,130,441,880,0.3113026584575735,,,-0.19647054395981803,-0.21490235630391552,0.11011651907825101,-2.575660120134019e-06,-2.817727082370069e-06,1.443896377641396e-06,1.86629567e-09,2.71380892e-09,-1.56901429e-09,0.0,0.0,0.0,0.0,0.0,0.0,-1.964700053146765e-09,-2.1490176712597674e-09,1.101162171819626e-09,3.574029583394905e-18,5.774932309798607e-17,-6.4438271502268284e-18,N,mm/s,N s,"all 217 exterior nodes vs true wall triangles, increment orientation"
0.0009862,15.098550416954868,130,441,880,0.3113434339652383,,,-0.1964962782652504,-0.2149305045974076,0.11013094340227796,-2.57484498909011e-06,-2.8168353432775742e-06,1.443439421091732e-06,1.86672757e-09,2.71414069e-09,-1.56917405e-09,0.0,0.0,0.0,0.0,0.0,0.0,-1.964957395495555e-09,-2.1492991534229724e-09,1.101306414664437e-09,-1.7046112861153993e-19,3.2309920153595893e-17,2.6520464087119314e-17,N,mm/s,N s,"all 217 exterior nodes vs true wall triangles, increment orientation"
0.0009862999999999,15.01182466786526,130,441,880,0.31138418714618754,,,-0.19652199766952158,-0.21495863798973844,0.1101453602757243,-2.5740295126073067e-06,-2.815943226280976e-06,1.44298227089153e-06,1.8671594599999992e-09,2.714472319999999e-09,-1.5693336799999996e-09,0.0,0.0,0.0,0.0,0.0,0.0,-1.965214588833142e-09,-2.1495804865749733e-09,1.1014505830036465e-09,6.352268517243336e-17,6.66557461774429e-17,3.070046104025293e-17,N,mm/s,N s,"all 217 exterior nodes vs true wall triangles, increment orientation"
0.0009864,14.92508682178542,130,441,880,0.31142493769165663,,,-0.19654771707379273,-0.2149867713820693,0.11015976969859002,-2.573213690799254e-06,-2.815050731504601e-06,1.4425249271044983e-06,1.86759136e-09,2.71480381e-09,-1.56949321e-09,0.0,0.0,0.0,0.0,0.0,0.0,-1.9654717821707282e-09,-2.149861819726975e-09,1.101594676837254e-09,4.5607728394274397e-17,1.1737827152366025e-17,6.115512992551938e-18,N,mm/s,N s,"all 217 exterior nodes vs true wall triangles, increment orientation"
0.0009865,14.8383369219229,130,441,880,0.3114656779503692,0.0,-1.0,-0.19657343647806388,-0.21501488987323897,0.11017417912145575,-2.572397523774825e-06,-2.8141578590675536e-06,1.4420673897916712e-06,1.86802325e-09,2.71513516e-09,-1.56965262e-09,0.0,0.0,0.0,0.0,0.0,0.0,-1.9657289755083146e-09,-2.1501430038677728e-09,1.1017387706708613e-09,-5.3949859635712755e-17,1.6529609590632827e-17,2.7290566999918976e-17,N,mm/s,N s,"all 217 exterior nodes vs true wall triangles, increment orientation"
0.0009866,14.751574899404442,130,441,880,0.31150639676464387,,,-0.19659912608001268,-0.21504300836440862,0.11018858109374087,-2.57158101164628e-06,-2.8132646090926435e-06,1.4416096590159794e-06,1.86845514e-09,2.71546637e-09,-1.56981192e-09,0.0,0.0,0.0,0.0,0.0,0.0,-1.9659858708234944e-09,-2.150424188008571e-09,1.101882789998867e-09,6.28378122826168e-17,-6.801785694915959e-17,1.973935914808615e-17,N,mm/s,N s,"all 217 exterior nodes vs true wall triangles, increment orientation"
0.0009866999999999,14.664800824241642,130,441,880,0.3115471017744045,,,-0.19662483058312263,-0.2150710970532559,0.11020297561544537,-2.5707641545243657e-06,-2.8123709817010274e-06,1.4411517348395078e-06,1.8688870399999994e-09,2.7157974499999993e-09,-1.5699710999999996e-09,0.0,0.0,0.0,0.0,0.0,0.0,-1.9662429151498776e-09,-2.1507050741269617e-09,1.1020267348212707e-09,-5.1097371888072374e-17,5.60801003527004e-17,-1.6518778651472203e-17,N,mm/s,N s,"all 217 exterior nodes vs true wall triangles, increment orientation"
0.0009868,14.578019800615856,130,441,880,0.31158779826196337,,,-0.19665050528391023,-0.21509920064326432,0.11021737013714986,-2.5699469525232184e-06,-2.811476977017568e-06,1.4406936173262403e-06,1.86931893e-09,2.71612838e-09,-1.57013017e-09,0.0,0.0,0.0,0.0,0.0,0.0,-1.966499661453854e-09,-2.1509861092565558e-09,1.1021706796436742e-09,5.124370577269216e-17,-5.824784894216287e-17,-6.9589199008968e-18,N,mm/s,N s,"all 217 exterior nodes vs true wall triangles, increment orientation"
0.0009869,14.491221602978946,130,441,880,0.31162847154052936,,,-0.19667617998469783,-0.2151272744309504,0.11023175720827375,-2.5691294057521936e-06,-2.8105825951618984e-06,1.440235306537481e-06,1.86975082e-09,2.71645917e-09,-1.57028912e-09,0.0,0.0,0.0,0.0,0.0,0.0,-1.96675640775783e-09,-2.1512668463637434e-09,1.102314549960476e-09,7.180415579442173e-17,3.5994194966298337e-17,-2.6067346919527088e-17,N,mm/s,N s,"all 217 exterior nodes vs true wall triangles, increment orientation"
0.000987,14.404406156649303,130,441,880,0.31166914481909547,0.0,-1.0,-0.19670185468548543,-0.21515534821863644,0.11024614427939762,-2.568311514324039e-06,-2.809687836257362e-06,1.4397768025364352e-06,1.8701827e-09,2.71678982e-09,-1.57044796e-09,0.0,0.0,0.0,0.0,0.0,0.0,-1.9670131540618067e-09,-2.151547583470931e-09,1.1024584202772777e-09,1.0549507165782348e-17,4.074612886187766e-17,6.808550024656706e-19,N,mm/s,N s,"all 217 exterior nodes vs true wall triangles, increment orientation"
0.0009870999999999,14.31758381040619,130,441,880,0.3117098060577023,,,-0.19672751448511183,-0.21518342200632246,0.1102605238999409,-2.567493278349982e-06,-2.808792700425639e-06,1.4393181053854553e-06,1.870614589999999e-09,2.717120329999999e-09,-1.5706066899999995e-09,0.0,0.0,0.0,0.0,0.0,0.0,-1.9672697513545797e-09,-2.1518283205781177e-09,1.1026022160884778e-09,1.645650277557881e-17,-4.402973159757359e-17,-1.2006081552487617e-18,N,mm/s,N s,"all 217 exterior nodes vs true wall triangles, increment orientation"
0.0009872,14.230754560683522,130,441,880,0.311750454374073,,,-0.19675317428473824,-0.2152114808928473,0.11027489606990355,-2.5666746979446517e-06,-2.8078971877921333e-06,1.4388592151488026e-06,1.87104648e-09,2.7174507e-09,-1.5707653e-09,0.0,0.0,0.0,0.0,0.0,0.0,-1.9675263486473527e-09,-2.1521089086741017e-09,1.1027459373940759e-09,-5.952050904624955e-17,-6.935985594277322e-17,-3.169243736061566e-17,N,mm/s,N s,"all 217 exterior nodes vs true wall triangles, increment orientation"
0.0009873,14.143908077244822,130,441,880,0.311791082999208,,,-0.19677881918320342,-0.21523952487821094,0.11028926823986619,-2.565855773217884e-06,-2.8070012984770026e-06,1.43840013188805e-06,1.87147836e-09,2.71778093e-09,-1.5709238e-09,0.0,0.0,0.0,0.0,0.0,0.0,-1.967782796928922e-09,-2.152389347758882e-09,1.1028896586996738e-09,-6.840476216340687e-17,-3.5281904114142834e-17,-1.626973630887783e-17,N,mm/s,N s,"all 217 exterior nodes vs true wall triangles, increment orientation"
0.0009874,14.057044434856316,130,441,880,0.3118316892976274,,,-0.19680444918050743,-0.21526755396241337,0.11030363295924824,-2.5650365042829123e-06,-2.806105032604123e-06,1.4379408556666762e-06,1.87191024e-09,2.71811102e-09,-1.57108218e-09,0.0,0.0,0.0,0.0,0.0,0.0,-1.968039096199288e-09,-2.152669637832459e-09,1.1030333054996698e-09,-1.023068291947407e-17,5.816647552781871e-17,-2.941881916552539e-17,N,mm/s,N s,"all 217 exterior nodes vs true wall triangles, increment orientation"
0.0009874999999999,13.970173871094325,130,441,880,0.3118722955960469,0.0,-1.0,-0.19683007917781148,-0.2152955830466158,0.11031799767863026,-2.564216891251457e-06,-2.805208390295714e-06,1.4374813865473095e-06,1.8723421199999993e-09,2.718440969999999e-09,-1.5712404499999996e-09,0.0,0.0,0.0,0.0,0.0,0.0,-1.9682953954696547e-09,-2.1529499279060357e-09,1.1031769522996659e-09,-3.404389105051359e-17,6.193644379810674e-17,3.3851979664896607e-18,N,mm/s,N s,"all 217 exterior nodes vs true wall triangles, increment orientation"
0.0009876,13.883296408543217,130,441,880,0.31191288985450677,,,-0.1968556942739543,-0.21532361213081824,0.11033235494743168,-2.563396934238631e-06,-2.8043113716777067e-06,1.4370217245944818e-06,1.872774e-09,2.71877078e-09,-1.5713986e-09,0.0,0.0,0.0,0.0,0.0,0.0,-1.9685515457288176e-09,-2.1532302179796128e-09,1.1033205245940601e-09,9.132414647401827e-18,-2.4009622022289342e-17,7.655987480699081e-18,N,mm/s,N s,"all 217 exterior nodes vs true wall triangles, increment orientation"
0.0009877,13.796390223167888,130,441,880,0.31195347119073086,,,-0.19688130937009712,-0.21535162631385946,0.11034670476565249,-2.5625766333547544e-06,-2.8034139768707897e-06,1.436561869870038e-06,1.87320588e-09,2.71910045e-09,-1.57155665e-09,0.0,0.0,0.0,0.0,0.0,0.0,-1.96880769598798e-09,-2.1535103590419858e-09,1.1034640223828525e-09,-2.974736198734476e-17,-5.0698129010133547e-17,-1.658718087043095e-17,N,mm/s,N s,"all 217 exterior nodes vs true wall triangles, increment orientation"
0.0009878,13.709478404762448,130,441,880,0.31199403283571897,,,-0.19690690956507875,-0.2153796255957395,0.1103610545838733,-2.5617559887135505e-06,-2.802516205999374e-06,1.43610182243773e-06,1.87363776e-09,2.71942998e-09,-1.57171457e-09,0.0,0.0,0.0,0.0,0.0,0.0,-1.9690636972359398e-09,-2.153790351093156e-09,1.103607520171645e-09,-1.706399897582622e-18,-1.8166677135757937e-17,5.180557164910934e-18,N,mm/s,N s,"all 217 exterior nodes vs true wall triangles, increment orientation"
0.0009878999999999,13.622559706767376,130,441,880,0.3120345815584716,,,-0.19693250976006038,-0.21540760997645833,0.1103753969515135,-2.5609350004272195e-06,-2.801618059186206e-06,1.4356415823604573e-06,1.8740696299999993e-09,2.719759369999999e-09,-1.5718723799999995e-09,0.0,0.0,0.0,0.0,0.0,0.0,-1.969319698483899e-09,-2.154070194133122e-09,1.1037509434548353e-09,-5.579027199743764e-17,7.354714810657004e-17,-1.527144718649966e-18,N,mm/s,N s,"all 217 exterior nodes vs true wall triangles, increment orientation"
0.000988,13.535634057097957,130,441,880,0.3120751285280204,0.0,-1.0,-0.19695809505388084,-0.21543560925833832,0.11038973186857308,-2.560113668611372e-06,-2.8007195365577605e-06,1.43518114970303e-06,1.87450151e-09,2.72008862e-09,-1.57203008e-09,0.0,0.0,0.0,0.0,0.0,0.0,-1.9695755507206554e-09,-2.154350186184292e-09,1.103894292232424e-09,-4.3022133242309107e-17,-7.361663366404475e-17,-3.6691036206382127e-17,N,mm/s,N s,"all 217 exterior nodes vs true wall triangles, increment orientation"
0.0009881,13.448691278649662,130,441,880,0.31211564551957716,,,-0.19698366544654006,-0.21546357873789596,0.11040406678563265,-2.559291993376809e-06,-2.7998206382352515e-06,1.4347205245275613e-06,1.87493338e-09,2.72041772e-09,-1.57218766e-09,0.0,0.0,0.0,0.0,0.0,0.0,-1.969831253946208e-09,-2.1546298802130548e-09,1.1040376410100126e-09,3.6563669347530854e-17,-1.2661973755145278e-17,-2.5786272278726342e-17,N,mm/s,N s,"all 217 exterior nodes vs true wall triangles, increment orientation"
0.0009882,13.361719822071288,130,441,880,0.31215616251113393,,,-0.1970092358391993,-0.21549154821745356,0.11041840170269221,-2.558469974837738e-06,-2.798921364343621e-06,1.4342597068980763e-06,1.87536525e-09,2.72074669e-09,-1.57234513e-09,0.0,0.0,0.0,0.0,0.0,0.0,-1.97008695717176e-09,-2.1549095742418172e-09,1.104180989787601e-09,3.392159635846825e-17,-4.1648827731198576e-17,3.1206384264015483e-17,N,mm/s,N s,"all 217 exterior nodes vs true wall triangles, increment orientation"
0.0009883,13.274763227862705,130,441,880,0.3121966639449757,,,-0.19703480623185857,-0.21551950279584997,0.11043272171859056,-2.557647613107674e-06,-2.798021715007052e-06,1.4337986968782106e-06,1.87579711e-09,2.72107551e-09,-1.57250248e-09,0.0,0.0,0.0,0.0,0.0,0.0,-1.970342660397313e-09,-2.1551891192593765e-09,1.1043241895539859e-09,-5.098267763653822e-17,-1.160352987707475e-17,-1.470503881563885e-17,N,mm/s,N s,"all 217 exterior nodes vs true wall triangles, increment orientation"
0.0009884,13.187779258457116,130,441,880,0.3122371559743373,,,-0.19706036172335664,-0.21554745737424638,0.11044704173448891,-2.556824908300246e-06,-2.797121690349852e-06,1.4333374945316637e-06,1.87622898e-09,2.7214042e-09,-1.57265972e-09,0.0,0.0,0.0,0.0,0.0,0.0,-1.9705982146116625e-09,-2.1554686642769357e-09,1.1044673893203708e-09,-6.917226127087453e-17,-7.157480646924044e-17,-1.449011452604758e-17,N,mm/s,N s,"all 217 exterior nodes vs true wall triangles, increment orientation"
0.0009885,13.10077688093063,130,441,880,0.31227762831246264,0.0,-1.0,-0.1970859023136935,-0.21557539705148157,0.11046136175038723,-2.5560018605292085e-06,-2.796221290496468e-06,1.432876099922205e-06,1.87666084e-09,2.72173274e-09,-1.57281684e-09,0.0,0.0,0.0,0.0,0.0,0.0,-1.9708536198148084e-09,-2.1557480602832913e-09,1.1046105890867553e-09,-2.0681456483368433e-17,-7.258896656365805e-17,3.1870375100033277e-17,N,mm/s,N s,"all 217 exterior nodes vs true wall triangles, increment orientation"
0.0009885999999999,13.01377911963161,130,441,880,0.31231808509287334,,,-0.19711144290403035,-0.2156033218275556,0.11047566686512436,-2.5551784699076172e-06,-2.7953205155705797e-06,1.4324145131132136e-06,1.877092699999999e-09,2.7220611399999993e-09,-1.5729738499999996e-09,0.0,0.0,0.0,0.0,0.0,0.0,-1.971109025017954e-09,-2.1560273072784437e-09,1.1047536398419366e-09,-5.455575760588665e-17,-1.4683509954866736e-17,-2.4615560579546135e-17,N,mm/s,N s,"all 217 exterior nodes vs true wall triangles, increment orientation"
0.0009887,12.926764248724451,130,441,880,0.3123585324688035,,,-0.197136968593206,-0.2156312466036296,0.11048997197986149,-2.5543547365519324e-06,-2.794419365699593e-06,1.431952734169976e-06,1.87752456e-09,2.7223894e-09,-1.57313074e-09,0.0,0.0,0.0,0.0,0.0,0.0,-1.9713642812098966e-09,-2.156306554273596e-09,1.1048966905971176e-09,-2.181824018459064e-17,-4.690712569630655e-17,-3.4917514218784574e-17,N,mm/s,N s,"all 217 exterior nodes vs true wall triangles, increment orientation"
0.0009888,12.839720688525944,130,441,880,0.3123989695579779,,,-0.1971624942823817,-0.21565915647854236,0.11050427709459859,-2.5535306605738102e-06,-2.7935178410056576e-06,1.4314907631550852e-06,1.87795642e-09,2.72271752e-09,-1.57328752e-09,0.0,0.0,0.0,0.0,0.0,0.0,-1.971619537401839e-09,-2.1565856522575444e-09,1.1050397413522985e-09,-7.151437506323455e-17,-2.0286084380041408e-17,9.83713331303979e-19,N,mm/s,N s,"all 217 exterior nodes vs true wall triangles, increment orientation"
0.0009889,12.752692077819813,130,441,880,0.31243938432043683,,,-0.19718800507039616,-0.21568705145229397,0.1105185747587551,-2.552706242088316e-06,-2.7926159416146523e-06,1.431028600133046e-06,1.87838827e-09,2.7230455e-09,-1.57344418e-09,0.0,0.0,0.0,0.0,0.0,0.0,-1.971874644582578e-09,-2.15686460123029e-09,1.1051827176018777e-09,-5.466721536676063e-17,6.51421505083977e-17,8.601712986153153e-18,N,mm/s,N s,"all 217 exterior nodes vs true wall triangles, increment orientation"
0.0009889999999999,12.665624533871636,130,441,880,0.31247978704293544,0.0,-1.0,-0.19721350095724946,-0.21571494642604555,0.11053286497233097,-2.5518814812089873e-06,-2.7917136676507873e-06,1.4305662451675077e-06,1.8788201199999992e-09,2.723373329999999e-09,-1.5736007299999996e-09,0.0,0.0,0.0,0.0,0.0,0.0,-1.9721296027521136e-09,-2.157143550203035e-09,1.105325619345855e-09,2.868899371420826e-17,6.032892681325845e-17,-1.2044329133244705e-17,N,mm/s,N s,"all 217 exterior nodes vs true wall triangles, increment orientation"
0.0009891,12.57856165158289,130,441,880,0.31252018976543416,,,-0.19723899684410276,-0.21574284139979713,0.11054715518590685,-2.551056378052786e-06,-2.7908110192420145e-06,1.430103698324038e-06,1.87925197e-09,2.72370103e-09,-1.57375716e-09,0.0,0.0,0.0,0.0,0.0,0.0,-1.9723845609216494e-09,-2.15742249917578e-09,1.105468521089832e-09,2.95088164899833e-17,-3.476319165524161e-17,1.357036788718188e-17,N,mm/s,N s,"all 217 exterior nodes vs true wall triangles, increment orientation"
0.0009892,12.491491858582751,130,441,880,0.3125605795656979,,,-0.19726449273095603,-0.21577072147238752,0.11056143794890212,-2.550230932731844e-06,-2.7899079965110065e-06,1.4296409596654967e-06,1.87968382e-09,2.72402858e-09,-1.57391348e-09,0.0,0.0,0.0,0.0,0.0,0.0,-1.972639519091185e-09,-2.1577012991373215e-09,1.1056113483282075e-09,-5.224196956892447e-17,-7.116042585822868e-17,1.0959375730513399e-17,N,mm/s,N s,"all 217 exterior nodes vs true wall triangles, increment orientation"
0.0009893,12.404393510139831,130,441,880,0.31260094703924607,,,-0.19728997371664814,-0.2157985866438167,0.1105757132613168,-2.5494051453617157e-06,-2.7890045995841742e-06,1.4291780292566625e-06,1.88011567e-09,2.724356e-09,-1.57406968e-09,0.0,0.0,0.0,0.0,0.0,0.0,-1.9728943282495173e-09,-2.1579799500876597e-09,1.1057541010609812e-09,-6.75863713517769e-17,-4.890018799613674e-17,-1.9858138713803148e-17,N,mm/s,N s,"all 217 exterior nodes vs true wall triangles, increment orientation"
0.0009893999999999,12.317299755746632,130,441,880,0.31264129482155767,,,-0.19731543980117905,-0.21582643691408468,0.11058998857373144,-2.5485790160564308e-06,-2.7881008285862693e-06,1.4287149071614614e-06,1.880547509999999e-09,2.724683269999999e-09,-1.5742257599999996e-09,0.0,0.0,0.0,0.0,0.0,0.0,-1.9731489883966467e-09,-2.1582584520267946e-09,1.1058968537937546e-09,-1.6558589381443785e-17,3.198012172532494e-17,-4.3574140578843334e-18,N,mm/s,N s,"all 217 exterior nodes vs true wall triangles, increment orientation"
0.0009895,12.230177421996489,130,441,880,0.31268163996839016,0.0,-1.0,-0.19734090588570993,-0.21585428718435268,0.11060425643556548,-2.547752544933441e-06,-2.787196683645778e-06,1.4282515934457342e-06,1.88097935e-09,2.72501039e-09,-1.57438174e-09,0.0,0.0,0.0,0.0,0.0,0.0,-1.973403648543775e-09,-2.158536953965929e-09,1.1060395320209263e-09,-4.820401128480547e-17,2.243191575510821e-17,-1.702489776305428e-17,N,mm/s,N s,"all 217 exterior nodes vs true wall triangles, increment orientation"
0.0009896,12.143049474564451,130,441,880,0.312721965423986,,,-0.19736635706907965,-0.21588212255345945,0.11061852429739952,-2.546925732105365e-06,-2.786292164885903e-06,1.427788088172614e-06,1.88141118e-09,2.72533738e-09,-1.57453759e-09,0.0,0.0,0.0,0.0,0.0,0.0,-1.973658159679701e-09,-2.1588153068938605e-09,1.1061822102480979e-09,-1.354561119065182e-17,7.142902276292363e-17,1.6664159237295158e-17,N,mm/s,N s,"all 217 exterior nodes vs true wall triangles, increment orientation"
0.0009897,12.055913413514013,130,441,880,0.31276228824410274,,,-0.19739180825244937,-0.2159099579225662,0.11063278470865294,-2.546098577688246e-06,-2.785387272433596e-06,1.427324391407155e-06,1.88184302e-09,2.72566423e-09,-1.57469333e-09,0.0,0.0,0.0,0.0,0.0,0.0,-1.9739126708156265e-09,-2.1590936598217914e-09,1.1063248139696676e-09,-6.16287569591546e-17,2.992287768720081e-17,2.2223295866580263e-17,N,mm/s,N s,"all 217 exterior nodes vs true wall triangles, increment orientation"
0.0009897999999999,11.968750032982037,130,441,880,0.3128025887375037,,,-0.1974172445346579,-0.2159377783905118,0.11064703766932575,-2.5452710817966006e-06,-2.7844820064141355e-06,1.426860503213554e-06,1.882274849999999e-09,2.725990929999999e-09,-1.5748489599999995e-09,0.0,0.0,0.0,0.0,0.0,0.0,-1.9741670329403485e-09,-2.159371863738519e-09,1.1064673431856352e-09,-4.347639881729982e-17,4.68873340995026e-17,-3.2835274617553153e-19,N,mm/s,N s,"all 217 exterior nodes vs true wall triangles, increment orientation"
0.0009899,11.881591298342562,130,441,880,0.3128428798264232,,,-0.19744266591570522,-0.21596559885845734,0.11066129062999856,-2.5444432445483745e-06,-2.7835763669565496e-06,1.4263964236579295e-06,1.88270668e-09,2.72631749e-09,-1.57500446e-09,0.0,0.0,0.0,0.0,0.0,0.0,-1.9744212460538673e-09,-2.1596500676552467e-09,1.1066098724016031e-09,4.0877323095015766e-17,-2.6726146006816316e-17,2.3533942527877053e-17,N,mm/s,N s,"all 217 exterior nodes vs true wall triangles, increment orientation"
0.00099,11.794414214102837,130,441,880,0.3128831579931084,0.0,-1.0,-0.19746808729675255,-0.2159934044252417,0.11067553614009075,-2.5436150660566715e-06,-2.7826703541845743e-06,1.4259321528036877e-06,1.8831385e-09,2.72664391e-09,-1.57515986e-09,0.0,0.0,0.0,0.0,0.0,0.0,-1.974675459167386e-09,-2.1599281225607708e-09,1.1067523271119692e-09,4.2387075746144894e-17,-4.1943682676847404e-17,1.9323701466336042e-17,N,mm/s,N s,"all 217 exterior nodes vs true wall triangles, increment orientation"
0.0009901,11.707231530784185,130,441,880,0.3129234232375593,,,-0.19749350867779988,-0.21602119509086487,0.11068977419960234,-2.5427865464380284e-06,-2.781763968225699e-06,1.4254676907161588e-06,1.88357033e-09,2.72697019e-09,-1.57531513e-09,0.0,0.0,0.0,0.0,0.0,0.0,-1.974929672280905e-09,-2.160206028455091e-09,1.1068947073167332e-09,-3.898125958263841e-17,1.1974128051110576e-18,-1.2939961153831127e-17,N,mm/s,N s,"all 217 exterior nodes vs true wall triangles, increment orientation"
0.0009901999999999,11.620030539755057,130,441,880,0.3129636790775287,,,-0.19751891515768602,-0.216048985756488,0.11070401225911392,-2.5419576858074423e-06,-2.780857209205728e-06,1.4250030374598083e-06,1.8840021399999993e-09,2.727296319999999e-09,-1.5754702999999996e-09,0.0,0.0,0.0,0.0,0.0,0.0,-1.9751837363832205e-09,-2.1604839343494115e-09,1.1070370875214972e-09,-5.425058670987291e-17,-4.635136199710335e-17,1.2676658904706718e-18,N,mm/s,N s,"all 217 exterior nodes vs true wall triangles, increment orientation"
0.0009903,11.53281245912824,130,441,880,0.3130039125907823,,,-0.19754430673641096,-0.21607676152094998,0.11071824286804488,-2.54112848428336e-06,-2.77995007725424e-06,1.424538193101037e-06,1.88443396e-09,2.72762232e-09,-1.57562534e-09,0.0,0.0,0.0,0.0,0.0,0.0,-1.9754376514743324e-09,-2.160761691232529e-09,1.1071793932206594e-09,-3.45499903964978e-18,-3.561608825280985e-17,-1.2539918094870954e-17,N,mm/s,N s,"all 217 exterior nodes vs true wall triangles, increment orientation"
0.0009904,11.44559907320146,130,441,880,0.31304413581728074,,,-0.1975696983151359,-0.21610452238425074,0.11073247347697583,-2.5402989419793686e-06,-2.779042572495494e-06,1.42407315770352e-06,1.88486577e-09,2.72794817e-09,-1.57578027e-09,0.0,0.0,0.0,0.0,0.0,0.0,-1.9756915665654443e-09,-2.1610392991044426e-09,1.1073216989198214e-09,-3.563978419521748e-17,3.336596121819759e-17,2.0161984171630923e-17,N,mm/s,N s,"all 217 exterior nodes vs true wall triangles, increment orientation"
0.0009905,11.358357074028664,130,441,880,0.3130843470038184,0.0,-1.0,-0.19759507499269965,-0.21613228324755146,0.11074669663532619,-2.539469059012493e-06,-2.7781346950575198e-06,1.4236079313328624e-06,1.88529758e-09,2.72827388e-09,-1.57593509e-09,0.0,0.0,0.0,0.0,0.0,0.0,-1.975945332645353e-09,-2.1613169069763557e-09,1.1074639301133818e-09,-1.8278108403426306e-18,1.1546323270229817e-17,2.488686070785758e-17,N,mm/s,N s,"all 217 exterior nodes vs true wall triangles, increment orientation"
0.0009906,11.271098035908956,130,441,880,0.3131245452681223,,,-0.19762045167026343,-0.21616002920969102,0.11076091234309592,-2.538638835499055e-06,-2.777226445067566e-06,1.423142514054272e-06,1.88572939e-09,2.72859944e-09,-1.57608979e-09,0.0,0.0,0.0,0.0,0.0,0.0,-1.9761990987252617e-09,-2.161594365837066e-09,1.1076060868013402e-09,-5.106434302342429e-17,4.789895280447471e-17,1.6537940303286691e-18,N,mm/s,N s,"all 217 exterior nodes vs true wall triangles, increment orientation"
0.0009907,11.183842408019284,130,441,880,0.3131647341279441,,,-0.19764581344666596,-0.21618777517183055,0.11077512805086565,-2.5378082715554983e-06,-2.7763178226530222e-06,1.4226769059330273e-06,1.88616119e-09,2.72892487e-09,-1.57624437e-09,0.0,0.0,0.0,0.0,0.0,0.0,-1.9764527157939668e-09,-2.1618718246977758e-09,1.1077482434892985e-09,-3.437222418012917e-17,-6.624586528830637e-18,2.4987460948719724e-17,N,mm/s,N s,"all 217 exterior nodes vs true wall triangles, increment orientation"
0.0009908,11.096571003486527,130,441,880,0.3132049006610501,,,-0.19767116032190735,-0.21621550623280889,0.11078933630805476,-2.5369773672983917e-06,-2.7754088279414124e-06,1.422211107034475e-06,1.88659299e-09,2.72925015e-09,-1.57639883e-09,0.0,0.0,0.0,0.0,0.0,0.0,-1.9767061838514686e-09,-2.1621491345472824e-09,1.107890325671655e-09,4.8214507707764294e-17,-3.0503142724342406e-18,2.0401329041917242e-17,N,mm/s,N s,"all 217 exterior nodes vs true wall triangles, increment orientation"
0.0009908999999999,11.0092914797309,130,441,880,0.3132450542719223,,,-0.1976965071971487,-0.21624322239262603,0.11080353711466329,-2.536146122843587e-06,-2.774499461059477e-06,1.4217451174235615e-06,1.887024789999999e-09,2.729575289999999e-09,-1.5765531799999996e-09,0.0,0.0,0.0,0.0,0.0,0.0,-1.9769596519089704e-09,-2.1624262953855854e-09,1.10803233334841e-09,4.76506237469321e-17,5.858456053321103e-17,-1.2085538198713214e-17,N,mm/s,N s,"all 217 exterior nodes vs true wall triangles, increment orientation"
0.000991,10.921984690442542,130,441,880,0.3132852078827946,0.0,-1.0,-0.19772185407239007,-0.21627093855244317,0.11081773792127178,-2.5353145383103903e-06,-2.7735897221377333e-06,1.4212789371671685e-06,1.88745658e-09,2.72990029e-09,-1.57670742e-09,0.0,0.0,0.0,0.0,0.0,0.0,-1.977213119966472e-09,-2.1627034562238883e-09,1.1081743410251644e-09,-3.609788881670817e-17,2.923163876136885e-17,2.0515167706273192e-18,N,mm/s,N s,"all 217 exterior nodes vs true wall triangles, increment orientation"
0.0009911,10.834681361864003,130,441,880,0.31332533916695116,,,-0.19774718604647026,-0.2162986398110991,0.11083193127729966,-2.5344826138132443e-06,-2.772679611301381e-06,1.4208125663294525e-06,1.88788837e-09,2.73022514e-09,-1.57686154e-09,0.0,0.0,0.0,0.0,0.0,0.0,-1.9774664390127708e-09,-2.162980468050988e-09,1.1083162741963171e-09,-5.4053828749757486e-17,5.786493983341586e-17,-1.1674057409894838e-17,N,mm/s,N s,"all 217 exterior nodes vs true wall triangles, increment orientation"
0.0009912,10.747362190468484,130,441,880,0.3133654610466252,,,-0.19777250311938924,-0.21632634106975504,0.11084612463332756,-2.533650349470035e-06,-2.771769128679384e-06,1.4203460049764977e-06,1.88832016e-09,2.73054985e-09,-1.57701554e-09,0.0,0.0,0.0,0.0,0.0,0.0,-1.9777196090478657e-09,-2.1632574798780874e-09,1.10845820736747e-09,-6.251185730665292e-18,-4.563909647240637e-18,2.126238401533932e-17,N,mm/s,N s,"all 217 exterior nodes vs true wall triangles, increment orientation"
0.0009912999999999,10.66002475466792,130,441,880,0.3134055700040658,,,-0.19779782019230824,-0.21635402742724974,0.11086031053877483,-2.5328177453971115e-06,-2.7708582743990267e-06,1.4198792531735301e-06,1.8887519399999993e-09,2.730874419999999e-09,-1.5771694199999995e-09,0.0,0.0,0.0,0.0,0.0,0.0,-1.977972779082961e-09,-2.163534342693983e-09,1.1086000660330208e-09,-4.173514307148895e-17,-9.080865530340521e-18,2.6374275538092764e-17,N,mm/s,N s,"all 217 exterior nodes vs true wall triangles, increment orientation"
0.0009914,10.572680547761196,130,441,880,0.3134456566347906,,,-0.19782312236406602,-0.21638169888358327,0.1108744889936415,-2.5319848017142693e-06,-2.769947048591365e-06,1.4194123109877066e-06,1.88918372e-09,2.73119885e-09,-1.57732319e-09,0.0,0.0,0.0,0.0,0.0,0.0,-1.9782258001068523e-09,-2.163811056498676e-09,1.1087418501929699e-09,-1.1528461489732949e-17,4.427692798908998e-17,3.68064694302986e-18,N,mm/s,N s,"all 217 exterior nodes vs true wall triangles, increment orientation"
0.0009915,10.485319258149014,130,441,880,0.3134857432655154,0.0,-1.0,-0.1978484245358238,-0.2164093703399168,0.11088866744850814,-2.531151518536437e-06,-2.7690354513821267e-06,1.418945178483454e-06,1.88961549e-09,2.73152313e-09,-1.57747684e-09,0.0,0.0,0.0,0.0,0.0,0.0,-1.978478821130744e-09,-2.1640877703033684e-09,1.108883634352919e-09,-6.46763011363975e-17,6.461135565473151e-18,2.770612384015331e-17,N,mm/s,N s,"all 217 exterior nodes vs true wall triangles, increment orientation"
0.0009916,10.397951197182463,130,441,880,0.31352580756952436,,,-0.1978737118064204,-0.21643702689508912,0.1109028384527942,-2.530317895981996e-06,-2.768123482900818e-06,1.4184778557271362e-06,1.89004726e-09,2.73184727e-09,-1.57763038e-09,0.0,0.0,0.0,0.0,0.0,0.0,-1.9787316931434325e-09,-2.164364335096857e-09,1.109025344007266e-09,-5.220140122138238e-17,2.6445841139566598e-17,2.3964121162221422e-17,N,mm/s,N s,"all 217 exterior nodes vs true wall triangles, increment orientation"
0.0009916999999999,10.310566107024252,130,441,880,0.31356585983357205,,,-0.1978989841758558,-0.21646468345026143,0.11091700200649962,-2.529483934167783e-06,-2.7672111432752593e-06,1.4180103427842522e-06,1.890479029999999e-09,2.7321712699999993e-09,-1.5777837999999997e-09,0.0,0.0,0.0,0.0,0.0,0.0,-1.978984416144917e-09,-2.1646408998903464e-09,1.109166979156011e-09,2.586230689329809e-17,-4.4817266732403536e-17,-7.526349918473013e-18,N,mm/s,N s,"all 217 exterior nodes vs true wall triangles, increment orientation"
0.0009918,10.22317421914048,130,441,880,0.313605901810865,,,-0.19792425654529122,-0.21649232510427252,0.11093116556020505,-2.52864963321409e-06,-2.7662984326370458e-06,1.4175426397222355e-06,1.89091079e-09,2.73249512e-09,-1.5779371e-09,0.0,0.0,0.0,0.0,0.0,0.0,-1.979237139146402e-09,-2.1649173156726316e-09,1.1093086143047565e-09,2.0469699865070243e-17,-5.835407557316021e-17,7.759315029441943e-18,N,mm/s,N s,"all 217 exterior nodes vs true wall triangles, increment orientation"
0.0009919,10.1357653377322,130,441,880,0.3136459308659249,,,-0.1979495289147266,-0.21651995185712244,0.11094532166332986,-2.5278149932363343e-06,-2.765385351112444e-06,1.4170747466057895e-06,1.89134255e-09,2.73281883e-09,-1.57809029e-09,0.0,0.0,0.0,0.0,0.0,0.0,-1.9794898621478865e-09,-2.1651935824437135e-09,1.1094501749478998e-09,-6.841312876612697e-17,-1.4201667451033244e-17,-4.665488500322722e-18,N,mm/s,N s,"all 217 exterior nodes vs true wall triangles, increment orientation"
0.000992,10.048349664414218,130,441,880,0.31368594111201914,0.0,-1.0,-0.19797477148183965,-0.21654757860997234,0.11095947776645466,-2.526980014353386e-06,-2.764471898831493e-06,1.4166066635015511e-06,1.89177431e-09,2.7331424e-09,-1.57824336e-09,0.0,0.0,0.0,0.0,0.0,0.0,-1.979742287126965e-09,-2.1654698492147954e-09,1.109591735591043e-09,5.720232960384569e-17,-6.140831369204165e-17,2.9723831601622835e-17,N,mm/s,N s,"all 217 exterior nodes vs true wall triangles, increment orientation"
0.0009920999999999,9.960916967322447,130,441,880,0.31372594784036306,,,-0.19800002895011387,-0.21657519046166104,0.11097362641899887,-2.5261446966825753e-06,-2.7635580759225503e-06,1.4161383904752941e-06,1.892206059999999e-09,2.733465829999999e-09,-1.5783963099999995e-09,0.0,0.0,0.0,0.0,0.0,0.0,-1.9799948611172464e-09,-2.1657459669746737e-09,1.1097332217285845e-09,-4.975141926324909e-17,-5.0999866334758435e-17,3.644065792135717e-17,N,mm/s,N s,"all 217 exterior nodes vs true wall triangles, increment orientation"
0.0009922,9.873477489214208,130,441,880,0.3137659228375082,,,-0.19802525661606568,-0.21660278741218855,0.11098776762096245,-2.52530904034469e-06,-2.762643882517758e-06,1.4156699275947325e-06,1.8926378e-09,2.73378911e-09,-1.57854915e-09,0.0,0.0,0.0,0.0,0.0,0.0,-1.9802471370851207e-09,-2.1660219357233487e-09,1.109874633360524e-09,5.772536476564865e-17,1.6986633909699684e-17,1.5503966890597093e-17,N,mm/s,N s,"all 217 exterior nodes vs true wall triangles, increment orientation"
0.0009923,9.786031265365942,130,441,880,0.31380590460365826,,,-0.1980504991831787,-0.21663038436271606,0.11100190137234543,-2.524473045455632e-06,-2.7617293187439097e-06,1.41520127492484e-06,1.89306954e-09,2.73411225e-09,-1.57870187e-09,0.0,0.0,0.0,0.0,0.0,0.0,-1.980499562064199e-09,-2.1662979044720238e-09,1.1100159704868619e-09,-6.743479062741216e-17,-6.497045733849046e-18,-3.306727023003111e-17,N,mm/s,N s,"all 217 exterior nodes vs true wall triangles, increment orientation"
0.0009924,9.698557797865078,130,441,880,0.31384585727408737,,,-0.19807571194796936,-0.21665796641208235,0.1110160351237284,-2.523636712134769e-06,-2.7608143847315904e-06,1.414732432532532e-06,1.89350128e-09,2.73443524e-09,-1.57885447e-09,0.0,0.0,0.0,0.0,0.0,0.0,-1.9807516890208705e-09,-2.166573724209495e-09,1.1101573076131995e-09,2.17678764389556e-17,2.7523282486418874e-17,-3.47484885076356e-17,N,mm/s,N s,"all 217 exterior nodes vs true wall triangles, increment orientation"
0.0009925,9.61108782166395,130,441,880,0.31388580994451654,0.0,-1.0,-0.19810092471275997,-0.21668554846144863,0.11103016887511136,-2.522800040500754e-06,-2.7598990806106062e-06,1.4142634004843264e-06,1.89393302e-09,2.73475809e-09,-1.57900696e-09,0.0,0.0,0.0,0.0,0.0,0.0,-1.9810038159775416e-09,-2.166849543946966e-09,1.110298644739537e-09,2.7277121608606156e-17,-3.0000588148388037e-17,1.0479269876825935e-17,N,mm/s,N s,"all 217 exterior nodes vs true wall triangles, increment orientation"
0.0009926,9.52359057087045,130,441,880,0.313925749692713,,,-0.19812613747755062,-0.21671311560965373,0.11104429517591372,-2.521963030672363e-06,-2.7589834065108938e-06,1.413794178846806e-06,1.89436474e-09,2.7350808e-09,-1.57915933e-09,0.0,0.0,0.0,0.0,0.0,0.0,-1.981255942934213e-09,-2.1671252146732343e-09,1.1104399073602729e-09,-5.094087918892934e-17,-3.009444474488125e-17,2.812935368247059e-17,N,mm/s,N s,"all 217 exterior nodes vs true wall triangles, increment orientation"
0.0009927,9.436096827738783,130,441,880,0.3139656671141936,,,-0.19815133534118007,-0.2167406678566976,0.11105841402613545,-2.5211256827684995e-06,-2.758067362562533e-06,1.413324767686629e-06,1.89479647e-09,2.73540336e-09,-1.57931158e-09,0.0,0.0,0.0,0.0,0.0,0.0,-1.981507920879681e-09,-2.1674007363882984e-09,1.1105810954754067e-09,-6.390873529579061e-17,2.7204736921217155e-17,1.8220706166246045e-17,N,mm/s,N s,"all 217 exterior nodes vs true wall triangles, increment orientation"
0.0009928,9.348586083366245,130,441,880,0.3140055724957125,,,-0.19817651830364832,-0.2167682201037415,0.11107252542577659,-2.520287996908184e-06,-2.7571509488957314e-06,1.4128551670705167e-06,1.89522819e-09,2.73572578e-09,-1.57946371e-09,0.0,0.0,0.0,0.0,0.0,0.0,-1.9817597498139455e-09,-2.167676258103363e-09,1.1107222090849389e-09,-1.1660249034220304e-17,-7.151211405691666e-18,-1.9227734998066238e-17,N,mm/s,N s,"all 217 exterior nodes vs true wall triangles, increment orientation"
0.0009929,9.261058377466902,130,441,880,0.3140454675904772,,,-0.19820170126611658,-0.21679575744962418,0.11108663682541771,-2.519449973210561e-06,-2.756234165640828e-06,1.4123853770652603e-06,1.8956599e-09,2.73604806e-09,-1.57961573e-09,0.0,0.0,0.0,0.0,0.0,0.0,-1.98201157874821e-09,-2.167951630807224e-09,1.1108633226944709e-09,-4.3240412551019395e-17,1.5811962046885195e-17,-9.691437465077624e-18,N,mm/s,N s,"all 217 exterior nodes vs true wall triangles, increment orientation"
0.000993,9.173523922443325,130,441,880,0.31408535064528015,0.0,-1.0,-0.19822686932742364,-0.21682329479550685,0.11110074077447822,-2.5186116117949025e-06,-2.7553170129283066e-06,1.411915397737724e-06,1.89609161e-09,2.73637019e-09,-1.57976763e-09,0.0,0.0,0.0,0.0,0.0,0.0,-1.982263258671271e-09,-2.1682270035110843e-09,1.111004361798401e-09,-9.671798380203986e-18,-5.2953882440131663e-17,-2.765707956593705e-17,N,mm/s,N s,"all 217 exterior nodes vs true wall triangles, increment orientation"
0.0009931,9.085960991356751,130,441,880,0.31412522341332877,,,-0.1982520373887307,-0.2168508172402283,0.11111484472353872,-2.517772912780604e-06,-2.754399490888782e-06,1.411445229154839e-06,1.89652332e-09,2.73669218e-09,-1.57991941e-09,0.0,0.0,0.0,0.0,0.0,0.0,-1.9825149385943324e-09,-2.1685022272037415e-09,1.1111454009023312e-09,-5.999937733464598e-17,-6.447446695162613e-17,1.3998579302155588e-18,N,mm/s,N s,"all 217 exterior nodes vs true wall triangles, increment orientation"
0.0009931999999999,8.998402792542622,130,441,880,0.3141650738546614,,,-0.19827719054887655,-0.2168783247837886,0.1111289412220186,-2.516933876286339e-06,-2.7534815996520826e-06,1.4109748713831326e-06,1.8969550199999994e-09,2.737014029999999e-09,-1.5800710799999995e-09,0.0,0.0,0.0,0.0,0.0,0.0,-1.9827664695061897e-09,-2.1687773018851955e-09,1.1112863655006594e-09,-4.5245698786092636e-17,-1.8786704897415993e-17,2.9926838698210544e-18,N,mm/s,N s,"all 217 exterior nodes vs true wall triangles, increment orientation"
0.0009933,8.910827651414905,130,441,880,0.31420491225603236,,,-0.19830232880786125,-0.21690583232734886,0.1111430302699179,-2.5160945024342616e-06,-2.752563339351842e-06,1.4105043244910844e-06,1.89738672e-09,2.73733573e-09,-1.58022263e-09,0.0,0.0,0.0,0.0,0.0,0.0,-1.983017851406844e-09,-2.1690523765666495e-09,1.111427255593386e-09,3.4555495826715516e-17,-6.493869670550156e-17,-2.2859697900502508e-17,N,mm/s,N s,"all 217 exterior nodes vs true wall triangles, increment orientation"
0.0009934,8.823245764214828,130,441,880,0.3142447403706489,,,-0.19832746706684592,-0.21693332496974793,0.11115711931781717,-2.515254791341623e-06,-2.751644710116332e-06,1.4100335885444246e-06,1.89781841e-09,2.73765729e-09,-1.58037406e-09,0.0,0.0,0.0,0.0,0.0,0.0,-1.9832692333074986e-09,-2.1693273022368994e-09,1.1115681456861122e-09,3.0359273827547686e-17,-5.395612392891671e-17,-1.6327890363064945e-18,N,mm/s,N s,"all 217 exterior nodes vs true wall triangles, increment orientation"
0.0009935,8.735657127944625,130,441,880,0.31428455556303353,0.0,-1.0,-0.19835260532583057,-0.2169608027109858,0.11117120091513584,-2.5144147431291444e-06,-2.7507257120776173e-06,1.409562663610828e-06,1.89825009e-09,2.7379787e-09,-1.58052537e-09,0.0,0.0,0.0,0.0,0.0,0.0,-1.9835206152081527e-09,-2.1696020788959465e-09,1.1117089612732367e-09,-5.786808173336786e-17,1.412413939942793e-17,-7.813300836208948e-18,N,mm/s,N s,"all 217 exterior nodes vs true wall triangles, increment orientation"
0.0009935999999999,8.64802986264354,130,441,880,0.31432435194645014,,,-0.1983777137824929,-0.21698828045222365,0.11118528251245449,-2.513574357915998e-06,-2.7498063453660715e-06,1.409091549757101e-06,1.898681779999999e-09,2.738299969999999e-09,-1.5806765699999996e-09,0.0,0.0,0.0,0.0,0.0,0.0,-1.9837716990864003e-09,-2.1698768555549932e-09,1.111849776860361e-09,6.786212882723352e-17,-9.745969096544177e-18,3.3123252309474156e-17,N,mm/s,N s,"all 217 exterior nodes vs true wall triangles, increment orientation"
0.0009937,8.560417558291745,130,441,880,0.31436414217664094,,,-0.19840283714031637,-0.2170157432923003,0.11119934920861194,-2.512733635824832e-06,-2.7488866101158707e-06,1.4086202470520013e-06,1.89911345e-09,2.73862109e-09,-1.58082765e-09,0.0,0.0,0.0,0.0,0.0,0.0,-1.9840229319758515e-09,-2.1701514832028363e-09,1.1119904434362819e-09,-3.9517396824195065e-17,2.3407909146575268e-17,-2.7815456282622116e-17,N,mm/s,N s,"all 217 exterior nodes vs true wall triangles, increment orientation"
0.0009938,8.472788294321377,130,441,880,0.31440391623334135,,,-0.1984279306958175,-0.21704320613237696,0.11121342335534998,-2.511892576973385e-06,-2.7479665064558173e-06,1.408148755561531e-06,1.89954512e-09,2.73894207e-09,-1.58097861e-09,0.0,0.0,0.0,0.0,0.0,0.0,-1.984273866842896e-09,-2.1704261108506797e-09,1.1121311845178043e-09,6.699327045748897e-17,-3.5462263431468e-17,3.290624849509307e-17,N,mm/s,N s,"all 217 exterior nodes vs true wall triangles, increment orientation"
0.0009939,8.385142077611883,130,441,880,0.3144436841368162,,,-0.19845303915247975,-0.21707065407129242,0.1112274826009268,-2.511051181482877e-06,-2.7470460345185244e-06,1.4076770753536452e-06,1.89997679e-09,2.73926291e-09,-1.58112946e-09,0.0,0.0,0.0,0.0,0.0,0.0,-1.984524950721143e-09,-2.170700589487319e-09,1.1122717765881234e-09,-5.967314941301084e-17,-3.7382103123681167e-17,-8.209574892651282e-18,N,mm/s,N s,"all 217 exterior nodes vs true wall triangles, increment orientation"
0.0009939999999999,8.297477693728474,130,441,880,0.3144834229445686,0.0,-1.0,-0.19847811780681965,-0.21709808710904668,0.11124154184650362,-2.51020944947297e-06,-2.7461251944348984e-06,1.4072052064954248e-06,1.900408449999999e-09,2.7395835999999992e-09,-1.5812801799999995e-09,0.0,0.0,0.0,0.0,0.0,0.0,-1.984775736576984e-09,-2.1709749191127557e-09,1.1124123686584422e-09,2.748329537038006e-17,1.7611582212281933e-17,-2.1328663963597045e-18,N,mm/s,N s,"all 217 exterior nodes vs true wall triangles, increment orientation"
0.0009941,8.20980783469112,130,441,880,0.31452315911684325,,,-0.19850319646115958,-0.21712552014680092,0.11125559364149983,-2.509367381066814e-06,-2.7452039863396677e-06,1.406733149055909e-06,1.9008401e-09,2.73990415e-09,-1.58143079e-09,0.0,0.0,0.0,0.0,0.0,0.0,-1.9850265224328245e-09,-2.171249248738192e-09,1.1125528862231592e-09,3.040655418343535e-17,-1.9529202386454802e-17,-2.335037846627987e-17,N,mm/s,N s,"all 217 exterior nodes vs true wall triangles, increment orientation"
0.0009942,8.12213125134235,130,441,880,0.31456288500236407,,,-0.19852827511549948,-0.21715293828339396,0.11126964543649603,-2.5085249763826333e-06,-2.744282410362162e-06,1.406260903101371e-06,1.90127175e-09,2.74022455e-09,-1.58158128e-09,0.0,0.0,0.0,0.0,0.0,0.0,-1.9852773082886653e-09,-2.1715234293524244e-09,1.1126934037878762e-09,-5.093700646440484e-17,1.699653386455297e-19,2.6623341821164105e-18,N,mm/s,N s,"all 217 exterior nodes vs true wall triangles, increment orientation"
0.0009943,8.034436516068698,130,441,880,0.31460259884792263,,,-0.1985533388686782,-0.217180356419987,0.11128368978091162,-2.507682235542144e-06,-2.7433604666355413e-06,1.405788468700046e-06,1.9017034e-09,2.74054481e-09,-1.58173165e-09,0.0,0.0,0.0,0.0,0.0,0.0,-1.9855279451333028e-09,-2.1717976099666574e-09,1.1128338468469912e-09,-6.756980492339654e-17,-7.233888558564177e-17,1.4185054494955119e-18,N,mm/s,N s,"all 217 exterior nodes vs true wall triangles, increment orientation"
0.0009943999999999,7.946736314309101,130,441,880,0.3146422800800113,,,-0.19857838772069572,-0.21720774475425764,0.11129772667474659,-2.506839158665501e-06,-2.7424381552912504e-06,1.4053158459192905e-06,1.9021350399999992e-09,2.740864929999999e-09,-1.5818819099999995e-09,0.0,0.0,0.0,0.0,0.0,0.0,-1.9857784329667366e-09,-2.172071492558483e-09,1.1129742154005043e-09,-1.952545069586187e-17,6.092989754216344e-17,-2.7063034230813617e-17,N,mm/s,N s,"all 217 exterior nodes vs true wall triangles, increment orientation"
0.0009945,7.859007703301631,130,441,880,0.3146819715988538,0.0,-1.0,-0.19860343657271323,-0.2172351479896895,0.11131176356858156,-2.5059957458763534e-06,-2.74151547646456e-06,1.4048430348284225e-06,1.90256667e-09,2.7411849e-09,-1.58203205e-09,0.0,0.0,0.0,0.0,0.0,0.0,-1.986028920800171e-09,-2.1723455241615123e-09,1.1131145839540174e-09,-5.584874319673077e-17,-4.7094035420854734e-17,-8.257860459684485e-18,N,mm/s,N s,"all 217 exterior nodes vs true wall triangles, increment orientation"
0.0009946,7.771283855158735,130,441,880,0.31472163050422647,,,-0.19862847052356958,-0.21726252142279892,0.11132579301183593,-2.505151997293416e-06,-2.740592430285343e-06,1.4043700354939918e-06,1.9029983e-09,2.74150472e-09,-1.58218207e-09,0.0,0.0,0.0,0.0,0.0,0.0,-1.9862792596224015e-09,-2.1726192577421343e-09,1.1132548780019288e-09,-2.7562063879985168e-17,5.058619934322497e-17,-1.6652759395883496e-17,N,mm/s,N s,"all 217 exterior nodes vs true wall triangles, increment orientation"
0.0009947,7.6835316511385345,130,441,880,0.3147612800051142,,,-0.1986534895732647,-0.21728989485590836,0.11133982245509028,-2.5043079130389e-06,-2.7396690168872937e-06,1.4038968479845093e-06,1.90342992e-09,2.7418244e-09,-1.58233197e-09,0.0,0.0,0.0,0.0,0.0,0.0,-1.9865294494334284e-09,-2.1728929913227567e-09,1.11339517204984e-09,6.530101497477648e-17,5.591147974073562e-17,2.2276679831092106e-17,N,mm/s,N s,"all 217 exterior nodes vs true wall triangles, increment orientation"
0.0009948,7.595784210178145,130,441,880,0.31480092687052447,,,-0.19867850862295985,-0.21731726828901776,0.11135384444776401,-2.5034634932342976e-06,-2.738745236403324e-06,1.4034234723680824e-06,1.90386153e-09,2.74214394e-09,-1.58248175e-09,0.0,0.0,0.0,0.0,0.0,0.0,-1.986779639244456e-09,-2.1731667249033787e-09,1.1135353915921494e-09,7.369572828183134e-17,-3.11548950529251e-17,3.404365762068999e-17,N,mm/s,N s,"all 217 exterior nodes vs true wall triangles, increment orientation"
0.0009949,7.508030104845485,130,441,880,0.3148405608137033,,,-0.19870352767265495,-0.217344626820966,0.11136785898985715,-2.5026187380012256e-06,-2.737821088966481e-06,1.4029499087128891e-06,1.90429315e-09,2.74246333e-09,-1.58263142e-09,0.0,0.0,0.0,0.0,0.0,0.0,-1.9870298290554828e-09,-2.1734403094727975e-09,1.113675536628857e-09,-2.4114706829607713e-18,-6.163840848264995e-17,1.8666969665562142e-17,N,mm/s,N s,"all 217 exterior nodes vs true wall triangles, increment orientation"
0.000995,7.420247579943739,130,441,880,0.31488017243016625,0.0,-1.0,-0.1987285318211889,-0.21737197045175302,0.11138186608136967,-2.50177364746142e-06,-2.7368965747099403e-06,1.4024761570871732e-06,1.90472475e-09,2.74278257e-09,-1.58278096e-09,0.0,0.0,0.0,0.0,0.0,0.0,-1.9872798698553065e-09,-2.1737137450310126e-09,1.1138156071599627e-09,-1.4042916224286877e-17,-3.557573473019188e-17,-2.3834595873607636e-17,N,mm/s,N s,"all 217 exterior nodes vs true wall triangles, increment orientation"
0.0009950999999999,7.332459684999862,130,441,880,0.31491976435539054,,,-0.19875352106856167,-0.21739929918137885,0.11139587317288219,-2.500928221735899e-06,-2.7359716937660967e-06,1.4020022175587774e-06,1.9051563499999993e-09,2.743101669999999e-09,-1.5829303899999995e-09,0.0,0.0,0.0,0.0,0.0,0.0,-1.987529761643927e-09,-2.173987031578024e-09,1.1139556776910684e-09,3.876786785515822e-17,4.699646517095012e-17,-1.8936654803295244e-17,N,mm/s,N s,"all 217 exterior nodes vs true wall triangles, increment orientation"
0.0009952,7.244653595034681,130,441,880,0.31495935628061483,,,-0.1987785103159344,-0.21742662791100464,0.11140988026439469,-2.5000824609491863e-06,-2.735046446271173e-06,1.4015280901975085e-06,1.90558794e-09,2.74342063e-09,-1.5830797e-09,0.0,0.0,0.0,0.0,0.0,0.0,-1.9877796534325475e-09,-2.1742603181250356e-09,1.114095748222174e-09,6.976167253613759e-18,3.703034051488682e-17,3.337956747604569e-17,N,mm/s,N s,"all 217 exterior nodes vs true wall triangles, increment orientation"
0.0009953,7.156840780134281,130,441,880,0.31499893353039915,,,-0.19880348466214598,-0.21745395664063047,0.11142387245474598,-2.499236365220857e-06,-2.734120832355985e-06,1.4010537750703988e-06,1.90601953e-09,2.74373944e-09,-1.58322889e-09,0.0,0.0,0.0,0.0,0.0,0.0,-1.9880293962099643e-09,-2.1745336046720475e-09,1.114235669742076e-09,3.955968571670089e-17,-6.551074326210118e-17,-1.5878364580442032e-17,N,mm/s,N s,"all 217 exterior nodes vs true wall triangles, increment orientation"
0.0009954,7.069022640139198,130,441,880,0.31503849020667635,,,-0.19882845900835752,-0.21748125556793388,0.11143786464509726,-2.4983899346739907e-06,-2.7331948521551785e-06,1.400579272246446e-06,1.90645111e-09,2.7440581e-09,-1.58337797e-09,0.0,0.0,0.0,0.0,0.0,0.0,-1.988279138987381e-09,-2.174806593196652e-09,1.1143755912619778e-09,-1.2526268309066502e-17,3.7359000717189403e-17,-1.7680485755602367e-17,N,mm/s,N s,"all 217 exterior nodes vs true wall triangles, increment orientation"
0.0009954999999999,6.98117610586118,130,441,880,0.3150780374784683,0.0,-1.0,-0.1988534184534079,-0.2175085544952373,0.11145185683544855,-2.497543169430098e-06,-2.7322685058016846e-06,1.400104581793769e-06,1.906882679999999e-09,2.744376619999999e-09,-1.5835269199999995e-09,0.0,0.0,0.0,0.0,0.0,0.0,-1.988528732753595e-09,-2.1750795817212567e-09,1.1145155127818796e-09,-3.0396658990626115e-19,4.758055747958682e-17,2.799195881712785e-17,N,mm/s,N s,"all 217 exterior nodes vs true wall triangles, increment orientation"
0.0009956,6.893334387535713,130,441,880,0.3151175794793057,,,-0.19887837789845828,-0.21753585342254067,0.1114658341246386,-2.4966960696142007e-06,-2.7313417934322755e-06,1.3996297037824534e-06,1.90731425e-09,2.74469499e-09,-1.58367576e-09,0.0,0.0,0.0,0.0,0.0,0.0,-1.988778326519809e-09,-2.175352570245861e-09,1.1146552852905777e-09,-7.281807462402398e-17,-3.488266535423464e-17,-2.785348791279475e-17,N,mm/s,N s,"all 217 exterior nodes vs true wall triangles, increment orientation"
0.0009957,6.805474495870951,130,441,880,0.31515709238441864,,,-0.19890330754118624,-0.2175631374486829,0.11147981141382866,-2.495848635346369e-06,-2.7304147151783032e-06,1.399154638279809e-06,1.90774581e-09,2.74501322e-09,-1.58382448e-09,0.0,0.0,0.0,0.0,0.0,0.0,-1.989027622263615e-09,-2.175625409759262e-09,1.1147950577992759e-09,6.792036419796005e-17,-6.105604658880074e-17,-3.61868809943411e-17,N,mm/s,N s,"all 217 exterior nodes vs true wall triangles, increment orientation"
0.0009958,6.71759775803387,130,441,880,0.31519660440726366,,,-0.19892825208507545,-0.21759040657366388,0.11149378870301871,-2.4950008667501733e-06,-2.729487271174955e-06,1.39867938535511e-06,1.90817737e-09,2.74533131e-09,-1.58397308e-09,0.0,0.0,0.0,0.0,0.0,0.0,-1.989277067018626e-09,-2.17589810026146e-09,1.114934830307974e-09,-2.51557005802977e-17,-3.097615304606043e-17,3.0105133462492838e-18,N,mm/s,N s,"all 217 exterior nodes vs true wall triangles, increment orientation"
0.0009958999999999,6.629715635738753,130,441,880,0.31523609410339276,,,-0.1989531817278034,-0.21761766079748368,0.11150775854162814,-2.4941527639476258e-06,-2.728559461555707e-06,1.3982039450767541e-06,1.908608919999999e-09,2.745649239999999e-09,-1.5841215599999996e-09,0.0,0.0,0.0,0.0,0.0,0.0,-1.9895263627624327e-09,-2.176170641752454e-09,1.1150745283110701e-09,-5.405728753410012e-17,5.5320461446810536e-17,1.5251820028193168e-17,N,mm/s,N s,"all 217 exterior nodes vs true wall triangles, increment orientation"
0.000996,6.541815345485296,130,441,880,0.3152755717595588,0.0,-1.0,-0.1989780964693702,-0.21764491502130348,0.11152172092965697,-2.493304327064243e-06,-2.7276312864578744e-06,1.397728317515106e-06,1.90904046e-09,2.74596704e-09,-1.58426992e-09,0.0,0.0,0.0,0.0,0.0,0.0,-1.989775509495036e-09,-2.176443183243448e-09,1.1152141518085644e-09,-1.8817809211460337e-17,4.878605421742678e-17,5.557585571932515e-19,N,mm/s,N s,"all 217 exterior nodes vs true wall triangles, increment orientation"
0.0009961,6.453908430394451,130,441,880,0.3153150494157248,,,-0.19900301121093697,-0.21767216924512325,0.11153568331768579,-2.492455556220588e-06,-2.72670274601335e-06,1.3972525027377522e-06,1.909472e-09,2.74628468e-09,-1.58441817e-09,0.0,0.0,0.0,0.0,0.0,0.0,-1.9900246562276393e-09,-2.1767157247344417e-09,1.115353775306059e-09,-6.848187072518754e-17,-5.061590176445147e-17,3.344664476401186e-17,N,mm/s,N s,"all 217 exterior nodes vs true wall triangles, increment orientation"
0.0009962,6.365996149132768,130,441,880,0.3153544918229445,,,-0.19902791105134257,-0.21769939366662067,0.1115496308045534,-2.4916064515407304e-06,-2.725773840357864e-06,1.3967765008142447e-06,1.90990353e-09,2.74660218e-09,-1.58456629e-09,0.0,0.0,0.0,0.0,0.0,0.0,-1.990273653949039e-09,-2.1769879682030293e-09,1.1154932497923496e-09,-5.4071658728633314e-17,5.510048625749749e-17,-3.5068019348041524e-17,N,mm/s,N s,"all 217 exterior nodes vs true wall triangles, increment orientation"
0.0009962999999999,6.278065700889307,130,441,880,0.31539392746115513,,,-0.19905279599058698,-0.21772661808811802,0.11156358574200159,-2.490757013147175e-06,-2.724844569625435e-06,1.3963003118132597e-06,1.910335049999999e-09,2.746919539999999e-09,-1.5847142999999995e-09,0.0,0.0,0.0,0.0,0.0,0.0,-1.990522502659236e-09,-2.1772602116716157e-09,1.1156327987842419e-09,2.4379449386576942e-17,6.787631282509915e-17,1.854727134290708e-17,N,mm/s,N s,"all 217 exterior nodes vs true wall triangles, increment orientation"
0.0009964,6.190118437398418,130,441,880,0.3154333578284117,,,-0.19907768092983139,-0.2177538425096154,0.11157752577828858,-2.489907241165943e-06,-2.723914933953927e-06,1.395823935805443e-06,1.91076656e-09,2.74723675e-09,-1.58486219e-09,0.0,0.0,0.0,0.0,0.0,0.0,-1.990771351369433e-09,-2.177532455140203e-09,1.1157721987649307e-09,1.7826887883935353e-17,-1.232490980242276e-17,-2.9205596337683605e-17,N,mm/s,N s,"all 217 exterior nodes vs true wall triangles, increment orientation"
0.0009965,6.102165731986544,130,441,880,0.3154727779089152,0.0,-1.0,-0.1991025658690758,-0.2177810520299516,0.11159146581457557,-2.4890571357180854e-06,-2.722984933475768e-06,1.395347372858655e-06,1.91119807e-09,2.74755381e-09,-1.58500996e-09,0.0,0.0,0.0,0.0,0.0,0.0,-1.9910202000796294e-09,-2.1778045495975864e-09,1.1159115987456195e-09,-7.376269589919903e-17,-3.652844991495222e-17,-2.929673335990976e-17,N,mm/s,N s,"all 217 exterior nodes vs true wall triangles, increment orientation"
0.0009966,6.014194957456961,130,441,880,0.3155121688936932,,,-0.19912742100599778,-0.21780824664912657,0.11160540585086254,-2.488206696928172e-06,-2.722054568327236e-06,1.3948706230427292e-06,1.91162958e-09,2.74787073e-09,-1.58515761e-09,0.0,0.0,0.0,0.0,0.0,0.0,-1.991268750767419e-09,-2.1780764950437663e-09,1.1160509987263081e-09,4.75997641610459e-17,-4.7707667143226775e-18,1.8292538628989017e-17,N,mm/s,N s,"all 217 exterior nodes vs true wall triangles, increment orientation"
0.0009966999999999,5.926217579293009,130,441,880,0.3155515640120036,,,-0.19915229104408103,-0.21783544126830154,0.1116193309859883,-2.487355924919202e-06,-2.72112383864289e-06,1.394393686426618e-06,1.9120610699999993e-09,2.748187499999999e-09,-1.5853051399999996e-09,0.0,0.0,0.0,0.0,0.0,0.0,-1.9915174504664126e-09,-2.1783484404899466e-09,1.116190249695793e-09,-6.515266980817131e-17,-6.609951064066561e-17,-3.5430312075691646e-17,N,mm/s,N s,"all 217 exterior nodes vs true wall triangles, increment orientation"
0.0009968,5.8382233849142136,130,441,880,0.3155909326700653,,,-0.19917713127984185,-0.21786262098631531,0.11163326357169465,-2.486504819817698e-06,-2.720192744561141e-06,1.3939165630812476e-06,1.91249256e-09,2.74850413e-09,-1.58545255e-09,0.0,0.0,0.0,0.0,0.0,0.0,-1.991765852142999e-09,-2.178620236924923e-09,1.1163295751708797e-09,3.498029901866056e-17,-7.153990788570328e-17,3.307018345978017e-17,N,mm/s,N s,"all 217 exterior nodes vs true wall triangles, increment orientation"
0.0009969,5.750222514954319,130,441,880,0.31563028577042,,,-0.19920197151560265,-0.21788978580316787,0.11164718125623979,-2.4856533817452026e-06,-2.719261286214957e-06,1.3934392530747554e-06,1.91292404e-09,2.74882061e-09,-1.58559984e-09,0.0,0.0,0.0,0.0,0.0,0.0,-1.992014253819585e-09,-2.178891884348696e-09,1.1164687516347628e-09,4.994296114419663e-17,-2.112837877337642e-17,2.9587826591055286e-19,N,mm/s,N s,"all 217 exterior nodes vs true wall triangles, increment orientation"
0.000997,5.662216299714938,130,441,880,0.31566963887077487,0.0,-1.0,-0.1992268117513635,-0.21791695062002045,0.11166109894078492,-2.484801610826784e-06,-2.7183294637411607e-06,1.3929617564772542e-06,1.91335552e-09,2.74913694e-09,-1.58574702e-09,0.0,0.0,0.0,0.0,0.0,0.0,-1.9922626554961717e-09,-2.179163531772469e-09,1.116607928098646e-09,-2.029797446965229e-17,-6.391253147157528e-17,1.527662671765345e-17,N,mm/s,N s,"all 217 exterior nodes vs true wall triangles, increment orientation"
0.0009971,5.57418175569516,130,441,880,0.3157089696444135,,,-0.1992516370859631,-0.2179441005357118,0.11167500917474946,-2.483949507186793e-06,-2.717397277275788e-06,1.3924840733584528e-06,1.91378699e-09,2.74945313e-09,-1.58589407e-09,0.0,0.0,0.0,0.0,0.0,0.0,-1.9925109081615546e-09,-2.1794350301850383e-09,1.1167470300569273e-09,-2.6764582392961858e-17,-5.091755412009833e-17,3.5254710162653525e-18,N,mm/s,N s,"all 217 exterior nodes vs true wall triangles, increment orientation"
0.0009972,5.486150826344606,130,441,880,0.3157482780913358,,,-0.19927644751940154,-0.21797123555024198,0.11168891195813337,-2.4830970709496927e-06,-2.7164647269550003e-06,1.392006203788125e-06,1.91421845e-09,2.74976917e-09,-1.586041e-09,0.0,0.0,0.0,0.0,0.0,0.0,-1.9927590118157342e-09,-2.1797063795864044e-09,1.1168860575096066e-09,3.050987289158444e-17,1.7820176382480245e-17,-3.493895358471325e-17,N,mm/s,N s,"all 217 exterior nodes vs true wall triangles, increment orientation"
0.0009973,5.398092898976929,130,441,880,0.31578758653825817,,,-0.19930125795284,-0.21799837056477211,0.11170281474151726,-2.4822443022400764e-06,-2.715531812915101e-06,1.3915281478361162e-06,1.9146499e-09,2.75008506e-09,-1.58618782e-09,0.0,0.0,0.0,0.0,0.0,0.0,-1.9930071154699143e-09,-2.17997772898777e-09,1.1170250849622857e-09,2.480934836531279e-18,-6.7469071858855724e-18,-2.559241479966093e-17,N,mm/s,N s,"all 217 exterior nodes vs true wall triangles, increment orientation"
0.0009973999999999,5.310028305858521,130,441,880,0.315826875293941,,,-0.19932605348511725,-0.2180254906781411,0.11171671752490116,-2.4813912011818125e-06,-2.714598535291598e-06,1.391049905571867e-06,1.915081349999999e-09,2.750400809999999e-09,-1.5863345199999995e-09,0.0,0.0,0.0,0.0,0.0,0.0,-1.9932550701128907e-09,-2.1802489293779327e-09,1.117164112414965e-09,3.812656650862185e-17,2.4356046739877088e-17,3.1583711216292304e-17,N,mm/s,N s,"all 217 exterior nodes vs true wall triangles, increment orientation"
0.0009975,5.221957140455184,130,441,880,0.31586615877867036,0.0,-1.0,-0.1993508490173945,-0.21805261079151003,0.11173060540712385,-2.480537767902293e-06,-2.713664894223858e-06,1.3905714770667922e-06,1.91551278e-09,2.75071641e-09,-1.58648109e-09,0.0,0.0,0.0,0.0,0.0,0.0,-1.9935030247558667e-09,-2.180520129768095e-09,1.1173029908564406e-09,-1.1597661757339974e-17,-3.791850102638841e-17,-1.2403164609239512e-17,N,mm/s,N s,"all 217 exterior nodes vs true wall triangles, increment orientation"
0.0009976,5.133869186567257,130,441,880,0.31590542257216014,,,-0.19937562964851055,-0.21807971600371778,0.11174449328934652,-2.479684002523935e-06,-2.712730889845802e-06,1.3900928623895176e-06,1.91594422e-09,2.75103187e-09,-1.58662755e-09,0.0,0.0,0.0,0.0,0.0,0.0,-1.9937508303876394e-09,-2.180791181147054e-09,1.117441869297916e-09,2.286237093525782e-18,-4.4595670381878064e-17,-8.52322996735437e-18,N,mm/s,N s,"all 217 exterior nodes vs true wall triangles, increment orientation"
0.0009977,5.04577458522583,130,441,880,0.3159446734434206,,,-0.1994004102796266,-0.2181068063147643,0.11175837372098858,-2.4788299051726743e-06,-2.711796522295201e-06,1.3896140616106422e-06,1.91637564e-09,2.75134718e-09,-1.58677389e-09,0.0,0.0,0.0,0.0,0.0,0.0,-1.9939986360194126e-09,-2.181062083514809e-09,1.1175806732337897e-09,-6.926614394213629e-17,4.28822919106361e-18,-3.126348434267988e-17,N,mm/s,N s,"all 217 exterior nodes vs true wall triangles, increment orientation"
0.0009977999999999,4.957663211451631,130,441,880,0.315983905505707,,,-0.19942516110842026,-0.21813389662581087,0.11177225415263063,-2.4779754759728744e-06,-2.71086179170811e-06,1.3891350747998834e-06,1.916807059999999e-09,2.7516623399999992e-09,-1.5869201099999996e-09,0.0,0.0,0.0,0.0,0.0,0.0,-1.9942461436287785e-09,-2.181332985882565e-09,1.1177194771696633e-09,7.173441197968912e-17,-4.0314302527777836e-17,-6.099731104996804e-18,N,mm/s,N s,"all 217 exterior nodes vs true wall triangles, increment orientation"
0.0009979,4.869545266788271,130,441,880,0.3160231340502511,,,-0.19944992683837512,-0.2181609720356962,0.11178612713369208,-2.47712071505244e-06,-2.709926698224449e-06,1.3886559020289434e-06,1.91723846e-09,2.75197736e-09,-1.58706621e-09,0.0,0.0,0.0,0.0,0.0,0.0,-1.994493800249348e-09,-2.1816037392391168e-09,1.117858206599935e-09,-2.177888205469032e-17,-2.942834283781634e-17,-7.518984920605052e-18,N,mm/s,N s,"all 217 exterior nodes vs true wall triangles, increment orientation"
0.000998,4.781410478317778,130,441,880,0.3160623402680791,0.0,-1.0,-0.1994746776671688,-0.21818803254442035,0.11179999266417293,-2.4762656225342698e-06,-2.708991241978672e-06,1.3881765433667183e-06,1.91766986e-09,2.75229222e-09,-1.58721219e-09,0.0,0.0,0.0,0.0,0.0,0.0,-1.9947413078587143e-09,-2.181874343584465e-09,1.117996861524605e-09,-5.181678479953221e-17,3.6909840224875916e-17,-3.550266483776622e-17,N,mm/s,N s,"all 217 exterior nodes vs true wall triangles, increment orientation"
0.0009981,4.693269134465059,130,441,880,0.3161015370814198,,,-0.19949941359480128,-0.2182150930531445,0.11181385819465375,-2.4754101985448103e-06,-2.708055423109106e-06,1.3876969988840927e-06,1.91810126e-09,2.75260695e-09,-1.58735805e-09,0.0,0.0,0.0,0.0,0.0,0.0,-1.994988666456877e-09,-2.182144947929814e-09,1.1181355164492748e-09,-1.8412449240096394e-17,9.652787711873406e-18,-1.552659573235115e-17,N,mm/s,N s,"all 217 exterior nodes vs true wall triangles, increment orientation"
0.0009981999999999,4.605111023953331,130,441,880,0.3161407209725316,,,-0.19952414952243375,-0.2182421386607074,0.11182771627455397,-2.474554443208915e-06,-2.70711924175234e-06,1.3872172686510592e-06,1.9185326399999993e-09,2.7529215199999994e-09,-1.5875037899999997e-09,0.0,0.0,0.0,0.0,0.0,0.0,-1.995236025055039e-09,-2.1824154032639585e-09,1.1182740968683428e-09,-7.061021901368458e-17,3.777546203024913e-17,-2.2077812331001298e-17,N,mm/s,N s,"all 217 exterior nodes vs true wall triangles, increment orientation"
0.0009983,4.5169462892103605,130,441,880,0.3161798954591558,,,-0.19954887054890502,-0.21826918426827033,0.11184157435445417,-2.473698356654991e-06,-2.7061826980488494e-06,1.3867373527396022e-06,1.91896402e-09,2.75323595e-09,-1.58764941e-09,0.0,0.0,0.0,0.0,0.0,0.0,-1.9954832346419986e-09,-2.182685858598103e-09,1.1184126772874107e-09,-5.943201805817776e-17,-2.7769565904294266e-17,1.936784601525664e-17,N,mm/s,N s,"all 217 exterior nodes vs true wall triangles, increment orientation"
0.0009984,4.428764793428064,130,441,880,0.3162190476190637,,,-0.1995735766742151,-0.21829621497467205,0.11185542498377377,-2.472841939006436e-06,-2.705245792133628e-06,1.3862572512188968e-06,1.91939539e-09,2.75355023e-09,-1.58779491e-09,0.0,0.0,0.0,0.0,0.0,0.0,-1.9957302952177543e-09,-2.1829561649210446e-09,1.1185511832008766e-09,1.5089038778108288e-17,-3.800730721510613e-17,3.4323329897426315e-17,N,mm/s,N s,"all 217 exterior nodes vs true wall triangles, increment orientation"
0.0009985,4.340576682243403,130,441,880,0.31625818685674273,0.0,-1.0,-0.1995982827995252,-0.21832323077991259,0.11186926816251276,-2.4719851903901875e-06,-2.704308524145543e-06,1.3857769641601028e-06,1.91982675e-09,2.75386436e-09,-1.58794029e-09,0.0,0.0,0.0,0.0,0.0,0.0,-1.9959773557935105e-09,-2.1832263222327824e-09,1.1186896146087411e-09,3.908645494286779e-18,7.026039544306965e-18,2.280718531926915e-17,N,mm/s,N s,"all 217 exterior nodes vs true wall triangles, increment orientation"
0.0009985999999999,4.252371896785664,130,441,880,0.3162973140544579,,,-0.1996229740236741,-0.21835024658515312,0.11188310389067115,-2.471128110931605e-06,-2.7033708942217383e-06,1.3852964916334978e-06,1.920258109999999e-09,2.754178349999999e-09,-1.5880855499999997e-09,0.0,0.0,0.0,0.0,0.0,0.0,-1.9962242673580626e-09,-2.1834964795445202e-09,1.1188279715110036e-09,5.60049161175627e-17,-4.171691591768187e-17,-1.5162049573871203e-17,N,mm/s,N s,"all 217 exterior nodes vs true wall triangles, increment orientation"
0.0009987,4.1641604203659295,130,441,880,0.3163364309654205,,,-0.19964766524782301,-0.21837724748923243,0.11189693961882952,-2.4702707007595936e-06,-2.70243290250323e-06,1.3848158337113434e-06,1.92068945e-09,2.75449219e-09,-1.58823069e-09,0.0,0.0,0.0,0.0,0.0,0.0,-1.9964711789226156e-09,-2.1837664878450548e-09,1.1189663284132659e-09,2.233356987514921e-17,-3.5261140885465104e-17,-5.060242670752575e-18,N,mm/s,N s,"all 217 exterior nodes vs true wall triangles, increment orientation"
0.0009988,4.075932284562259,130,441,880,0.31637552554966675,,,-0.1996723415708107,-0.21840423349215055,0.11191076789640728,-2.469412959998047e-06,-2.701494549125559e-06,1.3843349904630938e-06,1.92112079e-09,2.75480588e-09,-1.58837571e-09,0.0,0.0,0.0,0.0,0.0,0.0,-1.9967179414759645e-09,-2.1840363471343857e-09,1.1191046108099263e-09,5.1872746936874494e-17,2.6357206206114296e-17,-2.1374471090921834e-17,N,mm/s,N s,"all 217 exterior nodes vs true wall triangles, increment orientation"
0.0009989,3.9876975293031847,130,441,880,0.3164146201339131,,,-0.1996970178937984,-0.21843121949506863,0.11192459617398502,-2.468554888774409e-06,-2.700555834228142e-06,1.383853961960192e-06,1.92155212e-09,2.75511943e-09,-1.58852061e-09,0.0,0.0,0.0,0.0,0.0,0.0,-1.9969647040293133e-09,-2.1843062064237162e-09,1.1192428932065867e-09,-4.42180874025604e-18,-5.909221921784553e-18,1.0419384041266568e-17,N,mm/s,N s,"all 217 exterior nodes vs true wall triangles, increment orientation"
0.0009989999999999,3.8994346054515066,130,441,880,0.31645369239144305,0.0,-1.0,-0.1997216793156249,-0.21845819059682556,0.11193841700098216,-2.4676964872145286e-06,-2.699616757948662e-06,1.3833727482731908e-06,1.9219834399999992e-09,2.755432829999999e-09,-1.5886653899999996e-09,0.0,0.0,0.0,0.0,0.0,0.0,-1.997211317571459e-09,-2.1845759167018435e-09,1.1193811010976452e-09,2.4280665883342333e-18,1.6914646325752207e-17,1.583423092380989e-17,N,mm/s,N s,"all 217 exterior nodes vs true wall triangles, increment orientation"
0.0009991,3.811176520527944,130,441,880,0.3164927526090089,,,-0.19974632583629023,-0.21848516169858245,0.1119522303773987,-2.466837755447819e-06,-2.6986773204286906e-06,1.3828913494746364e-06,1.92241475e-09,2.75574608e-09,-1.58881005e-09,0.0,0.0,0.0,0.0,0.0,0.0,-1.9974577821024014e-09,-2.1848456269799707e-09,1.119519234483102e-09,7.238934790854722e-17,-5.421850729357265e-17,-5.111427658909657e-18,N,mm/s,N s,"all 217 exterior nodes vs true wall triangles, increment orientation"
0.0009992,3.722901713228491,130,441,880,0.3165318025398224,,,-0.19977097235695557,-0.21851211789917815,0.11196604375381522,-2.4659786935986667e-06,-2.697737521804305e-06,1.382409765634259e-06,1.92284606e-09,2.75605918e-09,-1.58895459e-09,0.0,0.0,0.0,0.0,0.0,0.0,-1.997704246633344e-09,-2.1851151882468944e-09,1.1196573678685585e-09,5.641781764179167e-17,-7.033358214688796e-17,2.2106505454858496e-17,N,mm/s,N s,"all 217 exterior nodes vs true wall triangles, increment orientation"
0.0009993,3.6346203768163567,130,441,880,0.3165708395484074,,,-0.19979561887762087,-0.21853905919861266,0.11197984967965113,-2.465119301795018e-06,-2.696797362215476e-06,1.3819279968237846e-06,1.92327735e-09,2.75637214e-09,-1.58909901e-09,0.0,0.0,0.0,0.0,0.0,0.0,-1.9979507111642863e-09,-2.1853846005026148e-09,1.1197954267484135e-09,-4.55195256503733e-17,-3.1466667273106944e-17,2.3000917370409886e-17,N,mm/s,N s,"all 217 exterior nodes vs true wall triangles, increment orientation"
0.0009994,3.5463222605838247,130,441,880,0.3166098448257881,,,-0.1998202355959638,-0.21856598559688598,0.11199364815490644,-2.46425958016408e-06,-2.6958568418013664e-06,1.3814460431145246e-06,1.92370864e-09,2.75668495e-09,-1.58924331e-09,0.0,0.0,0.0,0.0,0.0,0.0,-1.9981968776728214e-09,-2.185653863747132e-09,1.1199334111226665e-09,6.456673712172737e-17,6.234616152495867e-17,-2.4097104288847678e-18,N,mm/s,N s,"all 217 exterior nodes vs true wall triangles, increment orientation"
0.0009995,3.458006175319309,130,441,880,0.3166488595076571,0.0,-1.0,-0.1998448672154679,-0.21859291199515926,0.11200744663016172,-2.4633995288331907e-06,-2.694915960701282e-06,1.380963904577864e-06,1.92413992e-09,2.75699761e-09,-1.58938749e-09,0.0,0.0,0.0,0.0,0.0,0.0,-1.99844319319256e-09,-2.1859231269916483e-09,1.1200713954969192e-09,-6.038997962355339e-17,6.205764266668167e-17,2.0398697506344743e-17,N,mm/s,N s,"all 217 exterior nodes vs true wall triangles, increment orientation"
0.0009996,3.3696848324918043,130,441,880,0.3166878527450733,,,-0.19986946903264965,-0.21861983839343255,0.1120212376548364,-2.46253914792981e-06,-2.693974719054662e-06,1.380481581285256e-06,1.92457119e-09,2.75731012e-09,-1.58953155e-09,0.0,0.0,0.0,0.0,0.0,0.0,-1.9986892106898925e-09,-2.186192390236165e-09,1.1202093053655703e-09,2.6610970838007408e-17,-3.236827268134974e-17,1.693900739467959e-17,N,mm/s,N s,"all 217 exterior nodes vs true wall triangles, increment orientation"
0.0009996999999999,3.281356899796759,130,441,880,0.31672683306026145,,,-0.1998940708498314,-0.21864674989054464,0.11203502122893048,-2.461678437580665e-06,-2.6930331170001415e-06,1.3799990733077415e-06,1.925002449999999e-09,2.7576224799999993e-09,-1.5896754899999996e-09,0.0,0.0,0.0,0.0,0.0,0.0,-1.9989352281872248e-09,-2.1864615044694785e-09,1.1203471407286196e-09,2.7514231474439758e-17,-7.19564139897046e-17,-1.2770320787205431e-17,N,mm/s,N s,"all 217 exterior nodes vs true wall triangles, increment orientation"
0.0009998,3.1930110164216523,130,441,880,0.31676580308869745,,,-0.19991867266701313,-0.2186736464864955,0.11204880480302454,-2.460817397916046e-06,-2.6920911546802584e-06,1.379516380718362e-06,1.92543371e-09,2.7579347e-09,-1.5898193e-09,0.0,0.0,0.0,0.0,0.0,0.0,-1.9991812456845567e-09,-2.186730469691588e-09,1.1204849760916685e-09,-5.77131334792822e-17,-5.674279833339062e-17,5.7947661966455615e-18,N,mm/s,N s,"all 217 exterior nodes vs true wall triangles, increment orientation"
0.0009999,3.10464969033528,130,441,880,0.3168047413859286,,,-0.1999432446818725,-0.21870052818128521,0.112062580926538,-2.459956029061208e-06,-2.6911488322320384e-06,1.3790335035873338e-06,1.92586495e-09,2.75824677e-09,-1.589963e-09,0.0,0.0,0.0,0.0,0.0,0.0,-1.999426965159482e-09,-2.1869992859024946e-09,1.120622736949116e-09,6.891835710516352e-17,1.3236567140569354e-17,-1.852886735188006e-18,N,mm/s,N s,"all 217 exterior nodes vs true wall triangles, increment orientation"
0.001,3.016291972367797,130,441,880,0.3168436864521725,0.0,-1.0,-0.19996783159789303,-0.2187274098760749,0.11207634959947084,-2.4590943311449737e-06,-2.690206149796412e-06,1.3785504419868746e-06,1.92629619e-09,2.75855869e-09,-1.59010658e-09,0.0,0.0,0.0,0.0,0.0,0.0,-1.9996728336456103e-09,-2.1872681021134004e-09,1.1207604233009614e-09,-3.9657817746540663e-17,-1.1065510077659037e-17,-3.569484102588946e-17,N,mm/s,N s,"all 217 exterior nodes vs true wall triangles, increment orientation"
0.0010000999999999,2.927906133791475,130,441,880,0.31688260242268707,,,-0.1999923887115912,-0.21875427666970337,0.11209011827240367,-2.4582323780464534e-06,-2.689263188195831e-06,1.3780672373330767e-06,1.926727409999999e-09,2.758870469999999e-09,-1.5902500299999997e-09,0.0,0.0,0.0,0.0,0.0,0.0,-1.9999184041093325e-09,-2.1875367693131034e-09,1.1208981096528066e-09,6.356273912672555e-17,1.933022796791819e-17,-2.1209131037684558e-17,N,mm/s,N s,"all 217 exterior nodes vs true wall triangles, increment orientation"
0.0010002,2.8395150470698587,130,441,880,0.31692152516221456,,,-0.20001696072645053,-0.21878114346333183,0.1121038794947559,-2.457370243564531e-06,-2.688320028164984e-06,1.3775839309970595e-06,1.92715863e-09,2.75918209e-09,-1.59039337e-09,0.0,0.0,0.0,0.0,0.0,0.0,-2.0001641235842576e-09,-2.187805436512806e-09,1.1210357214990503e-09,-6.847540737549282e-17,-4.4611284352172746e-17,-3.288913390345079e-17,N,mm/s,N s,"all 217 exterior nodes vs true wall triangles, increment orientation"
0.0010003,2.7511173915727287,130,441,880,0.3169604188060126,,,-0.2000415029389875,-0.21880799535579912,0.11211764071710813,-2.4565079276991645e-06,-2.687376669703824e-06,1.3771005229787996e-06,1.92758984e-09,2.75949357e-09,-1.59053658e-09,0.0,0.0,0.0,0.0,0.0,0.0,-2.000409545036776e-09,-2.1880739547013053e-09,1.1211733333452939e-09,1.1243213702042162e-17,-5.389867328107188e-17,3.780908317418921e-18,N,mm/s,N s,"all 217 exterior nodes vs true wall triangles, increment orientation"
0.0010004,2.6626916274034635,130,441,880,0.31699929952758293,,,-0.20006604515152449,-0.21883483234710518,0.11213139448887972,-2.455645430453768e-06,-2.686433112816086e-06,1.3766170132802102e-06,1.92802104e-09,2.7598049e-09,-1.59067968e-09,0.0,0.0,0.0,0.0,0.0,0.0,-2.0006549664892946e-09,-2.188342323878601e-09,1.1213108706859353e-09,4.678058890754542e-18,-8.551766313626354e-18,1.4305549712527295e-17,N,mm/s,N s,"all 217 exterior nodes vs true wall triangles, increment orientation"
0.0010004999999999,2.5742708097131737,130,441,880,0.3170381682091887,0.0,-1.0,-0.20009057246290027,-0.21886166933841125,0.11214514081007072,-2.454782751830044e-06,-2.6854893575036337e-06,1.3761334019022468e-06,1.9284522299999993e-09,2.7601160799999993e-09,-1.5908226499999997e-09,0.0,0.0,0.0,0.0,0.0,0.0,-2.00090023893061e-09,-2.1886106930558967e-09,1.121448333520975e-09,6.082219400744542e-17,-5.76015953312353e-17,-1.30505298043968e-18,N,mm/s,N s,"all 217 exterior nodes vs true wall triangles, increment orientation"
0.0010006,2.4858434320888017,130,441,880,0.3170770266040424,,,-0.20011509977427602,-0.2188884914285561,0.11215888713126171,-2.453919891833154e-06,-2.6845454037721124e-06,1.3756496888478023e-06,1.92888341e-09,2.76042711e-09,-1.5909655e-09,0.0,0.0,0.0,0.0,0.0,0.0,-2.001145511371925e-09,-2.1888789132219887e-09,1.1215857963560148e-09,3.064628047001407e-17,-5.205678285674547e-17,3.146485664613482e-17,N,mm/s,N s,"all 217 exterior nodes vs true wall triangles, increment orientation"
0.0010007,2.397387955504592,130,441,880,0.317115860036704,,,-0.2001396121844906,-0.21891529861753978,0.11217261855129149,-2.453056850463089e-06,-2.683601251621514e-06,1.375165874116872e-06,1.92931458e-09,2.760738e-09,-1.59110823e-09,0.0,0.0,0.0,0.0,0.0,0.0,-2.0013906348020365e-09,-2.1891469843768775e-09,1.121723110179851e-09,6.314338409505965e-17,8.062842788421212e-18,-3.638576914355399e-17,N,mm/s,N s,"all 217 exterior nodes vs true wall triangles, increment orientation"
0.0010008,2.308927176619161,130,441,880,0.31715469610484137,,,-0.2001641245947052,-0.21894210580652343,0.11218635742190186,-2.4521936277233025e-06,-2.682656901055613e-06,1.3746819577113906e-06,1.92974574e-09,2.76104873e-09,-1.59125084e-09,0.0,0.0,0.0,0.0,0.0,0.0,-2.0016357582321486e-09,-2.189415055531766e-09,1.1218604985092886e-09,9.284165474209597e-18,-2.627374820978869e-17,1.8670030617328584e-17,N,mm/s,N s,"all 217 exterior nodes vs true wall triangles, increment orientation"
0.0010008999999999,2.2204484918394405,130,441,880,0.31719350721078654,,,-0.2001886221037586,-0.2189688980943459,0.11220008139135101,-2.4513302236155268e-06,-2.6817123520763075e-06,1.374197939632331e-06,1.930176899999999e-09,2.761359319999999e-09,-1.5913933299999998e-09,0.0,0.0,0.0,0.0,0.0,0.0,-2.001880732651057e-09,-2.189682977675451e-09,1.121997737827523e-09,1.806169157850104e-17,-6.075179612973374e-18,-2.687439363022782e-17,N,mm/s,N s,"all 217 exterior nodes vs true wall triangles, increment orientation"
0.001001,2.131974767537239,130,441,880,0.31723230802998026,0.0,-1.0,-0.20021311961281194,-0.21899567548100715,0.11221380536080017,-2.4504666381449608e-06,-2.680767604689286e-06,1.3737138198826072e-06,1.93060804e-09,2.76166976e-09,-1.5915357e-09,0.0,0.0,0.0,0.0,0.0,0.0,-2.0021257070699647e-09,-2.189950750807933e-09,1.122134977145757e-09,-5.955337493339582e-17,6.86387227369676e-17,-2.399768377586302e-17,N,mm/s,N s,"all 217 exterior nodes vs true wall triangles, increment orientation"
0.0010011,2.043472962239512,130,441,880,0.3172710900401951,,,-0.20023758731954297,-0.2190224528676684,0.1122275293302493,-2.449602871311628e-06,-2.679822658894571e-06,1.3732295984622316e-06,1.93103918e-09,2.76198005e-09,-1.59167795e-09,0.0,0.0,0.0,0.0,0.0,0.0,-2.0023703834664666e-09,-2.1902185239404146e-09,1.122272216463991e-09,7.444323498803997e-17,4.883692985376726e-17,2.7310315263848716e-17,N,mm/s,N s,"all 217 exterior nodes vs true wall triangles, increment orientation"
0.0010012,1.9549658717715308,130,441,880,0.3173098761839482,,,-0.20026206992743517,-0.21904923025432962,0.11224123839853724,-2.448738923119021e-06,-2.678877514695985e-06,1.3727452753731625e-06,1.9314703e-09,2.7622902e-09,-1.59182007e-09,0.0,0.0,0.0,0.0,0.0,0.0,-2.0026152088741714e-09,-2.190486297072896e-09,1.1224093067710214e-09,-2.7000222049865914e-17,-6.550038451665063e-17,-2.1951445160309974e-17,N,mm/s,N s,"all 217 exterior nodes vs true wall triangles, increment orientation"
0.0010012999999999,1.866440885804687,130,441,880,0.3173486323497089,,,-0.20028653763416615,-0.21907597783866847,0.11225494746682516,-2.4478747935689065e-06,-2.677932172095461e-06,1.3722608506163906e-06,1.9319014199999992e-09,2.7626001899999994e-09,-1.5919620799999997e-09,0.0,0.0,0.0,0.0,0.0,0.0,-2.002859885270673e-09,-2.1907537721829707e-09,1.1225463970780518e-09,-6.587947575661966e-17,2.3629360337505528e-17,-2.2761606525297375e-17,N,mm/s,N s,"all 217 exterior nodes vs true wall triangles, increment orientation"
0.0010014,1.7779106184218547,130,441,880,0.31738737911098,,,-0.20031099043973596,-0.21910272542300732,0.11226865653511307,-2.447010482666518e-06,-2.676986631098724e-06,1.3717763241948494e-06,1.93233252e-09,2.76291004e-09,-1.59210396e-09,0.0,0.0,0.0,0.0,0.0,0.0,-2.003104412655971e-09,-2.1910212472930454e-09,1.122683487385082e-09,-4.221265858657096e-17,1.8183933849893568e-17,2.4889985012551072e-17,N,mm/s,N s,"all 217 exterior nodes vs true wall triangles, increment orientation"
0.0010015,1.689372641390242,130,441,880,0.3174261009100589,0.0,-1.0,-0.20033542834414458,-0.21912945810618495,0.11228235070223977,-2.4461459904119167e-06,-2.6760408917058407e-06,1.3712916961085734e-06,1.93276362e-09,2.76321973e-09,-1.59224572e-09,0.0,0.0,0.0,0.0,0.0,0.0,-2.0033487910300656e-09,-2.1912885733919164e-09,1.1228204286809086e-09,4.3982093698722655e-17,6.715471474025518e-17,-2.7997719609875227e-17,N,mm/s,N s,"all 217 exterior nodes vs true wall triangles, increment orientation"
0.0010016,1.600807859966862,130,441,880,0.31746482270913795,,,-0.2003598662485532,-0.2191561907893626,0.11229604486936647,-2.445281316808623e-06,-2.675094953920663e-06,1.3708069663595362e-06,1.93319471e-09,2.76352928e-09,-1.59238736e-09,0.0,0.0,0.0,0.0,0.0,0.0,-2.0035931694041603e-09,-2.1915558994907874e-09,1.1229573699767354e-09,4.3675443672204296e-17,2.1510674848898136e-17,-3.240336228282194e-17,N,mm/s,N s,"all 217 exterior nodes vs true wall triangles, increment orientation"
0.0010017,1.5122479830709366,130,441,880,0.31750353422146566,,,-0.2003843041529618,-0.21918290857137904,0.11230973903649315,-2.444416461859311e-06,-2.6741488177461152e-06,1.3703221349492366e-06,1.93362578e-09,2.76383868e-09,-1.59252888e-09,0.0,0.0,0.0,0.0,0.0,0.0,-2.003837547778255e-09,-2.191823076578455e-09,1.1230943112725618e-09,-4.315074268709038e-17,3.024319198235351e-17,1.1683210836264778e-17,N,mm/s,N s,"all 217 exterior nodes vs true wall triangles, increment orientation"
0.0010018,1.4236702290378762,130,441,880,0.317542233693828,,,-0.20040872715620922,-0.21920962635339544,0.1123234257530392,-2.443551425566654e-06,-2.6732024831851223e-06,1.3698372018791738e-06,1.93405685e-09,2.76414794e-09,-1.59267028e-09,0.0,0.0,0.0,0.0,0.0,0.0,-2.0040817771411464e-09,-2.1920902536661225e-09,1.1232311780627864e-09,-6.750339418689798e-17,-5.567875962537664e-17,2.9766551974639067e-17,N,mm/s,N s,"all 217 exterior nodes vs true wall triangles, increment orientation"
0.0010019,1.3350872861718852,130,441,880,0.3175809005527226,,,-0.20043313525829548,-0.2192363143330895,0.11233710501900468,-2.44268620793334e-06,-2.6722559502406263e-06,1.3693521671508538e-06,1.93448791e-09,2.76445704e-09,-1.59281156e-09,0.0,0.0,0.0,0.0,0.0,0.0,-2.0043258574928346e-09,-2.192357132731383e-09,1.1233679703474093e-09,-2.940064543464099e-17,6.174740239206247e-17,2.1856815388445075e-17,N,mm/s,N s,"all 217 exterior nodes vs true wall triangles, increment orientation"
0.0010019999999999,1.2464762298385224,130,441,880,0.31761956565840305,0.0,-1.0,-0.20045752845922052,-0.2192630172139447,0.11235077683438953,-2.441820808961201e-06,-2.6713092189146286e-06,1.368867030765304e-06,1.9349189599999993e-09,2.764765989999999e-09,-1.5929527199999999e-09,0.0,0.0,0.0,0.0,0.0,0.0,-2.004569788833319e-09,-2.192624160807847e-09,1.1235046881264302e-09,7.113937070325522e-17,-6.453175609003298e-17,-1.203584528655851e-17,N,mm/s,N s,"all 217 exterior nodes vs true wall triangles, increment orientation"
0.0010021,1.157858736179434,130,441,880,0.3176582195950709,,,-0.20048193656130672,-0.21928969029247752,0.11236444864977438,-2.4409552286555305e-06,-2.6703622892129235e-06,1.368381792725492e-06,1.93535e-09,2.7650748e-09,-1.59309375e-09,0.0,0.0,0.0,0.0,0.0,0.0,-2.0048138691850066e-09,-2.1928908908619043e-09,1.1236414059054511e-09,-6.392388386602009e-17,1.2497553747983625e-17,2.604324496189736e-18,N,mm/s,N s,"all 217 exterior nodes vs true wall triangles, increment orientation"
0.0010022,1.0692462320834264,130,441,880,0.3176968520872834,,,-0.20050631486107057,-0.21931636337101035,0.1123781130145786,-2.440089467016456e-06,-2.669415161135648e-06,1.367896453031489e-06,1.93578102e-09,2.76538346e-09,-1.59323466e-09,0.0,0.0,0.0,0.0,0.0,0.0,-2.005057651514288e-09,-2.193157620915961e-09,1.1237780491788702e-09,1.2425067362312797e-17,-5.206898331457921e-18,-8.718123743986133e-18,N,mm/s,N s,"all 217 exterior nodes vs true wall triangles, increment orientation"
0.0010023,0.9806056290549268,130,441,880,0.3177354742927447,,,-0.2005306931608344,-0.21934302154838195,0.11239177737938283,-2.439223524047554e-06,-2.6684678346867167e-06,1.3674110116853018e-06,1.93621204e-09,2.76569196e-09,-1.59337545e-09,0.0,0.0,0.0,0.0,0.0,0.0,-2.005301433843569e-09,-2.1934242019588147e-09,1.1239146924522891e-09,2.145686709942228e-18,3.1346268545365624e-17,2.851256462500045e-17,N,mm/s,N s,"all 217 exterior nodes vs true wall triangles, increment orientation"
0.0010023999999999,0.8919585950516364,130,441,880,0.31777408182276534,,,-0.20055505655943706,-0.21936967972575358,0.11240542684302585,-2.4383573997506948e-06,-2.667520309868173e-06,1.3669254686879757e-06,1.9366430499999994e-09,2.766000319999999e-09,-1.5935161199999998e-09,0.0,0.0,0.0,0.0,0.0,0.0,-2.0055450671616465e-09,-2.1936907830016683e-09,1.1240511867145046e-09,5.4231044043239424e-17,-2.6873971712680584e-17,-3.470465978701653e-17,N,mm/s,N s,"all 217 exterior nodes vs true wall triangles, increment orientation"
0.0010025,0.8033063901366827,130,441,880,0.3178126817015099,0.0,-1.0,-0.2005794199580397,-0.219396323001964,0.11241908375724945,-2.4374910941312165e-06,-2.666572586685858e-06,1.3664398240425047e-06,1.93707405e-09,2.76630853e-09,-1.59365667e-09,0.0,0.0,0.0,0.0,0.0,0.0,-2.005788700479724e-09,-2.1939572150333183e-09,1.1241877554823216e-09,1.9651805742985394e-17,-3.087623633800129e-17,2.5157160265292657e-17,N,mm/s,N s,"all 217 exterior nodes vs true wall triangles, increment orientation"
0.0010026,0.7146260973103279,130,441,880,0.3178512566180627,,,-0.20060376845548117,-0.21942295137701318,0.11243272577031185,-2.4366246071892667e-06,-2.6656246651399344e-06,1.365954077748972e-06,1.93750504e-09,2.76661659e-09,-1.5937971e-09,0.0,0.0,0.0,0.0,0.0,0.0,-2.0060321847865986e-09,-2.1942234980537646e-09,1.1243241752389352e-09,4.740104300265522e-17,1.931965263806816e-17,-1.5408627258725155e-17,N,mm/s,N s,"all 217 exterior nodes vs true wall triangles, increment orientation"
0.0010027,0.6259393846952813,130,441,880,0.31788983153461553,,,-0.20062811695292262,-0.2194495797520624,0.11244636778337423,-2.4357579389284715e-06,-2.664676545234368e-06,1.3654682298094102e-06,1.93793602e-09,2.76692451e-09,-1.59393741e-09,0.0,0.0,0.0,0.0,0.0,0.0,-2.0062756690934727e-09,-2.1944897810742113e-09,1.1244605949955485e-09,-1.1550578209550659e-17,-2.5317330135466225e-17,-7.380666524163295e-18,N,mm/s,N s,"all 217 exterior nodes vs true wall triangles, increment orientation"
0.0010027999999999,0.5372462631133131,130,441,880,0.3179283841244518,,,-0.2006524505492029,-0.21947619322595038,0.112460002345856,-2.434891089350727e-06,-2.663728226971233e-06,1.3649822802248823e-06,1.938366979999999e-09,2.7672322699999993e-09,-1.5940775899999997e-09,0.0,0.0,0.0,0.0,0.0,0.0,-2.006519004389144e-09,-2.194755915083454e-09,1.12459694024656e-09,-8.209985786643607e-18,-1.5795801802757742e-17,-2.5254406425187037e-17,N,mm/s,N s,"all 217 exterior nodes vs true wall triangles, increment orientation"
0.0010029,0.4485479052642899,130,441,880,0.31796691702304636,,,-0.20067676924432196,-0.21950279179867718,0.11247363690833777,-2.434024058461412e-06,-2.6627797103564133e-06,1.3644962289984025e-06,1.93879794e-09,2.76753988e-09,-1.59421765e-09,0.0,0.0,0.0,0.0,0.0,0.0,-2.006762190673611e-09,-2.1950219000814938e-09,1.1247332854975714e-09,5.740469195313169e-17,4.786441734403781e-17,5.485905723507688e-18,N,mm/s,N s,"all 217 exterior nodes vs true wall triangles, increment orientation"
0.001003,0.359831720456042,130,441,880,0.3180054472861659,0.0,-1.0,-0.20070108793944103,-0.21952939037140398,0.11248726402023893,-2.433156846260709e-06,-2.661830995390109e-06,1.364010076130074e-06,1.93922889e-09,2.76784735e-09,-1.59435759e-09,0.0,0.0,0.0,0.0,0.0,0.0,-2.0070053769580786e-09,-2.195287885079533e-09,1.1248695562429812e-09,3.626411923748347e-17,1.6632304022281865e-17,1.0344820907394362e-17,N,mm/s,N s,"all 217 exterior nodes vs true wall triangles, increment orientation"
0.0010031,0.2710988799915922,130,441,880,0.3180439646270597,,,-0.2007254066345601,-0.2195559740429696,0.11250088368155947,-2.4322894527522765e-06,-2.6608820820763243e-06,1.3635238216219484e-06,1.93965983e-09,2.76815466e-09,-1.59449741e-09,0.0,0.0,0.0,0.0,0.0,0.0,-2.0072485632425462e-09,-2.1955537210663694e-09,1.125005752482789e-09,-7.164983349179608e-17,3.949924067382693e-17,-1.0667509098621782e-17,N,mm/s,N s,"all 217 exterior nodes vs true wall triangles, increment orientation"
0.0010031999999999,0.1823597195917559,130,441,880,0.31808246315897165,,,-0.20074969552735678,-0.21958255771453516,0.11251450334288,-2.431421877938051e-06,-2.6599329704171753e-06,1.363037465475111e-06,1.940090749999999e-09,2.768461829999999e-09,-1.5946371099999997e-09,0.0,0.0,0.0,0.0,0.0,0.0,-2.007491451504607e-09,-2.195819557053205e-09,1.1251419487225965e-09,3.1667110759463715e-17,-3.2565795484143287e-17,1.6964669716958414e-17,N,mm/s,N s,"all 217 exterior nodes vs true wall triangles, increment orientation"
0.0010033,0.0936039204225075,130,441,880,0.3181209487686579,,,-0.20077398442015348,-0.21960912648493955,0.11252811555361994,-2.430554121823444e-06,-2.658983660418582e-06,1.3625510076925936e-06,1.94052167e-09,2.76876885e-09,-1.59477668e-09,0.0,0.0,0.0,0.0,0.0,0.0,-2.007734339766668e-09,-2.1960852440288373e-09,1.1252780704568026e-09,4.817441679368525e-17,-5.05714196156781e-17,1.8745906806517216e-17,N,mm/s,N s,"all 217 exterior nodes vs true wall triangles, increment orientation"
0.0010034,0.0048416520676141,130,441,880,0.31815942145611825,,,-0.20079827331295017,-0.21963568035418274,0.11254172031377925,-2.4296861844086736e-06,-2.658034152080784e-06,1.3620644482745205e-06,1.94095257e-09,2.76907572e-09,-1.59491613e-09,0.0,0.0,0.0,0.0,0.0,0.0,-2.0079772280287287e-09,-2.1963507819932666e-09,1.1254141176854065e-09,-2.2146044119653808e-17,-1.453745209775164e-17,-5.313647175651768e-18,N,mm/s,N s,"all 217 exterior nodes vs true wall triangles, increment orientation"
0.0010035,-0.0839257607063507,130,441,880,0.3181978847390877,0.0,-1.0,-0.20082254730458565,-0.21966223422342593,0.11255532507393856,-2.428818065697435e-06,-2.6570844454078232e-06,1.3615777872229626e-06,1.94138347e-09,2.76938244e-09,-1.59505546e-09,0.0,0.0,0.0,0.0,0.0,0.0,-2.0082199672795858e-09,-2.1966163199576955e-09,1.1255501649140104e-09,-3.0301197892552077e-17,-7.349491447281317e-17,1.9301761161767107e-17,N,mm/s,N s,"all 217 exterior nodes vs true wall triangles, increment orientation"
0.0010035999999999,-0.1727109753064903,130,441,880,4.136594690331244,,,1.065099239123181,2.633497476540735,-3.0069370269344593,-2.4279497656916973e-06,-2.656134540401855e-06,1.3610910245390243e-06,1.9418143499999993e-09,2.7696890099999993e-09,-1.5951946699999999e-09,0.2531885150820017,0.5706356829032302,-0.6238994815503247,1.2659425754079804e-08,2.8531784145115803e-08,-3.119497407746626e-08,1.065096319038985e-08,2.6334902565239716e-08,-3.0069287830929764e-08,1.752011385343043e-17,5.058241209497286e-17,1.2699616594253948e-16,N,mm/s,N s,"all 217 exterior nodes vs true wall triangles, increment orientation"
0.0010037,-0.2591283844670947,130,441,880,18.836421397616796,,,5.295021056903735,12.134099960287692,-13.399147033646889,-2.4270812843969102e-06,-2.6551844370688407e-06,1.3606041602257597e-06,-2.02147333e-08,-2.94774667e-08,3.2198896e-08,0.5927983522415161,1.3294849265366793,-1.4545395360328257,5.495876912027965e-08,1.2353781461716508e-07,-1.3511692495668265e-07,5.2950065400336284e-08,1.213406669334671e-07,-1.3399110298443207e-07,2.526465149841556e-15,8.480982764739298e-16,-1.7622340473124427e-15,N,mm/s,N s,"all 217 exterior nodes vs true wall triangles, increment orientation"
0.0010038,-0.3399820073444111,130,441,880,44.39726509653084,,,12.658255576864029,28.647727966264895,-31.46733856196469,-2.4262275877191957e-06,-2.654250507848085e-06,1.3601255840615668e-06,-9.41061833e-08,-1.3687169e-07,1.44814584e-07,0.8798494786024094,1.9732371680438519,-2.1590917294379324,1.2859116066251763e-07,2.886739193462852e-07,-3.157984882303229e-07,1.2658220872894014e-07,2.8647649425435446e-07,-3.1467252290869333e-07,2.6943204844763035e-15,-2.770929373539094e-15,-3.3000162750033166e-15,N,mm/s,N s,"all 217 exterior nodes vs true wall triangles, increment orientation"
0.0010039,-0.412585545177133,130,441,880,79.375168391899,,,22.733535766380665,51.24327468867119,-56.19368743891437,-2.425408625623016e-06,-2.6533545776514714e-06,1.3596664798517932e-06,-2.22640634e-07,-3.23546794e-07,3.40628167e-07,1.1352062448859215,2.5458655059337616,-2.7861679764464498,2.2934394683699125e-07,5.146290530452939e-07,-5.630614735246821e-07,2.2733473439945653e-07,5.124313419971855e-07,-5.619353337787238e-07,6.095147709186071e-16,-3.2592864310367975e-16,1.08625716970675e-14,N,mm/s,N s,"all 217 exterior nodes vs true wall triangles, increment orientation"
0.001004,-0.4745276746645775,130,441,880,122.52545555232071,137.29412841796875,130.0,35.16173553445014,79.11483764642769,-86.70053100580463,-2.4246413056577133e-06,-2.652515143042e-06,1.35923632584594e-06,-3.98549451e-07,-5.78960128e-07,6.08578587e-07,1.3504324555397034,3.0284375324845314,-3.315187123371288,3.536258818580734e-07,7.93344204965762e-07,-8.681292285150802e-07,3.516163913476787e-07,7.91146207445855e-07,-8.670029330696769e-07,-3.901344393077372e-15,2.3621104885577582e-14,-1.6843461279113865e-14,N,mm/s,N s,"all 217 exterior nodes vs true wall triangles, increment orientation"
0.0010041,-0.523805969455349,130,441,880,172.3359951947113,,,49.506427764678286,111.28305053704437,-121.92166137689345,-2.423940669385061e-06,-2.6517486592249342e-06,1.3588435542344145e-06,-6.15581657e-07,-8.93994779e-07,9.39145997e-07,1.5185040682554245,3.4051948226988316,-3.7290246253833175,4.97072708047911e-07,1.1150258227251125e-06,-1.22033981595301e-06,4.950629203747841e-07,1.1128274544258444e-06,-1.219213271155369e-06,-7.928422462724291e-15,-8.297320875483944e-15,1.9218553309917948e-14,N,mm/s,N s,"all 217 exterior nodes vs true wall triangles, increment orientation"
0.0010042,-0.5588198259562263,130,441,880,227.08006130799222,,,65.26911163309039,146.6293334960196,-160.6397705077474,-2.423319396209605e-06,-2.6510689972468864e-06,1.35849527299942e-06,-8.66135104e-07,-1.25757459e-06,1.32077123e-06,1.6340295374393463,3.664048906415701,-4.014582033501938,6.546993883327389e-07,1.4684880091810393e-06,-1.607520148897492e-06,6.526893269079622e-07,1.4662893149592075e-06,-1.606393300965276e-06,3.476876913208692e-14,3.849946687947865e-14,7.349032550923681e-14,N,mm/s,N s,"all 217 exterior nodes vs true wall triangles, increment orientation"
0.0010042999999999,-0.5784940928428848,130,441,880,284.87608763799653,,,81.90618896463747,183.93406677237707,-201.52920532219474,-2.422787390457567e-06,-2.6504869922673567e-06,1.3581970344343829e-06,-1.141522489999403e-06,-1.6570509399991336e-06,1.7402612699990903e-06,1.69338358938694,3.7968861535191536,-4.163287318660878,8.210700446737866e-07,1.8415347621771844e-06,-2.016413616504978e-06,8.190596441000522e-07,1.83933562497337e-06,-2.0152865280818867e-06,3.8308030445377366e-14,6.3265602338099386e-15,2.5094960001491957e-14,N,mm/s,N s,"all 217 exterior nodes vs true wall triangles, increment orientation"
0.0010044,-0.5822705332849928,130,441,880,343.7523037669102,,,98.84679412821586,221.9167785643593,-243.2034149169154,-2.422351464839625e-06,-2.6500100972725656e-06,1.357952657695485e-06,-1.43227205e-06,-2.07863363e-06,2.18325162e-06,1.6947367042303085,3.799644537270069,-4.171538308844902,9.90476059354745e-07,2.2213612967168607e-06,-2.433154897880503e-06,9.884652312909132e-07,2.2191617015562696e-06,-2.432027481485785e-06,-1.8235397297600435e-14,1.788662534057961e-16,2.1083458126591216e-14,N,mm/s,N s,"all 217 exterior nodes vs true wall triangles, increment orientation"
0.0010045,-0.5701224978183115,130,441,880,401.7141142165203,166.92860412597656,130.0,115.51725769023167,259.27929687489626,-284.26086425772985,-2.4220151292332297e-06,-2.649642152007002e-06,1.3577641103945623e-06,-1.72845165e-06,-2.50784061e-06,2.63471808e-06,1.6393538117408752,3.67285168915987,-4.039937083143741,1.1571805851533986e-06,2.5949861080385694e-06,-2.8437286674801676e-06,1.1551694098723712e-06,2.592785860327988e-06,-2.8426008492597678e-06,3.480192178988422e-14,-1.5806479922888367e-13,4.6224816475351396e-14,N,mm/s,N s,"all 217 exterior nodes vs true wall triangles, increment orientation"
0.0010046,-0.5425599772505506,130,441,880,456.8114513416043,,,131.3537750242199,294.7481689451992,-323.3363647460054,-2.4217784888385213e-06,-2.649383271557776e-06,1.3576314515060494e-06,-2.02003391e-06,-2.92999556e-06,3.0794893e-06,1.527948871254921,3.4209097176790237,-3.7751487232744694,1.3155457193032781e-06,2.949674178380715e-06,-3.2344829578012995e-06,1.3135341490370866e-06,2.947473608613716e-06,-3.233354782845622e-06,6.9430716609855e-14,5.6721862856613445e-14,-1.8520053095678847e-14,N,mm/s,N s,"all 217 exterior nodes vs true wall triangles, increment orientation"
0.0010046999999999,-0.500632386845754,130,441,880,507.20390460246546,,,145.80722045879375,327.1097412108153,-359.15911865225,-2.4216382734224887e-06,-2.649229878347223e-06,1.3575528477610463e-06,-2.297205379999399e-06,-3.3306906299991308e-06,3.5027804599990822e-06,1.3627417832612991,3.0513980984687805,-3.389394884929061,1.4600802520288575e-06,3.2732895691875867e-06,-3.5927101382109024e-06,1.458068207126063e-06,3.271088444042544e-06,-3.5915813397887154e-06,5.282691631514492e-14,7.93087858298562e-14,1.4007375378414892e-13,N,mm/s,N s,"all 217 exterior nodes vs true wall triangles, increment orientation"
0.0010048,-0.4458419142926343,130,441,880,551.2210905811374,,,158.29928588848423,355.240112304557,-390.62832641591694,-2.421587945468014e-06,-2.649174820446059e-06,1.3575246342748829e-06,-2.55063611e-06,-3.69614838e-06,3.89077886e-06,1.1356747820973396,2.57467507570982,-2.904439963400364,1.5850010802968602e-06,3.554593227896676e-06,-3.9074018806275516e-06,1.5829885189395493e-06,3.552391383755562e-06,-3.906272554663185e-06,2.0925785272800433e-14,-2.3425099767517043e-14,1.6218409366961905e-13,N,mm/s,N s,"all 217 exterior nodes vs true wall triangles, increment orientation"
0.0010049,-0.3801472199481057,130,441,880,587.4133056516304,,,168.06195068340844,378.2756347654872,-416.7938537596626,-2.421617905263721e-06,-2.649207595938092e-06,1.3575414295190065e-06,-2.77149683e-06,-4.01342342e-06,4.23126509e-06,0.8168647019192576,2.032429873943329,-2.328660510480404,1.6826280544977455e-06,3.784948475379464e-06,-4.169056904321738e-06,1.6806148992348289e-06,3.782745976821224e-06,-4.1679271107445486e-06,-6.471288073650247e-14,-2.7444515047727507e-14,8.794141443838966e-14,N,mm/s,N s,"all 217 exterior nodes vs true wall triangles, increment orientation"
0.001005,-0.3059392191515874,130,441,880,614.618473220578,65.87471008300781,130.0,174.71122741680864,395.7511901854039,-436.59231567372194,-2.4217156377388075e-06,-2.6493145135549487e-06,1.357596217635517e-06,-2.95070951e-06,-4.2721122e-06,4.51276629e-06,0.5129975602030754,1.4626863086596131,-1.6310292854905128,1.7491211676038997e-06,3.95970428450971e-06,-4.3670413941203955e-06,1.747107484271753e-06,3.957501051909231e-06,-4.365911187089e-06,-6.450511689530991e-14,-8.228386793137548e-14,-7.15628304634756e-14,N,mm/s,N s,"all 217 exterior nodes vs true wall triangles, increment orientation"
0.0010050999999999,-0.2258047650649546,130,441,880,632.0138321243804,,,178.670501708802,407.1459045408698,-449.16650390614217,-2.4218658746022185e-06,-2.6494788700535003e-06,1.3576804393312183e-06,-3.081865219999716e-06,-4.4671479199995775e-06,4.723464339999544e-06,0.27886535227298737,0.8162641692906618,-0.8838124852627516,1.7887143132276393e-06,4.073651808407041e-06,-4.492783482657857e-06,1.7867001186439206e-06,4.071447883065532e-06,-4.4916527246782995e-06,-3.194887659551532e-14,-7.312222150750256e-14,-1.18190032481519e-13,N,mm/s,N s,"all 217 exterior nodes vs true wall triangles, increment orientation"
0.0010052,-0.1424356405611493,130,441,880,639.1071314026404,,,180.24960327130248,411.85037231430636,-454.2546386717666,-2.4220524856373944e-06,-2.6496830192592032e-06,1.3577850521237265e-06,-3.16402496e-06,-4.59400038e-06,4.85622239e-06,0.03696615155786276,0.12463756813667715,-0.13382709701545537,1.8045058884191907e-06,4.120696895278435e-06,-4.543665461771796e-06,1.8024910909761565e-06,4.1184924318218505e-06,-4.542533932837853e-06,-8.031776512387842e-14,1.0677821169304599e-13,3.800674273186314e-14,N,mm/s,N s,"all 217 exterior nodes vs true wall triangles, increment orientation"
0.0010053,-0.0586046355724746,130,441,880,640.0363413944744,,,180.43438720684938,412.47348022446243,-454.92370605457904,-2.422259058401261e-06,-2.6499090062466468e-06,1.3579008553165218e-06,-3.19724857e-06,-4.64640045e-06,4.90981227e-06,0.0,0.0,0.0,1.8063541959970848e-06,4.126928773685272e-06,-4.550356816622573e-06,1.804338925265575e-06,4.124723493840237e-06,-4.549224588322775e-06,6.673013014621182e-15,1.7389404295047126e-14,1.1328656891425922e-13,N,mm/s,N s,"all 217 exterior nodes vs true wall triangles, increment orientation"
0.0010054,0.0252150405514178,130,441,880,640.0362218039922,,,180.4343261716931,412.47338867172806,-454.9236450194228,-2.4224684504835743e-06,-2.650138077519116e-06,1.3580182389987842e-06,-3.20143132e-06,-4.65334566e-06,4.91681502e-06,0.0,0.0,0.0,1.8063541959970848e-06,4.126928773685272e-06,-4.550356816622573e-06,1.8043383149156855e-06,4.124722578315404e-06,-4.5492239779728856e-06,-4.1506506475306646e-14,-1.6814576905041078e-13,9.650913914733975e-14,N,mm/s,N s,"all 217 exterior nodes vs true wall triangles, increment orientation"
0.0010054999999999,0.109023346936054,130,441,880,640.0361261823084,0.0,-1.0,180.43428039532589,412.4733276365718,-454.92358398426654,-2.422677677951989e-06,-2.6503669687068626e-06,1.3581355303996902e-06,-3.20136864e-06,-4.65339245e-06,4.91684909e-06,0.0,0.0,0.0,1.8063541959970848e-06,4.126928773685272e-06,-4.550356816622573e-06,1.8043378571532685e-06,4.1247219679655145e-06,-4.549223367622996e-06,6.312838088306182e-14,-4.813350103693645e-14,7.936813404033852e-14,N,mm/s,N s,"all 217 exterior nodes vs true wall triangles, increment orientation"
0.0010056,0.1928102822226542,130,441,880,640.0360262589801,,,180.43421936016958,412.4732666014155,-454.9235229491103,-2.4228867408059865e-06,-2.6505956798093177e-06,1.3582527295189476e-06,-3.20130602e-06,-4.6534392e-06,4.91688312e-06,0.0,0.0,0.0,1.8063541959970848e-06,4.126928773685272e-06,-4.550356816622573e-06,1.8043372468033788e-06,4.124721357615624e-06,-4.549222757273107e-06,1.519044514232805e-14,7.19063234994109e-14,6.221200007786639e-14,N,mm/s,N s,"all 217 exterior nodes vs true wall triangles, increment orientation"
0.0010057,0.2765757829519005,130,441,880,640.035906668503,,,180.4341583250133,412.4731750486811,-454.92346191395404,-2.423095639046378e-06,-2.650824210827369e-06,1.3583698363570115e-06,-3.20124346e-06,-4.65348592e-06,4.91691709e-06,0.0,0.0,0.0,1.8063541959970848e-06,4.126928773685272e-06,-4.550356816622573e-06,1.8043366364534893e-06,4.124720442090791e-06,-4.5492221469232186e-06,-3.273285153973656e-14,-1.1320125914394356e-13,4.504074911838461e-14,N,mm/s,N s,"all 217 exterior nodes vs true wall triangles, increment orientation"
0.0010058,0.3603299303526049,130,441,880,640.0358067451783,,,180.43409728985702,412.4731140135249,-454.9234008787978,-2.4233043726731307e-06,-2.651052561760982e-06,1.3584868509138638e-06,-3.20118096e-06,-4.65353261e-06,4.91695101e-06,0.0,0.0,0.0,1.8063541959970848e-06,4.126928773685272e-06,-4.550356816622573e-06,1.8043360261035998e-06,4.1247198317409015e-06,-4.549221536573329e-06,-8.064151932752738e-14,6.893616604744697e-15,2.7854398949585073e-14,N,mm/s,N s,"all 217 exterior nodes vs true wall triangles, increment orientation"
0.0010059,0.4440727033856833,130,441,880,640.0356914563482,,,180.4340515134898,412.47302246079045,-454.92333984364154,-2.4235129416864245e-06,-2.651280732610353e-06,1.3586037731896058e-06,-3.20111852e-06,-4.65357927e-06,4.91698488e-06,0.0,0.0,0.0,1.8063541959970848e-06,4.126928773685272e-06,-4.550356816622573e-06,1.8043355683411826e-06,4.124718916216067e-06,-4.54922092622344e-06,2.4051903301452278e-14,-1.7815895887198212e-13,1.0652963123994937e-14,N,mm/s,N s,"all 217 exterior nodes vs true wall triangles, increment orientation"
0.001006,0.5278055237389387,130,441,880,640.0355915330264,0.0,-1.0,180.43399047833353,412.4729614256342,-454.9232788084853,-2.423721346086439e-06,-2.6515087233756785e-06,1.3587206031843378e-06,-3.20105613e-06,-4.65362589e-06,4.9170187e-06,0.0,0.0,0.0,1.8063541959970848e-06,4.126928773685272e-06,-4.550356816622573e-06,1.8043349579912933e-06,4.124718305866178e-06,-4.549220315873551e-06,-2.382753909680119e-14,-5.800911746128064e-14,-6.563544805858641e-15,N,mm/s,N s,"all 217 exterior nodes vs true wall triangles, increment orientation"
0.0010061,0.6115156231471538,130,441,880,640.0354916097062,,,180.43392944317722,412.4729003904779,-454.92321777332904,-2.423929585873352e-06,-2.651736534057151e-06,1.358837340898158e-06,-3.2009938e-06,-4.65367249e-06,4.91705246e-06,0.0,0.0,0.0,1.8063541959970848e-06,4.126928773685272e-06,-4.550356816622573e-06,1.8043343476414034e-06,4.124717695516289e-06,-4.549219705523661e-06,-7.169238605858228e-14,6.216817459317545e-14,-2.3795111287448507e-14,N,mm/s,N s,"all 217 exterior nodes vs true wall triangles, increment orientation"
0.0010061999999999,0.6952156448110671,130,441,880,640.0353763208794,,,180.43388366681,412.4728088377435,-454.9231567381728,-2.4241376610475456e-06,-2.6519641646551916e-06,1.358953986331283e-06,-3.20093153e-06,-4.65371905e-06,4.91708618e-06,0.0,0.0,0.0,1.8063541959970848e-06,4.126928773685272e-06,-4.550356816622573e-06,1.8043338898789865e-06,4.124716779991455e-06,-4.549219095173772e-06,3.3044826056188056e-14,-1.2280204725822162e-13,-4.104172022714866e-14,N,mm/s,N s,"all 217 exterior nodes vs true wall triangles, increment orientation"
0.0010063,0.7788941747915087,130,441,880,640.0352763975621,,,180.43382263165373,412.47274780258726,-454.92309570301654,-2.4243455716085754e-06,-2.6521916151693117e-06,1.359070539483462e-06,-3.20086931e-06,-4.65376558e-06,4.91711984e-06,0.0,0.0,0.0,1.8063541959970848e-06,4.126928773685272e-06,-4.550356816622573e-06,1.804333279529097e-06,4.124716169641566e-06,-4.549218484823884e-06,-1.4790860102317912e-14,-2.5699149026284923e-15,-5.83033589194649e-14,N,mm/s,N s,"all 217 exterior nodes vs true wall triangles, increment orientation"
0.0010064,0.8625500245554961,130,441,880,640.0351764742467,,,180.43376159649745,412.47268676743096,-454.9230346678603,-2.4245533175572405e-06,-2.652418885600387e-06,1.3591870003551443e-06,-3.20080715e-06,-4.65381208e-06,4.91715345e-06,0.0,0.0,0.0,1.8063541959970848e-06,4.126928773685272e-06,-4.550356816622573e-06,1.8043326691792075e-06,4.124715559291676e-06,-4.549217874473994e-06,-6.261198195281232e-14,1.1768960202814937e-13,-7.558001127077121e-14,N,mm/s,N s,"all 217 exterior nodes vs true wall triangles, increment orientation"
0.0010065,0.9462059837328916,130,441,880,640.0350611854232,0.0,-1.0,180.43371582013023,412.4725952146966,-454.92297363270404,-2.424760898893507e-06,-2.6526459759483807e-06,1.35930336894631e-06,-3.20074505e-06,-4.65385855e-06,4.91718701e-06,0.0,0.0,0.0,1.8063541959970848e-06,4.126928773685272e-06,-4.550356816622573e-06,1.8043322114167903e-06,4.124714643766842e-06,-4.549217264124105e-06,4.2168921603685057e-14,-6.719845678033109e-14,-9.287166372854046e-14,N,mm/s,N s,"all 217 exterior nodes vs true wall triangles, increment orientation"
0.0010065999999999,1.029840452857538,130,441,880,640.0349612621105,,,180.43365478497392,412.47253417954033,-454.9229125975478,-2.4249683156177577e-06,-2.652872886213709e-06,1.3594196452571732e-06,-3.20068301e-06,-4.65390499e-06,4.91722052e-06,0.0,0.0,0.0,1.8063541959970848e-06,4.126928773685272e-06,-4.550356816622573e-06,1.8043316010669006e-06,4.124714033416953e-06,-4.549216653774216e-06,-5.623104453312926e-15,5.311577424367466e-14,-1.1017830104617958e-13,N,mm/s,N s,"all 217 exterior nodes vs true wall triangles, increment orientation"
0.0010067,1.1134534220640075,130,441,880,640.0348416716513,,,180.43359374981765,412.4724426268059,-454.92285156239154,-2.4251755677295445e-06,-2.6530996163958853e-06,1.3595358292874844e-06,-3.20062103e-06,-4.65395139e-06,4.91725398e-06,0.0,0.0,0.0,1.8063541959970848e-06,4.126928773685272e-06,-4.550356816622573e-06,1.8043309907170113e-06,4.1247131178921185e-06,-4.5492160434243265e-06,-5.340059754251839e-14,-1.317176153643241e-13,-1.274999113652273e-13,N,mm/s,N s,"all 217 exterior nodes vs true wall triangles, increment orientation"
0.0010068,1.1970551252276558,130,441,880,640.0347243587483,,,180.43354797345043,412.47238159164965,-454.92276000965717,-2.425382655229663e-06,-2.6533261664957768e-06,1.3596519210376875e-06,-3.2005591e-06,-4.65399776e-06,4.91728738e-06,0.0,0.0,0.0,1.8063541959970848e-06,4.126928773685272e-06,-4.550356816622573e-06,1.804330532954594e-06,4.124712507542229e-06,-4.549215127899493e-06,5.1423903011532397e-14,-1.1348758338516982e-14,1.603384673228253e-13,N,mm/s,N s,"all 217 exterior nodes vs true wall triangles, increment orientation"
0.0010069,1.2806454038034458,130,441,880,640.0346244354399,,,180.43348693829415,412.4723205564934,-454.9226989745009,-2.425589578118076e-06,-2.653552536513345e-06,1.3597679205077634e-06,-3.20049723e-06,-4.6540441e-06,4.91732073e-06,0.0,0.0,0.0,1.8063541959970848e-06,4.126928773685272e-06,-4.550356816622573e-06,1.8043299226047046e-06,4.12471189719234e-06,-4.549214517549604e-06,3.675441553077597e-15,1.0904738077148826e-13,1.4298695928183832e-13,N,mm/s,N s,"all 217 exterior nodes vs true wall triangles, increment orientation"
0.0010069999999999,1.3642143338547137,130,441,880,640.0345048449846,0.0,-1.0,180.43342590313785,412.47222900375897,-454.92263793934467,-2.4257963363951654e-06,-2.653778726449006e-06,1.3598838276979253e-06,-3.20043542e-06,-4.65409041e-06,4.91735404e-06,0.0,0.0,0.0,1.8063541959970848e-06,4.126928773685272e-06,-4.550356816622573e-06,1.8043293122548149e-06,4.1247109816675064e-06,-4.5492139071997144e-06,-4.405851976011139e-14,-7.570416427798207e-14,1.25620522285156e-13,N,mm/s,N s,"all 217 exterior nodes vs true wall triangles, increment orientation"
0.0010071,1.4477731860582823,130,441,880,640.0344092233153,,,180.43338012677063,412.4721679686027,-454.9225769041884,-2.42600293006048e-06,-2.654004736302268e-06,1.3599996426079205e-06,-3.20037367e-06,-4.65413669e-06,4.91738729e-06,0.0,0.0,0.0,1.8063541959970848e-06,4.126928773685272e-06,-4.550356816622573e-06,1.8043288544923977e-06,4.124710371317617e-06,-4.549213296849825e-06,6.080948080622035e-14,4.4746474625915415e-14,1.0823917157937136e-13,N,mm/s,N s,"all 217 exterior nodes vs true wall triangles, increment orientation"
0.0010072,1.5313093470523742,130,441,880,640.0342896328634,,,180.43331909161435,412.47207641586834,-454.92251586903217,-2.426209359114813e-06,-2.6542305660739973e-06,1.3601153652381936e-06,-3.20031197e-06,-4.65418294e-06,4.91742049e-06,0.0,0.0,0.0,1.8063541959970848e-06,4.126928773685272e-06,-4.550356816622573e-06,1.8043282441425082e-06,4.124709455792783e-06,-4.549212686499937e-06,1.3104487808069222e-14,-1.3995061298131004e-13,9.084291986997863e-14,N,mm/s,N s,"all 217 exterior nodes vs true wall triangles, increment orientation"
0.0010073,1.6148340792501337,130,441,880,640.0341897095612,,,180.43325805645807,412.47201538071204,-454.9224548338759,-2.426415623558125e-06,-2.654456215764152e-06,1.3602309955887228e-06,-3.20025033e-06,-4.65422915e-06,4.91745364e-06,0.0,0.0,0.0,1.8063541959970848e-06,4.126928773685272e-06,-4.550356816622573e-06,1.804327633792619e-06,4.1247088454428935e-06,-4.549212076150047e-06,-3.458603723206809e-14,-1.9445558986815048e-14,7.34317849446697e-14,N,mm/s,N s,"all 217 exterior nodes vs true wall triangles, increment orientation"
0.0010073999999999,1.6983488127153843,130,441,880,640.0340897862609,,,180.4331970213018,412.4719543455558,-454.92239379871967,-2.426621723390793e-06,-2.6546816853731423e-06,1.3603465336597182e-06,-3.20018875e-06,-4.65427534e-06,4.91748673e-06,0.0,0.0,0.0,1.8063541959970848e-06,4.126928773685272e-06,-4.550356816622573e-06,1.8043270234427294e-06,4.124708235093004e-06,-4.549211465800158e-06,-8.226210553737815e-14,1.0108667121275965e-13,5.6005779508938765e-14,N,mm/s,N s,"all 217 exterior nodes vs true wall triangles, increment orientation"
0.0010075,1.7818421053405715,130,441,880,640.033974497448,0.0,-1.0,180.43315124493455,412.4718627928214,-454.9223327635634,-2.4268276586123696e-06,-2.654906974900481e-06,1.360461979450931e-06,-3.20012723e-06,-4.65432149e-06,4.91751978e-06,0.0,0.0,0.0,1.8063541959970848e-06,4.126928773685272e-06,-4.550356816622573e-06,1.804326565680312e-06,4.124707319568171e-06,-4.549210855450269e-06,2.2663745049910462e-14,-8.352888777922668e-14,3.856491796234594e-14,N,mm/s,N s,"all 217 exterior nodes vs true wall triangles, increment orientation"
0.0010076,1.8653126336870065,130,441,880,640.0338745741504,,,180.43309020977827,412.4718017576651,-454.92227172840717,-2.4270334292236373e-06,-2.655132084347024e-06,1.3605773329627983e-06,-3.20006577e-06,-4.65436761e-06,4.91755277e-06,0.0,0.0,0.0,1.8063541959970848e-06,4.126928773685272e-06,-4.550356816622573e-06,1.8043259553304225e-06,4.1247067092182806e-06,-4.5492102451003795e-06,-2.4983439855414693e-14,3.705762960897049e-14,2.1109214704451325e-14,N,mm/s,N s,"all 217 exterior nodes vs true wall triangles, increment orientation"
0.0010077,1.948783241108381,130,441,880,640.0337549837078,,,180.433029174622,412.47171020493073,-454.9222106932509,-2.4272390352245582e-06,-2.655357013712728e-06,1.3606925941952995e-06,-3.20000436e-06,-4.6544137e-06,4.91758571e-06,0.0,0.0,0.0,1.8063541959970848e-06,4.126928773685272e-06,-4.550356816622573e-06,1.804325344980533e-06,4.124705793693447e-06,-4.54920963475049e-06,-7.261619978964811e-14,-1.4750368285197483e-13,3.638683287782076e-15,N,mm/s,N s,"all 217 exterior nodes vs true wall triangles, increment orientation"
0.0010077999999999,2.032232397184392,130,441,880,640.033659362045,,,180.43298339825478,412.4716491697745,-454.92214965809467,-2.427444476615506e-06,-2.655581762998003e-06,1.360807763148644e-06,-3.19994301e-06,-4.65445976e-06,4.91761861e-06,0.0,0.0,0.0,1.8063541959970848e-06,4.126928773685272e-06,-4.550356816622573e-06,1.8043248872181158e-06,4.124705183343558e-06,-4.549209024400601e-06,3.235292719322338e-14,-2.686296043735107e-14,-1.3846661888101703e-14,N,mm/s,N s,"all 217 exterior nodes vs true wall triangles, increment orientation"
0.0010079,2.1156600609357072,130,441,880,640.0335594387521,,,180.4329223630985,412.4715881346182,-454.9220886229384,-2.427649753396029e-06,-2.6558063322023563e-06,1.3609228398225786e-06,-3.19988172e-06,-4.65450578e-06,4.91765145e-06,0.0,0.0,0.0,1.8063541959970848e-06,4.126928773685272e-06,-4.550356816622573e-06,1.8043242768682266e-06,4.1247045729936685e-06,-4.5492084140507125e-06,-1.52510141390456e-14,9.3804832303234e-14,-3.134680642363991e-14,N,mm/s,N s,"all 217 exterior nodes vs true wall triangles, increment orientation"
0.001008,2.199086586711013,130,441,880,640.0334398483147,0.0,-1.0,180.4328613279422,412.4714965818838,-454.92202758778217,-2.427854865566911e-06,-2.656030721326643e-06,1.3610378242175428e-06,-3.19982049e-06,-4.65455177e-06,4.91768423e-06,0.0,0.0,0.0,1.8063541959970848e-06,4.126928773685272e-06,-4.550356816622573e-06,1.8043236665183368e-06,4.124703657468834e-06,-4.549207803700823e-06,-6.284056226395836e-14,-9.067527172092627e-14,-4.8861734225206545e-14,N,mm/s,N s,"all 217 exterior nodes vs true wall triangles, increment orientation"
0.0010081,2.282481375000808,130,441,880,640.0333442266547,,,180.43281555157498,412.47143554672755,-454.9219665526259,-2.428059813128109e-06,-2.656254930370817e-06,1.3611527163335122e-06,-3.19975931e-06,-4.65459774e-06,4.91771697e-06,0.0,0.0,0.0,1.8063541959970848e-06,4.126928773685272e-06,-4.550356816622573e-06,1.8043232087559197e-06,4.124703047118946e-06,-4.549207193350934e-06,4.217174434098178e-14,3.00465972970774e-14,-6.639143174027445e-14,N,mm/s,N s,"all 217 exterior nodes vs true wall triangles, increment orientation"
0.0010082,2.365864882872848,130,441,880,640.0332246362206,,,180.4327545164187,412.4713439939931,-454.92190551746967,-2.4282645960797867e-06,-2.6564789593350586e-06,1.3612675161705788e-06,-3.19969819e-06,-4.65464367e-06,4.91774966e-06,0.0,0.0,0.0,1.8063541959970848e-06,4.126928773685272e-06,-4.550356816622573e-06,1.8043225984060302e-06,4.124702131594111e-06,-4.549206583001045e-06,-5.389049768228776e-15,-1.5437947195427867e-13,-8.393588626334943e-14,N,mm/s,N s,"all 217 exterior nodes vs true wall triangles, increment orientation"
0.0010083,2.4492371242054443,130,441,880,640.0331247129341,,,180.43269348126242,412.47128295883687,-454.9218444823134,-2.4284692144221096e-06,-2.656702808219547e-06,1.3613822237288354e-06,-3.19963713e-06,-4.65468957e-06,4.91778229e-06,0.0,0.0,0.0,1.8063541959970848e-06,4.126928773685272e-06,-4.550356816622573e-06,1.8043219880561407e-06,4.124701521244222e-06,-4.549205972651155e-06,-5.293548264557687e-14,-3.3603611362151113e-14,-1.0149508085377252e-13,N,mm/s,N s,"all 217 exterior nodes vs true wall triangles, increment orientation"
0.0010084,2.532599266478898,130,441,880,640.0330290912768,,,180.43264770489517,412.4712219236806,-454.92178344715717,-2.428673668155239e-06,-2.6569264770244595e-06,1.3614968390083722e-06,-3.19957613e-06,-4.65473543e-06,4.91781487e-06,0.0,0.0,0.0,1.8063541959970848e-06,4.126928773685272e-06,-4.550356816622573e-06,1.8043215302937233e-06,4.124700910894333e-06,-4.549205362301266e-06,5.2119907231434177e-14,8.719921452385229e-14,-1.1906900280604952e-13,N,mm/s,N s,"all 217 exterior nodes vs true wall triangles, increment orientation"
0.0010084999999999,2.6159283742211947,130,441,880,640.0328878096054,0.0,-1.0,180.4325866697389,412.4711303709462,-454.9216918944228,-2.4288779572795435e-06,-2.6571499657501983e-06,1.3616113620093957e-06,-3.19951518e-06,-4.65478127e-06,4.9178474e-06,0.0,0.0,0.0,1.8063541959970848e-06,4.126928773685272e-06,-4.550356816622573e-06,1.8043209199438338e-06,4.124699995369498e-06,-4.5492044467764326e-06,4.602164418800766e-15,-9.7145963081041e-14,1.6851730650019672e-13,N,mm/s,N s,"all 217 exterior nodes vs true wall triangles, increment orientation"
0.0010086,2.6992577219238707,130,441,880,640.0327878863231,,,180.43252563458262,412.47106933578993,-454.92163085926654,-2.4290820817945714e-06,-2.657373274396271e-06,1.361725792731653e-06,-3.1994543e-06,-4.65482708e-06,4.91787988e-06,0.0,0.0,0.0,1.8063541959970848e-06,4.126928773685272e-06,-4.550356816622573e-06,1.8043203095939445e-06,4.124699385019609e-06,-4.549203836426543e-06,-4.2901248925705706e-14,2.371072732414419e-14,1.509139747169581e-13,N,mm/s,N s,"all 217 exterior nodes vs true wall triangles, increment orientation"
0.0010087,2.782564356918745,130,441,880,640.032672597523,,,180.4324798582154,412.47097778305556,-454.9215698241103,-2.4292860417010937e-06,-2.65759640296352e-06,1.3618401311755764e-06,-3.19939347e-06,-4.65487285e-06,4.91791231e-06,0.0,0.0,0.0,1.8063541959970848e-06,4.126928773685272e-06,-4.550356816622573e-06,1.8043198518315273e-06,4.124698469494776e-06,-4.549203226076654e-06,6.219712872041145e-14,-1.6058062641914877e-13,1.3329595877054588e-13,N,mm/s,N s,"all 217 exterior nodes vs true wall triangles, increment orientation"
0.0010088,2.8658607341227,130,441,880,640.0325726742434,,,180.43241882305912,412.47091674789925,-454.92150878895404,-2.4294898369990683e-06,-2.6578193514518995e-06,1.3619543773411423e-06,-3.1993327e-06,-4.65491859e-06,4.91794469e-06,0.0,0.0,0.0,1.8063541959970848e-06,4.126928773685272e-06,-4.550356816622573e-06,1.8043192414816378e-06,4.1246978591448855e-06,-4.5492026157267656e-06,1.4722341277873907e-14,-3.967015704510945e-14,1.1566327136645427e-13,N,mm/s,N s,"all 217 exterior nodes vs true wall triangles, increment orientation"
0.0010088999999999,2.949124497649698,130,441,880,640.0324727509657,,,180.43235778790282,412.470855712743,-454.9214477537978,-2.4296934676888575e-06,-2.6580421198618054e-06,1.3620685312285536e-06,-3.19927198e-06,-4.6549643e-06,4.91797701e-06,0.0,0.0,0.0,1.8063541959970848e-06,4.126928773685272e-06,-4.550356816622573e-06,1.804318631131748e-06,4.124697248794997e-06,-4.549202005376876e-06,-3.273814909554693e-14,8.126717343775319e-14,9.801593029237516e-14,N,mm/s,N s,"all 217 exterior nodes vs true wall triangles, increment orientation"
0.001009,3.032388146586,130,441,880,640.0323531605449,0.0,-1.0,180.43229675274654,412.4707641600086,-454.92138671864154,-2.4298969337700097e-06,-2.658264708192744e-06,1.362182592837557e-06,-3.19921133e-06,-4.65500998e-06,4.91800929e-06,0.0,0.0,0.0,1.8063541959970848e-06,4.126928773685272e-06,-4.550356816622573e-06,1.8043180207818586e-06,4.124696333270163e-06,-4.549201395026987e-06,-8.018435277600466e-14,-1.0294360544939925e-13,8.035394825380276e-14,N,mm/s,N s,"all 217 exterior nodes vs true wall triangles, increment orientation"
0.0010091,3.115640370608553,130,441,880,640.0322575388938,,,180.43225097637932,412.4707031248523,-454.9213256834853,-2.4301002352432966e-06,-2.65848711644556e-06,1.362296562168585e-06,-3.19915073e-06,-4.65505563e-06,4.91804151e-06,0.0,0.0,0.0,1.8063541959970848e-06,4.126928773685272e-06,-4.550356816622573e-06,1.8043175630194414e-06,4.124695722920273e-06,-4.549200784677098e-06,2.4971191335480922e-14,1.8047376100342478e-14,6.267733965029717e-14,N,mm/s,N s,"all 217 exterior nodes vs true wall triangles, increment orientation"
0.0010092,3.198871213349729,130,441,880,640.0321379484765,,,180.43218994122304,412.47061157211795,-454.92126464832904,-2.430303372108666e-06,-2.658709344620196e-06,1.3624104392216094e-06,-3.19909019e-06,-4.65510124e-06,4.91807368e-06,0.0,0.0,0.0,1.8063541959970848e-06,4.126928773685272e-06,-4.550356816622573e-06,1.8043169526695521e-06,4.12469480739544e-06,-4.549200174327208e-06,-2.2446471569819077e-14,-1.661097898364135e-13,4.498611972845144e-14,N,mm/s,N s,"all 217 exterior nodes vs true wall triangles, increment orientation"
0.0010092999999999,3.2820806126919986,130,441,880,640.032038025205,,,180.43212890606674,412.47055053696164,-454.9212036131728,-2.430506344366482e-06,-2.6589313927170494e-06,1.3625242239968328e-06,-3.1990297e-06,-4.65514683e-06,4.9181058e-06,0.0,0.0,0.0,1.8063541959970848e-06,4.126928773685272e-06,-4.550356816622573e-06,1.8043163423196624e-06,4.12469419704555e-06,-4.549199563977319e-06,-6.984988102819915e-14,-4.506523938198857e-14,2.728030119375979e-14,N,mm/s,N s,"all 217 exterior nodes vs true wall triangles, increment orientation"
0.0010094,3.365278657430523,130,441,880,640.0319424035567,,,180.43208312969952,412.4704895018054,-454.92114257801654,-2.430709152016294e-06,-2.659153260735629e-06,1.3626379164940042e-06,-3.19896928e-06,-4.65519238e-06,4.91813787e-06,0.0,0.0,0.0,1.8063541959970848e-06,4.126928773685272e-06,-4.550356816622573e-06,1.8043158845572452e-06,4.1246935866956604e-06,-4.549198953627431e-06,3.53484257533868e-14,7.600606460807539e-14,9.559899292815258e-15,N,mm/s,N s,"all 217 exterior nodes vs true wall triangles, increment orientation"
0.0010095,3.4484653223537776,130,441,880,640.0318228131446,0.0,-1.0,180.43202209454324,412.470397949071,-454.9210815428603,-2.4309117950588607e-06,-2.6593749486767625e-06,1.3627515167135471e-06,-3.19890891e-06,-4.6552379e-06,4.91816988e-06,0.0,0.0,0.0,1.8063541959970848e-06,4.126928773685272e-06,-4.550356816622573e-06,1.8043152742073557e-06,4.124692671170827e-06,-4.549198343277541e-06,-1.20265070925813e-14,-1.0807084495692825e-13,-8.1750707277891e-15,N,mm/s,N s,"all 217 exterior nodes vs true wall triangles, increment orientation"
0.0010096,3.531641971977056,130,441,880,640.0317228898779,,,180.43196105938696,412.4703369139147,-454.92102050770404,-2.4311142734941386e-06,-2.659596456540404e-06,1.3628650246554388e-06,-3.1988486e-06,-4.65528339e-06,4.91820185e-06,0.0,0.0,0.0,1.8063541959970848e-06,4.126928773685272e-06,-4.550356816622573e-06,1.8043146638574662e-06,4.124692060820937e-06,-4.549197732927652e-06,-5.938721762009029e-14,1.3053899188810933e-14,-2.592459446849318e-14,N,mm/s,N s,"all 217 exterior nodes vs true wall triangles, increment orientation"
0.0010096999999999,3.6147957270735978,130,441,880,640.0316076010891,,,180.43191528301975,412.47024536118033,-454.9209594725478,-2.4313165873224803e-06,-2.6598177843269395e-06,1.362978440319876e-06,-3.19878835e-06,-4.65532885e-06,4.91823376e-06,0.0,0.0,0.0,1.8063541959970848e-06,4.126928773685272e-06,-4.550356816622573e-06,1.804314206095049e-06,4.124691145296103e-06,-4.549197122577763e-06,4.585375590511476e-14,-1.70969610031066e-13,-4.3688659223802776e-14,N,mm/s,N s,"all 217 exterior nodes vs true wall triangles, increment orientation"
0.0010098,3.697939559801792,130,441,880,640.0315076778252,,,180.43185424786344,412.4701843260241,-454.92089843739154,-2.4315187365434383e-06,-2.6600389320358788e-06,1.363091763706608e-06,-3.19872816e-06,-4.65537428e-06,4.91826562e-06,0.0,0.0,0.0,1.8063541959970848e-06,4.126928773685272e-06,-4.550356816622573e-06,1.8043135957451593e-06,4.124690534946214e-06,-4.5491965122278735e-06,-1.4785421727280066e-15,-4.979150704481454e-14,-6.146724890009189e-14,N,mm/s,N s,"all 217 exterior nodes vs true wall triangles, increment orientation"
0.0010099,3.781050423158308,130,441,880,640.0314077545631,,,180.43179321270716,412.4701232908678,-454.9208374022353,-2.431720721157765e-06,-2.6602598996680444e-06,1.3632049948160566e-06,-3.19866802e-06,-4.65541967e-06,4.91829744e-06,0.0,0.0,0.0,1.8063541959970848e-06,4.126928773685272e-06,-4.550356816622573e-06,1.80431298539527e-06,4.124689924596325e-06,-4.549195901877984e-06,-4.879664969584718e-14,7.14132427509246e-14,-7.926035079186631e-14,N,mm/s,N s,"all 217 exterior nodes vs true wall triangles, increment orientation"
0.00101,3.864161282386222,130,441,880,640.0312924657777,0.0,-1.0,180.43174743633995,412.4700317381334,-454.92077636707904,-2.4319225411654136e-06,-2.660480687223387e-06,1.363318133648196e-06,-3.19860795e-06,-4.65546504e-06,4.91832919e-06,0.0,0.0,0.0,1.8063541959970848e-06,4.126928773685272e-06,-4.550356816622573e-06,1.8043125276328529e-06,4.124689009071491e-06,-4.549195291528095e-06,5.648689485825392e-14,-1.1253032604048932e-13,-9.706794880550004e-14,N,mm/s,N s,"all 217 exterior nodes vs true wall triangles, increment orientation"
0.0010100999999999,3.947249546950357,130,441,880,640.0311925425184,,,180.43168640118367,412.46997070297715,-454.9207153319228,-2.4321241965667384e-06,-2.6607012947022924e-06,1.3634311802032246e-06,-3.19854793e-06,-4.65551037e-06,4.9183609e-06,0.0,0.0,0.0,1.8063541959970848e-06,4.126928773685272e-06,-4.550356816622573e-06,1.8043119172829634e-06,4.124688398721602e-06,-4.5491946811782065e-06,9.197136257329923e-15,8.727654693787071e-15,-1.1489003108253182e-13,N,mm/s,N s,"all 217 exterior nodes vs true wall triangles, increment orientation"
0.0010102,4.030327581424429,130,441,880,640.0310729521188,,,180.43162536602736,412.4698791502427,-454.92065429676654,-2.432325687361285e-06,-2.660921722104263e-06,1.3635441344808866e-06,-3.19848796e-06,-4.65555567e-06,4.91839256e-06,0.0,0.0,0.0,1.8063541959970848e-06,4.126928773685272e-06,-4.550356816622573e-06,1.8043113069330737e-06,4.1246874831967675e-06,-4.549194070828317e-06,-3.807846461139719e-14,-1.7516272720480286e-13,-1.327265806823027e-13,N,mm/s,N s,"all 217 exterior nodes vs true wall triangles, increment orientation"
0.0010103,4.113384212824568,130,441,880,640.0309556392248,,,180.43157958966015,412.46981811508647,-454.92056274403217,-2.4325270135498087e-06,-2.661141969430126e-06,1.3636569964816069e-06,-3.19842806e-06,-4.65560094e-06,4.91842416e-06,0.0,0.0,0.0,1.8063541959970848e-06,4.126928773685272e-06,-4.550356816622573e-06,1.8043108491706565e-06,4.124686872846878e-06,-4.549193155303484e-06,6.72475539863275e-14,-5.385160108231689e-14,1.5459736101556447e-13,N,mm/s,N s,"all 217 exterior nodes vs true wall triangles, increment orientation"
0.0010104,4.19642941917917,130,441,880,640.0308557159696,,,180.43151855450387,412.4697570799302,-454.9205017088759,-2.4327281751322547e-06,-2.6613620366798223e-06,1.363769766205354e-06,-3.19836821e-06,-4.65564618e-06,4.91845572e-06,0.0,0.0,0.0,1.8063541959970848e-06,4.126928773685272e-06,-4.550356816622573e-06,1.804310238820767e-06,4.124686262496989e-06,-4.549192544953594e-06,2.0000237453533343e-14,6.748606597053834e-14,1.3673191742789685e-13,N,mm/s,N s,"all 217 exterior nodes vs true wall triangles, increment orientation"
0.0010105,4.279463444412118,130,441,880,640.0307361255741,0.0,-1.0,180.4314575193476,412.4696655271958,-454.92044067371967,-2.432929172108773e-06,-2.661581923853517e-06,1.3638824436522128e-06,-3.19830843e-06,-4.65569139e-06,4.91848722e-06,0.0,0.0,0.0,1.8063541959970848e-06,4.126928773685272e-06,-4.550356816622573e-06,1.8043096284708777e-06,4.124685346972155e-06,-4.549191934603705e-06,-2.7232952475524748e-14,-1.1632469228991084e-13,1.188520488691375e-13,N,mm/s,N s,"all 217 exterior nodes vs true wall triangles, increment orientation"
0.0010106,4.362475653678485,130,441,880,640.0306362023224,,,180.4313964841913,412.46960449203954,-454.9203796385634,-2.4331300044795143e-06,-2.6618016309513707e-06,1.3639950288222667e-06,-3.1982487e-06,-4.65573656e-06,4.91851867e-06,0.0,0.0,0.0,1.8063541959970848e-06,4.126928773685272e-06,-4.550356816622573e-06,1.8043090181209882e-06,4.124684736622265e-06,-4.549191324253816e-06,-7.445202660051684e-14,5.065993943244827e-15,1.0095777058587944e-13,N,mm/s,N s,"all 217 exterior nodes vs true wall triangles, increment orientation"
0.0010107,4.445476618130694,130,441,880,640.0305209135444,,,180.43135070782407,412.46951293930516,-454.92031860340717,-2.433330672244623e-06,-2.6620211579735446e-06,1.3641075217155972e-06,-3.19818902e-06,-4.65578171e-06,4.91855007e-06,0.0,0.0,0.0,1.8063541959970848e-06,4.126928773685272e-06,-4.550356816622573e-06,1.8043085603585708e-06,4.124683821097432e-06,-4.5491907139039265e-06,3.093047575402079e-14,-1.7869178664151834e-13,8.30490952836169e-14,N,mm/s,N s,"all 217 exterior nodes vs true wall triangles, increment orientation"
0.0010107999999999,4.528456199480873,130,441,880,640.0304209902955,,,180.4312896726678,412.46945190414885,-454.9202575682509,-2.4335311754044474e-06,-2.6622405049204195e-06,1.3642199223323993e-06,-3.19812941e-06,-4.65582682e-06,4.91858142e-06,0.0,0.0,0.0,1.8063541959970848e-06,4.126928773685272e-06,-4.550356816622573e-06,1.8043079500086813e-06,4.124683210747542e-06,-4.549190103554037e-06,-1.6260399585366027e-14,-5.724816762542285e-14,6.512603820894294e-14,N,mm/s,N s,"all 217 exterior nodes vs true wall triangles, increment orientation"
0.0010109,4.611414359343215,130,441,880,640.0303210670485,,,180.4312286375115,412.4693908689926,-454.92019653309467,-2.433731513958532e-06,-2.662459671791496e-06,1.3643322306724182e-06,-3.19806985e-06,-4.6558719e-06,4.91861272e-06,0.0,0.0,0.0,1.8063541959970848e-06,4.126928773685272e-06,-4.550356816622573e-06,1.8043073396587918e-06,4.124682600397653e-06,-4.549189493204148e-06,-6.343719173145532e-14,6.422188898302233e-14,4.7188612067351754e-14,N,mm/s,N s,"all 217 exterior nodes vs true wall triangles, increment orientation"
0.001011,4.694372298788407,130,441,880,640.0302057782736,0.0,-1.0,180.4311828611443,412.46929931625823,-454.9201354979384,-2.433931687907624e-06,-2.662678658587592e-06,1.3644444467360715e-06,-3.19801035e-06,-4.65591695e-06,4.91864396e-06,0.0,0.0,0.0,1.8063541959970848e-06,4.126928773685272e-06,-4.550356816622573e-06,1.8043068818963748e-06,4.124681684872819e-06,-4.5491888828542595e-06,4.198756147352431e-14,-1.194565856009553e-13,2.9236832952469344e-14,N,mm/s,N s,"all 217 exterior nodes vs true wall triangles, increment orientation"
0.0010111,4.777307656986327,130,441,880,640.0301058550294,,,180.431121825988,412.4692382811019,-454.92007446278217,-2.434131697251669e-06,-2.662897465308649e-06,1.364556570523331e-06,-3.19795091e-06,-4.65596197e-06,4.91867516e-06,0.0,0.0,0.0,1.8063541959970848e-06,4.126928773685272e-06,-4.550356816622573e-06,1.8043062715464851e-06,4.12468107452293e-06,-4.54918827250437e-06,-5.1610960497054615e-15,2.0662767354876106e-15,1.1270715263855813e-14,N,mm/s,N s,"all 217 exterior nodes vs true wall triangles, increment orientation"
0.0010111999999999,4.860232918533333,130,441,880,640.0300059317872,,,180.4310607908317,412.4691772459457,-454.9200134276259,-2.4343315419910075e-06,-2.6631160919550385e-06,1.3646686020343854e-06,-3.19789153e-06,-4.65600696e-06,4.9187063e-06,0.0,0.0,0.0,1.8063541959970848e-06,4.126928773685272e-06,-4.550356816622573e-06,1.8043056611965956e-06,4.12468046417304e-06,-4.549187662154481e-06,-5.2295701719856755e-14,1.2361551228977623e-13,-6.709726598928736e-15,N,mm/s,N s,"all 217 exterior nodes vs true wall triangles, increment orientation"
0.0010113,4.943135345633649,130,441,880,640.0298906430156,,,180.4310150144645,412.4690856932113,-454.91995239246967,-2.434531222125188e-06,-2.663334538526266e-06,1.3647805412689826e-06,-3.1978322e-06,-4.65605191e-06,4.91873739e-06,0.0,0.0,0.0,1.8063541959970848e-06,4.126928773685272e-06,-4.550356816622573e-06,1.8043052034341785e-06,4.124679548648207e-06,-4.549187051804592e-06,5.3171205985567114e-14,-5.998384687582901e-14,-2.4704479083357146e-14,N,mm/s,N s,"all 217 exterior nodes vs true wall triangles, increment orientation"
0.0010114,5.026027760541952,130,441,880,640.029790719776,,,180.4309539793082,412.469024658055,-454.9198913573134,-2.434730737654947e-06,-2.663552805023138e-06,1.364892388227535e-06,-3.19777294e-06,-4.65609684e-06,4.91876843e-06,0.0,0.0,0.0,1.8063541959970848e-06,4.126928773685272e-06,-4.550356816622573e-06,1.804304593084289e-06,4.124678938298317e-06,-4.549186441454702e-06,6.064671199046065e-15,6.16180681985482e-14,-4.2713527789869313e-14,N,mm/s,N s,"all 217 exterior nodes vs true wall triangles, increment orientation"
0.0010115,5.10889871322125,130,441,880,640.0296711293983,0.0,-1.0,180.43089294415194,412.4689331053206,-454.91983032215717,-2.434930088580231e-06,-2.6637708914455963e-06,1.365004142910013e-06,-3.19771373e-06,-4.65614173e-06,4.91879942e-06,0.0,0.0,0.0,1.8063541959970848e-06,4.126928773685272e-06,-4.550356816622573e-06,1.8043039827343995e-06,4.124678022773483e-06,-4.549185831104813e-06,-4.1027843286373794e-14,-1.2192865210454993e-13,-6.073685662483924e-14,N,mm/s,N s,"all 217 exterior nodes vs true wall triangles, increment orientation"
0.0010115999999999,5.191758113212338,130,441,880,640.02957550777,,,180.4308471677847,412.46887207016437,-454.9197692870009,-2.43512927490138e-06,-2.6639887977940127e-06,1.3651158053166073e-06,-3.19765457e-06,-4.6561866e-06,4.91883036e-06,0.0,0.0,0.0,1.8063541959970848e-06,4.126928773685272e-06,-4.550356816622573e-06,1.804303524971982e-06,4.124677412423594e-06,-4.549185220754925e-06,6.448112235773833e-14,-2.741405193129598e-16,-7.877445542387156e-14,N,mm/s,N s,"all 217 exterior nodes vs true wall triangles, increment orientation"
0.0010117,5.274606289137309,130,441,880,640.0294755845351,,,180.4307861326284,412.46881103500806,-454.91970825184467,-2.4353282966179367e-06,-2.664206524067886e-06,1.365227375447061e-06,-3.19759548e-06,-4.65623143e-06,4.91886124e-06,0.0,0.0,0.0,1.8063541959970848e-06,4.126928773685272e-06,-4.550356816622573e-06,1.8043029146220928e-06,4.1246768020737046e-06,-4.549184610405035e-06,1.7416614381444723e-14,1.2140663755761836e-13,-9.682630470520849e-14,N,mm/s,N s,"all 217 exterior nodes vs true wall triangles, increment orientation"
0.0010118,5.357432908322376,130,441,880,640.0293559941625,,,180.43072509747213,412.4687194822737,-454.9196472166884,-2.435527153730637e-06,-2.664424070268022e-06,1.3653388533017871e-06,-3.19753645e-06,-4.65627623e-06,4.91889208e-06,0.0,0.0,0.0,1.8063541959970848e-06,4.126928773685272e-06,-4.550356816622573e-06,1.8043023042722033e-06,4.12467588654887e-06,-4.549184000055146e-06,-2.96339061162744e-14,-6.206128411742964e-14,-1.148923934574217e-13,N,mm/s,N s,"all 217 exterior nodes vs true wall triangles, increment orientation"
0.0010119,5.440248228129199,130,441,880,640.0292560709312,,,180.43066406231586,412.46865844711743,-454.91958618153217,-2.4357258462394217e-06,-2.6646414363943568e-06,1.3654502388807527e-06,-3.19747747e-06,-4.65632099e-06,4.91892286e-06,0.0,0.0,0.0,1.8063541959970848e-06,4.126928773685272e-06,-4.550356816622573e-06,1.8043016939223138e-06,4.124675276198982e-06,-4.549183389705257e-06,-7.667044972333088e-14,5.967196341541935e-14,-1.3297270558688522e-13,N,mm/s,N s,"all 217 exterior nodes vs true wall triangles, increment orientation"
0.0010119999999999,5.523041885869293,130,441,880,640.0291190909024,0.0,-1.0,180.4306182859486,412.468566894383,-454.9194946287978,-2.4359243741446287e-06,-2.6648586224472585e-06,1.3655615321841466e-06,-3.19741855e-06,-4.65636573e-06,4.91895359e-06,0.0,0.0,0.0,1.8063541959970848e-06,4.126928773685272e-06,-4.550356816622573e-06,1.8043012361598964e-06,4.124674360674147e-06,-4.549182474180423e-06,2.8894445082771974e-14,-1.2374353115535836e-13,1.5410771752677813e-13,N,mm/s,N s,"all 217 exterior nodes vs true wall triangles, increment orientation"
0.0010121,5.605814118180824,130,441,880,640.0290191676735,,,180.43055725079233,412.46850585922675,-454.91943359364154,-2.436122737445803e-06,-2.6650756284262297e-06,1.3656727332117138e-06,-3.19735969e-06,-4.65641044e-06,4.91898427e-06,0.0,0.0,0.0,1.8063541959970848e-06,4.126928773685272e-06,-4.550356816622573e-06,1.8043006258100069e-06,4.124673750324258e-06,-4.549181863830534e-06,-1.8114176930211215e-14,-1.95789971691937e-15,1.3599900014742844e-13,N,mm/s,N s,"all 217 exterior nodes vs true wall triangles, increment orientation"
0.0010122,5.688585092171174,130,441,880,640.0289192444462,,,180.43049621563605,412.4684448240705,-454.9193725584853,-2.4363209361436725e-06,-2.665292454332067e-06,1.365783841963862e-06,-3.19730088e-06,-4.65645511e-06,4.9190149e-06,0.0,0.0,0.0,1.8063541959970848e-06,4.126928773685272e-06,-4.550356816622573e-06,1.8043000154601176e-06,4.124673139974369e-06,-4.549181253480645e-06,-6.510885423978376e-14,1.1985389233409556e-13,1.1787610174247582e-13,N,mm/s,N s,"all 217 exterior nodes vs true wall triangles, increment orientation"
0.0010123,5.771335859960283,130,441,880,640.0288039556851,,,180.43045043926884,412.46835327133607,-454.91931152332904,-2.4365189702381766e-06,-2.665509100164704e-06,1.365894858440558e-06,-3.19724214e-06,-4.65649975e-06,4.91904548e-06,0.0,0.0,0.0,1.8063541959970848e-06,4.126928773685272e-06,-4.550356816622573e-06,1.8042995576977004e-06,4.1246722244495345e-06,-4.549180643130755e-06,4.049787510006751e-14,-6.348312039895429e-14,9.973903755851332e-14,N,mm/s,N s,"all 217 exterior nodes vs true wall triangles, increment orientation"
0.0010123999999999,5.854063985843953,130,441,880,640.0287040324607,,,180.43038940411253,412.4682922361798,-454.9192504881728,-2.4367168397296504e-06,-2.6657255659245086e-06,1.36600578264199e-06,-3.19718345e-06,-4.65654437e-06,4.91907601e-06,0.0,0.0,0.0,1.8063541959970848e-06,4.126928773685272e-06,-4.550356816622573e-06,1.8042989473478107e-06,4.124671614099645e-06,-4.549180032780866e-06,-6.468944778177492e-15,5.83809293497415e-14,8.158782030103515e-14,N,mm/s,N s,"all 217 exterior nodes vs true wall triangles, increment orientation"
0.0010125,5.9367919616477,130,441,880,640.0285844420997,0.0,-1.0,180.43032836895625,412.46820068344545,-454.91918945301654,-2.436914544617636e-06,-2.665941851610977e-06,1.3661166145679e-06,-3.19712482e-06,-4.65658895e-06,4.91910648e-06,0.0,0.0,0.0,1.8063541959970848e-06,4.126928773685272e-06,-4.550356816622573e-06,1.8042983369979212e-06,4.124670698574812e-06,-4.549179422430978e-06,-5.3421851504989134e-14,-1.2490386803727486e-13,6.342246436960141e-14,N,mm/s,N s,"all 217 exterior nodes vs true wall triangles, increment orientation"
0.0010126,6.019486900656522,130,441,880,640.0284888204803,,,180.43028259258904,412.46813964828914,-454.9191284178603,-2.437112084902861e-06,-2.666157957224908e-06,1.366227354218697e-06,-3.19706625e-06,-4.6566335e-06,4.91913691e-06,0.0,0.0,0.0,1.8063541959970848e-06,4.126928773685272e-06,-4.550356816622573e-06,1.804297879235504e-06,4.1246700882249215e-06,-4.549178812081088e-06,5.2226616230371036e-14,-2.9876452941929484e-15,4.52429858578381e-14,N,mm/s,N s,"all 217 exterior nodes vs true wall triangles, increment orientation"
0.0010127,6.102182243847745,130,441,880,640.0283888972606,,,180.43022155743276,412.4680786131329,-454.91906738270404,-2.437309460585259e-06,-2.666373882766226e-06,1.3663380015943423e-06,-3.19700773e-06,-4.65667802e-06,4.91916728e-06,0.0,0.0,0.0,1.8063541959970848e-06,4.126928773685272e-06,-4.550356816622573e-06,1.8042972688856145e-06,4.124669477875033e-06,-4.549178201731199e-06,5.30150319565765e-15,1.189546355704783e-13,2.7049397471239425e-14,N,mm/s,N s,"all 217 exterior nodes vs true wall triangles, increment orientation"
0.0010128,6.184855906009556,130,441,880,640.0282693069047,,,180.43016052227648,412.4679870603985,-454.9190063475478,-2.437506671664964e-06,-2.6665896282350805e-06,1.3664485566949127e-06,-3.19694928e-06,-4.6567225e-06,4.9191976e-06,0.0,0.0,0.0,1.8063541959970848e-06,4.126928773685272e-06,-4.550356816622573e-06,1.8042966585357252e-06,4.124668562350199e-06,-4.54917759138131e-06,-4.160972908663261e-14,-6.425199846319838e-14,8.841715303431388e-15,N,mm/s,N s,"all 217 exterior nodes vs true wall triangles, increment orientation"
0.0010129,6.267507910809873,130,441,880,640.0281736852882,,,180.43011474590924,412.4679260252422,-454.91894531239154,-2.43770371814211e-06,-2.6668051936316165e-06,1.3665590195204828e-06,-3.19689088e-06,-4.65676696e-06,4.91922787e-06,0.0,0.0,0.0,1.8063541959970848e-06,4.126928773685272e-06,-4.550356816622573e-06,1.8042962007733076e-06,4.1246679520003095e-06,-4.5491769810314205e-06,6.408038069423872e-14,5.774232664685101e-14,-9.380047940091805e-15,N,mm/s,N s,"all 217 exterior nodes vs true wall triangles, increment orientation"
0.001013,6.3501588136256,130,441,880,640.0280540949357,0.0,-1.0,180.43005371075296,412.46783447250783,-454.9188842772353,-2.4379006000168293e-06,-2.66702057895598e-06,1.3666693900711267e-06,-3.19683254e-06,-4.65681138e-06,4.91925809e-06,0.0,0.0,0.0,1.8063541959970848e-06,4.126928773685272e-06,-4.550356816622573e-06,1.8042955904234183e-06,4.124667036475475e-06,-4.549176370681531e-06,1.7196878364817434e-14,-1.254123021049631e-13,-2.7615877012737104e-14,N,mm/s,N s,"all 217 exterior nodes vs true wall triangles, increment orientation"
0.0010130999999999,6.4327782585808855,130,441,880,640.0279541717222,,,180.42999267559668,412.4677734373516,-454.91882324207904,-2.438097317289446e-06,-2.667235784208524e-06,1.366779668347026e-06,-3.19677426e-06,-4.65685578e-06,4.91928825e-06,0.0,0.0,0.0,1.8063541959970848e-06,4.126928773685272e-06,-4.550356816622573e-06,1.8042949800735288e-06,4.124666426125587e-06,-4.549175760331643e-06,-2.967277518767448e-14,-3.366014064698497e-15,-4.586575836197735e-14,N,mm/s,N s,"all 217 exterior nodes vs true wall triangles, increment orientation"
0.0010132,6.515386012688248,130,441,880,640.0278542485107,,,180.4299316404404,412.4677124021953,-454.9187622069228,-2.438293869959504e-06,-2.6674508093887517e-06,1.3668898543479247e-06,-3.19671603e-06,-4.65690014e-06,4.91931837e-06,0.0,0.0,0.0,1.8063541959970848e-06,4.126928773685272e-06,-4.550356816622573e-06,1.8042943697236393e-06,4.1246658157756965e-06,-4.5491751499817535e-06,-7.65285907629071e-14,1.187062219828723e-13,-6.41296767412195e-14,N,mm/s,N s,"all 217 exterior nodes vs true wall triangles, increment orientation"
0.0010133,6.59798248485389,130,441,880,640.0277389597611,,,180.42988586407316,412.4676208494609,-454.91870117176654,-2.43849025802772e-06,-2.6676656544974443e-06,1.366999948074225e-06,-3.19665787e-06,-4.65694447e-06,4.91934843e-06,0.0,0.0,0.0,1.8063541959970848e-06,4.126928773685272e-06,-4.550356816622573e-06,1.804293911961222e-06,4.124664900250863e-06,-4.549174539631864e-06,2.921689316161627e-14,-6.437055851185852e-14,-8.240761690387049e-14,N,mm/s,N s,"all 217 exterior nodes vs true wall triangles, increment orientation"
0.0010134,6.680557397978125,130,441,880,640.0276390365523,,,180.42982482891688,412.4675598143046,-454.9186401366103,-2.4386864814940286e-06,-2.667880319534532e-06,1.3671099495258908e-06,-3.19659976e-06,-4.65698877e-06,4.91937844e-06,0.0,0.0,0.0,1.8063541959970848e-06,4.126928773685272e-06,-4.550356816622573e-06,1.8042933016113325e-06,4.124664289900973e-06,-4.549173929281975e-06,-1.7611277799316812e-14,5.775351256395245e-14,-1.0069956614443612e-13,N,mm/s,N s,"all 217 exterior nodes vs true wall triangles, increment orientation"
0.0010134999999999,6.763120984660923,130,441,880,640.0275194462091,0.0,-1.0,180.4297637937606,412.4674682615702,-454.91857910145404,-2.438882540358754e-06,-2.6680948045003704e-06,1.367219858703103e-06,-3.19654171e-06,-4.65703304e-06,4.91940841e-06,0.0,0.0,0.0,1.8063541959970848e-06,4.126928773685272e-06,-4.550356816622573e-06,1.8042926912614432e-06,4.124663374376139e-06,-4.549173318932086e-06,-6.442564254672612e-14,-1.252714744071526e-13,-1.1900551006335629e-13,N,mm/s,N s,"all 217 exterior nodes vs true wall triangles, increment orientation"
0.0010136,6.8456744568461945,130,441,880,640.0274021333236,,,180.42971801739338,412.46740722641397,-454.91848754871967,-2.4390784346214354e-06,-2.6683091093944525e-06,1.3673296756056031e-06,-3.19648372e-06,-4.65707727e-06,4.91943832e-06,0.0,0.0,0.0,1.8063541959970848e-06,4.126928773685272e-06,-4.550356816622573e-06,1.804292233499026e-06,4.12466276402625e-06,-4.549172403407252e-06,4.136126065364327e-14,-3.095653006396186e-15,1.6784951080677912e-13,N,mm/s,N s,"all 217 exterior nodes vs true wall triangles, increment orientation"
0.0010137,6.928205001744406,130,441,880,640.0273022101189,,,180.42965698223708,412.46734619125766,-454.9184265135634,-2.4392741642827866e-06,-2.668523234217561e-06,1.367439400233792e-06,-3.19642578e-06,-4.65712148e-06,4.91946817e-06,0.0,0.0,0.0,1.8063541959970848e-06,4.126928773685272e-06,-4.550356816622573e-06,1.8042916231491363e-06,4.124662153676361e-06,-4.549171793057363e-06,-5.425524277486967e-15,1.191060122166139e-13,1.4951562157686313e-13,N,mm/s,N s,"all 217 exterior nodes vs true wall triangles, increment orientation"
0.0010138,7.010725664162128,130,441,880,640.0271826197796,,,180.4295959470808,412.4672546385233,-454.91836547840717,-2.4394697293427382e-06,-2.668737178969621e-06,1.3675490325876298e-06,-3.19636791e-06,-4.65716566e-06,4.91949798e-06,0.0,0.0,0.0,1.8063541959970848e-06,4.126928773685272e-06,-4.550356816622573e-06,1.8042910127992468e-06,4.1246612381515264e-06,-4.5491711827074735e-06,-5.2198534547070715e-14,-6.384144413476307e-14,1.3116778171430588e-13,N,mm/s,N s,"all 217 exterior nodes vs true wall triangles, increment orientation"
0.0010138999999999,7.093223358588313,130,441,880,640.0270869981721,,,180.42955017071358,412.46719360336704,-454.9183044432509,-2.439665129801611e-06,-2.66895094365098e-06,1.3676585726672971e-06,-3.19631009e-06,-4.6572098e-06,4.91952774e-06,0.0,0.0,0.0,1.8063541959970848e-06,4.126928773685272e-06,-4.550356816622573e-06,1.8042905550368296e-06,4.124660627801638e-06,-4.549170572357584e-06,5.3629691155630474e-14,5.841184689934923e-14,1.128060047716345e-13,N,mm/s,N s,"all 217 exterior nodes vs true wall triangles, increment orientation"
0.001014,7.175710974347877,130,441,880,640.0269674078364,0.0,-1.0,180.4294891355573,412.4671020506326,-454.91824340809467,-2.4398603656589428e-06,-2.6691645282611376e-06,1.3677680204725352e-06,-3.19625233e-06,-4.65725391e-06,4.91955744e-06,0.0,0.0,0.0,1.8063541959970848e-06,4.126928773685272e-06,-4.550356816622573e-06,1.80428994468694e-06,4.124659712276804e-06,-4.549169962007696e-06,6.884197598371229e-15,-1.2448402853367175e-13,9.443030430137615e-14,N,mm/s,N s,"all 217 exterior nodes vs true wall triangles, increment orientation"
0.0010141,7.258187403546902,130,441,880,640.0268674846382,,,180.429428100401,412.46704101547635,-454.9181823729384,-2.440055436915445e-06,-2.669377932800867e-06,1.3678773760037415e-06,-3.19619463e-06,-4.65729799e-06,4.9195871e-06,0.0,0.0,0.0,1.8063541959970848e-06,4.126928773685272e-06,-4.550356816622573e-06,1.8042893343370504e-06,4.124659101926914e-06,-4.5491693516578065e-06,-3.9847554119868235e-14,-2.179199779883765e-15,7.604069639715683e-14,N,mm/s,N s,"all 217 exterior nodes vs true wall triangles, increment orientation"
0.0010142,7.340641969203741,130,441,880,640.0267718630333,,,180.42938232403378,412.4669799803201,-454.91812133778217,-2.440250343571048e-06,-2.669591157270094e-06,1.367986639260878e-06,-3.19613698e-06,-4.65734204e-06,4.9196167e-06,0.0,0.0,0.0,1.8063541959970848e-06,4.126928773685272e-06,-4.550356816622573e-06,1.8042888765746332e-06,4.124658491577025e-06,-4.549168741307917e-06,6.602189815868348e-14,1.2015136691703949e-13,5.763719545853665e-14,N,mm/s,N s,"all 217 exterior nodes vs true wall triangles, increment orientation"
0.0010142999999999,7.42307532414754,130,441,880,640.0266522727026,,,180.4293212888775,412.4668884275857,-454.9180603026259,-2.440445085626064e-06,-2.6698042016691617e-06,1.368095810244121e-06,-3.1960794e-06,-4.65738606e-06,4.91964625e-06,0.0,0.0,0.0,1.8063541959970848e-06,4.126928773685272e-06,-4.550356816622573e-06,1.804288266224744e-06,4.124657576052191e-06,-4.549168130958028e-06,1.9317599413539235e-14,-6.266729468657568e-14,3.921981419100981e-14,N,mm/s,N s,"all 217 exterior nodes vs true wall triangles, increment orientation"
0.0010144,7.505507439056185,130,441,880,640.026552349509,,,180.42926025372122,412.4668273924294,-454.91799926746967,-2.440639663080033e-06,-2.6700170659975645e-06,1.3682048889532094e-06,-3.19602187e-06,-4.65743005e-06,4.91967575e-06,0.0,0.0,0.0,1.8063541959970848e-06,4.126928773685272e-06,-4.550356816622573e-06,1.8042876558748544e-06,4.124656965702301e-06,-4.549167520608139e-06,-2.737298925632075e-14,5.971468436914706e-14,2.0788568688202315e-14,N,mm/s,N s,"all 217 exterior nodes vs true wall triangles, increment orientation"
0.0010145,7.587907255677162,130,441,880,640.0264327591824,0.0,-1.0,180.42919921856495,412.46673583969505,-454.9179382323134,-2.4408340759336603e-06,-2.670229750256076e-06,1.3683138753885411e-06,-3.1959644e-06,-4.65747401e-06,4.9197052e-06,0.0,0.0,0.0,1.8063541959970848e-06,4.126928773685272e-06,-4.550356816622573e-06,1.804287045524965e-06,4.124656050177468e-06,-4.549166910258249e-06,-7.404987822705008e-14,-1.2305260468621713e-13,2.3434725026413167e-15,N,mm/s,N s,"all 217 exterior nodes vs true wall triangles, increment orientation"
0.0010146,7.670306465397854,130,441,880,640.0263371375813,,,180.4291534421977,412.46667480453874,-454.91787719715717,-2.4410283241868748e-06,-2.6704422544446165e-06,1.3684227695500757e-06,-3.19590699e-06,-4.65751793e-06,4.91973459e-06,0.0,0.0,0.0,1.8063541959970848e-06,4.126928773685272e-06,-4.550356816622573e-06,1.8042865877625475e-06,4.124655439827578e-06,-4.54916629990836e-06,3.187439402384793e-14,-6.192979749896146e-16,-1.6115460813146028e-14,N,mm/s,N s,"all 217 exterior nodes vs true wall triangles, increment orientation"
0.0010146999999999,7.752673705085291,130,441,880,640.0262372143924,,,180.42909240704142,412.4666137693825,-454.9178161620009,-2.441222407839986e-06,-2.670654578563526e-06,1.3685315714379863e-06,-3.19584964e-06,-4.65756183e-06,4.91976394e-06,0.0,0.0,0.0,1.8063541959970848e-06,4.126928773685272e-06,-4.550356816622573e-06,1.804285977412658e-06,4.124654829477689e-06,-4.549165689558472e-06,-1.4775127524113848e-14,1.218396433413536e-13,-3.458821516553372e-14,N,mm/s,N s,"all 217 exterior nodes vs true wall triangles, increment orientation"
0.0010148,7.835051456813471,130,441,880,640.026117624071,,,180.42903137188515,412.4665222166481,-454.91775512684467,-2.4414163268925323e-06,-2.6708667226122984e-06,1.3686402810520144e-06,-3.19579234e-06,-4.65760569e-06,4.91979323e-06,0.0,0.0,0.0,1.8063541959970848e-06,4.126928773685272e-06,-4.550356816622573e-06,1.8042853670627687e-06,4.124653913952855e-06,-4.549165079208582e-06,-6.14109811366805e-14,-6.085075036899295e-14,-5.3074777001994606e-14,N,mm/s,N s,"all 217 exterior nodes vs true wall triangles, increment orientation"
0.0010149,7.917385786381223,130,441,880,640.0260220024727,,,180.42898559551793,412.4664611814918,-454.9176940916884,-2.441610081345216e-06,-2.6710786865917013e-06,1.368748898392553e-06,-3.1957351e-06,-4.65764952e-06,4.91982247e-06,0.0,0.0,0.0,1.8063541959970848e-06,4.126928773685272e-06,-4.550356816622573e-06,1.8042849093003516e-06,4.124653303602966e-06,-4.549164468858693e-06,4.4554294073369965e-14,6.16593923949459e-14,-7.157513192296858e-14,N,mm/s,N s,"all 217 exterior nodes vs true wall triangles, increment orientation"
0.001015,7.99971921658269,130,441,880,640.0259024121548,0.0,-1.0,180.42892456036162,412.46636962875743,-454.91763305653217,-2.441803671197956e-06,-2.671290470501649e-06,1.3688574234595583e-06,-3.19567792e-06,-4.65769333e-06,4.91985167e-06,0.0,0.0,0.0,1.8063541959970848e-06,4.126928773685272e-06,-4.550356816622573e-06,1.8042842989504618e-06,4.124652388078132e-06,-4.549163858508804e-06,-2.0542569144495985e-15,-1.2097984137241944e-13,-9.008926552889554e-14,N,mm/s,N s,"all 217 exterior nodes vs true wall triangles, increment orientation"
0.0010151,8.082031682071335,130,441,880,640.0258024889721,,,180.42886352520534,412.4663085936012,-454.9175720213759,-2.441997096450875e-06,-2.6715020743422744e-06,1.368965856253098e-06,-3.1956208e-06,-4.6577371e-06,4.91988081e-06,0.0,0.0,0.0,1.8063541959970848e-06,4.126928773685272e-06,-4.550356816622573e-06,1.8042836886005723e-06,4.124651777728243e-06,-4.5491632481589145e-06,-4.8649172154126025e-14,1.581418135820304e-15,-1.0861716426724833e-13,N,mm/s,N s,"all 217 exterior nodes vs true wall triangles, increment orientation"
0.0010152,8.164343678772795,130,441,880,640.0256872002436,,,180.42881774883813,412.46621704086675,-454.91751098621967,-2.4421903571040857e-06,-2.6717134981137e-06,1.3690741967732354e-06,-3.19556374e-06,-4.65778083e-06,4.91990989e-06,0.0,0.0,0.0,1.8063541959970848e-06,4.126928773685272e-06,-4.550356816622573e-06,1.8042832308381552e-06,4.1246508622034085e-06,-4.549162637809025e-06,5.735701051211208e-14,-1.810067412388915e-13,-1.2715881204440095e-13,N,mm/s,N s,"all 217 exterior nodes vs true wall triangles, increment orientation"
0.0010153,8.246612176666632,130,441,880,640.0255655857769,,,180.42875671368185,412.4661560057105,-454.9174194334853,-2.4423834531577062e-06,-2.6719247418160545e-06,1.3691824450200358e-06,-3.19550674e-06,-4.65782454e-06,4.91993893e-06,0.0,0.0,0.0,1.8063541959970848e-06,4.126928773685272e-06,-4.550356816622573e-06,1.8042826204882657e-06,4.124650251853519e-06,-4.549161722284192e-06,1.078933542850288e-14,-5.839445053667852e-14,1.5946074721892491e-13,N,mm/s,N s,"all 217 exterior nodes vs true wall triangles, increment orientation"
0.0010153999999999,8.328891151701848,130,441,880,640.0254656625984,,,180.42869567852554,412.46609497055425,-454.91735839832904,-2.4425763846120415e-06,-2.6721358054496732e-06,1.3692906009936719e-06,-3.19544979e-06,-4.65786822e-06,4.91996792e-06,0.0,0.0,0.0,1.8063541959970848e-06,4.126928773685272e-06,-4.550356816622573e-06,1.804282010138376e-06,4.12464964150363e-06,-4.549161111934302e-06,-3.5764735882456945e-14,6.42433265398844e-14,1.408916420217541e-13,N,mm/s,N s,"all 217 exterior nodes vs true wall triangles, increment orientation"
0.0010155,8.411138181755852,130,441,880,640.0253460722886,0.0,-1.0,180.42863464336926,412.4660034178198,-454.9172973631728,-2.442769151466629e-06,-2.672346689014048e-06,1.3693986646938824e-06,-3.1953929e-06,-4.65791187e-06,4.91999685e-06,0.0,0.0,0.0,1.8063541959970848e-06,4.126928773685272e-06,-4.550356816622573e-06,1.8042813997884867e-06,4.124648725978796e-06,-4.549160501584413e-06,-8.2305213796921e-14,-1.1826837879397529e-13,1.223088301374308e-13,N,mm/s,N s,"all 217 exterior nodes vs true wall triangles, increment orientation"
0.0010156,8.493383568405381,130,441,880,640.0252504506965,,,180.42858886700205,412.46594238266357,-454.91723632801654,-2.4429617537221585e-06,-2.672557392509937e-06,1.3695066361210564e-06,-3.19533607e-06,-4.65795548e-06,4.92002574e-06,0.0,0.0,0.0,1.8063541959970848e-06,4.126928773685272e-06,-4.550356816622573e-06,1.8042809420260695e-06,4.124648115628906e-06,-4.549159891234525e-06,2.375536278409094e-14,4.420304115684663e-15,1.0371232342441632e-13,N,mm/s,N s,"all 217 exterior nodes vs true wall triangles, increment orientation"
0.0010157,8.575598010251724,130,441,880,640.0251308603902,,,180.42852783184577,412.4658508299292,-454.9171752928603,-2.4431541913785552e-06,-2.672767915937255e-06,1.36961451527515e-06,-3.1952793e-06,-4.65799906e-06,4.92005457e-06,0.0,0.0,0.0,1.8063541959970848e-06,4.126928773685272e-06,-4.550356816622573e-06,1.80428033167618e-06,4.124647200104073e-06,-4.549159280884635e-06,-2.275796094815003e-14,-1.7804053773672534e-13,8.510213967040251e-14,N,mm/s,N s,"all 217 exterior nodes vs true wall triangles, increment orientation"
0.0010157999999999,8.657810872102347,130,441,880,640.0250309372179,,,180.42846679668946,412.4657897947729,-454.91711425770404,-2.443346464436118e-06,-2.6729782592963303e-06,1.3697223021563318e-06,-3.19522258e-06,-4.65804262e-06,4.92008335e-06,0.0,0.0,0.0,1.8063541959970848e-06,4.126928773685272e-06,-4.550356816622573e-06,1.8042797213262903e-06,4.1246465897541835e-06,-4.549158670534746e-06,-6.92577238946637e-14,-5.530103454429603e-14,6.647829242791654e-14,N,mm/s,N s,"all 217 exterior nodes vs true wall triangles, increment orientation"
0.0010159,8.740001820947354,130,441,880,640.0249353156287,,,180.42842102032225,412.46572875961664,-454.9170532225478,-2.4435385728943848e-06,-2.6731884225866565e-06,1.369829996764342e-06,-3.19516593e-06,-4.65808614e-06,4.92011208e-06,0.0,0.0,0.0,1.8063541959970848e-06,4.126928773685272e-06,-4.550356816622573e-06,1.804279263563873e-06,4.124645979404294e-06,-4.549158060184857e-06,3.6843536102321335e-14,6.746384914336481e-14,4.784079440245262e-14,N,mm/s,N s,"all 217 exterior nodes vs true wall triangles, increment orientation"
0.001016,8.822171915878021,130,441,880,640.0248157253274,0.0,-1.0,180.42835998516597,412.46563720688226,-454.91699218739154,-2.443730516754038e-06,-2.6733984058089814e-06,1.3699375990995631e-06,-3.19510933e-06,-4.65812963e-06,4.92014076e-06,0.0,0.0,0.0,1.8063541959970848e-06,4.126928773685272e-06,-4.550356816622573e-06,1.8042786532139836e-06,4.12464506387946e-06,-4.5491574498349675e-06,-9.629135765923825e-15,-1.1492085545851535e-13,2.91896625346697e-14,N,mm/s,N s,"all 217 exterior nodes vs true wall triangles, increment orientation"
0.0010161,8.904341790291703,130,441,880,640.0247158021599,,,180.4282989500097,412.46557617172596,-454.9169311522353,-2.443922296015002e-06,-2.673608208963221e-06,1.370045109161954e-06,-3.19505279e-06,-4.65817309e-06,4.92016938e-06,0.0,0.0,0.0,1.8063541959970848e-06,4.126928773685272e-06,-4.550356816622573e-06,1.8042780428640943e-06,4.124644453529571e-06,-4.549156839485078e-06,-5.6088278400418965e-14,7.894721456972766e-15,1.052490953006198e-14,N,mm/s,N s,"all 217 exterior nodes vs true wall triangles, increment orientation"
0.0010161999999999,8.98647824455665,130,441,880,640.0246005134419,,,180.42825317364245,412.4654846189916,-454.91687011707904,-2.4441139106775703e-06,-2.6738178320496984e-06,1.3701525269516783e-06,-3.19499631e-06,-4.65821652e-06,4.92019796e-06,0.0,0.0,0.0,1.8063541959970848e-06,4.126928773685272e-06,-4.550356816622573e-06,1.804277585101677e-06,4.124643538004737e-06,-4.54915622913519e-06,5.0053569509574364e-14,-1.7443932972762864e-13,-8.15345105884338e-15,N,mm/s,N s,"all 217 exterior nodes vs true wall triangles, increment orientation"
0.0010163,9.068603972759988,130,441,880,640.0245005902772,,,180.42819213848617,412.46542358383533,-454.9168090819228,-2.4443053607412847e-06,-2.674027275067912e-06,1.3702598524684794e-06,-3.19493988e-06,-4.65825992e-06,4.92022648e-06,0.0,0.0,0.0,1.8063541959970848e-06,4.126928773685272e-06,-4.550356816622573e-06,1.8042769747517874e-06,4.124642927654848e-06,-4.5491556187853005e-06,3.621453155327266e-15,-5.157314174650913e-14,-2.6845402291387436e-14,N,mm/s,N s,"all 217 exterior nodes vs true wall triangles, increment orientation"
0.0010164,9.150719408618542,130,441,880,640.0244006671144,,,180.4281311033299,412.465362548679,-454.91674804676654,-2.444496646206821e-06,-2.6742365380185974e-06,1.370367085712735e-06,-3.19488352e-06,-4.65830328e-06,4.92025496e-06,0.0,0.0,0.0,1.8063541959970848e-06,4.126928773685272e-06,-4.550356816622573e-06,1.804276364401898e-06,4.124642317304958e-06,-4.549155008435411e-06,-4.279716615242181e-14,7.13183191566576e-14,-4.5550932309108925e-14,N,mm/s,N s,"all 217 exterior nodes vs true wall triangles, increment orientation"
0.0010165,9.232823019634754,130,441,880,640.0242853783997,0.0,-1.0,180.42808532696267,412.46527099594465,-454.9166870116103,-2.4446877670740983e-06,-2.67444562090167e-06,1.3704742266844015e-06,-3.19482721e-06,-4.65834662e-06,4.92028338e-06,0.0,0.0,0.0,1.8063541959970848e-06,4.126928773685272e-06,-4.550356816622573e-06,1.8042759066394807e-06,4.124641401780124e-06,-4.549154398085522e-06,6.338517395585678e-14,-1.1093991156773623e-13,-6.42700258654148e-14,N,mm/s,N s,"all 217 exterior nodes vs true wall triangles, increment orientation"
0.0010165999999999,9.314893925621174,130,441,880,640.0241854552396,,,180.42802429180637,412.4652099607884,-454.91662597645404,-2.444878723343411e-06,-2.674654523717452e-06,1.3705812753836432e-06,-3.19477096e-06,-4.65838992e-06,4.92031175e-06,0.0,0.0,0.0,1.8063541959970848e-06,4.126928773685272e-06,-4.550356816622573e-06,1.804275296289591e-06,4.124640791430235e-06,-4.549153787735633e-06,1.69935174008847e-14,1.2002034193152756e-14,-8.3002667713712e-14,N,mm/s,N s,"all 217 exterior nodes vs true wall triangles, increment orientation"
0.0010167,9.396965229895876,130,441,880,640.0240658649509,,,180.4279632566501,412.46511840805397,-454.9165649412978,-2.445069515014294e-06,-2.674863246465432e-06,1.3706882318101991e-06,-3.19471477e-06,-4.6584332e-06,4.92034007e-06,0.0,0.0,0.0,1.8063541959970848e-06,4.126928773685272e-06,-4.550356816622573e-06,1.8042746859397015e-06,4.1246398759054005e-06,-4.549153177385743e-06,-2.938467387132487e-14,-1.7020575656626503e-13,-1.0174884514850633e-13,N,mm/s,N s,"all 217 exterior nodes vs true wall triangles, increment orientation"
0.0010168,9.479024593164864,130,441,880,640.0239659417944,,,180.4279022214938,412.4650573728977,-454.91650390614154,-2.4452601420874254e-06,-2.6750717891463534e-06,1.3707950959644497e-06,-3.19465864e-06,-4.65847644e-06,4.92036834e-06,0.0,0.0,0.0,1.8063541959970848e-06,4.126928773685272e-06,-4.550356816622573e-06,1.8042740755898122e-06,4.124639265555511e-06,-4.549152567035854e-06,-7.574940981340907e-14,-4.7213411497981465e-14,-1.2050854207617178e-13,N,mm/s,N s,"all 217 exterior nodes vs true wall triangles, increment orientation"
0.0010169,9.561062645998923,130,441,880,640.0238486289174,,,180.4278564451266,412.46499633774147,-454.91641235340717,-2.445450604562718e-06,-2.6752801517601203e-06,1.3709018678463456e-06,-3.19460256e-06,-4.65851965e-06,4.92039655e-06,0.0,0.0,0.0,1.8063541959970848e-06,4.126928773685272e-06,-4.550356816622573e-06,1.804273617827395e-06,4.124638655205623e-06,-4.5491516515110205e-06,3.0486770250095835e-14,7.580410146026386e-14,1.658931984296029e-13,N,mm/s,N s,"all 217 exterior nodes vs true wall triangles, increment orientation"
0.001017,9.64307878875004,130,441,880,640.0237290386328,0.0,-1.0,180.42779540997032,412.46490478500704,-454.9163513182509,-2.445640902440274e-06,-2.675488334306845e-06,1.3710085474559448e-06,-3.19454654e-06,-4.65856283e-06,4.92042472e-06,0.0,0.0,0.0,1.8063541959970848e-06,4.126928773685272e-06,-4.550356816622573e-06,1.8042730074775056e-06,4.124637739680788e-06,-4.549151041161131e-06,-1.5851088701297278e-14,-1.0632818393520272e-13,1.471065040208096e-13,N,mm/s,N s,"all 217 exterior nodes vs true wall triangles, increment orientation"
0.0010171,9.725083892263475,130,441,880,640.0236291154805,,,180.427734374814,412.4648437498508,-454.91629028309467,-2.445831035720197e-06,-2.6756963367866407e-06,1.3711151347933047e-06,-3.19449059e-06,-4.65860598e-06,4.92045283e-06,0.0,0.0,0.0,1.8063541959970848e-06,4.126928773685272e-06,-4.550356816622573e-06,1.8042723971276158e-06,4.124637129330899e-06,-4.549150430811243e-06,-6.217552493333349e-14,1.6739600428462148e-14,1.2830632992969371e-13,N,mm/s,N s,"all 217 exterior nodes vs true wall triangles, increment orientation"
0.0010172,9.80706746113374,130,441,880,640.0235138267731,,,180.4276885984468,412.4647521971164,-454.9162292479384,-2.446021004402587e-06,-2.6759041591996173e-06,1.3712216298584826e-06,-3.19443469e-06,-4.6586491e-06,4.92048089e-06,0.0,0.0,0.0,1.8063541959970848e-06,4.126928773685272e-06,-4.550356816622573e-06,1.8042719393651987e-06,4.124636213806066e-06,-4.5491498204613535e-06,4.410092392351684e-14,-1.6534245421916637e-13,1.0949269479098005e-13,N,mm/s,N s,"all 217 exterior nodes vs true wall triangles, increment orientation"
0.0010173,9.889039611540676,130,441,880,640.0234139036235,,,180.4276275632905,412.4646911619601,-454.91616821278217,-2.446210808487552e-06,-2.676111801545891e-06,1.371328032651537e-06,-3.19437884e-06,-4.65869219e-06,4.9205089e-06,0.0,0.0,0.0,1.8063541959970848e-06,4.126928773685272e-06,-4.550356816622573e-06,1.8042713290153094e-06,4.1246356034561755e-06,-4.549149210111464e-06,-2.196698210024618e-15,-4.222448230634373e-14,9.066561215719578e-14,N,mm/s,N s,"all 217 exterior nodes vs true wall triangles, increment orientation"
0.0010174,9.971011520814846,130,441,880,640.0233139804758,,,180.42756652813424,412.46463012680385,-454.9161071776259,-2.446400447975182e-06,-2.6763192638255634e-06,1.3714343431725206e-06,-3.19432306e-06,-4.65873524e-06,4.92053686e-06,0.0,0.0,0.0,1.8063541959970848e-06,4.126928773685272e-06,-4.550356816622573e-06,1.8042707186654199e-06,4.124634993106286e-06,-4.549148599761575e-06,-4.8480930023219403e-14,8.091855331138816e-14,7.182509473383511e-14,N,mm/s,N s,"all 217 exterior nodes vs true wall triangles, increment orientation"
0.0010175,10.052940574684833,130,441,880,640.0231986917715,0.0,-1.0,180.427520751767,412.4645385740695,-454.91604614246967,-2.4465899228655835e-06,-2.676526546038748e-06,1.3715405614214914e-06,-3.19426733e-06,-4.65877827e-06,4.92056477e-06,0.0,0.0,0.0,1.8063541959970848e-06,4.126928773685272e-06,-4.550356816622573e-06,1.8042702609030025e-06,4.124634077581453e-06,-4.549147989411686e-06,5.783569042994564e-14,-1.0108831360964438e-13,5.2971156920458146e-14,N,mm/s,N s,"all 217 exterior nodes vs true wall triangles, increment orientation"
0.0010176,10.134867993236304,130,441,880,640.0230987686266,,,180.4274597166107,412.4644775389132,-454.9159851073134,-2.4467792331588542e-06,-2.6767336481855534e-06,1.3716466873985046e-06,-3.19421167e-06,-4.65882127e-06,4.92059263e-06,0.0,0.0,0.0,1.8063541959970848e-06,4.126928773685272e-06,-4.550356816622573e-06,1.804269650553113e-06,4.1246334672315625e-06,-4.549147379061796e-06,1.1578208976016332e-14,2.2104782502303192e-14,3.4103813116624984e-14,N,mm/s,N s,"all 217 exterior nodes vs true wall triangles, increment orientation"
0.0010176999999999,10.21678568848922,130,441,880,640.0229791783547,,,180.42739868145443,412.4643859861788,-454.91592407215717,-2.4469683788552846e-06,-2.6769405702662954e-06,1.371752721103723e-06,-3.19415606e-06,-4.65886423e-06,4.92062044e-06,0.0,0.0,0.0,1.8063541959970848e-06,4.126928773685272e-06,-4.550356816622573e-06,1.8042690402032235e-06,4.124632551706729e-06,-4.549146768711907e-06,-3.466591349778536e-14,-1.5985206542912809e-13,1.5223079415961627e-14,N,mm/s,N s,"all 217 exterior nodes vs true wall triangles, increment orientation"
0.0010178,10.29867007650998,130,441,880,640.0228792552133,,,180.42733764629816,412.4643249510225,-454.9158630370009,-2.4471573599543982e-06,-2.6771473122804567e-06,1.3718586625368807e-06,-3.19410051e-06,-4.65890716e-06,4.92064819e-06,0.0,0.0,0.0,1.8063541959970848e-06,4.126928773685272e-06,-4.550356816622573e-06,1.804268429853334e-06,4.12463194135684e-06,-4.549146158362019e-06,-8.089668736761303e-14,-3.6608990985160725e-14,-3.671033170103612e-15,N,mm/s,N s,"all 217 exterior nodes vs true wall triangles, increment orientation"
0.0010179,10.380554808573324,130,441,880,640.0227836336423,,,180.4272918699309,412.46426391586624,-454.9158020018447,-2.447346176456866e-06,-2.677353874228768e-06,1.3719645116983525e-06,-3.19404501e-06,-4.65895006e-06,4.9206759e-06,0.0,0.0,0.0,1.8063541959970848e-06,4.126928773685272e-06,-4.550356816622573e-06,1.8042679720909166e-06,4.1246313310069504e-06,-4.549145548012129e-06,2.547334783023882e-14,8.665903959053159e-14,-2.257850685387884e-14,N,mm/s,N s,"all 217 exterior nodes vs true wall triangles, increment orientation"
0.001018,10.462427833223442,130,441,880,640.0226640433756,0.0,-1.0,180.42723083477463,412.46417236313187,-454.9157409666885,-2.4475348283625915e-06,-2.6775602561111246e-06,1.3720702685880847e-06,-3.19398958e-06,-4.65899294e-06,4.92070355e-06,0.0,0.0,0.0,1.8063541959970848e-06,4.126928773685272e-06,-4.550356816622573e-06,1.8042673617410273e-06,4.124630415482116e-06,-4.549144937662241e-06,-2.0730761654167524e-14,-9.522293740462599e-14,-4.1499330623935744e-14,N,mm/s,N s,"all 217 exterior nodes vs true wall triangles, increment orientation"
0.0010180999999999,10.544279268842958,130,441,880,640.0225641202388,,,180.42716979961835,412.46411132797556,-454.9156799315322,-2.4477233156718588e-06,-2.6777664579278367e-06,1.3721759332062362e-06,-3.1939342e-06,-4.65903578e-06,4.92073115e-06,0.0,0.0,0.0,1.8063541959970848e-06,4.126928773685272e-06,-4.550356816622573e-06,1.8042667513911378e-06,4.124629805132227e-06,-4.549144327312352e-06,-6.692155493361008e-14,2.8094944448144032e-14,-6.043348584554948e-14,N,mm/s,N s,"all 217 exterior nodes vs true wall triangles, increment orientation"
0.0010182,10.626109515648508,130,441,880,640.0224488315429,,,180.42712402325114,412.4640197752412,-454.915618896376,-2.447911638384198e-06,-2.67797247967839e-06,1.3722815055525438e-06,-3.19387889e-06,-4.65907859e-06,4.9207587e-06,0.0,0.0,0.0,1.8063541959970848e-06,4.126928773685272e-06,-4.550356816622573e-06,1.8042662936287206e-06,4.124628889607393e-06,-4.549143716962462e-06,3.948843014968254e-14,-1.537372236215832e-13,-7.93809606602588e-14,N,mm/s,N s,"all 217 exterior nodes vs true wall triangles, increment orientation"
0.0010183,10.7079279810016,130,441,880,640.022348908409,,,180.42706298809483,412.46395874008493,-454.9155578612197,-2.448099796500267e-06,-2.678178321363508e-06,1.3723869856273769e-06,-3.19382363e-06,-4.65912136e-06,4.9207862e-06,0.0,0.0,0.0,1.8063541959970848e-06,4.126928773685272e-06,-4.550356816622573e-06,1.804265683278831e-06,4.124628279257504e-06,-4.549143106612573e-06,-6.675761848293259e-15,-3.03695751950302e-14,-9.834174151553653e-14,N,mm/s,N s,"all 217 exterior nodes vs true wall triangles, increment orientation"
0.0010184,10.789735394366794,130,441,880,640.0222489852769,,,180.42700195293855,412.4638977049286,-454.9154968260635,-2.448287790019972e-06,-2.678383982983084e-06,1.3724923734306823e-06,-3.19376842e-06,-4.65916411e-06,4.92081364e-06,0.0,0.0,0.0,1.8063541959970848e-06,4.126928773685272e-06,-4.550356816622573e-06,1.8042650729289414e-06,4.124627668907614e-06,-4.549142496262684e-06,-5.2826669616799033e-14,9.302292348412934e-14,-1.1731581231775668e-13,N,mm/s,N s,"all 217 exterior nodes vs true wall triangles, increment orientation"
0.0010184999999999,10.871520825061442,130,441,880,640.0221120052764,0.0,-1.0,180.42695617657134,412.46380615219425,-454.9154052733291,-2.448475618943594e-06,-2.6785894645374254e-06,1.3725976689626178e-06,-3.19371328e-06,-4.65920683e-06,4.92084104e-06,0.0,0.0,0.0,1.8063541959970848e-06,4.126928773685272e-06,-4.550356816622573e-06,1.8042646151665242e-06,4.12462675338278e-06,-4.54914158073785e-06,5.362316857842014e-14,-8.873469128667941e-14,1.688717855534579e-13,N,mm/s,N s,"all 217 exterior nodes vs true wall triangles, increment orientation"
0.0010186,10.953284794230056,130,441,880,640.0220120821466,,,180.42689514141506,412.463745117038,-454.91534423817285,-2.448663283270661e-06,-2.678794766026018e-06,1.3727028722229186e-06,-3.1936582e-06,-4.65924952e-06,4.92086839e-06,0.0,0.0,0.0,1.8063541959970848e-06,4.126928773685272e-06,-4.550356816622573e-06,1.804264004816635e-06,4.124626143032891e-06,-4.549140970387961e-06,7.498798563910082e-15,3.470744860538692e-14,1.498711755149344e-13,N,mm/s,N s,"all 217 exterior nodes vs true wall triangles, increment orientation"
0.0010187,11.035037637513932,130,441,880,640.0218924918913,,,180.42683410625875,412.46365356430357,-454.9152832030166,-2.4488507830018265e-06,-2.678999887449575e-06,1.3728079832119502e-06,-3.19360317e-06,-4.65929217e-06,4.92089568e-06,0.0,0.0,0.0,1.8063541959970848e-06,4.126928773685272e-06,-4.550356816622573e-06,1.8042633944667452e-06,4.124625227508057e-06,-4.549140360038072e-06,-3.861231940838195e-14,-1.4700056815119536e-13,1.308573195751817e-13,N,mm/s,N s,"all 217 exterior nodes vs true wall triangles, increment orientation"
0.0010188,11.11679023138014,130,441,880,640.0217968703282,,,180.42678832989154,412.4635925291473,-454.91522216786035,-2.4490381181369925e-06,-2.6792048288079905e-06,1.3729130019296598e-06,-3.1935482e-06,-4.6593348e-06,4.92092292e-06,0.0,0.0,0.0,1.8063541959970848e-06,4.126928773685272e-06,-4.550356816622573e-06,1.804262936704328e-06,4.1246246171581674e-06,-4.549139749688182e-06,6.787727703107369e-14,-2.350887344358286e-14,1.1183022874562817e-13,N,mm/s,N s,"all 217 exterior nodes vs true wall triangles, increment orientation"
0.0010188999999999,11.198509703199104,130,441,880,640.021696947203,,,180.42672729473526,412.46353149399107,-454.9151611327041,-2.449225288676436e-06,-2.6794095901015664e-06,1.373017928376201e-06,-3.19349329e-06,-4.65937739e-06,4.92095011e-06,0.0,0.0,0.0,1.8063541959970848e-06,4.126928773685272e-06,-4.550356816622573e-06,1.8042623263544386e-06,4.124624006808279e-06,-4.549139139338294e-06,2.179263243827338e-14,1.0000756817861662e-13,9.278991996693273e-14,N,mm/s,N s,"all 217 exterior nodes vs true wall triangles, increment orientation"
0.001019,11.280207404334144,130,441,880,640.0215773569529,0.0,-1.0,180.42666625957898,412.46343994125664,-454.91510009754785,-2.4494122946196877e-06,-2.6796141713297897e-06,1.3731227625513109e-06,-3.19343844e-06,-4.65941995e-06,4.92097725e-06,0.0,0.0,0.0,1.8063541959970848e-06,4.126928773685272e-06,-4.550356816622573e-06,1.804261716004549e-06,4.124623091283445e-06,-4.549138528988405e-06,-2.4278791664286183e-14,-8.162621037530356e-14,7.373640679162255e-14,N,mm/s,N s,"all 217 exterior nodes vs true wall triangles, increment orientation"
0.0010191,11.36190574862952,130,441,880,640.0214774338314,,,180.42660522442267,412.4633789061004,-454.9150390623916,-2.4495991359673923e-06,-2.6798185724933672e-06,1.3732275044553514e-06,-3.19338364e-06,-4.65946248e-06,4.92100434e-06,0.0,0.0,0.0,1.8063541959970848e-06,4.126928773685272e-06,-4.550356816622573e-06,1.8042611056546593e-06,4.124622480933555e-06,-4.549137918638515e-06,-7.033700586451684e-14,4.19396590075e-14,5.4669702772224774e-14,N,mm/s,N s,"all 217 exterior nodes vs true wall triangles, increment orientation"
0.0010192,11.443592313489033,130,441,880,640.021362145146,,,180.42655944805546,412.463287353366,-454.91497802723535,-2.4497858127194524e-06,-2.6800227935921905e-06,1.373332154088268e-06,-3.19332891e-06,-4.65950498e-06,4.92103138e-06,0.0,0.0,0.0,1.8063541959970848e-06,4.126928773685272e-06,-4.550356816622573e-06,1.8042606478922422e-06,4.124621565408722e-06,-4.549137308288626e-06,3.620545220711104e-14,-1.3964473329043051e-13,3.558982315533246e-14,N,mm/s,N s,"all 217 exterior nodes vs true wall triangles, increment orientation"
0.0010193,11.525245872522948,130,441,880,640.0212622220271,,,180.42649841289918,412.4632263182097,-454.9149169920791,-2.449972324875955e-06,-2.680226834626355e-06,1.3734367114501092e-06,-3.19327423e-06,-4.65954745e-06,4.92105836e-06,0.0,0.0,0.0,1.8063541959970848e-06,4.126928773685272e-06,-4.550356816622573e-06,1.8042600375423529e-06,4.124620955058832e-06,-4.549136697938737e-06,-9.82637331692262e-15,-1.6029520850317606e-14,1.6496782340505705e-14,N,mm/s,N s,"all 217 exterior nodes vs true wall triangles, increment orientation"
0.0010194,11.60689944752052,130,441,880,640.0211622989101,,,180.4264373777429,412.46316528305346,-454.91485595692285,-2.450158672436985e-06,-2.680430695595954e-06,1.3735411765409224e-06,-3.19321961e-06,-4.65958989e-06,4.9210853e-06,0.0,0.0,0.0,1.8063541959970848e-06,4.126928773685272e-06,-4.550356816622573e-06,1.8042594271924634e-06,4.124620344708942e-06,-4.5491360875888475e-06,-5.5845020914121134e-14,1.0761033347229682e-13,-2.6094061197283296e-15,N,mm/s,N s,"all 217 exterior nodes vs true wall triangles, increment orientation"
0.0010195,11.688531577837646,130,441,880,640.021047010228,0.0,-1.0,180.42639160137566,412.4630737303191,-454.9147949217666,-2.4503448554026285e-06,-2.6806343765010814e-06,1.3736455493607558e-06,-3.19316505e-06,-4.6596323e-06,4.92111218e-06,0.0,0.0,0.0,1.8063541959970848e-06,4.126928773685272e-06,-4.550356816622573e-06,1.804258969430046e-06,4.124619429184109e-06,-4.549135477238959e-06,5.073697114977042e-14,-7.390013741329386e-14,-2.1728727825809542e-14,N,mm/s,N s,"all 217 exterior nodes vs true wall triangles, increment orientation"
0.0010195999999999,11.77014208340868,130,441,880,640.0209470871139,,,180.42633056621938,412.4630126951628,-454.91473388661035,-2.450530873773154e-06,-2.6808378773420322e-06,1.3737498299097607e-06,-3.19311055e-06,-4.65967468e-06,4.92113901e-06,0.0,0.0,0.0,1.8063541959970848e-06,4.126928773685272e-06,-4.550356816622573e-06,1.8042583590801565e-06,4.124618818834219e-06,-4.54913486688907e-06,4.7446480660231485e-15,4.978893460575373e-14,-4.086116753114488e-14,N,mm/s,N s,"all 217 exterior nodes vs true wall triangles, increment orientation"
0.0010197,11.851741063723727,130,441,880,640.0208274968764,,,180.4262695310631,412.4629211424284,-454.9146728514541,-2.4507167275480908e-06,-2.681041198118289e-06,1.3738540181876715e-06,-3.1930561e-06,-4.65971703e-06,4.92116579e-06,0.0,0.0,0.0,1.8063541959970848e-06,4.126928773685272e-06,-4.550356816622573e-06,1.804257748730267e-06,4.124617903309385e-06,-4.5491342565391805e-06,-4.1234529066382737e-14,-1.3167235924098526e-13,-6.00067099891413e-14,N,mm/s,N s,"all 217 exterior nodes vs true wall triangles, increment orientation"
0.0010198,11.93332870932778,130,441,880,640.0207318753227,,,180.42622375469588,412.46286010727215,-454.91461181629785,-2.450902416728076e-06,-2.6812443388305496e-06,1.3739581141948474e-06,-3.19300172e-06,-4.65975934e-06,4.92119252e-06,0.0,0.0,0.0,1.8063541959970848e-06,4.126928773685272e-06,-4.550356816622573e-06,1.8042572909678498e-06,4.124617292959496e-06,-4.549133646189291e-06,6.538690191032416e-14,-7.934153381766295e-15,-7.916534334133753e-14,N,mm/s,N s,"all 217 exterior nodes vs true wall triangles, increment orientation"
0.0010199,12.014894385430612,130,441,880,640.0206319522131,,,180.42616271953958,412.46279907211584,-454.9145507811416,-2.451087941313008e-06,-2.681447299478704e-06,1.3740621179312304e-06,-3.19294739e-06,-4.65980163e-06,4.9212192e-06,0.0,0.0,0.0,1.8063541959970848e-06,4.126928773685272e-06,-4.550356816622573e-06,1.80425668061796e-06,4.124616682609607e-06,-4.549133035839402e-06,1.9433985763898476e-14,1.1582858763380284e-13,-9.833705149410758e-14,N,mm/s,N s,"all 217 exterior nodes vs true wall triangles, increment orientation"
0.0010199999999999,12.096460770395932,130,441,880,640.0205123619809,0.0,-1.0,180.4261016843833,412.46270751938147,-454.91448974598535,-2.451273301303153e-06,-2.681650080063043e-06,1.3741660293969698e-06,-3.19289312e-06,-4.65984388e-06,4.92124583e-06,0.0,0.0,0.0,1.8063541959970848e-06,4.126928773685272e-06,-4.550356816622573e-06,1.8042560702680708e-06,4.124615767084773e-06,-4.549132425489513e-06,-2.6505815771404873e-14,-6.555910159091859e-14,-1.175218208949243e-13,N,mm/s,N s,"all 217 exterior nodes vs true wall triangles, increment orientation"
0.0010201,12.177993881383786,130,441,880,640.0203907475567,,,180.42604064922702,412.4626464842252,-454.914398193251,-2.451458496698036e-06,-2.681852680583047e-06,1.3742698485918e-06,-3.19283891e-06,-4.65988611e-06,4.9212724e-06,0.0,0.0,0.0,1.8063541959970848e-06,4.126928773685272e-06,-4.550356816622573e-06,1.8042554599181813e-06,4.124615156734884e-06,-4.549131509964679e-06,-7.243251413053067e-14,5.825264705691278e-14,1.684553070765895e-13,N,mm/s,N s,"all 217 exterior nodes vs true wall triangles, increment orientation"
0.0010202,12.259515156343316,130,441,880,640.0202754588818,,,180.4259948728598,412.4625549314908,-454.9143371580947,-2.4516435274982925e-06,-2.68205510103941e-06,1.374373575516076e-06,-3.19278476e-06,-4.6599283e-06,4.92129893e-06,0.0,0.0,0.0,1.8063541959970848e-06,4.126928773685272e-06,-4.550356816622573e-06,1.8042550021557641e-06,4.1246142412100495e-06,-4.54913089961479e-06,3.424135347956719e-14,-1.2308607773422672e-13,1.4924445922539272e-13,N,mm/s,N s,"all 217 exterior nodes vs true wall triangles, increment orientation"
0.0010203,12.34102666273734,130,441,880,640.0201755357781,,,180.4259338377035,412.46249389633454,-454.9142761229385,-2.451828393703816e-06,-2.6822573414320184e-06,1.374477210169739e-06,-3.19273066e-06,-4.65997046e-06,4.9213254e-06,0.0,0.0,0.0,1.8063541959970848e-06,4.126928773685272e-06,-4.550356816622573e-06,1.8042543918058744e-06,4.12461363086016e-06,-4.5491302892649005e-06,-1.1659169020389608e-14,7.745929955392181e-16,1.3002059247779665e-13,N,mm/s,N s,"all 217 exterior nodes vs true wall triangles, increment orientation"
0.0010203999999999,12.422505100345656,130,441,880,640.0200559455523,,,180.42587280254722,412.46240234360016,-454.9142150877822,-2.452013095314871e-06,-2.682459401761158e-06,1.374580752552937e-06,-3.19267663e-06,-4.66001259e-06,4.92135182e-06,0.0,0.0,0.0,1.8063541959970848e-06,4.126928773685272e-06,-4.550356816622573e-06,1.804253781455985e-06,4.124612715335327e-06,-4.549129678915012e-06,-5.75466196843879e-14,-1.805152503712472e-13,1.1078372123336138e-13,N,mm/s,N s,"all 217 exterior nodes vs true wall triangles, increment orientation"
0.0010205,12.50399343798532,130,441,880,640.0199603240047,0.0,-1.0,180.42582702618,412.46234130844385,-454.914154052626,-2.4521976323309805e-06,-2.682661282026309e-06,1.3746842026654028e-06,-3.19262265e-06,-4.66005469e-06,4.92137819e-06,0.0,0.0,0.0,1.8063541959970848e-06,4.126928773685272e-06,-4.550356816622573e-06,1.8042533236935677e-06,4.124612104985437e-06,-4.549129068565123e-06,4.91664636453437e-14,-5.660574310987435e-14,9.15338632797788e-14,N,mm/s,N s,"all 217 exterior nodes vs true wall triangles, increment orientation"
0.0010206,12.585450398137976,130,441,880,640.0198604009057,,,180.42576599102372,412.4622802732876,-454.9140930174697,-2.452382004752776e-06,-2.6828629822281614e-06,1.37478756050749e-06,-3.19256873e-06,-4.66009676e-06,4.92140451e-06,0.0,0.0,0.0,1.8063541959970848e-06,4.126928773685272e-06,-4.550356816622573e-06,1.8042527133436785e-06,4.124611494635547e-06,-4.5491284582152335e-06,3.3051251012851217e-15,6.732815361818172e-14,7.22710287814443e-14,N,mm/s,N s,"all 217 exterior nodes vs true wall triangles, increment orientation"
0.0010207,12.66688442099264,130,441,880,640.0197408106849,,,180.42570495586742,412.46218872055323,-454.9140319823135,-2.4525662125801467e-06,-2.6830645023665954e-06,1.3748908260791372e-06,-3.19251487e-06,-4.6601388e-06,4.92143078e-06,0.0,0.0,0.0,1.8063541959970848e-06,4.126928773685272e-06,-4.550356816622573e-06,1.8042521029937887e-06,4.124610579110714e-06,-4.549127847865344e-06,-4.254317379406695e-14,-1.138885272777856e-13,5.299523383198385e-14,N,mm/s,N s,"all 217 exterior nodes vs true wall triangles, increment orientation"
0.0010207999999999,12.748318136162974,130,441,880,640.0196451891402,,,180.4256591795002,412.4621276853969,-454.9139709471572,-2.452750255813356e-06,-2.6832658424418973e-06,1.3749939993804911e-06,-3.19246107e-06,-4.66018081e-06,4.921457e-06,0.0,0.0,0.0,1.8063541959970848e-06,4.126928773685272e-06,-4.550356816622573e-06,1.8042516452313716e-06,4.1246099687608245e-06,-4.549127237515455e-06,6.420902954057536e-14,1.009408146803413e-14,3.3706493677990515e-14,N,mm/s,N s,"all 217 exterior nodes vs true wall triangles, increment orientation"
0.0010209,12.829730546251756,130,441,880,640.0195255989229,,,180.42559814434392,412.46203613266255,-454.913909912001,-2.452934134451923e-06,-2.683467002453543e-06,1.3750970804112832e-06,-3.19240732e-06,-4.66022279e-06,4.92148316e-06,0.0,0.0,0.0,1.8063541959970848e-06,4.126928773685272e-06,-4.550356816622573e-06,1.804251034881482e-06,4.12460905323599e-06,-4.549126627165566e-06,1.8386779025933724e-14,-1.710739314558828e-13,1.4404821024958502e-14,N,mm/s,N s,"all 217 exterior nodes vs true wall triangles, increment orientation"
0.001021,12.911131314236329,130,441,880,640.0194256758301,0.0,-1.0,180.42553710918764,412.4619750975063,-454.9138488768447,-2.4531178484964755e-06,-2.6836679824022173e-06,1.3752000691718644e-06,-3.19235363e-06,-4.66026474e-06,4.92150928e-06,0.0,0.0,0.0,1.8063541959970848e-06,4.126928773685272e-06,-4.550356816622573e-06,1.8042504245315926e-06,4.124608442886101e-06,-4.549126016815677e-06,-2.74224640272534e-14,-4.70426945485612e-14,-4.909770574585033e-15,N,mm/s,N s,"all 217 exterior nodes vs true wall triangles, increment orientation"
0.0010211,12.992510765801413,130,441,880,640.0193257527393,,,180.42547607403134,412.46191406235,-454.9137878416885,-2.4533013979469047e-06,-2.6838687822878018e-06,1.375302965662174e-06,-3.19230001e-06,-4.66030665e-06,4.92153534e-06,0.0,0.0,0.0,1.8063541959970848e-06,4.126928773685272e-06,-4.550356816622573e-06,1.8042498141817028e-06,4.1246078325362116e-06,-4.549125406465788e-06,-7.32187093598649e-14,7.701282340522638e-14,-2.42372633329482e-14,N,mm/s,N s,"all 217 exterior nodes vs true wall triangles, increment orientation"
0.0010211999999999,13.073878442525295,130,441,880,640.019210464076,,,180.42543029766412,412.4618225096156,-454.9137268065322,-2.453484782803462e-06,-2.684069402110572e-06,1.375405769882353e-06,-3.19224644e-06,-4.66034854e-06,4.92156135e-06,0.0,0.0,0.0,1.8063541959970848e-06,4.126928773685272e-06,-4.550356816622573e-06,1.8042493564192857e-06,4.124606917011378e-06,-4.549124796115899e-06,3.358550497411237e-14,-1.0408234129709489e-13,-4.357764623870268e-14,N,mm/s,N s,"all 217 exterior nodes vs true wall triangles, increment orientation"
0.0010213,13.155236356535648,130,441,880,640.019110540988,,,180.42536926250784,412.46176147445937,-454.913665771376,-2.453668003065672e-06,-2.684269841870008e-06,1.3755084818321355e-06,-3.19219293e-06,-4.66039039e-06,4.92158731e-06,0.0,0.0,0.0,1.8063541959970848e-06,4.126928773685272e-06,-4.550356816622573e-06,1.8042487460693964e-06,4.124606306661489e-06,-4.549124185766009e-06,-1.2184776469325188e-14,2.0021678610285427e-14,-6.293090150415659e-14,N,mm/s,N s,"all 217 exterior nodes vs true wall triangles, increment orientation"
0.0010214,13.236571008922994,130,441,880,640.0189909507798,,,180.42530822735154,412.46166992172493,-454.9136047362197,-2.453851058734155e-06,-2.684470101566788e-06,1.375611101511869e-06,-3.19213947e-06,-4.66043222e-06,4.92161322e-06,0.0,0.0,0.0,1.8063541959970848e-06,4.126928773685272e-06,-4.550356816622573e-06,1.8042481357195067e-06,4.124605391136654e-06,-4.54912357541612e-06,-5.794209301471383e-14,-1.6102502818415637e-13,-8.229701896491455e-14,N,mm/s,N s,"all 217 exterior nodes vs true wall triangles, increment orientation"
0.0010215,13.317894555172757,130,441,880,640.0188953292416,0.0,-1.0,180.42526245098432,412.4616088865687,-454.9135437010635,-2.4540339498087995e-06,-2.6846701812007896e-06,1.3757136289214902e-06,-3.19208608e-06,-4.66047401e-06,4.92163908e-06,0.0,0.0,0.0,1.8063541959970848e-06,4.126928773685272e-06,-4.550356816622573e-06,1.8042476779570895e-06,4.124604780786765e-06,-4.549122965066231e-06,4.890101770747607e-14,-3.6872592720543947e-14,-1.0167598083328467e-13,N,mm/s,N s,"all 217 exterior nodes vs true wall triangles, increment orientation"
0.0010216,13.39919752205009,130,441,880,640.0187954061582,,,180.42520141582804,412.46154785141243,-454.9134826659072,-2.454216676289673e-06,-2.684870080772088e-06,1.3758160640610377e-06,-3.19203274e-06,-4.66051578e-06,4.92166489e-06,0.0,0.0,0.0,1.8063541959970848e-06,4.126928773685272e-06,-4.550356816622573e-06,1.8042470676072e-06,4.124604170436876e-06,-4.5491223547163415e-06,3.169600676757381e-15,8.730402129854785e-14,-1.2106777440377275e-13,N,mm/s,N s,"all 217 exterior nodes vs true wall triangles, increment orientation"
0.0010217,13.480487708556211,130,441,880,640.0186541246262,,,180.42514038067176,412.461456298678,-454.91339111317285,-2.4543992381768424e-06,-2.6850698002807542e-06,1.3759184069305482e-06,-3.19197947e-06,-4.66055751e-06,4.92169065e-06,0.0,0.0,0.0,1.8063541959970848e-06,4.126928773685272e-06,-4.550356816622573e-06,1.8042464572573105e-06,4.1246032549120415e-06,-4.549121439191508e-06,-4.2548882796131443e-14,-9.367015406462056e-14,1.6470255809696542e-13,N,mm/s,N s,"all 217 exterior nodes vs true wall triangles, increment orientation"
0.0010218,13.561757644874511,130,441,880,640.0185585030904,,,180.42509460430452,412.46139526352175,-454.9133300780166,-2.45458163547038e-06,-2.685269339726869e-06,1.3760206575300634e-06,-3.19192625e-06,-4.66059921e-06,4.92171635e-06,0.0,0.0,0.0,1.8063541959970848e-06,4.126928773685272e-06,-4.550356816622573e-06,1.804245999494893e-06,4.124602644562152e-06,-4.549120828841619e-06,6.433302944658099e-14,3.05547493027942e-14,1.4528514432092174e-13,N,mm/s,N s,"all 217 exterior nodes vs true wall triangles, increment orientation"
0.0010218999999999,13.643014821829258,130,441,880,640.0184389128898,,,180.42503356914824,412.4613037107874,-454.91326904286035,-2.454763868170535e-06,-2.6854686991107043e-06,1.3761228158597218e-06,-3.19187309e-06,-4.66064088e-06,4.921742e-06,0.0,0.0,0.0,1.8063541959970848e-06,4.126928773685272e-06,-4.550356816622573e-06,1.8042453891450036e-06,4.124601729037319e-06,-4.54912021849173e-06,1.864038217264932e-14,-1.503711773696327e-13,1.258549420414404e-13,N,mm/s,N s,"all 217 exterior nodes vs true wall triangles, increment orientation"
0.001022,13.724262232558756,130,441,880,640.0183389898123,0.0,-1.0,180.42497253399196,412.46124267563107,-454.9132080077041,-2.454945936276823e-06,-2.6856678784317315e-06,1.376224881919253e-06,-3.19181998e-06,-4.66068252e-06,4.92176761e-06,0.0,0.0,0.0,1.8063541959970848e-06,4.126928773685272e-06,-4.550356816622573e-06,1.8042447787951143e-06,4.124601118687429e-06,-4.549119608141841e-06,-2.7039363307188014e-14,-2.6098068510156756e-14,1.0641196565808154e-13,N,mm/s,N s,"all 217 exterior nodes vs true wall triangles, increment orientation"
0.0010221,13.805487647881431,130,441,880,640.0182390667366,,,180.42491149883568,412.4611816404748,-454.91314697254785,-2.45512783978986e-06,-2.685866877690623e-06,1.3763268557090017e-06,-3.19176694e-06,-4.66072413e-06,4.92179316e-06,0.0,0.0,0.0,1.8063541959970848e-06,4.126928773685272e-06,-4.550356816622573e-06,1.8042441684452248e-06,4.12460050833754e-06,-4.549118997791952e-06,-7.270621800435932e-14,9.819911302568016e-14,8.695622957040523e-14,N,mm/s,N s,"all 217 exterior nodes vs true wall triangles, increment orientation"
0.0010222,13.886702020790963,130,441,880,640.0181237780837,,,180.42486572246844,412.46109008774044,-454.9130859373916,-2.455309578709528e-06,-2.686065696887249e-06,1.376428737228901e-06,-3.19171395e-06,-4.66076571e-06,4.92181866e-06,0.0,0.0,0.0,1.8063541959970848e-06,4.126928773685272e-06,-4.550356816622573e-06,1.8042437106828074e-06,4.124599592812707e-06,-4.549118387442062e-06,3.422728002714856e-14,-8.265459985282858e-14,6.748774817797159e-14,N,mm/s,N s,"all 217 exterior nodes vs true wall triangles, increment orientation"
0.0010222999999999,13.967899532794377,130,441,880,640.0180238550108,,,180.42480468731216,412.46102905258414,-454.91302490223535,-2.455491153036071e-06,-2.686264336021879e-06,1.3765305264790897e-06,-3.19166103e-06,-4.66080726e-06,4.9218441e-06,0.0,0.0,0.0,1.8063541959970848e-06,4.126928773685272e-06,-4.550356816622573e-06,1.804243100332918e-06,4.1245989824628165e-06,-4.549117777092173e-06,-1.1413823809635032e-14,4.169066012012744e-14,4.800653588034071e-14,N,mm/s,N s,"all 217 exterior nodes vs true wall triangles, increment orientation"
0.0010224,14.04907542251529,130,441,880,640.0179042648194,,,180.42474365215588,412.46093749984976,-454.9129638670791,-2.45567256276901e-06,-2.686462795093987e-06,1.3766322234592977e-06,-3.19160816e-06,-4.66084878e-06,4.9218695e-06,0.0,0.0,0.0,1.8063541959970848e-06,4.126928773685272e-06,-4.550356816622573e-06,1.8042424899830284e-06,4.124598066937983e-06,-4.549117166742284e-06,-5.704206820397165e-14,-1.3911501497884367e-13,2.8512607924105655e-14,N,mm/s,N s,"all 217 exterior nodes vs true wall triangles, increment orientation"
0.0010225,14.130240136461806,130,441,880,640.0178086432902,0.0,-1.0,180.42469787578867,412.4608764646935,-454.91290283192285,-2.455853807908953e-06,-2.68666107410424e-06,1.3767338281698663e-06,-3.19155535e-06,-4.66089026e-06,4.92189485e-06,0.0,0.0,0.0,1.8063541959970848e-06,4.126928773685272e-06,-4.550356816622573e-06,1.8042420322206112e-06,4.124597456588094e-06,-4.5491165563923945e-06,4.993000879015188e-14,-1.4721758730964433e-14,9.005977014760625e-15,N,mm/s,N s,"all 217 exterior nodes vs true wall triangles, increment orientation"
0.0010226,14.21138811707008,130,441,880,640.0177087202219,,,180.42463684063236,412.4608154295372,-454.9128417967666,-2.4560348884557776e-06,-2.6868591730525013e-06,1.3768353406107266e-06,-3.1915026e-06,-4.66093172e-06,4.92192014e-06,0.0,0.0,0.0,1.8063541959970848e-06,4.126928773685272e-06,-4.550356816622573e-06,1.8042414218707215e-06,4.1245968462382035e-06,-4.549115946042506e-06,4.327451305215463e-15,1.0969546262009147e-13,-1.0513342448134275e-14,N,mm/s,N s,"all 217 exterior nodes vs true wall triangles, increment orientation"
0.0010226999999999,14.29251953891452,130,441,880,640.0175891300356,,,180.42457580547608,412.46072387680283,-454.91278076161035,-2.456215804409728e-06,-2.687057091939039e-06,1.3769367607820147e-06,-3.1914499e-06,-4.66097315e-06,4.92194539e-06,0.0,0.0,0.0,1.8063541959970848e-06,4.126928773685272e-06,-4.550356816622573e-06,1.8042408115208322e-06,4.12459593071337e-06,-4.549115335692617e-06,-4.126227828925126e-14,-7.10383146282508e-14,-3.0045334370953046e-14,N,mm/s,N s,"all 217 exterior nodes vs true wall triangles, increment orientation"
0.0010228,14.373634401138556,130,441,880,640.0174935085092,,,180.42453002910887,412.4606628416466,-454.9127197264541,-2.4563965557703208e-06,-2.6872548307633265e-06,1.3770380886834624e-06,-3.19139727e-06,-4.66101454e-06,4.92197058e-06,0.0,0.0,0.0,1.8063541959970848e-06,4.126928773685272e-06,-4.550356816622573e-06,1.804240353758415e-06,4.124595320363481e-06,-4.5491147253427275e-06,6.574828110573192e-14,5.342677678981918e-14,-4.958998604820148e-14,N,mm/s,N s,"all 217 exterior nodes vs true wall triangles, increment orientation"
0.0010229,14.454743839616858,130,441,880,640.0173739183264,,,180.4244689939526,412.46057128891215,-454.91265869129785,-2.456577142538159e-06,-2.687452389526021e-06,1.3771393243154053e-06,-3.19134469e-06,-4.66105591e-06,4.92199572e-06,0.0,0.0,0.0,1.8063541959970848e-06,4.126928773685272e-06,-4.550356816622573e-06,1.8042397434085256e-06,4.124594404838646e-06,-4.549114114992838e-06,2.0184174469677876e-14,-1.2725917443722227e-13,-6.914728308031947e-14,N,mm/s,N s,"all 217 exterior nodes vs true wall triangles, increment orientation"
0.001023,14.535825719462936,130,441,880,640.0172739952644,0.0,-1.0,180.42440795879628,412.4605102537559,-454.9125976561416,-2.45675756471312e-06,-2.687649768226989e-06,1.377240467677775e-06,-3.19129217e-06,-4.66109724e-06,4.92202081e-06,0.0,0.0,0.0,1.8063541959970848e-06,4.126928773685272e-06,-4.550356816622573e-06,1.8042391330586358e-06,4.124593794488758e-06,-4.549113504642949e-06,-2.5367136886674945e-14,-2.7462968083999915e-15,-8.871720937368103e-14,N,mm/s,N s,"all 217 exterior nodes vs true wall triangles, increment orientation"
0.0010230999999999,14.61690251925447,130,441,880,640.0171740722044,,,180.42434692364,412.46044921859965,-454.91253662098535,-2.456937822295444e-06,-2.6878469668664938e-06,1.377341518770707e-06,-3.19123971e-06,-4.66113854e-06,4.92204585e-06,0.0,0.0,0.0,1.8063541959970848e-06,4.126928773685272e-06,-4.550356816622573e-06,1.8042385227087463e-06,4.124593184138869e-06,-4.54911289429306e-06,-7.090566312772191e-14,1.2179044004448055e-13,-1.0829975306982488e-13,N,mm/s,N s,"all 217 exterior nodes vs true wall triangles, increment orientation"
0.0010232,14.697951274011006,130,441,880,640.017058783563,,,180.42430114727279,412.4603576658652,-454.9124755858291,-2.457117915284645e-06,-2.688043985444004e-06,1.377442477593928e-06,-3.19118731e-06,-4.66117982e-06,4.92207084e-06,0.0,0.0,0.0,1.8063541959970848e-06,4.126928773685272e-06,-4.550356816622573e-06,1.8042380649463292e-06,4.124592268614034e-06,-4.549112283943171e-06,3.6156057692550143e-14,-5.882392842818844e-14,-1.27894898922158e-13,N,mm/s,N s,"all 217 exterior nodes vs true wall triangles, increment orientation"
0.0010233,14.778994956667187,130,441,880,640.0169371691667,,,180.4242401121165,412.46029663070897,-454.9123840330947,-2.457297843681322e-06,-2.6882408239601723e-06,1.3775433441477734e-06,-3.19113497e-06,-4.66122106e-06,4.92209577e-06,0.0,0.0,0.0,1.8063541959970848e-06,4.126928773685272e-06,-4.550356816622573e-06,1.8042374545964399e-06,4.124591658264145e-06,-4.549111368418337e-06,-9.356929658104157e-15,6.576046588643641e-14,1.5767231423079566e-13,N,mm/s,N s,"all 217 exterior nodes vs true wall triangles, increment orientation"
0.0010234,14.860022510772488,130,441,880,640.0168175789919,,,180.4241790769602,412.4602050779746,-454.9123229979385,-2.45747760748535e-06,-2.688437482414866e-06,1.3776441184321754e-06,-3.19108268e-06,-4.66126227e-06,4.92212066e-06,0.0,0.0,0.0,1.8063541959970848e-06,4.126928773685272e-06,-4.550356816622573e-06,1.8042368442465502e-06,4.1245907427393115e-06,-4.5491107580684475e-06,-5.4857164292462833e-14,-1.1480628578206973e-13,1.3805200895883026e-13,N,mm/s,N s,"all 217 exterior nodes vs true wall triangles, increment orientation"
0.0010234999999999,14.941033133565078,130,441,880,640.0167219574716,0.0,-1.0,180.42413330059298,412.4601440428183,-454.9122619627822,-2.4576572066969635e-06,-2.688633960808338e-06,1.3777448004472627e-06,-3.19103046e-06,-4.66130345e-06,4.92214549e-06,0.0,0.0,0.0,1.8063541959970848e-06,4.126928773685272e-06,-4.550356816622573e-06,1.804236386484133e-06,4.124590132389421e-06,-4.549110147718559e-06,5.224281615900375e-14,9.825682985070607e-15,1.1841914388232297e-13,N,mm/s,N s,"all 217 exterior nodes vs true wall triangles, increment orientation"
0.0010236,15.022026355087686,130,441,880,640.0166023673004,,,180.4240722654367,412.4600524900839,-454.912200927626,-2.457836641315678e-06,-2.6888302591400613e-06,1.3778453901927653e-06,-3.19097829e-06,-4.6613446e-06,4.92217027e-06,0.0,0.0,0.0,1.8063541959970848e-06,4.126928773685272e-06,-4.550356816622573e-06,1.8042357761342435e-06,4.124589216864588e-06,-4.54910953736867e-06,6.768056675808456e-15,-1.7069353742960036e-13,9.877373594193275e-14,N,mm/s,N s,"all 217 exterior nodes vs true wall triangles, increment orientation"
0.0010237,15.103004220119717,130,441,880,640.0165024442489,,,180.4240112302804,412.4599914549276,-454.9121398924697,-2.458015911342088e-06,-2.689026377410684e-06,1.3779458876690155e-06,-3.19092618e-06,-4.66138572e-06,4.92219501e-06,0.0,0.0,0.0,1.8063541959970848e-06,4.126928773685272e-06,-4.550356816622573e-06,1.8042351657843538e-06,4.124588606514698e-06,-4.5491089270187805e-06,-3.8693981854826735e-14,-4.601407976027221e-14,7.911579699612084e-14,N,mm/s,N s,"all 217 exterior nodes vs true wall triangles, increment orientation"
0.0010238,15.183965647257317,130,441,880,640.0164025211993,,,180.42395019512412,412.45993041977135,-454.9120788573135,-2.458195016776064e-06,-2.6892223156200647e-06,1.378046292875942e-06,-3.19087413e-06,-4.66142681e-06,4.92221969e-06,0.0,0.0,0.0,1.8063541959970848e-06,4.126928773685272e-06,-4.550356816622573e-06,1.8042345554344643e-06,4.124587996164808e-06,-4.549108316668891e-06,-8.414330959729719e-14,7.868909229048022e-14,5.944534313851325e-14,N,mm/s,N s,"all 217 exterior nodes vs true wall triangles, increment orientation"
0.0010239,15.264909833875851,130,441,880,640.0162872325653,,,180.4239044187569,412.459838867037,-454.9120178221572,-2.4583739576176585e-06,-2.6894180737682617e-06,1.3781466058135732e-06,-3.19082214e-06,-4.66146787e-06,4.92224432e-06,0.0,0.0,0.0,1.8063541959970848e-06,4.126928773685272e-06,-4.550356816622573e-06,1.804234097672047e-06,4.124587080639975e-06,-4.549107706319002e-06,2.3007535394410248e-14,-1.017589883680497e-13,3.9762387074604184e-14,N,mm/s,N s,"all 217 exterior nodes vs true wall triangles, increment orientation"
0.001024,15.34583819215574,130,441,880,640.0161873095185,0.0,-1.0,180.42384338360063,412.4597778318807,-454.911956787001,-2.4585527338669205e-06,-2.689613651855329e-06,1.3782468264819372e-06,-3.1907702e-06,-4.6615089e-06,4.92226889e-06,0.0,0.0,0.0,1.8063541959970848e-06,4.126928773685272e-06,-4.550356816622573e-06,1.8042334873221578e-06,4.124586470290086e-06,-4.549107095969113e-06,-2.2416402323708023e-14,2.299154722401435e-14,2.006694320395375e-14,N,mm/s,N s,"all 217 exterior nodes vs true wall triangles, increment orientation"
0.0010241,15.426753713521132,130,441,880,640.0160677193564,,,180.42378234844432,412.4596862791463,-454.9118957518447,-2.4587313455239063e-06,-2.689809049881328e-06,1.3783469548810651e-06,-3.19071833e-06,-4.6615499e-06,4.92229342e-06,0.0,0.0,0.0,1.8063541959970848e-06,4.126928773685272e-06,-4.550356816622573e-06,1.804232876972268e-06,4.124585554765251e-06,-4.549106485619224e-06,-6.782766165267179e-14,-1.5740921224485132e-13,3.59027620187944e-16,N,mm/s,N s,"all 217 exterior nodes vs true wall triangles, increment orientation"
0.0010241999999999,15.507660485615643,130,441,880,640.0159720978428,,,180.4237365720771,412.45962524399005,-454.91183471668853,-2.458909792588842e-06,-2.690004267846503e-06,1.3784469910110837e-06,-3.19066651e-06,-4.66159086e-06,4.9223179e-06,0.0,0.0,0.0,1.8063541959970848e-06,4.126928773685272e-06,-4.550356816622573e-06,1.804232419209851e-06,4.124584944415363e-06,-4.549105875269335e-06,3.9361220412323285e-14,-3.2611396967737426e-14,-1.9361346971199025e-14,N,mm/s,N s,"all 217 exterior nodes vs true wall triangles, increment orientation"
0.0010243,15.588538527725298,130,441,880,640.0158721748006,,,180.42367553692083,412.45956420883374,-454.9117736815323,-2.45908807506124e-06,-2.690199305750325e-06,1.3785469348717195e-06,-3.19061475e-06,-4.6616318e-06,4.92234232e-06,0.0,0.0,0.0,1.8063541959970848e-06,4.126928773685272e-06,-4.550356816622573e-06,1.8042318088599614e-06,4.124584334065473e-06,-4.5491052649194465e-06,-6.024712843275817e-15,9.221002511761644e-14,-3.909416532361411e-14,N,mm/s,N s,"all 217 exterior nodes vs true wall triangles, increment orientation"
0.0010244,15.669400737858572,130,441,880,640.0157525846437,,,180.42361450176455,412.45947265609936,-454.91171264637603,-2.459266192941681e-06,-2.690394163593427e-06,1.3786467864632986e-06,-3.19056305e-06,-4.66167271e-06,4.92236669e-06,0.0,0.0,0.0,1.8063541959970848e-06,4.126928773685272e-06,-4.550356816622573e-06,1.804231198510072e-06,4.124583418540639e-06,-4.549104654569557e-06,-5.139799883818123e-14,-8.811990969136456e-14,-5.883941219046425e-14,N,mm/s,N s,"all 217 exterior nodes vs true wall triangles, increment orientation"
0.0010245,15.75026225420461,130,441,880,640.0156569631329,0.0,-1.0,180.4235687253973,412.4594116209431,-454.9116516112198,-2.4594441462300376e-06,-2.69058884137567e-06,1.378746545785749e-06,-3.19051141e-06,-4.66171358e-06,4.92239101e-06,0.0,0.0,0.0,1.8063541959970848e-06,4.126928773685272e-06,-4.550356816622573e-06,1.8042307407476545e-06,4.12458280819075e-06,-4.549104044219668e-06,5.5828823526587264e-14,3.674866671816296e-14,-7.859707486625525e-14,N,mm/s,N s,"all 217 exterior nodes vs true wall triangles, increment orientation"
0.0010245999999999,15.831102152821405,130,441,880,640.0155373729793,,,180.42350769024102,412.4593200682087,-454.91159057606353,-2.4596219349265336e-06,-2.690783339097298e-06,1.3788462128391964e-06,-3.19045983e-06,-4.66175443e-06,4.92241529e-06,0.0,0.0,0.0,1.8063541959970848e-06,4.126928773685272e-06,-4.550356816622573e-06,1.804230130397765e-06,4.1245818926659155e-06,-4.549103433869779e-06,1.0480800077575475e-14,-1.435341586593906e-13,-9.836713810439405e-14,N,mm/s,N s,"all 217 exterior nodes vs true wall triangles, increment orientation"
0.0010247,15.911914105498491,130,441,880,640.0154374499436,,,180.42344665508475,412.45925903305243,-454.9115295409073,-2.459799559030684e-06,-2.6909776567577828e-06,1.3789457876233697e-06,-3.1904083e-06,-4.66179525e-06,4.9224395e-06,0.0,0.0,0.0,1.8063541959970848e-06,4.126928773685272e-06,-4.550356816622573e-06,1.8042295200478757e-06,4.124581282316026e-06,-4.549102823519889e-06,-3.4854607874478145e-14,-1.8618514323050055e-14,-1.1814958919938645e-13,N,mm/s,N s,"all 217 exterior nodes vs true wall triangles, increment orientation"
0.0010248,15.992726637471696,130,441,880,640.0153158355606,,,180.42338561992847,412.4591979978962,-454.9114379881729,-2.459977018543063e-06,-2.6911717943577504e-06,1.3790452701385894e-06,-3.19035684e-06,-4.66183603e-06,4.92246367e-06,0.0,0.0,0.0,1.8063541959970848e-06,4.126928773685272e-06,-4.550356816622573e-06,1.8042289096979862e-06,4.124580671966137e-06,-4.549101907995056e-06,-8.017741155276015e-14,1.063206334835109e-13,1.672305338572765e-13,N,mm/s,N s,"all 217 exterior nodes vs true wall triangles, increment orientation"
0.0010249,16.073516994411264,130,441,880,640.0152005469371,,,180.42333984356122,412.45910644516175,-454.91137695301666,-2.4601543134635383e-06,-2.6913657518970563e-06,1.379144660384782e-06,-3.19030543e-06,-4.66187678e-06,4.92248779e-06,0.0,0.0,0.0,1.8063541959970848e-06,4.126928773685272e-06,-4.550356816622573e-06,1.8042284519355689e-06,4.124579756441303e-06,-4.5491012976451665e-06,2.7099851200500864e-14,-7.389168402448026e-14,1.4742335363538903e-13,N,mm/s,N s,"all 217 exterior nodes vs true wall triangles, increment orientation"
0.0010249999999999,16.154295789841385,130,441,880,640.0151006239055,0.0,-1.0,180.42327880840494,412.4590454100055,-454.9113159178604,-2.460331443792332e-06,-2.6915595293759452e-06,1.3792439583620721e-06,-3.19025408e-06,-4.66191751e-06,4.92251186e-06,0.0,0.0,0.0,1.8063541959970848e-06,4.126928773685272e-06,-4.550356816622573e-06,1.8042278415856793e-06,4.124579146091414e-06,-4.549100687295277e-06,-1.8197774846940478e-14,5.1094406348017526e-14,1.2760382875532826e-13,N,mm/s,N s,"all 217 exterior nodes vs true wall triangles, increment orientation"
0.0010251,16.23505299080065,130,441,880,640.0149810337601,,,180.42321777324867,412.4589538572711,-454.91125488270416,-2.4605084095289525e-06,-2.691753126793875e-06,1.3793431640701834e-06,-3.19020279e-06,-4.6619582e-06,4.92253587e-06,0.0,0.0,0.0,1.8063541959970848e-06,4.126928773685272e-06,-4.550356816622573e-06,1.8042272312357898e-06,4.12457823056658e-06,-4.549100076945388e-06,-6.348282838434572e-14,-1.2907100925161827e-13,1.077719753107202e-13,N,mm/s,N s,"all 217 exterior nodes vs true wall triangles, increment orientation"
0.0010252,16.31579880589616,130,441,880,640.0148854122554,,,180.42317199688145,412.4588928221148,-454.9111938475479,-2.460685210673976e-06,-2.691946544151481e-06,1.37944227750944e-06,-3.19015156e-06,-4.66199886e-06,4.92255983e-06,0.0,0.0,0.0,1.8063541959970848e-06,4.126928773685272e-06,-4.550356816622573e-06,1.8042267734733729e-06,4.1245776202166905e-06,-4.5490994665954995e-06,4.3832153169572996e-14,-4.0380618635113205e-15,8.792780685409202e-14,N,mm/s,N s,"all 217 exterior nodes vs true wall triangles, increment orientation"
0.0010253,16.3965229369209,130,441,880,640.0147854892284,,,180.42311096172514,412.45883178695857,-454.91113281239166,-2.4608618472272664e-06,-2.692139781448612e-06,1.379541298679765e-06,-3.19010038e-06,-4.6620395e-06,4.92258375e-06,0.0,0.0,0.0,1.8063541959970848e-06,4.126928773685272e-06,-4.550356816622573e-06,1.804226163123483e-06,4.124577009866801e-06,-4.54909885624561e-06,-1.427786687979108e-15,1.2101828311569763e-13,6.807133863203675e-14,N,mm/s,N s,"all 217 exterior nodes vs true wall triangles, increment orientation"
0.0010253999999999,16.477235598909022,130,441,880,640.0146658990882,,,180.42304992656886,412.4587402342242,-454.9110717772354,-2.46103831918904e-06,-2.6923328386855054e-06,1.37964022758128e-06,-3.19004927e-06,-4.6620801e-06,4.92260761e-06,0.0,0.0,0.0,1.8063541959970848e-06,4.126928773685272e-06,-4.550356816622573e-06,1.8042255527735937e-06,4.124576094341968e-06,-4.549098245895721e-06,-4.667518516395593e-14,-5.907693971063215e-14,4.8202583350048615e-14,N,mm/s,N s,"all 217 exterior nodes vs true wall triangles, increment orientation"
0.0010255,16.557938786351833,130,441,880,640.0145702775862,0.0,-1.0,180.42300415020165,412.4586791990679,-454.91101074207916,-2.461214626558807e-06,-2.692525715861624e-06,1.379739064213709e-06,-3.18999821e-06,-4.66212067e-06,4.92263142e-06,0.0,0.0,0.0,1.8063541959970848e-06,4.126928773685272e-06,-4.550356816622573e-06,1.8042250950111765e-06,4.1245754839920776e-06,-4.549097635545832e-06,6.067741884062275e-14,6.602613607627683e-14,2.8321557101753606e-14,N,mm/s,N s,"all 217 exterior nodes vs true wall triangles, increment orientation"
0.0010256,16.638618352588793,130,441,880,640.0144506874494,,,180.42294311504534,412.4585876463335,-454.9109497069229,-2.461390769337135e-06,-2.6927184129775903e-06,1.379837808577373e-06,-3.18994722e-06,-4.66216121e-06,4.92265518e-06,0.0,0.0,0.0,1.8063541959970848e-06,4.126928773685272e-06,-4.550356816622573e-06,1.8042244846612868e-06,4.124574568467244e-06,-4.549097025195942e-06,1.545507051702803e-14,-1.140223965999344e-13,8.428272592645933e-15,N,mm/s,N s,"all 217 exterior nodes vs true wall triangles, increment orientation"
0.0010257,16.719280675565095,130,441,880,640.0143507644287,,,180.42288207988906,412.45852661117726,-454.91088867176666,-2.4615667475238865e-06,-2.6929109300332525e-06,1.3799364606721922e-06,-3.18989628e-06,-4.66220172e-06,4.92267888e-06,0.0,0.0,0.0,1.8063541959970848e-06,4.126928773685272e-06,-4.550356816622573e-06,1.8042238743113973e-06,4.124573958117355e-06,-4.549096414846053e-06,-2.975476818872693e-14,1.112732783247871e-14,-1.1477254930681354e-14,N,mm/s,N s,"all 217 exterior nodes vs true wall triangles, increment orientation"
0.0010257999999999,16.79993425080905,130,441,880,640.014231174296,,,180.42282104473279,412.45843505844283,-454.9108276366104,-2.461742561119274e-06,-2.6931032670288446e-06,1.3800350204982874e-06,-3.1898454e-06,-4.6622422e-06,4.92270254e-06,0.0,0.0,0.0,1.8063541959970848e-06,4.126928773685272e-06,-4.550356816622573e-06,1.8042232639615078e-06,4.12457304259252e-06,-4.549095804496164e-06,-7.495210828807044e-14,-1.6887460109097458e-13,-3.1395010221635204e-14,N,mm/s,N s,"all 217 exterior nodes vs true wall triangles, increment orientation"
0.0010259,16.880564132278945,130,441,880,640.0141355527979,,,180.42277526836557,412.4583740232866,-454.91076660145416,-2.4619182101228065e-06,-2.6932954239638288e-06,1.3801334880553825e-06,-3.18979457e-06,-4.66228265e-06,4.92272615e-06,0.0,0.0,0.0,1.8063541959970848e-06,4.126928773685272e-06,-4.550356816622573e-06,1.8042228061990908e-06,4.124572432242631e-06,-4.549095194146275e-06,3.245051174149418e-14,-4.367831356338501e-14,-5.13249822687873e-14,N,mm/s,N s,"all 217 exterior nodes vs true wall triangles, increment orientation"
0.001026,16.961189009377076,130,441,880,640.0140356297819,0.0,-1.0,180.42271423320926,412.45831298813033,-454.9107055662979,-2.462093694535051e-06,-2.693487400838825e-06,1.380231863343796e-06,-3.18974381e-06,-4.66232307e-06,4.9227497e-06,0.0,0.0,0.0,1.8063541959970848e-06,4.126928773685272e-06,-4.550356816622573e-06,1.8042221958492009e-06,4.124571821892742e-06,-4.549094583796386e-06,-1.2721863755794905e-14,8.154122417157374e-14,-7.126715328444576e-14,N,mm/s,N s,"all 217 exterior nodes vs true wall triangles, increment orientation"
0.0010261,17.04179221627416,130,441,880,640.0139160396543,,,180.42265319805298,412.4582214353959,-454.91064453114166,-2.462269014355861e-06,-2.693679197653672e-06,1.3803301463634445e-06,-3.1896931e-06,-4.66236346e-06,4.9227732e-06,0.0,0.0,0.0,1.8063541959970848e-06,4.126928773685272e-06,-4.550356816622573e-06,1.8042215854993116e-06,4.124570906367908e-06,-4.549093973446497e-06,-5.788177219864983e-14,-9.839095158867316e-14,-9.122150971608341e-14,N,mm/s,N s,"all 217 exterior nodes vs true wall triangles, increment orientation"
0.0010262,17.122384036201943,130,441,880,640.013820418159,,,180.42260742168577,412.45816040023965,-454.9105834959854,-2.462444169585272e-06,-2.693870814408412e-06,1.3804283371143496e-06,-3.18964246e-06,-4.66240382e-06,4.92279665e-06,0.0,0.0,0.0,1.8063541959970848e-06,4.126928773685272e-06,-4.550356816622573e-06,1.8042211277368944e-06,4.124570296018019e-06,-4.5490933630966074e-06,4.955824772366786e-14,2.687502303355292e-14,-1.1118803631710722e-13,N,mm/s,N s,"all 217 exterior nodes vs true wall triangles, increment orientation"
0.0010263,17.202947657198973,130,441,880,640.0137008280349,,,180.4225463865295,412.4580688475053,-454.91052246082916,-2.4626191602233206e-06,-2.6940622511030807e-06,1.3805264355965304e-06,-3.18959187e-06,-4.66244414e-06,4.92282005e-06,0.0,0.0,0.0,1.8063541959970848e-06,4.126928773685272e-06,-4.550356816622573e-06,1.804220517387005e-06,4.124569380493185e-06,-4.549092752746718e-06,4.423241414187504e-15,-1.5301075988513992e-13,-1.3116672122905591e-13,N,mm/s,N s,"all 217 exterior nodes vs true wall triangles, increment orientation"
0.0010264,17.283506307320888,130,441,880,640.0135792136654,,,180.42248535137318,412.45800781234897,-454.9104309080948,-2.462793986270037e-06,-2.6942535077377147e-06,1.380624441810005e-06,-3.18954134e-06,-4.66248444e-06,4.9228434e-06,0.0,0.0,0.0,1.8063541959970848e-06,4.126928773685272e-06,-4.550356816622573e-06,1.8042199070371152e-06,4.124568770143295e-06,-4.549091837221885e-06,-4.069933045162716e-14,-2.7698432231908297e-14,1.540173967095465e-13,N,mm/s,N s,"all 217 exterior nodes vs true wall triangles, increment orientation"
0.0010264999999999,17.36404842011461,130,441,880,640.0134835921724,0.0,-1.0,180.42243957500597,412.4579467771927,-454.91036987293853,-2.462968647725627e-06,-2.6944445843125386e-06,1.3807223557548883e-06,-3.18949087e-06,-4.66252471e-06,4.9228667e-06,0.0,0.0,0.0,1.8063541959970848e-06,4.126928773685272e-06,-4.550356816622573e-06,1.804219449274698e-06,4.124568159793406e-06,-4.549091226871995e-06,6.67779944957535e-14,9.763704059660705e-14,1.3401444091552719e-13,N,mm/s,N s,"all 217 exterior nodes vs true wall triangles, increment orientation"
0.0010266,17.44457390967355,130,441,880,640.0133640020523,,,180.4223785398497,412.45785522445834,-454.9103088377823,-2.4631431445896027e-06,-2.694635480827014e-06,1.3808201774309054e-06,-3.18944046e-06,-4.66256495e-06,4.92288995e-06,0.0,0.0,0.0,1.8063541959970848e-06,4.126928773685272e-06,-4.550356816622573e-06,1.8042188389248087e-06,4.124567244268573e-06,-4.549090616522106e-06,2.168026123584236e-14,-8.217930679623462e-14,1.1399937085629624e-13,N,mm/s,N s,"all 217 exterior nodes vs true wall triangles, increment orientation"
0.0010267,17.525094472248036,130,441,880,640.0132640790467,,,180.42231750469338,412.45779418930204,-454.91024780262603,-2.463317476862512e-06,-2.6948261972817457e-06,1.3809179068383654e-06,-3.1893901e-06,-4.66260515e-06,4.92291314e-06,0.0,0.0,0.0,1.8063541959970848e-06,4.126928773685272e-06,-4.550356816622573e-06,1.8042182285749188e-06,4.1245666339186825e-06,-4.549090006172217e-06,-2.3405069555896846e-14,4.3202392008344186e-14,9.397220093141376e-14,N,mm/s,N s,"all 217 exterior nodes vs true wall triangles, increment orientation"
0.0010268,17.605586166531282,130,441,880,640.0131444889307,,,180.4222564695371,412.45770263656766,-454.9101867674698,-2.46349164454421e-06,-2.695016733676576e-06,1.3810155439771871e-06,-3.18933981e-06,-4.66264533e-06,4.92293629e-06,0.0,0.0,0.0,1.8063541959970848e-06,4.126928773685272e-06,-4.550356816622573e-06,1.8042176182250295e-06,4.124565718393849e-06,-4.549089395822328e-06,-6.847800719682654e-14,-1.3656777091304844e-13,7.393294554043986e-14,N,mm/s,N s,"all 217 exterior nodes vs true wall triangles, increment orientation"
0.0010268999999999,17.686062606596458,130,441,880,640.0130488674416,,,180.4222106931699,412.4576416014114,-454.91012573231353,-2.4636656476349044e-06,-2.6952070900117277e-06,1.3811130888474864e-06,-3.18928957e-06,-4.66268548e-06,4.92295938e-06,0.0,0.0,0.0,1.8063541959970848e-06,4.126928773685272e-06,-4.550356816622573e-06,1.8042171604626124e-06,4.12456510804396e-06,-4.549088785472439e-06,3.904890898851702e-14,-1.1139928294602065e-14,5.3881619929967584e-14,N,mm/s,N s,"all 217 exterior nodes vs true wall triangles, increment orientation"
0.001027,17.76652203030247,130,441,880,640.0129489444407,0.0,-1.0,180.4221496580136,412.4575805662551,-454.9100646971573,-2.463839486134096e-06,-2.695397266286657e-06,1.3812105414489823e-06,-3.18923939e-06,-4.66272559e-06,4.92298242e-06,0.0,0.0,0.0,1.8063541959970848e-06,4.126928773685272e-06,-4.550356816622573e-06,1.8042165501127229e-06,4.12456449769407e-06,-4.54908817512255e-06,-5.999275596836823e-15,1.1431095362000963e-13,3.381823765252409e-14,N,mm/s,N s,"all 217 exterior nodes vs true wall triangles, increment orientation"
0.0010271,17.846975575284148,130,441,880,640.0128293543299,,,180.4220886228573,412.4574890135207,-454.91000366200103,-2.46401316004234e-06,-2.69558726250197e-06,1.3813079017819876e-06,-3.18918927e-06,-4.66276568e-06,4.92300542e-06,0.0,0.0,0.0,1.8063541959970848e-06,4.126928773685272e-06,-4.550356816622573e-06,1.8042159397628331e-06,4.124563582169236e-06,-4.5490875647726605e-06,-5.103510027742433e-14,-6.53900905658541e-14,1.3742813107669484e-14,N,mm/s,N s,"all 217 exterior nodes vs true wall triangles, increment orientation"
0.0010272,17.92740229853805,130,441,880,640.0127337328435,,,180.4220428464901,412.4574279783645,-454.9099426268448,-2.464186669359481e-06,-2.695777078657499e-06,1.3814051698464142e-06,-3.18913921e-06,-4.66280573e-06,4.92302836e-06,0.0,0.0,0.0,1.8063541959970848e-06,4.126928773685272e-06,-4.550356816622573e-06,1.804215482000416e-06,4.1245629718193476e-06,-4.549086954422771e-06,5.6528898163317074e-14,6.010680810768308e-14,-6.344640152069082e-15,N,mm/s,N s,"all 217 exterior nodes vs true wall triangles, increment orientation"
0.0010272999999999,18.00782284101569,130,441,880,640.012614142736,,,180.4219818113338,412.45733642563005,-454.90988159168853,-2.4643600140857236e-06,-2.6959667147534653e-06,1.3815023456423775e-06,-3.18908921e-06,-4.66284576e-06,4.92305124e-06,0.0,0.0,0.0,1.8063541959970848e-06,4.126928773685272e-06,-4.550356816622573e-06,1.8042148716505267e-06,4.124562056294513e-06,-4.549086344072882e-06,1.1517764069625554e-14,-1.1954826251793548e-13,-2.6444106880098555e-14,N,mm/s,N s,"all 217 exterior nodes vs true wall triangles, increment orientation"
0.0010274,18.088227393085656,130,441,880,640.0125142197415,,,180.42192077617753,412.4572753904738,-454.9098205565323,-2.4645331942205714e-06,-2.696156170789328e-06,1.3815994291695988e-06,-3.18903927e-06,-4.66288575e-06,4.92307408e-06,0.0,0.0,0.0,1.8063541959970848e-06,4.126928773685272e-06,-4.550356816622573e-06,1.8042142613006372e-06,4.124561445944624e-06,-4.5490857337229935e-06,-3.3481041036002206e-14,5.994568211232457e-15,-4.655557267685883e-14,N,mm/s,N s,"all 217 exterior nodes vs true wall triangles, increment orientation"
0.0010275,18.16860318931352,130,441,880,640.0123946296382,0.0,-1.0,180.42185974102122,412.4571838377394,-454.90975952137603,-2.464706209764567e-06,-2.696345446765679e-06,1.3816964204283829e-06,-3.18898938e-06,-4.66292571e-06,4.92309687e-06,0.0,0.0,0.0,1.8063541959970848e-06,4.126928773685272e-06,-4.550356816622573e-06,1.8042136509507475e-06,4.12456053041979e-06,-4.549085123373104e-06,-7.846752795323628e-14,-1.7361461186336975e-13,-6.667902398982276e-14,N,mm/s,N s,"all 217 exterior nodes vs true wall triangles, increment orientation"
0.0010276,18.24897534495019,130,441,880,640.0122990081555,,,180.421813964654,412.4571228025831,-454.9096984862198,-2.464879060717562e-06,-2.696534542682357e-06,1.381793319418646e-06,-3.18893955e-06,-4.66296565e-06,4.9231196e-06,0.0,0.0,0.0,1.8063541959970848e-06,4.126928773685272e-06,-4.550356816622573e-06,1.8042131931883303e-06,4.1245599200699e-06,-4.549084513023215e-06,2.914576484042001e-14,-4.8025933781865784e-14,-8.681444472536434e-14,N,mm/s,N s,"all 217 exterior nodes vs true wall triangles, increment orientation"
0.0010276999999999,18.32933523056592,130,441,880,640.0121990851657,,,180.42175292949773,412.45706176742686,-454.90963745106353,-2.4650517470797506e-06,-2.6967234585395745e-06,1.381890126140497e-06,-3.18888979e-06,-4.66300555e-06,4.92314229e-06,0.0,0.0,0.0,1.8063541959970848e-06,4.126928773685272e-06,-4.550356816622573e-06,1.8042125828384408e-06,4.124559309720011e-06,-4.549083902673326e-06,-1.5816117463762227e-14,7.758563705910363e-14,-1.0696182217798935e-13,N,mm/s,N s,"all 217 exterior nodes vs true wall triangles, increment orientation"
0.0010278,18.40967279421887,130,441,880,640.0120794950675,,,180.42169189434142,412.4569702146925,-454.9095764159073,-2.465224268850634e-06,-2.6969121943367845e-06,1.381986840593656e-06,-3.18884008e-06,-4.66304542e-06,4.92316492e-06,0.0,0.0,0.0,1.8063541959970848e-06,4.126928773685272e-06,-4.550356816622573e-06,1.804211972488551e-06,4.1245583941951775e-06,-4.549083292323436e-06,-6.076571270801159e-14,-1.019548655841352e-13,-1.2712114279517066e-13,N,mm/s,N s,"all 217 exterior nodes vs true wall triangles, increment orientation"
0.0010279,18.489994673102817,130,441,880,640.0119621822181,,,180.4216461179742,412.4569091795362,-454.9094848631729,-2.465396626030757e-06,-2.697100750074584e-06,1.3820834627784286e-06,-3.18879043e-06,-4.66308527e-06,4.9231875e-06,0.0,0.0,0.0,1.8063541959970848e-06,4.126928773685272e-06,-4.550356816622573e-06,1.8042115147261339e-06,4.124557783845287e-06,-4.549082376798603e-06,4.688444020665213e-14,2.37024264012611e-14,1.5788255458456775e-13,N,mm/s,N s,"all 217 exterior nodes vs true wall triangles, increment orientation"
0.001028,18.57029971273125,130,441,880,640.0118425921222,0.0,-1.0,180.42158508281793,412.4568176268018,-454.90942382801666,-2.465568818619961e-06,-2.697289125752801e-06,1.382179992694727e-06,-3.18874083e-06,-4.66312508e-06,4.92321003e-06,0.0,0.0,0.0,1.8063541959970848e-06,4.126928773685272e-06,-4.550356816622573e-06,1.8042109043762446e-06,4.124556868320454e-06,-4.5490817664487135e-06,1.9593864715000383e-15,-1.5579239660216525e-13,1.3769939507211892e-13,N,mm/s,N s,"all 217 exterior nodes vs true wall triangles, increment orientation"
0.0010280999999999,18.6505933949706,130,441,880,640.0117426691381,,,180.42152404766165,412.45675659164556,-454.9093627928604,-2.46574084661844e-06,-2.697477321371644e-06,1.382276430342658e-06,-3.1886913e-06,-4.66316486e-06,4.92323251e-06,0.0,0.0,0.0,1.8063541959970848e-06,4.126928773685272e-06,-4.550356816622573e-06,1.804210294026355e-06,4.1245562579705646e-06,-4.549081156098824e-06,-4.295341344976236e-14,-3.008946648157089e-14,1.1750433559379412e-13,N,mm/s,N s,"all 217 exterior nodes vs true wall triangles, increment orientation"
0.0010282,18.730864684259817,130,441,880,640.0116470476609,,,180.4214782712944,412.45669555648925,-454.90930175770416,-2.465912710025697e-06,-2.6976653369305725e-06,1.3823727757219443e-06,-3.18864183e-06,-4.66320461e-06,4.92325494e-06,0.0,0.0,0.0,1.8063541959970848e-06,4.126928773685272e-06,-4.550356816622573e-06,1.8042098362639377e-06,4.124555647620675e-06,-4.549080545748935e-06,6.473350365942751e-14,9.563625136640346e-14,9.729739309025228e-14,N,mm/s,N s,"all 217 exterior nodes vs true wall triangles, increment orientation"
0.0010283,18.81113672693342,130,441,880,640.0115274575701,,,180.42141723613813,412.4566040037549,-454.9092407225479,-2.4660844088422643e-06,-2.697853172430168e-06,1.3824690288328843e-06,-3.18859241e-06,-4.66324434e-06,4.92327732e-06,0.0,0.0,0.0,1.8063541959970848e-06,4.126928773685272e-06,-4.550356816622573e-06,1.8042092259140482e-06,4.124554732095841e-06,-4.5490799353990465e-06,1.9845181931549575e-14,-8.379021014894884e-14,7.707857857292173e-14,N,mm/s,N s,"all 217 exterior nodes vs true wall triangles, increment orientation"
0.0010284,18.89137506298665,130,441,880,640.0114275345907,,,180.42135620098185,412.4565429685986,-454.90917968739166,-2.466255943067986e-06,-2.69804082787026e-06,1.3825651896753908e-06,-3.18854305e-06,-4.66328403e-06,4.92329964e-06,0.0,0.0,0.0,1.8063541959970848e-06,4.126928773685272e-06,-4.550356816622573e-06,1.8042086155641587e-06,4.1245541217459525e-06,-4.549079325049157e-06,-2.5030916899141244e-14,4.1981019626314425e-14,5.684790813542846e-14,N,mm/s,N s,"all 217 exterior nodes vs true wall triangles, increment orientation"
0.0010285,18.971603003813215,130,441,880,640.011307944504,0.0,-1.0,180.42129516582554,412.4564514158642,-454.9091186522354,-2.4664273127028813e-06,-2.698228303250868e-06,1.3826612582494734e-06,-3.18849375e-06,-4.66332369e-06,4.92332192e-06,0.0,0.0,0.0,1.8063541959970848e-06,4.126928773685272e-06,-4.550356816622573e-06,1.804208005214269e-06,4.124553206221118e-06,-4.549078714699268e-06,-6.989480384407326e-14,-1.3739997231339632e-13,3.660539787139847e-14,N,mm/s,N s,"all 217 exterior nodes vs true wall triangles, increment orientation"
0.0010286,19.051819575331304,130,441,880,640.0112123230305,,,180.42124938945832,412.45639038070794,-454.90905761707916,-2.466598517746962e-06,-2.6984155985720068e-06,1.3827572345551397e-06,-3.18844451e-06,-4.66336332e-06,4.92334414e-06,0.0,0.0,0.0,1.8063541959970848e-06,4.126928773685272e-06,-4.550356816622573e-06,1.8042075474518518e-06,4.124552595871229e-06,-4.549078104349379e-06,3.784098346628316e-14,-1.1583315314138854e-14,1.6351059639293022e-14,N,mm/s,N s,"all 217 exterior nodes vs true wall triangles, increment orientation"
0.0010287,19.13201375731923,130,441,880,640.0111124000557,,,180.42118835430205,412.4563293455517,-454.90899658192296,-2.466769558200247e-06,-2.698602713833696e-06,1.3828531185923995e-06,-3.18839533e-06,-4.66340292e-06,4.92336631e-06,0.0,0.0,0.0,1.8063541959970848e-06,4.126928773685272e-06,-4.550356816622573e-06,1.8042069371019625e-06,4.1245519855213395e-06,-4.54907749399949e-06,-6.998510200317354e-15,1.1425602268634724e-13,-3.91509300836073e-15,N,mm/s,N s,"all 217 exterior nodes vs true wall triangles, increment orientation"
0.0010287999999999,19.21219718050865,130,441,880,640.0109928099741,,,180.42112731914577,412.45623779281726,-454.9089355467667,-2.466940434062918e-06,-2.6987896490361344e-06,1.3829489103613556e-06,-3.18834621e-06,-4.66344249e-06,4.92338844e-06,0.0,0.0,0.0,1.8063541959970848e-06,4.126928773685272e-06,-4.550356816622573e-06,1.804206326752073e-06,4.124551069996505e-06,-4.549076883649601e-06,-5.182582289786164e-14,-6.505692286154583e-14,-2.4193042283870893e-14,N,mm/s,N s,"all 217 exterior nodes vs true wall triangles, increment orientation"
0.0010289,19.292369782764847,130,441,880,640.0108971885033,,,180.42108154277852,412.456176757661,-454.90887451161046,-2.467111145334473e-06,-2.6989764041787742e-06,1.383044609861726e-06,-3.18829714e-06,-4.66348203e-06,4.92341051e-06,0.0,0.0,0.0,1.8063541959970848e-06,4.126928773685272e-06,-4.550356816622573e-06,1.8042058689896556e-06,4.124550459646616e-06,-4.549076273299712e-06,5.594650626087228e-14,6.082771615502532e-14,-4.448277717580915e-14,N,mm/s,N s,"all 217 exterior nodes vs true wall triangles, increment orientation"
0.001029,19.372525236468608,130,441,880,640.0107775984253,0.0,-1.0,180.42102050762225,412.45608520492664,-454.9088134764542,-2.467281692015439e-06,-2.6991629792621906e-06,1.3831402170938064e-06,-3.18824814e-06,-4.66352154e-06,4.92343252e-06,0.0,0.0,0.0,1.8063541959970848e-06,4.126928773685272e-06,-4.550356816622573e-06,1.8042052586397661e-06,4.124549544121782e-06,-4.549075662949822e-06,1.1143522467155502e-14,-1.1843996988139711e-13,-6.478427989648362e-14,N,mm/s,N s,"all 217 exterior nodes vs true wall triangles, increment orientation"
0.0010291,19.4526480525808,130,441,880,640.0106776754568,,,180.42095947246597,412.45602416977033,-454.90875244129796,-2.467452074105656e-06,-2.6993493742862085e-06,1.3832357320575063e-06,-3.18819919e-06,-4.66356102e-06,4.92345449e-06,0.0,0.0,0.0,1.8063541959970848e-06,4.126928773685272e-06,-4.550356816622573e-06,1.8042046482898766e-06,4.124548933771892e-06,-4.549075052599933e-06,-3.364731212124057e-14,7.489886294997309e-15,-8.509753858743302e-14,N,mm/s,N s,"all 217 exterior nodes vs true wall triangles, increment orientation"
0.0010291999999999,19.532770908712266,130,441,880,640.0105580853829,,,180.4208984373097,412.45593261703596,-454.9086914061417,-2.467622291605306e-06,-2.6995355892510275e-06,1.3833311547529294e-06,-3.1881503e-06,-4.66360047e-06,4.92347641e-06,0.0,0.0,0.0,1.8063541959970848e-06,4.126928773685272e-06,-4.550356816622573e-06,1.8042040379399874e-06,4.124548018247059e-06,-4.549074442250045e-06,-7.842600872750248e-14,-1.717326249332492e-13,-1.0542253969613022e-13,N,mm/s,N s,"all 217 exterior nodes vs true wall triangles, increment orientation"
0.0010293,19.61287713283733,130,441,880,640.0104624639158,,,180.42085266094244,412.4558715818797,-454.90863037098546,-2.467792344513886e-06,-2.6997216241560983e-06,1.3834264851797927e-06,-3.18810147e-06,-4.66363989e-06,4.92349827e-06,0.0,0.0,0.0,1.8063541959970848e-06,4.126928773685272e-06,-4.550356816622573e-06,1.8042035801775697e-06,4.1245474078971694e-06,-4.549073831900155e-06,2.939489417086644e-14,-4.5757636300326233e-14,-1.257592671289492e-13,N,mm/s,N s,"all 217 exterior nodes vs true wall triangles, increment orientation"
0.0010294,19.692966151480448,130,441,880,640.0103408495727,,,180.42079162578617,412.4558105467234,-454.9085388182511,-2.4679622328319174e-06,-2.6999074790019887e-06,1.3835217233383874e-06,-3.1880527e-06,-4.66367928e-06,4.92352009e-06,0.0,0.0,0.0,1.8063541959970848e-06,4.126928773685272e-06,-4.550356816622573e-06,1.8042029698276805e-06,4.12454679754728e-06,-4.549072916375322e-06,-1.5359557811346213e-14,8.023988849119139e-14,1.5906723858152014e-13,N,mm/s,N s,"all 217 exterior nodes vs true wall triangles, increment orientation"
0.0010295,19.773033562747987,130,441,880,640.0102212595027,0.0,-1.0,180.4207305906299,412.455718993989,-454.90847778309484,-2.468131956559238e-06,-2.700093153788524e-06,1.3836168692286246e-06,-3.18800399e-06,-4.66371864e-06,4.92354185e-06,0.0,0.0,0.0,1.8063541959970848e-06,4.126928773685272e-06,-4.550356816622573e-06,1.804202359477791e-06,4.124545882022447e-06,-4.5490723060254325e-06,-6.0101903363402e-14,-9.891501680237003e-14,1.3870710085210495e-13,N,mm/s,N s,"all 217 exterior nodes vs true wall triangles, increment orientation"
0.0010295999999999,19.8531015850743,130,441,880,640.0101256380381,,,180.42068481426264,412.4556579588328,-454.9084167479386,-2.4683015156960225e-06,-2.700278648515893e-06,1.3837119228506009e-06,-3.18795534e-06,-4.66375797e-06,4.92356356e-06,0.0,0.0,0.0,1.8063541959970848e-06,4.126928773685272e-06,-4.550356816622573e-06,1.8042019017153736e-06,4.124545271672557e-06,-4.549071695675543e-06,4.7755319248954007e-14,2.7127514237767006e-14,1.1833528084428122e-13,N,mm/s,N s,"all 217 exterior nodes vs true wall triangles, increment orientation"
0.0010297,19.93314089349249,130,441,880,640.0100060479715,,,180.42062377910636,412.45556640609834,-454.90835571278234,-2.4684709102417693e-06,-2.7004639631835496e-06,1.383806884204036e-06,-3.18790674e-06,-4.66379727e-06,4.92358523e-06,0.0,0.0,0.0,1.8063541959970848e-06,4.126928773685272e-06,-4.550356816622573e-06,1.804201291365484e-06,4.124544356147723e-06,-4.549071085325654e-06,3.0371550052346727e-15,-1.5198242715882236e-13,9.795178956947728e-14,N,mm/s,N s,"all 217 exterior nodes vs true wall triangles, increment orientation"
0.0010298,20.01316424457604,130,441,880,640.0099061250137,,,180.4205627439501,412.4555053709421,-454.9082946776261,-2.4686401401969943e-06,-2.700649097792055e-06,1.3839017532892185e-06,-3.1878582e-06,-4.66383653e-06,4.92360684e-06,0.0,0.0,0.0,1.8063541959970848e-06,4.126928773685272e-06,-4.550356816622573e-06,1.8042006810155946e-06,4.124543745797834e-06,-4.549070474975765e-06,-4.166893478382155e-14,-2.5894973726327698e-14,7.755664396835206e-14,N,mm/s,N s,"all 217 exterior nodes vs true wall triangles, increment orientation"
0.0010299,20.093181892984838,130,441,880,640.0098105035518,,,180.42051696758287,412.45544433578584,-454.90823364246984,-2.468809205561532e-06,-2.7008340523412305e-06,1.3839965301060554e-06,-3.18780973e-06,-4.66387577e-06,4.92362839e-06,0.0,0.0,0.0,1.8063541959970848e-06,4.126928773685272e-06,-4.550356816622573e-06,1.8042002232531774e-06,4.1245431354479444e-06,-4.549069864625875e-06,6.62245118277985e-14,1.0021490913861026e-13,5.714985759343273e-14,N,mm/s,N s,"all 217 exterior nodes vs true wall triangles, increment orientation"
0.0010299999999999,20.17317141600732,130,441,880,640.0096909134904,0.0,-1.0,180.42045593242656,412.4553527830514,-454.9081726073136,-2.4689781063355567e-06,-2.7010188268312662e-06,1.384091214654645e-06,-3.18776131e-06,-4.66391498e-06,4.9236499e-06,0.0,0.0,0.0,1.8063541959970848e-06,4.126928773685272e-06,-4.550356816622573e-06,1.8041996129032877e-06,4.12454221992311e-06,-4.549069254275986e-06,2.1542539607849443e-14,-7.882774396064923e-14,3.6731444844279384e-14,N,mm/s,N s,"all 217 exterior nodes vs true wall triangles, increment orientation"
0.0010301,20.253156554362565,130,441,880,640.0095909905372,,,180.42039489727028,412.45529174789516,-454.90811157215734,-2.469146842518562e-06,-2.7012034212616075e-06,1.384185806934703e-06,-3.18771295e-06,-4.66395416e-06,4.92367136e-06,0.0,0.0,0.0,1.8063541959970848e-06,4.126928773685272e-06,-4.550356816622573e-06,1.8041990025533984e-06,4.124541609573221e-06,-4.549068643926098e-06,-2.312738928589731e-14,4.732693678280312e-14,1.6301419273419184e-14,N,mm/s,N s,"all 217 exterior nodes vs true wall triangles, increment orientation"
0.0010302,20.333112972595465,130,441,880,640.0094714004798,,,180.420333862114,412.4552001951608,-454.9080505370011,-2.4693154141110583e-06,-2.701387835632814e-06,1.3842803069465165e-06,-3.18766465e-06,-4.66399331e-06,4.92369276e-06,0.0,0.0,0.0,1.8063541959970848e-06,4.126928773685272e-06,-4.550356816622573e-06,1.8041983922035089e-06,4.124540694048387e-06,-4.549068033576208e-06,-6.778528586487008e-14,-1.316709599425564e-13,-4.140203025521875e-15,N,mm/s,N s,"all 217 exterior nodes vs true wall triangles, increment orientation"
0.0010303,20.41306487077555,130,441,880,640.0093757790218,,,180.42028808574676,412.4551391600045,-454.90798950184484,-2.4694838211128797e-06,-2.7015720699447025e-06,1.3843747146899907e-06,-3.1876164e-06,-4.66403242e-06,4.92371412e-06,0.0,0.0,0.0,1.8063541959970848e-06,4.126928773685272e-06,-4.550356816622573e-06,1.8041979344410915e-06,4.124540083698498e-06,-4.549067423226319e-06,4.015631096991135e-14,-5.471568564983237e-15,-2.4593409347049584e-14,N,mm/s,N s,"all 217 exterior nodes vs true wall triangles, increment orientation"
0.0010304,20.492999622578537,130,441,880,640.0092758560731,,,180.42022705059048,412.4550781248482,-454.9079284666886,-2.469652063524026e-06,-2.701756124197275e-06,1.384469030165127e-06,-3.18756822e-06,-4.66407151e-06,4.92373542e-06,0.0,0.0,0.0,1.8063541959970848e-06,4.126928773685272e-06,-4.550356816622573e-06,1.804197324091202e-06,4.124539473348609e-06,-4.54906681287643e-06,-4.477553378523687e-15,1.2075014890701365e-13,-4.505818444457089e-14,N,mm/s,N s,"all 217 exterior nodes vs true wall triangles, increment orientation"
0.0010305,20.57292281201624,130,441,880,640.009156266021,0.0,-1.0,180.4201660154342,412.45498657211385,-454.90786743153234,-2.469820141344498e-06,-2.70193999839053e-06,1.384563253371925e-06,-3.18752009e-06,-4.66411057e-06,4.92375667e-06,0.0,0.0,0.0,1.8063541959970848e-06,4.126928773685272e-06,-4.550356816622573e-06,1.8041967137413125e-06,4.124538557823774e-06,-4.5490662025265405e-06,-4.909941696416202e-14,-5.818077546430531e-14,-6.553451307149275e-14,N,mm/s,N s,"all 217 exterior nodes vs true wall triangles, increment orientation"
0.0010306,20.65282497837636,130,441,880,640.0090606445657,,,180.420120239067,412.45492553695755,-454.9078063963761,-2.4699880545742936e-06,-2.702123692524466e-06,1.3846573843103838e-06,-3.18747203e-06,-4.6641496e-06,4.92377787e-06,0.0,0.0,0.0,1.8063541959970848e-06,4.126928773685272e-06,-4.550356816622573e-06,1.8041962559788953e-06,4.124537947473885e-06,-4.549065592176651e-06,5.887818152373479e-14,6.80855289750021e-14,-8.602238336935389e-14,N,mm/s,N s,"all 217 exterior nodes vs true wall triangles, increment orientation"
0.0010306999999999,20.732709928598567,130,441,880,640.008941054517,,,180.42005920391068,412.45483398422317,-454.90774536121984,-2.4701558032135785e-06,-2.7023072065992657e-06,1.384751422980597e-06,-3.18742402e-06,-4.66418859e-06,4.92379902e-06,0.0,0.0,0.0,1.8063541959970848e-06,4.126928773685272e-06,-4.550356816622573e-06,1.8041956456290056e-06,4.1245370319490515e-06,-4.549064981826763e-06,1.428028727643786e-14,-1.108008507806537e-13,-1.0652177924452833e-13,N,mm/s,N s,"all 217 exterior nodes vs true wall triangles, increment orientation"
0.0010308,20.812578321295664,130,441,880,640.0088411315746,,,180.4199981687544,412.4547729490669,-454.9076843260636,-2.4703233872618493e-06,-2.702490540614377e-06,1.3848453693822814e-06,-3.18737607e-06,-4.66422756e-06,4.92382012e-06,0.0,0.0,0.0,1.8063541959970848e-06,4.126928773685272e-06,-4.550356816622573e-06,1.8041950352791163e-06,4.124536421599162e-06,-4.5490643714768734e-06,-3.0305637971797896e-14,1.5509955075636555e-14,-1.2703268629745594e-13,N,mm/s,N s,"all 217 exterior nodes vs true wall triangles, increment orientation"
0.0010309,20.89243580746347,130,441,880,640.0086998501401,,,180.41993713359813,412.4546813963325,-454.9075927733292,-2.470490806719604e-06,-2.702673694570345e-06,1.3849392235157166e-06,-3.18732818e-06,-4.6642665e-06,4.92384117e-06,0.0,0.0,0.0,1.8063541959970848e-06,4.126928773685272e-06,-4.550356816622573e-06,1.8041944249292268e-06,4.124535506074328e-06,-4.549063455952039e-06,-7.487960544415903e-14,-1.6333196476765082e-13,1.576198540922404e-13,N,mm/s,N s,"all 217 exterior nodes vs true wall triangles, increment orientation"
0.001031,20.97227101543731,130,441,880,640.0086042286883,0.0,-1.0,180.41989135723088,412.45462036117624,-454.90753173817296,-2.4706580615866755e-06,-2.702856668466986e-06,1.3850329853808086e-06,-3.18728035e-06,-4.66430541e-06,4.92386216e-06,0.0,0.0,0.0,1.8063541959970848e-06,4.126928773685272e-06,-4.550356816622573e-06,1.8041939671668094e-06,4.124534895724439e-06,-4.549062845602151e-06,3.3145847228884103e-14,-3.69767396565736e-14,1.3708596534138789e-13,N,mm/s,N s,"all 217 exterior nodes vs true wall triangles, increment orientation"
0.0010310999999999,21.05208947530529,130,441,880,640.0085043057503,,,180.4198303220746,412.45455932602,-454.9074707030167,-2.4708251518632176e-06,-2.7030394623044706e-06,1.3851266549776444e-06,-3.18723257e-06,-4.66434428e-06,4.92388311e-06,0.0,0.0,0.0,1.8063541959970848e-06,4.126928773685272e-06,-4.550356816622573e-06,1.80419335681692e-06,4.124534285374549e-06,-4.549062235252261e-06,-1.140423560843035e-14,8.940066077706274e-14,1.1654060945849544e-13,N,mm/s,N s,"all 217 exterior nodes vs true wall triangles, increment orientation"
0.0010312,21.1319087257646,130,441,880,640.0083847157096,,,180.41976928691832,412.45446777328556,-454.90740966786046,-2.470992077548729e-06,-2.703222076082248e-06,1.3852202323059422e-06,-3.18718486e-06,-4.66438313e-06,4.923904e-06,0.0,0.0,0.0,1.8063541959970848e-06,4.126928773685272e-06,-4.550356816622573e-06,1.8041927464670304e-06,4.124533369849715e-06,-4.549061624902372e-06,-5.594239222184746e-14,-8.937472547525076e-14,9.598379745499137e-14,N,mm/s,N s,"all 217 exterior nodes vs true wall triangles, increment orientation"
0.0010313,21.211694117259523,130,441,880,640.0082890942606,,,180.4197235105511,412.4544067381293,-454.9073486327042,-2.4711588386437045e-06,-2.7034045098008607e-06,1.3853137173659794e-06,-3.1871372e-06,-4.66442195e-06,4.92392484e-06,0.0,0.0,0.0,1.8063541959970848e-06,4.126928773685272e-06,-4.550356816622573e-06,1.8041922887046133e-06,4.124532759499826e-06,-4.549061014552483e-06,5.2118839334645926e-14,3.70469680052634e-14,7.541554796560053e-14,N,mm/s,N s,"all 217 exterior nodes vs true wall triangles, increment orientation"
0.0010314,21.291468004951543,130,441,880,640.0081695042234,,,180.4196624753948,412.45431518539493,-454.90728759754796,-2.471325435147969e-06,-2.7035867634601174e-06,1.385407110157659e-06,-3.18708961e-06,-4.66446073e-06,4.92394564e-06,0.0,0.0,0.0,1.8063541959970848e-06,4.126928773685272e-06,-4.550356816622573e-06,1.8041916783547235e-06,4.124531843974992e-06,-4.5490604042025935e-06,7.604503828804446e-15,-1.416841667047867e-13,5.483587200175123e-14,N,mm/s,N s,"all 217 exterior nodes vs true wall triangles, increment orientation"
0.0010314999999999,21.37123237578544,130,441,880,640.0080695812916,0.0,-1.0,180.41960144023852,412.4542541502386,-454.9072265623917,-2.471491867061679e-06,-2.7037688370601874e-06,1.3855004106810663e-06,-3.18704207e-06,-4.66449949e-06,4.92396638e-06,0.0,0.0,0.0,1.8063541959970848e-06,4.126928773685272e-06,-4.550356816622573e-06,1.8041910680048342e-06,4.124531233625103e-06,-4.549059793852704e-06,-3.689793615808403e-14,-1.521826572772238e-14,3.424478481003652e-14,N,mm/s,N s,"all 217 exterior nodes vs true wall triangles, increment orientation"
0.0010316,21.45098458212922,130,441,880,640.0079696583616,,,180.41954040508224,412.4541931150824,-454.90716552723546,-2.471658134384331e-06,-2.7039507306005223e-06,1.3855936189359217e-06,-3.18699459e-06,-4.66453822e-06,4.92398707e-06,0.0,0.0,0.0,1.8063541959970848e-06,4.126928773685272e-06,-4.550356816622573e-06,1.8041904576549447e-06,4.124530623275214e-06,-4.549059183502816e-06,-8.1388492696239e-14,1.1126970892794737e-13,1.3642299095950605e-14,N,mm/s,N s,"all 217 exterior nodes vs true wall triangles, increment orientation"
0.0010317,21.5307085221959,130,441,880,640.0078543698132,,,180.419494628715,412.454101562348,-454.9071044920792,-2.47182423711641e-06,-2.7041324440816515e-06,1.3856867349224956e-06,-3.18694717e-06,-4.66457691e-06,4.9240077e-06,0.0,0.0,0.0,1.8063541959970848e-06,4.126928773685272e-06,-4.550356816622573e-06,1.8041899998925274e-06,4.12452970775038e-06,-4.5490585731529265e-06,2.6720296372110923e-14,-6.739520898145111e-14,-6.971568199847563e-15,N,mm/s,N s,"all 217 exterior nodes vs true wall triangles, increment orientation"
0.0010318,21.61042247248934,130,441,880,640.007754446886,,,180.41943359355872,412.4540405271917,-454.90704345692296,-2.47199017525774e-06,-2.7043139775033822e-06,1.3857797586406896e-06,-3.18689981e-06,-4.66461558e-06,4.92402829e-06,0.0,0.0,0.0,1.8063541959970848e-06,4.126928773685272e-06,-4.550356816622573e-06,1.8041893895426379e-06,4.12452909740049e-06,-4.549057962803037e-06,-1.774652333824667e-14,5.91368461158267e-14,-2.7596802677797884e-14,N,mm/s,N s,"all 217 exterior nodes vs true wall triangles, increment orientation"
0.0010318999999999,21.69012550781789,130,441,880,640.0076348568581,,,180.41937255840244,412.4539489744573,-454.9069824217667,-2.4721559488084774e-06,-2.7044953308658853e-06,1.3858726900905908e-06,-3.1868525e-06,-4.66465421e-06,4.92404883e-06,0.0,0.0,0.0,1.8063541959970848e-06,4.126928773685272e-06,-4.550356816622573e-06,1.8041887791927484e-06,4.1245281818756564e-06,-4.549057352453148e-06,-6.220149115184804e-14,-1.1948403285657813e-13,-4.8233392479439096e-14,N,mm/s,N s,"all 217 exterior nodes vs true wall triangles, increment orientation"
0.001032,21.769811316286876,130,441,880,640.0075392354156,0.0,-1.0,180.41932678203523,412.45388793930107,-454.90692138661046,-2.472321557768112e-06,-2.704676504168604e-06,1.3859655292719149e-06,-3.18680526e-06,-4.66469282e-06,4.92406931e-06,0.0,0.0,0.0,1.8063541959970848e-06,4.126928773685272e-06,-4.550356816622573e-06,1.8041883214303312e-06,4.124527571525767e-06,-4.549056742103259e-06,4.59428550890782e-14,7.092022214177755e-15,-6.888132066411225e-14,N,mm/s,N s,"all 217 exterior nodes vs true wall triangles, increment orientation"
0.0010321,21.849475377131515,130,441,880,640.0074196453911,,,180.41926574687892,412.45379638656664,-454.9068603514542,-2.472487002137127e-06,-2.7048574974120667e-06,1.3860582761849314e-06,-3.18675807e-06,-4.6647314e-06,4.92408974e-06,0.0,0.0,0.0,1.8063541959970848e-06,4.126928773685272e-06,-4.550356816622573e-06,1.8041877110804415e-06,4.124526656000933e-06,-4.549056131753369e-06,1.511559728770216e-15,-1.7148490167749521e-13,-8.954057452632315e-14,N,mm/s,N s,"all 217 exterior nodes vs true wall triangles, increment orientation"
0.0010322,21.929127981787268,130,441,880,640.0073197224704,,,180.41920471172264,412.4537353514104,-454.90679931629796,-2.472652281915343e-06,-2.7050383105960755e-06,1.38615093082954e-06,-3.18671094e-06,-4.66476994e-06,4.92411013e-06,0.0,0.0,0.0,1.8063541959970848e-06,4.126928773685272e-06,-4.550356816622573e-06,1.8041871007305522e-06,4.1245260456510435e-06,-4.549055521403481e-06,-4.290791486324236e-14,-4.486493387765482e-14,-1.1021113966651168e-13,N,mm/s,N s,"all 217 exterior nodes vs true wall triangles, increment orientation"
0.0010322999999999,22.00876406461925,130,441,880,640.0072241010306,,,180.41915893535543,412.45367431625414,-454.9067382811417,-2.4728173971029096e-06,-2.7052189437207964e-06,1.3862434932058248e-06,-3.18666388e-06,-4.66480846e-06,4.92413046e-06,0.0,0.0,0.0,1.8063541959970848e-06,4.126928773685272e-06,-4.550356816622573e-06,1.804186642968135e-06,4.124525435301154e-06,-4.549054911053592e-06,6.527189283553716e-14,8.177695937002525e-14,-1.308930008380848e-13,N,mm/s,N s,"all 217 exterior nodes vs true wall triangles, increment orientation"
0.0010324,22.08838346200153,130,441,880,640.0070828196117,,,180.41909790019912,412.4535827635197,-454.9066467284074,-2.472982347699321e-06,-2.7053993967856733e-06,1.3863359633135012e-06,-3.18661687e-06,-4.66484695e-06,4.92415074e-06,0.0,0.0,0.0,1.8063541959970848e-06,4.126928773685272e-06,-4.550356816622573e-06,1.8041860326182453e-06,4.12452451977632e-06,-4.549053995528758e-06,2.0876028016379874e-14,-9.673418733109574e-14,1.5358879888526878e-13,N,mm/s,N s,"all 217 exterior nodes vs true wall triangles, increment orientation"
0.0010325,22.16798610021961,130,441,880,640.006982896695,0.0,-1.0,180.41903686504284,412.45352172836346,-454.90658569325115,-2.473147133705053e-06,-2.70557966979123e-06,1.386428341152838e-06,-3.18656992e-06,-4.6648854e-06,4.92417097e-06,0.0,0.0,0.0,1.8063541959970848e-06,4.126928773685272e-06,-4.550356816622573e-06,1.8041854222683558e-06,4.124523909426431e-06,-4.549053385178869e-06,-2.3508048009975762e-14,2.995149497885853e-14,1.3288438800257386e-13,N,mm/s,N s,"all 217 exterior nodes vs true wall triangles, increment orientation"
0.0010326,22.247572286995663,130,441,880,640.0068633066786,,,180.41897582988656,412.4534301756291,-454.9065246580949,-2.4733117551199205e-06,-2.705759762737261e-06,1.3865206267237294e-06,-3.18652302e-06,-4.66492383e-06,4.92419115e-06,0.0,0.0,0.0,1.8063541959970848e-06,4.126928773685272e-06,-4.550356816622573e-06,1.8041848119184663e-06,4.124522993901597e-06,-4.5490527748289795e-06,-6.788034604319983e-14,-1.4851590585866856e-13,1.1216872259310878e-13,N,mm/s,N s,"all 217 exterior nodes vs true wall triangles, increment orientation"
0.0010327,22.32715407723387,130,441,880,640.0067676852424,,,180.41893005351935,412.4533691404728,-454.90646362293865,-2.4734762119439093e-06,-2.7059396756237523e-06,1.3866128200261686e-06,-3.18647619e-06,-4.66496222e-06,4.92421127e-06,0.0,0.0,0.0,1.8063541959970848e-06,4.126928773685272e-06,-4.550356816622573e-06,1.8041843541560491e-06,4.124522383551708e-06,-4.549052164479091e-06,4.0346595650962605e-14,-2.1786520036767756e-14,9.144181790346657e-14,N,mm/s,N s,"all 217 exterior nodes vs true wall triangles, increment orientation"
0.0010328,22.40670692931393,130,441,880,640.0066677623304,,,180.41886901836304,412.4533081053165,-454.9064025877824,-2.473640504177001e-06,-2.7061194084506837e-06,1.3867049210601448e-06,-3.18642942e-06,-4.66500059e-06,4.92423135e-06,0.0,0.0,0.0,1.8063541959970848e-06,4.126928773685272e-06,-4.550356816622573e-06,1.8041837438061594e-06,4.1245217732018185e-06,-4.549051554129202e-06,-4.002177736217366e-15,1.0496468450682138e-13,7.07036891802403e-14,N,mm/s,N s,"all 217 exterior nodes vs true wall triangles, increment orientation"
0.0010329,22.486254845405067,130,441,880,640.0065481723191,,,180.41880798320676,412.45321655258215,-454.90634155262615,-2.473804631819173e-06,-2.7062989612180303e-06,1.3867969298256458e-06,-3.1863827e-06,-4.66503893e-06,4.92425137e-06,0.0,0.0,0.0,1.8063541959970848e-06,4.126928773685272e-06,-4.550356816622573e-06,1.8041831334562701e-06,4.124520857676985e-06,-4.5490509437793125e-06,-4.833920404696834e-14,-7.343725423641012e-14,4.9954349975957126e-14,N,mm/s,N s,"all 217 exterior nodes vs true wall triangles, increment orientation"
0.0010329999999999,22.56577399016862,130,441,880,640.0064525508856,0.0,-1.0,180.41876220683955,412.45315551742584,-454.9062805174699,-2.4739685948705726e-06,-2.7064783339259518e-06,1.3868888463227532e-06,-3.18633605e-06,-4.66507723e-06,4.92427135e-06,0.0,0.0,0.0,1.8063541959970848e-06,4.126928773685272e-06,-4.550356816622573e-06,1.804182675693853e-06,4.124520247327095e-06,-4.549050333429423e-06,5.992297739417342e-14,5.335752845824935e-14,2.919381469017714e-14,N,mm/s,N s,"all 217 exterior nodes vs true wall triangles, increment orientation"
0.0010331,22.64528856721384,130,441,880,640.0063329608778,,,180.41870117168324,412.45306396469147,-454.90621948231365,-2.474132393330681e-06,-2.706657526573884e-06,1.3869806705511777e-06,-3.18628945e-06,-4.66511551e-06,4.92429127e-06,0.0,0.0,0.0,1.8063541959970848e-06,4.126928773685272e-06,-4.550356816622573e-06,1.8041820653439632e-06,4.124519331802261e-06,-4.549049723079534e-06,1.5609412201995497e-14,-1.250008753325921e-13,8.422096875427502e-15,N,mm/s,N s,"all 217 exterior nodes vs true wall triangles, increment orientation"
0.0010332,22.72478734785673,130,441,880,640.0062330379722,,,180.41864013652696,412.4530029295352,-454.9061584471574,-2.474296027199979e-06,-2.7068365391623493e-06,1.3870724025111866e-06,-3.18624291e-06,-4.66515376e-06,4.92431114e-06,0.0,0.0,0.0,1.8063541959970848e-06,4.126928773685272e-06,-4.550356816622573e-06,1.8041814549940737e-06,4.124518721452372e-06,-4.549049112729645e-06,-2.8692438312763664e-14,1.837402503908868e-15,-1.236078737466579e-14,N,mm/s,N s,"all 217 exterior nodes vs true wall triangles, increment orientation"
0.0010333,22.804273761201035,130,441,880,640.0061134479683,,,180.41857910137068,412.4529113768008,-454.90609741200115,-2.474459496478268e-06,-2.7070153716911328e-06,1.3871640422026709e-06,-3.18619643e-06,-4.66519197e-06,4.92433096e-06,0.0,0.0,0.0,1.8063541959970848e-06,4.126928773685272e-06,-4.550356816622573e-06,1.8041808446441842e-06,4.124517805927538e-06,-4.549048502379755e-06,-7.298258452625766e-14,-1.7647755019080434e-13,-3.3154825354608525e-14,N,mm/s,N s,"all 217 exterior nodes vs true wall triangles, increment orientation"
0.0010333999999999,22.88372707353993,130,441,880,640.0060178265387,,,180.41853332500344,412.45285034164453,-454.9060363768449,-2.4746228011656953e-06,-2.7071940241603955e-06,1.3872555896257125e-06,-3.18615001e-06,-4.66523016e-06,4.92435073e-06,0.0,0.0,0.0,1.8063541959970848e-06,4.126928773685272e-06,-4.550356816622573e-06,1.8041803868817668e-06,4.124517195577648e-06,-4.549047892029867e-06,3.5326434872251945e-14,-4.959586276278953e-14,-5.396000351187355e-14,N,mm/s,N s,"all 217 exterior nodes vs true wall triangles, increment orientation"
0.0010335,22.963174714488872,130,441,880,640.0059179036377,0.0,-1.0,180.41847228984716,412.4527893064882,-454.90597534168865,-2.4747859412617422e-06,-2.7073724965695685e-06,1.3873470447800195e-06,-3.18610364e-06,-4.66526831e-06,4.92437045e-06,0.0,0.0,0.0,1.8063541959970848e-06,4.126928773685272e-06,-4.550356816622573e-06,1.8041797765318773e-06,4.124516585227759e-06,-4.549047281679978e-06,-8.940334925963732e-15,7.730749769724668e-14,-7.477630490580192e-14,N,mm/s,N s,"all 217 exterior nodes vs true wall triangles, increment orientation"
0.0010336,23.04261125635275,130,441,880,640.005798313639,,,180.41841125469088,412.45269775375385,-454.9059143065324,-2.474948916766874e-06,-2.707550788919162e-06,1.387438407665854e-06,-3.18605734e-06,-4.66530644e-06,4.92439011e-06,0.0,0.0,0.0,1.8063541959970848e-06,4.126928773685272e-06,-4.550356816622573e-06,1.804179166181988e-06,4.124515669702925e-06,-4.549046671330088e-06,-5.319543239840801e-14,-1.009424350543694e-13,-9.560371683089942e-14,N,mm/s,N s,"all 217 exterior nodes vs true wall triangles, increment orientation"
0.0010337,23.122026280931497,130,441,880,640.0057026922121,,,180.41836547832366,412.4526367185976,-454.90585327137615,-2.475111727680904e-06,-2.7077289012089715e-06,1.387529678283111e-06,-3.18601109e-06,-4.66534454e-06,4.92440973e-06,0.0,0.0,0.0,1.8063541959970848e-06,4.126928773685272e-06,-4.550356816622573e-06,1.8041787084195709e-06,4.124515059353036e-06,-4.549046060980199e-06,5.514860418917404e-14,2.6004209636304454e-14,-1.1644222319354006e-13,N,mm/s,N s,"all 217 exterior nodes vs true wall triangles, increment orientation"
0.0010337999999999,23.201441180535305,130,441,880,640.005561410808,,,180.41830444316736,412.45254516586317,-454.90576171864177,-2.4752743740039656e-06,-2.7079068334391426e-06,1.3876208566318649e-06,-3.18596491e-06,-4.6653826e-06,4.92442929e-06,0.0,0.0,0.0,1.8063541959970848e-06,4.126928773685272e-06,-4.550356816622573e-06,1.8041780980696811e-06,4.124514143828202e-06,-4.5490451454553655e-06,1.0916819392778809e-14,-1.5220248123632135e-13,1.6788313293258743e-13,N,mm/s,N s,"all 217 exterior nodes vs true wall triangles, increment orientation"
0.0010339,23.280823022495905,130,441,880,640.0054614879128,,,180.41824340801108,412.4524841307069,-454.9057006834855,-2.475436855735545e-06,-2.708084585609114e-06,1.3877119427118285e-06,-3.18591878e-06,-4.66542064e-06,4.92444881e-06,0.0,0.0,0.0,1.8063541959970848e-06,4.126928773685272e-06,-4.550356816622573e-06,1.8041774877197916e-06,4.124513533478313e-06,-4.549044535105476e-06,-3.33033239945476e-14,-2.5212637018304576e-14,1.470224766583761e-13,N,mm/s,N s,"all 217 exterior nodes vs true wall triangles, increment orientation"
0.001034,23.36019316818988,130,441,880,640.0053615650196,0.0,-1.0,180.4181823728548,412.45242309555067,-454.90563964832927,-2.475599172876101e-06,-2.708262157719386e-06,1.3878029365232573e-06,-3.18587271e-06,-4.66545865e-06,4.92446827e-06,0.0,0.0,0.0,1.8063541959970848e-06,4.126928773685272e-06,-4.550356816622573e-06,1.8041768773699021e-06,4.124512923128423e-06,-4.549043924755587e-06,-7.75118376195082e-14,1.0179877519964813e-13,1.2615076829826898e-13,N,mm/s,N s,"all 217 exterior nodes vs true wall triangles, increment orientation"
0.0010341,23.439541727570976,130,441,880,640.0052462764971,,,180.41813659648756,412.45233154281624,-454.905578613173,-2.475761325425438e-06,-2.7084395497697463e-06,1.3878938380660431e-06,-3.1858267e-06,-4.66549662e-06,4.92448768e-06,0.0,0.0,0.0,1.8063541959970848e-06,4.126928773685272e-06,-4.550356816622573e-06,1.8041764196074848e-06,4.124512007603589e-06,-4.549043314405698e-06,3.0878740463910156e-14,-7.634320997910397e-14,1.0526802140479324e-13,N,mm/s,N s,"all 217 exterior nodes vs true wall triangles, increment orientation"
0.0010341999999999,23.518890159670462,130,441,880,640.0051463536067,,,180.41807556133128,412.45227050766,-454.90551757801677,-2.4759233133836945e-06,-2.7086167617603462e-06,1.3879846473402641e-06,-3.18578075e-06,-4.66553457e-06,4.92450704e-06,0.0,0.0,0.0,1.8063541959970848e-06,4.126928773685272e-06,-4.550356816622573e-06,1.8041758092575953e-06,4.1245113972537e-06,-4.549042704055808e-06,-1.330654455302142e-14,5.0711275558282514e-14,8.4374250377509e-14,N,mm/s,N s,"all 217 exterior nodes vs true wall triangles, increment orientation"
0.0010343,23.598204870263583,130,441,880,640.0050267636196,,,180.418014526175,412.4521789549256,-454.9054565428605,-2.476085136750348e-06,-2.708793793690613e-06,1.3880753643456255e-06,-3.18573486e-06,-4.66557249e-06,4.92452635e-06,0.0,0.0,0.0,1.8063541959970848e-06,4.126928773685272e-06,-4.550356816622573e-06,1.804175198907706e-06,4.124510481728866e-06,-4.54904209370592e-06,-5.748023093604801e-14,-1.2738767695861727e-13,6.346946876894339e-14,N,mm/s,N s,"all 217 exterior nodes vs true wall triangles, increment orientation"
0.0010344,23.677520063803627,130,441,880,640.0049311421989,,,180.41796874980778,412.4521179197693,-454.90539550770427,-2.476246795525853e-06,-2.7089706455610458e-06,1.388165989082384e-06,-3.18568903e-06,-4.66561038e-06,4.92454561e-06,0.0,0.0,0.0,1.8063541959970848e-06,4.126928773685272e-06,-4.550356816622573e-06,1.8041747411452888e-06,4.124509871378976e-06,-4.549041483356031e-06,5.094514304908532e-14,-2.9020195805879584e-16,4.255369267272243e-14,N,mm/s,N s,"all 217 exterior nodes vs true wall triangles, increment orientation"
0.0010345,23.75680720132599,130,441,880,640.0048115522153,0.0,-1.0,180.41790771465148,412.45202636703493,-454.905334472548,-2.4764082897100173e-06,-2.7091473173714325e-06,1.3882565215504309e-06,-3.18564325e-06,-4.66564823e-06,4.92456481e-06,0.0,0.0,0.0,1.8063541959970848e-06,4.126928773685272e-06,-4.550356816622573e-06,1.804174130795399e-06,4.1245089558541426e-06,-4.549040873006141e-06,6.794621534858482e-15,-1.7834620736343395e-13,2.162693479434031e-14,N,mm/s,N s,"all 217 exterior nodes vs true wall triangles, increment orientation"
0.0010345999999999,23.83608854152665,130,441,880,640.0047116293312,,,180.4178466794952,412.4519653318787,-454.90527343739177,-2.476569619302969e-06,-2.7093238091219134e-06,1.3883469617498375e-06,-3.18559754e-06,-4.66568606e-06,4.92458397e-06,0.0,0.0,0.0,1.8063541959970848e-06,4.126928773685272e-06,-4.550356816622573e-06,1.8041735204455096e-06,4.124508345504253e-06,-4.549040262656252e-06,-3.734433289744065e-14,-5.120582506189936e-14,6.892112274230373e-16,N,mm/s,N s,"all 217 exterior nodes vs true wall triangles, increment orientation"
0.0010347,23.915348903141037,130,441,880,640.0046117064488,,,180.41778564433892,412.4519042967224,-454.9052124022355,-2.476730784304185e-06,-2.709500120811918e-06,1.3884373096803115e-06,-3.18555188e-06,-4.66572386e-06,4.92460307e-06,0.0,0.0,0.0,1.8063541959970848e-06,4.126928773685272e-06,-4.550356816622573e-06,1.80417291009562e-06,4.124507735154364e-06,-4.549039652306363e-06,-8.14717312592404e-14,7.595597785583835e-14,-2.025946532253518e-14,N,mm/s,N s,"all 217 exterior nodes vs true wall triangles, increment orientation"
0.0010348,23.99459826940174,130,441,880,640.0044964179347,,,180.41773986797168,412.451812743988,-454.90515136707927,-2.4768917847141184e-06,-2.70967625244194e-06,1.3885275653421067e-06,-3.18550628e-06,-4.66576163e-06,4.92462213e-06,0.0,0.0,0.0,1.8063541959970848e-06,4.126928773685272e-06,-4.550356816622573e-06,1.8041724523332027e-06,4.1245068196295305e-06,-4.5490390419564735e-06,2.69998877601977e-14,-1.0203576231279567e-13,-4.121908045597424e-14,N,mm/s,N s,"all 217 exterior nodes vs true wall triangles, increment orientation"
0.0010349,24.073830385266884,130,441,880,640.0043964950552,,,180.4176788328154,412.45175170883175,-454.905090331923,-2.477052620532573e-06,-2.709852204011765e-06,1.3886177287351122e-06,-3.18546074e-06,-4.66579936e-06,4.92464113e-06,0.0,0.0,0.0,1.8063541959970848e-06,4.126928773685272e-06,-4.550356816622573e-06,1.8041718419833132e-06,4.124506209279641e-06,-4.549038431606585e-06,-1.710443043609702e-14,2.516882085097606e-14,-6.218961892630109e-14,N,mm/s,N s,"all 217 exterior nodes vs true wall triangles, increment orientation"
0.001035,24.15303382786168,130,441,880,640.0042769050807,0.0,-1.0,180.41761779765912,412.4516601560973,-454.90502929676677,-2.4772132917595084e-06,-2.7100279755213503e-06,1.3887077998593068e-06,-3.18541526e-06,-4.66583707e-06,4.92466008e-06,0.0,0.0,0.0,1.8063541959970848e-06,4.126928773685272e-06,-4.550356816622573e-06,1.804171231633424e-06,4.124505293754807e-06,-4.549037821256696e-06,-6.119722411386964e-14,-1.5278018396437014e-13,-8.317106633395563e-14,N,mm/s,N s,"all 217 exterior nodes vs true wall triangles, increment orientation"
0.0010351,24.23224415376979,130,441,880,640.0041812836666,,,180.41757202129187,412.45159912094107,-454.9049682616105,-2.4773737983948887e-06,-2.7102035669706548e-06,1.3887977787146698e-06,-3.18536984e-06,-4.66587475e-06,4.92467898e-06,0.0,0.0,0.0,1.8063541959970848e-06,4.126928773685272e-06,-4.550356816622573e-06,1.8041707738710063e-06,4.1245046834049175e-06,-4.5490372109068064e-06,4.730896761410183e-14,-2.5532903563793216e-14,-1.041634091264107e-13,N,mm/s,N s,"all 217 exterior nodes vs true wall triangles, increment orientation"
0.0010352,24.311426547343004,130,441,880,640.0040813607917,,,180.4175109861356,412.4515380857848,-454.90490722645427,-2.477534140438673e-06,-2.7103789783596367e-06,1.3888876653011782e-06,-3.18532448e-06,-4.6659124e-06,4.92469783e-06,0.0,0.0,0.0,1.8063541959970848e-06,4.126928773685272e-06,-4.550356816622573e-06,1.804170163521117e-06,4.124504073055028e-06,-4.549036600556917e-06,3.2391914213961365e-15,1.0173569072683547e-13,-1.251666329041062e-13,N,mm/s,N s,"all 217 exterior nodes vs true wall triangles, increment orientation"
0.0010352999999999,24.390591483122822,130,441,880,640.0039400794037,,,180.41744995097932,412.4514465330504,-454.9048156737199,-2.4776943178909847e-06,-2.7105542096884266e-06,1.388977459618901e-06,-3.18527917e-06,-4.66595002e-06,4.92471663e-06,0.0,0.0,0.0,1.8063541959970848e-06,4.126928773685272e-06,-4.550356816622573e-06,1.8041695531712275e-06,4.124503157530194e-06,-4.549035685032084e-06,-4.081909265179768e-14,-7.614936310099303e-14,1.5899422180036798e-13,N,mm/s,N s,"all 217 exterior nodes vs true wall triangles, increment orientation"
0.0010354,24.4697404352268,130,441,880,640.003844457992,,,180.4174041746121,412.45138549789414,-454.90475463856365,-2.477854330751303e-06,-2.7107292609564573e-06,1.3890671616675458e-06,-3.18523393e-06,-4.6659876e-06,4.92473537e-06,0.0,0.0,0.0,1.8063541959970848e-06,4.126928773685272e-06,-4.550356816622573e-06,1.8041690954088103e-06,4.124502547180305e-06,-4.549035074682194e-06,6.772157755229177e-14,5.116180221853171e-14,1.3796928009790488e-13,N,mm/s,N s,"all 217 exterior nodes vs true wall triangles, increment orientation"
0.0010355,24.54887230108199,130,441,880,640.0037248680251,0.0,-1.0,180.4173431394558,412.45129394515976,-454.9046936034074,-2.4780141790200684e-06,-2.710904132164211e-06,1.3891567714473604e-06,-3.18518874e-06,-4.66602516e-06,4.92475407e-06,0.0,0.0,0.0,1.8063541959970848e-06,4.126928773685272e-06,-4.550356816622573e-06,1.8041684850589206e-06,4.124501631655471e-06,-4.549034464332305e-06,2.368624680141912e-14,-1.266807229320481e-13,1.1693350060888166e-13,N,mm/s,N s,"all 217 exterior nodes vs true wall triangles, increment orientation"
0.0010356,24.628004578079317,130,441,880,640.003624945156,,,180.41728210429952,412.45123291000345,-454.9046325682512,-2.4781738626970773e-06,-2.711078823311463e-06,1.38924628895823e-06,-3.18514362e-06,-4.66606269e-06,4.92477271e-06,0.0,0.0,0.0,1.8063541959970848e-06,4.126928773685272e-06,-4.550356816622573e-06,1.8041678747090311e-06,4.124501021305582e-06,-4.549033853982417e-06,-2.033762274664423e-14,6.729278660450207e-16,9.588689688582548e-14,N,mm/s,N s,"all 217 exterior nodes vs true wall triangles, increment orientation"
0.0010356999999999,24.707103674700303,130,441,880,640.0035053551932,,,180.41722106914324,412.4511413572691,-454.90457153309495,-2.4783333817824428e-06,-2.7112533343983402e-06,1.3893357142002195e-06,-3.18509855e-06,-4.66610019e-06,4.92479131e-06,0.0,0.0,0.0,1.8063541959970848e-06,4.126928773685272e-06,-4.550356816622573e-06,1.8041672643591418e-06,4.1245001057807475e-06,-4.549033243632527e-06,-6.435004104453541e-14,-1.7712715500464672e-13,7.482948502236233e-14,N,mm/s,N s,"all 217 exterior nodes vs true wall triangles, increment orientation"
0.0010358,24.786197145589032,130,441,880,640.0034097337852,,,180.417175292776,412.45108032211283,-454.9045104979387,-2.4784927362756503e-06,-2.7114276654242774e-06,1.3894250471730383e-06,-3.18505354e-06,-4.66613766e-06,4.92480985e-06,0.0,0.0,0.0,1.8063541959970848e-06,4.126928773685272e-06,-4.550356816622573e-06,1.8041668065967242e-06,4.124499495430858e-06,-4.549032633282638e-06,4.4236451736176367e-14,-4.9731101737214047e-14,5.376127772398643e-14,N,mm/s,N s,"all 217 exterior nodes vs true wall triangles, increment orientation"
0.0010359,24.865268034524632,130,441,880,640.0033098109209,,,180.41711425761972,412.4510192869565,-454.90444946278245,-2.478651926177128e-06,-2.7116018163897434e-06,1.3895142878769278e-06,-3.18500859e-06,-4.6661751e-06,4.92482834e-06,0.0,0.0,0.0,1.8063541959970848e-06,4.126928773685272e-06,-4.550356816622573e-06,1.804166196246835e-06,4.124498885080969e-06,-4.549032022932749e-06,2.4690205731162963e-16,7.76861205776364e-14,3.2682291931356716e-14,N,mm/s,N s,"all 217 exterior nodes vs true wall triangles, increment orientation"
0.001036,24.944328185914824,130,441,880,640.0031902209631,0.0,-1.0,180.41705322246344,412.45092773422215,-454.9043884276262,-2.4788109514866745e-06,-2.7117757872945184e-06,1.3896034363117748e-06,-3.1849637e-06,-4.66621251e-06,4.92484678e-06,0.0,0.0,0.0,1.8063541959970848e-06,4.126928773685272e-06,-4.550356816622573e-06,1.8041655858969454e-06,4.124497969556135e-06,-4.54903141258286e-06,-4.373122898214941e-14,-1.0005045176267021e-13,1.1592537808868559e-14,N,mm/s,N s,"all 217 exterior nodes vs true wall triangles, increment orientation"
0.0010360999999999,25.023372283115872,130,441,880,640.003094599558,,,180.4170074460962,412.4508666990659,-454.90432739246995,-2.4789698122044027e-06,-2.7119495781387244e-06,1.389692492477642e-06,-3.18491887e-06,-4.66624989e-06,4.92486517e-06,0.0,0.0,0.0,1.8063541959970848e-06,4.126928773685272e-06,-4.550356816622573e-06,1.804165128134528e-06,4.124497359206246e-06,-4.549030802232971e-06,6.488952014028994e-14,2.74090476606436e-14,-9.507967702819097e-15,N,mm/s,N s,"all 217 exterior nodes vs true wall triangles, increment orientation"
0.0010362,25.10239336000452,130,441,880,640.0029750096037,,,180.41694641093991,412.45077514633147,-454.9042663573137,-2.4791285083297857e-06,-2.7121231889217867e-06,1.389781456374235e-06,-3.18487409e-06,-4.66628724e-06,4.92488351e-06,0.0,0.0,0.0,1.8063541959970848e-06,4.126928773685272e-06,-4.550356816622573e-06,1.8041645177846385e-06,4.124496443681412e-06,-4.549030191883082e-06,2.0934194615900774e-14,-1.5028529246394586e-13,-3.06192093571132e-14,N,mm/s,N s,"all 217 exterior nodes vs true wall triangles, increment orientation"
0.0010363,25.18140357714351,130,441,880,640.0028750867457,,,180.41688537578364,412.4507141111752,-454.90420532215745,-2.4792870398632585e-06,-2.712296619644181e-06,1.3898703280017974e-06,-3.18482938e-06,-4.66632456e-06,4.92490179e-06,0.0,0.0,0.0,1.8063541959970848e-06,4.126928773685272e-06,-4.550356816622573e-06,1.804163907434749e-06,4.1244958333315224e-06,-4.5490295815331925e-06,-2.3009743821061977e-14,-2.278360063546342e-14,-5.1741174448519545e-14,N,mm/s,N s,"all 217 exterior nodes vs true wall triangles, increment orientation"
0.0010364,25.260402857522507,130,441,880,640.0027751638895,,,180.41682434062736,412.45065307601897,-454.9041442870012,-2.479445406804605e-06,-2.71246987030567e-06,1.3899591073602076e-06,-3.18478472e-06,-4.66636185e-06,4.92492003e-06,0.0,0.0,0.0,1.8063541959970848e-06,4.126928773685272e-06,-4.550356816622573e-06,1.8041632970848598e-06,4.124495222981633e-06,-4.549028971183303e-06,-6.694230597026839e-14,1.0473915520835134e-13,-7.287384857747803e-14,N,mm/s,N s,"all 217 exterior nodes vs true wall triangles, increment orientation"
0.0010364999999999,25.339384857576626,130,441,880,640.0026598753941,0.0,-1.0,180.4167785642601,412.45056152328453,-454.90408325184495,-2.479603609153942e-06,-2.7126429409063816e-06,1.3900477944495314e-06,-3.18474012e-06,-4.66639911e-06,4.92493821e-06,0.0,0.0,0.0,1.8063541959970848e-06,4.126928773685272e-06,-4.550356816622573e-06,1.8041628393224422e-06,4.124494307456799e-06,-4.549028360833414e-06,4.172396926726174e-14,-7.289199117617527e-14,-9.401721565036264e-14,N,mm/s,N s,"all 217 exterior nodes vs true wall triangles, increment orientation"
0.0010366,25.418345744836223,130,441,880,640.0025599525408,,,180.41671752910383,412.4505004881283,-454.9040222166887,-2.479761646910739e-06,-2.712815831445737e-06,1.3901363892694717e-06,-3.18469559e-06,-4.66643634e-06,4.92495635e-06,0.0,0.0,0.0,1.8063541959970848e-06,4.126928773685272e-06,-4.550356816622573e-06,1.8041622289725529e-06,4.1244936971069095e-06,-4.5490277504835254e-06,-2.1858716466510502e-15,5.467283001786604e-14,-1.1517126465574509e-13,N,mm/s,N s,"all 217 exterior nodes vs true wall triangles, increment orientation"
0.0010367,25.497294655977296,130,441,880,640.0024186711676,,,180.41665649394756,412.4504089353939,-454.9039306639543,-2.479919520075422e-06,-2.712988541924201e-06,1.3902248918202667e-06,-3.18465111e-06,-4.66647354e-06,4.92497443e-06,0.0,0.0,0.0,1.8063541959970848e-06,4.126928773685272e-06,-4.550356816622573e-06,1.8041616186226634e-06,4.124492781582076e-06,-4.549026834958691e-06,-4.6084367613026555e-14,-1.2291629082698255e-13,1.6883896726191654e-13,N,mm/s,N s,"all 217 exterior nodes vs true wall triangles, increment orientation"
0.0010368,25.57622732102736,130,441,880,640.0023230497687,,,180.4166107175803,412.4503479002376,-454.9038696287981,-2.4800772286477847e-06,-2.7131610723415457e-06,1.3903133021018009e-06,-3.18460669e-06,-4.66651072e-06,4.92499246e-06,0.0,0.0,0.0,1.8063541959970848e-06,4.126928773685272e-06,-4.550356816622573e-06,1.804161160860246e-06,4.124492171232187e-06,-4.549026224608802e-06,6.26159422553572e-14,4.690514402122363e-15,1.476636018253835e-13,N,mm/s,N s,"all 217 exterior nodes vs true wall triangles, increment orientation"
0.0010368999999999,25.655148586240635,130,441,880,640.0022034598259,,,180.41654968242403,412.4502563475032,-454.9038085936418,-2.480234772627923e-06,-2.71333342269788e-06,1.3904016201141277e-06,-3.18456233e-06,-4.66654786e-06,4.92501044e-06,0.0,0.0,0.0,1.8063541959970848e-06,4.126928773685272e-06,-4.550356816622573e-06,1.8041605505103565e-06,4.124491255707352e-06,-4.549025614258913e-06,1.8740103996804278e-14,-1.7285666645337587e-13,1.2647759934909884e-13,N,mm/s,N s,"all 217 exterior nodes vs true wall triangles, increment orientation"
0.001037,25.73404803672008,130,441,880,640.0021035369784,0.0,-1.0,180.41648864726776,412.450195312347,-454.9037475584856,-2.480392152015319e-06,-2.7135055929926344e-06,1.3904898458569578e-06,-3.18451802e-06,-4.66658497e-06,4.92502837e-06,0.0,0.0,0.0,1.8063541959970848e-06,4.126928773685272e-06,-4.550356816622573e-06,1.804159940160467e-06,4.124490645357464e-06,-4.549025003909024e-06,-2.512442192497983e-14,-4.520796189250208e-14,1.052809750796556e-13,N,mm/s,N s,"all 217 exterior nodes vs true wall triangles, increment orientation"
0.0010371,25.812930267021837,130,441,880,640.0020036141327,,,180.41642761211145,412.45013427719067,-454.9036865233293,-2.4805493668103864e-06,-2.713677583226264e-06,1.3905779793305228e-06,-3.18447378e-06,-4.66662205e-06,4.92504625e-06,0.0,0.0,0.0,1.8063541959970848e-06,4.126928773685272e-06,-4.550356816622573e-06,1.8041593298105773e-06,4.124490035007574e-06,-4.549024393559135e-06,-6.897764588614872e-14,8.246165760590531e-14,8.407374256958096e-14,N,mm/s,N s,"all 217 exterior nodes vs true wall triangles, increment orientation"
0.0010372,25.89180790262365,130,441,880,640.0018883256447,,,180.41638183574423,412.4500427244563,-454.9036254881731,-2.4807064170129157e-06,-2.713849393398536e-06,1.390666020534704e-06,-3.1844296e-06,-4.6666591e-06,4.92506408e-06,0.0,0.0,0.0,1.8063541959970848e-06,4.126928773685272e-06,-4.550356816622573e-06,1.80415887204816e-06,4.12448911948274e-06,-4.5490237832092455e-06,3.976789532986018e-14,-9.502276996666264e-14,6.285591452436911e-14,N,mm/s,N s,"all 217 exterior nodes vs true wall triangles, increment orientation"
0.0010373,25.970656969348287,130,441,880,640.0017884028017,,,180.41632080058795,412.44998168930005,-454.9035644530168,-2.480863302622848e-06,-2.71402102350939e-06,1.3907539694694702e-06,-3.18438547e-06,-4.66669613e-06,4.92508185e-06,0.0,0.0,0.0,1.8063541959970848e-06,4.126928773685272e-06,-4.550356816622573e-06,1.8041582616982708e-06,4.124488509132851e-06,-4.549023172859356e-06,-4.062754567989678e-15,3.268862350263744e-14,4.1627507884679e-14,N,mm/s,N s,"all 217 exterior nodes vs true wall triangles, increment orientation"
0.0010374,26.049501384337663,130,441,880,640.0016688128682,,,180.41625976543168,412.4498901365656,-454.9035034178606,-2.481020023640125e-06,-2.714192473558761e-06,1.390841826134788e-06,-3.1843414e-06,-4.66673312e-06,4.92509958e-06,0.0,0.0,0.0,1.8063541959970848e-06,4.126928773685272e-06,-4.550356816622573e-06,1.8041576513483813e-06,4.124487593608017e-06,-4.549022562509467e-06,-4.7882134057201605e-14,-1.4475407414475108e-13,2.0388535356004843e-14,N,mm/s,N s,"all 217 exterior nodes vs true wall triangles, increment orientation"
0.0010375,26.128328511738708,130,441,880,640.0015731914759,0.0,-1.0,180.41621398906443,412.44982910140936,-454.9034423827043,-2.4811765800646907e-06,-2.7143637435465862e-06,1.3909295905306256e-06,-3.1842974e-06,-4.66677008e-06,4.92511725e-06,0.0,0.0,0.0,1.8063541959970848e-06,4.126928773685272e-06,-4.550356816622573e-06,1.804157193585964e-06,4.124486983258127e-06,-4.549021952159578e-06,6.089721859647932e-14,-1.700099310191893e-14,-8.609869680273677e-16,N,mm/s,N s,"all 217 exterior nodes vs true wall triangles, increment orientation"
0.0010375999999999,26.207128103513668,130,441,880,640.0014732686376,,,180.41615295390815,412.4497680662531,-454.9033813475481,-2.4813329718966425e-06,-2.7145348334729744e-06,1.3910172626570382e-06,-3.18425345e-06,-4.66680702e-06,4.92513487e-06,0.0,0.0,0.0,1.8063541959970848e-06,4.126928773685272e-06,-4.550356816622573e-06,1.8041565832360744e-06,4.124486372908238e-06,-4.549021341809689e-06,1.7100349219598913e-14,1.107729020815261e-13,-2.212104722895637e-14,N,mm/s,N s,"all 217 exterior nodes vs true wall triangles, increment orientation"
0.0010377,26.285922005309956,130,441,880,640.0013536787093,,,180.41609191875187,412.4496765135187,-454.9033203123918,-2.481489199135456e-06,-2.714705743337349e-06,1.3911048425137313e-06,-3.18420956e-06,-4.66684392e-06,4.92515244e-06,0.0,0.0,0.0,1.8063541959970848e-06,4.126928773685272e-06,-4.550356816622573e-06,1.804155972886185e-06,4.124485457383404e-06,-4.5490207314598e-06,-2.668528130062085e-14,-6.660735653215557e-14,-4.3391628486123216e-14,N,mm/s,N s,"all 217 exterior nodes vs true wall triangles, increment orientation"
0.0010378,26.36470489326945,130,441,880,640.0012537558746,,,180.41603088359557,412.44961547836243,-454.9032592772356,-2.481645261781533e-06,-2.7148764731401515e-06,1.3911923301009306e-06,-3.18416573e-06,-4.6668808e-06,4.92516996e-06,0.0,0.0,0.0,1.8063541959970848e-06,4.126928773685272e-06,-4.550356816622573e-06,1.8041553625362952e-06,4.124484847033515e-06,-4.549020121109911e-06,-7.045968355209181e-14,6.120810171097828e-14,-6.46727180340337e-14,N,mm/s,N s,"all 217 exterior nodes vs true wall triangles, increment orientation"
0.0010379,26.44346484213638,130,441,880,640.0011384673948,,,180.41598510722835,412.44952392562806,-454.9031982420793,-2.4818011598346605e-06,-2.715047022881149e-06,1.3912797254185164e-06,-3.18412195e-06,-4.66691764e-06,4.92518743e-06,0.0,0.0,0.0,1.8063541959970848e-06,4.126928773685272e-06,-4.550356816622573e-06,1.804154904773878e-06,4.124483931508681e-06,-4.549019510760021e-06,3.836460441119919e-14,-1.16130635347629e-13,-8.596430147312772e-14,N,mm/s,N s,"all 217 exterior nodes vs true wall triangles, increment orientation"
0.0010379999999999,26.522208770312535,130,441,880,640.0010385445628,0.0,-1.0,180.41592407207207,412.44946289047175,-454.9031372069231,-2.481956893294929e-06,-2.7152173925604405e-06,1.3913670284665396e-06,-3.18407824e-06,-4.66695445e-06,4.92520485e-06,0.0,0.0,0.0,1.8063541959970848e-06,4.126928773685272e-06,-4.550356816622573e-06,1.8041542944239887e-06,4.124483321158792e-06,-4.549018900410132e-06,-5.387372642993212e-15,1.172630040486601e-14,-1.0726636355681222e-13,N,mm/s,N s,"all 217 exterior nodes vs true wall triangles, increment orientation"
0.0010381,26.600936693513276,130,441,880,640.000918954642,,,180.41586303691577,412.4493713377374,-454.9030761717668,-2.482112462161812e-06,-2.7153875821774487e-06,1.3914542392447047e-06,-3.18403459e-06,-4.66699124e-06,4.92522222e-06,0.0,0.0,0.0,1.8063541959970848e-06,4.126928773685272e-06,-4.550356816622573e-06,1.804153684074099e-06,4.124482405633957e-06,-4.549018290060243e-06,-4.9128153192172334e-14,-1.6557100064899452e-13,-1.2857889073256005e-13,N,mm/s,N s,"all 217 exterior nodes vs true wall triangles, increment orientation"
0.0010382,26.679652376606327,130,441,880,640.0008016418184,,,180.41581726054855,412.4493103025811,-454.90298461903245,-2.4822678664357104e-06,-2.715557591732613e-06,1.391541357753237e-06,-3.18399099e-06,-4.667028e-06,4.92523953e-06,0.0,0.0,0.0,1.8063541959970848e-06,4.126928773685272e-06,-4.550356816622573e-06,1.8041532263116818e-06,4.124481795284069e-06,-4.549017374535409e-06,5.972972513319146e-14,-3.767266870230131e-14,1.5527307562000596e-13,N,mm/s,N s,"all 217 exterior nodes vs true wall triangles, increment orientation"
0.0010383,26.758346999937256,130,441,880,640.0007017189906,,,180.41575622539227,412.4492492674248,-454.9029235838762,-2.4824231061164043e-06,-2.715727421225694e-06,1.3916283839920129e-06,-3.18394746e-06,-4.66706472e-06,4.9252568e-06,0.0,0.0,0.0,1.8063541959970848e-06,4.126928773685272e-06,-4.550356816622573e-06,1.8041526159617923e-06,4.124481184934179e-06,-4.54901676418552e-06,1.6011306677336324e-14,9.024632830720606e-14,1.3393966061177884e-13,N,mm/s,N s,"all 217 exterior nodes vs true wall triangles, increment orientation"
0.0010383999999999,26.837029381402537,130,441,880,640.0005821290738,,,180.41569519023597,412.44915771469044,-454.90286254872,-2.4825781812039843e-06,-2.7158970706567892e-06,1.3917153179610833e-06,-3.18390398e-06,-4.66710142e-06,4.92527401e-06,0.0,0.0,0.0,1.8063541959970848e-06,4.126928773685272e-06,-4.550356816622573e-06,1.8041520056119026e-06,4.124480269409345e-06,-4.5490161538356315e-06,-2.7695946401966342e-14,-8.698897417008019e-14,1.125958237101687e-13,N,mm/s,N s,"all 217 exterior nodes vs true wall triangles, increment orientation"
0.0010385,26.915700968737102,130,441,880,640.0004822062497,0.0,-1.0,180.4156341550797,412.4490966795342,-454.90280151356376,-2.4827330916979177e-06,-2.716066540025316e-06,1.391802159660149e-06,-3.18386056e-06,-4.66713808e-06,4.92529117e-06,0.0,0.0,0.0,1.8063541959970848e-06,4.126928773685272e-06,-4.550356816622573e-06,1.8041513952620131e-06,4.124479659059456e-06,-4.549015543485742e-06,-7.139204553966133e-14,4.097129197868331e-14,9.12415801617686e-14,N,mm/s,N s,"all 217 exterior nodes vs true wall triangles, increment orientation"
0.0010386,26.994350721542023,130,441,880,640.000366917777,,,180.41558837871247,412.44900512679976,-454.9027404784075,-2.4828878375986022e-06,-2.716235829331711e-06,1.3918889090894345e-06,-3.1838172e-06,-4.66717472e-06,4.92530829e-06,0.0,0.0,0.0,1.8063541959970848e-06,4.126928773685272e-06,-4.550356816622573e-06,1.804150937499596e-06,4.1244787435346215e-06,-4.549014933135853e-06,3.751047184553924e-14,-1.3622278371099418e-13,6.987694267207275e-14,N,mm/s,N s,"all 217 exterior nodes vs true wall triangles, increment orientation"
0.0010387,27.07299471572028,130,441,880,640.0002669949557,,,180.4155273435562,412.4489440916435,-454.90267944325126,-2.4830424189058167e-06,-2.716404938575729e-06,1.3919755662488137e-06,-3.1837739e-06,-4.66721133e-06,4.92532535e-06,0.0,0.0,0.0,1.8063541959970848e-06,4.126928773685272e-06,-4.550356816622573e-06,1.8041503271497067e-06,4.124478133184732e-06,-4.5490143227859645e-06,-6.163349690368244e-15,-8.22133227923634e-15,4.850192564064123e-14,N,mm/s,N s,"all 217 exterior nodes vs true wall triangles, increment orientation"
0.0010387999999999,27.151605384210157,130,441,880,640.0001670721362,,,180.41546630839989,412.44888305648726,-454.902618408095,-2.483196835619646e-06,-2.716573867757466e-06,1.392062131138335e-06,-3.18373066e-06,-4.66724791e-06,4.92534236e-06,0.0,0.0,0.0,1.8063541959970848e-06,4.126928773685272e-06,-4.550356816622573e-06,1.804149716799817e-06,4.124477522834843e-06,-4.549013712436075e-06,-4.9826048624887096e-14,1.198006808773161e-13,2.7116544314067115e-14,N,mm/s,N s,"all 217 exterior nodes vs true wall triangles, increment orientation"
0.0010389,27.23021672926573,130,441,880,640.0000517836668,,,180.41542053203267,412.44879150375283,-454.90255737293876,-2.4833510877395563e-06,-2.716742616876337e-06,1.3921486037577002e-06,-3.18368748e-06,-4.66728445e-06,4.92535931e-06,0.0,0.0,0.0,1.8063541959970848e-06,4.126928773685272e-06,-4.550356816622573e-06,1.8041492590373998e-06,4.1244766073100086e-06,-4.549013102086186e-06,5.910983741151232e-14,-5.733171048501054e-14,5.7208139389434455e-15,N,mm/s,N s,"all 217 exterior nodes vs true wall triangles, increment orientation"
0.001039,27.308798592307458,130,441,880,639.99995186085,0.0,-1.0,180.4153594968764,412.4487304685966,-454.9024963377825,-2.48350517526594e-06,-2.7169111859327726e-06,1.3922349841071283e-06,-3.18364435e-06,-4.66732097e-06,4.92537622e-06,0.0,0.0,0.0,1.8063541959970848e-06,4.126928773685272e-06,-4.550356816622573e-06,1.8041486486875103e-06,4.12447599696012e-06,-4.549012491736297e-06,1.546935255130992e-14,7.07313617466271e-14,-1.568525277923557e-14,N,mm/s,N s,"all 217 exterior nodes vs true wall triangles, increment orientation"
0.0010391,27.38737717248869,130,441,880,639.999832270946,,,180.41529846172008,412.4486389158622,-454.90243530262626,-2.483659098198573e-06,-2.717079574926524e-06,1.3923212721864937e-06,-3.18360129e-06,-4.66735746e-06,4.92539308e-06,0.0,0.0,0.0,1.8063541959970848e-06,4.126928773685272e-06,-4.550356816622573e-06,1.8041480383376206e-06,4.124475081435286e-06,-4.549011881386407e-06,-2.8160041471239367e-14,-1.0636001373929465e-13,-3.7101641440909824e-14,N,mm/s,N s,"all 217 exterior nodes vs true wall triangles, increment orientation"
0.0010391999999999,27.46593215274684,130,441,880,639.9997323481326,,,180.4152374265638,412.4485778807059,-454.90237426747,-2.4838128565375355e-06,-2.7172477838576825e-06,1.3924074679958415e-06,-3.18355828e-06,-4.66739392e-06,4.92540988e-06,0.0,0.0,0.0,1.8063541959970848e-06,4.126928773685272e-06,-4.550356816622573e-06,1.804147427987731e-06,4.1244744710853965e-06,-4.549011271036518e-06,-7.177835482053091e-14,2.1744033711166427e-14,-5.852833764651922e-14,N,mm/s,N s,"all 217 exterior nodes vs true wall triangles, increment orientation"
0.0010393,27.544475552085128,130,441,880,639.9996170596684,,,180.4151916501966,412.4484863279715,-454.90231323231376,-2.4839664502822923e-06,-2.717415812725662e-06,1.3924935715348722e-06,-3.18351534e-06,-4.66743035e-06,4.92542664e-06,0.0,0.0,0.0,1.8063541959970848e-06,4.126928773685272e-06,-4.550356816622573e-06,1.8041469702253139e-06,4.124473555560563e-06,-4.54901066068663e-06,3.720187444944845e-14,-1.5530640551944747e-13,-7.996532699650364e-14,N,mm/s,N s,"all 217 exterior nodes vs true wall triangles, increment orientation"
0.0010394,27.62300425533099,130,441,880,639.999517136858,,,180.41513061504028,412.4484252928153,-454.9022521971575,-2.484119879433233e-06,-2.717583661530887e-06,1.3925795828038032e-06,-3.18347245e-06,-4.66746675e-06,4.92544334e-06,0.0,0.0,0.0,1.8063541959970848e-06,4.126928773685272e-06,-4.550356816622573e-06,1.8041463598754242e-06,4.124472945210674e-06,-4.54901005033674e-06,-6.3943093170631266e-15,-2.71614658593918e-14,-1.0141259424427005e-13,N,mm/s,N s,"all 217 exterior nodes vs true wall triangles, increment orientation"
0.0010395,27.701514400820763,130,441,880,639.9994172140493,0.0,-1.0,180.415069579884,412.44836425765897,-454.90219116200126,-2.4842731439901288e-06,-2.7177513302731083e-06,1.3926655018025069e-06,-3.18342962e-06,-4.66750312e-06,4.92545999e-06,0.0,0.0,0.0,1.8063541959970848e-06,4.126928773685272e-06,-4.550356816622573e-06,1.8041457495255349e-06,4.1244723348607836e-06,-4.549009439986851e-06,-4.997944375053601e-14,1.0100388644765975e-13,-1.2287012499025834e-13,N,mm/s,N s,"all 217 exterior nodes vs true wall triangles, increment orientation"
0.0010396,27.78000778986,130,441,880,639.9992802341411,,,180.4150238035168,412.4482727049246,-454.9020996092669,-2.484426243952902e-06,-2.717918818952241e-06,1.3927513285309394e-06,-3.18338685e-06,-4.66753946e-06,4.92547659e-06,0.0,0.0,0.0,1.8063541959970848e-06,4.126928773685272e-06,-4.550356816622573e-06,1.8041452917631177e-06,4.12447141933595e-06,-4.5490085244620175e-06,5.903393182449355e-14,-7.598531060680177e-14,1.6083703769184275e-13,N,mm/s,N s,"all 217 exterior nodes vs true wall triangles, increment orientation"
0.0010397,27.858491532117128,130,441,880,639.9991803113348,,,180.41496276836048,412.44821166976834,-454.90203857411063,-2.484579179321478e-06,-2.718086127568203e-06,1.3928370629890588e-06,-3.18334414e-06,-4.66757577e-06,4.92549314e-06,0.0,0.0,0.0,1.8063541959970848e-06,4.126928773685272e-06,-4.550356816622573e-06,1.804144681413228e-06,4.124470808986061e-06,-4.549007914112128e-06,1.5470862599296638e-14,5.2220809396001135e-14,1.3935902060699216e-13,N,mm/s,N s,"all 217 exterior nodes vs true wall triangles, increment orientation"
0.0010398,27.936951662402294,130,441,880,639.9990607214422,,,180.4149017332042,412.4481201170339,-454.9019775389544,-2.484731950095776e-06,-2.718253256120907e-06,1.3929227051768208e-06,-3.18330149e-06,-4.66761206e-06,4.92550964e-06,0.0,0.0,0.0,1.8063541959970848e-06,4.126928773685272e-06,-4.550356816622573e-06,1.8041440710633385e-06,4.124469893461226e-06,-4.549007303762239e-06,-2.808118884483886e-14,-1.2472766485545524e-13,1.1787078237556706e-13,N,mm/s,N s,"all 217 exterior nodes vs true wall triangles, increment orientation"
0.0010398999999999,28.015396360058453,130,441,880,639.9989607986396,,,180.41484069804793,412.44805908187766,-454.90191650379813,-2.484884556275876e-06,-2.7184202046104394e-06,1.3930082550942689e-06,-3.1832589e-06,-4.66764831e-06,4.92552609e-06,0.0,0.0,0.0,1.8063541959970848e-06,4.126928773685272e-06,-4.550356816622573e-06,1.804143460713449e-06,4.124469283111337e-06,-4.54900669341235e-06,-7.162223330758302e-14,3.5191381398042877e-15,9.637233739712755e-14,N,mm/s,N s,"all 217 exterior nodes vs true wall triangles, increment orientation"
0.00104,28.093834643566375,130,441,880,639.9988455101825,0.0,-1.0,180.4147949216807,412.4479675291433,-454.9018554686419,-2.485036997861237e-06,-2.7185869730362087e-06,1.3930937127411006e-06,-3.18321636e-06,-4.66768453e-06,4.92554248e-06,0.0,0.0,0.0,1.8063541959970848e-06,4.126928773685272e-06,-4.550356816622573e-06,1.8041430029510318e-06,4.124468367586504e-06,-4.54900608306246e-06,3.743519009828612e-14,-1.7338869462380987e-13,7.486369922420077e-14,N,mm/s,N s,"all 217 exterior nodes vs true wall triangles, increment orientation"
0.0010401,28.1722505426761,130,441,880,639.9987455873826,,,180.4147338865244,412.447906493987,-454.90179443348563,-2.485189274852238e-06,-2.718753561398629e-06,1.393179078117528e-06,-3.18317389e-06,-4.66772072e-06,4.92555883e-06,0.0,0.0,0.0,1.8063541959970848e-06,4.126928773685272e-06,-4.550356816622573e-06,1.804142392601142e-06,4.124467757236614e-06,-4.549005472712571e-06,-6.08387343596032e-15,-4.5101295033454347e-14,5.334488395041274e-14,N,mm/s,N s,"all 217 exterior nodes vs true wall triangles, increment orientation"
0.0010402,28.25065688095218,130,441,880,639.9986456645846,,,180.41467285136812,412.4478454588307,-454.9017333983294,-2.4853413872486457e-06,-2.718919969697445e-06,1.3932643512234202e-06,-3.18313147e-06,-4.66775689e-06,4.92557512e-06,0.0,0.0,0.0,1.8063541959970848e-06,4.126928773685272e-06,-4.550356816622573e-06,1.8041417822512528e-06,4.124467146886725e-06,-4.549004862362683e-06,-4.959196175255095e-14,8.320637320829603e-14,3.181590258719176e-14,N,mm/s,N s,"all 217 exterior nodes vs true wall triangles, increment orientation"
0.0010402999999999,28.32903360168784,130,441,880,639.9985303761308,,,180.4146270750009,412.44775390609635,-454.90167236317313,-2.4854933350505296e-06,-2.719086197932735e-06,1.393349532058817e-06,-3.18308912e-06,-4.66779302e-06,4.92559136e-06,0.0,0.0,0.0,1.8063541959970848e-06,4.126928773685272e-06,-4.550356816622573e-06,1.8041413244888356e-06,4.124466231361891e-06,-4.549004252012793e-06,5.949838667101092e-14,-9.364065783629832e-14,1.0276773769262674e-14,N,mm/s,N s,"all 217 exterior nodes vs true wall triangles, increment orientation"
0.0010404,28.407410276820613,130,441,880,639.9984304533355,,,180.4145660398446,412.44769287094005,-454.9016113280169,-2.4856451182573514e-06,-2.719252246103908e-06,1.393434620623416e-06,-3.18304682e-06,-4.66782912e-06,4.92560756e-06,0.0,0.0,0.0,1.8063541959970848e-06,4.126928773685272e-06,-4.550356816622573e-06,1.804140714138946e-06,4.124465621012001e-06,-4.549003641662904e-06,1.601221660247991e-14,3.470748248670481e-14,-1.1272490644913258e-14,N,mm/s,N s,"all 217 exterior nodes vs true wall triangles, increment orientation"
0.0010405,28.485755779138906,130,441,880,639.9983108634555,0.0,-1.0,180.41450500468832,412.44760131820567,-454.90155029286063,-2.485796736869484e-06,-2.719418114211372e-06,1.393519616917426e-06,-3.18300458e-06,-4.6678652e-06,4.9256237e-06,0.0,0.0,0.0,1.8063541959970848e-06,4.126928773685272e-06,-4.550356816622573e-06,1.8041401037890564e-06,4.124464705487168e-06,-4.549003031313015e-06,-2.7463010012130805e-14,-1.4209911713421826e-13,-3.2831875408742984e-14,N,mm/s,N s,"all 217 exterior nodes vs true wall triangles, increment orientation"
0.0010406,28.56409918336156,130,441,880,639.9982109406639,,,180.41444396953204,412.4475402830494,-454.9014892577044,-2.485948190886691e-06,-2.719583802254869e-06,1.3936045209407152e-06,-3.1829624e-06,-4.66790125e-06,4.92563979e-06,0.0,0.0,0.0,1.8063541959970848e-06,4.126928773685272e-06,-4.550356816622573e-06,1.804139493439167e-06,4.124464095137279e-06,-4.5490024209631255e-06,-7.092730418424955e-14,-1.3710588586224141e-14,-5.4401367816732295e-14,N,mm/s,N s,"all 217 exterior nodes vs true wall triangles, increment orientation"
0.0010406999999999,28.64242582997109,130,441,880,639.9981153193008,,,180.4143981931648,412.4474792478931,-454.90142822254813,-2.486099480309039e-06,-2.7197493102344718e-06,1.3936893326933205e-06,-3.18292028e-06,-4.66793726e-06,4.92565582e-06,0.0,0.0,0.0,1.8063541959970848e-06,4.126928773685272e-06,-4.550356816622573e-06,1.8041390356767495e-06,4.1244634847873884e-06,-4.549001810613236e-06,3.820679603213685e-14,1.1469810273404641e-13,-7.598095092822225e-14,N,mm/s,N s,"all 217 exterior nodes vs true wall triangles, increment orientation"
0.0010408,28.720732101065938,130,441,880,639.9979957294261,,,180.41433715800852,412.44738769515874,-454.9013671873919,-2.4862506051359874e-06,-2.719914638149588e-06,1.3937740521749386e-06,-3.18287822e-06,-4.66797325e-06,4.92567181e-06,0.0,0.0,0.0,1.8063541959970848e-06,4.126928773685272e-06,-4.550356816622573e-06,1.80413842532686e-06,4.124462569262555e-06,-4.549001200263348e-06,-5.23566417170052e-15,-6.204800772301438e-14,-9.757061373178453e-14,N,mm/s,N s,"all 217 exterior nodes vs true wall triangles, increment orientation"
0.0010409,28.799025593267523,130,441,880,639.997895806639,,,180.41427612285224,412.4473266600025,-454.90130615223563,-2.4864015653679038e-06,-2.72007978600062e-06,1.3938586793857757e-06,-3.18283622e-06,-4.6680092e-06,4.92568775e-06,0.0,0.0,0.0,1.8063541959970848e-06,4.126928773685272e-06,-4.550356816622573e-06,1.8041378149769707e-06,4.124461958912666e-06,-4.5490005899134584e-06,-4.866722284974849e-14,6.640094730840391e-14,-1.1917033928676019e-13,N,mm/s,N s,"all 217 exterior nodes vs true wall triangles, increment orientation"
0.001041,28.877302809375383,130,441,880,639.9977588267369,0.0,-1.0,180.414230346485,412.44723510726806,-454.9012145995013,-2.486552361004549e-06,-2.7202447537873085e-06,1.393943214325698e-06,-3.18279428e-06,-4.66804513e-06,4.92570363e-06,0.0,0.0,0.0,1.8063541959970848e-06,4.126928773685272e-06,-4.550356816622573e-06,1.8041373572145533e-06,4.124461043387831e-06,-4.548999674388625e-06,6.049958088521492e-14,-1.1030494433025536e-13,1.6439483102722793e-13,N,mm/s,N s,"all 217 exterior nodes vs true wall triangles, increment orientation"
0.0010410999999999,28.955564214413137,130,441,880,639.9976589039522,,,180.41416931132872,412.4471740721118,-454.90115356434507,-2.486702992045985e-06,-2.72040954150972e-06,1.3940276569947407e-06,-3.18275239e-06,-4.66808103e-06,4.92571947e-06,0.0,0.0,0.0,1.8063541959970848e-06,4.126928773685272e-06,-4.550356816622573e-06,1.8041367468646638e-06,4.124460433037942e-06,-4.548999064038736e-06,1.7089792647977282e-14,1.818418970901594e-14,1.4277502147403993e-13,N,mm/s,N s,"all 217 exterior nodes vs true wall triangles, increment orientation"
0.0010412,29.03380765981409,130,441,880,639.9975393140838,,,180.41410827617244,412.44708251937743,-454.9010925291888,-2.486853458491671e-06,-2.72057414916726e-06,1.3941120073925995e-06,-3.18271057e-06,-4.6681169e-06,4.92573525e-06,0.0,0.0,0.0,1.8063541959970848e-06,4.126928773685272e-06,-4.550356816622573e-06,1.8041361365147743e-06,4.1244595175131085e-06,-4.548998453688846e-06,-2.630912625072295e-14,-1.5848156357937179e-13,1.211451915210859e-13,N,mm/s,N s,"all 217 exterior nodes vs true wall triangles, increment orientation"
0.0010413,29.11203434271,130,441,880,639.9974393913026,,,180.41404724101614,412.4470214842211,-454.90103149403257,-2.4870037603419685e-06,-2.720738576760327e-06,1.3941962655194773e-06,-3.1826688e-06,-4.66815274e-06,4.92575098e-06,0.0,0.0,0.0,1.8063541959970848e-06,4.126928773685272e-06,-4.550356816622573e-06,1.8041355261648846e-06,4.124458907163219e-06,-4.548997843338958e-06,-6.969718661055586e-14,-2.995233438850926e-14,9.950535472089302e-14,N,mm/s,N s,"all 217 exterior nodes vs true wall triangles, increment orientation"
0.0010414,29.190245696318527,130,441,880,639.9973437699459,,,180.41400146464892,412.4469604490649,-454.9009704588763,-2.4871538975966365e-06,-2.720902824288657e-06,1.3942804313752396e-06,-3.18262709e-06,-4.66818855e-06,4.92576666e-06,0.0,0.0,0.0,1.8063541959970848e-06,4.126928773685272e-06,-4.550356816622573e-06,1.8041350684024675e-06,4.12445829681333e-06,-4.548997232989069e-06,3.951307351449172e-14,9.859691103792983e-14,7.785552716708726e-14,N,mm/s,N s,"all 217 exterior nodes vs true wall triangles, increment orientation"
0.0010414999999999,29.26845051536314,130,441,880,639.9972241800826,0.0,-1.0,180.41394042949264,412.4468688963305,-454.90090942372007,-2.487303870255728e-06,-2.7210668917523084e-06,1.3943645049599163e-06,-3.18258545e-06,-4.66822433e-06,4.92578229e-06,0.0,0.0,0.0,1.8063541959970848e-06,4.126928773685272e-06,-4.550356816622573e-06,1.804134458052578e-06,4.124457381288496e-06,-4.548996622639179e-06,-3.853300472550871e-15,-7.800879269669525e-14,5.6195722412195805e-14,N,mm/s,N s,"all 217 exterior nodes vs true wall triangles, increment orientation"
0.0010416,29.34662787486297,130,441,880,639.997124257306,,,180.41387939433636,412.4468078611742,-454.9008483885638,-2.487453678318707e-06,-2.721230779150694e-06,1.3944484862732063e-06,-3.18254386e-06,-4.66826008e-06,4.92579787e-06,0.0,0.0,0.0,1.8063541959970848e-06,4.126928773685272e-06,-4.550356816622573e-06,1.8041338477026887e-06,4.124456770938606e-06,-4.54899601228929e-06,-4.720884683742871e-14,5.0580421673425933e-14,3.4525954008745793e-14,N,mm/s,N s,"all 217 exterior nodes vs true wall triangles, increment orientation"
0.0010417,29.42478929736033,130,441,880,639.9970089688678,,,180.41383361796912,412.4467163084398,-454.90078735340757,-2.4876033217859265e-06,-2.7213944864842e-06,1.394532375315307e-06,-3.18250233e-06,-4.6682958e-06,4.9258134e-06,0.0,0.0,0.0,1.8063541959970848e-06,4.126928773685272e-06,-4.550356816622573e-06,1.8041333899402713e-06,4.124455855413773e-06,-4.548995401939401e-06,6.203389509532194e-14,-1.2598535462213147e-13,1.284623720333028e-14,N,mm/s,N s,"all 217 exterior nodes vs true wall triangles, increment orientation"
0.0010418,29.502944057006992,130,441,880,639.996909046094,,,180.41377258281284,412.44665527328357,-454.9007263182513,-2.4877528006571426e-06,-2.7215580137525587e-06,1.3946161720860824e-06,-3.18246086e-06,-4.66833149e-06,4.92582888e-06,0.0,0.0,0.0,1.8063541959970848e-06,4.126928773685272e-06,-4.550356816622573e-06,1.8041327795903818e-06,4.1244552450638835e-06,-4.5489947915895115e-06,1.8699971364005133e-14,2.643744835410019e-15,-8.843415298556527e-15,N,mm/s,N s,"all 217 exterior nodes vs true wall triangles, increment orientation"
0.0010419,29.581070742316705,130,441,880,639.9967894562383,,,180.41371154765656,412.44656372054914,-454.90066528309507,-2.487902114932258e-06,-2.721721360955666e-06,1.3946998765854786e-06,-3.18241944e-06,-4.66836715e-06,4.9258443e-06,0.0,0.0,0.0,1.8063541959970848e-06,4.126928773685272e-06,-4.550356816622573e-06,1.8041321692404923e-06,4.124454329539049e-06,-4.548994181239622e-06,-2.462315735591539e-14,-1.7388218872437444e-13,-3.054298740328863e-14,N,mm/s,N s,"all 217 exterior nodes vs true wall triangles, increment orientation"
0.001042,29.65919725944982,130,441,880,639.996689533468,0.0,-1.0,180.41365051250025,412.4465026853929,-454.9006042479388,-2.4880512646111798e-06,-2.721884528093417e-06,1.3947834888134422e-06,-3.18237809e-06,-4.66840278e-06,4.92585968e-06,0.0,0.0,0.0,1.8063541959970848e-06,4.126928773685272e-06,-4.550356816622573e-06,1.8041315588906026e-06,4.12445371918916e-06,-4.548993570889734e-06,-6.793550165235147e-14,-4.521328718864147e-14,-5.225246640537182e-14,N,mm/s,N s,"all 217 exterior nodes vs true wall triangles, increment orientation"
0.0010421,29.737303519773818,130,441,880,639.9965939121179,,,180.41360473613304,412.44644165023664,-454.90054321278257,-2.488200249693807e-06,-2.722047515165704e-06,1.3948670087699169e-06,-3.1823368e-06,-4.66843839e-06,4.925875e-06,0.0,0.0,0.0,1.8063541959970848e-06,4.126928773685272e-06,-4.550356816622573e-06,1.8041311011281854e-06,4.1244531088392705e-06,-4.5489929605398444e-06,4.135040147950123e-14,8.347548489300114e-14,-7.397183621118009e-14,N,mm/s,N s,"all 217 exterior nodes vs true wall triangles, increment orientation"
0.0010421999999999,29.81539674149701,130,441,880,639.9964743222673,,,180.41354370097676,412.4463500975022,-454.9004821776263,-2.48834907018019e-06,-2.7222103221725833e-06,1.394950436454932e-06,-3.18229556e-06,-4.66847396e-06,4.92589027e-06,0.0,0.0,0.0,1.8063541959970848e-06,4.126928773685272e-06,-4.550356816622573e-06,1.8041304907782959e-06,4.124452193314436e-06,-4.548992350189955e-06,-1.9404040396355958e-15,-9.299084041718619e-14,-9.570108242115336e-14,N,mm/s,N s,"all 217 exterior nodes vs true wall triangles, increment orientation"
0.0010423,29.893456708099283,130,441,880,639.9963743995017,,,180.41348266582045,412.44628906234595,-454.90042114247007,-2.48849772606979e-06,-2.7223729491134605e-06,1.3950337718681836e-06,-3.18225439e-06,-4.6685095e-06,4.9259055e-06,0.0,0.0,0.0,1.8063541959970848e-06,4.126928773685272e-06,-4.550356816622573e-06,1.8041298804284062e-06,4.124451582964548e-06,-4.548991739840066e-06,-4.522045647550703e-14,3.5737608381771705e-14,-1.174401923297974e-13,N,mm/s,N s,"all 217 exterior nodes vs true wall triangles, increment orientation"
0.0010424,29.97151782339548,130,441,880,639.9962374196058,,,180.41343688945324,412.4461975096116,-454.9003295897357,-2.488646217362947e-06,-2.7225353959887114e-06,1.395117015009864e-06,-3.18221327e-06,-4.66854502e-06,4.92592067e-06,0.0,0.0,0.0,1.8063541959970848e-06,4.126928773685272e-06,-4.550356816622573e-06,1.8041294226659892e-06,4.124450667439713e-06,-4.548990824315232e-06,6.40977067531748e-14,-1.4068908340978065e-13,1.659857935302979e-13,N,mm/s,N s,"all 217 exterior nodes vs true wall triangles, increment orientation"
0.0010425,30.049556040999175,130,441,880,639.9961374968425,0.0,-1.0,180.41337585429696,412.4461364744553,-454.90026855457944,-2.488794544059412e-06,-2.722697662798064e-06,1.395200165879833e-06,-3.18217221e-06,-4.6685805e-06,4.92593578e-06,0.0,0.0,0.0,1.8063541959970848e-06,4.126928773685272e-06,-4.550356816622573e-06,1.8041288123160997e-06,4.124450057089824e-06,-4.548990213965343e-06,2.0839129355373345e-14,-1.1921043443835141e-14,1.4422700111705851e-13,N,mm/s,N s,"all 217 exterior nodes vs true wall triangles, increment orientation"
0.0010425999999999,30.12758240916925,130,441,880,639.996037574081,,,180.41331481914065,412.446075439299,-454.9002075194232,-2.488942706159233e-06,-2.7228597495415685e-06,1.3952832244781178e-06,-3.18213122e-06,-4.66861596e-06,4.92595085e-06,0.0,0.0,0.0,1.8063541959970848e-06,4.126928773685272e-06,-4.550356816622573e-06,1.80412820196621e-06,4.124449446739935e-06,-4.548989603615454e-06,-2.2408726511140005e-14,1.168667611889016e-13,1.2245838989789455e-13,N,mm/s,N s,"all 217 exterior nodes vs true wall triangles, increment orientation"
0.0010427,30.20559237259295,130,441,880,639.9959179842385,,,180.41325378398437,412.44598388656465,-454.90014648426694,-2.489090703661865e-06,-2.7230216562186287e-06,1.3953661908044115e-06,-3.18209028e-06,-4.66865139e-06,4.92596587e-06,0.0,0.0,0.0,1.8063541959970848e-06,4.126928773685272e-06,-4.550356816622573e-06,1.8041275916163205e-06,4.124448531215101e-06,-4.5489889932655645e-06,-6.56458703754859e-14,-5.950063575524411e-14,1.0067997257830023e-13,N,mm/s,N s,"all 217 exterior nodes vs true wall triangles, increment orientation"
0.0010428,30.283593258914248,130,441,880,639.9958223628947,,,180.41320800761716,412.44592285140834,-454.9000854491107,-2.4892385365676458e-06,-2.723183382829616e-06,1.3954490648589053e-06,-3.1820494e-06,-4.66868678e-06,4.92598084e-06,0.0,0.0,0.0,1.8063541959970848e-06,4.126928773685272e-06,-4.550356816622573e-06,1.8041271338539033e-06,4.124447920865211e-06,-4.548988382915675e-06,4.371515843779939e-14,6.9326635530637e-14,7.889176355783565e-14,N,mm/s,N s,"all 217 exterior nodes vs true wall triangles, increment orientation"
0.0010429,30.361569789888303,130,441,880,639.9957027730557,,,180.41314697246085,412.44583129867397,-454.90002441395444,-2.4893862048763244e-06,-2.7233449293742544e-06,1.3955318466414576e-06,-3.18200858e-06,-4.66872215e-06,4.92599575e-06,0.0,0.0,0.0,1.8063541959970848e-06,4.126928773685272e-06,-4.550356816622573e-06,1.8041265235040136e-06,4.124447005340378e-06,-4.548987772565787e-06,4.994046964705047e-16,-1.0700133626497877e-13,5.709377638902797e-14,N,mm/s,N s,"all 217 exterior nodes vs true wall triangles, increment orientation"
0.0010429999999999,30.439529545277548,130,441,880,639.9956028503005,0.0,-1.0,180.41308593730457,412.4457702635177,-454.8999633787982,-2.489533708587945e-06,-2.723506295852593e-06,1.3956145361520935e-06,-3.18196781e-06,-4.66875749e-06,4.92601061e-06,0.0,0.0,0.0,1.8063541959970848e-06,4.126928773685272e-06,-4.550356816622573e-06,1.804125913154124e-06,4.124446394990488e-06,-4.5489871622158975e-06,-4.27056696534594e-14,2.186531781778493e-14,3.528602885956907e-14,N,mm/s,N s,"all 217 exterior nodes vs true wall triangles, increment orientation"
0.0010431,30.517484073400517,130,441,880,639.9954875618778,,,180.41304016093736,412.4456787107833,-454.89990234364194,-2.489681047701957e-06,-2.72366748226403e-06,1.395697133390504e-06,-3.18192711e-06,-4.6687928e-06,4.92602543e-06,0.0,0.0,0.0,1.8063541959970848e-06,4.126928773685272e-06,-4.550356816622573e-06,1.8041254553917071e-06,4.124445479465654e-06,-4.548986551866008e-06,6.668739733402284e-14,-1.544233135325956e-13,1.3468532827920227e-14,N,mm/s,N s,"all 217 exterior nodes vs true wall triangles, increment orientation"
0.0010432,30.59541183183444,130,441,880,639.9953876391255,,,180.41297912578105,412.44561767562703,-454.8998413084857,-2.4898282222186967e-06,-2.723828488608932e-06,1.3957796383568775e-06,-3.18188647e-06,-4.66882808e-06,4.92604019e-06,0.0,0.0,0.0,1.8063541959970848e-06,4.126928773685272e-06,-4.550356816622573e-06,1.8041248450418172e-06,4.124444869115765e-06,-4.548985941516119e-06,2.3503649791397144e-14,-2.5517359662178152e-14,-8.358698153391412e-15,N,mm/s,N s,"all 217 exterior nodes vs true wall triangles, increment orientation"
0.0010433,30.673321493314912,130,441,880,639.9952877163751,,,180.41291809062477,412.4455566404708,-454.89978027332944,-2.489975232137909e-06,-2.72398931488702e-06,1.3958620510510714e-06,-3.18184588e-06,-4.66886333e-06,4.9260549e-06,0.0,0.0,0.0,1.8063541959970848e-06,4.126928773685272e-06,-4.550356816622573e-06,1.804124234691928e-06,4.1244442587658754e-06,-4.54898533116623e-06,-1.9669449276532146e-14,1.0340821233833066e-13,-3.019564799073985e-14,N,mm/s,N s,"all 217 exterior nodes vs true wall triangles, increment orientation"
0.0010433999999999,30.75122617327744,130,441,880,639.9951681265452,,,180.4128570554685,412.44546508773635,-454.89971923817325,-2.4901220774596327e-06,-2.7241499610983365e-06,1.3959443714731066e-06,-3.18180536e-06,-4.66889855e-06,4.92606956e-06,0.0,0.0,0.0,1.8063541959970848e-06,4.126928773685272e-06,-4.550356816622573e-06,1.8041236243420384e-06,4.124443343241041e-06,-4.548984720816341e-06,-6.283191130470982e-14,-7.282156546880875e-14,-5.204230313159792e-14,N,mm/s,N s,"all 217 exterior nodes vs true wall triangles, increment orientation"
0.0010435,30.829114074360582,130,441,880,639.995072505208,0.0,-1.0,180.41281127910125,412.4454040525801,-454.899658203017,-2.490268758183315e-06,-2.7243104272422787e-06,1.3960265996226754e-06,-3.18176489e-06,-4.66893374e-06,4.92608417e-06,0.0,0.0,0.0,1.8063541959970848e-06,4.126928773685272e-06,-4.550356816622573e-06,1.804123166579621e-06,4.124442732891153e-06,-4.548984110466452e-06,4.660372565287729e-14,5.6143180111444674e-14,-7.389864917640553e-14,N,mm/s,N s,"all 217 exterior nodes vs true wall triangles, increment orientation"
0.0010436,30.906974954355523,130,441,880,639.9949529153815,,,180.41275024394497,412.4453124998457,-454.89959716786075,-2.4904152743092907e-06,-2.72447071331921e-06,1.396108735499963e-06,-3.18172448e-06,-4.6689689e-06,4.92609872e-06,0.0,0.0,0.0,1.8063541959970848e-06,4.126928773685272e-06,-4.550356816622573e-06,1.8041225562297315e-06,4.124441817366318e-06,-4.548983500116563e-06,3.4625063639838125e-15,-1.200474647735316e-13,-9.576467087856963e-14,N,mm/s,N s,"all 217 exterior nodes vs true wall triangles, increment orientation"
0.0010437,30.9848345806034,130,441,880,639.9948529926374,,,180.4126892087887,412.4452514646894,-454.8995361327045,-2.4905616258372992e-06,-2.724630819328848e-06,1.3961907791048248e-06,-3.18168414e-06,-4.66900404e-06,4.92611323e-06,0.0,0.0,0.0,1.8063541959970848e-06,4.126928773685272e-06,-4.550356816622573e-06,1.804121945879842e-06,4.124441207016429e-06,-4.548982889766674e-06,-3.9668107225377097e-14,8.95636968317173e-15,-1.1764035637962895e-13,N,mm/s,N s,"all 217 exterior nodes vs true wall triangles, increment orientation"
0.0010438,31.062672377453328,130,441,880,639.9947117113397,,,180.41262817363238,412.44515991195505,-454.8994445799701,-2.49070781276723e-06,-2.7247907452710687e-06,1.3962727304371978e-06,-3.18164385e-06,-4.66903914e-06,4.92612769e-06,0.0,0.0,0.0,1.8063541959970848e-06,4.126928773685272e-06,-4.550356816622573e-06,1.8041213355299523e-06,4.1244402914915955e-06,-4.54898197424184e-06,-8.278812549135904e-14,-1.6719522613590316e-13,1.656492571759584e-13,N,mm/s,N s,"all 217 exterior nodes vs true wall triangles, increment orientation"
0.0010439,31.14049351332911,130,441,880,639.9946160900059,,,180.41258239726517,412.4450988767988,-454.8993835448139,-2.4908538350989687e-06,-2.7249504911457484e-06,1.3963545894970182e-06,-3.18160362e-06,-4.66907421e-06,4.92614209e-06,0.0,0.0,0.0,1.8063541959970848e-06,4.126928773685272e-06,-4.550356816622573e-06,1.8041208777675351e-06,4.124439681141706e-06,-4.5489813638919505e-06,2.668991330029291e-14,-3.815238665901173e-14,1.4375429151095367e-13,N,mm/s,N s,"all 217 exterior nodes vs true wall triangles, increment orientation"
0.001044,31.218304475319663,130,441,880,639.9945161672659,0.0,-1.0,180.4125213621089,412.4450378416425,-454.8993225096576,-2.4909996928324014e-06,-2.7251100569527647e-06,1.3964363562842232e-06,-3.18156345e-06,-4.66910926e-06,4.92615644e-06,0.0,0.0,0.0,1.8063541959970848e-06,4.126928773685272e-06,-4.550356816622573e-06,1.8041202674176458e-06,4.124439070791816e-06,-4.548980753542062e-06,-1.6408946082666618e-14,9.090992356423824e-14,1.2184970609276698e-13,N,mm/s,N s,"all 217 exterior nodes vs true wall triangles, increment orientation"
0.0010440999999999,31.29609216135649,130,441,880,639.9943965774477,,,180.41246032695258,412.4449462889081,-454.8992614745014,-2.491145385967558e-06,-2.725269442692147e-06,1.396518030798828e-06,-3.18152333e-06,-4.66914427e-06,4.92617074e-06,0.0,0.0,0.0,1.8063541959970848e-06,4.126928773685272e-06,-4.550356816622573e-06,1.8041196570677561e-06,4.1244381552669825e-06,-4.548980143192173e-06,-5.949724296477389e-14,-8.518325747466221e-14,9.993551701502432e-14,N,mm/s,N s,"all 217 exterior nodes vs true wall triangles, increment orientation"
0.0010442,31.373868231730704,130,441,880,639.9943009561166,,,180.41241455058537,412.44488525375186,-454.8992004393451,-2.491290914503888e-06,-2.7254286483632958e-06,1.3965996130405255e-06,-3.18148328e-06,-4.66917926e-06,4.926185e-06,0.0,0.0,0.0,1.8063541959970848e-06,4.126928773685272e-06,-4.550356816622573e-06,1.804119199305339e-06,4.124437544917093e-06,-4.5489795328422835e-06,5.0012485447017215e-14,4.391793325493262e-14,7.80117369832199e-14,N,mm/s,N s,"all 217 exterior nodes vs true wall triangles, increment orientation"
0.0010443,31.451622590259877,130,441,880,639.9941813663017,,,180.4123535154291,412.44479370101743,-454.8991394041889,-2.491436278441712e-06,-2.725587673966559e-06,1.3966811030094945e-06,-3.18144329e-06,-4.66921422e-06,4.92619919e-06,0.0,0.0,0.0,1.8063541959970848e-06,4.126928773685272e-06,-4.550356816622573e-06,1.8041185889554495e-06,4.124436629392259e-06,-4.548978922492394e-06,6.945283920461315e-15,-1.3213641047630327e-13,5.607838124394677e-14,N,mm/s,N s,"all 217 exterior nodes vs true wall triangles, increment orientation"
0.0010444,31.52936532721467,130,441,880,639.9940814435681,,,180.4122924802728,412.4447326658612,-454.8990783690326,-2.491581477780766e-06,-2.72574651950165e-06,1.3967625007055867e-06,-3.18140335e-06,-4.66924914e-06,4.92621334e-06,0.0,0.0,0.0,1.8063541959970848e-06,4.126928773685272e-06,-4.550356816622573e-06,1.80411797860556e-06,4.12443601904237e-06,-4.548978312142505e-06,-3.6111385598428425e-14,-2.9964222495923974e-15,3.4135464196765036e-14,N,mm/s,N s,"all 217 exterior nodes vs true wall triangles, increment orientation"
0.0010444999999999,31.60709259633855,130,441,880,639.9939618537574,0.0,-1.0,180.4122314451165,412.4446411131268,-454.8990173338764,-2.4917265125210792e-06,-2.7259051849685993e-06,1.3968438061288189e-06,-3.18136348e-06,-4.66928404e-06,4.92622744e-06,0.0,0.0,0.0,1.8063541959970848e-06,4.126928773685272e-06,-4.550356816622573e-06,1.8041173682556702e-06,4.124435103517536e-06,-4.548977701792616e-06,-7.915753412108032e-14,-1.7901201083535961e-13,1.2182998547168901e-14,N,mm/s,N s,"all 217 exterior nodes vs true wall triangles, increment orientation"
0.0010446,31.68481356410064,130,441,880,639.99386623243,,,180.4121856687493,412.4445800779705,-454.8989562987201,-2.491871382662093e-06,-2.726063670366797e-06,1.3969250192788783e-06,-3.18132366e-06,-4.66931891e-06,4.92624149e-06,0.0,0.0,0.0,1.8063541959970848e-06,4.126928773685272e-06,-4.550356816622573e-06,1.804116910493253e-06,4.124434493167647e-06,-4.548977091442727e-06,3.039430029851879e-14,-4.983331066186038e-14,-9.779000458248581e-15,N,mm/s,N s,"all 217 exterior nodes vs true wall triangles, increment orientation"
0.0010447,31.76250100829184,130,441,880,639.9937663097011,,,180.412124633593,412.44451904281425,-454.8988952635639,-2.492016088204127e-06,-2.726221975696592e-06,1.3970061401559436e-06,-3.18128391e-06,-4.66935375e-06,4.92625548e-06,0.0,0.0,0.0,1.8063541959970848e-06,4.126928773685272e-06,-4.550356816622573e-06,1.8041163001433638e-06,4.1244338828177575e-06,-4.548976481092838e-06,-1.2630836936601748e-14,7.93647154153634e-14,-3.175051757289436e-14,N,mm/s,N s,"all 217 exterior nodes vs true wall triangles, increment orientation"
0.0010448,31.840188637538457,130,441,880,639.9936467198955,,,180.4120635984367,412.4444274900799,-454.8988342284076,-2.4921606291469126e-06,-2.7263801009576907e-06,1.397087168759864e-06,-3.18124421e-06,-4.66938856e-06,4.92626943e-06,0.0,0.0,0.0,1.8063541959970848e-06,4.126928773685272e-06,-4.550356816622573e-06,1.804115689793474e-06,4.124432967292923e-06,-4.548975870742949e-06,-5.564548472746173e-14,-9.659289884736194e-14,-5.3731540091274226e-14,N,mm/s,N s,"all 217 exterior nodes vs true wall triangles, increment orientation"
0.0010448999999999,31.917847917055877,130,441,880,639.993551098571,,,180.4120178220695,412.44436645492357,-454.8987731932514,-2.492305005490473e-06,-2.72653804615012e-06,1.3971681050906543e-06,-3.18120457e-06,-4.66942334e-06,4.92628332e-06,0.0,0.0,0.0,1.8063541959970848e-06,4.126928773685272e-06,-4.550356816622573e-06,1.8041152320310569e-06,4.124432356943034e-06,-4.548975260393059e-06,5.3937818660193776e-14,3.264371381577402e-14,-7.572205191976218e-14,N,mm/s,N s,"all 217 exterior nodes vs true wall triangles, increment orientation"
0.001045,31.995503281608404,130,441,880,639.9934315087688,0.0,-1.0,180.4119567869132,412.4442749021892,-454.8987121580951,-2.4924492172342548e-06,-2.7266958112732717e-06,1.3972489491480014e-06,-3.18116499e-06,-4.66945809e-06,4.92629716e-06,0.0,0.0,0.0,1.8063541959970848e-06,4.126928773685272e-06,-4.550356816622573e-06,1.8041146216811674e-06,4.1244314414182e-06,-4.54897465004317e-06,1.0944118417635868e-14,-1.4327535536565357e-13,-9.772203950583107e-14,N,mm/s,N s,"all 217 exterior nodes vs true wall triangles, increment orientation"
0.0010451,32.073129096277725,130,441,880,639.9933315860462,,,180.4118957517569,412.44421386703294,-454.8986511229389,-2.492593264378564e-06,-2.726853396327481e-06,1.3973297009320788e-06,-3.18112547e-06,-4.66949282e-06,4.92631095e-06,0.0,0.0,0.0,1.8063541959970848e-06,4.126928773685272e-06,-4.550356816622573e-06,1.8041140113312777e-06,4.124430831068311e-06,-4.548974039693281e-06,-3.203912435615524e-14,-1.4000239125834275e-14,-1.1973148760288784e-13,N,mm/s,N s,"all 217 exterior nodes vs true wall triangles, increment orientation"
0.0010452,32.15074980091281,130,441,880,639.9932099718412,,,180.41183471660062,412.44415283187664,-454.8985595702045,-2.4927371469231343e-06,-2.7270108013124578e-06,1.3974103604427363e-06,-3.18108601e-06,-4.66952751e-06,4.92632469e-06,0.0,0.0,0.0,1.8063541959970848e-06,4.126928773685272e-06,-4.550356816622573e-06,1.8041134009813882e-06,4.124430220718421e-06,-4.548973124168447e-06,-7.50119191903002e-14,1.1529409798562412e-13,1.6342456071537876e-13,N,mm/s,N s,"all 217 exterior nodes vs true wall triangles, increment orientation"
0.0010452999999999,32.22835875610444,130,441,880,639.9930946834422,,,180.4117889402334,412.44406127914226,-454.89849853504825,-2.4928808648679842e-06,-2.727168026228222e-06,1.3974909276799853e-06,-3.18104661e-06,-4.66956217e-06,4.92633838e-06,0.0,0.0,0.0,1.8063541959970848e-06,4.126928773685272e-06,-4.550356816622573e-06,1.8041129432189712e-06,4.1244293051935874e-06,-4.548972513818558e-06,3.461319543769767e-14,-6.056731027495208e-14,1.413962322539277e-13,N,mm/s,N s,"all 217 exterior nodes vs true wall triangles, increment orientation"
0.0010454,32.30594611347403,130,441,880,639.9929947607238,,,180.4117279050771,412.444000243986,-454.898437499892,-2.4930244182125544e-06,-2.727325071074163e-06,1.3975714026435112e-06,-3.18100726e-06,-4.66959681e-06,4.92635202e-06,0.0,0.0,0.0,1.8063541959970848e-06,4.126928773685272e-06,-4.550356816622573e-06,1.8041123328690813e-06,4.124428694843698e-06,-4.548971903468669e-06,-8.33873676319818e-15,6.876540335824756e-14,1.1935848478610315e-13,N,mm/s,N s,"all 217 exterior nodes vs true wall triangles, increment orientation"
0.0010455,32.383515578492954,130,441,880,639.9928751709298,0.0,-1.0,180.41166686992082,412.44390869125164,-454.89837646473575,-2.4931678069571515e-06,-2.7274819358506133e-06,1.3976517853334865e-06,-3.18096798e-06,-4.66963141e-06,4.92636561e-06,0.0,0.0,0.0,1.8063541959970848e-06,4.126928773685272e-06,-4.550356816622573e-06,1.804111722519192e-06,4.124427779318865e-06,-4.54897129311878e-06,-5.128025278818341e-14,-1.0705766819113591e-13,9.73113318644323e-14,N,mm/s,N s,"all 217 exterior nodes vs true wall triangles, increment orientation"
0.0010456,32.461070662624344,130,441,880,639.9927795496114,,,180.4116210935536,412.44384765609533,-454.89831542957955,-2.493311031101502e-06,-2.7276386205572764e-06,1.3977320757497575e-06,-3.18092876e-06,-4.66966599e-06,4.92637914e-06,0.0,0.0,0.0,1.8063541959970848e-06,4.126928773685272e-06,-4.550356816622573e-06,1.8041112647567748e-06,4.1244271689689745e-06,-4.548970682768891e-06,5.837610867348044e-14,2.2313338954576146e-14,7.525479127660703e-14,N,mm/s,N s,"all 217 exterior nodes vs true wall triangles, increment orientation"
0.0010456999999999,32.53861292381347,130,441,880,639.9926599598208,,,180.4115600583973,412.44375610336095,-454.8982543944233,-2.4934540906456234e-06,-2.727795125194169e-06,1.397812273892334e-06,-3.18088959e-06,-4.66970054e-06,4.92639263e-06,0.0,0.0,0.0,1.8063541959970848e-06,4.126928773685272e-06,-4.550356816622573e-06,1.804110654406885e-06,4.124426253444141e-06,-4.5489700724190025e-06,1.545539281306446e-14,-1.5347147973987637e-13,5.3188874034055655e-14,N,mm/s,N s,"all 217 exterior nodes vs true wall triangles, increment orientation"
0.0010458,32.61613346326072,130,441,880,639.9925600371088,,,180.41149902324102,412.4436950682047,-454.89819335926705,-2.4935969855889527e-06,-2.727951449760678e-06,1.3978923797609011e-06,-3.18085048e-06,-4.66973506e-06,4.92640606e-06,0.0,0.0,0.0,1.8063541959970848e-06,4.126928773685272e-06,-4.550356816622573e-06,1.8041100440569956e-06,4.124425643094252e-06,-4.548969462069113e-06,-2.7454939482209366e-14,-2.4062261243847777e-14,3.1113595383371224e-14,N,mm/s,N s,"all 217 exterior nodes vs true wall triangles, increment orientation"
0.0010459,32.693642248369855,130,441,880,639.9924601143985,,,180.41143798808474,412.4436340330484,-454.8981323241108,-2.493739715931791e-06,-2.728107594257131e-06,1.3979723933556271e-06,-3.18081144e-06,-4.66976954e-06,4.92641944e-06,0.0,0.0,0.0,1.8063541959970848e-06,4.126928773685272e-06,-4.550356816622573e-06,1.804109433707106e-06,4.124425032744362e-06,-4.548968851719224e-06,-7.035489795321993e-14,1.0536603243415299e-13,9.028971418179738e-15,N,mm/s,N s,"all 217 exterior nodes vs true wall triangles, increment orientation"
0.001046,32.771134356402115,130,441,880,639.9923448260078,0.0,-1.0,180.4113922117175,412.443542480314,-454.89807128895455,-2.4938822816738625e-06,-2.728263558683225e-06,1.398052314676357e-06,-3.18077245e-06,-4.669804e-06,4.92643278e-06,0.0,0.0,0.0,1.8063541959970848e-06,4.126928773685272e-06,-4.550356816622573e-06,1.8041089759446887e-06,4.124424117219529e-06,-4.548968241369335e-06,3.934297913428769e-14,-7.036156664361366e-14,-1.3064985156024597e-14,N,mm/s,N s,"all 217 exterior nodes vs true wall triangles, increment orientation"
0.0010461,32.84861618105603,130,441,880,639.9922449033003,,,180.41133117656122,412.4434814451578,-454.8980102537983,-2.494024682815036e-06,-2.7284193430388195e-06,1.3981321437230178e-06,-3.18073352e-06,-4.66983843e-06,4.92644606e-06,0.0,0.0,0.0,1.8063541959970848e-06,4.126928773685272e-06,-4.550356816622573e-06,1.8041083655947992e-06,4.12442350686964e-06,-4.548967631019445e-06,-3.536263663690112e-15,5.91048104827286e-14,-3.5168260786714624e-14,N,mm/s,N s,"all 217 exterior nodes vs true wall triangles, increment orientation"
0.0010462,32.926076252049526,130,441,880,639.9921253135188,,,180.41127014140494,412.44338989242334,-454.89794921864205,-2.4941669193551784e-06,-2.728574947323768e-06,1.398211880495535e-06,-3.18069465e-06,-4.66987283e-06,4.92645929e-06,0.0,0.0,0.0,1.8063541959970848e-06,4.126928773685272e-06,-4.550356816622573e-06,1.80410775524491e-06,4.124422591344805e-06,-4.548967020669556e-06,-4.6405164401140176e-14,-1.1658474665131096e-13,-5.728084022729729e-14,N,mm/s,N s,"all 217 exterior nodes vs true wall triangles, increment orientation"
0.0010463,33.00351820059514,130,441,880,639.9920296922071,,,180.4112243650377,412.4433288572671,-454.8978881834858,-2.494308991294155e-06,-2.7287303715379214e-06,1.398291524993832e-06,-3.18065584e-06,-4.66990721e-06,4.92647246e-06,0.0,0.0,0.0,1.8063541959970848e-06,4.126928773685272e-06,-4.550356816622573e-06,1.8041072974824925e-06,4.124421980994916e-06,-4.548966410319667e-06,6.332373823267595e-14,1.2919632608209865e-14,-7.94027090782125e-14,N,mm/s,N s,"all 217 exterior nodes vs true wall triangles, increment orientation"
0.0010463999999999,33.08095503443151,130,441,880,639.9919101024292,,,180.41116332988142,412.4432373045327,-454.89782714832955,-2.494450898631974e-06,-2.72888561568129e-06,1.3983710772179143e-06,-3.18061709e-06,-4.66994155e-06,4.92648559e-06,0.0,0.0,0.0,1.8063541959970848e-06,4.126928773685272e-06,-4.550356816622573e-06,1.804106687132603e-06,4.1244210654700825e-06,-4.548965799969778e-06,2.0475489852545838e-14,-1.6273196389726555e-13,-1.0153385378693308e-13,N,mm/s,N s,"all 217 exterior nodes vs true wall triangles, increment orientation"
0.0010465,33.15835735393112,130,441,880,639.991810179728,0.0,-1.0,180.41110229472514,412.4431762693764,-454.8977661131733,-2.4945926413680702e-06,-2.729040679753257e-06,1.398450537167466e-06,-3.1805784e-06,-4.66997586e-06,4.92649867e-06,0.0,0.0,0.0,1.8063541959970848e-06,4.126928773685272e-06,-4.550356816622573e-06,1.8041060767827135e-06,4.124420455120192e-06,-4.548965189619889e-06,-2.2362448230792056e-14,-3.318966890192678e-14,-1.2367425825983306e-13,N,mm/s,N s,"all 217 exterior nodes vs true wall triangles, increment orientation"
0.0010466,33.235760826146205,130,441,880,639.9916885655352,,,180.41104125956883,412.44311523422016,-454.89767456043893,-2.494734219502737e-06,-2.72919556375414e-06,1.39852990484265e-06,-3.18053976e-06,-4.67001015e-06,4.92651169e-06,0.0,0.0,0.0,1.8063541959970848e-06,4.126928773685272e-06,-4.550356816622573e-06,1.8041054664328238e-06,4.124419844770303e-06,-4.5489642740950555e-06,-6.519008702876605e-14,9.637155473868429e-14,1.5935103612346475e-13,N,mm/s,N s,"all 217 exterior nodes vs true wall triangles, increment orientation"
0.0010467,33.31314749280412,130,441,880,639.9915732771517,,,180.41099548320162,412.4430236814858,-454.8976135252827,-2.4948756330356936e-06,-2.7293502676836333e-06,1.3986091802433084e-06,-3.18050119e-06,-4.6700444e-06,4.92652467e-06,0.0,0.0,0.0,1.8063541959970848e-06,4.126928773685272e-06,-4.550356816622573e-06,1.8041050086704066e-06,4.1244189292454695e-06,-4.548963663745166e-06,4.4580036039911734e-14,-7.922326006613899e-14,1.3719215277978748e-13,N,mm/s,N s,"all 217 exterior nodes vs true wall triangles, increment orientation"
0.0010467999999999,33.39052264571859,130,441,880,639.9914733544548,,,180.41093444804534,412.4429626463295,-454.89755249012643,-2.495016881966943e-06,-2.729504791541742e-06,1.3986883633694452e-06,-3.18046268e-06,-4.67007863e-06,4.92653759e-06,0.0,0.0,0.0,1.8063541959970848e-06,4.126928773685272e-06,-4.550356816622573e-06,1.8041043983205171e-06,4.12441831889558e-06,-4.548963053395277e-06,1.7729657429959179e-15,5.037575479644677e-14,1.1502405117654524e-13,N,mm/s,N s,"all 217 exterior nodes vs true wall triangles, increment orientation"
0.0010469,33.467865574609384,130,441,880,639.991353764685,,,180.41087341288903,412.4428710935951,-454.8974914549702,-2.4951579662959207e-06,-2.729659135327845e-06,1.3987674542207418e-06,-3.18042422e-06,-4.67011282e-06,4.92655046e-06,0.0,0.0,0.0,1.8063541959970848e-06,4.126928773685272e-06,-4.550356816622573e-06,1.8041037879706274e-06,4.124417403370746e-06,-4.548962443045388e-06,-4.102383639701681e-14,-1.2518131029101622e-13,9.284674740736402e-14,N,mm/s,N s,"all 217 exterior nodes vs true wall triangles, increment orientation"
0.001047,33.54520219074011,130,441,880,639.9912538419915,0.0,-1.0,180.41081237773275,412.44281005843885,-454.89743041981393,-2.495298886022909e-06,-2.7298132990422544e-06,1.398846452797358e-06,-3.18038582e-06,-4.67014699e-06,4.92656328e-06,0.0,0.0,0.0,1.8063541959970848e-06,4.126928773685272e-06,-4.550356816622573e-06,1.8041031776207381e-06,4.124416793020857e-06,-4.548961832695498e-06,-8.381038117979652e-14,4.455412784315407e-15,7.0660255024771e-14,N,mm/s,N s,"all 217 exterior nodes vs true wall triangles, increment orientation"
0.0010471,33.622522121906705,130,441,880,639.9911385536129,,,180.41076660136554,412.4427185057044,-454.8973693846577,-2.4954396411476285e-06,-2.7299672826846637e-06,1.398925359099136e-06,-3.18034749e-06,-4.67018113e-06,4.92657605e-06,0.0,0.0,0.0,1.8063541959970848e-06,4.126928773685272e-06,-4.550356816622573e-06,1.804102719858321e-06,4.124415877496022e-06,-4.548961222345609e-06,2.600079334066994e-14,-1.7106398644204908e-13,4.846458673426037e-14,N,mm/s,N s,"all 217 exterior nodes vs true wall triangles, increment orientation"
0.0010471999999999,33.69982402121032,130,441,880,639.9910386309224,,,180.41070556620923,412.44265747054817,-454.89730834950143,-2.495580231670078e-06,-2.7301210862550695e-06,1.3990041731260754e-06,-3.18030921e-06,-4.67021524e-06,4.92658877e-06,0.0,0.0,0.0,1.8063541959970848e-06,4.126928773685272e-06,-4.550356816622573e-06,1.8041021095084313e-06,4.124415267146134e-06,-4.54896061199572e-06,-1.6765267432588085e-14,-4.138963816320042e-14,2.625975862945813e-14,N,mm/s,N s,"all 217 exterior nodes vs true wall triangles, increment orientation"
0.0010473,33.77711550157978,130,441,880,639.9909387082337,,,180.41064453105295,412.4425964353919,-454.8972473143452,-2.4957206575896903e-06,-2.730274709752853e-06,1.3990828948778589e-06,-3.18027099e-06,-4.67024932e-06,4.92660144e-06,0.0,0.0,0.0,1.8063541959970848e-06,4.126928773685272e-06,-4.550356816622573e-06,1.8041014991585418e-06,4.1244146567962445e-06,-4.548960001645831e-06,-5.952110261234862e-14,8.830349053015477e-14,4.0457825688255435e-15,N,mm/s,N s,"all 217 exterior nodes vs true wall triangles, increment orientation"
0.0010474,33.854385249881446,130,441,880,639.9908234198583,,,180.41059875468574,412.4425048826575,-454.89718627918893,-2.4958609189067445e-06,-2.730428153178321e-06,1.399161524354642e-06,-3.18023283e-06,-4.67028337e-06,4.92661405e-06,0.0,0.0,0.0,1.8063541959970848e-06,4.126928773685272e-06,-4.550356816622573e-06,1.8041010413961246e-06,4.12441374127141e-06,-4.548959391295942e-06,5.032075017091797e-14,-8.715956575862426e-14,-1.817732281291255e-14,N,mm/s,N s,"all 217 exterior nodes vs true wall triangles, increment orientation"
0.0010475,33.931654802876835,130,441,880,639.9907234971723,0.0,-1.0,180.41053771952943,412.44244384750124,-454.8971252440327,-2.4960010156209534e-06,-2.7305814165311567e-06,1.399240061556264e-06,-3.18019473e-06,-4.67031739e-06,4.92662662e-06,0.0,0.0,0.0,1.8063541959970848e-06,4.126928773685272e-06,-4.550356816622573e-06,1.8041004310462349e-06,4.124413130921521e-06,-4.548958780946053e-06,7.585335049691607e-15,4.2571061083305876e-14,-4.040954735136078e-14,N,mm/s,N s,"all 217 exterior nodes vs true wall triangles, increment orientation"
0.0010475999999999,34.008891051485634,130,441,880,639.9906039074152,,,180.41047668437315,412.44235229476686,-454.89706420887643,-2.4961409477323156e-06,-2.7307344998113604e-06,1.3993185064827254e-06,-3.18015669e-06,-4.67035138e-06,4.92663913e-06,0.0,0.0,0.0,1.8063541959970848e-06,4.126928773685272e-06,-4.550356816622573e-06,1.8040998206963454e-06,4.124412215396687e-06,-4.5489581705961635e-06,-3.513988539473984e-14,-1.3285453856151262e-13,-6.265087325882726e-14,N,mm/s,N s,"all 217 exterior nodes vs true wall triangles, increment orientation"
0.0010477,34.08611565497159,130,441,880,639.9905039847328,,,180.41041564921687,412.44229125961056,-454.89700317372024,-2.496280715240264e-06,-2.730887403018309e-06,1.399396859133706e-06,-3.18011871e-06,-4.67038535e-06,4.9266516e-06,0.0,0.0,0.0,1.8063541959970848e-06,4.126928773685272e-06,-4.550356816622573e-06,1.804099210346456e-06,4.124411605046797e-06,-4.548957560246275e-06,-7.785492132677174e-14,-3.086496580236367e-15,-8.490128952388367e-14,N,mm/s,N s,"all 217 exterior nodes vs true wall triangles, increment orientation"
0.0010478,34.16332366425352,130,441,880,639.9903886963625,,,180.41036987284963,412.4421997068762,-454.896942138564,-2.496420318145067e-06,-2.7310401261523e-06,1.399475119509358e-06,-3.18008079e-06,-4.67041928e-06,4.92666401e-06,0.0,0.0,0.0,1.8063541959970848e-06,4.126928773685272e-06,-4.550356816622573e-06,1.8040987525840385e-06,4.124410689521964e-06,-4.548956949896386e-06,3.202768771730141e-14,-1.7847472174329021e-13,-1.0716078005290402e-13,N,mm/s,N s,"all 217 exterior nodes vs true wall triangles, increment orientation"
0.0010479,34.240526456582884,130,441,880,639.9902887736829,,,180.41030883769335,412.44213867171993,-454.89688110340774,-2.496559756446436e-06,-2.7311926692130146e-06,1.3995532876095183e-06,-3.18004292e-06,-4.67045319e-06,4.92667637e-06,0.0,0.0,0.0,1.8063541959970848e-06,4.126928773685272e-06,-4.550356816622573e-06,1.8040981422341492e-06,4.124410079172074e-06,-4.5489563395464964e-06,-1.066701243597457e-14,-4.866934847892962e-14,-1.2942932959929525e-13,N,mm/s,N s,"all 217 exterior nodes vs true wall triangles, increment orientation"
0.0010479999999999,34.31769581968633,130,441,880,639.9901671595022,0.0,-1.0,180.41024780253707,412.4420776365636,-454.89678955067336,-2.496699030144367e-06,-2.7313450322004502e-06,1.3996313634341864e-06,-3.18000512e-06,-4.67048706e-06,4.92668868e-06,0.0,0.0,0.0,1.8063541959970848e-06,4.126928773685272e-06,-4.550356816622573e-06,1.8040975318842597e-06,4.124409468822185e-06,-4.548955424021663e-06,-5.3351560475861236e-14,8.115466035730351e-14,1.534680187632539e-13,N,mm/s,N s,"all 217 exterior nodes vs true wall triangles, increment orientation"
0.0010481,34.39486522827666,130,441,880,639.9900518711343,,,180.41020202616983,412.44198608382925,-454.8967285155171,-2.496838139238288e-06,-2.7314972151139803e-06,1.3997093469830403e-06,-3.17996737e-06,-4.67052091e-06,4.92670094e-06,0.0,0.0,0.0,1.8063541959970848e-06,4.126928773685272e-06,-4.550356816622573e-06,1.8040970741218423e-06,4.124408553297351e-06,-4.548954813671774e-06,5.65615051201381e-14,-9.41776631723304e-14,1.311813909926694e-13,N,mm/s,N s,"all 217 exterior nodes vs true wall triangles, increment orientation"
0.0010482,34.47201770013803,130,441,880,639.9899519484588,,,180.41014099101355,412.441925048673,-454.89666748036086,-2.496977083728467e-06,-2.7316492179538984e-06,1.3997872382562306e-06,-3.17992969e-06,-4.67055473e-06,4.92671314e-06,0.0,0.0,0.0,1.8063541959970848e-06,4.126928773685272e-06,-4.550356816622573e-06,1.8040964637719528e-06,4.124407942947462e-06,-4.548954203321884e-06,1.3897229543294548e-14,3.568355158611088e-14,1.0888574740339435e-13,N,mm/s,N s,"all 217 exterior nodes vs true wall triangles, increment orientation"
0.0010483,34.5491406836608,130,441,880,639.9898323587131,,,180.41007995585727,412.44183349593857,-454.8966064452046,-2.497115863614611e-06,-2.731801040719884e-06,1.3998650372535937e-06,-3.17989206e-06,-4.67058852e-06,4.9267253e-06,0.0,0.0,0.0,1.8063541959970848e-06,4.126928773685272e-06,-4.550356816622573e-06,1.8040958534220633e-06,4.124407027422628e-06,-4.548953592971995e-06,-2.8756924836862265e-14,-1.396116075259293e-13,8.658110070092293e-14,N,mm/s,N s,"all 217 exterior nodes vs true wall triangles, increment orientation"
0.0010484,34.62625988666646,130,441,880,639.9897324360412,,,180.41001892070096,412.4417724607823,-454.89654541004836,-2.497254478896571e-06,-2.7319526834117726e-06,1.3999427439750438e-06,-3.1798545e-06,-4.67062228e-06,4.92673741e-06,0.0,0.0,0.0,1.8063541959970848e-06,4.126928773685272e-06,-4.550356816622573e-06,1.8040952430721736e-06,4.124406417072739e-06,-4.548952982622107e-06,-7.140096966703536e-14,-9.713270701541647e-15,6.426746528481525e-14,N,mm/s,N s,"all 217 exterior nodes vs true wall triangles, increment orientation"
0.0010485,34.70336731859167,130,441,880,639.9896368147496,0.0,-1.0,180.40997314433375,412.44171142562607,-454.8964843748921,-2.4973929295741885e-06,-2.732104146029393e-06,1.4000203584204948e-06,-3.17981699e-06,-4.67065601e-06,4.92674946e-06,0.0,0.0,0.0,1.8063541959970848e-06,4.126928773685272e-06,-4.550356816622573e-06,1.8040947853097566e-06,4.124405806722849e-06,-4.548952372272217e-06,3.855255848109608e-14,1.2020359581560013e-13,4.19448555546314e-14,N,mm/s,N s,"all 217 exterior nodes vs true wall triangles, increment orientation"
0.0010486,34.780453130476694,130,441,880,639.9895172250091,,,180.40991210917747,412.44161987289164,-454.89642333973586,-2.497531215647316e-06,-2.732255428572582e-06,1.4000978805898626e-06,-3.17977954e-06,-4.67068971e-06,4.92676146e-06,0.0,0.0,0.0,1.8063541959970848e-06,4.126928773685272e-06,-4.550356816622573e-06,1.8040941749598671e-06,4.124404891198015e-06,-4.548951761922328e-06,-4.071297530537448e-15,-5.503597337114469e-14,1.961328675696445e-14,N,mm/s,N s,"all 217 exterior nodes vs true wall triangles, increment orientation"
0.0010486999999999,34.85752200358061,130,441,880,639.9894173023417,,,180.40985107402116,412.4415588377354,-454.8963623045796,-2.497669337115927e-06,-2.7324065310413114e-06,1.4001753104831325e-06,-3.17974215e-06,-4.67072338e-06,4.92677342e-06,0.0,0.0,0.0,1.8063541959970848e-06,4.126928773685272e-06,-4.550356816622573e-06,1.8040935646099774e-06,4.124404280848126e-06,-4.548951151572439e-06,-4.668507490888983e-14,7.491788985106726e-14,-2.7272275556584555e-15,N,mm/s,N s,"all 217 exterior nodes vs true wall triangles, increment orientation"
0.0010488,34.93457295647264,130,441,880,639.9893020139821,,,180.40980529765395,412.441467285001,-454.89630126942336,-2.497807293979458e-06,-2.7325574534349667e-06,1.400252648099989e-06,-3.17970482e-06,-4.67075703e-06,4.92678532e-06,0.0,0.0,0.0,1.8063541959970848e-06,4.126928773685272e-06,-4.550356816622573e-06,1.8040931068475602e-06,4.124403365323292e-06,-4.5489505412225495e-06,6.329868786853561e-14,-1.002847241352218e-13,-2.507667298367721e-14,N,mm/s,N s,"all 217 exterior nodes vs true wall triangles, increment orientation"
0.0010489,35.01161359696847,130,441,880,639.9892020913176,,,180.40974426249767,412.4414062498447,-454.8962402342671,-2.497945086238162e-06,-2.732708195753822e-06,1.400329893440574e-06,-3.17966755e-06,-4.67079064e-06,4.92679717e-06,0.0,0.0,0.0,1.8063541959970848e-06,4.126928773685272e-06,-4.550356816622573e-06,1.8040924964976707e-06,4.124402754973402e-06,-4.54894993087266e-06,2.070503599300999e-14,2.970605193579855e-14,-4.743503512753171e-14,N,mm/s,N s,"all 217 exterior nodes vs true wall triangles, increment orientation"
0.001049,35.08863225312346,130,441,880,639.9890825015846,0.0,-1.0,180.40968322734136,412.44131469711033,-454.89617919911086,-2.498082713891744e-06,-2.732858757997555e-06,1.4004070465047212e-06,-3.17963034e-06,-4.67082423e-06,4.92680897e-06,0.0,0.0,0.0,1.8063541959970848e-06,4.126928773685272e-06,-4.550356816622573e-06,1.804091886147781e-06,4.124401839448569e-06,-4.548949320522772e-06,-2.187856922472825e-14,-1.4545969070629654e-13,-6.98023004346948e-14,N,mm/s,N s,"all 217 exterior nodes vs true wall triangles, increment orientation"
0.0010490999999999,35.16563937474831,130,441,880,639.9889825789237,,,180.40962219218508,412.4412536619541,-454.8961181639546,-2.498220176940184e-06,-2.7330091401661434e-06,1.4004841072924197e-06,-3.17959318e-06,-4.67085778e-06,4.92682072e-06,0.0,0.0,0.0,1.8063541959970848e-06,4.126928773685272e-06,-4.550356816622573e-06,1.8040912757978915e-06,4.124401229098679e-06,-4.5489487101728825e-06,-6.445213816083271e-14,-1.5432083948663678e-14,-9.217845365857343e-14,N,mm/s,N s,"all 217 exterior nodes vs true wall triangles, increment orientation"
0.0010492,35.24263632564263,130,441,880,639.9888869576386,,,180.40957641581787,412.4411926267978,-454.89605712879836,-2.4983574753829085e-06,-2.733159342258962e-06,1.4005610758033486e-06,-3.17955609e-06,-4.67089131e-06,4.92683241e-06,0.0,0.0,0.0,1.8063541959970848e-06,4.126928773685272e-06,-4.550356816622573e-06,1.8040908180354745e-06,4.12440061874879e-06,-4.548948099822993e-06,4.5571790918951536e-14,1.146139051179905e-13,-1.1456347955257455e-13,N,mm/s,N s,"all 217 exterior nodes vs true wall triangles, increment orientation"
0.0010493,35.3196100197309,130,441,880,639.988745676399,,,180.40951538066156,412.4411010740634,-454.895965576064,-2.498494609220169e-06,-2.733309364276283e-06,1.400637952037648e-06,-3.17951906e-06,-4.67092481e-06,4.92684406e-06,0.0,0.0,0.0,1.8063541959970848e-06,4.126928773685272e-06,-4.550356816622573e-06,1.8040902076855846e-06,4.124399703223956e-06,-4.54894718429816e-06,3.0182627823791127e-15,-6.049668805594181e-14,1.682175788096131e-13,N,mm/s,N s,"all 217 exterior nodes vs true wall triangles, increment orientation"
0.0010494,35.396566793374866,130,441,880,639.9886457537423,,,180.40945434550528,412.44104003890715,-454.89590454090774,-2.4986315784516656e-06,-2.733459206217782e-06,1.400714735995152e-06,-3.17948208e-06,-4.67095828e-06,4.92685565e-06,0.0,0.0,0.0,1.8063541959970848e-06,4.126928773685272e-06,-4.550356816622573e-06,1.8040895973356953e-06,4.124399092874067e-06,-4.54894657394827e-06,-3.952526020102034e-14,6.958600633644868e-14,1.4581484738591553e-13,N,mm/s,N s,"all 217 exterior nodes vs true wall triangles, increment orientation"
0.0010494999999999,35.47351880413685,130,441,880,639.9885261640173,0.0,-1.0,180.409393310349,412.4409484861727,-454.8958435057515,-2.498768383077374e-06,-2.7336088680834285e-06,1.4007914276758437e-06,-3.17944517e-06,-4.67099172e-06,4.9268672e-06,0.0,0.0,0.0,1.8063541959970848e-06,4.126928773685272e-06,-4.550356816622573e-06,1.8040889869858058e-06,4.124398177349233e-06,-4.548945963598381e-06,-8.205878904267514e-14,-1.0548792386339467e-13,1.2340328649077578e-13,N,mm/s,N s,"all 217 exterior nodes vs true wall triangles, increment orientation"
0.0010496,35.55043712892266,130,441,880,639.9884305427357,,,180.40934753398176,412.44088745101647,-454.89578247059524,-2.4989050230967198e-06,-2.733758349872596e-06,1.4008680270794027e-06,-3.17940831e-06,-4.67102513e-06,4.92687869e-06,0.0,0.0,0.0,1.8063541959970848e-06,4.126928773685272e-06,-4.550356816622573e-06,1.8040885292233884e-06,4.1243975669993436e-06,-4.548945353248492e-06,2.8005137779911395e-14,2.4631390304404466e-14,1.009829079826551e-13,N,mm/s,N s,"all 217 exterior nodes vs true wall triangles, increment orientation"
0.0010497,35.62735402411541,130,441,880,639.9883109530144,,,180.40928649882548,412.4407958982821,-454.89572143543904,-2.4990414985099465e-06,-2.733907651585552e-06,1.4009445342059666e-06,-3.17937151e-06,-4.67105851e-06,4.92689013e-06,0.0,0.0,0.0,1.8063541959970848e-06,4.126928773685272e-06,-4.550356816622573e-06,1.804087918873499e-06,4.12439665147451e-06,-4.548944742898603e-06,-1.450843454198962e-14,-1.504059607776117e-13,7.855372795517951e-14,N,mm/s,N s,"all 217 exterior nodes vs true wall triangles, increment orientation"
0.0010498,35.704244224365816,130,441,880,639.9882110303639,,,180.4092254636692,412.4407348631258,-454.8956604002828,-2.499177809316754e-06,-2.7340567732219667e-06,1.4010209490553658e-06,-3.17933477e-06,-4.67109186e-06,4.92690152e-06,0.0,0.0,0.0,1.8063541959970848e-06,4.126928773685272e-06,-4.550356816622573e-06,1.8040873085236094e-06,4.12439604112462e-06,-4.548944132548714e-06,-5.701204469763974e-14,-2.025011153769865e-14,5.6115760807909105e-14,N,mm/s,N s,"all 217 exterior nodes vs true wall triangles, increment orientation"
0.0010498999999999,35.781128932249715,130,441,880,639.9881154090851,,,180.40917968730196,412.44067382796953,-454.89559936512654,-2.499313955517113e-06,-2.7342057147818086e-06,1.401097271627584e-06,-3.1792981e-06,-4.67112519e-06,4.92691286e-06,0.0,0.0,0.0,1.8063541959970848e-06,4.126928773685272e-06,-4.550356816622573e-06,1.804086850761192e-06,4.124395430774731e-06,-4.548943522198825e-06,5.3081769682490664e-14,1.0992397601563468e-13,3.366901924633809e-14,N,mm/s,N s,"all 217 exterior nodes vs true wall triangles, increment orientation"
0.00105,35.858001976306426,130,441,880,639.9879958193688,0.0,-1.0,180.40911865214568,412.44058227523516,-454.8955383299703,-2.4994499371104496e-06,-2.734354476264448e-06,1.401173501922299e-06,-3.17926148e-06,-4.67115848e-06,4.92692415e-06,0.0,0.0,0.0,1.8063541959970848e-06,4.126928773685272e-06,-4.550356816622573e-06,1.8040862404113025e-06,4.124394515249897e-06,-4.5489429118489355e-06,1.059805400143094e-14,-6.505866436128539e-14,1.1213520211125413e-14,N,mm/s,N s,"all 217 exterior nodes vs true wall triangles, increment orientation"
0.0010501,35.93485204854984,130,441,880,639.987895896723,,,180.40905761698937,412.44052124007885,-454.89547729481404,-2.499585754097e-06,-2.7345030576701456e-06,1.4012496399396443e-06,-3.17922492e-06,-4.67119175e-06,4.92693539e-06,0.0,0.0,0.0,1.8063541959970848e-06,4.126928773685272e-06,-4.550356816622573e-06,1.8040856300614128e-06,4.124393904900007e-06,-4.548942301499047e-06,-3.187573148887165e-14,6.515183375031862e-14,-1.1250725286300611e-14,N,mm/s,N s,"all 217 exterior nodes vs true wall triangles, increment orientation"
0.0010502,36.01168687810038,130,441,880,639.9877763070108,,,180.4089965818331,412.4404296873445,-454.8954162596578,-2.4997214064764606e-06,-2.734651458998568e-06,1.401325685679449e-06,-3.17918842e-06,-4.67122499e-06,4.92694657e-06,0.0,0.0,0.0,1.8063541959970848e-06,4.126928773685272e-06,-4.550356816622573e-06,1.8040850197115235e-06,4.1243929893751735e-06,-4.548941691149158e-06,-7.433959568226305e-14,-1.0979443757294519e-13,-3.3723701152313986e-14,N,mm/s,N s,"all 217 exterior nodes vs true wall triangles, increment orientation"
0.0010502999999999,36.08850463583617,130,441,880,639.9876806857359,,,180.40895080546588,412.4403686521882,-454.89535522450154,-2.4998568942487953e-06,-2.7347996802496775e-06,1.4014016391416933e-06,-3.17915197e-06,-4.6712582e-06,4.92695771e-06,0.0,0.0,0.0,1.8063541959970848e-06,4.126928773685272e-06,-4.550356816622573e-06,1.8040845619491064e-06,4.124392379025284e-06,-4.5489410807992685e-06,3.579392188496225e-14,2.0452389781766556e-14,-5.620539129328871e-14,N,mm/s,N s,"all 217 exterior nodes vs true wall triangles, increment orientation"
0.0010504,36.16530950361412,130,441,880,639.987561096027,,,180.40888977030957,412.4402770994538,-454.8952941893453,-2.4999922174134307e-06,-2.7349477214228444e-06,1.4014775003260558e-06,-3.17911559e-06,-4.67129137e-06,4.92696879e-06,0.0,0.0,0.0,1.8063541959970848e-06,4.126928773685272e-06,-4.550356816622573e-06,1.8040839515992167e-06,4.12439146350045e-06,-4.548940470449379e-06,-6.650134442957607e-15,-1.5445759549706983e-13,-7.869578469779648e-14,N,mm/s,N s,"all 217 exterior nodes vs true wall triangles, increment orientation"
0.0010505,36.2420938424842,130,441,880,639.9874611733876,0.0,-1.0,180.4088287351533,412.44021606429754,-454.89523315418904,-2.5001273759706e-06,-2.735095582518325e-06,1.4015532692326662e-06,-3.17907927e-06,-4.67132452e-06,4.92697983e-06,0.0,0.0,0.0,1.8063541959970848e-06,4.126928773685272e-06,-4.550356816622573e-06,1.8040833412493272e-06,4.124390853150561e-06,-4.54893986009949e-06,-4.9084301237701795e-14,-2.4174525296610967e-14,-1.0119486527221128e-13,N,mm/s,N s,"all 217 exterior nodes vs true wall triangles, increment orientation"
0.0010506,36.31886675451638,130,441,880,639.9873655521153,,,180.40878295878608,412.4401550291413,-454.8951721190328,-2.5002623699199944e-06,-2.7352432635357822e-06,1.401628945861353e-06,-3.17904301e-06,-4.67135765e-06,4.92699081e-06,0.0,0.0,0.0,1.8063541959970848e-06,4.126928773685272e-06,-4.550356816622573e-06,1.80408288348691e-06,4.124390242800672e-06,-4.548939249749601e-06,6.107888302322637e-14,1.0612663752760125e-13,-1.2370261776994008e-13,N,mm/s,N s,"all 217 exterior nodes vs true wall triangles, increment orientation"
0.0010507,36.39561767140795,130,441,880,639.9872242708906,,,180.40872192362977,412.44006347640686,-454.8950805662984,-2.5003971992614413e-06,-2.7353907644750267e-06,1.4017045302120189e-06,-3.1790068e-06,-4.67139074e-06,4.92700174e-06,0.0,0.0,0.0,1.8063541959970848e-06,4.126928773685272e-06,-4.550356816622573e-06,1.8040822731370203e-06,4.124389327275838e-06,-4.548938334224767e-06,1.8664462260548575e-14,-6.872907665623866e-14,1.5895591388829546e-13,N,mm/s,N s,"all 217 exterior nodes vs true wall triangles, increment orientation"
0.0010508,36.47235557381194,130,441,880,639.9871243482554,,,180.4086608884735,412.4400024412506,-454.89501953114217,-2.500531863994764e-06,-2.735538085335864e-06,1.4017800222845633e-06,-3.17897066e-06,-4.6714238e-06,4.92701262e-06,0.0,0.0,0.0,1.8063541959970848e-06,4.126928773685272e-06,-4.550356816622573e-06,1.8040816627871308e-06,4.1243887169259485e-06,-4.548937723874878e-06,-2.3740101367963787e-14,6.160820365284448e-14,1.3643085820152015e-13,N,mm/s,N s,"all 217 exterior nodes vs true wall triangles, increment orientation"
0.0010509,36.54908956679342,130,441,880,639.9870047585547,,,180.4085998533172,412.43991088851624,-454.8949584959859,-2.500666364119791e-06,-2.735685226118109e-06,1.4018554220788928e-06,-3.17893457e-06,-4.67145684e-06,4.92702345e-06,0.0,0.0,0.0,1.8063541959970848e-06,4.126928773685272e-06,-4.550356816622573e-06,1.8040810524372415e-06,4.124387801401115e-06,-4.5489371135249885e-06,-6.61348176031896e-14,-1.1321143200964008e-13,1.1389717124901232e-13,N,mm/s,N s,"all 217 exterior nodes vs true wall triangles, increment orientation"
0.0010509999999999,36.62579550773456,130,441,880,639.9869091372859,0.0,-1.0,180.40855407694997,412.43984985335993,-454.89489746082967,-2.5008006996364796e-06,-2.7358321868217115e-06,1.4019307295949806e-06,-3.17889854e-06,-4.67148984e-06,4.92703422e-06,0.0,0.0,0.0,1.8063541959970848e-06,4.126928773685272e-06,-4.550356816622573e-06,1.8040805946748239e-06,4.124387191051225e-06,-4.5489365031751e-06,4.4067773595060145e-14,1.716188277508515e-14,9.135486827736503e-14,N,mm/s,N s,"all 217 exterior nodes vs true wall triangles, increment orientation"
0.0010511,36.70247822819452,130,441,880,639.9867895475886,,,180.4084930417937,412.43975830062556,-454.8948364256734,-2.500934870544247e-06,-2.7359789674460367e-06,1.402005944832502e-06,-3.17886258e-06,-4.67152282e-06,4.92704495e-06,0.0,0.0,0.0,1.8063541959970848e-06,4.126928773685272e-06,-4.550356816622573e-06,1.8040799843249346e-06,4.124386275526391e-06,-4.548935892825211e-06,1.6927189003642295e-15,-1.5762175991637173e-13,6.88039662272372e-14,N,mm/s,N s,"all 217 exterior nodes vs true wall triangles, increment orientation"
0.0010512,36.77916195835522,130,441,880,639.9866896249598,,,180.4084320066374,412.4396972654693,-454.89477539051717,-2.501068876843321e-06,-2.7361255679913327e-06,1.4020810677915842e-06,-3.17882667e-06,-4.67155577e-06,4.92705563e-06,0.0,0.0,0.0,1.8063541959970848e-06,4.126928773685272e-06,-4.550356816622573e-06,1.804079373975045e-06,4.124385665176502e-06,-4.5489352824753215e-06,-4.067252080005538e-14,-2.7212492818200294e-14,4.624447526302422e-14,N,mm/s,N s,"all 217 exterior nodes vs true wall triangles, increment orientation"
0.0010513,36.85582897327414,130,441,880,639.9865897023326,,,180.4083709714811,412.439636230313,-454.8947143553609,-2.5012027185333866e-06,-2.7362719884572555e-06,1.4021560984720505e-06,-3.17879082e-06,-4.67158869e-06,4.92706625e-06,0.0,0.0,0.0,1.8063541959970848e-06,4.126928773685272e-06,-4.550356816622573e-06,1.8040787636251554e-06,4.124385054826613e-06,-4.548934672125432e-06,-8.302795630586875e-14,1.0321471867295873e-13,2.3676412325385025e-14,N,mm/s,N s,"all 217 exterior nodes vs true wall triangles, increment orientation"
0.0010513999999999,36.93246670908001,130,441,880,639.9864744140016,,,180.4083251951139,412.4395446775786,-454.89465332020467,-2.5013363956143992e-06,-2.736418228843755e-06,1.4022310368738755e-06,-3.17875503e-06,-4.67162158e-06,4.92707682e-06,0.0,0.0,0.0,1.8063541959970848e-06,4.126928773685272e-06,-4.550356816622573e-06,1.8040783058627382e-06,4.124384139301778e-06,-4.548934061775543e-06,2.721387475245374e-14,-7.15150925336013e-14,1.0997918138797198e-15,N,mm/s,N s,"all 217 exterior nodes vs true wall triangles, increment orientation"
0.0010515,37.009105331589495,130,441,880,639.9863744913773,0.0,-1.0,180.4082641599576,412.4394836424224,-454.8945922850484,-2.5014699080857784e-06,-2.7365642891501977e-06,1.4023058829967342e-06,-3.1787193e-06,-4.67165444e-06,4.92708735e-06,0.0,0.0,0.0,1.8063541959970848e-06,4.126928773685272e-06,-4.550356816622573e-06,1.8040776955128487e-06,4.124383528951889e-06,-4.548933451425654e-06,-1.5121983280849747e-14,5.894794506309479e-14,-2.1485374413030434e-14,N,mm/s,N s,"all 217 exterior nodes vs true wall triangles, increment orientation"
0.0010516,37.08572219570834,130,441,880,639.9862549016893,,,180.4082031248013,412.43939208968794,-454.8945312498922,-2.5016032559477383e-06,-2.7367101693768178e-06,1.4023806368407475e-06,-3.17868363e-06,-4.67168727e-06,4.92709782e-06,0.0,0.0,0.0,1.8063541959970848e-06,4.126928773685272e-06,-4.550356816622573e-06,1.804077085162959e-06,4.124382613427055e-06,-4.548932841075765e-06,-5.744806803624958e-14,-1.157460798484767e-13,-4.407907026171944e-14,N,mm/s,N s,"all 217 exterior nodes vs true wall triangles, increment orientation"
0.0010517,37.162320998289104,130,441,880,639.9861592804272,,,180.4081573484341,412.4393310545317,-454.894470214736,-2.501736439199968e-06,-2.7368558695232727e-06,1.4024552984057385e-06,-3.17864802e-06,-4.67172007e-06,4.92710824e-06,0.0,0.0,0.0,1.8063541959970848e-06,4.126928773685272e-06,-4.550356816622573e-06,1.8040766274005418e-06,4.124382003077166e-06,-4.548932230725876e-06,5.28230817969927e-14,1.4752700844527632e-14,-6.668128048559424e-14,N,mm/s,N s,"all 217 exterior nodes vs true wall triangles, increment orientation"
0.0010517999999999,37.23889272085057,130,441,880,639.9860396907426,,,180.4080963132778,412.4392395017973,-454.8944091795797,-2.501869457842412e-06,-2.7370013895895066e-06,1.4025298676916796e-06,-3.17861247e-06,-4.67175285e-06,4.92711861e-06,0.0,0.0,0.0,1.8063541959970848e-06,4.126928773685272e-06,-4.550356816622573e-06,1.8040760170506525e-06,4.124381087552332e-06,-4.548931620375987e-06,1.05165120454229e-14,-1.5990562501644887e-13,-8.92919915321277e-14,N,mm/s,N s,"all 217 exterior nodes vs true wall triangles, increment orientation"
0.0010519,37.315463028445,130,441,880,639.9859397681246,,,180.4080352781215,412.439178466641,-454.8943481444235,-2.502002311874491e-06,-2.7371467295748817e-06,1.4026043446982438e-06,-3.17857697e-06,-4.67178559e-06,4.92712892e-06,0.0,0.0,0.0,1.8063541959970848e-06,4.126928773685272e-06,-4.550356816622573e-06,1.8040754067007628e-06,4.124380477202443e-06,-4.548931010026098e-06,-3.178031725076995e-14,-2.937118677746398e-14,-1.1191118984879263e-13,N,mm/s,N s,"all 217 exterior nodes vs true wall triangles, increment orientation"
0.001052,37.3920119134765,130,441,880,639.9858398455085,0.0,-1.0,180.40797424296522,412.43911743148476,-454.8942871092672,-2.5021350012964187e-06,-2.737291889479633e-06,1.4026787294255512e-06,-3.17854154e-06,-4.67181831e-06,4.92713919e-06,0.0,0.0,0.0,1.8063541959970848e-06,4.126928773685272e-06,-4.550356816622573e-06,1.8040747963508733e-06,4.124379866852553e-06,-4.548930399676209e-06,-7.40674156207065e-14,1.0118105016484157e-13,-1.34538860188996e-13,N,mm/s,N s,"all 217 exterior nodes vs true wall triangles, increment orientation"
0.0010521,37.46854997781595,130,441,880,639.9857028656553,,,180.407928466598,412.4390258787504,-454.89419555653285,-2.502267526107874e-06,-2.737436869303409e-06,1.4027530218734223e-06,-3.17850617e-06,-4.671851e-06,4.92714941e-06,0.0,0.0,0.0,1.8063541959970848e-06,4.126928773685272e-06,-4.550356816622573e-06,1.8040743385884561e-06,4.12437895132772e-06,-4.548929484151375e-06,3.624267909338463e-14,-7.342388043320592e-14,1.479999552206064e-13,N,mm/s,N s,"all 217 exterior nodes vs true wall triangles, increment orientation"
0.0010521999999999,37.54508290518372,130,441,880,639.9856029430415,,,180.4078674314417,412.4389648435941,-454.8941345213766,-2.5023998863088043e-06,-2.737581669046151e-06,1.4028272220418265e-06,-3.17847085e-06,-4.67188365e-06,4.92715957e-06,0.0,0.0,0.0,1.8063541959970848e-06,4.126928773685272e-06,-4.550356816622573e-06,1.8040737282385664e-06,4.12437834097783e-06,-4.548928873801486e-06,-6.024988976016622e-15,5.716388954123694e-14,1.2535538403200645e-13,N,mm/s,N s,"all 217 exterior nodes vs true wall triangles, increment orientation"
0.0010523,37.62158126215367,130,441,880,639.985483353365,,,180.40780639628542,412.4388732908597,-454.89407348622035,-2.50253208189862e-06,-2.7377262887072176e-06,1.4029013299304348e-06,-3.1784356e-06,-4.67191628e-06,4.92716969e-06,0.0,0.0,0.0,1.8063541959970848e-06,4.126928773685272e-06,-4.550356816622573e-06,1.804073117888677e-06,4.124377425452996e-06,-4.548928263451597e-06,-4.8282957671138865e-14,-1.1740554952928764e-13,1.0270238232448249e-13,N,mm/s,N s,"all 217 exterior nodes vs true wall triangles, increment orientation"
0.0010524,37.6980691582781,130,441,880,639.9853877321091,,,180.4077606199182,412.43881225570345,-454.8940124510641,-2.502664112877537e-06,-2.737870728286841e-06,1.402975345539367e-06,-3.1784004e-06,-4.67194889e-06,4.92717975e-06,0.0,0.0,0.0,1.8063541959970848e-06,4.126928773685272e-06,-4.550356816622573e-06,1.80407266012626e-06,4.124376815103107e-06,-4.5489276531017075e-06,6.20562351657893e-14,1.3217669621030763e-14,8.004096534462756e-14,N,mm/s,N s,"all 217 exterior nodes vs true wall triangles, increment orientation"
0.0010525,37.77454032998478,130,441,880,639.985268142436,0.0,-1.0,180.4076995847619,412.438720702969,-454.89395141590785,-2.502795979245226e-06,-2.7380149877846635e-06,1.4030492688684395e-06,-3.17836526e-06,-4.67198146e-06,4.92718976e-06,0.0,0.0,0.0,1.8063541959970848e-06,4.126928773685272e-06,-4.550356816622573e-06,1.80407204977637e-06,4.1243758995782726e-06,-4.548927042751818e-06,1.981763282021484e-14,-1.6131636093119975e-13,5.737114918606765e-14,N,mm/s,N s,"all 217 exterior nodes vs true wall triangles, increment orientation"
0.0010525999999999,37.85100502036438,130,441,880,639.9851682198286,,,180.40763854960562,412.4386596678128,-454.8938903807516,-2.5029276810016307e-06,-2.7381590672006225e-06,1.4031230999176196e-06,-3.17833018e-06,-4.672014e-06,4.92719972e-06,0.0,0.0,0.0,1.8063541959970848e-06,4.126928773685272e-06,-4.550356816622573e-06,1.8040714394264807e-06,4.124375289228383e-06,-4.548926432401929e-06,-2.2411301491299658e-14,-3.065777476720169e-14,3.469294655429698e-14,N,mm/s,N s,"all 217 exterior nodes vs true wall triangles, increment orientation"
0.0010527,37.927442863643975,130,441,880,639.985068297223,,,180.40757751444934,412.4385986326565,-454.89382934559535,-2.5030592181461664e-06,-2.7383029665340776e-06,1.4031968386865805e-06,-3.17829517e-06,-4.67204652e-06,4.92720963e-06,0.0,0.0,0.0,1.8063541959970848e-06,4.126928773685272e-06,-4.550356816622573e-06,1.8040708290765912e-06,4.124374678878495e-06,-4.54892582205204e-06,-6.463057835666604e-14,1.0001846525748304e-13,1.200637015480975e-14,N,mm/s,N s,"all 217 exterior nodes vs true wall triangles, increment orientation"
0.0010528,38.003875325382985,130,441,880,639.9849530089075,,,180.4075317380821,412.4385070799221,-454.8937683104391,-2.5031905906790303e-06,-2.7384466857852463e-06,1.4032704851754323e-06,-3.17826021e-06,-4.672079e-06,4.92721949e-06,0.0,0.0,0.0,1.8063541959970848e-06,4.126928773685272e-06,-4.550356816622573e-06,1.8040703713141738e-06,4.1243737633536605e-06,-4.548925211702151e-06,4.5747263746612394e-14,-7.446261048895102e-14,-1.0688563071735088e-14,N,mm/s,N s,"all 217 exterior nodes vs true wall triangles, increment orientation"
0.0010529,38.08027825019845,130,441,880,639.9848530863047,,,180.40747070292582,412.43844604476584,-454.89370727528285,-2.5033217985999025e-06,-2.738590224953778e-06,1.4033440393839966e-06,-3.17822531e-06,-4.67211146e-06,4.92722929e-06,0.0,0.0,0.0,1.8063541959970848e-06,4.126928773685272e-06,-4.550356816622573e-06,1.8040697609642843e-06,4.124373153003771e-06,-4.548924601352262e-06,3.5472695862902607e-15,5.624886864743833e-14,-3.3391838725777435e-14,N,mm/s,N s,"all 217 exterior nodes vs true wall triangles, increment orientation"
0.001053,38.15667725748687,130,441,880,639.984733496641,0.0,-1.0,180.4074096677695,412.43835449203146,-454.8936462401266,-2.5034528419085874e-06,-2.7387335840394578e-06,1.403417501312162e-06,-3.17819047e-06,-4.67214389e-06,4.92723905e-06,0.0,0.0,0.0,1.8063541959970848e-06,4.126928773685272e-06,-4.550356816622573e-06,1.8040691506143946e-06,4.124372237478937e-06,-4.548923991002373e-06,-3.864309910337751e-14,-1.1819700779783964e-13,-5.610344325479013e-14,N,mm/s,N s,"all 217 exterior nodes vs true wall triangles, increment orientation"
0.0010531,38.23305819426076,130,441,880,639.9846335740416,,,180.40734863261324,412.43829345687516,-454.89358520497035,-2.5035837206048894e-06,-2.738876763042072e-06,1.4034908709598195e-06,-3.17815569e-06,-4.67217629e-06,4.92724875e-06,0.0,0.0,0.0,1.8063541959970848e-06,4.126928773685272e-06,-4.550356816622573e-06,1.8040685402645051e-06,4.1243716271290475e-06,-4.548923380652483e-06,-8.082385248678629e-14,1.25496291350914e-14,-7.882336310624603e-14,N,mm/s,N s,"all 217 exterior nodes vs true wall triangles, increment orientation"
0.0010532,38.3094170755305,130,441,880,639.9845182857312,,,180.40730285624602,412.4382019041408,-454.8935241698141,-2.5037144346886114e-06,-2.7390197619614056e-06,1.4035641483268592e-06,-3.17812096e-06,-4.67220866e-06,4.92725841e-06,0.0,0.0,0.0,1.8063541959970848e-06,4.126928773685272e-06,-4.550356816622573e-06,1.804068082502088e-06,4.124370711604214e-06,-4.548922770302594e-06,2.959247053504414e-14,-1.618611310182593e-13,-1.0155158218651912e-13,N,mm/s,N s,"all 217 exterior nodes vs true wall triangles, increment orientation"
0.0010532999999999,38.38576445716575,130,441,880,639.9844183631346,,,180.4072418210897,412.43814086898453,-454.89346313465785,-2.503844984159685e-06,-2.7391625807973847e-06,1.403637333413243e-06,-3.1780863e-06,-4.672241e-06,4.92726801e-06,0.0,0.0,0.0,1.8063541959970848e-06,4.126928773685272e-06,-4.550356816622573e-06,1.8040674721521982e-06,4.124370101254325e-06,-4.548922159952705e-06,-1.2569085270131594e-14,-3.1079420145048355e-14,-1.2428808863714814e-13,N,mm/s,N s,"all 217 exterior nodes vs true wall triangles, increment orientation"
0.0010534,38.46210012422735,130,441,880,639.9842967490013,,,180.40718078593343,412.4380798338282,-454.89337158192353,-2.503975369017526e-06,-2.739305219549368e-06,1.4037104262186422e-06,-3.1780517e-06,-4.67227331e-06,4.92727756e-06,0.0,0.0,0.0,1.8063541959970848e-06,4.126928773685272e-06,-4.550356816622573e-06,1.804066861802309e-06,4.124369490904435e-06,-4.548921244427872e-06,-5.472105668575091e-14,9.971979551105055e-14,1.58142077009277e-13,N,mm/s,N s,"all 217 exterior nodes vs true wall triangles, increment orientation"
0.0010535,38.53841536338128,130,441,880,639.984181460693,0.0,-1.0,180.40713500956622,412.43798828109385,-454.8933105467673,-2.504105589262323e-06,-2.739447678217563e-06,1.4037834267431632e-06,-3.17801715e-06,-4.67230559e-06,4.92728706e-06,0.0,0.0,0.0,1.8063541959970848e-06,4.126928773685272e-06,-4.550356816622573e-06,1.8040664040398918e-06,4.124368575379601e-06,-4.548920634077983e-06,5.5724016540133463e-14,-7.463844775253744e-14,1.3538904325178115e-13,N,mm/s,N s,"all 217 exterior nodes vs true wall triangles, increment orientation"
0.0010536,38.6147175673453,130,441,880,639.9840815381007,,,180.4070739744099,412.4379272459376,-454.89324951161103,-2.504235644893746e-06,-2.7395899568016087e-06,1.4038563349866217e-06,-3.17798267e-06,-4.67233785e-06,4.92729651e-06,0.0,0.0,0.0,1.8063541959970848e-06,4.126928773685272e-06,-4.550356816622573e-06,1.804065793690002e-06,4.124367965029712e-06,-4.5489200237280935e-06,1.3591179598792624e-14,5.6195716482965175e-14,1.1262776616964261e-13,N,mm/s,N s,"all 217 exterior nodes vs true wall triangles, increment orientation"
0.0010536999999999,38.69099922277907,130,441,880,639.9839619484484,,,180.40701293925363,412.43783569320317,-454.8931884764548,-2.504365535911725e-06,-2.7397320553014282e-06,1.4039291509489764e-06,-3.17794824e-06,-4.67237008e-06,4.92730591e-06,0.0,0.0,0.0,1.8063541959970848e-06,4.126928773685272e-06,-4.550356816622573e-06,1.8040651833401126e-06,4.1243670495048774e-06,-4.548919413378204e-06,-2.853210535200203e-14,-1.1812762055286646e-13,8.98582601624215e-14,N,mm/s,N s,"all 217 exterior nodes vs true wall triangles, increment orientation"
0.0010538,38.76726918342972,130,441,880,639.9838620258597,,,180.40695190409735,412.4377746580469,-454.89312744129853,-2.5044952623156683e-06,-2.739873973716375e-06,1.404001874629898e-06,-3.17791388e-06,-4.67240227e-06,4.92731526e-06,0.0,0.0,0.0,1.8063541959970848e-06,4.126928773685272e-06,-4.550356816622573e-06,1.804064572990223e-06,4.124366439154988e-06,-4.548918803028315e-06,-7.064584911192057e-14,1.2741408405778087e-14,6.708053962967793e-14,N,mm/s,N s,"all 217 exterior nodes vs true wall triangles, increment orientation"
0.0010539,38.84352106806151,130,441,880,639.9837467375564,,,180.4069061277301,412.43768310531254,-454.8930664061423,-2.5046248241057643e-06,-2.740015712046653e-06,1.4040745060294906e-06,-3.17787957e-06,-4.67243444e-06,4.92732455e-06,0.0,0.0,0.0,1.8063541959970848e-06,4.126928773685272e-06,-4.550356816622573e-06,1.8040641152278057e-06,4.124365523630155e-06,-4.5489181926784265e-06,3.983741047680839e-14,-1.6154710541152603e-13,4.429461812393903e-14,N,mm/s,N s,"all 217 exterior nodes vs true wall triangles, increment orientation"
0.001054,38.91976927388342,130,441,880,639.9836468149705,0.0,-1.0,180.40684509257383,412.43762207015624,-454.89300537098603,-2.504754221281677e-06,-2.7401572702918967e-06,1.404147045147566e-06,-3.17784533e-06,-4.67246658e-06,4.9273338e-06,0.0,0.0,0.0,1.8063541959970848e-06,4.126928773685272e-06,-4.550356816622573e-06,1.8040635048779162e-06,4.124364913280265e-06,-4.548917582328537e-06,-2.257281818060508e-15,-3.064329473896838e-14,2.1500512585863763e-14,N,mm/s,N s,"all 217 exterior nodes vs true wall triangles, increment orientation"
0.0010540999999999,38.99598780730771,130,441,880,639.9835468923864,,,180.40678405741755,412.437561035,-454.8929443358298,-2.5048834538433347e-06,-2.740298648452028e-06,1.404219491984085e-06,-3.17781114e-06,-4.67249869e-06,4.92734299e-06,0.0,0.0,0.0,1.8063541959970848e-06,4.126928773685272e-06,-4.550356816622573e-06,1.8040628945280269e-06,4.124364302930376e-06,-4.548916971978648e-06,-4.434246405051411e-14,1.0027787587384325e-13,-1.301764279053666e-15,N,mm/s,N s,"all 217 exterior nodes vs true wall triangles, increment orientation"
0.0010542,39.07219058929579,130,441,880,639.9834316040864,,,180.4067382810503,412.4374694822656,-454.89288330067353,-2.5050125217901383e-06,-2.7404398465263907e-06,1.4042918465387107e-06,-3.17777701e-06,-4.67253078e-06,4.92735214e-06,0.0,0.0,0.0,1.8063541959970848e-06,4.126928773685272e-06,-4.550356816622573e-06,1.8040624367656093e-06,4.1243633874055426e-06,-4.548916361628759e-06,6.616932466666956e-14,-7.395855981676483e-14,-2.41121989182861e-14,N,mm/s,N s,"all 217 exterior nodes vs true wall triangles, increment orientation"
0.0010543,39.14838702622573,130,441,880,639.9833316815051,,,180.40667724589403,412.4374084471093,-454.8928222655173,-2.505141425122276e-06,-2.7405808645151897e-06,1.404364108811549e-06,-3.17774294e-06,-4.67256283e-06,4.92736123e-06,0.0,0.0,0.0,1.8063541959970848e-06,4.126928773685272e-06,-4.550356816622573e-06,1.80406182641572e-06,4.124362777055652e-06,-4.548915751278869e-06,2.410313037179456e-14,5.699726714908371e-14,-4.6930775238207545e-14,N,mm/s,N s,"all 217 exterior nodes vs true wall triangles, increment orientation"
0.0010544,39.22455511099768,130,441,880,639.9832120918655,,,180.40661621073775,412.43731689437493,-454.89276123036103,-2.5052701638394086e-06,-2.7407217024180557e-06,1.4044362788024093e-06,-3.17770893e-06,-4.67259486e-06,4.92737027e-06,0.0,0.0,0.0,1.8063541959970848e-06,4.126928773685272e-06,-4.550356816622573e-06,1.8040612160658305e-06,4.124361861530819e-06,-4.54891514092898e-06,-1.7953586259675377e-14,-1.1720455369310188e-13,-6.975748053332379e-14,N,mm/s,N s,"all 217 exterior nodes vs true wall triangles, increment orientation"
0.0010544999999999,39.30072442931595,130,441,880,639.9831121692878,0.0,-1.0,180.40655517558145,412.4372558592187,-454.8927001952048,-2.5053987379414553e-06,-2.740862360234899e-06,1.4045083565112472e-06,-3.17767498e-06,-4.67262685e-06,4.92737926e-06,0.0,0.0,0.0,1.8063541959970848e-06,4.126928773685272e-06,-4.550356816622573e-06,1.8040606057159408e-06,4.12436125118093e-06,-4.548914530579092e-06,-6.000083539213562e-14,1.3785844922488844e-14,-9.259230040407473e-14,N,mm/s,N s,"all 217 exterior nodes vs true wall triangles, increment orientation"
0.0010546,39.37685903651117,130,441,880,639.9829968809928,,,180.40650939921423,412.43716430648425,-454.89263916004853,-2.5055271474278235e-06,-2.7410028379650718e-06,1.4045803419377294e-06,-3.17764109e-06,-4.67265882e-06,4.9273882e-06,0.0,0.0,0.0,1.8063541959970848e-06,4.126928773685272e-06,-4.550356816622573e-06,1.8040601479535236e-06,4.124360335656095e-06,-4.548913920229202e-06,5.054884534394348e-14,-1.6038144577456897e-13,-1.1543521875683437e-13,N,mm/s,N s,"all 217 exterior nodes vs true wall triangles, increment orientation"
0.0010547,39.452989601432186,130,441,880,639.9828752668701,,,180.40644836405792,412.437103271328,-454.89254760731416,-2.505655392298688e-06,-2.7411431356087645e-06,1.404652235081955e-06,-3.17760726e-06,-4.67269076e-06,4.92739708e-06,0.0,0.0,0.0,1.8063541959970848e-06,4.126928773685272e-06,-4.550356816622573e-06,1.8040595376036339e-06,4.124359725306206e-06,-4.548913004704368e-06,8.520500081041823e-15,-2.935655767143195e-14,1.6688872302877446e-13,N,mm/s,N s,"all 217 exterior nodes vs true wall triangles, increment orientation"
0.0010548,39.52910735959822,130,441,880,639.9827753442966,,,180.40638732890164,412.43704223617175,-454.8924865721579,-2.505783472553707e-06,-2.7412832531656056e-06,1.4047240359437318e-06,-3.17757349e-06,-4.67272267e-06,4.92740592e-06,0.0,0.0,0.0,1.8063541959970848e-06,4.126928773685272e-06,-4.550356816622573e-06,1.8040589272537444e-06,4.124359114956317e-06,-4.5489123943544795e-06,-3.3498408811310945e-14,1.0168554468229212e-13,1.44029646675513e-13,N,mm/s,N s,"all 217 exterior nodes vs true wall triangles, increment orientation"
0.0010549,39.60519284951549,130,441,880,639.982655754665,,,180.40632629374537,412.4369506834373,-454.89242553700166,-2.505911388192674e-06,-2.741423190635365e-06,1.4047957445229432e-06,-3.17753977e-06,-4.67275455e-06,4.92741471e-06,0.0,0.0,0.0,1.8063541959970848e-06,4.126928773685272e-06,-4.550356816622573e-06,1.804058316903855e-06,4.124358199431482e-06,-4.54891178400459e-06,-7.550789192102667e-14,-7.243010665113634e-14,1.211625158859561e-13,N,mm/s,N s,"all 217 exterior nodes vs true wall triangles, increment orientation"
0.001055,39.681275805659446,130,441,880,639.9825601334329,0.0,-1.0,180.40628051737812,412.43688964828107,-454.8923645018454,-2.5060391392153725e-06,-2.7415629480178114e-06,1.4048673608194695e-06,-3.17750612e-06,-4.6727864e-06,4.92742344e-06,0.0,0.0,0.0,1.8063541959970848e-06,4.126928773685272e-06,-4.550356816622573e-06,1.8040578591414375e-06,4.124357589081594e-06,-4.548911173654701e-06,3.507951121560016e-14,5.864635982925784e-14,9.828734251856501e-14,N,mm/s,N s,"all 217 exterior nodes vs true wall triangles, increment orientation"
0.0010551,39.75734432449594,130,441,880,639.982440543805,,,180.40621948222184,412.4367980955467,-454.8923034666892,-2.506166725621591e-06,-2.741702525312709e-06,1.4049388848331917e-06,-3.17747252e-06,-4.67281823e-06,4.92743212e-06,0.0,0.0,0.0,1.8063541959970848e-06,4.126928773685272e-06,-4.550356816622573e-06,1.8040572487915482e-06,4.1243566735567595e-06,-4.5489105633048125e-06,-6.9111529396099396e-15,-1.1543496972914787e-13,7.540414012586691e-14,N,mm/s,N s,"all 217 exterior nodes vs true wall triangles, increment orientation"
0.0010551999999999,39.83339499575833,130,441,880,639.9823406212377,,,180.40615844706556,412.43673706039044,-454.89224243153296,-2.50629414741124e-06,-2.7418419225199613e-06,1.4050103165640588e-06,-3.17743899e-06,-4.67285002e-06,4.92744076e-06,0.0,0.0,0.0,1.8063541959970848e-06,4.126928773685272e-06,-4.550356816622573e-06,1.8040566384416587e-06,4.12435606320687e-06,-4.548909952954923e-06,-4.889242328767675e-14,1.5675776174621688e-14,5.2512925648520725e-14,N,mm/s,N s,"all 217 exterior nodes vs true wall triangles, increment orientation"
0.0010553,39.90942510886448,130,441,880,639.98222533295,,,180.40611267069832,412.436645507656,-454.8921813963767,-2.5064214045837226e-06,-2.7419811396389157e-06,1.4050816560117368e-06,-3.17740551e-06,-4.67288179e-06,4.92744934e-06,0.0,0.0,0.0,1.8063541959970848e-06,4.126928773685272e-06,-4.550356816622573e-06,1.8040561806792413e-06,4.124355147682037e-06,-4.548909342605034e-06,6.172316211741288e-14,-1.5837131377095717e-13,2.961371179202067e-14,N,mm/s,N s,"all 217 exterior nodes vs true wall triangles, increment orientation"
0.0010554,39.985441931459846,130,441,880,639.9821254103855,,,180.40605163554204,412.43658447249976,-454.89212036122046,-2.506548497139206e-06,-2.7421201766697543e-06,1.4051529031763197e-06,-3.1773721e-06,-4.67291353e-06,4.92745787e-06,0.0,0.0,0.0,1.8063541959970848e-06,4.126928773685272e-06,-4.550356816622573e-06,1.8040555703293518e-06,4.1243545373321474e-06,-4.548908732255145e-06,1.9760648043413596e-14,-2.7226371453041055e-14,6.7065121088939056e-15,N,mm/s,N s,"all 217 exterior nodes vs true wall triangles, increment orientation"
0.0010555,40.06144347364754,130,441,880,639.982025487823,0.0,-1.0,180.40599060038576,412.4365234373435,-454.8920593260642,-2.5066754250773428e-06,-2.7422590336120973e-06,1.4052240580576113e-06,-3.17733874e-06,-4.67294524e-06,4.92746635e-06,0.0,0.0,0.0,1.8063541959970848e-06,4.126928773685272e-06,-4.550356816622573e-06,1.8040549599794623e-06,4.124353926982258e-06,-4.548908121905255e-06,-2.2192503351903215e-14,1.0393563857876223e-13,-1.6208657307233577e-14,N,mm/s,N s,"all 217 exterior nodes vs true wall triangles, increment orientation"
0.0010555999999999,40.13744358397693,130,441,880,639.9819058982041,,,180.40592956522946,412.4364318846091,-454.89199829090796,-2.506802188398043e-06,-2.742397710465847e-06,1.405295120655563e-06,-3.17730544e-06,-4.67297692e-06,4.92747477e-06,0.0,0.0,0.0,1.8063541959970848e-06,4.126928773685272e-06,-4.550356816622573e-06,1.8040543496295726e-06,4.124353011457424e-06,-4.548907511555367e-06,-6.41363032917241e-14,-7.006025076625394e-14,-3.9131783750867566e-14,N,mm/s,N s,"all 217 exterior nodes vs true wall triangles, increment orientation"
0.0010557,40.21341029295424,130,441,880,639.9818102769786,,,180.40588378886224,412.4363708494528,-454.8919372557517,-2.506928787100711e-06,-2.7425362072303508e-06,1.40536609096984e-06,-3.17727221e-06,-4.67300857e-06,4.92748315e-06,0.0,0.0,0.0,1.8063541959970848e-06,4.126928773685272e-06,-4.550356816622573e-06,1.8040538918671554e-06,4.1243524011075345e-06,-4.548906901205478e-06,4.6516710805238805e-14,6.11358303188197e-14,-6.206285112838206e-14,N,mm/s,N s,"all 217 exterior nodes vs true wall triangles, increment orientation"
0.0010558,40.2893615951256,130,441,880,639.9816906873633,,,180.40582275370596,412.43627929671845,-454.89187622059546,-2.5070552211855004e-06,-2.7426745239057773e-06,1.4054369690005282e-06,-3.17723903e-06,-4.67304019e-06,4.92749148e-06,0.0,0.0,0.0,1.8063541959970848e-06,4.126928773685272e-06,-4.550356816622573e-06,1.8040532815172661e-06,4.124351485582701e-06,-4.548906290855588e-06,4.591583918498376e-15,-1.1282602863050759e-13,-8.500184673428286e-14,N,mm/s,N s,"all 217 exterior nodes vs true wall triangles, increment orientation"
0.0010559,40.36530640600259,130,441,880,639.9815907648069,,,180.40576171854966,412.43621826156215,-454.8918151854392,-2.507181490652066e-06,-2.742812660491749e-06,1.4055077547474349e-06,-3.17720591e-06,-4.67307179e-06,4.92749975e-06,0.0,0.0,0.0,1.8063541959970848e-06,4.126928773685272e-06,-4.550356816622573e-06,1.8040526711673764e-06,4.124350875232811e-06,-4.548905680505699e-06,-3.7324223064723414e-14,1.8404038804541688e-14,-1.0794875447494396e-13,N,mm/s,N s,"all 217 exterior nodes vs true wall triangles, increment orientation"
0.0010559999999999,40.44122912990389,130,441,880,639.9814711751957,0.0,-1.0,180.40570068339338,412.43612670882777,-454.89175415028296,-2.507307595500315e-06,-2.742950616988164e-06,1.4055784482105069e-06,-3.17717285e-06,-4.67310335e-06,4.92750797e-06,0.0,0.0,0.0,1.8063541959970848e-06,4.126928773685272e-06,-4.550356816622573e-06,1.804052060817487e-06,4.124349959707977e-06,-4.54890507015581e-06,-7.923072030882193e-14,-1.5552387360535849e-13,-1.3090356164487116e-13,N,mm/s,N s,"all 217 exterior nodes vs true wall triangles, increment orientation"
0.0010561,40.51714044317535,130,441,880,639.9813538624169,,,180.40565490702613,412.4360656736715,-454.8916625975486,-2.507433535729642e-06,-2.74308839339436e-06,1.405649049389406e-06,-3.17713985e-06,-4.67313489e-06,4.92751615e-06,0.0,0.0,0.0,1.8063541959970848e-06,4.126928773685272e-06,-4.550356816622573e-06,1.8040516030550695e-06,4.124349349358088e-06,-4.548904154630976e-06,3.145955370869951e-14,-2.4259899441430623e-14,1.5130869037631271e-13,N,mm/s,N s,"all 217 exterior nodes vs true wall triangles, increment orientation"
0.0010562,40.59302823051991,130,441,880,639.9812539398648,,,180.40559387186985,412.4360046385152,-454.89160156239234,-2.507559311340203e-06,-2.7432259897105077e-06,1.4057195582842189e-06,-3.17710691e-06,-4.6731664e-06,4.92752427e-06,0.0,0.0,0.0,1.8063541959970848e-06,4.126928773685272e-06,-4.550356816622573e-06,1.80405099270518e-06,4.124348739008199e-06,-4.548903544281087e-06,-1.0428355185613278e-14,1.0702099420561864e-13,1.283381283935666e-13,N,mm/s,N s,"all 217 exterior nodes vs true wall triangles, increment orientation"
0.0010563,40.66890592576644,130,441,880,639.9811343502575,,,180.40553283671358,412.43591308578084,-454.8915405272361,-2.507684922331648e-06,-2.743363405936224e-06,1.40578997489475e-06,-3.17707403e-06,-4.67319788e-06,4.92753234e-06,0.0,0.0,0.0,1.8063541959970848e-06,4.126928773685272e-06,-4.550356816622573e-06,1.8040503823552905e-06,4.1243478234833644e-06,-4.548902933931198e-06,-5.230698631629655e-14,-6.685615636678553e-14,1.0535971187430057e-13,N,mm/s,N s,"all 217 exterior nodes vs true wall triangles, increment orientation"
0.0010563999999999,40.74476042415646,130,441,880,639.9810387290382,,,180.40548706034633,412.4358520506246,-454.89147949207984,-2.507810368703876e-06,-2.7435006420713994e-06,1.4058602992209422e-06,-3.1770412e-06,-4.67322933e-06,4.92754036e-06,0.0,0.0,0.0,1.8063541959970848e-06,4.126928773685272e-06,-4.550356816622573e-06,1.8040499245928731e-06,4.124347213133476e-06,-4.548902323581308e-06,5.841112247442109e-14,6.445851780123319e-14,8.237345182994299e-14,N,mm/s,N s,"all 217 exterior nodes vs true wall triangles, increment orientation"
0.0010565,40.82061075722532,130,441,880,639.9809191394344,0.0,-1.0,180.40542602519005,412.43576049789016,-454.8914184569236,-2.5079356504562853e-06,-2.7436376981153744e-06,1.405930531262458e-06,-3.17700844e-06,-4.67326075e-06,4.92754832e-06,0.0,0.0,0.0,1.8063541959970848e-06,4.126928773685272e-06,-4.550356816622573e-06,1.8040493142429836e-06,4.124346297608642e-06,-4.54890171323142e-06,1.6551016166052503e-14,-1.0938489460184889e-13,5.937936435411982e-14,N,mm/s,N s,"all 217 exterior nodes vs true wall triangles, increment orientation"
0.0010566,40.8964429901237,130,441,880,639.9808192168887,,,180.40536499003377,412.4356994627339,-454.89135742176734,-2.5080607675890227e-06,-2.743774574068311e-06,1.4060006710193805e-06,-3.17697574e-06,-4.67329214e-06,4.92755624e-06,0.0,0.0,0.0,1.8063541959970848e-06,4.126928773685272e-06,-4.550356816622573e-06,1.8040487038930944e-06,4.124345687258752e-06,-4.548901102881531e-06,-2.5299843295389143e-14,2.1963473689778652e-14,3.6377465540457076e-14,N,mm/s,N s,"all 217 exterior nodes vs true wall triangles, increment orientation"
0.0010567,40.972258615381264,130,441,880,639.9806996272889,,,180.40530395487747,412.43560790999953,-454.8912963866111,-2.5081857201017344e-06,-2.7439112699298205e-06,1.4060707184915102e-06,-3.17694309e-06,-4.67332351e-06,4.92756411e-06,0.0,0.0,0.0,1.8063541959970848e-06,4.126928773685272e-06,-4.550356816622573e-06,1.8040480935432046e-06,4.124344771733918e-06,-4.548900492531641e-06,-6.71414671330904e-14,-1.5184628609430902e-13,1.3367768094448961e-14,N,mm/s,N s,"all 217 exterior nodes vs true wall triangles, increment orientation"
0.0010567999999999,41.048057465499184,130,441,880,639.9806040060735,,,180.40525817851025,412.4355468748432,-454.8912353514549,-2.5083105079943196e-06,-2.7440477856997936e-06,1.4061406736787917e-06,-3.17691051e-06,-4.67335485e-06,4.92757192e-06,0.0,0.0,0.0,1.8063541959970848e-06,4.126928773685272e-06,-4.550356816622573e-06,1.8040476357807875e-06,4.124344161384029e-06,-4.548899882181753e-06,4.3613606810720125e-14,-2.0464304994235582e-14,-9.649714431377368e-15,N,mm/s,N s,"all 217 exterior nodes vs true wall triangles, increment orientation"
0.0010569,41.123840783539,130,441,880,639.9805040835324,,,180.40519714335397,412.435485839687,-454.89117431629865,-2.5084351312661687e-06,-2.7441841213775635e-06,1.406210536580883e-06,-3.17687798e-06,-4.67338615e-06,4.92757968e-06,0.0,0.0,0.0,1.8063541959970848e-06,4.126928773685272e-06,-4.550356816622573e-06,1.804047025430898e-06,4.124343551034139e-06,-4.548899271831864e-06,1.7904239390717763e-15,1.1093445159335823e-13,-3.2674965943395914e-14,N,mm/s,N s,"all 217 exterior nodes vs true wall triangles, increment orientation"
0.001057,41.199606123249126,130,441,880,639.9803844939379,0.0,-1.0,180.40513610819767,412.4353942869526,-454.8911132811424,-2.508559589917428e-06,-2.74432027696329e-06,1.4062803071978656e-06,-3.17684552e-06,-4.67341743e-06,4.9275874e-06,0.0,0.0,0.0,1.8063541959970848e-06,4.126928773685272e-06,-4.550356816622573e-06,1.8040464150810082e-06,4.124342635509306e-06,-4.548898661481974e-06,-4.0023554649055233e-14,-6.282498342223422e-14,-5.570797288907952e-14,N,mm/s,N s,"all 217 exterior nodes vs true wall triangles, increment orientation"
0.0010571,41.27535449337971,130,441,880,639.9802845714003,,,180.4050750730414,412.4353332517963,-454.89105224598615,-2.508683883947739e-06,-2.7444562524565803e-06,1.4063499855295389e-06,-3.17681311e-06,-4.67344868e-06,4.92759506e-06,0.0,0.0,0.0,1.8063541959970848e-06,4.126928773685272e-06,-4.550356816622573e-06,1.8040458047311187e-06,4.124342025159416e-06,-4.548898051132085e-06,-8.182833911805627e-14,6.860725807183044e-14,-7.874872171590103e-14,N,mm/s,N s,"all 217 exterior nodes vs true wall triangles, increment orientation"
0.0010572,41.35108620286385,130,441,880,639.9801692831339,,,180.40502929667414,412.4352416990619,-454.8909912108299,-2.508808013356872e-06,-2.744592047857184e-06,1.406419571575774e-06,-3.17678076e-06,-4.67347991e-06,4.92760267e-06,0.0,0.0,0.0,1.8063541959970848e-06,4.126928773685272e-06,-4.550356816622573e-06,1.8040453469687014e-06,4.124341109634582e-06,-4.548897440782196e-06,2.896353184280711e-14,-1.0511873015377378e-13,-1.0179719633023445e-13,N,mm/s,N s,"all 217 exterior nodes vs true wall triangles, increment orientation"
0.0010573,41.42680728720038,130,441,880,639.9800693605991,,,180.40496826151787,412.43518066390567,-454.89093017567365,-2.508931978144589e-06,-2.74472766316484e-06,1.4064890653364375e-06,-3.17674848e-06,-4.6735111e-06,4.92761023e-06,0.0,0.0,0.0,1.8063541959970848e-06,4.126928773685272e-06,-4.550356816622573e-06,1.8040447366188119e-06,4.124340499284693e-06,-4.5488968304323065e-06,-1.2822895939919267e-14,2.6346915778631755e-14,-1.2485338317955261e-13,N,mm/s,N s,"all 217 exterior nodes vs true wall triangles, increment orientation"
0.0010574,41.50251708291505,130,441,880,639.9799280794459,,,180.4049072263616,412.43508911117124,-454.89083862293927,-2.509055778310655e-06,-2.744863098379293e-06,1.4065584668113984e-06,-3.17671625e-06,-4.67354227e-06,4.92761773e-06,0.0,0.0,0.0,1.8063541959970848e-06,4.126928773685272e-06,-4.550356816622573e-06,1.8040441262689226e-06,4.124339583759859e-06,-4.548895914907473e-06,-5.460016094373872e-14,-1.473457112073119e-13,1.5725767466245573e-13,N,mm/s,N s,"all 217 exterior nodes vs true wall triangles, increment orientation"
0.0010574999999999,41.57820465820147,130,441,880,639.9798324582367,0.0,-1.0,180.40486144999434,412.435028076015,-454.890777587783,-2.509179413854962e-06,-2.7449983535004227e-06,1.4066277760005948e-06,-3.17668408e-06,-4.6735734e-06,4.92762519e-06,0.0,0.0,0.0,1.8063541959970848e-06,4.126928773685272e-06,-4.550356816622573e-06,1.804043668506505e-06,4.124338973409969e-06,-4.548895304557584e-06,5.6219197506812485e-14,-1.5846743845794337e-14,1.3418610654184837e-13,N,mm/s,N s,"all 217 exterior nodes vs true wall triangles, increment orientation"
0.0010576,41.65387304844329,130,441,880,639.9797325357061,,,180.40480041483806,412.43496704085874,-454.89071655262677,-2.5093028847768983e-06,-2.745133428527561e-06,1.4066969929036852e-06,-3.17665197e-06,-4.67360451e-06,4.9276326e-06,0.0,0.0,0.0,1.8063541959970848e-06,4.126928773685272e-06,-4.550356816622573e-06,1.8040430581566157e-06,4.124338363060081e-06,-4.548894694207694e-06,1.4460225661796643e-14,1.1566885246654373e-13,1.1110686769087068e-13,N,mm/s,N s,"all 217 exterior nodes vs true wall triangles, increment orientation"
0.0010577,41.72953244913676,130,441,880,639.9796129461231,,,180.40473937968179,412.4348754881243,-454.8906555174705,-2.5094261910766e-06,-2.745268323460855e-06,1.4067661175207442e-06,-3.17661992e-06,-4.67363559e-06,4.92763995e-06,0.0,0.0,0.0,1.8063541959970848e-06,4.126928773685272e-06,-4.550356816622573e-06,1.8040424478067262e-06,4.1243374475352465e-06,-4.548894083857806e-06,-2.728961559156427e-14,-5.797389020803729e-14,8.80199733561157e-14,N,mm/s,N s,"all 217 exterior nodes vs true wall triangles, increment orientation"
0.0010578,41.80516974277924,130,441,880,639.979513023596,,,180.40467834452548,412.43481445296806,-454.89059448231427,-2.5095493327537027e-06,-2.745403038299909e-06,1.4068351498515692e-06,-3.17658793e-06,-4.67366664e-06,4.92764725e-06,0.0,0.0,0.0,1.8063541959970848e-06,4.126928773685272e-06,-4.550356816622573e-06,1.8040418374568365e-06,4.124336837185357e-06,-4.548893473507917e-06,-6.903033641766562e-14,7.357490047847073e-14,6.492543878417649e-14,N,mm/s,N s,"all 217 exterior nodes vs true wall triangles, increment orientation"
0.0010578999999999,41.880800413504,130,441,880,639.9793977353371,,,180.40463256815826,412.4347229002337,-454.890533447158,-2.5096723098080903e-06,-2.7455375730445938e-06,1.406904089896094e-06,-3.176556e-06,-4.67369766e-06,4.92765451e-06,0.0,0.0,0.0,1.8063541959970848e-06,4.126928773685272e-06,-4.550356816622573e-06,1.8040413796944193e-06,4.124335921660524e-06,-4.548892863158027e-06,4.1825525129505743e-14,-1.0003468763248886e-13,4.182327837461315e-14,N,mm/s,N s,"all 217 exterior nodes vs true wall triangles, increment orientation"
0.001058,41.95641446786186,130,441,880,639.9792978128128,0.0,-1.0,180.40457153300198,412.4346618650774,-454.89047241200177,-2.509795122239154e-06,-2.745671927694245e-06,1.406972937653978e-06,-3.17652412e-06,-4.67372866e-06,4.92766171e-06,0.0,0.0,0.0,1.8063541959970848e-06,4.126928773685272e-06,-4.550356816622573e-06,1.8040407693445298e-06,4.124335311310634e-06,-4.548892252808138e-06,1.0301318242975262e-16,3.154721357192733e-14,1.8713505679952835e-14,N,mm/s,N s,"all 217 exterior nodes vs true wall triangles, increment orientation"
0.0010581,42.032000134441326,130,441,880,639.9791782232372,,,180.40451049784568,412.434570312343,-454.8904113768455,-2.5099177700470207e-06,-2.7458061022490005e-06,1.4070416931252922e-06,-3.17649231e-06,-4.67375962e-06,4.92766886e-06,0.0,0.0,0.0,1.8063541959970848e-06,4.126928773685272e-06,-4.550356816622573e-06,1.80404015899464e-06,4.1243343957858e-06,-4.548891642458249e-06,-4.161041073639691e-14,-1.4202930467870556e-13,-4.403865747277299e-15,N,mm/s,N s,"all 217 exterior nodes vs true wall triangles, increment orientation"
0.0010582,42.10758064189526,130,441,880,639.9790783007165,,,180.4044494626894,412.43450927718675,-454.89035034168927,-2.510040253231327e-06,-2.7459400967084618e-06,1.4071103563098325e-06,-3.17646056e-06,-4.67379056e-06,4.92767596e-06,0.0,0.0,0.0,1.8063541959970848e-06,4.126928773685272e-06,-4.550356816622573e-06,1.8040395486447508e-06,4.124333785435911e-06,-4.5488910321083595e-06,-8.331475530906195e-14,-1.0414375118577082e-14,-2.7528819813451254e-14,N,mm/s,N s,"all 217 exterior nodes vs true wall triangles, increment orientation"
0.0010582999999999,42.18314560782972,130,441,880,639.978982679515,,,180.40440368632215,412.43444824203044,-454.890289306533,-2.51016257179195e-06,-2.746073911072495e-06,1.4071789272075296e-06,-3.17642887e-06,-4.67382147e-06,4.92768301e-06,0.0,0.0,0.0,1.8063541959970848e-06,4.126928773685272e-06,-4.550356816622573e-06,1.8040390908823332e-06,4.124333175086021e-06,-4.548890421758471e-06,2.7577439928140124e-14,1.2121703600863907e-13,-5.066134381307482e-14,N,mm/s,N s,"all 217 exterior nodes vs true wall triangles, increment orientation"
0.0010584,42.25869102486015,130,441,880,639.9788630899446,,,180.40434265116588,412.43435668929607,-454.8902282713768,-2.510284725728277e-06,-2.7462075453404325e-06,1.4072474058180415e-06,-3.17639723e-06,-4.67385235e-06,4.92769e-06,0.0,0.0,0.0,1.8063541959970848e-06,4.126928773685272e-06,-4.550356816622573e-06,1.804038480532444e-06,4.124332259561187e-06,-4.548889811408582e-06,-1.4108779621761335e-14,-5.2310032458533114e-14,-7.3801421652522e-14,N,mm/s,N s,"all 217 exterior nodes vs true wall triangles, increment orientation"
0.0010585,42.33422749383923,130,441,880,639.9787631674286,0.0,-1.0,180.4042816160096,412.4342956541398,-454.8901672362206,-2.510406715040434e-06,-2.746340999512408e-06,1.407315792141438e-06,-3.17636566e-06,-4.6738832e-06,4.92769695e-06,0.0,0.0,0.0,1.8063541959970848e-06,4.126928773685272e-06,-4.550356816622573e-06,1.8040378701825544e-06,4.124331649211298e-06,-4.548889201058693e-06,-5.5785952436269645e-14,7.935428251055207e-14,-9.694904147333153e-14,N,mm/s,N s,"all 217 exterior nodes vs true wall triangles, increment orientation"
0.0010586,42.4097408236726,130,441,880,639.9786478791777,,,180.40423583964235,412.4342041014054,-454.8901062010643,-2.5105285397280517e-06,-2.74647427358802e-06,1.4073840861775114e-06,-3.17633414e-06,-4.67391402e-06,4.92770384e-06,0.0,0.0,0.0,1.8063541959970848e-06,4.126928773685272e-06,-4.550356816622573e-06,1.804037412420137e-06,4.1243307336864635e-06,-4.548888590708804e-06,5.5133382795353645e-14,-9.413992785453022e-14,-1.2010418464077858e-13,N,mm/s,N s,"all 217 exterior nodes vs true wall triangles, increment orientation"
0.0010586999999999,42.48524110099735,130,441,880,639.9785262650902,,,180.40417480448608,412.43414306624913,-454.89001464832995,-2.5106501997910003e-06,-2.746607367567126e-06,1.4074522879261906e-06,-3.17630269e-06,-4.67394481e-06,4.92771069e-06,0.0,0.0,0.0,1.8063541959970848e-06,4.126928773685272e-06,-4.550356816622573e-06,1.8040368020702475e-06,4.124330123336575e-06,-4.54888767518397e-06,1.3474271899654349e-14,3.755720794719518e-14,1.6190810407738223e-13,N,mm/s,N s,"all 217 exterior nodes vs true wall triangles, increment orientation"
0.0010588,42.56072187651411,130,441,880,639.9784066755262,,,180.4041137693298,412.43405151351476,-454.8899536131737,-2.5107716952286706e-06,-2.746740281449059e-06,1.4075203973871322e-06,-3.17627129e-06,-4.67397558e-06,4.92771748e-06,0.0,0.0,0.0,1.8063541959970848e-06,4.126928773685272e-06,-4.550356816622573e-06,1.804036191720358e-06,4.124329207811741e-06,-4.548887064834081e-06,-2.8175823812629083e-14,-1.359042247839272e-13,1.3873794979204395e-13,N,mm/s,N s,"all 217 exterior nodes vs true wall triangles, increment orientation"
0.0010589,42.63618993625209,130,441,880,639.9783067530159,,,180.4040527341735,412.43399047835845,-454.88989257801745,-2.5108930260411792e-06,-2.7468730152339488e-06,1.4075884145604035e-06,-3.17623995e-06,-4.67400631e-06,4.92772422e-06,0.0,0.0,0.0,1.8063541959970848e-06,4.126928773685272e-06,-4.550356816622573e-06,1.8040355813704683e-06,4.124328597461851e-06,-4.548886454484192e-06,-6.981691535292496e-14,-4.174354546922221e-15,1.1556031366468256e-13,N,mm/s,N s,"all 217 exterior nodes vs true wall triangles, increment orientation"
0.001059,42.71164233351523,130,441,880,639.9781914647691,0.0,-1.0,180.40400695780627,412.4338989256241,-454.8898315428612,-2.511014192228156e-06,-2.7470055689213863e-06,1.4076563394457951e-06,-3.17620867e-06,-4.67403702e-06,4.92773091e-06,0.0,0.0,0.0,1.8063541959970848e-06,4.126928773685272e-06,-4.550356816622573e-06,1.8040351236080511e-06,4.124327681937018e-06,-4.548885844134303e-06,4.1138459224779864e-14,-1.776030918062806e-13,9.237520924782524e-14,N,mm/s,N s,"all 217 exterior nodes vs true wall triangles, increment orientation"
0.0010590999999999,42.787087026980544,130,441,880,639.9780915422617,,,180.40394592265,412.4338378904678,-454.88977050770495,-2.511135193789466e-06,-2.747137942511228e-06,1.4077241720432325e-06,-3.17617746e-06,-4.6740677e-06,4.92773755e-06,0.0,0.0,0.0,1.8063541959970848e-06,4.126928773685272e-06,-4.550356816622573e-06,1.8040345132581618e-06,4.124327071587129e-06,-4.548885233784413e-06,-4.846542529687815e-16,-4.584057014322485e-14,6.918265009399913e-14,N,mm/s,N s,"all 217 exterior nodes vs true wall triangles, increment orientation"
0.0010592,42.86249938580709,130,441,880,639.9779916197562,,,180.4038848874937,412.4337768553115,-454.8897094725487,-2.5112560307244994e-06,-2.747270136002804e-06,1.4077919123523735e-06,-3.1761463e-06,-4.67409835e-06,4.92774414e-06,0.0,0.0,0.0,1.8063541959970848e-06,4.126928773685272e-06,-4.550356816622573e-06,1.8040339029082721e-06,4.1243264612372385e-06,-4.548884623434524e-06,-4.209879468719069e-14,8.593824589263723e-14,4.598265060276434e-14,N,mm/s,N s,"all 217 exterior nodes vs true wall triangles, increment orientation"
0.0010593,42.93790147118992,130,441,880,639.9778720302015,,,180.4038238523374,412.43368530257715,-454.88964843739245,-2.5113767030333618e-06,-2.747402149396231e-06,1.4078595603732772e-06,-3.1761152e-06,-4.67412898e-06,4.92775067e-06,0.0,0.0,0.0,1.8063541959970848e-06,4.126928773685272e-06,-4.550356816622573e-06,1.8040332925583826e-06,4.124325545712405e-06,-4.548884013084635e-06,-8.370397245403946e-14,-8.744160655423626e-14,2.277522517368097e-14,N,mm/s,N s,"all 217 exterior nodes vs true wall triangles, increment orientation"
0.0010594,43.01330088445752,130,441,880,639.97777640901,,,180.40377807597017,412.4336242674209,-454.8895874022362,-2.511497210715685e-06,-2.7475339826911067e-06,1.407927116105738e-06,-3.17608416e-06,-4.67415957e-06,4.92775716e-06,0.0,0.0,0.0,1.8063541959970848e-06,4.126928773685272e-06,-4.550356816622573e-06,1.8040328347959652e-06,4.124324935362516e-06,-4.548883402734746e-06,2.728727375722335e-14,4.4369738087899225e-14,-4.396117936908764e-16,N,mm/s,N s,"all 217 exterior nodes vs true wall triangles, increment orientation"
0.0010595,43.08866784457209,130,441,880,639.9776568194586,0.0,-1.0,180.4037170408139,412.43353271468646,-454.88952636707995,-2.5116175537712102e-06,-2.7476656358871462e-06,1.4079945795496094e-06,-3.17605318e-06,-4.67419014e-06,4.92776359e-06,0.0,0.0,0.0,1.8063541959970848e-06,4.126928773685272e-06,-4.550356816622573e-06,1.8040322244460757e-06,4.124324019837681e-06,-4.548882792384857e-06,-1.4300010438614676e-14,-1.289776297984141e-13,-2.3661845052758146e-14,N,mm/s,N s,"all 217 exterior nodes vs true wall triangles, increment orientation"
0.0010596,43.16403122108947,130,441,880,639.9775568969594,,,180.4036560056576,412.4334716795302,-454.8894653319237,-2.5117377321996818e-06,-2.7477971089840717e-06,1.408061950704749e-06,-3.17602226e-06,-4.67422068e-06,4.92776998e-06,0.0,0.0,0.0,1.8063541959970848e-06,4.126928773685272e-06,-4.550356816622573e-06,1.8040316140961862e-06,4.124323409487792e-06,-4.548882182034968e-06,-5.587836351905685e-14,2.8661595937330003e-15,-4.6891460203960737e-14,N,mm/s,N s,"all 217 exterior nodes vs true wall triangles, increment orientation"
0.0010597,43.239376485780085,130,441,880,639.9774416087208,,,180.40361022929036,412.43338012679584,-454.88940429676745,-2.5118577460008448e-06,-2.747928401981603e-06,1.408129229571014e-06,-3.1759914e-06,-4.67425118e-06,4.92777631e-06,0.0,0.0,0.0,1.8063541959970848e-06,4.126928773685272e-06,-4.550356816622573e-06,1.8040311563337688e-06,4.1243224939629585e-06,-4.5488815716850785e-06,5.513967582663527e-14,-1.7044880589421607e-13,-7.012844454180444e-14,N,mm/s,N s,"all 217 exterior nodes vs true wall triangles, increment orientation"
0.0010597999999999,43.31469794463416,130,441,880,639.9773416862245,,,180.4035491941341,412.43331909163953,-454.8893432616112,-2.5119775951745625e-06,-2.748059514879591e-06,1.4081964161483272e-06,-3.17596059e-06,-4.67428167e-06,4.92778259e-06,0.0,0.0,0.0,1.8063541959970848e-06,4.126928773685272e-06,-4.550356816622573e-06,1.8040305459838793e-06,4.124321883613069e-06,-4.548880961335189e-06,1.3579153001491034e-14,-3.8572656455352055e-14,-9.33727828196962e-14,N,mm/s,N s,"all 217 exterior nodes vs true wall triangles, increment orientation"
0.0010599,43.390009659590746,130,441,880,639.9772417637299,,,180.4034881589778,412.4332580564833,-454.88928222645495,-2.512097279720217e-06,-2.74819044767736e-06,1.4082635104363424e-06,-3.17592985e-06,-4.67431212e-06,4.92778882e-06,0.0,0.0,0.0,1.8063541959970848e-06,4.126928773685272e-06,-4.550356816622573e-06,1.80402993563399e-06,4.12432127326318e-06,-4.5488803509853e-06,-2.7972470683751112e-14,9.331964166665136e-14,-1.1662446063807593e-13,N,mm/s,N s,"all 217 exterior nodes vs true wall triangles, increment orientation"
0.00106,43.465309515896905,130,441,880,639.9771004826044,0.0,-1.0,180.4034271238215,412.4331665037489,-454.88919067372063,-2.5122167996379064e-06,-2.748321200375018e-06,1.4083305124351152e-06,-3.17589917e-06,-4.67434254e-06,4.927795e-06,0.0,0.0,0.0,1.8063541959970848e-06,4.126928773685272e-06,-4.550356816622573e-06,1.8040293252841003e-06,4.124320357738346e-06,-4.548879435460467e-06,-6.951520539348654e-14,-7.99468777718795e-14,1.6529148062343355e-13,N,mm/s,N s,"all 217 exterior nodes vs true wall triangles, increment orientation"
0.0010601,43.54058722509736,130,441,880,639.9770048614191,,,180.40338134745429,412.4331054685926,-454.8891296385644,-2.512336154927253e-06,-2.7484517729721507e-06,1.4083974221444332e-06,-3.17586854e-06,-4.67437294e-06,4.92780113e-06,0.0,0.0,0.0,1.8063541959970848e-06,4.126928773685272e-06,-4.550356816622573e-06,1.8040288675216832e-06,4.124319747388456e-06,-4.548878825110578e-06,4.153841060653969e-14,5.197765588299758e-14,1.4202516607572527e-13,N,mm/s,N s,"all 217 exterior nodes vs true wall triangles, increment orientation"
0.0010601999999999,43.61585352766537,130,441,880,639.9768852718794,,,180.40332031229798,412.4330139158582,-454.88906860340813,-2.5124553455881142e-06,-2.748582165468602e-06,1.4084642395642166e-06,-3.17583798e-06,-4.6744033e-06,4.92780721e-06,0.0,0.0,0.0,1.8063541959970848e-06,4.126928773685272e-06,-4.550356816622573e-06,1.8040282571717934e-06,4.124318831863623e-06,-4.548878214760689e-06,1.342187232395483e-17,-1.212566686802411e-13,1.1875155518620934e-13,N,mm/s,N s,"all 217 exterior nodes vs true wall triangles, increment orientation"
0.0010603,43.69110305223378,130,441,880,639.9767853493906,,,180.4032592771417,412.432952880702,-454.8890075682519,-2.512574371619873e-06,-2.748712377863696e-06,1.4085309646941188e-06,-3.17580747e-06,-4.67443364e-06,4.92781323e-06,0.0,0.0,0.0,1.8063541959970848e-06,4.126928773685272e-06,-4.550356816622573e-06,1.804027646821904e-06,4.1243182215137335e-06,-4.548877604410799e-06,-4.1502709226604105e-14,1.0700016651247861e-14,9.547066320147882e-14,N,mm/s,N s,"all 217 exterior nodes vs true wall triangles, increment orientation"
0.0010604,43.76633534480792,130,441,880,639.976665759855,,,180.40319824198542,412.43286132796754,-454.88894653309563,-2.51269323302262e-06,-2.7488424101575343e-06,1.408597597534192e-06,-3.17577703e-06,-4.67446395e-06,4.92781921e-06,0.0,0.0,0.0,1.8063541959970848e-06,4.126928773685272e-06,-4.550356816622573e-06,1.8040270364720144e-06,4.124317305988899e-06,-4.54887699406091e-06,-8.300999348991457e-14,-1.625021985870263e-13,7.218250197999496e-14,N,mm/s,N s,"all 217 exterior nodes vs true wall triangles, increment orientation"
0.0010605,43.84155131129137,130,441,880,639.9765701386735,0.0,-1.0,180.40315246561818,412.4328002928113,-454.8888854979394,-2.5128119297959715e-06,-2.7489722623496965e-06,1.4086641380842208e-06,-3.17574664e-06,-4.67449423e-06,4.92782513e-06,0.0,0.0,0.0,1.8063541959970848e-06,4.126928773685272e-06,-4.550356816622573e-06,1.804026578709597e-06,4.12431669563901e-06,-4.548876383711022e-06,2.8079030816647492e-14,-3.051344543518724e-14,4.8887086768350813e-14,N,mm/s,N s,"all 217 exterior nodes vs true wall triangles, increment orientation"
0.0010605999999999,43.91675038286177,130,441,880,639.9764702161895,,,180.4030914304619,412.43273925765504,-454.88882446278313,-2.5129304619397856e-06,-2.7491019344400265e-06,1.4087305863441247e-06,-3.17571632e-06,-4.67452449e-06,4.927831e-06,0.0,0.0,0.0,1.8063541959970848e-06,4.126928773685272e-06,-4.550356816622573e-06,1.8040259683597075e-06,4.1243160852891206e-06,-4.548875773361132e-06,-1.3410591115646823e-14,1.0149131071012429e-13,2.558443281313943e-14,N,mm/s,N s,"all 217 exterior nodes vs true wall triangles, increment orientation"
0.0010607,43.99193111255154,130,441,880,639.9763506266588,,,180.40303039530562,412.4326477049206,-454.8887634276269,-2.5130488294534408e-06,-2.7492314264278445e-06,1.4087969423135569e-06,-3.17568605e-06,-4.67455471e-06,4.92783682e-06,0.0,0.0,0.0,1.8063541959970848e-06,4.126928773685272e-06,-4.550356816622573e-06,1.8040253580098183e-06,4.124315169764286e-06,-4.548875163011243e-06,-5.489139734078435e-14,-7.166289554773244e-14,2.2745545139209178e-15,N,mm/s,N s,"all 217 exterior nodes vs true wall triangles, increment orientation"
0.0010608,44.0671093436332,130,441,880,639.9762550054801,,,180.40298461893838,412.43258666976436,-454.88870239247063,-2.513167032337024e-06,-2.749360738313245e-06,1.4088632059925638e-06,-3.17565584e-06,-4.67458491e-06,4.92784259e-06,0.0,0.0,0.0,1.8063541959970848e-06,4.126928773685272e-06,-4.550356816622573e-06,1.8040249002474007e-06,4.124314559414397e-06,-4.548874552661354e-06,5.6224072816698644e-14,6.037380390408595e-14,-2.1042533729744625e-14,N,mm/s,N s,"all 217 exterior nodes vs true wall triangles, increment orientation"
0.0010609,44.14225807123708,130,441,880,639.9761354159531,,,180.4029235837821,412.43249511703,-454.8886413573144,-2.5132850705901486e-06,-2.749489870095806e-06,1.40892937738093e-06,-3.17562569e-06,-4.67461507e-06,4.92784831e-06,0.0,0.0,0.0,1.8063541959970848e-06,4.126928773685272e-06,-4.550356816622573e-06,1.8040242898975114e-06,4.124313643889563e-06,-4.5488739423114645e-06,1.476086518334798e-14,-1.127484997048454e-13,-4.436681836533004e-14,N,mm/s,N s,"all 217 exterior nodes vs true wall triangles, increment orientation"
0.0010609999999999,44.21739337154211,130,441,880,639.9760354934754,0.0,-1.0,180.4028625486258,412.43243408187374,-454.88858032215813,-2.513402944212664e-06,-2.7496188217753624e-06,1.4089954564785713e-06,-3.17559561e-06,-4.67464521e-06,4.92785398e-06,0.0,0.0,0.0,1.8063541959970848e-06,4.126928773685272e-06,-4.550356816622573e-06,1.8040236795476217e-06,4.124313033539674e-06,-4.548873331961575e-06,-2.6693558930097894e-14,1.9320059197218062e-14,-6.769828584030817e-14,N,mm/s,N s,"all 217 exterior nodes vs true wall triangles, increment orientation"
0.0010611,44.29252125549968,130,441,880,639.9759159039523,,,180.4028015134695,412.4323425291393,-454.8885192870019,-2.513520653203949e-06,-2.749747593351236e-06,1.4090614432851394e-06,-3.17556558e-06,-4.67467533e-06,4.9278596e-06,0.0,0.0,0.0,1.8063541959970848e-06,4.126928773685272e-06,-4.550356816622573e-06,1.8040230691977322e-06,4.12431211801484e-06,-4.548872721611686e-06,-6.813920905275963e-14,-1.5377042646608262e-13,-9.103692006105302e-14,N,mm/s,N s,"all 217 exterior nodes vs true wall triangles, increment orientation"
0.0010612,44.367622988177416,130,441,880,639.9758202827774,,,180.4027557371023,412.43228149398306,-454.88845825184563,-2.5136381975640866e-06,-2.7498761848235152e-06,1.4091273378006807e-06,-3.17553561e-06,-4.67470541e-06,4.92786516e-06,0.0,0.0,0.0,1.8063541959970848e-06,4.126928773685272e-06,-4.550356816622573e-06,1.804022611435315e-06,4.1243115076649505e-06,-4.5488721112617975e-06,4.301137570258474e-14,-2.167009027596997e-14,-1.1438270916910333e-13,N,mm/s,N s,"all 217 exterior nodes vs true wall triangles, increment orientation"
0.0010613,44.44272099778971,130,441,880,639.9756986687127,,,180.402694701946,412.4322204588268,-454.88836669911126,-2.513755577292686e-06,-2.750004596191774e-06,1.409193140024976e-06,-3.1755057e-06,-4.67473546e-06,4.92787068e-06,0.0,0.0,0.0,1.8063541959970848e-06,4.126928773685272e-06,-4.550356816622573e-06,1.8040220010854253e-06,4.124310897315062e-06,-4.548871195736963e-06,1.5832403154480848e-15,1.1044610321794823e-13,1.674393096910828e-13,N,mm/s,N s,"all 217 exterior nodes vs true wall triangles, increment orientation"
0.0010613999999999,44.51779852856151,130,441,880,639.9755790791937,,,180.4026336667897,412.4321289060924,-454.888305663955,-2.513872792389593e-06,-2.750132827455842e-06,1.4092588499579385e-06,-3.17547585e-06,-4.67476549e-06,4.92787614e-06,0.0,0.0,0.0,1.8063541959970848e-06,4.126928773685272e-06,-4.550356816622573e-06,1.8040213907355358e-06,4.124309981790228e-06,-4.548870585387075e-06,-3.983615326815643e-14,-6.25968122280017e-14,1.4407925739523368e-13,N,mm/s,N s,"all 217 exterior nodes vs true wall triangles, increment orientation"
0.0010615,44.59284979044276,130,441,880,639.9754791567237,0.0,-1.0,180.40257263163343,412.4320678709361,-454.8882446287988,-2.5139898428541804e-06,-2.750260878615037e-06,1.4093244675992175e-06,-3.17544605e-06,-4.67479549e-06,4.92788155e-06,0.0,0.0,0.0,1.8063541959970848e-06,4.126928773685272e-06,-4.550356816622573e-06,1.8040207803856465e-06,4.124309371440338e-06,-4.548869975037185e-06,-8.124681563614065e-14,6.95510331930895e-14,1.207120967988912e-13,N,mm/s,N s,"all 217 exterior nodes vs true wall triangles, increment orientation"
0.0010616,44.66789744254812,130,441,880,639.9753638685057,,,180.4025268552662,412.43197631820175,-454.88818359364257,-2.5141067286865304e-06,-2.750388749669445e-06,1.4093899929488587e-06,-3.17541632e-06,-4.67482546e-06,4.92788691e-06,0.0,0.0,0.0,1.8063541959970848e-06,4.126928773685272e-06,-4.550356816622573e-06,1.8040203226232289e-06,4.124308455915505e-06,-4.548869364687297e-06,2.9938713886959174e-14,-1.0346027183030185e-13,9.733783891348368e-14,N,mm/s,N s,"all 217 exterior nodes vs true wall triangles, increment orientation"
0.0010617,44.74292795131476,130,441,880,639.9752639460385,,,180.4024658201099,412.43191528304544,-454.8881225584863,-2.514223449886249e-06,-2.750516440618636e-06,1.4094554260066404e-06,-3.17538665e-06,-4.6748554e-06,4.92789222e-06,0.0,0.0,0.0,1.8063541959970848e-06,4.126928773685272e-06,-4.550356816622573e-06,1.8040197122733396e-06,4.124307845565615e-06,-4.548868754337408e-06,-1.1454518025278207e-14,2.871914081466762e-14,7.395650067967005e-14,N,mm/s,N s,"all 217 exterior nodes vs true wall triangles, increment orientation"
0.0010618,44.81794193217935,130,441,880,639.9751443565269,,,180.4024047849536,412.43182373031107,-454.88806152333007,-2.514340006453058e-06,-2.7506439514623053e-06,1.4095207667724074e-06,-3.17535704e-06,-4.67488531e-06,4.92789748e-06,0.0,0.0,0.0,1.8063541959970848e-06,4.126928773685272e-06,-4.550356816622573e-06,1.8040191019234499e-06,4.124306930040781e-06,-4.548868143987518e-06,-5.283905048563081e-14,-1.4426063764242693e-13,5.056809480294454e-14,N,mm/s,N s,"all 217 exterior nodes vs true wall triangles, increment orientation"
0.0010619,44.89293886468732,130,441,880,639.9750487353583,,,180.4023590085864,412.4317626951548,-454.8880004881738,-2.5144563983866822e-06,-2.7507712822001537e-06,1.4095860152460057e-06,-3.17532748e-06,-4.67491519e-06,4.92790269e-06,0.0,0.0,0.0,1.8063541959970848e-06,4.126928773685272e-06,-4.550356816622573e-06,1.8040186441610327e-06,4.124306319690892e-06,-4.548867533637629e-06,5.837257845191452e-14,-1.2049740782808013e-14,2.7172637376933137e-14,N,mm/s,N s,"all 217 exterior nodes vs true wall triangles, increment orientation"
0.001062,44.967917931123154,130,441,880,639.9749488128957,0.0,-1.0,180.4022979734301,412.4317016599985,-454.88793945301757,-2.5145726256868435e-06,-2.750898432831876e-06,1.4096511714272797e-06,-3.17529799e-06,-4.67494505e-06,4.92790785e-06,0.0,0.0,0.0,1.8063541959970848e-06,4.126928773685272e-06,-4.550356816622573e-06,1.8040180338111432e-06,4.124305709341002e-06,-4.54886692328774e-06,1.700541376687065e-14,1.2017686769094952e-13,3.770140260097102e-15,N,mm/s,N s,"all 217 exterior nodes vs true wall triangles, increment orientation"
0.0010620999999999,45.04288655682225,130,441,880,639.9748292233893,,,180.4022369382738,412.43161010726413,-454.8878784178613,-2.514688688353377e-06,-2.7510254033572907e-06,1.4097162353161353e-06,-3.17526856e-06,-4.67497488e-06,4.92791295e-06,0.0,0.0,0.0,1.8063541959970848e-06,4.126928773685272e-06,-4.550356816622573e-06,1.8040174234612535e-06,4.124304793816168e-06,-4.5488663129378505e-06,-2.435308280650749e-14,-5.275577761779506e-14,-1.9639381300970513e-14,N,mm/s,N s,"all 217 exterior nodes vs true wall triangles, increment orientation"
0.0010622,45.11783434238708,130,441,880,639.9747293009303,,,180.40217590311752,412.4315490721079,-454.88781738270507,-2.514804586385659e-06,-2.751152193775716e-06,1.409781206912224e-06,-3.17523918e-06,-4.67500468e-06,4.92791801e-06,0.0,0.0,0.0,1.8063541959970848e-06,4.126928773685272e-06,-4.550356816622573e-06,1.804016813111364e-06,4.124304183466279e-06,-4.548865702587961e-06,-6.57029216443735e-14,7.950219140380162e-14,-4.305591121264371e-14,N,mm/s,N s,"all 217 exterior nodes vs true wall triangles, increment orientation"
0.0010623,45.19276795321515,130,441,880,639.9746140127205,,,180.4021301267503,412.43145751937345,-454.8877563475488,-2.514920319783754e-06,-2.7512788040872232e-06,1.409846086215582e-06,-3.17520987e-06,-4.67503445e-06,4.92792301e-06,0.0,0.0,0.0,1.8063541959970848e-06,4.126928773685272e-06,-4.550356816622573e-06,1.8040163553489468e-06,4.124303267941445e-06,-4.548865092238073e-06,4.554335919928576e-14,-9.339913740281707e-14,-6.647943846349418e-14,N,mm/s,N s,"all 217 exterior nodes vs true wall triangles, increment orientation"
0.0010624,45.26768093272462,130,441,880,639.9745140902644,,,180.402069091594,412.4313964842172,-454.88769531239257,-2.515035888547264e-06,-2.751405234291376e-06,1.409910873225986e-06,-3.17518061e-06,-4.67506419e-06,4.92792796e-06,0.0,0.0,0.0,1.8063541959970848e-06,4.126928773685272e-06,-4.550356816622573e-06,1.804015744999057e-06,4.124302657591556e-06,-4.5488644818881835e-06,4.210803645191994e-15,3.889010831035697e-14,-8.990994611286296e-14,N,mm/s,N s,"all 217 exterior nodes vs true wall triangles, increment orientation"
0.0010624999999999,45.3425809587617,130,441,880,639.9743945007656,0.0,-1.0,180.40200805643772,412.4313049314828,-454.8876342772363,-2.515151292676022e-06,-2.7515314843879937e-06,1.409975567943343e-06,-3.17515141e-06,-4.6750939e-06,4.92793286e-06,0.0,0.0,0.0,1.8063541959970848e-06,4.126928773685272e-06,-4.550356816622573e-06,1.8040151346491678e-06,4.124301742066722e-06,-4.548863871538294e-06,-3.711312530185046e-14,-1.3397998530929878e-13,-1.1334741976118997e-13,N,mm/s,N s,"all 217 exterior nodes vs true wall triangles, increment orientation"
0.0010626,45.41747799692501,130,441,880,639.9742728867122,,,180.40194702128142,412.4312438963265,-454.88754272450194,-2.5152665321693994e-06,-2.7516575543763857e-06,1.4100401703672996e-06,-3.17512228e-06,-4.67512359e-06,4.92793771e-06,0.0,0.0,0.0,1.8063541959970848e-06,4.126928773685272e-06,-4.550356816622573e-06,1.8040145242992779e-06,4.1243011317168326e-06,-4.548862956013461e-06,-7.84284397120611e-14,-1.6595484548750407e-15,1.6838309836486902e-13,N,mm/s,N s,"all 217 exterior nodes vs true wall triangles, increment orientation"
0.0010627,45.49234575473398,130,441,880,639.9741575985064,,,180.4019012449142,412.43115234359215,-454.8874816893457,-2.5153816070274587e-06,-2.7517834442566223e-06,1.4101046804978911e-06,-3.1750932e-06,-4.67515325e-06,4.92794251e-06,0.0,0.0,0.0,1.8063541959970848e-06,4.126928773685272e-06,-4.550356816622573e-06,1.804014066536861e-06,4.124300216191999e-06,-4.548862345663571e-06,3.285232426639736e-14,-1.7449848989679667e-13,1.4493173337620704e-13,N,mm/s,N s,"all 217 exterior nodes vs true wall triangles, increment orientation"
0.0010628,45.56720666322189,130,441,880,639.9740576760561,,,180.40184020975792,412.4310913084359,-454.88742065418944,-2.515496517249797e-06,-2.7519091540282628e-06,1.4101690983348925e-06,-3.17506418e-06,-4.67518288e-06,4.92794726e-06,0.0,0.0,0.0,1.8063541959970848e-06,4.126928773685272e-06,-4.550356816622573e-06,1.8040134561869714e-06,4.12429960584211e-06,-4.548861735313682e-06,-8.445789869269862e-15,-4.214694236925323e-14,1.2147344558726715e-13,N,mm/s,N s,"all 217 exterior nodes vs true wall triangles, increment orientation"
0.0010628999999999,45.64204083095928,130,441,880,639.9739577536075,,,180.40177917460161,412.4310302732796,-454.88735961903325,-2.5156112628362414e-06,-2.7520346836911164e-06,1.4102334238782051e-06,-3.17503522e-06,-4.67521248e-06,4.92795195e-06,0.0,0.0,0.0,1.8063541959970848e-06,4.126928773685272e-06,-4.550356816622573e-06,1.8040128458370817e-06,4.12429899549222e-06,-4.548861124963794e-06,-4.973532080832432e-14,9.02201261900157e-14,9.800824770354356e-14,N,mm/s,N s,"all 217 exterior nodes vs true wall triangles, increment orientation"
0.001063,45.71686925826732,130,441,880,639.9738424654049,0.0,-1.0,180.4017333982344,412.4309387205452,-454.887298583877,-2.515725843786164e-06,-2.752160033244497e-06,1.4102976571274782e-06,-3.17500632e-06,-4.67524205e-06,4.9279566e-06,0.0,0.0,0.0,1.8063541959970848e-06,4.126928773685272e-06,-4.550356816622573e-06,1.8040123880746645e-06,4.124298079967386e-06,-4.548860514613904e-06,6.157119445403833e-14,-8.257224368639999e-14,7.453615497162933e-14,N,mm/s,N s,"all 217 exterior nodes vs true wall triangles, increment orientation"
0.0010631,45.79166972002018,130,441,880,639.9737425429593,,,180.40167236307812,412.43087768538896,-454.88723754872075,-2.515840260099618e-06,-2.752285202688464e-06,1.4103617980827416e-06,-3.17497748e-06,-4.67527159e-06,4.92796119e-06,0.0,0.0,0.0,1.8063541959970848e-06,4.126928773685272e-06,-4.550356816622573e-06,1.804011777724775e-06,4.124297469617497e-06,-4.548859904264015e-06,2.029880026205625e-14,4.9825810185112444e-14,5.105718179108454e-14,N,mm/s,N s,"all 217 exterior nodes vs true wall triangles, increment orientation"
0.0010632,45.86646476346272,130,441,880,639.973622953472,,,180.4016113279218,412.43078613265453,-454.8871765135645,-2.515954511776199e-06,-2.7524101920225737e-06,1.4104258467437684e-06,-3.1749487e-06,-4.67530111e-06,4.92796574e-06,0.0,0.0,0.0,1.8063541959970848e-06,4.126928773685272e-06,-4.550356816622573e-06,1.8040111673748853e-06,4.1242965540926625e-06,-4.548859293914126e-06,-2.096504186177388e-14,-1.2293561927180594e-13,2.7571342561469314e-14,N,mm/s,N s,"all 217 exterior nodes vs true wall triangles, increment orientation"
0.0010632999999999,45.941241819333726,130,441,880,639.9735230310299,,,180.40155029276553,412.4307250974983,-454.88711547840825,-2.5160685988157323e-06,-2.752535001246635e-06,1.4104898031104603e-06,-3.17491998e-06,-4.6753306e-06,4.92797023e-06,0.0,0.0,0.0,1.8063541959970848e-06,4.126928773685272e-06,-4.550356816622573e-06,1.804010557024996e-06,4.124295943742773e-06,-4.5488586835642365e-06,-6.222034165833095e-14,9.493336902721174e-15,4.0786516823437466e-15,N,mm/s,N s,"all 217 exterior nodes vs true wall triangles, increment orientation"
0.0010634,46.01600818268638,130,441,880,639.9734077428324,,,180.4015045163983,412.4306335447639,-454.887054443252,-2.5161825212175835e-06,-2.752659630359955e-06,1.410553667182463e-06,-3.17489132e-06,-4.67536006e-06,4.92797467e-06,0.0,0.0,0.0,1.8063541959970848e-06,4.126928773685272e-06,-4.550356816622573e-06,1.8040100992625784e-06,4.12429502821794e-06,-4.548858073214348e-06,4.9120361759607016e-14,-1.6323723175579695e-13,-1.94208789878309e-14,N,mm/s,N s,"all 217 exterior nodes vs true wall triangles, increment orientation"
0.0010635,46.09074124182968,130,441,880,639.973307820393,0.0,-1.0,180.401443481242,412.4305725096076,-454.88699340809575,-2.516296278981805e-06,-2.7527840793625903e-06,1.4106174389598044e-06,-3.17486272e-06,-4.67538949e-06,4.92797906e-06,0.0,0.0,0.0,1.8063541959970848e-06,4.126928773685272e-06,-4.550356816622573e-06,1.8040094889126891e-06,4.12429441786805e-06,-4.548857462864459e-06,7.88211443034407e-15,-3.077745882858283e-14,-4.292723166136273e-14,N,mm/s,N s,"all 217 exterior nodes vs true wall triangles, increment orientation"
0.0010636,46.16547400609048,130,441,880,639.9732078979554,,,180.40138244608573,412.43051147445135,-454.8869323729395,-2.516409872107988e-06,-2.752908348254092e-06,1.4106811184422552e-06,-3.17483418e-06,-4.67541889e-06,4.9279834e-06,0.0,0.0,0.0,1.8063541959970848e-06,4.126928773685272e-06,-4.550356816622573e-06,1.8040088785627996e-06,4.124293807518161e-06,-4.5488568525145695e-06,-3.3347622547139576e-14,1.016976919817887e-13,-6.64403927857246e-14,N,mm/s,N s,"all 217 exterior nodes vs true wall triangles, increment orientation"
0.0010636999999999,46.24018853804905,130,441,880,639.9730883084775,,,180.40132141092943,412.430419921717,-454.88687133778325,-2.516523300595951e-06,-2.7530324370342646e-06,1.410744705629715e-06,-3.1748057e-06,-4.67544827e-06,4.92798768e-06,0.0,0.0,0.0,1.8063541959970848e-06,4.126928773685272e-06,-4.550356816622573e-06,1.80400826821291e-06,4.124292891993327e-06,-4.54885624216468e-06,-7.456885954899752e-14,-7.098674472132312e-14,-8.996034880838933e-14,N,mm/s,N s,"all 217 exterior nodes vs true wall triangles, increment orientation"
0.0010638,46.31488794282651,130,441,880,639.9729926873264,,,180.4012756345622,412.43035888656067,-454.886810302627,-2.51663656444506e-06,-2.7531563457024128e-06,1.4108082005218274e-06,-3.17477727e-06,-4.67547761e-06,4.92799192e-06,0.0,0.0,0.0,1.8063541959970848e-06,4.126928773685272e-06,-4.550356816622573e-06,1.8040078104504927e-06,4.1242922816434375e-06,-4.548855631814791e-06,3.680586494726691e-14,6.151909917492511e-14,-1.1348708532979684e-13,N,mm/s,N s,"all 217 exterior nodes vs true wall triangles, increment orientation"
0.0010639,46.38956887192083,130,441,880,639.9728514062423,,,180.40121459940593,412.4302673338263,-454.8867187498926,-2.51674966365536e-06,-2.753280074258585e-06,1.4108716031186176e-06,-3.17474891e-06,-4.67550693e-06,4.92799611e-06,0.0,0.0,0.0,1.8063541959970848e-06,4.126928773685272e-06,-4.550356816622573e-06,1.8040072001006032e-06,4.124291366118604e-06,-4.548854716289957e-06,-4.398404078833403e-15,-1.1113468679395735e-13,1.6815435627043004e-13,N,mm/s,N s,"all 217 exterior nodes vs true wall triangles, increment orientation"
0.001064,46.46424226568549,130,441,880,639.9727514838106,0.0,-1.0,180.40115356424963,412.43020629867004,-454.8866577147364,-2.5168625982264395e-06,-2.753403622702334e-06,1.4109349134198558e-06,-3.1747206e-06,-4.67553622e-06,4.92800024e-06,0.0,0.0,0.0,1.8063541959970848e-06,4.126928773685272e-06,-4.550356816622573e-06,1.8040065897507135e-06,4.124290755768715e-06,-4.548854105940068e-06,-4.559420510480178e-14,2.140176717893875e-14,1.4461410279725025e-13,N,mm/s,N s,"all 217 exterior nodes vs true wall triangles, increment orientation"
0.0010641,46.538895936732175,130,441,880,639.9726361956203,,,180.4011077878824,412.4301147459356,-454.8865966795801,-2.516975368158e-06,-2.753526991033331e-06,1.4109981314253742e-06,-3.17469236e-06,-4.67556548e-06,4.92800432e-06,0.0,0.0,0.0,1.8063541959970848e-06,4.126928773685272e-06,-4.550356816622573e-06,1.8040061319882964e-06,4.12428984024388e-06,-4.548853495590179e-06,6.580592381537494e-14,-1.512214527590091e-13,1.21067112024008e-13,N,mm/s,N s,"all 217 exterior nodes vs true wall triangles, increment orientation"
0.0010642,46.61352658643867,130,441,880,639.9725362731914,,,180.4010467527261,412.43005371077936,-454.8865356444239,-2.517087973449747e-06,-2.7536501792512526e-06,1.4110612571350068e-06,-3.17466418e-06,-4.67559472e-06,4.92800835e-06,0.0,0.0,0.0,1.8063541959970848e-06,4.126928773685272e-06,-4.550356816622573e-06,1.8040055216384066e-06,4.124289229893991e-06,-4.5488528852402895e-06,2.4627028296484344e-14,-1.8654472565726894e-14,9.751339835026339e-14,N,mm/s,N s,"all 217 exterior nodes vs true wall triangles, increment orientation"
0.0010643,46.68814162107135,130,441,880,639.9724363507644,,,180.40098571756982,412.4299926756231,-454.8864746092676,-2.517200414101374e-06,-2.7537731873557666e-06,1.411124290548583e-06,-3.17463605e-06,-4.67562392e-06,4.92801233e-06,0.0,0.0,0.0,1.8063541959970848e-06,4.126928773685272e-06,-4.550356816622573e-06,1.8040049112885173e-06,4.124288619544102e-06,-4.548852274890401e-06,-1.6543429927218657e-14,1.139277381269799e-13,7.395297532854358e-14,N,mm/s,N s,"all 217 exterior nodes vs true wall triangles, increment orientation"
0.0010643999999999,46.76275004432905,130,441,880,639.972316761298,,,180.40092468241355,412.4299011228887,-454.88641357411143,-2.5173126901126995e-06,-2.753896015346672e-06,1.411187231666e-06,-3.17460798e-06,-4.6756531e-06,4.92801626e-06,0.0,0.0,0.0,1.8063541959970848e-06,4.126928773685272e-06,-4.550356816622573e-06,1.8040043009386278e-06,4.124287704019267e-06,-4.548851664540512e-06,-5.770546271419532e-14,-5.864978523049654e-14,5.038585905247457e-14,N,mm/s,N s,"all 217 exterior nodes vs true wall triangles, increment orientation"
0.0010645,46.83733651335868,130,441,880,639.9722211401532,0.0,-1.0,180.4008789060463,412.42984008773243,-454.8863525389552,-2.517424801483081e-06,-2.754018663223268e-06,1.4112500804868992e-06,-3.17457998e-06,-4.67568225e-06,4.92802014e-06,0.0,0.0,0.0,1.8063541959970848e-06,4.126928773685272e-06,-4.550356816622573e-06,1.8040038431762105e-06,4.124287093669378e-06,-4.548851054190623e-06,5.372839230508399e-14,7.39628271687531e-14,2.681206222755056e-14,N,mm/s,N s,"all 217 exterior nodes vs true wall triangles, increment orientation"
0.0010646,46.91191254803722,130,441,880,639.9721015506901,,,180.40081787089002,412.42974853499805,-454.88629150379893,-2.5175367482125527e-06,-2.7541411309855897e-06,1.4113128370112982e-06,-3.17455203e-06,-4.67571137e-06,4.92802397e-06,0.0,0.0,0.0,1.8063541959970848e-06,4.126928773685272e-06,-4.550356816622573e-06,1.804003232826321e-06,4.124286178144545e-06,-4.548850443840734e-06,1.2583180745406853e-14,-9.858433513976195e-14,3.2315992533316594e-15,N,mm/s,N s,"all 217 exterior nodes vs true wall triangles, increment orientation"
0.0010647,46.98646540362232,130,441,880,639.9720016282695,,,180.40075683573372,412.42968749984175,-454.8862304686427,-2.5176485303007017e-06,-2.7542634186331877e-06,1.4113755012389663e-06,-3.17452414e-06,-4.67574046e-06,4.92802774e-06,0.0,0.0,0.0,1.8063541959970848e-06,4.126928773685272e-06,-4.550356816622573e-06,1.8040026224764312e-06,4.124285567794655e-06,-4.548849833490845e-06,-2.855363650600476e-14,3.4058593415702866e-14,-2.0355513776556134e-14,N,mm/s,N s,"all 217 exterior nodes vs true wall triangles, increment orientation"
0.0010647999999999,47.06101162871951,130,441,880,639.9718820388106,,,180.40069580057744,412.4295959471074,-454.88616943348643,-2.5177601477473327e-06,-2.754385526165847e-06,1.4114380731697944e-06,-3.17449631e-06,-4.67576953e-06,4.92803147e-06,0.0,0.0,0.0,1.8063541959970848e-06,4.126928773685272e-06,-4.550356816622573e-06,1.8040020121265417e-06,4.124284652269821e-06,-4.5488492231409555e-06,-6.968206961354621e-14,-1.3845829339417847e-13,-4.3949263309585665e-14,N,mm/s,N s,"all 217 exterior nodes vs true wall triangles, increment orientation"
0.0010649,47.135525598710274,130,441,880,639.9717864176696,,,180.40065002421022,412.4295349119511,-454.8861083983302,-2.517871600551807e-06,-2.754507453582868e-06,1.4115005528034229e-06,-3.17446855e-06,-4.67579856e-06,4.92803514e-06,0.0,0.0,0.0,1.8063541959970848e-06,4.126928773685272e-06,-4.550356816622573e-06,1.8040015543641246e-06,4.1242840419199325e-06,-4.548848612791066e-06,4.178534379231213e-14,-5.7851291506284645e-15,-6.754963664026272e-14,N,mm/s,N s,"all 217 exterior nodes vs true wall triangles, increment orientation"
0.001065,47.21003822491915,130,441,880,639.971666828214,0.0,-1.0,180.40058898905392,412.4294433592167,-454.88604736317393,-2.5179828887141517e-06,-2.7546292008842807e-06,1.4115629401398676e-06,-3.17444084e-06,-4.67582757e-06,4.92803876e-06,0.0,0.0,0.0,1.8063541959970848e-06,4.126928773685272e-06,-4.550356816622573e-06,1.8040009440142349e-06,4.124283126395098e-06,-4.548848002441177e-06,6.736478440501868e-16,-1.7827182347110492e-13,-9.115661598089542e-14,N,mm/s,N s,"all 217 exterior nodes vs true wall triangles, increment orientation"
0.0010651,47.28453523070683,130,441,880,639.9715669057997,,,180.40052795389764,412.42938232406044,-454.8859863280177,-2.5180940122339462e-06,-2.754750768069628e-06,1.4116252351788943e-06,-3.17441319e-06,-4.67585655e-06,4.92804234e-06,0.0,0.0,0.0,1.8063541959970848e-06,4.126928773685272e-06,-4.550356816622573e-06,1.8040003336643454e-06,4.124282516045209e-06,-4.5488473920912885e-06,-4.042969508880241e-14,-4.556850824276445e-14,-1.1477019116708839e-13,N,mm/s,N s,"all 217 exterior nodes vs true wall triangles, increment orientation"
0.0010651999999999,47.35901399557194,130,441,880,639.9714452917693,,,180.40046691874136,412.4293212889042,-454.8858947752833,-2.518204971110998e-06,-2.754872155138695e-06,1.4116874379203928e-06,-3.1743856e-06,-4.6758855e-06,4.92804586e-06,0.0,0.0,0.0,1.8063541959970848e-06,4.126928773685272e-06,-4.550356816622573e-06,1.803999723314456e-06,4.1242819056953196e-06,-4.548846476566454e-06,-8.15246955941575e-14,8.71498511377522e-14,1.6678459896263438e-13,N,mm/s,N s,"all 217 exterior nodes vs true wall triangles, increment orientation"
0.0010653,47.43347751096896,130,441,880,639.9713300035922,,,180.4004211423741,412.4292297361698,-454.88583374012705,-2.518315765344663e-06,-2.7549933620907805e-06,1.411749548364004e-06,-3.17435807e-06,-4.67591443e-06,4.92804932e-06,0.0,0.0,0.0,1.8063541959970848e-06,4.126928773685272e-06,-4.550356816622573e-06,1.8039992655520387e-06,4.124280990170486e-06,-4.548845866216565e-06,2.99761072152069e-14,-8.52917107261957e-14,1.4315787951916592e-13,N,mm/s,N s,"all 217 exterior nodes vs true wall triangles, increment orientation"
0.0010654,47.507928903319566,130,441,880,639.9712300811821,,,180.40036010721784,412.4291687010135,-454.8857727049708,-2.518426394934963e-06,-2.7551143889259067e-06,1.4118115665097391e-06,-3.1743306e-06,-4.67594332e-06,4.92805274e-06,0.0,0.0,0.0,1.8063541959970848e-06,4.126928773685272e-06,-4.550356816622573e-06,1.8039986552021492e-06,4.124280379820596e-06,-4.548845255866676e-06,-1.110224062240517e-14,4.745667427823522e-14,1.1952460996991635e-13,N,mm/s,N s,"all 217 exterior nodes vs true wall triangles, increment orientation"
0.0010655,47.58235855320891,130,441,880,639.9711104917347,0.0,-1.0,180.40029907206153,412.42907714827913,-454.88571166981455,-2.5185368598814768e-06,-2.755235235643613e-06,1.4118734923573623e-06,-3.17430318e-06,-4.67597219e-06,4.92805611e-06,0.0,0.0,0.0,1.8063541959970848e-06,4.126928773685272e-06,-4.550356816622573e-06,1.8039980448522595e-06,4.124279464295762e-06,-4.548844645516787e-06,-5.2172278855046436e-14,-1.2495490177234694e-13,9.588480386741281e-14,N,mm/s,N s,"all 217 exterior nodes vs true wall triangles, increment orientation"
0.0010655999999999,47.65677020192525,130,441,880,639.9710148706,,,180.4002532956943,412.4290161131229,-454.8856506346583,-2.518647160184001e-06,-2.7553559022436764e-06,1.4119353259067586e-06,-3.17427583e-06,-4.67600103e-06,4.92805942e-06,0.0,0.0,0.0,1.8063541959970848e-06,4.126928773685272e-06,-4.550356816622573e-06,1.8039975870898423e-06,4.124278853945873e-06,-4.548844035166898e-06,5.935345573384568e-14,7.823426693802371e-15,7.223847561121542e-14,N,mm/s,N s,"all 217 exterior nodes vs true wall triangles, increment orientation"
0.0010657,47.73117125217303,130,441,880,639.970895281156,,,180.40019226053803,412.42892456038845,-454.8855895995021,-2.518757295841894e-06,-2.7554763887253952e-06,1.4119970671575696e-06,-3.17424854e-06,-4.67602984e-06,4.92806269e-06,0.0,0.0,0.0,1.8063541959970848e-06,4.126928773685272e-06,-4.550356816622573e-06,1.8039969767399528e-06,4.124277938421039e-06,-4.548843424817009e-06,1.8300007488509335e-14,-1.6455824994077465e-13,4.858563875385132e-14,N,mm/s,N s,"all 217 exterior nodes vs true wall triangles, increment orientation"
0.0010658,47.80555405768372,130,441,880,639.9707953587522,,,180.40013122538173,412.4288635252322,-454.88552856434586,-2.5188672668551727e-06,-2.755596695088789e-06,1.412058716109804e-06,-3.17422131e-06,-4.67605862e-06,4.9280659e-06,0.0,0.0,0.0,1.8063541959970848e-06,4.126928773685272e-06,-4.550356816622573e-06,1.803996366390063e-06,4.1242773280711495e-06,-4.54884281446712e-06,-2.274516164504231e-14,-3.1750061869168737e-14,2.492631023597947e-14,N,mm/s,N s,"all 217 exterior nodes vs true wall triangles, increment orientation"
0.0010659,47.87991647201645,130,441,880,639.9706954363502,,,180.40007019022545,412.42880249007595,-454.8854675291896,-2.51897707322341e-06,-2.7557168213333897e-06,1.4121202727632231e-06,-3.17419413e-06,-4.67608738e-06,4.92806906e-06,0.0,0.0,0.0,1.8063541959970848e-06,4.126928773685272e-06,-4.550356816622573e-06,1.8039957560401736e-06,4.12427671772126e-06,-4.548842204117231e-06,-6.378206225472109e-14,1.0107302466494644e-13,1.2605010690281727e-15,N,mm/s,N s,"all 217 exterior nodes vs true wall triangles, increment orientation"
0.0010659999999999,47.95426564739313,130,441,880,639.9705801481813,0.0,-1.0,180.4000244138582,412.4287109373415,-454.88540649403336,-2.519086714946401e-06,-2.755836767458973e-06,1.412181737117711e-06,-3.17416702e-06,-4.6761161e-06,4.92807217e-06,0.0,0.0,0.0,1.8063541959970848e-06,4.126928773685272e-06,-4.550356816622573e-06,1.8039952982777562e-06,4.124275802196426e-06,-4.5488415937673415e-06,4.7776767393727907e-14,-7.126395658210282e-14,-2.2411770959310674e-14,N,mm/s,N s,"all 217 exterior nodes vs true wall triangles, increment orientation"
0.0010661,48.02861095628023,130,441,880,639.9704802257821,,,180.39996337870193,412.42864990218527,-454.8853454588771,-2.5191961920235e-06,-2.7559565334648315e-06,1.4122431091729063e-06,-3.17413997e-06,-4.6761448e-06,4.92807523e-06,0.0,0.0,0.0,1.8063541959970848e-06,4.126928773685272e-06,-4.550356816622573e-06,1.8039946879278669e-06,4.124275191846537e-06,-4.548840983417452e-06,6.756372915092267e-15,6.158886589065866e-14,-4.6090494837608756e-14,N,mm/s,N s,"all 217 exterior nodes vs true wall triangles, increment orientation"
0.0010662,48.10292662985447,130,441,880,639.9703606363474,,,180.39990234354565,412.4285583494509,-454.88528442372086,-2.519305504454718e-06,-2.7560761193509804e-06,1.412304388928816e-06,-3.17411297e-06,-4.67617347e-06,4.92807824e-06,0.0,0.0,0.0,1.8063541959970848e-06,4.126928773685272e-06,-4.550356816622573e-06,1.8039940775779774e-06,4.124274276321703e-06,-4.548840373067564e-06,-3.4255784803406035e-14,-1.107184226164246e-13,-6.977565447224008e-14,N,mm/s,N s,"all 217 exterior nodes vs true wall triangles, increment orientation"
0.0010662999999999,48.17723941698289,130,441,880,639.9702607139518,,,180.39984130838934,412.4284973142946,-454.8852233885646,-2.519414652239735e-06,-2.756195525117068e-06,1.41236557638526e-06,-3.17408604e-06,-4.67620211e-06,4.9280812e-06,0.0,0.0,0.0,1.8063541959970848e-06,4.126928773685272e-06,-4.550356816622573e-06,1.8039934672280877e-06,4.124273665971814e-06,-4.5488397627176745e-06,-7.52597161379206e-14,2.2164049397622575e-14,-9.346723546364453e-14,N,mm/s,N s,"all 217 exterior nodes vs true wall triangles, increment orientation"
0.0010664,48.25152121325802,130,441,880,639.970145425788,,,180.39979553202213,412.4284057615602,-454.88516235340836,-2.5195236353779047e-06,-2.756314750762385e-06,1.4124266715418746e-06,-3.17405916e-06,-4.67623073e-06,4.9280841e-06,0.0,0.0,0.0,1.8063541959970848e-06,4.126928773685272e-06,-4.550356816622573e-06,1.8039930094656705e-06,4.12427275044698e-06,-4.548839152367785e-06,3.633204106931996e-14,-1.5011362853169057e-13,-1.1716522341226202e-13,N,mm/s,N s,"all 217 exterior nodes vs true wall triangles, increment orientation"
0.0010665,48.32579795379768,130,441,880,639.9700238117684,0.0,-1.0,180.39973449686582,412.42834472640396,-454.885070800674,-2.519632453869233e-06,-2.756433796286941e-06,1.4124876743986654e-06,-3.17403234e-06,-4.67625931e-06,4.92808696e-06,0.0,0.0,0.0,1.8063541959970848e-06,4.126928773685272e-06,-4.550356816622573e-06,1.8039923991157808e-06,4.124272140097091e-06,-4.548838236842952e-06,-4.6554692609626636e-15,-1.720158829152064e-14,1.6430533945525167e-13,N,mm/s,N s,"all 217 exterior nodes vs true wall triangles, increment orientation"
0.0010666,48.400052456632416,130,441,880,639.9699238893769,,,180.39967346170954,412.42828369124766,-454.88500976551774,-2.519741107713293e-06,-2.756552661690267e-06,1.4125485849553914e-06,-3.17400559e-06,-4.67628787e-06,4.92808976e-06,0.0,0.0,0.0,1.8063541959970848e-06,4.126928773685272e-06,-4.550356816622573e-06,1.8039917887658913e-06,4.124271529747201e-06,-4.548837626493062e-06,-4.563478412396413e-14,1.1572520302742572e-13,1.405945799438555e-13,N,mm/s,N s,"all 217 exterior nodes vs true wall triangles, increment orientation"
0.0010666999999999,48.474295316516326,130,441,880,639.9698086012153,,,180.39962768534232,412.4281921385133,-454.8849487303615,-2.5198495969098658e-06,-2.756671346972125e-06,1.412609403211931e-06,-3.17397889e-06,-4.6763164e-06,4.92809252e-06,0.0,0.0,0.0,1.8063541959970848e-06,4.126928773685272e-06,-4.550356816622573e-06,1.8039913310034741e-06,4.124270614222367e-06,-4.548837016143173e-06,6.598155800281225e-14,-5.650821658336044e-14,1.1687745582689363e-13,N,mm/s,N s,"all 217 exterior nodes vs true wall triangles, increment orientation"
0.0010668,48.54852770054212,130,441,880,639.9697086788267,,,180.39956665018602,412.42813110335703,-454.88488769520524,-2.5199579214583034e-06,-2.7567898521318047e-06,1.41267012916792e-06,-3.17395225e-06,-4.6763449e-06,4.92809522e-06,0.0,0.0,0.0,1.8063541959970848e-06,4.126928773685272e-06,-4.550356816622573e-06,1.8039907206535844e-06,4.124270003872478e-06,-4.548836405793284e-06,2.5018601251846403e-14,7.644801929489837e-14,9.315398150392621e-14,N,mm/s,N s,"all 217 exterior nodes vs true wall triangles, increment orientation"
0.0010669,48.62272541770504,130,441,880,639.9695890894035,,,180.39950561502974,412.4280395506226,-454.884826660049,-2.520066081358608e-06,-2.7569081771693093e-06,1.4127307628233603e-06,-3.17392568e-06,-4.67637337e-06,4.92809787e-06,0.0,0.0,0.0,1.8063541959970848e-06,4.126928773685272e-06,-4.550356816622573e-06,1.803990110303695e-06,4.124269088347644e-06,-4.5488357954433945e-06,-1.5936191795573812e-14,-9.575600064932153e-14,6.942417222154627e-14,N,mm/s,N s,"all 217 exterior nodes vs true wall triangles, increment orientation"
0.001067,48.69692415903814,130,441,880,639.9694891670183,0.0,-1.0,180.39944457987346,412.42797851546635,-454.88476562489274,-2.520174076610346e-06,-2.757026322084166e-06,1.4127913041780091e-06,-3.17389916e-06,-4.67640182e-06,4.92810047e-06,0.0,0.0,0.0,1.8063541959970848e-06,4.126928773685272e-06,-4.550356816622573e-06,1.8039894999538056e-06,4.124268477997754e-06,-4.548835185093505e-06,-5.688283088032728e-14,3.7229595084955006e-14,4.568804068524803e-14,N,mm/s,N s,"all 217 exterior nodes vs true wall triangles, increment orientation"
0.0010670999999999,48.77110464842368,130,441,880,639.9693738788618,,,180.39939880350622,412.427886962732,-454.88470458973654,-2.5202819072132972e-06,-2.7571442868761295e-06,1.412851753231742e-06,-3.1738727e-06,-4.67643024e-06,4.92810301e-06,0.0,0.0,0.0,1.8063541959970848e-06,4.126928773685272e-06,-4.550356816622573e-06,1.8039890421913882e-06,4.124267562472921e-06,-4.548834574743617e-06,5.4766143614258544e-14,-1.3494510566082864e-13,2.1945602141624533e-14,N,mm/s,N s,"all 217 exterior nodes vs true wall triangles, increment orientation"
0.0010672,48.845269633999685,130,441,880,639.9692739564795,,,180.39933776834994,412.42782592757567,-454.8846435545803,-2.5203895731668145e-06,-2.7572620715444965e-06,1.412912109984197e-06,-3.1738463e-06,-4.67645863e-06,4.92810551e-06,0.0,0.0,0.0,1.8063541959970848e-06,4.126928773685272e-06,-4.550356816622573e-06,1.8039884318414987e-06,4.1242669521230316e-06,-4.5488339643937275e-06,1.3835778361762432e-14,-1.930233079763203e-15,-1.80312816273117e-15,N,mm/s,N s,"all 217 exterior nodes vs true wall triangles, increment orientation"
0.0010673,48.91941671915064,130,441,880,639.9691543670638,,,180.39927673319363,412.4277343748413,-454.88458251942404,-2.520497074470888e-06,-2.757379676089253e-06,1.412972374435368e-06,-3.17381996e-06,-4.67648699e-06,4.92810796e-06,0.0,0.0,0.0,1.8063541959970848e-06,4.126928773685272e-06,-4.550356816622573e-06,1.803987821491609e-06,4.124266036598197e-06,-4.548833354043838e-06,-2.7086466174110115e-14,-1.7407569933040531e-13,-2.5558135828258974e-14,N,mm/s,N s,"all 217 exterior nodes vs true wall triangles, increment orientation"
0.0010674,48.99354673800288,130,441,880,639.9690544446851,,,180.39921569803735,412.42767333968504,-454.8845214842678,-2.5206044111250823e-06,-2.7574971005099256e-06,1.4130325465850115e-06,-3.17379368e-06,-4.67651532e-06,4.92811035e-06,0.0,0.0,0.0,1.8063541959970848e-06,4.126928773685272e-06,-4.550356816622573e-06,1.8039872111417195e-06,4.124265426248308e-06,-4.54883274369395e-06,-6.800059931072152e-14,-4.103163375881276e-14,-4.931940899649762e-14,N,mm/s,N s,"all 217 exterior nodes vs true wall triangles, increment orientation"
0.0010674999999999,49.06766125102372,130,441,880,639.968958823568,0.0,-1.0,180.39916992167014,412.42761230452874,-454.88446044911154,-2.5207115831291772e-06,-2.7576143448062708e-06,1.4130926264330039e-06,-3.17376746e-06,-4.67654363e-06,4.92811269e-06,0.0,0.0,0.0,1.8063541959970848e-06,4.126928773685272e-06,-4.550356816622573e-06,1.8039867533793023e-06,4.124264815898419e-06,-4.5488321333440605e-06,4.368084026266667e-14,9.202699654430784e-14,-7.308692987975521e-14,N,mm/s,N s,"all 217 exterior nodes vs true wall triangles, increment orientation"
0.0010676,49.14175750916879,130,441,880,639.9688392341574,,,180.39910888651383,412.42752075179436,-454.8843994139553,-2.520818590482518e-06,-2.757731408977574e-06,1.413152613978978e-06,-3.1737413e-06,-4.6765719e-06,4.92811499e-06,0.0,0.0,0.0,1.8063541959970848e-06,4.126928773685272e-06,-4.550356816622573e-06,1.8039861430294126e-06,4.124263900373585e-06,-4.548831522994171e-06,2.7828973138090867e-15,-8.007477297065132e-14,-9.686068746660344e-14,N,mm/s,N s,"all 217 exterior nodes vs true wall triangles, increment orientation"
0.0010677,49.21585492020278,130,441,880,639.9687393117833,,,180.39904785135755,412.4274597166381,-454.88433837879904,-2.520925433185095e-06,-2.757848293023823e-06,1.413212509222928e-06,-3.1737152e-06,-4.67660015e-06,4.92811723e-06,0.0,0.0,0.0,1.8063541959970848e-06,4.126928773685272e-06,-4.550356816622573e-06,1.8039855326795231e-06,4.124263290023696e-06,-4.548830912644282e-06,-3.8106966211281113e-14,5.301292580915315e-14,-1.2064066481638335e-13,N,mm/s,N s,"all 217 exterior nodes vs true wall triangles, increment orientation"
0.0010678,49.28991776784333,130,441,880,639.9685980307411,,,180.39898681620124,412.4273681639037,-454.88424682606467,-2.5210321112364647e-06,-2.7579649969445347e-06,1.413272312164606e-06,-3.17368915e-06,-4.67662837e-06,4.92811942e-06,0.0,0.0,0.0,1.8063541959970848e-06,4.126928773685272e-06,-4.550356816622573e-06,1.8039849223296334e-06,4.1242623744988615e-06,-4.548829997119448e-06,-7.8988761112274e-14,-1.190598175807695e-13,1.6074809415018336e-13,N,mm/s,N s,"all 217 exterior nodes vs true wall triangles, increment orientation"
0.0010678999999999,49.36396977883094,130,441,880,639.9685024096275,,,180.39894103983403,412.42730712874743,-454.8841857909084,-2.521138624636403e-06,-2.758081520739463e-06,1.4133320228038864e-06,-3.17366317e-06,-4.67665656e-06,4.92812155e-06,0.0,0.0,0.0,1.8063541959970848e-06,4.126928773685272e-06,-4.550356816622573e-06,1.8039844645672162e-06,4.124261764148972e-06,-4.548829386769559e-06,3.2724974345085334e-14,1.4056864972424119e-14,1.369557187791545e-13,N,mm/s,N s,"all 217 exterior nodes vs true wall triangles, increment orientation"
0.001068,49.43801036549584,130,441,880,639.9683828202234,0.0,-1.0,180.39888000467775,412.42721557601305,-454.88412475575217,-2.521244973384256e-06,-2.758197864407891e-06,1.4133916411404014e-06,-3.17363725e-06,-4.67668473e-06,4.92812364e-06,0.0,0.0,0.0,1.8063541959970848e-06,4.126928773685272e-06,-4.550356816622573e-06,1.803983854217327e-06,4.124260848624139e-06,-4.54882877641967e-06,-8.140714012657281e-15,-1.579869344546579e-13,1.1315716514980834e-13,N,mm/s,N s,"all 217 exterior nodes vs true wall triangles, increment orientation"
0.0010681,49.51202740078613,130,441,880,639.9682828978551,,,180.39881896952144,412.42715454085675,-454.8840637205959,-2.521351157480005e-06,-2.7583140279498e-06,1.413451167174142e-06,-3.17361139e-06,-4.67671287e-06,4.92812568e-06,0.0,0.0,0.0,1.8063541959970848e-06,4.126928773685272e-06,-4.550356816622573e-06,1.8039832438674372e-06,4.1242602382742485e-06,-4.5488281660697806e-06,-4.8998365086521637e-14,-2.484135029027102e-14,8.935244766170502e-14,N,mm/s,N s,"all 217 exterior nodes vs true wall triangles, increment orientation"
0.0010682,49.58604056291524,130,441,880,639.9681872767443,,,180.39877319315423,412.4270935057005,-454.88400268543967,-2.5214571769232058e-06,-2.758430011364704e-06,1.4135106009048586e-06,-3.17358558e-06,-4.67674098e-06,4.92812766e-06,0.0,0.0,0.0,1.8063541959970848e-06,4.126928773685272e-06,-4.550356816622573e-06,1.80398278610502e-06,4.124259627924359e-06,-4.548827555719891e-06,6.273948306950543e-14,1.0831865545707581e-13,6.554158240847053e-14,N,mm/s,N s,"all 217 exterior nodes vs true wall triangles, increment orientation"
0.0010683,49.66002393881495,130,441,880,639.9680676873453,,,180.39871215799792,412.4270019529661,-454.8839416502834,-2.521563031713525e-06,-2.7585458146522373e-06,1.4135699423323642e-06,-3.17355984e-06,-4.67676906e-06,4.9281296e-06,0.0,0.0,0.0,1.8063541959970848e-06,4.126928773685272e-06,-4.550356816622573e-06,1.8039821757551303e-06,4.124258712399526e-06,-4.548826945370003e-06,2.1897874587903832e-14,-6.368188599738993e-14,4.1724580401533186e-14,N,mm/s,N s,"all 217 exterior nodes vs true wall triangles, increment orientation"
0.0010684,49.73400368296468,130,441,880,639.9679677649817,,,180.39865112284164,412.4269409178098,-454.8838806151272,-2.521668721850619e-06,-2.758661437812025e-06,1.413629191456466e-06,-3.17353415e-06,-4.67679711e-06,4.92813148e-06,0.0,0.0,0.0,1.8063541959970848e-06,4.126928773685272e-06,-4.550356816622573e-06,1.8039815654052408e-06,4.1242581020496365e-06,-4.5488263350201135e-06,-1.893572752652208e-14,6.950689684730692e-14,1.7901458581551927e-14,N,mm/s,N s,"all 217 exterior nodes vs true wall triangles, increment orientation"
0.0010685,49.80796492533293,130,441,880,639.9678481755868,0.0,-1.0,180.39859008768536,412.42684936507544,-454.883819579971,-2.5217742473341515e-06,-2.758776880843699e-06,1.413688348276976e-06,-3.17350853e-06,-4.67682513e-06,4.92813331e-06,0.0,0.0,0.0,1.8063541959970848e-06,4.126928773685272e-06,-4.550356816622573e-06,1.8039809550553513e-06,4.124257186524802e-06,-4.548825724670225e-06,-5.97613347087171e-14,-1.0246490986145617e-13,-5.9277686519131415e-15,N,mm/s,N s,"all 217 exterior nodes vs true wall triangles, increment orientation"
0.0010685999999999,49.88189769767654,130,441,880,639.9677525544798,,,180.39854431131812,412.4267883299192,-454.8837585448147,-2.521879608163884e-06,-2.7588921437469983e-06,1.4137474127937602e-06,-3.17348296e-06,-4.67685313e-06,4.92813509e-06,0.0,0.0,0.0,1.8063541959970848e-06,4.126928773685272e-06,-4.550356816622573e-06,1.803980497292934e-06,4.124256576174914e-06,-4.548825114320336e-06,5.2008515199090184e-14,3.075256537729597e-14,-2.976308774633486e-14,N,mm/s,N s,"all 217 exterior nodes vs true wall triangles, increment orientation"
0.0010687,49.9558316183482,130,441,880,639.9676329650883,,,180.39848327616184,412.42669677718476,-454.8836975096585,-2.521984804339161e-06,-2.7590072265212047e-06,1.4138063850064509e-06,-3.17345746e-06,-4.6768811e-06,4.92813682e-06,0.0,0.0,0.0,1.8063541959970848e-06,4.126928773685272e-06,-4.550356816622573e-06,1.8039798869430444e-06,4.124255660650079e-06,-4.5488245039704465e-06,1.1198867388170861e-14,-1.4119058874796035e-13,-5.3604483455120186e-14,N,mm/s,N s,"all 217 exterior nodes vs true wall triangles, increment orientation"
0.0010688,50.02974236400041,130,441,880,639.9675330427311,,,180.39842224100553,412.4266357420285,-454.8836364745022,-2.522089835859956e-06,-2.759122129166291e-06,1.4138652649150335e-06,-3.17343201e-06,-4.67690904e-06,4.9281385e-06,0.0,0.0,0.0,1.8063541959970848e-06,4.126928773685272e-06,-4.550356816622573e-06,1.8039792765931547e-06,4.12425505030019e-06,-4.548823893620557e-06,-2.9602816830736614e-14,-7.944503277348795e-15,-7.74519430727749e-14,N,mm/s,N s,"all 217 exterior nodes vs true wall triangles, increment orientation"
0.0010689,50.10364129912778,130,441,880,639.9674134533437,,,180.39836120584926,412.42654418929413,-454.883575439346,-2.522194702725819e-06,-2.759236851681764e-06,1.4139240525192563e-06,-3.17340662e-06,-4.67693695e-06,4.92814012e-06,0.0,0.0,0.0,1.8063541959970848e-06,4.126928773685272e-06,-4.550356816622573e-06,1.8039786662432654e-06,4.124254134775356e-06,-4.548823283270668e-06,-7.039654762202761e-14,-1.7985908867536012e-13,-1.0130545050567302e-13,N,mm/s,N s,"all 217 exterior nodes vs true wall triangles, increment orientation"
0.0010689999999999,50.1775195867481,130,441,880,639.9673178322405,0.0,-1.0,180.39831542948204,412.4264831541379,-454.8835144041897,-2.5222994049365105e-06,-2.7593513940673623e-06,1.4139827478189844e-06,-3.17338129e-06,-4.67696484e-06,4.9281417e-06,0.0,0.0,0.0,1.8063541959970848e-06,4.126928773685272e-06,-4.550356816622573e-06,1.8039782084808483e-06,4.124253524425467e-06,-4.548822672920779e-06,4.1405135901519856e-14,-4.6584475135085044e-14,-1.2516499220128737e-13,N,mm/s,N s,"all 217 exterior nodes vs true wall triangles, increment orientation"
0.0010691,50.25138498551314,130,441,880,639.9671962182439,,,180.39825439432573,412.4264221189816,-454.88342285145535,-2.5224039424913717e-06,-2.759465756322364e-06,1.414041350813848e-06,-3.17335603e-06,-4.67699269e-06,4.92814322e-06,0.0,0.0,0.0,1.8063541959970848e-06,4.126928773685272e-06,-4.550356816622573e-06,1.8039775981309586e-06,4.124252914075577e-06,-4.548821757395945e-06,6.272797782098287e-16,8.67043685587039e-14,1.561443904607592e-13,N,mm/s,N s,"all 217 exterior nodes vs true wall triangles, increment orientation"
0.0010692,50.325234625681006,130,441,880,639.9670766288605,,,180.39819335916945,412.4263305662472,-454.8833618162991,-2.522508315390369e-06,-2.7595799384467337e-06,1.4140998615038298e-06,-3.17333082e-06,-4.67702052e-06,4.9281447e-06,0.0,0.0,0.0,1.8063541959970848e-06,4.126928773685272e-06,-4.550356816622573e-06,1.803976987781069e-06,4.1242519985507436e-06,-4.548821147046056e-06,-4.0142654469461e-14,-8.516751960250223e-14,1.3227282259135973e-13,N,mm/s,N s,"all 217 exterior nodes vs true wall triangles, increment orientation"
0.0010693,50.39906611064872,130,441,880,639.966976706511,,,180.39813232401315,412.42626953109095,-454.88330078114285,-2.5226125236330496e-06,-2.7596939404399744e-06,1.414158279888674e-06,-3.17330567e-06,-4.67704832e-06,4.92814612e-06,0.0,0.0,0.0,1.8063541959970848e-06,4.126928773685272e-06,-4.550356816622573e-06,1.8039763774311793e-06,4.124251388200854e-06,-4.5488205366961666e-06,-8.090467764116272e-14,4.814972680007405e-14,1.0839526365792433e-13,N,mm/s,N s,"all 217 exterior nodes vs true wall triangles, increment orientation"
0.0010693999999999,50.4728806496043,130,441,880,639.9668614183797,,,180.39808654764593,412.4261779783565,-454.8832397459866,-2.522716567219173e-06,-2.759807762301825e-06,1.4142166059682473e-06,-3.17328058e-06,-4.6770761e-06,4.92814749e-06,0.0,0.0,0.0,1.8063541959970848e-06,4.126928773685272e-06,-4.550356816622573e-06,1.8039759196687622e-06,4.12425047267602e-06,-4.548819926346278e-06,3.092867220911785e-14,-1.236938010039921e-13,8.451172806001311e-14,N,mm/s,N s,"all 217 exterior nodes vs true wall triangles, increment orientation"
0.0010695,50.5466797793329,130,441,880,639.966761496033,0.0,-1.0,180.39802551248965,412.42611694320027,-454.88317871083035,-2.522820446148072e-06,-2.759921404031553e-06,1.4142748397421746e-06,-3.17325555e-06,-4.67710384e-06,4.92814881e-06,0.0,0.0,0.0,1.8063541959970848e-06,4.126928773685272e-06,-4.550356816622573e-06,1.8039753093188727e-06,4.124249862326131e-06,-4.548819315996389e-06,-9.817560150864675e-15,9.65176509814267e-15,6.062223019718616e-14,N,mm/s,N s,"all 217 exterior nodes vs true wall triangles, increment orientation"
0.0010696,50.620472284573296,130,441,880,639.9666419066572,,,180.39796447733335,412.4260253904659,-454.8831176756741,-2.522924160419712e-06,-2.760034865629124e-06,1.414332981210438e-06,-3.17323058e-06,-4.67713156e-06,4.92815008e-06,0.0,0.0,0.0,1.8063541959970848e-06,4.126928773685272e-06,-4.550356816622573e-06,1.803974698968983e-06,4.124248946801297e-06,-4.5488187056464995e-06,-5.0555913198613604e-14,-1.6216348535801235e-13,3.6726783621970644e-14,N,mm/s,N s,"all 217 exterior nodes vs true wall triangles, increment orientation"
0.0010697,50.69423630968949,130,441,880,639.9665462855602,,,180.39791870096613,412.4259643553096,-454.8830566405179,-2.523027710033637e-06,-2.760148147094037e-06,1.4143910303727807e-06,-3.17320567e-06,-4.67715925e-06,4.92815129e-06,0.0,0.0,0.0,1.8063541959970848e-06,4.126928773685272e-06,-4.550356816622573e-06,1.8039742412065658e-06,4.124248336451407e-06,-4.548818095296611e-06,6.130107585891717e-14,-2.8789685106646746e-14,1.2825402733926666e-14,N,mm/s,N s,"all 217 exterior nodes vs true wall triangles, increment orientation"
0.0010697999999999,50.76798983641499,130,441,880,639.9664463632181,,,180.39785766580982,412.42590332015334,-454.88299560536166,-2.523131094989598e-06,-2.760261248426019e-06,1.4144489872290624e-06,-3.17318082e-06,-4.67718691e-06,4.92815246e-06,0.0,0.0,0.0,1.8063541959970848e-06,4.126928773685272e-06,-4.550356816622573e-06,1.803973630856676e-06,4.1242477261015185e-06,-4.548817484946722e-06,2.0578450730691098e-14,1.0459820469076349e-13,-1.1081896373319779e-14,N,mm/s,N s,"all 217 exterior nodes vs true wall triangles, increment orientation"
0.0010699,50.84173171589362,130,441,880,639.9663267738474,,,180.39779663065354,412.42581176741896,-454.8829345702054,-2.523234315286935e-06,-2.760374169624349e-06,1.4145068517789147e-06,-3.17315603e-06,-4.67721454e-06,4.92815357e-06,0.0,0.0,0.0,1.8063541959970848e-06,4.126928773685272e-06,-4.550356816622573e-06,1.8039730205067868e-06,4.124246810576684e-06,-4.5488168745968325e-06,-2.0136325366729244e-14,-6.717478559758712e-14,-3.499510014724153e-14,N,mm/s,N s,"all 217 exterior nodes vs true wall triangles, increment orientation"
0.00107,50.91545013416992,130,441,880,639.9662268515088,0.0,-1.0,180.39773559549727,412.42575073226266,-454.88287353504916,-2.5233373709255977e-06,-2.760486910688972e-06,1.414564624022309e-06,-3.1731313e-06,-4.67724215e-06,4.92815464e-06,0.0,0.0,0.0,1.8063541959970848e-06,4.126928773685272e-06,-4.550356816622573e-06,1.8039724101568973e-06,4.124246200226795e-06,-4.548816264246943e-06,-6.084326408004688e-14,6.624121298817775e-14,-5.891419503531144e-14,N,mm/s,N s,"all 217 exterior nodes vs true wall triangles, increment orientation"
0.0010701,50.98916467337859,130,441,880,639.966111563386,,,180.39768981913002,412.4256591795283,-454.8828124998929,-2.5234402619051306e-06,-2.7605994716193896e-06,1.4146223039589894e-06,-3.17310662e-06,-4.67726972e-06,4.92815565e-06,0.0,0.0,0.0,1.8063541959970848e-06,4.126928773685272e-06,-4.550356816622573e-06,1.8039719523944799e-06,4.124245284701961e-06,-4.548815653897054e-06,5.104509611323488e-14,-1.0550370832236675e-13,-8.28391666379694e-14,N,mm/s,N s,"all 217 exterior nodes vs true wall triangles, increment orientation"
0.0010701999999999,51.062856030617645,130,441,880,639.9660116410502,,,180.39762878397374,412.42559814437203,-454.88275146473666,-2.5235429882252813e-06,-2.7607118524153256e-06,1.4146798915888145e-06,-3.17308201e-06,-4.67729727e-06,4.92815661e-06,0.0,0.0,0.0,1.8063541959970848e-06,4.126928773685272e-06,-4.550356816622573e-06,1.8039713420445904e-06,4.124244674352072e-06,-4.5488150435471655e-06,1.0353800616145375e-14,2.7940319430655707e-14,-1.0677000140268825e-13,N,mm/s,N s,"all 217 exterior nodes vs true wall triangles, increment orientation"
0.0010703,51.13652416552789,130,441,880,639.9658920516871,,,180.39756774881744,412.4255065916376,-454.8826904295804,-2.523645549885384e-06,-2.760824053076051e-06,1.4147373869114111e-06,-3.17305746e-06,-4.6773248e-06,4.92815752e-06,0.0,0.0,0.0,1.8063541959970848e-06,4.126928773685272e-06,-4.550356816622573e-06,1.8039707316947007e-06,4.124243758827238e-06,-4.548814433197276e-06,-3.032968883706047e-14,-1.4377661675834446e-13,-1.3070668238880905e-13,N,mm/s,N s,"all 217 exterior nodes vs true wall triangles, increment orientation"
0.0010704,51.21018817822805,130,441,880,639.9657704377017,,,180.39750671366116,412.42544555648135,-454.88259887684603,-2.5237479468853884e-06,-2.760936073601512e-06,1.414794789926752e-06,-3.17303296e-06,-4.67735229e-06,4.92815838e-06,0.0,0.0,0.0,1.8063541959970848e-06,4.126928773685272e-06,-4.550356816622573e-06,1.8039701213448112e-06,4.1242431484773485e-06,-4.548813517672442e-06,-7.100538241077803e-14,-1.0304645388392077e-14,1.505257481770124e-13,N,mm/s,N s,"all 217 exterior nodes vs true wall triangles, increment orientation"
0.0010705,51.28383392000722,130,441,880,639.9656748166121,0.0,-1.0,180.39746093729394,412.4253845213251,-454.8825378416898,-2.523850179224834e-06,-2.761047913991204e-06,1.4148521006345777e-06,-3.17300853e-06,-4.67737976e-06,4.92815919e-06,0.0,0.0,0.0,1.8063541959970848e-06,4.126928773685272e-06,-4.550356816622573e-06,1.803969663582394e-06,4.124242538127459e-06,-4.548812907322553e-06,4.091418120573116e-14,1.2318126729683916e-13,1.2657741371160328e-13,N,mm/s,N s,"all 217 exterior nodes vs true wall triangles, increment orientation"
0.0010706,51.35746281784356,130,441,880,639.9655552272529,,,180.39739990213764,412.42529296859067,-454.88247680653353,-2.523952246903358e-06,-2.7611595742447307e-06,1.4149093190346856e-06,-3.17298416e-06,-4.67740719e-06,4.92815994e-06,0.0,0.0,0.0,1.8063541959970848e-06,4.126928773685272e-06,-4.550356816622573e-06,1.8039690532325043e-06,4.124241622602625e-06,-4.548812296972664e-06,2.540474154964301e-16,-4.8493845793357374e-14,1.0262327537643957e-13,N,mm/s,N s,"all 217 exterior nodes vs true wall triangles, increment orientation"
0.0010707,51.43106834310855,130,441,880,639.9654553049248,,,180.39733886698136,412.4252319334344,-454.8824157713773,-2.524054149920603e-06,-2.7612710543617e-06,1.4149664451268745e-06,-3.17295984e-06,-4.6774346e-06,4.92816065e-06,0.0,0.0,0.0,1.8063541959970848e-06,4.126928773685272e-06,-4.550356816622573e-06,1.803968442882615e-06,4.1242410122527355e-06,-4.548811686622775e-06,-4.0398322047227294e-14,8.501988684199348e-14,7.866334672404843e-14,N,mm/s,N s,"all 217 exterior nodes vs true wall triangles, increment orientation"
0.0010708,51.50466344238686,130,441,880,639.9653357155698,,,180.39727783182505,412.42514038070004,-454.88235473622103,-2.5241558882762043e-06,-2.761382354341713e-06,1.4150234789109406e-06,-3.17293559e-06,-4.67746198e-06,4.9281613e-06,0.0,0.0,0.0,1.8063541959970848e-06,4.126928773685272e-06,-4.550356816622573e-06,1.8039678325327253e-06,4.124240096727902e-06,-4.5488110762728856e-06,-8.104293840562656e-14,-8.66274469556649e-14,5.469764215398996e-14,N,mm/s,N s,"all 217 exterior nodes vs true wall triangles, increment orientation"
0.0010708999999999,51.578246824854205,130,441,880,639.965240094484,,,180.39723205545783,412.42507934554374,-454.8822937010648,-2.5242574619699013e-06,-2.7614934741844867e-06,1.4150804203867378e-06,-3.17291139e-06,-4.67748934e-06,4.9281619e-06,0.0,0.0,0.0,1.8063541959970848e-06,4.126928773685272e-06,-4.550356816622573e-06,1.803967374770308e-06,4.124239486378013e-06,-4.548810465922996e-06,3.0907660921586496e-14,4.6914020926510855e-14,3.072617691285721e-14,N,mm/s,N s,"all 217 exterior nodes vs true wall triangles, increment orientation"
0.001071,51.65180955078763,130,441,880,639.9651205051324,0.0,-1.0,180.39717102030156,412.42498779280936,-454.8822326659086,-2.524358871001025e-06,-2.761604413889288e-06,1.4151372695538916e-06,-3.17288726e-06,-4.67751667e-06,4.92816245e-06,0.0,0.0,0.0,1.8063541959970848e-06,4.126928773685272e-06,-4.550356816622573e-06,1.8039667644204186e-06,4.124238570853178e-06,-4.548809855573108e-06,-9.721479509591725e-15,-1.2470561912893705e-13,6.748963706144397e-15,N,mm/s,N s,"all 217 exterior nodes vs true wall triangles, increment orientation"
0.0010711,51.72537077758536,130,441,880,639.9650205828108,,,180.39710998514525,412.4249267576531,-454.88217163075234,-2.5244601153695177e-06,-2.7617151734560523e-06,1.4151940264123682e-06,-3.17286318e-06,-4.67754396e-06,4.92816295e-06,0.0,0.0,0.0,1.8063541959970848e-06,4.126928773685272e-06,-4.550356816622573e-06,1.8039661540705289e-06,4.124237960503289e-06,-4.5488092452232185e-06,-5.0342897964906303e-14,8.863502684900663e-15,-1.7233982219555435e-14,N,mm/s,N s,"all 217 exterior nodes vs true wall triangles, increment orientation"
0.0010712,51.79890351029023,130,441,880,639.9649052947001,,,180.39706420877803,412.4248352049187,-454.8821105955961,-2.52456119507491e-06,-2.7618257528842675e-06,1.4152506909619055e-06,-3.17283916e-06,-4.67757123e-06,4.9281634e-06,0.0,0.0,0.0,1.8063541959970848e-06,4.126928773685272e-06,-4.550356816622573e-06,1.8039656963081117e-06,4.1242370449784556e-06,-4.548808634873329e-06,6.163086750165592e-14,-1.627285249434997e-13,-4.122264646468218e-14,N,mm/s,N s,"all 217 exterior nodes vs true wall triangles, increment orientation"
0.0010712999999999,51.87241939439989,130,441,880,639.9648053723811,,,180.39700317362173,412.42477416976243,-454.88204956043984,-2.524662110116939e-06,-2.761936152173646e-06,1.4153072632023566e-06,-3.1728152e-06,-4.67759848e-06,4.9281638e-06,0.0,0.0,0.0,1.8063541959970848e-06,4.126928773685272e-06,-4.550356816622573e-06,1.803965085958222e-06,4.124236434628566e-06,-4.548808024523441e-06,2.102486123433311e-14,-2.9131833901294753e-14,-6.521701547670868e-14,N,mm/s,N s,"all 217 exterior nodes vs true wall triangles, increment orientation"
0.0010714,51.94591964037423,130,441,880,639.9647054500641,,,180.39694213846545,412.4247131346062,-454.8819885252836,-2.5247628604949285e-06,-2.762046371323449e-06,1.4153637431333411e-06,-3.17279131e-06,-4.67762569e-06,4.92816415e-06,0.0,0.0,0.0,1.8063541959970848e-06,4.126928773685272e-06,-4.550356816622573e-06,1.8039644756083325e-06,4.124235824278677e-06,-4.5488074141735515e-06,-1.9573454397345106e-14,1.0447861210894065e-13,-8.921707485607484e-14,N,mm/s,N s,"all 217 exterior nodes vs true wall triangles, increment orientation"
0.0010715,52.01940171754912,130,441,880,639.9645858607217,0.0,-1.0,180.39688110330917,412.42462158187175,-454.88192749012734,-2.5248634462088173e-06,-2.762156410333608e-06,1.4154201307548258e-06,-3.17276747e-06,-4.67765288e-06,4.92816444e-06,0.0,0.0,0.0,1.8063541959970848e-06,4.126928773685272e-06,-4.550356816622573e-06,1.8039638652584432e-06,4.124234908753843e-06,-4.548806803823662e-06,-6.016408934601586e-14,-6.707215485053306e-14,-1.1322280850915465e-13,N,mm/s,N s,"all 217 exterior nodes vs true wall triangles, increment orientation"
0.0010716,52.0928785923232,130,441,880,639.9644685479815,,,180.39683532694193,412.4245605467155,-454.88183593739296,-2.524963867258136e-06,-2.762266269203608e-06,1.4154764260665462e-06,-3.17274369e-06,-4.67768004e-06,4.92816469e-06,0.0,0.0,0.0,1.8063541959970848e-06,4.126928773685272e-06,-4.550356816622573e-06,1.8039634074960256e-06,4.124234298403953e-06,-4.548805888298829e-06,5.184041664026812e-14,6.656573587422634e-14,1.679407413373961e-13,N,mm/s,N s,"all 217 exterior nodes vs true wall triangles, increment orientation"
0.0010716999999999,52.16632682248068,130,441,880,639.9643489586415,,,180.39677429178565,412.4244689939811,-454.8817749022367,-2.5250641236426093e-06,-2.762375947933151e-06,1.4155326290683498e-06,-3.17271997e-06,-4.67770717e-06,4.92816488e-06,0.0,0.0,0.0,1.8063541959970848e-06,4.126928773685272e-06,-4.550356816622573e-06,1.8039627971461363e-06,4.12423338287912e-06,-4.5488052779489394e-06,1.126510981156912e-14,-1.0495762702830485e-13,1.4392369894743748e-13,N,mm/s,N s,"all 217 exterior nodes vs true wall triangles, increment orientation"
0.0010718,52.23977501515876,130,441,880,639.9642490363303,,,180.39671325662934,412.4244079588248,-454.88171386708046,-2.525164215361569e-06,-2.7624854465215044e-06,1.41558873975986e-06,-3.17269631e-06,-4.67773427e-06,4.92816502e-06,0.0,0.0,0.0,1.8063541959970848e-06,4.126928773685272e-06,-4.550356816622573e-06,1.8039621867962466e-06,4.12423277252923e-06,-4.54880466759905e-06,-2.9302548944890885e-14,2.8707625401749697e-14,1.1990102463541258e-13,N,mm/s,N s,"all 217 exterior nodes vs true wall triangles, increment orientation"
0.0010719,52.31318957968771,130,441,880,639.9641294469943,,,180.39665222147306,412.42431640609044,-454.8816528319242,-2.525264142414941e-06,-2.762594764968588e-06,1.4156447581410375e-06,-3.17267271e-06,-4.67776135e-06,4.92816511e-06,0.0,0.0,0.0,1.8063541959970848e-06,4.126928773685272e-06,-4.550356816622573e-06,1.803961576446357e-06,4.124231857004396e-06,-4.548804057249161e-06,-6.986256936999079e-14,-1.427884164530678e-13,9.587273280088149e-14,N,mm/s,N s,"all 217 exterior nodes vs true wall triangles, increment orientation"
0.001072,52.386603960130856,130,441,880,639.9640338259185,0.0,-1.0,180.39660644510585,412.4242553709342,-454.88159179676796,-2.5253639048022524e-06,-2.7627039032738844e-06,1.415700684211616e-06,-3.17264917e-06,-4.6777884e-06,4.92816515e-06,0.0,0.0,0.0,1.8063541959970848e-06,4.126928773685272e-06,-4.550356816622573e-06,1.80396111868394e-06,4.124231246654507e-06,-4.5488034468992716e-06,4.217250984700786e-14,-9.095885326946933e-15,7.183883784340431e-14,N,mm/s,N s,"all 217 exterior nodes vs true wall triangles, increment orientation"
0.0010720999999999,52.459997787062505,130,441,880,639.963914236586,,,180.39654540994954,412.42416381819976,-454.8815307616117,-2.5254635025232306e-06,-2.7628128614370936e-06,1.4157565179714417e-06,-3.17262569e-06,-4.67781542e-06,4.92816514e-06,0.0,0.0,0.0,1.8063541959970848e-06,4.126928773685272e-06,-4.550356816622573e-06,1.8039605083340502e-06,4.1242303311296725e-06,-4.548802836549382e-06,1.6277334738596955e-15,-1.8056468999031253e-13,4.779935162144231e-14,N,mm/s,N s,"all 217 exterior nodes vs true wall triangles, increment orientation"
0.0010722,52.53336681083787,130,441,880,639.9638143142811,,,180.39648437479326,412.4241027830435,-454.8814697264555,-2.525562935577198e-06,-2.7629216394574767e-06,1.4158122594201368e-06,-3.17260227e-06,-4.67784241e-06,4.92816507e-06,0.0,0.0,0.0,1.8063541959970848e-06,4.126928773685272e-06,-4.550356816622573e-06,1.8039598979841607e-06,4.124229720779783e-06,-4.548802226199494e-06,-3.890943633166389e-14,-4.684496233032121e-14,2.3754291075654427e-14,N,mm/s,N s,"all 217 exterior nodes vs true wall triangles, increment orientation"
0.0010723,52.60673052243388,130,441,880,639.9637143919781,,,180.39642333963695,412.42404174788726,-454.88140869129927,-2.5256622039640764e-06,-2.7630302373349464e-06,1.415867908557656e-06,-3.17257891e-06,-4.67786937e-06,4.92816496e-06,0.0,0.0,0.0,1.8063541959970848e-06,4.126928773685272e-06,-4.550356816622573e-06,1.803959287634271e-06,4.124229110429895e-06,-4.5488016158496045e-06,-7.94390099457165e-14,8.688833140935333e-14,-2.9632939439923345e-16,N,mm/s,N s,"all 217 exterior nodes vs true wall triangles, increment orientation"
0.0010724,52.6800775826552,130,441,880,639.9635991038807,,,180.39637756326974,412.4239501951529,-454.881347656143,-2.5257613076833946e-06,-2.763138655068988e-06,1.4159234653837351e-06,-3.17255561e-06,-4.67789631e-06,4.92816479e-06,0.0,0.0,0.0,1.8063541959970848e-06,4.126928773685272e-06,-4.550356816622573e-06,1.8039588298718538e-06,4.1242281949050605e-06,-4.548801005499716e-06,3.262647436595679e-14,-8.453977416792964e-14,-2.435249793025741e-14,N,mm/s,N s,"all 217 exterior nodes vs true wall triangles, increment orientation"
0.0010724999999999,52.75340758368768,130,441,880,639.9634991815806,0.0,-1.0,180.39631652811346,412.4238891599966,-454.88128662098677,-2.5258602467348665e-06,-2.7632468926592884e-06,1.4159789298982147e-06,-3.17253236e-06,-4.67792322e-06,4.92816458e-06,0.0,0.0,0.0,1.8063541959970848e-06,4.126928773685272e-06,-4.550356816622573e-06,1.8039582195219645e-06,4.124227584555171e-06,-4.548800395149827e-06,-7.88793862888939e-15,4.9220590744739143e-14,-4.841419674422821e-14,N,mm/s,N s,"all 217 exterior nodes vs true wall triangles, increment orientation"
0.0010726,52.82672072850276,130,441,880,639.9633795922572,,,180.39625549295715,412.4237976072622,-454.8812255858305,-2.525959021117822e-06,-2.7633549501051146e-06,1.4160343021007188e-06,-3.17250918e-06,-4.6779501e-06,4.92816431e-06,0.0,0.0,0.0,1.8063541959970848e-06,4.126928773685272e-06,-4.550356816622573e-06,1.8039576091720748e-06,4.124226669030338e-06,-4.5487997847999375e-06,-4.839478804303306e-14,-1.22180485164164e-13,-7.248141313081742e-14,N,mm/s,N s,"all 217 exterior nodes vs true wall triangles, increment orientation"
0.0010727,52.90002203522239,130,441,880,639.9632839711879,,,180.39620971658994,412.42373657210595,-454.88116455067427,-2.5260576308321714e-06,-2.763462827406368e-06,1.4160895819911964e-06,-3.17248606e-06,-4.67797695e-06,4.92816399e-06,0.0,0.0,0.0,1.8063541959970848e-06,4.126928773685272e-06,-4.550356816622573e-06,1.8039571514096576e-06,4.124226058680448e-06,-4.548799174450048e-06,6.369338955184659e-14,1.160686706523726e-14,-9.65541335374979e-14,N,mm/s,N s,"all 217 exterior nodes vs true wall triangles, increment orientation"
0.0010728,52.97330267757426,130,441,880,639.9631643818681,,,180.39614868143363,412.4236450193715,-454.881103515518,-2.52615607587744e-06,-2.76357052456253e-06,1.4161447695693825e-06,-3.172463e-06,-4.67800378e-06,4.92816362e-06,0.0,0.0,0.0,1.8063541959970848e-06,4.126928773685272e-06,-4.550356816622573e-06,1.803956541059768e-06,4.124225143155614e-06,-4.548798564100159e-06,2.3201638288229492e-14,-1.5976726303154783e-13,-1.2063234187064363e-13,N,mm/s,N s,"all 217 exterior nodes vs true wall triangles, increment orientation"
0.0010729,53.04657026838669,130,441,880,639.9630427679044,,,180.39608764627735,412.42358398421527,-454.88101196278365,-2.5262543562532424e-06,-2.7636780415731798e-06,1.4161998648350606e-06,-3.17243999e-06,-4.67803057e-06,4.92816319e-06,0.0,0.0,0.0,1.8063541959970848e-06,4.126928773685272e-06,-4.550356816622573e-06,1.8039559307098784e-06,4.124224532805725e-06,-4.5487976485753254e-06,-1.728258009962944e-14,-2.595300734167588e-14,1.6045891879605664e-13,N,mm/s,N s,"all 217 exterior nodes vs true wall triangles, increment orientation"
0.001073,53.1198144100025,130,441,880,639.9629428456119,0.0,-1.0,180.39602661112104,412.423522949059,-454.8809509276274,-2.5263524719591968e-06,-2.763785378437897e-06,1.416254867788016e-06,-3.17241705e-06,-4.67805734e-06,4.92816272e-06,0.0,0.0,0.0,1.8063541959970848e-06,4.126928773685272e-06,-4.550356816622573e-06,1.8039553203599887e-06,4.1242239224558354e-06,-4.548797038225436e-06,-5.775927662315852e-14,1.0787467043227826e-13,1.363697761145948e-13,N,mm/s,N s,"all 217 exterior nodes vs true wall triangles, increment orientation"
0.0010731,53.19304817551219,130,441,880,639.9628275575217,,,180.39598083475383,412.4234313963246,-454.88088989247115,-2.526450422994917e-06,-2.763892535156261e-06,1.4163097784280329e-06,-3.17239416e-06,-4.67808409e-06,4.9281622e-06,0.0,0.0,0.0,1.8063541959970848e-06,4.126928773685272e-06,-4.550356816622573e-06,1.8039548625975715e-06,4.124223006931001e-06,-4.548796427875547e-06,5.435901151068837e-14,-6.345919680039204e-14,1.1227518785831506e-13,N,mm/s,N s,"all 217 exterior nodes vs true wall triangles, increment orientation"
0.0010731999999999,53.26626497409416,130,441,880,639.962727635232,,,180.39591979959755,412.42337036116834,-454.8808288573149,-2.5265482093601204e-06,-2.7639995117279636e-06,1.4163645967549529e-06,-3.17237134e-06,-4.6781108e-06,4.92816162e-06,0.0,0.0,0.0,1.8063541959970848e-06,4.126928773685272e-06,-4.550356816622573e-06,1.803954252247682e-06,4.124222396581112e-06,-4.5487958175256576e-06,1.3897328646149377e-14,7.039526076722249e-14,8.817516673271164e-14,N,mm/s,N s,"all 217 exterior nodes vs true wall triangles, increment orientation"
0.0010733,53.33947799106742,130,441,880,639.9626080459202,,,180.39585876444124,412.42327880843396,-454.88076782215865,-2.5266458310541237e-06,-2.7641063081522537e-06,1.4164193227683922e-06,-3.17234857e-06,-4.67813749e-06,4.92816099e-06,0.0,0.0,0.0,1.8063541959970848e-06,4.126928773685272e-06,-4.550356816622573e-06,1.8039536418977923e-06,4.124221481056278e-06,-4.548795207175768e-06,-2.6556863482520574e-14,-1.0091186732936889e-13,6.406972967844347e-14,N,mm/s,N s,"all 217 exterior nodes vs true wall triangles, increment orientation"
0.0010734,53.4126597489043,130,441,880,639.962508123634,,,180.39579772928496,412.42321777327766,-454.88070678700245,-2.5267432880768346e-06,-2.764212924429033e-06,1.4164739564682998e-06,-3.17232587e-06,-4.67816414e-06,4.92816031e-06,0.0,0.0,0.0,1.8063541959970848e-06,4.126928773685272e-06,-4.550356816622573e-06,1.803953031547903e-06,4.124220870706388e-06,-4.54879459682588e-06,-6.700357482795861e-14,3.296928532861131e-14,3.995888940100476e-14,N,mm/s,N s,"all 217 exterior nodes vs true wall triangles, increment orientation"
0.0010735,53.485826060105765,130,441,880,639.9623928355489,0.0,-1.0,180.39575195291772,412.4231262205433,-454.8806457518462,-2.526840580427768e-06,-2.7643193605577723e-06,1.416528497854404e-06,-3.17230322e-06,-4.67819078e-06,4.92815959e-06,0.0,0.0,0.0,1.8063541959970848e-06,4.126928773685272e-06,-4.550356816622573e-06,1.8039525737854854e-06,4.124219955181555e-06,-4.5487939864759906e-06,4.514465549705724e-14,-1.3831118748816292e-13,1.584266114698857e-14,N,mm/s,N s,"all 217 exterior nodes vs true wall triangles, increment orientation"
0.0010735999999999,53.55898838573083,130,441,880,639.9622929132655,,,180.39569091776144,412.42306518538703,-454.88058471668995,-2.526937708106629e-06,-2.764425616538145e-06,1.4165829469265387e-06,-3.17228063e-06,-4.67821738e-06,4.9281588e-06,0.0,0.0,0.0,1.8063541959970848e-06,4.126928773685272e-06,-4.550356816622573e-06,1.8039519634355961e-06,4.124219344831665e-06,-4.548793376126102e-06,4.712873107314561e-15,-4.403419360914096e-15,-8.278942378110894e-15,N,mm/s,N s,"all 217 exterior nodes vs true wall triangles, increment orientation"
0.0010737,53.63211931404386,130,441,880,639.9621733239613,,,180.39562988260516,412.4229736326526,-454.8805236815337,-2.5270346711127377e-06,-2.7645316923694107e-06,1.4166373036843232e-06,-3.17225811e-06,-4.67824395e-06,4.92815797e-06,0.0,0.0,0.0,1.8063541959970848e-06,4.126928773685272e-06,-4.550356816622573e-06,1.8039513530857066e-06,4.124218429306831e-06,-4.548792765776213e-06,-3.5711460474689965e-14,-1.7565732244819885e-13,-3.240590423363469e-14,N,mm/s,N s,"all 217 exterior nodes vs true wall triangles, increment orientation"
0.0010738,53.70525282468757,130,441,880,639.9620734016816,,,180.39556884744886,412.42291259749635,-454.88046264637745,-2.527131469445997e-06,-2.764637588051463e-06,1.4166915681277036e-06,-3.17223564e-06,-4.6782705e-06,4.92815709e-06,0.0,0.0,0.0,1.8063541959970848e-06,4.126928773685272e-06,-4.550356816622573e-06,1.803950742735817e-06,4.1242178189569426e-06,-4.5487921554263235e-06,-7.612835562510994e-14,-4.172302440200908e-14,-5.653821086705566e-14,N,mm/s,N s,"all 217 exterior nodes vs true wall triangles, increment orientation"
0.0010739,53.77835026705496,130,441,880,639.9619777806233,,,180.39552307108164,412.4228515623401,-454.8804016112212,-2.527228103105916e-06,-2.7647433035837616e-06,1.4167457402564037e-06,-3.17221323e-06,-4.67829702e-06,4.92815615e-06,0.0,0.0,0.0,1.8063541959970848e-06,4.126928773685272e-06,-4.550356816622573e-06,1.8039502849733998e-06,4.124217208607053e-06,-4.548791545076434e-06,3.604964939030956e-14,9.222450683991565e-14,-8.06758495728796e-14,N,mm/s,N s,"all 217 exterior nodes vs true wall triangles, increment orientation"
0.0010739999999999,53.85144882613727,130,441,880,639.9618581913243,0.0,-1.0,180.39546203592533,412.42276000960567,-454.88034057606495,-2.5273245720921984e-06,-2.7648488389659857e-06,1.4167998200702577e-06,-3.17219088e-06,-4.67832351e-06,4.92815517e-06,0.0,0.0,0.0,1.8063541959970848e-06,4.126928773685272e-06,-4.550356816622573e-06,1.80394967462351e-06,4.124216293082219e-06,-4.548790934726545e-06,-4.352401084193312e-15,-7.89896941190654e-14,-1.048188042574805e-13,N,mm/s,N s,"all 217 exterior nodes vs true wall triangles, increment orientation"
0.0010741,53.92453174275371,130,441,880,639.9617582690491,,,180.39540100076906,412.4226989744494,-454.8802795409087,-2.5274208764041614e-06,-2.764954194197387e-06,1.4168538075688826e-06,-3.17216859e-06,-4.67834998e-06,4.92815413e-06,0.0,0.0,0.0,1.8063541959970848e-06,4.126928773685272e-06,-4.550356816622573e-06,1.8039490642736205e-06,4.12421568273233e-06,-4.548790324376656e-06,-4.4747044679088917e-14,5.498424252795703e-14,-1.2896706136833122e-13,N,mm/s,N s,"all 217 exterior nodes vs true wall triangles, increment orientation"
0.0010742,53.9975948071968,130,441,880,639.9616212892935,,,180.39535522440184,412.42260742171504,-454.8801879881743,-2.5275170160416997e-06,-2.7650593692778496e-06,1.4169077027522198e-06,-3.17214636e-06,-4.67837641e-06,4.92815304e-06,0.0,0.0,0.0,1.8063541959970848e-06,4.126928773685272e-06,-4.550356816622573e-06,1.8039486065112034e-06,4.124214767207496e-06,-4.548789408851822e-06,6.745318012811943e-14,-1.1620359283647484e-13,1.520543377149454e-13,N,mm/s,N s,"all 217 exterior nodes vs true wall triangles, increment orientation"
0.0010743,54.07063233512754,130,441,880,639.9615213670205,,,180.39529418924553,412.42254638655874,-454.8801269530181,-2.527612991004321e-06,-2.7651643642068363e-06,1.4169615056199931e-06,-3.17212419e-06,-4.67840282e-06,4.9281519e-06,0.0,0.0,0.0,1.8063541959970848e-06,4.126928773685272e-06,-4.550356816622573e-06,1.8039479961613137e-06,4.124214156857606e-06,-4.548788798501933e-06,2.7073318528702834e-14,1.779666535938352e-14,1.2789551979730833e-13,N,mm/s,N s,"all 217 exterior nodes vs true wall triangles, increment orientation"
0.0010743999999999,54.14366068520496,130,441,880,639.9614017777278,,,180.39523315408925,412.42245483382436,-454.8800659178618,-2.5277088012917224e-06,-2.7652691789840153e-06,1.4170152161720331e-06,-3.17210208e-06,-4.6784292e-06,4.92815071e-06,0.0,0.0,0.0,1.8063541959970848e-06,4.126928773685272e-06,-4.550356816622573e-06,1.8039473858114244e-06,4.1242132413327725e-06,-4.548788188152044e-06,-1.3299167743083783e-14,-1.5336488996082684e-13,1.0373144265210174e-13,N,mm/s,N s,"all 217 exterior nodes vs true wall triangles, increment orientation"
0.0010745,54.21667602847123,130,441,880,639.9613018554586,0.0,-1.0,180.39517211893295,412.4223937986681,-454.8800048827056,-2.527804446903221e-06,-2.7653738136086398e-06,1.4170688344079569e-06,-3.17208003e-06,-4.67845556e-06,4.92814947e-06,0.0,0.0,0.0,1.8063541959970848e-06,4.126928773685272e-06,-4.550356816622573e-06,1.8039467754615347e-06,4.124212630982883e-06,-4.548787577802155e-06,-5.3664289698668734e-14,-1.9338391531295487e-14,7.956211898481986e-14,N,mm/s,N s,"all 217 exterior nodes vs true wall triangles, increment orientation"
0.0010746,54.28967450348368,130,441,880,639.9612062344066,,,180.39512634256573,412.4223327635118,-454.8799438475494,-2.5278999278387043e-06,-2.765478268080585e-06,1.4171223603277007e-06,-3.17205804e-06,-4.67848188e-06,4.92814818e-06,0.0,0.0,0.0,1.8063541959970848e-06,4.126928773685272e-06,-4.550356816622573e-06,1.8039463176991175e-06,4.124212020632994e-06,-4.548786967452266e-06,5.856541566675233e-14,1.1470119525133684e-13,5.538756658315458e-14,N,mm/s,N s,"all 217 exterior nodes vs true wall triangles, increment orientation"
0.0010747,54.36265824598268,130,441,880,639.9610866451192,,,180.39506530740942,412.42224121077743,-454.87988281239313,-2.5279952440976784e-06,-2.765582542399314e-06,1.4171757939309889e-06,-3.17203611e-06,-4.67850818e-06,4.92814683e-06,0.0,0.0,0.0,1.8063541959970848e-06,4.126928773685272e-06,-4.550356816622573e-06,1.8039457073492278e-06,4.1242111051081595e-06,-4.548786357102377e-06,1.8214992062142842e-14,-5.6421095856603546e-14,3.1207797305567164e-14,N,mm/s,N s,"all 217 exterior nodes vs true wall triangles, increment orientation"
0.0010747999999999,54.435621653967445,130,441,880,639.9609867228545,,,180.39500427225315,412.4221801756212,-454.8798217772369,-2.5280903956798384e-06,-2.765686636564489e-06,1.4172291352176488e-06,-3.17201424e-06,-4.67853445e-06,4.92814544e-06,0.0,0.0,0.0,1.8063541959970848e-06,4.126928773685272e-06,-4.550356816622573e-06,1.8039450969993383e-06,4.12421049475827e-06,-4.548785746752488e-06,-2.212809814296755e-14,7.764460579882558e-14,7.02282555161771e-15,N,mm/s,N s,"all 217 exterior nodes vs true wall triangles, increment orientation"
0.0010749,54.50858345120826,130,441,880,639.960867133571,,,180.39494323709687,412.42208862288675,-454.87976074208063,-2.5281853825844946e-06,-2.7657905505753595e-06,1.417282384187295e-06,-3.17199243e-06,-4.6785607e-06,4.92814399e-06,0.0,0.0,0.0,1.8063541959970848e-06,4.126928773685272e-06,-4.550356816622573e-06,1.8039444866494488e-06,4.124209579233437e-06,-4.548785136402599e-06,-6.246386511297422e-14,-9.345161109389948e-14,-1.7167331738034836e-14,N,mm/s,N s,"all 217 exterior nodes vs true wall triangles, increment orientation"
0.001075,54.58151434148967,130,441,880,639.9607715125229,0.0,-1.0,180.39489746072962,412.4220275877305,-454.8796997069244,-2.52828020481153e-06,-2.7658942844317946e-06,1.4173355408398623e-06,-3.17197068e-06,-4.67858691e-06,4.92814249e-06,0.0,0.0,0.0,1.8063541959970848e-06,4.126928773685272e-06,-4.550356816622573e-06,1.8039440288870314e-06,4.1242089688835474e-06,-4.5487845260527095e-06,4.979515225110305e-14,4.0640121578064663e-14,-4.136266355196216e-14,N,mm/s,N s,"all 217 exterior nodes vs true wall triangles, increment orientation"
0.0010751,54.65443313447957,130,441,880,639.960651923243,,,180.39483642557335,412.4219360349961,-454.87963867176813,-2.528374862360449e-06,-2.7659978381332534e-06,1.4173886051750718e-06,-3.17194898e-06,-4.6786131e-06,4.92814094e-06,0.0,0.0,0.0,1.8063541959970848e-06,4.126928773685272e-06,-4.550356816622573e-06,1.8039434185371419e-06,4.124208053358713e-06,-4.54878391570282e-06,9.473999140535358e-15,-1.304301058027398e-13,-6.556315210247236e-14,N,mm/s,N s,"all 217 exterior nodes vs true wall triangles, increment orientation"
0.0010752,54.72733143665372,130,441,880,639.9605520009845,,,180.39477539041704,412.4218749998398,-454.8795776366119,-2.5284693552308448e-06,-2.7661012116792907e-06,1.4174415771926957e-06,-3.17192735e-06,-4.67863926e-06,4.92813934e-06,0.0,0.0,0.0,1.8063541959970848e-06,4.126928773685272e-06,-4.550356816622573e-06,1.8039428081872522e-06,4.124207443008824e-06,-4.548783305352931e-06,-3.083986313393884e-14,3.687574876530542e-15,-8.976878637813714e-14,N,mm/s,N s,"all 217 exterior nodes vs true wall triangles, increment orientation"
0.0010753,54.800228280933126,130,441,880,639.9604324117087,,,180.39471435526076,412.42178344710544,-454.87951660145563,-2.5285636834223115e-06,-2.7662044050694627e-06,1.417494456892507e-06,-3.17190578e-06,-4.67866539e-06,4.92813769e-06,0.0,0.0,0.0,1.8063541959970848e-06,4.126928773685272e-06,-4.550356816622573e-06,1.8039421978373627e-06,4.12420652748399e-06,-4.5487826950030425e-06,-7.114644431319844e-14,-1.673567451545492e-13,-1.1397955113236343e-13,N,mm/s,N s,"all 217 exterior nodes vs true wall triangles, increment orientation"
0.0010754,54.87309406011968,130,441,880,639.9603150989777,,,180.39466857889354,412.4217224119492,-454.87942504872126,-2.528657846934446e-06,-2.766307418303328e-06,1.4175472442742797e-06,-3.17188426e-06,-4.6786915e-06,4.92813598e-06,0.0,0.0,0.0,1.8063541959970848e-06,4.126928773685272e-06,-4.550356816622573e-06,1.8039417400749457e-06,4.124205917134101e-06,-4.548781779478208e-06,4.114171712525324e-14,-3.3213198630168556e-14,1.6697951479632475e-13,N,mm/s,N s,"all 217 exterior nodes vs true wall triangles, increment orientation"
0.0010754999999999,54.945961931678646,130,441,880,639.9602151767236,0.0,-1.0,180.39460754373724,412.42166137679294,-454.879364013565,-2.5287518457669286e-06,-2.7664102513805367e-06,1.4175999393378332e-06,-3.17186281e-06,-4.67871757e-06,4.92813423e-06,0.0,0.0,0.0,1.8063541959970848e-06,4.126928773685272e-06,-4.550356816622573e-06,1.803941129725056e-06,4.124205306784212e-06,-4.548781169128319e-06,8.496657374126035e-16,1.0094324905303171e-13,1.4275853397772162e-13,N,mm/s,N s,"all 217 exterior nodes vs true wall triangles, increment orientation"
0.0010756,55.01879252922686,130,441,880,639.9600955874517,,,180.39454650858096,412.4215698240585,-454.87930297840876,-2.5288456799190757e-06,-2.766512904300341e-06,1.4176525420827856e-06,-3.17184141e-06,-4.67874362e-06,4.92813242e-06,0.0,0.0,0.0,1.8063541959970848e-06,4.126928773685272e-06,-4.550356816622573e-06,1.8039405193751665e-06,4.124204391259377e-06,-4.5487805587784304e-06,-3.9435136530707195e-14,-7.006236750158913e-14,1.1853246587923728e-13,N,mm/s,N s,"all 217 exterior nodes vs true wall triangles, increment orientation"
0.0010757,55.09162689394295,130,441,880,639.9599956652011,,,180.39448547342465,412.42150878890226,-454.8792419432525,-2.528939349390756e-06,-2.766615377062598e-06,1.4177050525090635e-06,-3.17182008e-06,-4.67876964e-06,4.92813057e-06,0.0,0.0,0.0,1.8063541959970848e-06,4.126928773685272e-06,-4.550356816622573e-06,1.8039399090252768e-06,4.124203780909488e-06,-4.548779948428541e-06,-7.9712700267018e-14,6.41198198188123e-14,9.430132574746479e-14,N,mm/s,N s,"all 217 exterior nodes vs true wall triangles, increment orientation"
0.0010758,55.16442770697557,130,441,880,639.9598803771414,,,180.39443969705744,412.4214172361679,-454.8791809080963,-2.5290328541814664e-06,-2.7667176696667574e-06,1.417757470616385e-06,-3.1717988e-06,-4.67879564e-06,4.92812866e-06,0.0,0.0,0.0,1.8063541959970848e-06,4.126928773685272e-06,-4.550356816622573e-06,1.8039394512628596e-06,4.1242028653846546e-06,-4.548779338078653e-06,3.26044366862516e-14,-1.068600969091559e-13,7.006512628789834e-14,N,mm/s,N s,"all 217 exterior nodes vs true wall triangles, increment orientation"
0.0010758999999999,55.23722411217464,130,441,880,639.9597804548936,,,180.39437866190113,412.4213562010116,-454.87911987294007,-2.5291261942908876e-06,-2.7668197821124685e-06,1.4178097964045696e-06,-3.17177759e-06,-4.6788216e-06,4.9281267e-06,0.0,0.0,0.0,1.8063541959970848e-06,4.126928773685272e-06,-4.550356816622573e-06,1.8039388409129699e-06,4.124202255034764e-06,-4.548778727728763e-06,-7.658680903143778e-15,2.734774703921786e-14,4.5823885288229834e-14,N,mm/s,N s,"all 217 exterior nodes vs true wall triangles, increment orientation"
0.001076,55.310007743839456,130,441,880,639.9596608656292,0.0,-1.0,180.39431762674485,412.4212646482772,-454.8790588377838,-2.5292193697183302e-06,-2.766921714398977e-06,1.417862029873231e-06,-3.17175643e-06,-4.67884754e-06,4.92812469e-06,0.0,0.0,0.0,1.8063541959970848e-06,4.126928773685272e-06,-4.550356816622573e-06,1.8039382305630804e-06,4.124201339509931e-06,-4.548778117378874e-06,-4.7914591300949206e-14,-1.4360655456539242e-13,2.1577613759887586e-14,N,mm/s,N s,"all 217 exterior nodes vs true wall triangles, increment orientation"
0.0010761,55.382766845384985,130,441,880,639.9595652445912,,,180.39427185037763,412.42120361312095,-454.87899780262757,-2.5293123804636583e-06,-2.7670234665261364e-06,1.417914171022295e-06,-3.17173533e-06,-4.67887345e-06,4.92812262e-06,0.0,0.0,0.0,1.8063541959970848e-06,4.126928773685272e-06,-4.550356816622573e-06,1.8039377728006632e-06,4.124200729160042e-06,-4.548777507028985e-06,6.4424167015332e-14,-9.373135304209263e-15,-2.673672203502408e-15,N,mm/s,N s,"all 217 exterior nodes vs true wall triangles, increment orientation"
0.0010762,55.45550471311034,130,441,880,639.9594456553302,,,180.39421081522133,412.4211120603865,-454.8789367674713,-2.5294052265263674e-06,-2.767125038493393e-06,1.417966219851477e-06,-3.1717143e-06,-4.67889934e-06,4.92812051e-06,0.0,0.0,0.0,1.8063541959970848e-06,4.126928773685272e-06,-4.550356816622573e-06,1.8039371624507735e-06,4.124199813635207e-06,-4.5487768966790956e-06,2.4182639025212716e-14,-1.8030190479469046e-13,-2.6929959896445938e-14,N,mm/s,N s,"all 217 exterior nodes vs true wall triangles, increment orientation"
0.0010762999999999,55.52823886545466,130,441,880,639.9593457330888,,,180.39414978006505,412.42105102523027,-454.87887573231507,-2.5294979079061294e-06,-2.767226430300389e-06,1.4180181763605939e-06,-3.17169332e-06,-4.67892519e-06,4.92811835e-06,0.0,0.0,0.0,1.8063541959970848e-06,4.126928773685272e-06,-4.550356816622573e-06,1.803936552100884e-06,4.124199203285319e-06,-4.548776286329206e-06,-1.6051712690019196e-14,-4.6042993229926735e-14,-5.119123237828406e-14,N,mm/s,N s,"all 217 exterior nodes vs true wall triangles, increment orientation"
0.0010764,55.600954880044696,130,441,880,639.9592458108492,,,180.39408874490874,412.420989990074,-454.8788146971588,-2.529590424602255e-06,-2.7673276419463683e-06,1.4180700405492585e-06,-3.1716724e-06,-4.67895102e-06,4.92811613e-06,0.0,0.0,0.0,1.8063541959970848e-06,4.126928773685272e-06,-4.550356816622573e-06,1.8039359417509943e-06,4.1241985929354295e-06,-4.548775675979318e-06,-5.6278899777066757e-14,8.822863145234233e-14,-7.545747948462141e-14,N,mm/s,N s,"all 217 exterior nodes vs true wall triangles, increment orientation"
0.0010765,55.67365377308444,130,441,880,639.9591305227978,0.0,-1.0,180.39404296854153,412.4208984373396,-454.87875366200257,-2.529682776614604e-06,-2.7674286734311805e-06,1.418121812417393e-06,-3.17165154e-06,-4.67897682e-06,4.92811386e-06,0.0,0.0,0.0,1.8063541959970848e-06,4.126928773685272e-06,-4.550356816622573e-06,1.8039354839885773e-06,4.124197677410595e-06,-4.5487750656294285e-06,5.6088540345357904e-14,-8.266199529749106e-14,-9.972868173370019e-14,N,mm/s,N s,"all 217 exterior nodes vs true wall triangles, increment orientation"
0.0010766,55.74633718177667,130,441,880,639.9590306005608,,,180.39398193338525,412.42083740218334,-454.8786926268463,-2.5297749639426645e-06,-2.7675295247542635e-06,1.41817349196471e-06,-3.17163075e-06,-4.67900259e-06,4.92811154e-06,0.0,0.0,0.0,1.8063541959970848e-06,4.126928773685272e-06,-4.550356816622573e-06,1.8039348736386878e-06,4.124197067060706e-06,-4.548774455279539e-06,1.5875652445009416e-14,5.163499632748238e-14,-1.240048281140921e-13,N,mm/s,N s,"all 217 exterior nodes vs true wall triangles, increment orientation"
0.0010766999999999,55.81900245151464,130,441,880,639.9588893196135,,,180.39392089822894,412.42074584944896,-454.87860107411194,-2.529866986586112e-06,-2.7676301959152626e-06,1.4182250791910274e-06,-3.17161001e-06,-4.67902834e-06,4.92810917e-06,0.0,0.0,0.0,1.8063541959970848e-06,4.126928773685272e-06,-4.550356816622573e-06,1.803934263288798e-06,4.124196151535872e-06,-4.548773539754706e-06,-2.4330101743857296e-14,-1.1923030498426105e-13,1.5688904168864592e-13,N,mm/s,N s,"all 217 exterior nodes vs true wall triangles, increment orientation"
0.0010768,55.89166474270367,130,441,880,639.9587893973797,,,180.39385986307266,412.42068481429266,-454.8785400389557,-2.529958844544247e-06,-2.7677306869134127e-06,1.4182765740959536e-06,-3.17158933e-06,-4.67905406e-06,4.92810675e-06,0.0,0.0,0.0,1.8063541959970848e-06,4.126928773685272e-06,-4.550356816622573e-06,1.8039336529389086e-06,4.124195541185982e-06,-4.5487729294048164e-06,-6.452873280915407e-14,1.5091968880122028e-14,1.3260305109134103e-13,N,mm/s,N s,"all 217 exterior nodes vs true wall triangles, increment orientation"
0.0010769,55.96430004094219,130,441,880,639.9586741093323,,,180.39381408670542,412.4205932615583,-454.8784790037995,-2.5300505378169253e-06,-2.767830997748557e-06,1.418327976679408e-06,-3.17156871e-06,-4.67907975e-06,4.92810428e-06,0.0,0.0,0.0,1.8063541959970848e-06,4.126928773685272e-06,-4.550356816622573e-06,1.8039331951764912e-06,4.124194625661149e-06,-4.548772319054928e-06,4.786722098337401e-14,-1.5574809000276028e-13,1.0831216125546921e-13,N,mm/s,N s,"all 217 exterior nodes vs true wall triangles, increment orientation"
0.001077,56.03691202729916,130,441,880,639.9585741871014,0.0,-1.0,180.39375305154914,412.42053222640203,-454.87841796864325,-2.5301420664036345e-06,-2.7679311284201326e-06,1.4183792869411022e-06,-3.17154815e-06,-4.67910541e-06,4.92810175e-06,0.0,0.0,0.0,1.8063541959970848e-06,4.126928773685272e-06,-4.550356816622573e-06,1.8039325848266017e-06,4.1241940153112594e-06,-4.548771708705039e-06,7.682804613239817e-15,-2.1400614367097538e-14,8.401638573355763e-14,N,mm/s,N s,"all 217 exterior nodes vs true wall triangles, increment orientation"
0.0010770999999999,56.10951454043377,130,441,880,639.9584742648722,,,180.39369201639283,412.4204711912457,-454.878356933487,-2.5302334303040428e-06,-2.7680310789277784e-06,1.4184305048808511e-06,-3.17152765e-06,-4.67913104e-06,4.92809918e-06,0.0,0.0,0.0,1.8063541959970848e-06,4.126928773685272e-06,-4.550356816622573e-06,1.803931974476712e-06,4.12419340496137e-06,-4.5487710983551494e-06,-3.2494520185301725e-14,1.1295942869640361e-13,5.97157389251664e-14,N,mm/s,N s,"all 217 exterior nodes vs true wall triangles, increment orientation"
0.0010772,56.18210811207879,130,441,880,639.9583546756286,,,180.39363098123656,412.42037963851135,-454.87829589833075,-2.530324629517449e-06,-2.7681308492707285e-06,1.4184816304982615e-06,-3.17150721e-06,-4.67915665e-06,4.92809655e-06,0.0,0.0,0.0,1.8063541959970848e-06,4.126928773685272e-06,-4.550356816622573e-06,1.8039313641268225e-06,4.124192489436536e-06,-4.54877048800526e-06,-7.266476357664598e-14,-5.784292451483167e-14,3.54102352298556e-14,N,mm/s,N s,"all 217 exterior nodes vs true wall triangles, increment orientation"
0.0010773,56.25468187088742,130,441,880,639.9582590546017,,,180.39358520486934,412.4203186033551,-454.8782348631745,-2.5304156640437065e-06,-2.7682304394488195e-06,1.418532663793251e-06,-3.17148682e-06,-4.67918223e-06,4.92809387e-06,0.0,0.0,0.0,1.8063541959970848e-06,4.126928773685272e-06,-4.550356816622573e-06,1.8039309063644055e-06,4.1241918790866465e-06,-4.548769877655371e-06,3.975953553818725e-14,7.654219411204e-14,1.1099889047185355e-14,N,mm/s,N s,"all 217 exterior nodes vs true wall triangles, increment orientation"
0.0010774,56.32724553479692,130,441,880,639.9581394653616,,,180.39352416971303,412.42022705062067,-454.87817382801825,-2.5305065338822945e-06,-2.768329849461483e-06,1.4185836047655275e-06,-3.1714665e-06,-4.67920778e-06,4.92809114e-06,0.0,0.0,0.0,1.8063541959970848e-06,4.126928773685272e-06,-4.550356816622573e-06,1.8039302960145156e-06,4.124190963561812e-06,-4.5487692673054816e-06,-3.9657849656385847e-16,-9.423512504043918e-14,-1.321528607031719e-14,N,mm/s,N s,"all 217 exterior nodes vs true wall triangles, increment orientation"
0.0010775,56.39977678670649,130,441,880,639.9580395431389,0.0,-1.0,180.39346313455675,412.4201660154644,-454.878112792862,-2.53059723903279e-06,-2.7684290793082566e-06,1.4186344534148545e-06,-3.17144624e-06,-4.67923331e-06,4.92808836e-06,0.0,0.0,0.0,1.8063541959970848e-06,4.126928773685272e-06,-4.550356816622573e-06,1.8039296856646263e-06,4.124190353211924e-06,-4.548768656955593e-06,-4.054564204082026e-14,4.017498698760712e-14,-3.753527487605898e-14,N,mm/s,N s,"all 217 exterior nodes vs true wall triangles, increment orientation"
0.0010776,56.47231145095723,130,441,880,639.9579199539028,,,180.39340209940045,412.42007446273004,-454.87805175770575,-2.530687779494763e-06,-2.7685281289886694e-06,1.4186852097409904e-06,-3.17142604e-06,-4.67925881e-06,4.92808553e-06,0.0,0.0,0.0,1.8063541959970848e-06,4.126928773685272e-06,-4.550356816622573e-06,1.8039290753147366e-06,4.124189437687089e-06,-4.548768046605704e-06,-8.068766695304322e-14,-1.305773811153448e-13,-6.186006381751286e-14,N,mm/s,N s,"all 217 exterior nodes vs true wall triangles, increment orientation"
0.0010777,56.54481383932082,130,441,880,639.9578243328796,,,180.39335632303323,412.42001342757374,-454.8779907225495,-2.530778155267784e-06,-2.768626998502252e-06,1.4187358737436948e-06,-3.17140589e-06,-4.67928428e-06,4.92808265e-06,0.0,0.0,0.0,1.8063541959970848e-06,4.126928773685272e-06,-4.550356816622573e-06,1.8039286175523194e-06,4.1241888273372e-06,-4.5487674362558145e-06,3.176480913629691e-14,3.857641304647313e-15,-8.618963764808578e-14,N,mm/s,N s,"all 217 exterior nodes vs true wall triangles, increment orientation"
0.0010777999999999,56.61730971686147,130,441,880,639.957704743647,,,180.39329528787692,412.41992187483936,-454.87792968739325,-2.5308683663515123e-06,-2.7687256878486313e-06,1.4187864454227763e-06,-3.17138581e-06,-4.67930972e-06,4.92807971e-06,0.0,0.0,0.0,1.8063541959970848e-06,4.126928773685272e-06,-4.550356816622573e-06,1.8039280072024297e-06,4.1241879118123666e-06,-4.548766825905925e-06,-8.36316942856173e-15,-1.668698579109732e-13,-1.1052398281525058e-13,N,mm/s,N s,"all 217 exterior nodes vs true wall triangles, increment orientation"
0.0010779,56.6897912201856,130,441,880,639.9576048214306,,,180.39323425272065,412.4198608396831,-454.877868652237,-2.5309584127452504e-06,-2.768824197027044e-06,1.4188369247778437e-06,-3.17136579e-06,-4.67933513e-06,4.92807673e-06,0.0,0.0,0.0,1.8063541959970848e-06,4.126928773685272e-06,-4.550356816622573e-06,1.8039273968525402e-06,4.124187301462477e-06,-4.548766215556036e-06,-4.848414006633126e-14,-3.241000980233003e-14,-1.3486308407241422e-13,N,mm/s,N s,"all 217 exterior nodes vs true wall triangles, increment orientation"
0.001078,56.76224558294569,130,441,880,639.9574875087063,0.0,-1.0,180.39318847635343,412.41979980452686,-454.8777770995027,-2.531048294448836e-06,-2.768922526037313e-06,1.418887311808807e-06,-3.17134582e-06,-4.67936052e-06,4.92807369e-06,0.0,0.0,0.0,1.8063541959970848e-06,4.126928773685272e-06,-4.550356816622573e-06,1.803926939090123e-06,4.124186691112588e-06,-4.548765300031203e-06,6.398935853372677e-14,1.0206221853987021e-13,1.4596801635376752e-13,N,mm/s,N s,"all 217 exterior nodes vs true wall triangles, increment orientation"
0.0010781,56.8346930670274,130,441,880,639.9573679194777,,,180.39312744119712,412.41970825179243,-454.87771606434643,-2.531138011461741e-06,-2.769020674878862e-06,1.4189376065153697e-06,-3.17132592e-06,-4.67938588e-06,4.9280706e-06,0.0,0.0,0.0,1.8063541959970848e-06,4.126928773685272e-06,-4.550356816622573e-06,1.8039263287402333e-06,4.124185775587754e-06,-4.548764689681314e-06,2.3882371139366987e-14,-6.862813573991437e-14,1.2161944526825359e-13,N,mm/s,N s,"all 217 exterior nodes vs true wall triangles, increment orientation"
0.0010781999999999,56.90713145092478,130,441,880,639.9572679972655,,,180.39306640604084,412.4196472166362,-454.8776550291902,-2.5312275637836284e-06,-2.7691186435513188e-06,1.418987808897342e-06,-3.17130607e-06,-4.67941121e-06,4.92806746e-06,0.0,0.0,0.0,1.8063541959970848e-06,4.126928773685272e-06,-4.550356816622573e-06,1.8039257183903438e-06,4.124185165237864e-06,-4.548764079331425e-06,-1.621764009163921e-14,6.58687954711596e-14,9.726616044438818e-14,N,mm/s,N s,"all 217 exterior nodes vs true wall triangles, increment orientation"
0.0010783,56.97954393294409,130,441,880,639.9571484080409,,,180.39300537088454,412.4195556639018,-454.87759399403393,-2.53131695141379e-06,-2.769216432053911e-06,1.419037918954328e-06,-3.17128629e-06,-4.67943652e-06,4.92806427e-06,0.0,0.0,0.0,1.8063541959970848e-06,4.126928773685272e-06,-4.550356816622573e-06,1.803925108040454e-06,4.124184249713031e-06,-4.5487634689815354e-06,-5.6310685958961895e-14,-1.0479689744436567e-13,7.290817712876435e-14,N,mm/s,N s,"all 217 exterior nodes vs true wall triangles, increment orientation"
0.0010784,57.051943523850376,130,441,880,639.957052787024,,,180.39295959451732,412.4194946287455,-454.8775329588777,-2.5314061743520614e-06,-2.7693140403864588e-06,1.419087936686235e-06,-3.17126656e-06,-4.67946179e-06,4.92806103e-06,0.0,0.0,0.0,1.8063541959970848e-06,4.126928773685272e-06,-4.550356816622573e-06,1.803924650278037e-06,4.124183639363141e-06,-4.548762858631646e-06,5.619069548341209e-14,2.9724651932287304e-14,4.8545508873909255e-14,N,mm/s,N s,"all 217 exterior nodes vs true wall triangles, increment orientation"
0.0010785,57.12432713306639,130,441,880,639.956933197803,0.0,-1.0,180.39289855936104,412.4194030760111,-454.87747192372143,-2.5314952325979137e-06,-2.7694114685483825e-06,1.4191378620927662e-06,-3.1712469e-06,-4.67948704e-06,4.92805774e-06,0.0,0.0,0.0,1.8063541959970848e-06,4.126928773685272e-06,-4.550356816622573e-06,1.8039240399281476e-06,4.124182723838307e-06,-4.548762248281757e-06,1.611154963851208e-14,-1.4091646516930633e-13,2.4178169232350055e-14,N,mm/s,N s,"all 217 exterior nodes vs true wall triangles, increment orientation"
0.0010785999999999,57.196692837836274,130,441,880,639.9568332755971,,,180.39283752420474,412.4193420408549,-454.8774108885652,-2.5315841261509987e-06,-2.769508716539304e-06,1.4191876951737282e-06,-3.17122729e-06,-4.67951226e-06,4.92805439e-06,0.0,0.0,0.0,1.8063541959970848e-06,4.126928773685272e-06,-4.550356816622573e-06,1.803923429578258e-06,4.124182113488418e-06,-4.5487616379318676e-06,-2.396066260643994e-14,-6.370379789270245e-15,-1.938257022872543e-16,N,mm/s,N s,"all 217 exterior nodes vs true wall triangles, increment orientation"
0.0010787,57.26904388567519,130,441,880,639.95671368638,,,180.39277648904846,412.41925048812044,-454.87734985340893,-2.531672855010615e-06,-2.769605784358452e-06,1.419237435928725e-06,-3.17120775e-06,-4.67953746e-06,4.92805099e-06,0.0,0.0,0.0,1.8063541959970848e-06,4.126928773685272e-06,-4.550356816622573e-06,1.8039228192283684e-06,4.1241811979635835e-06,-4.548761027581979e-06,-6.402595099232287e-14,-1.7698700323912813e-13,-2.4570463224508465e-14,N,mm/s,N s,"all 217 exterior nodes vs true wall triangles, increment orientation"
0.0010788,57.34139126480721,130,441,880,639.956618065367,,,180.3927307126812,412.4191894529642,-454.8772888182527,-2.5317614191765864e-06,-2.769702672005636e-06,1.41928708435766e-06,-3.17118826e-06,-4.67956262e-06,4.92804755e-06,0.0,0.0,0.0,1.8063541959970848e-06,4.126928773685272e-06,-4.550356816622573e-06,1.803922361465951e-06,4.124180587613694e-06,-4.54876041723209e-06,4.850314579160175e-14,-4.241646655900365e-14,-4.895172639365463e-14,N,mm/s,N s,"all 217 exterior nodes vs true wall triangles, increment orientation"
0.0010789,57.41370852628608,130,441,880,639.9565181431657,,,180.39266967752494,412.41912841780794,-454.87722778309643,-2.5318498186483844e-06,-2.769799379480276e-06,1.4193366404602356e-06,-3.17116883e-06,-4.67958776e-06,4.92804405e-06,0.0,0.0,0.0,1.8063541959970848e-06,4.126928773685272e-06,-4.550356816622573e-06,1.8039217511160615e-06,4.124179977263806e-06,-4.5487598068822006e-06,8.45167272484678e-15,9.216626739556128e-14,-7.333760335126449e-14,N,mm/s,N s,"all 217 exterior nodes vs true wall triangles, increment orientation"
0.0010789999999999,57.4860104477866,130,441,880,639.9563985539538,0.0,-1.0,180.39260864236863,412.4190368650735,-454.8771667479402,-2.5319380534256545e-06,-2.7698959067819873e-06,1.419386104236255e-06,-3.17114946e-06,-4.67961288e-06,4.9280405e-06,0.0,0.0,0.0,1.8063541959970848e-06,4.126928773685272e-06,-4.550356816622573e-06,1.8039211407661718e-06,4.1241790617389715e-06,-4.548759196532311e-06,-3.159290888184933e-14,-7.841377016020584e-14,-9.772807969777794e-14,N,mm/s,N s,"all 217 exterior nodes vs true wall triangles, increment orientation"
0.0010791,57.55830802321808,130,441,880,639.9562986317562,,,180.39254760721235,412.41897582991726,-454.877105712784,-2.532026123507689e-06,-2.769992253909994e-06,1.4194354756853193e-06,-3.17113016e-06,-4.67963796e-06,4.9280369e-06,0.0,0.0,0.0,1.8063541959970848e-06,4.126928773685272e-06,-4.550356816622573e-06,1.8039205304162823e-06,4.124178451389082e-06,-4.548758586182423e-06,-7.163060855760724e-14,5.619329058060424e-14,-1.2212313933956899e-13,N,mm/s,N s,"all 217 exterior nodes vs true wall triangles, increment orientation"
0.0010792,57.63057852839194,130,441,880,639.9561616520227,,,180.39250183084513,412.4188842771829,-454.8770141600496,-2.532114028894312e-06,-2.7700884208641035e-06,1.419484754807331e-06,-3.17111091e-06,-4.67966302e-06,4.92803324e-06,0.0,0.0,0.0,1.8063541959970848e-06,4.126928773685272e-06,-4.550356816622573e-06,1.8039200726538651e-06,4.124177535864249e-06,-4.548757670657589e-06,4.0926035431827984e-14,-1.1436246084649921e-13,1.586521754967066e-13,N,mm/s,N s,"all 217 exterior nodes vs true wall triangles, increment orientation"
0.0010793,57.70283064180634,130,441,880,639.9560617298273,,,180.39244079568883,412.4188232420266,-454.87695312489336,-2.53220176958499e-06,-2.7701844076437303e-06,1.4195339416019896e-06,-3.17109172e-06,-4.67968805e-06,4.92802954e-06,0.0,0.0,0.0,1.8063541959970848e-06,4.126928773685272e-06,-4.550356816622573e-06,1.8039194623039754e-06,4.1241769255143585e-06,-4.5487570603077e-06,9.020670071780172e-16,2.0268844518360127e-14,1.3424799076897477e-13,N,mm/s,N s,"all 217 exterior nodes vs true wall triangles, increment orientation"
0.0010793999999999,57.77508014609053,130,441,880,639.9559421406219,,,180.39237976053255,412.4187316892922,-454.8768920897371,-2.5322893455793613e-06,-2.7702802142484847e-06,1.4195830360690948e-06,-3.17107259e-06,-4.67971305e-06,4.92802578e-06,0.0,0.0,0.0,1.8063541959970848e-06,4.126928773685272e-06,-4.550356816622573e-06,1.8039188519540861e-06,4.124176009989525e-06,-4.548756449957811e-06,-3.911505103851103e-14,-1.5026270378930848e-13,1.0983926509761273e-13,N,mm/s,N s,"all 217 exterior nodes vs true wall triangles, increment orientation"
0.0010795,57.84729724349049,130,441,880,639.95584221843,0.0,-1.0,180.39231872537624,412.41867065413595,-454.87683105458086,-2.5323767568767228e-06,-2.7703758406775897e-06,1.4196320382082508e-06,-3.17105352e-06,-4.67973802e-06,4.92802198e-06,0.0,0.0,0.0,1.8063541959970848e-06,4.126928773685272e-06,-4.550356816622573e-06,1.8039182416041964e-06,4.124175399639636e-06,-4.5487558396079214e-06,-7.912533014018395e-14,-1.5607235962595764e-14,8.542601288218056e-14,N,mm/s,N s,"all 217 exterior nodes vs true wall triangles, increment orientation"
0.0010796,57.91951295369525,130,441,880,639.9557465974242,,,180.39227294900903,412.41860961897964,-454.8767700194246,-2.532464003476884e-06,-2.7704712869308424e-06,1.4196809480193507e-06,-3.17103451e-06,-4.67976297e-06,4.92801812e-06,0.0,0.0,0.0,1.8063541959970848e-06,4.126928773685272e-06,-4.550356816622573e-06,1.8039177838417793e-06,4.124174789289746e-06,-4.548755229258032e-06,3.345869228344714e-14,1.1906027921372575e-13,6.100824767520541e-14,N,mm/s,N s,"all 217 exterior nodes vs true wall triangles, increment orientation"
0.0010796999999999,57.99171293924166,130,441,880,639.9556270082239,,,180.39221191385272,412.41851806624527,-454.87670898426836,-2.5325510853793988e-06,-2.7705665530077536e-06,1.4197297655021461e-06,-3.17101556e-06,-4.67978789e-06,4.92801421e-06,0.0,0.0,0.0,1.8063541959970848e-06,4.126928773685272e-06,-4.550356816622573e-06,1.8039171734918895e-06,4.124173873764912e-06,-4.548754618908143e-06,-6.537939635137854e-15,-5.143511942181994e-14,3.658598472328035e-14,N,mm/s,N s,"all 217 exterior nodes vs true wall triangles, increment orientation"
0.0010798,58.0638830773134,130,441,880,639.9555270860367,,,180.39215087869644,412.418457031089,-454.8766479491121,-2.532638002583558e-06,-2.770661638907546e-06,1.419778490656237e-06,-3.17099667e-06,-4.67981278e-06,4.92801025e-06,0.0,0.0,0.0,1.8063541959970848e-06,4.126928773685272e-06,-4.550356816622573e-06,1.803916563142e-06,4.124173263415023e-06,-4.5487540085582544e-06,-4.6527763102892816e-14,8.325643454954465e-14,1.2159237578932523e-14,N,mm/s,N s,"all 217 exterior nodes vs true wall triangles, increment orientation"
0.0010799,58.13604916257268,130,441,880,639.955411798023,,,180.39210510232923,412.4183654783546,-454.87658691395586,-2.5327247550891697e-06,-2.770756544630011e-06,1.4198271234815172e-06,-3.17097784e-06,-4.67983765e-06,4.92800624e-06,0.0,0.0,0.0,1.8063541959970848e-06,4.126928773685272e-06,-4.550356816622573e-06,1.8039161053795829e-06,4.1241723478901884e-06,-4.548753398208365e-06,6.60766831909207e-14,-8.721496933667122e-14,-1.227197766421207e-14,N,mm/s,N s,"all 217 exterior nodes vs true wall triangles, increment orientation"
0.00108,58.20819717513259,130,441,880,639.9553118758384,0.0,-1.0,180.39204406717292,412.41830444319834,-454.8765258787996,-2.5328113428956967e-06,-2.7708512701745604e-06,1.419875663977685e-06,-3.17095906e-06,-4.67986248e-06,4.92800217e-06,0.0,0.0,0.0,1.8063541959970848e-06,4.126928773685272e-06,-4.550356816622573e-06,1.8039154950296931e-06,4.1241717375403e-06,-4.548752787858476e-06,2.6100443167024383e-14,4.7500539573474675e-14,-3.670764914769217e-14,N,mm/s,N s,"all 217 exterior nodes vs true wall triangles, increment orientation"
