time_s,cycle_fraction,rp_x_mm,rp_y_mm,rp_z_mm,center_x_mm,center_y_mm,center_z_mm,head_x_mm,head_y_mm,head_z_mm,tail_x_mm,tail_y_mm,tail_z_mm,B_x_T,B_y_T,B_z_T,axis_x,axis_y,axis_z,tangent_x,tangent_y,tangent_z,e1_x,e1_y,e1_z,e2_x,e2_y,e2_z,directed_tilt_deg,robot_phase_deg,delta_s_mm,Vt_mm_s,contact_state
0.0,0.0,-7.468174204284,-3.676918015967,-9.550745259298,-7.503637597261565,-3.522140556662843,-9.61695124203758,-8.679950042377012,-3.527604016100925,-9.84571782691083,-6.364578218325229,-3.812902185414518,-9.282106018151085,-0.0019882955673857,-0.0053173734554316,0.0082323884913301,0.9647382600215763,-0.11887423721399708,0.2348382536498942,0.9901291831965912,0.07930162550662628,0.11556579413675062,-0.11519690449062567,-0.009226373623232928,0.9932998274567162,0.0798365441275403,-0.996807968578588,0.0,13.36237457089361,0.0,0.0,0.0,NONE
9.999949725170154e-06,0.0002999984917551046,-7.468174204282505,-3.676918015963012,-9.550745259305543,-7.503637597261565,-3.522140556662843,-9.61695124203758,-8.67995004036524,-3.5276040120639447,-9.845717833135303,-6.364578220154547,-3.812902189083482,-9.28210601249671,-0.001983053678745553,-0.00531152546645943,0.008237426498996232,0.9647382584211223,-0.11887424042480732,0.23483825859941407,0.9901291831965912,0.07930162550662628,0.11556579413675062,-0.11519690449062567,-0.009226373623232928,0.9932998274567162,0.0798365441275403,-0.996807968578588,0.0,13.362374885074257,-6.698278946931483e-07,9.254819133275305e-13,3.693821391729024e-07,NONE
1.9999899450340308e-05,0.0005999969835102092,-7.468174204260177,-3.6769180159035084,-9.55074525941827,-7.503637597261565,-3.522140556662843,-9.61695124203758,-8.679950010314759,-3.5276039518119515,-9.84571792613735,-6.364578247479644,-3.812902243842855,-9.282105928012697,-0.0019777693898342117,-0.005305604996900915,0.008242510773877927,0.964738234514631,-0.11887428834620986,0.23483833255193876,0.9901291831965912,0.07930162550662628,0.11556579413675062,-0.11519690449062567,-0.009226373623232928,0.9932998274567162,0.0798365441275403,-0.996807968578588,0.0,13.362379576741612,-1.0684544615188689e-05,1.4724221841788676e-11,2.937890976332226e-06,NONE
2.9999850085005164e-05,0.0008999955025501549,-7.468174204163882,-3.6769180156471903,-9.550745259904605,-7.503637597261565,-3.522140556662843,-9.61695124203758,-8.679949880710199,-3.527603692188616,-9.845718327364938,-6.3645783653299155,-3.812902479798871,-9.282105563533483,-0.001972495720262214,-0.005299671070391558,0.008247590386240063,0.9647381314084513,-0.11887449483760634,0.23483865159643985,0.9901291831965912,0.07930162550662628,0.11556579413675062,-0.11519690449062567,-0.009226373623232928,0.9932998274567162,0.0798365441275403,-0.996807968578588,0.0,13.362399804959827,-5.3921167608570145e-05,7.419131975439086e-11,9.857848052651867e-06,NONE
3.9999798900680616e-05,0.0011999939670204185,-7.468174203905895,-3.6769180149613505,-9.550745261207993,-7.503637597261565,-3.522140556662843,-9.61695124203758,-8.679949533483391,-3.5276029972820755,-9.845719402632158,-6.36457868106552,-3.812903111358002,-9.282104586749888,-0.00196723269020444,-0.005293723709635842,0.008252665316649503,0.964737855174113,-0.11887504753163604,0.23483950661761216,0.9901291831965912,0.07930162550662628,0.11556579413675062,-0.11519690449062567,-0.009226373623232928,0.9932998274567162,0.0798365441275403,-0.996807968578588,0.0,13.362453980988509,-0.00016987904272731157,2.333937487719595e-10,2.3230810326769734e-05,NONE
4.9999751354334876e-05,0.0014999925406300463,-7.468174203364621,-3.676918013524255,-9.550745263943515,-7.503637597261565,-3.522140556662843,-9.61695124203758,-8.679948804975416,-3.5276015407154766,-9.845721659312835,-6.364579343502582,-3.8129044351454473,-9.282102536758536,-0.0019619803154915525,-0.005287762932515556,0.008257735549842757,0.9647372756136811,-0.11887620601248772,0.23484130106429096,0.9901291831965912,0.07930162550662628,0.11556579413675062,-0.11519690449062567,-0.009226373623232928,0.9932998274567162,0.0798365441275403,-0.996807968578588,0.0,13.362567608097601,-0.0004134230139680273,5.67155211683712e-10,4.5108122798800414e-05,NONE
5.999970017001033e-05,0.0017999910051003098,-7.468174202385297,-3.676918010927515,-9.550745268894502,-7.503637597261565,-3.522140556662843,-9.61695124203758,-8.679947486894477,-3.5275989079284837,-9.845725743528897,-6.364580542042187,-3.8129068279318417,-9.282098826616007,-0.0019567386186067712,-0.005281788764546557,0.00826280106411623,0.9647362270217877,-0.11887830000139903,0.23484454871370414,0.9901291831965912,0.07930162550662628,0.11556579413675062,-0.11519690449062567,-0.009226373623232928,0.9932998274567162,0.0798365441275403,-0.996807968578588,0.0,13.362773121816108,-0.0008545221395431123,1.1705729718869406e-09,7.749185347222052e-05,NONE
6.999965262366459e-05,0.0020999895787099376,-7.468174200780696,-3.6769180066784406,-9.550745277009128,-7.503637597261565,-3.522140556662843,-9.61695124203758,-8.679945327268204,-3.5275945984521484,-9.845732437328039,-6.364582505804431,-3.812910744565966,-9.282092745902679,-0.001951507614360276,-0.005275801222608421,0.008267861845157768,0.9647345089432389,-0.11888172754742402,0.2348498714272334,0.9901291831965912,0.07930162550662628,0.11556579413675062,-0.11519690449062567,-0.009226373623232928,0.9932998274567162,0.0798365441275403,-0.996807968578588,0.0,13.363109730525327,-0.0015779814047653627,2.158520473471981e-09,0.000122336154498916,NONE
7.999959780136123e-05,0.002399987934040837,-7.46817419833181,-3.6769180002023925,-9.550745289397012,-7.503637597261565,-3.522140556662843,-9.61695124203758,-8.679942031385382,-3.527588028177647,-9.845742655856233,-6.364585502772068,-3.812916715913041,-9.282083463291336,-0.0019462873270411946,-0.005269800334517169,0.00827291786946545,0.9647318869222137,-0.11888695322308078,0.23485799690203973,0.9901291831965912,0.07930162550662628,0.11556579413675062,-0.11519690449062567,-0.009226373623232928,0.9932998274567162,0.0798365441275403,-0.996807968578588,0.0,13.363623256690273,-0.002683165126776713,3.665180159373449e-09,0.0001815491912313311,NONE
8.999955025501549e-05,0.0026999865076504648,-7.468174194788511,-3.67691799084512,-9.550745307325789,-7.503637597261565,-3.522140556662843,-9.61695124203758,-8.679937262724133,-3.5275785316133024,-9.845757444516332,-6.36458983894646,-3.812925346803671,-9.282070029128327,-0.0019410777676005754,-0.005263786112861405,0.008277969126432699,0.9647280932406971,-0.11889450632932028,0.23486975641166827,0.9901291831965912,0.07930162550662628,0.11556579413675062,-0.11519690449062567,-0.009226373623232928,0.9932998274567162,0.0798365441275403,-0.996807968578588,0.0,13.364365978948767,-0.00428370729773123,5.843597605803552e-09,0.00025699577632268993,NONE
9.999950270866975e-05,0.0029999850812600926,-7.468174189870193,-3.6769179778750845,-9.550745332217675,-7.503637597261565,-3.522140556662843,-9.61695124203758,-8.679930643859302,-3.5275653641433573,-9.845777976129117,-6.364595857522417,-3.8129373139811515,-9.282051378012525,-0.001935878958350445,-0.005257758583371395,0.008283015594431689,0.9647228276403688,-0.11890497909908089,0.23488608254858018,0.9901291831965912,0.07930162550662628,0.11556579413675062,-0.11519690449062567,-0.009226373623232928,0.9932998274567162,0.0798365441275403,-0.996807968578588,0.0,13.365396475162141,-0.0065072099509506185,8.86526230203799e-09,0.0003505006504271511,NONE
0.0001099994478863664,0.003299983436590992,-7.4681741832663695,-3.676917960485766,-9.550745365646025,-7.503637597261565,-3.522140556662843,-9.61695124203758,-8.679921757353107,-3.52754770427209,-9.845805548049045,-6.364603938078203,-3.8129533640621105,-9.282026331415503,-0.0019306909215332433,-0.0052517177718630955,0.0082880572518658,0.9647157580312098,-0.11891902491250851,0.234908006930642,0.9901291831965912,0.07930162550662628,0.11556579413675062,-0.11519690449062567,-0.009226373623232928,0.9932998274567162,0.0798365441275403,-0.996807968578588,0.0,13.366779466167158,-0.009494916286134168,1.2919727510052326e-08,0.00046385227884358717,NONE
0.00011999940034002066,0.0035999820102006197,-7.468174174637238,-3.676917937797991,-9.550745409331855,-7.503637597261565,-3.522140556662843,-9.61695124203758,-8.679910146603811,-3.527524655866591,-9.845841579320764,-6.364614495803705,-3.8129743114983925,-9.281993600264531,-0.001925513668032278,-0.005245663691009043,0.008293094088158414,0.9647065211667112,-0.11893735651325064,0.2349366579400967,0.9901291831965912,0.07930162550662628,0.11556579413675062,-0.11519690449062567,-0.009226373623232928,0.9932998274567162,0.0798365441275403,-0.996807968578588,0.0,13.36858566212048,-0.013401371061841414,1.8214272756722494e-08,0.0005988083705186667,NONE
0.0001299993455177173,0.003899980365531519,-7.468174163614189,-3.6769179088621966,-9.550745465140368,-7.503637597261565,-3.522140556662843,-9.61695124203758,-8.679895316679662,-3.5274952504168384,-9.84588760774785,-6.364627980741918,-3.8130010365230804,-9.281951787605525,-0.0019203472237767577,-0.005239596371129519,0.008298126078083981,0.9646947233073935,-0.11896074421093422,0.2349732583926349,0.9901291831965912,0.07930162550662628,0.11556579413675062,-0.11519690449062567,-0.009226373623232928,0.9932998274567162,0.0798365441275403,-0.996807968578588,0.0,13.370891607817617,-0.0183940440324993,2.4973616064016824e-08,0.0007571009057222169,NONE
0.00013999930524732918,0.004199979157419875,-7.468174149800244,-3.6769178726607334,-9.550745535077455,-7.503637597261565,-3.522140556662843,-9.61695124203758,-8.679876735082217,-3.5274584492369674,-9.845945287036951,-6.364644877094601,-3.81303448315014,-9.281899391197237,-0.0019151915958573354,-0.005233515820523503,0.00830315321474234,0.964679940828174,-0.11899001413048851,0.2350191232665476,0.9901291831965912,0.07930162550662628,0.11556579413675062,-0.11519690449062567,-0.009226373623232928,0.9932998274567162,0.0798365441275403,-0.996807968578588,0.0,13.373779534382964,-0.02465293289095818,3.3439706115245826e-08,0.000940443511334635,NONE
0.00014999925042502582,0.004499977512750775,-7.468174132770453,-3.6769178281101587,-9.550745621286156,-7.503637597261565,-3.522140556662843,-9.61695124203758,-8.67985383250097,-3.5274131457324,-9.846016383797819,-6.364665702535776,-3.8130756571140667,-9.281834806236677,-0.0019100468175971119,-0.005227422078492326,0.008308175465640848,0.9646617208188315,-0.11902604640902781,0.23507565731714242,0.9901291831965912,0.07930162550662628,0.11556579413675062,-0.11519690449062567,-0.009226373623232928,0.9932998274567162,0.0798365441275403,-0.996807968578588,0.0,13.377337207278392,-0.03237011609208344,4.387155527751929e-08,0.0011505386914047375,NONE
0.00015999919560272247,0.004799975868081674,-7.468174112072179,-3.676917774063436,-9.550745726043063,-7.503637597261565,-3.522140556662843,-9.61695124203758,-8.679826003463974,-3.5273581675936083,-9.84610277468997,-6.364691007619737,-3.813125623876172,-9.281756327950825,-0.0019049128997652006,-0.005221315157848054,0.008313192820254611,0.9646395816017653,-0.11906977345106833,0.23514435280797685,0.9901291831965912,0.07930162550662628,0.11556579413675062,-0.11519690449062567,-0.009226373623232928,0.9932998274567162,0.0798365441275403,-0.996807968578588,0.0,13.381657783710208,-0.0417492875168811,5.654519696918214e-08,0.0013890868202972068,NONE
0.00016999915533233434,0.00509997465997003,-7.468174087225324,-3.6769177093122734,-9.550745851754899,-7.503637597261565,-3.522140556662843,-9.61695124203758,-8.679792606999309,-3.5272922791142203,-9.846206443314722,-6.3647213751790535,-3.813185506517891,-9.281662154420609,-0.0018997898531553906,-0.005215195071373563,0.0083182052680471,0.9646130132584396,-0.11912217808486285,0.23522678703921387,0.9901291831965912,0.07930162550662628,0.11556579413675062,-0.11519690449062567,-0.009226373623232928,0.9932998274567162,0.0798365441275403,-0.996807968578588,0.0,13.386839661994788,-0.053005219194384876,7.175367855438708e-08,0.001657795668695857,NONE
0.00017999910051003098,0.0053999730153009295,-7.4681740577224245,-3.6769176325893183,-9.55074600095472,-7.503637597261565,-3.522140556662843,-9.61695124203758,-8.67975296712199,-3.527214183249997,-9.846329477387696,-6.364757419881331,-3.8132564838698104,-9.281550389148723,-0.0018946777108800514,-0.005209061858625208,0.008323212776621125,0.9645814780169414,-0.11918429192492233,0.2353246200995718,0.9901291831965912,0.07930162550662628,0.11556579413675062,-0.11519690449062567,-0.009226373623232928,0.9932998274567162,0.0798365441275403,-0.996807968578588,0.0,13.392986351733516,-0.06636320187160323,8.980721943885328e-08,0.001958391355541258,NONE
0.00018999904568772763,0.005699971370631829,-7.468174023028669,-3.676917542570375,-9.550746176298363,-7.503637597261565,-3.522140556662843,-9.61695124203758,-8.679706373367019,-3.527122524079591,-9.846474065590384,-6.364799787743767,-3.8133397882748317,-9.2814190439202,-0.0018895764836397734,-0.0052029155324981174,0.008328215335482355,0.9645444106763549,-0.11925719341468362,0.23543959236257644,0.9901291831965912,0.07930162550662628,0.11556579413675062,-0.11519690449062567,-0.009226373623232928,0.9932998274567162,0.0798365441275403,-0.996807968578588,0.0,13.400206323981196,-0.08205842162153222,1.110334402198987e-07,0.0022926292985329783,NONE
0.0001999990054173395,0.005999970162520185,-7.468173982581791,-3.676917437876706,-9.550746380560811,-7.503637597261565,-3.522140556662843,-9.61695124203758,-8.67965208116044,-3.5270158888780743,-9.846642494523485,-6.364849155795026,-3.8134367037041486,-9.281266041570145,-0.0018844861821597338,-0.005196756105857521,0.008333212934125719,0.964501218902255,-0.11934200617753091,0.23557352206389123,0.9901291831965912,0.07930162550662628,0.11556579413675062,-0.11519690449062567,-0.009226373623232928,0.9932998274567162,0.0798365441275403,-0.996807968578588,0.0,13.408612883571482,-0.10033526265588769,1.3577770019423951e-07,0.0026623078819020566,NONE
0.00020999895059503615,0.0062999685178510845,-7.468173935791785,-3.6769173170772786,-9.55074661663244,-7.503637597261565,-3.522140556662843,-9.61695124203758,-8.679589312104868,-3.52689281036337,-9.846837145700176,-6.364906231814643,-3.8135485637156576,-9.281089218714854,-0.001879406839340902,-0.005190583618514514,0.008338205540249439,0.9644512834542605,-0.11943989723011994,0.23572830291055044,0.9901291831965912,0.07930162550662628,0.11556579413675062,-0.11519690449062567,-0.009226373623232928,0.9932998274567162,0.0798365441275403,-0.996807968578588,0.0,13.41832404014688,-0.12144657803896722,1.6440363737046937e-07,0.003069282448753806,NONE
0.0002199988957727328,0.006599966873181984,-7.468173882040591,-3.676917178690668,-9.550746887515318,-7.503637597261565,-3.522140556662843,-9.61695124203758,-8.679517254211374,-3.526751769042925,-9.847060492382486,-6.364971754121263,-3.8136767493204164,-9.280886328625979,-0.0018743384658146775,-0.005184398083446189,0.008343193143390916,0.9643939583708797,-0.11955207511562134,0.23590590156521138,0.9901291831965912,0.07930162550662628,0.11556579413675062,-0.11519690449062567,-0.009226373623232928,0.9932998274567162,0.0798365441275403,-0.996807968578588,0.0,13.429462376183967,-0.14565288396644738,1.9729375111410263e-07,0.0035154786376074224,NONE
0.00022999885550234467,0.00689996566507034,-7.468173820681474,-3.676917021187843,-9.550747196319124,-7.503637597261565,-3.522140556662843,-9.61695124203758,-8.67943506202302,-3.526591195434105,-9.847315096337535,-6.365046491458919,-3.8138226869657976,-9.280655044176855,-0.001869281072237669,-0.0051781995136005,0.008348175733075995,0.9643285710683748,-0.11967978813820519,0.23610835506695,0.9901291831965912,0.07930162550662628,0.11556579413675062,-0.11519690449062567,-0.009226373623232928,0.9932998274567162,0.0798365441275403,-0.996807968578588,0.0,13.442154923244251,-0.17322146549639367,2.3485027611513942e-07,0.004002910282378142,NONE
0.0002399988006800413,0.007199964020401239,-7.468173751038395,-3.676916842993843,-9.550747546258124,-7.503637597261565,-3.522140556662843,-9.61695124203758,-8.679341856550163,-3.5264094721071793,-9.8476036047881,-6.365131243054769,-3.813987846678091,-9.28039296061398,-0.001864234691297866,-0.0051719879490411255,0.008353153277100386,0.964254422289748,-0.11982432273788012,0.236337768405883,0.9901291831965912,0.07930162550662628,0.11556579413675062,-0.11519690449062567,-0.009226373623232928,0.9932998274567162,0.0798365441275403,-0.996807968578588,0.0,13.456533055426677,-0.20442543346074074,2.7749601549942327e-07,0.004533693695287093,NONE
0.0002499987604096532,0.007499962812289596,-7.468173672405132,-3.6769166424901654,-9.55074794064595,-7.503637597261565,-3.522140556662843,-9.61695124203758,-8.679236725206346,-3.526204936396205,-9.847928747179928,-6.365226838675801,-3.8141737395981923,-9.280097598491071,-0.0018591993262384308,-0.005165763393759764,0.008358125772265147,0.964170786054394,-0.11998700133416142,0.23659631195369044,0.9901291831965912,0.07930162550662628,0.11556579413675062,-0.11519690449062567,-0.009226373623232928,0.9932998274567162,0.0798365441275403,-0.996807968578588,0.0,13.47273235747223,-0.2395427509951347,3.256756304637065e-07,0.005110066559036741,NONE
0.0002599986910354346,0.007799960731063038,-7.468173584044254,-3.676916418017096,-9.550748382893206,-7.503637597261565,-3.522140556662843,-9.61695124203758,-8.679118721515911,-3.5259758821292793,-9.848293331843415,-6.365334138893149,-3.814381916410268,-9.279766406704839,-0.001854175016908059,-0.005159525897074795,0.008363093179206239,0.9640769094261509,-0.12016918095041204,0.2368862188077398,0.9901291831965912,0.07930162550662628,0.11556579413675062,-0.11519690449062567,-0.009226373623232928,0.9932998274567162,0.0798365441275403,-0.996807968578588,0.0,13.490892534837112,-0.2788550769912517,3.798567380641771e-07,0.005734408091326856,NONE
0.0002699986507650465,0.008099959522951394,-7.468173485185932,-3.6769161678756985,-9.550748876502356,-7.503637597261565,-3.522140556662843,-9.61695124203758,-8.678986864858667,-3.5257205623062715,-9.848700242413164,-6.365454035312367,-3.814613964906883,-9.279396765745991,-0.0018491617519127471,-0.0051532754448407716,0.008368055509188666,0.9639720123109586,-0.12037225108358812,0.23720978194465567,0.9901291831965912,0.07930162550662628,0.11556579413675062,-0.11519690449062567,-0.009226373623232928,0.9932998274567162,0.0798365441275403,-0.996807968578588,0.0,13.511157286060232,-0.3226465970290284,4.4053153303025283e-07,0.006409255673878854,NONE
0.00027999861049465835,0.00839995831483975,-7.4681733750263986,-3.6769158903298615,-9.550749425064312,-7.503637597261565,-3.522140556662843,-9.61695124203758,-8.67884013986317,-3.5254371914129594,-9.849152434902088,-6.365587451123039,-3.8148715078853574,-9.278985990357416,-0.0018441595637038303,-0.005147012077400452,0.008373012730116357,0.9638552869750544,-0.12059763186349919,0.23756935189361364,0.9901291831965912,0.07930162550662628,0.11556579413675062,-0.11519690449062567,-0.009226373623232928,0.9932998274567162,0.0798365441275403,-0.996807968578588,0.0,13.533674211796972,-0.3712028639932489,5.082185410287821e-07,0.0071373239217370835,NONE
0.00028999854112043977,0.008699956233613193,-7.4681732527264755,-3.67691558360914,-9.550750032253434,-7.503637597261565,-3.522140556662843,-9.61695124203758,-8.678677495685202,-3.5251239474207234,-9.849652934461323,-6.3657353417530675,-3.8151562013320297,-9.278531332475454,-0.001839168484563989,-0.005140735835293048,0.008377964809971366,0.9637258974717229,-0.12084677246304439,0.23796733416077884,0.9901291831965912,0.07930162550662628,0.11556579413675062,-0.11519690449062567,-0.009226373623232928,0.9932998274567162,0.0798365441275403,-0.996807968578588,0.0,13.558594734516744,-0.4248094900974793,5.834644216662355e-07,0.007921532128001514,NONE
0.00029999850085005164,0.00899995502550155,-7.4681731174097505,-3.676915245910119,-9.550750701825253,-7.503637597261565,-3.522140556662843,-9.61695124203758,-8.678497845586152,-3.5247789742537314,-9.850204830528376,-6.365898695249179,-3.815469732177929,-9.27802998564426,-0.0018341885031744486,-0.005134446704285431,0.008382911759983772,0.9635829793070726,-0.12112114913508247,0.2384061853683817,0.9901291831965912,0.07930162550662628,0.11556579413675062,-0.11519690449062567,-0.009226373623232928,0.9932998274567162,0.0798365441275403,-0.996807968578588,0.0,13.586073964947257,-0.483750552226957,6.668459420211548e-07,0.008765017245089296,NONE
0.0003099984605796635,0.009299953817389905,-7.468172968160419,-3.6769148753990306,-9.55075143760965,-7.503637597261565,-3.522140556662843,-9.61695124203758,-8.678300065423521,-3.5244003843206153,-9.850811275753323,-6.366078533647533,-3.815813815998112,-9.277479085980719,-0.001829219651771706,-0.005128144724970474,0.008387853548156842,0.9634256382399948,-0.12142226319895702,0.23888841240525213,0.9901291831965912,0.07930162550662628,0.11556579413675062,-0.11519690449062567,-0.009226373623232928,0.9932998274567162,0.0798365441275403,-0.996807968578588,0.0,13.616270666582782,-0.5483075893019196,7.589726838119759e-07,0.009671161367599683,NONE
0.00031999839120544493,0.009599951736163348,-7.468172804021182,-3.6769144702141388,-9.550752243508812,-7.503637597261565,-3.522140556662843,-9.61695124203758,-8.67808299336378,-3.5239862603484413,-9.8514754789569,-6.366275913231206,-3.8161901953459765,-9.27687571858377,-0.001824261962422587,-0.005121829938136822,0.008392790142572472,0.9632529500552395,-0.12175163958230631,0.23941656682213658,0.9901291831965912,0.07930162550662628,0.11556579413675062,-0.11519690449062567,-0.009226373623232928,0.9932998274567162,0.0798365441275403,-0.996807968578588,0.0,13.649347103266264,-0.618757469676462,8.604891768015932e-07,0.01064361441415303,NONE
0.0003299983509350568,0.009899950528051704,-7.468172623990685,-3.676914028467105,-9.55075312349223,-7.503637597261565,-3.522140556662843,-9.61695124203758,-8.677845427680571,-3.5235346587414687,-9.852200705903748,-6.366491926530548,-3.8166006366969567,-9.276216916820653,-0.001819315423884373,-0.005115502329463833,0.008397721554425704,0.96306395881251,-0.12211082414812013,0.23999324545128992,0.9901291831965912,0.07930162550662628,0.11556579413675062,-0.11519690449062567,-0.009226373623232928,0.9932998274567162,0.0798365441275403,-0.996807968578588,0.0,13.685469028202778,-0.6953716879082719,9.72077900840418e-07,0.011686312719678538,NONE
0.0003399983106646687,0.01019994931994006,-7.468172427020622,-3.6769135482470814,-9.550754081590329,-7.503637597261565,-3.522140556662843,-9.61695124203758,-8.677586126487272,-3.5230436107569534,-9.852990270464707,-6.3667277025611995,-3.8170469293855147,-9.275499670363457,-0.0018143800681771607,-0.005109161939793309,0.008402647751819996,0.9628576766358635,-0.12250138276190062,0.24062108337552038,0.9901291831965912,0.07930162550662628,0.11556579413675062,-0.11519690449062567,-0.009226373623232928,0.9932998274567162,0.0798365441275403,-0.996807968578588,0.0,13.724805522054881,-0.778413791092718,1.0944625703501742e-06,0.012803508579995392,NONE
0.0003499982412904501,0.010499947238713503,-7.468172212013573,-3.6769130276195723,-9.550755121894015,-7.503637597261565,-3.522140556662843,-9.61695124203758,-8.677303804932606,-3.522511125909223,-9.853847536413815,-6.366984409373992,-3.817530882502781,-9.27472092355169,-0.0018094559271515564,-0.005102808810162046,0.008407568702938253,0.9626330814827561,-0.12292489858064926,0.24130275535921833,0.9901291831965912,0.07930162550662628,0.11556579413675062,-0.11519690449062567,-0.009226373623232928,0.9932998274567162,0.0798365441275403,-0.996807968578588,0.0,13.767529015339791,-0.8681387882862804,1.2284104098370108e-06,0.013999787318227921,NONE
0.00035999820102006197,0.010799946030601859,-7.468171977818687,-3.6769124646323474,-9.550756248546948,-7.503637597261565,-3.522140556662843,-9.61695124203758,-8.676997134861846,-3.521935193479553,-9.854775907634561,-6.367263254355253,-3.818054323532772,-9.273877584296926,-0.001804542989640425,-0.005096442926162256,0.008412484418940056,0.9623891168777478,-0.12338297085550802,0.2420409680573474,0.9901291831965912,0.07930162550662628,0.11556579413675062,-0.11519690449062567,-0.009226373623232928,0.9932998274567162,0.0798365441275403,-0.996807968578588,0.0,13.813815096597706,-0.9647904182072741,1.3747368612371247e-06,0.015280097211138155,NONE
0.00036999816074967384,0.011099944822490215,-7.468171723229292,-3.6769118573149866,-9.550757465740078,-7.503637597261565,-3.522140556662843,-9.61695124203758,-8.676664741648453,-3.521313786264568,-9.855778830079807,-6.367565487107744,-3.81861909493775,-9.272966522287422,-0.0017996412874473956,-0.005090064328883793,0.00841739486803002,0.9621246893919622,-0.12387721194715935,0.24283846158016018,0.9901291831965912,0.07930162550662628,0.11556579413675062,-0.11519690449062567,-0.009226373623232928,0.9932998274567162,0.0798365441275403,-0.996807968578588,0.0,13.863842533084672,-1.0686006001286807,1.5343086143815299e-06,0.016649769455324308,NONE
0.00037999809137545526,0.011399942741263658,-7.4681714469786895,-3.676911203683427,-9.550758777709833,-7.503637597261565,-3.522140556662843,-9.61695124203758,-8.676305203254653,-3.5206448620889366,-9.856859782963552,-6.367892400298187,-3.819227052789262,-9.271984577006535,-0.001794750852204903,-0.0050836730596094965,0.008422300018493006,0.9618386678985279,-0.12440924612513575,0.24369800248209073,0.9901291831965912,0.07930162550662628,0.11556579413675062,-0.11519690449062567,-0.009226373623232928,0.9932998274567162,0.0798365441275403,-0.996807968578588,0.0,13.917793108651018,-1.1797868819201014,1.7080476180098003e-06,0.01811454185170497,NONE
0.00038999805110506713,0.011699941533152014,-7.468171147736743,-3.676910501739509,-9.550760188731745,-7.503637597261565,-3.522140556662843,-9.61695124203758,-8.675917047472588,-3.5199263656581667,-9.858022276656996,-6.368245332163305,-3.819880065079884,-9.27092855963667,-0.0017898716728226057,-0.0050772691038456315,0.008427199881452928,0.9615298813788677,-0.12498070809238224,0.24462238209180215,0.9901291831965912,0.07930162550662628,0.11556579413675062,-0.11519690449062567,-0.009226373623232928,0.9932998274567162,0.0798365441275403,-0.996807968578588,0.0,13.975851619924901,-1.298551066738378,1.89693522756329e-06,0.01968058575126927,NONE
0.000399998010834679,0.01199994032504037,-7.468170824105559,-3.676909749475068,-9.550761703115002,-7.503637597261565,-3.522140556662843,-9.61695124203758,-8.67549874968265,-3.5191562335064672,-9.85926984937276,-6.368625668543102,-3.820580007224891,-9.269795256068623,-0.0017850037808859142,-0.005070852502928099,0.008432094425216606,0.9611971171414778,-0.1255932390493432,0.2456144138767235,0.9901291831965912,0.07930162550662628,0.11556579413675062,-0.11519690449062567,-0.009226373623232928,0.9932998274567162,0.0798365441275403,-0.996807968578588,0.0,14.038205721558363,-1.4250779827960651,2.102016797067563e-06,0.02135452157435555,NONE
0.0004099979414604604,0.012299938243813813,-7.468170474614712,-3.6769089448751187,-9.550763325198803,-7.503637597261565,-3.522140556662843,-9.61695124203758,-8.675048730299952,-3.51833239448446,-9.860606062093643,-6.369034845197317,-3.821328761624169,-9.268581431513134,-0.0017801472078087287,-0.005064423298385403,0.008436983618171827,0.9608391187927648,-0.1262484863082121,0.24667692940854535,0.9901291831965912,0.07930162550662628,0.11556579413675062,-0.11519690449062567,-0.009226373623232928,0.9932998274567162,0.0798365441275403,-0.996807968578588,0.0,14.10504590186526,-1.5595335816589015,2.3244065641137013e-06,0.023143457986913422,NONE
0.0004199979011900723,0.012599937035702169,-7.468170097717606,-3.67690808591649,-9.550765059343265,-7.503637597261565,-3.522140556662843,-9.61695124203758,-8.674565352505985,-3.5174527725099045,-9.862034492851638,-6.369474349864304,-3.822128215154451,-9.267283835693767,-0.001775301942577221,-0.0050579814756373355,0.008441867471406413,0.960454584434034,-0.1269481011018942,0.24781277381577968,0.9901291831965912,0.07930162550662628,0.11556579413675062,-0.11519690449062567,-0.009226373623232928,0.9932998274567162,0.0798365441275403,-0.996807968578588,0.0,14.176565351080477,-1.7020632390155592,2.565292421152776e-06,0.025054992778266356,NONE
0.00042999786091968417,0.012899935827590525,-7.468169691786929,-3.6769071705746468,-9.550766909930333,-7.503637597261565,-3.522140556662843,-9.61695124203758,-8.67404691904002,-3.5165152900480416,-9.863558734375392,-6.369945725174502,-3.822980256012709,-9.26589920499117,-0.0017704680165581163,-0.005051527076265164,0.008446745953330255,0.9600421641106326,-0.1276937358186113,0.24902480391009307,0.9901291831965912,0.07930162550662628,0.11556579413675062,-0.11519690449062567,-0.009226373623232928,0.9932998274567162,0.0798365441275403,-0.996807968578588,0.0,14.25295988670119,-1.8527907635718506,2.8259397630847616e-06,0.027097251743086363,NONE
0.0004399977915454656,0.013199933746363968,-7.468169255108054,-3.676906196823235,-9.550768881354687,-7.503637597261565,-3.522140556662843,-9.61695124203758,-8.67349166970995,-3.5155178713365562,-9.865182388127213,-6.370450570904777,-3.82388677077823,-9.264424267856338,-0.001765645460945241,-0.005045060142041243,0.00845161903243561,0.9596004578354886,-0.12848704143403072,0.2503158834461977,0.9901291831965912,0.07930162550662628,0.11556579413675062,-0.11519690449062567,-0.009226373623232928,0.9932998274567162,0.0798365441275403,-0.996807968578588,0.0,14.33442779293032,-2.0118169100010386,3.1076991096057327e-06,0.029278897830960687,NONE
0.00044999775127507746,0.013499932538252324,-7.468168785875636,-3.6769051626386284,-9.55077097801828,-7.503637597261565,-3.522140556662843,-9.61695124203758,-8.67289777759564,-3.514458443740536,-9.866909061796049,-6.370990547429605,-3.8248496431873047,-9.26285574708341,-0.0017608342648022708,-0.005038580658300101,0.008456486719773212,0.9591280125691819,-0.1293296664361536,0.25168888113026566,0.9901291831965912,0.07930162550662628,0.11556579413675062,-0.11519690449062567,-0.009226373623232928,0.9932998274567162,0.0798365441275403,-0.996807968578588,0.0,14.421169820203506,-2.1792183865247168,3.412009748515743e-06,0.03160916733980522,NONE
0.00045999771100468934,0.01379993133014068,-7.468168282187011,-3.676904065999021,-9.550773204321247,-7.503637597261565,-3.522140556662843,-9.61695124203758,-8.672263346799966,-3.5133349405819945,-9.868742360956237,-6.371567377756676,-3.825870751554573,-9.261190367388881,-0.0017560344592756072,-0.005032088666866364,0.008461348983857662,0.9586233204347042,-0.13022325457190778,0.25314666398639846,0.9901291831965912,0.07930162550662628,0.11556579413675062,-0.11519690449062567,-0.009226373623232928,0.9932998274567162,0.0798365441275403,-0.996807968578588,0.0,14.513388969261289,-2.355046231743602,3.7404073882640887e-06,0.03409786396490311,NONE
0.00046999764163047075,0.014099929248914123,-7.468167742039017,-3.676902904890791,-9.550775564663725,-7.503637597261565,-3.522140556662843,-9.61695124203758,-8.671586409072248,-3.51214530532355,-9.870685885233314,-6.372182850595928,-3.826951964974999,-9.259424858906971,-0.0017512460753385398,-0.005025584209755246,0.008466205793285858,0.9580848160318,-0.13116944152143706,0.2546920943026428,0.9901291831965912,0.07930162550662628,0.11556579413675062,-0.11519690449062567,-0.009226373623232928,0.9932998274567162,0.0798365441275403,-0.996807968578588,0.0,14.611290335087952,-2.5393252055240567,4.094526596887249e-06,0.03675540375403556,NONE
0.0004799976013600826,0.014399928040802479,-7.468167163318898,-3.676901677307593,-9.550778063433116,-7.503637597261565,-3.522140556662843,-9.61695124203758,-8.670864919401275,-3.5108874932944425,-9.872743226466321,-6.37283882435572,-3.8280951417502065,-9.257555958838937,-0.001746469102132162,-0.005019067272216005,0.008471057159072117,0.9575108729356476,-0.13216985352323488,0.2563280281780765,0.9901291831965912,0.07930162550662628,0.11556579413675062,-0.11519690449062567,-0.009226373623232928,0.9932998274567162,0.0798365441275403,-0.996807968578588,0.0,14.715081095500906,-2.7320534164806425,4.476111350015799e-06,0.03959281446617379,NONE
0.0004899975610896945,0.014699926832690835,-7.468166543801121,-3.676900381257634,-9.550780705005907,-7.503637597261565,-3.522140556662843,-9.61695124203758,-8.67009675359257,-3.509559476110422,-9.87491796025641,-6.373537229343199,-3.829302125377074,-9.255580419153459,-0.0017417035705819851,-0.005012537896315832,0.008475903049835828,0.956899801770571,-0.13322610386110495,0.25805730879289623,0.9901291831965912,0.07930162550662628,0.11556579413675062,-0.11519690449062567,-0.009226373623232928,0.9932998274567162,0.0798365441275403,-0.996807968578588,0.0,14.824970213007532,-2.933201372676489,4.887017391652648e-06,0.04262174569973817,NONE
0.0004999975208193064,0.014999925624579191,-7.468165881141462,-3.6768990147618537,-9.550783493727666,-7.503637597261565,-3.522140556662843,-9.61695124203758,-8.669279704105698,-3.5081592424484955,-9.877213641707304,-6.374280071544076,-3.830574743838674,-9.253495010427667,-0.0017369494976199646,-0.005005996105253875,0.00848074344835979,0.9562498469006756,-0.1343397922459077,0.25988276303318164,0.9901291831965912,0.07930162550662628,0.11556579413675062,-0.11519690449062567,-0.009226373623232928,0.9932998274567162,0.0798365441275403,-0.996807968578588,0.0,14.9411683826193,-3.1427115388933857,5.329220551075764e-06,0.045854513409414877,NONE
0.0005099974223412573,0.01529992267023772,-7.4681651728679155,-3.676897575855743,-9.550786433916672,-7.503637597261565,-3.522140556662843,-9.61695124203758,-8.668411476255082,-3.5066848021414563,-9.879633801028021,-6.3750694360652655,-3.8319148058787573,-9.251296525858827,-0.0017322069277096624,-0.004999441960459884,0.008485578309318852,0.9555591834124234,-0.13551250155720868,0.2618071979871643,0.9901291831965912,0.07930162550662628,0.11556579413675062,-0.11519690449062567,-0.009226373623232928,0.9932998274567162,0.0798365441275403,-0.996807968578588,0.0,15.063887840377598,-3.360498398750108,5.804825175204087e-06,0.04930405892532895,NONE
0.0005199973820708692,0.015599921462126076,-7.468164416378417,-3.6768960626002594,-9.550789529862103,-7.503637597261565,-3.522140556662843,-9.61695124203758,-8.667489686516147,-3.5051341931508726,-9.882181932609127,-6.375907488673175,-3.8333240946721183,-9.24898179120939,-0.0017274758224902424,-0.004992875408920036,0.008490407671820634,0.9548259157679052,-0.13674579230051903,0.2638333922498906,0.9901291831965912,0.07930162550662628,0.11556579413675062,-0.11519690449062567,-0.009226373623232928,0.9932998274567162,0.0798365441275403,-0.996807968578588,0.0,15.19334187647619,-3.586448045392094,6.316065730871401e-06,0.0529840186583867,NONE
0.0005299973418004811,0.015899920254014432,-7.468163608934478,-3.676894473076369,-9.550792785805841,-7.503637597261565,-3.522140556662843,-9.61695124203758,-8.666511854120595,-3.503505475613654,-9.884861501498234,-6.376796483435954,-3.8348043732361217,-9.246547658874842,-0.0017227562264107226,-0.0049862965120797,0.008495231490547116,0.9540480711186001,-0.13804120734269495,0.26596410109308,0.9901291831965912,0.07930162550662628,0.11556579413675062,-0.11519690449062567,-0.009226373623232928,0.9932998274567162,0.0798365441275403,-0.996807968578588,0.0,15.329745315331829,-3.8204193285285264,6.865315643977965e-06,0.05690866787546087,NONE
0.000539997301530093,0.01619991904590279,-7.468162747650271,-3.676892805390504,-9.550796205931563,-7.503637597261565,-3.522140556662843,-9.61695124203758,-8.665475404555966,-3.5017967455430687,-9.88767591654867,-6.377738759515484,-3.8363573719632487,-9.243991032317057,-0.001718048156239672,-0.004979705293313999,0.008500049748359141,0.9532236021002004,-0.13940026100840838,0.2682020350965047,0.9901291831965912,0.07930162550662628,0.11556579413675062,-0.11519690449062567,-0.009226373623232928,0.9932998274567162,0.0798365441275403,-0.996807968578588,0.0,15.473313315686944,-4.062242225788581,7.455098925746029e-06,0.061093000869242464,NONE
0.0005499972612597048,0.016499917837791145,-7.468161829493542,-3.6768910576800193,-9.550799794382927,-7.503637597261565,-3.522140556662843,-9.61695124203758,-8.664377655607712,-3.50000612998343,-9.890628556694033,-6.378736753880981,-3.837984793044282,-9.241308842170124,-0.001713351628705318,-0.004973101776041544,0.008504862428137418,0.9523503757194716,-0.14082444294202154,0.2705498810516285,0.9901291831965912,0.07930162550662628,0.11556579413675062,-0.11519690449062567,-0.009226373623232928,0.9932998274567162,0.0798365441275403,-0.996807968578588,0.0,15.624262344937595,-4.3117223928537065,8.088086749680201e-06,0.06555265246112275,NONE
0.0005599972209893167,0.0167999166296795,-7.468160851271054,-3.6768892281131924,-9.550803555223554,-7.503637597261565,-3.522140556662843,-9.61695124203758,-8.663215826089237,-3.498131797808914,-9.893722723919995,-6.379792993330503,-3.8396883006335374,-9.238498088993701,-0.0017086666604944165,-0.004966485983724974,0.008509669512782243,0.9514261803161389,-0.14231520951025983,0.27301026455262234,0.9901291831965912,0.07930162550662628,0.11556579413675062,-0.11519690449062567,-0.009226373623232928,0.9932998274567162,0.0798365441275403,-0.996807968578588,0.0,15.78280851334865,-4.568636848170078,8.767116472796488e-06,0.07030394817184835,NONE
0.0005699971225112677,0.01709991367533803,-7.468159809631319,-3.676887314892862,-9.550807492447946,-7.503637597261565,-3.522140556662843,-9.61695124203758,-8.6619870200575,-3.496171956087967,-9.896961675904096,-6.38091010887143,-3.8414695241668455,-9.235555813567945,-0.001703993295421805,-0.004959857978486368,0.008514470957281983,0.9504487129941963,-0.1438739866995327,0.27558577597339606,0.9901291831965912,0.07930162550662628,0.11556579413675062,-0.11519690449062567,-0.009226373623232928,0.9932998274567162,0.0798365441275403,-0.996807968578588,0.0,15.949168674312288,-4.832739932930243,9.495187390129445e-06,0.07536389556186791,NONE
0.0005799970822408795,0.017399912467226386,-7.468158701050046,-3.6768853162637027,-9.550811609977844,-7.503637597261565,-3.522140556662843,-9.61695124203758,-8.660688230641007,-3.494124860762089,-9.900348596496492,-6.382090832206412,-3.843330048650004,-9.232479123770524,-0.0016993314956864102,-0.004953217706714537,0.008519266800473728,0.9494155826810813,-0.1455021616199646,0.2782789469691532,0.9901291831965912,0.07930162550662628,0.11556579413675062,-0.11519690449062567,-0.009226373623232928,0.9932998274567162,0.0798365441275403,-0.996807968578588,0.0,16.123559237961587,-5.103761948063333,1.0275474989995814e-05,0.08075017351336382,NONE
0.0005899970419704914,0.017699911259114742,-7.468157521831958,-3.676883230512227,-9.5508159116404,-7.503637597261565,-3.522140556662843,-9.61695124203758,-8.659316336380282,-3.4919888090750835,-9.903886583647276,-6.383337999069664,-3.8452714215536625,-9.229265205529815,-0.0016946813050885098,-0.004946565230547292,0.008524056997352975,0.9483243072127578,-0.1472010885327413,0.28109224088227536,0.9901291831965912,0.07930162550662628,0.11556579413675062,-0.11519690449062567,-0.009226373623232928,0.9932998274567162,0.0798365441275403,-0.996807968578588,0.0,16.306196151898504,-5.381408854508104,1.111133166453726e-05,0.08648111511053677,NONE
0.0005999970017001033,0.0179999100510031,-7.468156268097149,-3.676881055968603,-9.550820401160907,-7.503637597261565,-3.522140556662843,-9.61695124203758,-8.657868091498402,-3.4897621612962104,-9.907578672966878,-6.384654558061787,-3.8472951330329486,-9.225911301353921,-0.0016900427401500759,-0.0049399005736208545,0.00852884153089996,0.9471723055985896,-0.14897207155697434,0.2840280715053983,0.9901291831965912,0.07930162550662628,0.11556579413675062,-0.11519690449062567,-0.009226373623232928,0.9932998274567162,0.0798365441275403,-0.996807968578588,0.0,16.497294796739634,-5.665369718904432,1.2006300927680513e-05,0.09257568157785398,NONE
0.0006099969614297152,0.018299908842891455,-7.468154935783818,-3.6768787910212053,-9.550825082170066,-7.503637597261565,-3.522140556662843,-9.61695124203758,-8.656340130824656,-3.4874433289525677,-9.911427794282355,-6.386043566170867,-3.8494026266723553,-9.222414749909898,-0.0016854158173523304,-0.004933223759615142,0.008533620384115101,0.9459569019390789,-0.15081637404991144,0.2870887684885236,0.9901291831965912,0.07930162550662628,0.11556579413675062,-0.11519690449062567,-0.009226373623232928,0.9932998274567162,0.0798365441275403,-0.996807968578588,0.0,16.697069225923862,-5.955312040953838,1.2964112709568099e-05,0.09905350939442464,NONE
0.000619996921159327,0.01859990763477981,-7.46815352063189,-3.6768764340984275,-9.550829958167613,-7.503637597261565,-3.522140556662843,-9.61695124203758,-8.654728957450647,-3.48503077899634,-9.91543679483275,-6.3875081999831185,-3.851595295655761,-9.218772964829638,-0.0016808005531347312,-0.004926534812252891,0.008538393540019092,0.9446753156114709,-0.15273521527475875,0.29027659583463017,0.9901291831965912,0.07930162550662628,0.11556579413675062,-0.11519690449062567,-0.009226373623232928,0.9932998274567162,0.0798365441275403,-0.996807968578588,0.0,16.90573272024002,-6.250887758440764,1.3988705209300178e-05,0.10593477976977161,NONE
0.000629996822681278,0.01889990468043834,-7.468152018190298,-3.676873983697784,-9.55083503255142,-7.503637597261565,-3.522140556662843,-9.61695124203758,-8.653030950722023,-3.4825230552659168,-9.919608404483673,-6.389051748418492,-3.853874463276835,-9.21498346644545,-0.0016761969906580157,-0.0049198337943408615,0.008543160953918983,0.9433246676264717,-0.1547297533378827,0.2935937241825934,0.9901291831965912,0.07930162550662628,0.11556579413675062,-0.11519690449062567,-0.009226373623232928,0.9932998274567162,0.0798365441275403,-0.996807968578588,0.0,17.123496008628422,-6.551733249587389,1.508421203588739e-05,0.11324033264258977,NONE
0.0006399967824108899,0.019199903472326696,-7.468150423800611,-3.676871438374998,-9.550840308566565,-7.503637597261565,-3.522140556662843,-9.61695124203758,-8.651242353676068,-3.479918763576442,-9.923945250023253,-6.390677624140324,-3.8562413964966136,-9.211043868673052,-0.0016716050926854316,-0.004913120651677273,0.00854792266437689,0.941901970639893,-0.15680109705007156,0.2970422422292502,0.9901291831965912,0.07930162550662628,0.11556579413675062,-0.11519690449062567,-0.009226373623232928,0.9932998274567162,0.0798365441275403,-0.996807968578588,0.0,17.35056829876154,-6.857472514498869,1.625498514812307e-05,0.12099149937226128,NONE
0.0006499967421405017,0.019499902264215052,-7.46814873260067,-3.6768687967549125,-9.550845789319881,-7.503637597261565,-3.522140556662843,-9.61695124203758,-8.64935927363227,-3.477216585781138,-9.928449841728296,-6.392389363024429,-3.858697293158336,-9.206951891273942,-0.0016670249023630341,-0.00490639544708415,0.008552678626707,0.9404041294199332,-0.15895029474049918,0.3006241460226478,0.9901291831965912,0.07930162550662628,0.11556579413675062,-0.11519690449062567,-0.009226373623232928,0.9932998274567162,0.0798365441275403,-0.996807968578588,0.0,17.58715641079734,-7.167719455177183,1.750558872259944e-05,0.12921016391666665,NONE
0.0006599967018701136,0.01979990105610341,-7.468146939515495,-3.6768660575351317,-9.55085147777996,-7.503637597261565,-3.522140556662843,-9.61695124203758,-8.647377679520044,-3.4744152739535026,-9.933124560852312,-6.394190626575443,-3.8612432872928224,-9.202705371250355,-0.0016624564359640967,-0.0048996582044562075,0.008557428824011552,0.9388279387269173,-0.16117833889138325,0.3043413290008151,0.9901291831965912,0.07930162550662628,0.11556579413675062,-0.11519690449062567,-0.009226373623232928,0.9932998274567162,0.0798365441275403,-0.996807968578588,0.0,17.833464681205697,-7.482078562974835,1.8840807856079778e-05,0.1379186900393703,NONE
0.0006699966615997255,0.020099899847991765,-7.468145039255464,-3.6768632194751047,-9.55085737671894,-7.503637597261565,-3.522140556662843,-9.61695124203758,-8.645293404020327,-3.471513670574711,-9.93797164677876,-6.396085199972944,-3.8638804307124226,-9.198302274433935,-0.001657899709720837,-0.004892908947731273,0.008562173239412761,0.9371700850197429,-0.1634861500573797,0.3081955718103433,0.9901291831965912,0.07930162550662628,0.11556579413675062,-0.11519690449062567,-0.009226373623232928,0.9932998274567162,0.0798365441275403,-0.996807968578588,0.0,18.089693888092718,-7.800148028826262,2.0265657974860574e-05,0.14713989673461278,NONE
0.0006799966213293374,0.02039989863988012,-7.468143026310858,-3.676860281436144,-9.550863488777994,-7.503637597261565,-3.522140556662843,-9.61695124203758,-8.643102139580732,-3.4685107053663295,-9.942993192169277,-6.3980769956901185,-3.8666096959720115,-9.193740700029498,-0.0016533547398231148,-0.004886147700889378,0.00856691185605372,0.9354271432877556,-0.16587457941903408,0.31218853839157495,0.9901291831965912,0.07930162550662628,0.11556579413675062,-0.11519690449062567,-0.009226373623232928,0.9932998274567162,0.0798365441275403,-0.996807968578588,0.0,18.35604129610602,-8.121521691874305,2.1785379480832034e-05,0.1568969954595575,NONE
0.0006899965228512883,0.02069989568553865,-7.468140894957318,-3.6768572423486843,-9.55086981637274,-7.503637597261565,-3.522140556662843,-9.61695124203758,-8.640799428682339,-3.4654053943081893,-9.948191156383919,-6.40017006236848,-3.869431977200876,-9.189018868212113,-0.0016488215687720435,-0.004879374527413974,0.008571644629566215,0.9335955692974408,-0.16834440953861932,0.3163217867382531,0.9901291831965912,0.07930162550662628,0.11556579413675062,-0.11519690449062567,-0.009226373623232928,0.9932998274567162,0.0798365441275403,-0.996807968578588,0.0,18.63270120625158,-8.445793264243525,2.3405445883639686e-05,0.16721352109519957,NONE
0.0006999964825809002,0.020999894477427006,-7.468138639235835,-3.6768541012341087,-9.55087636175145,-7.503637597261565,-3.522140556662843,-9.61695124203758,-8.638380677989774,-3.462196855037475,-9.953567316919846,-6.402368571892796,-3.8723480761200686,-9.184135164464406,-0.0016443001599002476,-0.004872589372519364,0.00857637159823199,0.931671710873741,-0.1708963421177473,0.3205967301897669,0.9901291831965912,0.07930162550662628,0.11556579413675062,-0.11519690449062567,-0.009226373623232928,0.9932998274567162,0.0798365441275403,-0.996807968578588,0.0,18.91986298134539,-8.772554718325138,2.513157515693365e-05,0.17811330439333348,NONE
0.0007099964423105121,0.021299893269315362,-7.468136252965482,-3.6768508572265786,-9.550883126951392,-7.503637597261565,-3.522140556662843,-9.61695124203758,-8.635841142758977,-3.4588843004790264,-9.959123299494607,-6.404676833615667,-3.875358707885167,-9.179088112095496,-0.001639790555693727,-0.004865792299703999,0.008581092717690269,0.9296517954763789,-0.1735310030858917,0.325014661416296,0.9901291831965912,0.07930162550662628,0.11556579413675062,-0.11519690449062567,-0.009226373623232928,0.9932998274567162,0.0798365441275403,-0.996807968578588,0.0,19.21771233610036,-9.101401853327445,2.6969720439140588e-05,0.18962042910014348,NONE
0.0007199964020401239,0.021599892061203718,-7.468133729747055,-3.6768475095366524,-9.550890113777003,-7.503637597261565,-3.522140556662843,-9.61695124203758,-8.633175943138657,-3.4554670596822024,-9.964860529898703,-6.407099279518311,-3.878464482040081,-9.173876416048428,-0.0016352927721751578,-0.004858983333118096,0.00858580797116679,0.927531943175144,-0.17624892598244934,0.3295767141042807,0.9901291831965912,0.07930162550662628,0.11556579413675062,-0.11519690449062567,-0.009226373623232928,0.9932998274567162,0.0798365441275403,-0.996807968578588,0.0,19.526429179016713,-9.431933230947259,2.8926071841794965e-05,0.20175910605779077,NONE
0.0007299963617697358,0.021899890853092074,-7.46813106294488,-3.676844057502218,-9.550897323814441,-7.503637597261565,-3.522140556662843,-9.61695124203758,-8.630380047497034,-3.451944562201348,-9.970780263342869,-6.409640479360589,-3.881665916839492,-9.16849893620063,-0.0016308068253254523,-0.004852162496953884,0.008590517341908074,0.9253081533901858,-0.17905056443256004,0.33428388630926603,0.9901291831965912,0.07930162550662628,0.11556579413675062,-0.11519690449062567,-0.009226373623232928,0.9932998274567162,0.0798365441275403,-0.996807968578588,0.0,19.84618925900286,-9.763754526959039,3.100706874015202e-05,0.21455361260044126,NONE
0.0007399963214993477,0.02219988964498043,-7.468128245701368,-3.676840500555751,-9.550904758417035,-7.503637597261565,-3.522140556662843,-9.61695124203758,-8.627448283817168,-3.448316358992022,-9.976883553583969,-6.412305130330781,-3.884963420155545,-9.162954715453974,-0.0016263327310830724,-0.004845329815446193,0.008595220813181712,0.9229763139526616,-0.18193627548480135,0.3391370158874974,0.9901291831965912,0.07930162550662628,0.11556579413675062,-0.11519690449062567,-0.009226373623232928,0.9932998274567162,0.0798365441275403,-0.996807968578588,0.0,20.17716257368093,-10.096479218959075,3.321938964084836e-05,0.22802828489030885,NONE
0.0007499962230212986,0.02249988669063896,-7.468125270933373,-3.6768368382679695,-9.550912418661627,-7.503637597261565,-3.522140556662843,-9.61695124203758,-8.624375341840027,-3.4445821219625867,-9.9831712395877,-6.415098055086887,-3.888357289969648,-9.157242991797984,-0.0016218705312838373,-0.0048384853527466175,0.008599918340949843,0.9205322028138083,-0.1849063200029422,0.3441367699123817,0.9901291831965912,0.07930162550662628,0.11556579413675062,-0.11519690449062567,-0.009226373623232928,0.9932998274567162,0.0798365441275403,-0.996807968578588,0.0,20.51951311892559,-10.42972934313062,3.556995737064028e-05,0.242207368421793,NONE
0.0007599961827509105,0.022799885482527316,-7.468122131332197,-3.6768330703187315,-9.550920305377675,-7.503637597261565,-3.522140556662843,-9.61695124203758,-8.621155771912575,-3.440741653135269,-9.989643947786423,-6.418024202805699,-3.891847705973637,-9.151363196309171,-0.0016174201898345984,-0.00483162905349273,0.00860460996320909,0.9179714871278647,-0.18796085534932006,0.34928364644885485,0.9901291831965912,0.07930162550662628,0.11556579413675062,-0.11519690449062567,-0.009226373623232928,0.9932998274567162,0.0798365441275403,-0.996807968578588,0.0,20.873398808603174,-10.763138537779492,3.806593801591873e-05,0.257114890127136,NONE
0.0007699961424805224,0.023099884274415672,-7.4681188193708605,-3.6768291965115862,-9.5509284191036,-7.503637597261565,-3.522140556662843,-9.61695124203758,-8.617783988199836,-3.4367948864973705,-9.996302079734285,-6.4210886462714,-3.8954347279116424,-9.145314964310437,-0.0016129817485559203,-0.004824760981851272,0.008609295635929146,0.9152897258035152,-0.19109993392261326,0.3545779647599366,0.9901291831965912,0.07930162550662628,0.11556579413675062,-0.11519690449062567,-0.009226373623232928,0.9932998274567162,0.0798365441275403,-0.996807968578588,0.0,21.23897120327285,-11.096352756677316,4.0714737611580176e-05,0.2727746725566587,NONE
0.0007799961022101343,0.023399883066304028,-7.468115327311383,-3.676825216802878,-9.550936760101338,-7.503637597261565,-3.522140556662843,-9.61695124203758,-8.614254272584796,-3.4327418838785984,-10.003145796612396,-6.424296578337723,-3.8991182993903166,-9.139098149510408,-0.0016085552232175818,-0.004817881162224655,0.008613975342461751,0.9124823726029475,-0.19432350646321597,0.36001985295916117,0.9901291831965912,0.07930162550662628,0.11556579413675062,-0.11519690449062567,-0.009226373623232928,0.9932998274567162,0.0798365441275403,-0.996807968578588,0.0,21.616375348028715,-11.4290300931678,4.3523990951754854e-05,0.2892101475827713,NONE
0.0007899960619397461,0.023699881858192384,-7.468111647193868,-3.676821131287194,-9.550945328327233,-7.503637597261565,-3.522140556662843,-9.61695124203758,-8.610560777022515,-3.4285828572400336,-10.010175023619237,-6.427653309763136,-3.902898227551884,-9.132712819949372,-0.0016041406295473906,-0.004810989619057019,0.00861864906617962,0.9095447780247415,-0.1976314042966043,0.36560925152911006,0.9901291831965912,0.07930162550662628,0.11556579413675062,-0.11519690449062567,-0.009226373623232928,0.9932998274567162,0.0798365441275403,-0.996807968578588,0.0,22.00574934026771,-11.76084455288256,4.650157690555545e-05,0.3064442926523936,NONE
0.000799996021669358,0.02399988065008074,-7.468107770876517,-3.676816940197365,-9.550954123417485,-7.503637597261565,-3.522140556662843,-9.61695124203758,-8.606697540238242,-3.424318172087905,-10.017389410669805,-6.431164254079912,-3.9067741799651263,-9.126159293763788,-0.0015997379832303094,-0.004804086376834189,0.00862331679047705,0.9064722025659707,-0.20102333661550892,0.371345882044174,0.9901291831965912,0.07930162550662628,0.11556579413675062,-0.11519690449062567,-0.009226373623232928,0.9932998274567162,0.0798365441275403,-0.996807968578588,0.0,22.407223099508492,-12.091483908339145,4.965558048475316e-05,0.3244995200508724,NONE
0.000809995923191309,0.02429987769573927,-7.468103689988342,-3.6768126439262927,-9.550963144688156,-7.503637597261565,-3.522140556662843,-9.61695124203758,-8.602658472468372,-3.4199483397100017,-10.024788368539006,-6.434834941400553,-3.9107456917375933,-9.119438106269559,-0.0015953473254315463,-0.004797171500368001,0.008627978471652129,0.9032598046115913,-0.2044988966781631,0.37722927594560335,0.9901291831965912,0.07930162550662628,0.11556579413675062,-0.11519690449062567,-0.009226373623232928,0.9932998274567162,0.0798365441275403,-0.996807968578588,0.0,22.820920126470536,-12.420653662300351,5.2994337931266955e-05,0.34339745359493346,NONE
0.0008199958829209208,0.024599876487627625,-7.468099395994645,-3.67680824302695,-9.550972391091507,-7.503637597261565,-3.522140556662843,-9.61695124203758,-8.598437382525672,-3.4154740320241466,-10.032371014220676,-6.438670993893916,-3.9148121519927095,-9.11255005964158,-0.0015909686206365238,-0.00479024493372649,0.008632634147411458,0.8999026619298987,-0.20805754998690107,0.38325873107462394,0.9901291831965912,0.07930162550662628,0.11556579413675062,-0.11519690449062567,-0.009226373623232928,0.9932998274567162,0.0798365441275403,-0.996807968578588,0.0,23.246955334715828,-12.74807415964601,5.652637692854512e-05,0.3631590500470216,NONE
0.0008299958426505327,0.02489987527951598,-7.468094880178827,-3.6768037382269325,-9.550981861274211,-7.503637597261565,-3.522140556662843,-9.61695124203758,-8.594027976418541,-3.410896082268171,-10.040136181791471,-6.44267812700793,-3.9189728032691997,-9.105496213130927,-0.001586601909995245,-0.004783306741736394,0.008637283774060908,0.8963957705877548,-0.21169863375042863,0.3894333202752268,0.9901291831965912,0.07930162550662628,0.11556579413675062,-0.11519690449062567,-0.009226373623232928,0.9932998274567162,0.0798365441275403,-0.996807968578588,0.0,23.685435638114196,-13.073482567940884,6.026042673390464e-05,0.3838042256977387,NONE
0.0008399958023801446,0.025199874071404338,-7.468090133642394,-3.676799130406631,-9.550991553460934,-7.503637597261565,-3.522140556662843,-9.61695124203758,-8.589423855994557,-3.4062154888777334,-10.0480824345269,-6.446862150704954,-3.923226737947753,-9.098277871808039,-0.0015822472090226906,-0.004776356949049125,0.008641927335080308,0.892734043870668,-0.21542135377917465,0.39575190113285885,0.9901291831965912,0.07930162550662628,0.11556579413675062,-0.11519690449062567,-0.009226373623232928,0.9932998274567162,0.0798365441275403,-0.996807968578588,0.0,24.136460513773965,-13.39663487050912,6.420543336105311e-05,0.4053518685954983,NONE
0.0008499957621097565,0.025499872863292694,-7.468085147355882,-3.6767944206574397,-9.5510014655562,-7.503637597261565,-3.522140556662843,-9.61695124203758,-8.584618561444522,-3.40143344541526,-10.056207994139685,-6.4512289308495365,-3.927572871105167,-9.090896651201826,-0.001577904533191364,-0.004769395580357627,0.008646564813970782,0.8889123460812435,-0.21922476070412789,0.4022130595574413,0.9901291831965912,0.07930162550662628,0.11556579413675062,-0.11519690449062567,-0.009226373623232928,0.9932998274567162,0.0798365441275403,-0.996807968578588,0.0,24.60011866011285,-13.717302564534537,6.837049275709717e-05,0.42781956310690156,NONE
0.0008599957218393683,0.02579987165518105,-7.468079912129755,-3.6767896102162707,-9.551011595027974,-7.503637597261565,-3.522140556662843,-9.61695124203758,-8.579605543620831,-3.3965512805370555,-10.064510784027433,-6.455784414363208,-3.9320099950627574,-9.08335443769044,-0.0015735738979306298,-0.004762422660395622,0.008651196194255322,0.8849254705240097,-0.22310779771904243,0.40881514430708066,0.9901291831965912,0.07930162550662628,0.11556579413675062,-0.11519690449062567,-0.009226373623232928,0.9932998274567162,0.0798365441275403,-0.996807968578588,0.0,25.076491906733438,-14.035272404404365,7.276489828100807e-05,0.4512237770337736,NONE
0.0008699956233613193,0.02609986870083958,-7.468074418643513,-3.676784700545592,-9.55102193899498,-7.503637597261565,-3.522140556662843,-9.61695124203758,-8.574378186850607,-3.3915705592613254,-10.072988445629647,-6.460534608503564,-3.936536687311839,-9.075653373771347,-0.0015692553437300187,-0.0047554382546269374,0.008655821432573634,0.8807681576446011,-0.22706922002104724,0.4155562799409588,0.9901291831965912,0.07930162550662628,0.11556579413675062,-0.11519690449062567,-0.009226373623232928,0.9932998274567162,0.0798365441275403,-0.996807968578588,0.0,25.56565250424363,-14.350355321016332,7.739809542961495e-05,0.4755792908901887,NONE
0.0008799955830909312,0.026399867492727935,-7.468068657489343,-3.6767796933043213,-9.551032494110276,-7.503637597261565,-3.522140556662843,-9.61695124203758,-8.568929834726703,-3.3864929870876934,-10.081638246653169,-6.465485557459133,-3.941151397778985,-9.067795941420385,-0.0015649488356582635,-0.0047484423065571645,0.008660440566337666,0.8764351155281538,-0.2311076711213715,0.4224342938469934,0.9901291831965912,0.07930162550662628,0.11556579413675062,-0.11519690449062567,-0.009226373623232928,0.9932998274567162,0.0798365441275403,-0.996807968578588,0.0,26.067663392227452,-14.662372052427271,8.2279654394668e-05,0.5008992868351723,NONE
0.000889995542820543,0.02669986628461629,-7.468062619150291,-3.6767745902968967,-9.551043256677675,-7.503637597261565,-3.522140556662843,-9.61695124203758,-8.563253796966169,-3.3813204918618007,-10.090457130932231,-6.4706433360614914,-3.945852374172475,-9.059784916905343,-0.0015606544141891312,-0.004741434881664697,0.008665053552194726,0.8719210253769486,-0.23522161762944768,0.4294467558445361,0.9901291831965912,0.07930162550662628,0.11556579413675062,-0.11519690449062567,-0.009226373623232928,0.9932998274567162,0.0798365441275403,-0.996807968578588,0.0,26.582577328708776,-14.971163278247502,8.74192822433173e-05,0.5271953036302434,NONE
0.0008999955025501549,0.026999865076504648,-7.4680562940366455,-3.6767693936187937,-9.551054222477122,-7.503637597261565,-3.522140556662843,-9.61695124203758,-8.557343356456412,-3.376055176107028,-10.099441697732837,-6.476014043437651,-3.9506377056730932,-9.051623389300351,-0.0015563720945809064,-0.004734416004846944,0.008669660373754941,0.8672205470911505,-0.2394093873191938,0.4365909618468689,0.9901291831965912,0.07930162550662628,0.11556579413675062,-0.11519690449062567,-0.009226373623232928,0.9932998274567162,0.0798365441275403,-0.996807968578588,0.0,27.110438029696894,-15.276584439074881,9.282679554978301e-05,0.5544768156277695,NONE
0.0009099954622797668,0.027299863868393004,-7.468049672515039,-3.6767641055255593,-9.55106538696842,-7.503637597261565,-3.522140556662843,-9.61695124203758,-8.551191786778379,-3.3706993653658577,-10.108588214416992,-6.481603787106844,-3.955505278658139,-9.043314749341492,-0.001552101892048886,-0.004727385701042254,0.008674261014649938,0.8623283331964724,-0.24366913053845068,0.4438639437814581,0.9901291831965912,0.07930162550662628,0.11556579413675062,-0.11519690449062567,-0.009226373623232928,0.9932998274567162,0.0798365441275403,-0.996807968578588,0.0,27.651279128848397,-15.578509859143491,9.851207841471421e-05,0.5827514499971956,NONE
0.0009199954220093787,0.02759986266028136,-7.467664845574322,-3.6757115541611496,-9.552248294142062,-7.503637597261565,-3.522140556662843,-9.61695124203758,-8.546502460760903,-3.3666669340960786,-10.116433539299624,-6.485139180188131,-3.957166581951353,-9.038430018252939,-0.0015478438217651372,-0.004720343995229449,0.00867885545853371,0.8589013669053222,-0.24604151993969753,0.4491681337694527,0.9901291831965912,0.07930162550662628,0.11556579413675062,-0.11519690449062567,-0.009226373623232928,0.9932998274567162,0.0798365441275403,-0.996807968578588,0.0,28.01553266705967,-15.855375246630617,0.00042630589011416475,98.41933289120273,NONE
0.0009299953235313296,0.02789985970593989,-7.4665080163931945,-3.672525123844731,-9.555829334797325,-7.503637597261565,-3.522140556662843,-9.61695124203758,-8.545124401796384,-3.3653992873762366,-10.121483453229624,-6.484183830763616,-3.9522326651704103,-9.040673317554624,-0.001543597923537903,-0.004713290953515639,0.008683443662393021,0.8587252379303201,-0.24451390741423906,0.45033755653124957,0.9901291831965912,0.07930162550662628,0.11556579413675062,-0.11519690449062567,-0.009226373623232928,0.9932998274567162,0.0798365441275403,-0.996807968578588,0.0,28.00554115777141,-16.090104741057253,0.0014105595188169673,98.43237987801409,NONE
0.0009399952832609415,0.028199858497828245,-7.465351035872149,-3.669338604587007,-9.559410601181897,-7.503637597261565,-3.522140556662843,-9.61695124203758,-8.543596408286675,-3.36401506695086,-10.12674526627662,-6.483364741486277,-3.9474047451730843,-9.042724066088809,-0.0015393641630235563,-0.004706226518851376,0.008688025663340078,0.8584298611668327,-0.2430790325925935,0.45167550007825474,0.9901291831965912,0.07930162550662628,0.11556579413675062,-0.11519690449062567,-0.009226373623232928,0.9932998274567162,0.0798365441275403,-0.996807968578588,0.0,28.00847595424547,-16.332100578874403,0.0023949439601906874,98.44552688185453,NONE
0.0009499952429905534,0.0284998572897166,-7.464193902497786,-3.6661519959223154,-9.562992093412193,-7.503637597261565,-3.522140556662843,-9.61695124203758,-8.541917613440376,-3.362513897715103,-10.132219355738387,-6.482682698874051,-3.94268316268743,-9.044581920462969,-0.0015351425800151097,-0.004699150757358311,0.008692601418369666,0.8580145477359689,-0.24173719373846952,0.4531822646980909,0.9901291831965912,0.07930162550662628,0.11556579413675062,-0.11519690449062567,-0.009226373623232928,0.9932998274567162,0.0798365441275403,-0.996807968578588,0.0,28.024415153204714,-16.58106494669358,0.0033794607361734563,98.45877853620686,NONE
0.0009599952027201653,0.028799856081604958,-7.463036615920859,-3.6629652969193343,-9.566573811022552,-7.503637597261565,-3.522140556662843,-9.61695124203758,-8.540087026103794,-3.3608954724980302,-10.137905941297918,-6.482138604929242,-3.9380681956825576,-9.046246679716301,-0.0015309331895117493,-0.004692063694176549,0.008697170911223922,0.8574785088227307,-0.24048863466021975,0.45485802565900707,0.9901291831965912,0.07930162550662628,0.11556579413675062,-0.11519690449062567,-0.009226373623232928,0.9932998274567162,0.0798365441275403,-0.996807968578588,0.0,28.053433424436125,-16.836677574529404,0.004364110320231873,98.47215347603154,NONE
0.0009699951624497771,0.029099854873493314,-7.461879174278724,-3.659778508509386,-9.57015575587562,-7.503637597261565,-3.522140556662843,-9.61695124203758,-8.538103624449969,-3.359159631029949,-10.143804944267565,-6.481733386697418,-3.933559991899776,-9.047718419070705,-0.0015267360064697682,-0.004684965354486849,0.008701734125667372,0.8568209323968964,-0.23933348369576124,0.4567027188320251,0.9901291831965912,0.07930162550662628,0.11556579413675062,-0.11519690449062567,-0.009226373623232928,0.9932998274567162,0.0798365441275403,-0.996807968578588,0.0,28.09559349128549,-17.09859265015331,0.00534889426751306,98.48566791619551,NONE
0.000979995122179389,0.02939985366538167,-7.460721576174396,-3.6565916288298252,-9.57373792610875,-7.503637597261565,-3.522140556662843,-9.61695124203758,-8.535966287353322,-3.357306347205031,-10.149916109720944,-6.481468062547745,-3.929158571555342,-9.04899736713531,-0.0015225510458016338,-0.004677855763509726,0.008706291045486802,0.8560409270023239,-0.23827176014596296,0.45871614274401407,0.9901291831965912,0.07930162550662628,0.11556579413675062,-0.11519690449062567,-0.009226373623232928,0.9932998274567162,0.0798365441275403,-0.996807968578588,0.0,28.150951330470054,-17.366449338016935,0.006333814324179343,98.49933696487116,NONE
0.0009899950819090009,0.029699852457270026,-7.45956381974523,-3.6534046616059426,-9.577320321721944,-7.503637597261565,-3.522140556662843,-9.61695124203758,-8.533673843615814,-3.3553356972199904,-10.156238897237321,-6.48134369556194,-3.9248638723729226,-9.050084016085439,-0.0015183783223768738,-0.004670734946505795,0.00871084165449138,0.8551375616891141,-0.23730340631372182,0.4608978671466179,0.9901291831965912,0.07930162550662628,0.11556579413675062,-0.11519690449062567,-0.009226373623232928,0.9932998274567162,0.0798365441275403,-0.996807968578588,0.0,28.219552809426375,-17.639863163401216,0.007318872039070001,98.51316525554122,NONE
0.0009999950416386127,0.029999851249158382,-7.4584059045255655,-3.6502176031124476,-9.580902940852555,-7.503637597261565,-3.522140556662843,-9.61695124203758,-8.531225056445336,-3.353247872814777,-10.162772526367391,-6.481361411229212,-3.9206757126119145,-9.050979073137693,-0.0015142178510209475,-0.004663602928775489,0.008715385936512547,0.8541098521733849,-0.23642826658214072,0.4632472721790412,0.9901291831965912,0.07930162550662628,0.11556579413675062,-0.11519690449062567,-0.009226373623232928,0.9932998274567162,0.0798365441275403,-0.996807968578588,0.0,28.301434533614973,-17.918433635502577,0.008304068383926833,98.52718139734594,NONE
0.0010099950013682246,0.03029985004104674,-7.4572478281870955,-3.6470304552119854,-9.584485783500584,-7.503637597261565,-3.522140556662843,-9.61695124203758,-8.52861860906683,-3.3510432123189235,-10.169516013409984,-6.481522404322327,-3.916593787705758,-9.051683434174493,-0.001510069646516481,-0.004656459735659124,0.008719923875404465,0.8529567519768764,-0.23564607307784766,0.46576357468145496,0.9901291831965912,0.07930162550662628,0.11556579413675062,-0.11519690449062567,-0.009226373623232928,0.9932998274567162,0.0798365441275403,-0.996807968578588,0.0,28.396624401640757,-18.20175020538757,0.009289405516366145,98.54137702331002,NONE
0.0010199948446825147,0.03059984534047544,-7.456089587935852,-3.643843216041911,-9.588068845940741,-7.503637597261565,-3.522140556662843,-9.61695124203758,-8.525853080619534,-3.3487221134552496,-10.1764681767658,-6.4818279635178815,-3.9126177318788633,-9.052198168191248,-0.001505933771679034,-0.004649305475889211,0.00872445540232603,0.851677132125689,-0.23495650767650572,0.46844583690606284,0.9901291831965912,0.07930162550662628,0.11556579413675062,-0.11519690449062567,-0.009226373623232928,0.9932998274567162,0.0798365441275403,-0.996807968578588,0.0,28.505144550284477,-18.48939003835901,0.010274886781001413,98.55579777032975,NONE
0.0010299948044121265,0.030899844132363796,-7.454931181909191,-3.6406558911901596,-9.591652128173026,-7.503637597261565,-3.522140556662843,-9.61695124203758,-8.522926936942195,-3.346285063675386,-10.183627677605505,-6.482279482457694,-3.9087471118732795,-9.052524494494893,-0.0015018101449061792,-0.004642140008309676,0.008728980606686075,0.8502697727018751,-0.23435918674912234,0.4712929929627553,0.9901291831965912,0.07930162550662628,0.11556579413675062,-0.11519690449062567,-0.009226373623232928,0.9932998274567162,0.0798365441275403,-0.996807968578588,0.0,28.62701191636531,-18.7809240002094,0.011260513578962517,98.57045148629683,NONE
0.0010399947641417384,0.031199842924252152,-7.453772609175789,-3.637468476931441,-9.595235630197438,-7.503637597261565,-3.522140556662843,-9.61695124203758,-8.519838500869513,-3.3437325629476,-10.190993043403077,-6.482878486800618,-3.904981465236805,-9.05266375415343,-0.0014976988290695587,-0.004634963441602265,0.008733499419614611,0.8487333391953731,-0.23385370928716892,0.47430387052068634,0.9901291831965912,0.07930162550662628,0.11556579413675062,-0.11519690449062567,-0.009226373623232928,0.9932998274567162,0.0798365441275403,-0.996807968578588,0.0,28.762241288216494,-19.07591661097545,0.012246287127796407,98.58536214686872,NONE
0.0010499947238713503,0.03149984171614051,-7.452613866010355,-3.634280976991046,-9.598819348288687,-7.503637597261565,-3.522140556662843,-9.61695124203758,-8.51658591149464,-3.3410652013133197,-10.19856276284847,-6.483626664205236,-3.90132026172127,-9.052617316438486,-0.0014935998387767978,-0.004627775801265796,0.008738011825056098,0.8470663530372524,-0.23343960850331275,0.4774772693374932,0.9901291831965912,0.07930162550662628,0.11556579413675062,-0.11519690449062567,-0.009226373623232928,0.9932998274567162,0.0798365441275403,-0.996807968578588,0.0,28.910847313201195,-19.37393899300263,0.013232211251120063,98.60055704778672,NONE
0.0010599946836009622,0.031799840508028865,-7.4514549486876005,-3.6310933876436833,-9.602403282446774,-7.503637597261565,-3.522140556662843,-9.61695124203758,-8.5131672288906,-3.338283605430838,-10.206335094403016,-6.484525774295837,-3.8977629234945494,-9.052386767414925,-0.001489513188591657,-0.004620577112837899,0.00874251780697798,0.8452672727478175,-0.23311638252654637,0.4808118029117046,0.9901291831965912,0.07930162550662628,0.11556579413675062,-0.11519690449062567,-0.009226373623232928,0.9932998274567162,0.0798365441275403,-0.996807968578588,0.0,29.07283752308636,-19.67455521913341,0.014218289932871997,98.61604374313697,NONE
0.001069994643330574,0.03209983929991722,-7.450295858138847,-3.627905716339934,-9.605987425221118,-7.503637597261565,-3.522140556662843,-9.61695124203758,-8.509580366168391,-3.3353884473614213,-10.21430818467627,-6.485577719436376,-3.8943088527288694,-9.051973780777939,-0.0014854388930342606,-0.004613367401895993,0.00874701734937012,0.8433344361383392,-0.23288350223643686,0.484306001624305,0.9901291831965912,0.07930162550662628,0.11556579413675062,-0.11519690449062567,-0.009226373623232928,0.9932998274567162,0.0798365441275403,-0.996807968578588,0.0,29.248217978639452,-19.97733240895188,0.015204522521111485,98.63184489517805,NONE
0.001079994603060186,0.03239983809180558,-7.4491365869135135,-3.624717955629218,-9.609571776611718,-7.503637597261565,-3.522140556662843,-9.61695124203758,-8.505823074885205,-3.3323804758052322,-10.222480115610582,-6.4867845331065785,-3.890957353327367,-9.051380103352852,-0.0014813769665805003,-0.004606146694056082,0.008751510436245846,0.8412660590744281,-0.23274036563422285,0.4879583384407213,0.9901291831965912,0.07930162550662628,0.11556579413675062,-0.11519690449062567,-0.009226373623232928,0.9932998274567162,0.0798365441275403,-0.996807968578588,0.0,29.436992792797888,-20.281848744731423,0.016190916983720882,98.64799535373736,NONE
0.0010899945627897978,0.032699836883693933,-7.447977133148956,-3.621530109236825,-9.613156336618575,-7.503637597261565,-3.522140556662843,-9.61695124203758,-8.501893037993929,-3.3292604743356717,-10.23084873095064,-6.488148321942916,-3.8877077187872393,-9.050607698897835,-0.001477327423662858,-0.004598915014973631,0.00875599705164069,0.8390602983545892,-0.23268635185481995,0.49176709668866897,0.9901291831965912,0.07930162550662628,0.11556579413675062,-0.11519690449062567,-0.009226373623232928,0.9932998274567162,0.0798365441275403,-0.996807968578588,0.0,29.639159368694976,-20.58768011157146,0.017177474869535914,98.66449643221387,NONE
0.0010999945225194097,0.03299983567558229,-7.446817494982528,-3.618342180888045,-9.616741101516398,-7.503637597261565,-3.522140556662843,-9.61695124203758,-8.497787767489926,-3.326029291677865,-10.239411824365526,-6.489671348277352,-3.8845591832702993,-9.049658569658225,-0.0014732902786691053,-0.004591672390343053,0.008760477179613941,0.836715174671906,-0.23272078816351421,0.4957305227947081,0.9901291831965912,0.07930162550662628,0.11556579413675062,-0.11519690449062567,-0.009226373623232928,0.9932998274567162,0.0798365441275403,-0.996807968578588,0.0,29.85471521079664,-20.89441708458235,0.01816419815791015,98.68137461345981,NONE
0.0011099944822490215,0.033299834467470646,-7.445657666826295,-3.6151541668575886,-9.620326067579898,-7.503637597261565,-3.522140556662843,-9.61695124203758,-8.493504714049383,-3.3226878328877687,-10.248166952761999,-6.491355923168827,-3.88151091540038,-9.048534933504996,-0.001469265545943565,-0.004584418845897565,0.008764950804247464,0.8342286628668985,-0.2328429510469212,0.4998466746904175,0.9901291831965912,0.07930162550662628,0.11556579413675062,-0.11519690449062567,-0.009226373623232928,0.9932998274567162,0.0798365441275403,-0.996807968578588,0.0,30.083649902837323,-21.20165460233017,0.01915109310756158,98.69864581853656,NONE
0.0011199944419786334,0.033599833259359,-7.444497644954967,-3.611966074596036,-9.623911234809073,-7.503637597261565,-3.522140556662843,-9.61695124203758,-8.48904114121558,-3.3192370511452887,-10.257111654293585,-6.493204531662118,-3.8785620613276004,-9.04723903250619,-0.0014652532397859978,-0.004577154407409301,0.008769417909646303,0.8315985873139422,-0.23305208757596318,0.5041135924114144,0.9901291831965912,0.07930162550662628,0.11556579413675062,-0.11519690449062567,-0.009226373623232928,0.9932998274567162,0.0798365441275403,-0.996807968578588,0.0,30.325955298868195,-21.509005014788702,0.02013816281616343,98.71633270970266,NONE
0.0011299944017082453,0.03389983205124736,-7.443337427505898,-3.608777896652806,-9.627496595753344,-7.503637597261565,-3.522140556662843,-9.61695124203758,-8.484394265584793,-3.3156779515940182,-10.266243220074635,-6.495219705116873,-3.875711691405352,-9.045773319478888,-0.001461253374452426,-0.004569879100688878,0.008773878479938721,0.8288227335282998,-0.23334739158805579,0.5085291252482275,0.9901291831965912,0.07930162550662628,0.11556579413675062,-0.11519690449062567,-0.009226373623232928,0.9932998274567162,0.0798365441275403,-0.996807968578588,0.0,30.58161526749805,-21.81608823048939,0.021125410579850623,98.73444908173154,NONE
0.0011399942450225353,0.03419982735067606,-7.442177007028508,-3.60558963675319,-9.63108214296213,-7.503637597261565,-3.522140556662843,-9.61695124203758,-8.479561200302209,-3.312011611831635,-10.275558788632992,-6.497404058431344,-3.8729588313552226,-9.044140386204687,-0.0014572660105015775,-0.004562593036471147,0.008778332447462652,0.8258988091128604,-0.23372800813482797,0.5130910010117945,0.9901291831965912,0.07930162550662628,0.11556579413675062,-0.11519690449062567,-0.009226373623232928,0.9932998274567162,0.0798365441275403,-0.996807968578588,0.0,30.850609713304397,-22.122538117733978,0.02211284434127414,98.7530049088029,NONE
0.0011499942047521472,0.034499826142564416,-7.441016383522796,-3.6024013023477677,-9.634667883886012,-7.503637597261565,-3.522140556662843,-9.61695124203758,-8.474538944697475,-3.308239161925386,-10.285055398119788,-6.499760324394593,-3.870302466231399,-9.042342944352924,-0.0014532910692611738,-0.0045552960709990655,0.008782779900096585,0.8228244251262004,-0.23419304346083872,0.5177968557361929,0.9901291831965912,0.07930162550662628,0.11556579413675062,-0.11519690449062567,-0.009226373623232928,0.9932998274567162,0.0798365441275403,-0.996807968578588,0.0,31.132916773670818,-22.428004995698792,0.023100462648553588,98.77202748665802,NONE
0.001159994164481759,0.03479982493445277,-7.439855549538183,-3.599212885985959,-9.638253803623828,-7.503637597261565,-3.522140556662843,-9.61695124203758,-8.46932442179495,-3.3043617836516255,-10.294729878201373,-6.502291291052889,-3.867741505523191,-9.040383852757435,-0.0014493286113465445,-0.0045479883149582056,0.00878722077014863,0.8195971378091919,-0.23474155077981884,0.5226441772683078,0.9901291831965912,0.07930162550662628,0.11556579413675062,-0.11519690449062567,-0.009226373623232928,0.9932998274567162,0.0798365441275403,-0.996807968578588,0.0,31.42850925533204,-22.732153671273398,0.024088275191637365,98.79152568278202,NONE
0.001169994124211371,0.03509982372634113,-7.438694499486732,-3.5960243876677636,-9.641839909626158,-7.503637597261565,-3.522140556662843,-9.61695124203758,-8.463914429488486,-3.3003807186318492,-10.304578986542793,-6.504999863971129,-3.865274818453391,-9.03826607853358,-0.0014453786508366096,-0.004540669794313289,0.008791655041840159,0.8162144022988992,-0.23537254159230908,0.5276303783371724,0.9901291831965912,0.07930162550662628,0.11556579413675062,-0.11519690449062567,-0.009226373623232928,0.9932998274567162,0.0798365441275403,-0.996807968578588,0.0,31.73735936362084,-23.03466863059914,0.02507628664227113,98.81151087185476,NONE
0.0011799940839409828,0.035399822518229485,-7.437533233368444,-3.5928358148437622,-9.645426194442424,-7.503637597261565,-3.522140556662843,-9.61695124203758,-8.45830574925279,-3.296297275466045,-10.314599216511459,-6.507888974344579,-3.862901227481744,-9.03599280102746,-0.0014414412017655313,-0.004533340535066945,0.008796082699416207,0.8126736562117549,-0.2360849800065411,0.5327526731183331,0.9901291831965912,0.07930162550662628,0.11556579413675062,-0.11519690449062567,-0.009226373623232928,0.9932998274567162,0.0798365441275403,-0.996807968578588,0.0,32.05943164382401,-23.335246352411552,0.026064497270644083,98.83200250172581,NONE
0.0011899940436705947,0.03569982131011784,-7.436371740007448,-3.5896471749645356,-9.649012643171462,-7.503637597261565,-3.522140556662843,-9.61695124203758,-8.452495035300135,-3.2921128275262626,-10.32478696115354,-6.5109616479157,-3.860619496078382,-9.033567276714333,-0.0014375162781232293,-0.004526000563260596,0.008800503727145045,0.808972244743515,-0.2368777785633831,0.5380082018496702,0.9901291831965912,0.07930162550662628,0.11556579413675062,-0.11519690449062567,-0.009226373623232928,0.9932998274567162,0.0798365441275403,-0.996807968578588,0.0,32.39469005966594,-23.63360514967343,0.027052919273531373,98.85301486767847,NONE
0.0011999940034002066,0.0359998201020062,-7.4352100231290335,-3.5864584531289223,-9.652599263263854,-7.503637597261565,-3.522140556662843,-9.61695124203758,-8.446478952934559,-3.287828789729794,-10.335138378431802,-6.514220928797433,-3.858428307169039,-9.030993018874137,-0.0014336038938550007,-0.004518649904973141,0.008804918109318693,0.805107510057136,-0.23774979893301867,0.5433938998156936,0.9901291831965912,0.07930162550662628,0.11556579413675062,-0.11519690449062567,-0.009226373623232928,0.9932998274567162,0.0798365441275403,-0.996807968578588,0.0,32.74309065960175,-23.929476332907676,0.02804154928306879,98.87454878260179,NONE
0.0012099939631298184,0.03629981889389455,-7.43404806783204,-3.5832696642380837,-9.656186047269019,-7.503637597261565,-3.522140556662843,-9.61695124203758,-8.440253998860772,-3.2834466623673895,-10.345649577775154,-6.517669979060491,-3.856326322871683,-9.028273556515817,-0.0014297040628619172,-0.004511288586321661,0.008809325830252691,0.8010766749167835,-0.23869985854345563,0.5489066755247237,0.9901291831965912,0.07930162550662628,0.11556579413675062,-0.11519690449062567,-0.009226373623232928,0.9932998274567162,0.0798365441275403,-0.996807968578588,0.0,33.10459235859811,-24.222616212465677,0.029030401732679678,98.89662559535535,NONE
0.0012199939228594303,0.03659981768578291,-7.432885877841758,-3.5800807933908585,-9.659772987736376,-7.503637597261565,-3.522140556662843,-9.61695124203758,-8.433816695869153,-3.2789679694667826,-10.356316405462517,-6.521311972608738,-3.854312126742311,-9.025412658305903,-0.0014258167989998534,-0.004503916633461157,0.008813726874286429,0.7968769680251728,-0.23972673219813678,0.5545432279819226,0.9901291831965912,0.07930162550662628,0.11556579413675062,-0.11519690449062567,-0.009226373623232928,0.9932998274567162,0.0798365441275403,-0.996807968578588,0.0,33.479146563032785,-24.51279353111912,0.030019474976560545,98.91925528011888,NONE
0.0012299938825890422,0.036899816477671266,-7.431723441982316,-3.5768918629389885,-9.663360077215346,-7.503637597261565,-3.522140556662843,-9.61695124203758,-8.427163548431155,-3.274394370980272,-10.367134494069173,-6.5251500715575235,-3.852384249726957,-9.022414287536428,-0.0014219421160806276,-0.004496534072584454,0.008818121225782672,0.7925056153640133,-0.24082911614445224,0.5603000860553109,0.9901291831965912,0.07930162550662628,0.11556579413675062,-0.11519690449062567,-0.009226373623232928,0.9932998274567162,0.0798365441275403,-0.996807968578588,0.0,33.86669812075273,-24.799795338994166,0.031008779168772094,98.94244247037514,NONE
0.001239993842318654,0.03719981526955962,-7.430560760253715,-3.5737028579813126,-9.666947323156508,-7.503637597261565,-3.522140556662843,-9.61695124203758,-8.420290939444886,-3.2697275139129793,-10.378099438095981,-6.529187570096252,-3.8505411633828928,-9.019282470646838,-0.0014180800278708022,-0.004489140929921981,0.008822508869128361,0.787959737228597,-0.2420056872791305,0.5661737364371437,0.9901291831965912,0.07930162550662628,0.11556579413675062,-0.11519690449062567,-0.009226373623232928,0.9932998274567162,0.0798365441275403,-0.996807968578588,0.0,34.267195485905994,-25.083430372471074,0.03199831462996805,98.9661947202103,NONE
0.001249993802048266,0.03749981406144798,-7.429397821480083,-3.570513793418992,-9.670534703208121,-7.503637597261565,-3.522140556662843,-9.61695124203758,-8.41319529460379,-3.264969162502928,-10.389206518698272,-6.533427702085468,-3.8487812894443914,-9.016021462504476,-0.0014142305480927947,-0.004481737231741763,0.008826889788733866,0.7832364968826344,-0.2432550528922765,0.5721604400807477,0.9901291831965912,0.07930162550662628,0.11556579413675062,-0.11519690449062567,-0.009226373623232928,0.9932998274567162,0.0798365441275403,-0.996807968578588,0.0,34.68057795036895,-25.36352091604043,0.03298809382711454,98.9905206904051,NONE
0.001259993645362556,0.03779980936087668,-7.42823462566142,-3.567324654350865,-9.674122217370185,-7.503637597261565,-3.522140556662843,-9.61695124203758,-8.405873002570162,-3.260121111517358,-10.400450900028329,-6.5378737564649825,-3.8471029648978936,-9.012635667242485,-0.00141039373501719,-0.0044743230907238595,0.008831263918150865,0.7783330192104921,-0.24457577224189,0.5782563469941018,0.9901291831965912,0.07930162550662628,0.11556579413675062,-0.11519690449062567,-0.009226373623232928,0.9932998274567162,0.0798365441275403,-0.996807968578588,0.0,35.106783506091205,-25.63990826227838,0.03397811794189742,99.01543277523288,NONE
0.0012699936050921679,0.038099808152765036,-7.427071165347146,-3.5641354556780938,-9.67770987309328,-7.503637597261565,-3.522140556662843,-9.61695124203758,-8.398320426695703,-3.255185263067862,-10.411827587633748,-6.542529030989608,-3.845504485912603,-9.009129647675465,-0.0014065695129422573,-0.004466898360584452,0.008835631343682444,0.773246414877539,-0.2459663428519755,0.584457474982618,0.9901291831965912,0.07930162550662628,0.11556579413675062,-0.11519690449062567,-0.009226373623232928,0.9932998274567162,0.0798365441275403,-0.996807968578588,0.0,35.54574722601786,-25.912451959912918,0.03496839230863813,99.04092210720847,NONE
0.0012799935648217797,0.03839980694465339,-7.425907433086681,-3.5609461974006775,-9.681297640575083,-7.503637597261565,-3.522140556662843,-9.61695124203758,-8.390533957701992,-3.250163548264549,-10.423331319723578,-6.54739679848769,-3.8439840937759793,-9.005508138910137,-0.0014027579401961255,-0.004459463153955773,0.00883999199884947,0.7679738163392923,-0.2474252272964293,0.5907596586722671,0.9901291831965912,0.07930162550662628,0.11556579413675062,-0.11519690449062567,-0.009226373623232928,0.9932998274567162,0.0798365441275403,-0.996807968578588,0.0,35.997399270801665,-26.181024087439894,0.03595892774849929,99.06699976720621,NONE
0.0012899935245513916,0.03869980573654175,-7.424743425154733,-3.5577568795186165,-9.684885527266177,-7.503637597261565,-3.522140556662843,-9.61695124203758,-8.382509993905897,-3.245057990049107,-10.434956705417486,-6.552480331988356,-3.8425399461420553,-9.001776064798406,-0.0013989590303215115,-0.00445201749725525,0.008844345868158408,0.7625123591323087,-0.24895081503872837,0.5971586002579498,0.9901291831965912,0.07930162550662628,0.11556579413675062,-0.11519690449062567,-0.009226373623232928,0.9932998274567162,0.0798365441275403,-0.996807968578588,0.0,36.46166664176097,-26.445514926425542,0.03694972708896849,99.09367170210783,NONE
0.0012999934842810035,0.038999804528430104,-7.4238812998474115,-3.555960015545476,-9.681439529431971,-7.503637597261565,-3.522140556662843,-9.61695124203758,-8.381764093962389,-3.2419249299633153,-10.430803717092433,-6.551512357198861,-3.8419599909568443,-8.998973941716677,-0.0013951727968159779,-0.004444561416937611,0.008848692936139803,0.7626048903181364,-0.25001460874730375,0.596595739739898,0.9901291831965912,0.07930162550662628,0.11556579413675062,-0.11519690449062567,-0.009226373623232928,0.9932998274567162,0.0798365441275403,-0.996807968578588,0.0,36.46723790074613,-26.32952502563146,0.03834407622550806,147.65655444479896,NONE
0.0013099934440106153,0.03929980332031846,-7.423077449256229,-3.55444779355346,-9.676586668265971,-7.503637597261565,-3.522140556662843,-9.61695124203758,-8.382340093204776,-3.2391306863543625,-10.423643874789386,-6.549451841233042,-3.8416153396209576,-8.996222108680215,-0.0013913992531322402,-0.004437094939494581,0.008853033187348423,0.7637034383215564,-0.25103527219441457,0.5947590692121549,0.9901291831965912,0.07930162550662628,0.11556579413675062,-0.11519690449062567,-0.009226373623232928,0.9932998274567162,0.0798365441275403,-0.996807968578588,0.0,36.39057902331959,-26.140653401688613,0.03982073857134516,147.67699100367759,NONE
0.0013199934037402272,0.03959980211220682,-7.422273371422338,-3.5529354896050576,-9.671734090222033,-7.503637597261565,-3.522140556662843,-9.61695124203758,-8.382743267920302,-3.236242404331369,-10.416655049550709,-6.547548286890631,-3.841356174934909,-8.993315066893906,-0.0013876384126776007,-0.0044296180914544575,0.008857366606363286,0.7646645754290297,-0.25213073775147493,0.5930583261070016,0.9901291831965912,0.07930162550662628,0.11556579413675062,-0.11519690449062567,-0.009226373623232928,0.9932998274567162,0.0798365441275403,-0.996807968578588,0.0,36.32599629063164,-25.953600600408976,0.0412975996968683,147.69729540727607,NONE
0.001329993363469839,0.03989980090409517,-7.4214690626204485,-3.5514231037002686,-9.666881780398997,-7.503637597261565,-3.522140556662843,-9.61695124203758,-8.382974241784519,-3.23326011885731,-10.40983822158692,-6.545801119055965,-3.8411824650570012,-8.99025189518233,-0.0013838902888147198,-0.00442213089938303,0.00886169317778744,0.7654888011368973,-0.25330097758320474,0.591494302668579,0.9901291831965912,0.07930162550662628,0.11556579413675062,-0.11519690449062567,-0.009226373623232928,0.9932998274567162,0.0798365441275403,-0.996807968578588,0.0,36.27348822589361,-25.768569389056438,0.04277466501266147,147.71749384464104,NONE
0.001339993323199451,0.04019979969598353,-7.4206645228505606,-3.549910635839093,-9.662029731346282,-7.503637597261565,-3.522140556662843,-9.61695124203758,-8.383033661079597,-3.2301839170688806,-10.403194109250988,-6.544209749142945,-3.841094130629564,-8.987031925086606,-0.0013801548948605767,-0.004414633389882195,0.008866012886248569,0.7661766299736048,-0.2545459223169513,0.5900675767351591,0.9901291831965912,0.07930162550662628,0.11556579413675062,-0.11519690449062567,-0.009226373623232928,0.9932998274567162,0.0798365441275403,-0.996807968578588,0.0,36.23304365570815,-25.585753021173392,0.044251935379755025,147.73759739664686,NONE
0.0013499932829290628,0.040499798487871885,-7.419859759563255,-3.548398063669789,-9.657177957965049,-7.503637597261565,-3.522140556662843,-9.61695124203758,-8.382921996685559,-3.227013917871069,-10.396723444222888,-6.542773762544828,-3.8410910206546536,-8.983654518718662,-0.001376432244087185,-0.004407125589591082,0.008870325716398742,0.7667284308919713,-0.2558654594931604,0.5887787189600941,0.9901291831965912,0.07930162550662628,0.11556579413675062,-0.11519690449062567,-0.009226373623232928,0.9932998274567162,0.0798365441275403,-0.996807968578588,0.0,36.20465473678921,-25.405347116903002,0.04572940347157761,147.7576275155053,NONE
0.0013599932426586747,0.04079979727976024,-7.419054769033241,-3.5468854318958405,-9.652326445354136,-7.503637597261565,-3.522140556662843,-9.61695124203758,-8.38263967280737,-3.2237503495908064,-10.390426722950926,-6.541492765809033,-3.8411730126050707,-8.980119195477986,-0.0013727223497211085,-0.004399607525185018,0.008874631652914203,0.7671445445826405,-0.25725944292261016,0.5876281364470578,0.9901291831965912,0.07930162550662628,0.11556579413675062,-0.11519690449062567,-0.009226373623232928,0.9932998274567162,0.0798365441275403,-0.996807968578588,0.0,36.18830752146132,-25.22753872622976,0.04720707115365208,147.77759175530247,NONE
0.0013699932023882866,0.0410997960716486,-7.418249551260518,-3.5453726958137635,-9.647475215865287,-7.503637597261565,-3.522140556662843,-9.61695124203758,-8.382186980373977,-3.220393420645996,-10.384304416868956,-6.540366493978949,-3.841339831253058,-8.976425568725482,-0.0013690252249438594,-0.00439207922337593,0.008878930680495918,0.7674252026645946,-0.2587276710862759,0.5866161867264471,0.9901291831965912,0.07930162550662628,0.11556579413675062,-0.11519690449062567,-0.009226373623232928,0.9932998274567162,0.0798365441275403,-0.996807968578588,0.0,36.18398827867418,-25.05251422296535,0.04868493938794316,147.79752104192002,NONE
0.0013799930457025766,0.0413997913710773,-7.417444106245088,-3.5438598852258805,-9.642624247146758,-7.503637597261565,-3.522140556662843,-9.61695124203758,-8.381564133878907,-3.2169434407115203,-10.3783567927145,-6.539394751709706,-3.841591251513668,-8.972573352828245,-0.0013653409257084652,-0.004384540798731498,0.008883222733942755,0.7675705759038336,-0.26026992116756154,0.5857430999526062,0.9901291831965912,0.07930162550662628,0.11556579413675062,-0.11519690449062567,-0.009226373623232928,0.9932998274567162,0.0798365441275403,-0.996807968578588,0.0,36.19168002476844,-24.88045123947667,0.05016300839417376,147.8174169825624,NONE
0.0013899930054321885,0.041699790162965655,-7.416638433986949,-3.5423470001321915,-9.637773561550292,-7.503637597261565,-3.522140556662843,-9.61695124203758,-8.380771198707274,-3.213400749941186,-10.372584111599863,-6.538577479453368,-3.841926963599922,-8.96856235269252,-0.0013616693793221475,-0.004376992102515848,0.008887507897938778,0.7675807163557942,-0.2618859223578067,0.5850090662113936,0.9901291831965912,0.07930162550662628,0.11556579413675062,-0.11519690449062567,-0.009226373623232928,0.9932998274567162,0.0798365441275403,-0.996807968578588,0.0,36.21136693969538,-24.71152545311969,0.051641275589245694,147.83729821219015,NONE
0.0013999929651618004,0.04199978895485401,-7.415832538211393,-3.540834010730374,-9.632923144174727,-7.503637597261565,-3.522140556662843,-9.61695124203758,-8.379808197637129,-3.2097657209340964,-10.366986413595164,-6.537914663583376,-3.842346571231983,-8.964392503353364,-0.0013580106417960458,-0.004369433249250347,0.008891786107251385,0.7674556391890639,-0.2635753542907862,0.5844141292674162,0.9901291831965912,0.07930162550662628,0.11556579413675062,-0.11519690449062567,-0.009226373623232928,0.9932998274567162,0.0798365441275403,-0.996807968578588,0.0,36.24302774274804,-24.545903505123555,0.0531197413700788,147.8571873930618,NONE
0.0014099929248914123,0.04229978774674237,-7.415026418918418,-3.539320961723912,-9.628072995020064,-7.503637597261565,-3.522140556662843,-9.61695124203758,-8.37867502450987,-3.206038841280834,-10.36156366375468,-6.537406400781151,-3.8428497157644568,-8.96006383663676,-0.001354364726129871,-0.004361864265791922,0.00889605734667995,0.7671952598869659,-0.2653378643681763,0.583958261299133,0.9901291831965912,0.07930162550662628,0.11556579413675062,-0.11519690449062567,-0.009226373623232928,0.9932998274567162,0.0798365441275403,-0.996807968578588,0.0,36.28664109538162,-24.383745712410537,0.05459840219161549,147.87709792279298,NONE
0.0014199928846210241,0.042599786538630724,-7.414220068657445,-3.5378078084093216,-9.623223121536883,-7.503637597261565,-3.522140556662843,-9.61695124203758,-8.37737149148642,-3.2022205857448274,-10.356315694595013,-6.537052847880638,-3.84343587940174,-8.955576519310243,-0.0013507316452775885,-0.0043542851790332035,0.008900321601048712,0.7667994348357423,-0.26717303902371337,0.5836413230353209,0.9901291831965912,0.07930162550662628,0.11556579413675062,-0.11519690449062567,-0.009226373623232928,0.9932998274567162,0.0798365441275403,-0.996807968578588,0.0,36.34218202225921,-24.225205225127,0.05607726811491709,147.8970425928147,NONE
0.001429992844350636,0.04289978533051908,-7.413413494879054,-3.5362945954900864,-9.618373516274604,-7.503637597261565,-3.522140556662843,-9.61695124203758,-8.375897304498944,-3.1983115458335605,-10.351242223718572,-6.536854286933133,-3.8441046088585953,-8.950930794324675,-0.0013471114121476088,-0.004346696015903019,0.00890457885520654,0.7662679239857546,-0.26908044292709776,0.5834630955807909,0.9901291831965912,0.07930162550662628,0.11556579413675062,-0.11519690449062567,-0.009226373623232928,0.9932998274567162,0.0798365441275403,-0.996807968578588,0.0,36.40962554277407,-24.07042653937096,0.0575563290789205,147.91704517208012,NONE
0.0014399928040802479,0.043199784122407436,-7.412606690132665,-3.534781293163884,-9.613524186683806,-7.503637597261565,-3.522140556662843,-9.61695124203758,-8.374252036271278,-3.19431231287355,-10.346342902121766,-6.53681109283421,-3.844855308654402,-8.946126993762784,-0.0013435040396029396,-0.0043390968033657626,0.008908829094027454,0.7656003930987784,-0.2710595815753549,0.5834232951495762,0.9901291831965912,0.07930162550662628,0.11556579413675062,-0.11519690449062567,-0.009226373623232928,0.9932998274567162,0.0798365441275403,-0.996807968578588,0.0,36.488946112997716,-23.919548811872325,0.05903559396300473,147.93711442472218,NONE
0.0014499927638098598,0.04349978291429579,-7.4117996581435674,-3.5332679014307145,-9.6086751290392,-7.503637597261565,-3.522140556662843,-9.61695124203758,-8.372435240260938,-3.190223567440992,-10.341617167179805,-6.53692367937981,-3.845687358970599,-8.94116562290369,-0.00133990954046053,-0.004331487568421836,0.008913072302410001,0.7647964837004699,-0.2731099131373362,0.5835214767817151,0.9901291831965912,0.07930162550662628,0.11556579413675062,-0.11519690449062567,-0.009226373623232928,0.9932998274567162,0.0798365441275403,-0.996807968578588,0.0,36.58011224609578,-23.772698497883347,0.060515059509166136,147.9572713024427,NONE
0.0014599927235394716,0.04379978170618415,-7.410992398911762,-3.531754435191739,-9.603826339615496,-7.503637597261565,-3.522140556662843,-9.61695124203758,-8.370446283199971,-3.186046052366066,-10.337064449614193,-6.537192623303639,-3.846600111764328,-8.936047193086214,-0.0013363279274916638,-0.004323868338106829,0.008917308465278068,0.7638556916234717,-0.2752308580826093,0.5837571902199905,0.9901291831965912,0.07930162550662628,0.11556579413675062,-0.11519690449062567,-0.009226373623232928,0.9932998274567162,0.0798365441275403,-0.996807968578588,0.0,36.683096585467716,-23.62999808012501,0.061994724966234926,147.97752385983782,NONE
0.0014699926832690835,0.044099780498072505,-7.410184908711957,-3.5302408944469574,-9.598977822137984,-7.503637597261565,-3.522140556662843,-9.61695124203758,-8.36828447225162,-3.181780553720413,-10.332684020334497,-6.537618548472265,-3.847592851139564,-8.930772375430116,-0.001332759213421949,-0.004316239139492271,0.008921537567580526,0.7627774682413984,-0.27742179059131283,0.5841298520434925,0.9901291831965912,0.07930162550662628,0.11556579413675062,-0.11519690449062567,-0.009226373623232928,0.9932998274567162,0.0798365441275403,-0.996807968578588,0.0,36.79786775490735,-23.491558376117606,0.06347459359221297,147.99790412948366,NONE
0.0014799926429986954,0.04439977928996086,-7.409377183818864,-3.52872727919637,-9.594129572881373,-7.503637597261565,-3.522140556662843,-9.61695124203758,-8.36594907284922,-3.1774279199673745,-10.328474961175143,-6.538202116756775,-3.848664804378523,-8.925341999014815,-0.001329203410931251,-0.004308599999684793,0.008925759594291118,0.7615612317051853,-0.279682035171312,0.5846387342334702,0.9901291831965912,0.07930162550662628,0.11556579413675062,-0.11519690449062567,-0.009226373623232928,0.9932998274567162,0.0798365441275403,-0.996807968578588,0.0,36.924389597546416,-23.3574778028273,0.06495466950613427,148.0184121113803,NONE
0.0014899926027283072,0.04469977808184922,-7.4082292020857805,-3.5260582428079728,-9.590585152877482,-7.503637597261565,-3.522140556662843,-9.61695124203758,-8.365476130227702,-3.1740374201951544,-10.323704397609186,-6.536439359228968,-3.846652823585207,-8.922914260059324,-0.001325660532653278,-0.004300950945826623,0.008929974530409014,0.762098654582806,-0.2802564180791885,0.5836625573124424,0.9901291831965912,0.07930162550662628,0.11556579413675062,-0.11519690449062567,-0.009226373623232928,0.9932998274567162,0.0798365441275403,-0.996807968578588,0.0,36.88872895284362,-23.253646291246476,0.06671259235847771,191.33128919744144,NONE
0.0014999924460425973,0.04499977338127792,-7.406890183740901,-3.522731782088864,-9.587783268911751,-7.503637597261565,-3.522140556662843,-9.61695124203758,-8.365986885956161,-3.1711561850984147,-10.318695222150142,-6.533415703199385,-3.8429208842336267,-8.92212261425422,-0.0013221306321945935,-0.004293292094314532,0.008934182312013903,0.7635713261486565,-0.27990195797300504,0.581905253289967,0.9901291831965912,0.07930162550662628,0.11556579413675062,-0.11519690449062567,-0.009226373623232928,0.9932998274567162,0.0798365441275403,-0.996807968578588,0.0,36.76607483473479,-23.16815817781748,0.06862598918636564,191.350132808096,NONE
0.0015099924057722092,0.045299772173166275,-7.405550949329185,-3.519405276666272,-9.584981641991051,-7.503637597261565,-3.522140556662843,-9.61695124203758,-8.366325019666347,-3.1681914625140357,-10.313861749074881,-6.530548845717365,-3.839264893707033,-8.921171442830131,-0.001318613639909159,-0.004285623294036487,0.008938383022127211,0.7649067391454093,-0.27961392966374865,0.5802876276019792,0.9901291831965912,0.07930162550662628,0.11556579413675062,-0.11519690449062567,-0.009226373623232928,0.9932998274567162,0.0798365441275403,-0.996807968578588,0.0,36.65506952072382,-23.08629565332078,0.07053957378778186,191.36879854179566,NONE
0.001519992365501821,0.04559977096505463,-7.404211498850631,-3.516078711639035,-9.582180268390092,-7.503637597261565,-3.522140556662843,-9.61695124203758,-8.366491626052284,-3.165142814642698,-10.309205110454158,-6.527837789816397,-3.8356852222486904,-8.920059707662565,-0.0013151096094621423,-0.004277944661344619,0.008942576596796351,0.7661057650982864,-0.27939266983583,0.5788105844964966,0.9901291831965912,0.07930162550662628,0.11556579413675062,-0.11519690449062567,-0.009226373623232928,0.9932998274567162,0.0798365441275403,-0.996807968578588,0.0,36.55571321968011,-23.008164924519015,0.07245334777492651,191.38730956130877,NONE
0.001529992325231433,0.04589976975694299,-7.402871839755821,-3.5127521019083146,-9.579379153696808,-7.503637597261565,-3.522140556662843,-9.61695124203758,-8.366487602354876,-3.16200989567911,-10.304726473831268,-6.525281732591717,-3.8321822132645726,-8.918786356116287,-0.00131161855330355,-0.0042702562235212614,0.008946763021121395,0.7671691124013166,-0.2792384656606095,0.5774750490479089,0.9901291831965912,0.07930162550662628,0.11556579413675062,-0.11519690449062567,-0.009226373623232928,0.9932998274567162,0.0798365441275403,-0.996807968578588,0.0,36.46801175078555,-22.93387469797663,0.07436730194330288,191.40565781203932,NONE
0.0015399922849610448,0.046199768548831344,-7.401531972044753,-3.5094254325729493,-9.576578296048554,-7.503637597261565,-3.522140556662843,-9.61695124203758,-8.366313857815602,-3.1587923878085022,-10.300426725482364,-6.522879845973301,-3.8287561277248723,-8.917350577477393,-0.0013081404838372486,-0.004262558007883541,0.00895094228022788,0.7680975049342921,-0.2791515582984876,0.5762817283354047,0.9901291831965912,0.07930162550662628,0.11556579413675062,-0.11519690449062567,-0.009226373623232928,0.9932998274567162,0.0798365441275403,-0.996807968578588,0.0,36.391962143978084,-22.863520211750952,0.07628143768985396,191.42387351033204,NONE
0.0015499922446906567,0.0464997673407197,-7.400191888266849,-3.5060987185341004,-9.573777697307976,-7.503637597261565,-3.522140556662843,-9.61695124203758,-8.36597109868658,-3.155490034535878,-10.296306752372345,-6.52063147252283,-3.8254072276983386,-8.915751567522728,-0.0013046754134208437,-0.00425485004178359,0.008955114359266887,0.7688915109015626,-0.2791321638176919,0.5752313270206743,0.9901291831965912,0.07930162550662628,0.11556579413675062,-0.11519690449062567,-0.009226373623232928,0.9932998274567162,0.0798365441275403,-0.996807968578588,0.0,36.32756664343008,-22.797195080086528,0.07819576099467618,191.44199039931974,NONE
0.0015599922044202685,0.046799766132608056,-7.398851603323268,-3.5027719448906067,-9.570977361200365,-7.503637597261565,-3.522140556662843,-9.61695124203758,-8.36546004970521,-3.1521026442852067,-10.29236721487322,-6.5185359806750185,-3.8221356591862405,-8.913988731952221,-0.0013012233543659494,-0.004247132352607899,0.008959279243414725,0.7695516954292466,-0.27918042287543066,0.5743243678837494,0.9901291831965912,0.07930162550662628,0.11556579413675062,-0.11519690449062567,-0.009226373623232928,0.9932998274567162,0.0798365441275403,-0.996807968578588,0.0,36.274819691158406,-22.734983076534203,0.08011025785486225,191.45999095073648,NONE
0.0015699921641498804,0.04709976492449641,-7.39751110231285,-3.4994451265436295,-9.568177285863074,-7.503637597261565,-3.522140556662843,-9.61695124203758,-8.364781214685252,-3.148630065544774,-10.288608747331537,-6.516592883121444,-3.818941588646302,-8.912061489490856,-0.0012977843189378026,-0.0042394049677776805,0.008963436917873548,0.7700784714849199,-0.2792964679589701,0.5735613574336169,0.9901291831965912,0.07930162550662628,0.11556579413675062,-0.11519690449062567,-0.009226373623232928,0.9932998274567162,0.0798365441275403,-0.996807968578588,0.0,36.23372081230809,-22.676963486522336,0.08202494205805877,191.47792290919298,NONE
0.0015799921238794923,0.04739976371638477,-7.396170400136756,-3.4961182485920075,-9.565377471296104,-7.503637597261565,-3.522140556662843,-9.61695124203758,-8.363935047606095,-3.145072216631467,-10.285031859554412,-6.514801794883224,-3.815825061997434,-8.909969375843946,-0.001294358319355391,-0.0042316679147484165,0.008967587367871042,0.7704721886345294,-0.2794803522358198,0.5729427015460278,0.9901291831965912,0.07930162550662628,0.11556579413675062,-0.11519690449062567,-0.009226373623232928,0.9932998274567162,0.0798365441275403,-0.996807968578588,0.0,36.20426648924174,-22.623210605829065,0.08393980003187806,191.49577337990598,NONE
0.0015899920836091042,0.047699762508273125,-7.3948294893444055,-3.4927913110357407,-9.562577920293423,-7.503637597261565,-3.522140556662843,-9.61695124203758,-8.362921941908162,-3.1414290390624195,-10.28163683659234,-6.51316234340785,-3.812786132501514,-8.907712136747046,-0.0012909453677913188,-0.0042239212210104455,0.008971730578660483,0.7707331660417966,-0.2797321222662894,0.5724686249355385,0.9901291831965912,0.07930162550662628,0.11556579413675062,-0.11519690449062567,-0.009226373623232928,0.9932998274567162,0.0798365441275403,-0.996807968578588,0.0,36.18644842272842,-22.573782827465315,0.0858548388304694,191.51357389261926,NONE
0.001599992043338716,0.04799976130016148,-7.393488377386379,-3.4894643287759903,-9.559778630992385,-7.503637597261565,-3.522140556662843,-9.61695124203758,-8.361742116165926,-3.137700590202468,-10.27842397993047,-6.511674343869841,-3.809824776386922,-8.90528949407073,-0.0012875454763718525,-0.004216164914087589,0.008975866535521008,0.7708615717900358,-0.2800517442435226,0.5721393691082237,0.9901291831965912,0.07930162550662628,0.11556579413675062,-0.11519690449062567,-0.009226373623232928,0.9932998274567162,0.0798365441275403,-0.996807968578588,0.0,36.180262328941524,-22.528740696765766,0.0877700501103682,191.5313417688942,NONE
0.001609992003068328,0.04829976009204984,-7.392147056812095,-3.486137286911595,-9.556979605721297,-7.503637597261565,-3.522140556662843,-9.61695124203758,-8.36039573890555,-3.1338869228724326,-10.275393371349919,-6.51033762855199,-3.806940917076316,-8.902701377783552,-0.0012841586571769956,-0.004208399021538485,0.008979995223757394,0.7708575459806505,-0.2804391642516182,0.5719549973193199,0.9901291831965912,0.07930162550662628,0.11556579413675062,-0.11519690449062567,-0.009226373623232928,0.9932998274567162,0.0798365441275403,-0.996807968578588,0.0,36.18569877181903,-22.48812957123503,0.08968544216122609,191.54910611838102,NONE
0.001619991846382618,0.04859975539147854,-7.390805527621555,-3.4828101854425553,-9.554180843316006,-7.503637597261565,-3.522140556662843,-9.61695124203758,-8.35888283506898,-3.1299881879848415,-10.27254504962185,-6.509152174739015,-3.8041344171297045,-8.899947750351219,-0.0012807849614394616,-0.004200623661529545,0.008984116580763094,0.7707211084708193,-0.28089426214369295,0.5719155413627628,0.9901291831965912,0.07930162550662628,0.11556579413675062,-0.11519690449062567,-0.009226373623232928,0.9932998274567162,0.0798365441275403,-0.996807968578588,0.0,36.20275004281958,-22.451992403814103,0.09160101511757901,191.5668553596955,NONE
0.0016299918061122298,0.048899754183366895,-7.389463797265338,-3.4794830392700318,-9.551382343892927,-7.503637597261565,-3.522140556662843,-9.61695124203758,-8.35720333216696,-3.1260045479985092,-10.269878910887462,-6.508118062684795,-3.80140515706363,-8.8970287065831,-0.0012774243225950014,-0.004192838680649914,0.00898823068785417,0.7704521956175693,-0.28141692044380023,0.572020918460151,0.9901291831965912,0.07930162550662628,0.11556579413675062,-0.11519690449062567,-0.009226373623232928,0.9932998274567162,0.0798365441275403,-0.996807968578588,0.0,36.23140811847179,-22.42035912141073,0.09351676040724755,191.58461486899517,NONE
0.0016399917658418417,0.04919975297525525,-7.388121858292865,-3.4761558483940247,-9.548584107102814,-7.503637597261565,-3.522140556662843,-9.61695124203758,-8.355357108482279,-3.121936297787789,-10.267394686285865,-6.507235389004367,-3.7987528683282976,-8.893944490670533,-0.0012740767919358484,-0.004185044197022699,0.008992337482390927,0.7700507164491301,-0.2820069043918786,0.5722709148397214,0.9901291831965912,0.07930162550662628,0.11556579413675062,-0.11519690449062567,-0.009226373623232928,0.9932998274567162,0.0798365441275403,-0.996807968578588,0.0,36.271658569891606,-22.393254305869462,0.09543268544763173,191.60242675638827,NONE
0.0016499917255714536,0.04949975176714361,-7.386779710704135,-3.472828597913373,-9.545786132829251,-7.503637597261565,-3.522140556662843,-9.61695124203758,-8.353343858152114,-3.117783682867104,-10.265092065763273,-6.506504432255008,-3.796177298855254,-8.890695384765182,-0.0012707423813559035,-0.004177240238341935,0.008996436949781745,0.7695164274571276,-0.2826640066617292,0.5726652837492049,0.9901291831965912,0.07930162550662628,0.11556579413675062,-0.11519690449062567,-0.009226373623232928,0.9932998274567162,0.0798365441275403,-0.996807968578588,0.0,36.32349264784015,-22.370692881852907,0.09734879143387332,191.62026996682062,NONE
0.0016599916853010654,0.04979975055903196,-7.385437354499149,-3.469501287828076,-9.542988420257332,-7.503637597261565,-3.522140556662843,-9.61695124203758,-8.351163212810444,-3.113547079782115,-10.262970598057183,-6.5059255279173,-3.7936781057145073,-8.88728179828656,-0.0012674211027024357,-0.004169426832335251,0.009000529075461365,0.768849035372144,-0.28338792747183,0.5732036665710929,0.9901291831965912,0.07930162550662628,0.11556579413675062,-0.11519690449062567,-0.009226373623232928,0.9932998274567162,0.0798365441275403,-0.996807968578588,0.0,36.38689743825743,-22.352683798090023,0.0992650784601441,191.63817824342513,NONE
0.0016699916450306773,0.05009974935092032,-7.384094797128486,-3.466173933039296,-9.540190968921396,-7.503637597261565,-3.522140556662843,-9.61695124203758,-8.348814735651224,-3.1092269100287138,-10.261029668608574,-6.505499088037968,-3.7912549335107504,-8.88370429003991,-0.0012641129677759453,-0.00416160400676398,0.009004613844889956,0.7680481865055235,-0.2841783431175152,0.5738855744036093,0.9901291831965912,0.07930162550662628,0.11556579413675062,-0.11519690449062567,-0.009226373623232928,0.9932998274567162,0.0798365441275403,-0.996807968578588,0.0,36.461857701424,-22.33922383342703,0.10118153802153707,191.6561829092411,NONE
0.0016799916047602892,0.050399748142808676,-7.382752031141567,-3.462846533547032,-9.537393777890118,-7.503637597261565,-3.522140556662843,-9.61695124203758,-8.346297848030002,-3.104823653302217,-10.259268589726727,-6.505225625367645,-3.7889073453728974,-8.879963484543673,-0.0012608179883303516,-0.004153771789422713,0.009008691243554533,0.7671134261093152,-0.28503487169611696,0.5747104604929392,0.9901291831965912,0.07930162550662628,0.11556579413675062,-0.11519690449062567,-0.009226373623232928,0.9932998274567162,0.0798365441275403,-0.996807968578588,0.0,36.548358774199656,-22.33030491624681,0.10309817760271756,191.67425022113568,NONE
0.001689991564489901,0.05069974693469703,-7.38140904908781,-3.4595190744501236,-9.53459684669784,-7.503637597261565,-3.522140556662843,-9.61695124203758,-8.34361187460987,-3.1003378200555063,-10.257686548626312,-6.505105740717317,-3.7866348479461043,-8.876060121132978,-0.0012575361760730815,-0.0041459302081396695,0.009012761256967759,0.7660442224552304,-0.2859570949544158,0.5756776781222224,0.9901291831965912,0.07930162550662628,0.11556579413675062,-0.11519690449062567,-0.009226373623232928,0.9932998274567162,0.0798365441275403,-0.996807968578588,0.0,36.64638499520041,-22.325909906579916,0.1050150058162238,191.6924360839904,NONE
0.001699991524219513,0.05099974572658539,-7.379768535548496,-3.4559154670339707,-9.533212037084612,-7.503637597261565,-3.522140556662843,-9.61695124203758,-8.34243534813238,-3.095679376593032,-10.255158527539097,-6.503042662011354,-3.783991907338094,-8.875716464143968,-0.0012542675426641253,-0.0041380792907761265,0.009016823870669015,0.7664136192170939,-0.2867968878104424,0.5747675264146368,0.9901291831965912,0.07930162550662628,0.11556579413675062,-0.11519690449062567,-0.009226373623232928,0.9932998274567162,0.0798365441275403,-0.996807968578588,0.0,36.62776105334349,-22.2058185036936,0.1070851346953976,211.606170086993,NONE
0.0017099914839491248,0.051299744518473744,-7.378037340992736,-3.452226163039792,-9.532264820558938,-7.503637597261565,-3.522140556662843,-9.61695124203758,-8.341608608423627,-3.0909132663411403,-10.252464495126338,-6.5004877567433805,-3.781283278998859,-8.876360118586831,-0.001251012099717283,-0.004130219065226625,0.009020879070223475,0.767133688200103,-0.2876541719407162,0.5733768235581277,0.9901291831965912,0.07930162550662628,0.11556579413675062,-0.11519690449062567,-0.009226373623232928,0.9932998274567162,0.0798365441275403,-0.996807968578588,0.0,36.5812297816076,-22.05304407278067,0.10920127458058282,211.62337416686918,NONE
0.0017199914436787367,0.0515997433103621,-7.376305952721881,-3.4485368143421296,-9.531317846177133,-7.503637597261565,-3.522140556662843,-9.61695124203758,-8.340613365490798,-3.086068943839309,-10.249950175340107,-6.4980859416373065,-3.778645795187506,-8.876840566705592,-0.0012477698587990227,-0.0041223495594186884,0.009024926841222981,0.7677197599389549,-0.2885736880617488,0.5721290035977147,0.9901291831965912,0.07930162550662628,0.11556579413675062,-0.11519690449062567,-0.009226373623232928,0.9932998274567162,0.0798365441275403,-0.996807968578588,0.0,36.546301004817565,-21.904839969883618,0.11131758183024587,211.6405072336915,NONE
0.0017299914034083486,0.05189974210225046,-7.37457436328535,-3.4448474209409836,-9.530371110213908,-7.503637597261565,-3.522140556662843,-9.61695124203758,-8.33945010788961,-3.081146382835502,-10.247616201059085,-6.495836757516628,-3.776079479812452,-8.877157225003057,-0.0012445408314293428,-0.004114470801313156,0.009028967169285808,0.7681722293220755,-0.2895554570737292,0.5710245733566783,0.9901291831965912,0.07930162550662628,0.11556579413675062,-0.11519690449062567,-0.009226373623232928,0.9932998274567162,0.0798365441275403,-0.996807968578588,0.0,36.522960224417176,-21.76135945125242,0.11343406425194225,211.65754083450938,NONE
0.0017399912467226386,0.05219973740167916,-7.372842580133724,-3.4411579977375153,-9.529424618257197,-7.503637597261565,-3.522140556662843,-9.61695124203758,-8.338119280301246,-3.0761456710452872,-10.24546306796682,-6.493739813634564,-3.7735842814608707,-8.877309652724252,-0.0012413250664407526,-0.004106582910785444,0.009032999993150907,0.7684914444444508,-0.29059942100649305,0.5700639230177371,0.9901291831965912,0.07930162550662628,0.11556579413675062,-0.11519690449062567,-0.009226373623232928,0.9932998274567162,0.0798365441275403,-0.996807968578588,0.0,36.51118858504353,-21.62274875280641,0.11555071264117345,211.6745338636156,NONE
0.0017499912064522505,0.052499736193567514,-7.3711106032670015,-3.437468514929402,-9.528478368444356,-7.503637597261565,-3.522140556662843,-9.61695124203758,-8.336621220417781,-3.071066884930757,-10.243491138742614,-6.4917948024461,-3.771160073552655,-8.877297516008634,-0.00123812250038508,-0.004098685732204392,0.009037025392387573,0.7686776741548669,-0.2917054952591242,0.5692473428058259,0.9901291831965912,0.07930162550662628,0.11556579413675062,-0.11519690449062567,-0.009226373623232928,0.9932998274567162,0.0798365441275403,-0.996807968578588,0.0,36.51096620723153,-21.489143855159273,0.1176675295765719,211.69146028815322,NONE
0.0017599911661818624,0.05279973498545587,-7.369378425234603,-3.4337790023189667,-9.527532360775384,-7.503637597261565,-3.522140556662843,-9.61695124203758,-8.334956111814305,-3.065910199606125,-10.241700718486747,-6.490001542528577,-3.7688067535507828,-8.877120536993392,-0.0012349331821551901,-0.004090779385403905,0.009041043305701085,0.76873107053572,-0.29287356414360727,0.5685750756222315,0.9901291831965912,0.07930162550662628,0.11556579413675062,-0.11519690449062567,-0.009226373623232928,0.9932998274567162,0.0798365441275403,-0.996807968578588,0.0,36.5222751898568,-21.360673814125935,0.11978452007179996,211.7083647759397,NONE
0.0017699911259114742,0.05309973377734423,-7.3676460534871095,-3.4300894450050476,-9.526586597112926,-7.503637597261565,-3.522140556662843,-9.61695124203758,-8.333124096240626,-3.060675821841126,-10.240091952361139,-6.488359919022753,-3.7665241046726035,-8.876778587034767,-0.0012317571230828803,-0.004082863898475324,0.009045053718815517,0.7686517405074471,-0.2941034511797823,0.5680472355526552,0.9901291831965912,0.07930162550662628,0.11556579413675062,-0.11519690449062567,-0.009226373623232928,0.9932998274567162,0.0798365441275403,-0.996807968578588,0.0,36.54509351633219,-21.237457092067316,0.12190167771625049,211.72526750033214,NONE
0.001779991085641086,0.05339973256923258,-7.36591348802452,-3.426399842987645,-9.525641077456983,-7.503637597261565,-3.522140556662843,-9.61695124203758,-8.331125208035184,-3.055364030999706,-10.238664870722426,-6.486869900655709,-3.7643118724940567,-8.876271638486177,-0.0012285943344527196,-0.00407493929954257,0.009049056617481814,0.7684397114081152,-0.29539493395597954,0.567663846765104,0.9901291831965912,0.07930162550662628,0.11556579413675062,-0.11519690449062567,-0.009226373623232928,0.9932998274567162,0.0798365441275403,-0.996807968578588,0.0,36.57939808436341,-21.119602656064476,0.1240190025099217,211.74216604123694,NONE
0.001789991045370698,0.05369973136112094,-7.364180721396255,-3.4227101962667588,-9.52469579994491,-7.503637597261565,-3.522140556662843,-9.61695124203758,-8.328959345646641,-3.049975153984038,-10.237419422697911,-6.485531565676889,-3.762169759296773,-8.875599734119712,-0.0012254448275021048,-0.004067005616762087,0.009053051987477547,0.7680949083207301,-0.2967477522136397,0.5674248702409171,0.9901291831965912,0.07930162550662628,0.11556579413675062,-0.11519690449062567,-0.009226373623232928,0.9932998274567162,0.0798365441275403,-0.996807968578588,0.0,36.625166705906494,-21.00721084958728,0.12613650204511018,211.759075731824,NONE
0.0017999910051003098,0.053999730153009295,-7.362447768503475,-3.41902051974355,-9.52375076643935,-7.503637597261565,-3.522140556662843,-9.61695124203758,-8.326626380380988,-3.0445095810403098,-10.236355375725386,-6.484345059763338,-3.7600974381453702,-8.874763089294872,-0.0012223086134214602,-0.004059062878322356,0.009057039814607128,0.767617216924021,-0.2981616071271086,0.5673301193460477,0.9901291831965912,0.07930162550662628,0.11556579413675062,-0.11519690449062567,-0.009226373623232928,0.9932998274567162,0.0798365441275403,-0.996807968578588,0.0,36.682373145466315,-20.900367561241904,0.1282541601707976,211.77601828384692,NONE
0.0018099909648299217,0.05429972894489765,-7.360714606994438,-3.415330813418019,-9.522805976940306,-7.503637597261565,-3.522140556662843,-9.61695124203758,-8.324125990521646,-3.0389677699689397,-10.235472472295653,-6.4833106332027075,-3.758094492109019,-8.873761938532027,-0.0012191857033540005,-0.004051111112444211,0.009061020084701622,0.7670063988828908,-0.2996361342250331,0.5673793890681771,0.9901291831965912,0.07930162550662628,0.11556579413675062,-0.11519690449062567,-0.009226373623232928,0.9932998274567162,0.0798365441275403,-0.996807968578588,0.0,36.7509936256064,-20.799154523212483,0.13037199901809338,211.79301995516028,NONE
0.0018199909245595336,0.05459972773678601,-7.358981259220886,-3.4116410474878434,-9.521861429585131,-7.503637597261565,-3.522140556662843,-9.61695124203758,-8.321457851310019,-3.0333501807526204,-10.234770258125875,-6.482428624469214,-3.7561604453253596,-8.872596691999444,-0.0012160761083951216,-0.004043150347380424,0.009064992783619013,0.7662621778503357,-0.3011709435719747,0.567572319219346,0.9901291831965912,0.07930162550662628,0.11556579413675062,-0.11519690449062567,-0.009226373623232928,0.9932998274567162,0.0798365441275403,-0.996807968578588,0.0,36.831000584596914,-20.70363718394372,0.13248999903451875,211.81006740098582,NONE
0.0018299908842891455,0.054899726528674364,-7.357247702831077,-3.407951221953023,-9.520917124373826,-7.503637597261565,-3.522140556662843,-9.61695124203758,-8.318621444383815,-3.027657370241841,-10.234248242011137,-6.481699462940911,-3.7542947906560706,-8.871267797050304,-0.0012129798395936174,-0.004035180611416035,0.009068957897244179,0.7653841589345433,-0.30276559183926244,0.5679085187336804,0.9901291831965912,0.07930162550662628,0.11556579413675062,-0.11519690449062567,-0.009226373623232928,0.9932998274567162,0.0798365441275403,-0.996807968578588,0.0,36.92236884406823,-20.613874863620143,0.13460818235118488,211.82720770923464,NONE
0.0018399908440187573,0.05519972532056272,-7.355513952726173,-3.4042613964182022,-9.519973059443744,-7.503637597261565,-3.522140556662843,-9.61695124203758,-8.31561625765819,-3.021890020690912,-10.233905733492762,-6.481123643458916,-3.752497020642441,-8.869775878944399,-0.001209896907950358,-0.0040272019328673695,0.009072915411489055,0.7643719225830313,-0.304419583313137,0.5683874393951512,0.9901291831965912,0.07930162550662628,0.11556579413675062,-0.11519690449062567,-0.009226373623232928,0.9932998274567162,0.0798365441275403,-0.996807968578588,0.0,37.02506825155486,-20.529912204845868,0.1367265297025284,211.84444506339437,NONE
0.0018499908037483692,0.055499724112451077,-7.353780008906173,-3.400571511278737,-9.519029236657532,-7.503637597261565,-3.522140556662843,-9.61695124203758,-8.312441644338273,-3.0160487668937805,-10.23374197320799,-6.480701755076251,-3.7507664432728474,-8.86812163281228,-0.001206827324419337,-0.004019214340083269,0.009076865312292426,0.7632249538591761,-0.30613236515794456,0.5690084751648798,0.9901291831965912,0.07930162550662628,0.11556579413675062,-0.11519690449062567,-0.009226373623232928,0.9932998274567162,0.0798365441275403,-0.996807968578588,0.0,37.13906938576954,-20.451786116321696,0.13884504560003919,211.8617914948444,NONE
0.0018599906470626593,0.05579971941187978,-7.352045856469917,-3.396881596336949,-9.518085654152545,-7.503637597261565,-3.522140556662843,-9.61695124203758,-8.309096798250973,-3.0101343655085016,-10.233756138571636,-6.480434503523824,-3.7491024263830623,-8.866305804244815,-0.0012037711354080454,-0.004011217954586944,0.009080807539770426,0.7619426228029785,-0.30790335869773366,0.5697709726361752,0.9901291831965912,0.07930162550662628,0.11556579413675062,-0.11519690449062567,-0.009226373623232928,0.9932998274567162,0.0798365441275403,-0.996807968578588,0.0,37.26434564470245,-20.37952433400925,0.14096374264967615,211.87926629524463,NONE
0.0018699906067922711,0.056099718203768134,-7.350311502867984,-3.393191651592839,-9.517142306340846,-7.503637597261565,-3.522140556662843,-9.61695124203758,-8.30558091235408,-3.004147606017982,-10.233947198824826,-6.480322638032126,-3.7475042509703305,-8.86432932130408,-0.0012007282806167946,-0.004003212618606699,0.009084742171704652,0.7605242809674805,-0.3097319353968119,0.5706741156336441,0.9901291831965912,0.07930162550662628,0.11556579413675062,-0.11519690449062567,-0.009226373623232928,0.9932998274567162,0.0798365441275403,-0.996807968578588,0.0,37.40086540549105,-20.313139530644477,0.14308261412017487,211.89688303437097,NONE
0.001879990566521883,0.05639971699565649,-7.3485769481003755,-3.389501647244084,-9.516199200673016,-7.503637597261565,-3.522140556662843,-9.61695124203758,-8.301893072269856,-2.998089358017866,-10.234314062813683,-6.480366991348905,-3.745971068127051,-8.862193191968505,-0.0011976988065139896,-0.003995198453625475,0.00908866914817669,0.7589692003837291,-0.3116173792121605,0.5717170295188242,0.9901291831965912,0.07930162550662628,0.11556579413675062,-0.11519690449062567,-0.009226373623232928,0.9932998274567162,0.0798365441275403,-0.996807968578588,0.0,37.54859651695691,-20.25263900016391,0.14520166151387848,211.91464589571098,NONE
0.0018899905262514949,0.05669971578754485,-7.346842192167091,-3.3858116428953293,-9.515256325973185,-7.503637597261565,-3.522140556662843,-9.61695124203758,-8.298032255520818,-2.9919605724462435,-10.234855496115408,-6.480568494671178,-3.7445021256971605,-8.859898519105226,-0.0011946827238636223,-0.003987175488118016,0.009092588455233723,0.7572765670206835,-0.3135589805212155,0.5728987404209095,0.9901291831965912,0.07930162550662628,0.11556579413675062,-0.11519690449062567,-0.009226373623232928,0.9932998274567162,0.0798365441275403,-0.996807968578588,0.0,37.70750821354945,-20.198015662597644,0.1473208813955864,211.9325820188164,NONE
0.0018999904859811068,0.0569997145794332,-7.345107220166969,-3.3821215789419297,-9.514313689691933,-7.503637597261565,-3.522140556662843,-9.61695124203758,-8.293997353332852,-2.9857621839641277,-10.235570171936217,-6.480928129316527,-3.7430964585722446,-8.857446525296105,-0.001191680043381664,-0.003979143750589947,0.009096500078950385,0.7554455100068018,-0.31555594775338214,0.574218186100047,0.9901291831965912,0.07930162550662628,0.11556579413675062,-0.11519690449062567,-0.009226373623232928,0.9932998274567162,0.0798365441275403,-0.996807968578588,0.0,37.87756778314352,-20.14925513035559,0.14944029238508882,211.95069888896538,NONE
0.0019099904457107186,0.05729971337132156,-7.3433720470011705,-3.3784314851862076,-9.51337128437868,-7.503637597261565,-3.522140556662843,-9.61695124203758,-8.289787199449052,-2.979495294404849,-10.236456647864934,-6.481446985897691,-3.7417531202279157,-8.854838509946749,-0.0011886907757368058,-0.00397110326957851,0.009100404005428562,0.7534750889797335,-0.31760742742627784,0.5756742241325772,0.9901291831965912,0.07930162550662628,0.11556579413675062,-0.11519690449062567,-0.009226373623232928,0.9932998274567162,0.0798365441275403,-0.996807968578588,0.0,38.0587419976742,-20.106335119991158,0.15155987822597083,211.96900677414317,NONE
0.0019199904054403305,0.057599712163209915,-7.3414950967371935,-3.3746138374906662,-9.512983962221059,-7.503637597261565,-3.522140556662843,-9.61695124203758,-8.286081726502726,-2.97311607665262,-10.237041843123105,-6.481235319120179,-3.74026836145741,-8.853565490713313,-0.0011857149315501786,-0.0039630540736513885,0.009104300220797449,0.7520193364093948,-0.3196467853353292,0.5764484801707466,0.9901291831965912,0.07930162550662628,0.11556579413675062,-0.11519690449062567,-0.009226373623232928,0.9932998274567162,0.0798365441275403,-0.996807968578588,0.0,38.19920182311611,-20.019885213940398,0.15376580831834374,227.439593142063,NONE
0.0019299903651699424,0.05789971095509827,-7.339505672508525,-3.370693818817723,-9.513037483466777,-7.503637597261565,-3.522140556662843,-9.61695124203758,-8.282745563629051,-2.966635975060812,-10.237426836428007,-6.480472405039712,-3.738679877334147,-8.853317131675174,-0.0011827525213949845,-0.003954996191407921,0.009108188711213728,0.7509471494122246,-0.3216849592805564,0.5767123769803465,0.9901291831965912,0.07930162550662628,0.11556579413675062,-0.11519690449062567,-0.009226373623232928,0.9932998274567162,0.0798365441275403,-0.996807968578588,0.0,38.30957626602051,-19.90057193194057,0.15604027393242248,227.45674586749536,NONE
0.0019399903248995543,0.05819970974698663,-7.3375160545647615,-3.3667737405401352,-9.513091231955203,-7.503637597261565,-3.522140556662843,-9.61695124203758,-8.279238260802668,-2.960089561336107,-10.237985315701021,-6.479864982458949,-3.7371516715185322,-8.85291120862176,-0.0011798035557966239,-0.003946929651477676,0.009112069462861475,0.74973886597655,-0.32377587924267726,0.5771142112830252,0.9901291831965912,0.07930162550662628,0.11556579413675062,-0.11519690449062567,-0.009226373623232928,0.9932998274567162,0.0798365441275403,-0.996807968578588,0.0,38.43102117828449,-19.78750231467358,0.15831490981473273,227.4739761313277,NONE
0.0019499902846291661,0.058499708538874984,-7.335483759695339,-3.363168821821797,-9.513036105109366,-7.503637597261565,-3.522140556662843,-9.61695124203758,-8.275742087112123,-2.9543230414814,-10.238614201255727,-6.479165880363416,-3.7355153795563565,-8.852233133771966,-0.0011768680452328862,-0.003938854482521697,0.009115942461952275,0.7485734194786278,-0.3254968075312319,0.5776587781182336,0.9901291831965912,0.07930162550662628,0.11556579413675062,-0.11519690449062567,-0.009226373623232928,0.9932998274567162,0.0798365441275403,-0.996807968578588,0.0,38.544028626008014,-19.709045068465834,0.1606193909657101,260.65020098829604,IMPACT
0.001959990244358778,0.05879970733076334,-7.3329766244233126,-3.362992690096486,-9.51180583916417,-7.503637597261565,-3.522140556662843,-9.61695124203758,-8.274012887133125,-2.9576868077955902,-10.238360766216196,-6.475950259049886,-3.7321153699946583,-8.850113242342777,-0.001173946000133643,-0.003930770713231008,0.009119807694725259,0.7491927617013497,-0.3226785675829452,0.5784364682805913,0.9901291831965912,0.07930162550662628,0.11556579413675062,-0.11519690449062567,-0.009226373623232928,0.9932998274567162,0.0798365441275403,-0.996807968578588,0.0,38.45874818207197,-19.947550466678386,0.1632579229578397,263.91359780548174,NONE
0.001969990087673068,0.05909970263019204,-7.330468609982776,-3.362819657812703,-9.510575010700139,-7.503637597261565,-3.522140556662843,-9.61695124203758,-8.272106342526298,-2.960995930627093,-10.23828390916648,-6.472894470282374,-3.7287710478675633,-8.847831461895126,-0.0011710374646631116,-0.003922678466584918,0.009123665102585674,0.7496716134349681,-0.3199062988501957,0.5793551863630643,0.9901291831965912,0.07930162550662628,0.11556579413675062,-0.11519690449062567,-0.009226373623232928,0.9932998274567162,0.0798365441275403,-0.996807968578588,0.0,38.384977080406905,-20.193236277862766,0.16589714465755456,263.932762810774,NONE
0.0019799901638180017,0.05939970491454005,-7.327960386925983,-3.3626465659242752,-9.509344420654687,-7.503637597261565,-3.522140556662843,-9.61695124203758,-8.270021682641877,-2.9642413577812796,-10.238383495893292,-6.470000497153549,-3.725484621173509,-8.84538944503265,-0.001168142347809577,-0.0039145774885635575,0.009127514806412381,0.7500088272868034,-0.3171846930800955,0.5804141878586013,0.9901291831965912,0.07930162550662628,0.11556579413675062,-0.11519690449062567,-0.009226373623232928,0.9932998274567162,0.0798365441275403,-0.996807968578588,0.0,38.32291866219097,-20.445587497301027,0.16853655008802626,263.9519059666969,NONE
0.001989990007132292,0.059699700213968754,-7.325451940351772,-3.3624733846288803,-9.508114061577233,-7.503637597261565,-3.522140556662843,-9.61695124203758,-8.267758901352211,-2.967422522928305,-10.238659457775091,-6.467268316771986,-3.7222565487398356,-8.842787240014768,-0.0011652607946727404,-0.003906468185177727,0.009131356613263327,0.7502044102417604,-0.3145141774214709,0.5816134240668007,0.9901291831965912,0.07930162550662628,0.11556579413675062,-0.11519690449062567,-0.009226373623232928,0.9932998274567162,0.0798365441275403,-0.996807968578588,0.0,38.27262404899882,-20.70440713306501,0.17117615722773394,263.97102785243567,NONE
0.0019999900832772255,0.059999702498316765,-7.322842970544147,-3.3622025113206986,-9.507373377008351,-7.503637597261565,-3.522140556662843,-9.61695124203758,-8.265901516930725,-2.9705009286831707,-10.238751949453992,-6.463974858473029,-3.718935399288459,-8.841287760020409,-0.001162392681306465,-0.0038983502076152953,0.00913519068838862,0.7508027743573736,-0.31184769608553664,0.5822767455973265,0.9901291831965912,0.07930162550662628,0.11556579413675062,-0.11519690449062567,-0.009226373623232928,0.9932998274567162,0.0798365441275403,-0.996807968578588,0.0,38.19109635932825,-20.9289796976756,0.17386645286639535,272.2302147726995,NONE
0.0020099899265915155,0.060299697797745466,-7.320169761830615,-3.3618687253099564,-9.506948567254456,-7.503637597261565,-3.522140556662843,-9.61695124203758,-8.264242573297334,-2.9734901017742006,-10.238790585326615,-6.4603779319926025,-3.7155753074124407,-8.840440878199175,-0.0011595381514561648,-0.0038902239627398175,0.009139016839629876,0.751610267210305,-0.3092021690159335,0.5826457113031007,0.9901291831965912,0.07930162550662628,0.11556579413675062,-0.11519690449062567,-0.009226373623232928,0.9932998274567162,0.0798365441275403,-0.996807968578588,0.0,38.09350721856411,-21.13403819278207,0.17658883807622594,272.24874445044935,NONE
0.0020199900027364492,0.06059970008209348,-7.317496344500827,-3.3615348796945694,-9.50652398474327,-7.503637597261565,-3.522140556662843,-9.61695124203758,-8.262407129113784,-2.9764150008097765,-10.239006377703006,-6.456941350576307,-3.7122736377135777,-8.839433089509729,-0.0011566970823391426,-0.003882089101009797,0.00914283523156346,0.752277407723949,-0.30660776537658385,0.5831555367471986,0.9901291831965912,0.07930162550662628,0.11556579413675062,-0.11519690449062567,-0.009226373623232928,0.9932998274567162,0.0798365441275403,-0.996807968578588,0.0,38.0075002966406,-21.345662819988554,0.17931140830836334,272.2672157522689,NONE
0.0020299898460507393,0.06089969538152218,-7.314822718554782,-3.3612009744745377,-9.506099625749501,-7.503637597261565,-3.522140556662843,-9.61695124203758,-8.260395395087551,-2.9792749422454436,-10.239399692084238,-6.453664922327327,-3.7090310127137025,-8.838264053962666,-0.0011538696163442231,-0.0038739460301356623,0.009146645672817602,0.7528043636500934,-0.30406502936177443,0.5838065158839882,0.9901291831965912,0.07930162550662628,0.11556579413675062,-0.11519690449062567,-0.009226373623232928,0.9932998274567162,0.0798365441275403,-0.996807968578588,0.0,37.93312758279187,-21.563704803613376,0.18203416399332184,272.2856311849125,NONE
0.0020399896893650293,0.06119969068095088,-7.312148898893642,-3.360867009649861,-9.50567549399844,-7.503637597261565,-3.522140556662843,-9.61695124203758,-8.258207713926732,-2.982069373830785,-10.23997055566112,-6.450548363604465,-3.7058479353617315,-8.836933753912614,-0.001151055697213775,-0.0038657945897423757,0.009150448238847036,0.7531913959676112,-0.3015744006378944,0.5845986673952106,0.9901291831965912,0.07930162550662628,0.11556579413675062,-0.11519690449062567,-0.009226373623232928,0.9932998274567162,0.0798365441275403,-0.996807968578588,0.0,37.8704260618586,-21.78799473373896,0.18475708994651185,272.3039911633906,NONE
0.002049989765509963,0.06149969296529889,-7.309474870616245,-3.3605329554182175,-9.505251589490088,-7.503637597261565,-3.522140556662843,-9.61695124203758,-8.255844235590484,-2.98479772878988,-10.240718946002218,-6.44759150936395,-3.7027248648912585,-8.835442209788464,-0.0011482552698988471,-0.0038576346187088155,0.009154243004404376,0.7534386359277225,-0.29913630670890784,0.5855319734223972,0.9901291831965912,0.07930162550662628,0.11556579413675062,-0.11519690449062567,-0.009226373623232928,0.9932998274567162,0.0798365441275403,-0.996807968578588,0.0,37.819436180483024,-22.01835202057552,0.18748020328537685,272.32232706241865,NONE
0.002059989608824253,0.06179968826472759,-7.30680061882143,-3.360198841581929,-9.504827908499154,-7.503637597261565,-3.522140556662843,-9.61695124203758,-8.253305039989328,-2.9874595617231967,-10.241644695730653,-6.444794258357138,-3.699662263883378,-8.833789566906717,-0.0011454684747556915,-0.0038494665260004435,0.009158029779299278,0.7535461590134126,-0.29675112590007546,0.5866063036766399,0.9901291831965912,0.07930162550662628,0.11556579413675062,-0.11519690449062567,-0.009226373623232928,0.9932998274567162,0.0798365441275403,-0.996807968578588,0.0,37.780195423234346,-22.254583041934463,0.19020351683114,272.3406413887509,NONE
0.0020699896849691868,0.062099690549075603,-7.30412618821268,-3.359864668140996,-9.504404454750928,-7.503637597261565,-3.522140556662843,-9.61695124203758,-8.250590095442337,-2.9900544446052617,-10.24274762622755,-6.442156724852799,-3.6966605221520954,-8.831975995058265,-0.0011426951919116424,-0.0038412899602786343,0.009161808726416455,0.7535139044123075,-0.2944191989778476,0.5878215129872015,0.9901291831965912,0.07930162550662628,0.11556579413675062,-0.11519690449062567,-0.009226373623232928,0.9932998274567162,0.0798365441275403,-0.996807968578588,0.0,37.752744657462536,-22.496487081274186,0.1929269858910576,272.3589640303823,NONE
0.002079989528283477,0.062399685848504305,-7.301451534086513,-3.3595304052930954,-9.50398122452012,-7.503637597261565,-3.522140556662843,-9.61695124203758,-8.247699307635505,-2.9925819976180934,-10.244027294129634,-6.439678909329048,-3.6937199286635156,-8.830001890907646,-0.001139935560361766,-0.0038331053313411037,0.009165579656358832,0.7533418326276906,-0.29214080460225933,0.5891772513424949,0.9901291831965912,0.07930162550662628,0.11556579413675062,-0.11519690449062567,-0.009226373623232928,0.9932998274567162,0.0798365441275403,-0.996807968578588,0.0,37.73711527897188,-22.74384660227203,0.1956506575212451,272.3772974940672,NONE
0.0020899896044284105,0.06269968813285232,-7.2987647206128115,-3.3591844897371415,-9.503615475518616,-7.503637597261565,-3.522140556662843,-9.61695124203758,-8.244701019731817,-2.995037987785109,-10.245441608188038,-6.437275763774656,-3.6908222441980816,-8.828014991866743,-0.0011371894614028702,-0.003824912287137238,0.009169342731328967,0.7530938566488176,-0.2899101068387385,0.5905944234672063,0.9901291831965912,0.07930162550662628,0.11556579413675062,-0.11519690449062567,-0.009226373623232928,0.9932998274567162,0.0798365441275403,-0.996807968578588,0.0,37.72820730644256,-22.99193623125773,0.1983806496910514,277.1920767667544,NONE
0.0020999894477427006,0.06299968343228102,-7.295994430834102,-3.3587563197713974,-9.50365796617976,-7.503637597261565,-3.522140556662843,-9.61695124203758,-8.24201448999259,-2.9973963350476867,-10.246738834656663,-6.434429191534744,-3.68785632002788,-8.826914761772906,-0.00113445703266643,-0.0038167112382912313,0.009173097762725988,0.7531605410241022,-0.287691660408414,0.5915933637015646,0.9901291831965912,0.07930162550662628,0.11556579413675062,-0.11519690449062567,-0.009226373623232928,0.9932998274567162,0.0798365441275403,-0.996807968578588,0.0,37.69473049739512,-23.21324938287009,0.20115263855413978,277.2100329510805,NONE
0.0021099895238876343,0.06329968571662903,-7.293223932439136,-3.3583280902010086,-9.503700676633033,-7.503637597261565,-3.522140556662843,-9.61695124203758,-8.239153220286026,-2.999686970194455,-10.248212931347522,-6.4317413609500855,-3.6849519491664244,-8.825653871298927,-0.001131738156620557,-0.003808501832045607,0.009176844912067899,0.7530882747233085,-0.28552707457165405,0.5927329416869153,0.9901291831965912,0.07930162550662628,0.11556579413675062,-0.11519690449062567,-0.009226373623232928,0.9932998274567162,0.0798365441275403,-0.996807968578588,0.0,37.673004699628834,-23.439858158057877,0.2039248133005671,277.22796728946713,NONE
0.0021199893672019243,0.06359968101605773,-7.290453225427913,-3.357899801025975,-9.503743603153142,-7.503637597261565,-3.522140556662843,-9.61695124203758,-8.236117099703574,-3.001909583657654,-10.249863546603347,-6.429212373028005,-3.682109413545179,-8.82423263359028,-0.0011290329695311143,-0.0038002844798453064,0.009180583991552731,0.7528769694481535,-0.2834165957864687,0.5940128804221114,0.9901291831965912,0.07930162550662628,0.11556579413675062,-0.11519690449062567,-0.009226373623232928,0.9932998274567162,0.0798365441275403,-0.996807968578588,0.0,37.663060254976855,-23.671560804233277,0.20669717436084767,277.24591145914144,NONE
0.002129989443346858,0.06389968330040574,-7.287682324701595,-3.3574714224439743,-9.503786753190669,-7.503637597261565,-3.522140556662843,-9.61695124203758,-8.232906022634753,-3.004063848870062,-10.25169009974843,-6.426842352422769,-3.6793289536333873,-8.822651591719556,-0.0011263413550391271,-0.0037920588282308243,0.00918431516201154,0.7525265292549934,-0.2813604603180522,0.5954327116786979,0.9901291831965912,0.07930162550662628,0.11556579413675062,-0.11519690449062567,-0.009226373623232928,0.9932998274567162,0.0798365441275403,-0.996807968578588,0.0,37.66492084753248,-23.908137740995905,0.20946970848324753,277.2638970271183,NONE
0.002139989286661148,0.06419967859983444,-7.284911230260181,-3.357042984257329,-9.503830115569743,-7.503637597261565,-3.522140556662843,-9.61695124203758,-8.229519591736702,-3.0061495595516847,-10.253692113482106,-6.424631661004928,-3.6766108142397185,-8.82091115902294,-0.0011236634480430445,-0.0037838252894620075,0.009188038236444053,0.7520366378049058,-0.2793588561200141,0.5969920643579866,0.9901291831965912,0.07930162550662628,0.11556579413675062,-0.11519690449062567,-0.009226373623232928,0.9932998274567162,0.0798365441275403,-0.996807968578588,0.0,37.67861976560146,-24.149372832234018,0.2122424145959414,277.2819254542801,NONE
0.0021499893628060818,0.06449968088418245,-7.282119154983806,-3.3565975885492447,-9.503957732839497,-7.503637597261565,-3.522140556662843,-9.61695124203758,-8.226060903634734,-3.008162473523917,-10.255802872317869,-6.422446687483999,-3.6739265715352207,-8.819232677340201,-0.0011209991333584004,-0.003775583509382373,0.009191753374992085,0.751505923396139,-0.2774017075047098,0.5985709145740279,0.9901291831965912,0.07930162550662628,0.11556579413675062,-0.11519690449062567,-0.009226373623232928,0.9932998274567162,0.0798365441275403,-0.996807968578588,0.0,37.696221211128666,-24.38850460780693,0.21502750222128242,280.78840544818956,NONE
0.002159989206120372,0.06479967618361115,-7.279287949258136,-3.3561202149492386,-9.504244557840737,-7.503637597261565,-3.522140556662843,-9.61695124203758,-8.222622227602468,-3.010098520364794,-10.257964395820089,-6.420168720873083,-3.6712512327445723,-8.817812165327839,-0.001118348544514613,-0.003767333901060877,0.009195460391459397,0.7510222944705772,-0.27548029682490754,0.6000634293717714,0.9901291831965912,0.07930162550662628,0.11556579413675062,-0.11519690449062567,-0.009226373623232928,0.9932998274567162,0.0798365441275403,-0.996807968578588,0.0,37.71064885170485,-24.619699884379337,0.21783547097730782,280.80622667368834,NONE
0.002169989049434662,0.06509967148303986,-7.276416689211177,-3.355610744248021,-9.50469343296996,-7.256074061067632,-3.5023126481742097,-9.58805614719027,-8.219210392093103,-3.0119748962738715,-10.260179108399619,-6.417789777054642,-3.668568909062247,-8.816652846052822,-0.001115711628739781,-0.0037590763020074777,0.009199159359265996,0.7505919229326925,-0.27358083866182314,0.6014692759778315,0.9783810176486952,-0.05084982866417835,0.20046166523684114,-0.2001914651230658,0.010404639417476854,0.9797015467837502,-0.0519033871398005,-0.9986521107990591,0.0,29.67496013659037,-29.538352998677407,0.2195411686576385,269.82119101867767,NONE
0.0021799891255795956,0.06539967376738787,-7.27350425725584,-3.3550681631666306,-9.505310002041968,-7.256074061067632,-3.5023126481742097,-9.58805614719027,-8.215832974915983,-3.0137918617732202,-10.262443571477611,-6.415300819316365,-3.6658774271253285,-8.815768634903671,-0.0011130883344816702,-0.003750810549019225,0.009202850351114282,0.7502217314998413,-0.2717023188967117,0.6027812235724749,0.9783810176486952,-0.05084982866417835,0.20046166523684114,-0.2001914651230658,0.010404639417476854,0.9797015467837502,-0.0519033871398005,-0.9986521107990591,0.0,29.69748690053963,-29.802991832955833,0.2195411686576385,269.8357877807072,NONE
0.0021899889688938856,0.06569966906681657,-7.270591646486568,-3.354525492678273,-9.505926779730233,-7.256074061067632,-3.5023126481742097,-9.58805614719027,-8.212281297775183,-3.0155399053722785,-10.264882338535141,-6.412970223025522,-3.663248543335483,-8.81472607916477,-0.0011104787932185555,-0.0037425370563638725,0.009206533182015116,0.749712947812359,-0.26987859915133533,0.604231774737655,0.9783810176486952,-0.05084982866417835,0.20046166523684114,-0.2001914651230658,0.010404639417476854,0.9797015467837502,-0.0519033871398005,-0.9986521107990591,0.0,29.732133730077678,-30.069682204737397,0.2195411686576385,269.85042986613144,NONE
0.0021999890450388193,0.06599967135116458,-7.267678827101039,-3.3539827625852707,-9.506543766034754,-7.256074061067632,-3.5023126481742097,-9.58805614719027,-8.208555006739822,-3.0172189716908733,-10.267494705134576,-6.410798253572156,-3.660682365072962,-8.813525820385916,-0.0011078828927028358,-0.003734255468168552,0.009210208010382021,0.7490653138198609,-0.2681097472425369,0.6058203686452748,0.9783810176486952,-0.05084982866417835,0.20046166523684114,-0.2001914651230658,0.010404639417476854,0.9797015467837502,-0.0519033871398005,-0.9986521107990591,0.0,29.778903889097872,-30.338092548634673,0.2195411686576385,269.86512187435994,NONE
0.0022099888883531094,0.06629966665059328,-7.264750942641544,-3.353428081760991,-9.507220770491275,-7.256074061067632,-3.5023126481742097,-9.58805614719027,-8.204728385340843,-3.0188322106922105,-10.270235959243335,-6.408688872376768,-3.6581533028967677,-8.812322858632006,-0.0011053007630385146,-0.003725966199495118,0.009213874652036444,0.7483497970683649,-0.2663837884185656,0.607463791921387,0.9783810176486952,-0.05084982866417835,0.20046166523684114,-0.2001914651230658,0.010404639417476854,0.9797015467837502,-0.0519033871398005,-0.9986521107990591,0.0,29.831740402600087,-30.604498670094856,0.21968551196361297,270.48703644483777,NONE
0.002219988964498043,0.06659966893494129,-7.261789530569362,-3.352846489439595,-9.508033349437627,-7.256074061067632,-3.5023126481742097,-9.58805614719027,-8.200895776811722,-3.0203835033498625,-10.27305098919178,-6.406520881730098,-3.6556292363756113,-8.811311753016808,-0.0011027322931582246,-0.003717668893791446,0.009217533264694806,0.74765620628401,-0.26468572209406194,0.6090580150729051,0.9783810176486952,-0.05084982866417835,0.20046166523684114,-0.2001914651230658,0.010404639417476854,0.9797015467837502,-0.0519033871398005,-0.9986521107990591,0.0,29.882996269862698,-30.86455148404635,0.22239043652185408,270.50164283930053,NONE
0.002229988807812333,0.06689966423437,-7.258827924782085,-3.3522648375135544,-9.508846129549655,-7.256074061067632,-3.5023126481742097,-9.58805614719027,-8.196888305602489,-3.021865730139708,-10.27603796981373,-6.404511772968459,-3.6531679560605927,-8.810144431793267,-0.0011001776117901764,-0.0037093639669078006,0.009221183664992074,0.746823555264179,-0.2630425941337021,0.6107889741751931,0.9783810176486952,-0.05084982866417835,0.20046166523684114,-0.2001914651230658,0.010404639417476854,0.9797015467837502,-0.0519033871398005,-0.9986521107990591,0.0,29.946323935106914,-31.12572360736322,0.22509550725037464,270.51633150246516,NONE
0.002239988883957267,0.067199666518718,-7.255840718799877,-3.351662770996678,-9.509761120451602,-7.256074061067632,-3.5023126481742097,-9.58805614719027,-8.192832951393084,-3.023284144720468,-10.279122675152042,-6.402497357546093,-3.6507257845020398,-8.8090834069443,-0.0010976366090487484,-0.003701051061617796,0.009224826009945434,0.7459731641029133,-0.26143401657565496,0.6125163617532255,0.9783810176486952,-0.05084982866417835,0.20046166523684114,-0.2001914651230658,0.010404639417476854,0.9797015467837502,-0.0519033871398005,-0.9986521107990591,0.0,30.011399384882974,-31.38223916854209,0.22780409730006568,270.8966557444228,NONE
0.002249988727271557,0.0674996618181467,-7.2528423816502565,-3.351051882992375,-9.510720408780488,-7.256074061067632,-3.5023126481742097,-9.58805614719027,-8.188657460171276,-3.024635736479044,-10.28234648797573,-6.400571085433656,-3.6483276147903814,-8.807980333519463,-0.001095109412284455,-0.0036927305945543072,0.009228460117005703,0.7450359894740081,-0.2598716159630572,0.6143192310234439,0.9783810176486952,-0.05084982866417835,0.20046166523684114,-0.2001914651230658,0.010404639417476854,0.9797015467837502,-0.0519033871398005,-0.9986521107990591,0.0,30.084055127700253,-31.637123126186925,0.2305142493655623,271.14239317948574,NONE
0.0022599888034164906,0.06779966410249472,-7.249828547292995,-3.3504286568266037,-9.511741142047557,-7.256074061067632,-3.5023126481742097,-9.58805614719027,-8.18438305814318,-3.0259214111768733,-10.28569661993794,-6.398705283062039,-3.645965902623785,-8.806879622399837,-0.001092595912794715,-0.003684402207821992,0.009232086142488606,0.7440324062838083,-0.25835187143621324,0.6161737489742098,0.9783810176486952,-0.05084982866417835,0.20046166523684114,-0.2001914651230658,0.010404639417476854,0.9797015467837502,-0.0519033871398005,-0.9986521107990591,0.0,30.16253370616794,-31.88932350519204,0.23322661885681661,271.3244552963587,NONE
0.0022699886467307806,0.06809965940192342,-7.2467990518153185,-3.349793122301686,-9.512823163790616,-7.256074061067632,-3.5023126481742097,-9.58805614719027,-8.180009435225179,-3.02714134913982,-10.289172557786426,-6.396899919640085,-3.643640540718841,-8.805781442061274,-0.001090096236550862,-0.003676066318830026,0.009235703904663628,0.7429622981604552,-0.25687466315792523,0.6180796315521467,0.9783810176486952,-0.05084982866417835,0.20046166523684114,-0.2001914651230658,0.010404639417476854,0.9797015467837502,-0.0519033871398005,-0.9986521107990591,0.0,30.24681430390501,-32.13873268521377,0.23594139902308875,271.57483470122475,IMPACT
0.0022799884900450706,0.06839965470135212,-7.243792012387561,-3.3495962779623154,-9.513430147690686,-7.256074061067632,-3.5023126481742097,-9.58805614719027,-8.176319947036163,-3.029484605614716,-10.291648842090256,-6.394514404169047,-3.6411303600556764,-8.804686005136228,-0.0010876103337548806,-0.003667722763374773,0.009239313475195054,0.7424189761946317,-0.25485239768373336,0.619567848730845,0.9783810176486952,-0.05084982866417835,0.20046166523684114,-0.2001914651230658,0.010404639417476854,0.9797015467837502,-0.0519033871398005,-0.9986521107990591,0.0,30.28501921765657,-32.42076048542706,0.23875174281421785,293.44651841349645,NONE
0.0022899885661900043,0.06869965698570013,-7.240832865291881,-3.3499995331865433,-9.513336117638262,-7.256074061067632,-3.5023126481742097,-9.58805614719027,-8.173532547479038,-3.0333534705710474,-10.292765871922901,-6.391398842092814,-3.6383773937502957,-8.803489031135012,-0.0010851381558375126,-0.003659371376569035,0.009242914925016325,0.7425557105775935,-0.25209330132468694,0.6205320169949542,0.9783810176486952,-0.05084982866417835,0.20046166523684114,-0.2001914651230658,0.010404639417476854,0.9797015467837502,-0.0519033871398005,-0.9986521107990591,0.0,30.26379420576574,-32.75061458167479,0.24168627104101148,293.46199154931,NONE
0.0022999884095042944,0.06899965228512883,-7.237873509579944,-3.350402699003804,-9.513242288751515,-7.256074061067632,-3.5023126481742097,-9.58805614719027,-8.170567036386705,-3.0371553965517775,-10.29405153597226,-6.3884450922469815,-3.6356852196905507,-8.802138861909492,-0.0010826798267034646,-0.003651012576972032,0.009246508073626035,0.7425508100582183,-0.2493874263078223,0.6216302808594867,0.9783810176486952,-0.05084982866417835,0.20046166523684114,-0.2001914651230658,0.010404639417476854,0.9797015467837502,-0.0519033871398005,-0.9986521107990591,0.0,30.254951440938836,-33.082189073124496,0.2446209585016561,293.4774388027605,NONE
0.002309988485649228,0.06929965456947684,-7.234896674805927,-3.350791649113286,-9.51321863688341,-7.256074061067632,-3.5023126481742097,-9.58805614719027,-8.16751074733163,-3.040893545994497,-10.295457938757545,-6.385540618567225,-3.6330239662688633,-8.800812821822735,-0.0010802352406089676,-0.003642646005041707,0.00925009307558018,0.7424875536518354,-0.24672100844765268,0.6227687987228379,0.9783810176486952,-0.05084982866417835,0.20046166523684114,-0.2001914651230658,0.010404639417476854,0.9797015467837502,-0.0519033871398005,-0.9986521107990591,0.0,30.251454093225238,-33.41191103130972,0.24755795647652512,293.9461932278615,NONE
0.002319988328963518,0.06959964986890554,-7.231899961882877,-3.351164327154744,-9.513275235218915,-7.256074061067632,-3.5023126481742097,-9.58805614719027,-8.164376332023036,-3.044567955001786,-10.296978400772693,-6.382669314812411,-3.6303896714643034,-8.799536241174089,-0.0010778045200748867,-0.0036342720800988508,0.009253669751202058,0.7423779238377602,-0.24409238185938223,0.6239342331660849,0.9783810176486952,-0.05084982866417835,0.20046166523684114,-0.2001914651230658,0.010404639417476854,0.9797015467837502,-0.0519033871398005,-0.9986521107990591,0.0,30.252284299768085,-33.73915460527087,0.25049748833374963,293.9615008712312,NONE
0.002329988405108452,0.06989965215325356,-7.228890374356555,-3.351526544581044,-9.51338313825241,-7.256074061067632,-3.5023126481742097,-9.58805614719027,-8.161128036118905,-3.0481770575991347,-10.298632269882503,-6.379877125256312,-3.627794865546024,-8.798236192420944,-0.0010753875605458679,-0.0036258904419505717,0.009257238254338534,0.7421878795260802,-0.24150741997787037,0.6251650322756491,0.9783810176486952,-0.05084982866417835,0.20046166523684114,-0.2001914651230658,0.010404639417476854,0.9797015467837502,-0.0519033871398005,-0.9986521107990591,0.0,30.260318321795296,-34.065040643357,0.2534387999127432,294.27642174798115,NONE
0.002339988248422742,0.07019964745268226,-7.22586514061098,-3.351876006613362,-9.51355365223995,-7.256074061067632,-3.5023126481742097,-9.58805614719027,-8.157779992101807,-3.0517210946453743,-10.30041190273902,-6.3771458832777626,-3.6252349444635934,-8.79694123971992,-0.0010729844831572526,-0.00361750151067312,0.009260798406140525,0.7419308786766851,-0.23896410409092478,0.6264461095912911,0.9783810176486952,-0.05084982866417835,0.20046166523684114,-0.2001914651230658,0.010404639417476854,0.9797015467837502,-0.0519033871398005,-0.9986521107990591,0.0,30.274409928390718,-34.38886598817166,0.256382219749943,294.49410197671807,NONE
0.0023499883245676756,0.07049964973703027,-7.222823828512477,-3.352212445030797,-9.51378803632966,-7.256074061067632,-3.5023126481742097,-9.58805614719027,-8.15433395211511,-3.0551999759983444,-10.302316191090915,-6.374473167464789,-3.622709477815138,-8.79565479827181,-0.0010705951845439124,-0.003609104925427423,0.009264350359743491,0.7416086602709668,-0.23646229242366407,0.6277755803412931,0.9783810176486952,-0.05084982866417835,0.20046166523684114,-0.2001914651230658,0.010404639417476854,0.9797015467837502,-0.0519033871398005,-0.9986521107990591,0.0,30.29440195431703,-34.710394659123544,0.25932790458681865,294.65859362302257,SLIDING
0.0023599881678819656,0.07079964503645897,-7.21976698940401,-3.3525364260774735,-9.514083314014586,-7.256074061067632,-3.5023126481742097,-9.58805614719027,-8.150786521264783,-3.058613465401321,-10.304346619797695,-6.37186312310172,-3.6202197627033206,-8.794369828486412,-0.0010682197844536642,-0.0036007011070395343,0.009267893937128435,0.7412180825679432,-0.23400262387583315,0.6291569963797012,0.9783810176486952,-0.05084982866417835,0.20046166523684114,-0.2001914651230658,0.010404639417476854,0.9797015467837502,-0.0519033871398005,-0.9986521107990591,0.0,30.320548201354352,-35.02956752251068,0.2622759404688342,294.95035649745677,SLIDING
0.0023699882440268993,0.07109964732080698,-7.216694340163516,-3.3528478305441025,-9.514439652932795,-7.256074061067632,-3.5023126481742097,-9.58805614719027,-8.147138129853445,-3.061961452324893,-10.306502552695237,-6.369314817331954,-3.617765672013858,-8.793087230045485,-0.0010658581807127976,-0.00359228969402966,0.009271429290717056,0.7407597135506214,-0.23158509153706874,0.6305897177707299,0.9783810176486952,-0.05084982866417835,0.20046166523684114,-0.2001914651230658,0.010404639417476854,0.9797015467837502,-0.0519033871398005,-0.9986521107990591,0.0,30.352785858110735,-35.34619647190693,0.265226564730467,295.18896656954234,SLIDING
0.0023799880873411894,0.07139964262023568,-7.213606193715381,-3.3531470160585526,-9.514855212790879,-7.256074061067632,-3.5023126481742097,-9.58805614719027,-8.143386604330138,-3.0652437430441064,-10.30878484532185,-6.366830827578083,-3.6153480655060717,-8.791802707491094,-0.0010635104916803207,-0.0035838711079673896,0.009274956243323196,0.7402315736466893,-0.22921013435915216,0.6320758907628147,0.9783810176486952,-0.05084982866417835,0.20046166523684114,-0.2001914651230658,0.010404639417476854,0.9797015467837502,-0.0519033871398005,-0.9986521107990591,0.0,30.39126548862426,-35.660176329369854,0.2681798583060324,295.4666834687095,SLIDING
0.002389988163486123,0.07169964490458369,-7.210502520257282,-3.3534339528185013,-9.515330109072837,-7.256074061067632,-3.5023126481742097,-9.58805614719027,-8.139532147159688,-3.0684600938285573,-10.311193175194195,-6.364410912506002,-3.6129671082075454,-8.790516775175554,-0.0010611766163754167,-0.003575444986736981,0.009278474946652841,0.7396338477723694,-0.22687792265791185,0.6336151666744335,0.9783810176486952,-0.05084982866417835,0.20046166523684114,-0.2001914651230658,0.010404639417476854,0.9797015467837502,-0.0519033871398005,-0.9986521107990591,0.0,30.435952155456672,-35.97131863087017,0.27113582568800254,295.74392352370955,SLIDING
0.002399988006800413,0.0719996402040124,-7.207383349591541,-3.3537086408239487,-9.515864259822282,-7.256074061067632,-3.5023126481742097,-9.58805614719027,-8.135574584826522,-3.0716102643300123,-10.313727471656604,-6.3620552870849725,-3.6106230190097084,-8.789229340850623,-0.0010588566717662955,-0.0035670117526460433,0.009281985224354668,0.7389663740589792,-0.2245886477832067,0.6352075545024917,0.9783810176486952,-0.05084982866417835,0.20046166523684114,-0.2001914651230658,0.010404639417476854,0.9797015467837502,-0.0519033871398005,-0.9986521107990591,0.0,30.4868377822791,-36.279453370644546,0.2740944541474626,296.0111892787376,SLIDING
0.002409987850114703,0.0722996355034411,-7.204248651915836,-3.3539710502725724,-9.516457691116246,-7.256074061067632,-3.5023126481742097,-9.58805614719027,-8.131513936783524,-3.074694102223147,-10.316387466630058,-6.359763876654662,-3.608315879695145,-8.78794069848895,-0.00105655061159763,-0.0035585712395568942,0.009285487145977914,0.7382291917203594,-0.2223424072799992,0.6368528200587948,0.9783810176486952,-0.05084982866417835,0.20046166523684114,-0.2001914651230658,0.010404639417476854,0.9797015467837502,-0.0519033871398005,-0.9986521107990591,0.0,30.543894804320384,-36.58441459064946,0.27705576609954896,296.2659785659948,SLIDING
0.002419987926259637,0.0725996377877891,-7.201098486834812,-3.35422115136205,-9.517110361976536,-7.256074061067632,-3.5023126481742097,-9.58805614719027,-8.127350096429856,-3.077711367694728,-10.319172992476783,-6.357536892187403,-3.6060458517239677,-8.786650922464537,-0.0010542583908522982,-0.0035501232806823334,0.009288980780326288,0.7374221684343555,-0.22013936834551648,0.6385508625051024,0.9783810176486952,-0.05084982866417835,0.20046166523684114,-0.2001914651230658,0.010404639417476854,0.9797015467837502,-0.0519033871398005,-0.9986521107990591,0.0,30.607107969685096,-36.886040068783714,0.28001970992732694,296.51310187336014,SLIDING
0.002429987769573927,0.07289963308721781,-7.197932884150791,-3.354459003697026,-9.5178221010398,-7.256074061067632,-3.5023126481742097,-9.58805614719027,-8.123082824099052,-3.080661971465205,-10.322083838125998,-6.3553746088977965,-3.603813130293557,-8.785359877576628,-0.0010519801244155908,-0.003541668299422294,0.009292465952302108,0.7365450896671902,-0.21797964951181353,0.6403016502289043,0.9783810176486952,-0.05084982866417835,0.20046166523684114,-0.2001914651230658,0.010404639417476854,0.9797015467837502,-0.0519033871398005,-0.9986521107990591,0.0,30.67646657812998,-37.18418080284085,0.2829862938554353,296.7797085272565,SLIDING
0.0024399878457188606,0.07319963537156582,-7.1947519034684175,-3.3546846370798233,-9.51859259910694,-7.256074061067632,-3.5023126481742097,-9.58805614719027,-8.118711544392093,-3.0835456589092884,-10.325119972757063,-6.3532776647049545,-3.6016180042419084,-8.784067001099574,-0.001049715714289226,-0.0035332059320970634,0.009295942811816482,0.7355974498696412,-0.21586347722192498,0.6421054048572868,0.9783810176486952,-0.05084982866417835,0.20046166523684114,-0.2001914651230658,0.010404639417476854,0.9797015467837502,-0.0519033871398005,-0.9986521107990591,0.0,30.75198233493258,-37.478691961221124,0.28595552306583194,297.05265323486316,SLIDING
0.0024499876890331507,0.07349963067099452,-7.191555604392337,-3.3548980217081192,-9.519421677364024,-7.256074061067632,-3.5023126481742097,-9.58805614719027,-8.11423596909144,-3.0863622967543067,-10.328281168875618,-6.351246435984288,-3.5994605379998568,-8.782772158553986,-0.0010474652739635938,-0.003524736602829083,0.009299411184613311,0.7345789721279802,-0.21379093385231246,0.6439620876340132,0.9783810176486952,-0.05084982866417835,0.20046166523684114,-0.2001914651230658,0.010404639417476854,0.9797015467837502,-0.0519033871398005,-0.9986521107990591,0.0,30.833645222465414,-37.769438297415995,0.2889273735723581,297.32497666933375,SLIDING
0.0024599877651780844,0.07379963295534253,-7.188344016724872,-3.355099187384236,-9.520309168172988,-7.256074061067632,-3.5023126481742097,-9.58805614719027,-8.109655745619765,-3.089111790610516,-10.331567185664573,-6.349281300781285,-3.5973408744746904,-8.781475248947853,-0.0010452287066381658,-0.0035162599473211355,0.009302871219880365,0.7334893520160336,-0.21176211827673944,0.6458716402986336,0.9783810176486952,-0.05084982866417835,0.20046166523684114,-0.2001914651230658,0.010404639417476854,0.9797015467837502,-0.0519033871398005,-0.9986521107990591,0.0,30.921445419402367,-38.05628775339963,0.2919018513374372,297.59459635423104,SLIDING
0.0024699876084923744,0.07409962825477123,-7.185117200070667,-3.355288104305852,-9.521254965363058,-7.256074061067632,-3.5023126481742097,-9.58805614719027,-8.104970622192837,-3.0917939988490795,-10.334977710642923,-6.347382602290588,-3.5952590857074225,-8.78017635400253,-0.0010430061244070294,-0.003507776390412261,0.009306322744205233,0.7323283416259375,-0.2097771195243097,0.6478338986001642,0.9783810176486952,-0.05084982866417835,0.20046166523684114,-0.2001914651230658,0.010404639417476854,0.9797015467837502,-0.0519033871398005,-0.9986521107990591,0.0,31.01536626491351,-38.33911112846397,0.2948789178127438,297.8494626180221,SLIDING
0.002479987684637308,0.07439963053911924,-7.181894436532306,-3.355702744017232,-9.521976442335161,-7.256074061067632,-3.5023126481742097,-9.58805614719027,-8.10055347725106,-3.0950412331691286,-10.337957637985047,-6.345247593171056,-3.5930940073375317,-8.778841001085398,-0.0010407974316689016,-0.003499285567192654,0.009309765906050446,0.7313774517000021,-0.20752198923683451,0.6496319320415204,0.9783810176486952,-0.05084982866417835,0.20046166523684114,-0.2001914651230658,0.010404639417476854,0.9797015467837502,-0.0519033871398005,-0.9986521107990591,0.0,31.0914037471225,-38.64251781711454,0.29790846436606877,311.34790931847147,SLIDING
0.002489987527951598,0.07469962583854795,-7.17868982260828,-3.3565033238035324,-9.522282407877954,-7.256074061067632,-3.5023126481742097,-9.58805614719027,-8.096659140675154,-3.099279387794822,-10.340128570562696,-6.342671127726401,-3.5907638977051053,-8.777448492315605,-0.0010386027391197845,-0.0034907879032120307,0.00931320053285008,0.7308283387286473,-0.20478521246261813,0.651116699269621,0.9783810176486952,-0.05084982866417835,0.20046166523684114,-0.2001914651230658,0.010404639417476854,0.9797015467837502,-0.0519033871398005,-0.9986521107990591,0.0,31.133402955315667,-38.98354147651563,0.30102317278098134,311.60608978448505,SLIDING
0.002499987604096532,0.07499962812289596,-7.175469681674289,-3.3572916548353318,-9.52264762602559,-7.256074061067632,-3.5023126481742097,-9.58805614719027,-8.092659638254197,-3.1034507017340554,-10.34242291356707,-6.34016077170608,-3.588471257620096,-8.776056805942304,-0.0010364219523592137,-0.003482283032953123,0.009316626772339047,0.7302078610617155,-0.20209189828585036,0.6526525448436528,0.9783810176486952,-0.05084982866417835,0.20046166523684114,-0.2001914651230658,0.010404639417476854,0.9797015467837502,-0.0519033871398005,-0.9986521107990591,0.0,31.181700811473007,-39.32101883526802,0.30414057180479936,311.8747745451811,SLIDING
0.002509987447410822,0.07529962342232466,-7.172234043532657,-3.358067677507985,-9.523072078151616,-7.256074061067632,-3.5023126481742097,-9.58805614719027,-8.088555080377677,-3.1075550037854676,-10.344840491833837,-6.337716481519571,-3.58621612911191,-8.774666065902181,-0.001034255180683243,-0.003473771382670396,0.009320044452800075,0.7295160828575447,-0.19944213555268436,0.6542393441381898,0.9783810176486952,-0.05084982866417835,0.20046166523684114,-0.2001914651230658,0.010404639417476854,0.9797015467837502,-0.0519033871398005,-0.9986521107990591,0.0,31.236266391012766,-39.654780139565496,0.3072606329824996,312.1423124630131,SLIDING
0.002519987290725112,0.07559961872175336,-7.168982908183383,-3.358831451426137,-9.523555617107066,-7.256074061067632,-3.5023126481742097,-9.58805614719027,-8.084345239425778,-3.1115919570853197,-10.347381207245368,-6.335338464466203,-3.5839989328593314,-8.773276080392158,-0.001032102380855442,-0.0034652527846672134,0.009323453641960064,0.7287528228998227,-0.1968362399058383,0.6558771361888374,0.9783810176486952,-0.05084982866417835,0.20046166523684114,-0.2001914651230658,0.010404639417476854,0.9797015467837502,-0.0519033871398005,-0.9986521107990591,0.0,31.29708718313647,-39.98464338417063,0.3103833888426948,312.4090511253369,SLIDING
0.0025299873668700457,0.07589962100610137,-7.165716335231113,-3.359582946787465,-9.524098105056199,-7.256074061067632,-3.5023126481742097,-9.58805614719027,-8.080029996115769,-3.115561296920725,-10.350044914422362,-6.333026943068035,-3.581819852999239,-8.7718867184466,-0.001029963510885503,-0.0034567270706277542,0.009326854406788597,0.7279179387698891,-0.19427439836604757,0.6575659149899014,0.9783810176486952,-0.05084982866417835,0.20046166523684114,-0.2001914651230658,0.010404639417476854,0.9797015467837502,-0.0519033871398005,-0.9986521107990591,0.0,31.36414496767401,-40.31044417168137,0.31350880718467167,312.67513621196605,SLIDING
0.0025399872101843357,0.07619961630553007,-7.16243438428049,-3.3603221933942917,-9.524699389262112,-7.256074061067632,-3.5023126481742097,-9.58805614719027,-8.075609098452627,-3.119462790595204,-10.352831539022063,-6.330782260711689,-3.5796791583984886,-8.770497755933011,-0.0010278386779734238,-0.003448194667848356,0.009330246576842161,0.7270111823920576,-0.19175681991803534,0.6593057429537716,0.9783810176486952,-0.05084982866417835,0.20046166523684114,-0.2001914651230658,0.010404639417476854,0.9797015467837502,-0.0519033871398005,-0.9986521107990591,0.0,31.437428094008474,-40.63202403252704,0.3166368618257156,312.9405533055668,SLIDING
0.0025499872863292694,0.07649961858987808,-7.159137055331516,-3.3610491614442948,-9.525359305812033,-7.256074061067632,-3.5023126481742097,-9.58805614719027,-8.071082350046256,-3.1232962135598963,-10.35574083451198,-6.3286045962547695,-3.577576996615528,-8.769109104182556,-0.00102572779072008,-0.003439655209319695,0.00933363029803196,0.7260323974131191,-0.1892836596065132,0.6610965543039263,0.9783810176486952,-0.05084982866417835,0.20046166523684114,-0.2001914651230658,0.010404639417476854,0.9797015467837502,-0.0519033871398005,-0.9986521107990591,0.0,31.516915027635445,-40.949232040262764,0.3197675841086074,313.2053652683877,SLIDING
0.0025599871296435595,0.07679961388930678,-7.155824437791156,-3.361763910542119,-9.526077674029382,-7.256074061067632,-3.5023126481742097,-9.58805614719027,-8.066449469059778,-3.1270612865979635,-10.358772635420937,-6.326494377205732,-3.5755137358286,-8.767720568670695,-0.0010236309549220045,-0.0034311091230274475,0.009337005400769356,0.7249812882725193,-0.1868551871794319,0.6629383611459347,0.9783810176486952,-0.05084982866417835,0.20046166523684114,-0.2001914651230658,0.010404639417476854,0.9797015467837502,-0.0519033871398005,-0.9986521107990591,0.0,31.60259375306617,-41.26191419479606,0.3229009258088844,313.4695602849494,SLIDING
0.002569987205788493,0.0770996161736548,-7.152496531659412,-3.362466440687764,-9.526854303924354,-7.256074061067632,-3.5023126481742097,-9.58805614719027,-8.061710120379722,-3.130757889946671,-10.361926735265452,-6.3244519087611915,-3.5734894851087624,-8.766331974428848,-0.0010215480803853942,-0.003422556041373154,0.009340372030230621,0.7238575881743877,-0.18447149798420487,0.6648311503485846,0.9783810176486952,-0.05084982866417835,0.20046166523684114,-0.2001914651230658,0.010404639417476854,0.9797015467837502,-0.0519033871398005,-0.9986521107990591,0.0,31.694447637173003,-41.569940447831364,0.3260369250122199,313.7331916083153,SLIDING
0.002579987049102783,0.0773996114730835,-7.149153396540927,-3.36315675188123,-9.527688986880692,-7.256074061067632,-3.5023126481742097,-9.58805614719027,-8.056864019105078,-3.1343858053380096,-10.365202836132188,-6.322477564276113,-3.5715044432384064,-8.764943194165948,-0.0010194792715017623,-0.003413996393025795,0.009343730017684569,0.7226610228454021,-0.18213276579183205,0.6667748508192664,0.9783810176486952,-0.05084982866417835,0.20046166523684114,-0.2001914651230658,0.010404639417476854,0.9797015467837502,-0.0519033871398005,-0.9986521107990591,0.0,31.792458700389044,-41.873177420523206,0.3291755652221191,313.99638939614005,SLIDING
0.002589987125247717,0.07769961375743151,-7.1457950920403475,-3.363834814320195,-9.528581497518333,-7.256074061067632,-3.5023126481742097,-9.58805614719027,-8.051910671297518,-3.137944783912912,-10.368600794425358,-6.32057190748122,-3.569558779915924,-8.763553928018846,-0.001017424439283917,-0.003405429809803241,0.009347079507570499,0.7213911515901247,-0.17983916500125496,0.6687695276693798,0.9783810176486952,-0.05084982866417835,0.20046166523684114,-0.2001914651230658,0.010404639417476854,0.9797015467837502,-0.0519033871398005,-0.9986521107990591,0.0,31.896620751991392,-42.17150249092888,0.33231683178715343,314.25929296007286,SLIDING
0.002599986968562007,0.07799960905686021,-7.142421677762317,-3.3645007174116257,-9.529531593693408,-7.256074061067632,-3.5023126481742097,-9.58805614719027,-8.046849764098575,-3.1414347298262366,-10.372120206134156,-6.318735337193069,-3.5676527532622275,-8.762164081260133,-0.0010153836867167717,-0.003396856721051507,0.009350420332016815,0.7200476778772936,-0.1775908430983295,0.6708150520308426,0.9783810176486952,-0.05084982866417835,0.20046166523684114,-0.2001914651230658,0.010404639417476854,0.9797015467837502,-0.0519033871398005,-0.9986521107990591,0.0,32.006913713894,-42.46479691707607,0.33546071947815825,314.5220905758899,SLIDING
0.0026099870447069407,0.07829961134120822,-7.1390331835091585,-3.365154371748555,-9.530539022086176,-7.256074061067632,-3.5023126481742097,-9.58805614719027,-8.041680793635974,-3.144855451716528,-10.37576079520327,-6.316968369245409,-3.565786366722972,-8.760773421275951,-0.001013356926021217,-0.003388276758009567,0.00935375263472402,0.7186301768294023,-0.17538788125268517,0.6729114058030494,0.9783810176486952,-0.05084982866417835,0.20046166523684114,-0.2001914651230658,0.010404639417476854,0.9797015467837502,-0.0519033871398005,-0.9986521107990591,0.0,32.123326236158235,-42.75295905488249,0.3386072453716782,314.78505011722035,SLIDING
0.0026199868880212307,0.07859960664063692,-7.135629698687839,-3.36579586673795,-9.531603503299864,-7.256074061067632,-3.5023126481742097,-9.58805614719027,-8.03640329049809,-3.1482068939308268,-10.379522215911006,-6.315271601975935,-3.563959841814999,-8.759381729073368,-0.001011344258774004,-0.003379690350694992,0.009357076248682717,0.7171382035508975,-0.17323039495173848,0.6750585361823492,0.9783810176486952,-0.05084982866417835,0.20046166523684114,-0.2001914651230658,0.010404639417476854,0.9797015467837502,-0.0519033871398005,-0.9986521107990591,0.0,32.24584680237753,-43.03588954962013,0.34175638254830254,315.0485511962611,SLIDING
0.0026299869641661644,0.07889960892498493,-7.132239058667468,-3.3667870621782425,-9.532297325579437,-7.256074061067632,-3.5023126481742097,-9.58805614719027,-8.031591556718537,-3.1524648377492657,-10.382553308417107,-6.313175189253223,-3.5619759239678923,-8.757946938156497,-0.001009345598405159,-0.003371097129773244,0.009360391316852306,0.7160068197772145,-0.17062961925776104,0.6769193209419209,0.9783810176486952,-0.05084982866417835,0.20046166523684114,-0.2001914651230658,0.010404639417476854,0.9797015467837502,-0.0519033871398005,-0.9986521107990591,0.0,32.33874005954811,-43.35544466342017,0.3449850377306838,324.9985459570635,SLIDING
0.0026399868074804544,0.07919960422441363,-7.12884120648508,-3.3678620319467667,-9.532934799117955,-7.256074061067632,-3.5023126481742097,-9.58805614719027,-8.026824644214296,-3.1569119387190185,-10.385478036565393,-6.31102417615463,-3.559979805552599,-8.756501349030406,-0.0010073610450822132,-0.0033624975259265227,0.009363697673087649,0.7149168616915272,-0.1679449445139919,0.6787402864729115,0.9783810176486952,-0.05084982866417835,0.20046166523684114,-0.2001914651230658,0.010404639417476854,0.9797015467837502,-0.0519033871398005,-0.9986521107990591,0.0,32.428374380869464,-43.681052806009276,0.34823630482818047,325.2574608916571,SLIDING
0.0026499866507947445,0.07949959952384233,-7.125428274327564,-3.3689248423677567,-9.533629880545648,-7.256074061067632,-3.5023126481742097,-9.58805614719027,-8.021948992074021,-3.1612894379145473,-10.388523037293943,-6.308943381386562,-3.558023842111882,-8.75505629741845,-0.001005390559160826,-0.003353891369709566,0.009366995382924483,0.7137523377864412,-0.1653060017488895,0.680611141614789,0.9783810176486952,-0.05084982866417835,0.20046166523684114,-0.2001914651230658,0.010404639417476854,0.9797015467837502,-0.0519033871398005,-0.9986521107990591,0.0,32.52424989861019,-44.00152931145062,0.3514901594129576,325.51340942044567,SLIDING
0.002659986726939678,0.07979960180819035,-7.1220003814042085,-3.3699754934412125,-9.534382290465745,-7.256074061067632,-3.5023126481742097,-9.58805614719027,-8.016964318944103,-3.1655971063007606,-10.391688066346843,-6.30693328896143,-3.556108242233995,-8.753611471920156,-0.0010034341022513674,-0.0033452784910921658,0.009370284511127269,0.7125129291594471,-0.16271297330551437,0.6825319143444532,0.9783810176486952,-0.05084982866417835,0.20046166523684114,-0.2001914651230658,0.010404639417476854,0.9797015467837502,-0.0519033871398005,-0.9986521107990591,0.0,32.62634943415697,-44.31674531167461,0.3547465408612478,325.7688425511079,SLIDING
0.0026699865702539682,0.08009959710761905,-7.118557527715015,-3.3710140149694565,-9.535191790459665,-7.256074061067632,-3.5023126481742097,-9.58805614719027,-8.011870147880831,-3.1698347017814092,-10.394972933881528,-6.30499433324436,-3.5542332833464103,-8.752166589877493,-0.0010014917724110305,-0.003336659321739893,0.009373564892847885,0.7111982560985294,-0.16016607565208374,0.6845026433350143,0.9783810176486952,-0.05084982866417835,0.20046166523684114,-0.2001914651230658,0.010404639417476854,0.9797015467837502,-0.0519033871398005,-0.9986521107990591,0.0,32.73465883591417,-44.62657571460229,0.3580054984822816,326.0242626581547,SLIDING
0.002679986646398902,0.08039959939196706,-7.11509980266695,-3.3720403771501664,-9.536058125345024,-7.256074061067632,-3.5023126481742097,-9.58805614719027,-8.006666172261077,-3.174001904292868,-10.39837728891686,-6.303126964317296,-3.552399199995373,-8.750721483354512,-0.000999563486091341,-0.003328033490910623,0.009376836669188923,0.7098080033099087,-0.15766553987604356,0.6865232523176447,0.9783810176486952,-0.05084982866417835,0.20046166523684114,-0.2001914651230658,0.010404639417476854,0.9797015467837502,-0.0519033871398005,-0.9986521107990591,0.0,32.849156802748126,-44.93089843986522,0.3612669944408218,326.2798742010997,SLIDING
0.002689986489713192,0.08069959469139576,-7.111627236062335,-3.373054669390309,-9.536981020381662,-7.256074061067632,-3.5023126481742097,-9.58805614719027,-8.00135197384286,-3.178098587278048,-10.401900776783924,-6.301331620028241,-3.5506062782719723,-8.749275950404266,-0.000997649339936614,-0.0033194014309194646,0.00938009967617223,0.7083418140894245,-0.15521153791413514,0.6885936776581907,0.9783810176486952,-0.05084982866417835,0.20046166523684114,-0.2001914651230658,0.010404639417476854,0.9797015467837502,-0.0519033871398005,-0.9986521107990591,0.0,32.969823646511756,-45.22960523892504,0.3645310592000399,326.53587659167,SLIDING
0.0026999865658581257,0.08099959697574377,-7.108139887505817,-3.37405683208524,-9.537960182202967,-7.256074061067632,-3.5023126481742097,-9.58805614719027,-7.995927003051108,-3.1821245219558225,-10.40554314295444,-6.29960891477776,-3.5488546126450147,-8.747829662289053,-0.0009957492516116935,-0.0033107627704695108,0.009383354054152535,0.7067992034472279,-0.15280420445382997,0.6907139502772447,0.9783810176486952,-0.05084982866417835,0.20046166523684114,-0.2001914651230658,0.010404639417476854,0.9797015467837502,-0.0519033871398005,-0.9986521107990591,0.0,33.096648398272144,-45.52260105279595,0.36779769022175834,326.7925680380393,SLIDING
0.0027099864091724157,0.08129959227517247,-7.104637816602039,-3.3750469248396042,-9.538995300678524,-7.256074061067632,-3.5023126481742097,-9.58805614719027,-7.990390876324219,-3.1860794875186125,-10.409303862518097,-6.297959311773601,-3.5471445180979004,-8.746382504484131,-0.0009938633163466381,-0.0033021179425192933,0.009386599640024439,0.7051798185627575,-0.15044376274137,0.6928838991808188,0.9783810176486952,-0.05084982866417835,0.20046166523684114,-0.2001914651230658,0.010404639417476854,0.9797015467837502,-0.0519033871398005,-0.9986521107990591,0.0,33.22960760866621,-45.809784690071126,0.37106689439006857,327.0503757440175,SLIDING
0.0027199864853173494,0.08159959455952048,-7.101121112757968,-3.376024917851079,-9.540086043326172,-7.256074061067632,-3.5023126481742097,-9.58805614719027,-7.984743043415979,-3.1899633401991787,-10.413182567754044,-6.296383482971634,-3.5454760686191404,-8.744934176600145,-0.00099199145302078,-0.0032934665752220454,0.00938983657339254,0.703483150185144,-0.14813030350831752,0.6951034963141247,0.9783810176486952,-0.05084982866417835,0.20046166523684114,-0.2001914651230658,0.010404639417476854,0.9797015467837502,-0.0519033871398005,-0.9986521107990591,0.0,33.368689001404434,-46.09107896025059,0.37433864936537553,327.3096592067642,SLIDING
0.0027299863286316395,0.08189958985894918,-7.097505644017505,-3.3772352199655655,-9.541568757293733,-7.256074061067632,-3.5023126481742097,-9.58805614719027,-7.979659999370356,-3.193762778939483,-10.416694876605721,-6.294104573489865,-3.5443283762122575,-8.74456848536204,-0.0009901337554484623,-0.0032848091021738944,0.009393064692026443,0.702314760783538,-0.14606899886365607,0.6967193296848676,0.9783810176486952,-0.05084982866417835,0.20046166523684114,-0.2001914651230658,0.010404639417476854,0.9797015467837502,-0.0519033871398005,-0.9986521107990591,0.0,33.464822802728776,-46.33305988358784,0.3776402716950926,336.22931625281075,NONE
0.002739986404776573,0.0821995921432972,-7.093869283849048,-3.378776983509648,-9.542934540918084,-7.256074061067632,-3.5023126481742097,-9.58805614719027,-7.9750612476984895,-3.1981003199875215,-10.419610555242539,-6.2913446884636715,-3.5433239519763835,-8.74452273901472,-0.0009882901437247536,-0.0032761451509835463,0.009396284134778672,0.7015485663478409,-0.14384317999535914,0.6979532567615914,0.9783810176486952,-0.05084982866417835,0.20046166523684114,-0.2001914651230658,0.010404639417476854,0.9797015467837502,-0.0519033871398005,-0.9986521107990591,0.0,33.52871800215383,-46.58352211449286,0.3810026286096111,336.2437105889166,NONE
0.0027499862480908632,0.0824995874427259,-7.090232744866657,-3.3803186278444413,-9.544300486592563,-7.256074061067632,-3.5023126481742097,-9.58805614719027,-7.97028689424823,-3.202363277557946,-10.422674413486355,-6.288744386910706,-3.5423872250902204,-8.744342351252662,-0.000986460710246942,-0.0032674751558781864,0.009399494740296175,0.7006427113906355,-0.14167664480511433,0.6993050259307051,0.9783810176486952,-0.05084982866417835,0.20046166523684114,-0.2001914651230658,0.010404639417476854,0.9797015467837502,-0.0519033871398005,-0.9986521107990591,0.0,33.60389570511154,-46.829190008082406,0.3843651219256792,336.2581201742089,NONE
0.0027599860914051533,0.0827995827421546,-7.086596027070331,-3.381860182772267,-9.545666593851509,-7.256074061067632,-3.5023126481742097,-9.58805614719027,-7.965336713152522,-3.206551276317003,-10.42588574947549,-6.286303874534009,-3.5415185943241245,-8.744027960389928,-0.0009846454184284062,-0.003258798946011703,0.009402696572230224,0.6995970160910472,-0.13956971583630068,0.700774078785651,0.9783810176486952,-0.05084982866417835,0.20046166523684114,-0.2001914651230658,0.010404639417476854,0.9797015467837502,-0.0519033871398005,-0.9986521107990591,0.0,33.69031737325495,-47.0698362499498,0.38772775325208464,336.2725764183201,NONE
0.002769986167550087,0.08309958502650261,-7.082959130460071,-3.383401648293126,-9.547032860832276,-7.256074061067632,-3.5023126481742097,-9.58805614719027,-7.960210453160046,-3.210664071619831,-10.429243728149334,-6.284023380154737,-3.540718282482577,-8.743580323379074,-0.0009828442329440584,-0.0032501163499839883,0.009405889693449125,0.6984112804188787,-0.13752258785947744,0.7023597519876087,0.9783810176486952,-0.05084982866417835,0.20046166523684114,-0.2001914651230658,0.010404639417476854,0.9797015467837502,-0.0519033871398005,-0.9986521107990591,0.0,33.7879398882623,-47.30525647622523,0.39109052296221947,336.2870517463268,NONE
0.002779986010864377,0.08339958032593131,-7.079322025233554,-3.384942994604695,-9.548399287302034,-7.256074061067632,-3.5023126481742097,-9.58805614719027,-7.954907759351414,-3.214701336222535,-10.432747390679157,-6.2819031700631935,-3.5399865306510834,-8.743000313005657,-0.0009810572440693873,-0.0032414278029540473,0.009409073943916406,0.6970852455367585,-0.13553549767856188,0.7040612823639585,0.9783810176486952,-0.05084982866417835,0.20046166523684114,-0.2001914651230658,0.010404639417476854,0.9797015467837502,-0.0519033871398005,-0.9986521107990591,0.0,33.896718665992076,-47.535252634057635,0.3944534587453372,336.3015829095595,NONE
0.0027899860870093107,0.08369958261027932,-7.075684741193103,-3.386484221706975,-9.549765871165308,-7.256074061067632,-3.5023126481742097,-9.58805614719027,-7.949428331562521,-3.218662873409188,-10.436395614254275,-6.279943574570766,-3.53932351798399,-8.742288947838887,-0.0009792843749372808,-0.0032327329311962996,0.009412249460599641,0.6956186487465641,-0.13360860190616722,0.7058777776730785,0.9783810176486952,-0.05084982866417835,0.20046166523684114,-0.2001914651230658,0.010404639417476854,0.9797015467837502,-0.0519033871398005,-0.9986521107990591,0.0,34.016603590130785,-47.759645448868554,0.3978165318634783,336.31620204873275,NONE
0.0027999859303236008,0.08399957790970802,-7.072047278338718,-3.3880253594022873,-9.551132611345254,-7.256074061067632,-3.5023126481742097,-9.58805614719027,-7.943771703807813,-3.2225484914129727,-10.440187221696698,-6.278145018062699,-3.5387294760724366,-8.741447297908033,-0.0009775257144032058,-0.0032240321704854434,0.009415416084345275,0.6940111190604642,-0.1317420769414433,0.7078083015786106,0.9783810176486952,-0.05084982866417835,0.20046166523684114,-0.2001914651230658,0.010404639417476854,0.9797015467837502,-0.0519033871398005,-0.9986521107990591,0.0,34.147547465541045,-47.97826603727633,0.40117974404794765,336.33091071566,NONE
0.0028099860064685345,0.08429958019405603,-7.068411573821353,-3.3895932297807816,-9.552467723286698,-7.256074061067632,-3.5023126481742097,-9.58805614719027,-7.937978652058686,-3.226431153699628,-10.44405922243909,-6.276474066159183,-3.5381892048476153,-8.74047199879032,-0.0009757811868197086,-0.0032153251465700627,0.009418573951362088,0.6922935774581265,-0.12989918797832822,0.7098280098536547,0.9783810176486952,-0.05084982866417835,0.20046166523684114,-0.2001914651230658,0.010404639417476854,0.9797015467837502,-0.0519033871398005,-0.9986521107990591,0.0,34.287059200956726,-48.194322270283685,0.4045489355105705,341.25607870953826,NONE
0.0028199858497828245,0.08459957549348474,-7.064791515523242,-3.3913640241724137,-9.55356118551268,-7.256074061067632,-3.5023126481742097,-9.58805614719027,-7.932324221410494,-3.230790997390098,-10.447601159603348,-6.274706764030092,-3.5376020842488454,-8.739335570776984,-0.0009740508796205114,-0.0032066122958344092,0.009421722903381773,0.6906739405751677,-0.1278379528578114,0.7117773286776518,0.9783810176486952,-0.05084982866417835,0.20046166523684114,-0.2001914651230658,0.010404639417476854,0.9797015467837502,-0.0519033871398005,-0.9986521107990591,0.0,34.418921272892305,-48.42972886530371,0.4079615791649438,341.2709854512667,NONE
0.0028299859259277582,0.08489957777783275,-7.061261341029453,-3.3932635645967606,-9.553925048353138,-7.256074061067632,-3.5023126481742097,-9.58805614719027,-7.927460443059014,-3.235341836982839,-10.449728604707293,-6.27239113748976,-3.537087017096579,-8.738093293070893,-0.0009723347183788853,-0.003197893243506501,0.009424863075852203,0.6896122106538561,-0.12572715838072496,0.7131813798484997,0.9783810176486952,-0.05084982866417835,0.20046166523684114,-0.2001914651230658,0.010404639417476854,0.9797015467837502,-0.0519033871398005,-0.9986521107990591,0.0,34.50646952090961,-48.66104848759178,0.4114390856328587,361.55000473953,NONE
0.0028399857692420483,0.08519957307726145,-7.057929053956317,-3.3954402070146683,-9.552704722879442,-7.256074061067632,-3.5023126481742097,-9.58805614719027,-7.924532795597189,-3.2403899999674985,-10.448618533608357,-6.2686903345271645,-3.536648490543919,-8.736772556051104,-0.0009706327891058508,-0.003189168426573867,0.009427994311392629,0.689934358779177,-0.12344103774017519,0.7132691573155219,0.9783810176486952,-0.05084982866417835,0.20046166523684114,-0.2001914651230658,0.010404639417476854,0.9797015467837502,-0.0519033871398005,-0.9986521107990591,0.0,34.48456348929173,-48.891562451246834,0.41505464242117185,361.565001675663,NONE
0.002849985845386982,0.08549957536160946,-7.054596588069248,-3.397616760025609,-9.551484579421102,-7.256074061067632,-3.5023126481742097,-9.58805614719027,-7.9214318754176265,-3.2453644192212057,-10.447654193564187,-6.26514699390127,-3.536276953505774,-8.735319445725295,-0.000968945018596451,-0.0031804374697494376,0.009431116744688332,0.6901187006318152,-0.12121355595190354,0.7134728115995379,0.9783810176486952,-0.05084982866417835,0.20046166523684114,-0.2001914651230658,0.010404639417476854,0.9797015467837502,-0.0519033871398005,-0.9986521107990591,0.0,34.473641431090776,-49.1178939167757,0.418670333124215,361.5799281455248,NONE
0.002859985688701272,0.08579957066103816,-7.051221177035617,-3.399866388331044,-9.55049525916971,-7.256074061067632,-3.5023126481742097,-9.58805614719027,-7.918421369082519,-3.250128267174876,-10.446735455753512,-6.261439254603709,-3.536236816143016,-8.734265844196951,-0.0009672714914375674,-0.0031717008106178397,0.009434230219248186,0.690409214366171,-0.11921189540339155,0.7135290048152333,0.9783810176486952,-0.05084982866417835,0.20046166523684114,-0.2001914651230658,0.010404639417476854,0.9797015467837502,-0.0519033871398005,-0.9986521107990591,0.0,34.45402798630887,-49.31981086832238,0.4222854852052169,361.43295829564613,NONE
0.0028699857648462057,0.08609957294538617,-7.0478128344357485,-3.4021723132234696,-9.549684817928808,-7.256074061067632,-3.5023126481742097,-9.58805614719027,-7.915443088760675,-3.2547130129955684,-10.445886616935313,-6.257639243026113,-3.5364673591454117,-8.73349037263513,-0.0009656121356471426,-0.0031629580733820977,0.009437334868992814,0.6907516023894008,-0.11739764422910133,0.7134984351250764,0.9783810176486952,-0.05084982866417835,0.20046166523684114,-0.2001914651230658,0.010404639417476854,0.9797015467837502,-0.0519033871398005,-0.9986521107990591,0.0,34.430058666312064,-49.502011142371174,0.42589986119299184,361.4473808371134,NONE
0.0028799856081604958,0.08639956824481487,-7.044404283219623,-3.4044781189066056,-9.548874557044345,-7.256074061067632,-3.5023126481742097,-9.58805614719027,-7.912293907674239,-3.2592233663454793,-10.445185231201785,-6.253994476641303,-3.536765425542595,-8.732580956299826,-0.0009639670343868959,-0.0031542096962178115,0.009440430538322924,0.6909580962637232,-0.11564252466546482,0.7135851145424834,0.9783810176486952,-0.05084982866417835,0.20046166523684114,-0.2001914651230658,0.010404639417476854,0.9797015467837502,-0.0519033871398005,-0.9986521107990591,0.0,34.41686665576656,-49.67981663350705,0.42951439907062827,361.4617352176174,NONE
0.002889985451474786,0.08669956354424357,-7.040995553189563,-3.4067838351827744,-9.54806447683646,-7.256074061067632,-3.5023126481742097,-9.58805614719027,-7.908974148559322,-3.2636590108482433,-10.444631602391087,-6.25050471846913,-3.5371313604108843,-8.731537319089375,-0.0009623361547047214,-0.0031454555067184794,0.009443517288626727,0.6910289292042464,-0.11394681231776702,0.7137892847090467,0.9783810176486952,-0.05084982866417835,0.20046166523684114,-0.2001914651230658,0.010404639417476854,0.9797015467837502,-0.0519033871398005,-0.9986521107990591,0.0,34.41443335527967,-49.85305464467566,0.43312907113136667,361.47602221306494,NONE
0.0028999855276197195,0.08699956582859159,-7.037586644345569,-3.4090894024473313,-9.547254577305155,-7.256074061067632,-3.5023126481742097,-9.58805614719027,-7.905484071408281,-3.2680195437980997,-10.44422588067263,-6.2471697317277455,-3.5375654166168045,-8.730359324240561,-0.0009607194649170613,-0.003136695331959074,0.009446595180497133,0.6909643082002229,-0.11231078034112708,0.7141110651800285,0.9783810176486952,-0.05084982866417835,0.20046166523684114,-0.2001914651230658,0.010404639417476854,0.9797015467837502,-0.0519033871398005,-0.9986521107990591,0.0,34.42273640219645,-50.02155837862901,0.43674387434432127,361.49027626947856,NONE
0.0029099853709340096,0.08729956112802029,-7.034177526885318,-3.411394880304921,-9.54644485868326,-7.256074061067632,-3.5023126481742097,-9.58805614719027,-7.901823807202876,-3.272304691850552,-10.44396812841668,-6.243989340184554,-3.5380679569905022,-8.729046915396026,-0.000959117046052189,-0.003127929610987445,0.00944966405967278,0.6907643612576341,-0.1107346938083125,0.7145505054252722,0.9783810176486952,-0.05084982866417835,0.20046166523684114,-0.2001914651230658,0.010404639417476854,0.9797015467837502,-0.0519033871398005,-0.9986521107990591,0.0,34.4417539314128,-50.185168664743124,0.44035884085173116,361.50446828253354,NONE
0.0029199854470789433,0.0875995634123683,-7.030768260413455,-3.413700238953221,-9.545635320505115,-7.256074061067632,-3.5023126481742097,-9.58805614719027,-7.897993631938808,-3.2765141883535076,-10.443858182878202,-6.2409634063712005,-3.5386391674349427,-8.727600239882184,-0.0009575288291827157,-0.003119157966757729,0.009452724058158567,0.69042926065317,-0.10921874128393137,0.7151074762483405,0.9783810176486952,-0.05084982866417835,0.20046166523684114,-0.2001914651230658,0.010404639417476854,0.9797015467837502,-0.0519033871398005,-0.9986521107990591,0.0,34.4714549872065,-50.34374023335131,0.4439739109154477,361.51866333197825,NONE
0.0029299852903932333,0.087899558711797,-7.0273587555230135,-3.416005508194554,-9.544825963003548,-7.256074061067632,-3.5023126481742097,-9.58805614719027,-7.8939934360956485,-3.2806477106375675,-10.44389590747696,-6.238091859198572,-3.5392793987576736,-8.726019422531108,-0.000955954893908847,-0.003110380838893113,0.009455775022590745,0.6899589903737819,-0.10776320338337739,0.7157818687274388,0.9783810176486952,-0.05084982866417835,0.20046166523684114,-0.2001914651230658,0.010404639417476854,0.9797015467837502,-0.0519033871398005,-0.9986521107990591,0.0,34.511817749047076,-50.49712728671067,0.4475891734783186,361.5328330893947,NONE
0.002939985366538167,0.08819956099614501,-7.0238461643994325,-3.418321893702138,-9.544473267884912,-7.256074061067632,-3.5023126481742097,-9.58805614719027,-7.890369644040083,-3.2846312705991223,-10.443899776562482,-6.234680541675532,-3.5400774448352594,-8.725341995055153,-0.0009543951725294899,-0.003101597849856504,0.00945881708420308,0.689870459318563,-0.10643590593172374,0.71606574229472,0.9783810176486952,-0.05084982866417835,0.20046166523684114,-0.2001914651230658,0.010404639417476854,0.9797015467837502,-0.0519033871398005,-0.9986521107990591,0.0,34.52164642660271,-50.6335639369842,0.45121431561337566,362.9183313203898,NONE
0.002949985209852457,0.08849955629557371,-7.020301207953739,-3.4206185202699784,-9.544253211727353,-7.256074061067632,-3.5023126481742097,-9.58805614719027,-7.886739227183912,-3.2885519158956544,-10.444001920438659,-6.231213416263429,-3.5408950350221415,-8.7248285028901,-0.0009528497432156293,-0.0030928094398402104,0.009461850090531163,0.6898024212168676,-0.10514296630270309,0.7163222573118998,0.9783810176486952,-0.05084982866417835,0.20046166523684114,-0.2001914651230658,0.010404639417476854,0.9797015467837502,-0.0519033871398005,-0.9986521107990591,0.0,34.52982380138183,-50.766210611507184,0.45484352959950414,362.93203171694626,NONE
0.0029599852859973907,0.08879955857992172,-7.016756042891788,-3.422915057430852,-9.5440333311241,-7.256074061067632,-3.5023126481742097,-9.58805614719027,-7.882940237010991,-3.292397141676324,-10.444252295327418,-6.227899416376421,-3.5417811409047375,-8.724180348296686,-0.0009513185394932115,-0.003084015230821428,0.009464874172035715,0.6896003419310707,-0.10390999967850575,0.7166966445961384,0.9783810176486952,-0.05084982866417835,0.20046166523684114,-0.2001914651230658,0.010404639417476854,0.9797015467837502,-0.0519033871398005,-0.9986521107990591,0.0,34.548555201969535,-50.89381093421133,0.4584729079535812,362.9457324846468,NONE
0.002969985129311681,0.08909955387935042,-7.013210699015903,-3.4252114455801133,-9.543813626075151,-7.256074061067632,-3.5023126481742097,-9.58805614719027,-7.878972763720659,-3.2961666344003384,-10.444650821139756,-6.224738516811681,-3.542735934144702,-8.72339760421406,-0.0009498016381030669,-0.0030752156635552646,0.009467889177154382,0.6892642695454079,-0.10273720822681826,0.717188840385707,0.9783810176486952,-0.05084982866417835,0.20046166523684114,-0.2001914651230658,0.010404639417476854,0.9797015467837502,-0.0519033871398005,-0.9986521107990591,0.0,34.57782111017192,-51.01624962503867,0.462102418486694,362.95940604856764,NONE
0.0029799852054566145,0.08939955616369843,-7.0096651763260835,-3.4275077443224076,-9.543594096114846,-7.256074061067632,-3.5023126481742097,-9.58805614719027,-7.8748367420716034,-3.299860291978306,-10.445197366806363,-6.221730776986185,-3.543759621605672,-8.722480389120728,-0.0009482989737993052,-0.0030664103595385303,0.009470895235572825,0.6887941521189245,-0.10162472067806916,0.717798740702348,0.9783810176486952,-0.05084982866417835,0.20046166523684114,-0.2001914651230658,0.010404639417476854,0.9797015467837502,-0.0519033871398005,-0.9986521107990591,0.0,34.61760470234819,-51.13342673144582,0.465732064323074,362.97308533653654,NONE
0.0029899850487709045,0.08969955146312714,-7.006073728257465,-3.4297627519470337,-9.54355320686287,-7.010359235331023,-3.51508329331508,-9.537711340563792,-7.870754044307352,-3.303514943629706,-10.44582456843713,-6.218586722878693,-3.5447399367656014,-8.721831052007955,-0.0009468106218912874,-0.0030575997600828042,0.009473892196632451,0.6884030505952748,-0.10051041380662311,0.7183306318454903,0.9841770482629192,-0.01376569199850451,0.17665232349530574,-0.17663504621926387,0.002470595759866194,0.9842733139751935,-0.013985639763927851,-0.9999021961574011,-4.336808689942018e-19,36.31349198493276,-48.95141974600265,0.47269670095597327,357.5734996817483,NONE
0.0029999848920851946,0.08999954676255584,-7.002472117596912,-3.432008476148236,-9.543551686478766,-7.010359235331023,-3.51508329331508,-9.537711340563792,-7.866551567645414,-3.307102086635487,-10.44658505565673,-6.215532336619208,-3.5457639957365807,-8.721135551346082,-0.0009453365525171657,-0.003048783691541717,0.009476880119778527,0.6879246795942523,-0.09944246212545556,0.71893729346277,0.9841770482629192,-0.01376569199850451,0.17665232349530574,-0.17663504621926387,0.002470595759866194,0.9842733139751935,-0.013985639763927851,-0.9999021961574011,-4.336808689942018e-19,36.35008006362542,-49.062932820818425,0.4762725060319202,357.5879548416772,NONE
0.0030099849682301283,0.09029954904690385,-6.998870357924747,-3.4342541109424713,-9.54355033838934,-7.010359235331023,-3.51508329331508,-9.537711340563792,-7.862180816886147,-3.31061334634711,-10.447492914421836,-6.212630917266008,-3.546856992778312,-8.720306164766756,-0.0009438767370890531,-0.00303996197978167,0.009479859063649667,0.6873124581750578,-0.09843485267966742,0.7196611456896167,0.9841770482629192,-0.01376569199850451,0.17665232349530574,-0.17663504621926387,0.002470595759866194,0.9842733139751935,-0.013985639763927851,-0.9999021961574011,-4.336808689942018e-19,36.39727846444181,-49.170318582713655,0.47984842609467293,357.6024487551038,NONE
0.0030199848115444183,0.09059954434633255,-6.995237901860523,-3.4364722232919815,-9.543667460585,-7.010359235331023,-3.51508329331508,-9.537711340563792,-7.857788793209666,-3.3140725259496846,-10.448503601501933,-6.209690219315453,-3.5479448326832568,-8.71960949402427,-0.0009424312487736011,-0.00303113506693414,0.009482828878943682,0.6867077391225889,-0.09744679447232178,0.720372544782359,0.9841770482629192,-0.01376569199850451,0.17665232349530574,-0.17663504621926387,0.002470595759866194,0.9842733139751935,-0.013985639763927851,-0.9999021961574011,-4.336808689942018e-19,36.44389824210629,-49.275414981374325,0.48343324992533,358.5743790863901,NONE
0.003029984887689352,0.09089954663068056,-6.991599485331821,-3.4386849414211396,-9.543807416016223,-7.010359235331023,-3.51508329331508,-9.537711340563792,-7.853256583675429,-3.317460529361448,-10.449652797293288,-6.206865803480758,-3.5490871877308394,-8.71883030783268,-0.0009410000253928881,-0.003022302573321771,0.009485789693404512,0.6859961584144463,-0.09651110765391302,0.7211760372752528,0.9841770482629192,-0.01376569199850451,0.17665232349530574,-0.17663504621926387,0.002470595759866194,0.9842733139751935,-0.013985639763927851,-0.9999021961574011,-4.336808689942018e-19,36.49896175711918,-49.37668596889976,0.4870198321090342,359.17682534345784,NONE
0.003039984731003642,0.09119954193010926,-6.987942680770206,-3.4408810298544052,-9.544018193872633,-7.010359235331023,-3.51508329331508,-9.537711340563792,-7.848643823950614,-3.3207868817807995,-10.450922326464688,-6.204079612317841,-3.550253915156148,-8.71807685314325,-0.0009395831386794869,-0.0030134649416169155,0.009488741358639056,0.685235088180322,-0.09561126390639516,0.7220189472172656,0.9841770482629192,-0.01376569199850451,0.17665232349530574,-0.17663504621926387,0.002470595759866194,0.9842733139751935,-0.013985639763927851,-0.9999021961574011,-4.336808689942018e-19,36.55792197060117,-49.47487549561197,0.4906117715074565,359.457206808671,SLIDING
0.0030499848071485758,0.09149954421445727,-6.984270647221851,-3.443063364515889,-9.544287523513647,-7.010359235331023,-3.51508329331508,-9.537711340563792,-7.8439353128423965,-3.324048988458119,-10.452316382615178,-6.201351526023296,-3.5514528731691066,-8.717321864901255,-0.0009381805276868705,-0.0030046217916805534,0.009491684001610164,0.6844099111746255,-0.09475161862957829,0.7229143823808017,0.9841770482629192,-0.01376569199850451,0.17665232349530574,-0.17663504621926387,0.002470595759866194,0.9842733139751935,-0.013985639763927851,-0.9999021961574011,-4.336808689942018e-19,36.62191634041775,-49.569748738465684,0.4942081662861142,359.8071242056318,SLIDING
0.003059984650462866,0.09179953951388597,-6.980584606581973,-3.445233122597325,-9.544610372072073,-7.010359235331023,-3.51508329331508,-9.537711340563792,-7.839124681807342,-3.3272457315093633,-10.453836462086217,-6.198689679303573,-3.552687329147058,-8.716554363918213,-0.0009367922627123444,-0.0029957735667194754,0.009494617474836006,0.6835145843765705,-0.09393399901570633,0.723867540903335,0.9841770482629192,-0.01376569199850451,0.17665232349530574,-0.17663504621926387,0.002470595759866194,0.9842733139751935,-0.013985639763927851,-0.9999021961574011,-4.336808689942018e-19,36.69140212315283,-49.66118983635498,0.49780871915632297,360.2706521353851,SLIDING
0.0030699847266077995,0.09209954179823399,-6.976884111815738,-3.4473899017673615,-9.544988412668916,-7.010359235331023,-3.51508329331508,-9.537711340563792,-7.834213912867398,-3.3303774014283922,-10.455481605932478,-6.1960914129182205,-3.5539562497845876,-8.715778420406862,-0.0009354182840419151,-0.0029869198861388526,0.00949754190449618,0.6825510416454906,-0.09315785348174795,0.7248763273023398,0.9841770482629192,-0.01376569199850451,0.17665232349530574,-0.17663504621926387,0.002470595759866194,0.9842733139751935,-0.013985639763927851,-0.9999021961574011,-4.336808689942018e-19,36.76620661759937,-49.74920362704485,0.5014135689804249,360.7001020847913,SLIDING
0.0030799845699220896,0.09239953709766269,-6.973169282132434,-3.449533791432965,-9.545421174054953,-7.010359235331023,-3.51508329331508,-9.537711340563792,-7.8292024866795895,-3.333443897313175,-10.457251452770306,-6.193557427622796,-3.55525989780805,-8.714993463060528,-0.0009340586605365915,-0.0029780611936735518,0.009500457144022482,0.6815187746069975,-0.09242333353953135,0.7259408290457408,0.9841770482629192,-0.01376569199850451,0.17665232349530574,-0.17663504621926387,0.002470595759866194,0.9842733139751935,-0.013985639763927851,-0.9999021961574011,-4.336808689942018e-19,36.84634823796096,-49.83376324498945,0.5050226829133919,361.12899521024445,SLIDING
0.0030899846460670233,0.0926995393820107,-6.969440117532062,-3.4516648064952973,-9.545908409895363,-7.010359235331023,-3.51508329331508,-9.537711340563792,-7.824089873104019,-3.3364449814973605,-10.45914570392927,-6.191088206229585,-3.5565985181384527,-8.7141992932078,-0.0009327133337153342,-0.002969197108277903,0.009503363318809518,0.6804173611976811,-0.09173064026712188,0.7270610044672787,0.9841770482629192,-0.01376569199850451,0.17665232349530574,-0.17663504621926387,0.002470595759866194,0.9842733139751935,-0.013985639763927851,-0.9999021961574011,-4.336808689942018e-19,36.93183734608777,-49.91483805973839,0.5086361046759666,361.55880825665815,SLIDING
0.0030999844893813133,0.0929995346814394,-6.965696677619266,-3.453783021460164,-9.546449866404744,-7.010359235331023,-3.51508329331508,-9.537711340563792,-7.81887566961436,-3.3393806875841574,-10.461163964693435,-6.188684229218009,-3.5579722225326686,-8.713395785412406,-0.0009313823710022437,-0.0029603280742088785,0.009506260283204645,0.6792464334984794,-0.09107980622854642,0.7282367413670958,0.9841770482629192,-0.01376569199850451,0.17665232349530574,-0.17663504621926387,0.002470595759866194,0.9842733139751935,-0.013985639763927851,-0.9999021961574011,-4.336808689942018e-19,37.022678637309944,-49.992415177398506,0.5122538214640304,361.98949004295514,SLIDING
0.003109984565526247,0.09329953696578741,-6.961938962394046,-3.4558884512287262,-9.547045271404075,-7.010359235331023,-3.51508329331508,-9.537711340563792,-7.813559393668955,-3.3422507917843736,-10.463305764592166,-6.186345936051391,-3.559381243273414,-8.712582848084685,-0.0009300657151501362,-0.0029514537099756405,0.00950914816181564,0.6780056073406516,-0.09047102145376672,0.729467881878117,0.9841770482629192,-0.01376569199850451,0.17665232349530574,-0.17663504621926387,0.002470595759866194,0.9842733139751935,-0.013985639763927851,-0.9999021961574011,-4.336808689942018e-19,37.118876936724604,-50.06646903879643,0.5158758815637654,362.42092714312787,SLIDING
0.003119984408840537,0.09359953226521611,-6.95816706126337,-3.4579811852079514,-9.547694335950526,-7.010359235331023,-3.51508329331508,-9.537711340563792,-7.8081405536650035,-3.345055314926428,-10.465570677306957,-6.184073945277507,-3.560825732223935,-8.711760317393434,-0.000928763432145216,-0.0029425744603505544,0.009512026809907582,0.6766944201614568,-0.08990434054062796,0.730754316630634,0.9841770482629192,-0.01376569199850451,0.17665232349530574,-0.17663504621926387,0.002470595759866194,0.9842733139751935,-0.013985639763927851,-0.9999021961574011,-4.336808689942018e-19,37.22044180368808,-50.13699031288677,0.5195022492560586,362.85307475089763,SLIDING
0.003129984252154827,0.09389952756464481,-6.954381033831882,-3.4600612382990006,-9.548396752940478,-7.010359235331023,-3.51508329331508,-9.537711340563792,-7.802618563324524,-3.3477941194931216,-10.46795825473434,-6.181868904723221,-3.5623058430967856,-8.710928014647292,-0.0009274754957948998,-0.0029336901503189583,0.009514896284595627,0.6753123577505427,-0.08937988483485987,0.7320959333696031,0.9841770482629192,-0.01376569199850451,0.17665232349530574,-0.17663504621926387,0.002470595759866194,0.9842733139751935,-0.013985639763927851,-0.9999021961574011,-4.336808689942018e-19,37.32738558833758,-50.20396609821542,0.5231329203350761,363.28577373228273,SLIDING
0.003139984328299761,0.09419952984899282,-6.950709387713718,-3.462320939789403,-9.548100140670302,-7.010359235331023,-3.51508329331508,-9.537711340563792,-7.79845702814025,-3.351045638531274,-10.468233779587658,-6.1786434134052515,-3.5636622703758256,-8.710110342117405,-0.0009262018811860896,-0.002924800604414491,0.009517756642176814,0.674922339472916,-0.08859026326856312,0.7325514322792719,0.9841770482629192,-0.01376569199850451,0.17665232349530574,-0.17663504621926387,0.002470595759866194,0.9842733139751935,-0.013985639763927851,-0.9999021961574011,-4.336808689942018e-19,37.35706916548902,-50.2838203911941,0.5268299737753459,374.7575612361329,NONE
0.003149984171614051,0.09449952514842153,-6.947133168631839,-3.4647261362177018,-9.546992297077539,-7.010359235331023,-3.51508329331508,-9.537711340563792,-7.7953596908213205,-3.3546941549382785,-10.466834075937467,-6.1746310641623925,-3.5649351427433307,-8.709268303121263,-0.0009249426521529923,-0.0029159062681690874,0.009520607739292215,0.67530359444122,-0.08760041158543849,0.7323190720067516,0.9841770482629192,-0.01376569199850451,0.17665232349530574,-0.17663504621926387,0.002470595759866194,0.9842733139751935,-0.013985639763927851,-0.9999021961574011,-4.336808689942018e-19,37.32679052104768,-50.37342576048459,0.530578418853251,375.1366740851476,NONE
0.0031599842477589846,0.09479952743276954,-6.9435418099701876,-3.467117668281186,-9.545944392008694,-7.010359235331023,-3.51508329331508,-9.537711340563792,-7.792168877489018,-3.3582795232677056,-10.465558727722613,-6.17067491838107,-3.566239416858959,-8.708427536481063,-0.0009236977545298944,-0.0029070067590045885,0.009523449698579415,0.6756224829616451,-0.08664995566302217,0.7321379963506458,0.9841770482629192,-0.01376569199850451,0.17665232349530574,-0.17663504621926387,0.002470595759866194,0.9842733139751935,-0.013985639763927851,-0.9999021961574011,-4.336808689942018e-19,37.30138654893373,-50.460118436973815,0.534330987579132,375.4864230645601,SLIDING
0.0031699840910732746,0.09509952273219824,-6.939935728961276,-3.4694960128170136,-9.544954390523943,-7.010359235331023,-3.51508329331508,-9.537711340563792,-7.7888822527355215,-3.361801569188486,-10.464408508231456,-6.166777900195428,-3.567576162595824,-8.707583449730032,-0.0009224672507102603,-0.0028981025229526712,0.009526282377602223,0.6758768135583724,-0.08573941391972419,0.7320104410422592,0.9841770482629192,-0.01376569199850451,0.17665232349530574,-0.17663504621926387,0.002470595759866194,0.9842733139751935,-0.013985639763927851,-0.9999021961574011,-4.336808689942018e-19,37.281031737221625,-50.543843865785554,0.538087635363171,375.8621537036767,SLIDING
0.0031799841672182083,0.09539952501654625,-6.936315462046909,-3.471861587057698,-9.544020306112232,-7.010359235331023,-3.51508329331508,-9.537711340563792,-7.7854976024680385,-3.3652596819248406,-10.463384159109493,-6.1629430510311485,-3.56894673342051,-8.70673157175352,-0.000921251087765333,-0.0028891931770088854,0.009529105898205244,0.6760643964320378,-0.08486960478986222,0.7319385780649885,0.9841770482629192,-0.01376569199850451,0.17665232349530574,-0.17663504621926387,0.002470595759866194,0.9842733139751935,-0.013985639763927851,-0.9999021961574011,-4.336808689942018e-19,37.26589970937546,-50.62451907896442,0.5418481909169444,376.2573054628875,SLIDING
0.0031899840105324984,0.09569952031597495,-6.932680890017795,-3.474214346299756,-9.543142294304433,-7.010359235331023,-3.51508329331508,-9.537711340563792,-7.7820152154497,-3.3686540073082742,-10.462485748330876,-6.159169880127775,-3.57035091110433,-8.705872137822588,-0.0009200493266473089,-0.0028802791676981482,0.009531920118877114,0.6761855563841351,-0.08404037658168985,0.7319223377117863,0.9841770482629192,-0.01376569199850451,0.17665232349530574,-0.17663504621926387,0.002470595759866194,0.9842733139751935,-0.013985639763927851,-0.9999021961574011,-4.336808689942018e-19,37.255967012268734,-50.702125322225164,0.5456127434732334,376.65425287482026,SLIDING
0.003199984086677432,0.09599952260032296,-6.92903207247858,-3.4765542607408646,-9.542320288976642,-7.010359235331023,-3.51508329331508,-9.537711340563792,-7.778435349735021,-3.3719844007678197,-10.461713232694054,-6.15545826635646,-3.5717887703677724,-8.70500506093735,-0.0009188619156647043,-0.0028713601115955213,0.009534725160667773,0.676240451407734,-0.08325182066664702,0.7319617382319602,0.9841770482629192,-0.01376569199850451,0.17665232349530574,-0.17663504621926387,0.002470595759866194,0.9842733139751935,-0.013985639763927851,-0.9999021961574011,-4.336808689942018e-19,37.25122205843389,-50.776624405949235,0.5493812456412073,377.0522805084692,SLIDING
0.003209983929991722,0.09629951789975166,-6.9253690094292635,-3.4788813452821854,-9.541554202584537,-7.010359235331023,-3.51508329331508,-9.537711340563792,-7.774758023709422,-3.375250821085537,-10.461066673876278,-6.151808192973118,-3.573260377221132,-8.70413011765349,-0.0009176889143278408,-0.002862436455712956,0.009537520882992754,0.6762290961401267,-0.08250398172316444,0.7320568984261615,0.9841770482629192,-0.01376569199850451,0.17665232349530574,-0.17663504621926387,0.002470595759866194,0.9842733139751935,-0.013985639763927851,-0.9999021961574011,-4.336808689942018e-19,37.25166313436019,-50.847985986044876,0.5531537130908966,377.4513736359873,SLIDING
0.003219984006136656,0.09659952018409967,-6.921691641265201,-3.4811956148248795,-9.54084393035433,-7.010359235331023,-3.51508329331508,-9.537711340563792,-7.770983110767057,-3.3784532179183286,-10.460546147213357,-6.148219661392854,-3.5747658059852263,-8.703247039166689,-0.0009165302721833043,-0.0028535078162099355,0.00954030740610537,0.6761514372392511,-0.08179691169454067,0.7322079616861118,0.9841770482629192,-0.01376569199850451,0.17665232349530574,-0.17663504621926387,0.002470595759866194,0.9842733139751935,-0.013985639763927851,-0.9999021961574011,-4.336808689942018e-19,37.25729258609466,-50.916181563401025,0.5569302231974866,377.85144466433036,SLIDING
0.003229983849450946,0.09689951548352838,-6.918000027591037,-3.4834970544677857,-9.540189354939374,-7.010359235331023,-3.51508329331508,-9.537711340563792,-7.767110704304123,-3.3815914876109936,-10.460151572707895,-6.144692700445462,-3.576305122589521,-8.702355674115363,-0.0009153860472983551,-0.0028445746405793347,0.009543084590350413,0.6760075016077756,-0.08113068124105294,0.7324149577468881,0.9841770482629192,-0.01376569199850451,0.17665232349530574,-0.17663504621926387,0.002470595759866194,0.9842733139751935,-0.013985639763927851,-0.9999021961574011,-4.336808689942018e-19,37.26810530931322,-50.98118179936373,0.560710737823884,378.25246312057385,SLIDING
0.003239983692765236,0.09719951078295708,-6.914294228011417,-3.485785679112065,-9.53959034222922,-7.010359235331023,-3.51508329331508,-9.537711340563792,-7.763140722499992,-3.3846656170192784,-10.459882974940653,-6.141227498535283,-3.577878367476871,-8.701455743864821,-0.0009142562165971433,-0.0028356367527300978,0.009545852490844817,0.6757971766519622,-0.08050531269066345,0.7326780129482632,0.9841770482629192,-0.01376569199850451,0.17665232349530574,-0.17663504621926387,0.002470595759866194,0.9842733139751935,-0.013985639763927851,-0.9999021961574011,-4.336808689942018e-19,37.28410579012559,-51.04296535291545,0.5644952222046147,378.65437279412396,SLIDING
0.0032499837689101696,0.09749951306730509,-6.910574182921695,-3.488061503658879,-9.539046743212255,-7.010359235331023,-3.51508329331508,-9.537711340563792,-7.7590731120109275,-3.3876755976455932,-10.459740180353224,-6.1378239903557015,-3.579485576858293,-8.700547121758863,-0.0009131407582875955,-0.0028266939761512435,0.009548611161877992,0.6755204673563442,-0.07992082467195816,0.7329971077476505,0.9841770482629192,-0.01376569199850451,0.17665232349530574,-0.17663504621926387,0.002470595759866194,0.9842733139751935,-0.013985639763927851,-0.9999021961574011,-4.336808689942018e-19,37.30528816198486,-51.101511860417894,0.5682837615295728,379.0571165467319,SLIDING
0.0032599836122244596,0.09779950836673379,-6.9068095535576814,-3.490297363291371,-9.53867710500768,-7.010359235331023,-3.51508329331508,-9.537711340563792,-7.755053312188157,-3.390655606811174,-10.4596864503979,-6.134291751410086,-3.5810437200255336,-8.699889777639676,-0.0009120397282775255,-0.002817746759042062,0.009551360465187281,0.6753173169908627,-0.07932838050598306,0.7332486136492593,0.9841770482629192,-0.01376569199850451,0.17665232349530574,-0.17663504621926387,0.002470595759866194,0.9842733139751935,-0.013985639763927851,-0.9999021961574011,-4.336808689942018e-19,37.320757696188366,-51.159978988277544,0.5720848989475957,381.69738794466724,NONE
0.0032699836883693933,0.0980995106510818,-6.902987763339328,-3.49248138178407,-9.538531830793234,-7.010359235331023,-3.51508329331508,-9.537711340563792,-7.751142480895507,-3.3936268048026563,-10.459707989670111,-6.130551053229625,-3.5825108335364875,-8.699592582014938,-0.0009109530792056395,-0.0028087947165502964,0.009554100519031607,0.6752464281941177,-0.07870167863909618,0.7333814198563219,0.9841770482629192,-0.01376569199850451,0.17665232349530574,-0.17663504621926387,0.002470595759866194,0.9842733139751935,-0.013985639763927851,-0.9999021961574011,-4.336808689942018e-19,37.32594885134117,-51.220281416924095,0.5759019447171898,381.71134483950266,NONE
0.0032799835316836834,0.0983995059505105,-6.899165853911685,-3.4946653108698014,-9.538386725148174,-7.010359235331023,-3.51508329331508,-9.537711340563792,-7.747065834111304,-3.39652687778767,-10.459873914161566,-6.126961139782869,-3.5840425516209993,-8.699164213080266,-0.0009098808655346432,-0.002799838297340069,0.00955683118608224,0.6750436226368475,-0.07813153076388739,0.7336290421172087,0.9841770482629192,-0.01376569199850451,0.17665232349530574,-0.17663504621926387,0.002470595759866194,0.9842733139751935,-0.013985639763927851,-0.9999021961574011,-4.336808689942018e-19,37.34141482964629,-51.276544647360396,0.5797190768009077,381.7253030405094,NONE
0.003289983607828617,0.09869950823485851,-6.895343706065463,-3.4968491356474045,-9.538241788072499,-7.010359235331023,-3.51508329331508,-9.537711340563792,-7.742823376097297,-3.3993555936207054,-10.460183969628348,-6.123521779412221,-3.585639057228024,-8.698604902382252,-0.0009088230411439446,-0.0027908771161628465,0.009559552583795851,0.6747089986187815,-0.07761810983638284,0.7339912780192067,0.9841770482629192,-0.01376569199850451,0.17665232349530574,-0.17663504621926387,0.002470595759866194,0.9842733139751935,-0.013985639763927851,-0.9999021961574011,-4.336808689942018e-19,37.36713875013887,-51.328714988680815,0.5835364123166737,381.7392651162982,NONE
0.003299983451142907,0.09899950353428721,-6.891521439009952,-3.499032841215718,-9.538097020497533,-7.010359235331023,-3.51508329331508,-9.537711340563792,-7.738415052326685,-3.402113073520639,-10.460638040907678,-6.120233249552978,-3.587300211488318,-8.69791475658215,-0.0009077796590504887,-0.00278191162214096,0.009562264575779366,0.6742424178223779,-0.07716130748653297,0.7344680351356365,0.9841770482629192,-0.01376569199850451,0.17665232349530574,-0.17663504621926387,0.002470595759866194,0.9842733139751935,-0.013985639763927851,-0.9999021961574011,-4.336808689942018e-19,37.40311705975845,-51.37677233778379,0.5873538335717932,381.7532038961383,NONE
0.003309983527287841,0.09929950581863523,-6.887677356654453,-3.5011970262628678,-9.53803653016499,-7.010359235331023,-3.51508329331508,-9.537711340563792,-7.7339440257930505,-3.404822285313381,-10.461209754429058,-6.116960141676967,-3.5889680264067954,-8.697278501645656,-0.0009067506743748971,-0.0027729414296353374,0.009564967278685497,0.6737432850483681,-0.07672739212225593,0.7349713553264177,0.9841770482629192,-0.01376569199850451,0.17665232349530574,-0.17663504621926387,0.002470595759866194,0.9842733139751935,-0.013985639763927851,-0.9999021961574011,-4.336808689942018e-19,37.441613277746875,-51.42289667977321,0.5911775684602869,383.3614974495271,NONE
0.003319983370602131,0.09959950111806393,-6.8837982267678255,-3.5033294122320298,-9.538112622944626,-7.010359235331023,-3.51508329331508,-9.537711340563792,-7.729474389720045,-3.4074981320649447,-10.461883352694212,-6.113618801236608,-3.590605468410968,-8.696810430534022,-0.000905736138687652,-0.002763966988220378,0.009567660557058832,0.6732731618680987,-0.07629472347750968,0.735447050900079,0.9841770482629192,-0.01376569199850451,0.17665232349530574,-0.17663504621926387,0.002470595759866194,0.9842733139751935,-0.013985639763927851,-0.9999021961574011,-4.336808689942018e-19,37.47784521708156,-51.468526958597685,0.5950112308640865,383.37530259848074,NONE
0.0033299834467470646,0.09989950340241194,-6.879918918067264,-3.505461678991902,-9.53818888149968,-7.010359235331023,-3.51508329331508,-9.537711340563792,-7.7248388145751115,-3.4101030621282353,-10.462700250094546,-6.110428244189685,-3.5923072683237844,-8.69621216989914,-0.0009047360083511803,-0.0027549879118717127,0.009570344526746323,0.6726710709939276,-0.07591841924814563,0.7360367000814194,0.9841770482629192,-0.01376569199850451,0.17665232349530574,-0.17663504621926387,0.002470595759866194,0.9842733139751935,-0.013985639763927851,-0.9999021961574011,-4.336808689942018e-19,37.524299262763975,-51.51002860180956,0.5988450383268429,383.3891771241964,NONE
0.0033399832900613546,0.10019949870184064,-6.876026079112338,-3.50758190561353,-9.538316989576431,-7.010359235331023,-3.51508329331508,-9.537711340563792,-7.720100781647448,-3.4126509458165053,-10.46364405467202,-6.107305145517036,-3.5940380164566714,-8.695597401813766,-0.0009037503334887194,-0.0027460046506093652,0.009573019053232315,0.6719981817210049,-0.0755779461000691,0.7366861053576066,0.9841770482629192,-0.01376569199850451,0.17665232349530574,-0.17663504621926387,0.002470595759866194,0.9842733139751935,-0.013985639763927851,-0.9999021961574011,-4.336808689942018e-19,37.57621318614299,-51.54872976050809,0.6026828368760881,384.3915306150123,NONE
0.0033499833662062883,0.10049950098618865,-6.872111901694583,-3.509682924638379,-9.538527364170166,-7.010359235331023,-3.51508329331508,-9.537711340563792,-7.7152972791691425,-3.415150280410754,-10.464705622592675,-6.104200899718795,-3.5957762790626218,-8.695032572356277,-0.0009027790717052741,-0.0027370168180290196,0.00957568425155641,0.6712901581043115,-0.07526083277161165,0.7373637709318328,0.9841770482629192,-0.01376569199850451,0.17665232349530574,-0.17663504621926387,0.002470595759866194,0.9842733139751935,-0.013985639763927851,-0.9999021961574011,-4.336808689942018e-19,37.63081231465732,-51.58545862052457,0.6065268392734637,384.4053524772007,NONE
0.0033599832095205784,0.10079949628561735,-6.868186041766452,-3.5117733787399414,-9.538782799875351,-7.010359235331023,-3.51508329331508,-9.537711340563792,-7.7103828541115975,-3.417590921523211,-10.465895717493495,-6.101175351939483,-3.597547808683757,-8.694436789458056,-0.0009018222716763863,-0.0027280248645901333,0.009578339988144316,0.6705031259050477,-0.07498203631689404,0.7381078866814335,0.9841770482629192,-0.01376569199850451,0.17665232349530574,-0.17663504621926387,0.002470595759866194,0.9842733139751935,-0.013985639763927851,-0.9999021961574011,-4.336808689942018e-19,37.69148182277516,-51.61922072060792,0.6103742337458993,385.0338504833985,NONE
0.0033699830528348684,0.10109949158504605,-6.864245161467838,-3.5138503621917847,-9.53909567676297,-7.010359235331023,-3.51508329331508,-9.537711340563792,-7.7053723115090005,-3.4199764494196936,-10.467210418565202,-6.098208641110086,-3.5993437926306675,-8.69383727882858,-0.0009008799140224572,-0.0027190286130278542,0.009580986315721235,0.6696515293328809,-0.0747363930045724,0.7389054748902595,0.9841770482629192,-0.01376569199850451,0.17665232349530574,-0.17663504621926387,0.002470595759866194,0.9842733139751935,-0.013985639763927851,-0.9999021961574011,-4.336808689942018e-19,37.757087840087465,-51.65036069585473,0.6142260783710665,385.43162217230895,NONE
0.003379983128979802,0.10139949386939406,-6.86028914158945,-3.515913725982297,-9.539466581566247,-7.010359235331023,-3.51508329331508,-9.537711340563792,-7.700266495451555,-3.4223068505623746,-10.468648999533283,-6.095299770719245,-3.6011639585122173,-8.693235822991593,-0.0008999519806523894,-0.002710027885693414,0.00958362328617318,0.6687361353051298,-0.07452379497910108,0.7397554902257045,0.9841770482629192,-0.01376569199850451,0.17665232349530574,-0.17663504621926387,0.002470595759866194,0.9842733139751935,-0.013985639763927851,-0.9999021961574011,-4.336808689942018e-19,37.82755545846259,-51.67887936268855,0.6180823847729737,385.84204825174567,SLIDING
0.003389982972294092,0.10169948916882277,-6.8563183397591585,-3.5179637830358628,-9.53989409681222,-7.010359235331023,-3.51508329331508,-9.537711340563792,-7.69506334943027,-3.4245819750017823,-10.470211684878914,-6.092451297012478,-3.6030090408041344,-8.692629509103515,-0.0008990385180749661,-0.0027010231336914168,0.009586250767337198,0.6677550218407465,-0.07434461075098,0.7406592399064158,0.9841770482629192,-0.01376569199850451,0.17665232349530574,-0.17663504621926387,0.002470595759866194,0.9842733139751935,-0.013985639763927851,-0.9999021961574011,-4.336808689942018e-19,37.903016119732605,-51.70475932144666,0.6219430556899948,386.2837586397976,SLIDING
0.003399983048439026,0.10199949145317078,-6.852333173209476,-3.520000950584996,-9.540376363581034,-7.010359235331023,-3.51508329331508,-9.537711340563792,-7.689760523733899,-3.4268011791623576,-10.471898453059618,-6.089666157150434,-3.6048804228446203,-8.692014804896791,-0.0008981394869974371,-0.0026920139696941024,0.009588868872232098,0.6667059860764436,-0.07419968486760961,0.7416181867345114,0.9841770482629192,-0.01376569199850451,0.17665232349530574,-0.17663504621926387,0.002470595759866194,0.9842733139751935,-0.013985639763927851,-0.9999021961574011,-4.336808689942018e-19,37.98362134653378,-51.727942289252546,0.6258080146174727,386.71154534782414,SLIDING
0.003409982891753316,0.10229948675259948,-6.848333701545047,-3.5220252882343415,-9.540913106201204,-7.010359235331023,-3.51508329331508,-9.537711340563792,-7.684357454060711,-3.428964707649215,-10.473709001109047,-6.086944978945631,-3.606777995753548,-8.69139145955809,-0.0008972549324788063,-0.0026830008452288687,0.00959147746964134,0.66558853129795,-0.07408887004347217,0.7426323089795646,0.9841770482629192,-0.01376569199850451,0.17665232349530574,-0.17663504621926387,0.002470595759866194,0.9842733139751935,-0.013985639763927851,-0.9999021961574011,-4.336808689942018e-19,38.069389499105235,-51.74844858500645,0.6296772524123906,387.1398616458275,SLIDING
0.0034199829678982496,0.10259948903694749,-6.844421669894504,-3.524192542920697,-9.54066211662999,-7.010359235331023,-3.51508329331508,-9.537711340563792,-7.680048692848029,-3.4314961872844347,-10.473849681992775,-6.083394259295645,-3.6086135412417857,-8.690783765447717,-0.0008963848164707029,-0.0026739833726075472,0.00959407667177055,0.6652726806468268,-0.07379889748222968,0.7429441318937736,0.9841770482629192,-0.01376569199850451,0.17665232349530574,-0.17663504621926387,0.002470595759866194,0.9842733139751935,-0.013985639763927851,-0.9999021961574011,-4.336808689942018e-19,38.09351989728462,-51.77836415651238,0.6336015558263561,395.73427865052633,NONE
0.0034299828112125397,0.10289948433637619,-6.840566441470432,-3.526450515876401,-9.539909532552572,-7.010359235331023,-3.51508329331508,-9.537711340563792,-7.676386930850457,-3.4342392135962485,-10.472971884836957,-6.079362835931063,-3.6104297634050146,-8.690145216199488,-0.000895529182582255,-0.0026649620037745574,0.009596666348351242,0.6654267062164145,-0.07341272908698593,0.7428444452656119,0.9841770482629192,-0.01376569199850451,0.17665232349530574,-0.17663504621926387,0.002470595759866194,0.9842733139751935,-0.013985639763927851,-0.9999021961574011,-4.336808689942018e-19,38.08156942012145,-51.81302848976705,0.6375598114432908,396.14025005519386,NONE
0.0034399828873574734,0.1031994866207242,-6.836695894652652,-3.528694675455678,-9.539217002948734,-7.010359235331023,-3.51508329331508,-9.537711340563792,-7.67263278136296,-3.4369288892974494,-10.47221900182868,-6.075386283016744,-3.612268179786269,-8.689507652021417,-0.000894687994009957,-0.0026559363506865967,0.009599246610774523,0.6655193743109233,-0.07305803770367457,0.742796395753026,0.9841770482629192,-0.01376569199850451,0.17665232349530574,-0.17663504621926387,0.002470595759866194,0.9842733139751935,-0.013985639763927851,-0.9999021961574011,-4.336808689942018e-19,38.074338741792594,-51.84531458629879,0.6415223441587461,396.4072328525448,SLIDING
0.0034499827306717634,0.1034994819201529,-6.832810685092258,-3.530925707111943,-9.53858170125446,-7.010359235331023,-3.51508329331508,-9.537711340563792,-7.66878289395744,-3.4395646502564703,-10.47159177155459,-6.071468904644999,-3.6141306138687255,-8.688864999473433,-0.0008938612929119855,-0.0026469068656983286,0.00960181732972199,0.6655474955468503,-0.07273581817177299,0.7428028217004822,0.9841770482629192,-0.01376569199850451,0.17665232349530574,-0.17663504621926387,0.002470595759866194,0.9842733139751935,-0.013985639763927851,-0.9999021961574011,-4.336808689942018e-19,38.072073934373954,-51.87514712633683,0.6454890174508119,396.86687869058835,SLIDING
0.003459982806816697,0.10379948420450091,-6.828911230021762,-3.533143864164937,-9.538002224897953,-7.010359235331023,-3.51508329331508,-9.537711340563792,-7.664835694674893,-3.442146091529125,-10.471090571602504,-6.067612931478596,-3.6160179184703196,-8.688214234745761,-0.0008930490437305669,-0.0026378731604171997,0.009604378615768508,0.6655094846651235,-0.07244659455883101,0.7428651403569765,0.9841770482629192,-0.01376569199850451,0.17665232349530574,-0.17663504621926387,0.002470595759866194,0.9842733139751935,-0.013985639763927851,-0.9999021961574011,-4.336808689942018e-19,38.07489677231124,-51.902481288429236,0.6494596719435091,397.2721377865947,SLIDING
0.003469982650130987,0.10409947950392962,-6.824997410231876,-3.5353491764169815,-9.537478491922828,-7.010359235331023,-3.51508329331508,-9.537711340563792,-7.660791001950953,-3.4446733370833997,-10.47071540299558,-6.063818301096645,-3.617930037634238,-8.687555200310376,-0.0008922512871721684,-0.002628835687601732,0.009606930340547366,0.6654052920226282,-0.0721902918961824,0.7429834177855016,0.9841770482629192,-0.01376569199850451,0.17665232349530574,-0.17663504621926387,0.002470595759866194,0.9842733139751935,-0.013985639763927851,-0.9999021961574011,-4.336808689942018e-19,38.08280984618497,-51.92731582259549,0.6534344398479224,397.6764592645471,SLIDING
0.003479982493445277,0.10439947480335832,-6.821069344931888,-3.537541628966916,-9.53701044644973,-7.010359235331023,-3.51508329331508,-9.537711340563792,-7.65664894578628,-3.447146278738269,-10.470466165420474,-6.0600851228804515,-3.6198670414117338,-8.686887880755116,-0.0008914680069940737,-0.0026197942690762512,0.009609472554735295,0.6652349262107619,-0.07196698444727717,0.7431576186105663,0.9841770482629192,-0.01376569199850451,0.17665232349530574,-0.17663504621926387,0.002470595759866194,0.9842733139751935,-0.013985639763927851,-0.9999021961574011,-4.336808689942018e-19,38.095810165648565,-51.94963641899166,0.6574132135070965,398.0819161869819,SLIDING
0.003489982569590211,0.10469947708770633,-6.817127034121799,-3.53972122181474,-9.536598027011367,-7.010359235331023,-3.51508329331508,-9.537711340563792,-7.652409478907135,-3.4495650018761443,-10.470342778764195,-6.056413439883447,-3.6218288520428095,-8.68621223159382,-0.000890699188244628,-0.002610748726313847,0.009612005308160589,0.6649983495932033,-0.07177660423611043,0.7433877279876556,0.9841770482629192,-0.01376569199850451,0.17665232349530574,-0.17663504621926387,0.002470595759866194,0.9842733139751935,-0.013985639763927851,-0.9999021961574011,-4.336808689942018e-19,38.113897084592544,-51.969443840268205,0.6613960037793714,398.48856982497443,SLIDING
0.003499982412904501,0.10499947238713503,-6.813170358592319,-3.541887969861615,-9.53624115723929,-7.010359235331023,-3.51508329331508,-9.537711340563792,-7.648072364475801,-3.451929561687114,-10.470345162881372,-6.052803240023634,-3.623815447736446,-8.68552817989778,-0.000889944869458519,-0.0026016995126645352,0.009614528473883478,0.6646954685217362,-0.07161911918722166,0.7436737429098303,0.9841770482629192,-0.01376569199850451,0.17665232349530574,-0.17663504621926387,0.002470595759866194,0.9842733139751935,-0.013985639763927851,-0.9999021961574011,-4.336808689942018e-19,38.13707310840088,-51.98673737194981,0.6653829416835837,398.8963507442076,SLIDING
0.0035099824890494347,0.10529947467148304,-6.809199437552738,-3.5440418433052185,-9.535939744932564,-7.010359235331023,-3.51508329331508,-9.537711340563792,-7.643637654355266,-3.454239827212098,-10.47047311952716,-6.04925470384434,-3.6258268908164277,-8.684835730043025,-0.0008892050181876958,-0.0025926462388885887,0.009617042160435902,0.6643262293795528,-0.07149460983513735,0.7440155789517231,0.9841770482629192,-0.01376569199850451,0.17665232349530574,-0.17663504621926387,0.002470595759866194,0.9842733139751935,-0.013985639763927851,-0.9999021961574011,-4.336808689942018e-19,38.165336552113516,-52.0015068528429,0.6693739257739448,399.3051963322737,SLIDING
0.0035199823323637247,0.10559946997091174,-6.805214271003055,-3.546182886849034,-9.535693684851738,-7.010359235331023,-3.51508329331508,-9.537711340563792,-7.63910514596804,-3.4564960666991538,-10.470726545732932,-6.045768015838189,-3.627863022398343,-8.684134774722004,-0.0008884796715139549,-0.002583589358723727,0.00961954624183428,0.6638904708874377,-0.07140289820799536,0.7444132379212203,0.9841770482629192,-0.01376569199850451,0.17665232349530574,-0.17663504621926387,0.002470595759866194,0.9842733139751935,-0.013985639763927851,-0.9999021961574011,-4.336808689942018e-19,38.19869275292426,-52.01376852211744,0.6733689752566239,399.71507611624827,SLIDING
0.0035299824085086584,0.10589947225525975,-6.801214799338626,-3.5483110855919007,-9.535502854993554,-7.010359235331023,-3.51508329331508,-9.537711340563792,-7.634474643687541,-3.458698055028893,-10.471105176781542,-6.042343240279279,-3.6299240190322726,-8.683425321904737,-0.0008877687982366083,-0.002574528482600214,0.009622040825789015,0.6633880847534424,-0.07134415166807484,0.7448666061986686,0.9841770482629192,-0.01376569199850451,0.17665232349530574,-0.17663504621926387,0.002470595759866194,0.9842733139751935,-0.013985639763927851,-0.9999021961574011,-4.336808689942018e-19,38.23714193717091,-52.02350738300225,0.6773681701401788,400.1259021661494,SLIDING
0.0035399822518229485,0.10619946755468845,-6.797201082164096,-3.5504264693361405,-9.535367118453594,-7.010359235331023,-3.51508329331508,-9.537711340563792,-7.629745841459847,-3.4608460188571817,-10.471608932648678,-6.038980769787082,-3.6320097312408635,-8.6827071828846,-0.0008870724339840458,-0.002565464064637177,0.009624525787274692,0.6628187798636523,-0.07131821349320062,0.7453757290683657,0.9841770482629192,-0.01376569199850451,0.17665232349530574,-0.17663504621926387,0.002470595759866194,0.9842733139751935,-0.013985639763927851,-0.9999021961574011,-4.336808689942018e-19,38.28069707695011,-52.03074153237534,0.6813714763578194,400.5376782554723,SLIDING
0.003549982327967882,0.10649946983903646,-6.793173119479465,-3.552529045532334,-9.535286323426279,-7.010359235331023,-3.51508329331508,-9.537711340563792,-7.624918614190784,-3.4629398607385284,-10.472237430998888,-6.035680718288142,-3.6341202620062956,-8.681980415805608,-0.0008863905488032228,-0.002556395714940175,0.00962700123317852,0.662182456626101,-0.07132516719490299,0.7459404229971999,0.9841770482629192,-0.01376569199850451,0.17665232349530574,-0.17663504621926387,0.002470595759866194,0.9842733139751935,-0.013985639763927851,-0.9999021961574011,-4.336808689942018e-19,38.32935539918655,-52.03546645130987,0.6853789208289154,400.95026042808627,SLIDING
0.003559982171282172,0.10679946513846517,-6.789130970889377,-3.554618843982804,-9.535260302273544,-7.010359235331023,-3.51508329331508,-9.537711340563792,-7.619992657155222,-3.4649796894151983,-10.472990459754904,-6.032443477191767,-3.6362555692382177,-8.681244893501646,-0.0008857231768685521,-0.0025473238880032367,0.009629467039434805,0.661478824984773,-0.07136494992625815,0.7465606526055246,0.9841770482629192,-0.01376569199850451,0.17665232349530574,-0.17663504621926387,0.002470595759866194,0.9842733139751935,-0.013985639763927851,-0.9999021961574011,-4.336808689942018e-19,38.38312750619567,-52.0376941824417,0.6893904749158466,401.3636288861612,SLIDING
0.003569982247427106,0.10709946742281318,-6.785074695998477,-3.5566958795887116,-9.535288871524843,-7.010359235331023,-3.51508329331508,-9.537711340563792,-7.614967614611776,-3.4669656345840716,-10.473867794553186,-6.029269484369109,-3.6384155632903243,-8.68050046974448,-0.0008850702894751942,-0.002538248193613025,0.009631923312106412,0.6607075542677779,-0.07143747029427204,0.7472363853369605,0.9841770482629192,-0.01376569199850451,0.17665232349530574,-0.17663504621926387,0.002470595759866194,0.9842733139751935,-0.013985639763927851,-0.9999021961574011,-4.336808689942018e-19,38.44202592346107,-52.03744104682589,0.6934061125727133,401.77776509753613,SLIDING
0.003579982090741396,0.10739946272224188,-6.781004175597476,-3.55876019705354,-9.535371832808467,-7.010359235331023,-3.51508329331508,-9.537711340563792,-7.609843126845809,-3.4688975819507943,-10.47486897026371,-6.026158839645393,-3.640600433669593,-8.679747189106191,-0.0008844319193431317,-0.002529169086631958,0.00963436992808921,0.6598684530001734,-0.07154285488283285,0.7479674088156328,0.9841770482629192,-0.01376569199850451,0.17665232349530574,-0.17663504621926387,0.002470595759866194,0.9842733139751935,-0.013985639763927851,-0.9999021961574011,-4.336808689942018e-19,38.506051451836406,-52.034703306723436,0.6974259867807611,402.1925339285563,SLIDING
0.0035899821668863297,0.10769946500658989,-6.776954516822147,-3.5608473281961563,-9.53532621197215,-7.010359235331023,-3.51508329331508,-9.537711340563792,-7.604892440311445,-3.4708610587140996,-10.475605656679448,-6.022929770443522,-3.6428001800933236,-8.678989100570803,-0.0008838080390161734,-0.0025200861765332155,0.009636806992619791,0.6591511124449679,-0.07164130057467676,0.7485902317119361,0.9841770482629192,-0.01376569199850451,0.17665232349530574,-0.17663504621926387,0.002470595759866194,0.9842733139751935,-0.013985639763927851,-0.9999021961574011,-4.336808689942018e-19,38.56073901654211,-52.03158563430733,0.701448357831941,401.63217068553337,SLIDING
0.0035999820102006197,0.10799946030601859,-6.773031160289096,-3.563062214444268,-9.53461121141723,-7.010359235331023,-3.51508329331508,-9.537711340563792,-7.600940719593289,-3.4731126417400775,-10.474919141815143,-6.019032245916559,-3.6449816456249313,-8.678248157351547,-0.0008831986797595596,-0.0025109999185411627,0.00963923438355743,0.6591285306986375,-0.07161208495202248,0.7486129101931651,0.9841770482629192,-0.01376569199850451,0.17665232349530574,-0.17663504621926387,0.002470595759866194,0.9842733139751935,-0.013985639763927851,-0.9999021961574011,-4.336808689942018e-19,38.562450512377985,-52.03447110989367,0.705466431235152,401.9891788988378,SLIDING
0.0036099818535149097,0.10829945560544729,-6.769093975478458,-3.56526462096988,-9.533950223846348,-7.010359235331023,-3.51508329331508,-9.537711340563792,-7.596889832814859,-3.475311152561543,-10.474357880176377,-6.015198612465261,-3.647187600070318,-8.677496346762974,-0.0008826038290464869,-0.002501910133503343,0.009641652149129583,0.6590380084789988,-0.07161518646198962,0.748692305588918,0.9841770482629192,-0.01376569199850451,0.17665232349530574,-0.17663504621926387,0.002470595759866194,0.9842733139751935,-0.013985639763927851,-0.9999021961574011,-4.336808689942018e-19,38.56934549887003,-52.034937510028314,0.7094884008006375,402.3985444147181,SLIDING
0.0036199819296598434,0.1085994578897953,-6.765142843180942,-3.5674545179706696,-9.533343290237697,-7.010359235331023,-3.51508329331508,-9.537711340563792,-7.592739712582765,-3.4774568191655346,-10.473921837703147,-6.011428703690242,-3.6494177788516398,-8.67673377812253,-0.000882023475644628,-0.0024928166419527966,0.00964406033670523,0.6588795870385515,-0.07165039986921047,0.7488283581585902,0.9841770482629192,-0.01376569199850451,0.17665232349530574,-0.17663504621926387,0.002470595759866194,0.9842733139751935,-0.013985639763927851,-0.9999021961574011,-4.336808689942018e-19,38.581419128983086,-52.0330039800454,0.7135143762022995,402.79879809432316,SLIDING
0.0036299817729741335,0.108899453189224,-6.761177763396549,-3.5696318607431534,-9.532790550289663,-7.010359235331023,-3.51508329331508,-9.537711340563792,-7.588490627506917,-3.479549605321221,-10.473610820118992,-6.007722274961421,-3.6516721295491457,-8.67596089528824,-0.0008814576486425213,-0.002483719899643082,0.009646458825587652,0.6586534802272898,-0.07171771842830177,0.7490208020128134,0.9841770482629192,-0.01376569199850451,0.17665232349530574,-0.17663504621926387,0.002470595759866194,0.9842733139751935,-0.013985639763927851,-0.9999021961574011,-4.336808689942018e-19,38.59865229378948,-52.0286712124278,0.717544332146721,403.19572362014577,SLIDING
0.003639981849119067,0.10919945547357202,-6.757198795729923,-3.571796671639073,-9.53229181401244,-6.764168036663136,-3.518526771518099,-9.493521885683151,-7.584142384044065,-3.481589517729419,-10.473424715953385,-6.004079616431861,-3.653950688768286,-8.675177436760734,-0.0008809063237004233,-0.0024746195152894547,0.009648847718945919,0.6583594865050851,-0.0718171545995278,0.7492696996636046,0.9726630188025028,-0.07911418655418857,0.21832910328188262,-0.21761045373444826,0.017699936874421715,0.9758751983015702,-0.08106998383797462,-0.9967084115831022,0.0,35.94009907588737,-56.00059183132141,0.7233633018094991,415.0782179785824,SLIDING
0.0036499816924333572,0.10949945077300072,-6.753205880576419,-3.5739489804607514,-9.531846928669127,-6.764168036663136,-3.518526771518099,-9.493521885683151,-7.579694702300177,-3.4835766638658816,-10.473363386276262,-6.000500869120231,-3.6562534155721553,-8.674383237228863,-0.0008803695284509129,-0.002465515944991614,0.009651226897051009,0.657997430491644,-0.07194864654428079,0.7495750621030826,0.9726630188025028,-0.07911418655418857,0.21832910328188262,-0.21761045373444826,0.017699936874421715,0.9758751983015702,-0.08106998383797462,-0.9967084115831022,0.0,35.966943737091654,-55.986083689332446,0.7275144722962388,415.15668130865083,SLIDING
0.003659981768578291,0.10979945305734873,-6.749199137145328,-3.576088787208188,-9.531455743385466,-6.764168036663136,-3.518526771518099,-9.493521885683151,-7.575147484919413,-3.485511093141731,-10.473426643218893,-5.9969863494673525,-3.6585802649607513,-8.673578179510201,-0.0008798472398039904,-0.0024564087971705906,0.0096535964622406,0.657567139771692,-0.07211215492459179,0.749936859878622,0.9726630188025028,-0.07911418655418857,0.21832910328188262,-0.21761045373444826,0.017699936874421715,0.9758751983015702,-0.08106998383797462,-0.9967084115831022,0.0,35.99879306862266,-55.968159300654925,0.7316663796598952,415.2365945349383,SLIDING
0.003669981611892581,0.11009944835677743,-6.7451804727852815,-3.5782182376485947,-9.531107413841399,-6.764168036663136,-3.518526771518099,-9.493521885683151,-7.570515324262829,-3.487398310646452,-10.473592581778801,-5.993526412248891,-3.660930323278528,-8.672761492537793,-0.0008793394839360096,-0.002447298528265293,0.009655956295755353,0.6570787133391413,-0.07230500526336489,0.7503462871837533,0.9726630188025028,-0.07911418655418857,0.21832910328188262,-0.21761045373444826,0.017699936874421715,0.9758751983015702,-0.08106998383797462,-0.9967084115831022,0.0,36.03488675416366,-55.94713870013458,0.7358197060842961,416.304716636781,SLIDING
0.0036799816880375147,0.11039945064112544,-6.741220340186405,-3.58040882755338,-9.530435997320327,-6.764168036663136,-3.518526771518099,-9.493521885683151,-7.5663605834983,-3.489441456776582,-10.473077331183465,-5.9897435144022655,-3.663255194089689,-8.671947851618967,-0.0008788462390071707,-0.00243818474640866,0.009658306499099878,0.6569237787900145,-0.07242239054712793,0.7504706164852077,0.9726630188025028,-0.07911418655418857,0.21832910328188262,-0.21761045373444826,0.017699936874421715,0.9758751983015702,-0.08106998383797462,-0.9967084115831022,0.0,36.04601444887835,-55.93500589639422,0.7399914771181422,417.2518293552911,SLIDING
0.0036899815313518047,0.11069944594055414,-6.737249299937534,-3.582589731703389,-9.529804443268093,-6.764168036663136,-3.518526771518099,-9.493521885683151,-7.562124868421562,-3.491439297069875,-10.47265971464881,-5.986013520449612,-3.6656028192875154,-8.671121459067546,-0.0008783675297369562,-0.0024290679083720738,0.009660646954485888,0.6567130616549792,-0.07256813425735012,0.7506409398255267,0.9726630188025028,-0.07911418655418857,0.21832910328188262,-0.21761045373444826,0.017699936874421715,0.9758751983015702,-0.08106998383797462,-0.9967084115831022,0.0,36.06122471620124,-55.91986802467666,0.7441643882020745,417.3314971167287,SLIDING
0.0036999816074967384,0.11099944822490215,-6.733264431411075,-3.5847582082849625,-9.529226432813319,-6.764168036663136,-3.518526771518099,-9.493521885683151,-7.557789470645062,-3.493385061421425,-10.472366706417718,-5.982347888089734,-3.667974125728665,-8.670283889624914,-0.0008779033355361027,-0.00241994762200572,0.00966297776258396,0.6564339927313868,-0.07274544346135017,0.7508678403303349,0.9726630188025028,-0.07911418655418857,0.21832910328188262,-0.21761045373444826,0.017699936874421715,0.9758751983015702,-0.08106998383797462,-0.9967084115831022,0.0,36.081453021709855,-55.901364351480694,0.7483380762176424,417.407840347545,SLIDING
0.0037099814508110285,0.11129944352433085,-6.729265853816318,-3.586914302001584,-9.528701727537426,-6.764168036663136,-3.518526771518099,-9.493521885683151,-7.553354162482357,-3.4952788094588825,-10.47219818434717,-5.978747052458945,-3.6703691445247917,-8.6694347989773,-0.0008774536796671944,-0.0024108243444071124,0.009665298806578616,0.6560862958430884,-0.07295430627746216,0.7511514105707786,0.9726630188025028,-0.07911418655418857,0.21832910328188262,-0.21761045373444826,0.017699936874421715,0.9758751983015702,-0.08106998383797462,-0.9967084115831022,0.0,36.106716322579516,-55.8795058905453,0.7525124808047732,417.48539510893573,SLIDING
0.0037199812941253185,0.11159943882375956,-6.725236877852725,-3.5890418525439385,-9.528293739331874,-6.764168036663136,-3.518526771518099,-9.493521885683151,-7.548902815240528,-3.4971366834012114,-10.472132725313092,-5.975102741078184,-3.6727422966082393,-8.6687148604862,-0.0008770185527536856,-0.0024016978956811433,0.00966761013260234,0.6557500309009767,-0.07316900550292828,0.751424110344538,0.9726630188025028,-0.07911418655418857,0.21832910328188262,-0.21761045373444826,0.017699936874421715,0.9758751983015702,-0.08106998383797462,-0.9967084115831022,0.0,36.131069629244884,-55.857155920801006,0.7566887118577821,418.09575994749326,SLIDING
0.0037299813702702522,0.11189944110810757,-6.721350356990146,-3.590719753096688,-9.527096367700013,-6.764168036663136,-3.518526771518099,-9.493521885683151,-7.546241984410432,-3.4978287081413493,-10.469767691526696,-5.970099952208474,-3.6753180600785766,-8.668580909353569,-0.0008765979467148285,-0.002392568095649907,0.009669911785920868,0.6567258467508159,-0.07395389664051144,0.7504944925721364,0.9726630188025028,-0.07911418655418857,0.21832910328188262,-0.21761045373444826,0.017699936874421715,0.9758751983015702,-0.08106998383797462,-0.9967084115831022,0.0,36.052454425755144,-55.785035549157946,0.760863153784646,417.3584709126446,NONE
0.0037399812135845423,0.11219943640753627,-6.717479094916629,-3.592372381280053,-9.525825438348564,-6.764168036663136,-3.518526771518099,-9.493521885683151,-7.543522619627383,-3.4983845766448014,-10.467378706012914,-5.965179627110233,-3.677969536020961,-8.668328223025325,-0.0008761918826335239,-0.002383435401886364,0.009672203651176551,0.6576429135488124,-0.07482706640673312,0.7496043679114951,0.9726630188025028,-0.07911418655418857,0.21832910328188262,-0.21761045373444826,0.017699936874421715,0.9758751983015702,-0.08106998383797462,-0.9967084115831022,0.0,35.97774198887445,-55.7037778991917,0.7650368144396893,417.37151173410547,NONE
0.003749981289729476,0.11249943869188428,-6.713607713633823,-3.5940249275070313,-9.524554680360469,-6.764168036663136,-3.518526771518099,-9.493521885683151,-7.540637213463146,-3.49888436272997,-10.46512612758396,-5.960410292469303,-3.6806719310939737,-8.667951634621572,-0.0008758003430413442,-0.002374299421559972,0.009674485826952517,0.6584278837474344,-0.07574482015166827,0.7488227054009958,0.9726630188025028,-0.07911418655418857,0.21832910328188262,-0.21761045373444826,0.017699936874421715,0.9758751983015702,-0.08106998383797462,-0.9967084115831022,0.0,35.91278932356022,-55.61733682439358,0.7692105471476793,417.38450529799366,NONE
0.003759981133043766,0.11279943399131298,-6.709736093932437,-3.595677391777623,-9.523284090010437,-6.764168036663136,-3.518526771518099,-9.493521885683151,-7.537585835604007,-3.4993283859318183,-10.4630105620612,-5.955791657044248,-3.683424954288757,-8.66745058528692,-0.0008754233475631776,-0.0023651606125536244,0.009676758198867954,0.6590809077332331,-0.0767069034820578,0.7481499903226169,0.9726630188025028,-0.07911418655418857,0.21832910328188262,-0.21761045373444826,0.017699936874421715,0.9758751983015702,-0.08106998383797462,-0.9967084115831022,0.0,35.8576195148344,-55.525776139084385,0.7733844686724218,417.3974874919721,NONE
0.0037699812091886997,0.11309943627566099,-6.705839023047733,-3.597307005117524,-9.52211342312208,-6.764168036663136,-3.518526771518099,-9.493521885683151,-7.534489409096397,-3.4997428858716906,-10.461008490913642,-5.951165418360545,-3.6861612032196653,-8.667037100027642,-0.0008750608799822566,-0.002356018581773467,0.00967902086466689,0.6597183294732719,-0.07767429889498947,0.7474880795358331,0.9726630188025028,-0.07911418655418857,0.21832910328188262,-0.21761045373444826,0.017699936874421715,0.9758751983015702,-0.08106998383797462,-0.9967084115831022,0.0,35.80359024680187,-55.433385050369125,0.7775595215893869,417.6056012724242,NONE
0.0037799810525029898,0.1133994315750897,-6.701916620188999,-3.5989136855703476,-9.52104243010095,-6.764168036663136,-3.518526771518099,-9.493521885683151,-7.5313473039062995,-3.500128507502865,-10.459120463895879,-5.94653237798298,-3.688879933914646,-8.666710201261182,-0.0008747129584651817,-0.0023468737874059787,0.00968127371094706,0.6603395524680498,-0.07864642767157543,0.7468376094311238,0.9726630188025028,-0.07911418655418857,0.21832910328188262,-0.21761045373444826,0.017699936874421715,0.9758751983015702,-0.08106998383797462,-0.9967084115831022,0.0,35.75075371002025,-55.34022241875399,0.7817356379579259,417.6184699832031,NONE
0.0037899811286479235,0.1136994338594377,-6.697994098120975,-3.6005202840667847,-9.519971610305818,-6.764168036663136,-3.518526771518099,-9.493521885683151,-7.5280394101453805,-3.500459457007409,-10.457370553584845,-5.942050097821707,-3.6916482993507187,-8.66625784698079,-0.000874379568046995,-0.002337725836099652,0.009683516834611595,0.6608288801348641,-0.07966201764304573,0.7462969610850233,0.9726630188025028,-0.07911418655418857,0.21832910328188262,-0.21761045373444826,0.017699936874421715,0.9758751983015702,-0.08106998383797462,-0.9967084115831022,0.0,35.70775318393995,-55.24210997001324,0.7859118259727413,417.63132898979114,NONE
0.0037999809719622135,0.1139994291588664,-6.694051668101596,-3.6021090831261757,-9.518978323115023,-6.764168036663136,-3.518526771518099,-9.493521885683151,-7.52465955609638,-3.500755415100735,-10.455739839385183,-5.93759531513512,-3.694414522530793,-8.66584508125792,-0.0008740607254357682,-0.002328575186337786,0.009685750123238681,0.6612767670671921,-0.08069129476252415,0.7457894825530258,0.9726630188025028,-0.07911418655418857,0.21832910328188262,-0.21761045373444826,0.017699936874421715,0.9758751983015702,-0.08106998383797462,-0.9967084115831022,0.0,35.66785058967981,-55.14230972809876,0.7900890419036575,417.768898733329,NONE
0.003809981048107147,0.11429943144321442,-6.690098032409,-3.603687712143052,-9.518028951508912,-6.764168036663136,-3.518526771518099,-9.493521885683151,-7.521166890518831,-3.5010085569721765,-10.454237107935436,-5.933221861888301,-3.6972003073987416,-8.66539966895107,-0.0008737564169183843,-0.002319421444516785,0.009687973672889549,0.6616437619293879,-0.08174656267773536,0.7453489329101521,0.9726630188025028,-0.07911418655418857,0.21832910328188262,-0.21761045373444826,0.017699936874421715,0.9758751983015702,-0.08106998383797462,-0.9967084115831022,0.0,35.63400819864034,-55.03951412760188,0.7942667645336474,417.7997871247043,SLIDING
0.0038199808914214373,0.11459942674264312,-6.68612663453226,-3.6052503969174508,-9.517148829324158,-6.764168036663136,-3.518526771518099,-9.493521885683151,-7.517592396755331,-3.501224976394632,-10.452855816645506,-5.928888993042746,-3.699989071280955,-8.664975974593455,-0.0008734666577443656,-0.002310265069410405,0.00969018737212383,0.6619597515469104,-0.08281837286930115,0.7449499341883548,0.9726630188025028,-0.07911418655418857,0.21832910328188262,-0.21761045373444826,0.017699936874421715,0.9758751983015702,-0.08106998383797462,-0.9967084115831022,0.0,35.60399897920507,-54.93477279990092,0.7984453832034468,417.8721163792481,SLIDING
0.003829980967566371,0.11489942902699113,-6.682141587191867,-3.6068008627396706,-9.516321650965127,-6.764168036663136,-3.518526771518099,-9.493521885683151,-7.513916179318559,-3.5014009398458605,-10.451600246963446,-5.924622686222452,-3.702791332403619,-8.66453894342968,-0.0008731914354526471,-0.0023011056671686254,0.009692391316159572,0.6622056221233781,-0.08391266356573276,0.7446088764724028,0.9726630188025028,-0.07911418655418857,0.21832910328188262,-0.21761045373444826,0.017699936874421715,0.9758751983015702,-0.08106998383797462,-0.9967084115831022,0.0,35.57926349545495,-54.82747757000194,0.8026247523313099,417.9648181149847,SLIDING
0.003839980810880661,0.11519942432641983,-6.678142830783176,-3.6083389829498413,-9.515547919346007,-6.764168036663136,-3.518526771518099,-9.493521885683151,-7.510138984430357,-3.5015366708934637,-10.450470287482444,-5.920422147935488,-3.7056066451455347,-8.664089637852163,-0.0008729307638341286,-0.0022919436968490696,0.009694585394539733,0.6623820152061953,-0.08502915593836304,0.744325270679284,0.9726630188025028,-0.07911418655418857,0.21832910328188262,-0.21761045373444826,0.017699936874421715,0.9758751983015702,-0.08106998383797462,-0.9967084115831022,0.0,35.559762508097286,-54.71769406255091,0.8068048100710765,418.045625247048,SLIDING
0.003849980654194951,0.11549941962584853,-6.674130186492252,-3.6098646234375122,-9.5148281336557,-6.764168036663136,-3.518526771518099,-9.493521885683151,-7.506261393124184,-3.5016327541867507,-10.449465863160508,-5.916286507355005,-3.7084342208029177,-8.663629080016907,-0.0008726846372405638,-0.0022827789777788198,0.009696769650895394,0.6624895357371582,-0.08616727775673635,0.7440986596431673,0.9726630188025028,-0.07911418655418857,0.21832910328188262,-0.21761045373444826,0.017699936874421715,0.9758751983015702,-0.08106998383797462,-0.9967084115831022,0.0,35.54545980077921,-54.60551825982385,0.8109856107509437,418.121203050195,SLIDING
0.0038599807303398848,0.11579942191019654,-6.670103654319095,-3.6113778140050057,-9.514162152333173,-6.764168036663136,-3.518526771518099,-9.493521885683151,-7.502283221473435,-3.501689183215326,-10.448586970214437,-5.9122159319877765,-3.711274122249033,-8.663157002885008,-0.0008724530513213042,-0.0022736113290389368,0.009698944127981293,0.6625280372856911,-0.08732705793071145,0.7439291530539291,0.9726630188025028,-0.07911418655418857,0.21832910328188262,-0.21761045373444826,0.017699936874421715,0.9758751983015702,-0.08106998383797462,-0.9967084115831022,0.0,35.53637227572628,-54.49098674732645,0.8151671876355913,418.1977629380815,SLIDING
0.003869980573654175,0.11609941720962524,-6.666063234263706,-3.61287853230058,-9.513549967927846,-6.764168036663136,-3.518526771518099,-9.493521885683151,-7.498204407569986,-3.5017062119233464,-10.447833624456484,-5.908210478215153,-3.714126075502229,-8.66267337781981,-0.000872236017685042,-0.002264441210100177,0.009701108716814011,0.6624974705645136,-0.08850827649120113,0.7438167694319471,0.9726630188025028,-0.07911418655418857,0.21832910328188262,-0.21761045373444826,0.017699936874421715,0.9758751983015702,-0.08106998383797462,-0.9967084115831022,0.0,35.53250945033317,-54.37416268560275,0.8193495405833549,418.2756928628571,SLIDING
0.0038799806497991085,0.11639941949397326,-6.6620089263260835,-3.614366778324235,-9.512991572989138,-6.764168036663136,-3.518526771518099,-9.493521885683151,-7.494025029185053,-3.5016840885816496,-10.447205672648249,-5.904270075208853,-3.716989854455754,-8.66217833014352,-0.0008720335269949577,-0.002255268226521496,0.009703263510501733,0.6623978974900834,-0.08971073578087689,0.7437613927103035,0.9726630188025028,-0.07911418655418857,0.21832910328188262,-0.21761045373444826,0.017699936874421715,0.9758751983015702,-0.08106998383797462,-0.9967084115831022,0.0,35.53387090684148,-54.25510885699124,0.8235326712209172,418.3549606255177,SLIDING
0.0038899804931133986,0.11669941479340196,-6.657940730506229,-3.6158425409000996,-9.512486930264147,-6.764168036663136,-3.518526771518099,-9.493521885683151,-7.489744857316196,-3.5016229721209307,-10.446703154013202,-5.9003949315273925,-3.719865293013232,-8.661671752954199,-0.0008718455894004719,-0.0022460928380409867,0.009705408401048275,0.662229135745335,-0.09093430037179204,0.7437630837745846,0.9726630188025028,-0.07911418655418857,0.21832910328188262,-0.21761045373444826,0.017699936874421715,0.9758751983015702,-0.08106998383797462,-0.9967084115831022,0.0,35.54047334918607,-54.13388306523513,0.8277165867974983,418.43563280051205,SLIDING
0.0038999805692583323,0.11699941707774997,-6.653858587199497,-3.617305816302884,-9.51203600622526,-6.764168036663136,-3.518526771518099,-9.493521885683151,-7.485363874727398,-3.5015231839314893,-10.446325847142107,-5.896584948979909,-3.722752091358092,-8.661153783832946,-0.0008716721968174049,-0.0022369146499907093,0.009707543480713574,0.6619912190614538,-0.09217871142775126,0.7438216930454837,0.9726630188025028,-0.07911418655418857,0.21832910328188262,-0.21761045373444826,0.017699936874421715,0.9758751983015702,-0.08106998383797462,-0.9967084115831022,0.0,35.5523162448058,-54.010557091518145,0.8319013523136629,418.5177804072106,SLIDING
0.003909980412572622,0.11729941237717867,-6.649762556010532,-3.618756608257878,-9.511638733817252,-6.764168036663136,-3.518526771518099,-9.493521885683151,-7.480881865710268,-3.5013848990825434,-10.446073719739562,-5.892840437905838,-3.7256500971682236,-8.660624324067857,-0.000871513357935672,-0.00222773412236991,0.009709668642490508,0.6616839282518456,-0.09344383253570006,0.7439372481965444,0.9726630188025028,-0.07911418655418857,0.21832910328188262,-0.21761045373444826,0.017699936874421715,0.9758751983015702,-0.08106998383797462,-0.9967084115831022,0.0,35.56941651634836,-53.88519168813228,0.8360869247290097,418.6013988162739,SLIDING
0.003919980488717556,0.11759941466152668,-6.645652636939334,-3.6201949204903725,-9.511295038534316,-6.764168036663136,-3.518526771518099,-9.493521885683151,-7.476298734971559,-3.501208268898527,-10.445946526819085,-5.889161485091234,-3.7285591797465107,-8.660083454414341,-0.0008713690659239583,-0.0022185508602894375,0.00971178397778964,0.6613071874501355,-0.09472954618665994,0.7441096135019769,0.9726630188025028,-0.07911418655418857,0.21832910328188262,-0.21761045373444826,0.017699936874421715,0.9758751983015702,-0.08106998383797462,-0.9967084115831022,0.0,35.5917786828949,-53.757847181155455,0.8402733206050446,418.68652211573004,SLIDING
0.00392998056486249,0.11789941694587469,-6.641528770381259,-3.6216207604509476,-9.511004827244195,-6.764168036663136,-3.518526771518099,-9.493521885683151,-7.471614166653217,-3.5009937035194967,-10.445944138653346,-5.885548264308144,-3.7314789798036854,-8.659531115068232,-0.0008712393251625154,-0.002209365110103175,0.00971388942949886,0.6608607926437807,-0.09603553178507863,0.7443387598271308,0.9726630188025028,-0.07911418655418857,0.21832910328188262,-0.21761045373444826,0.017699936874421715,0.9758751983015702,-0.08106998383797462,-0.9967084115831022,0.0,35.61941678737336,-53.628605063929044,0.844460618839932,418.7731093903516,SLIDING
0.003939980175346136,0.11819940526038408,-6.637391015940952,-3.6230341393154744,-9.51076799563876,-6.764168036663136,-3.518526771518099,-9.493521885683151,-7.4668279450298805,-3.500741360907159,-10.446066357124995,-5.882001085911458,-3.7344093748339127,-8.658967287155912,-0.0008711241411353166,-0.002200177332361801,0.009715984892787754,0.6603445246326762,-0.09736167246948084,0.7446246124871179,0.9726630188025028,-0.07911418655418857,0.21832910328188262,-0.21761045373444826,0.017699936874421715,0.9758751983015702,-0.08106998383797462,-0.9967084115831022,0.0,35.65234365655998,-53.49752779770178,0.848648785116108,418.8612404561331,SLIDING
0.00394998025149107,0.1184994075447321,-6.633239433223056,-3.624435071985114,-9.510584420783433,-6.764168036663136,-3.518526771518099,-9.493521885683151,-7.4619398168388535,-3.50045155403483,-10.446312976219161,-5.8785202944423,-3.737350108276239,-8.658391923406203,-0.0008710235035252437,-0.002190986703999039,0.009718070555372868,0.6597581343318971,-0.09870773093392037,0.7449671053387331,0.9726630188025028,-0.07911418655418857,0.21832910328188262,-0.21761045373444826,0.017699936874421715,0.9758751983015702,-0.08106998383797462,-0.9967084115831022,0.0,35.690573655130784,-53.364690752373235,0.8528377894774284,418.9509391359701,SLIDING
0.0039599803276360035,0.1187994098290801,-6.629073962622928,-3.625823577086318,-9.51045396111718,-6.764168036663136,-3.518526771518099,-9.493521885683151,-7.456949459890988,-3.5001243637891197,-10.446683653439402,-5.8751060694386075,-3.740301142055158,-8.65780506525521,-0.0008709374183945186,-0.002181793685468685,0.009720146312030362,0.659101412688492,-0.1000736576108493,0.7453660784100796,0.9726630188025028,-0.07911418655418857,0.21832910328188262,-0.21761045373444826,0.017699936874421715,0.9758751983015702,-0.08106998383797462,-0.9967084115831022,0.0,35.734115794354395,-53.230151645364636,0.8570277222796392,419.0422010269426,SLIDING
0.00396997993811965,0.1190993981435895,-6.625016972476291,-3.6269930984479073,-9.509769070221099,-6.764168036663136,-3.518526771518099,-9.493521885683151,-7.452744838554108,-3.4990562334922255,-10.445826176539784,-5.871183530882631,-3.743508551374773,-8.657277352951695,-0.0008708658890392021,-0.0021725987376790892,0.009722212059419552,0.6589838781964491,-0.1018551324510614,0.7452286764950371,0.9726630188025028,-0.07911418655418857,0.21832910328188262,-0.21761045373444826,0.017699936874421715,0.9758751983015702,-0.08106998383797462,-0.9967084115831022,0.0,35.734447423270744,-53.05448357964175,0.8612158639092851,418.7012597710125,SLIDING
0.003979980014264584,0.11939940042793751,-6.620993480140018,-3.6280720729035023,-9.508905588908108,-6.764168036663136,-3.518526771518099,-9.493521885683151,-7.448776521244808,-3.4976854411126013,-10.444575793144443,-5.867109789204541,-3.7468185926340585,-8.656766233496086,-0.0008708089090501537,-0.002163401036921835,0.00972426798259668,0.6590278050167777,-0.10380547980060717,0.7449206498534822,0.9726630188025028,-0.07911418655418857,0.21832910328188262,-0.21761045373444826,0.017699936874421715,0.9758751983015702,-0.08106998383797462,-0.9967084115831022,0.0,35.72171397761733,-52.86192740083992,0.8654032513983463,418.77850374334685,SLIDING
0.003989980090409517,0.11969940271228552,-6.61695669596796,-3.6291390891772393,-9.50809354640356,-6.764168036663136,-3.518526771518099,-9.493521885683151,-7.444702878777585,-3.4962791542551828,-10.443448378818902,-5.863106572847019,-3.750138110832489,-8.656241408366888,-0.0008707664823016028,-0.002154201044012071,0.009726313977827014,0.6589984608044028,-0.10577456524054439,0.7446695710216726,0.9726630188025028,-0.07911418655418857,0.21832910328188262,-0.21761045373444826,0.017699936874421715,0.9758751983015702,-0.08106998383797462,-0.9967084115831022,0.0,35.714606187541314,-52.66747001980379,0.8695913907137776,418.86030333510735,SLIDING
0.003999980166554451,0.11999940499663353,-6.612906441146182,-3.630194057862151,-9.507333277983578,-6.764168036663136,-3.518526771518099,-9.493521885683151,-7.440524298322295,-3.494837699218842,-10.442443702823436,-5.859173187539874,-3.7534666379689066,-8.655703728325687,-0.0008707386089452744,-0.0021449987916383425,0.00972835003784023,0.6588962961593423,-0.10776205781252678,0.744474989374062,0.9726630188025028,-0.07911418655418857,0.21832910328188262,-0.21761045373444826,0.017699936874421715,0.9758751983015702,-0.08106998383797462,-0.9967084115831022,0.0,35.7130961722696,-52.47121893466387,0.8737803755073816,418.9429982780592,SLIDING
0.004009979777038097,0.12029939331114292,-6.608842715674686,-3.631236982683528,-9.50662471286765,-6.764168036663136,-3.518526771518099,-9.493521885683151,-7.436240704992743,-3.4933613705610873,-10.441561636323147,-5.855309701483922,-3.7568039129000836,-8.655153175463607,-0.0008707252893592754,-0.0021357947411628298,0.009730376061287412,0.658721251462009,-0.10976772597458187,0.7443368586914758,0.9726630188025028,-0.07911418655418857,0.21832910328188262,-0.21761045373444826,0.017699936874421715,0.9758751983015702,-0.08106998383797462,-0.9967084115831022,0.0,35.7171930269995,-52.27327354459831,0.8779702215273293,419.02708119055274,SLIDING
0.004019979853183031,0.12059939559549093,-6.604765579158115,-3.6322678710919503,-9.505967769099387,-6.764168036663136,-3.518526771518099,-9.493521885683151,-7.431851855484192,-3.4918507057594472,-10.440802235290693,-5.8515164501513155,-3.760149460367181,-8.654589542208674,-0.00087072652235042,-0.0021265880680610473,0.009732392229665302,0.6584730855553649,-0.11179114775322245,0.7442552887841744,0.9726630188025028,-0.07911418655418857,0.21832910328188262,-0.21761045373444826,0.017699936874421715,0.9758751983015702,-0.08106998383797462,-0.9967084115831022,0.0,35.72691901869728,-52.07375367255978,0.8821608892813,419.1125985443066,SLIDING
0.004029979929327965,0.12089939787983894,-6.6006749719918245,-3.6332867342632893,-9.505362338645371,-6.764168036663136,-3.518526771518099,-9.493521885683151,-7.427357581168777,-3.490305775126464,-10.440165246746771,-5.84779347322771,-3.7635032376887554,-8.654012852533482,-0.0008707423088754364,-0.0021173792336074033,0.009734398441229654,0.6581517116421112,-0.11383227606762135,0.7442301642555376,0.9726630188025028,-0.07911418655418857,0.21832910328188262,-0.21761045373444826,0.017699936874421715,0.9758751983015702,-0.08106998383797462,-0.9967084115831022,0.0,35.742281281008324,-51.87274278264466,0.8863524612155338,419.19960259624685,SLIDING
0.0040399800054728985,0.12119940016418695,-6.5965710133851045,-3.634293587098706,-9.504808298571023,-6.764168036663136,-3.518526771518099,-9.493521885683151,-7.422757738746344,-3.4887271940314237,-10.439650578333971,-5.844141128996619,-3.7668647129039217,-8.653422955656017,-0.0008707726488779113,-0.002108168270521818,0.00973639468885232,0.6577569207290519,-0.11589063286354086,0.7442615094491476,0.9726630188025028,-0.07911418655418857,0.21832910328188262,-0.21761045373444826,0.017699936874421715,0.9758751983015702,-0.08106998383797462,-0.9967084115831022,0.0,35.763296633904844,-51.670368128784474,0.8905448493986547,419.28807372991764,SLIDING
0.004049979615956545,0.12149938847869635,-6.59245364373331,-3.6352884519499424,-9.504305518491181,-6.764168036663136,-3.518526771518099,-9.493521885683151,-7.4180519299872225,-3.4871151228432176,-10.439258085342658,-5.840559666248076,-3.7702337826685914,-8.652819734236799,-0.0008708175398186056,-0.0020989556405937317,0.009738380873181681,0.6572884432246445,-0.11796610826057248,0.7443493129607752,0.9726630188025028,-0.07911418655418857,0.21832910328188262,-0.21761045373444826,0.017699936874421715,0.9758751983015702,-0.08106998383797462,-0.9967084115831022,0.0,35.789983234549695,-51.46672149514555,0.8947381420411116,419.3780504883157,SLIDING
0.004059979692101479,0.12179939076304436,-6.588322863036441,-3.63627134744345,-9.503853838218363,-6.764168036663136,-3.518526771518099,-9.493521885683151,-7.413239898962235,-3.485469991467765,-10.438987520031521,-5.837049318063484,-3.7736100910462347,-8.652203107825905,-0.0008708769857198514,-0.002089740518530338,0.009740357172144859,0.6567460753744794,-0.1200583748243624,0.7444935050856737,0.9726630188025028,-0.07911418655418857,0.21832910328188262,-0.21761045373444826,0.017699936874421715,0.9758751983015702,-0.08106998383797462,-0.9967084115831022,0.0,35.822353531452805,-51.26191652368519,0.8989323755901104,419.4695749751417,SLIDING
0.004069979768246412,0.12209939304739237,-6.584178730899143,-3.6372423033815506,-9.503453090114506,-6.764168036663136,-3.518526771518099,-9.493521885683151,-7.408321255691313,-3.483792182864877,-10.43883874711847,-5.833610553496059,-3.776993346209401,-8.65157287931784,-0.000870950984621021,-0.0020805233660383463,0.009742323485993666,0.6561294592480227,-0.12216715139355175,0.7446941115835967,0.9726630188025028,-0.07911418655418857,0.21832910328188262,-0.21761045373444826,0.017699936874421715,0.9758751983015702,-0.08106998383797462,-0.9967084115831022,0.0,35.86042987513563,-51.05606326275848,0.9031275310284723,419.5626327161576,SLIDING
0.004079979378730059,0.12239938136190176,-6.580021306926059,-3.6382013495665673,-9.503103087915095,-6.764168036663136,-3.518526771518099,-9.493521885683151,-7.403295726733899,-3.4820820757140627,-10.438811466635713,-5.830243735463432,-3.780383260228824,-8.650928966000642,-0.0008710395317950409,-0.002071304645210414,0.009744279716877935,0.6554383296960278,-0.12429216021448382,0.7449510419312794,0.9726630188025028,-0.07911418655418857,0.21832910328188262,-0.21761045373444826,0.017699936874421715,0.9758751983015702,-0.08106998383797462,-0.9967084115831022,0.0,35.90422583304497,-50.84927128294817,0.907323593405712,419.65721038345595,SLIDING
0.004089979454874992,0.12269938364624977,-6.575850591117191,-3.639148526976693,-9.502803619278582,-6.764168036663136,-3.518526771518099,-9.493521885683151,-7.398162892321333,-3.4803400565631444,-10.438905385647704,-5.826949246259913,-3.7837795593633876,-8.650271228931826,-0.0008711426351728289,-0.002062083530208495,0.009746226040043297,0.6546723525255921,-0.12643312616676794,0.7452642319649488,0.9726630188025028,-0.07911418655418857,0.21832910328188262,-0.21761045373444826,0.017699936874421715,0.9758751983015702,-0.08106998383797462,-0.9967084115831022,0.0,35.95375854391013,-50.641650209155465,0.9115206123241286,419.7533883827734,SLIDING
0.004099979531019926,0.12299938593059778,-6.571666583472537,-3.64008386541425,-9.502554471863421,-6.764168036663136,-3.518526771518099,-9.493521885683151,-7.392922275765212,-3.4785664299176946,-10.439120205751667,-5.823727520018113,-3.7871820232359705,-8.649599534148065,-0.000871260290605153,-0.002052860483046362,0.009748162357242433,0.653831148227958,-0.1285898305492816,0.7456336131681682,0.9726630188025028,-0.07911418655418857,0.21832910328188262,-0.21761045373444826,0.017699936874421715,0.9758751983015702,-0.08106998383797462,-0.9967084115831022,0.0,36.00904667157402,-50.43330419234004,0.9157186365018486,419.8511601941391,SLIDING
0.00410997960716486,0.1232993882149458,-6.567469403201389,-3.641007417033303,-9.502355399800452,-6.764168036663136,-3.518526771518099,-9.493521885683151,-7.3875733865846875,-3.4767617057090403,-10.43945569898756,-5.820579231208095,-3.790590287090897,-8.648913619469893,-0.00087139249767529,-0.0020436355364946168,0.009750088661594658,0.6529142314069137,-0.13076190890910702,0.7460591997990278,0.9726630188025028,-0.07911418655418857,0.21832910328188262,-0.21761045373444826,0.017699936874421715,0.9758751983015702,-0.08106998383797462,-0.9967084115831022,0.0,36.07011581648186,-50.22435208317876,0.91991760779492,419.95049248716805,SLIDING
0.004119979217648506,0.12359937652945518,-6.563259050303745,-3.641919222812045,-9.502206149769934,-6.764168036663136,-3.518526771518099,-9.493521885683151,-7.382115749303301,-3.4749262396973877,-10.439911443601718,-5.8175048128587195,-3.7940041052261395,-8.648213384974756,-0.000871539248738529,-0.0020344091530272368,0.00975200485725731,0.6519212235185757,-0.13294911063697995,0.7465408577612342,0.9726630188025028,-0.07911418655418857,0.21832910328188262,-0.21761045373444826,0.017699936874421715,0.9758751983015702,-0.08106998383797462,-0.9967084115831022,0.0,36.13698124614806,-50.0149004456949,0.9241175847523753,420.0514449375163,SLIDING
0.00412997929379344,0.1238993788138032,-6.559053167754459,-3.6427905607622746,-9.502017460091027,-6.764168036663136,-3.518526771518099,-9.493521885683151,-7.37667666177421,-3.472954748715185,-10.440288096399854,-5.814422042375869,-3.7974644819242758,-8.647509823098577,-0.0008717005569408305,-0.0020251805061197304,0.00975391111588863,0.6509394247493091,-0.1352123888371211,0.7469909472088653,0.9726630188025028,-0.07911418655418857,0.21832910328188262,-0.21761045373444826,0.017699936874421715,0.9758751983015702,-0.08106998383797462,-0.9967084115831022,0.0,36.20276711413459,-49.798457738841044,0.9283186228110321,420.0059213451884,SLIDING
0.0041399793699383736,0.12419938109815121,-6.554960593634891,-3.643450358102906,-9.501251182777795,-6.764168036663136,-3.518526771518099,-9.493521885683151,-7.372030511420277,-3.47021868029651,-10.439383211460697,-5.810833624628266,-3.8012169831322526,-8.646869779379701,-0.0008718764152159839,-0.0020159500581724823,0.009755807341247417,0.6504987028300049,-0.13791595951489288,0.746880596700415,0.9726630188025028,-0.07911418655418857,0.21832910328188262,-0.21761045373444826,0.017699936874421715,0.9758751983015702,-0.08106998383797462,-0.9967084115831022,0.0,36.2259329877795,-49.53549969712485,0.9325188182774031,420.06534119343377,SLIDING
0.004149979446083307,0.12449938338249922,-6.550797507220554,-3.644046952168334,-9.500756177378806,-6.764168036663136,-3.518526771518099,-9.493521885683151,-7.367543592030655,-3.4674993277265256,-10.438551963910959,-5.806965461384049,-3.8048334966262214,-8.64668099851186,-0.0008720668229392252,-0.0020067178419824385,0.009757693526596271,0.6502408877694191,-0.14055590370820667,0.7466129022496243,0.9726630188025028,-0.07911418655418857,0.21832910328188262,-0.21761045373444826,0.017699936874421715,0.9758751983015702,-0.08106998383797462,-0.9967084115831022,0.0,36.23566153468998,-49.27758242704309,0.936723371615777,420.7229920500149,NONE
0.004159979056566954,0.12479937169700861,-6.54658703511362,-3.6446006420653942,-9.500444206668051,-6.764168036663136,-3.518526771518099,-9.493521885683151,-7.363108781961328,-3.4647860034263016,-10.437814518040241,-5.802959299733731,-3.8083625418991303,-8.646756519170301,-0.0008722717695490516,-0.0019974843203790114,0.009759569578105094,0.6500622842614987,-0.14315689103034532,0.7462741661958079,0.9726630188025028,-0.07911418655418857,0.21832910328188262,-0.21761045373444826,0.017699936874421715,0.9758751983015702,-0.08106998383797462,-0.9967084115831022,0.0,36.23972287488273,-49.02285704951299,0.94093065913723,420.7369290009451,NONE
0.004169979132711887,0.12509937398135662,-6.542376384192752,-3.6451542909842614,-9.50013239241949,-6.764168036663136,-3.518526771518099,-9.493521885683151,-7.3585038596497405,-3.462043909928892,-10.437208003104185,-5.799107722092341,-3.8119177097351273,-8.646713096554544,-0.0008724912734058431,-0.0019882486661977564,0.009761435663834991,0.6497483906489167,-0.14578074991926454,0.746039544395684,0.9726630188025028,-0.07911418655418857,0.21832910328188262,-0.21761045373444826,0.017699936874421715,0.9758751983015702,-0.08106998383797462,-0.9967084115831022,0.0,36.25415693801877,-48.76693723302373,0.9451380831821758,420.75090114006565,NONE
0.004179979208856821,0.12539937626570463,-6.53816555445795,-3.645707906375516,-9.49982073835841,-6.764168036663136,-3.518526771518099,-9.493521885683151,-7.353728637353444,-3.4592737712991815,-10.436732334552241,-5.795410899441844,-3.815498354945382,-8.646550814784995,-0.0008727253245265798,-0.0019790113421997405,0.00976329168955656,0.6492990574631669,-0.14842690985258336,0.7459089665696859,0.9726630188025028,-0.07911418655418857,0.21832910328188262,-0.21761045373444826,0.017699936874421715,0.9758751983015702,-0.08106998383797462,-0.9967084115831022,0.0,36.27897297478723,-48.51006142713972,0.9493456435267245,420.7649403474778,NONE
0.004189979285001755,0.12569937855005264,-6.533954545909213,-3.6462614863765124,-9.499509237034234,-6.764168036663136,-3.518526771518099,-9.493521885683151,-7.348783097199258,-3.456476371850986,-10.43638714278996,-5.791868848059814,-3.8191037596757598,-8.64626999622498,-0.0008729739220785569,-0.001969772381206342,0.009765137648675787,0.6487142704747683,-0.1510947449269891,0.7458821444020747,0.9726630188025028,-0.07911418655418857,0.21832910328188262,-0.21761045373444826,0.017699936874421715,0.9758751983015702,-0.08106998383797462,-0.9967084115831022,0.0,36.31416484494922,-48.25247144012376,0.953553341650192,420.7790204584633,NONE
0.004199978895485401,0.12599936686456203,-6.5297433585465425,-3.6468150328498963,-9.49919789589754,-6.764168036663136,-3.518526771518099,-9.493521885683151,-7.343666914511762,-3.4536525491631744,-10.4361722114084,-5.788481863636656,-3.8227331646802574,-8.645870852199808,-0.0008732370525840423,-0.001960532246375756,0.009766973449380496,0.6479937711979606,-0.1537835897987844,0.7459588996702462,0.9726630188025028,-0.07911418655418857,0.21832910328188262,-0.21761045373444826,0.017699936874421715,0.9758751983015702,-0.08106998383797462,-0.9967084115831022,0.0,36.35973971786256,-47.9944134364869,0.9577611760732623,420.79317335312345,NONE
0.004209978971630335,0.12629936914891005,-6.525531992369937,-3.6473685476583126,-9.498886711223038,-6.764168036663136,-3.518526771518099,-9.493521885683151,-7.338379927353457,-3.450803098941866,-10.436087024363225,-5.785250093653095,-3.8263858488474822,-8.645353845566557,-0.0008735147396173312,-0.0019512901099510637,0.009768799256125324,0.6471374307084843,-0.15649281246067342,0.7461388244986121,0.9726630188025028,-0.07911418655418857,0.21832910328188262,-0.21761045373444826,0.017699936874421715,0.9758751983015702,-0.08106998383797462,-0.9967084115831022,0.0,36.41568952708741,-47.736126643036656,0.9619691477566334,420.80740224826286,NONE
0.0042199790477752686,0.12659937143325806,-6.521354779654788,-3.64797212664305,-9.498328964484843,-6.764168036663136,-3.518526771518099,-9.493521885683151,-7.333736166655925,-3.44812076168845,-10.43523882245733,-5.781497778402006,-3.829981997791635,-8.64506062395512,-0.0008738069702779712,-0.0019420464350274667,0.009770614976698034,0.6467659951057994,-0.1591088483763273,0.745907582709255,0.9726630188025028,-0.07911418655418857,0.21832910328188262,-0.21761045373444826,0.017699936874421715,0.9758751983015702,-0.08106998383797462,-0.9967084115831022,0.0,36.435451698985524,-47.48236266972711,0.9662016920919374,425.5977020113676,NONE
0.004229978658258915,0.12689935974776745,-6.517215535098361,-3.6486288133662823,-9.497513818813475,-6.764168036663136,-3.518526771518099,-9.493521885683151,-7.3297216810192865,-3.445608211933938,-10.433633771715296,-5.777244912630531,-3.833524991161233,-8.644964865515178,-0.0008741137289021072,-0.001932801684992553,0.00977242052080322,0.6468653201619816,-0.1616319913447063,0.7452787109167163,0.9726630188025028,-0.07911418655418857,0.21832910328188262,-0.21761045373444826,0.017699936874421715,0.9758751983015702,-0.08106998383797462,-0.9967084115831022,0.0,36.42011723779008,-47.23260868956674,0.9704577054571573,425.61198094739467,NONE
0.004239978734403849,0.12719936203211546,-6.513076052123355,-3.649285470287192,-9.49669883705488,-6.520340372550861,-3.538359156355141,-9.43879103416328,-7.325537340034009,-3.4430735614237715,-10.432159938477918,-5.77314628302008,-3.837088055323633,-8.644749917050262,-0.0008744350429691824,-0.0019235550316760931,0.009774216050187063,0.6468296070891372,-0.16417270579160903,0.7447541755948566,0.9664794829137977,-0.10477279022151464,0.23439298525313573,-0.23302771398569547,0.02526175074054832,0.9721419281484176,-0.10777519947223067,-0.9941752895635261,0.0,35.22299072023613,-48.448302102810764,0.9765849836071201,426.06048801154384,NONE
0.004249978810548782,0.12749936431646347,-6.50893644993906,-3.649942099268425,-9.49588401920906,-6.520340372550861,-3.538359156355141,-9.43879103416328,-7.321183221382186,-3.4405174975063932,-10.43081753900775,-5.769202046599849,-3.840670567851615,-8.644415581604395,-0.0008747708973930256,-0.0019143069384067906,0.00977600147415271,0.6466588228259734,-0.16673044597717568,0.744334148918064,0.9664794829137977,-0.10477279022151464,0.23439298525313573,-0.23302771398569547,0.02526175074054832,0.9721419281484176,-0.10777519947223067,-0.9941752895635261,0.0,35.222546586929745,-48.190252229505944,0.9808456086234916,426.0743694232503,NONE
0.004259978886693716,0.12779936660081148,-6.504796609336185,-3.650598698447335,-9.495069365276011,-6.520340372550861,-3.538359156355141,-9.43879103416328,-7.316659255222239,-3.4379406801602252,-10.429606565958375,-5.765412039200083,-3.844271924126545,-8.643961865868155,-0.0008751212909806367,-0.001905057438043797,0.009777776786356355,0.6463530066758987,-0.1693046849859666,0.7440186250375913,0.9664794829137977,-0.10477279022151464,0.23439298525313573,-0.23302771398569547,0.02526175074054832,0.9721419281484176,-0.10777519947223067,-0.9941752895635261,0.0,35.232460820472845,-47.931425455980786,0.9851064225240496,426.08825605128607,NONE
0.0042699784971773624,0.12809935491532087,-6.500622376853275,-3.6512244224202517,-9.494387216193589,-6.520340372550861,-3.538359156355141,-9.43879103416328,-7.312125668765067,-3.4353575993011427,-10.428500747772551,-5.761565079791174,-3.847819990682139,-8.643665563331925,-0.0008754862051529827,-0.0018958069942577615,0.009779541898529533,0.6460669120724555,-0.17185932974208173,0.7436813268502609,0.9664794829137977,-0.10477279022151464,0.23439298525313573,-0.23302771398569547,0.02526175074054832,0.9721419281484176,-0.10777519947223067,-0.9941752895635261,0.0,35.241190644254324,-47.67440258737559,0.9893661823820619,425.9319511845712,NONE
0.004279978573322296,0.12839935719966888,-6.4964338392556185,-3.6518372773778323,-9.493759825153264,-6.520340372550861,-3.538359156355141,-9.43879103416328,-7.307488291570983,-3.4327612743635534,-10.427515975477773,-5.7577853121667975,-3.851355529802248,-8.643363648758017,-0.000875865672600602,-0.0018865547783681537,0.009781296968795768,0.6457095747517441,-0.17441427309945604,0.7433968027998978,0.9664794829137977,-0.10477279022151464,0.23439298525313573,-0.23302771398569547,0.02526175074054832,0.9721419281484176,-0.10777519947223067,-0.9941752895635261,0.0,35.25552259542813,-47.41792911249186,0.99362558461638,425.9457961572749,NONE
0.00428997864946723,0.1286993594840169,-6.492245182448673,-3.652450108121026,-9.493132594300421,-6.520340372550861,-3.538359156355141,-9.43879103416328,-7.3026811577113815,-3.4301466829075467,-10.42666292863588,-5.754159918606453,-3.8549076584519235,-8.64294207443937,-0.0008762596753224219,-0.001877301253991505,0.009783041908484055,0.645217182960387,-0.17698373981015691,0.7432170225818792,0.9664794829137977,-0.10477279022151464,0.23439298525313573,-0.23302771398569547,0.02526175074054832,0.9721419281484176,-0.10777519947223067,-0.9941752895635261,0.0,35.280212736431324,-47.16124470704518,0.9978850619801989,425.95967861812136,NONE
0.0042999787256121635,0.1289993617683649,-6.488030955249118,-3.6530400246035937,-9.49260323799959,-6.520340372550861,-3.538359156355141,-9.43879103416328,-7.29782242280109,-3.4275228190010036,-10.425922013683095,-5.750532661455426,-3.858424448887315,-8.64260539014251,-0.0008766682119176042,-0.001868046454006569,0.009784776711395377,0.64470406722736,-0.17954234578596323,0.7430485931419111,0.9664794829137977,-0.10477279022151464,0.23439298525313573,-0.23302771398569547,0.02526175074054832,0.9721419281484176,-0.10777519947223067,-0.9941752895635261,0.0,35.30672255700663,-46.906013518457044,1.0021439107043957,425.87681915148886,NONE
0.00430997833609581,0.1292993500828743,-6.483810231143283,-3.6536241501223925,-9.492098531944665,-6.520340372550861,-3.538359156355141,-9.43879103416328,-7.2928234276364865,-3.4248841848296223,-10.425307964046509,-5.747020729181747,-3.861943626043544,-8.642200266150551,-0.0008770912608935232,-0.0018587908423402712,0.009786501291293258,0.6440844576894745,-0.18210810050580062,0.7429615407899824,0.9664794829137977,-0.10477279022151464,0.23439298525313573,-0.23302771398569547,0.02526175074054832,0.9721419281484176,-0.10777519947223067,-0.9941752895635261,0.0,35.34144711902378,-46.651297649007795,1.0064026539750586,425.8390004510528,SLIDING
0.004319978412240744,0.1295993523672223,-6.479636058265018,-3.654267809505451,-9.491318556739005,-6.520340372550861,-3.538359156355141,-9.43879103416328,-7.288286656751575,-3.4224026009822883,-10.424070883259812,-5.743176783802721,-3.865433526270646,-8.641836588966799,-0.0008775288601498251,-0.0018495335898492588,0.009788215802669128,0.6437957803953561,-0.1845962188701491,0.7425976226220892,0.9664794829137977,-0.10477279022151464,0.23439298525313573,-0.23302771398569547,0.02526175074054832,0.9721419281484176,-0.10777519947223067,-0.9941752895635261,0.0,35.351708827858154,-46.401249006095284,1.0106871651264306,429.6018593173729,NONE
0.004329978488385677,0.12989935465157032,-6.475481674128818,-3.654937324265826,-9.490419737322243,-6.520340372550861,-3.538359156355141,-9.43879103416328,-7.2838800906465675,-3.419986700687692,-10.422618413913224,-5.739252068388868,-3.868913009312813,-8.641441993038388,-0.0008779809887711473,-0.001840275160411445,0.009789920158883608,0.6435950092740416,-0.1870526285938004,0.7421568420311814,0.9664794829137977,-0.10477279022151464,0.23439298525313573,-0.23302771398569547,0.02526175074054832,0.9721419281484176,-0.10777519947223067,-0.9941752895635261,0.0,35.355668892881006,-46.15342363067424,1.014983116054049,429.56689308802095,NONE
0.004339978098869324,0.1301993429660797,-6.471313521319675,-3.655594519491184,-9.48957380585185,-6.520340372550861,-3.538359156355141,-9.43879103416328,-7.279367777807308,-3.4175597548537713,-10.421288320809282,-5.735397351130943,-3.8723790125587265,-8.64103700024538,-0.0008784476230806015,-0.0018310160181286932,0.009791614275227643,0.6433210111151522,-0.18950802404373135,0.7417713835682924,0.9664794829137977,-0.10477279022151464,0.23439298525313573,-0.23302771398569547,0.02526175074054832,0.9721419281484176,-0.10777519947223067,-0.9941752895635261,0.0,35.365361796376064,-45.906427689418855,1.0192786868058814,429.5431529933165,IMPACT
0.004349978175014257,0.13049934525042772,-6.467131719046878,-3.656239493901718,-9.488780319018277,-6.520340372550861,-3.538359156355141,-9.43879103416328,-7.274749305151515,-3.4151221030660035,-10.420080703661831,-5.731613236010103,-3.875831415366257,-8.640620672732611,-0.0008789288048793074,-0.0018217553335416153,0.00979329830346541,0.6429733621422548,-0.19196221345843906,0.7414416795538419,0.9664794829137977,-0.10477279022151464,0.23439298525313573,-0.23302771398569547,0.02526175074054832,0.9721419281484176,-0.10777519947223067,-0.9941752895635261,0.0,35.38081593062228,-45.66038526365945,1.0235738764204338,429.50832198333904,IMPACT
0.004359978251159191,0.13079934753477573,-6.462936863356876,-3.6568728547197464,-9.488036657942446,-6.520340372550861,-3.538359156355141,-9.43879103416328,-7.270021411667492,-3.4126741013784896,-10.418996199883425,-5.727903831796647,-3.879271053703197,-8.640187426030941,-0.000879424511068054,-0.0018124935707071331,0.0097949721584838,0.6425489916128523,-0.19441539680196146,0.7411703224385355,0.9664794829137977,-0.10477279022151464,0.23439298525313573,-0.23302771398569547,0.02526175074054832,0.9721419281484176,-0.10777519947223067,-0.9941752895635261,0.0,35.40225609029148,-45.41541233351801,1.027868786298308,429.47732966486905,IMPACT
0.004369978327304125,0.13109934981912374,-6.458728894645023,-3.6574945293021086,-9.487343083394679,-6.520340372550861,-3.538359156355141,-9.43879103416328,-7.265184445953304,-3.4102161090491117,-10.418034758777763,-5.724268707125032,-3.8826974615827954,-8.639737804571503,-0.0008799347398856778,-0.0018032307625333545,0.009796635834335163,0.6420482245117802,-0.1968672302223682,0.7409570642526084,0.9664794829137977,-0.10477279022151464,0.23439298525313573,-0.23302771398569547,0.02526175074054832,0.9721419281484176,-0.10777519947223067,-0.9941752895635261,0.0,35.42965109043058,-45.171640271748394,1.0321634053124082,429.44795155932525,IMPACT
0.004379977937787771,0.13139933813363314,-6.454507812911319,-3.658104512060869,-9.486699576748522,-6.520340372550861,-3.538359156355141,-9.43879103416328,-7.260238448504995,-3.4077486159605885,-10.4171963452221,-5.720707825114452,-3.8861101821790194,-8.639271804751449,-0.0008804594647439944,-0.0017939673733320279,0.009798289248350828,0.6414710930793929,-0.19931731925767954,0.7408018918627712,0.9664794829137977,-0.10477279022151464,0.23439298525313573,-0.23302771398569547,0.02526175074054832,0.9721419281484176,-0.10777519947223067,-0.9941752895635261,0.0,35.46299024772714,-44.929206680110404,1.0364577372431807,429.420051119436,IMPACT
0.004389978013932705,0.13169934041798115,-6.450257644110965,-3.6586581144136074,-9.486152450812968,-6.520340372550861,-3.538359156355141,-9.43879103416328,-7.255254336054265,-3.405321347595293,-10.41647765015163,-5.717126078014724,-3.88937854154842,-8.63888093131958,-0.0008809987326492621,-0.0017847025732635343,0.009799932548648043,0.640886774183142,-0.20169049748046985,0.7406652995133545,0.9664794829137977,-0.10477279022151464,0.23439298525313573,-0.23302771398569547,0.02526175074054832,0.9721419281484176,-0.10777519947223067,-0.9941752895635261,0.0,35.497353037277556,-44.694932048662686,1.0407516831321555,428.9619651287853,IMPACT
0.004399978090077639,0.13199934270232916,-6.445851549559879,-3.658632294426549,-9.485896821392688,-6.520340372550861,-3.538359156355141,-9.43879103416328,-7.2517583009812085,-3.4037831456644123,-10.415020272487787,-5.711891168467195,-3.8907300873991426,-8.639719765492348,-0.0008815525175903442,-0.0017754368266000586,0.00980156565215336,0.6416113052141723,-0.2028945590561376,0.7397085445814329,0.9664794829137977,-0.10477279022151464,0.23439298525313573,-0.23302771398569547,0.02526175074054832,0.9721419281484176,-0.10777519947223067,-0.9941752895635261,0.0,35.43789496912147,-44.56196793403909,1.04506729562641,432.33413830238493,NONE
0.004409978166222572,0.13229934498667717,-6.4414671510994905,-3.6586308043104294,-9.485529172493132,-6.520340372550861,-3.538359156355141,-9.43879103416328,-7.248250724496717,-3.402282713977102,-10.413478573196096,-5.7067082252738786,-3.8920937226215155,-8.64042135502728,-0.0008821208175988375,-0.0017661701662640816,0.009803188553064635,0.6423093746761829,-0.20408792026850572,0.7387738409036737,0.9664794829137977,-0.10477279022151464,0.23439298525313573,-0.23302771398569547,0.02526175074054832,0.9721419281484176,-0.10777519947223067,-0.9941752895635261,0.0,35.38048035215954,-44.43000286647808,1.0493907449827624,432.3475864202526,NONE
0.004419977776706219,0.13259933330118656,-6.437082633429813,-3.6586293067437294,-9.48516169495693,-6.520340372550861,-3.538359156355141,-9.43879103416328,-7.244576300726517,-3.4007743140791713,-10.412075363007961,-5.7016770064962214,-3.893464600465927,-8.640997146337734,-0.0008827036031763719,-0.0017569030567513124,0.009804801170758442,0.6428747059292899,-0.20528761932781503,0.7379492569459281,0.9664794829137977,-0.10477279022151464,0.23439298525313573,-0.23302771398569547,0.02526175074054832,0.9721419281484176,-0.10777519947223067,-0.9941752895635261,0.0,35.33307264815307,-44.2988634386093,1.0537142686054608,432.36098586449356,NONE
0.004429977852851152,0.13289933558553457,-6.4326979965508455,-3.658627805451739,-9.484794396234664,-6.520340372550861,-3.538359156355141,-9.43879103416328,-7.240735271448953,-3.3992583979630617,-10.410811372763899,-5.696797291940355,-3.8948423164090356,-8.641446488064126,-0.0008833009265316712,-0.0017476346678884725,0.009806403649696531,0.6433074914619159,-0.2064932993524891,0.7372353686249055,0.9664794829137977,-0.10477279022151464,0.23439298525313573,-0.23302771398569547,0.02526175074054832,0.9721419281484176,-0.10777519947223067,-0.9941752895635261,0.0,35.295678757951826,-44.16869687978219,1.0580378651384503,432.37436892610594,NONE
0.004439977928996086,0.13319933786988258,-6.428313121253299,-3.6586262967091683,-9.48442726887575,-6.520340372550861,-3.538359156355141,-9.43879103416328,-7.236727756294131,-3.397735219481843,-10.40968711976149,-5.692068744879699,-3.896226632142194,-8.64176889485399,-0.0008839127587435199,-0.001738365464137081,0.009807995908849733,0.64360792142268,-0.20770475527514637,0.7366325937114575,0.9664794829137977,-0.10477279022151464,0.23439298525313573,-0.23302771398569547,0.02526175074054832,0.9721419281484176,-0.10777519947223067,-0.9941752895635261,0.0,35.268300551075434,-44.03963166952284,1.0623616511511198,432.3876803079482,NONE
0.0044499775394797325,0.13349932618439198,-6.423928007537174,-3.658624784241307,-9.48406031288019,-6.520340372550861,-3.538359156355141,-9.43879103416328,-7.232553829859689,-3.3962051759115752,-10.40870316102397,-5.68749129737623,-3.897617192973702,-8.641963859411677,-0.0008845390681319494,-0.0017290959101136474,0.009809577869131619,0.643776055201441,-0.20892167377588605,0.7361413756717888,0.9664794829137977,-0.10477279022151464,0.23439298525313573,-0.23302771398569547,0.02526175074054832,0.9721419281484176,-0.10777519947223067,-0.9941752895635261,0.0,35.250945568998496,-43.91180570016575,1.0666856270337775,432.4009818034376,NONE
0.004459977615624666,0.13379932846874,-6.419542774611759,-3.6586232680481556,-9.483693528247985,-6.520340372550861,-3.538359156355141,-9.43879103416328,-7.228213834267879,-3.3946685572314985,-10.407859744844586,-5.683064865626566,-3.8990137348118705,-8.642031155610027,-0.0008851799108023098,-0.0017198251754258925,0.009811149672259373,0.6438120702672139,-0.2101438239918218,0.7357619121810659,0.9664794829137977,-0.10477279022151464,0.23439298525313573,-0.23302771398569547,0.02526175074054832,0.9721419281484176,-0.10777519947223067,-0.9941752895635261,0.0,35.243607468479695,-43.78534247047233,1.0710096775730893,432.41427712183264,NONE
0.0044699776917696,0.134099330753088,-6.4151573032677645,-3.6586217462670687,-9.483326922429713,-6.520340372550861,-3.538359156355141,-9.43879103416328,-7.223707681344219,-3.3931258218569944,-10.407157192674305,-5.678789302157207,-3.9004158366068045,-8.641970504931246,-0.000885835255651608,-0.0017105537246599493,0.009812711238739913,0.6437159913279217,-0.21137083947908752,0.7354944532262748,0.9664794829137977,-0.10477279022151464,0.23439298525313573,-0.23302771398569547,0.02526175074054832,0.9721419281484176,-0.10777519947223067,-0.9941752895635261,0.0,35.24628731896495,-43.66037721688641,1.0753339160408721,432.4275690766918,NONE
0.004479977767914534,0.134399333037436,-6.410793528014469,-3.6586444630873087,-9.482849116696032,-6.520340372550861,-3.538359156355141,-9.43879103416328,-7.219187564611277,-3.3916152304160354,-10.406374231936459,-5.674567911183209,-3.9018349774100147,-8.641770611850307,-0.0008865051003519546,-0.001701281590758151,0.009814262563024378,0.6435915222616952,-0.2125915612474913,0.73525150836923,0.9664794829137977,-0.10477279022151464,0.23439298525313573,-0.23302771398569547,0.02526175074054832,0.9721419281484176,-0.10777519947223067,-0.9941752895635261,0.0,35.251185966062565,-43.53648426213257,1.0796657897081587,434.83913592654886,NONE
0.00448997737839818,0.1346993213519454,-6.40647815173273,-3.658721127699006,-9.48212502457014,-6.520340372550861,-3.538359156355141,-9.43879103416328,-7.214839351095277,-3.390184546678034,-10.405241725754149,-5.670282440630551,-3.9032844236335213,-8.641418473099868,-0.0008871894103168261,-0.0016920092384747252,0.009815803568079455,0.6435653793603028,-0.21379161539811983,0.7349263552726164,0.9664794829137977,-0.10477279022151464,0.23439298525313573,-0.23302771398569547,0.02526175074054832,0.9721419281484176,-0.10777519947223067,-0.9941752895635261,0.0,35.24877827740411,-43.413097082951005,1.0840142668257773,434.8525538269071,NONE
0.004499977454543114,0.1349993236362934,-6.402162656241702,-3.658797790448058,-9.481401111258181,-6.520340372550861,-3.538359156355141,-9.43879103416328,-7.210325253391243,-3.388749259089272,-10.404250598046577,-5.6661478173752835,-3.9047380591454623,-8.640937918934972,-0.0008878882468484322,-0.0016827358371665152,0.009817334391952745,0.6434072650066498,-0.21499533335674592,0.7347136162965026,0.9664794829137977,-0.10477279022151464,0.23439298525313573,-0.23302771398569547,0.02526175074054832,0.9721419281484176,-0.10777519947223067,-0.9941752895635261,0.0,35.256378436400084,-43.29145410532235,1.088362817048841,434.8659986150923,NONE
0.004509977530688047,0.13529932592064142,-6.397847041541385,-3.6588744494718197,-9.480677384210738,-6.520340372550861,-3.538359156355141,-9.43879103416328,-7.205645241445993,-3.3873098583262875,-10.403401020546651,-5.662164068787625,-3.9061954335148603,-8.640328807189984,-0.0008886015759363882,-0.0016734618515627517,0.009818854957203442,0.6431171552743198,-0.21620232299523875,0.7346134222319444,0.9664794829137977,-0.10477279022151464,0.23439298525313573,-0.23302771398569547,0.02526175074054832,0.9721419281484176,-0.10777519947223067,-0.9941752895635261,0.0,35.27398414076825,-43.1716846514461,1.092711438435833,434.87944447296326,NONE
0.004519977606832981,0.13559932820498943,-6.393560990744876,-3.658983967418659,-9.479802037848147,-6.520340372550861,-3.538359156355141,-9.43879103416328,-7.201028184722761,-3.3859371944208014,-10.40237797423012,-5.6581794737559346,-3.9076548132853697,-8.639587975042954,-0.0008893293950458699,-0.001664187314614522,0.009820365258429286,0.6428536295695109,-0.21738234119357008,0.7344958329946526,0.9664794829137977,-0.10477279022151464,0.23439298525313573,-0.23302771398569547,0.02526175074054832,0.9721419281484176,-0.10777519947223067,-0.9941752895635261,0.0,35.28971872963328,-43.05430124409958,1.0970704681413128,437.12906794351096,NONE
0.0045299772173166275,0.13589931651949883,-6.389312133246707,-3.659134294058073,-9.478739152921351,-6.520340372550861,-3.538359156355141,-9.43879103416328,-7.196529572921987,-3.384649444489681,-10.401106888928872,-5.654158074040935,-3.909114833913434,-8.638714703648873,-0.0008900716666853299,-0.001654912691187521,0.009821865220654263,0.6426547912004382,-0.21852724559323042,0.7343300771999995,0.9664794829137977,-0.10477279022151464,0.23439298525313573,-0.23302771398569547,0.02526175074054832,0.9721419281484176,-0.10777519947223067,-0.9941752895635261,0.0,35.30073288308137,-42.939473887659766,1.1014417846515467,437.1426421701307,NONE
0.004539977293461561,0.13619931880384684,-6.385063037329959,-3.6592846188348416,-9.47767646170965,-6.520340372550861,-3.538359156355141,-9.43879103416328,-7.191865154297598,-3.3833590588621942,-10.399977712601382,-5.650287223389212,-3.910577251380191,-8.637712562173027,-0.0008908284573505126,-0.0016456371504350298,0.009823354978248511,0.6423241378784945,-0.21967424688249856,0.7342771460118147,0.9664794829137977,-0.10477279022151464,0.23439298525313573,-0.23302771398569547,0.02526175074054832,0.9721419281484176,-0.10777519947223067,-0.9941752895635261,0.0,35.321727661031915,-42.82673835219752,1.1058132859878302,437.1562471109282,NONE
0.004549977369606495,0.13649932108819485,-6.380813822203922,-3.6594349436116103,-9.476613941861304,-6.520340372550861,-3.538359156355141,-9.43879103416328,-7.187034964043148,-3.3820666132534534,-10.398990463544243,-5.646567117525384,-3.9120415449258155,-8.63658149124417,-0.0008915997301258338,-0.0016363611572026333,0.009824834455828107,0.6418616027157352,-0.22082288819681745,0.7343370717916972,0.9664794829137977,-0.10477279022151464,0.23439298525313573,-0.23302771398569547,0.02526175074054832,0.9721419281484176,-0.10777519947223067,-0.9941752895635261,0.0,35.35269798412129,-42.71621824233543,1.110184862371078,437.16985883595817,NONE
0.004559976980090141,0.13679930940270424,-6.376564368659305,-3.659585268388379,-9.475551608277472,-6.520340372550861,-3.538359156355141,-9.43879103416328,-7.1820387923916496,-3.3807723905943803,-10.398144963919822,-5.6429977197134304,-3.9135074568777095,-8.635321681295732,-0.0008923854453428652,-0.0016270851764214477,0.009826303579962763,0.6412671136159248,-0.2219729442847204,0.734509701093371,0.9664794829137977,-0.10477279022151464,0.23439298525313573,-0.23302771398569547,0.02526175074054832,0.9721419281484176,-0.10777519947223067,-0.9941752895635261,0.0,35.39363386472424,-42.60800666160102,1.114556625521896,437.1835087280295,NONE
0.004569977056235075,0.13709931168705225,-6.372327312880802,-3.659749328310478,-9.474425281656893,-6.520340372550861,-3.538359156355141,-9.43879103416328,-7.176973050295091,-3.3795047988035716,-10.3973079442574,-5.639515370263833,-3.914975359502385,-8.63393187525289,-0.0008931856733864335,-0.0016178083771237859,0.009827762482262001,0.6406073666796904,-0.22311273362450554,0.7347400287518799,0.9664794829137977,-0.10477279022151464,0.23439298525313573,-0.23302771398569547,0.02526175074054832,0.9721419281484176,-0.10777519947223067,-0.9941752895635261,0.0,35.4395310099453,-42.5021786496117,1.11893284507455,438.6721572883791,NONE
0.004579977132380009,0.13739931397140026,-6.3680569977105135,-3.6597608785730484,-9.47333746708742,-6.520340372550861,-3.538359156355141,-9.43879103416328,-7.17228906058157,-3.378487342484559,-10.396267667553618,-5.635621799332086,-3.9159240530032187,-8.632800766704358,-0.0008940003751635062,-0.0016085312242247792,0.009829211088886965,0.6402780255206181,-0.22393196271610807,0.7347778753538584,0.9664794829137977,-0.10477279022151464,0.23439298525313573,-0.23302771398569547,0.02526175074054832,0.9721419281484176,-0.10777519947223067,-0.9941752895635261,0.0,35.461619264022524,-42.42361979344318,1.1233162033297877,437.8343870813761,NONE
0.004589977208524942,0.13769931625574827,-6.363701328688907,-3.659525671194184,-9.472512255681666,-6.520340372550861,-3.538359156355141,-9.43879103416328,-7.1678408158291536,-3.3777070984928135,-10.395356850014059,-5.631350441452613,-3.916185224739425,-8.632053519046247,-0.0008948295477801154,-0.0015992537506872462,0.00983064939468994,0.6402043226568918,-0.22436588593608808,0.7347097212365878,0.9664794829137977,-0.10477279022151464,0.23439298525313573,-0.23302771398569547,0.02526175074054832,0.9721419281484176,-0.10777519947223067,-0.9941752895635261,0.0,35.46574163291609,-42.380214077142526,1.1276946485050292,437.8477325904621,NONE
0.004599976819008589,0.13799930457025766,-6.359361514502811,-3.6593078311186913,-9.471605669034632,-6.520340372550861,-3.538359156355141,-9.43879103416328,-7.16334991950913,-3.3769613497052946,-10.394420535102038,-5.627148221721953,-3.9164481649512015,-8.63117400670857,-0.0008956731486664966,-0.0015899764215074133,0.009832077328306068,0.6400840407446573,-0.2247861730191279,0.7346860534972788,0.9664794829137977,-0.10477279022151464,0.23439298525313573,-0.23302771398569547,0.02526175074054832,0.9721419281484176,-0.10777519947223067,-0.9941752895635261,0.0,35.47341992254371,-42.33906078937906,1.1320786637136067,438.7522851288061,NONE
0.0046099768951535225,0.13829930685460567,-6.355031952315616,-3.6591011501502875,-9.47064704753271,-6.520340372550861,-3.538359156355141,-9.43879103416328,-7.158772694647223,-3.376238213540826,-10.393519490611949,-5.623044212417636,-3.9167118332531725,-8.630162948314322,-0.0008965312533944586,-0.00158069840559677,0.009833495017653963,0.6398868675956613,-0.22519734154681087,0.7347318926240111,0.9664794829137977,-0.10477279022151464,0.23439298525313573,-0.23302771398569547,0.02526175074054832,0.9721419281484176,-0.10777519947223067,-0.9941752895635261,0.0,35.486918111133015,-42.30025515108009,1.1364661363513484,438.7657204343989,NONE
0.004619976971298456,0.13859930913895369,-6.350712999755191,-3.6589063621711615,-9.469632494522246,-6.520340372550861,-3.538359156355141,-9.43879103416328,-7.154114292129448,-3.375539009190137,-10.39264575264048,-5.619034405821828,-3.9169764304717125,-8.62902015136062,-0.0008974038199691783,-0.0015714201679406334,0.009834902390958746,0.6396166192948416,-0.22559892553398983,0.7348440005332748,0.9664794829137977,-0.10477279022151464,0.23439298525313573,-0.23302771398569547,0.02526175074054832,0.9721419281484176,-0.10777519947223067,-0.9941752895635261,0.0,35.50594628038619,-42.263788303420775,1.1408577110174214,439.3872400207625,NONE
0.00462997704744339,0.1388993114233017,-6.346403941565799,-3.658722338418353,-9.468567374421271,-6.520340372550861,-3.538359156355141,-9.43879103416328,-7.149366936362179,-3.37486187412781,-10.391810480968253,-5.6151245167133785,-3.9172414961005435,-8.62774570227703,-0.0008982908452900521,-0.0015621417415056463,0.009836299443220313,0.6392676748536664,-0.22599150915530578,0.7350269911213426,0.9664794829137977,-0.10477279022151464,0.23439298525313573,-0.23302771398569547,0.02526175074054832,0.9721419281484176,-0.10777519947223067,-0.9941752895635261,0.0,35.53091966446113,-42.22971180926825,1.1452527033462232,439.83351643445496,NONE
0.004639976657927036,0.1391992997378111,-6.342106208258914,-3.6585508744817856,-9.46744300730339,-6.520340372550861,-3.538359156355141,-9.43879103416328,-7.144543208071642,-3.374210249732296,-10.390995625422548,-5.611305820811221,-3.917507326866884,-8.626339454865843,-0.0008991922838887199,-0.0015528635913265754,0.009837686105142511,0.6388489113585087,-0.22637378213941162,0.735273404398627,0.9664794829137977,-0.10477279022151464,0.23439298525313573,-0.23302771398569547,0.02526175074054832,0.9721419281484176,-0.10777519947223067,-0.9941752895635261,0.0,35.56116794120874,-42.19800476206477,1.1496519534205873,440.1766849392014,NONE
0.00464997673407197,0.1394993020221591,-6.337818726950931,-3.6583907317024353,-9.466264973653468,-6.520340372550861,-3.538359156355141,-9.43879103416328,-7.139634411327793,-3.3735819016763218,-10.390212865372776,-5.607584187739753,-3.917773590892855,-8.624801435198073,-0.0009001082165191759,-0.0015435848862414287,0.009839062500945883,0.6383542598283505,-0.22674653717355556,0.7355880959061264,0.9664794829137977,-0.10477279022151464,0.23439298525313573,-0.23302771398569547,0.02526175074054832,0.9721419281484176,-0.10777519947223067,-0.9941752895635261,0.0,35.59713660242353,-42.16869935552163,1.154055060356237,440.4471769024196,SLIDING
0.004659976810216904,0.1397993043065071,-6.333541497641849,-3.6582421261471394,-9.465031984521064,-6.520340372550861,-3.538359156355141,-9.43879103416328,-7.13464176460711,-3.372977284060671,-10.38945964535976,-5.603958507800536,-3.918040287461546,-8.623131507765944,-0.0009010385982877186,-0.001534306091279152,0.009840428560924017,0.6377846903360728,-0.2271095847503646,0.7359700573307568,0.9664794829137977,-0.10477279022151464,0.23439298525313573,-0.23302771398569547,0.02526175074054832,0.9721419281484176,-0.10777519947223067,-0.9941752895635261,0.0,35.638743625342556,-42.141797387645525,1.1584623489120407,440.9166549905075,SLIDING
0.00466997642070055,0.1400992926210165,-6.329274520331668,-3.6581050317388657,-9.463743853641661,-6.520340372550861,-3.538359156355141,-9.43879103416328,-7.129564996710799,-3.3723963985310608,-10.388735690531872,-5.600429027981416,-3.9183073652480918,-8.621329566983544,-0.0009019833815540951,-0.0015250276714862232,0.009841784217334743,0.6371399869705759,-0.22746290279876294,0.7364192181451369,0.9664794829137977,-0.10477279022151464,0.23439298525313573,-0.23302771398569547,0.02526175074054832,0.9721419281484176,-0.10777519947223067,-0.9941752895635261,0.0,35.6859942616219,-42.11730199251539,1.1628738600149298,441.33906456280624,SLIDING
0.004679976496845484,0.1403992949053645,-6.32501743739252,-3.6579791150641325,-9.4624020636808,-6.520340372550861,-3.538359156355141,-9.43879103416328,-7.1244016853607866,-3.3718387856976526,-10.388043843202656,-5.5969972709855265,-3.918574605568977,-8.619395857249373,-0.000902942650952806,-0.0015157487956762863,0.00984312959162302,0.6364185059896916,-0.22780659161305192,0.7369366608138674,0.9664794829137977,-0.10477279022151464,0.23439298525313573,-0.23302771398569547,0.02526175074054832,0.9721419281484176,-0.10777519947223067,-0.9941752895635261,0.0,35.73899903873985,-42.0952267542859,1.1672895568458408,441.77187023819624,SLIDING
0.0046899765729904175,0.14069929718971252,-6.320702299529361,-3.657663633267272,-9.461210753096255,-6.520340372550861,-3.538359156355141,-9.43879103416328,-7.119514773716514,-3.371496742191991,-10.387337801357692,-5.593202862476656,-3.918283314215837,-8.617762599716986,-0.0009039163594171007,-0.0015064699288942181,0.009844464615636213,0.6359632963499405,-0.2278277383432691,0.7373230006836277,0.9664794829137977,-0.10477279022151464,0.23439298525313573,-0.23302771398569547,0.02526175074054832,0.9721419281484176,-0.10777519947223067,-0.9941752895635261,0.0,35.77304105393045,-42.101360302766054,1.1717062299926813,441.6878243822112,SLIDING
0.004699976649135351,0.14099929947406054,-6.316376194411563,-3.657295438612688,-9.460029329432162,-6.520340372550861,-3.538359156355141,-9.43879103416328,-7.114660945671419,-3.3712407115980825,-10.386645926005267,-5.58935736844711,-3.917812968814193,-8.616135331586692,-0.0009049045034885956,-0.001497191104108489,0.009845789284629784,0.6355431571767958,-0.2277384405067128,0.7377127476744056,0.9664794829137977,-0.10477279022151464,0.23439298525313573,-0.23302771398569547,0.02526175074054832,0.9721419281484176,-0.10777519947223067,-0.9941752895635261,0.0,35.80479058693075,-42.118139309932204,1.1761256624681327,442.18645785157116,SLIDING
0.004709976259618998,0.14129928778856993,-6.312060222083377,-3.6569386116814497,-9.458793300462874,-6.520340372550861,-3.538359156355141,-9.43879103416328,-7.109722265529522,-3.3710089793342646,-10.385984584814308,-5.585608512430403,-3.917342214893746,-8.61437591940955,-0.0009059070326324532,-0.0014879127863581388,0.009847103532938072,0.6350473971246329,-0.22763884814978394,0.7381702772519826,0.9664794829137977,-0.10477279022151464,0.23439298525313573,-0.23302771398569547,0.02526175074054832,0.9721419281484176,-0.10777519947223067,-0.9941752895635261,0.0,35.842218452900006,-42.137299375486364,1.180549291938906,442.5363341184765,SLIDING
0.004719976335763931,0.14159929007291794,-6.3077542633355135,-3.656593072379816,-9.45750290460697,-6.520340372550861,-3.538359156355141,-9.43879103416328,-7.104697885828477,-3.370801495202569,-10.385354296247069,-5.581956838456367,-3.9168709451338914,-8.612484346561025,-0.0009069240366572739,-0.0014786341444656024,0.009848407478295467,0.6344754364050457,-0.22752893747138425,0.738695812369185,0.9664794829137977,-0.10477279022151464,0.23439298525313573,-0.23302771398569547,0.02526175074054832,0.9721419281484176,-0.10777519947223067,-0.9941752895635261,0.0,35.88535918384558,-42.15883180590608,1.1849771693430498,442.96753662369395,SLIDING
0.004729976411908865,0.14189929235726595,-6.303458318167972,-3.65625880394398,-9.45615811951271,-6.520340372550861,-3.538359156355141,-9.43879103416328,-7.099587693878904,-3.3706183272850354,-10.384754750569654,-5.578402449154178,-3.9163990654994882,-8.610460852415837,-0.0009079554656020693,-0.0014693556434733999,0.009849701054624477,0.6338271853019688,-0.2274086409226887,0.7392891242307571,0.9664794829137977,-0.10477279022151464,0.23439298525313573,-0.23302771398569547,0.02526175074054832,0.9721419281484176,-0.10777519947223067,-0.9941752895635261,0.0,35.93420937684202,-42.18272049892937,1.1894092981632642,443.4459354163865,SLIDING
0.004739976488053799,0.14219929464161396,-6.299172386580753,-3.655935879017103,-9.454758527947577,-6.520340372550861,-3.538359156355141,-9.43879103416328,-7.0943919057911975,-3.3704599108841116,-10.3841849940391,-5.574945147706439,-3.9159263183503894,-8.608305508355583,-0.0009090013158020263,-0.0014600773163488997,0.009850984257328584,0.6331028158686496,-0.2272776697776157,0.7399497857014652,0.9664794829137977,-0.10477279022151464,0.23439298525313573,-0.23302771398569547,0.02526175074054832,0.9721419281484176,-0.10777519947223067,-0.9941752895635261,0.0,35.98874543739998,-42.20896432715947,1.1938457838069496,443.8920497768799,SLIDING
0.004749976098537445,0.14249928295612335,-6.294968590194034,-3.6556789774101857,-9.45304359800926,-6.520340372550861,-3.538359156355141,-9.43879103416328,-7.089563681773855,-3.3704331041662434,-10.383074565354269,-5.571310033913492,-3.915459863303007,-8.606040043296924,-0.0009100615338312924,-0.0014507996280965346,0.009852257022821727,0.6326056866084847,-0.22709448297365165,0.7404310508572272,0.9664794829137977,-0.10477279022151464,0.23439298525313573,-0.23302771398569547,0.02526175074054832,0.9721419281484176,-0.10777519947223067,-0.9941752895635261,0.0,36.02644798806076,-42.23640969266763,1.1982837180146326,443.7738411931452,NONE
0.004759976174682379,0.14279928524047136,-6.290742144042301,-3.6553429618132,-9.451395298613223,-6.520340372550861,-3.538359156355141,-9.43879103416328,-7.084757421006736,-3.370497278893329,-10.382043913749536,-5.567611640114368,-3.9147593838989527,-8.603829235884309,-0.0009111362146674915,-0.0014415217475955795,0.009853519465121452,0.6321440753718198,-0.22677587708567654,0.7409227824438448,0.9664794829137977,-0.10477279022151464,0.23439298525313573,-0.23302771398569547,0.02526175074054832,0.9721419281484176,-0.10777519947223067,-0.9941752895635261,0.0,36.06191752803188,-42.27692937080593,1.202719636030297,443.41507602387316,NONE
0.0047699762508273125,0.14309928752481937,-6.2864872068703646,-3.654926474357832,-9.44983544505945,-6.520340372550861,-3.538359156355141,-9.43879103416328,-7.079919741557674,-3.3706379724198956,-10.381151196323053,-5.563887421593249,-3.913835457133619,-8.601661803990533,-0.0009122253054579333,-0.0014322441398592317,0.009854771520228713,0.6316801333185109,-0.2263322852973848,0.7414539134718836,0.9664794829137977,-0.10477279022151464,0.23439298525313573,-0.23302771398569547,0.02526175074054832,0.9721419281484176,-0.10777519947223067,-0.9941752895635261,0.0,36.09795141144014,-42.33009216291709,1.2071539276862957,443.4289616355217,NONE
0.004779976326972246,0.14339928980916739,-6.2822322696984285,-3.654510001803625,-9.448275777770194,-6.520340372550861,-3.538359156355141,-9.43879103416328,-7.074916756894283,-3.37078460501742,-10.38039989555907,-5.560313750859315,-3.9129061499728883,-8.599365936139728,-0.0009133288023316764,-0.0014229668378519403,0.0098560131836957,0.6310845858479035,-0.2258839770647784,0.7420974830913918,0.9664794829137977,-0.10477279022151464,0.23439298525313573,-0.23302771398569547,0.02526175074054832,0.9721419281484176,-0.10777519947223067,-0.9941752895635261,0.0,36.14379913103698,-42.38588682422585,1.211588177244435,443.44286037488837,NONE
0.0047899759374558926,0.14369927812367678,-6.278007730895328,-3.6541173115026835,-9.446602086795481,-6.520340372550861,-3.538359156355141,-9.43879103416328,-7.069943364516226,-3.370982601988048,-10.379541986497314,-5.556771212615571,-3.911975505306652,-8.596949291215733,-0.0009144466489748801,-0.0014136903065174672,0.009857244394019315,0.6304883966252732,-0.22541370971608507,0.7427469563673248,0.9664794829137977,-0.10477279022151464,0.23439298525313573,-0.23302771398569547,0.02526175074054832,0.9721419281484176,-0.10777519947223067,-0.9941752895635261,0.0,36.18974583748152,-42.44376114045583,1.2160222654878368,443.36157622526423,NONE
0.004799976013600826,0.1439992804080248,-6.27379320567255,-3.6537113088768605,-9.444885435773047,-6.520340372550861,-3.538359156355141,-9.43879103416328,-7.064982252050271,-3.371242275193972,-10.378660197633906,-5.553236623944452,-3.910963254270214,-8.594472309364306,-0.0009155789455290354,-0.0014044137148386759,0.009858465261493502,0.6298940117107579,-0.22488374128176739,0.7434116201123324,0.9664794829137977,-0.10477279022151464,0.23439298525313573,-0.23302771398569547,0.02526175074054832,0.9721419281484176,-0.10777519947223067,-0.9941752895635261,0.0,36.23573438610286,-42.50748152384208,1.2204553505757154,443.1655539294673,NONE
0.00480997608974576,0.1442992826923728,-6.269505366736698,-3.6531977384936694,-9.443446154965075,-6.2777353662142605,-3.564659149148533,-9.379953870335289,-7.060254162240992,-3.371566297376324,-10.377846626801862,-5.549349733006947,-3.9096868664053197,-8.592463178097114,-0.0009167256362519585,-0.001395137527773668,0.009859675724202191,0.6295435121808519,-0.22421690376208156,0.7439097702936446,0.9682469746788666,-0.09781683853987055,0.23006447384002407,-0.22889936724695575,0.023124484799242513,0.9731753890623791,-0.10051306233104983,-0.9949357387795629,-3.469446951953615e-18,36.61772396498552,-42.23803237187292,1.2245565114419534,442.24053816383145,IMPACT
0.004819975700229406,0.1445992710068822,-6.26511560385828,-3.6525970391583327,-9.442443396223696,-6.2777353662142605,-3.564659149148533,-9.379953870335289,-7.056336423340728,-3.3719431300254583,-10.376738406427698,-5.544530085531733,-3.908195903095166,-8.591556466026214,-0.0009178866626657336,-0.0013858622102031048,0.009860875722207037,0.6299193074204144,-0.2234386554457114,0.7438258085006186,0.9682469746788666,-0.09781683853987055,0.23006447384002407,-0.22889936724695575,0.023124484799242513,0.9731753890623791,-0.10051306233104983,-0.9949357387795629,-3.469446951953615e-18,36.59193235528711,-42.30937689439966,1.2289788267208674,442.2382048278144,NONE
0.00482997577637434,0.1448992732912302,-6.260725721770572,-3.651996352861512,-9.441440838647994,-6.2777353662142605,-3.564659149148533,-9.379953870335289,-7.052253235658398,-3.372327267673345,-10.375771382692609,-5.539860888818291,-3.906698311844401,-8.590521546851415,-0.0009190621287773335,-0.001376586931218892,0.009862065363007773,0.6301634778500446,-0.22265460173793988,0.7438540982671641,0.9682469746788666,-0.09781683853987055,0.23006447384002407,-0.22889936724695575,0.023124484799242513,0.9731753890623791,-0.10051306233104983,-0.9949357387795629,-3.469446951953615e-18,36.5759518185774,-42.383678335524344,1.2334012124181264,442.25197202408873,NONE
0.004839975852519274,0.1451992755755782,-6.256352171355533,-3.651408518816221,-9.440376649869593,-6.2777353662142605,-3.564659149148533,-9.379953870335289,-7.048110110714146,-3.3727431172146636,-10.374811841522273,-5.535277483893342,-3.905196396875449,-8.589362052756163,-0.0009202519766807116,-0.0013673121557198596,0.009863244586252021,0.6303469278420012,-0.22185553319199394,0.743937411985879,0.9682469746788666,-0.09781683853987055,0.23006447384002407,-0.22889936724695575,0.023124484799242513,0.9731753890623791,-0.10051306233104983,-0.9949357387795629,-3.469446951953615e-18,36.56454377570284,-42.46057786083515,1.237823221339566,442.1372521700666,NONE
0.0048499759286642075,0.14549927785992622,-6.251992449218082,-3.6508313502770546,-9.439261476768168,-6.2777353662142605,-3.564659149148533,-9.379953870335289,-7.043889509561458,-3.3731866294207906,-10.373882588655922,-5.5307910606322,-3.9036896676551383,-8.588077557228358,-0.0009214562021485601,-0.0013580379166604605,0.009864413387749831,0.6304576870538573,-0.22104293259764485,0.7440854297614847,0.9682469746788666,-0.09781683853987055,0.23006447384002407,-0.22889936724695575,0.023124484799242513,0.9731753890623791,-0.10051306233104983,-0.9949357387795629,-3.469446951953615e-18,36.55859862388941,-42.5401108613916,1.242244614020608,442.14977740701045,SLIDING
0.004859975539147854,0.14579926617443562,-6.247650966101932,-3.6502683080387,-9.438078443778666,-6.2777353662142605,-3.564659149148533,-9.379953870335289,-7.039620022859973,-3.373664472867131,-10.372947150866615,-5.526384008495997,-3.902178663568263,-8.586669032806787,-0.000922674743820489,-0.0013487646788146149,0.009865571709651823,0.63051500598499,-0.22021424612547172,0.7442825491915946,0.9682469746788666,-0.09781683853987055,0.23006447384002407,-0.22889936724695575,0.023124484799242513,0.9731753890623791,-0.10051306233104983,-0.9949357387795629,-3.469446951953615e-18,36.55669499855627,-42.62217226732825,1.2466653407639843,442.04994272510027,SLIDING
0.0048699756152927876,0.14609926845878363,-6.243324384146976,-3.649716655875433,-9.436840827835711,-6.2777353662142605,-3.564659149148533,-9.379953870335289,-7.035279621982897,-3.3741715533158048,-10.372033837703615,-5.522070011795263,-3.9006627958925124,-8.585136065830298,-0.0009239077108569183,-0.0013394916114605625,0.00986671965572358,0.6305040042448476,-0.2193713510736282,0.7445407382805487,0.9682469746788666,-0.09781683853987055,0.23006447384002407,-0.22889936724695575,0.023124484799242513,0.9731753890623791,-0.10051306233104983,-0.9949357387795629,-3.469446951953615e-18,36.5599368174297,-42.7068021615039,1.2510853112427185,441.9388627922069,SLIDING
0.004879975691437721,0.14639927074313164,-6.239012941771793,-3.649176129291642,-9.435550111604842,-6.2777353662142605,-3.564659149148533,-9.379953870335289,-7.030867464244597,-3.3747077665286387,-10.371144949698607,-5.5178502935384905,-3.899141654181631,-8.583479394112311,-0.0009251550424688343,-0.001330219179395476,0.009867857167701314,0.6304238211275444,-0.21851411985541336,0.7448606481609563,0.9682469746788666,-0.09781683853987055,0.23006447384002407,-0.22889936724695575,0.023124484799242513,0.9731753890623791,-0.10051306233104983,-0.9949357387795629,-3.469446951953615e-18,36.56838984188319,-42.79399385870031,1.2555039276279505,441.80314743090156,SLIDING
0.004889975767582655,0.14669927302747965,-6.234716758185672,-3.6486468530845526,-9.434205646885546,-6.2777353662142605,-3.564659149148533,-9.379953870335289,-7.026384726026927,-3.3752735857974074,-10.370278856315762,-5.513724010140233,-3.8976150458497316,-8.581699264090814,-0.0009264167342235022,-0.0013209474155655612,0.009868984241543881,0.6302752982861225,-0.2176422750218018,0.7452414967603952,0.9682469746788666,-0.09781683853987055,0.23006447384002407,-0.22889936724695575,0.023124484799242513,0.9731753890623791,-0.10051306233104983,-0.9949357387795629,-3.469446951953615e-18,36.58199252503127,-42.883724040740674,1.2599212358308254,441.66344077981154,SLIDING
0.004899975378066301,0.14699926134198904,-6.230435833388614,-3.648128797451842,-9.432807478381308,-6.2777353662142605,-3.564659149148533,-9.379953870335289,-7.021831300917363,-3.375868895239928,-10.369435434193353,-5.509691258513163,-3.896083019489675,-8.579795873530676,-0.000927692721881703,-0.00131167678461135,0.009870100821494527,0.63005835100175,-0.2167558851040612,0.745683150276115,0.9682469746788666,-0.09781683853987055,0.23006447384002407,-0.22889936724695575,0.023124484799242513,0.9731753890623791,-0.10051306233104983,-0.9949357387795629,-3.469446951953615e-18,36.600750124245764,-42.97594799820751,1.264337222651493,441.52163272523967,SLIDING
0.004909975454211235,0.14729926362633705,-6.226170405799198,-3.6476219251406077,-9.431355658246192,-6.2777353662142605,-3.564659149148533,-9.379953870335289,-7.01720726805959,-3.376493763419112,-10.368614624835944,-5.505752422131675,-3.8945454414793255,-8.577769375357358,-0.000928983119751173,-0.001302406456044633,0.009871207007578636,0.6297728524699645,-0.2158548658584224,0.7461855206160773,0.9682469746788666,-0.09781683853987055,0.23006447384002407,-0.22889936724695575,0.023124484799242513,0.9731753890623791,-0.10051306233104983,-0.9949357387795629,-3.469446951953615e-18,36.62467035751638,-43.07063442766262,1.268751641599124,441.3777615401664,SLIDING
0.004919975530356169,0.14759926591068506,-6.221900805884647,-3.6471105396401766,-9.429928462279948,-6.2777353662142605,-3.564659149148533,-9.379953870335289,-7.012610501805448,-3.3771465512124124,-10.36779934343318,-5.501780781169401,-3.8929738128765523,-8.575784892775241,-0.0009302878641629677,-0.0012931368945344765,0.009872302743624327,0.6295123835983532,-0.2149280256933917,0.7466726877741419,0.9682469746788666,-0.09781683853987055,0.23006447384002407,-0.22889936724695575,0.023124484799242513,0.9731753890623791,-0.10051306233104983,-0.9949357387795629,-3.469446951953615e-18,36.64682904528989,-43.167351643893944,1.27316399377559,440.5499618134744,SLIDING
0.004929975140839815,0.14789925422519445,-6.217540487700748,-3.646523668582428,-9.428882542325171,-6.2777353662142605,-3.564659149148533,-9.379953870335289,-7.008532974425277,-3.377824114047476,-10.366878066474513,-5.497162917995704,-3.891235388763567,-8.574625457180145,-0.0009316068887211892,-0.0012838685646049195,0.009873387975446296,0.6297375235123222,-0.21392136446503815,0.7467719205393197,0.9682469746788666,-0.09781683853987055,0.23006447384002407,-0.22889936724695575,0.023124484799242513,0.9731753890623791,-0.10051306233104983,-0.9949357387795629,-3.469446951953615e-18,36.63316214893088,-43.26417186743146,1.2775690818183634,440.4658401954672,SLIDING
0.004939975216984749,0.14819925650954247,-6.213194474631595,-3.6459474239152554,-9.427785325122985,-6.2777353662142605,-3.564659149148533,-9.379953870335289,-7.004378974000439,-3.3785303135863702,-10.365985381106757,-5.492642033983545,-3.8894911885772796,-8.573341967480701,-0.0009329403115864905,-0.0012746006359729608,0.009874462800263367,0.6298903916737062,-0.21290036457954548,0.7469347556775235,0.9682469746788666,-0.09781683853987055,0.23006447384002407,-0.22889936724695575,0.023124484799242513,0.9731753890623791,-0.10051306233104983,-0.9949357387795629,-3.469446951953615e-18,36.624941255002916,-43.363588833691715,1.2819731600912263,440.3545427645084,SLIDING
0.0049499752931296825,0.14849925879389048,-6.208863720351505,-3.6453824724656227,-9.426633629275473,-6.2777353662142605,-3.564659149148533,-9.379953870335289,-7.000154889076191,-3.379266855624613,-10.365113747742445,-5.488214133127965,-3.8877409329287853,-8.571935211396337,-0.0009342880669325721,-0.0012653335731949878,0.009875527163474817,0.6299753149784277,-0.21186419887673863,0.7471577234775455,0.9682469746788666,-0.09781683853987055,0.23006447384002407,-0.22889936724695575,0.023124484799242513,0.9731753890623791,-0.10051306233104983,-0.9949357387795629,-3.469446951953615e-18,36.62185156592567,-43.465580014562335,1.286376102355451,440.21759845447133,SLIDING
0.004959975369274616,0.1487992610782385,-6.204548463279056,-3.6448286596339825,-9.425428132785472,-6.2777353662142605,-3.564659149148533,-9.379953870335289,-6.995859993510919,-3.3800333270234937,-10.36426446673082,-5.483880332297766,-3.885984702676922,-8.570405300142717,-0.000935650149971525,-0.0012560674091977072,0.009876581061298153,0.6299915255054807,-0.2108130731889285,0.7474413194117094,0.9682469746788666,-0.09781683853987055,0.23006447384002407,-0.22889936724695575,0.023124484799242513,0.9731753890623791,-0.10051306233104983,-0.9949357387795629,-3.469446951953615e-18,36.62395272862387,-43.570098540869985,1.2907775066561644,440.07931814814776,SLIDING
0.004969974979758263,0.14909924939274788,-6.20024846499567,-3.6442859556180123,-9.424168805850657,-6.2777353662142605,-3.564659149148533,-9.379953870335289,-6.991493951283706,-3.3808297373252123,-10.363437441256844,-5.479640481963376,-3.8842224321872822,-8.568752264947754,-0.0009370264914347641,-0.0012468026083254312,0.009877624441646164,0.6299389455501376,-0.2097469561925292,0.747785490128787,0.9682469746788666,-0.09781683853987055,0.23006447384002407,-0.22889936724695575,0.023124484799242513,0.9731753890623791,-0.10051306233104983,-0.9949357387795629,-3.469446951953615e-18,36.631252672666946,-43.677107530836906,1.2951776077827244,439.9393694486276,SLIDING
0.004979975055903196,0.1493992516770959,-6.1959638447106355,-3.6437543417912606,-9.422855700625094,-6.2777353662142605,-3.564659149148533,-9.379953870335289,-6.9870568951583065,-3.3816561394238893,-10.362632528300328,-5.475494688989677,-3.8824540376977557,-8.566976335715816,-0.0009384172146187155,-0.001237538340611699,0.009878657397987795,0.6298175859035955,-0.20866579094744434,0.7481900802435467,0.9682469746788666,-0.09781683853987055,0.23006447384002407,-0.22889936724695575,0.023124484799242513,0.9731753890623791,-0.10051306233104983,-0.9949357387795629,-3.469446951953615e-18,36.6437516898007,-43.78656871320657,1.2995762764903152,439.7977753694365,SLIDING
0.00498997513204813,0.1496992539614439,-6.191694602423953,-3.6432337809008244,-9.421488846911105,-6.2777353662142605,-3.564659149148533,-9.379953870335289,-6.982548511461357,-3.382512470230272,-10.3618497673606,-5.471443239047215,-3.88067950548528,-8.565077533417906,-0.0009398222508240938,-0.0012282750704382492,0.009879679877819302,0.6296271968392261,-0.20756959802292024,0.7486550974761221,0.9682469746788666,-0.09781683853987055,0.23006447384002407,-0.22889936724695575,0.023124484799242513,0.9731753890623791,-0.10051306233104983,-0.9949357387795629,-3.469446951953615e-18,36.66146804722003,-43.898437484460196,1.3039735022785202,439.6546564779916,SLIDING
0.004999975208193064,0.1499992562457919,-6.187414750510501,-3.642703433672774,-9.420173402203234,-6.2777353662142605,-3.564659149148533,-9.379953870335289,-6.9781089649138766,-3.3833976920820077,-10.361059877647126,-5.467308825218558,-3.8788599624297593,-8.563283452015044,-0.000941241595058169,-0.0012190128307185142,0.009880691877508218,0.6295000582063826,-0.2064426126448964,0.7490735106800337,0.9682469746788666,-0.09781683853987055,0.23006447384002407,-0.22889936724695575,0.023124484799242513,0.9731753890623791,-0.10051306233104983,-0.9949357387795629,-3.469446951953615e-18,36.67461986638673,-44.012310029786555,1.3083682161511998,439.03574042499474,SLIDING
0.00500997481867671,0.1502992445603013,-6.18308697646265,-3.642133084277499,-9.419062818659457,-6.2777353662142605,-3.564659149148533,-9.379953870335289,-6.973941453733656,-3.384309705466005,-10.360221928005354,-5.46283509558069,-3.8769395864359057,-8.561924573637823,-0.0009426751751839321,-0.0012097520855907495,0.00988169334706797,0.6296276492304026,-0.20526245040412527,0.7492905643198045,0.9682469746788666,-0.09781683853987055,0.23006447384002407,-0.22889936724695575,0.023124484799242513,0.9731753890623791,-0.10051306233104983,-0.9949357387795629,-3.469446951953615e-18,36.66905212054543,-44.12770167822875,1.3127582863240708,438.9546672733112,SLIDING
0.005019974894821644,0.15059924684464931,-6.178774461203861,-3.641573784093249,-9.417898233307513,-6.2777353662142605,-3.564659149148533,-9.379953870335289,-6.969702237173971,-3.385251844966387,-10.359405792866838,-5.458455825277309,-3.875012885815841,-8.560442645552383,-0.0009441231196264913,-0.0012004920054519137,0.009882684376212298,0.629686004956942,-0.20406710035393943,0.7495679780476893,0.9682469746788666,-0.09781683853987055,0.23006447384002407,-0.22889936724695575,0.023124484799242513,0.9731753890623791,-0.10051306233104983,-0.9949357387795629,-3.469446951953615e-18,36.66872587473192,-44.245566119466694,1.3171470869170694,438.82053860264756,SLIDING
0.0050299749709665775,0.15089924912899733,-6.174477204734134,-3.6410254921418312,-9.416679780257853,-6.2777353662142605,-3.564659149148533,-9.379953870335289,-6.965391372097757,-3.3862241379931124,-10.358611422031087,-5.45417096252185,-3.8730797573084894,-8.558837969725973,-0.0009455853568173005,-0.0011912330544833628,0.009883664914537918,0.629675170656628,-0.2028565080480738,0.7499056051271313,0.9682469746788666,-0.09781683853987055,0.23006447384002407,-0.22889936724695575,0.023124484799242513,0.9731753890623791,-0.10051306233104983,-0.9949357387795629,-3.469446951953615e-18,36.67364079365394,-44.365862521454304,1.3215345830677858,438.6824790610906,SLIDING
0.005039974581450224,0.15119923744350672,-6.17019520705347,-3.6404881748956326,-9.415407548917445,-6.2777353662142605,-3.564659149148533,-9.379953870335289,-6.961008733380239,-3.3872266095324672,-10.357838827088194,-5.449980621268723,-3.8711401140960997,-8.557110706435427,-0.0009470618124710698,-0.0011819756966512664,0.00988463491363563,0.6295950467131317,-0.20163062690151357,0.75030338360532,0.9682469746788666,-0.09781683853987055,0.23006447384002407,-0.22889936724695575,0.023124484799242513,0.9731753890623791,-0.10051306233104983,-0.9949357387795629,-3.469446951953615e-18,36.68380612126254,-44.48854879117552,1.3259207509272883,438.54313037317917,SLIDING
0.005049974657595158,0.15149923972785473,-6.165928587371158,-3.63996179510175,-9.414081583989772,-6.2777353662142605,-3.564659149148533,-9.379953870335289,-6.9565540873386045,-3.3882591571169303,-10.357088089173507,-5.445885242115294,-3.869193978318428,-8.555260867204776,-0.000948552618851206,-0.0011727191026561234,0.009885594460401805,0.6294453521763796,-0.20038950883395756,0.7507613424869711,0.9682469746788666,-0.09781683853987055,0.23006447384002407,-0.22889936724695575,0.023124484799242513,0.9731753890623791,-0.10051306233104983,-0.9949357387795629,-3.469446951953615e-18,36.69924306159884,-44.613573011186084,1.330305461142899,438.40258666243386,SLIDING
0.005059974733740091,0.15179924201220274,-6.161630854064273,-3.639409207890618,-9.412890891803416,-6.2777353662142605,-3.564659149148533,-9.379953870335289,-6.952278976819593,-3.3893205051261432,-10.356307742786694,-5.441566905643118,-3.8671715380414247,-8.553696462353921,-0.0009500577022398242,-0.0011634637365111867,0.009886543506010275,0.629463362990198,-0.199104597048034,0.7510880335136559,0.9682469746788666,-0.09781683853987055,0.23006447384002407,-0.22889936724695575,0.023124484799242513,0.9731753890623791,-0.10051306233104983,-0.9949357387795629,-3.469446951953615e-18,36.702415140323836,-44.74057838162518,1.3346866120526144,437.97104200349673,SLIDING
0.005069974809885025,0.15209924429655075,-6.157331451827335,-3.6388540912073735,-9.411715219987544,-6.2777353662142605,-3.564659149148533,-9.379953870335289,-6.948024264070798,-3.3904114750625003,-10.355529455489291,-5.437226803519138,-3.865117287171125,-8.55215888205161,-0.000951577057290104,-0.0011542096311018702,0.009887482047088423,0.6294989418965249,-0.19779408837859355,0.7514044055990331,0.9682469746788666,-0.09781683853987055,0.23006447384002407,-0.22889936724695575,0.023124484799242513,0.9731753890623791,-0.10051306233104983,-0.9949357387795629,-3.469446951953615e-18,36.70442395468878,-44.869820353160165,1.3390656758202102,437.83736392155623,SLIDING
0.005079974420368671,0.15239923261106014,-6.153047308379459,-3.6383098411959294,-9.410485889090213,-6.2777353662142605,-3.564659149148533,-9.379953870335289,-6.9436969412535365,-3.391532665359485,-10.35477310784752,-5.432981984653609,-3.863056277061436,-8.550498792918432,-0.0009531106068552735,-0.0011449572501425662,0.009888410037332982,0.6294645652499696,-0.1964681715424795,0.7517809645537866,0.9682469746788666,-0.09781683853987055,0.23006447384002407,-0.22889936724695575,0.023124484799242513,0.9731753890623791,-0.10051306233104983,-0.9949357387795629,-3.469446951953615e-18,36.71174235727949,-45.00141401333938,1.3434433733032805,437.7009397920069,SLIDING
0.005089974496513605,0.15269923489540815,-6.148778542929935,-3.6377764541309956,-9.409202839506777,-6.2777353662142605,-3.564659149148533,-9.379953870335289,-6.939297211587548,-3.3926840477592135,-10.354038335679958,-5.428832491745302,-3.8609885263295443,-8.548716412735782,-0.0009546584883144484,-0.0011357057647796984,0.009889327559876288,0.6293602999342692,-0.19512686607097113,0.7522174678934064,0.9682469746788666,-0.09781683853987055,0.23006447384002407,-0.22889936724695575,0.023124484799242513,0.9731753890623791,-0.10051306233104983,-0.9949357387795629,-3.469446951953615e-18,36.7243665777257,-45.135303276512154,1.3478196024263092,437.56380097062674,SLIDING
0.005099974572658539,0.15299923717975616,-6.1444899887383455,-3.637226116995204,-9.408008213413867,-6.2777353662142605,-3.564659149148533,-9.379953870335289,-6.935014907436472,-3.393865179477898,-10.353285937151263,-5.42453824547816,-3.8588612951696737,-8.547119038420462,-0.0009562206250879926,-0.0011264556387794394,0.009890234567997433,0.6293652758159636,-0.1937483815382399,0.7525695411378334,0.9682469746788666,-0.09781683853987055,0.23006447384002407,-0.22889936724695575,0.023124484799242513,0.9731753890623791,-0.10051306233104983,-0.9949357387795629,-3.469446951953615e-18,36.72906345762286,-45.271393503777276,1.35219299083281,437.22628426396824,SLIDING
0.0051099746488034725,0.15329923946410418,-6.140206202918338,-3.636678365210879,-9.406802217734965,-6.2777353662142605,-3.564659149148533,-9.379953870335289,-6.930715668985371,-3.3950763015419394,-10.352543934524205,-5.420268532773915,-3.8567116909157373,-8.545490472119644,-0.0009577970116250665,-0.0011172069050088063,0.009891131058473722,0.6293529734214403,-0.19234807890574915,0.7529389426685674,0.9682469746788666,-0.09781683853987055,0.23006447384002407,-0.22889936724695575,0.023124484799242513,0.9731753890623791,-0.10051306233104983,-0.9949357387795629,-3.469446951953615e-18,36.7351849842213,-45.409759331846246,1.3565646309066768,437.0950092947147,SLIDING
0.005119974259287119,0.15359922777861357,-6.135937675887393,-3.6361414130431298,-9.405542562974604,-6.2777353662142605,-3.564659149148533,-9.379953870335289,-6.926343787231666,-3.396317689233545,-10.351823139037467,-5.41609413359532,-3.8545551580724537,-8.543740064108826,-0.0009593875679220293,-0.001107960026903449,0.009892016987110713,0.6292706890151443,-0.19093227868287843,0.7533679478869336,0.9682469746788666,-0.09781683853987055,0.23006447384002407,-0.22889936724695575,0.023124484799242513,0.9731753890623791,-0.10051306233104983,-0.9949357387795629,-3.469446951953615e-18,36.746627128117616,-45.550378552250606,1.3609348981368896,436.9655255081747,SLIDING
0.005129974335432053,0.15389923006296158,-6.131654366904544,-3.635591549019206,-9.40435076810232,-6.2777353662142605,-3.564659149148533,-9.379953870335289,-6.922061379088501,-3.3975894233688058,-10.351090389784256,-5.411810004194181,-3.8523463169066274,-8.542130204371198,-0.0009609924364661714,-0.0010987141761029135,0.009892892433271584,0.6292714062059668,-0.18948203897409246,0.7537334105887743,0.9682469746788666,-0.09781683853987055,0.23006447384002407,-0.22889936724695575,0.023124484799242513,0.9731753890623791,-0.10051306233104983,-0.9949357387795629,-3.469446951953615e-18,36.752093542694375,-45.693306272265595,1.3653026028009183,436.71327716157964,SLIDING
0.005139974411576986,0.1541992323473096,-6.127383455687808,-3.6350506182414177,-9.403114970101031,-6.2777353662142605,-3.564659149148533,-9.379953870335289,-6.917717864851627,-3.39889131455357,-10.350376535329708,-5.407605214448987,-3.850127079913467,-8.54041905871486,-0.0009626115378198462,-0.0010894698161003989,0.009893757352343555,0.6292136043344336,-0.18801490223329032,0.7541489485895195,0.9682469746788666,-0.09781683853987055,0.23006447384002407,-0.22889936724695575,0.023124484799242513,0.9731753890623791,-0.10051306233104983,-0.9949357387795629,-3.469446951953615e-18,36.76203916403602,-45.83845870279953,1.3696693007440324,436.62455005919696,SLIDING
0.005149974022060633,0.15449922066181898,-6.123106345588016,-3.634503790329087,-9.401911164892825,-6.2777353662142605,-3.564659149148533,-9.379953870335289,-6.913415891276477,-3.400223956980553,-10.349660050234304,-5.40335074816725,-3.847868569149414,-8.538771438319507,-0.0009642447898406245,-0.0010802274101059464,0.0098946117017142,0.6291938096288446,-0.186518588403692,0.7545369216311657,0.9682469746788666,-0.09781683853987055,0.23006447384002407,-0.22889936724695575,0.023124484799242513,0.9731753890623791,-0.10051306233104983,-0.9949357387795629,-3.469446951953615e-18,36.7693403247834,-45.985938778426544,1.374034063492747,436.42054708866306,SLIDING
0.005159974098205566,0.154799222946167,-6.118834361487674,-3.6339601326388005,-9.400692786348971,-6.2777353662142605,-3.564659149148533,-9.379953870335289,-6.909092082767604,-3.4015870721328927,-10.348954175784767,-5.399125961912773,-3.845588363502726,-8.5370863088771,-0.0009658923388376486,-0.0010709861301589569,0.009895455557920086,0.6291525503561793,-0.18500053807076394,0.7549449445448613,0.9682469746788666,-0.09781683853987055,0.23006447384002407,-0.22889936724695575,0.023124484799242513,0.9731753890623791,-0.10051306233104983,-0.9949357387795629,-3.469446951953615e-18,36.77839118802662,-46.135673861859715,1.3783975259158971,436.25337324227,SLIDING
0.0051699741743505,0.155099225230515,-6.114563331061649,-3.6334162179034832,-9.399477447642,-6.2777353662142605,-3.564659149148533,-9.379953870335289,-6.904770228177982,-3.402980819606143,-10.348253899155978,-5.394901218383359,-3.84327976905661,-8.53540188964869,-0.0009675541032330437,-0.0010617464395308407,0.009896288877930868,0.6291120874144264,-0.18345789560436127,0.7553550039613707,0.9682469746788666,-0.09781683853987055,0.23006447384002407,-0.22889936724695575,0.023124484799242513,0.9731753890623791,-0.10051306233104983,-0.9949357387795629,-3.469446951953615e-18,36.78755169331658,-46.287691332380135,1.38275934044497,436.1092583628155,SLIDING
0.005179974250495434,0.15539922751486301,-6.110293492728519,-3.6328723851245526,-9.39826334573141,-6.2777353662142605,-3.564659149148533,-9.379953870335289,-6.9004469628409275,-3.4044052155031888,-10.347560145505145,-5.390680037421684,-3.840943418884631,-8.533713892952678,-0.0009692300771236962,-0.0010525083710511969,0.009897111658784674,0.6290695522580179,-0.18189091807560112,0.7557692718968617,0.9682469746788666,-0.09781683853987055,0.23006447384002407,-0.22889936724695575,0.023124484799242513,0.9731753890623791,-0.10051306233104983,-0.9949357387795629,-3.469446951953615e-18,36.79703724512802,-46.44199051501425,1.3871197242075102,435.9540830203345,SLIDING
0.00518997386097908,0.1556992158293724,-6.1060248464882845,-3.6323284852903965,-9.397051240576419,-6.2777353662142605,-3.564659149148533,-9.379953870335289,-6.8961244741339645,-3.4058604982286442,-10.346871748470667,-5.386460426925758,-3.8385788111450774,-8.5320248330991,-0.0009709201755174695,-0.0010432723876054207,0.009897923859982668,0.6290266863367527,-0.1802992970485137,0.756186214738153,0.9682469746788666,-0.09781683853987055,0.23006447384002407,-0.22889936724695575,0.023124484799242513,0.9731753890623791,-0.10051306233104983,-0.9949357387795629,-3.469446951953615e-18,36.80672300284453,-46.59857771964147,1.3914784877880528,435.8080243652952,SLIDING
0.005199973937124014,0.15599921811372042,-6.101757630759525,-3.631784842501271,-9.395839448345813,-6.2777353662142605,-3.564659149148533,-9.379953870335289,-6.891799627339743,-3.4073467414886127,-10.346189568269786,-5.382245697317377,-3.8361864979787152,-8.530330709325197,-0.0009726245498174929,-0.001034037661808524,0.009898725554284605,0.6289808041759857,-0.17868323187087595,0.7566078578935784,0.9682469746788666,-0.09781683853987055,0.23006447384002407,-0.22889936724695575,0.023124484799242513,0.9731753890623791,-0.10051306233104983,-0.9949357387795629,-3.469446951953615e-18,36.816811023132225,-46.757453538254644,1.3958358194307383,435.66036499547846,SLIDING
0.005209974013268948,0.15629922039806843,-6.0974918455422396,-3.6312414344054345,-9.39462807334772,-6.2777353662142605,-3.564659149148533,-9.379953870335289,-6.887472293726633,-3.408863990919236,-10.345513624873803,-5.378035965835807,-3.833766395115457,-8.52863170274685,-0.0009743431155962127,-0.0010248046566126122,0.00989951670077222,0.6289318032878445,-0.1770426684150919,0.7570341342195637,0.9682469746788666,-0.09781683853987055,0.23006447384002407,-0.22889936724695575,0.023124484799242513,0.9731753890623791,-0.10051306233104983,-0.9949357387795629,-3.469446951953615e-18,36.827312490690815,-46.91861639767665,1.4001916929515907,435.51349744680573,SLIDING
0.005219974089413881,0.15659922268241644,-6.093227610045719,-3.630698253552306,-9.393417130483302,-6.2777353662142605,-3.564659149148533,-9.379953870335289,-6.883142428588996,-3.4104123530893493,-10.344843885146581,-5.373831500971955,-3.831318391264255,-8.526927872014046,-0.0009760758667474035,-0.001015573404823257,0.009900297296634669,0.628879553173767,-0.1753775159062108,0.7574650054718901,0.9682469746788666,-0.09781683853987055,0.23006447384002407,-0.22889936724695575,0.023124484799242513,0.9731753890623791,-0.10051306233104983,-0.9949357387795629,-3.469446951953615e-18,36.838240866608096,-47.08206832361356,1.4045459887695593,435.3678943551289,SLIDING
0.005229973699897528,0.15689921099692583,-6.088964685851383,-3.6301552962165955,-9.392206575049075,-6.2777353662142605,-3.564659149148533,-9.379953870335289,-6.878809598259105,-3.4119918486554606,-10.34418025770948,-5.369632242125753,-3.828842460494676,-8.52521921493159,-0.000977822715435151,-0.0010063443689751425,0.009901067303487887,0.6288238983888964,-0.17368775493300648,0.7579004344907868,0.9682469746788666,-0.09781683853987055,0.23006447384002407,-0.22889936724695575,0.023124484799242513,0.9731753890623791,-0.10051306233104983,-0.9949357387795629,-3.469446951953615e-18,36.849611202777794,-47.247804296806585,1.4088989476530003,435.2236489015647,SLIDING
0.005239973776042461,0.15719921328127384,-6.084703192168521,-3.629612566123593,-9.390996451748522,-6.2777353662142605,-3.564659149148533,-9.379953870335289,-6.874473789943245,-3.4136026263532204,-10.343522712172396,-5.365438428725083,-3.8263384744672795,-8.523505844592664,-0.0009795838181475734,-0.0009971167223058821,0.009901826790310904,0.6287647338409007,-0.17197327004752455,0.7583403614915553,0.9682469746788666,-0.09781683853987055,0.23006447384002407,-0.22889936724695575,0.023124484799242513,0.9731753890623791,-0.10051306233104983,-0.9949357387795629,-3.469446951953615e-18,36.86143525975854,-47.41582796243972,1.4132504442575886,435.08081887571143,SLIDING
0.005249973852187395,0.15749921556562185,-6.080443009787845,-3.629070052097428,-9.389786745680484,-6.2777353662142605,-3.564659149148533,-9.379953870335289,-6.87013461829528,-3.4152448882697866,-10.342871280626444,-5.361250183938452,-3.823806227781968,-8.521787703299008,-0.000981359087612194,-0.0009878909274217257,0.009902575718300197,0.6287018476486783,-0.1702338914634091,0.7587848238864311,0.9682469746788666,-0.09781683853987055,0.23006447384002407,-0.22889936724695575,0.023124484799242513,0.9731753890623791,-0.10051306233104983,-0.9949357387795629,-3.469446951953615e-18,36.873733016375915,-47.58614885794333,1.4176005963423997,434.9394751921829,SLIDING
0.005259973928332329,0.15779921784996986,-6.076184377127933,-3.6285277578633908,-9.388577456844958,-6.2777353662142605,-3.564659149148533,-9.379953870335289,-6.865792176329145,-3.41691854662,-10.342225837089849,-5.3570678786082535,-3.821245807504997,-8.520064905785524,-0.0009831485175201787,-0.0009786670171026987,0.009903314084795653,0.6286351240503713,-0.1684696920354155,0.7592337213768016,0.9682469746788666,-0.09781683853987055,0.23006447384002407,-0.22889936724695575,0.023124484799242513,0.9731753890623791,-0.10051306233104983,-0.9949357387795629,-3.469446951953615e-18,36.88651628834759,-47.758751697787744,1.4219491734237621,434.7996032011862,SLIDING
0.005269973538815975,0.15809920616447926,-6.071926936560916,-3.62798567224561,-9.387368585241946,-6.2777353662142605,-3.564659149148533,-9.379953870335289,-6.861445840178516,-3.418623763553638,-10.341586411529766,-5.352891397576953,-3.818657044608287,-8.51833742476034,-0.0009849520171967795,-0.0009694454535062416,0.009904041853530495,0.6285643510839846,-0.16668053377277048,0.7596870778205944,0.9682469746788666,-0.09781683853987055,0.23006447384002407,-0.22889936724695575,0.023124484799242513,0.9731753890623791,-0.10051306233104983,-0.9949357387795629,-3.469446951953615e-18,36.89980499219139,-47.9336422237371,1.426296520680589,434.6612638655347,SLIDING
0.005279973614960909,0.15839920844882727,-6.067670926505374,-3.627443795244086,-9.386160145772608,-6.2777353662142605,-3.564659149148533,-9.379953870335289,-6.857095766815669,-3.420360646976709,-10.340952876783309,-5.34872105343841,-3.816039840819011,-8.516605404506063,-0.0009867697482062226,-0.0009602254105395813,0.009904759089699127,0.6284894639071913,-0.16486633076762566,0.7601447801155191,0.9682469746788666,-0.09781683853987055,0.23006447384002407,-0.22889936724695575,0.023124484799242513,0.9731753890623791,-0.10051306233104983,-0.9949357387795629,-3.469446951953615e-18,36.91360793353759,-48.11081964149762,1.4306424038365844,434.52448960845874,SLIDING
0.005289973691105843,0.15869921073317528,-6.063416227752017,-3.626902126858819,-9.384952123535784,-6.2777353662142605,-3.564659149148533,-9.379953870335289,-6.852741460831141,-3.422129253615797,-10.340325304441821,-5.344557069598684,-3.8133941444747843,-8.514868751350544,-0.0009886016204356978,-0.0009510073504371008,0.00990546575661501,0.6284101630135236,-0.16302703785791134,0.7606068971213656,0.9682469746788666,-0.09781683853987055,0.23006447384002407,-0.22889936724695575,0.023124484799242513,0.9731753890623791,-0.10051306233104983,-0.9949357387795629,-3.469446951953615e-18,36.927951184327455,-48.29028056605448,1.434986941744011,434.3893435211662,SLIDING
0.005299973301589489,0.15899919904768467,-6.0591628403008455,-3.6263606596392277,-9.383744533432635,-6.2777353662142605,-3.564659149148533,-9.379953870335289,-6.848382777614599,-3.4239297956808263,-10.339703634989634,-5.340399577758192,-3.8107197480744524,-8.513127547968299,-0.0009904475410845153,-0.0009417917350556816,0.00990616181960106,0.6283263332735032,-0.16116248016401089,0.7610733695922224,0.9682469746788666,-0.09781683853987055,0.23006447384002407,-0.22889936724695575,0.023124484799242513,0.9731753890623791,-0.10051306233104983,-0.9949357387795629,-3.469446951953615e-18,36.94284776278334,-48.47203251047099,1.439330130245846,434.25582496782926,SLIDING
0.005309973377734423,0.15929920133203268,-6.054910644942569,-3.6258193935853127,-9.38253737546316,-6.2777353662142605,-3.564659149148533,-9.379953870335289,-6.844019376411834,-3.425762272187455,-10.339087805959695,-5.336248660474403,-3.808016652514481,-8.511381851249713,-0.0009923076755144155,-0.0009325777388355437,0.009906847341012968,0.6282377983072633,-0.1592726584695942,0.7615441477958259,0.9682469746788666,-0.09781683853987055,0.23006447384002407,-0.22889936724695575,0.023124484799242513,0.9731753890623791,-0.10051306233104983,-0.9949357387795629,-3.469446951953615e-18,36.958314453942556,-48.65606599139222,1.4436720847661277,434.12399741279717,SLIDING
0.005319973453879356,0.1595992036163807,-6.050659880095767,-3.625278321246493,-9.38133064962736,-6.2777353662142605,-3.564659149148533,-9.379953870335289,-6.839651212866555,-3.427626786421735,-10.33847782513389,-5.332104813696376,-3.805284749493539,-8.509631654107611,-0.0009941819314865563,-0.0009233658237143739,0.009907522285753237,0.6281443329875747,-0.1573574846132518,0.7620192379276163,0.9682469746788666,-0.09781683853987055,0.23006447384002407,-0.22889936724695575,0.023124484799242513,0.9731753890623791,-0.10051306233104983,-0.9949357387795629,-3.469446951953615e-18,36.97437209619568,-48.84238008778024,1.4480125737279916,433.99389152404774,SLIDING
0.00532997353002429,0.1598992059007287,-6.046410307341861,-3.6247374463480595,-9.380124370826396,-6.2777353662142605,-3.564659149148533,-9.379953870335289,-6.83527782663615,-3.429523496780678,-10.337873669381562,-5.327968001117559,-3.8025239018733297,-8.507877006079731,-0.0009960703023418848,-0.0009141560224233499,0.009908186651423312,0.6280457606327463,-0.1554168354552714,0.7624986097090962,0.9682469746788666,-0.09781683853987055,0.23006447384002407,-0.22889936724695575,0.023124484799242513,0.9731753890623791,-0.10051306233104983,-0.9949357387795629,-3.469446951953615e-18,36.99103813159868,-49.030976556099326,1.4523518249156773,433.8655707659303,SLIDING
0.0053399731405079365,0.1601991942152381,-6.04216192668085,-3.6241967651647213,-9.378918524159106,-6.2777353662142605,-3.564659149148533,-9.379953870335289,-6.8308990268241,-3.4314524085272944,-10.337275225929472,-5.32383839659241,-3.799734097742682,-8.506117981399576,-0.0009979726924498674,-0.0009049487963967038,0.009908840405466673,0.6279419292632044,-0.15345070383974482,0.7629821852207901,0.9682469746788666,-0.09781683853987055,0.23006447384002407,-0.22889936724695575,0.023124484799242513,0.9731753890623791,-0.10051306233104983,-0.9949357387795629,-3.469446951953615e-18,37.008327637068085,-49.22184540606158,1.4566898413930147,433.73903349364764,SLIDING
0.00534997321665287,0.1604991964995861,-6.037914738112735,-3.6236562739711884,-9.37771310962549,-6.2777353662142605,-3.564659149148533,-9.379953870335289,-6.8265145538753655,-3.4334137184954283,-10.336682487995484,-5.319716236504499,-3.7969151507218504,-8.504354586243817,-0.0009998892722320701,-0.0008957433208258684,0.009909483606448216,0.627832632237861,-0.15145893009434258,0.7634699590631946,0.9682469746788666,-0.09781683853987055,0.23006447384002407,-0.22889936724695575,0.023124484799242513,0.9731753890623791,-0.10051306233104983,-0.9949357387795629,-3.469446951953615e-18,37.02626050689532,-49.41499132683522,1.4610266227956092,433.6143463089128,SLIDING
0.005359973292797804,0.16079919878393412,-6.033668741637515,-3.6231159727674607,-9.376508157027873,-6.2777353662142605,-3.564659149148533,-9.379953870335289,-6.822124080496706,-3.435407425118333,-10.336095489035767,-5.315601818928354,-3.7940670622377124,-8.50258684708712,-0.0010018199466188555,-0.0008865400572309227,0.009910116221390762,0.6277176089868135,-0.149441515466408,0.76396193414527,0.9682469746788666,-0.09781683853987055,0.23006447384002407,-0.22889936724695575,0.023124484799242513,0.9731753890623791,-0.10051306233104983,-0.9949357387795629,-3.469446951953615e-18,37.04485986185511,-49.61040324903826,1.4653621622670023,433.4915058116761,SLIDING
0.005369973368942738,0.16109920106828213,-6.029423937255191,-3.622575861553538,-9.37530363656393,-6.2777353662142605,-3.564659149148533,-9.379953870335289,-6.81772734472035,-3.437433785717216,-10.335514195514397,-5.311495382444879,-3.791189597941106,-8.50081473752745,-0.0010037647087495659,-0.000877339038312175,0.009910738248046985,0.6275966509481127,-0.14739825509328733,0.7644581074945617,0.9682469746788666,-0.09781683853987055,0.23006447384002407,-0.22889936724695575,0.023124484799242513,0.9731753890623791,-0.10051306233104983,-0.9949357387795629,-3.469446951953615e-18,37.06414601138527,-49.80808929400966,1.4696964666636525,433.3706359455033,SLIDING
0.005379972979426384,0.16139918938279152,-6.0251803249657625,-3.6220359328788403,-9.374099578035983,-6.03524778108456,-3.589156379279742,-9.32233656798936,-6.813324210013478,-3.439492688848541,-10.334938455531539,-5.307397051398092,-3.788282845090559,-8.499038452848044,-0.0010057234601692766,-0.0008681407250542394,0.009911349655983049,0.6274696494230778,-0.14532923176750748,0.7649583344514561,0.9592999088017561,-0.1305659875178134,0.2503921082551137,-0.24810462089913868,0.0337684018712058,0.9681445099382424,-0.13486208533697328,-0.9908643791854479,6.938893903907228e-18,35.66437875013395,-51.93280189403177,1.4739640120618933,430.13457003123057,SLIDING
0.005389973055571318,0.16169919166713953,-6.02093778555994,-3.6214961904686573,-9.372895966542872,-6.03524778108456,-3.589156379279742,-9.32233656798936,-6.808914127437308,-3.4415843909278454,-10.334368377490623,-5.303307097944603,-3.785346577279736,-8.497257865851022,-0.0010076963763498421,-0.0008589442934475321,0.00991195049996946,0.6273362622886273,-0.14323424431328774,0.7654627131831677,0.9592999088017561,-0.1305659875178134,0.2503921082551137,-0.24810462089913868,0.0337684018712058,0.9681445099382424,-0.13486208533697328,-0.9908643791854479,6.938893903907228e-18,35.69141414131887,-52.13976999482118,1.4782647825454767,430.0183328346678,SLIDING
0.005399973131716251,0.16199919395148754,-6.0166964382470125,-3.6209566343229893,-9.371692802084597,-6.03524778108456,-3.589156379279742,-9.32233656798936,-6.804497108500376,-3.443708937826037,-10.333803775944167,-5.299225739379597,-3.7823807527328013,-8.49547314542826,-0.0010096833593959316,-0.0008497502045677316,0.00991254074915119,0.6271964038003245,-0.14111325621115192,0.7659710960482949,0.9592999088017561,-0.1305659875178134,0.2503921082551137,-0.24810462089913868,0.0337684018712058,0.9681445099382424,-0.13486208533697328,-0.9908643791854479,6.938893903907228e-18,35.71927581794918,-52.348954503401636,1.4825643218402682,429.90410078055737,SLIDING
0.005409972742199898,0.16229918226599693,-6.012456163817691,-3.620417260716546,-9.37049009956232,-6.03524778108456,-3.589156379279742,-9.32233656798936,-6.800072501015991,-3.4458665208513435,-10.333244851603034,-5.295153341890262,-3.7793851901023316,-8.493684137259157,-0.0010116843087380543,-0.0008405589190458642,0.009913120374687579,0.6270496496357203,-0.13896611218791177,0.7664836309766158,0.9592999088017561,-0.1305659875178134,0.2503921082551137,-0.24810462089913868,0.0337684018712058,0.9681445099382424,-0.13486208533697328,-0.9908643791854479,6.938893903907228e-18,35.748000387275916,-52.56035283253372,1.4868627400862007,429.791880677998,SLIDING
0.0054199728183448315,0.16259918455034494,-6.008216843062686,-3.619878069649327,-9.369287844074877,-6.03524778108456,-3.589156379279742,-9.32233656798936,-6.795640141056378,-3.448057090792633,-10.332691326001115,-5.291089826993602,-3.776359934206194,-8.491891066478054,-0.0010136994036257032,-0.0008313696135009002,0.00991368942850374,0.6268959641928235,-0.136792851422317,0.7670001081346093,0.9592999088017561,-0.1305659875178134,0.2503921082551137,-0.24810462089913868,0.0337684018712058,0.9681445099382424,-0.13486208533697328,-0.9908643791854479,6.938893903907228e-18,35.77759404940171,-52.773944048864514,1.491160155371869,429.6817902909765,SLIDING
0.005429972894489765,0.16289918683469296,-6.003978714400577,-3.6193390648466233,-9.368086065424594,-6.03524778108456,-3.589156379279742,-9.32233656798936,-6.791199893063306,-3.4502807922589476,-10.332143265138734,-5.287035773698672,-3.773304860463157,-8.490093929920803,-0.0010157285440483108,-0.0008221827486587228,0.009914247881337634,0.6267350497352644,-0.13459336175175393,0.767520556340804,0.9592999088017561,-0.1305659875178134,0.2503921082551137,-0.24810462089913868,0.0337684018712058,0.9681445099382424,-0.13486208533697328,-0.9908643791854479,6.938893903907228e-18,35.808083642452196,-52.989720731269124,1.4954563320064782,429.57380283433145,SLIDING
0.005439972970634699,0.16319918911904097,-5.999741539412784,-3.618800242583144,-9.366884748710307,-6.03524778108456,-3.589156379279742,-9.32233656798936,-6.786751109080364,-3.4525378659957875,-10.33160073145824,-5.282991316563717,-3.77021974250198,-8.488292642247487,-0.001017771722796745,-0.0008129983571613969,0.009914795731204544,0.6265665802152698,-0.13236744854424698,0.7680450371711468,0.9592999088017561,-0.1305659875178134,0.2503921082551137,-0.24810462089913868,0.0337684018712058,0.9681445099382424,-0.13486208533697328,-0.9908643791854479,6.938893903907228e-18,35.83949877849738,-53.207682775436126,1.4997515019496905,429.46797943136994,SLIDING
0.005449972581118345,0.16349917743355036,-5.995505318099307,-3.6182616065841797,-9.365683893932017,-6.03524778108456,-3.589156379279742,-9.32233656798936,-6.7822935442081835,-3.4548282093340252,-10.33106360156309,-5.278956678625007,-3.767104680944135,-8.486487315838563,-0.0010198288364870276,-0.0008038168991445354,0.009915332951389131,0.626390360659657,-0.13011519650421247,0.7685734523852192,0.9592999088017561,-0.1305659875178134,0.2503921082551137,-0.24810462089913868,0.0337684018712058,0.9681445099382424,-0.13486208533697328,-0.9908643791854479,6.938893903907228e-18,35.87185697252784,-53.427802662320815,1.504045665687899,429.36435284409,SLIDING
0.005459972657263279,0.16379917971789837,-5.991270050460147,-3.61772315312444,-9.364483501089724,-6.03524778108456,-3.589156379279742,-9.32233656798936,-6.7778270140833214,-3.4571520578491532,-10.330531757816127,-5.274932027787157,-3.7639594541268435,-8.484678057829273,-0.0010219000694011578,-0.0007946375521076894,0.009915859590017027,0.6262062442900684,-0.1278364151157043,0.7691057083278559,0.9592999088017561,-0.1305659875178134,0.2503921082551137,-0.24810462089913868,0.0337684018712058,0.9681445099382424,-0.13486208533697328,-0.9908643791854479,6.938893903907228e-18,35.9051745046468,-53.65007973926769,1.508338822734709,429.2629831996591,SLIDING
0.005469972733408213,0.16409918200224638,-5.9870357364953035,-3.6171848896545056,-9.36328358508459,-6.03524778108456,-3.589156379279742,-9.32233656798936,-6.773350974283142,-3.4595094671661886,-10.33000535268472,-5.270917859870116,-3.7607840256269656,-8.482864757835634,-0.0010239853187128272,-0.0007854607762869568,0.009916375619951442,0.6260137976720941,-0.12553106602532368,0.769641914520453,0.9592999088017561,-0.1305659875178134,0.2503921082551137,-0.24810462089913868,0.0337684018712058,0.9681445099382424,-0.13486208533697328,-0.9908643791854479,6.938893903907228e-18,35.93948747736162,-53.874496234982296,1.512630970331779,429.16390375814507,SLIDING
0.005479972809553146,0.1643991842865944,-5.982802376204776,-3.616646812449086,-9.362084145916613,-6.03524778108456,-3.589156379279742,-9.32233656798936,-6.768865237952351,-3.4619006164920827,-10.329484249391998,-5.266914345047894,-3.757578225118027,-8.481047540423917,-0.0010260845770125068,-0.0007762866042881037,0.009916881039359088,0.6258128720435238,-0.12319900359414354,0.7701819620700335,0.9592999088017561,-0.1305659875178134,0.2503921082551137,-0.24810462089913868,0.0337684018712058,0.9681445099382424,-0.13486208533697328,-0.9908643791854479,6.938893903907228e-18,35.97481187081597,-54.10104593023099,1.5169221079927144,429.067143958935,SLIDING
0.005489972420036793,0.16469917260110378,-5.978569969588565,-3.6161089252334717,-9.360885198486956,-6.03524778108456,-3.589156379279742,-9.32233656798936,-6.764369488404178,-3.4643254534692454,-10.328968388049963,-5.262921771735424,-3.754342107401467,-8.479226488607734,-0.0010281977381077952,-0.0007671154957255327,0.009917375823651852,0.6256032152786474,-0.12084027247175899,0.7707257914342625,0.9592999088017561,-0.1305659875178134,0.2503921082551137,-0.24810462089913868,0.0337684018712058,0.9681445099382424,-0.13486208533697328,-0.9908643791854479,6.938893903907228e-18,36.01116957767872,-54.32970290478162,1.5212122324727773,428.9727356498263,SLIDING
0.0054999724961817265,0.1649991748854518,-5.974338397437381,-3.615571231732953,-9.359686712993296,-6.03524778108456,-3.589156379279742,-9.32233656798936,-6.759863153980733,-3.466784215760729,-10.32845781532951,-5.258940432780205,-3.75107546314933,-8.4774015029386,-0.001030324991302501,-0.0007579466290262026,0.009917860017153042,0.6253844671668862,-0.11845468641191706,0.7712734634962131,0.9592999088017561,-0.1305659875178134,0.2503921082551137,-0.24810462089913868,0.0337684018712058,0.9681445099382424,-0.13486208533697328,-0.9908643791854479,6.938893903907228e-18,36.04859243544456,-54.56046243184525,1.5255014660780883,428.8807432767364,SLIDING
0.00550997257232666,0.1652991771697998,-5.970107659751224,-3.6150337319475296,-9.358488719237956,-6.03524778108456,-3.589156379279742,-9.32233656798936,-6.755345980301692,-3.4692768946658035,-10.327952433004924,-5.25497055985306,-3.747778300285599,-8.475572729817323,-0.0010324662309606034,-0.0007487804639099192,0.009918333594852549,0.62515642518693,-0.11604225234158139,0.7718248763281677,0.9592999088017561,-0.1305659875178134,0.2503921082551137,-0.24810462089913868,0.0337684018712058,0.9681445099382424,-0.13486208533697328,-0.9908643791854479,6.938893903907228e-18,36.08709888739268,-54.79330147039028,1.5297898013463858,428.7912236442225,SLIDING
0.0055199721828103065,0.1655991654843092,-5.965877756530094,-3.614496429602492,-9.357291202319773,-6.03524778108456,-3.589156379279742,-9.32233656798936,-6.750817544920832,-3.4718036797158427,-10.327452258906268,-5.251012537686826,-3.7444504533170977,-8.473740124533558,-0.0010346213487876493,-0.0007396174595826907,0.009918796533758174,0.6249187530141692,-0.11360282233385613,0.7723800559886291,0.9592999088017561,-0.1305659875178134,0.2503921082551137,-0.24810462089913868,0.0337684018712058,0.9681445099382424,-0.13486208533697328,-0.9908643791854479,6.938893903907228e-18,36.126718552854136,-55.02821048662801,1.5340772424951954,428.704151959402,SLIDING
0.00552997225895524,0.1658991677686572,-5.9616485685647005,-3.613959328423131,-9.356094192041072,-6.03524778108456,-3.589156379279742,-9.32233656798936,-6.746277370526405,-3.4743646641708814,-10.326957282713787,-5.247066573205496,-3.7410918444274808,-8.471903753429856,-0.0010367905378434175,-0.0007304567951973506,0.009919248875342264,0.624671165550379,-0.11113632510691646,0.7729389705349708,0.9592999088017561,-0.1305659875178134,0.2503921082551137,-0.24810462089913868,0.0337684018712058,0.9681445099382424,-0.13486208533697328,-0.9908643791854479,6.938893903907228e-18,36.16747652221283,-55.26517225019824,1.5383638969061089,428.61961671075187,SLIDING
0.005539972335100174,0.16619917005300522,-5.957420215064334,-3.613422432134736,-9.354897658599528,-6.03524778108456,-3.589156379279742,-9.32233656798936,-6.741725253002815,-3.476959983586561,-10.326467406783717,-5.2431330800788025,-3.7377023572806864,-8.470063648488868,-0.0010389736903885932,-0.0007212989300691186,0.009919690596190899,0.6244134053850051,-0.10864265570588567,0.773501565956187,0.9592999088017561,-0.1305659875178134,0.2503921082551137,-0.24810462089913868,0.0337684018712058,0.9681445099382424,-0.13486208533697328,-0.9908643791854479,6.938893903907228e-18,36.209396086429145,-55.50417245546594,1.5426496581703297,428.5376804338496,SLIDING
0.005549972411245108,0.16649917233735323,-5.953192576819705,-3.612885737012017,-9.353701631797465,-6.03524778108456,-3.589156379279742,-9.32233656798936,-6.737160683748576,-3.4795895711667626,-10.325982613548858,-5.239212293727125,-3.7342820455916788,-8.468219882653587,-0.0010411707986671002,-0.0007121438967371877,0.009920121694733754,0.624145162508938,-0.10612186434371498,0.7740678045396963,0.9592999088017561,-0.1305659875178134,0.2503921082551137,-0.24810462089913868,0.0337684018712058,0.9681445099382424,-0.13486208533697328,-0.9908643791854479,6.938893903907228e-18,36.25250288239021,-55.74518076529104,1.5469346326966527,428.45831551127173,SLIDING
0.005559972021728754,0.16679916065186262,-5.948965773040103,-3.6123492579561356,-9.352506111634883,-6.03524778108456,-3.589156379279742,-9.32233656798936,-6.7325833205963,-3.482253675089094,-10.325502949485156,-5.235304753547572,-3.730830711810651,-8.466372413597146,-0.0010433817515862023,-0.0007029921538405399,0.009920542150108458,0.6238660696036364,-0.10357376530064868,0.7746377232866709,0.9592999088017561,-0.1305659875178134,0.2503921082551137,-0.24810462089913868,0.0337684018712058,0.9681445099382424,-0.13486208533697328,-0.9908643791854479,6.938893903907228e-18,36.2968288385982,-55.98818847197164,1.551218708073204,428.3816411192755,SLIDING
0.005569972097873688,0.16709916293621063,-5.9447394460976595,-3.6118129949670914,-9.35131108321062,-6.03524778108456,-3.589156379279742,-9.32233656798936,-6.72799251321041,-3.48495237980608,-10.32502828299995,-5.231410368488853,-3.727348279024477,-8.464521332692392,-0.0010456067472087059,-0.0006938428815409761,0.00992095199998063,0.6235758936339819,-0.10099829134099865,0.7752112292948158,0.9592999088017561,-0.1305659875178134,0.2503921082551137,-0.24810462089913868,0.0337684018712058,0.9681445099382424,-0.13486208533697328,-0.9908643791854479,6.938893903907228e-18,36.3423948437935,-56.23317608286783,1.5555022311034996,428.30764263708653,SLIDING
0.0055799721740186214,0.16739916522055864,-5.9405139536202425,-3.6112769480448845,-9.350116576326998,-6.03524778108456,-3.589156379279742,-9.32233656798936,-6.723388193407051,-3.487685669588828,-10.32455861593426,-5.22752988397672,-3.7238347615578715,-8.462666695206735,-0.0010478456749962385,-0.0006846965385919496,0.009921351223065571,0.6232742955959716,-0.09839545498710159,0.7757883003031347,0.9592999088017561,-0.1305659875178134,0.2503921082551137,-0.24810462089913868,0.0337684018712058,0.9681445099382424,-0.13486208533697328,-0.9908643791854479,6.938893903907228e-18,36.38922869650439,-56.48011483566059,1.5597848512528891,428.23633613285193,SLIDING
0.005589972250163555,0.16769916750490665,-5.936288937979984,-3.610741132090676,-9.348922561181697,-6.03524778108456,-3.589156379279742,-9.32233656798936,-6.718769474628405,-3.4904537890188045,-10.324093998852655,-5.223663424093661,-3.7202899651361276,-8.460808398145621,-0.0010500985269934295,-0.0006755531574914306,0.009921739817944792,0.6229608543894769,-0.09576507338221801,0.7763690002945969,0.9592999088017561,-0.1305659875178134,0.2503921082551137,-0.24810462089913868,0.0337684018712058,0.9681445099382424,-0.13486208533697328,-0.9908643791854479,6.938893903907228e-18,36.43736593936522,-56.72899318929605,1.5640669210016078,428.1678104696396,SLIDING
0.0055999718606472015,0.16799915581941605,-5.932064637595462,-3.610205554555047,-9.347729067577037,-6.03524778108456,-3.589156379279742,-9.32233656798936,-6.714136333457195,-3.493256782309499,-10.323634296166547,-5.219811465719024,-3.7167138637288812,-8.458946621937207,-0.0010523651893158152,-0.0006664131962853989,0.00992211776588644,0.6226353615575714,-0.09310711725807595,0.7769531975955588,0.9592999088017561,-0.1305659875178134,0.2503921082551137,-0.24810462089913868,0.0337684018712058,0.9681445099382424,-0.13486208533697328,-0.9908643791854479,6.938893903907228e-18,36.48682497356543,-56.97978653055027,1.5683482051452575,428.1021272688264,SLIDING
0.005609971936792135,0.16829915810376406,-5.927840814048099,-3.609670207987416,-9.34653611041418,-6.03524778108456,-3.589156379279742,-9.32233656798936,-6.7094880061282005,-3.4960946705564524,-10.323179562446033,-5.2159742488811744,-3.713106423887853,-8.457081345355116,-0.0010546458650181215,-0.0006572758361912874,0.009922485100747547,0.6222973988529277,-0.09042156388808348,0.7775409237878823,0.9592999088017561,-0.1305659875178134,0.2503921082551137,-0.24810462089913868,0.0337684018712058,0.9681445099382424,-0.13486208533697328,-0.9908643791854479,6.938893903907228e-18,36.53763934973203,-57.232466719374045,1.5726289276948364,428.03929059690876,SLIDING
0.005619972012937069,0.16859916038811207,-5.923617586547183,-3.6091350998383644,-9.345343659890803,-6.03524778108456,-3.589156379279742,-9.32233656798936,-6.704824246227953,-3.498967596773577,-10.322729686046804,-5.212152225771619,-3.7094675296025463,-8.455212613132662,-0.001056940440769055,-0.0006481415353744454,0.009922841803373566,0.6219466751901395,-0.08770830534540383,0.7781321137142256,0.9592999088017561,-0.1305659875178134,0.2503921082551137,-0.24810462089913868,0.0337684018712058,0.9681445099382424,-0.13486208533697328,-0.9908643791854479,6.938893903907228e-18,36.589834008774844,-57.48701460632509,1.576908982727943,427.97939276304385,SLIDING
0.005629971623420715,0.16889914870262146,-5.919394835883426,-3.6086002524596337,-9.344151730908068,-6.03524778108456,-3.589156379279742,-9.32233656798936,-6.700144441501074,-3.5018757121976605,-10.322284694170166,-5.2083457262110535,-3.705797085845718,-8.453340428968945,-0.0010592488005953258,-0.0006390107514195268,0.009923187856630884,0.6215827980375085,-0.084967239020024,0.7787267771671758,0.9592999088017561,-0.1305659875178134,0.2503921082551137,-0.24810462089913868,0.0337684018712058,0.9681445099382424,-0.13486208533697328,-0.9908643791854479,6.938893903907228e-18,36.64344111748235,-57.743408679074456,1.5811884837892798,427.92240423946794,SLIDING
0.005639971699565649,0.16919915098696947,-5.9151726812661165,-3.608065658400643,-9.342960353268298,-6.03524778108456,-3.589156379279742,-9.32233656798936,-6.695448213664988,-3.504819090593082,-10.321844620054597,-5.204555322487635,-3.7020950112021955,-8.45146481953689,-0.001061571151284349,-0.0006298826663649457,0.009923523291521224,0.6212053713238971,-0.0821983002537973,0.7793249168823783,0.9592999088017561,-0.1305659875178134,0.2503921082551137,-0.24810462089913868,0.0337684018712058,0.9681445099382424,-0.13486208533697328,-0.9908643791854479,6.938893903907228e-18,36.69849256979043,-58.00162306782843,1.5854673080863293,427.86844760698773,SLIDING
0.005649971775710583,0.16949915327131748,-5.910950765067386,-3.607531332562554,-9.34176949716917,-6.03524778108456,-3.589156379279742,-9.32233656798936,-6.690734817952304,-3.507797676909733,-10.321409327301973,-5.200781009551594,-3.6983613842795937,-8.449585852113762,-0.0010639073774144922,-0.0006207577379187221,0.009923848090488612,0.6208140868336289,-0.07940154473744193,0.7799264479950887,0.9592999088017561,-0.1305659875178134,0.2503921082551137,-0.24810462089913868,0.0337684018712058,0.9681445099382424,-0.13486208533697328,-0.9908643791854479,6.938893903907228e-18,36.75501248472862,-58.261621031440725,1.5897458080993232,427.8175226133494,SLIDING
0.0056599718518555164,0.1697991555556655,-5.906729444915103,-3.6069972749453667,-9.340579192413005,-6.03524778108456,-3.589156379279742,-9.32233656798936,-6.686004144965362,-3.510811755644159,-10.320978833235293,-5.19702357036318,-3.69459594597946,-8.44770356786713,-0.001066257470685906,-0.0006116359985026622,0.009924162252378157,0.6204085727509089,-0.07657674597304223,0.7805313605700676,0.9592999088017561,-0.1305659875178134,0.2503921082551137,-0.24810462089913868,0.0337684018712058,0.9681445099382424,-0.13486208533697328,-0.9908643791854479,6.938893903907228e-18,36.813032275886954,-58.52339119588162,1.594023633293613,427.7696899657291,SLIDING
0.005669971462339163,0.17009914387017488,-5.9025083631814,-3.6064637463194016,-9.339389364493998,-6.03524778108456,-3.589156379279742,-9.32233656798936,-6.681255366920735,-3.5138621263775875,-10.320553067520814,-5.193283075477501,-3.6907984663629128,-8.445817888491582,-0.0010686213123445249,-0.0006025179050624571,0.009924465762189132,0.6199884547680145,-0.07372347499388551,0.7811396579288469,0.9592999088017561,-0.1305659875178134,0.2503921082551137,-0.24810462089913868,0.0337684018712058,0.9681445099382424,-0.13486208533697328,-0.9908643791854479,6.938893903907228e-18,36.8725854764545,-58.78694053697124,1.5983011794449826,427.7474481072828,SLIDING
0.0056799715384840965,0.1703991461545229,-5.898287400656986,-3.6059311415654305,-9.338200222028407,-6.03524778108456,-3.589156379279742,-9.32233656798936,-6.676487384425459,-3.5169506196738176,-10.320132714602504,-5.189560298364204,-3.6869680327965986,-8.443928589254618,-0.0010709991141495156,-0.0005934026407739482,0.009924758647111141,0.6195529525255231,-0.07084058880115873,0.7817517188949521,0.9592999088017561,-0.1305659875178134,0.2503921082551137,-0.24810462089913868,0.0337684018712058,0.9681445099382424,-0.13486208533697328,-0.9908643791854479,6.938893903907228e-18,36.93374234799125,-59.05233632660541,1.6025785602330238,427.7310114151239,SLIDING
0.00568997161462903,0.1706991484388709,-5.894066438132572,-3.6053995128375176,-9.33701175011507,-6.03524778108456,-3.589156379279742,-9.32233656798936,-6.6716996562975535,-3.520077278850879,-10.319717638150772,-5.18585550411558,-3.683104705481788,-8.442035765843128,-0.0010733907578973877,-0.000584290662711324,0.00992504089172037,0.6191017300758228,-0.06792809442954524,0.7823674467948515,0.9592999088017561,-0.1305659875178134,0.2503921082551137,-0.24810462089913868,0.0337684018712058,0.9681445099382424,-0.13486208533697328,-0.9908643791854479,6.938893903907228e-18,36.99652903811325,-59.31954248369645,1.60685590055588,427.7312354427438,SLIDING
0.005699971690773964,0.17099915072321892,-5.8898794502556795,-3.604809471557725,-9.335675309671077,-6.03524778108456,-3.589156379279742,-9.32233656798936,-6.667137645724224,-3.523068015400214,-10.318982077627226,-5.182010059228259,-3.679253556070763,-8.440152088321614,-0.0010757962350905047,-0.0005751820032503453,0.009925312495014159,0.6188031610399854,-0.0650773086127287,0.7828458288773377,0.9592999088017561,-0.1305659875178134,0.2503921082551137,-0.24810462089913868,0.0337684018712058,0.9681445099382424,-0.13486208533697328,-0.9908643791854479,6.938893903907228e-18,37.04780389797013,-59.582630095958166,1.6111300724622932,426.2787692339776,SLIDING
0.00570997130125761,0.1712991390377283,-5.885781034880924,-3.6040428440672043,-9.333953659309062,-6.03524778108456,-3.589156379279742,-9.32233656798936,-6.66321037564962,-3.525578596382633,-10.317392091511799,-5.177755777347235,-3.6755022890106193,-8.438310527882617,-0.0010782154242014773,-0.0005660771186721521,0.00992557344412484,0.6189394159593273,-0.06246820526166093,0.782950651512159,0.9592999088017561,-0.1305659875178134,0.2503921082551137,-0.24810462089913868,0.0337684018712058,0.9681445099382424,-0.13486208533697328,-0.9908643791854479,6.938893903907228e-18,37.06527057367027,-59.829547606959444,1.6153926741459923,426.1532928140402,IMPACT
0.005719971377402544,0.17159914132207632,-5.881668910437869,-3.603266135941136,-9.332286368383082,-6.03524778108456,-3.589156379279742,-9.32233656798936,-6.6591713736139315,-3.5280956608608554,-10.315924252676634,-5.173577058413091,-3.671725855926776,-8.436461590714904,-0.0010806485419484783,-0.0005569751933358609,0.009925823762428468,0.6189976313336835,-0.05984591461080039,0.7831094424840545,0.9592999088017561,-0.1305659875178134,0.2503921082551137,-0.24810462089913868,0.0337684018712058,0.9681445099382424,-0.13486208533697328,-0.9908643791854479,6.938893903907228e-18,37.08872306815521,-60.07622812750364,1.6196534995757332,426.01918354172597,IMPACT
0.005729971453547478,0.17189914360642433,-5.877542957717227,-3.6024793993335846,-9.330673168672236,-6.03524778108456,-3.589156379279742,-9.32233656798936,-6.6550199872773215,-3.530619045724843,-10.314578512733226,-5.169474268752487,-3.667924505019953,-8.434604808390452,-0.0010830954673534971,-0.0005478766836563892,0.009926063436634606,0.6189773827186812,-0.057210608039628984,0.7833223768094895,0.9592999088017561,-0.1305659875178134,0.2503921082551137,-0.24810462089913868,0.0337684018712058,0.9681445099382424,-0.13486208533697328,-0.9908643791854479,6.938893903907228e-18,37.118184041417635,-60.322551816801074,1.6239127370789195,425.8414922246425,IMPACT
0.005739971529692411,0.17219914589077234,-5.873403176718997,-3.60168264169513,-9.329114224089297,-6.03524778108456,-3.589156379279742,-9.32233656798936,-6.650756352045938,-3.5331486767804434,-10.313354694933862,-5.165447285047499,-3.6640983180967273,-8.432740655070454,-0.0010855561917213175,-0.0005387816219614263,0.009926292465892318,0.6188787779160162,-0.0545623505484515,0.7835891832764199,0.9592999088017561,-0.1305659875178134,0.2503921082551137,-0.24810462089913868,0.0337684018712058,0.9681445099382424,-0.13486208533697328,-0.9908643791854479,6.938893903907228e-18,37.15363708886888,-60.568418393661226,1.628170346585879,425.67438109615097,IMPACT
0.005749971140176058,0.17249913420528173,-5.869249686652469,-3.600875840674031,-9.327609653843554,-6.03524778108456,-3.589156379279742,-9.32233656798936,-6.646380644575856,-3.5356843469832184,-10.31225258982267,-5.161496174189123,-3.6602474410098313,-8.430869549288174,-0.0010880305907581464,-0.0005296904638412673,0.009926510839468184,0.6187018626611388,-0.05190128917775532,0.7839096002227071,0.9592999088017561,-0.1305659875178134,0.2503921082551137,-0.24810462089913868,0.0337684018712058,0.9681445099382424,-0.13486208533697328,-0.9908643791854479,6.938893903907228e-18,37.19506778808191,-60.81372015942604,1.6324261809717076,425.5100212087857,IMPACT
0.0057599712163209915,0.17279913648962975,-5.864988312178897,-3.6002459462386254,-9.32667822696081,-6.03524778108456,-3.589156379279742,-9.32233656798936,-6.642444645265976,-3.537921411106163,-10.311249946262889,-5.156938472034066,-3.6570065323443637,-8.430002981298008,-0.0010905188861290343,-0.0005206023948852766,0.009926718576923278,0.6189609055132959,-0.04961880051591703,0.7838529020686996,0.9592999088017561,-0.1305659875178134,0.2503921082551137,-0.24810462089913868,0.0337684018712058,0.9681445099382424,-0.13486208533697328,-0.9908643791854479,6.938893903907228e-18,37.20110585616287,-61.03125920280948,1.636665096267441,420.6380474311008,NONE
0.005769971292465925,0.17309913877397776,-5.86054538195734,-3.5999699692827347,-9.32675674117914,-6.03524778108456,-3.589156379279742,-9.32233656798936,-6.6394079042072205,-3.539576211360329,-10.310336902337701,-5.151214888521047,-3.654972146026101,-8.430984533481475,-0.0010930209540877857,-0.000511517870822849,0.009926915667101266,0.6200804232025723,-0.0480816394440715,0.7830634870234274,0.9592999088017561,-0.1305659875178134,0.2503921082551137,-0.24810462089913868,0.0337684018712058,0.9681445099382424,-0.13486208533697328,-0.9908643791854479,6.938893903907228e-18,37.1370370361833,-61.19521422418246,1.6408715062793586,420.6511846857227,NONE
0.005779970902949572,0.17339912708848715,-5.8561023325264925,-3.5996940072280053,-9.326835419310244,-6.03524778108456,-3.589156379279742,-9.32233656798936,-6.636198626221532,-3.5412277719626486,-10.309553914039682,-5.145648211128934,-3.6529407386156434,-8.431847953792213,-0.0010955366682701573,-0.0005024373467090475,0.009927102100869561,0.621062672955249,-0.04654706943874794,0.7823774834364456,0.9592999088017561,-0.1305659875178134,0.2503921082551137,-0.24810462089913868,0.0337684018712058,0.9681445099382424,-0.13486208533697328,-0.9908643791854479,6.938893903907228e-18,37.08289471368292,-61.356857551809156,1.645077991551858,420.6642102652896,NONE
0.005789970979094505,0.17369912937283516,-5.851747378760623,-3.5992862071496132,-9.32653580166212,-6.03524778108456,-3.589156379279742,-9.32233656798936,-6.633392016105278,-3.5424882178511483,-10.308121160817466,-5.139883140258165,-3.6510136232523793,-8.432580312382434,-0.0010980662540399464,-0.0004933600090855486,0.009927277894929976,0.6222953649362968,-0.04521891891717949,0.7814753535145961,0.9592999088017561,-0.1305659875178134,0.2503921082551137,-0.24810462089913868,0.0337684018712058,0.9681445099382424,-0.13486208533697328,-0.9908643791854479,6.938893903907228e-18,37.00840664631467,-61.50441339608103,1.6492774753769321,419.64483990841853,NONE
0.005799971055239439,0.17399913165718317,-5.847426518851566,-3.598827564309228,-9.326090644372615,-6.03524778108456,-3.589156379279742,-9.32233656798936,-6.630635105085481,-3.5435955928047824,-10.306518055127404,-5.134137951143841,-3.6491287670009886,-8.43318972902206,-0.0011006095855801152,-0.00048428631315037895,0.009927443039726688,0.6235404808090163,-0.04397215591508583,0.7805534692105602,0.9592999088017561,-0.1305659875178134,0.2503921082551137,-0.24810462089913868,0.0337684018712058,0.9681445099382424,-0.13486208533697328,-0.9908643791854479,6.938893903907228e-18,36.93211182976529,-61.64512582236132,1.653474056610488,419.65809563936847,NONE
0.005809971131384373,0.17429913394153118,-5.843105658942508,-3.5983689363700035,-9.325645636094722,-6.03524778108456,-3.589156379279742,-9.32233656798936,-6.627705761243011,-3.5446994903866553,-10.305046696959991,-5.128549801116258,-3.647247106155155,-8.433679444463403,-0.0011031666538540697,-0.0004752162911436242,0.009927597534672641,0.6246483167194801,-0.042728173236874945,0.7797363552069121,0.9592999088017561,-0.1305659875178134,0.2503921082551137,-0.24810462089913868,0.0337684018712058,0.9681445099382424,-0.13486208533697328,-0.9908643791854479,6.938893903907228e-18,36.8657196962347,-61.78340647826828,1.6576706024782961,419.67126615647464,NONE
0.005819970741868019,0.17459912225604057,-5.838784441405582,-3.59791031588136,-9.325200791729602,-6.03524778108456,-3.589156379279742,-9.32233656798936,-6.624603967860166,-3.5457998119511154,-10.303707989050585,-5.123118022071732,-3.6453687163180355,-8.434048665033776,-0.0011057373297438554,-0.0004661503973845191,0.009927741372770199,0.625619144078514,-0.041487043486216735,0.7790247183403364,0.9592999088017561,-0.1305659875178134,0.2503921082551137,-0.24810462089913868,0.0337684018712058,0.9681445099382424,-0.13486208533697328,-0.9908643791854479,6.938893903907228e-18,36.80923337072484,-61.919142336342915,1.6618674513488152,419.6843548233173,NONE
0.005829970818012953,0.17489912454038858,-5.834463223868656,-3.597451717744458,-9.324756111277255,-6.03524778108456,-3.589156379279742,-9.32233656798936,-6.621330276047311,-3.54689662747048,-10.302502802925556,-5.117842795428556,-3.6434935622360487,-8.434296597011292,-0.0011083218435377412,-0.0004570878197257283,0.009927874566904566,0.6264531169244811,-0.04024872281898712,0.7784192524642763,0.9592999088017561,-0.1305659875178134,0.2503921082551137,-0.24810462089913868,0.0337684018712058,0.9681445099382424,-0.13486208533697328,-0.9908643791854479,6.938893903907228e-18,36.76266174329772,-62.05223212764815,1.6660642620952455,419.697394695117,NONE
0.0058399708941578865,0.1751991268247366,-5.83014176791315,-3.5969931345087174,-9.32431157983652,-6.03524778108456,-3.589156379279742,-9.32233656798936,-6.617884560181814,-3.5479897745444515,-10.301431906064114,-5.11272378004193,-3.641621777575378,-8.4344225129605,-0.0011109200666631852,-0.000448029012634599,0.009927997109654758,0.6271503250582849,-0.039013334596219376,0.7779205804598381,0.9592999088017561,-0.1305659875178134,0.2503921082551137,-0.24810462089913868,0.0337684018712058,0.9681445099382424,-0.13486208533697328,-0.9908643791854479,6.938893903907228e-18,36.726012419883226,-62.18256105692128,1.670261266190849,419.71035890477407,NONE
0.00584997097030282,0.1754991291090846,-5.825820073539066,-3.596534566174138,-9.323867212308558,-6.03524778108456,-3.589156379279742,-9.32233656798936,-6.614267152750917,-3.549079160214274,-10.300495778199204,-5.1077606731070135,-3.6397534469959965,-8.434426004448083,-0.0011135319898877166,-0.000438974008297823,0.009928109000585958,0.6277110331849598,-0.03778095282571774,0.7775290723963003,0.9592999088017561,-0.1305659875178134,0.2503921082551137,-0.24810462089913868,0.0337684018712058,0.9681445099382424,-0.13486208533697328,-0.9908643791854479,6.938893903907228e-18,36.69927675843475,-62.31002641054529,1.6744584599044963,419.723250774899,NONE
0.005859970580786467,0.175799117423594,-5.821498259955692,-3.5960760127407196,-9.32342300869337,-6.03524778108456,-3.589156379279742,-9.32233656798936,-6.610478226318497,-3.5501647790535995,-10.299694968387803,-5.102953545241679,-3.637888575439822,-8.434306571433478,-0.0011161574813465963,-0.00042992326027320617,0.00992821023483584,0.6281352837820077,-0.03655158182759261,0.7772451653976353,0.9592999088017561,-0.1305659875178134,0.2503921082551137,-0.24810462089913868,0.0337684018712058,0.9681445099382424,-0.13486208533697328,-0.9908643791854479,6.938893903907228e-18,36.68245891497895,-62.43453177996288,1.6786557288787218,419.7361326771919,NONE
0.0058699706569314,0.176099119707942,-5.817198380881595,-3.595586025307763,-9.322888280523928,-6.03524778108456,-3.589156379279742,-9.32233656798936,-6.606659102331974,-3.551155028548536,-10.298840033327398,-5.098215829920813,-3.6360504974768033,-8.434063464064216,-0.0011187967762396004,-0.0004208759577703424,0.009928300821472202,0.6285180301713169,-0.03537311205344474,0.7769902371929923,0.9592999088017561,-0.1305659875178134,0.2503921082551137,-0.24810462089913868,0.0337684018712058,0.9681445099382424,-0.13486208533697328,-0.9908643791854479,6.938893903907228e-18,36.66812070851757,-62.55348438371382,1.6828505185029954,418.6286207243979,NONE
0.005879970733076334,0.17639912199229002,-5.812965735846805,-3.5950011323791626,-9.322080384267482,-6.03524778108456,-3.589156379279742,-9.32233656798936,-6.603096893795771,-3.551864639181775,-10.297547536035799,-5.09337260081146,-3.634286666258012,-8.433696906659703,-0.001121449743246211,-0.0004118325544999446,0.009928380755209517,0.629051788743463,-0.03434251128176541,0.7766044289067062,0.9592999088017561,-0.1305659875178134,0.2503921082551137,-0.24810462089913868,0.0337684018712058,0.9681445099382424,-0.13486208533697328,-0.9908643791854479,6.938893903907228e-18,36.64116439899593,-62.6618350494361,1.687036818222948,418.64161160981536,NONE
0.00588997034355998,0.1766991103067994,-5.808732852393436,-3.594416261802304,-9.321272666824969,-6.03524778108456,-3.589156379279742,-9.32233656798936,-6.599363281658603,-3.552570460897737,-10.296391439720233,-5.088685017897065,-3.632526328413457,-8.43320646697914,-0.001124116248446208,-0.00040279350343182507,0.009928450032787249,0.6294492765673076,-0.03331494479821643,0.776327071975456,0.9592999088017561,-0.1305659875178134,0.2503921082551137,-0.24810462089913868,0.0337684018712058,0.9681445099382424,-0.13486208533697328,-0.9908643791854479,6.938893903907228e-18,36.62410124457815,-62.76711722553486,1.6912233048026017,418.6545364667297,NONE
0.005899970419704914,0.17699911259114742,-5.804499849730777,-3.593831406126607,-9.320465098394068,-6.03524778108456,-3.589156379279742,-9.32233656798936,-6.5954585516044695,-3.5532725222371755,-10.295372005156997,-5.084153048774043,-3.630769443714305,-8.432591850582646,-0.001126796530711596,-0.0003937579948224294,0.00992850866041227,0.6297106261793441,-0.032290383948803965,0.7761583977393128,0.9592999088017561,-0.1305659875178134,0.2503921082551137,-0.24810462089913868,0.0337684018712058,0.9681445099382424,-0.13486208533697328,-0.9908643791854479,6.938893903907228e-18,36.61692571652392,-62.86925709988894,1.6954098703739682,418.667426897122,NONE
0.005909970495849848,0.17729911487549543,-5.800266608649539,-3.5932465653520707,-9.319657693875941,-6.03524778108456,-3.589156379279742,-9.32233656798936,-6.591382455958029,-3.553970995973023,-10.294489635173237,-5.0797766912305,-3.6290158548117235,-8.431852719077032,-0.0011294904566652162,-0.00038472648179842337,0.009928556634400575,0.6298357353031369,-0.03126869118279198,0.7760987150400853,0.9592999088017561,-0.1305659875178134,0.2503921082551137,-0.24810462089913868,0.0337684018712058,0.9681445099382424,-0.13486208533697328,-0.9908643791854479,6.938893903907228e-18,36.61964653411408,-62.96819118219105,1.6995966255633768,418.680344276553,NONE
0.0059199705719947815,0.17759911715984344,-5.796033248359012,-3.592661754379857,-9.318850468171748,-6.03524778108456,-3.589156379279742,-9.32233656798936,-6.587135248508369,-3.5546656216441463,-10.293744353291022,-5.07555594191038,-3.6272658273865246,-8.430989079512173,-0.0011321980167359124,-0.0003756989964498089,0.009928593954581422,0.6298247110824956,-0.030250085725990958,0.7761480307411863,0.9592999088017561,-0.1305659875178134,0.2503921082551137,-0.24810462089913868,0.0337684018712058,0.9681445099382424,-0.13486208533697328,-0.9908643791854479,6.938893903907228e-18,36.63224901769216,-63.06383231971401,1.7037834542278159,418.6932324624127,NONE
0.005929970182478428,0.17789910547435284,-5.791824802810001,-3.5920413147312287,-9.317940096629771,-6.03524778108456,-3.589156379279742,-9.32233656798936,-6.582877750316925,-3.5552537619363194,-10.292920136520898,-5.071392169887271,-3.6255447023392855,-8.430000244563518,-0.0011349190742702664,-0.0003666759909396768,0.009928620619829766,0.629785658512356,-0.02928789183456916,0.7762166216489084,0.9592999088017561,-0.1305659875178134,0.2503921082551137,-0.24810462089913868,0.0337684018712058,0.9681445099382424,-0.13486208533697328,-0.9908643791854479,6.938893903907228e-18,36.64625849577971,-63.15349990560564,1.7079675571934523,418.0238133447996,NONE
0.005939970258623362,0.17819910775870085,-5.787648305350589,-3.5913757320147637,-9.316899041904124,-6.03524778108456,-3.589156379279742,-9.32233656798936,-6.578653814923788,-3.5557079330964876,-10.291959173347976,-5.06725887539626,-3.6238593304467477,-8.428886248363614,-0.0011376538730281224,-0.00035765665696209684,0.009928636632534717,0.6297478914698031,-0.02839641556260842,0.7762803854101512,0.9592999088017561,-0.1305659875178134,0.2503921082551137,-0.24810462089913868,0.0337684018712058,0.9681445099382424,-0.13486208533697328,-0.9908643791854479,6.938893903907228e-18,36.65937496269586,-63.23649858638194,1.7121478402482904,418.036779751073,NONE
0.005949970334768295,0.17849911004304886,-5.783471569472598,-3.5907101716500405,-9.315858136190089,-6.03524778108456,-3.589156379279742,-9.32233656798936,-6.5742587362200275,-3.5561585316112985,-10.291135537273668,-5.063280990046978,-3.622177254963944,-8.427647469499501,-0.0011404022768974277,-0.00034864144684223293,0.009928641991147723,0.629574060905437,-0.02750780139693549,0.77645336157257,0.9592999088017561,-0.1305659875178134,0.2503921082551137,-0.24810462089913868,0.0337684018712058,0.9681445099382424,-0.13486208533697328,-0.9908643791854479,6.938893903907228e-18,36.68234888368686,-63.316132582257595,1.716328317625095,418.0497226947958,NONE
0.005959970410913229,0.17879911232739687,-5.779294833594608,-3.5900446261864785,-9.314817409289988,-6.03524778108456,-3.589156379279742,-9.32233656798936,-6.569692564176517,-3.5566056677293996,-10.290449220750853,-5.059458923882267,-3.6204983612485253,-8.426283971788614,-0.0011431642761124596,-0.00033963039261177127,0.009928636695650379,0.629264016789271,-0.026621955632969187,0.776735520400933,0.9592999088017561,-0.1305659875178134,0.2503921082551137,-0.24810462089913868,0.0337684018712058,0.9681445099382424,-0.13486208533697328,-0.9908643791854479,6.938893903907228e-18,36.71518003436226,-63.39235919630852,1.7205087521738864,418.06273091669823,NONE
0.005969970021396875,0.17909910064190626,-5.775144085341739,-3.589341991732705,-9.31366899169794,-5.794479713402772,-3.62192623595459,-9.259492379728512,-6.565123256306326,-3.556942982412244,-10.28967482243016,-5.055689368832828,-3.6188486178850883,-8.42479492505249,-0.0011459397312939255,-0.00033062394560109845,0.009928620747053684,0.6289307864472907,-0.025794014780351822,0.7770332905740291,0.9706719268052945,-0.08780144152367989,0.22380106652663884,-0.22289107905962294,0.020161454662249587,0.9746348457866356,-0.09008649947541598,-0.9959339449041116,0.0,38.12635727108378,-60.6534587389219,1.7277403272057494,422.240396696851,NONE
0.005979970097541809,0.17939910292625427,-5.77100394671564,-3.588624433765996,-9.312477330936106,-5.794479713402772,-3.62192623595459,-9.259492379728512,-6.560450728364319,-3.5572340746589903,-10.288946783753659,-5.052034091097279,-3.6172124557575986,-8.423181031517654,-0.0011487288910758946,-0.00032162129898829985,0.009928594143928044,0.6285069321946003,-0.02499099212442018,0.7774023967650019,0.9706719268052945,-0.08780144152367989,0.22380106652663884,-0.22289107905962294,0.020161454662249587,0.9746348457866356,-0.09008649947541598,-0.9959339449041116,0.0,38.16340006406365,-60.72179937843596,1.731962735868768,422.2540092847846,NONE
0.005989970173686743,0.17969910521060228,-5.7668702453911775,-3.587897421012509,-9.311258252037677,-5.794479713402772,-3.62192623595459,-9.259492379728512,-6.555649537705688,-3.557494998968655,-10.28829821474945,-5.048508289787573,-3.6155857028516842,-8.421442374319824,-0.0011515316166191055,-0.00031262290427095047,0.009928556886861246,0.6279755199658813,-0.024204459951262025,0.7778566001790107,0.9706719268052945,-0.08780144152367989,0.22380106652663884,-0.22289107905962294,0.020161454662249587,0.9746348457866356,-0.09008649947541598,-0.9959339449041116,0.0,38.208186032930165,-60.787093216479455,1.7361842020881078,421.83845996940687,NONE
0.005999969784170389,0.17999909352511168,-5.762680992537784,-3.5872937153679016,-9.31039644338003,-5.794479713402772,-3.62192623595459,-9.259492379728512,-6.551381242246141,-3.557386317347769,-10.287515490190488,-5.044391023105325,-3.6145311658665276,-8.420508541702699,-0.0011543477665057209,-0.00030362921213803785,0.009928508978465917,0.6279125913086732,-0.0238103535494828,0.7779195618699122,0.9706719268052945,-0.08780144152367989,0.22380106652663884,-0.22289107905962294,0.020161454662249587,0.9746348457866356,-0.09008649947541598,-0.9959339449041116,0.0,38.21574386366587,-60.822466583787254,1.740390459698057,418.716464725121,NONE
0.006009969860315323,0.1802990958094597,-5.758432850295352,-3.5868264522057656,-9.309928233994158,-5.794479713402772,-3.62192623595459,-9.259492379728512,-6.547767086720386,-3.5568450515965093,-10.286532937449426,-5.039565492559148,-3.614131298800056,-8.420508758278418,-0.0011571775930127048,-0.00029463941690978173,0.009928450414451563,0.6284173309005155,-0.023869269668144365,0.7775100746545872,0.9706719268052945,-0.08780144152367989,0.22380106652663884,-0.22289107905962294,0.020161454662249587,0.9746348457866356,-0.09008649947541598,-0.9959339449041116,0.0,38.17836015490458,-60.82376845948945,1.744577771494571,418.7297375564053,NONE
0.006019969936460257,0.1805990980938077,-5.754184708052921,-3.5863592039447907,-9.309460173619899,-5.794479713402772,-3.62192623595459,-9.259492379728512,-6.54398227590784,-3.5563013128214527,-10.285687858628782,-5.034895382251239,-3.61373371245315,-8.420384058475463,-0.001160020955260634,-0.0002856539694460637,0.009928381197007495,0.6287862056902505,-0.023930166513207153,0.7772099167305498,0.9706719268052945,-0.08780144152367989,0.22380106652663884,-0.22289107905962294,0.020161454662249587,0.9746348457866356,-0.09008649947541598,-0.9959339449041116,0.0,38.15089299981176,-60.8230817452732,1.7487650512504693,418.7429730159594,NONE
0.00602997001260519,0.1808991003781557,-5.74993632739191,-3.5858919780355576,-9.308992292059573,-5.794479713402772,-3.62192623595459,-9.259492379728512,-6.540026564206903,-3.555755315923713,-10.28498069735572,-5.030380460304788,-3.613338225345759,-8.420134095215037,-0.0011628778431473732,-0.0002766729016735381,0.009928301326379086,0.6290192099592142,-0.023992878925852654,0.7770194175586186,0.9706719268052945,-0.08780144152367989,0.22380106652663884,-0.22289107905962294,0.020161454662249587,0.9746348457866356,-0.09008649947541598,-0.9959339449041116,0.0,38.13335556897006,-60.820416842146635,1.7529525243763562,418.75620328753956,NONE
0.006039969623088837,0.1811990886926651,-5.7457154840767855,-3.585386538098443,-9.308411042464884,-5.794479713402772,-3.62192623595459,-9.259492379728512,-6.536076972448939,-3.5550987018070903,-10.284175118795366,-5.025912581093868,-3.6129704636924003,-8.41975714788341,-0.0011657481125432678,-0.0002676966634039339,0.009928210807315006,0.6292351630646127,-0.024113234118879,0.7768408212133157,0.9706719268052945,-0.08780144152367989,0.22380106652663884,-0.22289107905962294,0.020161454662249587,0.9746348457866356,-0.09008649947541598,-0.9959339449041116,0.0,38.11663056257537,-60.812216122173496,1.757135284413918,418.16843223704063,NONE
0.00604996969923377,0.1814990909770131,-5.741500839644718,-3.584872448037255,-9.307804118169459,-5.794479713402772,-3.62192623595459,-9.259492379728512,-6.531996904554863,-3.5544157928737015,-10.283453917792231,-5.0215753742847795,-3.6126101213986286,-8.419254298378016,-0.0011686320205744746,-0.0002587244505212062,0.009928109631706606,0.6293423042792018,-0.02424763688538622,0.7767498414225902,0.9706719268052945,-0.08780144152367989,0.22380106652663884,-0.22289107905962294,0.020161454662249587,0.9746348457866356,-0.09008649947541598,-0.9959339449041116,0.0,38.107770899030136,-60.80126748669176,1.761317013901765,418.1817279121196,NONE
0.006059969775378704,0.18179909326136112,-5.737299189025211,-3.5843401338559273,-9.307143206967028,-5.794479713402772,-3.62192623595459,-9.259492379728512,-6.527830393120389,-3.5536795313724245,-10.282758146783609,-5.017341721489347,-3.612263547381915,-8.418625134913885,-0.001171529423648386,-0.00024975671301294075,0.009927997803878904,0.6293702798462677,-0.024410006670620876,0.7767220882790516,0.9706719268052945,-0.08780144152367989,0.22380106652663884,-0.22289107905962294,0.020161454662249587,0.9746348457866356,-0.09008649947541598,-0.9959339449041116,0.0,38.10450277730754,-60.78668677863539,1.765496612883883,417.8090920776886,NONE
0.006069969851523638,0.18209909554570913,-5.733108982497501,-3.583791935036767,-9.30643514849058,-5.794479713402772,-3.62192623595459,-9.259492379728512,-6.523566705606501,-3.5528969410979716,-10.28210223070305,-5.013218436019842,-3.6119288149986017,-8.417869588992158,-0.0011744403114697058,-0.0002407934827427452,0.009927875324229514,0.6293117789944415,-0.0245966141252627,0.7767636007128711,0.9706719268052945,-0.08780144152367989,0.22380106652663884,-0.22289107905962294,0.020161454662249587,0.9746348457866356,-0.09008649947541598,-0.9959339449041116,0.0,38.107391179023494,-60.76872518451564,1.7696742603234767,417.57846700194034,NONE
0.006079969462007284,0.18239908386021852,-5.728995665961551,-3.5832742165428284,-9.305469597948703,-5.794479713402772,-3.62192623595459,-9.259492379728512,-6.51959179278628,-3.5522161749639003,-10.281019355925789,-5.008979071595893,-3.6115595882599156,-8.417010888703564,-0.0011773645372052059,-0.00023183520861930727,0.009927742199642523,0.6294219671626615,-0.02472642220667319,0.7766701946759274,0.9706719268052945,-0.08780144152367989,0.22380106652663884,-0.22289107905962294,0.020161454662249587,0.9746348457866356,-0.09008649947541598,-0.9959339449041116,0.0,38.098342936319405,-60.75822977809228,1.7738375760219736,414.5281357856168,NONE
0.006089969538152218,0.18269908614456654,-5.724974259787845,-3.5828199620944146,-9.304210881961497,-5.794479713402772,-3.62192623595459,-9.259492379728512,-6.515985430086965,-3.5517378987103383,-10.279423372541853,-5.004579674462194,-3.6111272110984585,-8.416059330965869,-0.0011803023628157586,-0.00022288108813623556,0.00992759841819155,0.6297523981769878,-0.024745546828383404,0.7764016839899931,0.9706719268052945,-0.08780144152367989,0.22380106652663884,-0.22289107905962294,0.020161454662249587,0.9746348457866356,-0.09008649947541598,-0.9959339449041116,0.0,38.07397673201399,-60.760846117110454,1.7779828598860732,414.5418059664878,NONE
0.0060999696142971516,0.18299908842891455,-5.72095261519556,-3.582365722547162,-9.302952329887065,-5.794479713402772,-3.62192623595459,-9.259492379728512,-6.512207743299015,-3.5512594684047585,-10.277966120143052,-5.000335851109495,-3.6106950027082463,-8.414981740479783,-0.00118325364200345,-0.00021393157038325354,0.009927443986337508,0.6299466217456337,-0.024764805959786605,0.7762434915263624,0.9706719268052945,-0.08780144152367989,0.22380106652663884,-0.22289107905962294,0.020161454662249587,0.9746348457866356,-0.09008649947541598,-0.9959339449041116,0.0,38.05959054453601,-60.761646652283595,1.7821283398008827,414.5554709593848,NONE
0.006109969224780798,0.18329907674342394,-5.716930851393985,-3.5819115128022316,-9.301693956626567,-5.794479713402772,-3.62192623595459,-9.259492379728512,-6.5082589806785265,-3.550781212762655,-10.276647732048051,-4.996247603220777,-3.610262692191511,-8.413778024300548,-0.0011862182259132674,-0.00020498710357590218,0.00992727891256499,0.6300047406073959,-0.024783949762023416,0.7761957115614604,0.9706719268052945,-0.08780144152367989,0.22380106652663884,-0.22289107905962294,0.020161454662249587,0.9746348457866356,-0.09008649947541598,-0.9959339449041116,0.0,38.05518478211072,-60.760652700480016,1.7862738980267423,414.5691358867078,NONE
0.006119969300925732,0.18359907902777195,-5.712908849173831,-3.581457325409043,-9.300435762180003,-5.794479713402772,-3.62192623595459,-9.259492379728512,-6.5041389278530914,-3.55030321725552,-10.275468352468401,-4.992314898254296,-3.6098301874711063,-8.412448051090927,-0.0011891963801188587,-0.00019604688644331967,0.009927103182087801,0.6299266789994981,-0.02480290425649441,0.7762584589072811,0.9706719268052945,-0.08780144152367989,0.22380106652663884,-0.22289107905962294,0.020161454662249587,0.9746348457866356,-0.09008649947541598,-0.9959339449041116,0.0,38.06076743541283,-60.75786997162262,1.7904196496225904,414.58277283336696,NONE
0.006129969377070665,0.18389908131211996,-5.708886727744388,-3.5810031603675965,-9.299177716745051,-5.794479713402772,-3.62192623595459,-9.259492379728512,-6.49984751192444,-3.5498259759678334,-10.27442803796946,-4.988538030376727,-3.609397038571359,-8.41099171239129,-0.001192187956299051,-0.0001871113673855312,0.009926916802967917,0.6297122839782134,-0.024821276084802314,0.7764318023242378,0.9706719268052945,-0.08780144152367989,0.22380106652663884,-0.22289107905962294,0.020161454662249587,0.9746348457866356,-0.09008649947541598,-0.9959339449041116,0.0,38.07635034862789,-60.753335534796626,1.794565485545105,414.59644887914936,NONE
0.006139969453215599,0.18419908359646797,-5.704820975714969,-3.5806315850120667,-9.298164258969935,-5.794479713402772,-3.62192623595459,-9.259492379728512,-6.495656591903949,-3.5492475116768665,-10.273509447143855,-4.984586272114286,-3.609213882386694,-8.409891856801176,-0.0011951929438253532,-0.00017818057815173447,0.009926719775866821,0.6296126332456928,-0.024985987795761555,0.77650732930945,0.9706719268052945,-0.08780144152367989,0.22380106652663884,-0.22289107905962294,0.020161454662249587,0.9746348457866356,-0.09008649947541598,-0.9959339449041116,0.0,38.082422533994645,-60.73683898022269,1.7987061849805137,413.08594087034606,NONE
0.0061499690636992455,0.18449907191097736,-5.700722679549503,-3.580426254461396,-9.297433833850535,-5.794479713402772,-3.62192623595459,-9.259492379728512,-6.49198184619982,-3.548587993457865,-10.272420718026035,-4.980102237453061,-3.609422192438423,-8.409487748515286,-0.0011982111911532423,-0.0001692549660093614,0.00992651211140439,0.6299498369778163,-0.025347582908565834,0.7762220706294788,0.9706719268052945,-0.08780144152367989,0.22380106652663884,-0.22289107905962294,0.020161454662249587,0.9746348457866356,-0.09008649947541598,-0.9959339449041116,0.0,38.05499018519151,-60.70795930647098,1.8028297276184677,410.9958386140444,NONE
0.006159969139844179,0.18479907419532537,-5.696695432120609,-3.5802701424461487,-9.296475033534678,-5.794479713402772,-3.62192623595459,-9.259492379728512,-6.488549522917,-3.5480883495925064,-10.27096751636042,-4.9755331770263185,-3.609578943874413,-8.408979212454494,-0.0012012429686653007,-0.0001603337313773201,0.009926293790978022,0.6304234774544509,-0.025621080950794323,0.7758284599608025,0.9706719268052945,-0.08780144152367989,0.22380106652663884,-0.22289107905962294,0.020161454662249587,0.9746348457866356,-0.09008649947541598,-0.9959339449041116,0.0,38.01819747413102,-60.68896971567002,1.8069397373132912,411.0094581578514,NONE
0.006169969215989113,0.18509907647967339,-5.692668065482425,-3.580114052782643,-9.295516412032756,-5.794479713402772,-3.62192623595459,-9.259492379728512,-6.4849454675885045,-3.5475906782515474,-10.269653423036488,-4.971120289694046,-3.60973394158884,-8.408344328448864,-0.0012042881253495593,-0.00015141732171308964,0.009926064824784317,0.6307604907893576,-0.025893026390538754,0.7755454560781768,0.9706719268052945,-0.08780144152367989,0.22380106652663884,-0.22289107905962294,0.020161454662249587,0.9746348457866356,-0.09008649947541598,-0.9959339449041116,0.0,37.9914286952276,-60.66829908904535,1.811049824664991,411.0230993074453,NONE
0.0061799692921340466,0.1853990787640214,-5.688640460425662,-3.5799579854708794,-9.294557939542445,-5.794479713402772,-3.62192623595459,-9.259492379728512,-6.481169658313396,-3.547095364627381,-10.268478720013247,-4.966863367625688,-3.609886834776906,-8.407582782766864,-0.0012073466503860761,-0.00014250576869749898,0.009925825213636996,0.6309609544532118,-0.026163112562302214,0.7753733071859932,0.9706719268052945,-0.08780144152367989,0.22380106652663884,-0.22289107905962294,0.020161454662249587,0.9746348457866356,-0.09008649947541598,-0.9959339449041116,0.0,37.9746921656478,-60.64598625620934,1.8151601120564695,411.0367077726454,NONE
0.006189968902617693,0.1856990670785308,-5.684626683646488,-3.5798115666609887,-9.293554465545329,-5.794479713402772,-3.62192623595459,-9.259492379728512,-6.477299075514154,-3.5466350637496182,-10.267348061135019,-4.9627191803394695,-3.610026276585191,-8.406695139371298,-0.0012104183895503332,-0.0001335995186251536,0.009925574970289971,0.6310749563227853,-0.026413005348155272,0.7752720507348845,0.9706719268052945,-0.08780144152367989,0.22380106652663884,-0.22289107905962294,0.020161454662249587,0.9746348457866356,-0.09008649947541598,-0.9959339449041116,0.0,37.96445395457968,-60.62439253504383,1.819267895264689,409.9715827682042,NONE
0.006199968978762627,0.1859990693628788,-5.680653795653629,-3.5796930800777558,-9.292420487178477,-5.794479713402772,-3.62192623595459,-9.259492379728512,-6.473480391145315,-3.546271873060998,-10.266080171251275,-4.958605855068414,-3.6101306484382825,-8.405683117729337,-0.0012135036180177595,-0.00012469777364974117,0.009925314072325397,0.6311977233653754,-0.026607823073868435,0.775165438967474,0.9706719268052945,-0.08780144152367989,0.22380106652663884,-0.22289107905962294,0.020161454662249587,0.9746348457866356,-0.09008649947541598,-0.9959339449041116,0.0,37.953982930360326,-60.607993927923445,1.8233676483828098,409.9852983014128,NONE
0.00620996905490756,0.1862990716472268,-5.67668078845148,-3.5795746158462647,-9.29128668762556,-5.794479713402772,-3.62192623595459,-9.259492379728512,-6.469490095726978,-3.5459118847876456,-10.264952128534887,-4.9546485926974375,-3.6102321464759934,-8.40454407527465,-0.0012166021820943609,-0.00011580098026085737,0.009925042532074262,0.631183959595642,-0.026800109036811508,0.7751700221917651,0.9706719268052945,-0.08780144152367989,0.22380106652663884,-0.22289107905962294,0.020161454662249587,0.9746348457866356,-0.09008649947541598,-0.9959339449041116,0.0,37.953559181772825,-60.59004287586095,1.8274674791578072,409.9990138527814,NONE
0.006219969131052494,0.18659907393157482,-5.672730192595767,-3.579471596668351,-9.29008034921995,-5.794479713402772,-3.62192623595459,-9.259492379728512,-6.465451997657539,-3.5456073801685797,-10.26381004611052,-4.950777687399,-3.61031262536521,-8.403279217264389,-0.0012197140707695508,-0.00010690917006914555,0.009924760350502222,0.6311142959410578,-0.026960518831929174,0.7752211786858872,0.9706719268052945,-0.08780144152367989,0.22380106652663884,-0.22289107905962294,0.020161454662249587,0.9746348457866356,-0.09008649947541598,-0.9959339449041116,0.0,37.957479897039875,-60.574311103572214,1.8315631462385422,409.3196099373465,NONE
0.0062299687415361404,0.1868990622460842,-5.668763265067386,-3.5794479485255364,-9.289012025369319,-5.794479713402772,-3.62192623595459,-9.259492379728512,-6.461569380814934,-3.5452773257632115,-10.262662372957946,-4.946733975921417,-3.610568029428914,-8.402283158900786,-0.0012228391271473678,-9.802278837108337e-05,0.00992446754249645,0.6311814187056322,-0.027204459860709553,0.7751580058571498,0.9706719268052945,-0.08780144152367989,0.22380106652663884,-0.22289107905962294,0.020161454662249587,0.9746348457866356,-0.09008649947541598,-0.9959339449041116,0.0,37.95073195710909,-60.55263622500084,1.835650747102152,407.7165344309537,NONE
0.006239968817681074,0.18719906453043222,-5.664787396842288,-3.57951264936744,-9.288063357843074,-5.794479713402772,-3.62192623595459,-9.259492379728512,-6.4578998635753795,-3.5449386772914737,-10.26144993241331,-4.942479105832021,-3.6110000710524055,-8.401574716369257,-0.0012259776311806068,-8.914103910049559e-05,0.009924164081825223,0.6314253157263993,-0.027525580733721612,0.7749480066850217,0.9706719268052945,-0.08780144152367989,0.22380106652663884,-0.22289107905962294,0.020161454662249587,0.9746348457866356,-0.09008649947541598,-0.9959339449041116,0.0,37.93042259065279,-60.52610503536238,1.8397280044042716,407.73021100486153,NONE
0.006249968893826008,0.18749906681478024,-5.660823687964725,-3.5795856203538063,-9.287075708879145,-5.794479713402772,-3.62192623595459,-9.259492379728512,-6.454125179137505,-3.5446322396295313,-10.2602946838612,-4.93834324744765,-3.6114185794295572,-8.40073970473886,-0.001229129426501588,-8.026436775349506e-05,0.009923849982953339,0.6315758048707732,-0.027827641583344283,0.7748145746343081,0.9706719268052945,-0.08780144152367989,0.22380106652663884,-0.22289107905962294,0.020161454662249587,0.9746348457866356,-0.09008649947541598,-0.9959339449041116,0.0,37.91711648703157,-60.50010969593016,1.8438029091870245,407.315434557441,NONE
0.006259968504309654,0.18779905512928963,-5.6568766683876985,-3.5796699981790665,-9.286034266723307,-5.794479713402772,-3.62192623595459,-9.259492379728512,-6.450270690535557,-3.544368839603375,-10.259165255752734,-4.934311957488706,-3.6118196876506246,-8.399778393693982,-0.0012322943542166201,-7.139321886065905e-05,0.009923525262367595,0.6316494721028549,-0.02810452001968728,0.7747445258578133,0.9706719268052945,-0.08780144152367989,0.22380106652663884,-0.22289107905962294,0.020161454662249587,0.9746348457866356,-0.09008649947541598,-0.9959339449041116,0.0,37.90964388357939,-60.47544211090412,1.8478746546448885,407.0585643736772,SLIDING
0.006269968580454588,0.18809905741363764,-5.652946934157657,-3.579766185174573,-9.284936885608348,-5.794479713402772,-3.62192623595459,-9.259492379728512,-6.446339942302103,-3.5441501874111614,-10.258057229305342,-4.930383146738124,-3.612202606938414,-8.398690707562016,-0.0012354726978477258,-6.252679771997621e-05,0.009923189890979274,0.6316486648183248,-0.028355174803021986,0.7747360507263861,0.9706719268052945,-0.08780144152367989,0.22380106652663884,-0.22289107905962294,0.020161454662249587,0.9746348457866356,-0.09008649947541598,-0.9959339449041116,0.0,37.90784151695361,-60.45223877230518,1.8519431777625712,406.68193966070504,SLIDING
0.006279968656599522,0.18839905969798565,-5.6490336508095735,-3.579873518238652,-9.283786664975795,-5.794479713402772,-3.62192623595459,-9.259492379728512,-6.442327865273449,-3.5439743288320305,-10.256977142469395,-4.926559837381837,-3.612567850047305,-8.397476614244447,-0.001238664299028807,-5.366554906575344e-05,0.009922843884852187,0.6315700116215051,-0.02858063383969766,0.7747918867603952,0.9706719268052945,-0.08780144152367989,0.22380106652663884,-0.22289107905962294,0.020161454662249587,0.9746348457866356,-0.09008649947541598,-0.9959339449041116,0.0,37.91194968384136,-60.43037038421722,1.8560085366522454,406.38053916569174,SLIDING
0.006289968732744455,0.18869906198233366,-5.6451003403008455,-3.580076106975663,-9.282804112208995,-5.794479713402772,-3.62192623595459,-9.259492379728512,-6.438536798283362,-3.543766863671683,-10.255863408439694,-4.922496981976053,-3.613143885605853,-8.396613531688738,-0.0012418691464200272,-4.480950438326913e-05,0.00992248724521578,0.6316832567947123,-0.028907092472570936,0.774687448646232,0.9706719268052945,-0.08780144152367989,0.22380106652663884,-0.22289107905962294,0.020161454662249587,0.9746348457866356,-0.09008649947541598,-0.9959339449041116,0.0,37.90120498785576,-60.40160509306855,1.8600641746827513,405.2760005715112,SLIDING
0.006299968343228102,0.18899905029684305,-5.641179069930362,-3.5803003321987275,-9.281795929444941,-5.794479713402772,-3.62192623595459,-9.259492379728512,-6.434702065261392,-3.5435936740140117,-10.254769744669131,-4.918496899776308,-3.6137300469670657,-8.395683198715624,-0.0012450870784718536,-3.595910716050014e-05,0.009922119990688453,0.6317521522854519,-0.029223488730439152,0.7746193941472946,0.9706719268052945,-0.08780144152367989,0.22380106652663884,-0.22289107905962294,0.020161454662249587,0.9746348457866356,-0.09008649947541598,-0.9959339449041116,0.0,37.893796487687325,-60.373195177804824,1.8641157614244523,405.00775708265866,SLIDING
0.006309968419373035,0.18929905258119106,-5.637274012023258,-3.5805354352694634,-9.280735831035289,-5.794479713402772,-3.62192623595459,-9.259492379728512,-6.430784139114878,-3.543463326793673,-10.25370628534638,-4.914603561311788,-3.614297975187156,-8.394626161177534,-0.00124831838345574,-2.711356455482818e-05,0.009921742088370338,0.6317419074179544,-0.029514436830617927,0.7746167184036867,0.9706719268052945,-0.08780144152367989,0.22380106652663884,-0.22289107905962294,0.020161454662249587,0.9746348457866356,-0.09008649947541598,-0.9959339449041116,0.0,37.89239696090956,-60.346131373651204,1.8681641850506487,404.6941887585776,SLIDING
0.006319968495517969,0.18959905486553907,-5.633384212905216,-3.580783077667344,-9.279628317130717,-5.794479713402772,-3.62192623595459,-9.259492379728512,-6.426788926058652,-3.543374502285998,-10.252671855529686,-4.910809765427501,-3.6148520468062717,-8.393452087680435,-0.0012515629003479187,-1.8273320262961434e-05,0.009921353556457372,0.631657983596313,-0.02978231021678067,0.774674903270521,0.9706719268052945,-0.08780144152367989,0.22380106652663884,-0.22289107905962294,0.020161454662249587,0.9746348457866356,-0.09008649947541598,-0.9959339449041116,0.0,37.89658736168913,-60.320273764406075,1.8722095100079965,404.2076298827538,SLIDING
0.006329968571662903,0.18989905714988708,-5.629483923369693,-3.581104480813134,-9.278631399644526,-5.794479713402772,-3.62192623595459,-9.259492379728512,-6.422938589036347,-3.543274500623294,-10.251617912457931,-4.906863982830191,-3.6155572343455926,-8.392507104888226,-0.0012548206176196171,-9.438405695141723e-06,0.009920954396330743,0.6316977525858983,-0.03011780571762443,0.7746295031540437,0.9706719268052945,-0.08780144152367989,0.22380106652663884,-0.22289107905962294,0.020161454662249587,0.9746348457866356,-0.09008649947541598,-0.9959339449041116,0.0,37.89118624647278,-60.28971473041381,1.8762467424226994,403.5673029281056,SLIDING
0.006339968182146549,0.19019904546439648,-5.625599488669681,-3.5814378570419434,-9.27758548714033,-5.794479713402772,-3.62192623595459,-9.259492379728512,-6.419009257669092,-3.5432172188947515,-10.250593343872257,-4.9030204367006505,-3.616246393005495,-8.391441753918544,-0.0012580913710746957,-6.092632715338177e-07,0.00992054462873957,0.6316620087368505,-0.03042882254614318,0.7746464958140472,0.9706719268052945,-0.08780144152367989,0.22380106652663884,-0.22289107905962294,0.020161454662249587,0.9746348457866356,-0.09008649947541598,-0.9959339449041116,0.0,37.89152067838502,-60.26047095089306,1.8802806013849018,403.24412495535915,SLIDING
0.006349968258291483,0.1904990477487445,-5.621717557364749,-3.5818178888064507,-9.2765736088883,-5.794479713402772,-3.62192623595459,-9.259492379728512,-6.415125314773144,-3.543161351318865,-10.249565885620129,-4.89914033740433,-3.617023409713272,-8.390444064780564,-0.0012613754537174617,8.214897945981922e-06,0.00992012421697481,0.6316604072370058,-0.030775857664336256,0.7746340920164853,0.9706719268052945,-0.08780144152367989,0.22380106652663884,-0.22289107905962294,0.020161454662249587,0.9746348457866356,-0.09008649947541598,-0.9959339449041116,0.0,37.8890820415818,-60.2283183956182,1.884308509893133,402.50910800747016,SLIDING
0.006359968334436417,0.1907990500330925,-5.617848858290958,-3.5822208311062935,-9.275533209813746,-5.794479713402772,-3.62192623595459,-9.259492379728512,-6.411205620826873,-3.543138804377429,-10.248550070156583,-4.895318080696201,-3.617813856206533,-8.389381276767745,-0.001264672701875782,1.703363532358655e-05,0.009919693181363248,0.6316198083877801,-0.031114604928793345,0.7746536639120153,0.9706719268052945,-0.08780144152367989,0.22380106652663884,-0.22289107905962294,0.020161454662249587,0.9746348457866356,-0.09008649947541598,-0.9959339449041116,0.0,37.88957514589471,-60.196446719645614,1.8883319688145956,402.0440328342956,SLIDING
0.006369967944920063,0.1910990383476019,-5.613988503867435,-3.5826672624450806,-9.27450178123823,-5.794479713402772,-3.62192623595459,-9.259492379728512,-6.407339025189449,-3.543130577053285,-10.247505362327454,-4.891463410309603,-3.618674357094835,-8.38836194195621,-0.001267982949374739,2.5846507258117773e-05,0.009919251544251622,0.631614839533269,-0.031476575017312644,0.7746430918213514,0.9706719268052945,-0.08780144152367989,0.22380106652663884,-0.22289107905962294,0.020161454662249587,0.9746348457866356,-0.09008649947541598,-0.9959339449041116,0.0,37.88728076863717,-60.16286578439766,1.8923491386113618,401.5193148173542,SLIDING
0.006379968021064997,0.1913990406319499,-5.610138520652103,-3.583139472792733,-9.2734556899201,-5.794479713402772,-3.62192623595459,-9.259492379728512,-6.403449740699961,-3.543146107136403,-10.246472651147288,-4.887649219793745,-3.6195624781175177,-8.387303664996079,-0.0012713064927544326,3.465430323145905e-05,0.009918799266077472,0.6315835503775902,-0.03184015457546444,0.774653744229671,0.9706719268052945,-0.08780144152367989,0.22380106652663884,-0.22289107905962294,0.020161454662249587,0.9746348457866356,-0.09008649947541598,-0.9959339449041116,0.0,37.88691360572605,-60.12880944000726,1.8963617863390638,401.03207622282633,SLIDING
0.00638996809720993,0.1916990429162979,-5.606296524459171,-3.583642543445218,-9.272407512439402,-5.794479713402772,-3.62192623595459,-9.259492379728512,-6.399555823491998,-3.5431795419247964,-10.245447387260594,-4.883854509428747,-3.6204932584487906,-8.386234619505332,-0.0012746431663624089,4.345658142299582e-05,0.009918336368765254,0.6315422141930214,-0.0322140485516643,0.7746719865646925,0.9706719268052945,-0.08780144152367989,0.22380106652663884,-0.22289107905962294,0.020161454662249587,0.9746348457866356,-0.09008649947541598,-0.9959339449041116,0.0,37.88721335689272,-60.09367498451584,1.9003698577530024,400.5798269102556,SLIDING
0.006399968173354864,0.19199904520064592,-5.602462753707218,-3.584176697919953,-9.271357964051875,-5.794479713402772,-3.62192623595459,-9.259492379728512,-6.395658482099234,-3.543230776095012,-10.24442945984892,-4.8800786341239695,-3.621467221090063,-8.385156273067103,-0.001277992958343888,5.225331055721758e-05,0.009917862853959214,0.6314916033230271,-0.03259851874793792,0.77469716115909,0.9706719268052945,-0.08780144152367989,0.22380106652663884,-0.22289107905962294,0.020161454662249587,0.9746348457866356,-0.09008649947541598,-0.9959339449041116,0.0,37.888121652112275,-60.05744922102762,1.904372980977108,400.0682823703278,SLIDING
0.0064099677838385105,0.19229903351515532,-5.598637089186954,-3.5847415338855866,-9.270306120885524,-5.794479713402772,-3.62192623595459,-9.259492379728512,-6.391756027602065,-3.5433006651190673,-10.243419255063301,-4.876322904246411,-3.622482818195519,-8.384066508737122,-0.00128135569989362,6.104405014275496e-05,0.009917378746134312,0.6314304680648557,-0.03299256378185484,0.7747303109692415,0.9706719268052945,-0.08780144152367989,0.22380106652663884,-0.22289107905962294,0.020161454662249587,0.9746348457866356,-0.09008649947541598,-0.9959339449041116,0.0,37.88973805092158,-60.020211363674,1.9083714431627588,399.60370489567345,SLIDING
0.006419967859983444,0.19259903579950333,-5.594819769316959,-3.585336850176442,-9.269251476300868,-5.794479713402772,-3.62192623595459,-9.259492379728512,-6.3878480845359835,-3.5433897107066,-10.242416774046994,-4.872588117294049,-3.6235392084725286,-8.382964357424875,-0.001284731692255303,6.982958767839317e-05,0.009916884001922921,0.6313583196841395,-0.033395624069136806,0.7747718402592169,0.9706719268052945,-0.08780144152367989,0.22380106652663884,-0.22289107905962294,0.020161454662249587,0.9746348457866356,-0.09008649947541598,-0.9959339449041116,0.0,37.892102875819496,-59.98200928608712,1.9123651086075508,399.1341329255518,SLIDING
0.006429967936128378,0.19289903808385134,-5.591010674887943,-3.5859625871878746,-9.268194000495585,-5.794479713402772,-3.62192623595459,-9.259492379728512,-6.383934159060509,-3.543498417280637,-10.241422293604588,-4.868874495244031,-3.6246358186416785,-8.381849510093096,-0.0012881207671447258,7.860948245032327e-05,0.009916378645378128,0.6312748599235325,-0.03380725056710048,0.7748219931297884,0.9706719268052945,-0.08780144152367989,0.22380106652663884,-0.22289107905962294,0.020161454662249587,0.9746348457866356,-0.09008649947541598,-0.9959339449041116,0.0,37.89524159568111,-59.942883128670154,1.9163540944610133,398.66221824555714,SLIDING
0.006439968012273312,0.19319904036819935,-5.587209805899906,-3.5866187300187233,-9.26713375307432,-5.794479713402772,-3.62192623595459,-9.259492379728512,-6.380014469341774,-3.543627009045667,-10.240435682353583,-4.8651818394067465,-3.625772416042031,-8.38072220028342,-0.0012915229125195834,8.738370326299684e-05,0.009915862678295908,0.6311802624729284,-0.03422725291515164,0.7748806175292343,0.9706719268052945,-0.08780144152367989,0.22380106652663884,-0.22289107905962294,0.020161454662249587,0.9746348457866356,-0.09008649947541598,-0.9959339449041116,0.0,37.899143054531095,-59.902854869658675,1.9203383860752208,398.18969522286926,SLIDING
0.006449967622756958,0.19349902868270874,-5.583417281562137,-3.5873052712184075,-9.266070793641719,-5.794479713402772,-3.62192623595459,-9.259492379728512,-6.3760889899179904,-3.5437758514681716,-10.239457109743684,-4.861510400747226,-3.626948653597672,-8.379582387561724,-0.0012949379569543126,9.615181076188644e-05,0.009915336127278452,0.6310744121544852,-0.034655334220625215,0.7749478009091502,0.9706719268052945,-0.08780144152367989,0.22380106652663884,-0.22289107905962294,0.020161454662249587,0.9746348457866356,-0.09008649947541598,-0.9959339449041116,0.0,37.90381808501853,-59.86195297644796,1.9243178537433074,397.71718860830936,SLIDING
0.006459967698901892,0.19379903096705675,-5.579632863456058,-3.5880222033363465,-9.265005152000102,-5.794479713402772,-3.62192623595459,-9.259492379728512,-6.372157659580586,-3.5439451730097518,-10.23848644658747,-4.857859779457094,-3.6281643090066193,-8.37843024652645,-0.0012983662063789988,0.00010491459041785186,0.009914798945155123,0.6309574500514552,-0.035091306665361484,0.7750234166920915,0.9706719268052945,-0.08780144152367989,0.22380106652663884,-0.22289107905962294,0.020161454662249587,0.9746348457866356,-0.09008649947541598,-0.9959339449041116,0.0,37.90925785290881,-59.820198950447306,1.9282927215675318,397.2448894389356,SLIDING
0.006469967775046825,0.19409903325140476,-5.575856790000247,-3.5887695040207985,-9.263936917556437,-5.794479713402772,-3.62192623595459,-9.259492379728512,-6.368220715015392,-3.5441353301534986,-10.2375237749266,-4.854230215532991,-3.629419014902329,-8.377265873292345,-0.0013018074898869581,0.00011367160264899463,0.009914251158106376,0.6308293747843338,-0.03553486864534604,0.7751074590142739,0.9706719268052945,-0.08780144152367989,0.22380106652663884,-0.22289107905962294,0.020161454662249587,0.9746348457866356,-0.09008649947541598,-0.9959339449041116,0.0,37.915464794901844,-59.777623205373594,1.9322627361497808,396.7728445170963,SLIDING
0.006479967385530472,0.19439902156591415,-5.572088822776126,-3.5895471807223442,-9.26286614991537,-5.794479713402772,-3.62192623595459,-9.259492379728512,-6.364277893696891,-3.544346554086481,-10.236569157639776,-4.850621492511155,-3.6307125749727045,-8.376089324482285,-0.0013052616340938886,0.00012242240897006294,0.00991369279432866,0.6306901671607235,-0.03598584203592641,0.775199930482288,0.9706719268052945,-0.08780144152367989,0.22380106652663884,-0.22289107905962294,0.020161454662249587,0.9746348457866356,-0.09008649947541598,-0.9959339449041116,0.0,37.922441731379905,-59.73424459115904,1.9362281162308648,396.30117276631387,SLIDING
0.0064899674616754055,0.19469902385026217,-5.568329080992984,-3.590355211089242,-9.261792968286189,-5.794479713402772,-3.62192623595459,-9.259492379728512,-6.360329387015695,-3.544579152703156,-10.235622643190737,-4.847033663863456,-3.6320446661021424,-8.374900783735383,-0.0013087289484301089,0.00013116779330269533,0.009913123803803343,0.630539884646766,-0.03644396391624442,0.7753007747730649,0.9706719268052945,-0.08780144152367989,0.22380106652663884,-0.22289107905962294,0.020161454662249587,0.9746348457866356,-0.09008649947541598,-0.9959339449041116,0.0,37.930186428810046,-59.69009077400105,1.9401887174559942,395.8298211670445,SLIDING
0.006499967537820339,0.19499902613461018,-5.5645774454415315,-3.5911935876709107,-9.260717372668894,-5.794479713402772,-3.62192623595459,-9.259492379728512,-6.35637503359326,-3.5448334942572663,-10.234684255638701,-4.8434666487852525,-3.6334149386762973,-8.373700229140283,-0.001312209260028513,0.0001399073169305512,0.009912544214305452,0.630378493670003,-0.036908935174596216,0.7754100110410075,0.9706719268052945,-0.08780144152367989,0.22380106652663884,-0.22289107905962294,0.020161454662249587,0.9746348457866356,-0.09008649947541598,-0.9959339449041116,0.0,37.938703572748516,-59.645191775462614,1.9441446548841057,395.35886573691823,SLIDING
0.006509967613965273,0.1952990284189582,-5.560833916121768,-3.592062310467351,-9.259639452470454,-5.794479713402772,-3.62192623595459,-9.259492379728512,-6.352414910881287,-3.545109806067775,-10.233754003769363,-4.839920376739246,-3.634823185669837,-8.37248782352785,-0.0013157025565238057,0.0001486409488008371,0.00991195402789387,0.6302060558925171,-0.03738057483419279,0.77552757510063,0.9706719268052945,-0.08780144152367989,0.22380106652663884,-0.22289107905962294,0.020161454662249587,0.9746348457866356,-0.09008649947541598,-0.9959339449041116,0.0,37.94798996378136,-59.59956784018115,1.9480959085058256,394.8883456734195,SLIDING
0.006519967224448919,0.19559901673346758,-5.557098612242984,-3.5929613571268204,-9.258559267295512,-5.794479713402772,-3.62192623595459,-9.259492379728512,-6.348449183416116,-3.545408341490826,-10.232831894538018,-4.836394925654199,-3.636269133636629,-8.371263674451873,-0.0013192086619282408,0.00015736825160865588,0.009911353274889482,0.6300226074007987,-0.037858663394084495,0.7756534250358936,0.9706719268052945,-0.08780144152367989,0.22380106652663884,-0.22289107905962294,0.020161454662249587,0.9746348457866356,-0.09008649947541598,-0.9959339449041116,0.0,37.958044528775034,-59.55324253103437,1.9520423473059463,394.41830328681687,SLIDING
0.006529967300593853,0.1958990190178156,-5.5533712953866,-3.5938907276493195,-9.257476876748713,-5.794479713402772,-3.62192623595459,-9.259492379728512,-6.344477558015532,-3.545729526112156,-10.231918023192106,-4.832890106986207,-3.6377523949845987,-8.370027809056172,-0.0013227278903280553,0.00016609000716984954,0.009910741901475426,0.6298281045955518,-0.03834286203018435,0.7757875892233059,0.9706719268052945,-0.08780144152367989,0.22380106652663884,-0.22289107905962294,0.020161454662249587,0.9746348457866356,-0.09008649947541598,-0.9959339449041116,0.0,37.96887287005946,-59.506249599208004,1.9559841893711027,393.9487178596103,SLIDING
0.006539967376738787,0.1961990213021636,-5.549652084761905,-3.594850407133687,-9.256392400039347,-5.794479713402772,-3.62192623595459,-9.259492379728512,-6.340500277672221,-3.5460734702174044,-10.231012384536735,-4.8294059272117815,-3.639272840801688,-8.36878045984818,-0.0013262600662506537,0.00017480577794347683,0.009910119937551604,0.6296226460251829,-0.038833071076784756,0.7759299686202314,0.9706719268052945,-0.08780144152367989,0.22380106652663884,-0.22289107905962294,0.020161454662249587,0.9746348457866356,-0.09008649947541598,-0.9959339449041116,0.0,37.98046839825703,-59.45860231661602,1.9599212910006774,393.4796657115787,SLIDING
0.00654996745288372,0.1964990235865116,-5.54594086115961,-3.5958403732281807,-9.255305807365092,-5.794479713402772,-3.62192623595459,-9.259492379728512,-6.336517044750931,-3.5464406707144525,-10.23011508887398,-4.825942429618828,-3.64082997583282,-8.367521469428832,-0.0013298051771457227,0.0001835155329616077,0.009909487385328233,0.6294060896383762,-0.03932887713265318,0.7760806747688113,0.9706719268052945,-0.08780144152367989,0.22380106652663884,-0.22289107905962294,0.020161454662249587,0.9746348457866356,-0.09008649947541598,-0.9959339449041116,0.0,37.99284440648397,-59.410340328868415,1.9638537726150567,393.01115678537303,SLIDING
0.006559967063367367,0.196799011901021,-5.542237743789005,-3.5968606408339623,-9.254217247737559,-5.794479713402772,-3.62192623595459,-9.259492379728512,-6.332528226920666,-3.546831172072771,-10.229226054114779,-4.8224995071378665,-3.6424237880505204,-8.366251197279173,-0.0013333630444319466,0.00019221883612486563,0.009908844277248875,0.6291786332428333,-0.03983025665739552,0.7762395236815027,0.9706719268052945,-0.08780144152367989,0.22380106652663884,-0.22289107905962294,0.020161454662249587,0.9746348457866356,-0.09008649947541598,-0.9959339449041116,0.0,38.00598640536889,-59.361471043384164,1.9677814864605168,392.54320132579306,SLIDING
0.0065699671395123005,0.19709901418536901,-5.538542613440799,-3.5979111726981285,-9.253126721156749,-5.794479713402772,-3.62192623595459,-9.259492379728512,-6.328533568082475,-3.547245456798625,-10.228345386279017,-4.8190771652286095,-3.644053766843604,-8.36496954684412,-0.001336933986833551,0.00020091646709849848,0.009908190555701678,0.6289401678557769,-0.04033679585207466,0.7764065997645406,0.9706719268052945,-0.08780144152367989,0.22380106652663884,-0.22289107905962294,0.020161454662249587,0.9746348457866356,-0.09008649947541598,-0.9959339449041116,0.0,38.01990518426858,-59.312034585160795,1.971704544979307,392.0759039354305,SLIDING
0.006579967215657234,0.19739901646971703,-5.5348554701149935,-3.59899197627126,-9.252034317029628,-5.551774370706765,-3.6438799757978177,-9.203533499032485,-6.3245331105920215,-3.5476836528843645,-10.227473114734535,-4.815675365316642,-3.645719809882105,-8.363676662209844,-0.0013405178262826153,0.0002096079895421736,0.009907526252709442,0.6286907271980745,-0.04084839874905868,0.7765818552186207,0.9612843294872433,-0.12376311529426855,0.2462013996201452,-0.24418590930027792,0.0314383662761738,0.9692186909181444,-0.12769369436842712,-0.9918136520629985,-3.469446951953615e-18,36.81240976355355,-61.583505925637446,1.9739959928401056,394.54183465845324,SLIDING
0.006589966826140881,0.19769900478422642,-5.531176194602298,-3.600103029201615,-9.250940094960841,-5.551774370706765,-3.6438799757978177,-9.203533499032485,-6.320526824620524,-3.548146167159952,-10.226609216826828,-4.812293906791509,-3.647421503947265,-8.36237267789655,-0.0013441143822601484,0.00021829296827621084,0.009906851402306438,0.6284303824287566,-0.04136472366138036,0.7767652245542825,0.9612843294872433,-0.12376311529426855,0.2462013996201452,-0.24418590930027792,0.0314383662761738,0.9692186909181444,-0.12769369436842712,-0.9918136520629985,-3.469446951953615e-18,36.82591099548391,-61.5300633038278,1.9767071551877429,394.1960526431486,SLIDING
0.006599966902285814,0.19799900706857443,-5.527504906112003,-3.6012443314891938,-9.249844114555033,-5.551774370706765,-3.6438799757978177,-9.203533499032485,-6.316514706655216,-3.548633212752327,-10.225753830060595,-4.808933020628688,-3.6491586549388,-8.361057582563266,-0.0013477239769539053,0.0002269721813258901,0.009906165944039017,0.6281590358443869,-0.041885600911030496,0.7769567697905538,0.9612843294872433,-0.12376311529426855,0.2462013996201452,-0.24418590930027792,0.0314383662761738,0.9692186909181444,-0.12769369436842712,-0.9918136520629985,-3.469446951953615e-18,36.84017241579447,-61.47602530941391,1.9806473903189605,393.8508016822394,SLIDING
0.006609966978430748,0.19829900935292244,-5.523841604644107,-3.602415860782254,-9.24874643541685,-5.551774370706765,-3.6438799757978177,-9.203533499032485,-6.312496891927621,-3.549145095011417,-10.224906889102657,-4.805592583669288,-3.650930942058477,-8.359731549598784,-0.001351346430355971,0.0002356451932672061,0.009905469911521152,0.6278767951076386,-0.04241076960294154,0.7771563914599473,0.9612843294872433,-0.12376311529426855,0.2462013996201452,-0.24418590930027792,0.0314383662761738,0.9692186909181444,-0.12769369436842712,-0.9918136520629985,-3.469446951953615e-18,36.855188805280015,-61.42142202483013,1.9845841068693577,393.506063709862,SLIDING
0.006619967054575682,0.19859901163727045,-5.520186170989322,-3.603617617080796,-9.247647117150935,-5.551774370706765,-3.6438799757978177,-9.203533499032485,-6.308473199070536,-3.549682029801514,-10.224068482018511,-4.802272533312861,-3.6527381687130327,-8.358394612687704,-0.0013549817295964068,0.00024431197328358403,0.009904763307225218,0.6275836107323646,-0.042940057879799494,0.7773641122211699,0.9612843294872433,-0.12376311529426855,0.2462013996201452,-0.24418590930027792,0.0314383662761738,0.9692186909181444,-0.12769369436842712,-0.9918136520629985,-3.469446951953615e-18,36.870965414153694,-61.36627227053729,1.9885174047582108,393.16188496739426,SLIDING
0.006629966665059328,0.19889899995177984,-5.516538605147647,-3.6048495854836586,-9.246546219361933,-5.551774370706765,-3.6438799757978177,-9.203533499032485,-6.304443630391038,-3.5502443735656977,-10.223238653044994,-4.798972867458291,-3.6545799818083826,-8.357046845430535,-0.0013586296915801136,0.00025297208744428555,0.009904046167305235,0.6272794845553114,-0.04347317010111874,0.777579919839358,0.9612843294872433,-0.12376311529426855,0.2462013996201452,-0.24418590930027792,0.0314383662761738,0.9692186909181444,-0.12769369436842712,-0.9918136520629985,-3.469446951953615e-18,36.88750501815786,-61.310607489823845,1.9924472674665594,392.8182795476472,SLIDING
0.006639966741204262,0.19919900223612785,-5.512898787909793,-3.6061117510896805,-9.245443771852168,-5.551774370706765,-3.6438799757978177,-9.203533499032485,-6.300408166475782,-3.5508323346292294,-10.222417329719798,-4.795693376009509,-3.6564561631452164,-8.355688370764678,-0.001362290643100971,0.0002616263115467504,0.009903318427518121,0.6269644960276137,-0.044009928548327915,0.7778037328979667,0.9612843294872433,-0.12376311529426855,0.2462013996201452,-0.24418590930027792,0.0314383662761738,0.9692186909181444,-0.12769369436842712,-0.9918136520629985,-3.469446951953615e-18,36.90480346236503,-61.2544494660041,1.9963738004068379,392.47528711265846,SLIDING
0.0066499668173491955,0.19949900452047586,-5.509266957694339,-3.607404106448281,-9.244339864028605,-5.551774370706765,-3.6438799757978177,-9.203533499032485,-6.296366919389602,-3.551446218801005,-10.221604686426048,-4.792434412458758,-3.6583664199793464,-8.354319200707089,-0.0013659644015737776,0.0002702742114105738,0.009902580123597715,0.6266385445545182,-0.044550083824308966,0.7780356190495666,0.9612843294872433,-0.12376311529426855,0.2462013996201452,-0.24418590930027792,0.0314383662761738,0.9692186909181444,-0.12769369436842712,-0.9918136520629985,-3.469446951953615e-18,36.92287041148419,-61.197823467500484,2.000296751456771,392.1329255220819,SLIDING
0.006659966893494129,0.19979900680482388,-5.505642876082706,-3.6087266366582993,-9.24323455549589,-5.551774370706765,-3.6438799757978177,-9.203533499032485,-6.2923196780768444,-3.552086281701876,-10.22080074117378,-4.789195713467325,-3.660310491038131,-8.352939432743709,-0.0013696509539452906,0.0002789157563089708,0.00990183125816742,0.6263016519206335,-0.045093420556772755,0.7782755451791968,0.9612843294872433,-0.12376311529426855,0.2462013996201452,-0.24418590930027792,0.0314383662761738,0.9692186909181444,-0.12769369436842712,-0.9918136520629985,-3.469446951953615e-18,36.941706222147666,-61.14075381078569,2.004216333285447,391.7912372504527,SLIDING
0.006666666828095913,0.2000000048428774,-5.50321899359827,-3.6096296097737435,-9.242493252528819,-5.551774370706765,-3.6438799757978177,-9.203533499032485,-6.289604650383893,-3.5525299341189536,-10.220266945071268,-4.787036984547886,-3.661631779540836,-8.35200914784154,-0.0013721279934486,0.0002847017838043,0.0099013236319137,0.6260698607650026,-0.04545910225911776,0.77844074884572,0.9612843294872433,-0.12376311529426855,0.2462013996201452,-0.24418590930027792,0.0314383662761738,0.9692186909181444,-0.12769369436842712,-0.9918136520629985,-3.469446951953615e-18,36.9547540926344,-61.10228419661291,2.006840638128084,391.56268539068765,SLIDING
