region,parameter,x_mm,radius_mm
HEAD,0.0,0.0,0.0
HEAD,0.0005,1.2697020060583822e-08,0.00024159251490644956
HEAD,0.001,5.1575133813682265e-08,0.00048314452030433165
HEAD,0.0015,1.1781261276874352e-07,0.0007246570794069211
HEAD,0.002,2.1258465203783268e-07,0.000966131251691361
HEAD,0.0025,3.370633729181905e-07,0.0012075680929027066
HEAD,0.003,4.924178254747917e-07,0.0014489686550579702
HEAD,0.0035,6.798139911229037e-07,0.0016903339864501657
HEAD,0.004,9.004147852106442e-07,0.0019316651316523506
HEAD,0.0045,1.1553800596015426e-06,0.0021729631315216746
HEAD,0.005,1.445866605257094e-06,0.0024142290232034174
HEAD,0.0055,1.7730281548193209e-06,0.0026554638401350412
HEAD,0.006,2.138015385193332e-06,0.002896668612050228
HEAD,0.0065,2.5419759201298775e-06,0.0031378443649829274
HEAD,0.007,2.9860543328079123e-06,0.0033789921212713987
HEAD,0.0075,3.47139214841715e-06,0.0036201128995622584
HEAD,0.008,3.9991278467406236e-06,0.0038612077148145185
HEAD,0.0085,4.570396864737247e-06,0.004102277578303643
HEAD,0.009,5.18633159912436e-06,0.004343323497625574
HEAD,0.0095,5.848061408960315e-06,0.004584346476700794
HEAD,0.01,6.556712618227e-06,0.004825347515778355
HEAD,0.0105,7.313408518412426e-06,0.005066327611439938
HEAD,0.011,8.119269371093265e-06,0.00530728775660388
HEAD,0.0115,8.97541241051743e-06,0.005548228940529238
HEAD,0.012,9.882951846186608e-06,0.005789152148819812
HEAD,0.0125,1.0842998865438845e-05,0.006030058363428209
HEAD,0.013,1.1856661636031075e-05,0.0062709485626598685
HEAD,0.0135,1.2925045308721714e-05,0.00651182372117713
HEAD,0.014,1.404925201985318e-05,0.006752684810003248
HEAD,0.0145,1.5230380893934492e-05,0.006993532796526469
HEAD,0.015,1.6469528046223776e-05,0.007234368644504038
HEAD,0.0155,1.7767786585310905e-05,0.007475193314066289
HEAD,0.016,1.9126246615699948e-05,0.007716007761720642
HEAD,0.0165,2.0545995240391836e-05,0.007956812940355685
HEAD,0.017,2.202811656346684e-05,0.008197609799245185
HEAD,0.0175,2.3573691692667186e-05,0.00843839928405217
HEAD,0.018,2.5183798741979553e-05,0.008679182336832934
HEAD,0.0185,2.6859512834217737e-05,0.00891995989604112
HEAD,0.019,2.8601906103605063e-05,0.009160732896531722
HEAD,0.0195,3.0412047698357074e-05,0.009401502269565178
HEAD,0.02,3.2291003783264e-05,0.00964226894281136
HEAD,0.0205,3.42398375422734e-05,0.00988303384035367
HEAD,0.021,3.62596091810726e-05,0.010123797882693046
HEAD,0.0215,3.8351375929671384e-05,0.010364561986752029
HEAD,0.022,4.05161920449845e-05,0.01060532706587879
HEAD,0.0225,4.2755108813414184e-05,0.0108460940298512
HEAD,0.023,4.5069174553432735e-05,0.011086863784880841
HEAD,0.0235,4.7459434618165134e-05,0.011327637233617077
HEAD,0.024,4.992693139797148e-05,0.011568415275151076
HEAD,0.0245,5.24727043230297e-05,0.011809198805019894
HEAD,0.025,5.509778986591798e-05,0.012049988715210447
HEAD,0.0255,5.780322154419737e-05,0.012290785894163653
HEAD,0.026,6.0590029922994395e-05,0.012531591226778377
HEAD,0.0265,6.345924261758352e-05,0.012772405594415557
HEAD,0.027,6.641188429596975e-05,0.013013229874902188
HEAD,0.0275,6.944897668147128e-05,0.013254064942535409
HEAD,0.028,7.257153855530179e-05,0.013494911668086506
HEAD,0.0285,7.578058575915332e-05,0.013735770918805016
HEAD,0.029,7.907713119777864e-05,0.013976643558422699
HEAD,0.0295,8.246218484157386e-05,0.014217530447157642
HEAD,0.03,8.593675372916099e-05,0.014458432441718263
HEAD,0.0305,8.95018419699705e-05,0.014699350395307396
HEAD,0.031,9.315845074682386e-05,0.014940285157626278
HEAD,0.0315,9.69075783185161e-05,0.015181237574878655
HEAD,0.032,0.00010075022002239831,0.015422208489774783
HEAD,0.0325,0.00010468736827696048,0.015663198741535496
HEAD,0.033,0.00010872001258441359,0.015904209165896226
HEAD,0.0335,0.0001128491395332726,0.016145240595111084
HEAD,0.034,0.00011707573280093874,0.016386293857956855
HEAD,0.0345,0.00012140077315628224,0.01662736977973711
HEAD,0.035,0.00012582523846222467,0.01686846918228617
HEAD,0.0355,0.0001303501036783218,0.017109592883973214
HEAD,0.036,0.00013497634086334585,0.017350741699706296
HEAD,0.0365,0.00013970491917786844,0.017591916440936384
HEAD,0.037,0.0001445368048868425,0.01783311791566142
HEAD,0.0375,0.00014947296136218565,0.01807434692843038
HEAD,0.038,0.00015451434908536206,0.018315604280347238
HEAD,0.0385,0.0001596619256499654,0.018556890769075133
HEAD,0.039,0.00016491664576430125,0.018798207188840305
HEAD,0.0395,0.00017027946125396974,0.019039554330436213
HEAD,0.04,0.000175751321064448,0.019280932981227517
HEAD,0.0405,0.00018133317126367286,0.019522343925154187
HEAD,0.041,0.00018702595504462325,0.019763787942735485
HEAD,0.0415,0.00019283061272790298,0.020005265811074074
HEAD,0.042,0.00019874808176432285,0.020246778303859986
HEAD,0.0425,0.000204779296737484,0.02048832619137474
HEAD,0.043,0.00021092518936635936,0.02072991024049533
HEAD,0.0435,0.00021718668850787752,0.020971531214698327
HEAD,0.044,0.00022356472015950412,0.021213189874063842
HEAD,0.0445,0.0002300602074618251,0.02145488697527967
HEAD,0.045,0.00023667407070112882,0.021696623271645225
HEAD,0.0455,0.0002434072273119892,0.021938399513075708
HEAD,0.046,0.0002502605918798476,0.022180216446106002
HEAD,0.0465,0.000257235076143596,0.022422074813894893
HEAD,0.047,0.00026433158899815887,0.02266397535622893
HEAD,0.0475,0.00027155103649707666,0.022905918809526638
HEAD,0.048,0.00027889432185508725,0.02314790590684241
HEAD,0.0485,0.0002863623454507095,0.023389937377870693
HEAD,0.049,0.00029395600482882517,0.02363201394894991
HEAD,0.0495,0.0003016761947032617,0.023874136343066597
HEAD,0.05,0.00030952380695937505,0.024116305279859376
HEAD,0.0505,0.00031749973065663156,0.024358521475623066
HEAD,0.051,0.00032560485203119084,0.024600785643312653
HEAD,0.0515,0.00033384005449848934,0.02484309849254743
HEAD,0.052,0.00034220621865582084,0.025085460729614917
HEAD,0.0525,0.00035070422228492085,0.025327873057475046
HEAD,0.053,0.0003593349403545479,0.025570336175764062
HEAD,0.0535,0.0003680992450230674,0.02581285078079871
HEAD,0.054,0.00037699800564103286,0.026055417565580136
HEAD,0.0545,0.00038603208875376933,0.026298037219798072
HEAD,0.055,0.00039520235810395544,0.02654071042983475
HEAD,0.0555,0.0004045096746342067,0.02678343787876906
HEAD,0.056,0.0004139548964896568,0.02702622024638049
HEAD,0.0565,0.0004235388790205416,0.027269058209153287
HEAD,0.057,0.0004332624747847807,0.027511952440280367
HEAD,0.0575,0.0004431265335505604,0.02775490360966749
HEAD,0.058,0.00045313190229891615,0.027997912383937184
HEAD,0.0585,0.00046327942522631513,0.028240979426432913
HEAD,0.059,0.0004735699437472384,0.028484105397222997
HEAD,0.0595,0.00048400429649676487,0.028727290953104744
HEAD,0.06,0.0004945833193331518,0.028970536747608477
HEAD,0.0605,0.0005053078453404194,0.029213843431001554
HEAD,0.061,0.0005161787048309313,0.02945721165029242
HEAD,0.0615,0.000527196725347979,0.029700642049234654
HEAD,0.062,0.0005383627316683632,0.029944135268331035
HEAD,0.0625,0.0005496775458049774,0.030187691944837572
HEAD,0.063,0.0005611419870093893,0.030431312712767517
HEAD,0.0635,0.0005727568717744238,0.03067499820289543
HEAD,0.064,0.0005845230138367463,0.030918749042761276
HEAD,0.0645,0.0005964412241794442,0.031162565856674394
HEAD,0.065,0.0006085123110346099,0.03140644926571757
HEAD,0.0655,0.0006207370798859233,0.03165039988775106
HEAD,0.066,0.0006331163334712346,0.03189441833741669
HEAD,0.0665,0.0006456508717851469,0.03213850522614189
HEAD,0.067,0.0006583414920815979,0.03238266116214362
HEAD,0.0675,0.0006711889888764434,0.0326268867504326
HEAD,0.068,0.0006841941539500395,0.03287118259281721
HEAD,0.0685,0.0006973577763498256,0.03311554928790763
HEAD,0.069,0.0007106806423929058,0.0333599874311198
HEAD,0.0695,0.0007241635356686324,0.03360449761467952
HEAD,0.07,0.0007378072370411891,0.03384908042762648
HEAD,0.0705,0.0007516125246521715,0.03409373645581832
HEAD,0.071,0.0007655801739231723,0.03433846628193465
HEAD,0.0715,0.0007797109575583609,0.03458327048548107
HEAD,0.072,0.0007940056455470688,0.034828149642793294
HEAD,0.0725,0.0008084650051663698,0.03507310432704112
HEAD,0.073,0.0008230898009836649,0.03531813510823251
HEAD,0.0735,0.0008378807948592619,0.035563242553217606
HEAD,0.074,0.0008528387459489613,0.03580842722569285
HEAD,0.0745,0.0008679644107066361,0.03605368968620489
HEAD,0.075,0.0008832585428868163,0.03629903049215479
HEAD,0.0755,0.0008987218935472698,0.03654445019780192
HEAD,0.076,0.0009143552110515864,0.036789949354268124
HEAD,0.0765,0.000930159241071759,0.037035528509541664
HEAD,0.077,0.0009461347265907678,0.03728118820848136
HEAD,0.0775,0.0009622824079051613,0.03752692899282056
HEAD,0.078,0.00097860302262764,0.03777275140117121
HEAD,0.0785,0.0009950973056896382,0.03801865596902788
HEAD,0.079,0.0010117659893439065,0.03826464322877188
HEAD,0.0795,0.001028609803167095,0.0385107137096752
HEAD,0.08,0.0010456294740623364,0.03875686793790465
HEAD,0.0805,0.0010628257262618255,0.03900310643652579
HEAD,0.081,0.0010801992813294064,0.03924942972550713
HEAD,0.0815,0.001097750858163151,0.039495838321724
HEAD,0.082,0.0011154811729979443,0.03974233273896278
HEAD,0.0825,0.0011333909394080648,0.03998891348792474
HEAD,0.083,0.001151480868309769,0.040235581076230306
HEAD,0.0835,0.0011697516679638716,0.040482336008422874
HEAD,0.084,0.0011882040439783318,0.04072917878597305
HEAD,0.0845,0.0012068386993108315,0.04097610990728258
HEAD,0.085,0.0012256563342713611,0.04122312986768845
HEAD,0.0855,0.0012446576465248002,0.04147023915946687
HEAD,0.086,0.0012638433310935007,0.041717438271837395
HEAD,0.0865,0.0012832140803598715,0.041964727690966916
HEAD,0.087,0.0013027705840689566,0.04221210789997372
HEAD,0.0875,0.0013225135293310208,0.04245957937893153
HEAD,0.088,0.001342443600624133,0.04270714260487356
HEAD,0.0885,0.0013625614797967444,0.04295479805179653
HEAD,0.089,0.0013828678460702773,0.04320254619066478
HEAD,0.0895,0.0014033633760417018,0.0434503874894142
HEAD,0.09,0.001424048743686123,0.043698322412956396
HEAD,0.0905,0.0014449246203593596,0.04394635142318265
HEAD,0.091,0.0014659916748005293,0.04419447497896804
HEAD,0.0915,0.00148725057313463,0.04444269353617534
HEAD,0.092,0.0015087019788751243,0.04469100754765927
HEAD,0.0925,0.0015303465529265176,0.044939417463270355
HEAD,0.093,0.0015521849535869462,0.0451879237298591
HEAD,0.0935,0.0015742178365507555,0.04543652679127994
HEAD,0.094,0.0015964458549110859,0.04568522708839535
HEAD,0.0945,0.0016188696591624516,0.04593402505907985
HEAD,0.095,0.0016414898972033274,0.04618292113822407
HEAD,0.0955,0.001664307214338728,0.046431915757738786
HEAD,0.096,0.001687322253282792,0.04668100934655897
HEAD,0.0965,0.0017105356541613642,0.046930202330647826
HEAD,0.097,0.0017339480545145783,0.04717949513300085
HEAD,0.0975,0.0017575600892994387,0.04742888817364983
HEAD,0.098,0.0017813723908924046,0.047678381869666976
HEAD,0.0985,0.0018053855890919704,0.047927976635168845
HEAD,0.099,0.0018296003111212507,0.04817767288132052
HEAD,0.0995,0.0018540171816305608,0.048427471016339534
HEAD,0.1,0.0018786368227000005,0.04867737144550001
HEAD,0.1005,0.0019034598538420358,0.04892737457113659
HEAD,0.101,0.0019284868920040822,0.04917748079264868
HEAD,0.1015,0.001953718551571087,0.049427690506504196
HEAD,0.102,0.001979155444368112,0.049678004106243914
HEAD,0.1025,0.002004798179662915,0.04992842198248531
HEAD,0.103,0.0020306473641685356,0.05017894452292672
HEAD,0.1035,0.002056703602045872,0.05042957211235125
HEAD,0.104,0.0020829674949062694,0.05068030513263105
HEAD,0.1045,0.0021094396418140982,0.050931143962731046
HEAD,0.105,0.002136120639289341,0.05118208897871327
HEAD,0.1055,0.0021630110813101715,0.05143314055374075
HEAD,0.106,0.0021901115593155364,0.05168429905808161
HEAD,0.1065,0.002217422662207742,0.05193556485911305
HEAD,0.107,0.0022449449763550337,0.05218693832132548
HEAD,0.1075,0.00227267908559418,0.0524384198063265
HEAD,0.108,0.0023006255712330536,0.052690009672845
HEAD,0.1085,0.002328785012053214,0.052941708276735076
HEAD,0.109,0.002357157984312494,0.053193515970980314
HEAD,0.1095,0.002385745061747575,0.05344543310569753
HEAD,0.11,0.0024145468155765777,0.05369746002814111
HEAD,0.1105,0.002443563814501635,0.0539495970827068
HEAD,0.111,0.0024727966247114885,0.05420184461093595
HEAD,0.1115,0.0025022458098840536,0.05445420295151942
HEAD,0.112,0.0025319119311890187,0.05470667244030174
HEAD,0.1125,0.0025617955472904148,0.054959253410285014
HEAD,0.113,0.0025918972143492073,0.055211946191633124
HEAD,0.1135,0.002622217486025872,0.05546475111167559
HEAD,0.114,0.0026527569134829837,0.05571766849491187
HEAD,0.1145,0.0026835160453877916,0.055970698663015093
HEAD,0.115,0.002714495427914808,0.056223841934836406
HEAD,0.1155,0.002745695604748389,0.05647709862640873
HEAD,0.116,0.0027771171170853162,0.056730469050951055
HEAD,0.1165,0.0028087605036373775,0.05698395351887233
HEAD,0.117,0.002840626300633954,0.05723755233777562
HEAD,0.1175,0.002872715041824602,0.05749126581246197
HEAD,0.118,0.0029050272584816316,0.05774509424493466
HEAD,0.1185,0.0029375634794026905,0.057999037934403135
HEAD,0.119,0.002970324230913352,0.05825309717728707
HEAD,0.1195,0.0030033100368696904,0.05850727226722042
HEAD,0.12,0.003036521418660864,0.05876156349505536
HEAD,0.1205,0.0030699588952117045,0.059015971148866565
HEAD,0.121,0.003103622982985295,0.059270495513955086
HEAD,0.1215,0.00313751419598555,0.05952513687285236
HEAD,0.122,0.003171633045759801,0.05977989550532431
HEAD,0.1225,0.00320598004140138,0.06003477168837551
HEAD,0.123,0.0032405556895522014,0.06028976569625306
HEAD,0.1235,0.003275360494405342,0.06054487780045065
HEAD,0.124,0.003310394957707625,0.060800108269712626
HEAD,0.1245,0.0033456595787622065,0.06105545737003814
HEAD,0.125,0.0033811548544311525,0.06131092536468506
HEAD,0.1255,0.0034168812791380222,0.06156651251417405
HEAD,0.126,0.003452839344870454,0.061822219076292595
HEAD,0.1265,0.0034890295411827456,0.06207804530609911
HEAD,0.127,0.003525452355198436,0.062333991455927
HEAD,0.1275,0.0035621082716128924,0.06259005777538858
HEAD,0.128,0.0035989977726958804,0.06284624451137912
HEAD,0.1285,0.0036361213382941665,0.0631025519080811
HEAD,0.129,0.0036734794458340866,0.06335898020696812
HEAD,0.1295,0.0037110725703241253,0.0636155296468088
HEAD,0.13,0.0037489011843575113,0.06387220046367102
HEAD,0.1305,0.0037869657581147916,0.06412899289092595
HEAD,0.131,0.0038252667593664177,0.06438590715925212
HEAD,0.1315,0.003863804653475323,0.06464294349663918
HEAD,0.132,0.003902579903399509,0.06490010212839234
HEAD,0.1325,0.003941592969694631,0.06515738327713613
HEAD,0.133,0.003980844310516573,0.06541478716281869
HEAD,0.1335,0.004020334381624041,0.0656723140027155
HEAD,0.134,0.004060063636381128,0.06592996401143368
HEAD,0.1345,0.004100032525759921,0.066187737400916
HEAD,0.135,0.00414024149834306,0.06644563438044479
HEAD,0.1355,0.004180691000326335,0.0667036551566461
HEAD,0.136,0.004221381475521263,0.0669617999334937
HEAD,0.1365,0.004262313365357673,0.06722006891231315
HEAD,0.137,0.004303487108886286,0.06747846229178593
HEAD,0.1375,0.004344903142781304,0.06773698026795323
HEAD,0.138,0.004386561901342977,0.06799562303422016
HEAD,0.1385,0.004428463816500206,0.06825439078135992
HEAD,0.139,0.004470609317813111,0.06851328369751762
HEAD,0.1395,0.004512998832475621,0.06877230196821442
HEAD,0.14,0.004555632785318049,0.06903144577635152
HEAD,0.1405,0.004598511598809685,0.06929071530221437
HEAD,0.141,0.004641635693061369,0.06955011072347653
HEAD,0.1415,0.004685005485828079,0.0698096322152038
HEAD,0.142,0.004728621392511513,0.07006927994985816
HEAD,0.1425,0.004772483826162667,0.07032905409730204
HEAD,0.143,0.0048165931974844265,0.0705889548248021
HEAD,0.1435,0.004860949914834138,0.07084898229703349
HEAD,0.144,0.004905554384226199,0.07110913667608373
HEAD,0.1445,0.004950407009334644,0.07136941812145692
HEAD,0.145,0.004995508191495711,0.07162982679007757
HEAD,0.1455,0.005040858329710448,0.0718903628362949
HEAD,0.146,0.0050864578206472714,0.07215102641188656
HEAD,0.1465,0.005132307058644567,0.0724118176660631
HEAD,0.147,0.005178406435713257,0.07267273674547159
HEAD,0.1475,0.005224756341539402,0.07293378379419996
HEAD,0.148,0.005271357163486763,0.07319495895378084
HEAD,0.1485,0.005318209286599398,0.07345626236319584
HEAD,0.149,0.005365313093604237,0.07371769415887933
HEAD,0.1495,0.00541266896491367,0.07397925447472266
HEAD,0.15,0.005460277278628124,0.0742409434420781
HEAD,0.1505,0.0055081384105386535,0.0745027611897631
HEAD,0.151,0.005556252734129511,0.07476470784406394
HEAD,0.1515,0.0056046206205807424,0.07502678352874025
HEAD,0.152,0.00565324243877076,0.07528898836502855
HEAD,0.1525,0.005702118555278934,0.0755513224716468
HEAD,0.153,0.005751249334388162,0.07581378596479803
HEAD,0.1535,0.005800635138087468,0.07607637895817464
HEAD,0.154,0.005850276326074569,0.07633910156296231
HEAD,0.1545,0.005900173255758471,0.07660195388784415
HEAD,0.155,0.005950326282262039,0.07686493603900461
HEAD,0.1555,0.006000735758424594,0.0771280481201337
HEAD,0.156,0.006051402034804481,0.0773912902324308
HEAD,0.1565,0.006102325459681662,0.077654662474609
HEAD,0.157,0.006153506379060292,0.07791816494289884
HEAD,0.1575,0.006204945136671309,0.0781817977310526
HEAD,0.158,0.006256642073975003,0.07844556093034818
HEAD,0.1585,0.006308597530163619,0.07870945462959322
HEAD,0.159,0.006360811842163916,0.07897347891512912
HEAD,0.1595,0.006413285344639774,0.07923763387083523
HEAD,0.16,0.0064660183699947514,0.07950191957813246
HEAD,0.1605,0.006519011248374693,0.07976633611598799
HEAD,0.161,0.006572264307670287,0.0800308835609186
HEAD,0.1615,0.0066257778735196735,0.08029556198699535
HEAD,0.162,0.006679552269311001,0.08056037146584714
HEAD,0.1625,0.006733587816185032,0.08082531206666507
HEAD,0.163,0.006787884833037709,0.08109038385620632
HEAD,0.1635,0.0068424436365227504,0.08135558689879822
HEAD,0.164,0.006897264541054215,0.08162092125634228
HEAD,0.1645,0.00695234785880911,0.08188638698831842
HEAD,0.165,0.007007693899729944,0.08215198415178866
HEAD,0.1655,0.007063302971527342,0.08241771280140157
HEAD,0.166,0.007119175379682593,0.08268357298939592
HEAD,0.1665,0.007175311427450265,0.08294956476560508
HEAD,0.167,0.0072317114158607625,0.08321568817746075
HEAD,0.1675,0.007288375643722928,0.08348194326999732
HEAD,0.168,0.007345304407626606,0.08374833008585554
HEAD,0.1685,0.007402498001945247,0.08401484866528701
HEAD,0.169,0.007459956718838471,0.08428149904615773
HEAD,0.1695,0.007517680848254662,0.08454828126395263
HEAD,0.17,0.00757567067793354,0.08481519535177924
HEAD,0.1705,0.007633926493408758,0.08508224134037197
HEAD,0.171,0.007692448578010468,0.08534941925809597
HEAD,0.1715,0.007751237212867922,0.08561672913095136
HEAD,0.172,0.007810292676912031,0.08588417098257711
HEAD,0.1725,0.007869615246877976,0.0861517448342552
HEAD,0.173,0.007929205197307764,0.08641945070491461
HEAD,0.1735,0.007989062800552834,0.08668728861113537
HEAD,0.174,0.008049188326776613,0.08695525856715268
HEAD,0.1745,0.00810958204395712,0.08722336058486065
HEAD,0.175,0.008170244217889549,0.08749159467381688
HEAD,0.1755,0.008231175112188835,0.08775996084124602
HEAD,0.176,0.008292374988292248,0.08802845909204406
HEAD,0.1765,0.008353844105461975,0.08829708942878225
HEAD,0.177,0.008415582720787698,0.08856585185171124
HEAD,0.1775,0.008477591089189189,0.08883474635876519
HEAD,0.178,0.008539869463418873,0.08910377294556551
HEAD,0.1785,0.00860241809406442,0.08937293160542527
HEAD,0.179,0.008665237229551339,0.08964222232935301
HEAD,0.1795,0.008728327116145544,0.08991164510605688
HEAD,0.18,0.008791687997955936,0.09018119992194866
HEAD,0.1805,0.008855320116937002,0.09045088676114775
HEAD,0.181,0.00891922371289138,0.09072070560548534
HEAD,0.1815,0.00898339902347246,0.09099065643450845
HEAD,0.182,0.00904784628418694,0.09126073922548374
HEAD,0.1825,0.009112565728397436,0.0915309539534017
HEAD,0.183,0.009177557587325049,0.09180130059098099
HEAD,0.1835,0.009242822090051957,0.09207177910867198
HEAD,0.184,0.00930835946352398,0.09234238947466107
HEAD,0.1845,0.00937416993255318,0.09261313165487464
HEAD,0.185,0.009440253719820445,0.0928840056129833
HEAD,0.1855,0.009506611045878055,0.09315501131040563
HEAD,0.186,0.00957324212915228,0.09342614870631244
HEAD,0.1865,0.009640147185945953,0.09369741775763069
HEAD,0.187,0.009707326430441055,0.09396881841904765
HEAD,0.1875,0.00977478007470131,0.09424035064301492
HEAD,0.188,0.00984250832867474,0.0945120143797523
HEAD,0.1885,0.009910511400196276,0.09478380957725206
HEAD,0.189,0.009978789494990325,0.09505573618128292
HEAD,0.1895,0.010047342816673353,0.09532779413539408
HEAD,0.19,0.010116171566756475,0.09559998338091918
HEAD,0.1905,0.010185275944648029,0.0958723038569804
HEAD,0.191,0.010254656147656166,0.09614475550049265
HEAD,0.1915,0.010324312370991434,0.09641733824616744
HEAD,0.192,0.010394244807769347,0.09669005202651697
HEAD,0.1925,0.01046445364901297,0.09696289677185806
HEAD,0.193,0.010534939083655529,0.09723587241031646
HEAD,0.1935,0.01060570129854296,0.09750897886783076
HEAD,0.194,0.010676740478436503,0.09778221606815636
HEAD,0.1945,0.010748056806015286,0.09805558393286945
HEAD,0.195,0.010819650461878908,0.0983290823813714
HEAD,0.1955,0.010891521624550034,0.09860271133089252
HEAD,0.196,0.010963670470476944,0.09887647069649609
HEAD,0.1965,0.011036097174036133,0.09915036039108246
HEAD,0.197,0.011108801907534922,0.09942438032539327
HEAD,0.1975,0.011181784841214001,0.09969853040801525
HEAD,0.198,0.011255046143250017,0.09997281054538434
HEAD,0.1985,0.011328585979758174,0.10024722064178972
HEAD,0.199,0.011402404514794812,0.10052176059937794
HEAD,0.1995,0.011476501910359975,0.10079643031815695
HEAD,0.2,0.011550878326400005,0.10107122969600003
HEAD,0.2005,0.01162553392081012,0.10134615862864986
HEAD,0.201,0.011700468849437005,0.1016212170097227
HEAD,0.2015,0.01177568326608139,0.10189640473071236
HEAD,0.202,0.011851177322500623,0.10217172168099417
HEAD,0.2025,0.011926951168411257,0.10244716774782903
HEAD,0.203,0.012003004951491654,0.1027227428163676
HEAD,0.2035,0.012079338817384535,0.1029984467696543
HEAD,0.204,0.012155952909699584,0.10327427948863119
HEAD,0.2045,0.012232847370016016,0.10355024085214211
HEAD,0.205,0.012310022337885175,0.1038263307369369
HEAD,0.2055,0.012387477950833102,0.10410254901767511
HEAD,0.206,0.012465214344363143,0.10437889556693034
HEAD,0.2065,0.01254323165195848,0.10465537025519413
HEAD,0.207,0.012621530005084784,0.10493197295088011
HEAD,0.2075,0.012700109533192724,0.10520870352032777
HEAD,0.208,0.012778970363720615,0.105485561827807
HEAD,0.2085,0.012858112622096953,0.10576254773552153
HEAD,0.209,0.01293753643174303,0.10603966110361364
HEAD,0.2095,0.013017241914075486,0.1063169017901675
HEAD,0.21,0.01309722918850893,0.10659426965121387
HEAD,0.2105,0.013177498372458468,0.10687176454073356
HEAD,0.211,0.013258049581342359,0.10714938631066204
HEAD,0.2115,0.013338882928584516,0.10742713481089293
HEAD,0.212,0.013419998525617162,0.10770500988928255
HEAD,0.2125,0.013501396481883357,0.10798301139165353
HEAD,0.213,0.01358307690483962,0.10826113916179922
HEAD,0.2135,0.013665039899958483,0.10853939304148745
HEAD,0.214,0.013747285570731089,0.10881777287046475
HEAD,0.2145,0.013829814018669772,0.10909627848646027
HEAD,0.215,0.01391262534331064,0.10937490972519001
HEAD,0.2155,0.013995719642216154,0.10965366642036059
HEAD,0.216,0.014079097010977716,0.10993254840367361
HEAD,0.2165,0.014162757543218234,0.11021155550482939
HEAD,0.217,0.014246701330594743,0.11049068755153126
HEAD,0.2175,0.014330928462800943,0.1107699443694894
HEAD,0.218,0.014415439027569813,0.11104932578242513
HEAD,0.2185,0.01450023311067617,0.11132883161207462
HEAD,0.219,0.014585310795939289,0.11160846167819335
HEAD,0.2195,0.014670672165225428,0.11188821579855968
HEAD,0.22,0.014756317298450464,0.11216809378897938
HEAD,0.2205,0.014842246273582455,0.11244809546328922
HEAD,0.221,0.014928459166644217,0.11272822063336144
HEAD,0.2215,0.015014956051715902,0.11300846910910739
HEAD,0.222,0.015101737000937612,0.11328884069848194
HEAD,0.2225,0.01518880208451194,0.1135693352074872
HEAD,0.223,0.015276151370706589,0.11384995244017687
HEAD,0.2235,0.015363784925856924,0.11413069219865997
HEAD,0.224,0.015451702814368579,0.11441155428310523
HEAD,0.2245,0.01553990509872002,0.11469253849174475
HEAD,0.225,0.01562839183946514,0.11497364462087843
HEAD,0.2255,0.01571716309523584,0.11525487246487769
HEAD,0.226,0.015806218922744624,0.1155362218161898
HEAD,0.2265,0.015895559376787122,0.11581769246534153
HEAD,0.227,0.015985184510244783,0.11609928420094377
HEAD,0.2275,0.016075094374087343,0.11638099680969498
HEAD,0.228,0.01616528901737547,0.11666283007638566
HEAD,0.2285,0.016255768487263334,0.11694478378390212
HEAD,0.229,0.016346532829001198,0.11722685771323071
HEAD,0.2295,0.016437582085937985,0.11750905164346179
HEAD,0.23,0.01652891629952386,0.11779136535179378
HEAD,0.2305,0.016620535509312837,0.11807379861353713
HEAD,0.231,0.016712439752965328,0.11835635120211856
HEAD,0.2315,0.01680462906625075,0.11863902288908486
HEAD,0.232,0.01689710348305009,0.11892181344410716
HEAD,0.2325,0.01698986303535852,0.11920472263498476
HEAD,0.233,0.017082907753287933,0.11948775022764944
HEAD,0.2335,0.01717623766506956,0.11977089598616912
HEAD,0.234,0.017269852797056538,0.12005415967275239
HEAD,0.2345,0.017363753173726494,0.12033754104775209
HEAD,0.235,0.01745793881768414,0.12062103986966964
HEAD,0.2355,0.01755240974966384,0.120904655895159
HEAD,0.236,0.0176471659885322,0.12118838887903086
HEAD,0.2365,0.017742207551290645,0.12147223857425626
HEAD,0.237,0.01783753445307799,0.12175620473197106
HEAD,0.2375,0.01793314670717307,0.1220402871014799
HEAD,0.238,0.018029044324997273,0.12232448543026019
HEAD,0.2385,0.018125227316117144,0.12260879946396602
HEAD,0.239,0.01822169568824694,0.12289322894643237
HEAD,0.2395,0.018318449447251275,0.12317777361967924
HEAD,0.24,0.018415488597147645,0.12346243322391551
HEAD,0.2405,0.018512813140109025,0.123747207497543
HEAD,0.241,0.018610423076466452,0.1240320961771605
HEAD,0.2415,0.018708318404711616,0.12431709899756808
HEAD,0.242,0.018806499121499457,0.12460221569177082
HEAD,0.2425,0.0189049652216507,0.12488744599098295
HEAD,0.243,0.019003716698154476,0.12517278962463183
HEAD,0.2435,0.01910275354217089,0.1254582463203623
HEAD,0.244,0.019202075743033637,0.12574381580404032
HEAD,0.2445,0.019301683288252505,0.12602949779975725
HEAD,0.245,0.019401576163516048,0.12631529202983371
HEAD,0.2455,0.01950175435269411,0.12660119821482396
HEAD,0.246,0.01960221783784044,0.12688721607351972
HEAD,0.2465,0.019702966599195248,0.12717334532295402
HEAD,0.247,0.0198040006151878,0.12745958567840557
HEAD,0.2475,0.019905319862439007,0.12774593685340277
HEAD,0.248,0.02000692431576401,0.12803239855972762
HEAD,0.2485,0.020108813948174733,0.12831897050741975
HEAD,0.249,0.020210988730882496,0.1286056524047805
HEAD,0.2495,0.020313448633300594,0.1288924439583772
HEAD,0.25,0.020416193623046874,0.12917934487304686
HEAD,0.2505,0.02051922366594631,0.12946635485190036
HEAD,0.251,0.02062253872603359,0.12975347359632647
HEAD,0.2515,0.020726138765555704,0.13004070080599603
HEAD,0.252,0.020830023744974533,0.13032803617886587
HEAD,0.2525,0.020934193622969423,0.1306154794111828
HEAD,0.253,0.021038648356439735,0.13090303019748767
HEAD,0.2535,0.02114338790050751,0.1311906882306196
HEAD,0.254,0.021248412208519963,0.1314784532017199
HEAD,0.2545,0.02135372123205212,0.13176632480023603
HEAD,0.255,0.02145931492090938,0.13205430271392574
HEAD,0.2555,0.02156519322313009,0.132342386628861
HEAD,0.256,0.02167135608498818,0.13263057622943245
HEAD,0.2565,0.021777803450995642,0.13291887119835283
HEAD,0.257,0.021884535263905235,0.13320727121666134
HEAD,0.2575,0.02199155146471296,0.13349577596372778
HEAD,0.258,0.02209885199266074,0.13378438511725665
HEAD,0.2585,0.022206436785238915,0.1340730983532907
HEAD,0.259,0.022314305778188867,0.1343619153462154
HEAD,0.2595,0.022422458905505604,0.134650835768763
HEAD,0.26,0.022530896099440353,0.1349398592920165
HEAD,0.2605,0.022639617290503105,0.13522898558541346
HEAD,0.261,0.022748622407465217,0.1355182143167503
HEAD,0.2615,0.022857911377362018,0.13580754515218646
HEAD,0.262,0.022967484125495354,0.13609697775624816
HEAD,0.2625,0.023077340575436183,0.13638651179183248
HEAD,0.263,0.02318748064902717,0.13667614692021152
HEAD,0.2635,0.02329790426638526,0.13696588280103641
HEAD,0.264,0.02340861134590426,0.13725571909234152
HEAD,0.2645,0.023519601804257426,0.1375456554505481
HEAD,0.265,0.02363087555640003,0.13783569153046854
HEAD,0.2655,0.023742432515571975,0.13812582698531062
HEAD,0.266,0.02385427259330034,0.13841606146668134
HEAD,0.2665,0.023966395699401986,0.13870639462459083
HEAD,0.267,0.02407880174198613,0.1389968261074567
HEAD,0.2675,0.024191490627456937,0.13928735556210778
HEAD,0.268,0.024304462260516104,0.13957798263378862
HEAD,0.2685,0.024417716544165406,0.13986870696616294
HEAD,0.269,0.024531253379709326,0.14015952820131808
HEAD,0.2695,0.02464507266675762,0.14045044597976886
HEAD,0.27,0.02475917430322789,0.14074145994046197
HEAD,0.2705,0.024873558185348192,0.14103256972077946
HEAD,0.271,0.024988224207659556,0.1413237749565431
HEAD,0.2715,0.025103172263018676,0.14161507528201847
HEAD,0.272,0.025218402242600392,0.141906470329919
HEAD,0.2725,0.025333914035900313,0.1421979597314098
HEAD,0.273,0.025449707530737394,0.1424895431161118
HEAD,0.2735,0.025565782613256538,0.14278122011210606
HEAD,0.274,0.025682139167931165,0.1430729903459375
HEAD,0.2745,0.025798777077565775,0.14336485344261896
HEAD,0.275,0.025915696223298545,0.14365680902563527
HEAD,0.2755,0.02603289648460392,0.14394885671694752
HEAD,0.276,0.02615037773929522,0.14424099613699698
HEAD,0.2765,0.026268139863527145,0.14453322690470888
HEAD,0.277,0.026386182731798425,0.1448255486374966
HEAD,0.2775,0.026504506216954375,0.1451179609512662
HEAD,0.278,0.02662311019018952,0.14541046346041978
HEAD,0.2785,0.02674199452105009,0.1457030557778597
HEAD,0.279,0.026861159077436688,0.14599573751499284
HEAD,0.2795,0.026980603725606827,0.14628850828173454
HEAD,0.28,0.02710032833017754,0.14658136768651267
HEAD,0.2805,0.027220332754127937,0.14687431533627146
HEAD,0.281,0.027340616858801785,0.14716735083647578
HEAD,0.2815,0.027461180503910103,0.14746047379111518
HEAD,0.282,0.0275820235475338,0.14775368380270787
HEAD,0.2825,0.02770314584612615,0.14804698047230477
HEAD,0.283,0.02782454725451543,0.14834036339949352
HEAD,0.2835,0.027946227625907514,0.14863383218240245
HEAD,0.284,0.028068186811888437,0.14892738641770487
HEAD,0.2845,0.028190424662426987,0.149221025700623
HEAD,0.285,0.028312941025877277,0.14951474962493191
HEAD,0.2855,0.028435735748981332,0.1498085577829636
HEAD,0.286,0.028558808676871668,0.15010244976561116
HEAD,0.2865,0.028682159653073913,0.15039642516233281
HEAD,0.287,0.028805788519509313,0.15069048356115575
HEAD,0.2875,0.028929695116497376,0.1509846245486803
HEAD,0.288,0.029053879282758426,0.1512788477100841
HEAD,0.2885,0.029178340855416224,0.151573152629126
HEAD,0.289,0.029303079670000492,0.15186753888815008
HEAD,0.2895,0.029428095560449535,0.15216200606808977
HEAD,0.29,0.02955338835911282,0.15245655374847186
HEAD,0.2905,0.029678957896753545,0.1527511815074206
HEAD,0.291,0.029804804002551238,0.15304588892166174
HEAD,0.2915,0.029930926504104314,0.15334067556652628
HEAD,0.292,0.0300573252274327,0.15363554101595503
HEAD,0.2925,0.030183999996980383,0.15393048484250244
HEAD,0.293,0.03031095063561799,0.15422550661734036
HEAD,0.2935,0.030438176964645382,0.15452060591026234
HEAD,0.294,0.030565678803794242,0.1548157822896879
HEAD,0.2945,0.030693455971230677,0.1551110353226662
HEAD,0.295,0.030821508283557748,0.15540636457488005
HEAD,0.2955,0.030949835555818064,0.1557017696106503
HEAD,0.296,0.031078437601496423,0.15599724999293968
HEAD,0.2965,0.03120731423252233,0.15629280528335693
HEAD,0.297,0.03133646525927261,0.15658843504216058
HEAD,0.2975,0.03146589049057397,0.15688413882826335
HEAD,0.298,0.03159558973370559,0.15717991619923594
HEAD,0.2985,0.03172556279440175,0.15747576671131142
HEAD,0.299,0.03185580947685432,0.15777168991938867
HEAD,0.2995,0.031986329583715424,0.15806768537703703
HEAD,0.3,0.03211712291609999,0.1583637526365
HEAD,0.3005,0.03224818927358835,0.1586598912486994
HEAD,0.301,0.032379528454228784,0.1589561007632395
HEAD,0.3015,0.03251114025454012,0.15925238072841064
HEAD,0.302,0.03264302446951435,0.159548730691194
HEAD,0.3025,0.032775180892619195,0.15984515019726508
HEAD,0.303,0.032907609315800626,0.16014163879099771
HEAD,0.3035,0.03304030952948557,0.16043819601546855
HEAD,0.304,0.03317328132258435,0.16073482141246073
HEAD,0.3045,0.03330652448249341,0.16103151452246814
HEAD,0.305,0.03344003879509777,0.16132827488469928
HEAD,0.3055,0.03357382404477367,0.1616251020370813
HEAD,0.306,0.033707880014391206,0.1619219955162644
HEAD,0.3065,0.0338422064853168,0.16221895485762547
HEAD,0.307,0.03397680323741585,0.16251597959527225
HEAD,0.3075,0.03411167004905529,0.16281306926204733
HEAD,0.308,0.03424680669710622,0.16311022338953246
HEAD,0.3085,0.034382212956946406,0.16340744150805234
HEAD,0.309,0.03451788860246293,0.16370472314667858
HEAD,0.3095,0.03465383340605475,0.16400206783323398
HEAD,0.31,0.03479004713863527,0.16429947509429657
HEAD,0.3105,0.03492652956963497,0.1645969444552035
HEAD,0.311,0.0350632804670039,0.16489447544005517
HEAD,0.3115,0.03520029959721435,0.165192067571719
HEAD,0.312,0.03533758672526341,0.16548972037183418
HEAD,0.3125,0.03547514161467552,0.16578743336081506
HEAD,0.313,0.03561296402750508,0.16608520605785523
HEAD,0.3135,0.035751053724339,0.1663830379809319
HEAD,0.314,0.03588941046429937,0.16668092864680983
HEAD,0.3145,0.03602803400504593,0.1669788775710452
HEAD,0.315,0.03616692410277873,0.1672768842679899
HEAD,0.3155,0.036306080512240664,0.1675749482507952
HEAD,0.316,0.03644550298672009,0.16787306903141627
HEAD,0.3165,0.03658519127805342,0.1681712461206161
HEAD,0.317,0.03672514513662764,0.16846947902796922
HEAD,0.3175,0.036865364311382945,0.16876776726186576
HEAD,0.318,0.03700584854981532,0.16906611032951624
HEAD,0.3185,0.03714659759797911,0.16936450773695483
HEAD,0.319,0.037287611200489616,0.16966295898904352
HEAD,0.3195,0.037428889100525616,0.16996146358947625
HEAD,0.32,0.03757043103983206,0.1702600210407833
HEAD,0.3205,0.03771223675872258,0.17055863084433487
HEAD,0.321,0.037854305996082034,0.17085729250034512
HEAD,0.3215,0.03799663848936918,0.17115600550787644
HEAD,0.322,0.038139233974619206,0.17145476936484358
HEAD,0.3225,0.03828209218644635,0.17175358356801748
HEAD,0.323,0.0384252128580464,0.17205244761302924
HEAD,0.3235,0.03856859572119936,0.17235136099437437
HEAD,0.324,0.03871224050627202,0.17265032320541676
HEAD,0.3245,0.038856146942220504,0.17294933373839294
HEAD,0.325,0.03900031475659287,0.1732483920844156
HEAD,0.3255,0.03914474367553171,0.17354749773347786
HEAD,0.326,0.039289433423776686,0.17384665017445788
HEAD,0.3265,0.039434383724667184,0.17414584889512205
HEAD,0.327,0.03957959430014483,0.1744450933821295
HEAD,0.3275,0.039725064870756076,0.174744383121036
HEAD,0.328,0.03987079515565486,0.17504371759629808
HEAD,0.3285,0.040016784872605106,0.17534309629127726
HEAD,0.329,0.04016303373798332,0.17564251868824352
HEAD,0.3295,0.04030954146678121,0.17594198426837993
HEAD,0.33,0.04045630777260821,0.17624149251178647
HEAD,0.3305,0.04060333236769416,0.1765410428974841
HEAD,0.331,0.04075061496289176,0.17684063490341864
HEAD,0.3315,0.04089815526767924,0.17714026800646496
HEAD,0.332,0.04104595299016295,0.1774399416824312
HEAD,0.3325,0.04119400783707988,0.17773965540606262
HEAD,0.333,0.0413423195138003,0.17803940865104545
HEAD,0.3335,0.04149088772433028,0.17833920089001123
HEAD,0.334,0.041639712171314354,0.17863903159454084
HEAD,0.3345,0.04178879255603806,0.17893890023516854
HEAD,0.335,0.04193812857843049,0.17923880628138578
HEAD,0.3355,0.04208771993706691,0.1795387492016454
HEAD,0.336,0.04223756632917136,0.1798387284633657
HEAD,0.3365,0.04238766745061924,0.18013874353293483
HEAD,0.337,0.04253802299593977,0.18043879387571388
HEAD,0.3375,0.04268863265831876,0.18073887895604185
HEAD,0.338,0.04283949612960107,0.18103899823723932
HEAD,0.3385,0.04299061310029323,0.18133915118161265
HEAD,0.339,0.04314198325956603,0.18163933725045775
HEAD,0.3395,0.04329360629525702,0.18193955590406413
HEAD,0.34,0.043445481893873254,0.18223980660171948
HEAD,0.3405,0.043597609740593755,0.1825400888017132
HEAD,0.341,0.04374998951927207,0.18284040196134044
HEAD,0.3415,0.043902620912438975,0.18314074553690626
HEAD,0.342,0.04405550360130495,0.18344111898372994
HEAD,0.3425,0.04420863726576283,0.1837415217561487
HEAD,0.343,0.04436202158439031,0.1840419533075216
HEAD,0.3435,0.04451565623445261,0.18434241309023403
HEAD,0.344,0.044669540891904995,0.1846429005557015
HEAD,0.3445,0.04482367523139545,0.18494341515437365
HEAD,0.345,0.04497805892626712,0.18524395633573854
HEAD,0.3455,0.04513269164856103,0.18554452354832632
HEAD,0.346,0.045287573069018545,0.1858451162397134
HEAD,0.3465,0.04544270285708408,0.18614573385652677
HEAD,0.347,0.04559808068090757,0.18644637584444787
HEAD,0.3475,0.04575370620734715,0.18674704164821643
HEAD,0.348,0.04590957910197162,0.18704773071163466
HEAD,0.3485,0.04606569902906314,0.1873484424775715
HEAD,0.349,0.04622206565161979,0.1876491763879665
HEAD,0.3495,0.0463786786313581,0.18794993188383363
HEAD,0.35,0.04653553762871562,0.18825070840526562
HEAD,0.3505,0.046692642302853624,0.188551505391438
HEAD,0.351,0.04684999231165961,0.18885232228061322
HEAD,0.3515,0.04700758731174982,0.1891531585101442
HEAD,0.352,0.04716542695847194,0.18945401351647886
HEAD,0.3525,0.047323510905907605,0.18975488673516414
HEAD,0.353,0.047481838806875065,0.19005577760084993
HEAD,0.3535,0.04764041031293165,0.19035668554729296
HEAD,0.354,0.0477992250743764,0.19065761000736092
HEAD,0.3545,0.047958282740252746,0.19095855041303694
HEAD,0.355,0.04811758295835095,0.19125950619542306
HEAD,0.3555,0.04827712537521075,0.1915604767847445
HEAD,0.356,0.048436909636123925,0.19186146161035347
HEAD,0.3565,0.04859693538513691,0.19216246010073393
HEAD,0.357,0.04875720226505339,0.1924634716835049
HEAD,0.3575,0.048917709917436776,0.19276449578542457
HEAD,0.358,0.04907845798261291,0.19306553183239467
HEAD,0.3585,0.049239446099672624,0.19336657924946443
HEAD,0.359,0.049400673906474256,0.1936676374608347
HEAD,0.3595,0.04956214103964631,0.19396870588986148
HEAD,0.36,0.049723847134589945,0.19426978395906044
HEAD,0.3605,0.04988579182548169,0.19457087109011112
HEAD,0.361,0.05004797474527593,0.19487196670386053
HEAD,0.3615,0.05021039552570746,0.19517307022032737
HEAD,0.362,0.05037305379729421,0.19547418105870604
HEAD,0.3625,0.050535949189339666,0.19577529863737084
HEAD,0.363,0.050699081329935565,0.19607642237388004
HEAD,0.3635,0.050862449845964414,0.19637755168497947
HEAD,0.364,0.05102605436310208,0.19667868598660698
HEAD,0.3645,0.051189894505820434,0.19697982469389652
HEAD,0.365,0.05135396989738986,0.19728096722118213
HEAD,0.3655,0.05151828015988187,0.19758211298200162
HEAD,0.366,0.05168282491417166,0.19788326138910087
HEAD,0.3665,0.05184760377994074,0.1981844118544383
HEAD,0.367,0.05201261637567949,0.19848556378918827
HEAD,0.3675,0.05217786231868974,0.19878671660374536
HEAD,0.368,0.052343341225087325,0.19908786970772835
HEAD,0.3685,0.05250905270980472,0.19938902250998464
HEAD,0.369,0.05267499638659366,0.19969017441859374
HEAD,0.3695,0.05284117186802755,0.19999132484087165
HEAD,0.37,0.05300757876550424,0.2002924731833747
HEAD,0.3705,0.0531742166892485,0.20059361885190402
HEAD,0.371,0.053341085248314636,0.20089476125150899
HEAD,0.3715,0.053508184050589096,0.20119589978649183
HEAD,0.372,0.05367551270279293,0.201497033860411
HEAD,0.3725,0.05384307081048458,0.201798162876086
HEAD,0.373,0.05401085797806233,0.20209928623560108
HEAD,0.3735,0.05417887380876684,0.20240040334030904
HEAD,0.374,0.05434711790468381,0.20270151359083538
HEAD,0.3745,0.054515589866746594,0.20300261638708283
HEAD,0.375,0.05468428929473877,0.20330371112823487
HEAD,0.3755,0.054853215787296586,0.20360479721275973
HEAD,0.376,0.05502236894191168,0.20390587403841479
HEAD,0.3765,0.055191748354933685,0.2042069410022505
HEAD,0.377,0.05536135362157271,0.2045079975006144
HEAD,0.3775,0.05553118433590198,0.20480904292915497
HEAD,0.378,0.05570124009086036,0.20511007668282594
HEAD,0.3785,0.05587152047825506,0.20541109815589026
HEAD,0.379,0.05604202508876414,0.20571210674192433
HEAD,0.3795,0.056212753511939,0.20601310183382154
HEAD,0.38,0.05638370533620714,0.20631408282379662
HEAD,0.3805,0.05655488014887465,0.20661504910338993
HEAD,0.381,0.05672627753612878,0.20691600006347124
HEAD,0.3815,0.05689789708304057,0.20721693509424352
HEAD,0.382,0.05706973837356735,0.2075178535852474
HEAD,0.3825,0.05724180099055546,0.20781875492536517
HEAD,0.383,0.05741408451574272,0.20811963850282478
HEAD,0.3835,0.05758658852976102,0.2084205037052035
HEAD,0.384,0.05775931261213892,0.20872134991943259
HEAD,0.3845,0.05793225634130431,0.20902217653180089
HEAD,0.385,0.05810541929458686,0.20932298292795928
HEAD,0.3855,0.058278801048220696,0.20962376849292413
HEAD,0.386,0.058452401177346916,0.2099245326110818
HEAD,0.3865,0.058626219256016215,0.2102252746661926
HEAD,0.387,0.05880025485719155,0.21052599404139494
HEAD,0.3875,0.058974507552750494,0.21082669011920907
HEAD,0.388,0.05914897691348803,0.2111273622815411
HEAD,0.3885,0.059323662509119066,0.21142800990968766
HEAD,0.389,0.059498563908281,0.21172863238433923
HEAD,0.3895,0.059673680678536324,0.21202922908558464
HEAD,0.39,0.05984901238637518,0.21232979939291463
HEAD,0.3905,0.06002455859721797,0.2126303426852266
HEAD,0.391,0.06020031887541795,0.21293085834082814
HEAD,0.3915,0.06037629278426376,0.21323134573744112
HEAD,0.392,0.06055247988598203,0.21353180425220572
HEAD,0.3925,0.06072887974174002,0.21383223326168477
HEAD,0.393,0.060905491911648124,0.21413263214186765
HEAD,0.3935,0.06108231595476249,0.21443300026817402
HEAD,0.394,0.06125935142908755,0.21473333701545821
HEAD,0.3945,0.06143659789157871,0.21503364175801326
HEAD,0.395,0.06161405489814483,0.2153339138695749
HEAD,0.3955,0.061791722003650906,0.21563415272332545
HEAD,0.396,0.06196959876192048,0.21593435769189795
HEAD,0.3965,0.06214768472573843,0.21623452814738037
HEAD,0.397,0.06232597944685344,0.21653466346131967
HEAD,0.3975,0.0625044824759806,0.21683476300472534
HEAD,0.398,0.06268319336280394,0.217134826148074
HEAD,0.3985,0.06286211165597913,0.21743485226131318
HEAD,0.399,0.06304123690313598,0.2177348407138657
HEAD,0.3995,0.063220568650881,0.21803479087463307
HEAD,0.4,0.06340010644480001,0.21833470211199998
HEAD,0.4005,0.0635798498294608,0.21863457379383855
HEAD,0.401,0.06375979834841562,0.2189344052875119
HEAD,0.4015,0.06393995154420376,0.21923419595987842
HEAD,0.402,0.06412030895835413,0.21953394517729566
HEAD,0.4025,0.06430087013138798,0.21983365230562465
HEAD,0.403,0.06448163460282129,0.22013331671023398
HEAD,0.4035,0.06466260191116743,0.22043293775600326
HEAD,0.404,0.0648437715939398,0.22073251480732778
HEAD,0.4045,0.06502514318765432,0.22103204722812234
HEAD,0.405,0.0652067162278321,0.22133153438182532
HEAD,0.4055,0.06538849024900197,0.22163097563140272
HEAD,0.406,0.06557046478470296,0.22193037033935192
HEAD,0.4065,0.06575263936748715,0.22222971786770632
HEAD,0.407,0.06593501352892203,0.22252901757803886
HEAD,0.4075,0.06611758679959315,0.22282826883146642
HEAD,0.408,0.0663003587091067,0.22312747098865354
HEAD,0.4085,0.066483328786092,0.2234266234098166
HEAD,0.409,0.06666649655820439,0.22372572545472805
HEAD,0.4095,0.0668498615521274,0.22402477648272018
HEAD,0.41,0.06703342329357562,0.22432377585268937
HEAD,0.4105,0.06721718130729716,0.22462272292309984
HEAD,0.411,0.0674011351170763,0.22492161705198815
HEAD,0.4115,0.06758528424573601,0.2252204575969669
HEAD,0.412,0.06776962821514058,0.22551924391522882
HEAD,0.4125,0.06795416654619815,0.22581797536355075
HEAD,0.413,0.06813889875886335,0.226116651298298
HEAD,0.4135,0.06832382437213988,0.22641527107542828
HEAD,0.414,0.06850894290408305,0.22671383405049522
HEAD,0.4145,0.06869425387180231,0.22701233957865316
HEAD,0.415,0.06887975679146405,0.22731078701466093
HEAD,0.4155,0.06906545117829396,0.22760917571288575
HEAD,0.416,0.06925133654657967,0.22790750502730725
HEAD,0.4165,0.06943741240967337,0.22820577431152173
HEAD,0.417,0.06962367827999441,0.22850398291874618
HEAD,0.4175,0.06981013366903183,0.22880213020182227
HEAD,0.418,0.06999677808734694,0.22910021551322016
HEAD,0.4185,0.07018361104457596,0.229398238205043
HEAD,0.419,0.0703706320494325,0.22969619762903046
HEAD,0.4195,0.0705578406097103,0.22999409313656338
HEAD,0.42,0.07074523623228567,0.23029192407866736
HEAD,0.4205,0.07093281842312009,0.2305896898060167
HEAD,0.421,0.07112058668726291,0.23088738966893899
HEAD,0.4215,0.0713085405288538,0.23118502301741872
HEAD,0.422,0.07149667945112541,0.2314825892011014
HEAD,0.4225,0.07168500295640584,0.23178008756929752
HEAD,0.423,0.0718735105461214,0.23207751747098704
HEAD,0.4235,0.0720622017207991,0.232374878254823
HEAD,0.424,0.07225107598006918,0.23267216926913553
HEAD,0.4245,0.07244013282266772,0.23296938986193597
HEAD,0.425,0.07262937174643934,0.2332665393809213
HEAD,0.4255,0.07281879224833966,0.23356361717347782
HEAD,0.426,0.07300839382443787,0.23386062258668502
HEAD,0.4265,0.07319817596991934,0.23415755496731988
HEAD,0.427,0.0733881381790883,0.23445441366186096
HEAD,0.4275,0.07357827994537032,0.2347511980164927
HEAD,0.428,0.07376860076131488,0.2350479073771085
HEAD,0.4285,0.07395910011859791,0.2353445410893157
HEAD,0.429,0.07414977750802462,0.23564109849843942
HEAD,0.4295,0.07434063241953184,0.23593757894952652
HEAD,0.43,0.07453166434219058,0.23623398178734928
HEAD,0.4305,0.07472287276420879,0.23653030635641006
HEAD,0.431,0.07491425717293387,0.2368265520009452
HEAD,0.4315,0.07510581705485525,0.23712271806492874
HEAD,0.432,0.07529755189560687,0.23741880389207662
HEAD,0.4325,0.07548946117996995,0.2377148088258509
HEAD,0.433,0.07568154439187542,0.23801073220946362
HEAD,0.4335,0.07587380101440663,0.238306573385881
HEAD,0.434,0.07606623052980181,0.2386023316978273
HEAD,0.4345,0.07625883241945665,0.23889800648778872
HEAD,0.435,0.07645160616392704,0.23919359709801807
HEAD,0.4355,0.07664455124293157,0.23948910287053826
HEAD,0.436,0.07683766713535398,0.2397845231471465
HEAD,0.4365,0.07703095331924587,0.2400798572694181
HEAD,0.437,0.07722440927182937,0.24037510457871117
HEAD,0.4375,0.07741803446949959,0.24067026441617012
HEAD,0.438,0.07761182838782717,0.2409653361227297
HEAD,0.4385,0.0778057905015609,0.24126031903911907
HEAD,0.439,0.07799992028463047,0.2415552125058664
HEAD,0.4395,0.07819421721014884,0.24185001586330215
HEAD,0.44,0.07838868075041487,0.24214472845156357
HEAD,0.4405,0.07858331037691589,0.24243934961059826
HEAD,0.441,0.0787781055603304,0.2427338786801691
HEAD,0.4415,0.07897306577053059,0.24302831499985753
HEAD,0.442,0.07916819047658483,0.24332265790906765
HEAD,0.4425,0.0793634791467603,0.2436169067470305
HEAD,0.443,0.07955893124852571,0.2439110608528082
HEAD,0.4435,0.0797545462485537,0.24420511956529786
HEAD,0.444,0.07995032361272354,0.24449908222323538
HEAD,0.4445,0.08014626280612355,0.2447929481651997
HEAD,0.445,0.08034236329305396,0.24508671672961713
HEAD,0.4455,0.08053862453702926,0.24538038725476496
HEAD,0.446,0.08073504600078082,0.24567395907877568
HEAD,0.4465,0.08093162714625955,0.2459674315396408
HEAD,0.447,0.08112836743463842,0.2462608039752155
HEAD,0.4475,0.08132526632631507,0.24655407572322208
HEAD,0.448,0.08152232328091444,0.24684724612125417
HEAD,0.4485,0.08171953775729113,0.24714031450678062
HEAD,0.449,0.08191690921353235,0.24743328021715028
HEAD,0.4495,0.08211443710696022,0.24772614258959505
HEAD,0.45,0.0823121208941344,0.24801890096123444
HEAD,0.4505,0.08250996003085471,0.2483115546690795
HEAD,0.451,0.08270795397216377,0.24860410305003708
HEAD,0.4515,0.08290610217234956,0.2488965454409138
HEAD,0.452,0.0831044040849478,0.2491888811784196
HEAD,0.4525,0.0833028591627448,0.24948110959917233
HEAD,0.453,0.08350146685777994,0.24977323003970187
HEAD,0.4535,0.08370022662134832,0.2500652418364538
HEAD,0.454,0.08389913790400315,0.2503571443257935
HEAD,0.4545,0.08409820015555847,0.2506489368440103
HEAD,0.455,0.08429741282509179,0.2509406187273216
HEAD,0.4555,0.08449677536094664,0.25123218931187713
HEAD,0.456,0.08469628721073497,0.251523647933762
HEAD,0.4565,0.08489594782133997,0.25181499392900175
HEAD,0.457,0.08509575663891855,0.25210622663356635
HEAD,0.4575,0.085295713108904,0.2523973453833739
HEAD,0.458,0.08549581667600838,0.2526883495142943
HEAD,0.4585,0.08569606678422526,0.252979238362154
HEAD,0.459,0.08589646287683235,0.25327001126274007
HEAD,0.4595,0.08609700439639395,0.2535606675518038
HEAD,0.46,0.08629769078476356,0.2538512065650645
HEAD,0.4605,0.08649852148308652,0.2541416276382144
HEAD,0.461,0.0866994959318026,0.2544319301069222
HEAD,0.4615,0.08690061357064847,0.25472211330683714
HEAD,0.462,0.08710187383866042,0.2550121765735928
HEAD,0.4625,0.08730327617417676,0.2553021192428117
HEAD,0.463,0.0875048200148407,0.2555919406501089
HEAD,0.4635,0.08770650479760264,0.2558816401310964
HEAD,0.464,0.0879083299587229,0.2561712170213868
HEAD,0.4645,0.08811029493377422,0.2564606706565973
HEAD,0.465,0.08831239915764444,0.25675000037235446
HEAD,0.4655,0.0885146420645391,0.25703920550429754
HEAD,0.466,0.08871702308798379,0.2573282853880826
HEAD,0.4665,0.08891954166082701,0.25761723935938685
HEAD,0.467,0.08912219721524266,0.25790606675391253
HEAD,0.4675,0.08932498918273256,0.2581947669073911
HEAD,0.468,0.0895279169941291,0.25848333915558697
HEAD,0.4685,0.08973098007959772,0.2587717828343015
HEAD,0.469,0.08993417786863966,0.2590600972793778
HEAD,0.4695,0.09013750979009451,0.259348281826704
HEAD,0.47,0.09034097527214259,0.2596363358122175
HEAD,0.4705,0.09054457374230777,0.25992425857190904
HEAD,0.471,0.0907483046274599,0.2602120494418267
HEAD,0.4715,0.09095216735381756,0.26049970775808035
HEAD,0.472,0.09115616134695045,0.260787232856845
HEAD,0.4725,0.09136028603178212,0.2610746240743653
HEAD,0.473,0.09156454083259236,0.2613618807469594
HEAD,0.4735,0.0917689251730201,0.2616490022110232
HEAD,0.474,0.09197343847606573,0.2619359878030343
HEAD,0.4745,0.09217808016409372,0.2622228368595559
HEAD,0.475,0.09238284965883525,0.2625095487172407
HEAD,0.4755,0.09258774638139082,0.2627961227128357
HEAD,0.476,0.09279276975223287,0.26308255818318566
HEAD,0.4765,0.09299791919120809,0.2633688544652368
HEAD,0.477,0.09320319411754038,0.26365501089604154
HEAD,0.4775,0.09340859394983317,0.26394102681276244
HEAD,0.478,0.0936141181060722,0.26422690155267603
HEAD,0.4785,0.09381976600362785,0.2645126344531765
HEAD,0.479,0.09402553705925787,0.2647982248517805
HEAD,0.4795,0.0942314306891101,0.26508367208613093
HEAD,0.48,0.09443744630872473,0.2653689754940006
HEAD,0.4805,0.09464358333303721,0.26565413441329677
HEAD,0.481,0.09484984117638058,0.2659391481820648
HEAD,0.4815,0.09505621925248822,0.26622401613849245
HEAD,0.482,0.09526271697449636,0.26650873762091415
HEAD,0.4825,0.09546933375494664,0.26679331196781425
HEAD,0.483,0.09567606900578869,0.26707773851783173
HEAD,0.4835,0.09588292213838284,0.2673620166097643
HEAD,0.484,0.0960898925635026,0.2676461455825721
HEAD,0.4845,0.09629697969133721,0.2679301247753817
HEAD,0.485,0.0965041829314942,0.2682139535274904
HEAD,0.4855,0.09671150169300216,0.2684976311783702
HEAD,0.486,0.09691893538431316,0.26878115706767214
HEAD,0.4865,0.09712648341330535,0.26906453053522933
HEAD,0.487,0.09733414518728552,0.2693477509210623
HEAD,0.4875,0.09754192011299184,0.26963081756538215
HEAD,0.488,0.09774980759659628,0.2699137298085951
HEAD,0.4885,0.09795780704370723,0.2701964869913063
HEAD,0.489,0.09816591785937201,0.2704790884543234
HEAD,0.4895,0.09837413944807971,0.27076153353866167
HEAD,0.49,0.09858247121376353,0.27104382158554735
HEAD,0.4905,0.09879091255980335,0.27132595193642167
HEAD,0.491,0.09899946288902849,0.2716079239329451
HEAD,0.4915,0.09920812160372013,0.27188973691700097
HEAD,0.492,0.09941688810561411,0.27217139023070086
HEAD,0.4925,0.09962576179590314,0.27245288321638644
HEAD,0.493,0.09983474207523976,0.2727342152166355
HEAD,0.4935,0.10004382834373868,0.2730153855742648
HEAD,0.494,0.10025302000097955,0.2732963936323351
HEAD,0.4945,0.1004623164460094,0.27357723873415407
HEAD,0.495,0.10067171707734517,0.273857920223281
HEAD,0.4955,0.10088122129297651,0.27413843744353095
HEAD,0.496,0.10109082849036824,0.2744187897389787
HEAD,0.4965,0.10130053806646287,0.2746989764539623
HEAD,0.497,0.10151034941768322,0.27497899693308764
HEAD,0.4975,0.1017202619399351,0.2752588505212324
HEAD,0.498,0.10193027502860985,0.27553853656355026
HEAD,0.4985,0.1021403880785868,0.27581805440547447
HEAD,0.499,0.10235060048423597,0.27609740339272193
HEAD,0.4995,0.10256091163942065,0.2763765828712981
HEAD,0.5,0.10277132093750001,0.27665559218749997
HEAD,0.5005,0.10298182777133147,0.2769344306879205
HEAD,0.501,0.1031924315332737,0.27721309771945307
HEAD,0.5015,0.10340313161518865,0.2774915926292947
HEAD,0.502,0.10361392740844472,0.2777699147649509
HEAD,0.5025,0.10382481830391882,0.27804806347423916
HEAD,0.503,0.10403580369199934,0.2783260381052934
HEAD,0.5035,0.10424688296258851,0.2786038380065676
HEAD,0.504,0.10445805550510505,0.27888146252684015
HEAD,0.5045,0.10466932070848677,0.27915891101521795
HEAD,0.505,0.1048806779611932,0.27943618282114024
HEAD,0.5055,0.10509212665120787,0.2797132772943824
HEAD,0.506,0.10530366616604155,0.2799901937850607
HEAD,0.5065,0.10551529589273395,0.2802669316436358
HEAD,0.507,0.10572701521785716,0.28054349022091707
HEAD,0.5075,0.10593882352751753,0.28081986886806626
HEAD,0.508,0.10615072020735879,0.2810960669366021
HEAD,0.5085,0.10636270464256423,0.2813720837784036
HEAD,0.509,0.10657477621785963,0.28164791874571515
HEAD,0.5095,0.1067869343175155,0.28192357119114936
HEAD,0.51,0.10699917832534998,0.2821990404676921
HEAD,0.5105,0.10721150762473114,0.2824743259287058
HEAD,0.511,0.10742392159857982,0.28274942692793437
HEAD,0.5115,0.10763641962937195,0.28302434281950584
HEAD,0.512,0.10784900109914147,0.28329907295793827
HEAD,0.5125,0.10806166538948248,0.2835736166981419
HEAD,0.513,0.1082744118815523,0.2838479733954248
HEAD,0.5135,0.10848723995607357,0.2841221424054957
HEAD,0.514,0.10870014899333727,0.28439612308446877
HEAD,0.5145,0.10891313837320495,0.28466991478886744
HEAD,0.515,0.10912620747511163,0.2849435168756283
HEAD,0.5155,0.10933935567806807,0.28521692870210547
HEAD,0.516,0.10955258236066362,0.2854901496260743
HEAD,0.5165,0.10976588690106855,0.2857631790057355
HEAD,0.517,0.10997926867703692,0.2860360161997195
HEAD,0.5175,0.1101927270659089,0.2863086605670902
HEAD,0.518,0.11040626144461352,0.28658111146734877
HEAD,0.5185,0.11061987118967115,0.2868533682604383
HEAD,0.519,0.1108335556771962,0.2871254303067474
HEAD,0.5195,0.11104731428289955,0.28739729696711436
HEAD,0.52,0.11126114638209128,0.28766896760283134
HEAD,0.5205,0.1114750513496831,0.287940441575648
HEAD,0.521,0.11168902856019113,0.2882117182477763
HEAD,0.5215,0.11190307738773828,0.2884827969818935
HEAD,0.522,0.112117197206057,0.2887536771411472
HEAD,0.5225,0.11233138738849166,0.2890243580891587
HEAD,0.523,0.11254564730800147,0.2892948391900276
HEAD,0.5235,0.11275997633716259,0.2895651198083352
HEAD,0.524,0.11297437384817122,0.28983519930914925
HEAD,0.5245,0.11318883921284571,0.2901050770580271
HEAD,0.525,0.1134033718026296,0.290374752421021
HEAD,0.5255,0.11361797098859376,0.2906442247646809
HEAD,0.526,0.11383263614143936,0.2909134934560591
HEAD,0.5265,0.11404736663150007,0.29118255786271424
HEAD,0.527,0.11426216182874514,0.2914514173527156
HEAD,0.5275,0.11447702110278138,0.2917200712946465
HEAD,0.528,0.11469194382285629,0.29198851905760875
HEAD,0.5285,0.11490692935786023,0.29225676001122686
HEAD,0.529,0.1151219770763294,0.29252479352565164
HEAD,0.5295,0.11533708634644789,0.29279261897156467
HEAD,0.53,0.1155522565360509,0.29306023572018197
HEAD,0.5305,0.11576748701262678,0.2933276431432584
HEAD,0.531,0.11598277714331995,0.2935948406130915
HEAD,0.5315,0.1161981262949332,0.29386182750252543
HEAD,0.532,0.11641353383393067,0.29412860318495526
HEAD,0.5325,0.11662899912644,0.29439516703433094
HEAD,0.533,0.1168445215382552,0.2946615184251612
HEAD,0.5335,0.11706010043483908,0.29492765673251775
HEAD,0.534,0.11727573518132606,0.29519358133203943
HEAD,0.5345,0.11749142514252434,0.2954592915999358
HEAD,0.535,0.11770716968291889,0.29572478691299164
HEAD,0.5355,0.11792296816667386,0.2959900666485711
HEAD,0.536,0.1181388199576352,0.2962551301846209
HEAD,0.5365,0.11835472441933302,0.29651997689967546
HEAD,0.537,0.1185706809149847,0.29678460617286023
HEAD,0.5375,0.11878668880749682,0.29704901738389605
HEAD,0.538,0.11900274745946832,0.29731320991310306
HEAD,0.5385,0.11921885623319264,0.2975771831414046
HEAD,0.539,0.11943501449066062,0.2978409364503317
HEAD,0.5395,0.11965122159356284,0.2981044692220267
HEAD,0.54,0.11986747690329246,0.2983677808392475
HEAD,0.5405,0.1200837797809475,0.29863087068537153
HEAD,0.541,0.12030012958733373,0.2988937381443999
HEAD,0.5415,0.12051652568296689,0.2991563826009611
HEAD,0.542,0.12073296742807584,0.29941880344031574
HEAD,0.5425,0.12094945418260433,0.29968100004835957
HEAD,0.543,0.12116598530621449,0.2999429718116289
HEAD,0.5435,0.12138256015828865,0.3002047181173031
HEAD,0.544,0.12159917809793236,0.3004662383532098
HEAD,0.5445,0.12181583848397681,0.3007275319078284
HEAD,0.545,0.12203254067498157,0.30098859817029455
HEAD,0.5455,0.12224928402923682,0.3012494365304033
HEAD,0.546,0.12246606790476643,0.3015100463786144
HEAD,0.5465,0.12268289165933005,0.3017704271060553
HEAD,0.547,0.12289975465042609,0.3020305781045255
HEAD,0.5475,0.12311665623529401,0.302290498766501
HEAD,0.548,0.12333359577091715,0.3025501884851378
HEAD,0.5485,0.12355057261402508,0.30280964665427623
HEAD,0.549,0.12376758612109638,0.3030688726684449
HEAD,0.5495,0.12398463564836099,0.3033278659228647
HEAD,0.55,0.12420172055180315,0.30358662581345314
HEAD,0.5505,0.12441884018716355,0.30384515173682786
HEAD,0.551,0.12463599390994236,0.3041034430903113
HEAD,0.5515,0.12485318107540132,0.3043614992719342
HEAD,0.552,0.12507040103856687,0.30461931968044
HEAD,0.5525,0.12528765315423215,0.3048769037152884
HEAD,0.553,0.12550493677696023,0.3051342507766605
HEAD,0.5535,0.12572225126108597,0.30539136026546143
HEAD,0.554,0.1259395959607193,0.3056482315833254
HEAD,0.5545,0.12615697022974723,0.30590486413261914
HEAD,0.555,0.12637437342183688,0.30616125731644656
HEAD,0.5555,0.12659180489043775,0.3064174105386522
HEAD,0.556,0.12680926398878445,0.3066733232038256
HEAD,0.5565,0.12702675006989922,0.30692899471730545
HEAD,0.557,0.1272442624865946,0.307184424485183
HEAD,0.5575,0.12746180059147585,0.3074396119143071
HEAD,0.558,0.12767936373694386,0.3076945564122873
HEAD,0.5585,0.12789695127519718,0.3079492573874984
HEAD,0.559,0.1281145625582353,0.30820371424908466
HEAD,0.5595,0.12833219693786055,0.3084579264069631
HEAD,0.56,0.12854985376568118,0.3087118932718285
HEAD,0.5605,0.12876753239311364,0.30896561425515645
HEAD,0.561,0.12898523217138547,0.3092190887692085
HEAD,0.5615,0.12920295245153746,0.3094723162270351
HEAD,0.562,0.12942069258442668,0.30972529604248045
HEAD,0.5625,0.1296384519207287,0.3099780276301861
HEAD,0.563,0.12985622981094036,0.3102305104055952
HEAD,0.5635,0.1300740256053824,0.31048274378495655
HEAD,0.564,0.13029183865420182,0.3107347271853286
HEAD,0.5645,0.1305096683073748,0.31098646002458347
HEAD,0.565,0.13072751391470877,0.3112379417214106
HEAD,0.5655,0.13094537482584565,0.3114891716953218
HEAD,0.566,0.13116325039026386,0.31174014936665445
HEAD,0.5665,0.1313811399572812,0.31199087415657567
HEAD,0.567,0.1315990428760574,0.3122413454870866
HEAD,0.5675,0.1318169584955967,0.31249156278102647
HEAD,0.568,0.13203488616475012,0.31274152546207606
HEAD,0.5685,0.13225282523221876,0.31299123295476267
HEAD,0.569,0.13247077504655558,0.3132406846844633
HEAD,0.5695,0.13268873495616856,0.3134898800774094
HEAD,0.57,0.13290670430932292,0.31373881856069025
HEAD,0.5705,0.13312468245414402,0.31398749956225763
HEAD,0.571,0.13334266873861958,0.3142359225109293
HEAD,0.5715,0.13356066251060264,0.3144840868363937
HEAD,0.572,0.13377866311781378,0.3147319919692131
HEAD,0.5725,0.1339966699078441,0.3149796373408288
HEAD,0.573,0.13421468222815736,0.3152270223835638
HEAD,0.5735,0.13443269942609293,0.3154741465306282
HEAD,0.574,0.13465072084886814,0.31572100921612223
HEAD,0.5745,0.13486874584358113,0.31596760987504097
HEAD,0.575,0.13508677375721298,0.3162139479432778
HEAD,0.5755,0.1353048039366308,0.31646002285762903
HEAD,0.576,0.13552283572858992,0.31670583405579744
HEAD,0.5765,0.1357408684797368,0.3169513809763967
HEAD,0.577,0.13595890153661122,0.3171966630589552
HEAD,0.5775,0.13617693424564936,0.3174416797439203
HEAD,0.578,0.13639496595318584,0.317686430472662
HEAD,0.5785,0.13661299600545684,0.3179309146874774
HEAD,0.579,0.13683102374860212,0.3181751318315944
HEAD,0.5795,0.1370490485286682,0.3184190813491761
HEAD,0.58,0.13726706969161032,0.31866276268532456
HEAD,0.5805,0.1374850865832957,0.318906175286085
HEAD,0.581,0.1377030985495054,0.31914931859844947
HEAD,0.5815,0.13792110493593762,0.3193921920703617
HEAD,0.582,0.13813910508820962,0.31963479515072013
HEAD,0.5825,0.13835709835186089,0.3198771272893831
HEAD,0.583,0.13857508407235516,0.3201191879371716
HEAD,0.5835,0.13879306159508356,0.32036097654587437
HEAD,0.584,0.1390110302653667,0.3206024925682515
HEAD,0.5845,0.13922898942845768,0.3208437354580384
HEAD,0.585,0.13944693842954425,0.3210847046699502
HEAD,0.5855,0.13966487661375182,0.32132539965968543
HEAD,0.586,0.1398828033261456,0.32156581988393007
HEAD,0.5865,0.14010071791173367,0.3218059648003621
HEAD,0.587,0.14031861971546908,0.32204583386765473
HEAD,0.5875,0.14053650808225276,0.32228542654548126
HEAD,0.588,0.14075438235693605,0.32252474229451833
HEAD,0.5885,0.14097224188432314,0.322763780576451
HEAD,0.589,0.14119008600917377,0.32300254085397545
HEAD,0.5895,0.14140791407620584,0.32324102259080445
HEAD,0.59,0.14162572543009785,0.32347922525167017
HEAD,0.5905,0.14184351941549173,0.32371714830232895
HEAD,0.591,0.14206129537699502,0.3239547912095653
HEAD,0.5915,0.142279052659184,0.32419215344119556
HEAD,0.592,0.14249679060660572,0.3244292344660724
HEAD,0.5925,0.14271450856378098,0.3246660337540885
HEAD,0.593,0.14293220587520664,0.3249025507761807
HEAD,0.5935,0.1431498818853585,0.3251387850043343
HEAD,0.594,0.1433675359386935,0.32537473591158655
HEAD,0.5945,0.14358516737965277,0.3256104029720316
HEAD,0.595,0.14380277555266377,0.3258457856608234
HEAD,0.5955,0.14402035980214306,0.32608088345418046
HEAD,0.596,0.14423791947249895,0.32631569582939
HEAD,0.5965,0.14445545390813408,0.3265502222648116
HEAD,0.597,0.1446729624534477,0.32678446223988133
HEAD,0.5975,0.1448904444528388,0.327018415235116
HEAD,0.598,0.14510789925070813,0.32725208073211687
HEAD,0.5985,0.14532532619146118,0.32748545821357417
HEAD,0.599,0.14554272461951048,0.32771854716327053
HEAD,0.5995,0.14576009387927855,0.32795134706608575
HEAD,0.6,0.1459774333152,0.32818385740799993
HEAD,0.6005,0.14619474227172455,0.3284160776760987
HEAD,0.601,0.14641202009331922,0.3286480073585759
HEAD,0.6015,0.1466292661244714,0.32887964594473895
HEAD,0.602,0.14684647970969095,0.32911099292501184
HEAD,0.6025,0.14706366019351308,0.32934204779093973
HEAD,0.603,0.1472808069205007,0.3295728100351929
HEAD,0.6035,0.14749791923524735,0.32980327915157087
HEAD,0.604,0.14771499648237943,0.3300334546350061
HEAD,0.6045,0.14793203800655894,0.33026333598156843
HEAD,0.605,0.148149043152486,0.33049292268846886
HEAD,0.6055,0.1483660112649017,0.33072221425406373
HEAD,0.606,0.1485829416885902,0.3309512101778589
HEAD,0.6065,0.14879983376838177,0.33117990996051344
HEAD,0.607,0.14901668684915498,0.3314083131038438
HEAD,0.6075,0.14923350027583973,0.3316364191108282
HEAD,0.608,0.14945027339341932,0.3318642274856101
HEAD,0.6085,0.14966700554693357,0.33209173773350276
HEAD,0.609,0.14988369608148086,0.3323189493609928
HEAD,0.6095,0.15010034434222114,0.3325458618757448
HEAD,0.61,0.1503169496743783,0.3327724747866048
HEAD,0.6105,0.15053351142324295,0.3329987876036048
HEAD,0.611,0.15075002893417455,0.3332247998379664
HEAD,0.6115,0.15096650155260466,0.3334505110021052
HEAD,0.612,0.15118292862403884,0.3336759206096345
HEAD,0.6125,0.15139930949405986,0.3339010281753699
HEAD,0.613,0.15161564350832965,0.33412583321533235
HEAD,0.6135,0.15183193001259254,0.3343503352467535
HEAD,0.614,0.15204816835267726,0.33457453378807855
HEAD,0.6145,0.1522643578745,0.3347984283589712
HEAD,0.615,0.15248049792406645,0.33502201848031693
HEAD,0.6155,0.15269658784747517,0.33524530367422767
HEAD,0.616,0.15291262699091915,0.33546828346404545
HEAD,0.6165,0.15312861470068942,0.3356909573743467
HEAD,0.617,0.15334455032317693,0.33591332493094617
HEAD,0.6175,0.1535604332048754,0.3361353856609008
HEAD,0.618,0.1537762626923838,0.33635713909251413
HEAD,0.6185,0.15399203813240916,0.3365785847553401
HEAD,0.619,0.15420775887176888,0.3367997221801872
HEAD,0.6195,0.15442342425739342,0.3370205508991224
HEAD,0.62,0.15463903363632886,0.33724107044547535
HEAD,0.6205,0.15485458635573965,0.33746128035384226
HEAD,0.621,0.15507008176291082,0.3376811801600899
HEAD,0.6215,0.15528551920525102,0.33790076940136005
HEAD,0.622,0.15550089803029477,0.3381200476160731
HEAD,0.6225,0.15571621758570517,0.3383390143439324
HEAD,0.623,0.1559314772192763,0.3385576691259276
HEAD,0.6235,0.15614667627893633,0.3387760115043402
HEAD,0.624,0.15636181411274933,0.3389940410227459
HEAD,0.6245,0.15657689006891856,0.33921175722601965
HEAD,0.625,0.1567919034957886,0.3394291596603394
HEAD,0.6255,0.15700685374184806,0.3396462478731901
HEAD,0.626,0.15722174015573231,0.3398630214133681
HEAD,0.6265,0.1574365620862258,0.34007947983098447
HEAD,0.627,0.15765131888226502,0.3402956226774701
HEAD,0.6275,0.15786600989294045,0.34051144950557855
HEAD,0.628,0.15808063446749987,0.34072695986939094
HEAD,0.6285,0.1582951919553505,0.3409421533243198
HEAD,0.629,0.15850968170606172,0.34115702942711296
HEAD,0.6295,0.15872410306936746,0.34137158773585774
HEAD,0.63,0.15893845539516926,0.34158582780998475
HEAD,0.6305,0.15915273803353822,0.3417997492102724
HEAD,0.631,0.1593669503347181,0.34201335149885037
HEAD,0.6315,0.1595810916491276,0.3422266342392043
HEAD,0.632,0.15979516132736313,0.3424395969961792
HEAD,0.6325,0.16000915872020124,0.34265223933598393
HEAD,0.633,0.16022308317860134,0.342864560826195
HEAD,0.6335,0.16043693405370812,0.3430765610357608
HEAD,0.634,0.16065071069685433,0.3432882395350054
HEAD,0.6345,0.16086441245956312,0.343499595895633
HEAD,0.635,0.16107803869355097,0.3437106296907315
HEAD,0.6355,0.16129158875072985,0.3439213404947769
HEAD,0.636,0.16150506198321019,0.34413172788363705
HEAD,0.6365,0.16171845774330315,0.344341791434576
HEAD,0.637,0.16193177538352344,0.34455153072625794
HEAD,0.6375,0.16214501425659172,0.3447609453387509
HEAD,0.638,0.16235817371543737,0.3449700348535315
HEAD,0.6385,0.16257125311320084,0.34517879885348834
HEAD,0.639,0.16278425180323655,0.3453872369229264
HEAD,0.6395,0.16299716913911505,0.3455953486475709
HEAD,0.64,0.16321000447462605,0.3458031336145715
HEAD,0.6405,0.16342275716378063,0.3460105914125062
HEAD,0.641,0.16363542656081415,0.3462177216313855
HEAD,0.6415,0.16384801202018837,0.34642452386265626
HEAD,0.642,0.16406051289659476,0.3466309976992063
HEAD,0.6425,0.16427292854495623,0.34683714273536737
HEAD,0.643,0.16448525832043043,0.3470429585669205
HEAD,0.6435,0.16469750157841184,0.34724844479109895
HEAD,0.644,0.16490965767453472,0.3474536010065929
HEAD,0.6445,0.16512172596467534,0.3476584268135532
HEAD,0.645,0.1653337058049549,0.3478629218135957
HEAD,0.6455,0.1655455965517418,0.34806708560980465
HEAD,0.646,0.16575739756165456,0.3482709178067378
HEAD,0.6465,0.16596910819156405,0.34847441801042933
HEAD,0.647,0.16618072779859638,0.3486775858283948
HEAD,0.6475,0.16639225574013525,0.34888042086963444
HEAD,0.648,0.1666036913738247,0.3490829227446378
HEAD,0.6485,0.16681503405757148,0.34928509106538747
HEAD,0.649,0.16702628314954798,0.3494869254453632
HEAD,0.6495,0.16723743800819446,0.34968842549954593
HEAD,0.65,0.1674484979922219,0.34988959084442184
HEAD,0.6505,0.16765946246061422,0.35009042109798644
HEAD,0.651,0.16787033077263144,0.3502909158797487
HEAD,0.6515,0.1680811022878116,0.3504910748107346
HEAD,0.652,0.16829177636597395,0.350690897513492
HEAD,0.6525,0.16850235236722103,0.3508903836120938
HEAD,0.653,0.16871282965194162,0.3510895327321429
HEAD,0.6535,0.16892320758081306,0.3512883445007752
HEAD,0.654,0.16913348551480412,0.35148681854666475
HEAD,0.6545,0.16934366281517715,0.3516849545000268
HEAD,0.655,0.16955373884349123,0.35188275199262264
HEAD,0.6555,0.16976371296160417,0.352080210657763
HEAD,0.656,0.16997358453167555,0.3522773301303127
HEAD,0.6565,0.1701833529161691,0.35247411004669416
HEAD,0.657,0.17039301747785518,0.3526705500448916
HEAD,0.6575,0.17060257757981365,0.3528666497644555
HEAD,0.658,0.17081203258543617,0.3530624088465059
HEAD,0.6585,0.17102138185842894,0.35325782693373703
HEAD,0.659,0.1712306247628153,0.3534529036704212
HEAD,0.6595,0.17143976066293817,0.35364763870241295
HEAD,0.66,0.17164878892346275,0.35384203167715245
HEAD,0.6605,0.1718577089093791,0.35403608224367056
HEAD,0.661,0.17206651998600472,0.3542297900525923
HEAD,0.6615,0.17227522151898692,0.3544231547561405
HEAD,0.662,0.1724838128743059,0.354616176008141
HEAD,0.6625,0.1726922934182767,0.35480885346402524
HEAD,0.663,0.1729006625175524,0.35500118678083586
HEAD,0.6635,0.17310891953912613,0.35519317561722935
HEAD,0.664,0.17331706385033419,0.3553848196334809
HEAD,0.6645,0.17352509481885817,0.3555761184914881
HEAD,0.665,0.17373301181272788,0.3557670718547755
HEAD,0.6655,0.17394081420032362,0.35595767938849765
HEAD,0.666,0.17414850135037918,0.35614794075944456
HEAD,0.6665,0.17435607263198383,0.35633785563604414
HEAD,0.667,0.17456352741458564,0.3565274236883675
HEAD,0.6675,0.1747708650679933,0.35671664458813257
HEAD,0.668,0.17497808496237938,0.356905518008708
HEAD,0.6685,0.17518518646828235,0.35709404362511743
HEAD,0.669,0.1753921689566096,0.35728222111404323
HEAD,0.6695,0.17559903179863973,0.35747005015383093
HEAD,0.67,0.17580577436602532,0.35765753042449305
HEAD,0.6705,0.1760123960307953,0.35784466160771294
HEAD,0.671,0.17621889616535788,0.3580314433868497
HEAD,0.6715,0.1764252741425027,0.3582178754469408
HEAD,0.672,0.17663152933540374,0.3584039574747074
HEAD,0.6725,0.17683766111762178,0.3585896891585577
HEAD,0.673,0.17704366886310705,0.35877507018859134
HEAD,0.6735,0.17724955194620165,0.3589601002566031
HEAD,0.674,0.17745530974164234,0.3591447790560873
HEAD,0.6745,0.17766094162456286,0.3593291062822416
HEAD,0.675,0.17786644697049697,0.35951308163197115
HEAD,0.6755,0.17807182515538045,0.3596967048038926
HEAD,0.676,0.17827707555555417,0.35987997549833817
HEAD,0.6765,0.17848219754776623,0.36006289341735953
HEAD,0.677,0.1786871905091751,0.3602454582647323
HEAD,0.6775,0.17889205381735168,0.3604276697459595
HEAD,0.678,0.17909678685028219,0.36060952756827597
HEAD,0.6785,0.1793013889863705,0.3607910314406523
HEAD,0.679,0.17950585960444113,0.360972181073799
HEAD,0.6795,0.17971019808374128,0.3611529761801704
HEAD,0.68,0.17991440380394397,0.3613334164739686
HEAD,0.6805,0.18011847614515009,0.36151350167114793
HEAD,0.681,0.1803224144878915,0.36169323148941834
HEAD,0.6815,0.1805262182131331,0.3618726056482501
HEAD,0.682,0.18072988670227605,0.36205162386887757
HEAD,0.6825,0.18093341933715945,0.36223028587430306
HEAD,0.683,0.18113681550006397,0.3624085913893012
HEAD,0.6835,0.1813400745737135,0.3625865401404227
HEAD,0.684,0.18154319594127846,0.3627641318559986
HEAD,0.6845,0.18174617898637782,0.3629413662661445
HEAD,0.685,0.18194902309308214,0.3631182431027638
HEAD,0.6855,0.1821517276459157,0.36329476209955275
HEAD,0.686,0.18235429202985956,0.36347092299200395
HEAD,0.6865,0.1825567156303537,0.3636467255174103
HEAD,0.687,0.1827589978333,0.3638221694148694
HEAD,0.6875,0.18296113802506447,0.3639972544252872
HEAD,0.688,0.18316313559248007,0.3641719802913826
HEAD,0.6885,0.18336498992284928,0.3643463467576911
HEAD,0.689,0.1835667004039464,0.3645203535705686
HEAD,0.6895,0.1837682664240207,0.364694000478196
HEAD,0.69,0.1839696873717982,0.36486728723058287
HEAD,0.6905,0.18417096263648514,0.3650402135795717
HEAD,0.691,0.18437209160776985,0.36521277927884194
HEAD,0.6915,0.18457307367582576,0.36538498408391384
HEAD,0.692,0.18477390823131368,0.3655568277521525
HEAD,0.6925,0.18497459466538477,0.36572831004277223
HEAD,0.693,0.18517513236968258,0.3658994307168404
HEAD,0.6935,0.18537552073634628,0.36607018953728143
HEAD,0.694,0.1855757591580126,0.36624058626888084
HEAD,0.6945,0.1857758470278189,0.3664106206782892
HEAD,0.695,0.18597578373940557,0.3665802925340269
HEAD,0.6955,0.18617556868691848,0.36674960160648695
HEAD,0.696,0.18637520126501178,0.36691854766793985
HEAD,0.6965,0.18657468086885048,0.3670871304925378
HEAD,0.697,0.18677400689411272,0.3672553498563179
HEAD,0.6975,0.1869731787369929,0.3674232055372072
HEAD,0.698,0.18717219579420355,0.3675906973150258
HEAD,0.6985,0.18737105746297872,0.36775782497149173
HEAD,0.699,0.1875697631410758,0.36792458829022445
HEAD,0.6995,0.18776831222677867,0.3680909870567489
HEAD,0.7,0.18796670411889999,0.36825702105849994
HEAD,0.7005,0.18816493821678387,0.3684226900848261
HEAD,0.701,0.18836301392030838,0.3685879939269935
HEAD,0.7015,0.18856093062988835,0.36875293237819035
HEAD,0.702,0.1887586877464776,0.36891750523353045
HEAD,0.7025,0.18895628467157186,0.36908171229005765
HEAD,0.703,0.1891537208072111,0.3692455533467497
HEAD,0.7035,0.18935099555598234,0.36940902820452237
HEAD,0.704,0.18954810832102198,0.36957213666623345
HEAD,0.7045,0.1897450585060187,0.3697348785366867
HEAD,0.705,0.1899418455152156,0.36989725362263615
HEAD,0.7055,0.19013846875341334,0.3700592617327899
HEAD,0.706,0.1903349276259721,0.3702209026778144
HEAD,0.7065,0.1905312215388149,0.37038217627033815
HEAD,0.707,0.19072734989842935,0.3705430823249561
HEAD,0.7075,0.1909233121118709,0.37070362065823337
HEAD,0.708,0.1911191075867651,0.3708637910887097
HEAD,0.7085,0.19131473573131033,0.3710235934369031
HEAD,0.709,0.19151019595428018,0.37118302752531407
HEAD,0.7095,0.19170548766502632,0.37134209317842976
HEAD,0.71,0.19190061027348065,0.3715007902227276
HEAD,0.7105,0.19209556319015858,0.3716591184866799
HEAD,0.711,0.19229034582616078,0.3718170778007575
HEAD,0.7115,0.19248495759317646,0.371974667997434
HEAD,0.712,0.19267939790348554,0.37213188891118976
HEAD,0.7125,0.19287366616996138,0.3722887403785157
HEAD,0.713,0.19306776180607324,0.3724452222379178
HEAD,0.7135,0.19326168422588919,0.37260133432992093
HEAD,0.714,0.1934554328440783,0.3727570764970727
HEAD,0.7145,0.19364900707591332,0.37291244858394773
HEAD,0.715,0.19384240633727354,0.3730674504371517
HEAD,0.7155,0.19403563004464708,0.3732220819053256
HEAD,0.716,0.19422867761513346,0.37337634283914883
HEAD,0.7165,0.19442154846644644,0.3735302330913446
HEAD,0.717,0.1946142420169162,0.37368375251668295
HEAD,0.7175,0.19480675768549252,0.3738369009719853
HEAD,0.718,0.1949990948917466,0.3739896783161281
HEAD,0.7185,0.19519125305587445,0.3741420844100476
HEAD,0.719,0.19538323159869872,0.3742941191167429
HEAD,0.7195,0.19557502994167192,0.3744457823012808
HEAD,0.72,0.19576664750687844,0.3745970738307993
HEAD,0.7205,0.1959580837170377,0.3747479935745123
HEAD,0.721,0.1961493379955062,0.37489854140371276
HEAD,0.7215,0.1963404097662805,0.3750487171917776
HEAD,0.722,0.19653129845399955,0.3751985208141711
HEAD,0.7225,0.19672200348394742,0.37534795214844946
HEAD,0.723,0.1969125242820558,0.37549701107426436
HEAD,0.7235,0.19710286027490667,0.3756456974733673
HEAD,0.724,0.19729301088973478,0.37579401122961364
HEAD,0.7245,0.1974829755544303,0.37594195222896676
HEAD,0.725,0.1976727536975413,0.3760895203595015
HEAD,0.7255,0.1978623447482766,0.3762367155114089
HEAD,0.726,0.19805174813650803,0.37638353757700005
HEAD,0.7265,0.19824096329277308,0.37652998645070984
HEAD,0.727,0.19842998964827774,0.37667606202910153
HEAD,0.7275,0.19861882663489883,0.3768217642108701
HEAD,0.728,0.1988074736851865,0.3769670928968471
HEAD,0.7285,0.19899593023236722,0.377112047990004
HEAD,0.729,0.19918419571034585,0.37725662939545657
HEAD,0.7295,0.19937226955370868,0.3774008370204689
HEAD,0.73,0.19956015119772558,0.37754467077445747
HEAD,0.7305,0.19974784007835314,0.3776881305689951
HEAD,0.731,0.1999353356322366,0.37783121631781486
HEAD,0.7315,0.20012263729671287,0.3779739279368146
HEAD,0.732,0.20030974450981306,0.37811626534406045
HEAD,0.7325,0.200496656710265,0.37825822845979123
HEAD,0.733,0.2006833733374957,0.37839981720642213
HEAD,0.7335,0.20086989383163417,0.3785410315085493
HEAD,0.734,0.20105621763351378,0.3786818712929534
HEAD,0.7345,0.20124234418467513,0.3788223364886037
HEAD,0.735,0.2014282729273683,0.37896242702666266
HEAD,0.7355,0.20161400330455564,0.37910214284048915
HEAD,0.736,0.20179953475991425,0.379241483865643
HEAD,0.7365,0.20198486673783872,0.3793804500398892
HEAD,0.737,0.20216999868344343,0.37951904130320113
HEAD,0.7375,0.20235493004256555,0.379657257597766
HEAD,0.738,0.20253966026176712,0.3797950988679872
HEAD,0.7385,0.2027241887883381,0.3799325650604897
HEAD,0.739,0.2029085150702985,0.38006965612412363
HEAD,0.7395,0.20309263855640156,0.3802063720099681
HEAD,0.74,0.20327655869613565,0.3803427126713355
HEAD,0.7405,0.2034602749397274,0.3804786780637755
HEAD,0.741,0.20364378673814382,0.3806142681450789
HEAD,0.7415,0.20382709354309553,0.3807494828752824
HEAD,0.742,0.20401019480703844,0.38088432221667134
HEAD,0.7425,0.20419308998317726,0.381018786133785
HEAD,0.743,0.2043757785254674,0.3811528745934201
HEAD,0.7435,0.20455825988861787,0.38128658756463474
HEAD,0.744,0.20474053352809382,0.3814199250187526
HEAD,0.7445,0.20492259890011918,0.38155288692936723
HEAD,0.745,0.20510445546167894,0.3816854732723454
HEAD,0.7455,0.20528610267052225,0.38181768402583216
HEAD,0.746,0.20546753998516443,0.3819495191702537
HEAD,0.7465,0.20564876686489003,0.38208097868832236
HEAD,0.747,0.20582978276975514,0.3822120625650404
HEAD,0.7475,0.20601058716059004,0.3823427707877037
HEAD,0.748,0.20619117949900173,0.38247310334590623
HEAD,0.7485,0.2063715592473768,0.3826030602315438
HEAD,0.749,0.20655172586888346,0.38273264143881836
HEAD,0.7495,0.20673167882747476,0.3828618469642419
HEAD,0.75,0.20691141758789064,0.3829906768066406
HEAD,0.7505,0.20709094161566077,0.38311913096715855
HEAD,0.751,0.20727025037710728,0.3832472094492622
HEAD,0.7515,0.20744934333934684,0.38337491225874426
HEAD,0.752,0.20762821997029388,0.38350223940372763
HEAD,0.7525,0.20780687973866258,0.3836291908946696
HEAD,0.753,0.20798532211396997,0.3837557667443658
HEAD,0.7535,0.20816354656653807,0.38388196696795424
HEAD,0.754,0.20834155256749676,0.38400779158291953
HEAD,0.7545,0.20851933958878627,0.38413324060909654
HEAD,0.755,0.2086969071031598,0.384258314068675
HEAD,0.7555,0.20887425458418593,0.3843830119862029
HEAD,0.756,0.20905138150625158,0.3845073343885912
HEAD,0.7565,0.20922828734456406,0.38463128130511726
HEAD,0.757,0.20940497157515423,0.3847548527674293
HEAD,0.7575,0.20958143367487858,0.3848780488095503
HEAD,0.758,0.20975767312142213,0.3850008694678819
HEAD,0.7585,0.2099336893933009,0.385123314781209
HEAD,0.759,0.21010948196986456,0.38524538479070297
HEAD,0.7595,0.21028505033129885,0.3853670795399263
HEAD,0.76,0.21046039395862837,0.38548839907483645
HEAD,0.7605,0.2106355123337189,0.38560934344379
HEAD,0.761,0.21081040493928047,0.3857299126975464
HEAD,0.7615,0.21098507125886928,0.3858501068892726
HEAD,0.762,0.21115951077689077,0.3859699260745463
HEAD,0.7625,0.21133372297860206,0.3860893703113606
HEAD,0.763,0.21150770735011454,0.3862084396601279
HEAD,0.7635,0.21168146337839633,0.38632713418368375
HEAD,0.764,0.2118549905512751,0.38644545394729124
HEAD,0.7645,0.21202828835744053,0.38656339901864484
HEAD,0.765,0.2122013562864467,0.386680969467874
HEAD,0.7655,0.21237419382871509,0.3867981653675484
HEAD,0.766,0.2125468004755368,0.3869149867926807
HEAD,0.7665,0.21271917571907528,0.38703143382073124
HEAD,0.767,0.212891319052369,0.38714750653161206
HEAD,0.7675,0.2130632299693337,0.3872632050076907
HEAD,0.768,0.21323490796476552,0.3873785293337947
HEAD,0.7685,0.21340635253434292,0.3874934795972149
HEAD,0.769,0.21357756317462986,0.38760805588771047
HEAD,0.7695,0.21374853938307808,0.38772225829751195
HEAD,0.77,0.21391928065802962,0.38783608692132565
HEAD,0.7705,0.21408978649871968,0.38794954185633856
HEAD,0.771,0.21426005640527895,0.38806262320222085
HEAD,0.7715,0.21443008987873613,0.388175331061131
HEAD,0.772,0.214599886421021,0.3882876655377196
HEAD,0.7725,0.21476944553496646,0.3883996267391333
HEAD,0.773,0.21493876672431123,0.3885112147750188
HEAD,0.7735,0.21510784949370276,0.3886224297575271
HEAD,0.774,0.21527669334869937,0.38873327180131734
HEAD,0.7745,0.21544529779577304,0.38884374102356095
HEAD,0.775,0.21561366234231222,0.38895383754394575
HEAD,0.7755,0.21578178649662386,0.3890635614846798
HEAD,0.776,0.21594966976793661,0.38917291297049583
HEAD,0.7765,0.21611731166640286,0.38928189212865466
HEAD,0.777,0.2162847117031017,0.3893904990889498
HEAD,0.7775,0.2164518693900414,0.3894987339837113
HEAD,0.778,0.21661878424016184,0.3896065969478098
HEAD,0.7785,0.2167854557673373,0.38971408811866043
HEAD,0.779,0.216951883486379,0.3898212076362273
HEAD,0.7795,0.21711806691303742,0.38992795564302685
HEAD,0.78,0.21728400556400554,0.39003433228413265
HEAD,0.7805,0.21744969895692046,0.39014033770717865
HEAD,0.781,0.2176151466103669,0.3902459720623642
HEAD,0.7815,0.21778034804387925,0.3903512355024571
HEAD,0.782,0.21794530277794422,0.3904561281827982
HEAD,0.7825,0.21811001033400362,0.3905606502613053
HEAD,0.783,0.21827447023445684,0.3906648018984775
HEAD,0.7835,0.21843868200266314,0.3907685832573986
HEAD,0.784,0.21860264516294498,0.39087199450374166
HEAD,0.7845,0.21876635924058968,0.3909750358057731
HEAD,0.785,0.21892982376185272,0.39107770733435615
HEAD,0.7855,0.21909303825395982,0.39118000926295565
HEAD,0.786,0.21925600224511005,0.39128194176764153
HEAD,0.7865,0.21941871526447781,0.39138350502709307
HEAD,0.787,0.21958117684221606,0.3914846992226031
HEAD,0.7875,0.21974338650945818,0.39158552453808154
HEAD,0.788,0.21990534379832125,0.39168598116006015
HEAD,0.7885,0.2200670482419081,0.391786069277696
HEAD,0.789,0.22022849937431022,0.3918857890827756
HEAD,0.7895,0.22038969673061032,0.3919851407697196
HEAD,0.79,0.22055063984688456,0.3920841245355856
HEAD,0.7905,0.22071132826020567,0.39218274058007335
HEAD,0.791,0.22087176150864513,0.3922809891055281
HEAD,0.7915,0.22103193913127578,0.39237887031694496
HEAD,0.792,0.22119186066817484,0.392476384421973
HEAD,0.7925,0.22135152566042576,0.39257353163091896
HEAD,0.793,0.22151093365012145,0.3926703121567516
HEAD,0.7935,0.22167008418036654,0.39276672621510555
HEAD,0.794,0.22182897679528008,0.39286277402428565
HEAD,0.7945,0.22198761103999792,0.3929584558052704
HEAD,0.795,0.22214598646067568,0.39305377178171685
HEAD,0.7955,0.2223041026044909,0.3931487221799637
HEAD,0.796,0.22246195901964605,0.3932433072290364
HEAD,0.7965,0.22261955525537058,0.39333752716065
HEAD,0.797,0.22277689086192418,0.39343138220921436
HEAD,0.7975,0.22293396539059865,0.39352487261183733
HEAD,0.798,0.22309077839372102,0.39361799860832913
HEAD,0.7985,0.22324732942465586,0.39371076044120656
HEAD,0.799,0.22340361803780806,0.3938031583556967
HEAD,0.7995,0.22355964378862508,0.39389519259974104
HEAD,0.8,0.22371540623359998,0.39398686342399997
HEAD,0.8005,0.22387090493027365,0.3940781710818561
HEAD,0.801,0.22402613943723748,0.3941691158294188
HEAD,0.8015,0.22418110931413604,0.3942596979255282
HEAD,0.802,0.22433581412166953,0.39434991763175875
HEAD,0.8025,0.22449025342159654,0.3944397752124241
HEAD,0.803,0.2246444267767364,0.3945292709345807
HEAD,0.8035,0.2247983337509719,0.3946184050680313
HEAD,0.804,0.22495197390925206,0.39470717788533016
HEAD,0.8045,0.22510534681759414,0.3947955896617862
HEAD,0.805,0.22525845204308692,0.3948836406754672
HEAD,0.8055,0.2254112891538928,0.3949713312072043
HEAD,0.806,0.22556385771925053,0.3950586615405953
HEAD,0.8065,0.22571615730947786,0.3951456319620094
HEAD,0.807,0.22586818749597404,0.3952322427605909
HEAD,0.8075,0.2260199478512224,0.3953184942282631
HEAD,0.808,0.22617143794879302,0.3954043866597328
HEAD,0.8085,0.22632265736334514,0.395489920352494
HEAD,0.809,0.22647360567062993,0.39557509560683196
HEAD,0.8095,0.22662428244749303,0.39565991272582735
HEAD,0.81,0.22677468727187702,0.3957443720153603
HEAD,0.8105,0.22692481972282413,0.3958284737841144
HEAD,0.811,0.22707467938047873,0.3959122183435807
HEAD,0.8115,0.22722426582608996,0.3959956060080617
HEAD,0.812,0.2273735786420144,0.39607863709467583
HEAD,0.8125,0.22752261741171836,0.3961613119233608
HEAD,0.813,0.2276713817197809,0.3962436308168782
HEAD,0.8135,0.227819871151896,0.39632559410081725
HEAD,0.814,0.2279680852948754,0.3964072021035989
HEAD,0.8145,0.22811602373665107,0.39648845515648024
HEAD,0.815,0.2282636860662779,0.3965693535935578
HEAD,0.8155,0.22841107187393603,0.3966498977517724
HEAD,0.816,0.22855818075093376,0.39673008797091236
HEAD,0.8165,0.22870501228970996,0.39680992459361836
HEAD,0.817,0.2288515660838366,0.39688940796538696
HEAD,0.8175,0.2289978417280215,0.3969685384345749
HEAD,0.818,0.22914383881811076,0.3970473163524029
HEAD,0.8185,0.22928955695109143,0.3971257420729601
HEAD,0.819,0.229434995725094,0.39720381595320753
HEAD,0.8195,0.22958015473939514,0.39728153835298274
HEAD,0.82,0.22972503359442004,0.3973589096350033
HEAD,0.8205,0.2298696318917454,0.3974359301648716
HEAD,0.821,0.23001394923410146,0.39751260031107793
HEAD,0.8215,0.23015798522537512,0.3975889204450054
HEAD,0.822,0.23030173947061208,0.39766489094093327
HEAD,0.8225,0.2304452115760198,0.39774051217604145
HEAD,0.823,0.23058840114896967,0.3978157845304145
HEAD,0.8235,0.2307313077980001,0.39789070838704566
HEAD,0.824,0.23087393113281868,0.3979652841318405
HEAD,0.8245,0.23101627076430492,0.39803951215362166
HEAD,0.825,0.23115832630451277,0.3981133928441323
HEAD,0.8255,0.23130009736667345,0.39818692659804045
HEAD,0.826,0.23144158356519756,0.3982601138129429
HEAD,0.8265,0.2315827845156782,0.3983329548893695
HEAD,0.827,0.23172369983489316,0.3984054502307868
HEAD,0.8275,0.23186432914080768,0.39847760024360246
HEAD,0.828,0.23200467205257697,0.39854940533716915
HEAD,0.8285,0.23214472819054874,0.3986208659237885
HEAD,0.829,0.23228449717626598,0.3986919824187153
HEAD,0.8295,0.23242397863246944,0.3987627552401615
HEAD,0.83,0.23256317218309996,0.3988331848093003
HEAD,0.8305,0.23270207745330157,0.39890327155026983
HEAD,0.831,0.23284069406942354,0.398973015890178
HEAD,0.8315,0.23297902165902346,0.3990424182591056
HEAD,0.832,0.23311705985086928,0.3991114790901109
HEAD,0.8325,0.23325480827494244,0.39918019881923383
HEAD,0.833,0.23339226656244,0.3992485778854994
HEAD,0.8335,0.2335294343457776,0.39931661673092245
HEAD,0.834,0.2336663112585917,0.39938431580051104
HEAD,0.8345,0.2338028969357424,0.3994516755422711
HEAD,0.835,0.23393919101331584,0.39951869640721
HEAD,0.8355,0.23407519312862718,0.399585378849341
HEAD,0.836,0.23421090292022254,0.39965172332568677
HEAD,0.8365,0.2343463200278821,0.399717730296284
HEAD,0.837,0.2344814440926225,0.39978340022418707
HEAD,0.8375,0.2346162747566995,0.39984873357547235
HEAD,0.838,0.23475081166361034,0.39991373081924186
HEAD,0.8385,0.2348850544580966,0.3999783924276279
HEAD,0.839,0.23501900278614668,0.40004271887579634
HEAD,0.8395,0.23515265629499832,0.4001067106419515
HEAD,0.84,0.23528601463314122,0.40017036820733953
HEAD,0.8405,0.2354190774503197,0.40023369205625264
HEAD,0.841,0.23555184439753513,0.40029668267603336
HEAD,0.8415,0.23568431512704865,0.4003593405570785
HEAD,0.842,0.2358164892923837,0.4004216661928428
HEAD,0.8425,0.23594836654832857,0.4004836600798437
HEAD,0.843,0.23607994655093906,0.40054532271766463
HEAD,0.8435,0.23621122895754101,0.4006066546089596
HEAD,0.844,0.23634221342673284,0.400667656259457
HEAD,0.8445,0.2364728996183883,0.4007283281779637
HEAD,0.845,0.2366032871936588,0.4007886708763691
HEAD,0.8455,0.2367333758149762,0.4008486848696491
HEAD,0.846,0.23686316514605527,0.40090837067587015
HEAD,0.8465,0.23699265485189644,0.40096772881619364
HEAD,0.847,0.2371218445987881,0.4010267598148794
HEAD,0.8475,0.23725073405430955,0.40108546419929
HEAD,0.848,0.2373793228873332,0.4011438424998949
HEAD,0.8485,0.2375076107680274,0.4012018952502743
HEAD,0.849,0.237635597367859,0.40125962298712325
HEAD,0.8495,0.23776328235959585,0.401317026250256
HEAD,0.85,0.23789066541730935,0.40137410558260933
HEAD,0.8505,0.23801774621637728,0.4014308615302473
HEAD,0.851,0.23814452443348605,0.401487294642365
HEAD,0.8515,0.23827099974663352,0.40154340547129247
HEAD,0.852,0.23839717183513143,0.40159919457249904
HEAD,0.8525,0.23852304037960814,0.40165466250459714
HEAD,0.853,0.23864860506201108,0.40170980982934645
HEAD,0.8535,0.2387738655656094,0.4017646371116579
HEAD,0.854,0.23889882157499648,0.4018191449195977
HEAD,0.8545,0.23902347277609268,0.4018733338243917
HEAD,0.855,0.2391478188561476,0.4019272044004286
HEAD,0.8555,0.2392718595037432,0.40198075722526505
HEAD,0.856,0.23939559440879565,0.40203399287962904
HEAD,0.8565,0.23951902326255864,0.402086911947424
HEAD,0.857,0.2396421457576255,0.4021395150157329
HEAD,0.8575,0.23976496158793192,0.4021918026748227
HEAD,0.858,0.23988747044875858,0.4022437755181476
HEAD,0.8585,0.24000967203673362,0.4022954341423537
HEAD,0.859,0.2401315660498353,0.40234677914728273
HEAD,0.8595,0.24025315218739468,0.4023978111359765
HEAD,0.86,0.24037443015009793,0.40244853071468045
HEAD,0.8605,0.24049539963998923,0.4024989384928479
HEAD,0.861,0.24061606036047306,0.40254903508314427
HEAD,0.8615,0.24073641201631701,0.40259882110145073
HEAD,0.862,0.24085645431365418,0.40264829716686856
HEAD,0.8625,0.24097618695998604,0.40269746390172334
HEAD,0.863,0.2410956096641846,0.4027463219315683
HEAD,0.8635,0.24121472213649542,0.40279487188518925
HEAD,0.864,0.2413335240885398,0.40284311439460796
HEAD,0.8645,0.24145201523331777,0.4028910500950866
HEAD,0.865,0.2415701952852103,0.4029386796251314
HEAD,0.8655,0.24168806395998205,0.40298600362649717
HEAD,0.866,0.24180562097478403,0.40303302274419106
HEAD,0.8665,0.24192286604815605,0.4030797376264764
HEAD,0.867,0.24203979890002936,0.4031261489248773
HEAD,0.8675,0.2421564192517292,0.4031722572941822
HEAD,0.868,0.24227272682597736,0.4032180633924481
HEAD,0.8685,0.24238872134689493,0.40326356788100465
HEAD,0.869,0.24250440254000466,0.40330877142445815
HEAD,0.8695,0.24261977013223365,0.4033536746906955
HEAD,0.87,0.24273482385191597,0.4033982783508885
HEAD,0.8705,0.24284956342879524,0.4034425830794975
HEAD,0.871,0.24296398859402693,0.4034865895542758
HEAD,0.8715,0.24307809908018158,0.4035302984562737
HEAD,0.872,0.24319189462124652,0.40357371046984203
HEAD,0.8725,0.24330537495262936,0.403616826282637
HEAD,0.873,0.24341853981115974,0.4036596465856235
HEAD,0.8735,0.24353138893509269,0.40370217207307957
HEAD,0.874,0.24364392206411045,0.40374440344260043
HEAD,0.8745,0.24375613893932568,0.4037863413951023
HEAD,0.875,0.24386803930328368,0.40382798663482666
HEAD,0.8755,0.24397962289996514,0.4038693398693441
HEAD,0.876,0.24409088947478857,0.4039104018095585
HEAD,0.8765,0.2442018387746131,0.4039511731697112
HEAD,0.877,0.2443124705477409,0.4039916546673847
HEAD,0.8775,0.24442278454391975,0.40403184702350703
HEAD,0.878,0.2445327805143457,0.4040717509623555
HEAD,0.8785,0.24464245821166566,0.40411136721156116
HEAD,0.879,0.24475181738997992,0.4041506965021122
HEAD,0.8795,0.2448608578048448,0.4041897395683589
HEAD,0.88,0.2449695792132751,0.40422849714801656
HEAD,0.8805,0.2450779813737469,0.4042669699821707
HEAD,0.881,0.24518606404619997,0.4043051588152802
HEAD,0.8815,0.2452938269920404,0.4043430643951818
HEAD,0.882,0.24540126997414313,0.4043806874730941
HEAD,0.8825,0.24550839275685465,0.4044180288036212
HEAD,0.883,0.24561519510599558,0.4044550891447576
HEAD,0.8835,0.24572167678886306,0.4044918692578914
HEAD,0.884,0.24582783757423357,0.4045283699078086
HEAD,0.8845,0.2459336772323653,0.4045645918626975
HEAD,0.885,0.24603919553500103,0.40460053589415235
HEAD,0.8855,0.24614439225537033,0.40463620277717727
HEAD,0.886,0.24624926716819237,0.40467159329019087
HEAD,0.8865,0.2463538200496786,0.40470670821502974
HEAD,0.887,0.24645805067753507,0.40474154833695286
HEAD,0.8875,0.2465619588309652,0.40477611444464534
HEAD,0.888,0.24666554429067222,0.40481040733022267
HEAD,0.8885,0.24676880683886201,0.40484442778923474
HEAD,0.889,0.24687174625924538,0.4048781766206698
HEAD,0.8895,0.24697436233704073,0.4049116546269586
HEAD,0.89,0.24707665485897692,0.4049448626139784
HEAD,0.8905,0.24717862361329535,0.4049778013910569
HEAD,0.891,0.24728026838975298,0.4050104717709766
HEAD,0.8915,0.2473815889796247,0.4050428745699784
HEAD,0.892,0.24748258517570593,0.4050750106077661
HEAD,0.8925,0.24758325677231524,0.40510688070751
HEAD,0.893,0.247683603565297,0.4051384856958513
HEAD,0.8935,0.24778362535202375,0.40516982640290605
HEAD,0.894,0.247883321931399,0.4052009036622691
HEAD,0.8945,0.24798269310385973,0.4052317183110181
HEAD,0.895,0.248081738671379,0.4052622711897179
HEAD,0.8955,0.24818045843746836,0.40529256314242407
HEAD,0.896,0.2482788522071808,0.4053225950166874
HEAD,0.8965,0.24837691978711285,0.40535236766355753
HEAD,0.897,0.24847466098540769,0.4053818819375876
HEAD,0.8975,0.24857207561175726,0.40541113869683754
HEAD,0.898,0.2486691634774052,0.4054401388028787
HEAD,0.8985,0.2487659243951491,0.4054688831207976
HEAD,0.899,0.24886235817934343,0.4054973725192001
HEAD,0.8995,0.24895846464590185,0.40552560787021535
HEAD,0.9,0.2490542436123,0.4055535900495
HEAD,0.9005,0.24914969489757788,0.40558131993624197
HEAD,0.901,0.24924481832234258,0.4056087984131649
HEAD,0.9015,0.24933961370877078,0.4056360263665316
HEAD,0.902,0.24943408088061145,0.40566300468614874
HEAD,0.9025,0.24952821966318825,0.4056897342653705
HEAD,0.903,0.24962202988340232,0.40571621600110275
HEAD,0.9035,0.2497155113697346,0.40574245079380694
HEAD,0.904,0.24980866395224874,0.4057684395475044
HEAD,0.9045,0.2499014874625934,0.40579418316978016
HEAD,0.905,0.24999398173400503,0.40581968257178713
HEAD,0.9055,0.25008614660131023,0.40584493866825
HEAD,0.906,0.2501779819009286,0.4058699523774696
HEAD,0.9065,0.2502694874708751,0.40589472462132636
HEAD,0.907,0.25036066315076283,0.4059192563252852
HEAD,0.9075,0.2504515087818054,0.4059435484183986
HEAD,0.908,0.2505420242068197,0.4059676018333115
HEAD,0.9085,0.2506322092702283,0.40599141750626466
HEAD,0.909,0.2507220638180623,0.4060149963770994
HEAD,0.9095,0.2508115876979634,0.40603833938926104
HEAD,0.91,0.25090078075918737,0.4060614474898031
HEAD,0.9105,0.2509896428526056,0.40608432162939156
HEAD,0.911,0.2510781738307085,0.40610696276230884
HEAD,0.9115,0.2511663735476075,0.40612937184645753
HEAD,0.912,0.2512542418590381,0.40615154984336477
HEAD,0.9125,0.2513417786223621,0.4061734977181864
HEAD,0.913,0.2514289836965704,0.40619521643971035
HEAD,0.9135,0.2515158569422854,0.4062167069803616
HEAD,0.914,0.25160239822176395,0.4062379703162055
HEAD,0.9145,0.25168860739889937,0.4062590074269521
HEAD,0.915,0.25177448433922445,0.40627981929596024
HEAD,0.9155,0.251860028909914,0.4063004069102414
HEAD,0.916,0.25194524097978727,0.40632077126046406
HEAD,0.9165,0.25203012041931055,0.4063409133409573
HEAD,0.917,0.25211466710059993,0.4063608341497152
HEAD,0.9175,0.2521988808974237,0.40638053468840096
HEAD,0.918,0.2522827616852051,0.4064000159623504
HEAD,0.9185,0.25236630934102455,0.4064192789805767
HEAD,0.919,0.25244952374362284,0.40643832475577396
HEAD,0.9195,0.25253240477340305,0.4064571543043214
HEAD,0.92,0.25261495231243364,0.4064757686462873
HEAD,0.9205,0.2526971662444507,0.40649416880543343
HEAD,0.921,0.2527790464548609,0.4065123558092185
HEAD,0.9215,0.25286059283074336,0.4065303306888026
HEAD,0.922,0.25294180526085325,0.4065480944790514
HEAD,0.9225,0.25302268363562347,0.4065656482185395
HEAD,0.923,0.25310322784716777,0.4065829929495553
HEAD,0.9235,0.25318343778928315,0.40660012971810444
HEAD,0.924,0.25326331335745234,0.40661705957391436
HEAD,0.9245,0.2533428544488465,0.4066337835704378
HEAD,0.925,0.253422060962328,0.4066503027648569
HEAD,0.9255,0.2535009327984526,0.406666618218088
HEAD,0.926,0.2535794698594723,0.4066827309947848
HEAD,0.9265,0.25365767204933776,0.4066986421633428
HEAD,0.927,0.2537355392737011,0.4067143527959031
HEAD,0.9275,0.2538130714399184,0.4067298639683569
HEAD,0.928,0.253890268457052,0.40674517676034916
HEAD,0.9285,0.2539671302358736,0.40676029225528265
HEAD,0.929,0.25404365668886636,0.40677521154032226
HEAD,0.9295,0.25411984773022783,0.40678993570639876
HEAD,0.93,0.2541957032758723,0.406804465848213
HEAD,0.9305,0.25427122324343354,0.4068188030642399
HEAD,0.931,0.2543464075522673,0.4068329484567327
HEAD,0.9315,0.2544212561234538,0.40684690313172645
HEAD,0.932,0.2544957688798005,0.40686066819904276
HEAD,0.9325,0.25456994574584485,0.40687424477229317
HEAD,0.933,0.25464378664785614,0.40688763396888405
HEAD,0.9335,0.254717291513839,0.40690083691001966
HEAD,0.934,0.2547904602735352,0.4069138547207066
HEAD,0.9345,0.2548632928584269,0.4069266885297584
HEAD,0.935,0.2549357892017387,0.4069393394697986
HEAD,0.9355,0.2550079492384406,0.40695180867726566
HEAD,0.936,0.25507977290525025,0.4069640972924162
HEAD,0.9365,0.2551512601406358,0.40697620645932986
HEAD,0.937,0.25522241088481845,0.40698813732591266
HEAD,0.9375,0.2552932250797748,0.40699989104390144
HEAD,0.938,0.25536370266923986,0.4070114687688678
HEAD,0.9385,0.255433843598709,0.40702287166022205
HEAD,0.939,0.2555036478154413,0.4070341008812176
HEAD,0.9395,0.2555731152684615,0.4070451575989544
HEAD,0.94,0.2556422459085628,0.40705604298438347
HEAD,0.9405,0.2557110396883097,0.4070667582123109
HEAD,0.941,0.25577949656204013,0.4070773044614018
HEAD,0.9415,0.25584761648586835,0.40708768291418396
HEAD,0.942,0.2559153994176873,0.4070978947570528
HEAD,0.9425,0.2559828453171715,0.40710794118027477
HEAD,0.943,0.25604995414577936,0.4071178233779912
HEAD,0.9435,0.2561167258667558,0.4071275425482229
HEAD,0.944,0.25618316044513506,0.40713709989287405
HEAD,0.9445,0.2562492578477429,0.407146496617736
HEAD,0.945,0.2563150180431994,0.40715573393249144
HEAD,0.9455,0.2563804410019217,0.40716481305071867
HEAD,0.946,0.25644552669612625,0.40717373518989525
HEAD,0.9465,0.2565102750998317,0.40718250157140234
HEAD,0.947,0.25657468618886115,0.40719111342052866
HEAD,0.9475,0.2566387599408451,0.4071995719664745
HEAD,0.948,0.25670249633522385,0.4072078784423559
HEAD,0.9485,0.25676589535324984,0.40721603408520823
HEAD,0.949,0.25682895697799074,0.407224040135991
HEAD,0.9495,0.25689168119433176,0.40723189783959135
HEAD,0.95,0.2569540679889781,0.4072396084448281
HEAD,0.9505,0.25701611735045776,0.4072471732044561
HEAD,0.951,0.25707782926912404,0.40725459337517
HEAD,0.9515,0.25713920373715804,0.40726187021760846
HEAD,0.952,0.2572002407485714,0.4072690049963581
HEAD,0.9525,0.2572609402992089,0.4072759989799576
HEAD,0.953,0.25732130238675077,0.40728285344090176
HEAD,0.9535,0.25738132701071553,0.40728956965564533
HEAD,0.954,0.25744101417246246,0.4072961489046074
HEAD,0.9545,0.2575003638751943,0.40730259247217526
HEAD,0.955,0.25755937612395974,0.40730890164670847
HEAD,0.9555,0.2576180509256558,0.4073150777205427
HEAD,0.956,0.25767638828903094,0.40732112198999426
HEAD,0.9565,0.2577343882246872,0.4073270357553635
HEAD,0.957,0.25779205074508277,0.4073328203209397
HEAD,0.9575,0.2578493758645349,0.40733847699500403
HEAD,0.958,0.2579063635992222,0.4073440070898347
HEAD,0.9585,0.2579630139671874,0.40734941192171015
HEAD,0.959,0.2580193269883397,0.40735469281091363
HEAD,0.9595,0.25807530268445766,0.4073598510817369
HEAD,0.96,0.25813094107919154,0.40736488806248444
HEAD,0.9605,0.258186242198066,0.4073698050854777
HEAD,0.961,0.25824120606848255,0.4073746034870585
HEAD,0.9615,0.2582958327197225,0.407379284607594
HEAD,0.962,0.25835012218294895,0.40738384979147974
HEAD,0.9625,0.25840407449120983,0.4073883003871446
HEAD,0.963,0.25845768967944044,0.40739263774705403
HEAD,0.9635,0.2585109677844658,0.40739686322771484
HEAD,0.964,0.25856390884500347,0.40740097818967885
HEAD,0.9645,0.25861651290166604,0.40740498399754677
HEAD,0.965,0.2586687799969636,0.4074088820199725
HEAD,0.9655,0.25872071017530657,0.4074126736296673
HEAD,0.966,0.25877230348300806,0.40741636020340355
HEAD,0.9665,0.2588235599682866,0.4074199431220189
HEAD,0.967,0.25887447968126853,0.40742342377042035
HEAD,0.9675,0.2589250626739909,0.40742680353758814
HEAD,0.968,0.2589753090004037,0.4074300838165802
HEAD,0.9685,0.2590252187163728,0.4074332660045356
HEAD,0.969,0.2590747918796821,0.4074363515026792
HEAD,0.9695,0.25912402855003647,0.40743934171632507
HEAD,0.97,0.25917292878906434,0.4074422380548812
HEAD,0.9705,0.2592214926603199,0.40744504193185294
HEAD,0.971,0.2592697202292862,0.4074477547648476
HEAD,0.9715,0.2593176115633773,0.40745037797557787
HEAD,0.972,0.25936516673194104,0.4074529129898665
HEAD,0.9725,0.2594123858062617,0.4074553612376498
HEAD,0.973,0.25945926885956244,0.4074577241529822
HEAD,0.9735,0.2595058159670079,0.4074600031740397
HEAD,0.974,0.25955202720570686,0.4074621997431246
HEAD,0.9745,0.2595979026547148,0.4074643153066689
HEAD,0.975,0.2596434423950364,0.40746635131523873
HEAD,0.9755,0.25968864650962825,0.4074683092235384
HEAD,0.976,0.2597335150834013,0.40747019049041416
HEAD,0.9765,0.2597780482032235,0.40747199657885846
HEAD,0.977,0.2598222459579225,0.4074737289560141
HEAD,0.9775,0.25986610843828806,0.40747538909317793
HEAD,0.978,0.2599096357370746,0.40747697846580516
HEAD,0.9785,0.25995282794900404,0.40747849855351354
HEAD,0.979,0.2599956851707682,0.40747995084008687
HEAD,0.9795,0.26003820750103135,0.40748133681347964
HEAD,0.98,0.26008039504043273,0.4074826579658206
HEAD,0.9805,0.2601222478915895,0.40748391579341725
HEAD,0.981,0.26016376615909886,0.4074851117967594
HEAD,0.9815,0.260204949949541,0.40748624748052364
HEAD,0.982,0.2602457993714815,0.40748732435357726
HEAD,0.9825,0.2602863145354738,0.4074883439289819
HEAD,0.983,0.26032649555406207,0.4074893077239985
HEAD,0.9835,0.26036634254178354,0.40749021726009016
HEAD,0.984,0.2604058556151713,0.40749107406292734
HEAD,0.9845,0.2604450348927568,0.407491879662391
HEAD,0.985,0.2604838804950721,0.40749263559257715
HEAD,0.9855,0.26052239254465315,0.4074933433918009
HEAD,0.986,0.26056057116604175,0.4074940046026
HEAD,0.9865,0.2605984164857884,0.40749462077173965
HEAD,0.987,0.2606359286324549,0.4074951934502159
HEAD,0.9875,0.2606731077366167,0.40749572419325997
HEAD,0.988,0.26070995393086593,0.40749621456034235
HEAD,0.9885,0.2607464673498135,0.4074966661151767
HEAD,0.989,0.260782648130092,0.40749708042572386
HEAD,0.9895,0.2608184964103581,0.40749745906419615
HEAD,0.99,0.26085401233129524,0.4074978036070611
HEAD,0.9905,0.2608891960356162,0.40749811563504573
HEAD,0.991,0.2609240476680657,0.4074983967331405
HEAD,0.9915,0.2609585673754228,0.40749864849060324
HEAD,0.992,0.26099275530650373,0.40749887250096356
HEAD,0.9925,0.26102661161216445,0.40749907036202637
HEAD,0.993,0.26106013644530296,0.4074992436758764
HEAD,0.9935,0.26109332996086226,0.407499394048882
HEAD,0.994,0.26112619231583273,0.4074995230916992
HEAD,0.9945,0.2611587236692545,0.4074996324192758
HEAD,0.995,0.26119092418222056,0.40749972365085524
HEAD,0.9955,0.26122279401787896,0.40749979840998124
HEAD,0.996,0.2612543333414353,0.407499858324501
HEAD,0.9965,0.2612855423201558,0.4074999050265697
HEAD,0.997,0.2613164211233692,0.40749994015265467
HEAD,0.9975,0.2613469699224701,0.4074999653435392
HEAD,0.998,0.26137718889092093,0.4074999822443266
HEAD,0.9985,0.26140707820425485,0.40749999250444424
HEAD,0.999,0.2614366380400781,0.40749999777764784
HEAD,0.9995,0.26146586857807297,0.407499999722025
HEAD,1.0,0.26149477,0.4075
BODY,0.0,0.26149477,0.4075
BODY,1.0,2.3,0.4075
TAIL,0.0,2.3,0.4075
TAIL,1.0,2.3,0.0
