Abaqus/Explicit 2025                             DATE 29-Sep-2026  TIME 01:29:25
-------------------------------------------------------------------------------
 PREPROCESSOR WARNING MESSAGES
-------------------------------------------------------------------------------


***WARNING: There are 9 warning messages in the data (.dat) file.  Please
            check the data file for possible errors in the input file.


-------------------------------------------------------------------------------
 NUMERICAL PRECISION USED FOR THIS Abaqus/Explicit ANALYSIS
-------------------------------------------------------------------------------

Double precision package and explicit executables will be used in this analysis.

-------------------------------------------------------------------------------

***WARNING: Surface (general) contact history output has been requested for
            surface ASSEMBLY_ROBOT_SOLID-1_ROBOT_SOLID_SURF in step 1, but
            only a portion of this surface intersects with the general contact
            domain.


***WARNING: A surface (general) contact field output has been requested for
            surface ASSEMBLY_ROBOT_SOLID-1_ROBOT_SOLID_SURF in step 1, but
            only a portion of this surface intersects with the general contact
            domain.

-------------------------------------------------------------------------------
 MODEL INFORMATION (IN GLOBAL X-Y COORDINATES)
-------------------------------------------------------------------------------

   Total mass in model = 1.27051E-07
   Center of mass of model = (-7.977544E+00,-6.524779E+00,-7.701794E+00)

    Moments of Inertia :
                 About Center of Mass              About Origin
      I(XX)          2.608465E-06                  1.555375E-05
      I(YY)          6.099104E-06                  2.172116E-05
      I(ZZ)          7.524583E-06                  2.101918E-05
      I(XY)         -2.142123E-06                 -8.755350E-06
      I(YZ)          9.643200E-07                 -5.420315E-06
      I(ZX)          4.969718E-07                 -7.309225E-06

-------------------------------------------------------------------------------
 STABLE TIME INCREMENT INFORMATION
-------------------------------------------------------------------------------


  The stable time increment estimate for each element is based on
  linearization about the initial state.


   Initial time increment = 4.90233E-07

   Statistics over 11517 deformable elements:
      Mean = 9.12172E-07
      Standard deviation = 2.99869E-06

   Most critical elements:
    Element number   Rank    Time increment   Increment ratio
    (Instance name)
   ----------------------------------------------------------
       15442          1       4.902334E-07      1.000000E+00
    FLUID_EULERIAN-1
        4873          2       4.902334E-07      1.000000E+00
    FLUID_EULERIAN-1
        2159          3       4.902334E-07      1.000000E+00
    FLUID_EULERIAN-1
        3168          4       4.902334E-07      1.000000E+00
    FLUID_EULERIAN-1
       14433          5       4.902334E-07      1.000000E+00
    FLUID_EULERIAN-1
        4874          6       4.902334E-07      1.000000E+00
    FLUID_EULERIAN-1
        8274          7       4.902334E-07      1.000000E+00
    FLUID_EULERIAN-1
        9327          8       4.902334E-07      1.000000E+00
    FLUID_EULERIAN-1
       15443          9       4.902334E-07      1.000000E+00
    FLUID_EULERIAN-1
       11027         10       4.902334E-07      1.000000E+00
    FLUID_EULERIAN-1


  Instance name for the most critical element will be printed if the critical
  element changes or at the beginning of a new page.


-------------------------------------------------------------------------------

  INFORMATION REGARDING INITIAL CONTACT OVERCLOSURES FOR NEWLY DEFINED GENERAL
  CONTACT INTERACTIONS IN STEP 1

-------------------------------------------------------------------------------

  No initial node-face or edge-edge overclosures found.


  No nodal position adjustments have been made.


  No node-face overclosures left unresolved.


  No edge-edge overclosures left unresolved.


  Initial CEL contact overclosures were found and will be stored as offsets.
  To help identify the (Lagrangian) contact faces involved in the overclosures
  element set InfoElemInitPenetCEL has been created.


***NOTE: You can view the deformed configuration due to the resolution of
         initial overclosures.  In increment 0, draw the deformed shape or
         draw a symbol plot of vector displacements.

------------------------------------------------------------------------------

Abaqus/Explicit 2025                             DATE 29-Sep-2026  TIME 01:29:28
The entire model is considered 1 domain.
Only 1 MPI rank is used.

-------------------------------------------------------------------------------
 SOLUTION PROGRESS
-------------------------------------------------------------------------------

 STEP 1  ORIGIN 0.0000

  Total memory used for step 1 is approximately 314.0 megabytes.
  Element by element stable time estimation algorithm will be used.
  Scaling factor:  0.40000
              STEP     TOTAL      WALL        STABLE    CRITICAL    KINETIC      TOTAL
INCREMENT     TIME      TIME      TIME     INCREMENT     ELEMENT     ENERGY     ENERGY
        0  0.000E+00 0.000E+00  00:00:00 1.86968E-07       15442  0.000E+00  0.000E+00
INSTANCE WITH CRITICAL ELEMENT: FLUID_EULERIAN-1
Output Field Frame Number     0, with time interval 2.500E-05, at step time 0.000E+00 of 2.000E-02
      134  2.505E-05 2.505E-05  00:00:06 1.86938E-07       12678  5.344E-15  6.626E-19
INSTANCE WITH CRITICAL ELEMENT: FLUID_EULERIAN-1
Output Field Frame Number     1, with time interval 2.500E-05, at step time 2.505E-05 of 2.000E-02
      268  5.010E-05 5.010E-05  00:00:13 1.86938E-07       12678  3.321E-13  1.035E-17
INSTANCE WITH CRITICAL ELEMENT: FLUID_EULERIAN-1
Output Field Frame Number     2, with time interval 2.500E-05, at step time 5.010E-05 of 2.000E-02
      402  7.515E-05 7.515E-05  00:00:20 1.86938E-07       12678  3.738E-12  5.240E-17
INSTANCE WITH CRITICAL ELEMENT: FLUID_EULERIAN-1
Output Field Frame Number     3, with time interval 2.500E-05, at step time 7.515E-05 of 2.000E-02
      535  1.000E-04 1.000E-04  00:00:26 1.86938E-07       12678  2.076E-11  1.665E-16
INSTANCE WITH CRITICAL ELEMENT: FLUID_EULERIAN-1
Output Field Frame Number     4, with time interval 2.500E-05, at step time 1.000E-04 of 2.000E-02
      669  1.251E-04 1.251E-04  00:00:33 1.86936E-07       12678  8.002E-11  4.182E-16
INSTANCE WITH CRITICAL ELEMENT: FLUID_EULERIAN-1
Output Field Frame Number     5, with time interval 2.500E-05, at step time 1.251E-04 of 2.000E-02
      803  1.501E-04 1.501E-04  00:00:39 1.86934E-07       12678  2.429E-10  9.001E-16
INSTANCE WITH CRITICAL ELEMENT: FLUID_EULERIAN-1
Output Field Frame Number     6, with time interval 2.500E-05, at step time 1.501E-04 of 2.000E-02
      937  1.752E-04 1.752E-04  00:00:46 1.86930E-07       12678  6.262E-10  1.732E-15
INSTANCE WITH CRITICAL ELEMENT: FLUID_EULERIAN-1
Output Field Frame Number     7, with time interval 2.500E-05, at step time 1.752E-04 of 2.000E-02
     1070  2.000E-04 2.000E-04  00:00:52 1.86924E-07       12678  1.423E-09  3.070E-15
INSTANCE WITH CRITICAL ELEMENT: FLUID_EULERIAN-1
Output Field Frame Number     8, with time interval 2.500E-05, at step time 2.000E-04 of 2.000E-02
     1204  2.251E-04 2.251E-04  00:00:59 1.86915E-07       12678  2.970E-09  5.140E-15
INSTANCE WITH CRITICAL ELEMENT: FLUID_EULERIAN-1
Output Field Frame Number     9, with time interval 2.500E-05, at step time 2.251E-04 of 2.000E-02
     1338  2.501E-04 2.501E-04  00:01:05 1.86902E-07       12678  5.764E-09  8.219E-15
INSTANCE WITH CRITICAL ELEMENT: FLUID_EULERIAN-1
Output Field Frame Number    10, with time interval 2.500E-05, at step time 2.501E-04 of 2.000E-02
     1472  2.752E-04 2.752E-04  00:01:12 1.86884E-07       12678  1.055E-08  1.263E-14
INSTANCE WITH CRITICAL ELEMENT: FLUID_EULERIAN-1
Output Field Frame Number    11, with time interval 2.500E-05, at step time 2.752E-04 of 2.000E-02
     1605  3.000E-04 3.000E-04  00:01:18 1.86860E-07       12678  1.830E-08  1.865E-14
INSTANCE WITH CRITICAL ELEMENT: FLUID_EULERIAN-1
Output Field Frame Number    12, with time interval 2.500E-05, at step time 3.000E-04 of 2.000E-02
     1739  3.250E-04 3.250E-04  00:01:25 1.86643E-07       10918  3.059E-08 -6.729E-14
INSTANCE WITH CRITICAL ELEMENT: FLUID_EULERIAN-1
Output Field Frame Number    13, with time interval 2.500E-05, at step time 3.250E-04 of 2.000E-02
     1873  3.500E-04 3.500E-04  00:01:31 1.86626E-07       11711  4.932E-08 -3.674E-13
INSTANCE WITH CRITICAL ELEMENT: FLUID_EULERIAN-1
Output Field Frame Number    14, with time interval 2.500E-05, at step time 3.500E-04 of 2.000E-02
     2007  3.751E-04 3.751E-04  00:01:38 1.86426E-07       10918  7.705E-08 -2.824E-12
INSTANCE WITH CRITICAL ELEMENT: FLUID_EULERIAN-1
Output Field Frame Number    15, with time interval 2.500E-05, at step time 3.751E-04 of 2.000E-02
     2141  4.000E-04 4.000E-04  00:01:44 1.86360E-07        3922  1.171E-07 -1.210E-11
INSTANCE WITH CRITICAL ELEMENT: FLUID_EULERIAN-1
Output Field Frame Number    16, with time interval 2.500E-05, at step time 4.000E-04 of 2.000E-02
     2275  4.250E-04 4.250E-04  00:01:51 1.86360E-07        5691  1.735E-07 -2.910E-11
INSTANCE WITH CRITICAL ELEMENT: FLUID_EULERIAN-1
Output Field Frame Number    17, with time interval 2.500E-05, at step time 4.250E-04 of 2.000E-02
     2410  4.502E-04 4.502E-04  00:01:57 1.86228E-07       13699  2.523E-07 -6.239E-11
INSTANCE WITH CRITICAL ELEMENT: FLUID_EULERIAN-1
Output Field Frame Number    18, with time interval 2.500E-05, at step time 4.502E-04 of 2.000E-02
     2544  4.751E-04 4.751E-04  00:02:04 1.86248E-07       10311  3.586E-07 -1.299E-10
INSTANCE WITH CRITICAL ELEMENT: FLUID_EULERIAN-1
Output Field Frame Number    19, with time interval 2.500E-05, at step time 4.751E-04 of 2.000E-02
     2678  5.000E-04 5.000E-04  00:02:10 1.86107E-07        8850  5.008E-07 -2.469E-10
INSTANCE WITH CRITICAL ELEMENT: FLUID_EULERIAN-1
Output Field Frame Number    20, with time interval 2.500E-05, at step time 5.000E-04 of 2.000E-02
     2813  5.252E-04 5.252E-04  00:02:16 1.86123E-07       13700  6.905E-07 -5.083E-10
INSTANCE WITH CRITICAL ELEMENT: FLUID_EULERIAN-1
Output Field Frame Number    21, with time interval 2.500E-05, at step time 5.252E-04 of 2.000E-02
     2947  5.501E-04 5.501E-04  00:02:23 1.86139E-07        6307  9.369E-07 -1.006E-09
INSTANCE WITH CRITICAL ELEMENT: FLUID_EULERIAN-1
Output Field Frame Number    22, with time interval 2.500E-05, at step time 5.501E-04 of 2.000E-02
     3081  5.750E-04 5.750E-04  00:02:29 1.86030E-07       10434  1.253E-06 -1.958E-09
INSTANCE WITH CRITICAL ELEMENT: FLUID_EULERIAN-1
Output Field Frame Number    23, with time interval 2.500E-05, at step time 5.750E-04 of 2.000E-02
     3216  6.002E-04 6.002E-04  00:02:36 1.86158E-07        3880  1.658E-06 -3.847E-09
INSTANCE WITH CRITICAL ELEMENT: FLUID_EULERIAN-1
Output Field Frame Number    24, with time interval 2.500E-05, at step time 6.002E-04 of 2.000E-02
     3350  6.251E-04 6.251E-04  00:02:42 1.86125E-07       11491  2.167E-06 -7.239E-09
INSTANCE WITH CRITICAL ELEMENT: FLUID_EULERIAN-1
Output Field Frame Number    25, with time interval 2.500E-05, at step time 6.251E-04 of 2.000E-02
     3484  6.501E-04 6.501E-04  00:02:49 1.86193E-07        2118  2.817E-06 -1.412E-08
INSTANCE WITH CRITICAL ELEMENT: FLUID_EULERIAN-1
Output Field Frame Number    26, with time interval 2.500E-05, at step time 6.501E-04 of 2.000E-02
     3619  6.752E-04 6.752E-04  00:02:55 1.86090E-07       14536  3.656E-06 -2.810E-08
INSTANCE WITH CRITICAL ELEMENT: FLUID_EULERIAN-1
Output Field Frame Number    27, with time interval 2.500E-05, at step time 6.752E-04 of 2.000E-02
     3753  7.001E-04 7.001E-04  00:03:02 1.86168E-07       11490  4.727E-06 -5.688E-08
INSTANCE WITH CRITICAL ELEMENT: FLUID_EULERIAN-1
Output Field Frame Number    28, with time interval 2.500E-05, at step time 7.001E-04 of 2.000E-02
     3887  7.251E-04 7.251E-04  00:03:08 1.86069E-07        3840  6.115E-06 -1.139E-07
INSTANCE WITH CRITICAL ELEMENT: FLUID_EULERIAN-1
Output Field Frame Number    29, with time interval 2.500E-05, at step time 7.251E-04 of 2.000E-02
     4022  7.502E-04 7.502E-04  00:03:15 1.86100E-07       12245  7.757E-06 -2.186E-07
INSTANCE WITH CRITICAL ELEMENT: FLUID_EULERIAN-1
Output Field Frame Number    30, with time interval 2.500E-05, at step time 7.502E-04 of 2.000E-02
     4156  7.751E-04 7.751E-04  00:03:21 1.85940E-07        5021  9.798E-06 -4.035E-07
INSTANCE WITH CRITICAL ELEMENT: FLUID_EULERIAN-1
Output Field Frame Number    31, with time interval 2.500E-05, at step time 7.751E-04 of 2.000E-02
     4290  8.001E-04 8.001E-04  00:03:28 1.86197E-07        1413  1.230E-05 -7.293E-07
INSTANCE WITH CRITICAL ELEMENT: FLUID_EULERIAN-1
Output Field Frame Number    32, with time interval 2.500E-05, at step time 8.001E-04 of 2.000E-02
     4424  8.250E-04 8.250E-04  00:03:34 1.85967E-07        4588  1.536E-05 -1.242E-06
INSTANCE WITH CRITICAL ELEMENT: FLUID_EULERIAN-1
Output Field Frame Number    33, with time interval 2.500E-05, at step time 8.250E-04 of 2.000E-02
     4559  8.501E-04 8.501E-04  00:03:41 1.86102E-07        6087  1.975E-05 -2.018E-06
INSTANCE WITH CRITICAL ELEMENT: FLUID_EULERIAN-1
Output Field Frame Number    34, with time interval 2.500E-05, at step time 8.501E-04 of 2.000E-02
     4693  8.751E-04 8.751E-04  00:03:48 1.86162E-07        5512  2.519E-05 -3.282E-06
INSTANCE WITH CRITICAL ELEMENT: FLUID_EULERIAN-1
Output Field Frame Number    35, with time interval 2.500E-05, at step time 8.751E-04 of 2.000E-02
     4827  9.000E-04 9.000E-04  00:03:54 1.86063E-07        5552  3.155E-05 -5.423E-06
INSTANCE WITH CRITICAL ELEMENT: FLUID_EULERIAN-1
Output Field Frame Number    36, with time interval 2.500E-05, at step time 9.000E-04 of 2.000E-02
     4962  9.251E-04 9.251E-04  00:04:01 1.86038E-07        3880  3.913E-05 -8.806E-06
INSTANCE WITH CRITICAL ELEMENT: FLUID_EULERIAN-1
Output Field Frame Number    37, with time interval 2.500E-05, at step time 9.251E-04 of 2.000E-02
     5096  9.501E-04 9.501E-04  00:04:07 1.86061E-07        4588  4.749E-05 -1.372E-05
INSTANCE WITH CRITICAL ELEMENT: FLUID_EULERIAN-1
Output Field Frame Number    38, with time interval 2.500E-05, at step time 9.501E-04 of 2.000E-02
     5230  9.750E-04 9.750E-04  00:04:14 1.86142E-07        5021  5.607E-05 -2.034E-05
INSTANCE WITH CRITICAL ELEMENT: FLUID_EULERIAN-1
Output Field Frame Number    39, with time interval 2.500E-05, at step time 9.750E-04 of 2.000E-02

 STEP 1  ORIGIN 0.0000

              STEP     TOTAL      WALL        STABLE    CRITICAL    KINETIC      TOTAL
INCREMENT     TIME      TIME      TIME     INCREMENT     ELEMENT     ENERGY     ENERGY
     5365  1.000E-03 1.000E-03  00:04:21 1.86015E-07        3002  6.518E-05 -2.886E-05
INSTANCE WITH CRITICAL ELEMENT: FLUID_EULERIAN-1
Output Field Frame Number    40, with time interval 2.500E-05, at step time 1.000E-03 of 2.000E-02
     5499  1.025E-03 1.025E-03  00:04:27 1.86081E-07        2957  7.471E-05 -3.874E-05
INSTANCE WITH CRITICAL ELEMENT: FLUID_EULERIAN-1
Output Field Frame Number    41, with time interval 2.500E-05, at step time 1.025E-03 of 2.000E-02
     5634  1.050E-03 1.050E-03  00:04:34 1.85667E-07        5866  8.483E-05 -5.033E-05
INSTANCE WITH CRITICAL ELEMENT: FLUID_EULERIAN-1
Output Field Frame Number    42, with time interval 2.500E-05, at step time 1.050E-03 of 2.000E-02
     5768  1.075E-03 1.075E-03  00:04:41 1.86006E-07        5866  9.555E-05 -6.377E-05
INSTANCE WITH CRITICAL ELEMENT: FLUID_EULERIAN-1
Output Field Frame Number    43, with time interval 2.500E-05, at step time 1.075E-03 of 2.000E-02
     5903  1.100E-03 1.100E-03  00:04:48 1.85539E-07        5866  1.079E-04 -7.960E-05
INSTANCE WITH CRITICAL ELEMENT: FLUID_EULERIAN-1
Output Field Frame Number    44, with time interval 2.500E-05, at step time 1.100E-03 of 2.000E-02
     6038  1.125E-03 1.125E-03  00:04:55 1.84295E-07        9907  1.212E-04 -9.844E-05
INSTANCE WITH CRITICAL ELEMENT: FLUID_EULERIAN-1
Output Field Frame Number    45, with time interval 2.500E-05, at step time 1.125E-03 of 2.000E-02
     6173  1.150E-03 1.150E-03  00:05:02 1.84629E-07        5866  1.354E-04 -1.202E-04
INSTANCE WITH CRITICAL ELEMENT: FLUID_EULERIAN-1
Output Field Frame Number    46, with time interval 2.500E-05, at step time 1.150E-03 of 2.000E-02
     6309  1.175E-03 1.175E-03  00:05:09 1.84254E-07        5866  1.492E-04 -1.447E-04
INSTANCE WITH CRITICAL ELEMENT: FLUID_EULERIAN-1
Output Field Frame Number    47, with time interval 2.500E-05, at step time 1.175E-03 of 2.000E-02
     6445  1.200E-03 1.200E-03  00:05:16 1.83641E-07        5866  1.628E-04 -1.717E-04
INSTANCE WITH CRITICAL ELEMENT: FLUID_EULERIAN-1
Output Field Frame Number    48, with time interval 2.500E-05, at step time 1.200E-03 of 2.000E-02
     6581  1.225E-03 1.225E-03  00:05:23 1.84342E-07        5866  1.765E-04 -2.019E-04
INSTANCE WITH CRITICAL ELEMENT: FLUID_EULERIAN-1
Output Field Frame Number    49, with time interval 2.500E-05, at step time 1.225E-03 of 2.000E-02
     6716  1.250E-03 1.250E-03  00:05:29 1.85167E-07        5866  1.911E-04 -2.349E-04
INSTANCE WITH CRITICAL ELEMENT: FLUID_EULERIAN-1
Output Field Frame Number    50, with time interval 2.500E-05, at step time 1.250E-03 of 2.000E-02
     6852  1.275E-03 1.275E-03  00:05:37 1.84033E-07        5866  2.128E-04 -2.710E-04
INSTANCE WITH CRITICAL ELEMENT: FLUID_EULERIAN-1
Output Field Frame Number    51, with time interval 2.500E-05, at step time 1.275E-03 of 2.000E-02
     6987  1.300E-03 1.300E-03  00:05:44 1.84052E-07        5866  2.485E-04 -3.126E-04
INSTANCE WITH CRITICAL ELEMENT: FLUID_EULERIAN-1
Output Field Frame Number    52, with time interval 2.500E-05, at step time 1.300E-03 of 2.000E-02
     7123  1.325E-03 1.325E-03  00:05:51 1.84799E-07        5866  2.946E-04 -3.661E-04
INSTANCE WITH CRITICAL ELEMENT: FLUID_EULERIAN-1
Output Field Frame Number    53, with time interval 2.500E-05, at step time 1.325E-03 of 2.000E-02
     7258  1.350E-03 1.350E-03  00:05:58 1.85476E-07        5866  3.555E-04 -4.384E-04
INSTANCE WITH CRITICAL ELEMENT: FLUID_EULERIAN-1
Output Field Frame Number    54, with time interval 2.500E-05, at step time 1.350E-03 of 2.000E-02
     7393  1.375E-03 1.375E-03  00:06:05 1.84207E-07        7267  4.145E-04 -5.333E-04
INSTANCE WITH CRITICAL ELEMENT: FLUID_EULERIAN-1
Output Field Frame Number    55, with time interval 2.500E-05, at step time 1.375E-03 of 2.000E-02
     7530  1.400E-03 1.400E-03  00:06:13 1.83119E-07        5866  4.784E-04 -6.560E-04
INSTANCE WITH CRITICAL ELEMENT: FLUID_EULERIAN-1
Output Field Frame Number    56, with time interval 2.500E-05, at step time 1.400E-03 of 2.000E-02
     7666  1.425E-03 1.425E-03  00:06:20 1.81297E-07       10831  5.523E-04 -8.206E-04
INSTANCE WITH CRITICAL ELEMENT: FLUID_EULERIAN-1
Output Field Frame Number    57, with time interval 2.500E-05, at step time 1.425E-03 of 2.000E-02
     7804  1.450E-03 1.450E-03  00:06:27 1.78007E-07       10831  5.976E-04 -1.022E-03
INSTANCE WITH CRITICAL ELEMENT: FLUID_EULERIAN-1
Output Field Frame Number    58, with time interval 2.500E-05, at step time 1.450E-03 of 2.000E-02
     7944  1.475E-03 1.475E-03  00:06:35 1.80550E-07        9953  6.235E-04 -1.228E-03
INSTANCE WITH CRITICAL ELEMENT: FLUID_EULERIAN-1
Output Field Frame Number    59, with time interval 2.500E-05, at step time 1.475E-03 of 2.000E-02
     8083  1.500E-03 1.500E-03  00:06:42 1.82758E-07        9953  6.559E-04 -1.442E-03
INSTANCE WITH CRITICAL ELEMENT: FLUID_EULERIAN-1
Output Field Frame Number    60, with time interval 2.500E-05, at step time 1.500E-03 of 2.000E-02
     8222  1.525E-03 1.525E-03  00:06:50 1.74848E-07       10787  6.943E-04 -1.655E-03
INSTANCE WITH CRITICAL ELEMENT: FLUID_EULERIAN-1
Output Field Frame Number    61, with time interval 2.500E-05, at step time 1.525E-03 of 2.000E-02
     8366  1.550E-03 1.550E-03  00:06:57 1.74153E-07       10787  7.366E-04 -1.875E-03
INSTANCE WITH CRITICAL ELEMENT: FLUID_EULERIAN-1
Output Field Frame Number    62, with time interval 2.500E-05, at step time 1.550E-03 of 2.000E-02
     8509  1.575E-03 1.575E-03  00:07:05 1.80455E-07       10787  7.695E-04 -2.102E-03
INSTANCE WITH CRITICAL ELEMENT: FLUID_EULERIAN-1
Output Field Frame Number    63, with time interval 2.500E-05, at step time 1.575E-03 of 2.000E-02
     8649  1.600E-03 1.600E-03  00:07:12 1.74352E-07       12679  8.077E-04 -2.333E-03
INSTANCE WITH CRITICAL ELEMENT: FLUID_EULERIAN-1
Output Field Frame Number    64, with time interval 2.500E-05, at step time 1.600E-03 of 2.000E-02
     8793  1.625E-03 1.625E-03  00:07:20 1.76953E-07       12679  8.589E-04 -2.582E-03
INSTANCE WITH CRITICAL ELEMENT: FLUID_EULERIAN-1
Output Field Frame Number    65, with time interval 2.500E-05, at step time 1.625E-03 of 2.000E-02
     8933  1.650E-03 1.650E-03  00:07:28 1.77382E-07       12679  8.940E-04 -2.847E-03
INSTANCE WITH CRITICAL ELEMENT: FLUID_EULERIAN-1
Output Field Frame Number    66, with time interval 2.500E-05, at step time 1.650E-03 of 2.000E-02
     9073  1.675E-03 1.675E-03  00:07:35 1.79755E-07        6743  9.362E-04 -3.128E-03
INSTANCE WITH CRITICAL ELEMENT: FLUID_EULERIAN-1
Output Field Frame Number    67, with time interval 2.500E-05, at step time 1.675E-03 of 2.000E-02
     9213  1.700E-03 1.700E-03  00:07:43 1.77462E-07        6743  1.004E-03 -3.433E-03
INSTANCE WITH CRITICAL ELEMENT: FLUID_EULERIAN-1
Output Field Frame Number    68, with time interval 2.500E-05, at step time 1.700E-03 of 2.000E-02
     9355  1.725E-03 1.725E-03  00:07:50 1.78251E-07        6743  1.080E-03 -3.781E-03
INSTANCE WITH CRITICAL ELEMENT: FLUID_EULERIAN-1
Output Field Frame Number    69, with time interval 2.500E-05, at step time 1.725E-03 of 2.000E-02
     9496  1.750E-03 1.750E-03  00:07:58 1.78516E-07        6743  1.129E-03 -4.158E-03
INSTANCE WITH CRITICAL ELEMENT: FLUID_EULERIAN-1
Output Field Frame Number    70, with time interval 2.500E-05, at step time 1.750E-03 of 2.000E-02
     9635  1.775E-03 1.775E-03  00:08:05 1.80930E-07        6743  1.203E-03 -4.570E-03
INSTANCE WITH CRITICAL ELEMENT: FLUID_EULERIAN-1
Output Field Frame Number    71, with time interval 2.500E-05, at step time 1.775E-03 of 2.000E-02
     9774  1.800E-03 1.800E-03  00:08:13 1.81155E-07        7270  1.271E-03 -5.024E-03
INSTANCE WITH CRITICAL ELEMENT: FLUID_EULERIAN-1
Output Field Frame Number    72, with time interval 2.500E-05, at step time 1.800E-03 of 2.000E-02
     9913  1.825E-03 1.825E-03  00:08:20 1.80362E-07        4806  1.338E-03 -5.510E-03
INSTANCE WITH CRITICAL ELEMENT: FLUID_EULERIAN-1
Output Field Frame Number    73, with time interval 2.500E-05, at step time 1.825E-03 of 2.000E-02
    10050  1.850E-03 1.850E-03  00:08:28 1.77997E-07        6478  1.392E-03 -6.030E-03
INSTANCE WITH CRITICAL ELEMENT: FLUID_EULERIAN-1
Output Field Frame Number    74, with time interval 2.500E-05, at step time 1.850E-03 of 2.000E-02
    10189  1.875E-03 1.875E-03  00:08:35 1.78793E-07       11095  1.443E-03 -6.589E-03
INSTANCE WITH CRITICAL ELEMENT: FLUID_EULERIAN-1
Output Field Frame Number    75, with time interval 2.500E-05, at step time 1.875E-03 of 2.000E-02
    10330  1.900E-03 1.900E-03  00:08:43 1.77631E-07       12817  1.556E-03 -7.200E-03
INSTANCE WITH CRITICAL ELEMENT: FLUID_EULERIAN-1
Output Field Frame Number    76, with time interval 2.500E-05, at step time 1.900E-03 of 2.000E-02
    10470  1.925E-03 1.925E-03  00:08:50 1.82941E-07        5687  1.616E-03 -7.834E-03
INSTANCE WITH CRITICAL ELEMENT: FLUID_EULERIAN-1
Output Field Frame Number    77, with time interval 2.500E-05, at step time 1.925E-03 of 2.000E-02
    10606  1.950E-03 1.950E-03  00:08:58 1.83706E-07        5690  1.705E-03 -8.499E-03
INSTANCE WITH CRITICAL ELEMENT: FLUID_EULERIAN-1
Output Field Frame Number    78, with time interval 2.500E-05, at step time 1.950E-03 of 2.000E-02
    10742  1.975E-03 1.975E-03  00:09:05 1.82914E-07        8242  1.842E-03 -9.232E-03
INSTANCE WITH CRITICAL ELEMENT: FLUID_EULERIAN-1
Output Field Frame Number    79, with time interval 2.500E-05, at step time 1.975E-03 of 2.000E-02

 STEP 1  ORIGIN 0.0000

              STEP     TOTAL      WALL        STABLE    CRITICAL    KINETIC      TOTAL
INCREMENT     TIME      TIME      TIME     INCREMENT     ELEMENT     ENERGY     ENERGY
    10882  2.000E-03 2.000E-03  00:09:13 1.76282E-07        8242  2.151E-03 -1.018E-02
INSTANCE WITH CRITICAL ELEMENT: FLUID_EULERIAN-1
Output Field Frame Number    80, with time interval 2.500E-05, at step time 2.000E-03 of 2.000E-02
    11026  2.025E-03 2.025E-03  00:09:21 1.79835E-07        8896  2.557E-03 -1.159E-02
INSTANCE WITH CRITICAL ELEMENT: FLUID_EULERIAN-1
Output Field Frame Number    81, with time interval 2.500E-05, at step time 2.025E-03 of 2.000E-02
    11165  2.050E-03 2.050E-03  00:09:28 1.81927E-07        8416  3.051E-03 -1.351E-02
INSTANCE WITH CRITICAL ELEMENT: FLUID_EULERIAN-1
Output Field Frame Number    82, with time interval 2.500E-05, at step time 2.050E-03 of 2.000E-02
    11303  2.075E-03 2.075E-03  00:09:36 1.74413E-07        6658  3.455E-03 -1.591E-02
INSTANCE WITH CRITICAL ELEMENT: FLUID_EULERIAN-1
Output Field Frame Number    83, with time interval 2.500E-05, at step time 2.075E-03 of 2.000E-02
    11450  2.100E-03 2.100E-03  00:09:44 1.76930E-07        6658  3.541E-03 -1.848E-02
INSTANCE WITH CRITICAL ELEMENT: FLUID_EULERIAN-1
Output Field Frame Number    84, with time interval 2.500E-05, at step time 2.100E-03 of 2.000E-02
    11589  2.125E-03 2.125E-03  00:09:52 1.81512E-07        9247  3.315E-03 -2.087E-02
INSTANCE WITH CRITICAL ELEMENT: FLUID_EULERIAN-1
Output Field Frame Number    85, with time interval 2.500E-05, at step time 2.125E-03 of 2.000E-02
    11727  2.150E-03 2.150E-03  00:10:00 1.81588E-07       11057  3.406E-03 -2.316E-02
INSTANCE WITH CRITICAL ELEMENT: FLUID_EULERIAN-1
Output Field Frame Number    86, with time interval 2.500E-05, at step time 2.150E-03 of 2.000E-02
    11864  2.175E-03 2.175E-03  00:10:07 1.81527E-07        8323  3.624E-03 -2.572E-02
INSTANCE WITH CRITICAL ELEMENT: FLUID_EULERIAN-1
Output Field Frame Number    87, with time interval 2.500E-05, at step time 2.175E-03 of 2.000E-02
    12003  2.200E-03 2.200E-03  00:10:15 1.79444E-07       12635  3.592E-03 -2.827E-02
INSTANCE WITH CRITICAL ELEMENT: FLUID_EULERIAN-1
Output Field Frame Number    88, with time interval 2.500E-05, at step time 2.200E-03 of 2.000E-02
    12145  2.225E-03 2.225E-03  00:10:23 1.73528E-07       12635  3.365E-03 -3.052E-02
INSTANCE WITH CRITICAL ELEMENT: FLUID_EULERIAN-1
Output Field Frame Number    89, with time interval 2.500E-05, at step time 2.225E-03 of 2.000E-02
    12290  2.250E-03 2.250E-03  00:10:31 1.72467E-07       12635  3.245E-03 -3.243E-02
INSTANCE WITH CRITICAL ELEMENT: FLUID_EULERIAN-1
Output Field Frame Number    90, with time interval 2.500E-05, at step time 2.250E-03 of 2.000E-02
    12433  2.275E-03 2.275E-03  00:10:39 1.76505E-07       12635  3.182E-03 -3.431E-02
INSTANCE WITH CRITICAL ELEMENT: FLUID_EULERIAN-1
Output Field Frame Number    91, with time interval 2.500E-05, at step time 2.275E-03 of 2.000E-02
    12576  2.300E-03 2.300E-03  00:10:47 1.70995E-07        6481  3.231E-03 -3.625E-02
INSTANCE WITH CRITICAL ELEMENT: FLUID_EULERIAN-1
Output Field Frame Number    92, with time interval 2.500E-05, at step time 2.300E-03 of 2.000E-02
    12717  2.325E-03 2.325E-03  00:10:55 1.81775E-07       11537  3.362E-03 -3.834E-02
INSTANCE WITH CRITICAL ELEMENT: FLUID_EULERIAN-1
Output Field Frame Number    93, with time interval 2.500E-05, at step time 2.325E-03 of 2.000E-02
    12858  2.350E-03 2.350E-03  00:11:03 1.79542E-07       14577  3.445E-03 -4.056E-02
INSTANCE WITH CRITICAL ELEMENT: FLUID_EULERIAN-1
Output Field Frame Number    94, with time interval 2.500E-05, at step time 2.350E-03 of 2.000E-02
    13002  2.375E-03 2.375E-03  00:11:12 1.67744E-07        6392  3.545E-03 -4.293E-02
INSTANCE WITH CRITICAL ELEMENT: FLUID_EULERIAN-1
Output Field Frame Number    95, with time interval 2.500E-05, at step time 2.375E-03 of 2.000E-02
    13141  2.400E-03 2.400E-03  00:11:20 1.76404E-07        6393  3.576E-03 -4.538E-02
INSTANCE WITH CRITICAL ELEMENT: FLUID_EULERIAN-1
Output Field Frame Number    96, with time interval 2.500E-05, at step time 2.400E-03 of 2.000E-02
    13282  2.425E-03 2.425E-03  00:11:28 1.79633E-07        9247  3.506E-03 -4.783E-02
INSTANCE WITH CRITICAL ELEMENT: FLUID_EULERIAN-1
Output Field Frame Number    97, with time interval 2.500E-05, at step time 2.425E-03 of 2.000E-02
    13420  2.450E-03 2.450E-03  00:11:36 1.81112E-07        9247  3.446E-03 -5.011E-02
INSTANCE WITH CRITICAL ELEMENT: FLUID_EULERIAN-1
Output Field Frame Number    98, with time interval 2.500E-05, at step time 2.450E-03 of 2.000E-02
    13558  2.475E-03 2.475E-03  00:11:44 1.80284E-07        6393  3.359E-03 -5.226E-02
INSTANCE WITH CRITICAL ELEMENT: FLUID_EULERIAN-1
Output Field Frame Number    99, with time interval 2.500E-05, at step time 2.475E-03 of 2.000E-02
    13697  2.500E-03 2.500E-03  00:11:52 1.79409E-07        7136  3.304E-03 -5.432E-02
INSTANCE WITH CRITICAL ELEMENT: FLUID_EULERIAN-1
Output Field Frame Number   100, with time interval 2.500E-05, at step time 2.500E-03 of 2.000E-02
    13837  2.525E-03 2.525E-03  00:12:00 1.79536E-07        7136  3.273E-03 -5.632E-02
INSTANCE WITH CRITICAL ELEMENT: FLUID_EULERIAN-1
Output Field Frame Number   101, with time interval 2.500E-05, at step time 2.525E-03 of 2.000E-02
    13976  2.550E-03 2.550E-03  00:12:08 1.77575E-07        6483  3.211E-03 -5.826E-02
INSTANCE WITH CRITICAL ELEMENT: FLUID_EULERIAN-1
Output Field Frame Number   102, with time interval 2.500E-05, at step time 2.550E-03 of 2.000E-02
    14118  2.575E-03 2.575E-03  00:12:16 1.77962E-07        6483  3.066E-03 -6.003E-02
INSTANCE WITH CRITICAL ELEMENT: FLUID_EULERIAN-1
Output Field Frame Number   103, with time interval 2.500E-05, at step time 2.575E-03 of 2.000E-02
    14258  2.600E-03 2.600E-03  00:12:24 1.82947E-07       12814  2.955E-03 -6.163E-02
INSTANCE WITH CRITICAL ELEMENT: FLUID_EULERIAN-1
Output Field Frame Number   104, with time interval 2.500E-05, at step time 2.600E-03 of 2.000E-02
    14394  2.625E-03 2.625E-03  00:12:32 1.83225E-07        6483  2.848E-03 -6.307E-02
INSTANCE WITH CRITICAL ELEMENT: FLUID_EULERIAN-1
Output Field Frame Number   105, with time interval 2.500E-05, at step time 2.625E-03 of 2.000E-02
    14532  2.650E-03 2.650E-03  00:12:40 1.81168E-07        9821  2.771E-03 -6.438E-02
INSTANCE WITH CRITICAL ELEMENT: FLUID_EULERIAN-1
Output Field Frame Number   106, with time interval 2.500E-05, at step time 2.650E-03 of 2.000E-02
    14673  2.675E-03 2.675E-03  00:12:48 1.71069E-07        9034  2.789E-03 -6.565E-02
INSTANCE WITH CRITICAL ELEMENT: FLUID_EULERIAN-1
Output Field Frame Number   107, with time interval 2.500E-05, at step time 2.675E-03 of 2.000E-02
    14813  2.700E-03 2.700E-03  00:12:56 1.75380E-07        9034  2.771E-03 -6.694E-02
INSTANCE WITH CRITICAL ELEMENT: FLUID_EULERIAN-1
Output Field Frame Number   108, with time interval 2.500E-05, at step time 2.700E-03 of 2.000E-02
    14959  2.725E-03 2.725E-03  00:13:04 1.75285E-07        9034  2.581E-03 -6.808E-02
INSTANCE WITH CRITICAL ELEMENT: FLUID_EULERIAN-1
Output Field Frame Number   109, with time interval 2.500E-05, at step time 2.725E-03 of 2.000E-02
    15102  2.750E-03 2.750E-03  00:13:12 1.78057E-07        9913  2.434E-03 -6.903E-02
INSTANCE WITH CRITICAL ELEMENT: FLUID_EULERIAN-1
Output Field Frame Number   110, with time interval 2.500E-05, at step time 2.750E-03 of 2.000E-02
    15242  2.775E-03 2.775E-03  00:13:20 1.77718E-07       13558  2.389E-03 -6.989E-02
INSTANCE WITH CRITICAL ELEMENT: FLUID_EULERIAN-1
Output Field Frame Number   111, with time interval 2.500E-05, at step time 2.775E-03 of 2.000E-02
    15383  2.800E-03 2.800E-03  00:13:29 1.77710E-07        6525  2.585E-03 -7.084E-02
INSTANCE WITH CRITICAL ELEMENT: FLUID_EULERIAN-1
Output Field Frame Number   112, with time interval 2.500E-05, at step time 2.800E-03 of 2.000E-02
    15520  2.825E-03 2.825E-03  00:13:37 1.83070E-07        5559  2.730E-03 -7.197E-02
INSTANCE WITH CRITICAL ELEMENT: FLUID_EULERIAN-1
Output Field Frame Number   113, with time interval 2.500E-05, at step time 2.825E-03 of 2.000E-02
    15658  2.850E-03 2.850E-03  00:13:45 1.80870E-07        9957  2.576E-03 -7.305E-02
INSTANCE WITH CRITICAL ELEMENT: FLUID_EULERIAN-1
Output Field Frame Number   114, with time interval 2.500E-05, at step time 2.850E-03 of 2.000E-02
    15795  2.875E-03 2.875E-03  00:13:53 1.82085E-07       15322  2.509E-03 -7.405E-02
INSTANCE WITH CRITICAL ELEMENT: FLUID_EULERIAN-1
Output Field Frame Number   115, with time interval 2.500E-05, at step time 2.875E-03 of 2.000E-02
    15933  2.900E-03 2.900E-03  00:14:01 1.80725E-07        8198  2.487E-03 -7.502E-02
INSTANCE WITH CRITICAL ELEMENT: FLUID_EULERIAN-1
Output Field Frame Number   116, with time interval 2.500E-05, at step time 2.900E-03 of 2.000E-02
    16071  2.925E-03 2.925E-03  00:14:09 1.83082E-07        5560  2.467E-03 -7.598E-02
INSTANCE WITH CRITICAL ELEMENT: FLUID_EULERIAN-1
Output Field Frame Number   117, with time interval 2.500E-05, at step time 2.925E-03 of 2.000E-02
    16209  2.950E-03 2.950E-03  00:14:18 1.82013E-07        6440  2.474E-03 -7.693E-02
INSTANCE WITH CRITICAL ELEMENT: FLUID_EULERIAN-1
Output Field Frame Number   118, with time interval 2.500E-05, at step time 2.950E-03 of 2.000E-02
    16348  2.975E-03 2.975E-03  00:14:26 1.74745E-07        8101  2.585E-03 -7.792E-02
INSTANCE WITH CRITICAL ELEMENT: FLUID_EULERIAN-1
Output Field Frame Number   119, with time interval 2.500E-05, at step time 2.975E-03 of 2.000E-02

 STEP 1  ORIGIN 0.0000

              STEP     TOTAL      WALL        STABLE    CRITICAL    KINETIC      TOTAL
INCREMENT     TIME      TIME      TIME     INCREMENT     ELEMENT     ENERGY     ENERGY
    16494  3.000E-03 3.000E-03  00:14:35 1.80042E-07        6436  2.808E-03 -7.906E-02
INSTANCE WITH CRITICAL ELEMENT: FLUID_EULERIAN-1
Output Field Frame Number   120, with time interval 2.500E-05, at step time 3.000E-03 of 2.000E-02
    16633  3.025E-03 3.025E-03  00:14:43 1.80063E-07        7138  3.095E-03 -8.042E-02
INSTANCE WITH CRITICAL ELEMENT: FLUID_EULERIAN-1
Output Field Frame Number   121, with time interval 2.500E-05, at step time 3.025E-03 of 2.000E-02
    16774  3.050E-03 3.050E-03  00:14:52 1.76111E-07        6302  3.352E-03 -8.197E-02
INSTANCE WITH CRITICAL ELEMENT: FLUID_EULERIAN-1
Output Field Frame Number   122, with time interval 2.500E-05, at step time 3.050E-03 of 2.000E-02
    16914  3.075E-03 3.075E-03  00:15:01 1.78144E-07        6253  3.762E-03 -8.385E-02
INSTANCE WITH CRITICAL ELEMENT: FLUID_EULERIAN-1
Output Field Frame Number   123, with time interval 2.500E-05, at step time 3.075E-03 of 2.000E-02
    17052  3.100E-03 3.100E-03  00:15:09 1.81777E-07        6302  3.939E-03 -8.591E-02
INSTANCE WITH CRITICAL ELEMENT: FLUID_EULERIAN-1
Output Field Frame Number   124, with time interval 2.500E-05, at step time 3.100E-03 of 2.000E-02
    17191  3.125E-03 3.125E-03  00:15:18 1.78134E-07       11576  4.117E-03 -8.808E-02
INSTANCE WITH CRITICAL ELEMENT: FLUID_EULERIAN-1
Output Field Frame Number   125, with time interval 2.500E-05, at step time 3.125E-03 of 2.000E-02
    17331  3.150E-03 3.150E-03  00:15:27 1.79749E-07       11929  4.274E-03 -9.030E-02
INSTANCE WITH CRITICAL ELEMENT: FLUID_EULERIAN-1
Output Field Frame Number   126, with time interval 2.500E-05, at step time 3.150E-03 of 2.000E-02
    17472  3.175E-03 3.175E-03  00:15:35 1.79884E-07       13514  4.272E-03 -9.255E-02
INSTANCE WITH CRITICAL ELEMENT: FLUID_EULERIAN-1
Output Field Frame Number   127, with time interval 2.500E-05, at step time 3.175E-03 of 2.000E-02
    17614  3.200E-03 3.200E-03  00:15:44 1.78674E-07        9824  4.010E-03 -9.457E-02
INSTANCE WITH CRITICAL ELEMENT: FLUID_EULERIAN-1
Output Field Frame Number   128, with time interval 2.500E-05, at step time 3.200E-03 of 2.000E-02
    17753  3.225E-03 3.225E-03  00:15:53 1.81176E-07       11620  3.846E-03 -9.634E-02
INSTANCE WITH CRITICAL ELEMENT: FLUID_EULERIAN-1
Output Field Frame Number   129, with time interval 2.500E-05, at step time 3.225E-03 of 2.000E-02
    17906  3.250E-03 3.250E-03  00:16:03 1.74782E-07        5517  3.967E-03 -9.816E-02
INSTANCE WITH CRITICAL ELEMENT: FLUID_EULERIAN-1
Output Field Frame Number   130, with time interval 2.500E-05, at step time 3.250E-03 of 2.000E-02
    18052  3.275E-03 3.275E-03  00:16:12 1.75507E-07       10702  4.198E-03 -1.001E-01
INSTANCE WITH CRITICAL ELEMENT: FLUID_EULERIAN-1
Output Field Frame Number   131, with time interval 2.500E-05, at step time 3.275E-03 of 2.000E-02
    18196  3.300E-03 3.300E-03  00:16:21 1.80224E-07       11621  4.294E-03 -1.022E-01
INSTANCE WITH CRITICAL ELEMENT: FLUID_EULERIAN-1
Output Field Frame Number   132, with time interval 2.500E-05, at step time 3.300E-03 of 2.000E-02
    18335  3.325E-03 3.325E-03  00:16:30 1.81018E-07        6391  4.470E-03 -1.042E-01
INSTANCE WITH CRITICAL ELEMENT: FLUID_EULERIAN-1
Output Field Frame Number   133, with time interval 2.500E-05, at step time 3.325E-03 of 2.000E-02
    18474  3.350E-03 3.350E-03  00:16:39 1.77874E-07        8943  4.670E-03 -1.064E-01
INSTANCE WITH CRITICAL ELEMENT: FLUID_EULERIAN-1
Output Field Frame Number   134, with time interval 2.500E-05, at step time 3.350E-03 of 2.000E-02
    18617  3.375E-03 3.375E-03  00:16:48 1.64817E-07        7968  4.787E-03 -1.087E-01
INSTANCE WITH CRITICAL ELEMENT: FLUID_EULERIAN-1
Output Field Frame Number   135, with time interval 2.500E-05, at step time 3.375E-03 of 2.000E-02
    18770  3.400E-03 3.400E-03  00:16:58 1.67109E-07        7968  5.065E-03 -1.111E-01
INSTANCE WITH CRITICAL ELEMENT: FLUID_EULERIAN-1
Output Field Frame Number   136, with time interval 2.500E-05, at step time 3.400E-03 of 2.000E-02
    18916  3.425E-03 3.425E-03  00:17:08 1.73094E-07        7221  5.362E-03 -1.138E-01
INSTANCE WITH CRITICAL ELEMENT: FLUID_EULERIAN-1
Output Field Frame Number   137, with time interval 2.500E-05, at step time 3.425E-03 of 2.000E-02
    19059  3.450E-03 3.450E-03  00:17:17 1.76427E-07        6297  5.392E-03 -1.166E-01
INSTANCE WITH CRITICAL ELEMENT: FLUID_EULERIAN-1
Output Field Frame Number   138, with time interval 2.500E-05, at step time 3.450E-03 of 2.000E-02
    19202  3.475E-03 3.475E-03  00:17:27 1.78364E-07        8897  5.277E-03 -1.194E-01
INSTANCE WITH CRITICAL ELEMENT: FLUID_EULERIAN-1
Output Field Frame Number   139, with time interval 2.500E-05, at step time 3.475E-03 of 2.000E-02
    19352  3.500E-03 3.500E-03  00:17:37 1.52652E-07        6341  5.229E-03 -1.219E-01
INSTANCE WITH CRITICAL ELEMENT: FLUID_EULERIAN-1
Output Field Frame Number   140, with time interval 2.500E-05, at step time 3.500E-03 of 2.000E-02
    19512  3.525E-03 3.525E-03  00:17:47 1.70565E-07        6341  5.261E-03 -1.245E-01
INSTANCE WITH CRITICAL ELEMENT: FLUID_EULERIAN-1
Output Field Frame Number   141, with time interval 2.500E-05, at step time 3.525E-03 of 2.000E-02
    19654  3.550E-03 3.550E-03  00:17:57 1.76852E-07        8897  5.599E-03 -1.272E-01
INSTANCE WITH CRITICAL ELEMENT: FLUID_EULERIAN-1
Output Field Frame Number   142, with time interval 2.500E-05, at step time 3.550E-03 of 2.000E-02
    19801  3.575E-03 3.575E-03  00:18:07 1.69308E-07        8057  5.979E-03 -1.302E-01
INSTANCE WITH CRITICAL ELEMENT: FLUID_EULERIAN-1
Output Field Frame Number   143, with time interval 2.500E-05, at step time 3.575E-03 of 2.000E-02
    19951  3.600E-03 3.600E-03  00:18:17 1.68584E-07        8937  6.355E-03 -1.335E-01
INSTANCE WITH CRITICAL ELEMENT: FLUID_EULERIAN-1
Output Field Frame Number   144, with time interval 2.500E-05, at step time 3.600E-03 of 2.000E-02
    20101  3.625E-03 3.625E-03  00:18:27 1.60468E-07        9817  6.769E-03 -1.370E-01
INSTANCE WITH CRITICAL ELEMENT: FLUID_EULERIAN-1
Output Field Frame Number   145, with time interval 2.500E-05, at step time 3.625E-03 of 2.000E-02
    20255  3.650E-03 3.650E-03  00:18:37 1.52630E-07        9823  7.070E-03 -1.409E-01
INSTANCE WITH CRITICAL ELEMENT: FLUID_EULERIAN-1
Output Field Frame Number   146, with time interval 2.500E-05, at step time 3.650E-03 of 2.000E-02
    20402  3.675E-03 3.675E-03  00:18:47 1.73109E-07        9905  7.313E-03 -1.451E-01
INSTANCE WITH CRITICAL ELEMENT: FLUID_EULERIAN-1
Output Field Frame Number   147, with time interval 2.500E-05, at step time 3.675E-03 of 2.000E-02
    20546  3.700E-03 3.700E-03  00:18:57 1.73525E-07       11841  7.604E-03 -1.495E-01
INSTANCE WITH CRITICAL ELEMENT: FLUID_EULERIAN-1
Output Field Frame Number   148, with time interval 2.500E-05, at step time 3.700E-03 of 2.000E-02
    20694  3.725E-03 3.725E-03  00:19:07 1.67977E-07        9861  7.917E-03 -1.541E-01
INSTANCE WITH CRITICAL ELEMENT: FLUID_EULERIAN-1
Output Field Frame Number   149, with time interval 2.500E-05, at step time 3.725E-03 of 2.000E-02
    20839  3.750E-03 3.750E-03  00:19:17 1.75903E-07        9817  8.336E-03 -1.589E-01
INSTANCE WITH CRITICAL ELEMENT: FLUID_EULERIAN-1
Output Field Frame Number   150, with time interval 2.500E-05, at step time 3.750E-03 of 2.000E-02
    20983  3.775E-03 3.775E-03  00:19:27 1.76648E-07       10655  8.643E-03 -1.640E-01
INSTANCE WITH CRITICAL ELEMENT: FLUID_EULERIAN-1
Output Field Frame Number   151, with time interval 2.500E-05, at step time 3.775E-03 of 2.000E-02
    21125  3.800E-03 3.800E-03  00:19:37 1.77665E-07        6391  8.969E-03 -1.690E-01
INSTANCE WITH CRITICAL ELEMENT: FLUID_EULERIAN-1
Output Field Frame Number   152, with time interval 2.500E-05, at step time 3.800E-03 of 2.000E-02
    21270  3.825E-03 3.825E-03  00:19:47 1.74970E-07        8107  9.577E-03 -1.744E-01
INSTANCE WITH CRITICAL ELEMENT: FLUID_EULERIAN-1
Output Field Frame Number   153, with time interval 2.500E-05, at step time 3.825E-03 of 2.000E-02
    21415  3.850E-03 3.850E-03  00:19:57 1.68882E-07        9731  9.966E-03 -1.806E-01
INSTANCE WITH CRITICAL ELEMENT: FLUID_EULERIAN-1
Output Field Frame Number   154, with time interval 2.500E-05, at step time 3.850E-03 of 2.000E-02
    21558  3.875E-03 3.875E-03  00:20:07 1.75523E-07        9731  1.018E-02 -1.870E-01
INSTANCE WITH CRITICAL ELEMENT: FLUID_EULERIAN-1
Output Field Frame Number   155, with time interval 2.500E-05, at step time 3.875E-03 of 2.000E-02
    21701  3.900E-03 3.900E-03  00:20:17 1.79776E-07        4637  9.629E-03 -1.926E-01
INSTANCE WITH CRITICAL ELEMENT: FLUID_EULERIAN-1
Output Field Frame Number   156, with time interval 2.500E-05, at step time 3.900E-03 of 2.000E-02
    21842  3.925E-03 3.925E-03  00:20:27 1.73510E-07       12463  1.034E-02 -1.979E-01
INSTANCE WITH CRITICAL ELEMENT: FLUID_EULERIAN-1
Output Field Frame Number   157, with time interval 2.500E-05, at step time 3.925E-03 of 2.000E-02
    21985  3.950E-03 3.950E-03  00:20:37 1.75202E-07        6391  1.051E-02 -2.046E-01
INSTANCE WITH CRITICAL ELEMENT: FLUID_EULERIAN-1
Output Field Frame Number   158, with time interval 2.500E-05, at step time 3.950E-03 of 2.000E-02
    22129  3.975E-03 3.975E-03  00:20:48 1.74891E-07        5505  1.093E-02 -2.114E-01
INSTANCE WITH CRITICAL ELEMENT: FLUID_EULERIAN-1
Output Field Frame Number   159, with time interval 2.500E-05, at step time 3.975E-03 of 2.000E-02

 STEP 1  ORIGIN 0.0000

              STEP     TOTAL      WALL        STABLE    CRITICAL    KINETIC      TOTAL
INCREMENT     TIME      TIME      TIME     INCREMENT     ELEMENT     ENERGY     ENERGY
    22273  4.000E-03 4.000E-03  00:20:58 1.77096E-07        7090  1.137E-02 -2.197E-01
INSTANCE WITH CRITICAL ELEMENT: FLUID_EULERIAN-1
Output Field Frame Number   160, with time interval 2.500E-05, at step time 4.000E-03 of 2.000E-02
    22415  4.025E-03 4.025E-03  00:21:08 1.70788E-07       14394  1.249E-02 -2.289E-01
INSTANCE WITH CRITICAL ELEMENT: FLUID_EULERIAN-1
Output Field Frame Number   161, with time interval 2.500E-05, at step time 4.025E-03 of 2.000E-02
    22562  4.050E-03 4.050E-03  00:21:19 1.68850E-07       12508  1.299E-02 -2.391E-01
INSTANCE WITH CRITICAL ELEMENT: FLUID_EULERIAN-1
Output Field Frame Number   162, with time interval 2.500E-05, at step time 4.050E-03 of 2.000E-02
    22711  4.075E-03 4.075E-03  00:21:30 1.63108E-07        7091  1.314E-02 -2.500E-01
INSTANCE WITH CRITICAL ELEMENT: FLUID_EULERIAN-1
Output Field Frame Number   163, with time interval 2.500E-05, at step time 4.075E-03 of 2.000E-02
    22859  4.100E-03 4.100E-03  00:21:41 1.73432E-07        4494  1.359E-02 -2.602E-01
INSTANCE WITH CRITICAL ELEMENT: FLUID_EULERIAN-1
Output Field Frame Number   164, with time interval 2.500E-05, at step time 4.100E-03 of 2.000E-02
    23002  4.125E-03 4.125E-03  00:21:51 1.67122E-07        7972  1.415E-02 -2.705E-01
INSTANCE WITH CRITICAL ELEMENT: FLUID_EULERIAN-1
Output Field Frame Number   165, with time interval 2.500E-05, at step time 4.125E-03 of 2.000E-02
    23150  4.150E-03 4.150E-03  00:22:02 1.60137E-07        7971  1.431E-02 -2.807E-01
INSTANCE WITH CRITICAL ELEMENT: FLUID_EULERIAN-1
Output Field Frame Number   166, with time interval 2.500E-05, at step time 4.150E-03 of 2.000E-02
    23306  4.175E-03 4.175E-03  00:22:14 1.63364E-07        7971  1.513E-02 -2.915E-01
INSTANCE WITH CRITICAL ELEMENT: FLUID_EULERIAN-1
Output Field Frame Number   167, with time interval 2.500E-05, at step time 4.175E-03 of 2.000E-02
    23454  4.200E-03 4.200E-03  00:22:25 1.73624E-07       12551  1.570E-02 -3.022E-01
INSTANCE WITH CRITICAL ELEMENT: FLUID_EULERIAN-1
Output Field Frame Number   168, with time interval 2.500E-05, at step time 4.200E-03 of 2.000E-02
    23597  4.225E-03 4.225E-03  00:22:36 1.76380E-07        8242  1.632E-02 -3.126E-01
INSTANCE WITH CRITICAL ELEMENT: FLUID_EULERIAN-1
Output Field Frame Number   169, with time interval 2.500E-05, at step time 4.225E-03 of 2.000E-02
    23738  4.250E-03 4.250E-03  00:22:46 1.72824E-07        8242  1.678E-02 -3.234E-01
INSTANCE WITH CRITICAL ELEMENT: FLUID_EULERIAN-1
Output Field Frame Number   170, with time interval 2.500E-05, at step time 4.250E-03 of 2.000E-02
    23883  4.275E-03 4.275E-03  00:22:57 1.71175E-07        9025  1.683E-02 -3.334E-01
INSTANCE WITH CRITICAL ELEMENT: FLUID_EULERIAN-1
Output Field Frame Number   171, with time interval 2.500E-05, at step time 4.275E-03 of 2.000E-02
    24027  4.300E-03 4.300E-03  00:23:08 1.72583E-07        9560  1.648E-02 -3.424E-01
INSTANCE WITH CRITICAL ELEMENT: FLUID_EULERIAN-1
Output Field Frame Number   172, with time interval 2.500E-05, at step time 4.300E-03 of 2.000E-02
    24170  4.325E-03 4.325E-03  00:23:19 1.74984E-07        9868  1.594E-02 -3.502E-01
INSTANCE WITH CRITICAL ELEMENT: FLUID_EULERIAN-1
Output Field Frame Number   173, with time interval 2.500E-05, at step time 4.325E-03 of 2.000E-02
    24324  4.350E-03 4.350E-03  00:23:31 1.56487E-07        8942  1.559E-02 -3.576E-01
INSTANCE WITH CRITICAL ELEMENT: FLUID_EULERIAN-1
Output Field Frame Number   174, with time interval 2.500E-05, at step time 4.350E-03 of 2.000E-02
    24468  4.375E-03 4.375E-03  00:23:42 1.78814E-07       11534  1.524E-02 -3.647E-01
INSTANCE WITH CRITICAL ELEMENT: FLUID_EULERIAN-1
Output Field Frame Number   175, with time interval 2.500E-05, at step time 4.375E-03 of 2.000E-02
    24610  4.400E-03 4.400E-03  00:23:52 1.72270E-07        7090  1.469E-02 -3.713E-01
INSTANCE WITH CRITICAL ELEMENT: FLUID_EULERIAN-1
Output Field Frame Number   176, with time interval 2.500E-05, at step time 4.400E-03 of 2.000E-02
    24757  4.425E-03 4.425E-03  00:24:04 1.68296E-07        7090  1.427E-02 -3.773E-01
INSTANCE WITH CRITICAL ELEMENT: FLUID_EULERIAN-1
Output Field Frame Number   177, with time interval 2.500E-05, at step time 4.425E-03 of 2.000E-02
    24903  4.450E-03 4.450E-03  00:24:15 1.73559E-07       11534  1.392E-02 -3.832E-01
INSTANCE WITH CRITICAL ELEMENT: FLUID_EULERIAN-1
Output Field Frame Number   178, with time interval 2.500E-05, at step time 4.450E-03 of 2.000E-02
    25047  4.475E-03 4.475E-03  00:24:26 1.73900E-07        7091  1.377E-02 -3.895E-01
INSTANCE WITH CRITICAL ELEMENT: FLUID_EULERIAN-1
Output Field Frame Number   179, with time interval 2.500E-05, at step time 4.475E-03 of 2.000E-02
    25193  4.500E-03 4.500E-03  00:24:37 1.68696E-07       11577  1.341E-02 -3.959E-01
INSTANCE WITH CRITICAL ELEMENT: FLUID_EULERIAN-1
Output Field Frame Number   180, with time interval 2.500E-05, at step time 4.500E-03 of 2.000E-02
    25346  4.525E-03 4.525E-03  00:24:49 1.57639E-07        9730  1.311E-02 -4.015E-01
INSTANCE WITH CRITICAL ELEMENT: FLUID_EULERIAN-1
Output Field Frame Number   181, with time interval 2.500E-05, at step time 4.525E-03 of 2.000E-02
    25508  4.550E-03 4.550E-03  00:25:01 1.60947E-07       11583  1.291E-02 -4.069E-01
INSTANCE WITH CRITICAL ELEMENT: FLUID_EULERIAN-1
Output Field Frame Number   182, with time interval 2.500E-05, at step time 4.550E-03 of 2.000E-02
    25663  4.575E-03 4.575E-03  00:25:13 1.72035E-07        3707  1.276E-02 -4.123E-01
INSTANCE WITH CRITICAL ELEMENT: FLUID_EULERIAN-1
Output Field Frame Number   183, with time interval 2.500E-05, at step time 4.575E-03 of 2.000E-02
    25807  4.600E-03 4.600E-03  00:25:24 1.75386E-07        7363  1.298E-02 -4.182E-01
INSTANCE WITH CRITICAL ELEMENT: FLUID_EULERIAN-1
Output Field Frame Number   184, with time interval 2.500E-05, at step time 4.600E-03 of 2.000E-02
    25953  4.625E-03 4.625E-03  00:25:36 1.67942E-07       10003  1.294E-02 -4.241E-01
INSTANCE WITH CRITICAL ELEMENT: FLUID_EULERIAN-1
Output Field Frame Number   185, with time interval 2.500E-05, at step time 4.625E-03 of 2.000E-02
    26102  4.650E-03 4.650E-03  00:25:47 1.70219E-07       11627  1.323E-02 -4.306E-01
INSTANCE WITH CRITICAL ELEMENT: FLUID_EULERIAN-1
Output Field Frame Number   186, with time interval 2.500E-05, at step time 4.650E-03 of 2.000E-02
    26253  4.675E-03 4.675E-03  00:25:59 1.64518E-07       11627  1.347E-02 -4.376E-01
INSTANCE WITH CRITICAL ELEMENT: FLUID_EULERIAN-1
Output Field Frame Number   187, with time interval 2.500E-05, at step time 4.675E-03 of 2.000E-02
    26410  4.700E-03 4.700E-03  00:26:11 1.57071E-07       13649  1.460E-02 -4.450E-01
INSTANCE WITH CRITICAL ELEMENT: FLUID_EULERIAN-1
Output Field Frame Number   188, with time interval 2.500E-05, at step time 4.700E-03 of 2.000E-02
    26570  4.725E-03 4.725E-03  00:26:24 1.58566E-07       13649  1.752E-02 -4.513E-01
INSTANCE WITH CRITICAL ELEMENT: FLUID_EULERIAN-1
Output Field Frame Number   189, with time interval 2.500E-05, at step time 4.725E-03 of 2.000E-02
    26744  4.750E-03 4.750E-03  00:26:37 1.21594E-07        6482  1.729E-02 -4.622E-01
INSTANCE WITH CRITICAL ELEMENT: FLUID_EULERIAN-1
Output Field Frame Number   190, with time interval 2.500E-05, at step time 4.750E-03 of 2.000E-02
    26921  4.775E-03 4.775E-03  00:26:51 1.38000E-07       13649  1.752E-02 -4.739E-01
INSTANCE WITH CRITICAL ELEMENT: FLUID_EULERIAN-1
Output Field Frame Number   191, with time interval 2.500E-05, at step time 4.775E-03 of 2.000E-02
    27087  4.800E-03 4.800E-03  00:27:04 1.67793E-07       12415  1.809E-02 -4.862E-01
INSTANCE WITH CRITICAL ELEMENT: FLUID_EULERIAN-1
Output Field Frame Number   192, with time interval 2.500E-05, at step time 4.800E-03 of 2.000E-02
    27240  4.825E-03 4.825E-03  00:27:16 1.64812E-07       15366  1.871E-02 -5.001E-01
INSTANCE WITH CRITICAL ELEMENT: FLUID_EULERIAN-1
Output Field Frame Number   193, with time interval 2.500E-05, at step time 4.825E-03 of 2.000E-02
    27395  4.850E-03 4.850E-03  00:27:28 1.47736E-07        6480  1.780E-02 -5.117E-01
INSTANCE WITH CRITICAL ELEMENT: FLUID_EULERIAN-1
Output Field Frame Number   194, with time interval 2.500E-05, at step time 4.850E-03 of 2.000E-02
    27552  4.875E-03 4.875E-03  00:27:41 1.41329E-07        5556  2.002E-02 -5.254E-01
INSTANCE WITH CRITICAL ELEMENT: FLUID_EULERIAN-1
Output Field Frame Number   195, with time interval 2.500E-05, at step time 4.875E-03 of 2.000E-02
    27720  4.900E-03 4.900E-03  00:27:54 1.37802E-07       13646  1.780E-02 -5.370E-01
INSTANCE WITH CRITICAL ELEMENT: FLUID_EULERIAN-1
Output Field Frame Number   196, with time interval 2.500E-05, at step time 4.900E-03 of 2.000E-02
    27868  4.925E-03 4.925E-03  00:28:06 1.66165E-07        6524  1.921E-02 -5.493E-01
INSTANCE WITH CRITICAL ELEMENT: FLUID_EULERIAN-1
Output Field Frame Number   197, with time interval 2.500E-05, at step time 4.925E-03 of 2.000E-02
    28033  4.950E-03 4.950E-03  00:28:19 1.60841E-07        8941  1.822E-02 -5.592E-01
INSTANCE WITH CRITICAL ELEMENT: FLUID_EULERIAN-1
Output Field Frame Number   198, with time interval 2.500E-05, at step time 4.950E-03 of 2.000E-02
    28194  4.975E-03 4.975E-03  00:28:32 1.59831E-07       12507  1.846E-02 -5.691E-01
INSTANCE WITH CRITICAL ELEMENT: FLUID_EULERIAN-1
Output Field Frame Number   199, with time interval 2.500E-05, at step time 4.975E-03 of 2.000E-02

 STEP 1  ORIGIN 0.0000

              STEP     TOTAL      WALL        STABLE    CRITICAL    KINETIC      TOTAL
INCREMENT     TIME      TIME      TIME     INCREMENT     ELEMENT     ENERGY     ENERGY
    28345  5.000E-03 5.000E-03  00:28:44 1.66842E-07        5554  1.778E-02 -5.779E-01
INSTANCE WITH CRITICAL ELEMENT: FLUID_EULERIAN-1
Output Field Frame Number   200, with time interval 2.500E-05, at step time 5.000E-03 of 2.000E-02
    28498  5.025E-03 5.025E-03  00:28:57 1.52132E-07        7136  1.768E-02 -5.861E-01
INSTANCE WITH CRITICAL ELEMENT: FLUID_EULERIAN-1
Output Field Frame Number   201, with time interval 2.500E-05, at step time 5.025E-03 of 2.000E-02
    28667  5.050E-03 5.050E-03  00:29:10 1.63292E-07       12460  1.751E-02 -5.943E-01
INSTANCE WITH CRITICAL ELEMENT: FLUID_EULERIAN-1
Output Field Frame Number   202, with time interval 2.500E-05, at step time 5.050E-03 of 2.000E-02
    28824  5.075E-03 5.075E-03  00:29:23 1.55399E-07       12460  1.700E-02 -6.025E-01
INSTANCE WITH CRITICAL ELEMENT: FLUID_EULERIAN-1
Output Field Frame Number   203, with time interval 2.500E-05, at step time 5.075E-03 of 2.000E-02
    28981  5.100E-03 5.100E-03  00:29:35 1.66923E-07       10609  1.660E-02 -6.100E-01
INSTANCE WITH CRITICAL ELEMENT: FLUID_EULERIAN-1
Output Field Frame Number   204, with time interval 2.500E-05, at step time 5.100E-03 of 2.000E-02
    29159  5.125E-03 5.125E-03  00:29:49 1.03748E-07        8892  1.628E-02 -6.172E-01
INSTANCE WITH CRITICAL ELEMENT: FLUID_EULERIAN-1
Output Field Frame Number   205, with time interval 2.500E-05, at step time 5.125E-03 of 2.000E-02
    29310  5.150E-03 5.150E-03  00:30:01 1.67736E-07        4631  1.675E-02 -6.243E-01
INSTANCE WITH CRITICAL ELEMENT: FLUID_EULERIAN-1
Output Field Frame Number   206, with time interval 2.500E-05, at step time 5.150E-03 of 2.000E-02
    29462  5.175E-03 5.175E-03  00:30:13 1.41786E-07        9776  1.750E-02 -6.321E-01
INSTANCE WITH CRITICAL ELEMENT: FLUID_EULERIAN-1
Output Field Frame Number   207, with time interval 2.500E-05, at step time 5.175E-03 of 2.000E-02
    29625  5.200E-03 5.200E-03  00:30:26 1.56368E-07        8941  1.823E-02 -6.408E-01
INSTANCE WITH CRITICAL ELEMENT: FLUID_EULERIAN-1
Output Field Frame Number   208, with time interval 2.500E-05, at step time 5.200E-03 of 2.000E-02
    29782  5.225E-03 5.225E-03  00:30:39 1.44839E-07       10612  1.879E-02 -6.496E-01
INSTANCE WITH CRITICAL ELEMENT: FLUID_EULERIAN-1
Output Field Frame Number   209, with time interval 2.500E-05, at step time 5.225E-03 of 2.000E-02
    29955  5.250E-03 5.250E-03  00:30:53 1.33855E-07       15408  1.896E-02 -6.581E-01
INSTANCE WITH CRITICAL ELEMENT: FLUID_EULERIAN-1
Output Field Frame Number   210, with time interval 2.500E-05, at step time 5.250E-03 of 2.000E-02
    30112  5.275E-03 5.275E-03  00:31:05 1.64176E-07       15408  1.957E-02 -6.666E-01
INSTANCE WITH CRITICAL ELEMENT: FLUID_EULERIAN-1
Output Field Frame Number   211, with time interval 2.500E-05, at step time 5.275E-03 of 2.000E-02
    30265  5.300E-03 5.300E-03  00:31:18 1.65905E-07       15454  1.967E-02 -6.753E-01
INSTANCE WITH CRITICAL ELEMENT: FLUID_EULERIAN-1
Output Field Frame Number   212, with time interval 2.500E-05, at step time 5.300E-03 of 2.000E-02
    30422  5.325E-03 5.325E-03  00:31:31 1.57166E-07       16029  1.990E-02 -6.835E-01
INSTANCE WITH CRITICAL ELEMENT: FLUID_EULERIAN-1
Output Field Frame Number   213, with time interval 2.500E-05, at step time 5.325E-03 of 2.000E-02
    30576  5.350E-03 5.350E-03  00:31:43 1.65022E-07       12462  2.044E-02 -6.913E-01
INSTANCE WITH CRITICAL ELEMENT: FLUID_EULERIAN-1
Output Field Frame Number   214, with time interval 2.500E-05, at step time 5.350E-03 of 2.000E-02
    30731  5.375E-03 5.375E-03  00:31:56 1.64990E-07        4536  2.139E-02 -6.986E-01
INSTANCE WITH CRITICAL ELEMENT: FLUID_EULERIAN-1
Output Field Frame Number   215, with time interval 2.500E-05, at step time 5.375E-03 of 2.000E-02
    30881  5.400E-03 5.400E-03  00:32:08 1.74897E-07        8851  2.287E-02 -7.053E-01
INSTANCE WITH CRITICAL ELEMENT: FLUID_EULERIAN-1
Output Field Frame Number   216, with time interval 2.500E-05, at step time 5.400E-03 of 2.000E-02
    31034  5.425E-03 5.425E-03  00:32:20 1.59678E-07        8851  2.491E-02 -7.122E-01
INSTANCE WITH CRITICAL ELEMENT: FLUID_EULERIAN-1
Output Field Frame Number   217, with time interval 2.500E-05, at step time 5.425E-03 of 2.000E-02
    31194  5.450E-03 5.450E-03  00:32:33 1.63945E-07        8851  2.779E-02 -7.197E-01
INSTANCE WITH CRITICAL ELEMENT: FLUID_EULERIAN-1
Output Field Frame Number   218, with time interval 2.500E-05, at step time 5.450E-03 of 2.000E-02
    31348  5.475E-03 5.475E-03  00:32:45 1.69888E-07        7971  3.087E-02 -7.283E-01
INSTANCE WITH CRITICAL ELEMENT: FLUID_EULERIAN-1
Output Field Frame Number   219, with time interval 2.500E-05, at step time 5.475E-03 of 2.000E-02
    31505  5.500E-03 5.500E-03  00:32:58 1.58818E-07        7135  3.427E-02 -7.388E-01
INSTANCE WITH CRITICAL ELEMENT: FLUID_EULERIAN-1
Output Field Frame Number   220, with time interval 2.500E-05, at step time 5.500E-03 of 2.000E-02
    31670  5.525E-03 5.525E-03  00:33:11 1.53751E-07       14440  3.509E-02 -7.528E-01
INSTANCE WITH CRITICAL ELEMENT: FLUID_EULERIAN-1
Output Field Frame Number   221, with time interval 2.500E-05, at step time 5.525E-03 of 2.000E-02
    31834  5.550E-03 5.550E-03  00:33:25 1.60488E-07       14440  3.589E-02 -7.661E-01
INSTANCE WITH CRITICAL ELEMENT: FLUID_EULERIAN-1
Output Field Frame Number   222, with time interval 2.500E-05, at step time 5.550E-03 of 2.000E-02
    32030  5.575E-03 5.575E-03  00:33:40 1.62883E-07       15409  3.554E-02 -7.805E-01
INSTANCE WITH CRITICAL ELEMENT: FLUID_EULERIAN-1
Output Field Frame Number   223, with time interval 2.500E-05, at step time 5.575E-03 of 2.000E-02
    32196  5.600E-03 5.600E-03  00:33:54 1.32612E-07        9733  3.587E-02 -7.944E-01
INSTANCE WITH CRITICAL ELEMENT: FLUID_EULERIAN-1
Output Field Frame Number   224, with time interval 2.500E-05, at step time 5.600E-03 of 2.000E-02
    32385  5.625E-03 5.625E-03  00:34:09 1.59264E-07       12415  3.533E-02 -8.080E-01
INSTANCE WITH CRITICAL ELEMENT: FLUID_EULERIAN-1
Output Field Frame Number   225, with time interval 2.500E-05, at step time 5.625E-03 of 2.000E-02
    32544  5.650E-03 5.650E-03  00:34:22 1.59929E-07        1103  3.583E-02 -8.228E-01
INSTANCE WITH CRITICAL ELEMENT: FLUID_EULERIAN-1
Output Field Frame Number   226, with time interval 2.500E-05, at step time 5.650E-03 of 2.000E-02
    32710  5.675E-03 5.675E-03  00:34:35 1.58193E-07       13346  3.545E-02 -8.379E-01
INSTANCE WITH CRITICAL ELEMENT: FLUID_EULERIAN-1
Output Field Frame Number   227, with time interval 2.500E-05, at step time 5.675E-03 of 2.000E-02
    32868  5.700E-03 5.700E-03  00:34:48 1.54237E-07        8852  3.487E-02 -8.522E-01
INSTANCE WITH CRITICAL ELEMENT: FLUID_EULERIAN-1
Output Field Frame Number   228, with time interval 2.500E-05, at step time 5.700E-03 of 2.000E-02
    33033  5.725E-03 5.725E-03  00:35:02 1.28451E-07        8018  3.403E-02 -8.658E-01
INSTANCE WITH CRITICAL ELEMENT: FLUID_EULERIAN-1
Output Field Frame Number   229, with time interval 2.500E-05, at step time 5.725E-03 of 2.000E-02
    33208  5.750E-03 5.750E-03  00:35:17 1.56211E-07       15277  3.387E-02 -8.782E-01
INSTANCE WITH CRITICAL ELEMENT: FLUID_EULERIAN-1
Output Field Frame Number   230, with time interval 2.500E-05, at step time 5.750E-03 of 2.000E-02
    33373  5.775E-03 5.775E-03  00:35:30 1.50221E-07       15277  3.372E-02 -8.896E-01
INSTANCE WITH CRITICAL ELEMENT: FLUID_EULERIAN-1
Output Field Frame Number   231, with time interval 2.500E-05, at step time 5.775E-03 of 2.000E-02
    33521  5.800E-03 5.800E-03  00:35:43 1.69870E-07        5547  3.410E-02 -9.007E-01
INSTANCE WITH CRITICAL ELEMENT: FLUID_EULERIAN-1
Output Field Frame Number   232, with time interval 2.500E-05, at step time 5.800E-03 of 2.000E-02
    33679  5.825E-03 5.825E-03  00:35:56 1.55663E-07        8022  3.383E-02 -9.121E-01
INSTANCE WITH CRITICAL ELEMENT: FLUID_EULERIAN-1
Output Field Frame Number   233, with time interval 2.500E-05, at step time 5.825E-03 of 2.000E-02
    33830  5.850E-03 5.850E-03  00:36:09 1.73817E-07        8011  3.366E-02 -9.221E-01
INSTANCE WITH CRITICAL ELEMENT: FLUID_EULERIAN-1
Output Field Frame Number   234, with time interval 2.500E-05, at step time 5.850E-03 of 2.000E-02
    33981  5.875E-03 5.875E-03  00:36:21 1.64030E-07        7131  3.335E-02 -9.315E-01
INSTANCE WITH CRITICAL ELEMENT: FLUID_EULERIAN-1
Output Field Frame Number   235, with time interval 2.500E-05, at step time 5.875E-03 of 2.000E-02
    34136  5.900E-03 5.900E-03  00:36:34 1.67706E-07        6383  3.304E-02 -9.404E-01
INSTANCE WITH CRITICAL ELEMENT: FLUID_EULERIAN-1
Output Field Frame Number   236, with time interval 2.500E-05, at step time 5.900E-03 of 2.000E-02
    34287  5.925E-03 5.925E-03  00:36:47 1.60596E-07       16370  3.281E-02 -9.491E-01
INSTANCE WITH CRITICAL ELEMENT: FLUID_EULERIAN-1
Output Field Frame Number   237, with time interval 2.500E-05, at step time 5.925E-03 of 2.000E-02
    34442  5.950E-03 5.950E-03  00:37:00 1.61165E-07       14567  3.290E-02 -9.597E-01
INSTANCE WITH CRITICAL ELEMENT: FLUID_EULERIAN-1
Output Field Frame Number   238, with time interval 2.500E-05, at step time 5.950E-03 of 2.000E-02
    34597  5.975E-03 5.975E-03  00:37:13 1.61019E-07        6481  3.181E-02 -9.712E-01
INSTANCE WITH CRITICAL ELEMENT: FLUID_EULERIAN-1
Output Field Frame Number   239, with time interval 2.500E-05, at step time 5.975E-03 of 2.000E-02

 STEP 1  ORIGIN 0.0000

              STEP     TOTAL      WALL        STABLE    CRITICAL    KINETIC      TOTAL
INCREMENT     TIME      TIME      TIME     INCREMENT     ELEMENT     ENERGY     ENERGY
    34754  6.000E-03 6.000E-03  00:37:26 1.60629E-07        6481  3.117E-02 -9.828E-01
INSTANCE WITH CRITICAL ELEMENT: FLUID_EULERIAN-1
Output Field Frame Number   240, with time interval 2.500E-05, at step time 6.000E-03 of 2.000E-02
    34918  6.025E-03 6.025E-03  00:37:40 1.46518E-07       13731  3.099E-02 -9.941E-01
INSTANCE WITH CRITICAL ELEMENT: FLUID_EULERIAN-1
Output Field Frame Number   241, with time interval 2.500E-05, at step time 6.025E-03 of 2.000E-02
    35085  6.050E-03 6.050E-03  00:37:54 1.58878E-07       13731  3.153E-02 -1.006E+00
INSTANCE WITH CRITICAL ELEMENT: FLUID_EULERIAN-1
Output Field Frame Number   242, with time interval 2.500E-05, at step time 6.050E-03 of 2.000E-02
    35240  6.075E-03 6.075E-03  00:38:07 1.62904E-07       13394  3.209E-02 -1.018E+00
INSTANCE WITH CRITICAL ELEMENT: FLUID_EULERIAN-1
Output Field Frame Number   243, with time interval 2.500E-05, at step time 6.075E-03 of 2.000E-02
    35395  6.100E-03 6.100E-03  00:38:20 1.66458E-07        8891  3.250E-02 -1.031E+00
INSTANCE WITH CRITICAL ELEMENT: FLUID_EULERIAN-1
Output Field Frame Number   244, with time interval 2.500E-05, at step time 6.100E-03 of 2.000E-02
    35549  6.125E-03 6.125E-03  00:38:32 1.61734E-07       11592  3.283E-02 -1.044E+00
INSTANCE WITH CRITICAL ELEMENT: FLUID_EULERIAN-1
Output Field Frame Number   245, with time interval 2.500E-05, at step time 6.125E-03 of 2.000E-02
    35701  6.150E-03 6.150E-03  00:38:45 1.66157E-07        7134  3.228E-02 -1.057E+00
INSTANCE WITH CRITICAL ELEMENT: FLUID_EULERIAN-1
Output Field Frame Number   246, with time interval 2.500E-05, at step time 6.150E-03 of 2.000E-02
    35854  6.175E-03 6.175E-03  00:38:58 1.64098E-07        7134  3.242E-02 -1.069E+00
INSTANCE WITH CRITICAL ELEMENT: FLUID_EULERIAN-1
Output Field Frame Number   247, with time interval 2.500E-05, at step time 6.175E-03 of 2.000E-02
    36011  6.200E-03 6.200E-03  00:39:11 1.45505E-07        7971  3.310E-02 -1.082E+00
INSTANCE WITH CRITICAL ELEMENT: FLUID_EULERIAN-1
Output Field Frame Number   248, with time interval 2.500E-05, at step time 6.200E-03 of 2.000E-02
    36178  6.225E-03 6.225E-03  00:39:25 1.59351E-07        7137  3.384E-02 -1.095E+00
INSTANCE WITH CRITICAL ELEMENT: FLUID_EULERIAN-1
Output Field Frame Number   249, with time interval 2.500E-05, at step time 6.225E-03 of 2.000E-02
    36332  6.250E-03 6.250E-03  00:39:38 1.64995E-07        7137  3.456E-02 -1.110E+00
INSTANCE WITH CRITICAL ELEMENT: FLUID_EULERIAN-1
Output Field Frame Number   250, with time interval 2.500E-05, at step time 6.250E-03 of 2.000E-02
    36485  6.275E-03 6.275E-03  00:39:51 1.48550E-07        6921  3.644E-02 -1.125E+00
INSTANCE WITH CRITICAL ELEMENT: FLUID_EULERIAN-1
Output Field Frame Number   251, with time interval 2.500E-05, at step time 6.275E-03 of 2.000E-02
    36642  6.300E-03 6.300E-03  00:40:05 1.45348E-07        2298  3.620E-02 -1.143E+00
INSTANCE WITH CRITICAL ELEMENT: FLUID_EULERIAN-1
Output Field Frame Number   252, with time interval 2.500E-05, at step time 6.300E-03 of 2.000E-02
    36804  6.325E-03 6.325E-03  00:40:18 1.57290E-07        8901  3.794E-02 -1.160E+00
INSTANCE WITH CRITICAL ELEMENT: FLUID_EULERIAN-1
Output Field Frame Number   253, with time interval 2.500E-05, at step time 6.325E-03 of 2.000E-02
    36963  6.350E-03 6.350E-03  00:40:32 1.56367E-07       15973  4.407E-02 -1.181E+00
INSTANCE WITH CRITICAL ELEMENT: FLUID_EULERIAN-1
Output Field Frame Number   254, with time interval 2.500E-05, at step time 6.350E-03 of 2.000E-02
    37117  6.375E-03 6.375E-03  00:40:45 1.57418E-07       15367  4.359E-02 -1.207E+00
INSTANCE WITH CRITICAL ELEMENT: FLUID_EULERIAN-1
Output Field Frame Number   255, with time interval 2.500E-05, at step time 6.375E-03 of 2.000E-02
    37279  6.400E-03 6.400E-03  00:40:59 1.59426E-07       15367  4.477E-02 -1.225E+00
INSTANCE WITH CRITICAL ELEMENT: FLUID_EULERIAN-1
Output Field Frame Number   256, with time interval 2.500E-05, at step time 6.400E-03 of 2.000E-02
    37433  6.425E-03 6.425E-03  00:41:13 1.59284E-07        7134  4.590E-02 -1.242E+00
INSTANCE WITH CRITICAL ELEMENT: FLUID_EULERIAN-1
Output Field Frame Number   257, with time interval 2.500E-05, at step time 6.425E-03 of 2.000E-02
    37592  6.450E-03 6.450E-03  00:41:26 1.60350E-07        7134  4.575E-02 -1.262E+00
INSTANCE WITH CRITICAL ELEMENT: FLUID_EULERIAN-1
Output Field Frame Number   258, with time interval 2.500E-05, at step time 6.450E-03 of 2.000E-02
    37744  6.475E-03 6.475E-03  00:41:40 1.62328E-07        3710  4.536E-02 -1.282E+00
INSTANCE WITH CRITICAL ELEMENT: FLUID_EULERIAN-1
Output Field Frame Number   259, with time interval 2.500E-05, at step time 6.475E-03 of 2.000E-02
    37902  6.500E-03 6.500E-03  00:41:53 1.52778E-07        8901  4.594E-02 -1.301E+00
INSTANCE WITH CRITICAL ELEMENT: FLUID_EULERIAN-1
Output Field Frame Number   260, with time interval 2.500E-05, at step time 6.500E-03 of 2.000E-02
    38057  6.525E-03 6.525E-03  00:42:07 1.59923E-07       15411  4.623E-02 -1.321E+00
INSTANCE WITH CRITICAL ELEMENT: FLUID_EULERIAN-1
Output Field Frame Number   261, with time interval 2.500E-05, at step time 6.525E-03 of 2.000E-02
    38219  6.550E-03 6.550E-03  00:42:21 1.61651E-07       15411  4.666E-02 -1.340E+00
INSTANCE WITH CRITICAL ELEMENT: FLUID_EULERIAN-1
Output Field Frame Number   262, with time interval 2.500E-05, at step time 6.550E-03 of 2.000E-02
    38376  6.575E-03 6.575E-03  00:42:34 1.52025E-07       15449  4.748E-02 -1.360E+00
INSTANCE WITH CRITICAL ELEMENT: FLUID_EULERIAN-1
Output Field Frame Number   263, with time interval 2.500E-05, at step time 6.575E-03 of 2.000E-02
    38539  6.600E-03 6.600E-03  00:42:48 1.57928E-07        7809  4.847E-02 -1.381E+00
INSTANCE WITH CRITICAL ELEMENT: FLUID_EULERIAN-1
Output Field Frame Number   264, with time interval 2.500E-05, at step time 6.600E-03 of 2.000E-02
    38696  6.625E-03 6.625E-03  00:43:02 1.51587E-07        1331  4.949E-02 -1.403E+00
INSTANCE WITH CRITICAL ELEMENT: FLUID_EULERIAN-1
Output Field Frame Number   265, with time interval 2.500E-05, at step time 6.625E-03 of 2.000E-02
    38850  6.650E-03 6.650E-03  00:43:16 1.66465E-07        3704  4.980E-02 -1.425E+00
INSTANCE WITH CRITICAL ELEMENT: FLUID_EULERIAN-1
Output Field Frame Number   266, with time interval 2.500E-05, at step time 6.650E-03 of 2.000E-02
    39009  6.675E-03 6.675E-03  00:43:29 1.52168E-07        3748  5.081E-02 -1.447E+00
INSTANCE WITH CRITICAL ELEMENT: FLUID_EULERIAN-1
Output Field Frame Number   267, with time interval 2.500E-05, at step time 6.675E-03 of 2.000E-02
    39160  6.700E-03 6.700E-03  00:43:43 1.67563E-07        7971  5.232E-02 -1.470E+00
INSTANCE WITH CRITICAL ELEMENT: FLUID_EULERIAN-1
Output Field Frame Number   268, with time interval 2.500E-05, at step time 6.700E-03 of 2.000E-02
    39319  6.725E-03 6.725E-03  00:43:57 1.63874E-07       14263  5.332E-02 -1.494E+00
INSTANCE WITH CRITICAL ELEMENT: FLUID_EULERIAN-1
Output Field Frame Number   269, with time interval 2.500E-05, at step time 6.725E-03 of 2.000E-02
    39480  6.750E-03 6.750E-03  00:44:11 1.46214E-07       15318  5.505E-02 -1.519E+00
INSTANCE WITH CRITICAL ELEMENT: FLUID_EULERIAN-1
Output Field Frame Number   270, with time interval 2.500E-05, at step time 6.750E-03 of 2.000E-02
    39634  6.775E-03 6.775E-03  00:44:25 1.69266E-07        2466  5.773E-02 -1.544E+00
INSTANCE WITH CRITICAL ELEMENT: FLUID_EULERIAN-1
Output Field Frame Number   271, with time interval 2.500E-05, at step time 6.775E-03 of 2.000E-02
    39789  6.800E-03 6.800E-03  00:44:38 1.51902E-07       15363  5.929E-02 -1.571E+00
INSTANCE WITH CRITICAL ELEMENT: FLUID_EULERIAN-1
Output Field Frame Number   272, with time interval 2.500E-05, at step time 6.800E-03 of 2.000E-02
    39960  6.825E-03 6.825E-03  00:44:54 1.58669E-07       15319  6.095E-02 -1.600E+00
INSTANCE WITH CRITICAL ELEMENT: FLUID_EULERIAN-1
Output Field Frame Number   273, with time interval 2.500E-05, at step time 6.825E-03 of 2.000E-02
    40123  6.850E-03 6.850E-03  00:45:08 1.43414E-07        5115  6.249E-02 -1.631E+00
INSTANCE WITH CRITICAL ELEMENT: FLUID_EULERIAN-1
Output Field Frame Number   274, with time interval 2.500E-05, at step time 6.850E-03 of 2.000E-02
    40301  6.875E-03 6.875E-03  00:45:24 1.53393E-07        3186  6.375E-02 -1.665E+00
INSTANCE WITH CRITICAL ELEMENT: FLUID_EULERIAN-1
Output Field Frame Number   275, with time interval 2.500E-05, at step time 6.875E-03 of 2.000E-02
    40460  6.900E-03 6.900E-03  00:45:38 1.45356E-07       14659  6.479E-02 -1.699E+00
INSTANCE WITH CRITICAL ELEMENT: FLUID_EULERIAN-1
Output Field Frame Number   276, with time interval 2.500E-05, at step time 6.900E-03 of 2.000E-02
    40621  6.925E-03 6.925E-03  00:45:52 1.56888E-07        4200  6.472E-02 -1.733E+00
INSTANCE WITH CRITICAL ELEMENT: FLUID_EULERIAN-1
Output Field Frame Number   277, with time interval 2.500E-05, at step time 6.925E-03 of 2.000E-02
    40787  6.950E-03 6.950E-03  00:46:06 1.58368E-07        7136  6.581E-02 -1.767E+00
INSTANCE WITH CRITICAL ELEMENT: FLUID_EULERIAN-1
Output Field Frame Number   278, with time interval 2.500E-05, at step time 6.950E-03 of 2.000E-02
    40952  6.975E-03 6.975E-03  00:46:21 1.42813E-07       15273  6.725E-02 -1.803E+00
INSTANCE WITH CRITICAL ELEMENT: FLUID_EULERIAN-1
Output Field Frame Number   279, with time interval 2.500E-05, at step time 6.975E-03 of 2.000E-02

 STEP 1  ORIGIN 0.0000

              STEP     TOTAL      WALL        STABLE    CRITICAL    KINETIC      TOTAL
INCREMENT     TIME      TIME      TIME     INCREMENT     ELEMENT     ENERGY     ENERGY
    41109  7.000E-03 7.000E-03  00:46:35 1.41772E-07        9598  6.921E-02 -1.842E+00
INSTANCE WITH CRITICAL ELEMENT: FLUID_EULERIAN-1
Output Field Frame Number   280, with time interval 2.500E-05, at step time 7.000E-03 of 2.000E-02
    41267  7.025E-03 7.025E-03  00:46:49 1.60177E-07        6264  7.009E-02 -1.883E+00
INSTANCE WITH CRITICAL ELEMENT: FLUID_EULERIAN-1
Output Field Frame Number   281, with time interval 2.500E-05, at step time 7.025E-03 of 2.000E-02
    41434  7.050E-03 7.050E-03  00:47:04 1.51990E-07       15273  7.145E-02 -1.924E+00
INSTANCE WITH CRITICAL ELEMENT: FLUID_EULERIAN-1
Output Field Frame Number   282, with time interval 2.500E-05, at step time 7.050E-03 of 2.000E-02
    41595  7.075E-03 7.075E-03  00:47:18 1.41046E-07        6883  7.267E-02 -1.966E+00
INSTANCE WITH CRITICAL ELEMENT: FLUID_EULERIAN-1
Output Field Frame Number   283, with time interval 2.500E-05, at step time 7.075E-03 of 2.000E-02
    41764  7.100E-03 7.100E-03  00:47:33 1.54050E-07        5507  7.243E-02 -2.011E+00
INSTANCE WITH CRITICAL ELEMENT: FLUID_EULERIAN-1
Output Field Frame Number   284, with time interval 2.500E-05, at step time 7.100E-03 of 2.000E-02
    41957  7.125E-03 7.125E-03  00:47:49 1.14027E-07        2870  7.316E-02 -2.055E+00
INSTANCE WITH CRITICAL ELEMENT: FLUID_EULERIAN-1
Output Field Frame Number   285, with time interval 2.500E-05, at step time 7.125E-03 of 2.000E-02
    42150  7.150E-03 7.150E-03  00:48:06 1.57170E-07       11585  7.432E-02 -2.100E+00
INSTANCE WITH CRITICAL ELEMENT: FLUID_EULERIAN-1
Output Field Frame Number   286, with time interval 2.500E-05, at step time 7.150E-03 of 2.000E-02
    42347  7.175E-03 7.175E-03  00:48:23 9.54726E-08       14418  7.353E-02 -2.147E+00
INSTANCE WITH CRITICAL ELEMENT: FLUID_EULERIAN-1
Output Field Frame Number   287, with time interval 2.500E-05, at step time 7.175E-03 of 2.000E-02
    42571  7.200E-03 7.200E-03  00:48:42 1.59193E-07       15273  7.363E-02 -2.193E+00
INSTANCE WITH CRITICAL ELEMENT: FLUID_EULERIAN-1
Output Field Frame Number   288, with time interval 2.500E-05, at step time 7.200E-03 of 2.000E-02
    42736  7.225E-03 7.225E-03  00:48:57 1.40214E-07        9785  7.428E-02 -2.240E+00
INSTANCE WITH CRITICAL ELEMENT: FLUID_EULERIAN-1
Output Field Frame Number   289, with time interval 2.500E-05, at step time 7.225E-03 of 2.000E-02
    42915  7.250E-03 7.250E-03  00:49:13 1.59889E-07       15323  7.289E-02 -2.288E+00
INSTANCE WITH CRITICAL ELEMENT: FLUID_EULERIAN-1
Output Field Frame Number   290, with time interval 2.500E-05, at step time 7.250E-03 of 2.000E-02
    43079  7.275E-03 7.275E-03  00:49:27 1.64766E-07        8030  7.173E-02 -2.336E+00
INSTANCE WITH CRITICAL ELEMENT: FLUID_EULERIAN-1
Output Field Frame Number   291, with time interval 2.500E-05, at step time 7.275E-03 of 2.000E-02
    43230  7.300E-03 7.300E-03  00:49:41 1.63922E-07        5470  7.084E-02 -2.384E+00
INSTANCE WITH CRITICAL ELEMENT: FLUID_EULERIAN-1
Output Field Frame Number   292, with time interval 2.500E-05, at step time 7.300E-03 of 2.000E-02
    43384  7.325E-03 7.325E-03  00:49:55 1.63152E-07        6920  7.095E-02 -2.431E+00
INSTANCE WITH CRITICAL ELEMENT: FLUID_EULERIAN-1
Output Field Frame Number   293, with time interval 2.500E-05, at step time 7.325E-03 of 2.000E-02
    43564  7.350E-03 7.350E-03  00:50:10 1.56872E-07       15505  7.008E-02 -2.478E+00
INSTANCE WITH CRITICAL ELEMENT: FLUID_EULERIAN-1
Output Field Frame Number   294, with time interval 2.500E-05, at step time 7.350E-03 of 2.000E-02
    43722  7.375E-03 7.375E-03  00:50:24 1.62722E-07       15319  7.113E-02 -2.525E+00
INSTANCE WITH CRITICAL ELEMENT: FLUID_EULERIAN-1
Output Field Frame Number   295, with time interval 2.500E-05, at step time 7.375E-03 of 2.000E-02
    43876  7.400E-03 7.400E-03  00:50:38 1.53144E-07       11329  7.232E-02 -2.575E+00
INSTANCE WITH CRITICAL ELEMENT: FLUID_EULERIAN-1
Output Field Frame Number   296, with time interval 2.500E-05, at step time 7.400E-03 of 2.000E-02
    44041  7.425E-03 7.425E-03  00:50:53 1.14132E-07        6309  7.320E-02 -2.627E+00
INSTANCE WITH CRITICAL ELEMENT: FLUID_EULERIAN-1
Output Field Frame Number   297, with time interval 2.500E-05, at step time 7.425E-03 of 2.000E-02
    44217  7.450E-03 7.450E-03  00:51:09 1.40801E-07        5431  7.478E-02 -2.679E+00
INSTANCE WITH CRITICAL ELEMENT: FLUID_EULERIAN-1
Output Field Frame Number   298, with time interval 2.500E-05, at step time 7.450E-03 of 2.000E-02
    44397  7.475E-03 7.475E-03  00:51:24 1.41429E-07        7799  7.584E-02 -2.732E+00
INSTANCE WITH CRITICAL ELEMENT: FLUID_EULERIAN-1
Output Field Frame Number   299, with time interval 2.500E-05, at step time 7.475E-03 of 2.000E-02
    44560  7.500E-03 7.500E-03  00:51:39 1.40621E-07        2923  7.661E-02 -2.789E+00
INSTANCE WITH CRITICAL ELEMENT: FLUID_EULERIAN-1
Output Field Frame Number   300, with time interval 2.500E-05, at step time 7.500E-03 of 2.000E-02
    44793  7.525E-03 7.525E-03  00:51:59 8.19638E-08        2923  7.450E-02 -2.845E+00
INSTANCE WITH CRITICAL ELEMENT: FLUID_EULERIAN-1
Output Field Frame Number   301, with time interval 2.500E-05, at step time 7.525E-03 of 2.000E-02
    44983  7.550E-03 7.550E-03  00:52:16 1.18114E-07        3715  7.480E-02 -2.894E+00
INSTANCE WITH CRITICAL ELEMENT: FLUID_EULERIAN-1
Output Field Frame Number   302, with time interval 2.500E-05, at step time 7.550E-03 of 2.000E-02
    45161  7.575E-03 7.575E-03  00:52:31 1.41457E-07        2890  7.566E-02 -2.942E+00
INSTANCE WITH CRITICAL ELEMENT: FLUID_EULERIAN-1
Output Field Frame Number   303, with time interval 2.500E-05, at step time 7.575E-03 of 2.000E-02
    45341  7.600E-03 7.600E-03  00:52:47 1.41493E-07       12195  7.710E-02 -2.989E+00
INSTANCE WITH CRITICAL ELEMENT: FLUID_EULERIAN-1
Output Field Frame Number   304, with time interval 2.500E-05, at step time 7.600E-03 of 2.000E-02
    45526  7.625E-03 7.625E-03  00:53:03 1.67339E-07       13871  7.786E-02 -3.036E+00
INSTANCE WITH CRITICAL ELEMENT: FLUID_EULERIAN-1
Output Field Frame Number   305, with time interval 2.500E-05, at step time 7.625E-03 of 2.000E-02
    45682  7.650E-03 7.650E-03  00:53:17 1.67494E-07       13796  7.830E-02 -3.084E+00
INSTANCE WITH CRITICAL ELEMENT: FLUID_EULERIAN-1
Output Field Frame Number   306, with time interval 2.500E-05, at step time 7.650E-03 of 2.000E-02
    45835  7.675E-03 7.675E-03  00:53:31 1.70320E-07        5464  7.936E-02 -3.133E+00
INSTANCE WITH CRITICAL ELEMENT: FLUID_EULERIAN-1
Output Field Frame Number   307, with time interval 2.500E-05, at step time 7.675E-03 of 2.000E-02
    45990  7.700E-03 7.700E-03  00:53:45 1.64678E-07        9731  8.048E-02 -3.182E+00
INSTANCE WITH CRITICAL ELEMENT: FLUID_EULERIAN-1
Output Field Frame Number   308, with time interval 2.500E-05, at step time 7.700E-03 of 2.000E-02
    46148  7.725E-03 7.725E-03  00:53:59 1.46485E-07        2928  8.049E-02 -3.231E+00
INSTANCE WITH CRITICAL ELEMENT: FLUID_EULERIAN-1
Output Field Frame Number   309, with time interval 2.500E-05, at step time 7.725E-03 of 2.000E-02
    46312  7.750E-03 7.750E-03  00:54:13 1.55585E-07        8021  8.010E-02 -3.283E+00
INSTANCE WITH CRITICAL ELEMENT: FLUID_EULERIAN-1
Output Field Frame Number   310, with time interval 2.500E-05, at step time 7.750E-03 of 2.000E-02
    46493  7.775E-03 7.775E-03  00:54:29 1.56638E-07       12196  7.932E-02 -3.333E+00
INSTANCE WITH CRITICAL ELEMENT: FLUID_EULERIAN-1
Output Field Frame Number   311, with time interval 2.500E-05, at step time 7.775E-03 of 2.000E-02
    46664  7.800E-03 7.800E-03  00:54:44 1.45373E-07       12196  8.068E-02 -3.382E+00
INSTANCE WITH CRITICAL ELEMENT: FLUID_EULERIAN-1
Output Field Frame Number   312, with time interval 2.500E-05, at step time 7.800E-03 of 2.000E-02
    46838  7.825E-03 7.825E-03  00:54:59 1.39847E-07        8021  8.044E-02 -3.431E+00
INSTANCE WITH CRITICAL ELEMENT: FLUID_EULERIAN-1
Output Field Frame Number   313, with time interval 2.500E-05, at step time 7.825E-03 of 2.000E-02
    47012  7.850E-03 7.850E-03  00:55:15 1.40620E-07        2928  8.028E-02 -3.480E+00
INSTANCE WITH CRITICAL ELEMENT: FLUID_EULERIAN-1
Output Field Frame Number   314, with time interval 2.500E-05, at step time 7.850E-03 of 2.000E-02
    47218  7.875E-03 7.875E-03  00:55:32 1.32887E-07       13885  7.938E-02 -3.526E+00
INSTANCE WITH CRITICAL ELEMENT: FLUID_EULERIAN-1
Output Field Frame Number   315, with time interval 2.500E-05, at step time 7.875E-03 of 2.000E-02
    47430  7.900E-03 7.900E-03  00:55:51 1.21111E-07        9570  7.928E-02 -3.570E+00
INSTANCE WITH CRITICAL ELEMENT: FLUID_EULERIAN-1
Output Field Frame Number   316, with time interval 2.500E-05, at step time 7.900E-03 of 2.000E-02
    47623  7.925E-03 7.925E-03  00:56:07 1.17524E-07        8021  7.884E-02 -3.613E+00
INSTANCE WITH CRITICAL ELEMENT: FLUID_EULERIAN-1
Output Field Frame Number   317, with time interval 2.500E-05, at step time 7.925E-03 of 2.000E-02
    47783  7.950E-03 7.950E-03  00:56:22 1.59234E-07       12204  7.923E-02 -3.656E+00
INSTANCE WITH CRITICAL ELEMENT: FLUID_EULERIAN-1
Output Field Frame Number   318, with time interval 2.500E-05, at step time 7.950E-03 of 2.000E-02
    47948  7.975E-03 7.975E-03  00:56:36 1.50051E-07       15411  7.901E-02 -3.701E+00
INSTANCE WITH CRITICAL ELEMENT: FLUID_EULERIAN-1
Output Field Frame Number   319, with time interval 2.500E-05, at step time 7.975E-03 of 2.000E-02

 STEP 1  ORIGIN 0.0000

              STEP     TOTAL      WALL        STABLE    CRITICAL    KINETIC      TOTAL
INCREMENT     TIME      TIME      TIME     INCREMENT     ELEMENT     ENERGY     ENERGY
    48109  8.000E-03 8.000E-03  00:56:50 1.55711E-07       15302  7.928E-02 -3.746E+00
INSTANCE WITH CRITICAL ELEMENT: FLUID_EULERIAN-1
Output Field Frame Number   320, with time interval 2.500E-05, at step time 8.000E-03 of 2.000E-02
    48308  8.025E-03 8.025E-03  00:57:07 1.03337E-07       15367  7.869E-02 -3.789E+00
INSTANCE WITH CRITICAL ELEMENT: FLUID_EULERIAN-1
Output Field Frame Number   321, with time interval 2.500E-05, at step time 8.025E-03 of 2.000E-02
    48508  8.050E-03 8.050E-03  00:57:24 1.21983E-07        8021  7.910E-02 -3.830E+00
INSTANCE WITH CRITICAL ELEMENT: FLUID_EULERIAN-1
Output Field Frame Number   322, with time interval 2.500E-05, at step time 8.050E-03 of 2.000E-02
    48720  8.075E-03 8.075E-03  00:57:42 1.48865E-07        8021  7.884E-02 -3.875E+00
INSTANCE WITH CRITICAL ELEMENT: FLUID_EULERIAN-1
Output Field Frame Number   323, with time interval 2.500E-05, at step time 8.075E-03 of 2.000E-02
    48896  8.100E-03 8.100E-03  00:57:58 1.38443E-07        4209  7.828E-02 -3.920E+00
INSTANCE WITH CRITICAL ELEMENT: FLUID_EULERIAN-1
Output Field Frame Number   324, with time interval 2.500E-05, at step time 8.100E-03 of 2.000E-02
    49065  8.125E-03 8.125E-03  00:58:13 1.60108E-07        3722  7.871E-02 -3.963E+00
INSTANCE WITH CRITICAL ELEMENT: FLUID_EULERIAN-1
Output Field Frame Number   325, with time interval 2.500E-05, at step time 8.125E-03 of 2.000E-02
    49230  8.150E-03 8.150E-03  00:58:27 1.36504E-07        2180  7.937E-02 -4.006E+00
INSTANCE WITH CRITICAL ELEMENT: FLUID_EULERIAN-1
Output Field Frame Number   326, with time interval 2.500E-05, at step time 8.150E-03 of 2.000E-02
    49392  8.175E-03 8.175E-03  00:58:42 1.54515E-07        2890  8.129E-02 -4.047E+00
INSTANCE WITH CRITICAL ELEMENT: FLUID_EULERIAN-1
Output Field Frame Number   327, with time interval 2.500E-05, at step time 8.175E-03 of 2.000E-02
    49576  8.200E-03 8.200E-03  00:58:58 1.31503E-07       17326  8.216E-02 -4.090E+00
INSTANCE WITH CRITICAL ELEMENT: FLUID_EULERIAN-1
Output Field Frame Number   328, with time interval 2.500E-05, at step time 8.200E-03 of 2.000E-02
    49748  8.225E-03 8.225E-03  00:59:13 1.27510E-07       13884  8.447E-02 -4.133E+00
INSTANCE WITH CRITICAL ELEMENT: FLUID_EULERIAN-1
Output Field Frame Number   329, with time interval 2.500E-05, at step time 8.225E-03 of 2.000E-02
    49974  8.250E-03 8.250E-03  00:59:32 7.74892E-08        3680  8.402E-02 -4.182E+00
INSTANCE WITH CRITICAL ELEMENT: FLUID_EULERIAN-1
Output Field Frame Number   330, with time interval 2.500E-05, at step time 8.250E-03 of 2.000E-02
    50384  8.275E-03 8.275E-03  01:00:05 5.80968E-08        3680  8.126E-02 -4.232E+00
INSTANCE WITH CRITICAL ELEMENT: FLUID_EULERIAN-1
Output Field Frame Number   331, with time interval 2.500E-05, at step time 8.275E-03 of 2.000E-02
    50815  8.300E-03 8.300E-03  01:00:40 5.83945E-08        3680  8.000E-02 -4.279E+00
INSTANCE WITH CRITICAL ELEMENT: FLUID_EULERIAN-1
Output Field Frame Number   332, with time interval 2.500E-05, at step time 8.300E-03 of 2.000E-02
    51032  8.325E-03 8.325E-03  01:00:59 1.50953E-07       12197  8.286E-02 -4.330E+00
INSTANCE WITH CRITICAL ELEMENT: FLUID_EULERIAN-1
Output Field Frame Number   333, with time interval 2.500E-05, at step time 8.325E-03 of 2.000E-02
    51204  8.350E-03 8.350E-03  01:01:14 1.44952E-07       12197  8.209E-02 -4.381E+00
INSTANCE WITH CRITICAL ELEMENT: FLUID_EULERIAN-1
Output Field Frame Number   334, with time interval 2.500E-05, at step time 8.350E-03 of 2.000E-02
    51386  8.375E-03 8.375E-03  01:01:29 1.58068E-07       12206  8.209E-02 -4.431E+00
INSTANCE WITH CRITICAL ELEMENT: FLUID_EULERIAN-1
Output Field Frame Number   335, with time interval 2.500E-05, at step time 8.375E-03 of 2.000E-02
    51546  8.400E-03 8.400E-03  01:01:43 1.53763E-07        7138  8.219E-02 -4.484E+00
INSTANCE WITH CRITICAL ELEMENT: FLUID_EULERIAN-1
Output Field Frame Number   336, with time interval 2.500E-05, at step time 8.400E-03 of 2.000E-02
    51712  8.425E-03 8.425E-03  01:01:58 1.50945E-07        2832  8.179E-02 -4.534E+00
INSTANCE WITH CRITICAL ELEMENT: FLUID_EULERIAN-1
Output Field Frame Number   337, with time interval 2.500E-05, at step time 8.425E-03 of 2.000E-02
    51878  8.450E-03 8.450E-03  01:02:12 1.47561E-07       12152  8.181E-02 -4.585E+00
INSTANCE WITH CRITICAL ELEMENT: FLUID_EULERIAN-1
Output Field Frame Number   338, with time interval 2.500E-05, at step time 8.450E-03 of 2.000E-02
    52046  8.475E-03 8.475E-03  01:02:27 1.27493E-07        3669  8.186E-02 -4.637E+00
INSTANCE WITH CRITICAL ELEMENT: FLUID_EULERIAN-1
Output Field Frame Number   339, with time interval 2.500E-05, at step time 8.475E-03 of 2.000E-02
    52214  8.500E-03 8.500E-03  01:02:41 1.46243E-07       15378  8.132E-02 -4.688E+00
INSTANCE WITH CRITICAL ELEMENT: FLUID_EULERIAN-1
Output Field Frame Number   340, with time interval 2.500E-05, at step time 8.500E-03 of 2.000E-02
    52388  8.525E-03 8.525E-03  01:02:56 1.53232E-07        4200  8.058E-02 -4.741E+00
INSTANCE WITH CRITICAL ELEMENT: FLUID_EULERIAN-1
Output Field Frame Number   341, with time interval 2.500E-05, at step time 8.525E-03 of 2.000E-02
    52556  8.550E-03 8.550E-03  01:03:11 1.58199E-07        4202  7.916E-02 -4.794E+00
INSTANCE WITH CRITICAL ELEMENT: FLUID_EULERIAN-1
Output Field Frame Number   342, with time interval 2.500E-05, at step time 8.550E-03 of 2.000E-02
    52713  8.575E-03 8.575E-03  01:03:25 1.61225E-07       15280  7.762E-02 -4.848E+00
INSTANCE WITH CRITICAL ELEMENT: FLUID_EULERIAN-1
Output Field Frame Number   343, with time interval 2.500E-05, at step time 8.575E-03 of 2.000E-02
    52874  8.600E-03 8.600E-03  01:03:38 1.42334E-07       14709  7.567E-02 -4.900E+00
INSTANCE WITH CRITICAL ELEMENT: FLUID_EULERIAN-1
Output Field Frame Number   344, with time interval 2.500E-05, at step time 8.600E-03 of 2.000E-02
    53032  8.625E-03 8.625E-03  01:03:52 1.60260E-07        5392  7.350E-02 -4.951E+00
INSTANCE WITH CRITICAL ELEMENT: FLUID_EULERIAN-1
Output Field Frame Number   345, with time interval 2.500E-05, at step time 8.625E-03 of 2.000E-02
    53180  8.650E-03 8.650E-03  01:04:05 1.68464E-07       15280  7.183E-02 -4.998E+00
INSTANCE WITH CRITICAL ELEMENT: FLUID_EULERIAN-1
Output Field Frame Number   346, with time interval 2.500E-05, at step time 8.650E-03 of 2.000E-02
    53335  8.675E-03 8.675E-03  01:04:18 1.52571E-07       13896  7.060E-02 -5.043E+00
INSTANCE WITH CRITICAL ELEMENT: FLUID_EULERIAN-1
Output Field Frame Number   347, with time interval 2.500E-05, at step time 8.675E-03 of 2.000E-02
    53496  8.700E-03 8.700E-03  01:04:32 1.43822E-07        9576  6.967E-02 -5.086E+00
INSTANCE WITH CRITICAL ELEMENT: FLUID_EULERIAN-1
Output Field Frame Number   348, with time interval 2.500E-05, at step time 8.700E-03 of 2.000E-02
    53653  8.725E-03 8.725E-03  01:04:45 1.48520E-07        5392  6.917E-02 -5.130E+00
INSTANCE WITH CRITICAL ELEMENT: FLUID_EULERIAN-1
Output Field Frame Number   349, with time interval 2.500E-05, at step time 8.725E-03 of 2.000E-02
    53825  8.750E-03 8.750E-03  01:05:00 1.46420E-07        2933  6.817E-02 -5.175E+00
INSTANCE WITH CRITICAL ELEMENT: FLUID_EULERIAN-1
Output Field Frame Number   350, with time interval 2.500E-05, at step time 8.750E-03 of 2.000E-02
    53992  8.775E-03 8.775E-03  01:05:14 1.63338E-07        5393  6.870E-02 -5.219E+00
INSTANCE WITH CRITICAL ELEMENT: FLUID_EULERIAN-1
Output Field Frame Number   351, with time interval 2.500E-05, at step time 8.775E-03 of 2.000E-02
    54153  8.800E-03 8.800E-03  01:05:28 1.57913E-07        5393  6.889E-02 -5.265E+00
INSTANCE WITH CRITICAL ELEMENT: FLUID_EULERIAN-1
Output Field Frame Number   352, with time interval 2.500E-05, at step time 8.800E-03 of 2.000E-02
    54315  8.825E-03 8.825E-03  01:05:42 1.36741E-07        8035  6.972E-02 -5.311E+00
INSTANCE WITH CRITICAL ELEMENT: FLUID_EULERIAN-1
Output Field Frame Number   353, with time interval 2.500E-05, at step time 8.825E-03 of 2.000E-02
    54479  8.850E-03 8.850E-03  01:05:56 1.53832E-07        3725  7.050E-02 -5.356E+00
INSTANCE WITH CRITICAL ELEMENT: FLUID_EULERIAN-1
Output Field Frame Number   354, with time interval 2.500E-05, at step time 8.850E-03 of 2.000E-02
    54647  8.875E-03 8.875E-03  01:06:10 1.51207E-07       14397  7.180E-02 -5.401E+00
INSTANCE WITH CRITICAL ELEMENT: FLUID_EULERIAN-1
Output Field Frame Number   355, with time interval 2.500E-05, at step time 8.875E-03 of 2.000E-02
    54801  8.900E-03 8.900E-03  01:06:24 1.62622E-07       13473  7.347E-02 -5.450E+00
INSTANCE WITH CRITICAL ELEMENT: FLUID_EULERIAN-1
Output Field Frame Number   356, with time interval 2.500E-05, at step time 8.900E-03 of 2.000E-02
    54955  8.925E-03 8.925E-03  01:06:37 1.52973E-07       14397  7.535E-02 -5.498E+00
INSTANCE WITH CRITICAL ELEMENT: FLUID_EULERIAN-1
Output Field Frame Number   357, with time interval 2.500E-05, at step time 8.925E-03 of 2.000E-02
    55111  8.950E-03 8.950E-03  01:06:50 1.56817E-07        3287  7.778E-02 -5.549E+00
INSTANCE WITH CRITICAL ELEMENT: FLUID_EULERIAN-1
Output Field Frame Number   358, with time interval 2.500E-05, at step time 8.950E-03 of 2.000E-02
    55270  8.975E-03 8.975E-03  01:07:03 1.59875E-07       15232  7.981E-02 -5.602E+00
INSTANCE WITH CRITICAL ELEMENT: FLUID_EULERIAN-1
Output Field Frame Number   359, with time interval 2.500E-05, at step time 8.975E-03 of 2.000E-02

 STEP 1  ORIGIN 0.0000

              STEP     TOTAL      WALL        STABLE    CRITICAL    KINETIC      TOTAL
INCREMENT     TIME      TIME      TIME     INCREMENT     ELEMENT     ENERGY     ENERGY
    55453  9.000E-03 9.000E-03  01:07:18 1.03806E-07       15265  7.971E-02 -5.656E+00
INSTANCE WITH CRITICAL ELEMENT: FLUID_EULERIAN-1
Output Field Frame Number   360, with time interval 2.500E-05, at step time 9.000E-03 of 2.000E-02
    55638  9.025E-03 9.025E-03  01:07:34 1.34493E-07        5392  8.166E-02 -5.709E+00
INSTANCE WITH CRITICAL ELEMENT: FLUID_EULERIAN-1
Output Field Frame Number   361, with time interval 2.500E-05, at step time 9.025E-03 of 2.000E-02
    55798  9.050E-03 9.050E-03  01:07:47 1.58786E-07       15232  8.263E-02 -5.760E+00
INSTANCE WITH CRITICAL ELEMENT: FLUID_EULERIAN-1
Output Field Frame Number   362, with time interval 2.500E-05, at step time 9.050E-03 of 2.000E-02
    55965  9.075E-03 9.075E-03  01:08:01 1.55610E-07        5392  8.278E-02 -5.809E+00
INSTANCE WITH CRITICAL ELEMENT: FLUID_EULERIAN-1
Output Field Frame Number   363, with time interval 2.500E-05, at step time 9.075E-03 of 2.000E-02
    56126  9.100E-03 9.100E-03  01:08:14 1.58648E-07       10688  8.340E-02 -5.857E+00
INSTANCE WITH CRITICAL ELEMENT: FLUID_EULERIAN-1
Output Field Frame Number   364, with time interval 2.500E-05, at step time 9.100E-03 of 2.000E-02
    56292  9.125E-03 9.125E-03  01:08:28 1.53312E-07       13420  8.271E-02 -5.905E+00
INSTANCE WITH CRITICAL ELEMENT: FLUID_EULERIAN-1
Output Field Frame Number   365, with time interval 2.500E-05, at step time 9.125E-03 of 2.000E-02
    56464  9.150E-03 9.150E-03  01:08:42 1.48402E-07        6269  8.237E-02 -5.951E+00
INSTANCE WITH CRITICAL ELEMENT: FLUID_EULERIAN-1
Output Field Frame Number   366, with time interval 2.500E-05, at step time 9.150E-03 of 2.000E-02
    56655  9.175E-03 9.175E-03  01:08:57 1.27028E-07        5392  8.208E-02 -5.997E+00
INSTANCE WITH CRITICAL ELEMENT: FLUID_EULERIAN-1
Output Field Frame Number   367, with time interval 2.500E-05, at step time 9.175E-03 of 2.000E-02
    56833  9.200E-03 9.200E-03  01:09:11 1.45430E-07       15273  8.236E-02 -6.043E+00
INSTANCE WITH CRITICAL ELEMENT: FLUID_EULERIAN-1
Output Field Frame Number   368, with time interval 2.500E-05, at step time 9.200E-03 of 2.000E-02
    56998  9.225E-03 9.225E-03  01:09:25 1.61421E-07       14404  8.230E-02 -6.086E+00
INSTANCE WITH CRITICAL ELEMENT: FLUID_EULERIAN-1
Output Field Frame Number   369, with time interval 2.500E-05, at step time 9.225E-03 of 2.000E-02
    57165  9.250E-03 9.250E-03  01:09:38 1.49539E-07       14383  8.336E-02 -6.129E+00
INSTANCE WITH CRITICAL ELEMENT: FLUID_EULERIAN-1
Output Field Frame Number   370, with time interval 2.500E-05, at step time 9.250E-03 of 2.000E-02
    57331  9.275E-03 9.275E-03  01:09:52 1.65371E-07       12490  8.382E-02 -6.173E+00
INSTANCE WITH CRITICAL ELEMENT: FLUID_EULERIAN-1
Output Field Frame Number   371, with time interval 2.500E-05, at step time 9.275E-03 of 2.000E-02
    57495  9.300E-03 9.300E-03  01:10:05 1.52107E-07        8851  8.494E-02 -6.215E+00
INSTANCE WITH CRITICAL ELEMENT: FLUID_EULERIAN-1
Output Field Frame Number   372, with time interval 2.500E-05, at step time 9.300E-03 of 2.000E-02
    57663  9.325E-03 9.325E-03  01:10:18 1.48373E-07       15273  8.746E-02 -6.255E+00
INSTANCE WITH CRITICAL ELEMENT: FLUID_EULERIAN-1
Output Field Frame Number   373, with time interval 2.500E-05, at step time 9.325E-03 of 2.000E-02
    57829  9.350E-03 9.350E-03  01:10:32 1.52260E-07       12490  8.864E-02 -6.295E+00
INSTANCE WITH CRITICAL ELEMENT: FLUID_EULERIAN-1
Output Field Frame Number   374, with time interval 2.500E-05, at step time 9.350E-03 of 2.000E-02
    57998  9.375E-03 9.375E-03  01:10:45 1.46505E-07       10692  8.838E-02 -6.337E+00
INSTANCE WITH CRITICAL ELEMENT: FLUID_EULERIAN-1
Output Field Frame Number   375, with time interval 2.500E-05, at step time 9.375E-03 of 2.000E-02
    58177  9.400E-03 9.400E-03  01:11:00 1.17369E-07        9815  8.804E-02 -6.376E+00
INSTANCE WITH CRITICAL ELEMENT: FLUID_EULERIAN-1
Output Field Frame Number   376, with time interval 2.500E-05, at step time 9.400E-03 of 2.000E-02
    58384  9.425E-03 9.425E-03  01:11:16 1.17330E-07        9815  8.830E-02 -6.416E+00
INSTANCE WITH CRITICAL ELEMENT: FLUID_EULERIAN-1
Output Field Frame Number   377, with time interval 2.500E-05, at step time 9.425E-03 of 2.000E-02
    58593  9.450E-03 9.450E-03  01:11:33 1.23166E-07        9815  8.879E-02 -6.455E+00
INSTANCE WITH CRITICAL ELEMENT: FLUID_EULERIAN-1
Output Field Frame Number   378, with time interval 2.500E-05, at step time 9.450E-03 of 2.000E-02
    58792  9.475E-03 9.475E-03  01:11:48 1.33712E-07        9815  8.987E-02 -6.496E+00
INSTANCE WITH CRITICAL ELEMENT: FLUID_EULERIAN-1
Output Field Frame Number   379, with time interval 2.500E-05, at step time 9.475E-03 of 2.000E-02
    58979  9.500E-03 9.500E-03  01:12:03 1.26239E-07        2361  9.149E-02 -6.535E+00
INSTANCE WITH CRITICAL ELEMENT: FLUID_EULERIAN-1
Output Field Frame Number   380, with time interval 2.500E-05, at step time 9.500E-03 of 2.000E-02
    59151  9.525E-03 9.525E-03  01:12:17 1.56010E-07        2362  9.316E-02 -6.578E+00
INSTANCE WITH CRITICAL ELEMENT: FLUID_EULERIAN-1
Output Field Frame Number   381, with time interval 2.500E-05, at step time 9.525E-03 of 2.000E-02
    59315  9.550E-03 9.550E-03  01:12:30 1.48123E-07        7162  9.285E-02 -6.620E+00
INSTANCE WITH CRITICAL ELEMENT: FLUID_EULERIAN-1
Output Field Frame Number   382, with time interval 2.500E-05, at step time 9.550E-03 of 2.000E-02
    59473  9.575E-03 9.575E-03  01:12:43 1.55497E-07       13414  9.309E-02 -6.665E+00
INSTANCE WITH CRITICAL ELEMENT: FLUID_EULERIAN-1
Output Field Frame Number   383, with time interval 2.500E-05, at step time 9.575E-03 of 2.000E-02
    59646  9.600E-03 9.600E-03  01:12:57 1.57043E-07        2361  9.289E-02 -6.714E+00
INSTANCE WITH CRITICAL ELEMENT: FLUID_EULERIAN-1
Output Field Frame Number   384, with time interval 2.500E-05, at step time 9.600E-03 of 2.000E-02
    59807  9.625E-03 9.625E-03  01:13:09 1.52638E-07        2361  9.240E-02 -6.761E+00
INSTANCE WITH CRITICAL ELEMENT: FLUID_EULERIAN-1
Output Field Frame Number   385, with time interval 2.500E-05, at step time 9.625E-03 of 2.000E-02
    59978  9.650E-03 9.650E-03  01:13:23 1.46579E-07        2361  9.113E-02 -6.810E+00
INSTANCE WITH CRITICAL ELEMENT: FLUID_EULERIAN-1
Output Field Frame Number   386, with time interval 2.500E-05, at step time 9.650E-03 of 2.000E-02
    60170  9.675E-03 9.675E-03  01:13:38 1.51038E-07        2361  8.982E-02 -6.860E+00
INSTANCE WITH CRITICAL ELEMENT: FLUID_EULERIAN-1
Output Field Frame Number   387, with time interval 2.500E-05, at step time 9.675E-03 of 2.000E-02
    60333  9.700E-03 9.700E-03  01:13:51 1.60712E-07       15232  8.886E-02 -6.909E+00
INSTANCE WITH CRITICAL ELEMENT: FLUID_EULERIAN-1
Output Field Frame Number   388, with time interval 2.500E-05, at step time 9.700E-03 of 2.000E-02
    60490  9.725E-03 9.725E-03  01:14:03 1.56431E-07       15232  8.722E-02 -6.959E+00
INSTANCE WITH CRITICAL ELEMENT: FLUID_EULERIAN-1
Output Field Frame Number   389, with time interval 2.500E-05, at step time 9.725E-03 of 2.000E-02
    60651  9.750E-03 9.750E-03  01:14:15 1.50699E-07       15266  8.557E-02 -7.009E+00
INSTANCE WITH CRITICAL ELEMENT: FLUID_EULERIAN-1
Output Field Frame Number   390, with time interval 2.500E-05, at step time 9.750E-03 of 2.000E-02
    60809  9.775E-03 9.775E-03  01:14:28 1.60532E-07        9818  8.430E-02 -7.058E+00
INSTANCE WITH CRITICAL ELEMENT: FLUID_EULERIAN-1
Output Field Frame Number   391, with time interval 2.500E-05, at step time 9.775E-03 of 2.000E-02
    60980  9.800E-03 9.800E-03  01:14:41 1.38406E-07        9868  8.360E-02 -7.104E+00
INSTANCE WITH CRITICAL ELEMENT: FLUID_EULERIAN-1
Output Field Frame Number   392, with time interval 2.500E-05, at step time 9.800E-03 of 2.000E-02
    61157  9.825E-03 9.825E-03  01:14:55 1.68247E-07       13897  8.372E-02 -7.150E+00
INSTANCE WITH CRITICAL ELEMENT: FLUID_EULERIAN-1
Output Field Frame Number   393, with time interval 2.500E-05, at step time 9.825E-03 of 2.000E-02
    61308  9.850E-03 9.850E-03  01:15:06 1.64571E-07       14356  8.503E-02 -7.195E+00
INSTANCE WITH CRITICAL ELEMENT: FLUID_EULERIAN-1
Output Field Frame Number   394, with time interval 2.500E-05, at step time 9.850E-03 of 2.000E-02
    61462  9.875E-03 9.875E-03  01:15:18 1.57433E-07       13898  8.606E-02 -7.239E+00
INSTANCE WITH CRITICAL ELEMENT: FLUID_EULERIAN-1
Output Field Frame Number   395, with time interval 2.500E-05, at step time 9.875E-03 of 2.000E-02
    61621  9.900E-03 9.900E-03  01:15:31 1.44350E-07       15273  8.694E-02 -7.280E+00
INSTANCE WITH CRITICAL ELEMENT: FLUID_EULERIAN-1
Output Field Frame Number   396, with time interval 2.500E-05, at step time 9.900E-03 of 2.000E-02
    61796  9.925E-03 9.925E-03  01:15:44 1.52095E-07       12501  8.873E-02 -7.320E+00
INSTANCE WITH CRITICAL ELEMENT: FLUID_EULERIAN-1
Output Field Frame Number   397, with time interval 2.500E-05, at step time 9.925E-03 of 2.000E-02
    61959  9.950E-03 9.950E-03  01:15:57 1.38695E-07       15273  9.041E-02 -7.364E+00
INSTANCE WITH CRITICAL ELEMENT: FLUID_EULERIAN-1
Output Field Frame Number   398, with time interval 2.500E-05, at step time 9.950E-03 of 2.000E-02
    62131  9.975E-03 9.975E-03  01:16:10 1.57927E-07       15273  9.256E-02 -7.406E+00
INSTANCE WITH CRITICAL ELEMENT: FLUID_EULERIAN-1
Output Field Frame Number   399, with time interval 2.500E-05, at step time 9.975E-03 of 2.000E-02

 STEP 1  ORIGIN 0.0000

              STEP     TOTAL      WALL        STABLE    CRITICAL    KINETIC      TOTAL
INCREMENT     TIME      TIME      TIME     INCREMENT     ELEMENT     ENERGY     ENERGY
    62289  1.000E-02 1.000E-02  01:16:22 1.46290E-07       15273  9.466E-02 -7.450E+00
INSTANCE WITH CRITICAL ELEMENT: FLUID_EULERIAN-1
Output Field Frame Number   400, with time interval 2.500E-05, at step time 1.000E-02 of 2.000E-02
    62456  1.003E-02 1.003E-02  01:16:35 1.62435E-07       13521  9.566E-02 -7.496E+00
INSTANCE WITH CRITICAL ELEMENT: FLUID_EULERIAN-1
Output Field Frame Number   401, with time interval 2.500E-05, at step time 1.003E-02 of 2.000E-02
    62634  1.005E-02 1.005E-02  01:16:49 1.60822E-07       11584  9.647E-02 -7.543E+00
INSTANCE WITH CRITICAL ELEMENT: FLUID_EULERIAN-1
Output Field Frame Number   402, with time interval 2.500E-05, at step time 1.005E-02 of 2.000E-02
    62808  1.008E-02 1.008E-02  01:17:02 1.43134E-07       11611  9.782E-02 -7.595E+00
INSTANCE WITH CRITICAL ELEMENT: FLUID_EULERIAN-1
Output Field Frame Number   403, with time interval 2.500E-05, at step time 1.008E-02 of 2.000E-02
    62974  1.010E-02 1.010E-02  01:17:15 1.67068E-07       11611  9.939E-02 -7.650E+00
INSTANCE WITH CRITICAL ELEMENT: FLUID_EULERIAN-1
Output Field Frame Number   404, with time interval 2.500E-05, at step time 1.010E-02 of 2.000E-02
    63133  1.013E-02 1.013E-02  01:17:27 1.61448E-07        9780  1.007E-01 -7.705E+00
INSTANCE WITH CRITICAL ELEMENT: FLUID_EULERIAN-1
Output Field Frame Number   405, with time interval 2.500E-05, at step time 1.013E-02 of 2.000E-02
    63304  1.015E-02 1.015E-02  01:17:40 1.36312E-07       13413  1.009E-01 -7.759E+00
INSTANCE WITH CRITICAL ELEMENT: FLUID_EULERIAN-1
Output Field Frame Number   406, with time interval 2.500E-05, at step time 1.015E-02 of 2.000E-02
    63481  1.018E-02 1.018E-02  01:17:54 1.54210E-07        8936  1.022E-01 -7.809E+00
INSTANCE WITH CRITICAL ELEMENT: FLUID_EULERIAN-1
Output Field Frame Number   407, with time interval 2.500E-05, at step time 1.018E-02 of 2.000E-02
    63647  1.020E-02 1.020E-02  01:18:07 1.60446E-07       12485  1.034E-01 -7.856E+00
INSTANCE WITH CRITICAL ELEMENT: FLUID_EULERIAN-1
Output Field Frame Number   408, with time interval 2.500E-05, at step time 1.020E-02 of 2.000E-02
    63805  1.023E-02 1.023E-02  01:18:19 1.62695E-07       12485  1.044E-01 -7.908E+00
INSTANCE WITH CRITICAL ELEMENT: FLUID_EULERIAN-1
Output Field Frame Number   409, with time interval 2.500E-05, at step time 1.023E-02 of 2.000E-02
    63965  1.025E-02 1.025E-02  01:18:31 1.55715E-07        9859  1.046E-01 -7.965E+00
INSTANCE WITH CRITICAL ELEMENT: FLUID_EULERIAN-1
Output Field Frame Number   410, with time interval 2.500E-05, at step time 1.025E-02 of 2.000E-02
    64123  1.028E-02 1.028E-02  01:18:43 1.50577E-07       13453  1.027E-01 -8.022E+00
INSTANCE WITH CRITICAL ELEMENT: FLUID_EULERIAN-1
Output Field Frame Number   411, with time interval 2.500E-05, at step time 1.028E-02 of 2.000E-02
    64287  1.030E-02 1.030E-02  01:18:55 1.51773E-07        8898  1.009E-01 -8.083E+00
INSTANCE WITH CRITICAL ELEMENT: FLUID_EULERIAN-1
Output Field Frame Number   412, with time interval 2.500E-05, at step time 1.030E-02 of 2.000E-02
    64453  1.033E-02 1.033E-02  01:19:08 1.60206E-07        9864  9.824E-02 -8.146E+00
INSTANCE WITH CRITICAL ELEMENT: FLUID_EULERIAN-1
Output Field Frame Number   413, with time interval 2.500E-05, at step time 1.033E-02 of 2.000E-02
    64614  1.035E-02 1.035E-02  01:19:20 1.57066E-07       15277  9.850E-02 -8.204E+00
INSTANCE WITH CRITICAL ELEMENT: FLUID_EULERIAN-1
Output Field Frame Number   414, with time interval 2.500E-05, at step time 1.035E-02 of 2.000E-02
    64779  1.038E-02 1.038E-02  01:19:32 1.67176E-07        9780  9.896E-02 -8.265E+00
INSTANCE WITH CRITICAL ELEMENT: FLUID_EULERIAN-1
Output Field Frame Number   415, with time interval 2.500E-05, at step time 1.038E-02 of 2.000E-02
    64943  1.040E-02 1.040E-02  01:19:45 1.47861E-07       15273  9.888E-02 -8.329E+00
INSTANCE WITH CRITICAL ELEMENT: FLUID_EULERIAN-1
Output Field Frame Number   416, with time interval 2.500E-05, at step time 1.040E-02 of 2.000E-02
    65103  1.043E-02 1.043E-02  01:19:57 1.62769E-07       15234  9.779E-02 -8.396E+00
INSTANCE WITH CRITICAL ELEMENT: FLUID_EULERIAN-1
Output Field Frame Number   417, with time interval 2.500E-05, at step time 1.043E-02 of 2.000E-02
    65277  1.045E-02 1.045E-02  01:20:09 1.53261E-07       13385  9.804E-02 -8.456E+00
INSTANCE WITH CRITICAL ELEMENT: FLUID_EULERIAN-1
Output Field Frame Number   418, with time interval 2.500E-05, at step time 1.045E-02 of 2.000E-02
    65439  1.048E-02 1.048E-02  01:20:22 1.49824E-07       15274  9.864E-02 -8.514E+00
INSTANCE WITH CRITICAL ELEMENT: FLUID_EULERIAN-1
Output Field Frame Number   419, with time interval 2.500E-05, at step time 1.048E-02 of 2.000E-02
    65595  1.050E-02 1.050E-02  01:20:33 1.65704E-07       14354  9.873E-02 -8.571E+00
INSTANCE WITH CRITICAL ELEMENT: FLUID_EULERIAN-1
Output Field Frame Number   420, with time interval 2.500E-05, at step time 1.050E-02 of 2.000E-02
    65752  1.053E-02 1.053E-02  01:20:45 1.61639E-07       15273  9.777E-02 -8.624E+00
INSTANCE WITH CRITICAL ELEMENT: FLUID_EULERIAN-1
Output Field Frame Number   421, with time interval 2.500E-05, at step time 1.053E-02 of 2.000E-02
    65913  1.055E-02 1.055E-02  01:20:57 1.36672E-07       12501  9.788E-02 -8.674E+00
INSTANCE WITH CRITICAL ELEMENT: FLUID_EULERIAN-1
Output Field Frame Number   422, with time interval 2.500E-05, at step time 1.055E-02 of 2.000E-02
    66092  1.058E-02 1.058E-02  01:21:10 1.50294E-07       15274  9.746E-02 -8.724E+00
INSTANCE WITH CRITICAL ELEMENT: FLUID_EULERIAN-1
Output Field Frame Number   423, with time interval 2.500E-05, at step time 1.058E-02 of 2.000E-02
    66252  1.060E-02 1.060E-02  01:21:22 1.49324E-07       15273  9.761E-02 -8.769E+00
INSTANCE WITH CRITICAL ELEMENT: FLUID_EULERIAN-1
Output Field Frame Number   424, with time interval 2.500E-05, at step time 1.060E-02 of 2.000E-02
    66410  1.063E-02 1.063E-02  01:21:34 1.64937E-07        9780  9.831E-02 -8.807E+00
INSTANCE WITH CRITICAL ELEMENT: FLUID_EULERIAN-1
Output Field Frame Number   425, with time interval 2.500E-05, at step time 1.063E-02 of 2.000E-02
    66572  1.065E-02 1.065E-02  01:21:46 1.59318E-07        5141  9.907E-02 -8.845E+00
INSTANCE WITH CRITICAL ELEMENT: FLUID_EULERIAN-1
Output Field Frame Number   426, with time interval 2.500E-05, at step time 1.065E-02 of 2.000E-02
    66729  1.068E-02 1.068E-02  01:21:57 1.59023E-07        5142  9.902E-02 -8.884E+00
INSTANCE WITH CRITICAL ELEMENT: FLUID_EULERIAN-1
Output Field Frame Number   427, with time interval 2.500E-05, at step time 1.068E-02 of 2.000E-02
    66899  1.070E-02 1.070E-02  01:22:09 1.59014E-07       15274  9.833E-02 -8.926E+00
INSTANCE WITH CRITICAL ELEMENT: FLUID_EULERIAN-1
Output Field Frame Number   428, with time interval 2.500E-05, at step time 1.070E-02 of 2.000E-02
    67055  1.073E-02 1.073E-02  01:22:20 1.60271E-07       16112  9.812E-02 -8.969E+00
INSTANCE WITH CRITICAL ELEMENT: FLUID_EULERIAN-1
Output Field Frame Number   429, with time interval 2.500E-05, at step time 1.073E-02 of 2.000E-02
    67211  1.075E-02 1.075E-02  01:22:32 1.65935E-07       13381  9.846E-02 -9.011E+00
INSTANCE WITH CRITICAL ELEMENT: FLUID_EULERIAN-1
Output Field Frame Number   430, with time interval 2.500E-05, at step time 1.075E-02 of 2.000E-02
    67369  1.078E-02 1.078E-02  01:22:43 1.66020E-07       15273  9.692E-02 -9.055E+00
INSTANCE WITH CRITICAL ELEMENT: FLUID_EULERIAN-1
Output Field Frame Number   431, with time interval 2.500E-05, at step time 1.078E-02 of 2.000E-02
    67526  1.080E-02 1.080E-02  01:22:55 1.63587E-07       11627  9.654E-02 -9.088E+00
INSTANCE WITH CRITICAL ELEMENT: FLUID_EULERIAN-1
Output Field Frame Number   432, with time interval 2.500E-05, at step time 1.080E-02 of 2.000E-02
    67702  1.083E-02 1.083E-02  01:23:08 1.62089E-07       13380  9.580E-02 -9.118E+00
INSTANCE WITH CRITICAL ELEMENT: FLUID_EULERIAN-1
Output Field Frame Number   433, with time interval 2.500E-05, at step time 1.083E-02 of 2.000E-02
    67857  1.085E-02 1.085E-02  01:23:19 1.49441E-07        5391  9.539E-02 -9.155E+00
INSTANCE WITH CRITICAL ELEMENT: FLUID_EULERIAN-1
Output Field Frame Number   434, with time interval 2.500E-05, at step time 1.085E-02 of 2.000E-02
    68020  1.088E-02 1.088E-02  01:23:31 1.59970E-07       15275  9.534E-02 -9.191E+00
INSTANCE WITH CRITICAL ELEMENT: FLUID_EULERIAN-1
Output Field Frame Number   435, with time interval 2.500E-05, at step time 1.088E-02 of 2.000E-02
    68173  1.090E-02 1.090E-02  01:23:42 1.55461E-07        9780  9.596E-02 -9.227E+00
INSTANCE WITH CRITICAL ELEMENT: FLUID_EULERIAN-1
Output Field Frame Number   436, with time interval 2.500E-05, at step time 1.090E-02 of 2.000E-02
    68330  1.093E-02 1.093E-02  01:23:53 1.54518E-07        8900  9.708E-02 -9.266E+00
INSTANCE WITH CRITICAL ELEMENT: FLUID_EULERIAN-1
Output Field Frame Number   437, with time interval 2.500E-05, at step time 1.093E-02 of 2.000E-02
    68486  1.095E-02 1.095E-02  01:24:04 1.61952E-07       15241  9.762E-02 -9.304E+00
INSTANCE WITH CRITICAL ELEMENT: FLUID_EULERIAN-1
Output Field Frame Number   438, with time interval 2.500E-05, at step time 1.095E-02 of 2.000E-02
    68641  1.098E-02 1.098E-02  01:24:16 1.73210E-07       14356  9.889E-02 -9.341E+00
INSTANCE WITH CRITICAL ELEMENT: FLUID_EULERIAN-1
Output Field Frame Number   439, with time interval 2.500E-05, at step time 1.098E-02 of 2.000E-02

 STEP 1  ORIGIN 0.0000

              STEP     TOTAL      WALL        STABLE    CRITICAL    KINETIC      TOTAL
INCREMENT     TIME      TIME      TIME     INCREMENT     ELEMENT     ENERGY     ENERGY
    68793  1.100E-02 1.100E-02  01:24:27 1.65801E-07        8898  9.916E-02 -9.375E+00
INSTANCE WITH CRITICAL ELEMENT: FLUID_EULERIAN-1
Output Field Frame Number   440, with time interval 2.500E-05, at step time 1.100E-02 of 2.000E-02
    68959  1.103E-02 1.103E-02  01:24:38 1.61705E-07        8900  9.953E-02 -9.412E+00
INSTANCE WITH CRITICAL ELEMENT: FLUID_EULERIAN-1
Output Field Frame Number   441, with time interval 2.500E-05, at step time 1.103E-02 of 2.000E-02
    69135  1.105E-02 1.105E-02  01:24:51 1.67644E-07        9780  9.902E-02 -9.447E+00
INSTANCE WITH CRITICAL ELEMENT: FLUID_EULERIAN-1
Output Field Frame Number   442, with time interval 2.500E-05, at step time 1.105E-02 of 2.000E-02
    69293  1.108E-02 1.108E-02  01:25:02 1.67562E-07       16112  9.891E-02 -9.482E+00
INSTANCE WITH CRITICAL ELEMENT: FLUID_EULERIAN-1
Output Field Frame Number   443, with time interval 2.500E-05, at step time 1.108E-02 of 2.000E-02
    69448  1.110E-02 1.110E-02  01:25:13 1.59484E-07        8939  9.887E-02 -9.508E+00
INSTANCE WITH CRITICAL ELEMENT: FLUID_EULERIAN-1
Output Field Frame Number   444, with time interval 2.500E-05, at step time 1.110E-02 of 2.000E-02
    69601  1.113E-02 1.113E-02  01:25:24 1.55171E-07        8900  9.969E-02 -9.531E+00
INSTANCE WITH CRITICAL ELEMENT: FLUID_EULERIAN-1
Output Field Frame Number   445, with time interval 2.500E-05, at step time 1.113E-02 of 2.000E-02
    69754  1.115E-02 1.115E-02  01:25:35 1.57947E-07        8900  1.008E-01 -9.562E+00
INSTANCE WITH CRITICAL ELEMENT: FLUID_EULERIAN-1
Output Field Frame Number   446, with time interval 2.500E-05, at step time 1.115E-02 of 2.000E-02
    69911  1.118E-02 1.118E-02  01:25:47 1.60330E-07       15234  1.007E-01 -9.597E+00
INSTANCE WITH CRITICAL ELEMENT: FLUID_EULERIAN-1
Output Field Frame Number   447, with time interval 2.500E-05, at step time 1.118E-02 of 2.000E-02
    70068  1.120E-02 1.120E-02  01:25:58 1.39295E-07       12500  1.006E-01 -9.631E+00
INSTANCE WITH CRITICAL ELEMENT: FLUID_EULERIAN-1
Output Field Frame Number   448, with time interval 2.500E-05, at step time 1.120E-02 of 2.000E-02
    70237  1.123E-02 1.123E-02  01:26:10 1.59209E-07        2740  1.014E-01 -9.660E+00
INSTANCE WITH CRITICAL ELEMENT: FLUID_EULERIAN-1
Output Field Frame Number   449, with time interval 2.500E-05, at step time 1.123E-02 of 2.000E-02
    70403  1.125E-02 1.125E-02  01:26:21 1.54244E-07       10698  1.021E-01 -9.682E+00
INSTANCE WITH CRITICAL ELEMENT: FLUID_EULERIAN-1
Output Field Frame Number   450, with time interval 2.500E-05, at step time 1.125E-02 of 2.000E-02
    70566  1.128E-02 1.128E-02  01:26:33 1.61810E-07        9780  1.028E-01 -9.707E+00
INSTANCE WITH CRITICAL ELEMENT: FLUID_EULERIAN-1
Output Field Frame Number   451, with time interval 2.500E-05, at step time 1.128E-02 of 2.000E-02
    70725  1.130E-02 1.130E-02  01:26:44 1.64880E-07       14350  1.034E-01 -9.735E+00
INSTANCE WITH CRITICAL ELEMENT: FLUID_EULERIAN-1
Output Field Frame Number   452, with time interval 2.500E-05, at step time 1.130E-02 of 2.000E-02
    70889  1.133E-02 1.133E-02  01:26:56 1.74617E-07       10423  1.033E-01 -9.764E+00
INSTANCE WITH CRITICAL ELEMENT: FLUID_EULERIAN-1
Output Field Frame Number   453, with time interval 2.500E-05, at step time 1.133E-02 of 2.000E-02
    71069  1.135E-02 1.135E-02  01:27:08 1.71347E-07       12313  1.017E-01 -9.795E+00
INSTANCE WITH CRITICAL ELEMENT: FLUID_EULERIAN-1
Output Field Frame Number   454, with time interval 2.500E-05, at step time 1.135E-02 of 2.000E-02
    71227  1.138E-02 1.138E-02  01:27:19 1.50272E-07       14355  1.006E-01 -9.829E+00
INSTANCE WITH CRITICAL ELEMENT: FLUID_EULERIAN-1
Output Field Frame Number   455, with time interval 2.500E-05, at step time 1.138E-02 of 2.000E-02
    71399  1.140E-02 1.140E-02  01:27:31 1.66959E-07       14355  9.904E-02 -9.863E+00
INSTANCE WITH CRITICAL ELEMENT: FLUID_EULERIAN-1
Output Field Frame Number   456, with time interval 2.500E-05, at step time 1.140E-02 of 2.000E-02
    71559  1.143E-02 1.143E-02  01:27:42 1.69480E-07       14350  9.767E-02 -9.890E+00
INSTANCE WITH CRITICAL ELEMENT: FLUID_EULERIAN-1
Output Field Frame Number   457, with time interval 2.500E-05, at step time 1.143E-02 of 2.000E-02
    71711  1.145E-02 1.145E-02  01:27:53 1.47413E-07       16155  9.777E-02 -9.909E+00
INSTANCE WITH CRITICAL ELEMENT: FLUID_EULERIAN-1
Output Field Frame Number   458, with time interval 2.500E-05, at step time 1.145E-02 of 2.000E-02
    71873  1.148E-02 1.148E-02  01:28:04 1.51761E-07        7134  9.778E-02 -9.925E+00
INSTANCE WITH CRITICAL ELEMENT: FLUID_EULERIAN-1
Output Field Frame Number   459, with time interval 2.500E-05, at step time 1.148E-02 of 2.000E-02
    72032  1.150E-02 1.150E-02  01:28:15 1.72953E-07        9025  9.997E-02 -9.945E+00
INSTANCE WITH CRITICAL ELEMENT: FLUID_EULERIAN-1
Output Field Frame Number   460, with time interval 2.500E-05, at step time 1.150E-02 of 2.000E-02
    72194  1.153E-02 1.153E-02  01:28:26 1.26890E-07       14309  9.795E-02 -9.968E+00
INSTANCE WITH CRITICAL ELEMENT: FLUID_EULERIAN-1
Output Field Frame Number   461, with time interval 2.500E-05, at step time 1.153E-02 of 2.000E-02
    72354  1.155E-02 1.155E-02  01:28:37 1.39699E-07        9868  9.696E-02 -9.993E+00
INSTANCE WITH CRITICAL ELEMENT: FLUID_EULERIAN-1
Output Field Frame Number   462, with time interval 2.500E-05, at step time 1.155E-02 of 2.000E-02
    72511  1.158E-02 1.158E-02  01:28:48 1.70582E-07       13388  9.532E-02 -1.002E+01
INSTANCE WITH CRITICAL ELEMENT: FLUID_EULERIAN-1
Output Field Frame Number   463, with time interval 2.500E-05, at step time 1.158E-02 of 2.000E-02
    72660  1.160E-02 1.160E-02  01:28:59 1.56423E-07        7136  9.373E-02 -1.006E+01
INSTANCE WITH CRITICAL ELEMENT: FLUID_EULERIAN-1
Output Field Frame Number   464, with time interval 2.500E-05, at step time 1.160E-02 of 2.000E-02
    72810  1.163E-02 1.163E-02  01:29:09 1.72730E-07        8017  9.311E-02 -1.009E+01
INSTANCE WITH CRITICAL ELEMENT: FLUID_EULERIAN-1
Output Field Frame Number   465, with time interval 2.500E-05, at step time 1.163E-02 of 2.000E-02
    72960  1.165E-02 1.165E-02  01:29:20 1.60391E-07       12501  9.356E-02 -1.011E+01
INSTANCE WITH CRITICAL ELEMENT: FLUID_EULERIAN-1
Output Field Frame Number   466, with time interval 2.500E-05, at step time 1.165E-02 of 2.000E-02
    73111  1.168E-02 1.168E-02  01:29:30 1.69833E-07        7865  9.421E-02 -1.012E+01
INSTANCE WITH CRITICAL ELEMENT: FLUID_EULERIAN-1
Output Field Frame Number   467, with time interval 2.500E-05, at step time 1.168E-02 of 2.000E-02
    73263  1.170E-02 1.170E-02  01:29:41 1.65978E-07        9780  9.474E-02 -1.014E+01
INSTANCE WITH CRITICAL ELEMENT: FLUID_EULERIAN-1
Output Field Frame Number   468, with time interval 2.500E-05, at step time 1.170E-02 of 2.000E-02
    73413  1.173E-02 1.173E-02  01:29:51 1.62983E-07        8061  9.504E-02 -1.016E+01
INSTANCE WITH CRITICAL ELEMENT: FLUID_EULERIAN-1
Output Field Frame Number   469, with time interval 2.500E-05, at step time 1.173E-02 of 2.000E-02
    73565  1.175E-02 1.175E-02  01:30:01 1.63985E-07       12501  9.589E-02 -1.018E+01
INSTANCE WITH CRITICAL ELEMENT: FLUID_EULERIAN-1
Output Field Frame Number   470, with time interval 2.500E-05, at step time 1.175E-02 of 2.000E-02
    73720  1.178E-02 1.178E-02  01:30:12 1.53526E-07       14354  9.672E-02 -1.020E+01
INSTANCE WITH CRITICAL ELEMENT: FLUID_EULERIAN-1
Output Field Frame Number   471, with time interval 2.500E-05, at step time 1.178E-02 of 2.000E-02
    73873  1.180E-02 1.180E-02  01:30:22 1.68015E-07        8942  9.700E-02 -1.022E+01
INSTANCE WITH CRITICAL ELEMENT: FLUID_EULERIAN-1
Output Field Frame Number   472, with time interval 2.500E-05, at step time 1.180E-02 of 2.000E-02
    74025  1.183E-02 1.183E-02  01:30:33 1.68569E-07        9780  9.774E-02 -1.025E+01
INSTANCE WITH CRITICAL ELEMENT: FLUID_EULERIAN-1
Output Field Frame Number   473, with time interval 2.500E-05, at step time 1.183E-02 of 2.000E-02
    74175  1.185E-02 1.185E-02  01:30:43 1.45831E-07        6903  9.805E-02 -1.028E+01
INSTANCE WITH CRITICAL ELEMENT: FLUID_EULERIAN-1
Output Field Frame Number   474, with time interval 2.500E-05, at step time 1.185E-02 of 2.000E-02
    74330  1.188E-02 1.188E-02  01:30:54 1.64242E-07        8939  9.758E-02 -1.032E+01
INSTANCE WITH CRITICAL ELEMENT: FLUID_EULERIAN-1
Output Field Frame Number   475, with time interval 2.500E-05, at step time 1.188E-02 of 2.000E-02
    74489  1.190E-02 1.190E-02  01:31:04 1.55469E-07        8058  9.723E-02 -1.035E+01
INSTANCE WITH CRITICAL ELEMENT: FLUID_EULERIAN-1
Output Field Frame Number   476, with time interval 2.500E-05, at step time 1.190E-02 of 2.000E-02
    74645  1.193E-02 1.193E-02  01:31:15 1.65776E-07       13387  9.692E-02 -1.038E+01
INSTANCE WITH CRITICAL ELEMENT: FLUID_EULERIAN-1
Output Field Frame Number   477, with time interval 2.500E-05, at step time 1.193E-02 of 2.000E-02
    74799  1.195E-02 1.195E-02  01:31:25 1.62202E-07        8893  9.728E-02 -1.041E+01
INSTANCE WITH CRITICAL ELEMENT: FLUID_EULERIAN-1
Output Field Frame Number   478, with time interval 2.500E-05, at step time 1.195E-02 of 2.000E-02
    74949  1.198E-02 1.198E-02  01:31:36 1.62524E-07        9780  9.864E-02 -1.044E+01
INSTANCE WITH CRITICAL ELEMENT: FLUID_EULERIAN-1
Output Field Frame Number   479, with time interval 2.500E-05, at step time 1.198E-02 of 2.000E-02

 STEP 1  ORIGIN 0.0000

              STEP     TOTAL      WALL        STABLE    CRITICAL    KINETIC      TOTAL
INCREMENT     TIME      TIME      TIME     INCREMENT     ELEMENT     ENERGY     ENERGY
    75101  1.200E-02 1.200E-02  01:31:46 1.66980E-07       14307  9.829E-02 -1.047E+01
INSTANCE WITH CRITICAL ELEMENT: FLUID_EULERIAN-1
Output Field Frame Number   480, with time interval 2.500E-05, at step time 1.200E-02 of 2.000E-02
    75255  1.203E-02 1.203E-02  01:31:56 1.44975E-07       14306  9.815E-02 -1.050E+01
INSTANCE WITH CRITICAL ELEMENT: FLUID_EULERIAN-1
Output Field Frame Number   481, with time interval 2.500E-05, at step time 1.203E-02 of 2.000E-02
    75420  1.205E-02 1.205E-02  01:32:07 1.62419E-07        9780  9.682E-02 -1.055E+01
INSTANCE WITH CRITICAL ELEMENT: FLUID_EULERIAN-1
Output Field Frame Number   482, with time interval 2.500E-05, at step time 1.205E-02 of 2.000E-02
    75577  1.208E-02 1.208E-02  01:32:18 1.51451E-07        9780  9.665E-02 -1.058E+01
INSTANCE WITH CRITICAL ELEMENT: FLUID_EULERIAN-1
Output Field Frame Number   483, with time interval 2.500E-05, at step time 1.208E-02 of 2.000E-02
    75728  1.210E-02 1.210E-02  01:32:28 1.69883E-07       17020  9.639E-02 -1.062E+01
INSTANCE WITH CRITICAL ELEMENT: FLUID_EULERIAN-1
Output Field Frame Number   484, with time interval 2.500E-05, at step time 1.210E-02 of 2.000E-02
    75881  1.213E-02 1.213E-02  01:32:38 1.67425E-07       17020  9.589E-02 -1.065E+01
INSTANCE WITH CRITICAL ELEMENT: FLUID_EULERIAN-1
Output Field Frame Number   485, with time interval 2.500E-05, at step time 1.213E-02 of 2.000E-02
    76033  1.215E-02 1.215E-02  01:32:48 1.68262E-07        8894  9.511E-02 -1.068E+01
INSTANCE WITH CRITICAL ELEMENT: FLUID_EULERIAN-1
Output Field Frame Number   486, with time interval 2.500E-05, at step time 1.215E-02 of 2.000E-02
    76189  1.218E-02 1.218E-02  01:32:58 1.66013E-07        2358  9.496E-02 -1.072E+01
INSTANCE WITH CRITICAL ELEMENT: FLUID_EULERIAN-1
Output Field Frame Number   487, with time interval 2.500E-05, at step time 1.218E-02 of 2.000E-02
    76351  1.220E-02 1.220E-02  01:33:09 1.44238E-07        7224  9.398E-02 -1.075E+01
INSTANCE WITH CRITICAL ELEMENT: FLUID_EULERIAN-1
Output Field Frame Number   488, with time interval 2.500E-05, at step time 1.220E-02 of 2.000E-02
    76516  1.223E-02 1.223E-02  01:33:20 1.58239E-07        7224  9.335E-02 -1.078E+01
INSTANCE WITH CRITICAL ELEMENT: FLUID_EULERIAN-1
Output Field Frame Number   489, with time interval 2.500E-05, at step time 1.223E-02 of 2.000E-02
    76673  1.225E-02 1.225E-02  01:33:31 1.52554E-07       15305  9.311E-02 -1.081E+01
INSTANCE WITH CRITICAL ELEMENT: FLUID_EULERIAN-1
Output Field Frame Number   490, with time interval 2.500E-05, at step time 1.225E-02 of 2.000E-02
    76830  1.228E-02 1.228E-02  01:33:41 1.62344E-07       14266  9.301E-02 -1.084E+01
INSTANCE WITH CRITICAL ELEMENT: FLUID_EULERIAN-1
Output Field Frame Number   491, with time interval 2.500E-05, at step time 1.228E-02 of 2.000E-02
    76982  1.230E-02 1.230E-02  01:33:52 1.69226E-07       14266  9.296E-02 -1.086E+01
INSTANCE WITH CRITICAL ELEMENT: FLUID_EULERIAN-1
Output Field Frame Number   492, with time interval 2.500E-05, at step time 1.230E-02 of 2.000E-02
    77134  1.233E-02 1.233E-02  01:34:02 1.37800E-07        6951  9.246E-02 -1.089E+01
INSTANCE WITH CRITICAL ELEMENT: FLUID_EULERIAN-1
Output Field Frame Number   493, with time interval 2.500E-05, at step time 1.233E-02 of 2.000E-02
    77338  1.235E-02 1.235E-02  01:34:15 1.08028E-07       14305  9.156E-02 -1.092E+01
INSTANCE WITH CRITICAL ELEMENT: FLUID_EULERIAN-1
Output Field Frame Number   494, with time interval 2.500E-05, at step time 1.235E-02 of 2.000E-02
    77571  1.238E-02 1.238E-02  01:34:30 1.08845E-07       14305  9.083E-02 -1.094E+01
INSTANCE WITH CRITICAL ELEMENT: FLUID_EULERIAN-1
Output Field Frame Number   495, with time interval 2.500E-05, at step time 1.238E-02 of 2.000E-02
    77810  1.240E-02 1.240E-02  01:34:46 1.01443E-07       14305  9.056E-02 -1.096E+01
INSTANCE WITH CRITICAL ELEMENT: FLUID_EULERIAN-1
Output Field Frame Number   496, with time interval 2.500E-05, at step time 1.240E-02 of 2.000E-02
    78049  1.243E-02 1.243E-02  01:35:01 1.06984E-07       14305  9.103E-02 -1.098E+01
INSTANCE WITH CRITICAL ELEMENT: FLUID_EULERIAN-1
Output Field Frame Number   497, with time interval 2.500E-05, at step time 1.243E-02 of 2.000E-02
    78277  1.245E-02 1.245E-02  01:35:16 1.64887E-07       15472  9.190E-02 -1.100E+01
INSTANCE WITH CRITICAL ELEMENT: FLUID_EULERIAN-1
Output Field Frame Number   498, with time interval 2.500E-05, at step time 1.245E-02 of 2.000E-02
    78439  1.248E-02 1.248E-02  01:35:27 1.59002E-07        9780  9.260E-02 -1.102E+01
INSTANCE WITH CRITICAL ELEMENT: FLUID_EULERIAN-1
Output Field Frame Number   499, with time interval 2.500E-05, at step time 1.248E-02 of 2.000E-02
    78599  1.250E-02 1.250E-02  01:35:37 1.54037E-07       15472  9.258E-02 -1.104E+01
INSTANCE WITH CRITICAL ELEMENT: FLUID_EULERIAN-1
Output Field Frame Number   500, with time interval 2.500E-05, at step time 1.250E-02 of 2.000E-02
    78763  1.253E-02 1.253E-02  01:35:48 1.51027E-07       15472  9.367E-02 -1.107E+01
INSTANCE WITH CRITICAL ELEMENT: FLUID_EULERIAN-1
Output Field Frame Number   501, with time interval 2.500E-05, at step time 1.253E-02 of 2.000E-02
    78931  1.255E-02 1.255E-02  01:35:59 1.47725E-07       15472  9.248E-02 -1.109E+01
INSTANCE WITH CRITICAL ELEMENT: FLUID_EULERIAN-1
Output Field Frame Number   502, with time interval 2.500E-05, at step time 1.255E-02 of 2.000E-02
    79088  1.258E-02 1.258E-02  01:36:09 1.70496E-07       14266  9.075E-02 -1.112E+01
INSTANCE WITH CRITICAL ELEMENT: FLUID_EULERIAN-1
Output Field Frame Number   503, with time interval 2.500E-05, at step time 1.258E-02 of 2.000E-02
    79238  1.260E-02 1.260E-02  01:36:19 1.67700E-07        9779  8.944E-02 -1.114E+01
INSTANCE WITH CRITICAL ELEMENT: FLUID_EULERIAN-1
Output Field Frame Number   504, with time interval 2.500E-05, at step time 1.260E-02 of 2.000E-02
    79399  1.263E-02 1.263E-02  01:36:30 1.61310E-07        8894  8.825E-02 -1.117E+01
INSTANCE WITH CRITICAL ELEMENT: FLUID_EULERIAN-1
Output Field Frame Number   505, with time interval 2.500E-05, at step time 1.263E-02 of 2.000E-02
    79548  1.265E-02 1.265E-02  01:36:39 1.70714E-07        8894  8.759E-02 -1.119E+01
INSTANCE WITH CRITICAL ELEMENT: FLUID_EULERIAN-1
Output Field Frame Number   506, with time interval 2.500E-05, at step time 1.265E-02 of 2.000E-02
    79700  1.268E-02 1.268E-02  01:36:49 1.70827E-07       12205  8.809E-02 -1.121E+01
INSTANCE WITH CRITICAL ELEMENT: FLUID_EULERIAN-1
Output Field Frame Number   507, with time interval 2.500E-05, at step time 1.268E-02 of 2.000E-02
    79856  1.270E-02 1.270E-02  01:36:59 1.71201E-07        8942  8.898E-02 -1.122E+01
INSTANCE WITH CRITICAL ELEMENT: FLUID_EULERIAN-1
Output Field Frame Number   508, with time interval 2.500E-05, at step time 1.270E-02 of 2.000E-02
    80011  1.273E-02 1.273E-02  01:37:10 1.49957E-07        8942  8.989E-02 -1.123E+01
INSTANCE WITH CRITICAL ELEMENT: FLUID_EULERIAN-1
Output Field Frame Number   509, with time interval 2.500E-05, at step time 1.273E-02 of 2.000E-02
    80167  1.275E-02 1.275E-02  01:37:20 1.69664E-07       15515  9.032E-02 -1.124E+01
INSTANCE WITH CRITICAL ELEMENT: FLUID_EULERIAN-1
Output Field Frame Number   510, with time interval 2.500E-05, at step time 1.275E-02 of 2.000E-02
    80319  1.278E-02 1.278E-02  01:37:30 1.61970E-07        2357  9.044E-02 -1.126E+01
INSTANCE WITH CRITICAL ELEMENT: FLUID_EULERIAN-1
Output Field Frame Number   511, with time interval 2.500E-05, at step time 1.278E-02 of 2.000E-02
    80470  1.280E-02 1.280E-02  01:37:39 1.67873E-07       15515  9.003E-02 -1.129E+01
INSTANCE WITH CRITICAL ELEMENT: FLUID_EULERIAN-1
Output Field Frame Number   512, with time interval 2.500E-05, at step time 1.280E-02 of 2.000E-02
    80623  1.283E-02 1.283E-02  01:37:49 1.57500E-07        8893  9.020E-02 -1.131E+01
INSTANCE WITH CRITICAL ELEMENT: FLUID_EULERIAN-1
Output Field Frame Number   513, with time interval 2.500E-05, at step time 1.283E-02 of 2.000E-02
    80776  1.285E-02 1.285E-02  01:37:59 1.64807E-07       10702  9.012E-02 -1.133E+01
INSTANCE WITH CRITICAL ELEMENT: FLUID_EULERIAN-1
Output Field Frame Number   514, with time interval 2.500E-05, at step time 1.285E-02 of 2.000E-02
    80930  1.288E-02 1.288E-02  01:38:09 1.65132E-07       15515  9.001E-02 -1.135E+01
INSTANCE WITH CRITICAL ELEMENT: FLUID_EULERIAN-1
Output Field Frame Number   515, with time interval 2.500E-05, at step time 1.288E-02 of 2.000E-02
    81082  1.290E-02 1.290E-02  01:38:19 1.64380E-07       15515  9.026E-02 -1.138E+01
INSTANCE WITH CRITICAL ELEMENT: FLUID_EULERIAN-1
Output Field Frame Number   516, with time interval 2.500E-05, at step time 1.290E-02 of 2.000E-02
    81235  1.293E-02 1.293E-02  01:38:29 1.63322E-07       15515  9.046E-02 -1.140E+01
INSTANCE WITH CRITICAL ELEMENT: FLUID_EULERIAN-1
Output Field Frame Number   517, with time interval 2.500E-05, at step time 1.293E-02 of 2.000E-02
    81390  1.295E-02 1.295E-02  01:38:39 1.62441E-07        8893  9.016E-02 -1.142E+01
INSTANCE WITH CRITICAL ELEMENT: FLUID_EULERIAN-1
Output Field Frame Number   518, with time interval 2.500E-05, at step time 1.295E-02 of 2.000E-02
    81545  1.298E-02 1.298E-02  01:38:49 1.61377E-07       15515  8.945E-02 -1.145E+01
INSTANCE WITH CRITICAL ELEMENT: FLUID_EULERIAN-1
Output Field Frame Number   519, with time interval 2.500E-05, at step time 1.298E-02 of 2.000E-02

 STEP 1  ORIGIN 0.0000

              STEP     TOTAL      WALL        STABLE    CRITICAL    KINETIC      TOTAL
INCREMENT     TIME      TIME      TIME     INCREMENT     ELEMENT     ENERGY     ENERGY
    81701  1.300E-02 1.300E-02  01:38:59 1.60312E-07        1391  8.902E-02 -1.148E+01
INSTANCE WITH CRITICAL ELEMENT: FLUID_EULERIAN-1
Output Field Frame Number   520, with time interval 2.500E-05, at step time 1.300E-02 of 2.000E-02
    81861  1.303E-02 1.303E-02  01:39:10 1.50277E-07       14310  8.861E-02 -1.150E+01
INSTANCE WITH CRITICAL ELEMENT: FLUID_EULERIAN-1
Output Field Frame Number   521, with time interval 2.500E-05, at step time 1.303E-02 of 2.000E-02
    82020  1.305E-02 1.305E-02  01:39:20 1.58727E-07       15515  8.828E-02 -1.153E+01
INSTANCE WITH CRITICAL ELEMENT: FLUID_EULERIAN-1
Output Field Frame Number   522, with time interval 2.500E-05, at step time 1.305E-02 of 2.000E-02
    82197  1.308E-02 1.308E-02  01:39:31 1.57833E-07       15515  8.792E-02 -1.155E+01
INSTANCE WITH CRITICAL ELEMENT: FLUID_EULERIAN-1
Output Field Frame Number   523, with time interval 2.500E-05, at step time 1.308E-02 of 2.000E-02
    82358  1.310E-02 1.310E-02  01:39:42 1.56932E-07       15515  8.793E-02 -1.157E+01
INSTANCE WITH CRITICAL ELEMENT: FLUID_EULERIAN-1
Output Field Frame Number   524, with time interval 2.500E-05, at step time 1.310E-02 of 2.000E-02
    82518  1.313E-02 1.313E-02  01:39:52 1.55637E-07       15515  8.756E-02 -1.159E+01
INSTANCE WITH CRITICAL ELEMENT: FLUID_EULERIAN-1
Output Field Frame Number   525, with time interval 2.500E-05, at step time 1.313E-02 of 2.000E-02
    82680  1.315E-02 1.315E-02  01:40:02 1.54585E-07       15515  8.714E-02 -1.161E+01
INSTANCE WITH CRITICAL ELEMENT: FLUID_EULERIAN-1
Output Field Frame Number   526, with time interval 2.500E-05, at step time 1.315E-02 of 2.000E-02
    82842  1.318E-02 1.318E-02  01:40:13 1.53534E-07       15515  8.710E-02 -1.162E+01
INSTANCE WITH CRITICAL ELEMENT: FLUID_EULERIAN-1
Output Field Frame Number   527, with time interval 2.500E-05, at step time 1.318E-02 of 2.000E-02
    83005  1.320E-02 1.320E-02  01:40:24 1.52471E-07       15515  8.712E-02 -1.163E+01
INSTANCE WITH CRITICAL ELEMENT: FLUID_EULERIAN-1
Output Field Frame Number   528, with time interval 2.500E-05, at step time 1.320E-02 of 2.000E-02
    83170  1.323E-02 1.323E-02  01:40:34 1.51599E-07       15515  8.732E-02 -1.164E+01
INSTANCE WITH CRITICAL ELEMENT: FLUID_EULERIAN-1
Output Field Frame Number   529, with time interval 2.500E-05, at step time 1.323E-02 of 2.000E-02
    83336  1.325E-02 1.325E-02  01:40:45 1.50648E-07       15515  8.762E-02 -1.166E+01
INSTANCE WITH CRITICAL ELEMENT: FLUID_EULERIAN-1
Output Field Frame Number   530, with time interval 2.500E-05, at step time 1.325E-02 of 2.000E-02
    83502  1.328E-02 1.328E-02  01:40:55 1.49541E-07       15515  8.795E-02 -1.168E+01
INSTANCE WITH CRITICAL ELEMENT: FLUID_EULERIAN-1
Output Field Frame Number   531, with time interval 2.500E-05, at step time 1.328E-02 of 2.000E-02
    83670  1.330E-02 1.330E-02  01:41:06 1.48579E-07       15515  8.804E-02 -1.170E+01
INSTANCE WITH CRITICAL ELEMENT: FLUID_EULERIAN-1
Output Field Frame Number   532, with time interval 2.500E-05, at step time 1.330E-02 of 2.000E-02
    83839  1.333E-02 1.333E-02  01:41:17 1.47572E-07       15515  8.793E-02 -1.172E+01
INSTANCE WITH CRITICAL ELEMENT: FLUID_EULERIAN-1
Output Field Frame Number   533, with time interval 2.500E-05, at step time 1.333E-02 of 2.000E-02
    84009  1.335E-02 1.335E-02  01:41:28 1.46526E-07       15515  8.829E-02 -1.174E+01
INSTANCE WITH CRITICAL ELEMENT: FLUID_EULERIAN-1
Output Field Frame Number   534, with time interval 2.500E-05, at step time 1.335E-02 of 2.000E-02
    84180  1.338E-02 1.338E-02  01:41:39 1.45702E-07       15515  8.874E-02 -1.176E+01
INSTANCE WITH CRITICAL ELEMENT: FLUID_EULERIAN-1
Output Field Frame Number   535, with time interval 2.500E-05, at step time 1.338E-02 of 2.000E-02
    84352  1.340E-02 1.340E-02  01:41:50 1.44898E-07       15515  8.924E-02 -1.178E+01
INSTANCE WITH CRITICAL ELEMENT: FLUID_EULERIAN-1
Output Field Frame Number   536, with time interval 2.500E-05, at step time 1.340E-02 of 2.000E-02
    84525  1.343E-02 1.343E-02  01:42:01 1.43807E-07       15515  8.916E-02 -1.181E+01
INSTANCE WITH CRITICAL ELEMENT: FLUID_EULERIAN-1
Output Field Frame Number   537, with time interval 2.500E-05, at step time 1.343E-02 of 2.000E-02
    84704  1.345E-02 1.345E-02  01:42:12 1.21788E-07       10702  8.919E-02 -1.183E+01
INSTANCE WITH CRITICAL ELEMENT: FLUID_EULERIAN-1
Output Field Frame Number   538, with time interval 2.500E-05, at step time 1.345E-02 of 2.000E-02
    84882  1.348E-02 1.348E-02  01:42:24 1.42134E-07       15515  8.900E-02 -1.186E+01
INSTANCE WITH CRITICAL ELEMENT: FLUID_EULERIAN-1
Output Field Frame Number   539, with time interval 2.500E-05, at step time 1.348E-02 of 2.000E-02
    85058  1.350E-02 1.350E-02  01:42:35 1.41411E-07       15515  8.920E-02 -1.189E+01
INSTANCE WITH CRITICAL ELEMENT: FLUID_EULERIAN-1
Output Field Frame Number   540, with time interval 2.500E-05, at step time 1.350E-02 of 2.000E-02
    85238  1.353E-02 1.353E-02  01:42:46 1.40566E-07       15515  8.918E-02 -1.191E+01
INSTANCE WITH CRITICAL ELEMENT: FLUID_EULERIAN-1
Output Field Frame Number   541, with time interval 2.500E-05, at step time 1.353E-02 of 2.000E-02
    85427  1.355E-02 1.355E-02  01:42:58 1.39413E-07       15515  8.923E-02 -1.194E+01
INSTANCE WITH CRITICAL ELEMENT: FLUID_EULERIAN-1
Output Field Frame Number   542, with time interval 2.500E-05, at step time 1.355E-02 of 2.000E-02
    85607  1.358E-02 1.358E-02  01:43:09 1.38573E-07       15515  8.901E-02 -1.196E+01
INSTANCE WITH CRITICAL ELEMENT: FLUID_EULERIAN-1
Output Field Frame Number   543, with time interval 2.500E-05, at step time 1.358E-02 of 2.000E-02
    85787  1.360E-02 1.360E-02  01:43:21 1.37746E-07       15515  8.857E-02 -1.198E+01
INSTANCE WITH CRITICAL ELEMENT: FLUID_EULERIAN-1
Output Field Frame Number   544, with time interval 2.500E-05, at step time 1.360E-02 of 2.000E-02
    85969  1.363E-02 1.363E-02  01:43:32 1.37054E-07       15515  8.877E-02 -1.200E+01
INSTANCE WITH CRITICAL ELEMENT: FLUID_EULERIAN-1
Output Field Frame Number   545, with time interval 2.500E-05, at step time 1.363E-02 of 2.000E-02
    86152  1.365E-02 1.365E-02  01:43:44 1.36387E-07       15515  8.887E-02 -1.202E+01
INSTANCE WITH CRITICAL ELEMENT: FLUID_EULERIAN-1
Output Field Frame Number   546, with time interval 2.500E-05, at step time 1.365E-02 of 2.000E-02
    86336  1.368E-02 1.368E-02  01:43:55 1.35389E-07       15515  8.870E-02 -1.204E+01
INSTANCE WITH CRITICAL ELEMENT: FLUID_EULERIAN-1
Output Field Frame Number   547, with time interval 2.500E-05, at step time 1.368E-02 of 2.000E-02
    86521  1.370E-02 1.370E-02  01:44:07 1.34547E-07       15515  8.817E-02 -1.206E+01
INSTANCE WITH CRITICAL ELEMENT: FLUID_EULERIAN-1
Output Field Frame Number   548, with time interval 2.500E-05, at step time 1.370E-02 of 2.000E-02
    86708  1.373E-02 1.373E-02  01:44:19 1.33757E-07       15515  8.836E-02 -1.208E+01
INSTANCE WITH CRITICAL ELEMENT: FLUID_EULERIAN-1
Output Field Frame Number   549, with time interval 2.500E-05, at step time 1.373E-02 of 2.000E-02
    86895  1.375E-02 1.375E-02  01:44:31 1.32892E-07       15515  8.884E-02 -1.210E+01
INSTANCE WITH CRITICAL ELEMENT: FLUID_EULERIAN-1
Output Field Frame Number   550, with time interval 2.500E-05, at step time 1.375E-02 of 2.000E-02
    87084  1.378E-02 1.378E-02  01:44:43 1.30654E-07       11332  9.009E-02 -1.212E+01
INSTANCE WITH CRITICAL ELEMENT: FLUID_EULERIAN-1
Output Field Frame Number   551, with time interval 2.500E-05, at step time 1.378E-02 of 2.000E-02
    87273  1.380E-02 1.380E-02  01:44:54 1.31279E-07       15515  8.998E-02 -1.214E+01
INSTANCE WITH CRITICAL ELEMENT: FLUID_EULERIAN-1
Output Field Frame Number   552, with time interval 2.500E-05, at step time 1.380E-02 of 2.000E-02
    87464  1.383E-02 1.383E-02  01:45:06 1.30632E-07       15515  8.985E-02 -1.216E+01
INSTANCE WITH CRITICAL ELEMENT: FLUID_EULERIAN-1
Output Field Frame Number   553, with time interval 2.500E-05, at step time 1.383E-02 of 2.000E-02
    87656  1.385E-02 1.385E-02  01:45:18 1.29801E-07       15515  8.974E-02 -1.219E+01
INSTANCE WITH CRITICAL ELEMENT: FLUID_EULERIAN-1
Output Field Frame Number   554, with time interval 2.500E-05, at step time 1.385E-02 of 2.000E-02
    87849  1.388E-02 1.388E-02  01:45:31 1.28854E-07       15515  8.976E-02 -1.221E+01
INSTANCE WITH CRITICAL ELEMENT: FLUID_EULERIAN-1
Output Field Frame Number   555, with time interval 2.500E-05, at step time 1.388E-02 of 2.000E-02
    88044  1.390E-02 1.390E-02  01:45:43 1.28254E-07       15515  8.951E-02 -1.223E+01
INSTANCE WITH CRITICAL ELEMENT: FLUID_EULERIAN-1
Output Field Frame Number   556, with time interval 2.500E-05, at step time 1.390E-02 of 2.000E-02
    88239  1.393E-02 1.393E-02  01:45:55 1.27124E-07       15515  8.956E-02 -1.225E+01
INSTANCE WITH CRITICAL ELEMENT: FLUID_EULERIAN-1
Output Field Frame Number   557, with time interval 2.500E-05, at step time 1.393E-02 of 2.000E-02
    88436  1.395E-02 1.395E-02  01:46:07 1.26584E-07       15515  9.311E-02 -1.228E+01
INSTANCE WITH CRITICAL ELEMENT: FLUID_EULERIAN-1
Output Field Frame Number   558, with time interval 2.500E-05, at step time 1.395E-02 of 2.000E-02
    88635  1.398E-02 1.398E-02  01:46:20 1.25467E-07       15515  8.942E-02 -1.230E+01
INSTANCE WITH CRITICAL ELEMENT: FLUID_EULERIAN-1
Output Field Frame Number   559, with time interval 2.500E-05, at step time 1.398E-02 of 2.000E-02

 STEP 1  ORIGIN 0.0000

              STEP     TOTAL      WALL        STABLE    CRITICAL    KINETIC      TOTAL
INCREMENT     TIME      TIME      TIME     INCREMENT     ELEMENT     ENERGY     ENERGY
    88837  1.400E-02 1.400E-02  01:46:33 1.23057E-07       11325  8.642E-02 -1.232E+01
INSTANCE WITH CRITICAL ELEMENT: FLUID_EULERIAN-1
Output Field Frame Number   560, with time interval 2.500E-05, at step time 1.400E-02 of 2.000E-02
    89076  1.403E-02 1.403E-02  01:46:47 8.69704E-08       11325  8.355E-02 -1.234E+01
INSTANCE WITH CRITICAL ELEMENT: FLUID_EULERIAN-1
Output Field Frame Number   561, with time interval 2.500E-05, at step time 1.403E-02 of 2.000E-02
    89351  1.405E-02 1.405E-02  01:47:04 9.44005E-08       11281  8.136E-02 -1.237E+01
INSTANCE WITH CRITICAL ELEMENT: FLUID_EULERIAN-1
Output Field Frame Number   562, with time interval 2.500E-05, at step time 1.405E-02 of 2.000E-02
    89631  1.408E-02 1.408E-02  01:47:21 8.50633E-08       11281  8.024E-02 -1.239E+01
INSTANCE WITH CRITICAL ELEMENT: FLUID_EULERIAN-1
Output Field Frame Number   563, with time interval 2.500E-05, at step time 1.408E-02 of 2.000E-02
    89951  1.410E-02 1.410E-02  01:47:41 7.50963E-08       11281  7.936E-02 -1.241E+01
INSTANCE WITH CRITICAL ELEMENT: FLUID_EULERIAN-1
Output Field Frame Number   564, with time interval 2.500E-05, at step time 1.410E-02 of 2.000E-02
    90305  1.413E-02 1.413E-02  01:48:02 7.35637E-08       11281  7.832E-02 -1.243E+01
INSTANCE WITH CRITICAL ELEMENT: FLUID_EULERIAN-1
Output Field Frame Number   565, with time interval 2.500E-05, at step time 1.413E-02 of 2.000E-02
    90552  1.415E-02 1.415E-02  01:48:18 1.21878E-07       15515  7.816E-02 -1.245E+01
INSTANCE WITH CRITICAL ELEMENT: FLUID_EULERIAN-1
Output Field Frame Number   566, with time interval 2.500E-05, at step time 1.415E-02 of 2.000E-02
    90758  1.418E-02 1.418E-02  01:48:31 1.21384E-07       15515  7.816E-02 -1.247E+01
INSTANCE WITH CRITICAL ELEMENT: FLUID_EULERIAN-1
Output Field Frame Number   567, with time interval 2.500E-05, at step time 1.418E-02 of 2.000E-02
    90965  1.420E-02 1.420E-02  01:48:43 1.20454E-07       15515  7.869E-02 -1.249E+01
INSTANCE WITH CRITICAL ELEMENT: FLUID_EULERIAN-1
Output Field Frame Number   568, with time interval 2.500E-05, at step time 1.420E-02 of 2.000E-02
    91173  1.423E-02 1.423E-02  01:48:56 1.19771E-07       15515  7.946E-02 -1.251E+01
INSTANCE WITH CRITICAL ELEMENT: FLUID_EULERIAN-1
Output Field Frame Number   569, with time interval 2.500E-05, at step time 1.423E-02 of 2.000E-02
    91382  1.425E-02 1.425E-02  01:49:09 1.19400E-07       15515  8.024E-02 -1.253E+01
INSTANCE WITH CRITICAL ELEMENT: FLUID_EULERIAN-1
Output Field Frame Number   570, with time interval 2.500E-05, at step time 1.425E-02 of 2.000E-02
    91592  1.428E-02 1.428E-02  01:49:23 1.18683E-07       15515  8.114E-02 -1.255E+01
INSTANCE WITH CRITICAL ELEMENT: FLUID_EULERIAN-1
Output Field Frame Number   571, with time interval 2.500E-05, at step time 1.428E-02 of 2.000E-02
    91803  1.430E-02 1.430E-02  01:49:36 1.18148E-07       15515  8.158E-02 -1.258E+01
INSTANCE WITH CRITICAL ELEMENT: FLUID_EULERIAN-1
Output Field Frame Number   572, with time interval 2.500E-05, at step time 1.430E-02 of 2.000E-02
    92015  1.433E-02 1.433E-02  01:49:49 1.17798E-07       15515  8.201E-02 -1.260E+01
INSTANCE WITH CRITICAL ELEMENT: FLUID_EULERIAN-1
Output Field Frame Number   573, with time interval 2.500E-05, at step time 1.433E-02 of 2.000E-02
    92228  1.435E-02 1.435E-02  01:50:03 1.17094E-07       15515  8.256E-02 -1.262E+01
INSTANCE WITH CRITICAL ELEMENT: FLUID_EULERIAN-1
Output Field Frame Number   574, with time interval 2.500E-05, at step time 1.435E-02 of 2.000E-02
    92441  1.438E-02 1.438E-02  01:50:16 1.17009E-07       15516  8.325E-02 -1.265E+01
INSTANCE WITH CRITICAL ELEMENT: FLUID_EULERIAN-1
Output Field Frame Number   575, with time interval 2.500E-05, at step time 1.438E-02 of 2.000E-02
    92651  1.440E-02 1.440E-02  01:50:29 1.62322E-07        8894  8.674E-02 -1.267E+01
INSTANCE WITH CRITICAL ELEMENT: FLUID_EULERIAN-1
Output Field Frame Number   576, with time interval 2.500E-05, at step time 1.440E-02 of 2.000E-02
    92804  1.443E-02 1.443E-02  01:50:39 1.69980E-07        9775  8.619E-02 -1.269E+01
INSTANCE WITH CRITICAL ELEMENT: FLUID_EULERIAN-1
Output Field Frame Number   577, with time interval 2.500E-05, at step time 1.443E-02 of 2.000E-02
    92959  1.445E-02 1.445E-02  01:50:49 1.70473E-07        8750  8.497E-02 -1.272E+01
INSTANCE WITH CRITICAL ELEMENT: FLUID_EULERIAN-1
Output Field Frame Number   578, with time interval 2.500E-05, at step time 1.445E-02 of 2.000E-02
    93110  1.448E-02 1.448E-02  01:50:58 1.73734E-07        8059  8.363E-02 -1.274E+01
INSTANCE WITH CRITICAL ELEMENT: FLUID_EULERIAN-1
Output Field Frame Number   579, with time interval 2.500E-05, at step time 1.448E-02 of 2.000E-02
    93259  1.450E-02 1.450E-02  01:51:08 1.57103E-07        8750  8.282E-02 -1.277E+01
INSTANCE WITH CRITICAL ELEMENT: FLUID_EULERIAN-1
Output Field Frame Number   580, with time interval 2.500E-05, at step time 1.450E-02 of 2.000E-02
    93412  1.453E-02 1.453E-02  01:51:17 1.59990E-07        8894  8.217E-02 -1.280E+01
INSTANCE WITH CRITICAL ELEMENT: FLUID_EULERIAN-1
Output Field Frame Number   581, with time interval 2.500E-05, at step time 1.453E-02 of 2.000E-02
    93565  1.455E-02 1.455E-02  01:51:27 1.60869E-07        5143  8.190E-02 -1.282E+01
INSTANCE WITH CRITICAL ELEMENT: FLUID_EULERIAN-1
Output Field Frame Number   582, with time interval 2.500E-05, at step time 1.455E-02 of 2.000E-02
    93719  1.458E-02 1.458E-02  01:51:37 1.63960E-07        8750  8.224E-02 -1.284E+01
INSTANCE WITH CRITICAL ELEMENT: FLUID_EULERIAN-1
Output Field Frame Number   583, with time interval 2.500E-05, at step time 1.458E-02 of 2.000E-02
    93870  1.460E-02 1.460E-02  01:51:47 1.66339E-07        5143  8.265E-02 -1.286E+01
INSTANCE WITH CRITICAL ELEMENT: FLUID_EULERIAN-1
Output Field Frame Number   584, with time interval 2.500E-05, at step time 1.460E-02 of 2.000E-02
    94021  1.463E-02 1.463E-02  01:51:56 1.64956E-07        1657  8.311E-02 -1.288E+01
INSTANCE WITH CRITICAL ELEMENT: FLUID_EULERIAN-1
Output Field Frame Number   585, with time interval 2.500E-05, at step time 1.463E-02 of 2.000E-02
    94176  1.465E-02 1.465E-02  01:52:06 1.55329E-07       12203  8.349E-02 -1.290E+01
INSTANCE WITH CRITICAL ELEMENT: FLUID_EULERIAN-1
Output Field Frame Number   586, with time interval 2.500E-05, at step time 1.465E-02 of 2.000E-02
    94359  1.468E-02 1.468E-02  01:52:17 8.77331E-08       11279  8.372E-02 -1.292E+01
INSTANCE WITH CRITICAL ELEMENT: FLUID_EULERIAN-1
Output Field Frame Number   587, with time interval 2.500E-05, at step time 1.468E-02 of 2.000E-02
    94562  1.470E-02 1.470E-02  01:52:30 1.64167E-07       12205  8.423E-02 -1.295E+01
INSTANCE WITH CRITICAL ELEMENT: FLUID_EULERIAN-1
Output Field Frame Number   588, with time interval 2.500E-05, at step time 1.470E-02 of 2.000E-02
    94713  1.473E-02 1.473E-02  01:52:39 1.60648E-07        8896  8.553E-02 -1.297E+01
INSTANCE WITH CRITICAL ELEMENT: FLUID_EULERIAN-1
Output Field Frame Number   589, with time interval 2.500E-05, at step time 1.473E-02 of 2.000E-02
    94865  1.475E-02 1.475E-02  01:52:49 1.63705E-07        8750  8.675E-02 -1.299E+01
INSTANCE WITH CRITICAL ELEMENT: FLUID_EULERIAN-1
Output Field Frame Number   590, with time interval 2.500E-05, at step time 1.475E-02 of 2.000E-02
    95021  1.478E-02 1.478E-02  01:52:59 1.58021E-07        8893  8.744E-02 -1.301E+01
INSTANCE WITH CRITICAL ELEMENT: FLUID_EULERIAN-1
Output Field Frame Number   591, with time interval 2.500E-05, at step time 1.478E-02 of 2.000E-02
    95173  1.480E-02 1.480E-02  01:53:08 1.73728E-07        8893  8.714E-02 -1.303E+01
INSTANCE WITH CRITICAL ELEMENT: FLUID_EULERIAN-1
Output Field Frame Number   592, with time interval 2.500E-05, at step time 1.480E-02 of 2.000E-02
    95329  1.483E-02 1.483E-02  01:53:18 1.62179E-07        1480  8.696E-02 -1.306E+01
INSTANCE WITH CRITICAL ELEMENT: FLUID_EULERIAN-1
Output Field Frame Number   593, with time interval 2.500E-05, at step time 1.483E-02 of 2.000E-02
    95481  1.485E-02 1.485E-02  01:53:28 1.72261E-07       14266  8.649E-02 -1.308E+01
INSTANCE WITH CRITICAL ELEMENT: FLUID_EULERIAN-1
Output Field Frame Number   594, with time interval 2.500E-05, at step time 1.485E-02 of 2.000E-02
    95630  1.488E-02 1.488E-02  01:53:37 1.59091E-07        8895  8.617E-02 -1.310E+01
INSTANCE WITH CRITICAL ELEMENT: FLUID_EULERIAN-1
Output Field Frame Number   595, with time interval 2.500E-05, at step time 1.488E-02 of 2.000E-02
    95780  1.490E-02 1.490E-02  01:53:47 1.69681E-07        8896  8.615E-02 -1.313E+01
INSTANCE WITH CRITICAL ELEMENT: FLUID_EULERIAN-1
Output Field Frame Number   596, with time interval 2.500E-05, at step time 1.490E-02 of 2.000E-02
    95931  1.493E-02 1.493E-02  01:53:56 1.66000E-07       15506  8.591E-02 -1.315E+01
INSTANCE WITH CRITICAL ELEMENT: FLUID_EULERIAN-1
Output Field Frame Number   597, with time interval 2.500E-05, at step time 1.493E-02 of 2.000E-02
    96085  1.495E-02 1.495E-02  01:54:06 1.62256E-07       15506  8.561E-02 -1.317E+01
INSTANCE WITH CRITICAL ELEMENT: FLUID_EULERIAN-1
Output Field Frame Number   598, with time interval 2.500E-05, at step time 1.495E-02 of 2.000E-02
    96238  1.498E-02 1.498E-02  01:54:15 1.60632E-07        8895  8.541E-02 -1.319E+01
INSTANCE WITH CRITICAL ELEMENT: FLUID_EULERIAN-1
Output Field Frame Number   599, with time interval 2.500E-05, at step time 1.498E-02 of 2.000E-02

 STEP 1  ORIGIN 0.0000

              STEP     TOTAL      WALL        STABLE    CRITICAL    KINETIC      TOTAL
INCREMENT     TIME      TIME      TIME     INCREMENT     ELEMENT     ENERGY     ENERGY
    96387  1.500E-02 1.500E-02  01:54:25 1.70785E-07        8896  8.571E-02 -1.321E+01
INSTANCE WITH CRITICAL ELEMENT: FLUID_EULERIAN-1
Output Field Frame Number   600, with time interval 2.500E-05, at step time 1.500E-02 of 2.000E-02
    96535  1.503E-02 1.503E-02  01:54:34 1.71380E-07        9779  8.592E-02 -1.323E+01
INSTANCE WITH CRITICAL ELEMENT: FLUID_EULERIAN-1
Output Field Frame Number   601, with time interval 2.500E-05, at step time 1.503E-02 of 2.000E-02
    96683  1.505E-02 1.505E-02  01:54:43 1.68460E-07        8893  8.611E-02 -1.325E+01
INSTANCE WITH CRITICAL ELEMENT: FLUID_EULERIAN-1
Output Field Frame Number   602, with time interval 2.500E-05, at step time 1.505E-02 of 2.000E-02
    96832  1.508E-02 1.508E-02  01:54:53 1.61484E-07        8894  8.604E-02 -1.327E+01
INSTANCE WITH CRITICAL ELEMENT: FLUID_EULERIAN-1
Output Field Frame Number   603, with time interval 2.500E-05, at step time 1.508E-02 of 2.000E-02
    96982  1.510E-02 1.510E-02  01:55:02 1.61338E-07        8896  8.575E-02 -1.329E+01
INSTANCE WITH CRITICAL ELEMENT: FLUID_EULERIAN-1
Output Field Frame Number   604, with time interval 2.500E-05, at step time 1.510E-02 of 2.000E-02
    97131  1.513E-02 1.513E-02  01:55:12 1.65563E-07        8936  8.571E-02 -1.331E+01
INSTANCE WITH CRITICAL ELEMENT: FLUID_EULERIAN-1
Output Field Frame Number   605, with time interval 2.500E-05, at step time 1.513E-02 of 2.000E-02
    97282  1.515E-02 1.515E-02  01:55:21 1.70023E-07        9779  8.556E-02 -1.333E+01
INSTANCE WITH CRITICAL ELEMENT: FLUID_EULERIAN-1
Output Field Frame Number   606, with time interval 2.500E-05, at step time 1.515E-02 of 2.000E-02
    97434  1.518E-02 1.518E-02  01:55:30 1.61105E-07        8893  8.568E-02 -1.335E+01
INSTANCE WITH CRITICAL ELEMENT: FLUID_EULERIAN-1
Output Field Frame Number   607, with time interval 2.500E-05, at step time 1.518E-02 of 2.000E-02
    97583  1.520E-02 1.520E-02  01:55:40 1.63798E-07        8895  8.565E-02 -1.337E+01
INSTANCE WITH CRITICAL ELEMENT: FLUID_EULERIAN-1
Output Field Frame Number   608, with time interval 2.500E-05, at step time 1.520E-02 of 2.000E-02
    97733  1.523E-02 1.523E-02  01:55:50 1.61958E-07       16359  8.546E-02 -1.339E+01
INSTANCE WITH CRITICAL ELEMENT: FLUID_EULERIAN-1
Output Field Frame Number   609, with time interval 2.500E-05, at step time 1.523E-02 of 2.000E-02
    97884  1.525E-02 1.525E-02  01:56:00 1.64395E-07        6014  8.552E-02 -1.341E+01
INSTANCE WITH CRITICAL ELEMENT: FLUID_EULERIAN-1
Output Field Frame Number   610, with time interval 2.500E-05, at step time 1.525E-02 of 2.000E-02
    98032  1.528E-02 1.528E-02  01:56:09 1.74781E-07        9779  8.542E-02 -1.343E+01
INSTANCE WITH CRITICAL ELEMENT: FLUID_EULERIAN-1
Output Field Frame Number   611, with time interval 2.500E-05, at step time 1.528E-02 of 2.000E-02
    98182  1.530E-02 1.530E-02  01:56:19 1.59658E-07        8895  8.520E-02 -1.344E+01
INSTANCE WITH CRITICAL ELEMENT: FLUID_EULERIAN-1
Output Field Frame Number   612, with time interval 2.500E-05, at step time 1.530E-02 of 2.000E-02
    98330  1.533E-02 1.533E-02  01:56:28 1.68146E-07        8895  8.524E-02 -1.346E+01
INSTANCE WITH CRITICAL ELEMENT: FLUID_EULERIAN-1
Output Field Frame Number   613, with time interval 2.500E-05, at step time 1.533E-02 of 2.000E-02
    98478  1.535E-02 1.535E-02  01:56:37 1.72087E-07        8894  8.536E-02 -1.348E+01
INSTANCE WITH CRITICAL ELEMENT: FLUID_EULERIAN-1
Output Field Frame Number   614, with time interval 2.500E-05, at step time 1.535E-02 of 2.000E-02
    98629  1.538E-02 1.538E-02  01:56:47 1.72685E-07        8820  8.540E-02 -1.350E+01
INSTANCE WITH CRITICAL ELEMENT: FLUID_EULERIAN-1
Output Field Frame Number   615, with time interval 2.500E-05, at step time 1.538E-02 of 2.000E-02
    98778  1.540E-02 1.540E-02  01:56:56 1.75636E-07       14266  8.554E-02 -1.352E+01
INSTANCE WITH CRITICAL ELEMENT: FLUID_EULERIAN-1
Output Field Frame Number   616, with time interval 2.500E-05, at step time 1.540E-02 of 2.000E-02
    98926  1.543E-02 1.543E-02  01:57:05 1.66527E-07       11334  8.561E-02 -1.354E+01
INSTANCE WITH CRITICAL ELEMENT: FLUID_EULERIAN-1
Output Field Frame Number   617, with time interval 2.500E-05, at step time 1.543E-02 of 2.000E-02
    99075  1.545E-02 1.545E-02  01:57:14 1.60928E-07        8894  8.547E-02 -1.356E+01
INSTANCE WITH CRITICAL ELEMENT: FLUID_EULERIAN-1
Output Field Frame Number   618, with time interval 2.500E-05, at step time 1.545E-02 of 2.000E-02
    99225  1.548E-02 1.548E-02  01:57:24 1.65979E-07        8896  8.552E-02 -1.359E+01
INSTANCE WITH CRITICAL ELEMENT: FLUID_EULERIAN-1
Output Field Frame Number   619, with time interval 2.500E-05, at step time 1.548E-02 of 2.000E-02
    99373  1.550E-02 1.550E-02  01:57:33 1.74219E-07       10659  8.581E-02 -1.362E+01
INSTANCE WITH CRITICAL ELEMENT: FLUID_EULERIAN-1
Output Field Frame Number   620, with time interval 2.500E-05, at step time 1.550E-02 of 2.000E-02
    99522  1.553E-02 1.553E-02  01:57:42 1.65908E-07       16403  8.568E-02 -1.364E+01
INSTANCE WITH CRITICAL ELEMENT: FLUID_EULERIAN-1
Output Field Frame Number   621, with time interval 2.500E-05, at step time 1.553E-02 of 2.000E-02
    99698  1.555E-02 1.555E-02  01:57:53 1.59419E-07        7826  8.507E-02 -1.366E+01
INSTANCE WITH CRITICAL ELEMENT: FLUID_EULERIAN-1
Output Field Frame Number   622, with time interval 2.500E-05, at step time 1.555E-02 of 2.000E-02
    99847  1.558E-02 1.558E-02  01:58:03 1.61203E-07        8893  8.498E-02 -1.368E+01
INSTANCE WITH CRITICAL ELEMENT: FLUID_EULERIAN-1
Output Field Frame Number   623, with time interval 2.500E-05, at step time 1.558E-02 of 2.000E-02
    99995  1.560E-02 1.560E-02  01:58:12 1.60100E-07        8894  8.504E-02 -1.370E+01
INSTANCE WITH CRITICAL ELEMENT: FLUID_EULERIAN-1
Output Field Frame Number   624, with time interval 2.500E-05, at step time 1.560E-02 of 2.000E-02
   100145  1.563E-02 1.563E-02  01:58:21 1.67721E-07        8894  8.508E-02 -1.373E+01
INSTANCE WITH CRITICAL ELEMENT: FLUID_EULERIAN-1
Output Field Frame Number   625, with time interval 2.500E-05, at step time 1.563E-02 of 2.000E-02
   100294  1.565E-02 1.565E-02  01:58:30 1.72562E-07       14713  8.535E-02 -1.375E+01
INSTANCE WITH CRITICAL ELEMENT: FLUID_EULERIAN-1
Output Field Frame Number   626, with time interval 2.500E-05, at step time 1.565E-02 of 2.000E-02
   100443  1.568E-02 1.568E-02  01:58:40 1.70830E-07       14266  8.544E-02 -1.377E+01
INSTANCE WITH CRITICAL ELEMENT: FLUID_EULERIAN-1
Output Field Frame Number   627, with time interval 2.500E-05, at step time 1.568E-02 of 2.000E-02
   100592  1.570E-02 1.570E-02  01:58:49 1.70242E-07       14266  8.535E-02 -1.379E+01
INSTANCE WITH CRITICAL ELEMENT: FLUID_EULERIAN-1
Output Field Frame Number   628, with time interval 2.500E-05, at step time 1.570E-02 of 2.000E-02
   100746  1.573E-02 1.573E-02  01:58:59 1.55242E-07       14709  8.518E-02 -1.380E+01
INSTANCE WITH CRITICAL ELEMENT: FLUID_EULERIAN-1
Output Field Frame Number   629, with time interval 2.500E-05, at step time 1.573E-02 of 2.000E-02
   100900  1.575E-02 1.575E-02  01:59:08 1.67567E-07        8894  8.529E-02 -1.383E+01
INSTANCE WITH CRITICAL ELEMENT: FLUID_EULERIAN-1
Output Field Frame Number   630, with time interval 2.500E-05, at step time 1.575E-02 of 2.000E-02
   101049  1.578E-02 1.578E-02  01:59:18 1.66292E-07        8894  8.500E-02 -1.384E+01
INSTANCE WITH CRITICAL ELEMENT: FLUID_EULERIAN-1
Output Field Frame Number   631, with time interval 2.500E-05, at step time 1.578E-02 of 2.000E-02
   101198  1.580E-02 1.580E-02  01:59:27 1.69401E-07       14266  8.485E-02 -1.386E+01
INSTANCE WITH CRITICAL ELEMENT: FLUID_EULERIAN-1
Output Field Frame Number   632, with time interval 2.500E-05, at step time 1.580E-02 of 2.000E-02
   101347  1.583E-02 1.583E-02  01:59:36 1.69503E-07        9779  8.469E-02 -1.388E+01
INSTANCE WITH CRITICAL ELEMENT: FLUID_EULERIAN-1
Output Field Frame Number   633, with time interval 2.500E-05, at step time 1.583E-02 of 2.000E-02
   101495  1.585E-02 1.585E-02  01:59:46 1.74593E-07        3239  8.458E-02 -1.390E+01
INSTANCE WITH CRITICAL ELEMENT: FLUID_EULERIAN-1
Output Field Frame Number   634, with time interval 2.500E-05, at step time 1.585E-02 of 2.000E-02
   101644  1.588E-02 1.588E-02  01:59:55 1.62395E-07        9779  8.451E-02 -1.392E+01
INSTANCE WITH CRITICAL ELEMENT: FLUID_EULERIAN-1
Output Field Frame Number   635, with time interval 2.500E-05, at step time 1.588E-02 of 2.000E-02
   101795  1.590E-02 1.590E-02  02:00:04 1.62483E-07        8895  8.441E-02 -1.394E+01
INSTANCE WITH CRITICAL ELEMENT: FLUID_EULERIAN-1
Output Field Frame Number   636, with time interval 2.500E-05, at step time 1.590E-02 of 2.000E-02
   101948  1.593E-02 1.593E-02  02:00:14 1.67629E-07        9779  8.450E-02 -1.396E+01
INSTANCE WITH CRITICAL ELEMENT: FLUID_EULERIAN-1
Output Field Frame Number   637, with time interval 2.500E-05, at step time 1.593E-02 of 2.000E-02
   102098  1.595E-02 1.595E-02  02:00:23 1.69972E-07        8894  8.463E-02 -1.398E+01
INSTANCE WITH CRITICAL ELEMENT: FLUID_EULERIAN-1
Output Field Frame Number   638, with time interval 2.500E-05, at step time 1.595E-02 of 2.000E-02
   102246  1.598E-02 1.598E-02  02:00:32 1.71914E-07        8807  8.470E-02 -1.400E+01
INSTANCE WITH CRITICAL ELEMENT: FLUID_EULERIAN-1
Output Field Frame Number   639, with time interval 2.500E-05, at step time 1.598E-02 of 2.000E-02

 STEP 1  ORIGIN 0.0000

              STEP     TOTAL      WALL        STABLE    CRITICAL    KINETIC      TOTAL
INCREMENT     TIME      TIME      TIME     INCREMENT     ELEMENT     ENERGY     ENERGY
   102394  1.600E-02 1.600E-02  02:00:41 1.78810E-07        8821  8.489E-02 -1.402E+01
INSTANCE WITH CRITICAL ELEMENT: FLUID_EULERIAN-1
Output Field Frame Number   640, with time interval 2.500E-05, at step time 1.600E-02 of 2.000E-02
   102542  1.603E-02 1.603E-02  02:00:50 1.67708E-07        9779  8.496E-02 -1.403E+01
INSTANCE WITH CRITICAL ELEMENT: FLUID_EULERIAN-1
Output Field Frame Number   641, with time interval 2.500E-05, at step time 1.603E-02 of 2.000E-02
   102691  1.605E-02 1.605E-02  02:01:00 1.61894E-07        8894  8.522E-02 -1.405E+01
INSTANCE WITH CRITICAL ELEMENT: FLUID_EULERIAN-1
Output Field Frame Number   642, with time interval 2.500E-05, at step time 1.605E-02 of 2.000E-02
   102841  1.608E-02 1.608E-02  02:01:09 1.57268E-07        8894  8.523E-02 -1.407E+01
INSTANCE WITH CRITICAL ELEMENT: FLUID_EULERIAN-1
Output Field Frame Number   643, with time interval 2.500E-05, at step time 1.608E-02 of 2.000E-02
   102992  1.610E-02 1.610E-02  02:01:18 1.63729E-07        8894  8.510E-02 -1.409E+01
INSTANCE WITH CRITICAL ELEMENT: FLUID_EULERIAN-1
Output Field Frame Number   644, with time interval 2.500E-05, at step time 1.610E-02 of 2.000E-02
   103141  1.613E-02 1.613E-02  02:01:28 1.69149E-07        8894  8.532E-02 -1.411E+01
INSTANCE WITH CRITICAL ELEMENT: FLUID_EULERIAN-1
Output Field Frame Number   645, with time interval 2.500E-05, at step time 1.613E-02 of 2.000E-02
   103288  1.615E-02 1.615E-02  02:01:37 1.74483E-07        2354  8.548E-02 -1.413E+01
INSTANCE WITH CRITICAL ELEMENT: FLUID_EULERIAN-1
Output Field Frame Number   646, with time interval 2.500E-05, at step time 1.615E-02 of 2.000E-02
   103441  1.618E-02 1.618E-02  02:01:46 1.69098E-07        6054  8.526E-02 -1.415E+01
INSTANCE WITH CRITICAL ELEMENT: FLUID_EULERIAN-1
Output Field Frame Number   647, with time interval 2.500E-05, at step time 1.618E-02 of 2.000E-02
   103591  1.620E-02 1.620E-02  02:01:55 1.73350E-07        8743  8.517E-02 -1.417E+01
INSTANCE WITH CRITICAL ELEMENT: FLUID_EULERIAN-1
Output Field Frame Number   648, with time interval 2.500E-05, at step time 1.620E-02 of 2.000E-02
   103740  1.623E-02 1.623E-02  02:02:05 1.63857E-07        9779  8.493E-02 -1.419E+01
INSTANCE WITH CRITICAL ELEMENT: FLUID_EULERIAN-1
Output Field Frame Number   649, with time interval 2.500E-05, at step time 1.623E-02 of 2.000E-02
   103891  1.625E-02 1.625E-02  02:02:14 1.57961E-07        8893  8.468E-02 -1.421E+01
INSTANCE WITH CRITICAL ELEMENT: FLUID_EULERIAN-1
Output Field Frame Number   650, with time interval 2.500E-05, at step time 1.625E-02 of 2.000E-02
   104043  1.628E-02 1.628E-02  02:02:23 1.66767E-07        8896  8.475E-02 -1.423E+01
INSTANCE WITH CRITICAL ELEMENT: FLUID_EULERIAN-1
Output Field Frame Number   651, with time interval 2.500E-05, at step time 1.628E-02 of 2.000E-02
   104191  1.630E-02 1.630E-02  02:02:32 1.71699E-07        8894  8.455E-02 -1.425E+01
INSTANCE WITH CRITICAL ELEMENT: FLUID_EULERIAN-1
Output Field Frame Number   652, with time interval 2.500E-05, at step time 1.630E-02 of 2.000E-02
   104341  1.633E-02 1.633E-02  02:02:41 1.74280E-07        8807  8.450E-02 -1.427E+01
INSTANCE WITH CRITICAL ELEMENT: FLUID_EULERIAN-1
Output Field Frame Number   653, with time interval 2.500E-05, at step time 1.633E-02 of 2.000E-02
   104489  1.635E-02 1.635E-02  02:02:51 1.75416E-07       10659  8.415E-02 -1.429E+01
INSTANCE WITH CRITICAL ELEMENT: FLUID_EULERIAN-1
Output Field Frame Number   654, with time interval 2.500E-05, at step time 1.635E-02 of 2.000E-02
   104641  1.638E-02 1.638E-02  02:03:00 1.61175E-07       16403  8.393E-02 -1.430E+01
INSTANCE WITH CRITICAL ELEMENT: FLUID_EULERIAN-1
Output Field Frame Number   655, with time interval 2.500E-05, at step time 1.638E-02 of 2.000E-02
   104794  1.640E-02 1.640E-02  02:03:09 1.57610E-07        8894  8.374E-02 -1.432E+01
INSTANCE WITH CRITICAL ELEMENT: FLUID_EULERIAN-1
Output Field Frame Number   656, with time interval 2.500E-05, at step time 1.640E-02 of 2.000E-02
   104944  1.643E-02 1.643E-02  02:03:18 1.62479E-07        8894  8.440E-02 -1.434E+01
INSTANCE WITH CRITICAL ELEMENT: FLUID_EULERIAN-1
Output Field Frame Number   657, with time interval 2.500E-05, at step time 1.643E-02 of 2.000E-02
   105096  1.645E-02 1.645E-02  02:03:28 1.67355E-07       15257  8.476E-02 -1.436E+01
INSTANCE WITH CRITICAL ELEMENT: FLUID_EULERIAN-1
Output Field Frame Number   658, with time interval 2.500E-05, at step time 1.645E-02 of 2.000E-02
   105245  1.648E-02 1.648E-02  02:03:37 1.73579E-07        8894  8.425E-02 -1.438E+01
INSTANCE WITH CRITICAL ELEMENT: FLUID_EULERIAN-1
Output Field Frame Number   659, with time interval 2.500E-05, at step time 1.648E-02 of 2.000E-02
   105394  1.650E-02 1.650E-02  02:03:46 1.69731E-07        9779  8.429E-02 -1.440E+01
INSTANCE WITH CRITICAL ELEMENT: FLUID_EULERIAN-1
Output Field Frame Number   660, with time interval 2.500E-05, at step time 1.650E-02 of 2.000E-02
   105542  1.653E-02 1.653E-02  02:03:55 1.69595E-07       14266  8.425E-02 -1.442E+01
INSTANCE WITH CRITICAL ELEMENT: FLUID_EULERIAN-1
Output Field Frame Number   661, with time interval 2.500E-05, at step time 1.653E-02 of 2.000E-02
   105691  1.655E-02 1.655E-02  02:04:04 1.63428E-07        9779  8.395E-02 -1.443E+01
INSTANCE WITH CRITICAL ELEMENT: FLUID_EULERIAN-1
Output Field Frame Number   662, with time interval 2.500E-05, at step time 1.655E-02 of 2.000E-02
   105843  1.658E-02 1.658E-02  02:04:13 1.59005E-07        8894  8.390E-02 -1.445E+01
INSTANCE WITH CRITICAL ELEMENT: FLUID_EULERIAN-1
Output Field Frame Number   663, with time interval 2.500E-05, at step time 1.658E-02 of 2.000E-02
   105991  1.660E-02 1.660E-02  02:04:22 1.66324E-07        8894  8.415E-02 -1.447E+01
INSTANCE WITH CRITICAL ELEMENT: FLUID_EULERIAN-1
Output Field Frame Number   664, with time interval 2.500E-05, at step time 1.660E-02 of 2.000E-02
   106140  1.663E-02 1.663E-02  02:04:32 1.70527E-07        8894  8.437E-02 -1.448E+01
INSTANCE WITH CRITICAL ELEMENT: FLUID_EULERIAN-1
Output Field Frame Number   665, with time interval 2.500E-05, at step time 1.663E-02 of 2.000E-02
   106289  1.665E-02 1.665E-02  02:04:41 1.72809E-07       14266  8.449E-02 -1.450E+01
INSTANCE WITH CRITICAL ELEMENT: FLUID_EULERIAN-1
Output Field Frame Number   666, with time interval 2.500E-05, at step time 1.665E-02 of 2.000E-02
   106440  1.668E-02 1.668E-02  02:04:50 1.73638E-07       14266  8.470E-02 -1.452E+01
INSTANCE WITH CRITICAL ELEMENT: FLUID_EULERIAN-1
Output Field Frame Number   667, with time interval 2.500E-05, at step time 1.668E-02 of 2.000E-02
   106589  1.670E-02 1.670E-02  02:05:00 1.70210E-07       14266  8.450E-02 -1.454E+01
INSTANCE WITH CRITICAL ELEMENT: FLUID_EULERIAN-1
Output Field Frame Number   668, with time interval 2.500E-05, at step time 1.670E-02 of 2.000E-02
   106740  1.673E-02 1.673E-02  02:05:09 1.60818E-07        8893  8.435E-02 -1.455E+01
INSTANCE WITH CRITICAL ELEMENT: FLUID_EULERIAN-1
Output Field Frame Number   669, with time interval 2.500E-05, at step time 1.673E-02 of 2.000E-02
   106890  1.675E-02 1.675E-02  02:05:18 1.60973E-07        8894  8.429E-02 -1.457E+01
INSTANCE WITH CRITICAL ELEMENT: FLUID_EULERIAN-1
Output Field Frame Number   670, with time interval 2.500E-05, at step time 1.675E-02 of 2.000E-02
   107038  1.678E-02 1.678E-02  02:05:27 1.68130E-07        9779  8.407E-02 -1.459E+01
INSTANCE WITH CRITICAL ELEMENT: FLUID_EULERIAN-1
Output Field Frame Number   671, with time interval 2.500E-05, at step time 1.678E-02 of 2.000E-02
   107187  1.680E-02 1.680E-02  02:05:36 1.70644E-07        8894  8.397E-02 -1.461E+01
INSTANCE WITH CRITICAL ELEMENT: FLUID_EULERIAN-1
Output Field Frame Number   672, with time interval 2.500E-05, at step time 1.680E-02 of 2.000E-02
   107337  1.683E-02 1.683E-02  02:05:46 1.70184E-07       14266  8.406E-02 -1.462E+01
INSTANCE WITH CRITICAL ELEMENT: FLUID_EULERIAN-1
Output Field Frame Number   673, with time interval 2.500E-05, at step time 1.683E-02 of 2.000E-02
   107485  1.685E-02 1.685E-02  02:05:55 1.73190E-07       14266  8.409E-02 -1.464E+01
INSTANCE WITH CRITICAL ELEMENT: FLUID_EULERIAN-1
Output Field Frame Number   674, with time interval 2.500E-05, at step time 1.685E-02 of 2.000E-02
   107633  1.688E-02 1.688E-02  02:06:04 1.64249E-07        9779  8.414E-02 -1.466E+01
INSTANCE WITH CRITICAL ELEMENT: FLUID_EULERIAN-1
Output Field Frame Number   675, with time interval 2.500E-05, at step time 1.688E-02 of 2.000E-02
   107784  1.690E-02 1.690E-02  02:06:13 1.57379E-07        8894  8.424E-02 -1.467E+01
INSTANCE WITH CRITICAL ELEMENT: FLUID_EULERIAN-1
Output Field Frame Number   676, with time interval 2.500E-05, at step time 1.690E-02 of 2.000E-02
   107934  1.693E-02 1.693E-02  02:06:22 1.68178E-07        8894  8.430E-02 -1.469E+01
INSTANCE WITH CRITICAL ELEMENT: FLUID_EULERIAN-1
Output Field Frame Number   677, with time interval 2.500E-05, at step time 1.693E-02 of 2.000E-02
   108083  1.695E-02 1.695E-02  02:06:32 1.47809E-07       12232  8.426E-02 -1.471E+01
INSTANCE WITH CRITICAL ELEMENT: FLUID_EULERIAN-1
Output Field Frame Number   678, with time interval 2.500E-05, at step time 1.695E-02 of 2.000E-02
   108239  1.698E-02 1.698E-02  02:06:41 1.71352E-07       14266  8.444E-02 -1.473E+01
INSTANCE WITH CRITICAL ELEMENT: FLUID_EULERIAN-1
Output Field Frame Number   679, with time interval 2.500E-05, at step time 1.698E-02 of 2.000E-02

 STEP 1  ORIGIN 0.0000

              STEP     TOTAL      WALL        STABLE    CRITICAL    KINETIC      TOTAL
INCREMENT     TIME      TIME      TIME     INCREMENT     ELEMENT     ENERGY     ENERGY
   108389  1.700E-02 1.700E-02  02:06:50 1.66283E-07       14266  8.461E-02 -1.474E+01
INSTANCE WITH CRITICAL ELEMENT: FLUID_EULERIAN-1
Output Field Frame Number   680, with time interval 2.500E-05, at step time 1.700E-02 of 2.000E-02
   108540  1.703E-02 1.703E-02  02:07:00 1.65413E-07       14266  8.500E-02 -1.476E+01
INSTANCE WITH CRITICAL ELEMENT: FLUID_EULERIAN-1
Output Field Frame Number   681, with time interval 2.500E-05, at step time 1.703E-02 of 2.000E-02
   108691  1.705E-02 1.705E-02  02:07:09 1.70629E-07        9779  8.458E-02 -1.478E+01
INSTANCE WITH CRITICAL ELEMENT: FLUID_EULERIAN-1
Output Field Frame Number   682, with time interval 2.500E-05, at step time 1.705E-02 of 2.000E-02
   108839  1.708E-02 1.708E-02  02:07:18 1.61653E-07        8894  8.452E-02 -1.479E+01
INSTANCE WITH CRITICAL ELEMENT: FLUID_EULERIAN-1
Output Field Frame Number   683, with time interval 2.500E-05, at step time 1.708E-02 of 2.000E-02
   108991  1.710E-02 1.710E-02  02:07:27 1.69916E-07        8893  8.442E-02 -1.481E+01
INSTANCE WITH CRITICAL ELEMENT: FLUID_EULERIAN-1
Output Field Frame Number   684, with time interval 2.500E-05, at step time 1.710E-02 of 2.000E-02
   109143  1.713E-02 1.713E-02  02:07:37 1.42936E-07        8059  8.453E-02 -1.482E+01
INSTANCE WITH CRITICAL ELEMENT: FLUID_EULERIAN-1
Output Field Frame Number   685, with time interval 2.500E-05, at step time 1.713E-02 of 2.000E-02
   109296  1.715E-02 1.715E-02  02:07:46 1.64875E-07        9820  8.447E-02 -1.484E+01
INSTANCE WITH CRITICAL ELEMENT: FLUID_EULERIAN-1
Output Field Frame Number   686, with time interval 2.500E-05, at step time 1.715E-02 of 2.000E-02
   109453  1.718E-02 1.718E-02  02:07:55 1.42274E-07        9820  8.462E-02 -1.486E+01
INSTANCE WITH CRITICAL ELEMENT: FLUID_EULERIAN-1
Output Field Frame Number   687, with time interval 2.500E-05, at step time 1.718E-02 of 2.000E-02
   109613  1.720E-02 1.720E-02  02:08:05 1.62641E-07        9779  8.452E-02 -1.488E+01
INSTANCE WITH CRITICAL ELEMENT: FLUID_EULERIAN-1
Output Field Frame Number   688, with time interval 2.500E-05, at step time 1.720E-02 of 2.000E-02
   109797  1.723E-02 1.723E-02  02:08:16 1.62760E-07        8894  8.434E-02 -1.490E+01
INSTANCE WITH CRITICAL ELEMENT: FLUID_EULERIAN-1
Output Field Frame Number   689, with time interval 2.500E-05, at step time 1.723E-02 of 2.000E-02
   109947  1.725E-02 1.725E-02  02:08:26 1.72908E-07       14266  8.484E-02 -1.491E+01
INSTANCE WITH CRITICAL ELEMENT: FLUID_EULERIAN-1
Output Field Frame Number   690, with time interval 2.500E-05, at step time 1.725E-02 of 2.000E-02
   110097  1.728E-02 1.728E-02  02:08:35 1.72038E-07       14266  8.534E-02 -1.493E+01
INSTANCE WITH CRITICAL ELEMENT: FLUID_EULERIAN-1
Output Field Frame Number   691, with time interval 2.500E-05, at step time 1.728E-02 of 2.000E-02
   110248  1.730E-02 1.730E-02  02:08:44 1.63916E-07        8894  8.559E-02 -1.494E+01
INSTANCE WITH CRITICAL ELEMENT: FLUID_EULERIAN-1
Output Field Frame Number   692, with time interval 2.500E-05, at step time 1.730E-02 of 2.000E-02
   110397  1.733E-02 1.733E-02  02:08:53 1.60357E-07        8894  8.550E-02 -1.496E+01
INSTANCE WITH CRITICAL ELEMENT: FLUID_EULERIAN-1
Output Field Frame Number   693, with time interval 2.500E-05, at step time 1.733E-02 of 2.000E-02
   110548  1.735E-02 1.735E-02  02:09:02 1.70811E-07        8895  8.565E-02 -1.497E+01
INSTANCE WITH CRITICAL ELEMENT: FLUID_EULERIAN-1
Output Field Frame Number   694, with time interval 2.500E-05, at step time 1.735E-02 of 2.000E-02
   110697  1.738E-02 1.738E-02  02:09:12 1.67018E-07        8894  8.574E-02 -1.499E+01
INSTANCE WITH CRITICAL ELEMENT: FLUID_EULERIAN-1
Output Field Frame Number   695, with time interval 2.500E-05, at step time 1.738E-02 of 2.000E-02
   110846  1.740E-02 1.740E-02  02:09:21 1.68128E-07        8058  8.590E-02 -1.501E+01
INSTANCE WITH CRITICAL ELEMENT: FLUID_EULERIAN-1
Output Field Frame Number   696, with time interval 2.500E-05, at step time 1.740E-02 of 2.000E-02
   110996  1.743E-02 1.743E-02  02:09:30 1.72714E-07        8940  8.597E-02 -1.503E+01
INSTANCE WITH CRITICAL ELEMENT: FLUID_EULERIAN-1
Output Field Frame Number   697, with time interval 2.500E-05, at step time 1.743E-02 of 2.000E-02
   111145  1.745E-02 1.745E-02  02:09:39 1.59569E-07        8894  8.627E-02 -1.504E+01
INSTANCE WITH CRITICAL ELEMENT: FLUID_EULERIAN-1
Output Field Frame Number   698, with time interval 2.500E-05, at step time 1.745E-02 of 2.000E-02
   111296  1.748E-02 1.748E-02  02:09:48 1.64202E-07        8941  8.625E-02 -1.505E+01
INSTANCE WITH CRITICAL ELEMENT: FLUID_EULERIAN-1
Output Field Frame Number   699, with time interval 2.500E-05, at step time 1.748E-02 of 2.000E-02
   111445  1.750E-02 1.750E-02  02:09:57 1.60707E-07        8059  8.628E-02 -1.507E+01
INSTANCE WITH CRITICAL ELEMENT: FLUID_EULERIAN-1
Output Field Frame Number   700, with time interval 2.500E-05, at step time 1.750E-02 of 2.000E-02
   111598  1.753E-02 1.753E-02  02:10:07 1.70293E-07        8941  8.613E-02 -1.509E+01
INSTANCE WITH CRITICAL ELEMENT: FLUID_EULERIAN-1
Output Field Frame Number   701, with time interval 2.500E-05, at step time 1.753E-02 of 2.000E-02
   111747  1.755E-02 1.755E-02  02:10:16 1.61091E-07        8894  8.602E-02 -1.511E+01
INSTANCE WITH CRITICAL ELEMENT: FLUID_EULERIAN-1
Output Field Frame Number   702, with time interval 2.500E-05, at step time 1.755E-02 of 2.000E-02
   111897  1.758E-02 1.758E-02  02:10:25 1.68571E-07        8895  8.604E-02 -1.512E+01
INSTANCE WITH CRITICAL ELEMENT: FLUID_EULERIAN-1
Output Field Frame Number   703, with time interval 2.500E-05, at step time 1.758E-02 of 2.000E-02
   112045  1.760E-02 1.760E-02  02:10:34 1.67749E-07        9778  8.648E-02 -1.514E+01
INSTANCE WITH CRITICAL ELEMENT: FLUID_EULERIAN-1
Output Field Frame Number   704, with time interval 2.500E-05, at step time 1.760E-02 of 2.000E-02
   112193  1.763E-02 1.763E-02  02:10:43 1.71818E-07        1614  8.663E-02 -1.515E+01
INSTANCE WITH CRITICAL ELEMENT: FLUID_EULERIAN-1
Output Field Frame Number   705, with time interval 2.500E-05, at step time 1.763E-02 of 2.000E-02
   112341  1.765E-02 1.765E-02  02:10:52 1.65945E-07        9779  8.655E-02 -1.516E+01
INSTANCE WITH CRITICAL ELEMENT: FLUID_EULERIAN-1
Output Field Frame Number   706, with time interval 2.500E-05, at step time 1.765E-02 of 2.000E-02
   112490  1.768E-02 1.768E-02  02:11:02 1.59834E-07        8894  8.671E-02 -1.517E+01
INSTANCE WITH CRITICAL ELEMENT: FLUID_EULERIAN-1
Output Field Frame Number   707, with time interval 2.500E-05, at step time 1.768E-02 of 2.000E-02
   112638  1.770E-02 1.770E-02  02:11:11 1.68182E-07        8895  8.675E-02 -1.519E+01
INSTANCE WITH CRITICAL ELEMENT: FLUID_EULERIAN-1
Output Field Frame Number   708, with time interval 2.500E-05, at step time 1.770E-02 of 2.000E-02
   112785  1.773E-02 1.773E-02  02:11:20 1.76195E-07        8894  8.706E-02 -1.520E+01
INSTANCE WITH CRITICAL ELEMENT: FLUID_EULERIAN-1
Output Field Frame Number   709, with time interval 2.500E-05, at step time 1.773E-02 of 2.000E-02
   112934  1.775E-02 1.775E-02  02:11:29 1.73389E-07        8058  8.685E-02 -1.523E+01
INSTANCE WITH CRITICAL ELEMENT: FLUID_EULERIAN-1
Output Field Frame Number   710, with time interval 2.500E-05, at step time 1.775E-02 of 2.000E-02
   113082  1.778E-02 1.778E-02  02:11:38 1.74274E-07        9779  8.663E-02 -1.525E+01
INSTANCE WITH CRITICAL ELEMENT: FLUID_EULERIAN-1
Output Field Frame Number   711, with time interval 2.500E-05, at step time 1.778E-02 of 2.000E-02
   113238  1.780E-02 1.780E-02  02:11:47 1.66939E-07        8895  8.648E-02 -1.527E+01
INSTANCE WITH CRITICAL ELEMENT: FLUID_EULERIAN-1
Output Field Frame Number   712, with time interval 2.500E-05, at step time 1.780E-02 of 2.000E-02
   113385  1.783E-02 1.783E-02  02:11:57 1.61404E-07        8894  8.616E-02 -1.529E+01
INSTANCE WITH CRITICAL ELEMENT: FLUID_EULERIAN-1
Output Field Frame Number   713, with time interval 2.500E-05, at step time 1.783E-02 of 2.000E-02
   113535  1.785E-02 1.785E-02  02:12:06 1.69312E-07        8894  8.609E-02 -1.530E+01
INSTANCE WITH CRITICAL ELEMENT: FLUID_EULERIAN-1
Output Field Frame Number   714, with time interval 2.500E-05, at step time 1.785E-02 of 2.000E-02
   113683  1.788E-02 1.788E-02  02:12:15 1.73600E-07       14266  8.585E-02 -1.532E+01
INSTANCE WITH CRITICAL ELEMENT: FLUID_EULERIAN-1
Output Field Frame Number   715, with time interval 2.500E-05, at step time 1.788E-02 of 2.000E-02
   113830  1.790E-02 1.790E-02  02:12:24 1.76651E-07        8057  8.574E-02 -1.534E+01
INSTANCE WITH CRITICAL ELEMENT: FLUID_EULERIAN-1
Output Field Frame Number   716, with time interval 2.500E-05, at step time 1.790E-02 of 2.000E-02
   113980  1.793E-02 1.793E-02  02:12:33 1.65944E-07        7827  8.555E-02 -1.535E+01
INSTANCE WITH CRITICAL ELEMENT: FLUID_EULERIAN-1
Output Field Frame Number   717, with time interval 2.500E-05, at step time 1.793E-02 of 2.000E-02
   114130  1.795E-02 1.795E-02  02:12:42 1.65984E-07        8894  8.533E-02 -1.537E+01
INSTANCE WITH CRITICAL ELEMENT: FLUID_EULERIAN-1
Output Field Frame Number   718, with time interval 2.500E-05, at step time 1.795E-02 of 2.000E-02
   114282  1.798E-02 1.798E-02  02:12:52 1.63409E-07        8895  8.508E-02 -1.539E+01
INSTANCE WITH CRITICAL ELEMENT: FLUID_EULERIAN-1
Output Field Frame Number   719, with time interval 2.500E-05, at step time 1.798E-02 of 2.000E-02

 STEP 1  ORIGIN 0.0000

              STEP     TOTAL      WALL        STABLE    CRITICAL    KINETIC      TOTAL
INCREMENT     TIME      TIME      TIME     INCREMENT     ELEMENT     ENERGY     ENERGY
   114433  1.800E-02 1.800E-02  02:13:01 1.66214E-07        8894  8.496E-02 -1.540E+01
INSTANCE WITH CRITICAL ELEMENT: FLUID_EULERIAN-1
Output Field Frame Number   720, with time interval 2.500E-05, at step time 1.800E-02 of 2.000E-02
   114584  1.803E-02 1.803E-02  02:13:10 1.72136E-07        8894  8.504E-02 -1.542E+01
INSTANCE WITH CRITICAL ELEMENT: FLUID_EULERIAN-1
Output Field Frame Number   721, with time interval 2.500E-05, at step time 1.803E-02 of 2.000E-02
   114732  1.805E-02 1.805E-02  02:13:19 1.75182E-07        9778  8.504E-02 -1.544E+01
INSTANCE WITH CRITICAL ELEMENT: FLUID_EULERIAN-1
Output Field Frame Number   722, with time interval 2.500E-05, at step time 1.805E-02 of 2.000E-02
   114884  1.808E-02 1.808E-02  02:13:29 1.75045E-07        8807  8.468E-02 -1.546E+01
INSTANCE WITH CRITICAL ELEMENT: FLUID_EULERIAN-1
Output Field Frame Number   723, with time interval 2.500E-05, at step time 1.808E-02 of 2.000E-02
   115034  1.810E-02 1.810E-02  02:13:38 1.69719E-07        9779  8.444E-02 -1.547E+01
INSTANCE WITH CRITICAL ELEMENT: FLUID_EULERIAN-1
Output Field Frame Number   724, with time interval 2.500E-05, at step time 1.810E-02 of 2.000E-02
   115183  1.813E-02 1.813E-02  02:13:47 1.64706E-07        8893  8.436E-02 -1.549E+01
INSTANCE WITH CRITICAL ELEMENT: FLUID_EULERIAN-1
Output Field Frame Number   725, with time interval 2.500E-05, at step time 1.813E-02 of 2.000E-02
   115331  1.815E-02 1.815E-02  02:13:56 1.55892E-07        8894  8.392E-02 -1.551E+01
INSTANCE WITH CRITICAL ELEMENT: FLUID_EULERIAN-1
Output Field Frame Number   726, with time interval 2.500E-05, at step time 1.815E-02 of 2.000E-02
   115482  1.818E-02 1.818E-02  02:14:05 1.65019E-07        8894  8.369E-02 -1.552E+01
INSTANCE WITH CRITICAL ELEMENT: FLUID_EULERIAN-1
Output Field Frame Number   727, with time interval 2.500E-05, at step time 1.818E-02 of 2.000E-02
   115631  1.820E-02 1.820E-02  02:14:14 1.71445E-07        9779  8.382E-02 -1.554E+01
INSTANCE WITH CRITICAL ELEMENT: FLUID_EULERIAN-1
Output Field Frame Number   728, with time interval 2.500E-05, at step time 1.820E-02 of 2.000E-02
   115782  1.823E-02 1.823E-02  02:14:23 1.56480E-07        8058  8.397E-02 -1.556E+01
INSTANCE WITH CRITICAL ELEMENT: FLUID_EULERIAN-1
Output Field Frame Number   729, with time interval 2.500E-05, at step time 1.823E-02 of 2.000E-02
   115932  1.825E-02 1.825E-02  02:14:32 1.67869E-07        9779  8.412E-02 -1.557E+01
INSTANCE WITH CRITICAL ELEMENT: FLUID_EULERIAN-1
Output Field Frame Number   730, with time interval 2.500E-05, at step time 1.825E-02 of 2.000E-02
   116083  1.828E-02 1.828E-02  02:14:42 1.69570E-07        6933  8.460E-02 -1.559E+01
INSTANCE WITH CRITICAL ELEMENT: FLUID_EULERIAN-1
Output Field Frame Number   731, with time interval 2.500E-05, at step time 1.828E-02 of 2.000E-02
   116232  1.830E-02 1.830E-02  02:14:51 1.62125E-07        8894  8.468E-02 -1.560E+01
INSTANCE WITH CRITICAL ELEMENT: FLUID_EULERIAN-1
Output Field Frame Number   732, with time interval 2.500E-05, at step time 1.830E-02 of 2.000E-02
   116385  1.833E-02 1.833E-02  02:15:00 1.67454E-07        8894  8.451E-02 -1.562E+01
INSTANCE WITH CRITICAL ELEMENT: FLUID_EULERIAN-1
Output Field Frame Number   733, with time interval 2.500E-05, at step time 1.833E-02 of 2.000E-02
   116535  1.835E-02 1.835E-02  02:15:09 1.71327E-07       14266  8.484E-02 -1.564E+01
INSTANCE WITH CRITICAL ELEMENT: FLUID_EULERIAN-1
Output Field Frame Number   734, with time interval 2.500E-05, at step time 1.835E-02 of 2.000E-02
   116684  1.838E-02 1.838E-02  02:15:18 1.71401E-07        1483  8.520E-02 -1.565E+01
INSTANCE WITH CRITICAL ELEMENT: FLUID_EULERIAN-1
Output Field Frame Number   735, with time interval 2.500E-05, at step time 1.838E-02 of 2.000E-02
   116835  1.840E-02 1.840E-02  02:15:27 1.73812E-07        1483  8.519E-02 -1.567E+01
INSTANCE WITH CRITICAL ELEMENT: FLUID_EULERIAN-1
Output Field Frame Number   736, with time interval 2.500E-05, at step time 1.840E-02 of 2.000E-02
   116984  1.843E-02 1.843E-02  02:15:36 1.69372E-07       14266  8.545E-02 -1.569E+01
INSTANCE WITH CRITICAL ELEMENT: FLUID_EULERIAN-1
Output Field Frame Number   737, with time interval 2.500E-05, at step time 1.843E-02 of 2.000E-02
   117132  1.845E-02 1.845E-02  02:15:45 1.60496E-07        8894  8.542E-02 -1.571E+01
INSTANCE WITH CRITICAL ELEMENT: FLUID_EULERIAN-1
Output Field Frame Number   738, with time interval 2.500E-05, at step time 1.845E-02 of 2.000E-02
   117281  1.848E-02 1.848E-02  02:15:55 1.65207E-07        8894  8.551E-02 -1.573E+01
INSTANCE WITH CRITICAL ELEMENT: FLUID_EULERIAN-1
Output Field Frame Number   739, with time interval 2.500E-05, at step time 1.848E-02 of 2.000E-02
   117430  1.850E-02 1.850E-02  02:16:04 1.71802E-07        8894  8.589E-02 -1.575E+01
INSTANCE WITH CRITICAL ELEMENT: FLUID_EULERIAN-1
Output Field Frame Number   740, with time interval 2.500E-05, at step time 1.850E-02 of 2.000E-02
   117578  1.853E-02 1.853E-02  02:16:13 1.73033E-07       16404  8.625E-02 -1.577E+01
INSTANCE WITH CRITICAL ELEMENT: FLUID_EULERIAN-1
Output Field Frame Number   741, with time interval 2.500E-05, at step time 1.853E-02 of 2.000E-02
   117727  1.855E-02 1.855E-02  02:16:22 1.72855E-07        1483  8.625E-02 -1.578E+01
INSTANCE WITH CRITICAL ELEMENT: FLUID_EULERIAN-1
Output Field Frame Number   742, with time interval 2.500E-05, at step time 1.855E-02 of 2.000E-02
   117876  1.858E-02 1.858E-02  02:16:31 1.71914E-07        9779  8.630E-02 -1.580E+01
INSTANCE WITH CRITICAL ELEMENT: FLUID_EULERIAN-1
Output Field Frame Number   743, with time interval 2.500E-05, at step time 1.858E-02 of 2.000E-02
   118025  1.860E-02 1.860E-02  02:16:40 1.59741E-07        8894  8.646E-02 -1.582E+01
INSTANCE WITH CRITICAL ELEMENT: FLUID_EULERIAN-1
Output Field Frame Number   744, with time interval 2.500E-05, at step time 1.860E-02 of 2.000E-02
   118173  1.863E-02 1.863E-02  02:16:49 1.64896E-07        8894  8.628E-02 -1.584E+01
INSTANCE WITH CRITICAL ELEMENT: FLUID_EULERIAN-1
Output Field Frame Number   745, with time interval 2.500E-05, at step time 1.863E-02 of 2.000E-02
   118333  1.865E-02 1.865E-02  02:16:59 1.57144E-07        2357  8.608E-02 -1.585E+01
INSTANCE WITH CRITICAL ELEMENT: FLUID_EULERIAN-1
Output Field Frame Number   746, with time interval 2.500E-05, at step time 1.865E-02 of 2.000E-02
   118487  1.868E-02 1.868E-02  02:17:08 1.71233E-07        8059  8.587E-02 -1.588E+01
INSTANCE WITH CRITICAL ELEMENT: FLUID_EULERIAN-1
Output Field Frame Number   747, with time interval 2.500E-05, at step time 1.868E-02 of 2.000E-02
   118640  1.870E-02 1.870E-02  02:17:17 1.75155E-07        6933  8.560E-02 -1.590E+01
INSTANCE WITH CRITICAL ELEMENT: FLUID_EULERIAN-1
Output Field Frame Number   748, with time interval 2.500E-05, at step time 1.870E-02 of 2.000E-02
   118790  1.873E-02 1.873E-02  02:17:27 1.65529E-07        9779  8.558E-02 -1.592E+01
INSTANCE WITH CRITICAL ELEMENT: FLUID_EULERIAN-1
Output Field Frame Number   749, with time interval 2.500E-05, at step time 1.873E-02 of 2.000E-02
   118941  1.875E-02 1.875E-02  02:17:36 1.60746E-07        8894  8.537E-02 -1.593E+01
INSTANCE WITH CRITICAL ELEMENT: FLUID_EULERIAN-1
Output Field Frame Number   750, with time interval 2.500E-05, at step time 1.875E-02 of 2.000E-02
   119089  1.878E-02 1.878E-02  02:17:45 1.71078E-07        8896  8.544E-02 -1.595E+01
INSTANCE WITH CRITICAL ELEMENT: FLUID_EULERIAN-1
Output Field Frame Number   751, with time interval 2.500E-05, at step time 1.878E-02 of 2.000E-02
   119237  1.880E-02 1.880E-02  02:17:54 1.70746E-07        8894  8.559E-02 -1.597E+01
INSTANCE WITH CRITICAL ELEMENT: FLUID_EULERIAN-1
Output Field Frame Number   752, with time interval 2.500E-05, at step time 1.880E-02 of 2.000E-02
   119386  1.883E-02 1.883E-02  02:18:03 1.73371E-07        6933  8.556E-02 -1.599E+01
INSTANCE WITH CRITICAL ELEMENT: FLUID_EULERIAN-1
Output Field Frame Number   753, with time interval 2.500E-05, at step time 1.883E-02 of 2.000E-02
   119535  1.885E-02 1.885E-02  02:18:12 1.76278E-07        6933  8.559E-02 -1.601E+01
INSTANCE WITH CRITICAL ELEMENT: FLUID_EULERIAN-1
Output Field Frame Number   754, with time interval 2.500E-05, at step time 1.885E-02 of 2.000E-02
   119682  1.888E-02 1.888E-02  02:18:21 1.72359E-07        6933  8.553E-02 -1.602E+01
INSTANCE WITH CRITICAL ELEMENT: FLUID_EULERIAN-1
Output Field Frame Number   755, with time interval 2.500E-05, at step time 1.888E-02 of 2.000E-02
   119831  1.890E-02 1.890E-02  02:18:30 1.60272E-07        8894  8.544E-02 -1.604E+01
INSTANCE WITH CRITICAL ELEMENT: FLUID_EULERIAN-1
Output Field Frame Number   756, with time interval 2.500E-05, at step time 1.890E-02 of 2.000E-02
   119981  1.893E-02 1.893E-02  02:18:39 1.66699E-07        8895  8.540E-02 -1.606E+01
INSTANCE WITH CRITICAL ELEMENT: FLUID_EULERIAN-1
Output Field Frame Number   757, with time interval 2.500E-05, at step time 1.893E-02 of 2.000E-02
   120128  1.895E-02 1.895E-02  02:18:48 1.72460E-07        1316  8.542E-02 -1.607E+01
INSTANCE WITH CRITICAL ELEMENT: FLUID_EULERIAN-1
Output Field Frame Number   758, with time interval 2.500E-05, at step time 1.895E-02 of 2.000E-02
   120279  1.898E-02 1.898E-02  02:18:58 1.71504E-07        6933  8.541E-02 -1.609E+01
INSTANCE WITH CRITICAL ELEMENT: FLUID_EULERIAN-1
Output Field Frame Number   759, with time interval 2.500E-05, at step time 1.898E-02 of 2.000E-02

 STEP 1  ORIGIN 0.0000

              STEP     TOTAL      WALL        STABLE    CRITICAL    KINETIC      TOTAL
INCREMENT     TIME      TIME      TIME     INCREMENT     ELEMENT     ENERGY     ENERGY
   120435  1.900E-02 1.900E-02  02:19:07 1.69415E-07        6933  8.518E-02 -1.610E+01
INSTANCE WITH CRITICAL ELEMENT: FLUID_EULERIAN-1
Output Field Frame Number   760, with time interval 2.500E-05, at step time 1.900E-02 of 2.000E-02
   120586  1.903E-02 1.903E-02  02:19:16 1.70153E-07       14266  8.547E-02 -1.612E+01
INSTANCE WITH CRITICAL ELEMENT: FLUID_EULERIAN-1
Output Field Frame Number   761, with time interval 2.500E-05, at step time 1.903E-02 of 2.000E-02
   120737  1.905E-02 1.905E-02  02:19:26 1.63179E-07        9779  8.539E-02 -1.614E+01
INSTANCE WITH CRITICAL ELEMENT: FLUID_EULERIAN-1
Output Field Frame Number   762, with time interval 2.500E-05, at step time 1.905E-02 of 2.000E-02
   120889  1.908E-02 1.908E-02  02:19:35 1.60992E-07        8894  8.543E-02 -1.615E+01
INSTANCE WITH CRITICAL ELEMENT: FLUID_EULERIAN-1
Output Field Frame Number   763, with time interval 2.500E-05, at step time 1.908E-02 of 2.000E-02
   121044  1.910E-02 1.910E-02  02:19:44 1.65635E-07       14266  8.557E-02 -1.616E+01
INSTANCE WITH CRITICAL ELEMENT: FLUID_EULERIAN-1
Output Field Frame Number   764, with time interval 2.500E-05, at step time 1.910E-02 of 2.000E-02
   121194  1.913E-02 1.913E-02  02:19:53 1.73594E-07        6933  8.581E-02 -1.618E+01
INSTANCE WITH CRITICAL ELEMENT: FLUID_EULERIAN-1
Output Field Frame Number   765, with time interval 2.500E-05, at step time 1.913E-02 of 2.000E-02
   121343  1.915E-02 1.915E-02  02:20:03 1.71281E-07        6933  8.579E-02 -1.620E+01
INSTANCE WITH CRITICAL ELEMENT: FLUID_EULERIAN-1
Output Field Frame Number   766, with time interval 2.500E-05, at step time 1.915E-02 of 2.000E-02
   121495  1.918E-02 1.918E-02  02:20:12 1.45992E-07        7178  8.565E-02 -1.622E+01
INSTANCE WITH CRITICAL ELEMENT: FLUID_EULERIAN-1
Output Field Frame Number   767, with time interval 2.500E-05, at step time 1.918E-02 of 2.000E-02
   121653  1.920E-02 1.920E-02  02:20:21 1.66930E-07        8895  8.554E-02 -1.624E+01
INSTANCE WITH CRITICAL ELEMENT: FLUID_EULERIAN-1
Output Field Frame Number   768, with time interval 2.500E-05, at step time 1.920E-02 of 2.000E-02
   121803  1.923E-02 1.923E-02  02:20:31 1.68977E-07        9779  8.562E-02 -1.625E+01
INSTANCE WITH CRITICAL ELEMENT: FLUID_EULERIAN-1
Output Field Frame Number   769, with time interval 2.500E-05, at step time 1.923E-02 of 2.000E-02
   121954  1.925E-02 1.925E-02  02:20:40 1.68440E-07       14308  8.540E-02 -1.627E+01
INSTANCE WITH CRITICAL ELEMENT: FLUID_EULERIAN-1
Output Field Frame Number   770, with time interval 2.500E-05, at step time 1.925E-02 of 2.000E-02
   122106  1.928E-02 1.928E-02  02:20:49 1.71218E-07        6933  8.547E-02 -1.629E+01
INSTANCE WITH CRITICAL ELEMENT: FLUID_EULERIAN-1
Output Field Frame Number   771, with time interval 2.500E-05, at step time 1.928E-02 of 2.000E-02
   122255  1.930E-02 1.930E-02  02:20:58 1.70527E-07        6933  8.548E-02 -1.631E+01
INSTANCE WITH CRITICAL ELEMENT: FLUID_EULERIAN-1
Output Field Frame Number   772, with time interval 2.500E-05, at step time 1.930E-02 of 2.000E-02
   122405  1.933E-02 1.933E-02  02:21:07 1.70275E-07        6933  8.552E-02 -1.633E+01
INSTANCE WITH CRITICAL ELEMENT: FLUID_EULERIAN-1
Output Field Frame Number   773, with time interval 2.500E-05, at step time 1.933E-02 of 2.000E-02
   122555  1.935E-02 1.935E-02  02:21:17 1.60965E-07        8894  8.568E-02 -1.634E+01
INSTANCE WITH CRITICAL ELEMENT: FLUID_EULERIAN-1
Output Field Frame Number   774, with time interval 2.500E-05, at step time 1.935E-02 of 2.000E-02
   122706  1.938E-02 1.938E-02  02:21:26 1.54460E-07        8894  8.572E-02 -1.636E+01
INSTANCE WITH CRITICAL ELEMENT: FLUID_EULERIAN-1
Output Field Frame Number   775, with time interval 2.500E-05, at step time 1.938E-02 of 2.000E-02
   122856  1.940E-02 1.940E-02  02:21:35 1.61328E-07       14307  8.601E-02 -1.637E+01
INSTANCE WITH CRITICAL ELEMENT: FLUID_EULERIAN-1
Output Field Frame Number   776, with time interval 2.500E-05, at step time 1.940E-02 of 2.000E-02
   123007  1.943E-02 1.943E-02  02:21:44 1.65150E-07        8894  8.617E-02 -1.638E+01
INSTANCE WITH CRITICAL ELEMENT: FLUID_EULERIAN-1
Output Field Frame Number   777, with time interval 2.500E-05, at step time 1.943E-02 of 2.000E-02
   123165  1.945E-02 1.945E-02  02:21:54 1.54969E-07       13425  8.645E-02 -1.639E+01
INSTANCE WITH CRITICAL ELEMENT: FLUID_EULERIAN-1
Output Field Frame Number   778, with time interval 2.500E-05, at step time 1.945E-02 of 2.000E-02
   123341  1.948E-02 1.948E-02  02:22:04 1.25097E-07       13425  8.698E-02 -1.640E+01
INSTANCE WITH CRITICAL ELEMENT: FLUID_EULERIAN-1
Output Field Frame Number   779, with time interval 2.500E-05, at step time 1.948E-02 of 2.000E-02
   123550  1.950E-02 1.950E-02  02:22:17 1.15796E-07       13425  8.695E-02 -1.641E+01
INSTANCE WITH CRITICAL ELEMENT: FLUID_EULERIAN-1
Output Field Frame Number   780, with time interval 2.500E-05, at step time 1.950E-02 of 2.000E-02
   123764  1.953E-02 1.953E-02  02:22:30 1.19617E-07       13425  8.701E-02 -1.642E+01
INSTANCE WITH CRITICAL ELEMENT: FLUID_EULERIAN-1
Output Field Frame Number   781, with time interval 2.500E-05, at step time 1.953E-02 of 2.000E-02
   123975  1.955E-02 1.955E-02  02:22:42 1.22949E-07       13425  8.747E-02 -1.643E+01
INSTANCE WITH CRITICAL ELEMENT: FLUID_EULERIAN-1
Output Field Frame Number   782, with time interval 2.500E-05, at step time 1.955E-02 of 2.000E-02
   124173  1.958E-02 1.958E-02  02:22:54 1.43575E-07       13425  8.835E-02 -1.643E+01
INSTANCE WITH CRITICAL ELEMENT: FLUID_EULERIAN-1
Output Field Frame Number   783, with time interval 2.500E-05, at step time 1.958E-02 of 2.000E-02
   124337  1.960E-02 1.960E-02  02:23:04 1.24072E-07        2357  9.212E-02 -1.643E+01
INSTANCE WITH CRITICAL ELEMENT: FLUID_EULERIAN-1
Output Field Frame Number   784, with time interval 2.500E-05, at step time 1.960E-02 of 2.000E-02
   124498  1.963E-02 1.963E-02  02:23:14 1.53654E-07       13425  9.072E-02 -1.644E+01
INSTANCE WITH CRITICAL ELEMENT: FLUID_EULERIAN-1
Output Field Frame Number   785, with time interval 2.500E-05, at step time 1.963E-02 of 2.000E-02
   124686  1.965E-02 1.965E-02  02:23:26 1.42112E-07       13425  8.924E-02 -1.647E+01
INSTANCE WITH CRITICAL ELEMENT: FLUID_EULERIAN-1
Output Field Frame Number   786, with time interval 2.500E-05, at step time 1.965E-02 of 2.000E-02
   124839  1.968E-02 1.968E-02  02:23:35 1.70233E-07        8895  8.804E-02 -1.649E+01
INSTANCE WITH CRITICAL ELEMENT: FLUID_EULERIAN-1
Output Field Frame Number   787, with time interval 2.500E-05, at step time 1.968E-02 of 2.000E-02
   125011  1.970E-02 1.970E-02  02:23:45 1.22730E-07       14305  8.730E-02 -1.651E+01
INSTANCE WITH CRITICAL ELEMENT: FLUID_EULERIAN-1
Output Field Frame Number   788, with time interval 2.500E-05, at step time 1.970E-02 of 2.000E-02
   125182  1.973E-02 1.973E-02  02:23:56 1.50740E-07       13425  8.686E-02 -1.652E+01
INSTANCE WITH CRITICAL ELEMENT: FLUID_EULERIAN-1
Output Field Frame Number   789, with time interval 2.500E-05, at step time 1.973E-02 of 2.000E-02
   125337  1.975E-02 1.975E-02  02:24:05 1.66323E-07       14266  8.742E-02 -1.653E+01
INSTANCE WITH CRITICAL ELEMENT: FLUID_EULERIAN-1
Output Field Frame Number   790, with time interval 2.500E-05, at step time 1.975E-02 of 2.000E-02
   125500  1.978E-02 1.978E-02  02:24:15 1.65566E-07       14305  8.774E-02 -1.654E+01
INSTANCE WITH CRITICAL ELEMENT: FLUID_EULERIAN-1
Output Field Frame Number   791, with time interval 2.500E-05, at step time 1.978E-02 of 2.000E-02
   125660  1.980E-02 1.980E-02  02:24:25 1.48295E-07       14305  8.772E-02 -1.656E+01
INSTANCE WITH CRITICAL ELEMENT: FLUID_EULERIAN-1
Output Field Frame Number   792, with time interval 2.500E-05, at step time 1.980E-02 of 2.000E-02
   125816  1.983E-02 1.983E-02  02:24:34 1.56354E-07       14305  8.775E-02 -1.657E+01
INSTANCE WITH CRITICAL ELEMENT: FLUID_EULERIAN-1
Output Field Frame Number   793, with time interval 2.500E-05, at step time 1.983E-02 of 2.000E-02
   126000  1.985E-02 1.985E-02  02:24:45 1.37923E-07       14304  8.789E-02 -1.659E+01
INSTANCE WITH CRITICAL ELEMENT: FLUID_EULERIAN-1
Output Field Frame Number   794, with time interval 2.500E-05, at step time 1.985E-02 of 2.000E-02
   126171  1.988E-02 1.988E-02  02:24:56 1.47876E-07       14304  8.792E-02 -1.661E+01
INSTANCE WITH CRITICAL ELEMENT: FLUID_EULERIAN-1
Output Field Frame Number   795, with time interval 2.500E-05, at step time 1.988E-02 of 2.000E-02
   126341  1.990E-02 1.990E-02  02:25:06 1.42431E-07       14304  8.836E-02 -1.664E+01
INSTANCE WITH CRITICAL ELEMENT: FLUID_EULERIAN-1
Output Field Frame Number   796, with time interval 2.500E-05, at step time 1.990E-02 of 2.000E-02
   126515  1.993E-02 1.993E-02  02:25:17 1.42439E-07       14305  8.866E-02 -1.666E+01
INSTANCE WITH CRITICAL ELEMENT: FLUID_EULERIAN-1
Output Field Frame Number   797, with time interval 2.500E-05, at step time 1.993E-02 of 2.000E-02
   126687  1.995E-02 1.995E-02  02:25:27 1.61048E-07        8894  8.907E-02 -1.668E+01
INSTANCE WITH CRITICAL ELEMENT: FLUID_EULERIAN-1
Output Field Frame Number   798, with time interval 2.500E-05, at step time 1.995E-02 of 2.000E-02
   126856  1.998E-02 1.998E-02  02:25:37 1.44987E-07       14304  9.067E-02 -1.669E+01
INSTANCE WITH CRITICAL ELEMENT: FLUID_EULERIAN-1
Output Field Frame Number   799, with time interval 2.500E-05, at step time 1.998E-02 of 2.000E-02

 STEP 1  ORIGIN 0.0000

              STEP     TOTAL      WALL        STABLE    CRITICAL    KINETIC      TOTAL
INCREMENT     TIME      TIME      TIME     INCREMENT     ELEMENT     ENERGY     ENERGY
   127028  2.000E-02 2.000E-02  02:25:48 1.52360E-07       14304  8.993E-02 -1.672E+01
INSTANCE WITH CRITICAL ELEMENT: FLUID_EULERIAN-1
Restart Number  1 at 2.00000E-02
Output Field Frame Number   800, with time interval 2.500E-05, at step time 2.000E-02 of 2.000E-02
  EXPLICIT EXECUTABLE TIME SUMMARY
       USER TIME (SEC)      =   8603.9
       SYSTEM TIME (SEC)    =   62.900
       WALLCLOCK TIME (SEC) =         8748
              INIT (SEC) =          0
              MAIN (SEC) =       8748

  THE ANALYSIS HAS COMPLETED SUCCESSFULLY

