time_s,cycle_fraction,rp_x_mm,rp_y_mm,rp_z_mm,center_x_mm,center_y_mm,center_z_mm,head_x_mm,head_y_mm,head_z_mm,tail_x_mm,tail_y_mm,tail_z_mm,B_x_T,B_y_T,B_z_T,axis_x,axis_y,axis_z,tangent_x,tangent_y,tangent_z,e1_x,e1_y,e1_z,e2_x,e2_y,e2_z,directed_tilt_deg,robot_phase_deg,delta_s_mm,Vt_mm_s,contact_state
0.0,0.0,-7.468174204284,-3.676918015967,-9.550745259298,-7.503637597261565,-3.522140556662843,-9.61695124203758,-8.631666580412714,-3.533553463685733,-9.833964583199306,-6.41276858236309,-3.806964209277926,-9.293836599804548,-0.0019882955673857,-0.0053173734554316,0.0082323884913301,0.9647382600215763,-0.11887423721399708,0.2348382536498942,0.9901291831965912,0.07930162550662628,0.11556579413675062,-0.11519690449062567,-0.009226373623232928,0.9932998274567162,0.0798365441275403,-0.996807968578588,0.0,13.36237457089361,0.0,0.0,0.0,NONE
9.999949725170154e-06,0.0002999984917551046,-7.468174204282273,-3.6769180159625665,-9.550745259306227,-7.503637597261565,-3.522140556662843,-9.61695124203758,-8.631666578318958,-3.5335534594838327,-9.833964589677054,-6.412768584259046,-3.8069642130810206,-9.293836593944265,-0.0019830537836358015,-0.0053115253329653,0.00823742645306926,0.9647382582869182,-0.11887424069442952,0.23483825901425556,0.9901291831965912,0.07930162550662628,0.11556579413675062,-0.11519690449062567,-0.009226373623232928,0.9932998274567162,0.0798365441275403,-0.996807968578588,0.0,13.362374911432633,-7.259051830039985e-07,1.1102230246251565e-12,4.4361685465583503e-07,NONE
1.9999899450340308e-05,0.0005999969835102092,-7.468174204256483,-3.676918015896418,-9.550745259429178,-7.503637597261565,-3.522140556662843,-9.61695124203758,-8.631666547043855,-3.5335533967704302,-9.833964686463379,-6.412768612579555,-3.806964269842287,-9.29383650638373,-0.0019777695458584816,-0.005305604798993286,0.008242510705415974,0.9647382323757822,-0.11887429263993772,0.23483833916506447,0.9901291831965912,0.07930162550662628,0.11556579413675062,-0.11519690449062567,-0.009226373623232928,0.9932998274567162,0.0798365441275403,-0.996807968578588,0.0,13.36237999670855,-1.1579044068247863e-05,1.7683632336229493e-11,3.5285739014715687e-06,NONE
2.9999850085005164e-05,0.0008999955025501549,-7.468174204145254,-3.676918015611467,-9.550745259959621,-7.503637597261565,-3.522140556662843,-9.61695124203758,-8.631666412157655,-3.533553126541033,-9.833965104016878,-6.412768734722897,-3.8069645144243345,-9.293836128631952,-0.0019724959265376113,-0.005299670809619352,0.00824759029553664,0.9647381206238074,-0.11887451647100042,0.23483868494996768,0.9901291831965912,0.07930162550662628,0.11556579413675062,-0.11519690449062567,-0.009226373623232928,0.9932998274567162,0.0798365441275403,-0.996807968578588,0.0,13.362401921972301,-5.843537669079151e-05,8.911094084851356e-11,1.1840691959906268e-05,NONE
3.9999798900680616e-05,0.0011999939670204185,-7.468174203847259,-3.6769180148489884,-9.550745261381213,-7.503637597261565,-3.522140556662843,-9.61695124203758,-8.631666050780712,-3.533552403246642,-9.833966223036297,-6.412769061960139,-3.806965169071602,-9.293835116278935,-0.001967232945843205,-0.0052937233875403455,0.008252665204003,0.9647378212263367,-0.11887511557606951,0.23483961163363626,0.9901291831965912,0.07930162550662628,0.11556579413675062,-0.11519690449062567,-0.009226373623232928,0.9932998274567162,0.0798365441275403,-0.996807968578588,0.0,13.362460643077734,-0.00018410102266305117,2.8034286003730813e-10,2.7905564127148997e-05,NONE
4.9999751354334876e-05,0.0014999925406300463,-7.468174203222047,-3.676918013251256,-9.550745264364812,-7.503637597261565,-3.522140556662843,-9.61695124203758,-8.63166529258435,-3.533550887177378,-9.833968571540272,-6.412769748528816,-3.8069665412531917,-9.2938329916376,-0.0019619806195969505,-0.005287762550636039,0.0082577354155586,0.9647371930676233,-0.11887637133731027,0.23484155647942215,0.9901291831965912,0.07930162550662628,0.11556579413675062,-0.11519690449062567,-0.009226373623232928,0.9932998274567162,0.0798365441275403,-0.996807968578588,0.0,13.362583802898152,-0.00044803378875288584,6.812843622583387e-10,5.41891840723554e-05,NONE
5.999970017001033e-05,0.0017999910051003098,-7.4681742020908555,-3.6769180103641603,-9.550745269764773,-7.503637597261565,-3.522140556662843,-9.61695124203758,-8.631663920787872,-3.5335481468388164,-9.83397282193904,-6.412770990730094,-3.806969021512292,-9.293829146392985,-0.0019567389702796695,-0.00528178832441194,0.008262800908503976,0.96473605654686,-0.11887864116238075,0.23484507632437182,0.9901291831965912,0.07930162550662628,0.11556579413675062,-0.11519690449062567,-0.009226373623232928,0.9932998274567162,0.0798365441275403,-0.996807968578588,0.0,13.362806558076754,-0.0009260593873525871,1.4062102593470627e-09,9.309900431094445e-05,NONE
6.999965262366459e-05,0.0020999895787099376,-7.468174200237429,-3.6769180056398234,-9.550745278615238,-7.503637597261565,-3.522140556662843,-9.61695124203758,-8.631661673147399,-3.533543661318034,-9.833979788100633,-6.412773026033354,-3.8069730813249096,-9.293822844256436,-0.001951508012691788,-0.005275800725746192,0.008267861668534097,0.9647341943974113,-0.11888235652472869,0.2348508451496506,0.9901291831965912,0.07930162550662628,0.11556579413675062,-0.11519690449062567,-0.009226373623232928,0.9932998274567162,0.0798365441275403,-0.996807968578588,0.0,13.363171406465499,-0.0017100803036682226,2.5931790048616676e-09,0.00014698557619872011,NONE
7.999959780136123e-05,0.002399987934040837,-7.468174197408796,-3.6769179984391913,-9.55074529212642,-7.503637597261565,-3.522140556662843,-9.61695124203758,-8.63165824293522,-3.533536822646867,-9.83399042240308,-6.4127761321893075,-3.8069792709611083,-9.293813223632457,-0.0019462877711212848,-0.005269799782442695,0.00827291767215044,0.964731352498223,-0.1188880210061921,0.23485965163940073,0.9901291831965912,0.07930162550662628,0.11556579413675062,-0.11519690449062567,-0.009226373623232928,0.9932998274567162,0.0798365441275403,-0.996807968578588,0.0,13.36372801493462,-0.0029077738806632214,4.403482023462857e-09,0.00021814472863563233,NONE
8.999955025501549e-05,0.0026999865076504648,-7.468174193316047,-3.6769179880346288,-9.550745311680865,-7.503637597261565,-3.522140556662843,-9.61695124203758,-8.631653279901682,-3.5335269381510317,-9.834005812779587,-6.4127806263589395,-3.8069882173590606,-9.293799300291914,-0.001941078256506778,-0.005263785507092579,0.008277968908755092,0.964727240670758,-0.118896208351317,0.234872396733771,0.9901291831965912,0.07930162550662628,0.11556579413675062,-0.11519690449062567,-0.009226373623232928,0.9932998274567162,0.0798365441275403,-0.996807968578588,0.0,13.36453304844802,-0.004642276508781942,7.021105474791511e-09,0.0003088206395064549,NONE
9.999950270866975e-05,0.0029999850812600926,-7.468174187635063,-3.6769179736124853,-9.550745338829701,-7.503637597261565,-3.522140556662843,-9.61695124203758,-8.63164639121455,-3.5335132328030316,-9.834027179763478,-6.4127868642628165,-3.807000621995619,-9.293779970045422,-0.0019358794911573398,-0.005257757925415889,0.00828301535672444,0.9647215334572761,-0.11890756051851613,0.2348900911817635,0.9901291831965912,0.07930162550662628,0.11556579413675062,-0.11519690449062567,-0.009226373623232928,0.9932998274567162,0.0798365441275403,-0.996807968578588,0.0,13.36565000011831,-0.0070518534076587595,1.0652236426267336e-08,0.0004212095226766067,NONE
0.0001099994478863664,0.003299983436590992,-7.468174180007211,-3.6769179542756616,-9.550745375288864,-7.503637597261565,-3.522140556662843,-9.61695124203758,-8.631637142379663,-3.533494851555917,-9.834055873480025,-6.41279523934727,-3.8070172587742523,-9.293754011464847,-0.001930691497312351,-0.005251717063219192,0.008288056994465963,0.9647138708836496,-0.11892278574710245,0.2349138530500783,0.9901291831965912,0.07930162550662628,0.11556579413675062,-0.11519690449062567,-0.009226373623232928,0.9932998274567162,0.0798365441275403,-0.996807968578588,0.0,13.367149022140156,-0.01028953813065136,1.5524804553024296e-08,0.0005574645195962045,NONE
0.00011999940034002066,0.0035999820102006197,-7.468174170039997,-3.676917929046172,-9.550745422935337,-7.503637597261565,-3.522140556662843,-9.61695124203758,-8.631625058116787,-3.5334708616911064,-9.834093370681787,-6.412806181991162,-3.807038971900221,-9.2937200885654,-0.0019255142858432101,-0.005245662933176564,0.008293093811411516,0.9647038591850542,-0.11894265661265864,0.23494490526799347,0.9901291831965912,0.07930162550662628,0.11556579413675062,-0.11519690449062567,-0.009226373623232928,0.9932998274567162,0.0798365441275403,-0.996807968578588,0.0,13.369106759058587,-0.014522758288323213,2.1888071799480713e-08,0.0007197012592842598,NONE
0.0001299993455177173,0.003899980365531519,-7.468174157307636,-3.676917896867667,-9.550745483803313,-7.503637597261565,-3.522140556662843,-9.61695124203758,-8.63160962320611,-3.533440255139004,-9.83414127171334,-6.41282015873912,-3.807066673780351,-9.293676753551606,-0.0019203478826787359,-0.005239595565594914,0.00829812578233842,0.9646910715073872,-0.11896800810493345,0.23498457311379778,0.9901291831965912,0.07930162550662628,0.11556579413675062,-0.11519690449062567,-0.009226373623232928,0.9932998274567162,0.0798365441275403,-0.996807968578588,0.0,13.371606182500361,-0.019932918142726724,3.0012305529680816e-08,0.0009100048141037813,NONE
0.00013999930524732918,0.004199979157419875,-7.468174141351585,-3.6769178566079814,-9.550745560080403,-7.503637597261565,-3.522140556662843,-9.61695124203758,-8.63159028328069,-3.5334019508114243,-9.83420129749588,-6.412837671583711,-3.8071013429121505,-9.293622449545351,-0.0019151922948952799,-0.005233514968777913,0.008303152900355975,0.9646750485639045,-0.11899973569596797,0.2350342817176217,0.9901291831965912,0.07930162550662628,0.11556579413675062,-0.11519690449062567,-0.009226373623232928,0.9932998274567162,0.0798365441275403,-0.996807968578588,0.0,13.374736428468804,-0.02671495355926938,4.01884925338436e-08,0.001130437213545775,NONE
0.00014999925042502582,0.004499977512750775,-7.468174121680955,-3.676917807061666,-9.550745654103709,-7.503637597261565,-3.522140556662843,-9.61695124203758,-8.631566445575011,-3.53335479696812,-9.834275286468356,-6.412859257287221,-3.807144021741954,-9.29355551335309,-0.0019100475558212965,-0.005227421182006834,0.008308175132972185,0.9646552992555615,-0.11903879337992773,0.23509555352837694,0.9901291831965912,0.07930162550662628,0.11556579413675062,-0.11519690449062567,-0.009226373623232928,0.9932998274567162,0.0798365441275403,-0.996807968578588,0.0,13.37859263504901,-0.03507684537787816,5.272818270896096e-08,0.0013830464779812696,NONE
0.00015999919560272247,0.004799975868081674,-7.468174097772898,-3.6769177469524505,-9.550745768355997,-7.503637597261565,-3.522140556662843,-9.61695124203758,-8.631537479592263,-3.533297573438046,-9.834365191515039,-6.4128854867770935,-3.8071958146547096,-9.293474178245548,-0.001904913676214073,-0.005221314218095023,0.008313192469669984,0.9646313012239869,-0.11908619183333191,0.23517000576934355,0.9901291831965912,0.07930162550662628,0.11556579413675062,-0.11519690449062567,-0.009226373623232928,0.9932998274567162,0.0798365441275403,-0.996807968578588,0.0,13.383275789112345,-0.04523907284957524,6.79633505029642e-08,0.0016698770222293717,NONE
0.00016999915533233434,0.00509997465997003,-7.4681740690727905,-3.6769176749358463,-9.550745905461868,-7.503637597261565,-3.522140556662843,-9.61695124203758,-8.63150271774235,-3.533228994091139,-9.834473076831356,-6.412916964567552,-3.8072578857367865,-9.293376576793445,-0.0018997906668563862,-0.005215194089825156,0.008318204899921171,0.9646025013803468,-0.1191429963676727,0.2352593478425695,0.9901291831965912,0.07930162550662628,0.11556579413675062,-0.11519690449062567,-0.009226373623232928,0.9932998274567162,0.0798365441275403,-0.996807968578588,0.0,13.388892564828778,-0.05743403469177559,8.62464499817861e-08,0.001992980739895885,NONE
0.00017999910051003098,0.0053999730153009295,-7.468174034994379,-3.6769175896014827,-9.550746068183601,-7.503637597261565,-3.522140556662843,-9.61695124203758,-8.631461455853483,-3.5331477090885355,-9.834601114853257,-6.412954328295802,-3.8073314567392558,-9.293260743644925,-0.0018946785608652177,-0.005209060836735158,0.008323212391329101,0.9645683163294266,-0.11921032506553063,0.2353653787862307,0.9901291831965912,0.07930162550662628,0.11556579413675062,-0.11519690449062567,-0.009226373623232928,0.9932998274567162,0.0798365441275403,-0.996807968578588,0.0,13.395555177156096,-0.07190540628436953,1.079505658196922e-07,0.0023544293200061404,NONE
0.00018999904568772763,0.005699971370631829,-7.468173994919826,-3.676917489475808,-9.550746259417254,-7.503637597261565,-3.522140556662843,-9.61695124203758,-8.63141295363847,-3.5330523071670417,-9.834751583011716,-6.412998248299149,-3.8074178050107945,-9.293124618462125,-0.0018895773689298569,-0.0052029144717202595,0.008328214933407513,0.9645281327562263,-0.11928934688858817,0.23548998458677944,0.9901291831965912,0.07930162550662628,0.11556579413675062,-0.11519690449062567,-0.009226373623232928,0.9932998274567162,0.0798365441275403,-0.996807968578588,0.0,13.403381233980957,-0.08890741196568162,1.3346961047489003e-07,0.0027563276796201634,NONE
0.0001999990054173395,0.005999970162520185,-7.4681739481994525,-3.6769173730243336,-9.550746482188886,-7.503637597261565,-3.522140556662843,-9.61695124203758,-8.631356435015753,-3.5329413180121385,-9.834926860713749,-6.413049427323298,-3.8075182613494105,-9.29296604865249,-0.00188448710176527,-0.0051967550076454025,0.008333212515658741,0.9644813076923725,-0.1193812797118574,0.2356351356788084,0.9901291831965912,0.07930162550662628,0.11556579413675062,-0.11519690449062567,-0.009226373623232928,0.9932998274567162,0.0798365441275403,-0.996807968578588,0.0,13.41249359540432,-0.10870408565837644,1.6321882689851464e-07,0.0032008300616576868,NONE
0.00020999895059503615,0.0062999685178510845,-7.4681738941515645,-3.676917238654336,-9.550746739649897,-7.503637597261565,-3.522140556662843,-9.61695124203758,-8.631291088430693,-3.532813214791448,-9.835129425955408,-6.413108600230581,-3.8076342077094827,-9.292782792432247,-0.00187940779227568,-0.005190582484303686,0.008338205105782563,0.9644271687826573,-0.11948738822523236,0.23580288414050526,0.9901291831965912,0.07930162550662628,0.11556579413675062,-0.11519690449062567,-0.009226373623232928,0.9932998274567162,0.0798365441275403,-0.996807968578588,0.0,13.423020222274173,-0.13156841675774486,1.9763529124361412e-07,0.0036901544323828476,NONE
0.0002199988957727328,0.006599966873181984,-7.468173832061981,-3.676917084717185,-9.550747035073671,-7.503637597261565,-3.522140556662843,-9.61695124203758,-8.631216066977524,-3.532666416041251,-9.835361851941613,-6.413176533888428,-3.80776707549494,-9.292572521886157,-0.0018743394510821758,-0.005184396914672065,0.008343192693323924,0.9643650143865635,-0.11960898237116911,0.2359953608936767,0.9901291831965912,0.07930162550662628,0.11556579413675062,-0.11519690449062567,-0.009226373623232928,0.9932998274567162,0.0798365441275403,-0.996807968578588,0.0,13.435094057275231,-0.157781360672529,2.3717858255167812e-07,0.004226601600887115,NONE
0.00022999885550234467,0.00689996566507034,-7.46817376118324,-3.6769169095107612,-9.550747371850692,-7.503637597261565,-3.522140556662843,-9.61695124203758,-8.631130488413785,-3.5324992884426627,-9.835626804077409,-6.413254027154768,-3.8079183430455976,-9.292332825687433,-0.0018692820888311732,-0.0051781983116970355,0.008348175267816274,0.9642941135908769,-0.11974741504475434,0.23621477321303325,0.9901291831965912,0.07930162550662628,0.11556579413675062,-0.11519690449062567,-0.009226373623232928,0.9932998274567162,0.0798365441275403,-0.996807968578588,0.0,13.448852884910517,-0.18763093636334485,2.823319427136539e-07,0.0048125709259839704,NONE
0.0002399988006800413,0.007199964020401239,-7.468173680734114,-3.676916711281957,-9.550747753485128,-7.503637597261565,-3.522140556662843,-9.61695124203758,-8.631033435082943,-3.532310149066302,-9.835927036518656,-6.413341910947296,-3.8080895336057834,-9.292061212220105,-0.0018642357382136654,-0.00517198671542595,0.008353152797056678,0.964213706145933,-0.11990408023455729,0.236463401868935,0.9901291831965912,0.07930162550662628,0.11556579413675062,-0.11519690449062567,-0.009226373623232928,0.9932998274567162,0.0798365441275403,-0.996807968578588,0.0,13.464439208315863,-0.22141111494113,3.336029497091886e-07,0.005450582386081596,NONE
0.0002499987604096532,0.007499962812289596,-7.46817358989816,-3.6769164882294048,-9.550748183589493,-7.503637597261565,-3.522140556662843,-9.61695124203758,-8.630923953708985,-3.5320972677923046,-9.836265388747696,-6.413441048427027,-3.808282213134344,-9.291755112675053,-0.0018592004024585702,-0.005165762129854123,0.00835812527785557,0.9641230022965033,-0.120080411018278,0.23674359829245312,0.9901291831965912,0.07930162550662628,0.11556579413675062,-0.11519690449062567,-0.009226373623232928,0.9932998274567162,0.0798365441275403,-0.996807968578588,0.0,13.48200012603923,-0.25942065538128695,3.9152535613595774e-07,0.006143296467485128,NONE
0.0002599986910354346,0.007799960731063038,-7.4681734878230115,-3.6769162385054655,-9.550748665881345,-7.503637597261565,-3.522140556662843,-9.61695124203758,-8.630801055027565,-3.5318588692748794,-9.836644781978585,-6.413552335331531,-3.808497988526388,-9.291411884304532,-0.0018541761214208462,-0.005159524604279472,0.00836309267084899,0.9640211824765369,-0.12027787793543866,0.23705778159741417,0.9901291831965912,0.07930162550662628,0.11556579413675062,-0.11519690449062567,-0.009226373623232928,0.9932998274567162,0.0798365441275403,-0.996807968578588,0.0,13.501687229783734,-0.3019617858996552,4.5666001291522207e-07,0.006893534136761505,NONE
0.0002699986507650465,0.008099959522951394,-7.468173373618501,-3.6769159602190724,-9.550749204178517,-7.503637597261565,-3.522140556662843,-9.61695124203758,-8.63066371333934,-3.5315931360110686,-9.837068215792318,-6.413676700376534,-3.8087385048350275,-9.291028813465262,-0.0018491628836854682,-0.005153274124568418,0.00836805498731439,0.9639073969403502,-0.12049798644519959,0.2374084357943724,0.9901291831965912,0.07930162550662628,0.11556579413675062,-0.11519690449062567,-0.009226373623232928,0.9932998274567162,0.0798365441275403,-0.996807968578588,0.0,13.523656469377721,-0.3493389653845076,5.295970559870966e-07,0.007704302053861611,NONE
0.00027999861049465835,0.00839995831483975,-7.468173246355295,-3.676915651437663,-9.55074980239411,-7.503637597261565,-3.522140556662843,-9.61695124203758,-8.630510865769097,-3.531298210268573,-9.837538764724233,-6.413815105925348,-3.809005443526334,-9.29060311870446,-0.0018441607217056617,-0.00514701073104819,0.008373012195157754,0.9637807651494558,-0.12074227532946127,0.2377981069651186,0.9901291831965912,0.07930162550662628,0.11556579413675062,-0.11519690449062567,-0.009226373623232928,0.9932998274567162,0.0798365441275403,-0.996807968578588,0.0,13.548068070428334,-0.40185744347905417,6.109576773383196e-07,0.008578813017316073,NONE
0.00028999854112043977,0.008699956233613193,-7.4681731050627915,-3.676915310190476,-9.550750464533083,-7.503637597261565,-3.522140556662843,-9.61695124203758,-8.63034141154285,-3.530972196609138,-9.838059574383477,-6.413968548640616,-3.809300520196653,-9.29013195427337,-0.0018391696677652863,-0.005140734464243747,0.00837796426236336,0.9636403751748838,-0.12101231460326754,0.23822940004787263,0.9901291831965912,0.07930162550662628,0.11556579413675062,-0.11519690449062567,-0.009226373623232928,0.9932998274567162,0.0798365441275403,-0.996807968578588,0.0,13.575086421968583,-0.4598217281989878,7.013963490010156e-07,0.009520512535035896,NONE
0.00029999850085005164,0.00899995502550155,-7.468172948727246,-3.6769149344700294,-9.550751194686343,-7.503637597261565,-3.522140556662843,-9.61695124203758,-8.630154210886074,-3.5306131646331775,-9.838633858502604,-6.4141380604801475,-3.80962548208578,-9.289612412792309,-0.0018341897105264913,-0.00513444530993122,0.008382911200173015,0.9634852827851859,-0.12130970324026176,0.23870497639578073,0.9901291831965912,0.07930162550662628,0.11556579413675062,-0.11519690449062567,-0.009226373623232928,0.9932998274567162,0.0798365441275403,-0.996807968578588,0.0,13.604879985939768,-0.5235341745989959,8.016032353452829e-07,0.010533101964450897,NONE
0.0003099984605796635,0.009299953817389905,-7.468172776289097,-3.676914522235644,-9.550751997028017,-7.503637597261565,-3.522140556662843,-9.61695124203758,-8.629948084187385,-3.5302191508578264,-9.839264893734086,-6.414324709450451,-3.809982106380086,-9.289041529965546,-0.0018292208822268269,-0.005128143308689189,0.008387852976592291,0.963314510755189,-0.12163606761837364,0.23922754946458247,0.9901291831965912,0.07930162550662628,0.11556579413675062,-0.11519690449062567,-0.009226373623232928,0.9932998274567162,0.0798365441275403,-0.996807968578588,0.0,13.63762118989238,-0.5932930249713944,9.12306882483449e-07,0.011620568081756232,NONE
0.00031999839120544493,0.009599951736163348,-7.46817258664058,-3.676914071414809,-9.550752875808174,-7.503637597261565,-3.522140556662843,-9.61695124203758,-8.629721810441303,-3.529788161614287,-9.839956017120416,-6.414529601014747,-3.8103721975869407,-9.288416286862306,-0.0018242632149335744,-0.005121828501292961,0.00839278955970578,0.9631270475767638,-0.12199305911854497,0.23979988272091735,0.9901291831965912,0.07930162550662628,0.11556579413675062,-0.11519690449062567,-0.009226373623232928,0.9932998274567162,0.0798365441275403,-0.996807968578588,0.0,13.673486353697049,-0.669390974194359,1.0342773126836846e-06,0.012787202263059511,NONE
0.0003299983509350568,0.009899950528051704,-7.468172378622884,-3.676913579906137,-9.550753835350095,-7.503637597261565,-3.522140556662843,-9.61695124203758,-8.629474125883045,-3.529318175651083,-9.840710621862932,-6.414753879325938,-3.8107975851789324,-9.287733613749678,-0.0018193166973864807,-0.00511550087342897,0.008397720960719326,0.9629218463291764,-0.12238235196863016,0.24042478613619753,0.9901291831965912,0.07930162550662628,0.11556579413675062,-0.11519690449062567,-0.009226373623232928,0.9932998274567162,0.0798365441275403,-0.996807968578588,0.0,13.712655589619049,-0.7521133591146676,1.1683289162789379e-06,0.014037637135810122,NONE
0.0003399983106646687,0.01019994931994006,-7.468172151022631,-3.6769130455825474,-9.550754880043003,-7.503637597261565,-3.522140556662843,-9.61695124203758,-8.629203722190358,-3.5288071458546773,-9.841532153586108,-6.414998728850995,-3.8112601220391586,-9.286990393467393,-0.0018143813616063444,-0.005109160465925722,0.008402647147739101,0.9626978231910274,-0.12280564181933981,0.24110511309509322,0.9901291831965912,0.07930162550662628,0.11556579413675062,-0.11519690449062567,-0.009226373623232928,0.9932998274567162,0.0798365441275403,-0.996807968578588,0.0,13.755312757007932,-0.8417363107843504,1.3153245319585949e-06,0.015376860853592928,NONE
0.0003499982412904501,0.010499947238713503,-7.468171902568915,-3.67691246629263,-9.550756014340239,-7.503637597261565,-3.522140556662843,-9.61695124203758,-8.628909244916663,-3.528253003714943,-9.84242410628237,-6.415265375786633,-3.8117616804132,-9.286183465102825,-0.0018094572394428774,-0.005102807319807577,0.00840756808895109,0.9624538561434915,-0.1232646420427207,0.24184375703458452,0.9901291831965912,0.07930162550662628,0.11556579413675062,-0.11519690449062567,-0.009226373623232928,0.9932998274567162,0.0798365441275403,-0.996807968578588,0.0,13.801645300192135,-0.9385251129273685,1.4761784790096044e-06,0.016810257720865328,NONE
0.00035999820102006197,0.010799946030601859,-7.468171631929212,-3.6769118398631475,-9.550757242752896,-7.503637597261565,-3.522140556662843,-9.61695124203758,-8.628589291327602,-3.5276536593545678,-9.84339001757348,-6.415555090013963,-3.8123041518872136,-9.285309628277258,-0.001804544319713829,-0.005096441420671632,0.008412483795524828,0.9621887831798432,-0.12376108370984605,0.2426436475200972,0.9901291831965912,0.07930162550662628,0.11556579413675062,-0.11519690449062567,-0.009226373623232928,0.9932998274567162,0.0798365441275403,-0.996807968578588,0.0,13.851844254619229,-1.0427319767084928,1.6518611385407667e-06,0.018343628551539638,NONE
0.00036999816074967384,0.011099944822490215,-7.468171337705857,-3.676911164103582,-9.550758569840271,-7.503637597261565,-3.522140556662843,-9.61695124203758,-8.628242408301405,-3.5270070058808334,-9.844433465100986,-6.4158691869963596,-3.8128894434490994,-9.284365646401893,-0.0017996426342222552,-0.005090062809595175,0.008417394235668008,0.9619014005674115,-0.12429671198620265,0.24350774726047464,0.9901291831965912,0.07930162550662628,0.11556579413675062,-0.11519690449062567,-0.009226373623232928,0.9932998274567162,0.0798365441275403,-0.996807968578588,0.0,13.906104108531393,-1.1545944675402426,1.8434031954228658e-06,0.019983216172494097,NONE
0.00037999809137545526,0.011399942741263658,-7.46817101843138,-3.67691043680568,-9.550760000213502,-7.503637597261565,-3.522140556662843,-9.61695124203758,-8.62786709004276,-3.526310921363033,-9.845558061654106,-6.416209029844322,-3.8135194756939166,-9.283348251104302,-0.0017947522145990568,-0.0050836715278503005,0.008422299377669031,0.9615904609558424,-0.12487328449168834,0.24443904806513284,0.9901291831965912,0.07930162550662628,0.11556579413675062,-0.11519690449062567,-0.009226373623232928,0.9932998274567162,0.0798365441275403,-0.996807968578588,0.0,13.964622730440219,-1.2743334913978288,2.0518998589125204e-06,0.021735744887321516,NONE
0.00038999805110506713,0.011699941533152014,-7.468170672564415,-3.676909655748001,-9.550761538520108,-7.503637597261565,-3.522140556662843,-9.61695124203758,-8.627461775415467,-3.5255632726198844,-9.846767451900217,-6.416576031727218,-3.814196179396987,-9.282254145164709,-0.001789873049740573,-0.005077267560945198,0.008427199232660738,0.9612546711688041,-0.12549256816395762,0.2454405681458731,0.9901291831965912,0.07930162550662628,0.11556579413675062,-0.11519690449062567,-0.009226373623232928,0.9932998274567162,0.0798365441275403,-0.996807968578588,0.0,14.027601267348407,-1.4021517878018264,2.278516353371174e-06,0.023608423404745487,NONE
0.000399998010834679,0.01199994032504037,-7.468170298484469,-3.6769088186990997,-9.550763189447624,-7.503637597261565,-3.522140556662843,-9.61695124203758,-8.627024845221538,-3.524761915710466,-9.848065306845657,-6.416971658331449,-3.8149214950746386,-9.281080007547546,-0.0017850051712309295,-0.005070850950204681,0.008432093768953468,0.9608926899522128,-0.1261563388539881,0.24651534752091728,0.9901291831965912,0.07930162550662628,0.11556579413675062,-0.11519690449062567,-0.009226373623232928,0.9932998274567162,0.0798365441275403,-0.996807968578588,0.0,14.095244117150214,-1.5382317532036507,2.5244924142242553e-06,0.025609003194046766,NONE
0.0004099979414604604,0.012299938243813813,-7.468169894488287,-3.676907923417981,-9.55076495770905,-7.503637597261565,-3.522140556662843,-9.61695124203758,-8.62655461924552,-3.5239047003626105,-9.849455320418237,-6.417397430534609,-3.8156973689680678,-9.27982249647371,-0.0017801486104814539,-0.005064421737147114,0.008436982954939085,0.9605031255264825,-0.12686637765454672,0.24766644519327283,0.9901291831965912,0.07930162550662628,0.11556579413675062,-0.11519690449062567,-0.009226373623232928,0.9932998274567162,0.0798365441275403,-0.996807968578588,0.0,14.167758796536349,-1.6827341164276455,2.7911475370956396e-06,0.027745789152566657,NONE
0.0004199979011900723,0.012599937035702169,-7.468169458781662,-3.676906967657284,-9.550766848044676,-7.503637597261565,-3.522140556662843,-9.61695124203758,-8.626049353679491,-3.522989474219984,-9.850941203706405,-6.417854926725656,-3.8165257491968805,-9.278478254649691,-0.0017753033564672364,-0.005057979907192351,0.008441866801713277,0.9600845334581896,-0.12762446738125927,0.24889693437248397,0.9901291831965912,0.07930162550662628,0.11556579413675062,-0.11519690449062567,-0.009226373623232928,0.9932998274567162,0.0798365441275403,-0.996807968578588,0.0,14.245355751859725,-1.835796296776405,3.0798886196947706e-06,0.030027652148937788,NONE
0.00042999786091968417,0.012899935827590525,-7.468168989477394,-3.676905949168737,-9.550768865211156,-7.503637597261565,-3.522140556662843,-9.61695124203758,-8.625507237401056,-3.522014082016934,-9.852526680312574,-6.418345786177262,-3.817408586517995,-9.277043913461775,-0.0017704694405525061,-0.005051525501911221,0.00844674527769009,0.9596354135755624,-0.12843239326133085,0.2502098986307822,0.9901291831965912,0.07930162550662628,0.11556579413675062,-0.11519690449062567,-0.009226373623232928,0.9932998274567162,0.0798365441275403,-0.996807968578588,0.0,14.328248404394575,-1.9975305554867575,3.3922128235275295e-06,0.03246407958272281,NONE
0.0004399977915454656,0.013199933746363968,-7.468168484587326,-3.67690486570316,-9.550771013977881,-7.503637597261565,-3.522140556662843,-9.61695124203758,-8.624926389072689,-3.520976369959552,-9.854215480424928,-6.41887171166181,-3.8183478303515757,-9.275516098346552,-0.0017656468939279656,-0.005045058563067204,0.008451618351365752,0.9591542075699477,-0.12929193930087973,0.2516084269905989,0.9901291831965912,0.07930162550662628,0.11556579413675062,-0.11519690449062567,-0.009226373623232928,0.9932998274567162,0.0798365441275403,-0.996807968578588,0.0,14.416652943806497,-2.1680226155705595,3.7297158606008907e-06,0.03506518413706259,NONE
0.00044999775127507746,0.013499932538252324,-7.468167942017803,-3.6769037150122825,-9.55077329911788,-7.503637597261565,-3.522140556662843,-9.61695124203758,-8.624304852335301,-3.5198741918952456,-9.856011342393469,-6.4194344738026485,-3.81934542318807,-9.273891427343969,-0.0017608357056478439,-0.005038579075992323,0.008456486033798486,0.9586392950141969,-0.1302048831707932,0.25309561523891255,0.9901291831965912,0.07930162550662628,0.11556579413675062,-0.11519690449062567,-0.009226373623232928,0.9932998274567162,0.0798365441275403,-0.996807968578588,0.0,14.510788251973898,-2.347331851554885,4.094097418416709e-06,0.03784172900746362,NONE
0.00045999771100468934,0.01379993133014068,-7.468167359561025,-3.6769024948578375,-9.550775725402362,-7.503637597261565,-3.522140556662843,-9.61695124203758,-8.623640595352963,-3.5187054068697465,-9.857917992620926,-6.4200359114706025,-3.8204033028215996,-9.272166529327881,-0.0017560359068554874,-0.005032087082502176,0.008461348293507089,0.958088992992331,-0.13117299823993625,0.25467454925784544,0.9901291831965912,0.07930162550662628,0.11556579413675062,-0.11519690449062567,-0.009226373623232928,0.9932998274567162,0.0798365441275403,-0.996807968578588,0.0,14.61087557438754,-2.5354872388845724,4.487169610101205e-06,0.04080515097020647,NONE
0.00046999764163047075,0.014099929248914123,-7.468166734892779,-3.676901203002468,-9.550778297602536,-7.503637597261565,-3.522140556662843,-9.61695124203758,-8.622931503176755,-3.5174678853452908,-9.859939156610343,-6.420677938706393,-3.8215233966920916,-9.27033803398826,-0.001751247528519914,-0.005025582624603906,0.008466205099093278,0.9575015497697228,-0.1321980484116526,0.25634831418351434,0.9901291831965912,0.07930162550662628,0.11556579413675062,-0.11519690449062567,-0.009226373623232928,0.9932998274567162,0.0798365441275403,-0.996807968578588,0.0,14.717138690027465,-2.732489479176665,4.910859745521634e-06,0.04396758418505731,NONE
0.0004799976013600826,0.014399928040802479,-7.468166065561522,-3.6768998372306454,-9.550781020462326,-7.503637597261565,-3.522140556662843,-9.61695124203758,-8.62217537547671,-3.5161595144412368,-9.86207854831983,-6.421362546757185,-3.822707617171402,-9.268402581435454,-0.001746470559774992,-0.005019065687542077,0.008471056461577408,0.9568751429215326,-0.13328178379572383,0.25811998560190275,0.9901291831965912,0.07930162550662628,0.11556579413675062,-0.11519690449062567,-0.009226373623232928,0.9932998274567162,0.0798365441275403,-0.996807968578588,0.0,14.829803522191611,-2.938309679072184,5.3672226290046865e-06,0.04734187032466122,NONE
0.0004899975610896945,0.014699926832690835,-7.468165348985198,-3.676898395330478,-9.550783898711105,-7.503637597261565,-3.522140556662843,-9.61695124203758,-8.621369924497388,-3.5147781966822693,-9.864339855120134,-6.42209180592501,-3.8239578626641304,-9.266356835869512,-0.0017417050315421383,-0.005012536313375706,0.008475902349583887,0.9562078776401641,-0.13442594173124398,0.25999261706548765,0.9901291831965912,0.07930162550662628,0.11556579413675062,-0.11519690449062567,-0.009226373623232928,0.9932998274567162,0.0798365441275403,-0.996807968578588,0.0,14.949097872541978,-3.1528869527534438,5.858443678619096e-06,0.05094158818248701,NONE
0.0004999975208193064,0.014999925624579191,-7.4681645824412355,-3.67689687511736,-9.550786937052779,-7.503637597261565,-3.522140556662843,-9.61695124203758,-8.620512767273613,-3.5133218544436966,-9.866726746378385,-6.422867872608819,-3.8252760136203827,-9.264197477773008,-0.0017369509607482554,-0.0050059945252968726,0.008480742745900332,0.9554977802890411,-0.13563224312029828,0.2619692472197295,0.9901291831965912,0.07930162550662628,0.11556579413675062,-0.11519690449062567,-0.009226373623232928,0.9932998274567162,0.0798365441275403,-0.996807968578588,0.0,15.075251581797486,-3.3761305914366195,6.386848230732767e-06,0.05478103719895641,NONE
0.0005099974223412573,0.01529992267023772,-7.468163763062907,-3.676895274423056,-9.5507901401476,-7.503637597261565,-3.522140556662843,-9.61695124203758,-8.619601423399452,-3.511788437329825,-9.869242862377035,-6.423692991321289,-3.8266639258220216,-9.261921213928023,-0.0017322083918508415,-0.00499944038472935,0.008485577605207585,0.9547427965557229,-0.13690238630095503,0.2640528906300051,0.9901291831965912,0.07930162550662628,0.11556579413675062,-0.11519690449062567,-0.009226373623232928,0.9932998274567162,0.0798365441275403,-0.996807968578588,0.0,15.20849601590111,-3.607919639177533,6.954908089440437e-06,0.05887529711905041,NONE
0.0005199973820708692,0.015599921462126076,-7.46816288782978,-3.676893591102977,-9.5507935126158,-7.503637597261565,-3.522140556662843,-9.61695124203758,-8.61863331321504,-3.5101759200681792,-9.871891796744126,-6.424569496315353,-3.8281234323066986,-9.259524793360605,-0.0017274772864853403,-0.004992873838650702,0.008490406966617525,0.9539407899563858,-0.13823804879935642,0.26624652321022635,0.9901291831965912,0.07930162550662628,0.11556579413675062,-0.11519690449062567,-0.009226373623232928,0.9932998274567162,0.0798365441275403,-0.996807968578588,0.0,15.349063733248355,-3.8481008304853406,7.5652500033385195e-06,0.06324020113445215,NONE
0.0005299973418004811,0.015899920254014432,-7.468161953561352,-3.6768918230434577,-9.550797059023042,-7.503637597261565,-3.522140556662843,-9.61695124203758,-8.617605747499908,-3.5084823082762435,-9.874677113215292,-6.425499820921262,-3.829656338150712,-9.25700499210817,-0.0017227576890951816,-0.004986294948499798,0.008495230784817735,0.9530895332950635,-0.1396408825541166,0.268553096133531,0.9901291831965912,0.07930162550662628,0.11556579413675062,-0.11519690449062567,-0.009226373623232928,0.9932998274567162,0.0798365441275403,-0.996807968578588,0.0,15.497188811770771,-4.096492839534312,8.22066306227498e-06,0.06789236037803141,NONE
0.000539997301530093,0.01619991904590279,-7.468160956910682,-3.6768899681617553,-9.550800783873145,-7.503637597261565,-3.522140556662843,-9.61695124203758,-8.616515930216828,-3.5067056440266455,-9.877602314918034,-6.4264864950454825,-3.831264415420819,-9.254358641067922,-0.0017180496164441443,-0.004979703737644474,0.00850004904267415,0.9521867109440633,-0.14111250930181468,0.2709755103696137,0.9901291831965912,0.07930162550662628,0.11556579413675062,-0.11519690449062567,-0.009226373623232928,0.9932998274567162,0.0798365441275403,-0.996807968578588,0.0,15.653105815673918,-4.352883516839115,8.924105850738329e-06,0.07284916176459996,NONE
0.0005499972612597048,0.016499917837791145,-7.468159894355298,-3.6768880244078685,-9.550804691611718,-7.503637597261565,-3.522140556662843,-9.61695124203758,-8.615360949300593,-3.504844007099566,-9.880670854217689,-6.427532153508874,-3.832949402041643,-9.251582617072483,-0.0017133530852551833,-0.004973100229496446,0.008504861723072523,0.9512299112137909,-0.14265451954003333,0.2735166248457413,0.9901291831965912,0.07930162550662628,0.11556579413675062,-0.11519690449062567,-0.009226373623232928,0.9932998274567162,0.0798365441275403,-0.996807968578588,0.0,15.817050093564731,-4.617033120417737,9.678714876670824e-06,0.07812875922805998,NONE
0.0005599972209893167,0.0167999166296795,-7.468158762193556,-3.6768859897736332,-9.550808786586147,-7.503637597261565,-3.522140556662843,-9.61695124203758,-8.614137773093507,-3.50289551881322,-9.883886123226315,-6.428639539273121,-3.8347129983383823,-9.248673851422991,-0.001708668112210227,-0.004966484447511069,0.008509668808918455,0.9502166234001681,-0.14426846935876622,0.276179248610141,0.9901291831965912,0.07930162550662628,0.11556579413675062,-0.11519690449062567,-0.009226373623232928,0.9932998274567162,0.0798365441275403,-0.996807968578588,0.0,15.989257415288941,-4.8886751015547265,1.048781208723426e-05,0.08375010520734474,NONE
0.0005699971225112677,0.01709991367533803,-7.468157556531,-3.676883862294541,-9.550813073078332,-7.503637597261565,-3.522140556662843,-9.61695124203758,-8.612843247790844,-3.5008583479381326,-9.887251442043738,-6.429811505731943,-3.836556861675433,-9.245629340618096,-0.0017039947411141116,-0.004959856453808564,0.008514470255207827,0.9491442356777826,-0.14595587553795678,0.278966131054626,0.9901291831965912,0.07930162550662628,0.11556579413675062,-0.11519690449062567,-0.009226373623232928,0.9932998274567162,0.0798365441275403,-0.996807968578588,0.0,16.169963448286065,-5.167517031692434,1.1354914446926045e-05,0.08973289880302973,NONE
0.0005799970822408795,0.017399912467226386,-7.468156273284907,-3.6768816400533764,-9.550817555264674,-7.503637597261565,-3.522140556662843,-9.61695124203758,-8.611474094732868,-3.498730714332908,-9.890770046674861,-6.431051019176174,-3.8384826031653136,-9.242446157237877,-0.001699332934170346,-0.004953216194760369,0.008519266100778211,0.9480100328507366,-0.14771821253582862,0.2818799519291241,0.9901291831965912,0.07930162550662628,0.11556579413675062,-0.11519690449062567,-0.009226373623232928,0.9932998274567162,0.0798365441275403,-0.996807968578588,0.0,16.35940330743231,-5.4532415468738735,1.228373376349623e-05,0.09609761361501618,NONE
0.0005899970419704914,0.017699911259114742,-7.468154908160645,-3.676879321180219,-9.550822237219707,-7.503637597261565,-3.522140556662843,-9.61695124203758,-8.610026901438994,-3.496510893002844,-9.894445098326065,-6.432361166881602,-3.840491783987092,-9.239121441517995,-0.0016946827351696926,-0.004946563732501779,0.008524056300632327,0.9468111889379962,-0.14955690912358616,0.284923329046987,0.9901291831965912,0.07930162550662628,0.11556579413675062,-0.11519690449062567,-0.009226373623232928,0.9932998274567162,0.0798365441275403,-0.996807968578588,0.0,16.55781172727115,-5.745510537661248,1.3278199695321291e-05,0.1028654835804339,NONE
0.0005999970017001033,0.0179999100510031,-7.468153456663489,-3.676876903863355,-9.550827122887002,-7.503637597261565,-3.522140556662843,-9.61695124203758,-8.608498119222022,-3.4941972118012856,-9.898279666803349,-6.43374515929564,-3.842585917492301,-9.235652416353759,-0.0016900441606294957,-0.004939899090662035,0.008528840837755548,0.945544765185383,-0.15147335030044146,0.28809880454329995,0.9901291831965912,0.07930162550662628,0.11556579413675062,-0.11519690449062567,-0.009226373623232928,0.9932998274567162,0.0798365441275403,-0.996807968578588,0.0,16.765422714367446,-6.043965198652614,1.4342450523230355e-05,0.11005843825077115,NONE
0.0006099969614297152,0.018299908842891455,-7.468151914076802,-3.6768743863529165,-9.55083221611554,-7.503637597261565,-3.522140556662843,-9.61695124203758,-8.606884066080124,-3.4917880724055577,-9.902276709563406,-6.435206327372375,-3.8447664501845846,-9.232036406372313,-0.0016854172270258348,-0.004933222292913482,0.00853361969515337,0.9442077124816297,-0.15346885990392475,0.29140882747438823,0.9901291831965912,0.07930162550662628,0.11556579413675062,-0.11519690449062567,-0.009226373623232928,0.9932998274567162,0.0798365441275403,-0.996807968578588,0.0,16.982468137469553,-6.348228024990232,1.5480850288795978e-05,0.11769914204270189,NONE
0.000619996921159327,0.01859990763477981,-7.468150275467482,-3.6768717669681577,-9.550837520579678,-7.503637597261565,-3.522140556662843,-9.61695124203758,-8.605180912713148,-3.489281929086094,-9.906439084524019,-6.436748135267611,-3.8470347809921184,-9.228270826159667,-0.0016808019507935249,-0.004926533362971697,0.008538392855851543,0.9427968597589295,-0.15554471822001067,0.2948557645062397,0.9901291831965912,0.07930162550662628,0.11556579413675062,-0.11519690449062567,-0.009226373623232928,0.9932998274567162,0.0798365441275403,-0.996807968578588,0.0,17.209179011273402,-6.657905467919405,1.6697992055725308e-05,0.12581091622747884,NONE
0.000629996822681278,0.01889990468043834,-7.46814853567142,-3.6768690440865397,-9.550843039844638,-7.503637597261565,-3.522140556662843,-9.61695124203758,-8.603384687560052,-3.486677329792914,-9.910769533521766,-6.438374175741646,-3.8493922239772016,-9.224353195391117,-0.0016761983750792197,-0.004919832363645519,0.008543160275166817,0.9413089181819153,-0.15770212790621188,0.2984418861437601,0.9901291831965912,0.07930162550662628,0.11556579413675062,-0.11519690449062567,-0.009226373623232928,0.9932998274567162,0.0798365441275403,-0.996807968578588,0.0,17.445783450585562,-6.972592641271635,1.7998705608590626e-05,0.13441777887693576,NONE
0.0006399967824108899,0.019199903472326696,-7.468146689291674,-3.6768662161764736,-9.550848777293739,-7.503637597261565,-3.522140556662843,-9.61695124203758,-8.601491265085826,-3.483972874741095,-9.915270676936768,-6.4400881807807515,-3.8518400459658713,-9.220281143568393,-0.0016716064626593318,-0.0049131192407072715,0.008547921991657345,0.9397404714369892,-0.15994224835859838,0.3021693623340754,0.9901291831965912,0.07930162550662628,0.11556579413675062,-0.11519690449062567,-0.009226373623232928,0.9932998274567162,0.0798365441275403,-0.996807968578588,0.0,17.692508198345838,-7.291871728597655,1.938806508228197e-05,0.1435443222005396,NONE
0.0006499967421405017,0.019499902264215052,-7.468144730694834,-3.676863281771854,-9.550854736142954,-7.503637597261565,-3.522140556662843,-9.61695124203758,-8.599496378489143,-3.4811672668005604,-9.919944980323185,-6.441894010063121,-3.8543794207906905,-9.216052440316924,-0.0016670262566662692,-0.004906394056980634,0.008552677960646937,0.9380879862721838,-0.1622661539087521,0.30604023478533127,0.9901291831965912,0.07930162550662628,0.11556579413675062,-0.11519690449062567,-0.009226373623232928,0.9932998274567162,0.0798365441275403,-0.996807968578588,0.0,17.949575689070766,-7.615315687505509,2.087139288597939e-05,0.1532157024216672,NONE
0.0006599967018701136,0.01979990105610341,-7.468142654003745,-3.6768602395011625,-9.550860919433633,-7.503637597261565,-3.522140556662843,-9.61695124203758,-8.597395596367491,-3.4782592878714254,-9.924794795628541,-6.443795672112065,-3.8570114507762066,-9.211664957981865,-0.001662457773368868,-0.004899656836352945,0.008557428165242471,0.9363477931545331,-0.16467485343686153,0.31005645115072866,0.9901291831965912,0.07930162550662628,0.11556579413675062,-0.11519690449062567,-0.009226373623232928,0.9932998274567162,0.0798365441275403,-0.996807968578588,0.0,18.217206370674575,-7.942494372786362,2.245426545144369e-05,0.1634576191128316,NONE
0.0006699966615997255,0.020099899847991765,-7.468140453095688,-3.676857088083831,-9.550867330017953,-7.503637597261565,-3.522140556662843,-9.61695124203758,-8.595184338603564,-3.475247806111564,-9.929822297202053,-6.445797309881996,-3.8597371601758796,-9.207116729647275,-0.0016579010289943775,-0.004892907602754403,0.008562172588571408,0.9345160994441601,-0.16716928437578923,0.3142198119803382,0.9901291831965912,0.07930162550662628,0.11556579413675062,-0.11519690449062567,-0.009226373623232928,0.9932998274567162,0.0798365441275403,-0.996807968578588,0.0,18.495616492054623,-8.272970316177409,2.414251699711656e-05,0.17429624358682158,NONE
0.0006799966213293374,0.02039989863988012,-7.468138121595106,-3.676853826333878,-9.550873970522533,-7.503637597261565,-3.522140556662843,-9.61695124203758,-8.592857864838326,-3.4721317957538393,-9.935029510565437,-6.447903211200629,-3.862557477202781,-9.2024059229687,-0.00165335603972827,-0.004886146380157886,0.008566911213781662,0.9325889798424771,-0.16975029628214866,0.3185319946072775,0.9901291831965912,0.07930162550662628,0.11556579413675062,-0.11519690449062567,-0.009226373623232928,0.9932998274567162,0.0798365441275403,-0.996807968578588,0.0,18.78501837568151,-8.606307293883686,2.594225065166711e-05,0.18575813668667385,NONE
0.0006899965228512883,0.02069989568553865,-7.46813565287724,-3.6768504531708244,-9.550880843392095,-7.503637597261565,-3.522140556662843,-9.61695124203758,-8.590411272500306,-3.4689103310182148,-9.940418298318301,-6.450117810563572,-3.865473239572741,-9.197530853041666,-0.0016488228480533477,-0.004879373232052525,0.008571643996516781,0.9305623747551017,-0.1724186558932721,0.322994541424624,0.9901291831965912,0.07930162550662628,0.11556579413675062,-0.11519690449062567,-0.009226373623232928,0.9932998274567162,0.0798365441275403,-0.996807968578588,0.0,19.085620345430563,-8.942070946795146,2.7859828941600995e-05,0.19787024581672097,NONE
0.0006999964825809002,0.020999894477427006,-7.4681330400590324,-3.6768469676306053,-9.550887950794875,-7.503637597261565,-3.522140556662843,-9.61695124203758,-8.587839509352179,-3.465582593972956,-9.945990313022289,-6.452445677735942,-3.8684851873942527,-9.192490024960152,-0.0016443014173239702,-0.004872588103618715,0.008576370975050339,0.9284321007027118,-0.17517504061795505,0.32760882089658083,0.9901291831965912,0.07930162550662628,0.11556579413675062,-0.11519690449062567,-0.009226373623232928,0.9932998274567162,0.0798365441275403,-0.996807968578588,0.0,19.3976250226657,-9.279826959093338,2.990189285689837e-05,0.21065972002334407,NONE
0.0007099964423105121,0.021299893269315362,-7.46813027600277,-3.676843368847382,-9.550895294695382,-7.503637597261565,-3.522140556662843,-9.61695124203758,-8.58513735181493,-3.4621478815611058,-9.951747050231067,-6.454891537421496,-3.8715939567600586,-9.18728208585178,-0.0016397917900087009,-0.004865791058360375,0.008581092105032977,0.926193832344972,-0.1780200326951969,0.3323760714692542,0.9901291831965912,0.07930162550662628,0.11556579413675062,-0.11519690449062567,-0.009226373623232928,0.9932998274567162,0.0798365441275403,-0.996807968578588,0.0,19.72123097556998,-9.619150672071976,3.207535129234884e-05,0.22415397394441214,NONE
0.0007199964020401239,0.021599892061203718,-7.468127353312442,-3.6768396560935583,-9.550902876767084,-7.503637597261565,-3.522140556662843,-9.61695124203758,-8.582299428911718,-3.458605604561872,-9.957689767286475,-6.457460247536172,-3.8748000807655965,-9.181905898371419,-0.0016352939821256943,-0.004858982120420092,0.008585807369695404,0.9238431223371937,-0.1809541200885757,0.3372973343108935,0.9901291831965912,0.07930162550662628,0.11556579413675062,-0.11519690449062567,-0.009226373623232928,0.9932998274567162,0.0798365441275403,-0.996807968578588,0.0,20.05663024062474,-9.959620402746415,3.438739155470216e-05,0.2383804751396789,NONE
0.0007299963617697358,0.021899890853092074,-7.468124264341017,-3.6768358287652303,-9.55091069842152,-7.503637597261565,-3.522140556662843,-9.61695124203758,-8.579320200634225,-3.45495530772393,-9.963819544463197,-6.4601568188458875,-3.8781039712182954,-9.176360485292275,-0.0016308080096510504,-0.00485216131398271,0.008590516752289041,0.9213753833862335,-0.1839776797801589,0.3423735039873573,0.9901291831965912,0.07930162550662628,0.11556579413675062,-0.11519690449062567,-0.009226373623232928,0.9932998274567162,0.0798365441275403,-0.996807968578588,0.0,20.40400981160161,-10.300828645134997,3.684546996041149e-05,0.2533667726213735,NONE
0.0007399963214993477,0.02219988964498043,-7.4681210011758905,-3.6768318863894605,-9.550918760808289,-7.503637597261565,-3.522140556662843,-9.61695124203758,-8.576193979954901,-3.451196664948288,-9.970137212378074,-6.4629863949714395,-3.8815059230210838,-9.170645095353017,-0.001626333888519015,-0.004845328663275254,0.008595220236086307,0.9187859065145485,-0.18709098177078085,0.3476052682717638,0.9901291831965912,0.07930162550662628,0.11556579413675062,-0.11519690449062567,-0.009226373623232928,0.9932998274567162,0.0798365441275403,-0.996807968578588,0.0,20.76354958760197,-10.642375960749112,3.9457325659242315e-05,0.269140258425635,NONE
0.0007499962230212986,0.02249988669063896,-7.468117555660714,-3.6768278286533826,-9.550927064742298,-7.503637597261565,-3.522140556662843,-9.61695124203758,-8.572914916969143,-3.447329478742933,-9.976643387457178,-6.4659542668148,-3.885006114722586,-9.16475917094677,-0.0016218716605431508,-0.0048384842324590074,0.008599917777063058,0.9160698478931929,-0.19029418955637062,0.35299313761322154,0.9901291831965912,0.07930162550662628,0.11556579413675062,-0.11519690449062567,-0.009226373623232928,0.9932998274567162,0.0798365441275403,-0.996807968578588,0.0,21.135423838351542,-10.983877021999366,4.223096512490088e-05,0.28572820184740655,NONE
0.0007599961827509105,0.022799885482527316,-7.468113919388119,-3.676823655375098,-9.550935610747418,-7.503637597261565,-3.522140556662843,-9.61695124203758,-8.569477021834922,-3.4433536994545153,-9.98333841582939,-6.469065851736648,-3.888604591016528,-9.158702399098596,-0.001617421289660475,-0.004831627966129721,0.008604609413203547,0.9132222478688151,-0.19358734415739692,0.3585373985786058,0.9901291831965912,0.07930162550662628,0.11556579413675062,-0.11519690449062567,-0.009226373623232928,0.9932998274567162,0.0798365441275403,-0.996807968578588,0.0,21.519798783548282,-11.324958399100042,4.5174666622571635e-05,0.30315756530142307,NONE
0.0007699961424805224,0.023099884274415672,-7.468110083706992,-3.6768193665400544,-9.550944399012822,-7.503637597261565,-3.522140556662843,-9.61695124203758,-8.56587414580387,-3.4392694220352324,-9.990222417386018,-6.472326710777002,-3.8923012657438814,-9.15247467141569,-0.001612982817670151,-0.004824759928463182,0.008609295100490758,0.910238015229073,-0.19697036682984737,0.3642381504218817,0.9901291831965912,0.07930162550662628,0.11556579413675062,-0.11519690449062567,-0.009226373623232928,0.9932998274567162,0.0798365441275403,-0.996807968578588,0.0,21.91683452385249,-11.665264646713768,4.829697516406384e-05,0.32145487251309823,NONE
0.0007799961022101343,0.023399883066304028,-7.468106039722474,-3.676814962293771,-9.550953429363888,-7.503637597261565,-3.522140556662843,-9.61695124203758,-8.562100009748258,-3.43507692202073,-9.997295230032094,-6.475742522778331,-3.896095889243383,-9.146076134601612,-0.0016085562603376116,-0.004817880143854152,0.008613974822281345,0.9071119508564903,-0.20044302922724028,0.3700952588828178,0.9901291831965912,0.07930162550662628,0.11556579413675062,-0.11519690449062567,-0.009226373623232928,0.9932998274567162,0.0798365441275403,-0.996807968578588,0.0,22.326682026341718,-12.004457208275157,5.1606706449547346e-05,0.3406461139223313,NONE
0.0007899960619397461,0.023699881858192384,-7.468101778310515,-3.6768104429563904,-9.550962701291299,-7.503637597261565,-3.522140556662843,-9.61695124203758,-8.55814818368103,-3.4307765925911666,-10.004556427223266,-6.479319102990732,-3.8999881054712833,-9.139507174604041,-0.0016041416333859781,-0.004810988636739106,0.008618648561953015,0.9038387307349128,-0.20400500560005064,0.3761083707040106,0.9901291831965912,0.07930162550662628,0.11556579413675062,-0.11519690449062567,-0.009226373623232928,0.9932998274567162,0.0798365441275403,-0.996807968578588,0.0,22.74948638880029,-12.342212371251723,5.51129279369178e-05,0.36075660285113437,NONE
0.000799996021669358,0.02399988065008074,-7.468097290128784,-3.676805809022677,-9.55097221392194,-7.503637597261565,-3.522140556662843,-9.61695124203758,-8.554012126884578,-3.426369023394759,-10.012005264049106,-6.483062366691862,-3.903977380500397,-9.132768465467187,-0.0015997389524961307,-0.004804085431596053,0.008623316302904669,0.9004129392142245,-0.20765580743723422,0.38227686894866103,0.9901291831965912,0.07930162550662628,0.11556579413675062,-0.11519690449062567,-0.009226373623232928,0.9932998274567162,0.0798365441275403,-0.996807968578588,0.0,23.185382248758575,-12.678223925715798,5.88249514095196e-05,0.3818109007557022,NONE
0.000809995923191309,0.02429987769573927,-7.468092565616675,-3.6768010611911235,-9.55098196596069,-7.503637597261565,-3.522140556662843,-9.61695124203758,-8.54968516087052,-3.4218549799079483,-10.019640736413102,-6.486978353715168,-3.90806302129803,-9.125860915538526,-0.0015953482588068474,-0.004797170593250191,0.008627978001450369,0.8968290465892842,-0.21139480060438337,0.38859992211938105,0.9901291831965912,0.07930162550662628,0.11556579413675062,-0.11519690449062567,-0.009226373623232928,0.9932998274567162,0.0798365441275403,-0.996807968578588,0.0,23.63449702656832,-13.012208024944227,6.275233738328723e-05,0.4038325679948178,NONE
0.0008199958829209208,0.024599876487627625,-7.468087595024403,-3.6767962003348442,-9.550991955734078,-7.503637597261565,-3.522140556662843,-9.61695124203758,-8.545160496782948,-3.4172353806741476,-10.02746150857671,-6.491073203647866,-3.912244196317237,-9.118785733276955,-0.0015909695168426856,-0.004790244065719891,0.008632633695279675,0.8930814317978623,-0.21522122419264755,0.3950764240433721,0.9901291831965912,0.07930162550662628,0.11556579413675062,-0.11519690449062567,-0.009226373623232928,0.9932998274567162,0.0798365441275403,-0.996807968578588,0.0,24.096949445232568,-13.343895444764852,6.690486355864778e-05,0.426844054236912,NONE
0.0008299958426505327,0.02489987527951598,-7.468082368398458,-3.676791227530681,-9.551002181190286,-7.503637597261565,-3.522140556662843,-9.61695124203758,-8.540431252304721,-3.412511342732432,-10.035465908694814,-6.495353140467464,-3.9165198943439012,-9.111544431302569,-0.0015866027677278948,-0.004783305913844607,0.008637283340714105,0.8891643964509816,-0.21913415287455174,0.4017049901705413,0.9901291831965912,0.07930162550662628,0.11556579413675062,-0.11519690449062567,-0.009226373623232928,0.9932998274567162,0.0798365441275403,-0.996807968578588,0.0,24.57284796439611,-13.673035712969815,7.12925369228401e-05,0.4508665308646586,NONE
0.0008399958023801446,0.025199874071404338,-7.468076875610708,-3.6767861440810305,-9.551012639739072,-7.503637597261565,-3.522140556662843,-9.61695124203758,-8.53549044582997,-3.4076841867172285,-10.043651956325055,-6.499824477883394,-3.9208889199124193,-9.104138801137657,-0.0015822480269732386,-0.004776356162268098,0.008641926921238014,0.8850721599767725,-0.2231324926935611,0.40848398051626056,0.9901291831965912,0.07930162550662628,0.11556579413675062,-0.11519690449062567,-0.009226373623232928,0.9932998274567162,0.0798365441275403,-0.996807968578588,0.0,25.062291953769133,-13.999400395644484,7.59255816955573e-05,0.47591987308182876,NONE
0.0008499957621097565,0.025499872863292694,-7.468071106387501,-3.676780951492016,-9.55102332844095,-7.503637597261565,-3.522140556662843,-9.61695124203758,-8.530331006428419,-3.402755413748908,-10.05201733940438,-6.504493610353869,-3.925349914226656,-9.096570934452066,-0.0015779053100467865,-0.004769394835675234,0.008646564420357576,0.8807988678585001,-0.22721500020771643,0.41541148041404924,0.9901291831965912,0.07930162550662628,0.11556579413675062,-0.11519690449062567,-0.009226373623232928,0.9932998274567162,0.0798365441275403,-0.996807968578588,0.0,25.565372015016674,-14.322779508747661,8.081439038676308e-05,0.5020222845406115,NONE
0.0008599957218393683,0.02579987165518105,-7.46806505031694,-3.6767756514953147,-9.551034243861666,-7.503637597261565,-3.522140556662843,-9.61695124203758,-8.524945800558067,-3.3977267172937506,-10.060559377375501,-6.509366988868642,-3.929901344443377,-9.088843256233732,-0.0015735746323740894,-0.004762421958791985,0.008651195821600411,0.8763386137780106,-0.23138027267375066,0.42248527006163866,0.9901291831965912,0.07930162550662628,0.11556579413675062,-0.11519690449062567,-0.009226373623232928,0.9932998274567162,0.0798365441275403,-0.996807968578588,0.0,26.082168441396863,-14.642979630032963,8.596953167305799e-05,0.5291902932249846,NONE
0.0008699956233613193,0.02609986870083958,-7.468058696848888,-3.676770246040884,-9.551045382130413,-7.503637597261565,-3.522140556662843,-9.61695124203758,-8.51932764439703,-3.3926000188946523,-10.069275033459093,-6.514451109762779,-3.934541471247001,-9.08095851376756,-0.0015692560344138587,-0.004755437597099012,0.008655821081624302,0.8716854498409792,-0.23562671841406463,0.42970283464849185,0.9901291831965912,0.07930162550662628,0.11556579413675062,-0.11519690449062567,-0.009226373623232928,0.9932998274567162,0.0798365441275403,-0.996807968578588,0.0,26.612750652703202,-14.959827737753011,9.14017442568138e-05,0.5574383477901164,NONE
0.0008799955830909312,0.026399867492727935,-7.46805203535317,-3.6767647373406147,-9.551056738881615,-7.503637597261565,-3.522140556662843,-9.61695124203758,-8.513469316017582,-3.3873774397086454,-10.078160894479971,-6.519752503784577,-3.9392683747512063,-9.072919794824116,-0.0015649494812828154,-0.004748441694044743,0.008660440237819382,0.8668333966230456,-0.2399525804532875,0.43706134767645893,0.9901291831965912,0.07930162550662628,0.11556579413675062,-0.11519690449062567,-0.009226373623232928,0.9932998274567162,0.0798365441275403,-0.996807968578588,0.0,27.15717773831785,-15.273167398740844,9.712188248478526e-05,0.5867790579505856,NONE
0.000889995542820543,0.02669986628461629,-7.4680450551050255,-3.6767591278392286,-9.551068309196724,-7.503637597261565,-3.522140556662843,-9.61695124203758,-8.507363560909393,-3.3820613013538634,-10.087213181548352,-6.525277731057669,-3.9440799536751507,-9.06473051785964,-0.0015606550134250215,-0.004741434315123739,0.008665053246850992,0.8617764477616199,-0.244355935791864,0.44455767986465705,0.9901291831965912,0.07930162550662628,0.11556579413675062,-0.11519690449062567,-0.009226373623232928,0.9932998274567162,0.0798365441275403,-0.996807968578588,0.0,27.715499107999396,-15.582859587066737,0.00010314093980312578,0.6172225858050634,NONE
0.0008999955025501549,0.026999865076504648,-7.468037745343312,-3.6767534201997263,-9.55108008774974,-7.503637597261565,-3.522140556662843,-9.61695124203758,-8.501003122798222,-3.3766541610277376,-10.09642773211563,-6.531033353236355,-3.9489738934599465,-9.056394448570776,-0.0015563726460945124,-0.0047344154852257325,0.00866966009233371,0.8565085954616813,-0.2488346662748733,0.4521883841499366,0.9901291831965912,0.07930162550662628,0.11556579413675062,-0.11519690449062567,-0.009226373623232928,0.9932998274567162,0.0798365441275403,-0.996807968578588,0.0,28.287752728250705,-15.888783506193587,0.00010946997545424608,0.6487767729277547,NONE
0.0009099954622797668,0.027299863868393004,-7.468030095270509,-3.6767476173906983,-9.551092068632586,-7.503637597261565,-3.522140556662843,-9.61695124203758,-8.494380768106126,-3.37115881697359,-10.105799983684351,-6.53702591131771,-3.9539476614764215,-9.047915714338286,-0.0015521023945024631,-0.004727385229280837,0.008674260757904092,0.8510238507775719,-0.253386454131666,0.459949682324376,0.9901291831965912,0.07930162550662628,0.11556579413675062,-0.11519690449062567,-0.009226373623232928,0.9932998274567162,0.0798365441275403,-0.996807968578588,0.0,28.87396447348158,-16.190835336369016,0.00011612012773909441,0.6814467418291923,NONE
0.0009199954220093787,0.02759986266028136,-7.46683250338086,-3.6740298479915294,-9.554251848746079,-7.503637597261565,-3.522140556662843,-9.61695124203758,-8.492140746968019,-3.369227111800979,-10.111315029394856,-6.536773908511279,-3.950516852077231,-9.04893902961264,-0.0015478442738169423,-0.004720343572259943,0.008678855227220521,0.8501594949811917,-0.2527346696853269,0.461902608600963,0.9901291831965912,0.07930162550662628,0.11556579413675062,-0.11519690449062567,-0.009226373623232928,0.9932998274567162,0.0798365441275403,-0.996807968578588,0.0,28.94252442047637,-16.414279228175623,0.001152251840233376,120.93286136317728,NONE
0.0009299953235313296,0.02789985970593989,-7.465434021835821,-3.6708627940741065,-9.557941813280793,-7.503637597261565,-3.522140556662843,-9.61695124203758,-8.490514312839846,-3.3677818771888774,-10.116362303956665,-6.535582203085028,-3.9457879333706165,-9.05139777625313,-0.0015435983238114876,-0.004713290580290587,0.008683443457290252,0.8499704825020946,-0.2513069809485823,0.4630280555232754,0.9901291831965912,0.07930162550662628,0.11556579413675062,-0.11519690449062567,-0.009226373623232928,0.9932998274567162,0.0798365441275403,-0.996807968578588,0.0,28.935877611764198,-16.63026400090609,0.0023616480720658473,120.94760753278888,NONE
0.0009399952832609415,0.028199858497828245,-7.464035370440828,-3.667695640737999,-9.561632018795224,-7.503637597261565,-3.522140556662843,-9.61695124203758,-8.488729312524855,-3.3662169984629413,-10.121626699930545,-6.534534009355725,-3.941167354411676,-9.053660031318582,-0.0015393645101993822,-0.004706226196258526,0.00868802548519908,0.8496501318126654,-0.24997841562988465,0.46433333417911443,0.9901291831965912,0.07930162550662628,0.11556579413675062,-0.11519690449062567,-0.009226373623232928,0.9932998274567162,0.0798365441275403,-0.996807968578588,0.0,28.943098777152652,-16.853536538421668,0.0035711925123464994,120.96245371942956,NONE
0.0009499952429905534,0.0284998572897166,-7.462636548613804,-3.664528386819053,-9.565322466453525,-7.503637597261565,-3.522140556662843,-9.61695124203758,-8.486784825181703,-3.364532048805784,-10.1271085417288,-6.533630161509818,-3.9366555001469212,-9.055725502754283,-0.001535142872739505,-0.004699150486305303,0.008692601267961638,0.8491976798573414,-0.24874932667005983,0.4658187125976159,0.9901291831965912,0.07930162550662628,0.11556579413675062,-0.11519690449062567,-0.009226373623232928,0.9932998274567162,0.0798365441275403,-0.996807968578588,0.0,28.964267478397822,-17.083803244279466,0.00478088569518853,120.97742319154261,NONE
0.0009599952027201653,0.028799856081604958,-7.461237554957765,-3.661361032317269,-9.569013155324372,-7.503637597261565,-3.522140556662843,-9.61695124203758,-8.484679820036474,-3.3627267363550297,-10.132807955688177,-6.532871591899624,-3.9322526353251366,-9.05759407418386,-0.0015309334264271303,-0.004692063475563147,0.008697170789324771,0.8486122731029786,-0.24761995607395954,0.46748429630622446,0.9901291831965912,0.07930162550662628,0.11556579413675062,-0.11519690449062567,-0.009226373623232928,0.9932998274567162,0.0798365441275403,-0.996807968578588,0.0,28.999456523141045,-17.32075001739911,0.005990729111415405,120.99254263868455,NONE
0.0009699951624497771,0.029099854873493314,-7.459838387610065,-3.65819357816397,-9.572704087270411,-7.503637597261565,-3.522140556662843,-9.61695124203758,-8.48241318116225,-3.3608008781141416,-10.138724814046688,-6.532259309231819,-3.927958927718873,-9.059265865052653,-0.0015267361862144103,-0.004684965189204424,0.00870173403305769,0.8478929877958397,-0.24659045634988325,0.4693299778234931,0.9901291831965912,0.07930162550662628,0.11556579413675062,-0.11519690449062567,-0.009226373623232928,0.9932998274567162,0.0798365441275403,-0.996807968578588,0.0,29.048730208934405,-17.56403797776715,0.007200724316174245,121.00780511295399,NONE
0.000979995122179389,0.02939985366538167,-7.458439044708061,-3.6550260215651873,-9.576395259497675,-7.503637597261565,-3.522140556662843,-9.61695124203758,-8.479983700042364,-3.3587544214400302,-10.144858754991242,-6.531794406201372,-3.9237744197523727,-9.060741198233462,-0.0015225511670103641,-0.004677855652441463,0.008706290982951516,0.8470388234091268,-0.2456608688314534,0.47135545945990454,0.9901291831965912,0.07930162550662628,0.11556579413675062,-0.11519690449062567,-0.009226373623232928,0.9932998274567162,0.0798365441275403,-0.996807968578588,0.0,29.112144370046266,-17.813309293292896,0.008410873698176502,121.02324325078911,NONE
0.0009899950819090009,0.029699852457270026,-7.457039524854767,-3.6518583643835667,-9.580086672006162,-7.503637597261565,-3.522140556662843,-9.61695124203758,-8.477390130332427,-3.3565874712653416,-10.15120910298756,-6.531478010704893,-3.919699019793334,-9.062020686504406,-0.0015183783836803144,-0.004670734890526822,0.00871084162282013,0.8460487476641457,-0.2448311080556489,0.47356018107963205,0.9901291831965912,0.07930162550662628,0.11556579413675062,-0.11519690449062567,-0.009226373623232928,0.9932998274567162,0.0798365441275403,-0.996807968578588,0.0,29.18974183976437,-18.068184684633945,0.009621178492906779,121.03886842686978,NONE
0.0009999950416386127,0.029999851249158382,-7.455639827118861,-3.648690606619108,-9.583778324795874,-7.503637597261565,-3.522140556662843,-9.61695124203758,-8.474631108827342,-3.3543002296847493,-10.157774982767085,-6.531311357531581,-3.9157325445213855,-9.063105123822865,-0.0015142178510461747,-0.004663602928752533,0.008715385936499497,0.844921630998157,-0.24410100645071148,0.4759434169322697,0.9901291831965912,0.07930162550662628,0.11556579413675062,-0.11519690449062567,-0.009226373623232928,0.9932998274567162,0.0798365441275403,-0.996807968578588,0.0,29.281559153732942,-18.328270210998046,0.010831639622493228,121.05470653643721,NONE
0.0010099950013682246,0.03029985004104674,-7.454239947775053,-3.6455227482718113,-9.58747021414152,-7.503637597261565,-3.522140556662843,-9.61695124203758,-8.471705238335087,-3.351893057930406,-10.164555196658966,-6.531295706971834,-3.911874666262318,-9.0639955894933,-0.0015100697078687883,-0.004656459679895556,0.008719923843651053,0.8436563179840232,-0.2434702644921358,0.4785041770285505,0.9901291831965912,0.07930162550662628,0.11556579413675062,-0.11519690449062567,-0.009226373623232928,0.9932998274567162,0.0798365441275403,-0.996807968578588,0.0,29.38761914969013,-18.593155764315192,0.012042261205971627,121.07075495269345,NONE
0.0010199948446825147,0.03059984534047544,-7.452839885892021,-3.6423547912043217,-9.591162338180455,-7.503637597261565,-3.522140556662843,-9.61695124203758,-8.468610956262495,-3.349366407511901,-10.171548441745392,-6.531432474680056,-3.90812497900338,-9.064693261842097,-0.0015059338933980904,-0.004649305365644797,0.008724455339244545,0.8422515137314953,-0.24293850934412142,0.48124138256665006,0.9901291831965912,0.07930162550662628,0.11556579413675062,-0.11519690449062567,-0.009226373623232928,0.9932998274567162,0.0798365441275403,-0.996807968578588,0.0,29.50794241405079,-18.86242715883914,0.01325304423301965,121.08704520538214,NONE
0.0010299948044121265,0.030899844132363796,-7.451439639607119,-3.6391867372792843,-9.594854700637969,-7.503637597261565,-3.522140556662843,-9.61695124203758,-8.465346634277537,-3.346720799074173,-10.178753125657057,-6.531723134166338,-3.904483014019047,-9.065199592414263,-0.001501810325835181,-0.004642139845010176,0.008728980512793192,0.8407058696135646,-0.2425053108455974,0.48415371010556196,0.9901291831965912,0.07930162550662628,0.11556579413675062,-0.11519690449062567,-0.009226373623232928,0.9932998274567162,0.0798365441275403,-0.996807968578588,0.0,29.64253972829051,-19.13565439444798,0.014463989969668134,121.10359945625194,NONE
0.0010399947641417384,0.031199842924252152,-7.450039204263734,-3.6360185790461186,-9.59854729033819,-7.503637597261565,-3.522140556662843,-9.61695124203758,-8.461910396331076,-3.343956781486414,-10.186167649636587,-6.532169378316941,-3.9009482592202653,-9.065516010131415,-0.0014976990681175766,-0.0046349632266023755,0.008733499295395302,0.8390178339191892,-0.2421702077103702,0.4872398432631186,0.9901291831965912,0.07930162550662628,0.11556579413675062,-0.11519690449062567,-0.009226373623232928,0.9932998274567162,0.0798365441275403,-0.996807968578588,0.0,29.79142625376259,-19.41241235389795,0.015675104908959625,121.120461716421,NONE
0.0010499947238713503,0.03149984171614051,-7.448638578930544,-3.6328503276806954,-9.602240114731702,-7.503637597261565,-3.522140556662843,-9.61695124203758,-8.45830028259553,-3.3410750195550296,-10.193790199941786,-6.53277298311818,-3.8975201328737,-9.065644174450743,-0.001493600134847746,-0.004627775535912787,0.00873801167100086,0.8371857823814564,-0.24193265796463923,0.4904982719526275,0.9901291831965912,0.07930162550662628,0.11556579413675062,-0.11519690449062567,-0.009226373623232928,0.9932998274567162,0.0798365441275403,-0.996807968578588,0.0,29.95460888562226,-19.69227093187336,0.01688638822572308,121.13761819111588,NONE
0.0010599946836009622,0.031799840508028865,-7.447237759882259,-3.629681975732434,-9.60593316264263,-7.503637597261565,-3.522140556662843,-9.61695124203758,-8.454514183796544,-3.338076212124719,-10.201618796218575,-6.533535854791374,-3.894197986847298,-9.06558586044078,-0.0014895135405845442,-0.004620576798472274,0.008742517623582144,0.8352079691326829,-0.24179207596633845,0.4939273633816494,0.9901291831965912,0.07930162550662628,0.11556579413675062,-0.11519690449062567,-0.009226373623232928,0.9932998274567162,0.0798365441275403,-0.996807968578588,0.0,30.13209149203959,-19.97479999061959,0.018097845490871123,121.15511641824281,NONE
0.001069994643330574,0.03209983929991722,-7.4458367433935875,-3.626513526926625,-9.609626434070977,-7.503637597261565,-3.522140556662843,-9.61695124203758,-8.450549807096806,-3.334961115465592,-10.20965138404132,-6.534460066068071,-3.890981142231851,-9.065342931674005,-0.0014854392998429453,-0.0046133670398507045,0.00874701713713447,0.8330824960994502,-0.2417478377244604,0.4975254140727459,0.9901291831965912,0.07930162550662628,0.11556579413675062,-0.11519690449062567,-0.009226373623232928,0.9932998274567162,0.0798365441275403,-0.996807968578588,0.0,30.32387793253521,-20.259575151217575,0.019309480097499332,121.17296797918604,NONE
0.001079994603060186,0.03239983809180558,-7.44443552573924,-3.6233449849885586,-9.613319929016741,-7.503637597261565,-3.522140556662843,-9.61695124203758,-8.446404764204548,-3.3317305653054876,-10.217885694664881,-6.5355477762666885,-3.8878688480419323,-9.064917446132421,-0.0014813774270940332,-0.004606146285657219,0.008751510195676016,0.8308073860599391,-0.24179925336367153,0.5012905428401999,0.9901291831965912,0.07930162550662628,0.11556579413675062,-0.11519690449062567,-0.009226373623232928,0.9932998274567162,0.0798365441275403,-0.996807968578588,0.0,30.52996520292595,-20.546173793709706,0.020521295438706844,121.19121256396011,NONE
0.0010899945627897978,0.032699836883693933,-7.443034105056571,-3.6201763461929444,-9.617013643754634,-7.503637597261565,-3.522140556662843,-9.61695124203758,-8.442076549846629,-3.3283854461519313,-10.226319276218938,-6.536801254371875,-3.8848602948349753,-9.064311620806645,-0.0014773279367650016,-0.004598914561539872,0.008755996783247719,0.8283805632498925,-0.24194558638393235,0.5052207197444755,0.9901291831965912,0.07930162550662628,0.11556579413675062,-0.11519690449062567,-0.009226373623232928,0.9932998274567162,0.0798365441275403,-0.996807968578588,0.0,30.75034577535294,-20.83417784465634,0.02173329408468838,121.20984775247143,NONE
0.0010999945225194097,0.03299983567558229,-7.441632475757646,-3.6170076142650727,-9.620707574559363,-7.503637597261565,-3.522140556662843,-9.61695124203758,-8.437562454282318,-3.324926724222089,-10.234949645032486,-6.538222947736615,-3.8819546132584937,-9.063527701533744,-0.0014732908432391533,-0.004591671893185883,0.008760476883913824,0.8257997854546538,-0.2421860387114803,0.5093138884777142,0.9901291831965912,0.07930162550662628,0.11556579413675062,-0.11519690449062567,-0.009226373623232928,0.9932998274567162,0.0798365441275403,-0.996807968578588,0.0,30.98501374266301,-21.12318621601712,0.022945481703317228,121.2289259228134,NONE
0.0011099944822490215,0.033299834467470646,-7.440230635979819,-3.613838785479653,-9.62440171398035,-7.503637597261565,-3.522140556662843,-9.61695124203758,-8.432859735395152,-3.3213554090338704,-10.243774005165825,-6.53981534018648,-3.879150880472822,-9.06256821030566,-0.0014692661608556345,-0.0045844183063211245,0.008764950481761206,0.8230627805255093,-0.24251977019084844,0.5135677368957241,0.9901291831965912,0.07930162550662628,0.11556579413675062,-0.11519690449062567,-0.009226373623232928,0.9932998274567162,0.0798365441275403,-0.996807968578588,0.0,31.233953171382986,-21.412797429670082,0.024157861295307725,121.2484284400255,NONE
0.0011199944419786334,0.033599833259359,-7.438828578272509,-3.6106698672872666,-9.628096069468173,-7.503637597261565,-3.522140556662843,-9.61695124203758,-8.427965474570334,-3.3176726018325855,-10.25278950821229,-6.541581064992168,-3.8764481117457534,-9.061435745125223,-0.0014652539039096764,-0.004577153826710339,0.00876941756090018,0.8201671345992027,-0.24294587387529049,0.5179798969943767,0.9901291831965912,0.07930162550662628,0.11556579413675062,-0.11519690449062567,-0.009226373623232928,0.9932998274567162,0.0798365441275403,-0.996807968578588,0.0,31.4971481205517,-21.702628522911645,0.02537043878582068,121.2684017353194,NONE
0.0011299944017082453,0.03389983205124736,-7.437426300773072,-3.607500859687913,-9.631790618671092,-7.503637597261565,-3.522140556662843,-9.61695124203758,-8.42287667785547,-3.3138794612250546,-10.261993060958043,-6.5435228344199885,-3.8738452561033623,-9.060133069224154,-0.0014612540866520973,-0.004569878480156903,0.00877387810546399,0.8171103667110794,-0.2434633890775251,0.5225478224929954,0.9901291831965912,0.07930162550662628,0.11556579413675062,-0.11519690449062567,-0.009226373623232928,0.9932998274567162,0.0798365441275403,-0.996807968578588,0.0,31.77457656323386,-21.992306191698745,0.02658321860221413,121.28883664740442,NONE
0.0011399942450225353,0.03419982735067606,-7.436023797893571,-3.604331762681592,-9.635485376490267,-7.503637597261565,-3.522140556662843,-9.61695124203758,-8.417590220556743,-3.3099771991518585,-10.271381467389565,-6.545643472227473,-3.8713412141925896,-9.058663110128977,-0.0014572667696900186,-0.004562592377342273,0.00877833204776765,0.8138898905779438,-0.24407131088727435,0.5272688509828648,0.9901291831965912,0.07930162550662628,0.11556579413675062,-0.11519690449062567,-0.009226373623232928,0.9932998274567162,0.0798365441275403,-0.996807968578588,0.0,32.06621434624473,-22.28147194143529,0.027796204555198045,121.30979118887643,NONE
0.0011499942047521472,0.034499826142564416,-7.4346210659087175,-3.6011625762683037,-9.639180328024539,-7.503637597261565,-3.522140556662843,-9.61695124203758,-8.412102911203363,-3.3059671013087324,-10.2809512866027,-6.5479458662978995,-3.8689348197569697,-9.057028960670817,-0.0014532918742390373,-0.004555295374595356,0.008782779475751287,0.8105030630023757,-0.24476857323836412,0.5321401417095148,0.9901291831965912,0.07930162550662628,0.11556579413675062,-0.11519690449062567,-0.009226373623232928,0.9932998274567162,0.0798365441275403,-0.996807968578588,0.0,32.372031135551296,-22.569780153572445,0.029009402055356404,121.33123977687347,NONE
0.001159994164481759,0.03479982493445277,-7.433218095505285,-3.5979933004480484,-9.642875473273905,-7.503637597261565,-3.522140556662843,-9.61695124203758,-8.406411443519694,-3.3018505356493533,-10.290698952185757,-6.550432997997424,-3.866624831923737,-9.055233855946891,-0.0014493294609640537,-0.004547987582546912,0.008787220321699374,0.8069471502270743,-0.2455540418584276,0.5371587374951592,0.9901291831965912,0.07930162550662628,0.11556579413675062,-0.11519690449062567,-0.009226373623232928,0.9932998274567162,0.0798365441275403,-0.996807968578588,0.0,32.69199378129873,-22.856904118909256,0.030222820323988486,121.35323257609974,NONE
0.001169994124211371,0.03509982372634113,-7.431814890408563,-3.594823935220826,-9.646570804787787,-7.503637597261565,-3.522140556662843,-9.61695124203758,-8.400512427535169,-3.2976289333085775,-10.300620727954813,-6.5531079494777735,-3.864409952508388,-9.053281170846041,-0.0014453795439391438,-0.004540669027154212,0.008791654569838424,0.8032193382858241,-0.2464265300868742,0.5423215465690313,0.9901291831965912,0.07930162550662628,0.11556579413675062,-0.11519690449062567,-0.009226373623232928,0.9932998274567162,0.0798365441275403,-0.996807968578588,0.0,33.02606613497932,-23.142534168901378,0.03143645653360494,121.37576585306269,NONE
0.0011799940839409828,0.035399822518229485,-7.430411435717391,-3.5916544954877976,-9.650266315115603,-7.503637597261565,-3.522140556662843,-9.61695124203758,-8.394402427801253,-3.293303783884985,-10.310712610932931,-6.5559738086212676,-3.862288858711917,-9.05117452226544,-0.0014414421371939587,-0.004533339734412762,0.008796082204418318,0.7993167909478203,-0.24738481514214436,0.5476252559423879,0.9901291831965912,0.07930162550662628,0.11556579413675062,-0.11519690449062567,-0.009226373623232928,0.9932998274567162,0.0798365441275403,-0.996807968578588,0.0,33.374204827463366,-23.426371108989137,0.03265032511762733,121.39886197621533,NONE
0.0011899940436705947,0.03569982131011784,-7.42900773515706,-3.588484966347802,-9.653962004257354,-7.503637597261565,-3.522140556662843,-9.61695124203758,-8.388077898794608,-3.2888766728740646,-10.320970535907112,-6.559033798681781,-3.8602600839110397,-9.048917597765696,-0.0014375172547136013,-0.00452599973035605,0.008800503209712514,0.7952365652664467,-0.24842757001607615,0.553066494844094,0.9901291831965912,0.07930162550662628,0.11556579413675062,-0.11519690449062567,-0.009226373623232928,0.9932998274567162,0.0798365441275403,-0.996807968578588,0.0,33.73636619275571,-23.708143513824,0.033864423569225366,121.42252073885331,NONE
0.0011999940034002066,0.0359998201020062,-7.427603773826408,-3.58531535525142,-9.657657864762458,-7.503637597261565,-3.522140556662843,-9.61695124203758,-8.381535258528961,-3.2843492333452797,-10.331390159928366,-6.562291140466224,-3.8583221609550904,-9.046514322633124,-0.0014336049104387725,-0.004518649041055739,0.008804917570017936,0.7909757035055383,-0.24955344678687433,0.5586416683892365,0.9901291831965912,0.07930162550662628,0.11556579413675062,-0.11519690449062567,-0.009226373623232928,0.9932998274567162,0.0798365441275403,-0.996807968578588,0.0,34.11250011829341,-23.987589921101197,0.03507876691265821,121.44677477741492,NONE
0.0012099939631298184,0.03629981889389455,-7.426199555450725,-3.582145662198651,-9.661353889180335,-7.503637597261565,-3.522140556662843,-9.61695124203758,-8.374770864120064,-3.279723182440804,-10.34196699932296,-6.565749145544693,-3.856473532221913,-9.043968749805657,-0.001429705118265724,-0.0045112876926213215,0.008809325269655107,0.7865311819892918,-0.25076102164396047,0.5643470650075227,0.9901291831965912,0.07930162550662628,0.11556579413675062,-0.11519690449062567,-0.009226373623232928,0.9932998274567162,0.0798365441275403,-0.996807968578588,0.0,34.502554298962615,-24.264470815382108,0.03629335232044362,121.47162519859468,NONE
0.0012199939228594303,0.03659981768578291,-7.424795072579431,-3.5789758946400765,-9.665050077510985,-7.503637597261565,-3.522140556662843,-9.61695124203758,-8.367781049523469,-3.2750003285117932,-10.35269634709692,-6.569411125182411,-3.8547125715625645,-9.041285149004356,-0.0014258178920460057,-0.004503915711200266,0.008813726292968246,0.7818999671048082,-0.2520488013264224,0.5701787817793763,0.9901291831965912,0.07930162550662628,0.11556579413675062,-0.11519690449062567,-0.009226373623232928,0.9932998274567162,0.0798365441275403,-0.996807968578588,0.0,34.906470249740735,-24.53856320129125,0.03750818657877453,121.49705931431384,NONE
0.0012299938825890422,0.036899816477671266,-7.423390314036655,-3.5758060451251152,-9.668746422303828,-7.503637597261565,-3.522140556662843,-9.61695124203758,-8.360562118382042,-3.270182522541046,-10.363573279279636,-6.573280411036773,-3.85303758573885,-9.038467972561087,-0.001421943245586722,-0.0044965331229777665,0.008818120624325217,0.7770790031935955,-0.2534152448686102,0.5761327420515437,0.9901291831965912,0.07930162550662628,0.11556579413675062,-0.11519690449062567,-0.009226373623232928,0.9932998274567162,0.0798365441275403,-0.996807968578588,0.0,35.32418533639694,-24.80966010075011,0.03872328220508159,121.52312708257224,NONE
0.001239993842318654,0.03719981526955962,-7.421985279822397,-3.5726361285549286,-9.672442908657702,-7.503637597261565,-3.522140556662843,-9.61695124203758,-8.353110307040486,-3.265271723356119,-10.37459274715121,-6.577360417124958,-3.8514468263134787,-9.035521771758972,-0.0014180811926500733,-0.0044891399541766635,0.008822508248117667,0.7720651695284908,-0.25485874041624357,0.5822047719096684,0.9901291831965912,0.07930162550662628,0.11556579413675062,-0.11519690449062567,-0.009226373623232928,0.9932998274567162,0.0798365441275403,-0.996807968578588,0.0,35.75563670479908,-25.07757705163813,0.03993863973974321,121.54980181381325,NONE
0.001249993802048266,0.03749981406144798,-7.420579962486076,-3.5694661300283554,-9.676139544023188,-7.503637597261565,-3.522140556662843,-9.61695124203758,-8.3454219001754,-3.2602699410695957,-10.385749434467225,-6.581654499413201,-3.8499384414923834,-9.03245138318004,-0.0014142317469535931,-0.0044817362310573695,0.008826889148761207,0.7668553916357396,-0.2563776088794731,0.5883904570813845,0.9901291831965912,0.07930162550662628,0.11556579413675062,-0.11519690449062567,-0.009226373623232928,0.9932998274567162,0.0798365441275403,-0.996807968578588,0.0,36.200752833366934,-25.34214247659473,0.04115426688045076,121.57710777749996,NONE
0.001259993645362556,0.03779980936087668,-7.419174354577112,-3.5662960718971375,-9.679836298597964,-7.503637597261565,-3.522140556662843,-9.61695124203758,-8.33749311794906,-3.255179291327128,-10.397037865298937,-6.58616607238877,-3.848510554797365,-9.029261717211147,-0.0014103949667998402,-0.0044743220662622225,0.008831263259792763,0.7614465415479529,-0.25797011455227703,0.5946852817773002,0.9901291831965912,0.07930162550662628,0.11556579413675062,-0.11519690449062567,-0.009226373623232928,0.9932998274567162,0.0798365441275403,-0.996807968578588,0.0,36.659462628393584,-25.60320523226119,0.042370172675841644,121.60504286591794,NONE
0.0012699936050921679,0.038099808152765036,-7.417768452370214,-3.5631259392601136,-9.68353318728319,-7.503637597261565,-3.522140556662843,-9.61695124203758,-8.329320243350741,-3.2500019391330612,-10.408452343117958,-6.590898500652978,-3.8471611739318146,-9.025957969599483,-0.0014065707764089235,-0.0044668973135609125,0.008835630667559831,0.7558355403033756,-0.25963444991250145,0.6010845102254233,0.9901291831965912,0.07930162550662628,0.11556579413675062,-0.11519690449062567,-0.009226373623232928,0.9932998274567162,0.0798365441275403,-0.996807968578588,0.0,37.13168759078635,-25.860628005106054,0.043586360274057157,121.63360113218555,NONE
0.0012799935648217797,0.03839980694465339,-7.416362252140092,-3.5599557395678643,-9.687230210078868,-7.503637597261565,-3.522140556662843,-9.61695124203758,-8.32089955576315,-3.2447401322051053,-10.4199869751932,-6.595855152078661,-3.845888274196751,-9.022545485649964,-0.0014027592341420481,-0.0044594620855468205,0.008839991305568024,0.7500193059497776,-0.2613687573876721,0.6075832563231461,0.9901291831965912,0.07930162550662628,0.11556579413675062,-0.11519690449062567,-0.009226373623232928,0.9932998274567162,0.0798365441275403,-0.996807968578588,0.0,37.61734710588114,-26.114289459048983,0.04480283277276875,121.66280231795781,NONE
0.0012899935245513916,0.03869980573654175,-7.414955742710876,-3.5567854728203896,-9.690927322281512,-7.503637597261565,-3.522140556662843,-9.61695124203758,-8.312227341138108,-3.2393962332478425,-10.431635658167485,-6.60103937437079,-3.844689712379421,-9.019029716472659,-0.0013989603535374626,-0.004452016408629699,0.008844345158328657,0.7439947681597033,-0.26317107788329497,0.6141764963890544,0.9901291831965912,0.07930162550662628,0.11556579413675062,-0.11519690449062567,-0.009226373623232928,0.9932998274567162,0.0798365441275403,-0.996807968578588,0.0,38.116357366430236,-26.364088192100564,0.04601960640373193,121.69261862698366,NONE
0.0012999934842810035,0.038999804528430104,-7.413548924082565,-3.55361514646827,-9.694624553693446,-7.503637597261565,-3.522140556662843,-9.61695124203758,-8.303299954301766,-3.2339726463259177,-10.443392118374357,-6.60645447407185,-3.8435633219583116,-9.015416409755563,-0.0013951741480883726,-0.004444560309256468,0.00884869221037717,0.7377589044477899,-0.2650394241879973,0.6208590037473016,0.9901291831965912,0.07930162550662628,0.11556579413675062,-0.11519690449062567,-0.009226373623232928,0.9932998274567162,0.0798365441275403,-0.996807968578588,0.0,38.62863016080216,-26.60993271423026,0.04723667713196811,121.72308732918405,NONE
0.0013099934440106153,0.03929980332031846,-7.412682935649204,-3.552112192998517,-9.69115420736185,-7.503637597261565,-3.522140556662843,-9.61695124203758,-8.302172938659707,-3.231681933657385,-10.439895199317355,-6.605825263798093,-3.84277494600034,-9.011970167581723,-0.0013914006312430102,-0.004437093813911004,0.00885303244627318,0.7375424673311364,-0.2656926140621544,0.6208369703198409,0.9901291831965912,0.07930162550662628,0.11556579413675062,-0.11519690449062567,-0.009226373623232928,0.9932998274567162,0.0798365441275403,-0.996807968578588,0.0,38.653279977764335,-26.560614713345135,0.04861435753510257,141.6546059841841,NONE
0.0013199934037402272,0.03959980211220682,-7.411934282684373,-3.5510016094547394,-9.686072091830882,-7.503637597261565,-3.522140556662843,-9.61695124203758,-8.302664206596672,-3.2300795547231225,-10.433126525607694,-6.6039518767848575,-3.8421104707685743,-9.00841793142084,-0.0013876398164045247,-0.004429616949114068,0.008857365850600438,0.7385705781790497,-0.26610039828063137,0.6194385192116758,0.9901291831965912,0.07930162550662628,0.11556579413675062,-0.11519690449062567,-0.009226373623232928,0.9932998274567162,0.0798365441275403,-0.996807968578588,0.0,38.577630063234,-26.450612248603164,0.05003101048118097,141.6777088950678,NONE
0.001329993363469839,0.03989980090409517,-7.411185368949222,-3.5498909216028336,-9.680990259421977,-7.503637597261565,-3.522140556662843,-9.61695124203758,-8.302974161738462,-3.228382281619378,-10.426527671671064,-6.602242461555645,-3.841531875249397,-9.00471219144003,-0.0013838917169309932,-0.004422129741423361,0.008861692407966935,0.7394485652968769,-0.266586779839139,0.6181806435787108,0.9901291831965912,0.07930162550662628,0.11556579413675062,-0.11519690449062567,-0.009226373623232928,0.9932998274567162,0.0798365441275403,-0.996807968578588,0.0,38.51461172926873,-26.342601809618024,0.05144789717614273,141.7006976806085,NONE
0.001339993323199451,0.04019979969598353,-7.41043620189433,-3.5487801443439606,-9.675908710135134,-7.503637597261565,-3.522140556662843,-9.61695124203758,-8.303103366835664,-3.226590247195295,-10.420099607958063,-6.600696521847593,-3.8410390673531847,-9.000852067342144,-0.0013801563461354506,-0.004414632217433168,0.008866012103005095,0.7401768891252489,-0.26715166093821274,0.6170641480938779,0.9901291831965912,0.07930162550662628,0.11556579413675062,-0.11519690449062567,-0.009226373623232928,0.9932998274567162,0.0798365441275403,-0.996807968578588,0.0,38.46422602749458,-26.236721225660116,0.052865009061264345,141.72357576308076,NONE
0.0013499932829290628,0.040499798487871885,-7.409686777794408,-3.5476692627769593,-9.670827436519774,-7.503637597261565,-3.522140556662843,-9.61695124203758,-8.303052360584402,-3.2247035839181377,-10.413843045613635,-6.599313561904164,-3.840631898500663,-8.996836899837566,-0.0013764337172854964,-0.004407124403774562,0.008870324920371635,0.7407559994261904,-0.2677949193837067,0.6160896285982909,0.9901291831965912,0.07930162550662628,0.11556579413675062,-0.11519690449062567,-0.009226373623232928,0.9932998274567162,0.0798365441275403,-0.996807968578588,0.0,38.42646659252973,-26.133097836791556,0.05428235186778174,141.7463804124056,NONE
0.0013599932426586747,0.04079979727976024,-7.408937096649455,-3.5465582769018296,-9.665746446026477,-7.503637597261565,-3.522140556662843,-9.61695124203758,-8.302821525959544,-3.2227225442822247,-10.407758666213763,-6.598093234328295,-3.8403101396538695,-8.992666084876742,-0.0013727238436035622,-0.004399606327115076,0.008874630844747601,0.7411862137527172,-0.2685163458137586,0.6152576440595742,0.9901291831965912,0.07930162550662628,0.11556579413675062,-0.11519690449062567,-0.009226373623232928,0.9932998274567162,0.0798365441275403,-0.996807968578588,0.0,38.401328388632095,-26.031862520400587,0.05569992473466456,141.76912210443402,NONE
0.0013699932023882866,0.0410997960716486,-7.408187162184762,-3.5454472016197327,-9.660665738655242,-7.503637597261565,-3.522140556662843,-9.61695124203758,-8.302411164543015,-3.2206474140173627,-10.401846972343337,-6.597035272659094,-3.840073560044909,-8.98833916656419,-0.0013690267382668792,-0.004392078014158642,0.00887892986083869,0.7414677790799656,-0.2693157156641505,0.6145686112083256,0.9901291831965912,0.07930162550662628,0.11556579413675062,-0.11519690449062567,-0.009226373623232928,0.9932998274567162,0.0798365441275403,-0.996807968578588,0.0,38.38880372136941,-25.933137858560066,0.05711772279170546,141.79180426144055,NONE
0.0013799930457025766,0.0413997913710773,-7.407436974400329,-3.5443360220295075,-9.65558531440607,-7.503637597261565,-3.522140556662843,-9.61695124203758,-8.301821501302786,-3.218478536597787,-10.396108309874238,-6.596139472827788,-3.8399218196897773,-8.983855831159024,-0.0013653424572429393,-0.004384539579450244,0.008883221903438538,0.7416008819456512,-0.27019273177912617,0.6140228168327019,0.9901291831965912,0.07930162550662628,0.11556579413675062,-0.11519690449062567,-0.009226373623232928,0.9932998274567162,0.0798365441275403,-0.996807968578588,0.0,38.38888075594195,-25.83704259738074,0.05853574722059207,141.81447110240907,NONE
0.0013899930054321885,0.041699790162965655,-7.406686533296155,-3.543224753032315,-9.65050517327896,-7.503637597261565,-3.522140556662843,-9.61695124203758,-8.301052587729338,-3.216216322054583,-10.390542967137266,-6.595405788127286,-3.8398545750667084,-8.97921581711596,-0.001361670927796296,-0.004376990874276804,0.008887507057256598,0.7415855650443701,-0.271147066527011,0.6136205000092638,0.9901291831965912,0.07930162550662628,0.11556579413675062,-0.11519690449062567,-0.009226373623232928,0.9932998274567162,0.0798365441275403,-0.996807968578588,0.0,38.401550584012156,-25.74369292157908,0.059953996839638535,141.8371115464652,NONE
0.0013999929651618004,0.04199978895485401,-7.405935835146951,-3.5421133797269944,-9.645425322724494,-7.503637597261565,-3.522140556662843,-9.61695124203758,-8.300104462194444,-3.213861234679237,-10.385151005168408,-6.594834176645991,-3.839871376598196,-8.974419083278177,-0.0013580122059539594,-0.004369432013135827,0.008891785257054238,0.7414218632819358,-0.27217832257346053,0.6133617051696656,0.9901291831965912,0.07930162550662628,0.11556579413675062,-0.11519690449062567,-0.009226373623232928,0.9932998274567162,0.0798365441275403,-0.996807968578588,0.0,38.42679610835486,-25.653196362313643,0.06137247565801651,141.85976518027135,NONE
0.0014099929248914123,0.04229978774674237,-7.405184887403297,-3.5410019170147065,-9.64034574784151,-7.503637597261565,-3.522140556662843,-9.61695124203758,-8.298977025570041,-3.211413814852013,-10.379932379856772,-6.594424742512125,-3.8399717625225454,-8.969465641240703,-0.0013543663047114712,-0.004361863022876115,0.008896056487635603,0.7411096882860506,-0.27328606420457935,0.6132464080939435,0.9901291831965912,0.07930162550662628,0.11556579413675062,-0.11519690449062567,-0.009226373623232928,0.9932998274567162,0.0798365441275403,-0.996807968578588,0.0,38.46460153112516,-25.56565647179453,0.06279117683906854,141.88244005842358,NONE
0.0014199928846210241,0.042599786538630724,-7.404433682614612,-3.5398903648954514,-9.635266463531169,-7.503637597261565,-3.522140556662843,-9.61695124203758,-8.29767002244371,-3.2088746425856853,-10.374886989465939,-6.594177703201651,-3.840155206709326,-8.964355611706816,-0.0013507332370188468,-0.004354283930382448,0.008900320733829478,0.7406488344530687,-0.2744698104885394,0.6132745120691844,0.9901291831965912,0.07930162550662628,0.11556579413675062,-0.11519690449062567,-0.009226373623232928,0.9932998274567162,0.0798365441275403,-0.996807968578588,0.0,38.514951852100346,-25.48117278147158,0.06421010603776445,141.90515371034908,NONE
0.001429992844350636,0.04289978533051908,-7.403682217055606,-3.538778708468068,-9.63018746234289,-7.503637597261565,-3.522140556662843,-9.61695124203758,-8.29618316331798,-3.206244358990173,-10.37001450762418,-6.594093314213637,-3.840421099188776,-8.959089276519773,-0.0013471130157804141,-0.0043466947625755,0.008904577980489483,0.7400390648279758,-0.27572901747765355,0.6134457526540902,0.9901291831965912,0.07930162550662628,0.11556579413675062,-0.11519690449062567,-0.009226373623232928,0.9932998274567162,0.0798365441275403,-0.996807968578588,0.0,38.577826002366784,-25.399836206719087,0.06562926898534549,141.9279211397067,NONE
0.0014399928040802479,0.043199784122407436,-7.402930505627441,-3.5376669626337174,-9.625108736826094,-7.503637597261565,-3.522140556662843,-9.61695124203758,-8.2945160581002,-3.203523683889004,-10.365314493006863,-6.594171957819723,-3.8407688154259545,-8.953667021796775,-0.0013435056538549403,-0.0043390955464116445,0.00890882821249411,0.7392800436002069,-0.27706310066823936,0.6137597700913421,0.9901291831965912,0.07930162550662628,0.11556579413675062,-0.11519690449062567,-0.009226373623232928,0.9932998274567162,0.0798365441275403,-0.996807968578588,0.0,38.6532024982755,-25.32173137777777,0.0670486506070791,141.95076803503332,NONE
0.0014499927638098598,0.04349978291429579,-7.402178525978374,-3.5365551273923996,-9.620030301881942,-7.503637597261565,-3.522140556662843,-9.61695124203758,-8.292668203071814,-3.2007133967169104,-10.36078637274365,-6.594414048316699,-3.841197648394486,-8.948089395607363,-0.0013399111640556528,-0.004331486308883034,0.008913071414746789,0.7383713716326591,-0.27847141377285906,0.6142160770157769,0.9901291831965912,0.07930162550662628,0.11556579413675062,-0.11519690449062567,-0.009226373623232928,0.9932998274567162,0.0798365441275403,-0.996807968578588,0.0,38.7410565144259,-25.246936050952005,0.06846827131201572,141.97370416264286,NONE
0.0014599927235394716,0.04379978170618415,-7.401426300460147,-3.5354432027441147,-9.614952150059851,-7.503637597261565,-3.522140556662843,-9.61695124203758,-8.290638978495254,-3.1978143395176337,-10.356429495317002,-6.594820190496452,-3.8417068342752705,-8.942356974735027,-0.0013363295591499141,-0.004323867077017424,0.008917307572175888,0.7373125165212185,-0.2799532585902768,0.6148141393834673,0.9901291831965912,0.07930162550662628,0.11556579413675062,-0.11519690449062567,-0.009226373623232928,0.9932998274567162,0.0798365441275403,-0.996807968578588,0.0,38.841365575370524,-25.17552494520601,0.06988810983007276,141.99675228930744,NONE
0.0014699926832690835,0.044099780498072505,-7.400673806721019,-3.5343311886888626,-9.609874273909243,-7.503637597261565,-3.522140556662843,-9.61695124203758,-8.28842768117618,-3.1948274016530513,-10.35224300073558,-6.595390979600547,-3.8422955663268596,-8.936470525070147,-0.0013327608518593625,-0.00431623787787802,0.008921536669734805,0.736102913728536,-0.2815078976842645,0.6155532502893191,0.9901291831965912,0.07930162550662628,0.11556579413675062,-0.11519690449062567,-0.009226373623232928,0.9932998274567162,0.0798365441275403,-0.996807968578588,0.0,38.95410195086989,-25.107561261832938,0.0713081891533971,142.01991583730168,NONE
0.0014799926429986954,0.04439977928996086,-7.39992105221157,-3.533219070325482,-9.604796677155408,-7.503637597261565,-3.522140556662843,-9.61695124203758,-8.286033534441849,-3.191753546679674,-10.34822593040588,-6.596127134358973,-3.8429629420877194,-8.930430923258786,-0.0013292050548598935,-0.004308598738563406,0.008925758692401949,0.734741913079511,-0.28313451974262854,0.616432611803084,0.9901291831965912,0.07930162550662628,0.11556579413675062,-0.11519690449062567,-0.009226373623232928,0.9932998274567162,0.0798365441275403,-0.996807968578588,0.0,39.07923656335398,-25.04310385588801,0.07272850265612085,142.04322331241366,NONE
0.0014899926027283072,0.04469977808184922,-7.398892700725841,-3.531182513723958,-9.600878018213423,-7.503637597261565,-3.522140556662843,-9.61695124203758,-8.28515008954557,-3.1892564865188526,-10.343922782863395,-6.5949673378957785,-3.84134410893275,-8.92686103448398,-0.001325662180781452,-0.004300949686207461,0.008929973625180908,0.7348620659346927,-0.28351635757125954,0.6161138036432239,0.9901291831965912,0.07930162550662628,0.11556579413675062,-0.11519690449062567,-0.009226373623232928,0.9932998274567162,0.0798365441275403,-0.996807968578588,0.0,39.07452436316249,-24.997194920985773,0.07436106865424286,186.41611509755185,NONE
0.0014999924460425973,0.04499977338127792,-7.397559873813438,-3.5280972133976105,-9.598282753748807,-7.503637597261565,-3.522140556662843,-9.61695124203758,-8.286004435319114,-3.187409452332906,-10.339281539296577,-6.591650523467669,-3.8371355755944583,-8.926121680630468,-0.0013221322832276659,-0.004293290837198329,0.008934181404155687,0.7366756138484547,-0.2824896188093707,0.6144173298548301,0.9901291831965912,0.07930162550662628,0.11556579413675062,-0.11519690449062567,-0.009226373623232928,0.9932998274567162,0.0798365441275403,-0.996807968578588,0.0,38.92147161271091,-24.970576951015364,0.07622533260626696,186.43788053347373,NONE
0.0015099924057722092,0.045299772173166275,-7.396226808482456,-3.525011838565457,-9.59568774260393,-7.503637597261565,-3.522140556662843,-9.61695124203758,-8.286674480960142,-3.1854775969394913,-10.334809201454988,-6.5885004332686545,-3.833003841606355,-8.925229595255061,-0.0013186152925453991,-0.004285622040417963,0.008938382112353616,0.7383365424745597,-0.2815331498551582,0.6128606983477942,0.9901291831965912,0.07930162550662628,0.11556579413675062,-0.11519690449062567,-0.009226373623232928,0.9932998274567162,0.0798365441275403,-0.996807968578588,0.0,38.780767389976205,-24.947129045931188,0.0780898092568183,186.45942376894345,NONE
0.001519992365501821,0.04559977096505463,-7.394893497282314,-3.521926404128659,-9.593092988504084,-7.503637597261565,-3.522140556662843,-9.61695124203758,-8.287161345918447,-3.1834604218436446,-10.330507359612792,-6.585516037635194,-3.828949387571972,-8.92418334292227,-0.0013151112623985,-0.004277943412208518,0.00894257568582559,0.73984578621011,-0.2806473764036206,0.6114452246480536,0.9901291831965912,0.07930162550662628,0.11556579413675062,-0.11519690449062567,-0.009226373623232928,0.9932998274567162,0.0798365441275403,-0.996807968578588,0.0,38.6524285468267,-24.926920151633045,0.0799545043707326,186.48076938580314,NONE
0.001529992325231433,0.04589976975694299,-7.393559955114173,-3.518840895186055,-9.590498491449269,-7.503637597261565,-3.522140556662843,-9.61695124203758,-8.287466130542299,-3.181357491020963,-10.326377415618298,-6.582696366857801,-3.82497258059165,-8.922981652013455,-0.0013116202052331895,-0.00427025497984409,0.00894676210967618,0.7412042450802162,-0.2798326476394291,0.6101720711325405,0.9901291831965912,0.07930162550662628,0.11556579413675062,-0.11519690449062567,-0.009226373623232928,0.9932998274567162,0.0798365441275403,-0.996807968578588,0.0,38.53646673002884,-24.910013733332978,0.08181940437562041,186.50194628699856,NONE
0.0015399922849610448,0.046199768548831344,-7.392226167076873,-3.515755326638806,-9.587904255164775,-7.503637597261565,-3.522140556662843,-9.61695124203758,-8.287589807311289,-3.1791684646416103,-10.32242064413688,-6.580040510380802,-3.8210737573435543,-8.921623373382317,-0.0013081421334495437,-0.004262556770633676,0.008950941369035395,0.742412737795864,-0.2790892576964974,0.6090422916324186,0.9901291831965912,0.07930162550662628,0.11556579413675062,-0.11519690449062567,-0.009226373623232928,0.9932998274567162,0.0798365441275403,-0.996807968578588,0.0,38.43289215098845,-24.896468577839308,0.08368452241335511,186.52295578592864,NONE
0.0015499922446906567,0.0464997673407197,-7.390892148071575,-3.5126696984869126,-9.585310279650601,-7.503637597261565,-3.522140556662843,-9.61695124203758,-8.28753325967637,-3.176893030108061,-10.318638197804603,-6.577547695242583,-3.8172532013853524,-8.920107461471009,-0.0013046770594014885,-0.004254848811920965,0.008955113449058711,0.7434719845364289,-0.27841746577273535,0.6080568418841712,0.9901291831965912,0.07930162550662628,0.11556579413675062,-0.11519690449062567,-0.009226373623232928,0.9932998274567162,0.0798365441275403,-0.996807968578588,0.0,38.34171506737162,-24.886337689749546,0.08554984372986141,186.54382678553918,NONE
0.0015599922044202685,0.046799766132608056,-7.389557890647697,-3.509584010730374,-9.582716564906749,-7.503637597261565,-3.522140556662843,-9.61695124203758,-8.287297269679874,-3.17453094183199,-10.315031072443135,-6.575217197842394,-3.81351113549057,-8.91843301296825,-0.0013012249953968952,-0.004247131131084156,0.008959278334927035,0.7443826399293388,-0.2778174755037303,0.6072165475977762,0.9901291831965912,0.07930162550662628,0.11556579413675062,-0.11519690449062567,-0.009226373623232928,0.9932998274567162,0.0798365441275403,-0.996807968578588,0.0,38.26294285083642,-24.879667622237342,0.08741537570217695,186.56456875950005,NONE
0.0015699921641498804,0.04709976492449641,-7.38822339480524,-3.50649824846803,-9.580123116521152,-7.503637597261565,-3.522140556662843,-9.61695124203758,-8.28688251040871,-3.1720820114326003,-10.311600159183065,-6.573048407622127,-3.8098477021216755,-8.916599230184953,-0.0012977859536973703,-0.004239403755536127,0.008963436011846883,0.7451452620811232,-0.27728943073438056,0.6065221430426574,0.9901291831965912,0.07930162550662628,0.11556579413675062,-0.11519690449062567,-0.009226373623232928,0.9932998274567162,0.0798365441275403,-0.996807968578588,0.0,38.196582269844555,-24.876500859900407,0.0892811188662126,186.58520597727414,NONE
0.0015799921238794923,0.04739976371638477,-7.386888667994785,-3.5034124266010407,-9.577529932631167,-7.503637597261565,-3.522140556662843,-9.61695124203758,-8.286289576358886,-3.1695461314687488,-10.308346183545193,-6.571040799522605,-3.806263027156712,-8.91460545144789,-0.0012943599465182823,-0.004231666712724159,0.008967586465050305,0.7457603377549049,-0.27683343290781015,0.6059742313466533,0.9901291831965912,0.07930162550662628,0.11556579413675062,-0.11519690449062567,-0.009226373623232928,0.9932998274567162,0.0798365441275403,-0.996807968578588,0.0,38.142637650795656,-24.876871993118204,0.09114706487850377,186.60573954555613,NONE
0.0015899920836091042,0.047699762508273125,-7.385553710216331,-3.5003265302282456,-9.574937013236793,-7.503637597261565,-3.522140556662843,-9.61695124203758,-8.285518955832835,-3.1669232376019916,-10.305269739287025,-6.569193930603978,-3.802757140539149,-8.912451138158772,-0.0012909469860288136,-0.004223920030129766,0.008971729679795074,0.7462282718386335,-0.27644952301615533,0.605573304838371,0.9901291831965912,0.07930162550662628,0.11556579413675062,-0.11519690449062567,-0.009226373623232928,0.9932998274567162,0.0798365441275403,-0.996807968578588,0.0,38.101111418111735,-24.88081007173324,0.09301321492073811,186.62620804766598,NONE
0.001599992043338716,0.04799976130016148,-7.384218521469879,-3.4972405742508057,-9.572344360200676,-7.503637597261565,-3.522140556662843,-9.61695124203758,-8.284571011885847,-3.1642133362012697,-10.302371305806401,-6.56750747153827,-3.799330064909737,-8.91013585900737,-0.001287547084351634,-0.004216163735268787,0.008975865641364641,0.7465493653685121,-0.2761377081341162,0.6053197594778396,0.9901291831965912,0.07930162550662628,0.11556579413675062,-0.11519690449062567,-0.009226373623232928,0.9932998274567162,0.0798365441275403,-0.996807968578588,0.0,38.072006100258044,-24.888337405071265,0.09487956759596905,186.64661259029828,NONE
0.001609992003068328,0.04829976009204984,-7.382883094304847,-3.494154558668721,-9.569751973522814,-7.503637597261565,-3.522140556662843,-9.61695124203758,-8.283446034694684,-3.161416500974502,-10.299651189134021,-6.565981144896704,-3.795981733407916,-8.907659336392799,-0.0012841602535631214,-0.00420839785569121,0.008979994335068143,0.7467238651295568,-0.27589792714496286,0.6052138490179224,0.9901291831965912,0.07930162550662628,0.11556579413675062,-0.11519690449062567,-0.009226373623232928,0.9932998274567162,0.0798365441275403,-0.996807968578588,0.0,38.05531996880212,-24.899469209334118,0.09674613028123424,186.6669750228225,NONE
0.001619991846382618,0.04859975539147854,-7.381547443622398,-3.4910684685808304,-9.56715985320321,-7.503637597261565,-3.522140556662843,-9.61695124203758,-8.282144196464097,-3.1585328530918866,-10.29710960681228,-6.564614822890129,-3.792712007701997,-8.90502137298203,-0.0012807865448751033,-0.004200622509567771,0.008984115698313193,0.7467519015538991,-0.27573006722178717,0.6052557538392384,0.9901291831965912,0.07930162550662628,0.11556579413675062,-0.11519690449062567,-0.009226373623232928,0.9932998274567162,0.0798365441275403,-0.996807968578588,0.0,38.051052106706074,-24.91421646327676,0.09861288940414603,186.68731882038617,NONE
0.0016299918061122298,0.048899754183366895,-7.380211554521369,-3.487982318888295,-9.564568000173184,-7.503637597261565,-3.522140556662843,-9.61695124203758,-8.280665524375518,-3.155562569478954,-10.29474664130705,-6.5634084524442,-3.789520755720601,-8.902221895746283,-0.0012774258917533376,-0.00419283754345469,0.008988229812401471,0.7466335095353557,-0.2756339940181077,0.6054455415481593,0.9901291831965912,0.07930162550662628,0.11556579413675062,-0.11519690449062567,-0.009226373623232928,0.9932998274567162,0.0798365441275403,-0.996807968578588,0.0,38.059201130898366,-24.932581312039616,0.10047985842946439,186.70766372464445,NONE
0.0016399917658418417,0.04919975297525525,-7.378875441902923,-3.484896109591115,-9.561976414432737,-7.503637597261565,-3.522140556662843,-9.61695124203758,-8.279010021167698,-3.152505902704424,-10.292562192537686,-6.562362059492621,-3.7864077483582763,-8.899260995468854,-0.0012740783454706652,-0.004185043075478304,0.008992336614706584,0.7463686789891645,-0.2756094981103704,0.6057831291603617,0.9901291831965912,0.07930162550662628,0.11556579413675062,-0.11519690449062567,-0.009226373623232928,0.9932998274567162,0.0798365441275403,-0.996807968578588,0.0,38.07976055375368,-24.954558711300084,0.10234702260311401,186.7280062088092,NONE
0.0016499917255714536,0.04949975176714361,-7.3775390908658975,-3.48180984068929,-9.559385094119223,-7.503637597261565,-3.522140556662843,-9.61695124203758,-8.277177510287352,-3.1493631591002824,-10.290556078084595,-6.561475775769105,-3.7833727077408343,-8.896138834070566,-0.0012707439179174265,-0.004177239133324142,0.008996436090641238,0.7459572758774988,-0.2756563254958921,0.6062683669626215,0.9901291831965912,0.07930162550662628,0.11556579413675062,-0.11519690449062567,-0.009226373623232928,0.9932998274567162,0.0798365441275403,-0.996807968578588,0.0,38.11272539507205,-24.98013926081916,0.10421439689442735,186.74836601453543,NONE
0.0016599916853010654,0.04979975055903196,-7.376202508860874,-3.478723497281659,-9.556794040629628,-7.503637597261565,-3.522140556662843,-9.61695124203758,-8.275167775255825,-3.146134704903243,-10.28872794105458,-6.560749811850765,-3.780415273236394,-8.892855737953946,-0.0012674226209375325,-0.00416942574471134,0.009000528225644271,0.7453991145239396,-0.27577416014484823,0.606900957869841,0.9901291831965912,0.07930162550662628,0.11556579413675062,-0.11519690449062567,-0.009226373623232928,0.9932998274567162,0.0798365441275403,-0.996807968578588,0.0,38.15808630275951,-25.00930572491311,0.10608197494660843,186.7687849395522,NONE
0.0016699916450306773,0.05009974935092032,-7.374865695887851,-3.4756370942693833,-9.554203252101304,-7.503637597261565,-3.522140556662843,-9.61695124203758,-8.27298044562697,-3.142820959917691,-10.287077324918593,-6.560184503769841,-3.777535092457815,-8.889412117684905,-0.0012641144663282182,-0.004161602937392655,0.009004613005180472,0.7446938877639693,-0.27596266632179306,0.6076805248842121,0.9901291831965912,0.07930162550662628,0.11556579413675062,-0.11519690449062567,-0.009226373623232928,0.9932998274567162,0.0798365441275403,-0.996807968578588,0.0,38.21583561191434,-25.042034087682687,0.10794975579323207,186.78927245752925,NONE
0.0016799916047602892,0.050399748142808676,-7.37352865194683,-3.472550631652463,-9.551612728243215,-7.503637597261565,-3.522140556662843,-9.61695124203758,-8.2706150678448,-3.1394224023642905,-10.285603623864018,-6.559780262947628,-3.7747317316104394,-8.885808522241904,-0.0012608194658400762,-0.004153770739154257,0.009008690414740873,0.7438412195205094,-0.2762214474983255,0.6086065659226586,0.9901291831965912,0.07930162550662628,0.11556579413675062,-0.11519690449062567,-0.009226373623232928,0.9932998274567162,0.0798365441275403,-0.996807968578588,0.0,38.28596275671308,-25.07829399129247,0.10981773946793183,186.80982614837302,NONE
0.001689991564489901,0.05069974693469703,-7.37219136958723,-3.4694641094308976,-9.549022467949415,-7.503637597261565,-3.522140556662843,-9.61695124203758,-8.268071084767527,-3.135939605573041,-10.284306107673844,-6.5595375805592315,-3.772004670625793,-8.882045611896702,-0.001257537631177024,-0.0041459291778155145,0.009012760439842497,0.7428406540036069,-0.27655002828380537,0.6096784764248449,0.9901291831965912,0.07930162550662628,0.11556579413675062,-0.11519690449062567,-0.009226373623232928,0.9932998274567162,0.0798365441275403,-0.996807968578588,0.0,38.36845497184085,-25.11805156491866,0.11168593347555245,186.83048891650708,NONE
0.001699991524219513,0.05099974572658539,-7.3708538562596315,-3.4663775276046875,-9.546432469764712,-7.503637597261565,-3.522140556662843,-9.61695124203758,-8.265347872584742,-3.132373156112288,-10.28318386893142,-6.559457036672996,-3.7693533774268793,-8.878124206993062,-0.0012542689739961125,-0.0041380782812292525,0.009016823066028754,0.7416916677877161,-0.2769479223106919,0.6108955051905909,0.9901291831965912,0.07930162550662628,0.11556579413675062,-0.11519690449062567,-0.009226373623232928,0.9932998274567162,0.0798365441275403,-0.996807968578588,0.0,38.463297257691956,-25.161262076644984,0.11355433060722753,186.85126670881309,NONE
0.0017099914839491248,0.051299744518473744,-7.369516104513454,-3.4632908712726715,-9.543842733165237,-7.503637597261565,-3.522140556662843,-9.61695124203758,-8.262444647278677,-3.1287237097370277,-10.2822359356859,-6.559539328263563,-3.7667772287593633,-8.874045188189935,-0.001251013505907584,-0.004130218077281441,0.009020878278869295,0.7403936169630934,-0.2774145734879721,0.6122568467373762,0.9901291831965912,0.07930162550662628,0.11556579413675062,-0.11519690449062567,-0.009226373623232928,0.9932998274567162,0.0798365441275403,-0.996807968578588,0.0,38.57047589844007,-25.20787991049661,0.11542293948222238,186.87217816025156,NONE
0.0017199914436787367,0.0515997433103621,-7.36780919885044,-3.459929512034047,-9.54317767804301,-7.503637597261565,-3.522140556662843,-9.61695124203758,-8.261573000331337,-3.124750825939266,-10.280281880406394,-6.5570747582081,-3.76397058433529,-8.87454938697995,-0.001247771238474948,-0.00412234859389092,0.009024926063960102,0.7410861922274941,-0.2779216340852279,0.6111880406201927,0.9901291831965912,0.07930162550662628,0.11556579413675062,-0.11519690449062567,-0.009226373623232928,0.9932998274567162,0.0798365441275403,-0.996807968578588,0.0,38.522479344187815,-25.108112438128263,0.11745641546701435,204.93291544716774,NONE
0.0017299914034083486,0.05189974210225046,-7.366062715703296,-3.4565377395254258,-9.542734693994733,-7.503637597261565,-3.522140556662843,-9.61695124203758,-8.260773789295303,-3.120664316888197,-10.27837198801221,-6.554469003155038,-3.761209008351972,-8.875437037619854,-0.0012445421832148467,-0.00411446985900963,0.009028966406923397,0.7418716461479417,-0.27849769194077184,0.6099717175618936,0.9901291831965912,0.07930162550662628,0.11556579413675062,-0.11519690449062567,-0.009226373623232928,0.9932998274567162,0.0798365441275403,-0.996807968578588,0.0,38.46803677061659,-24.994427866574465,0.11950582627557438,204.952578789941,NONE
0.0017399912467226386,0.05219973740167916,-7.364316001588153,-3.453145922313321,-9.542291948830696,-7.503637597261565,-3.522140556662843,-9.61695124203758,-8.259795939545503,-3.116496312417292,-10.276637787291238,-6.552024851058929,-3.7585212717281102,-8.876165773664646,-0.0012413263889207197,-0.004106581992529709,0.009032999246523026,0.7425091689072064,-0.27914128665687743,0.6089008754898225,0.9901291831965912,0.07930162550662628,0.11556579413675062,-0.11519690449062567,-0.009226373623232928,0.9932998274567162,0.0798365441275403,-0.996807968578588,0.0,38.42597753810407,-24.884294903307115,0.12155544171050181,204.97213671982803,NONE
0.0017499912064522505,0.052499736193567514,-7.3625690639555925,-3.4497540454965714,-9.541849444879206,-7.503637597261565,-3.522140556662843,-9.61695124203758,-8.258639920811213,-3.112246945072186,-10.275080013151372,-6.549741890036676,-3.755907225813341,-8.876734932918625,-0.0012381237922118853,-0.004098684838761918,0.009037024662292203,0.7429991438150162,-0.27985229597441513,0.6079761218403248,0.9901291831965912,0.07930162550662628,0.11556579413675062,-0.11519690449062567,-0.009226373623232928,0.9932998274567162,0.0798365441275403,-0.996807968578588,0.0,38.396293627392964,-24.777847823474566,0.12360525530737476,204.99162407750978,NONE
0.0017599911661818624,0.05279973498545587,-7.360821917706775,-3.446362109075177,-9.541407183071586,-7.503637597261565,-3.522140556662843,-9.61695124203758,-8.257306153463354,-3.1079164283112553,-10.273699218945085,-6.547619767187233,-3.7533666769792613,-8.877144015211087,-0.0012349344419435575,-0.0040907785175554835,0.009041042592959899,0.743341907076574,-0.28063054289913314,0.6071979146669562,0.9901291831965912,0.07930162550662628,0.11556579413675062,-0.11519690449062567,-0.009226373623232928,0.9932998274567162,0.0798365441275403,-0.996807968578588,0.0,38.37897240288342,-24.675212796909644,0.1256552522044867,205.01105245351698,NONE
0.0017699911259114742,0.05309973377734423,-7.359074540489959,-3.442970127950299,-9.540965163407835,-7.503637597261565,-3.522140556662843,-9.61695124203758,-8.255794880784242,-3.1035050353962745,-10.272495868048015,-6.545658219201818,-3.750899405767745,-8.877392600213318,-0.0012317583494443763,-0.004082863056993119,0.009045053024254414,0.74353767894888,-0.2814758132049874,0.6065666381889987,0.9901291831965912,0.07930162550662628,0.11556579413675062,-0.11519690449062567,-0.009226373623232928,0.9932998274567162,0.0798365441275403,-0.996807968578588,0.0,38.37400222461266,-24.57651066227456,0.1277054533512647,205.03042933312787,NONE
0.001779991085641086,0.05339973256923258,-7.357326947206306,-3.4395780872207764,-9.540523386819276,-7.503637597261565,-3.522140556662843,-9.61695124203758,-8.25410630176341,-3.099013089640351,-10.271470280413299,-6.543857093994765,-3.7485050904829778,-8.87748039947149,-0.0012285955259959222,-0.004074938485190051,0.009049055941930829,0.7435866120733245,-0.28238782645331606,0.6060825569312212,0.9901291831965912,0.07930162550662628,0.11556579413675062,-0.11519690449062567,-0.009226373623232928,0.9932998274567162,0.0798365441275403,-0.996807968578588,0.0,38.381368330631396,-24.48185585310506,0.12975584506769167,205.04979454397287,NONE
0.001789991045370698,0.05369973136112094,-7.355579137855815,-3.436185986886609,-9.540081853305908,-7.503637597261565,-3.522140556662843,-9.61695124203758,-8.252240499310684,-3.0944409553748797,-10.270622629650743,-6.54221631635845,-3.7461834006394223,-8.877407255503895,-0.001225445982832672,-0.004067004830293847,0.009053051331770744,0.7434887751966234,-0.2833662805498013,0.6057458148464553,0.9901291831965912,0.07930162550662628,0.11556579413675062,-0.11519690449062567,-0.009226373623232928,0.9932998274567162,0.0798365441275403,-0.996807968578588,0.0,38.40105469398294,-24.3913527381353,0.13180642735376757,205.06913914061238,NONE
0.0017999910051003098,0.053999730153009295,-7.353831104987907,-3.4327938269477967,-9.539640562867733,-7.503637597261565,-3.522140556662843,-9.61695124203758,-8.250197473470253,-3.0897890930905167,-10.269952945069235,-6.540735872043776,-3.743933918525337,-8.877173141724402,-0.0012223097311418922,-0.004059062120484302,0.009057039179582586,0.7432441745332513,-0.28441079366731314,0.605556436236884,0.9901291831965912,0.07930162550662628,0.11556579413675062,-0.11519690449062567,-0.009226373623232928,0.9932998274567162,0.0798365441275403,-0.996807968578588,0.0,38.43304168833599,-24.30509949482118,0.13385720758653008,205.08849642533067,NONE
0.0018099909648299217,0.05429972894489765,-7.352082856053161,-3.429401622305501,-9.539199516436073,-7.503637597261565,-3.522140556662843,-9.61695124203758,-8.247977064991371,-3.085058006617893,-10.269461202626529,-6.539415919716338,-3.7417562155332518,-8.876778081717891,-0.0012191867820637316,-0.004051110383973313,0.009061019471201484,0.7428526718587103,-0.2855209603979821,0.6055144003950603,0.9901291831965912,0.07930162550662628,0.11556579413675062,-0.11519690449062567,-0.009226373623232928,0.9932998274567162,0.0798365441275403,-0.996807968578588,0.0,38.477313246127565,-24.223188268039216,0.13590817709962622,205.10787798865857,NONE
0.0018199909245595336,0.05459972773678601,-7.350334383600997,-3.4260093729597214,-9.538758712148281,-7.503637597261565,-3.522140556662843,-9.61695124203758,-8.245579116799277,-3.0802482668599622,-10.26914711209791,-6.538256587649869,-3.7396497737962693,-8.876222335195369,-0.0012160771466910335,-0.004043149649004943,0.009064992192489553,0.7423141431084384,-0.2866963073636118,0.6056194682184963,0.9901291831965912,0.07930162550662628,0.11556579413675062,-0.11519690449062567,-0.009226373623232928,0.9932998274567162,0.0798365441275403,-0.996807968578588,0.0,38.53384398803157,-24.145697636748658,0.13795934348535077,205.12730312225605,NONE
0.0018299908842891455,0.054899726528674364,-7.348585695081996,-3.422617064009297,-9.538318150935682,-7.503637597261565,-3.522140556662843,-9.61695124203758,-8.243003251267016,-3.0753604839294773,-10.26901042020562,-6.537258232599337,-3.7376140114622007,-8.875506133681583,-0.00121298083606944,-0.004035179943855263,0.009068957329335584,0.7416282689859477,-0.2879363163185755,0.6058714289234938,0.9901291831965912,0.07930162550662628,0.11556579413675062,-0.11519690449062567,-0.009226373623232928,0.9932998274567162,0.0798365441275403,-0.996807968578588,0.0,38.60261595571036,-24.07270561629261,0.1400107004407225,205.14678671844453,NONE
0.0018399908440187573,0.05519972532056272,-7.346836783045577,-3.4192246954542282,-9.537877831866952,-7.503637597261565,-3.522140556662843,-9.61695124203758,-8.240249111644694,-3.0703953372577444,-10.269050574492727,-6.536421163964077,-3.735648312217922,-8.87462997653489,-0.0012098978611971255,-0.00402720129683186,0.009072914867655496,0.7407947598611383,-0.28924042389572946,0.6062698251990589,0.9901291831965912,0.07930162550662628,0.11556579413675062,-0.11519690449062567,-0.009226373623232928,0.9932998274567162,0.0798365441275403,-0.996807968578588,0.0,38.683601149516896,-24.00427292180952,0.1420622554504103,205.16633296071157,NONE
0.0018499908037483692,0.055499724112451077,-7.345087647491741,-3.415832297096837,-9.537437754942092,-7.503637597261565,-3.522140556662843,-9.61695124203758,-8.237316157784724,-3.0653535946097694,-10.269267006963975,-6.535745871712749,-3.7337520364587355,-8.873594378984617,-0.0012068282330250665,-0.004019213736274433,0.009076864793392057,0.7398131678573804,-0.2906080181952027,0.6068141860779824,0.9901291831965912,0.07930162550662628,0.11556579413675062,-0.11519690449062567,-0.009226373623232928,0.9932998274567162,0.0798365441275403,-0.996807968578588,0.0,38.776776259570866,-23.94045714740333,0.14411400615104064,205.18598695772334,NONE
0.0018599906470626593,0.05579971941187978,-7.343338288420486,-3.4124398093324784,-9.536997917367133,-7.503637597261565,-3.522140556662843,-9.61695124203758,-8.234203806486157,-3.060236035424072,-10.269658971305327,-6.53523288486778,-3.7319243634827246,-8.872400012684924,-0.0012037719979030171,-0.004011217383734085,0.00908080704669695,0.738683009399294,-0.2920384035037622,0.6075038950523498,0.9901291831965912,0.07930162550662628,0.11556579413675062,-0.11519690449062567,-0.009226373623232928,0.9932998274567162,0.0798365441275403,-0.996807968578588,0.0,38.88211280162254,-23.88130720894521,0.14616595759224715,205.2057353647015,NONE
0.0018699906067922711,0.056099718203768134,-7.341588705831813,-3.40904732156812,-9.536558320073398,-7.503637597261565,-3.522140556662843,-9.61695124203758,-8.230911345624419,-3.0550435927296897,-10.270225609730206,-6.534882849398402,-3.7301646174460537,-8.871047657511387,-0.0012007290956371679,-0.004003212081357753,0.009084741705293439,0.7374036940113112,-0.29353088031146257,0.6083382400951387,0.9901291831965912,0.07930162550662628,0.11556579413675062,-0.11519690449062567,-0.009226373623232928,0.9932998274567162,0.0798365441275403,-0.996807968578588,0.0,38.999583776778,-23.826860682808388,0.14821810257627988,205.22561016138488,NONE
0.001879990566521883,0.05639971699565649,-7.339838892275142,-3.405654744396794,-9.536118961198243,-7.503637597261565,-3.522140556662843,-9.61695124203758,-8.227437992805491,-3.0497771284618347,-10.270965917241288,-6.534696460806352,-3.7284718459778836,-8.869538221546282,-0.001197699572639744,-0.003995197950655334,0.009088668709297603,0.7359745791300608,-0.29508465978958653,0.6093163894326115,0.9901291831965912,0.07930162550662628,0.11556579413675062,-0.11519690449062567,-0.009226373623232928,0.9932998274567162,0.0798365441275403,-0.996807968578588,0.0,39.12915850699926,-23.777148388364452,0.1502704557855541,205.24561399286458,NONE
0.0018899905262514949,0.05669971578754485,-7.338088870102214,-3.402262137423146,-9.535679838879021,-7.503637597261565,-3.522140556662843,-9.61695124203758,-8.223782880325304,-3.0444376973655434,-10.271878779345503,-6.534674548814291,-3.7268452059895676,-8.867872712195636,-0.0011946834396717122,-0.003987175020092411,0.009092588044760765,0.7343949267439186,-0.29669891679305405,0.6104374204999418,0.9901291831965912,0.07930162550662628,0.11556579413675062,-0.11519690449062567,-0.009226373623232928,0.9932998274567162,0.0798365441275403,-0.996807968578588,0.0,39.27080680308659,-23.73219245598829,0.15232299057747056,205.26578822516757,NONE
0.0018999904859811068,0.0569997145794332,-7.336338594609546,-3.3988695006471756,-9.535240952184411,-7.503637597261565,-3.522140556662843,-9.61695124203758,-8.219945027997188,-3.039026359681014,-10.272962901408604,-6.534817917296889,-3.7252837357356836,-8.866052302047926,-0.0011916807074465851,-0.003979143318165857,0.009096499697761409,0.7326639611740429,-0.29837277219768243,0.6117002605915995,0.9901291831965912,0.07930162550662628,0.11556579413675062,-0.11519690449062567,-0.009226373623232928,0.9932998274567162,0.0798365441275403,-0.996807968578588,0.0,39.4244944526674,-23.692004099375247,0.15437575132188108,205.28611056807588,NONE
0.0019099904457107186,0.05729971337132156,-7.334588110500621,-3.3954768042665604,-9.53480230018309,-7.503637597261565,-3.522140556662843,-9.61695124203758,-8.21592341425373,-3.033544226505876,-10.274216920748229,-6.535127578173506,-3.7237863705019087,-8.864078225418176,-0.0011886913866303347,-0.003971102873403649,0.009100403654405087,0.7307807982957497,-0.30010527999827513,0.6131037805782834,0.9901291831965912,0.07930162550662628,0.11556579413675062,-0.11519690449062567,-0.009226373623232928,0.9932998274567162,0.0798365441275403,-0.996807968578588,0.0,39.59018869644836,-23.656590284447336,0.15642869622756628,205.30662524855865,NONE
0.0019199904054403305,0.057599712163209915,-7.332837387973117,-3.3920840780836228,-9.534363878218445,-7.503637597261565,-3.522140556662843,-9.61695124203758,-8.211716925217997,-3.0279925066458135,-10.275639249596543,-6.53560448500747,-3.722352070614905,-8.861951913692254,-0.0011857154878413669,-0.003963053714364794,0.00910429990082513,0.7287445392219684,-0.30189546259525724,0.6146466677844735,0.9901291831965912,0.07930162550662628,0.11556579413675062,-0.11519690449062567,-0.009226373623232928,0.9932998274567162,0.0798365441275403,-0.996807968578588,0.0,39.76785164699724,-23.625943832752412,0.15848185297744521,205.32734715893713,NONE
0.0019299903651699424,0.05789971095509827,-7.331086427027034,-3.3886912922960404,-9.533925687221798,-7.503637597261565,-3.522140556662843,-9.61695124203758,-8.207324308935181,-3.0223724498236404,-10.27722829689727,-6.536249773448806,-3.7209796456132436,-8.859674811895742,-0.0011827530216502674,-0.003954995869639378,0.009108188423181906,0.7265541458636419,-0.303742259038958,0.6163276021745778,0.9901291831965912,0.07930162550662628,0.11556579413675062,-0.11519690449062567,-0.009226373623232928,0.9932998274567162,0.0798365441275403,-0.996807968578588,0.0,39.95744939075083,-23.60005776959699,0.16053522382726015,205.34826537452668,NONE
0.0019399903248995543,0.05819970974698663,-7.329335227662372,-3.3852984767061356,-9.533487723467859,-7.503637597261565,-3.522140556662843,-9.61695124203758,-8.202744321691814,-3.016685413970837,-10.278982226491951,-6.537064571671804,-3.7196679205513616,-8.857248578506141,-0.0011798039985799185,-0.0039469293678481366,0.009112069207663416,0.7242085869652216,-0.30564456807848883,0.6181450643416568,0.9901291831965912,0.07930162550662628,0.11556579413675062,-0.11519690449062567,-0.009226373623232928,0.9932998274567162,0.0798365441275403,-0.996807968578588,0.0,40.15894154333147,-23.57891109854195,0.162588806844159,205.3694098958211,NONE
0.0019499902846291661,0.058499708538874984,-7.327403307014751,-3.3818104128938797,-9.533749752936872,-7.503637597261565,-3.522140556662843,-9.61695124203758,-8.198811981981022,-3.0108194254143394,-10.280404758943027,-6.536947234057803,-3.71833687572356,-8.856457914036925,-0.0011768684291057943,-0.003938854237642635,0.009115942240484872,0.7225498904013994,-0.3076162827431395,0.6191073238722176,0.9901291831965912,0.07930162550662628,0.11556579413675062,-0.11519690449062567,-0.009226373623232928,0.9932998274567162,0.0798365441275403,-0.996807968578588,0.0,40.30863081861346,-23.502636611614797,0.16474798534349766,223.38732755621757,NONE
0.001959990244358778,0.05879970733076334,-7.325342044287967,-3.378256336937535,-9.534518051220092,-7.503637597261565,-3.522140556662843,-9.61695124203758,-8.195298369251715,-3.004799236180979,-10.28163710206918,-6.536203400124802,-3.7170198146976583,-8.856805276570068,-0.001173946323655101,-0.003930770507705236,0.009119807507889316,0.7213456387508318,-0.3096611210942084,0.6194920980430925,0.9901291831965912,0.07930162550662628,0.11556579413675062,-0.11519690449062567,-0.009226373623232928,0.9932998274567162,0.0798365441275403,-0.996807968578588,0.0,40.42452333276335,-23.387691521444506,0.16698195672280036,223.40703431266166,NONE
0.001969990087673068,0.05909970263019204,-7.323280572944927,-3.3747022013765458,-9.535286568364116,-7.503637597261565,-3.522140556662843,-9.61695124203758,-8.191602239487475,-2.998712974791594,-10.283036977589271,-6.535624729806548,-3.715762574148213,-8.857001087615437,-0.0011710377263163332,-0.003922678301052175,0.009123664951327895,0.7199902216004034,-0.31176069537244316,0.6200156043364494,0.9901291831965912,0.07930162550662628,0.11556579413675062,-0.11519690449062567,-0.009226373623232928,0.9932998274567162,0.0798365441275403,-0.996807968578588,0.0,40.55230284072951,-23.277979979515255,0.16921611409306792,223.42683349982715,NONE
0.0019799901638180017,0.05939970491454005,-7.321243524605083,-3.371455148945439,-9.535740230491372,-7.503637597261565,-3.522140556662843,-9.61695124203758,-8.188198493540469,-2.9933369347570875,-10.284002742935247,-6.534827414848425,-3.714446729460044,-8.856990220170234,-0.0011681425462948967,-0.003914577363515901,0.009127514691556649,0.7188569907356714,-0.3135259976969375,0.6204402272891362,0.9901291831965912,0.07930162550662628,0.11556579413675062,-0.11519690449062567,-0.009226373623232928,0.9932998274567162,0.0798365441275403,-0.996807968578588,0.0,40.659082879260644,-23.185333711577766,0.1714381238138145,213.86529184500424,IMPACT
0.001989990007132292,0.059699700213968754,-7.319385796839046,-3.370840476046193,-9.533571888951572,-7.503637597261565,-3.522140556662843,-9.61695124203758,-8.188529846719808,-2.994578168430246,-10.280228694998337,-6.530983968581785,-3.7121485610171545,-8.856278417232177,-0.0011652609283924443,-0.00390646810128423,0.00913135653580793,0.720672120929575,-0.3119871272116994,0.6191088164200692,0.9901291831965912,0.07930162550662628,0.11556579413675062,-0.11519690449062567,-0.009226373623232928,0.9932998274567162,0.0798365441275403,-0.996807968578588,0.0,40.50359505326052,-23.208787006270864,0.17357684496147563,213.8847204669433,NONE
0.0019999900832772255,0.059999702498316765,-7.31752783065443,-3.3702257137399796,-9.531403794212254,-7.503637597261565,-3.522140556662843,-9.61695124203758,-8.188677800503408,-2.9957552908149254,-10.276622367503354,-6.5273064294846055,-3.7099083775088744,-8.855414945511543,-0.001162392748962097,-0.003898350165346924,0.00913519064916113,0.7223353787038272,-0.31050134204084734,0.6179162704312225,0.9901291831965912,0.07930162550662628,0.11556579413675062,-0.11519690449062567,-0.009226373623232928,0.9932998274567162,0.0798365441275403,-0.996807968578588,0.0,40.359870214888495,-23.237239717013647,0.17571578074275251,213.90639892864777,NONE
0.0020099899265915155,0.060299697797745466,-7.315669611150073,-3.369610862026799,-9.529235943479451,-7.503637597261565,-3.522140556662843,-9.61695124203758,-8.188643355277417,-2.996867765779536,-10.27318521315841,-6.523793861687133,-3.707726665260947,-8.854398481926316,-0.0011595381514727067,-0.003890223962729497,0.009139016839620281,0.7238476059088195,-0.3090690867310482,0.6168637961878668,0.9901291831965912,0.07930162550662628,0.11556579413675062,-0.11519690449062567,-0.009226373623232928,0.9932998274567162,0.0798365441275403,-0.996807968578588,0.0,40.227928583668145,-23.270734414015205,0.17785494623460707,213.92792388621254,NONE
0.0020199900027364492,0.06059970008209348,-7.313811153227138,-3.3689959507089737,-9.527068342341098,-7.503637597261565,-3.522140556662843,-9.61695124203758,-8.18842742606483,-2.997915079193644,-10.26991856390295,-6.520445463588708,-3.705603947477887,-8.853227828929054,-0.001156697149939292,-0.003882089059011741,0.009142835192316463,0.7252095489026619,-0.30769081229749684,0.6159524934669107,0.9901291831965912,0.07930162550662628,0.11556579413675062,-0.11519690449062567,-0.009226373623232928,0.9932998274567162,0.0798365441275403,-0.996807968578588,0.0,40.10779198057663,-23.309302018458276,0.17999432367382084,213.94928375825336,NONE
0.0020299898460507393,0.06089969538152218,-7.311952456885623,-3.3683809797865036,-9.524900990797194,-7.503637597261565,-3.522140556662843,-9.61695124203758,-8.188030855211426,-2.998896803624703,-10.266823610175047,-6.517260471096255,-3.7035406118843768,-8.851901906671655,-0.001153869750432185,-0.003873945947180935,0.009146645594892528,0.7264219061370316,-0.3063668731563799,0.6151833493493012,0.9901291831965912,0.07930162550662628,0.11556579413675062,-0.11519690449062567,-0.009226373623232928,0.9932998274567162,0.0798365441275403,-0.996807968578588,0.0,39.999478841087374,-23.352968164058733,0.18213391306039028,213.97049450880158,NONE
0.0020399896893650293,0.06119969068095088,-7.31009352212553,-3.3677659194570664,-9.522733890710386,-7.503637597261565,-3.522140556662843,-9.61695124203758,-8.18745442021306,-2.9998125150297126,-10.263901372639355,-6.514238178942156,-3.7015369862943843,-8.850419792859984,-0.0011510558965287148,-0.003865794466954828,0.009150448122901571,0.7274853222916972,-0.30509759620203114,0.6145572085997267,0.9901291831965912,0.07930162550662628,0.11556579413675062,-0.11519690449062567,-0.009226373623232928,0.9932998274567162,0.0798365441275403,-0.996807968578588,0.0,39.90300536383078,-23.401746567550926,0.18427371654243174,213.99158574917857,NONE
0.002049989765509963,0.06149969296529889,-7.308234348946857,-3.3671508293253067,-9.520567042080673,-7.503637597261565,-3.522140556662843,-9.61695124203758,-8.186698810011668,-3.0006619697515546,-10.261152753559099,-6.511377962186179,-3.6995934054017403,-8.848780669049761,-0.0011482555330317448,-0.0038576344572921395,0.009154242851184451,0.7284003686197781,-0.3038832328913851,0.6140748193518863,0.9901291831965912,0.07930162550662628,0.11556579413675062,-0.11519690449062567,-0.009226373623232928,0.9932998274567162,0.0798365441275403,-0.996807968578588,0.0,39.81838630421758,-23.45564485393629,0.18641372939320178,214.01257581183302,NONE
0.002059989608824253,0.06179968826472759,-7.306374952250766,-3.3665356199842575,-9.518400444908055,-7.503637597261565,-3.522140556662843,-9.61695124203758,-8.185764587599646,-3.001444816146602,-10.258578574675278,-6.508679338555133,-3.6977100176747313,-8.846983789838532,-0.0011454688005882036,-0.003849466326969429,0.009158029589384149,0.7291674995845708,-0.3027240006644041,0.6137368629724982,0.9901291831965912,0.07930162550662628,0.11556579413675062,-0.11519690449062567,-0.009226373623232928,0.9932998274567162,0.0798365441275403,-0.996807968578588,0.0,39.7456386934547,-23.51466341830513,0.18855394394874025,214.03345220784576,NONE
0.0020699896849691868,0.062099690549075603,-7.304444998556423,-3.3658450703722123,-9.516674760056647,-7.503637597261565,-3.522140556662843,-9.61695124203758,-8.185144626348162,-3.002091436445816,-10.255953157552744,-6.505561088815852,-3.6958065192967458,-8.846074253435239,-0.0011426955790331812,-0.0038412897248159676,0.009161808500557783,0.73025371197057,-0.3016152534134477,0.6129908278771761,0.9901291831965912,0.07930162550662628,0.11556579413675062,-0.11519690449062567,-0.009226373623232928,0.9932998274567162,0.0798365441275403,-0.996807968578588,0.0,39.64901127286855,-23.545940798103544,0.1907190392707392,217.83732551472448,NONE
0.002079989528283477,0.062399685848504305,-7.302474588209438,-3.3651104431253556,-9.515210296286257,-7.503637597261565,-3.522140556662843,-9.61695124203758,-8.184635418085671,-3.0026288030659365,-10.253370455359796,-6.502265219938688,-3.6939180645682486,-8.84562414535985,-0.0011399360076411549,-0.0038331050604488194,0.009165579395147987,0.7314653035421669,-0.30056054847926605,0.6120636130434554,0.9901291831965912,0.07930162550662628,0.11556579413675062,-0.11519690449062567,-0.009226373623232928,0.9932998274567162,0.0798365441275403,-0.996807968578588,0.0,39.543285624570444,-23.562781930525173,0.19289749911158793,217.857977882432,NONE
0.0020899896044284105,0.06269968813285232,-7.300503939443874,-3.3643757264715317,-9.513746082110318,-7.503637597261565,-3.522140556662843,-9.61695124203758,-8.18394726668407,-3.0030997693382337,-10.250962915846333,-6.499131215954133,-3.692089671183412,-8.845015622965782,-0.0011371899674278646,-0.0038249119819772502,0.009169342435523413,0.7325287177086686,-0.29956082688920804,0.6112814316871957,0.9901291831965912,0.07930162550662628,0.11556579413675062,-0.11519690449062567,-0.009226373623232928,0.9932998274567162,0.0798365441275403,-0.996807968578588,0.0,39.44943623605001,-23.584685415430812,0.19507617326316762,217.87850806903904,NONE
0.0020999894477427006,0.06299968343228102,-7.298533052259731,-3.3636409204107407,-9.512282113803538,-7.503637597261565,-3.522140556662843,-9.61695124203758,-8.183080856185383,-3.003504081341308,-10.248731520963968,-6.496158456366675,-3.6903215694747074,-8.844247788418794,-0.0011344575962929883,-0.003816710899852954,0.009173097432928991,0.7334445216603077,-0.29861629918843446,0.6106451011065969,0.9901291831965912,0.07930162550662628,0.11556579413675062,-0.11519690449062567,-0.009226373623232928,0.9932998274567162,0.0798365441275403,-0.996807968578588,0.0,39.367476094838636,-23.61168405486147,0.19725506215599253,217.898923128122,NONE
0.0021099895238876343,0.06329968571662903,-7.296561956459331,-3.3629060845476273,-9.510818395091208,-7.503637597261565,-3.522140556662843,-9.61695124203758,-8.182036828247664,-3.0038415687496505,-10.2466770870408,-6.493346415963415,-3.6886140276167536,-8.843319908330992,-0.0011317387764347593,-0.0038085014614700485,0.009176844549042634,0.7342132227322827,-0.29772715602917543,0.6101552950912207,0.9901291831965912,0.07930162550662628,0.11556579413675062,-0.11519690449062567,-0.009226373623232928,0.9932998274567162,0.0798365441275403,-0.996807968578588,0.0,39.29741615099206,-23.643798058195305,0.19943413112465258,217.91923640445904,NONE
0.0021199893672019243,0.06359968101605773,-7.294590622240352,-3.3621711592775467,-9.509354929698619,-7.503637597261565,-3.522140556662843,-9.61695124203758,-8.180815694445807,-3.00411203338603,-10.244800286847473,-6.490694573857971,-3.686967111704301,-8.842231379535654,-0.0011290336443763854,-0.0038002840781090276,0.009180583595914307,0.7348352698207977,-0.29689351231229155,0.6098125683964432,0.9901291831965912,0.07930162550662628,0.11556579413675062,-0.11519690449062567,-0.009226373623232928,0.9932998274567162,0.0798365441275403,-0.996807968578588,0.0,39.23926443373597,-23.681040218416808,0.2016134139735275,217.9394502147916,NONE
0.002129989443346858,0.06389968330040574,-7.292619064503955,-3.361436144600499,-9.507891710175189,-7.503637597261565,-3.522140556662843,-9.61695124203758,-8.17941786978596,-3.0043153986488447,-10.243101708306954,-6.488202582015691,-3.6853808912227737,-8.840981654517991,-0.0011263420835002761,-0.003792058396453847,0.00918431473452884,0.7353109946827253,-0.2961154315538821,0.6096174146908531,0.9901291831965912,0.07930162550662628,0.11556579413675062,-0.11519690449062567,-0.009226373623232928,0.9932998274567162,0.0798365441275403,-0.996807968578588,0.0,39.193030801233355,-23.723417615947035,0.20379289680957413,217.95960927861336,NONE
0.002139989286661148,0.06419967859983444,-7.290625765973377,-3.3606784503561142,-9.506560399455937,-7.503637597261565,-3.522140556662843,-9.61695124203758,-8.177991899833096,-3.0044333671200385,-10.241510652697979,-6.485694658909412,-3.6838288820590224,-8.839885958764942,-0.001123664228950786,-0.0037838248286079464,0.009188037777743867,0.7357814090972539,-0.2953893543212974,0.609402040840451,0.9901291831965912,0.07930162550662628,0.11556579413675062,-0.11519690449062567,-0.009226373623232928,0.9932998274567162,0.0798365441275403,-0.996807968578588,0.0,39.147814916836,-23.76104696129494,0.2059804602212516,220.24629361216435,NONE
0.0021499893628060818,0.06449968088418245,-7.288589134866046,-3.359874353895772,-9.505502457989367,-7.503637597261565,-3.522140556662843,-9.61695124203758,-8.176695330711437,-3.004444221214833,-10.239953201930037,-6.482986716501489,-3.6822855427681076,-8.839281122910139,-0.0011209999652961877,-0.0037755830205503885,0.009191752885848871,0.7363950496564993,-0.29471361806664115,0.6089878604434344,0.9901291831965912,0.07930162550662628,0.11556579413675062,-0.11519690449062567,-0.009226373623232928,0.9932998274567162,0.0798365441275403,-0.996807968578588,0.0,39.09212109315558,-23.78326404644381,0.20818301611812906,220.26621992187248,NONE
0.002159989206120372,0.06479967618361115,-7.286552295142459,-3.3590701978307846,-9.504444766117247,-7.503637597261565,-3.522140556662843,-9.61695124203758,-8.17522252711778,-3.0043882030334306,-10.238574857421959,-6.480438238786362,-3.680802749743818,-8.838514295509173,-0.0011183494263005069,-0.003767333385201459,0.00919545987251197,0.7368627340571389,-0.2940932811784295,0.6087219834403418,0.9901291831965912,0.07930162550662628,0.11556579413675062,-0.11519690449062567,-0.009226373623232928,0.9932998274567162,0.0798365441275403,-0.996807968578588,0.0,39.04834646378066,-23.810615192740848,0.21038575445421515,220.28609324846386,NONE
0.002169989049434662,0.06509967148303986,-7.284515217000293,-3.3582659523588303,-9.503387323839577,-7.503637597261565,-3.522140556662843,-9.61695124203758,-8.17357379350401,-3.0042653035934754,-10.237376068855777,-6.478048892759231,-3.67938045429801,-8.83758506865482,-0.0011157125590665518,-0.0037590757601344855,0.009199158811229147,0.7371847394542516,-0.2935283263932759,0.6086047826960692,0.9901291831965912,0.07930162550662628,0.11556579413675062,-0.11519690449062567,-0.009226373623232928,0.9932998274567162,0.0798365441275403,-0.996807968578588,0.0,39.01649566954268,-23.843110747299974,0.2125887071010304,220.30591386861218,NONE
0.0021799891255795956,0.06539967376738787,-7.282472223097133,-3.357455776224721,-9.50236387111059,-7.503637597261565,-3.522140556662843,-9.61695124203758,-8.171787617250018,-3.004071302858341,-10.236338416512424,-6.475772939194021,-3.6780113445657867,-8.83657449641662,-0.0011130893119344486,-0.0037508099821985737,0.009202849774768485,0.7373976861113033,-0.29301740943802,0.6085930087373067,0.9901291831965912,0.07930162550662628,0.11556579413675062,-0.11519690449062567,-0.009226373623232928,0.9932998274567162,0.0798365441275403,-0.996807968578588,0.0,38.99373715266166,-23.878220139725407,0.21479405939741092,221.66743669389462,NONE
0.0021899889688938856,0.06569966906681657,-7.2803969830811495,-3.356611446629155,-9.501541349364432,-7.503637597261565,-3.522140556662843,-9.61695124203758,-8.170051161605558,-3.003782357009447,-10.235372505519411,-6.473390387383255,-3.676663225568084,-8.835882043264256,-0.0011104798165937565,-0.0037425364655280183,0.009206532578018763,0.7376785974879582,-0.29255689937332036,0.6084741140239806,0.9901291831965912,0.07930162550662628,0.11556579413675062,-0.11519690449062567,-0.009226373623232928,0.9932998274567162,0.0798365441275403,-0.996807968578588,0.0,38.966328646330055,-23.90337624571118,0.21701082718755416,221.68707954508554,NONE
0.0021999890450388193,0.06599967135116458,-7.278321534448909,-3.3557670574289444,-9.500719073487433,-7.503637597261565,-3.522140556662843,-9.61695124203758,-8.168139255638664,-3.0034269002273817,-10.23458685876719,-6.471166588962076,-3.6753753250622236,-8.835026541055043,-0.001107883960584562,-0.003734254854362208,0.009210207379520758,0.737814202902864,-0.2921514890586268,0.6085044859618036,0.9901291831965912,0.07930162550662628,0.11556579413675062,-0.11519690449062567,-0.009226373623232928,0.9932998274567162,0.0798365441275403,-0.996807968578588,0.0,38.950844047469126,-23.933685476069748,0.21922777784742387,221.7066871147471,NONE
0.0022099888883531094,0.06629966665059328,-7.276230081969547,-3.3549059491258744,-9.499995148999604,-7.256074061067632,-3.5023126481742097,-9.58805614719027,-8.166162322002581,-3.0029914941323828,-10.233928329955463,-6.468971256273877,-3.674128061668772,-8.834243296054572,-0.0011053018742109746,-0.0037259655636373134,0.009213873994980535,0.73790915901248,-0.2917985076245169,0.6085587103916921,0.9783810176486952,-0.05084982866417835,0.20046166523684114,-0.2001914651230658,0.010404639417476854,0.9797015467837502,-0.0519033871398005,-0.9986521107990591,0.0,30.81935108363216,-28.17279290855491,0.2195411686576385,214.53492620418382,NONE
0.002219988964498043,0.06659966893494129,-7.27412872021799,-3.354034439812291,-9.499332378877314,-7.256074061067632,-3.5023126481742097,-9.58805614719027,-8.164078543338523,-3.0024813334593716,-10.233417398022176,-6.466853944878148,-3.672928772479224,-8.83344279329081,-0.0011027334462048138,-0.003717668236905878,0.009217532582235047,0.7379237384610322,-0.29149888653037065,0.6086846107527676,0.9783810176486952,-0.05084982866417835,0.20046166523684114,-0.2001914651230658,0.010404639417476854,0.9797015467837502,-0.0519033871398005,-0.9986521107990591,0.0,30.8166371477956,-28.20878872304999,0.2195411686576385,214.14586043237756,NONE
0.002229988807812333,0.06689966423437,-7.272013932520198,-3.353149042616475,-9.498750868512305,-7.256074061067632,-3.5023126481742097,-9.58805614719027,-8.161910842647497,-3.001894272905104,-10.233042817053525,-6.464787154633262,-3.671772753683151,-8.832673576970235,-0.0011001788054829298,-0.003709363289900059,0.009221182957810322,0.7378798643540156,-0.2912515133817596,0.6088561913405613,0.9783810176486952,-0.05084982866417835,0.20046166523684114,-0.2001914651230658,0.010404639417476854,0.9797015467837502,-0.0519033871398005,-0.9986521107990591,0.0,30.818997954813508,-28.242500180606033,0.2195411686576385,213.92455689862047,SLIDING
0.002239988883957267,0.067199666518718,-7.2698868662655824,-3.3522511582475785,-9.498241099787863,-7.256074061067632,-3.5023126481742097,-9.58805614719027,-8.159649015688643,-3.0012324857662076,-10.232809203243926,-6.462782330008919,-3.6706607051744844,-8.831913307722003,-0.0010976378419703817,-0.0037010503654906195,0.009224825278837525,0.737768124208576,-0.29105574756881597,0.6090851719660535,0.9783810176486952,-0.05084982866417835,0.20046166523684114,-0.2001914651230658,0.010404639417476854,0.9797015467837502,-0.0519033871398005,-0.9986521107990591,0.0,30.8272030607937,-28.274663835390523,0.2195411686576385,213.64069008336782,SLIDING
0.002249988727271557,0.0674996618181467,-7.267746746593761,-3.3513404588800553,-9.49780206687561,-7.256074061067632,-3.5023126481742097,-9.58805614719027,-8.157292999748853,-3.0004978504098756,-10.232715678922048,-6.460838050154909,-3.6695902978870456,-8.831160863466291,-0.0010951106831947853,-0.0036927298801995474,0.00922845936266518,0.7375891085191056,-0.29090975977268263,0.609371658893808,0.9783810176486952,-0.05084982866417835,0.20046166523684114,-0.2001914651230658,0.010404639417476854,0.9797015467837502,-0.0519033871398005,-0.9986521107990591,0.0,30.84119170770751,-28.305445330104515,0.2195411686576385,213.4707066813315,SLIDING
0.0022599888034164906,0.06779966410249472,-7.265593469196605,-3.35041700411855,-9.497432678265485,-7.256074061067632,-3.5023126481742097,-9.58805614719027,-8.154841838374848,-2.9996911880030623,-10.232762420228589,-6.458954983745205,-3.668560900611203,-8.830414002805203,-0.0010925972202760934,-0.0036844014762211163,0.009232085365716455,0.7373421107085404,-0.29081291852527863,0.6097167032275598,0.9783810176486952,-0.05084982866417835,0.20046166523684114,-0.2001914651230658,0.010404639417476854,0.9797015467837502,-0.0519033871398005,-0.9986521107990591,0.0,30.861014073346585,-28.334953210129697,0.22067022446013596,213.29377305537216,SLIDING
0.0022699886467307806,0.06809965940192342,-7.263427108579921,-3.349480853567708,-9.497132892979296,-7.256074061067632,-3.5023126481742097,-9.58805614719027,-8.15229535787012,-2.9988126183783246,-10.232949523550056,-6.457133430430293,-3.667572518318776,-8.829672560156824,-0.0010900975793511998,-0.0036760655708611974,0.00923570310616487,0.7370269249738378,-0.29076517388715284,0.6101204188666223,0.9783810176486952,-0.05084982866417835,0.20046166523684114,-0.2001914651230658,0.010404639417476854,0.9797015467837502,-0.0519033871398005,-0.9986521107990591,0.0,30.886680243257786,-28.363186842296283,0.22280224292745032,213.11064348023876,SLIDING
0.0022799884900450706,0.06839965470135212,-7.261247724348354,-3.3485320966344956,-9.496902733368787,-7.256074061067632,-3.5023126481742097,-9.58805614719027,-8.14965341454411,-2.9978622779463304,-10.233277025071436,-6.455373634224193,-3.6666251977796054,-8.828936545324744,-0.0010876117105315818,-0.0036677219999566033,0.009239312655730636,0.7366433827477897,-0.2907664868840327,0.6105828172811701,0.9783810176486952,-0.05084982866417835,0.20046166523684114,-0.2001914651230658,0.010404639417476854,0.9797015467837502,-0.0519033871398005,-0.9986521107990591,0.0,30.918195459646412,-28.390140091326362,0.2249324051410735,212.921329944668,SLIDING
0.0022899885661900043,0.06869965698570013,-7.25905540590887,-3.347570792923558,-9.496742203159245,-7.256074061067632,-3.5023126481742097,-9.58805614719027,-8.146915829418482,-2.9968402938490177,-10.233744967723817,-6.453675927986567,-3.6657189373351597,-8.828205926470613,-0.0010851395651753392,-0.003659370598649584,0.009242914085392712,0.736191261492137,-0.29081680151571404,0.6111039309796541,0.9783810176486952,-0.05084982866417835,0.20046166523684114,-0.2001914651230658,0.010404639417476854,0.9797015467837502,-0.0519033871398005,-0.9986521107990591,0.0,30.95556747602731,-28.415811249563497,0.2270606259110366,212.72603250397398,SLIDING
0.0022999884095042944,0.06899965228512883,-7.256850183063793,-3.346597061644185,-9.496651291174802,-7.256074061067632,-3.5023126481742097,-9.58805614719027,-8.14408237657217,-2.995746828718474,-10.234353289579206,-6.452040573486797,-3.6648538168058464,-8.827480738455884,-0.0010826812673295039,-0.0036510117854102997,0.009246507214567401,0.7356703491675535,-0.29091608177711864,0.6116837178797053,0.9783810176486952,-0.05084982866417835,0.20046166523684114,-0.2001914651230658,0.010404639417476854,0.9797015467837502,-0.0519033871398005,-0.9986521107990591,0.0,30.998801443503464,-28.44019392270228,0.22918688438141643,212.52497231557712,SLIDING
0.002309988485649228,0.06929965456947684,-7.25463216012125,-3.345610962401021,-9.496629986239585,-7.256074061067632,-3.5023126481742097,-9.58805614719027,-8.141152791047203,-2.994582000917331,-10.235102009226168,-6.450468009994824,-3.6640298424968534,-8.826760943105326,-0.001080236711107859,-0.0036426452007646127,0.009250092197897712,0.735080339587991,-0.2910642789476184,0.6123222026612355,0.9783810176486952,-0.05084982866417835,0.20046166523684114,-0.2001914651230658,0.010404639417476854,0.9797015467837502,-0.0519033871398005,-0.9986521107990591,0.0,31.047908332813783,-28.463288407809248,0.23131108377033982,212.3184980109316,SLIDING
0.002319988328963518,0.06959964986890554,-7.252401366883563,-3.344612644205678,-9.496678247375401,-7.256074061067632,-3.5023126481742097,-9.58805614719027,-8.138126756956064,-2.9933460167020716,-10.23599102244068,-6.448958580888727,-3.6632471114928884,-8.826046556811127,-0.001077806019161949,-0.003634271263951516,0.009253668855631496,0.7344209461162335,-0.2912613455612247,0.613019332882415,0.9783810176486952,-0.05084982866417835,0.20046166523684114,-0.2001914651230658,0.010404639417476854,0.9797015467837502,-0.0519033871398005,-0.9986521107990591,0.0,31.102895668617556,-28.485091963978793,0.23343321071155287,212.10709015715702,SLIDING
0.002329988405108452,0.06989965215325356,-7.250157892757701,-3.343602196465123,-9.496796029878768,-7.256074061067632,-3.5023126481742097,-9.58805614719027,-8.135003917835379,-2.992038994095633,-10.237020263631965,-6.447512780025104,-3.6625056872433306,-8.825337553816698,-0.0010753890868058578,-0.0036258896148385652,0.00925723734169566,0.7336917990479456,-0.29150725789030335,0.6137750912240293,0.9783810176486952,-0.05084982866417835,0.20046166523684114,-0.2001914651230658,0.010404639417476854,0.9797015467837502,-0.0519033871398005,-0.9986521107990591,0.0,31.16377604711403,-28.505603223226714,0.23555319123864038,211.89135486343798,SLIDING
0.002339988248422742,0.07019964745268226,-7.247901782447147,-3.3425797681909684,-9.496983262969168,-7.256074061067632,-3.5023126481742097,-9.58805614719027,-8.131783878160066,-2.9906611064881004,-10.238189567593574,-6.446131051439409,-3.661805696646043,-8.824633948995427,-0.0010729860352938511,-0.003617500673427318,0.009260797477172462,0.7328925333568073,-0.29180199572084464,0.6145893993904983,0.9783810176486952,-0.05084982866417835,0.20046166523684114,-0.2001914651230658,0.010404639417476854,0.9797015467837502,-0.0519033871398005,-0.9986521107990591,0.0,31.23055983901455,-28.524818535601966,0.2376710033805587,211.6720945340583,SLIDING
0.0023499883245676756,0.07049964973703027,-7.245633095556545,-3.3415454785925034,-9.497239868415507,-7.256074061067632,-3.5023126481742097,-9.58805614719027,-8.12846618135038,-2.98921248546709,-10.239498781581654,-6.444813922967897,-3.6611472476819173,-8.823935731706845,-0.0010705967611418321,-0.003609104078932417,0.009264349415270667,0.7320227210358616,-0.29214554878905546,0.6154621955977432,0.9783810176486952,-0.05084982866417835,0.20046166523684114,-0.2001914651230658,0.010404639417476854,0.9797015467837502,-0.0519033871398005,-0.9986521107990591,0.0,31.303260752069313,-28.542735863161383,0.23978661056535877,211.45042630117172,SLIDING
0.0023599881678819656,0.07079964503645897,-7.24335189169054,-3.340499536285985,-9.497565738184365,-7.256074061067632,-3.5023126481742097,-9.58805614719027,-8.125050374562704,-2.987693339298652,-10.240947646936402,-6.443561919057771,-3.660530549284882,-8.823242930550943,-0.0010682213842049964,-0.0036007002521118415,0.009267892977909241,0.7310819371760584,-0.29253791738531754,0.6163933549501999,0.9783810176486952,-0.05084982866417835,0.20046166523684114,-0.2001914651230658,0.010404639417476854,0.9797015467837502,-0.0519033871398005,-0.9986521107990591,0.0,31.381890426365484,-28.559350133444,0.24189998674165025,211.22780585115407,SLIDING
0.0023699882440268993,0.07109964732080698,-7.241058185750293,-3.339442120085347,-9.497960741890582,-7.256074061067632,-3.5023126481742097,-9.58805614719027,-8.12153584651891,-2.9861038142671608,-10.242535936293756,-6.442375622618339,-3.659955809776485,-8.822555503112268,-0.00106585980220269,-0.003592288831532498,0.009271428317576488,0.7300696625654653,-0.2929791284823149,0.6173827970354299,0.9783810176486952,-0.05084982866417835,0.20046166523684114,-0.2001914651230658,0.010404639417476854,0.9797015467837502,-0.0519033871398005,-0.9986521107990591,0.0,31.466466450441256,-28.57465794015413,0.2440111525603026,211.00628452679925,SLIDING
0.0023799880873411894,0.07139964262023568,-7.2387520224392885,-3.3383734386068467,-9.498424715621384,-7.256074061067632,-3.5023126481742097,-9.58805614719027,-8.117922079013896,-2.984444041271332,-10.244263225565653,-6.441255588968276,-3.659423308270675,-8.821873521483424,-0.0010635121335894019,-0.0035838702387029496,0.00927495525703104,0.7289854304546172,-0.29346924652145356,0.6184303061227084,0.9783810176486952,-0.05084982866417835,0.20046166523684114,-0.2001914651230658,0.010404639417476854,0.9797015467837502,-0.0519033871398005,-0.9986521107990591,0.0,31.55700044361817,-28.58864623854143,0.2461201077506061,210.78872546024718,SLIDING
0.002389988163486123,0.07169964490458369,-7.236433371955203,-3.337293730269063,-9.498957454485806,-7.256074061067632,-3.5023126481742097,-9.58805614719027,-8.11420837170376,-2.982714132561864,-10.246129086908898,-6.440202396554497,-3.6589333976330995,-8.821196983013738,-0.0010611782772891667,-0.0035754441115474936,0.009278473948038381,0.7278286848475058,-0.2940083761179286,0.619535697345721,0.9783810176486952,-0.05084982866417835,0.20046166523684114,-0.2001914651230658,0.010404639417476854,0.9797015467837502,-0.0519033871398005,-0.9986521107990591,0.0,31.653509607361862,-28.601301712437486,0.24822693466691526,210.5792327468581,SLIDING
0.002399988006800413,0.0719996402040124,-7.234102219396877,-3.3362033526998642,-9.499558708889397,-7.256074061067632,-3.5023126481742097,-9.58805614719027,-8.11039406951603,-2.9809142987671353,-10.24813293444215,-6.43921661117617,-3.6584865688350776,-8.820525943155086,-0.0010588583503540702,-0.003567010872318961,0.009281984214199145,0.7265988949303733,-0.29459663915997497,0.6206986918639411,0.9783810176486952,-0.05084982866417835,0.20046166523684114,-0.2001914651230658,0.010404639417476854,0.9797015467837502,-0.0519033871398005,-0.9986521107990591,0.0,31.756007303483848,-28.612605838564154,0.25033171610767724,210.38398409704774,SLIDING
0.002409987850114703,0.0722996355034411,-7.231758430653858,-3.3351026039224747,-9.50022813983074,-7.256074061067632,-3.5023126481742097,-9.58805614719027,-8.106478372831951,-2.9790445887874206,-10.250274006565306,-6.438298702406389,-3.658083345879622,-8.819860446245933,-0.0010565523064795814,-0.003558570354895181,0.009285486125094156,0.7252955088806792,-0.2952342422140005,0.6219189392692921,0.9783810176486952,-0.05084982866417835,0.20046166523684114,-0.2001914651230658,0.010404639417476854,0.9797015467837502,-0.0519033871398005,-0.9986521107990591,0.0,31.86450714567542,-28.62253000030885,0.2524346663952315,210.2124602855122,SLIDING
0.002419987926259637,0.0725996377877891,-7.229401826912212,-3.333991990576375,-9.500965311450871,-7.256074061067632,-3.5023126481742097,-9.58805614719027,-8.10246044961546,-2.9771052121183392,-10.252551339977824,-6.437449083969959,-3.6577245049458402,-8.819200534870332,-0.001054260100617888,-0.003550122392494873,0.009288979749548036,0.7239179850632615,-0.29592143166413093,0.6231960022206487,0.9783810176486952,-0.05084982866417835,0.20046166523684114,-0.2001914651230658,0.010404639417476854,0.9797015467837502,-0.0519033871398005,-0.9986521107990591,0.0,31.979020268719722,-28.631038967453122,0.2545360736132789,210.07994057820048,SLIDING
0.002429987769573927,0.07289963308721781,-7.227032035642909,-3.332871989498723,-9.501769590450438,-7.256074061067632,-3.5023126481742097,-9.58805614719027,-8.098339443455057,-2.975096314640968,-10.254963494543746,-6.436667822268345,-3.657410823081633,-8.818546307611587,-0.001051981847714292,-0.0035416674084760547,0.009292464912429252,0.7224659222550924,-0.29665848193072397,0.6245292117096342,0.9783810176486952,-0.05084982866417835,0.20046166523684114,-0.2001914651230658,0.010404639417476854,0.9797015467837502,-0.0519033871398005,-0.9986521107990591,0.0,32.09954482151412,-28.638083992811534,0.25663645343648334,210.01171752197357,SLIDING
0.0024399878457188606,0.07319963537156582,-7.22464843099718,-3.3317431967359665,-9.502640052957448,-7.256074061067632,-3.5023126481742097,-9.58805614719027,-8.094114338366598,-2.9730183631222595,-10.257508663553132,-6.435954645345136,-3.657143013603065,-8.81789764142129,-0.0010497174497111612,-0.0035332050391795725,0.009295941763687008,0.7209389969658534,-0.2974455002090458,0.6259178357094962,0.9783810176486952,-0.05084982866417835,0.20046166523684114,-0.2001914651230658,0.010404639417476854,0.9797015467837502,-0.0519033871398005,-0.9986521107990591,0.0,32.2260702194374,-28.643630514650955,0.2587366336931787,210.0482007537268,SLIDING
0.0024499876890331507,0.07349963067099452,-7.222360134178447,-3.3312985758882645,-9.502763442022713,-7.256074061067632,-3.5023126481742097,-9.58805614719027,-8.09108483982139,-2.9726171996112165,-10.258505557898989,-6.434338693687531,-3.656658972542249,-8.817228672579594,-0.0010474670201470267,-0.0035247357086925497,0.009299410129038172,0.7203244113625472,-0.29740946649175337,0.6266421240519111,0.9783810176486952,-0.05084982866417835,0.20046166523684114,-0.2001914651230658,0.010404639417476854,0.9797015467837502,-0.0519033871398005,-0.9986521107990591,0.0,32.275239620225555,-28.68752878442597,0.2609281161919519,231.83943855641462,NONE
0.0024599877651780844,0.07379963295534253,-7.2202340812027925,-3.3318702440363053,-9.501726563347491,-7.256074061067632,-3.5023126481742097,-9.58805614719027,-8.089886118393851,-2.974737562355834,-10.25713550655423,-6.431371456919574,-3.655825817575501,-8.816494015316145,-0.0010452304621742714,-0.003516259052731797,0.00930287015770152,0.721093331075773,-0.29612532835637695,0.626365865755689,0.9783810176486952,-0.05084982866417835,0.20046166523684114,-0.2001914651230658,0.010404639417476854,0.9797015467837502,-0.0519033871398005,-0.9986521107990591,0.0,32.20740451377433,-28.790252788822865,0.2632451297191132,231.55797142724214,SLIDING
0.0024699876084923744,0.07409962825477123,-7.218095377141284,-3.332427160034764,-9.500764115972432,-7.256074061067632,-3.5023126481742097,-9.58805614719027,-8.088594072850313,-2.9767939709319187,-10.255905258520622,-6.428464747688419,-3.655022541681925,-8.815774490306875,-0.0010430078879230752,-0.0035077754961073166,0.009306321676244868,0.721795358766041,-0.29488198728261145,0.6261438122668467,0.9783810176486952,-0.05084982866417835,0.20046166523684114,-0.2001914651230658,0.010404639417476854,0.9797015467837502,-0.0519033871398005,-0.9986521107990591,0.0,32.14509618765053,-28.89263118779572,0.2655588500618702,231.2681400930521,SLIDING
0.002479987684637308,0.07439963053911924,-7.215944096499729,-3.3329703669649247,-9.499869725925835,-7.256074061067632,-3.5023126481742097,-9.58805614719027,-8.087202629459096,-2.97878806969968,-10.254816451623066,-6.425624217575009,-3.654249642521818,-8.815056456067767,-0.001040799201756956,-0.0034992846739171544,0.009309764833154627,0.7224253964713427,-0.2936789447052775,0.6259826067631737,0.9783810176486952,-0.05084982866417835,0.20046166523684114,-0.2001914651230658,0.010404639417476854,0.9797015467837502,-0.0519033871398005,-0.9986521107990591,0.0,32.08874035376083,-28.995029045595867,0.26787053510264336,231.08763675849684,SLIDING
0.002489987527951598,0.07469962583854795,-7.213779762440967,-3.3334997456174973,-9.499043691230925,-7.256074061067632,-3.5023126481742097,-9.58805614719027,-8.085713095238509,-2.9807203847551684,-10.253868224018317,-6.422847771604307,-3.6535064155284807,-8.8143412627386,-0.001038604514396291,-0.0034907870116880793,0.009313199455851889,0.7229849233192182,-0.29251566555361397,0.6258812875129204,0.9783810176486952,-0.05084982866417835,0.20046166523684114,-0.2001914651230658,0.010404639417476854,0.9797015467837502,-0.0519033871398005,-0.9986521107990591,0.0,32.03823245972209,-29.09739018303343,0.27018058556585167,230.9339755122265,SLIDING
0.002499987604096532,0.07499962812289596,-7.211602315360355,-3.334015355597127,-9.498285728765639,-7.256074061067632,-3.5023126481742097,-9.58805614719027,-8.084125249543685,-2.982591059278428,-10.253061048230036,-6.4201354962514845,-3.6527928444951914,-8.813627941749981,-0.0010364237314173011,-0.0034822821439046206,0.009316625692088283,0.7234738057792183,-0.2913920805290275,0.6258404810782844,0.9783810176486952,-0.05084982866417835,0.20046166523684114,-0.2001914651230658,0.010404639417476854,0.9797015467837502,-0.0519033871398005,-0.9986521107990591,0.0,31.99359812879558,-29.199704013009782,0.27248911955355837,230.76951272800184,SLIDING
0.002509987447410822,0.07529962342232466,-7.209411785060214,-3.3345170478922013,-9.497596285564812,-7.256074061067632,-3.5023126481742097,-9.58805614719027,-8.082439983283173,-2.9843999884295553,-10.252394867553658,-6.417486640208161,-3.652108740342118,-8.812917397079488,-0.001034256962128822,-0.003473770496804163,0.00932004337014108,0.7238927578587003,-0.2903081530054621,0.6258597697713781,0.9783810176486952,-0.05084982866417835,0.20046166523684114,-0.2001914651230658,0.010404639417476854,0.9797015467837502,-0.0519033871398005,-0.9986521107990591,0.0,31.95479296450939,-29.301899029585826,0.27479601071716964,230.61336142873694,SLIDING
0.002519987290725112,0.07559961872175336,-7.207208141738223,-3.335004911909688,-9.49697517536393,-7.256074061067632,-3.5023126481742097,-9.58805614719027,-8.080657197583863,-2.9861474126576786,-10.251870056555717,-6.414901236326223,-3.6514540554656643,-8.812208933731945,-0.001032104163281237,-0.0034652519026865704,0.00932345255774734,0.7242417222859304,-0.2892637577426025,0.6259396186190312,0.9783810176486952,-0.05084982866417835,0.20046166523684114,-0.2001914651230658,0.010404639417476854,0.9797015467837502,-0.0519033871398005,-0.9986521107990591,0.0,31.921832610074258,-29.40396106784939,0.2771013300999403,230.4546488402931,SLIDING
0.0025299873668700457,0.07589962100610137,-7.204991295987415,-3.335478828440297,-9.496422506196412,-7.256074061067632,-3.5023126481742097,-9.58805614719027,-8.078777271471996,-2.9878333778301354,-10.25148660897715,-6.41237877028226,-3.650828520915293,-8.811502763415648,-0.0010299652928896464,-0.0034567261932228815,0.009326853321875562,0.7245210874737988,-0.28825875786311206,0.6260799328528266,0.9783810176486952,-0.05084982866417835,0.20046166523684114,-0.2001914651230658,0.010404639417476854,0.9797015467837502,-0.0519033871398005,-0.9986521107990591,0.0,31.89469486075041,-29.505846340725835,0.27940513745761386,230.3088234709998,SLIDING
0.0025399872101843357,0.07619961630553007,-7.202761605435657,-3.3359393041235093,-9.495936098767432,-7.256074061067632,-3.5023126481742097,-9.58805614719027,-8.076797947771142,-2.989458332669455,-10.251245636830223,-6.409921971596914,-3.650232695867034,-8.81079372128634,-0.0010278404581426713,-0.003448193795704861,0.009330245492091487,0.724728685293143,-0.2872932013902519,0.6262834415408189,0.9783810176486952,-0.05084982866417835,0.20046166523684114,-0.2001914651230658,0.010404639417476854,0.9797015467837502,-0.0519033871398005,-0.9986521107990591,0.0,31.873563553121354,-29.607648744187948,0.2817075455214777,230.20471690703633,NONE
0.0025499872863292694,0.07649961858987808,-7.2005255669892305,-3.3363934021097306,-9.495481441987666,-7.256074061067632,-3.5023126481742097,-9.58805614719027,-8.074679312894101,-2.9910248398512893,-10.251164493481866,-6.407579436202416,-3.6496777258584716,-8.810000249931194,-0.0010257295676540756,-0.003439654343106417,0.009333629214300728,0.724826033344211,-0.2863708200031227,0.6265931493698569,0.9783810176486952,-0.05084982866417835,0.20046166523684114,-0.2001914651230658,0.010404639417476854,0.9797015467837502,-0.0519033871398005,-0.9986521107990591,0.0,31.86157984413282,-29.711312037946847,0.2840094751521729,230.07920974910738,SLIDING
0.0025599871296435595,0.07679961388930678,-7.198275223428058,-3.336833284388173,-9.495100326163682,-7.256074061067632,-3.5023126481742097,-9.58805614719027,-8.072469683820064,-2.9925288142508095,-10.251221723066934,-6.4052921604709105,-3.6491523686305203,-8.80922151035088,-0.0010236327271969945,-0.003431108263414511,0.0093370043189311,0.7248597927605012,-0.28548850190422204,0.6269566142243708,0.9783810176486952,-0.05084982866417835,0.20046166523684114,-0.2001914651230658,0.010404639417476854,0.9797015467837502,-0.0519033871398005,-0.9986521107990591,0.0,31.85495551355435,-29.8141996943857,0.28630993562682683,229.96729874009998,SLIDING
0.002569987205788493,0.0770996161736548,-7.19601108139162,-3.33725936819135,-9.494790240449818,-7.256074061067632,-3.5023126481742097,-9.58805614719027,-8.070166235663827,-2.993970624009207,-10.251418745046854,-6.403063673072752,-3.6486570859465033,-8.808451426512477,-0.0010215498466026392,-0.0034225551890082807,0.009340370951145961,0.7248272011265543,-0.2846462877988246,0.6273770950149473,0.9783810176486952,-0.05084982866417835,0.20046166523684114,-0.2001914651230658,0.010404639417476854,0.9797015467837502,-0.0519033871398005,-0.9986521107990591,0.0,31.8539158229625,-29.916437533752404,0.2886089558034932,229.833403462797,SLIDING
0.002579987049102783,0.0773996114730835,-7.193733379298496,-3.3376718919378403,-9.494549929423245,-7.256074061067632,-3.5023126481742097,-9.58805614719027,-8.067767535850962,-2.995350614778573,-10.251756325312261,-6.4008957281867,-3.6481920189533246,-8.807686909456772,-0.0010194810302271476,-0.0034139955485635114,0.0093437289422378,0.7247268728975053,-0.28384408877163103,0.6278562677632562,0.9783810176486952,-0.05084982866417835,0.20046166523684114,-0.2001914651230658,0.010404639417476854,0.9797015467837502,-0.0519033871398005,-0.9986521107990591,0.0,31.85857243236583,-30.018076439749937,0.29090656620565625,229.69050812067783,SLIDING
0.002589987125247717,0.07769961375743151,-7.191442146951007,-3.338070825825322,-9.494379340929898,-7.256074061067632,-3.5023126481742097,-9.58805614719027,-8.065273586101439,-2.996668994753742,-10.252234535069796,-6.398788381088618,-3.647756921961096,-8.80692779512903,-0.0010174261891204345,-0.0034054289738697763,0.009347078436625758,0.7245587847881833,-0.2830817074814583,0.6283942347568549,0.9783810176486952,-0.05084982866417835,0.20046166523684114,-0.2001914651230658,0.010404639417476854,0.9797015467837502,-0.0519033871398005,-0.9986521107990591,0.0,31.86892444361342,-30.119092420161024,0.29320274661473533,229.5468996160951,SLIDING
0.002599986968562007,0.07799960905686021,-7.189137414151477,-3.3384561400514725,-9.494278437716874,-7.256074061067632,-3.5023126481742097,-9.58805614719027,-8.062684272789685,-2.9979260021884033,-10.25285354972744,-6.396741791684484,-3.6473515220134995,-8.80617385337135,-0.0010153854262201602,-0.0033968558942857044,0.00935041926646925,0.7243228178718266,-0.2823589216630853,0.6289911723287352,0.9783810176486952,-0.05084982866417835,0.20046166523684114,-0.2001914651230658,0.010404639417476854,0.9797015467837502,-0.0519033871398005,-0.9986521107990591,0.0,31.884976906439633,-30.219468639435625,0.2954974738250389,229.4027537922747,SLIDING
0.0026099870447069407,0.07829961134120822,-7.186819151097583,-3.338827834616292,-9.49424717508069,-7.256074061067632,-3.5023126481742097,-9.58805614719027,-8.059999585908606,-2.999121949321494,-10.253613311638592,-6.394755912215691,-3.64697553587814,-8.805425051220972,-0.0010133586537960958,-0.003388275941016603,0.009353751575441115,0.7240189885621371,-0.28167547241593305,0.6296470697467916,0.9783810176486952,-0.05084982866417835,0.20046166523684114,-0.2001914651230658,0.010404639417476854,0.9797015467837502,-0.0519033871398005,-0.9986521107990591,0.0,31.906722043906445,-30.3191825521156,0.29779078595593056,229.25809935136445,SLIDING
0.0026199868880212307,0.07859960664063692,-7.18448741739397,-3.3391858797174576,-9.49428549714199,-7.256074061067632,-3.5023126481742097,-9.58805614719027,-8.057219390860066,-3.0002571007325853,-10.25451393311197,-6.392830978448512,-3.646628666718454,-8.804681180234894,-0.001011345973366,-0.003379689544097724,0.009357075196570171,0.7236471358311111,-0.28103111564603,0.6303620664682937,0.9783810176486952,-0.05084982866417835,0.20046166523684114,-0.2001914651230658,0.010404639417476854,0.9797015467837502,-0.0519033871398005,-0.9986521107990591,0.0,31.934164837863786,-30.418219180056127,0.3000826343775831,229.11294466090771,SLIDING
0.0026299869641661644,0.07889960892498493,-7.18214224284296,-3.339530215750325,-9.49439333684555,-7.256074061067632,-3.5023126481742097,-9.58805614719027,-8.054343636537011,-3.0013317382690006,-10.255555348679453,-6.390967093578279,-3.6463105451982205,-8.803942171918225,-0.0010093472984210104,-0.003371096334155448,0.009360390272780855,0.7232071925907525,-0.2804255682300957,0.6311361638092295,0.9783810176486952,-0.05084982866417835,0.20046166523684114,-0.2001914651230658,0.010404639417476854,0.9797015467837502,-0.0519033871398005,-0.9986521107990591,0.0,31.967300802589623,-30.516560809110626,0.3023730003430831,228.9672990915426,SLIDING
0.0026399868074804544,0.07919960422441363,-7.179783567839908,-3.339860842714894,-9.494570612234982,-7.256074061067632,-3.5023126481742097,-9.58805614719027,-8.051371968532933,-3.0023462082166974,-10.25673766798358,-6.389164465415545,-3.6460208572009454,-8.803207770514918,-0.001007362729057406,-0.003362496741895416,0.009363696637973897,0.7226989143988647,-0.2798585430366295,0.631969520638549,0.9783810176486952,-0.05084982866417835,0.20046166523684114,-0.2001914651230658,0.010404639417476854,0.9797015467837502,-0.0519033871398005,-0.9986521107990591,0.0,32.00613812565609,-30.614199413571868,0.3046619585976007,228.82117531876568,SLIDING
0.0026499866507947445,0.07949959952384233,-7.177411511594104,-3.34017770100652,-9.494817233903321,-7.256074061067632,-3.5023126481742097,-9.58805614719027,-8.04830432826794,-3.0033008290721384,-10.258060815345827,-6.3874233744424265,-3.6457592001459216,-8.802477874164916,-0.0010053922256603736,-0.003353890597847876,0.009366994357669123,0.7221221538371801,-0.2793297265538189,0.6328621483395265,0.9783810176486952,-0.05084982866417835,0.20046166523684114,-0.2001914651230658,0.010404639417476854,0.9797015467837502,-0.0519033871398005,-0.9986521107990591,0.0,32.05067534237228,-30.711122613196537,0.3069494074008112,228.6745724574285,SLIDING
0.002659986726939678,0.07979960180819035,-7.1750260145009035,-3.340480790625203,-9.495133104993018,-7.256074061067632,-3.5023126481742097,-9.58805614719027,-8.045140354887192,-3.0041960091268174,-10.259524804305801,-6.385744034318766,-3.6455252036713417,-8.801752285869249,-0.001003435749888456,-0.003345277731950352,0.009370283496603668,0.7214766611167065,-0.2788387802367497,0.6338141384506746,0.9783810176486952,-0.05084982866417835,0.20046166523684114,-0.2001914651230658,0.010404639417476854,0.9797015467837502,-0.0519033871398005,-0.9986521107990591,0.0,32.100917502167924,-30.80732559411212,0.30923542448499397,228.52753712792116,SLIDING
0.0026699865702539682,0.08009959710761905,-7.172627165967273,-3.3407700221639756,-9.495518102569493,-7.256074061067632,-3.5023126481742097,-9.58805614719027,-8.041879858627341,-3.0050320663888876,-10.261129538577832,-6.384126787687327,-3.645318408803392,-8.801030858520074,-0.0010014933997030723,-0.0033366585759022544,0.009373563889990572,0.7207622047565283,-0.27838536626717597,0.63482551306859,0.9783810176486952,-0.05084982866417835,0.20046166523684114,-0.2001914651230658,0.010404639417476854,0.9797015467837502,-0.0519033871398005,-0.9986521107990591,0.0,32.15686650392716,-30.902800806351895,0.31151994247341186,228.3801046922074,SLIDING
0.002679986646398902,0.08039959939196706,-7.170214965993213,-3.3410454254251603,-9.495972111148747,-7.256074061067632,-3.5023126481742097,-9.58805614719027,-8.038522436271947,-3.0058094990867206,-10.262875038735883,-6.382572000306331,-3.6451384204344475,-8.800313353215016,-0.0009995650916539702,-0.0033280327589063946,0.009376835678874056,0.7199784504198332,-0.27796909623814203,0.6358963850090728,0.9783810176486952,-0.05084982866417835,0.20046166523684114,-0.2001914651230658,0.010404639417476854,0.9797015467837502,-0.0519033871398005,-0.9986521107990591,0.0,32.218530692110605,-30.997551161917436,0.3138029860316198,228.2322828644868,SLIDING
0.002689986489713192,0.08069959469139576,-7.167789444381046,-3.3413068811994675,-9.496494977993878,-7.256074061067632,-3.5023126481742097,-9.58805614719027,-8.035067830308797,-3.0065286813706473,-10.264761108845352,-6.381079962601529,-3.6449846718279906,-8.799599656401869,-0.000997650922277447,-0.003319400713316794,0.009380098699345021,0.7191251598727253,-0.27758956106841004,0.6370267184536884,0.9783810176486952,-0.05084982866417835,0.20046166523684114,-0.2001914651230658,0.010404639417476854,0.9797015467837502,-0.0519033871398005,-0.9986521107990591,0.0,32.285908905530846,-31.091574774695847,0.3160845505577168,228.08413015122957,SLIDING
0.0026999865658581257,0.08099959697574377,-7.165350630933093,-3.3415543894868973,-9.497086561543854,-7.256074061067632,-3.5023126481742097,-9.58805614719027,-8.031515519655452,-3.0071901373840353,-10.266787816610938,-6.379651204083609,-3.644856687532812,-8.798889436694356,-0.000995750809348831,-0.0033107620677761927,0.009383353091692056,0.7182018763355842,-0.27724632615164213,0.6382166869202525,0.9783810176486952,-0.05084982866417835,0.20046166523684114,-0.2001914651230658,0.010404639417476854,0.9797015467837502,-0.0519033871398005,-0.9986521107990591,0.0,32.35901586890841,-31.184883869048598,0.3183646352712337,227.93573935924758,SLIDING
0.0027099864091724157,0.08129959227517247,-7.162898555451679,-3.341787890682805,-9.497746686710032,-7.256074061067632,-3.5023126481742097,-9.58805614719027,-8.027865140579552,-3.0077943778737244,-10.2689549786813,-6.378286111530776,-3.6447538905776082,-8.798182526498936,-0.0009938648479780533,-0.003302117255287136,0.009386598692886336,0.7172082734994681,-0.2769389185669061,0.6394662835575499,0.9783810176486952,-0.05084982866417835,0.20046166523684114,-0.2001914651230658,0.010404639417476854,0.9797015467837502,-0.0519033871398005,-0.9986521107990591,0.0,32.43785397161889,-31.277485870966345,0.32064324308181824,227.7872263260613,SLIDING
0.0027199864853173494,0.08159959455952048,-7.160433247739124,-3.3420072655779007,-9.498475170953187,-7.256074061067632,-3.5023126481742097,-9.58805614719027,-8.024116250569445,-3.008341913830727,-10.271262459446598,-6.376985143182044,-3.6446755900974823,-8.79747870070667,-0.00099199295716707,-0.0032934659039377855,0.009389835642458681,0.7161439597336523,-0.27666681576815466,0.6407755472782297,0.9783810176486952,-0.05084982866417835,0.20046166523684114,-0.2001914651230658,0.010404639417476854,0.9797015467837502,-0.0519033871398005,-0.9986521107990591,0.0,32.52242904379132,-31.369396088810348,0.3229203753617931,227.63875825565643,SLIDING
0.0027299863286316395,0.08189958985894918,-7.157954767400073,-3.34221245456754,-9.499271809382352,-7.256074061067632,-3.5023126481742097,-9.58805614719027,-8.020268314947256,-3.0088333939048266,-10.273710210560782,-6.375748897716594,-3.6446210840291697,-8.79677761242447,-0.0009901352305981789,-0.0032848084473727267,0.009393063778262854,0.7150084422742007,-0.276429430488845,0.6421446078853531,0.9783810176486952,-0.05084982866417835,0.20046166523684114,-0.2001914651230658,0.010404639417476854,0.9797015467837502,-0.0519033871398005,-0.9986521107990591,0.0,32.612753166880175,-31.460641263039815,0.32519601183700075,227.4906766219602,SLIDING
0.002739986404776573,0.0821995921432972,-7.15546314423685,-3.342403308640111,-9.50013638593069,-7.256074061067632,-3.5023126481742097,-9.58805614719027,-8.01632087268304,-3.0092694750398863,-10.276298037828571,-6.3745778501714065,-3.6445894922776785,-8.796079025745787,-0.0009882915885011867,-0.003276144513130992,0.009396283239070042,0.7138013141354933,-0.2762260944512139,0.6435734835142541,0.9783810176486952,-0.05084982866417835,0.20046166523684114,-0.2001914651230658,0.010404639417476854,0.9797015467837502,-0.0519033871398005,-0.9986521107990591,0.0,32.70882959928738,-31.55125075585455,0.3274701590853173,227.34352829831786,SLIDING
0.0027499862480908632,0.0824995874427259,-7.152958378249454,-3.342579678784001,-9.50106864355317,-7.256074061067632,-3.5023126481742097,-9.58805614719027,-8.012273253660526,-3.0096509362226302,-10.279025896148275,-6.3734726084099265,-3.64457982404276,-8.795382491371468,-0.0009864621231291397,-0.0032674745354931214,0.009399493863618878,0.7125220196741738,-0.2760560381826651,0.645062349902959,0.9783810176486952,-0.05084982866417835,0.20046166523684114,-0.2001914651230658,0.010404639417476854,0.9797015467837502,-0.0519033871398005,-0.9986521107990591,0.0,32.81067154729235,-31.6412718389957,0.32974286105720374,227.19836211189065,SLIDING
0.0027599860914051533,0.0827995827421546,-7.150440499240207,-3.342741386185277,-9.50206829912773,-7.256074061067632,-3.5023126481742097,-9.58805614719027,-8.008124962637497,-3.009978741404436,-10.281893582814357,-6.372433678503139,-3.6445908639064073,-8.794687653233508,-0.000984646797961967,-0.0032587983435733263,0.009402695715521516,0.7111701235366775,-0.2759183141312919,0.6466112737308041,0.9783810176486952,-0.05084982866417835,0.20046166523684114,-0.2001914651230658,0.010404639417476854,0.9797015467837502,-0.0519033871398005,-0.9986521107990591,0.0,32.91828033615552,-31.730763326735584,0.3320141362570954,227.05736435885805,SLIDING
0.002769986167550087,0.08309958502650261,-7.147909537011432,-3.342888073216069,-9.503135006202372,-7.256074061067632,-3.5023126481742097,-9.58805614719027,-8.003875451649144,-3.010253997454856,-10.28490096492178,-6.371461614346768,-3.644620925793018,-8.793993971171151,-0.0009828455777597582,-0.003250115765924134,0.009405888857595789,0.709745146653207,-0.27581170797311394,0.6482204320654907,0.9783810176486952,-0.05084982866417835,0.20046166523684114,-0.2001914651230658,0.010404639417476854,0.9797015467837502,-0.0519033871398005,-0.9986521107990591,0.0,33.03165830302348,-31.819814496957434,0.33428400679199477,226.92561315657724,SLIDING
0.002779986010864377,0.08339958032593131,-7.145365342551517,-3.3430192630392197,-9.504268287939938,-7.256074061067632,-3.5023126481742097,-9.58805614719027,-7.999524005994957,-3.0104783115146567,-10.288047965410094,-6.370556780066423,-3.644667642486036,-8.793300605709208,-0.0009810585526291659,-0.0032414272377682997,0.009409073129912146,0.7082466199689281,-0.27573449172668674,0.6498901563916897,0.9783810176486952,-0.05084982866417835,0.20046166523684114,-0.2001914651230658,0.010404639417476854,0.9797015467837502,-0.0519033871398005,-0.9986521107990591,0.0,33.15080367824065,-31.908569623291918,0.3365526897925175,226.8172705602948,SLIDING
0.0027899860870093107,0.08369958261027932,-7.14280764763956,-3.3431341509920243,-9.505467350853595,-7.256074061067632,-3.5023126481742097,-9.58805614719027,-7.995070188401461,-3.0106541957024775,-10.291334216509792,-6.369719060789035,-3.6447272006655878,-8.792606377192037,-0.000979285645875148,-0.0032327323852952027,0.009412248669333632,0.7066744033097504,-0.2756839152013523,0.6516207997033722,0.9783810176486952,-0.05084982866417835,0.20046166523684114,-0.2001914651230658,0.010404639417476854,0.9797015467837502,-0.0519033871398005,-0.9986521107990591,0.0,33.27568357227456,-31.99726772981215,0.33882056582763376,226.7843642321948,SLIDING
0.0027999859303236008,0.08399957790970802,-7.140331074649143,-3.343881384621251,-9.505918945444735,-7.256074061067632,-3.5023126481742097,-9.58805614719027,-7.9917503146895275,-3.012382084091845,-10.293113064470743,-6.368007447106232,-3.6445848809395445,-8.791854018326367,-0.0009775269461719707,-0.003224031644347729,0.009415415316821371,0.7059751598188242,-0.2748707812381302,0.6527213244105984,0.9783810176486952,-0.05084982866417835,0.20046166523684114,-0.2001914651230658,0.010404639417476854,0.9797015467837502,-0.0519033871398005,-0.9986521107990591,0.0,33.328367837870815,-32.12574514469069,0.3411910671285465,245.52942693253877,SLIDING
0.0028099860064685345,0.08429958019405603,-7.137925818616199,-3.3451664607626084,-9.50573927469364,-7.256074061067632,-3.5023126481742097,-9.58805614719027,-7.989394623225625,-3.015413328308306,-10.293612891465477,-6.365557230980821,-3.644286005487326,-8.791057974184486,-0.0009757823780563431,-0.003215324640584931,0.009418573208471889,0.7060162574977408,-0.2734229031213131,0.6532847466439095,0.9783810176486952,-0.05084982866417835,0.20046166523684114,-0.2001914651230658,0.010404639417476854,0.9797015467837502,-0.0519033871398005,-0.9986521107990591,0.0,33.32007352237219,-32.287130087914164,0.3436456869733302,245.38866804044918,SLIDING
0.0028199858497828245,0.08459957549348474,-7.135507330352115,-3.3464372913938645,-9.505628037525328,-7.256074061067632,-3.5023126481742097,-9.58805614719027,-7.986939933419509,-3.0183907099012295,-10.294252823083355,-6.363171581188022,-3.6440088212660644,-8.790265350720723,-0.0009740520287689534,-0.0032066118104637498,0.00942172218613934,0.7059862401006469,-0.27200787450645003,0.6539075966794049,0.9783810176486952,-0.05084982866417835,0.20046166523684114,-0.2001914651230658,0.010404639417476854,0.9797015467837502,-0.0519033871398005,-0.9986521107990591,0.0,33.3176186345365,-32.44836220301298,0.3460988102901723,245.24084710770572,SLIDING
0.0028299859259277582,0.08489957777783275,-7.133075609856891,-3.3476939063173416,-9.505585137082251,-7.256074061067632,-3.5023126481742097,-9.58805614719027,-7.984386134424785,-3.021314433846567,-10.295032994955843,-6.360850598276758,-3.64375319917783,-8.789475840186409,-0.0009723358240795711,-0.003197892779118361,0.009424862385151328,0.7058850157165335,-0.2706255501440275,0.654590067291058,0.9783810176486952,-0.05084982866417835,0.20046166523684114,-0.2001914651230658,0.010404639417476854,0.9797015467837502,-0.0519033871398005,-0.9986521107990591,0.0,33.321010435049395,-32.60939026391007,0.3485504580107417,245.09289075177682,SLIDING
0.0028399857692420483,0.08519957307726145,-7.130630657130527,-3.348936245928395,-9.505610528660926,-7.256074061067632,-3.5023126481742097,-9.58805614719027,-7.981733188295574,-3.0241846626680498,-10.295953479667585,-6.358594316667791,-3.643518878125005,-8.78868929148583,-0.0009706338497936852,-0.0031891679836130544,0.009427993648257462,0.7057125528816452,-0.26927574585084996,0.6553322557311976,0.9783810176486952,-0.05084982866417835,0.20046166523684114,-0.2001914651230658,0.010404639417476854,0.9797015467837502,-0.0519033871398005,-0.9986521107990591,0.0,33.33024949857294,-32.77016242553961,0.3510006360654856,244.94495888729264,SLIDING
0.002849985845386982,0.08549957536160946,-7.128172472173023,-3.35016425062238,-9.505704163832577,-7.256074061067632,-3.5023126481742097,-9.58805614719027,-7.978981031377445,-3.0270015801343817,-10.297014326524254,-6.356402794102148,-3.643305577738628,-8.787905567535155,-0.0009689460329151507,-0.0031804370485627753,0.009431116110014855,0.7054687988153465,-0.2679582598279331,0.6561342430387384,0.9783810176486952,-0.05084982866417835,0.20046166523684114,-0.2001914651230658,0.010404639417476854,0.9797015467837502,-0.0519033871398005,-0.9986521107990591,0.0,33.345336284617694,-32.93062816576727,0.3534493511316317,244.79715355441255,SLIDING
0.002859985688701272,0.08579957066103816,-7.125701114589023,-3.3513779203992966,-9.5058659680914,-7.256074061067632,-3.5023126481742097,-9.58805614719027,-7.9761296828268495,-3.029765456234327,-10.298215488701,-6.354276126875087,-3.643113053111499,-8.787124568719141,-0.0009672724578134723,-0.0031717004116330544,0.009434229614070696,0.7051537199790273,-0.26667286820746605,0.6569960521660257,0.9783810176486952,-0.05084982866417835,0.20046166523684114,-0.2001914651230658,0.010404639417476854,0.9797015467837502,-0.0519033871398005,-0.9986521107990591,0.0,33.366267902527916,-33.09073687138224,0.3558965598286843,244.64955191416314,SLIDING
0.0028699857648462057,0.08609957294538617,-7.123216554576206,-3.3525771956545,-9.50609587065688,-7.256074061067632,-3.5023126481742097,-9.58805614719027,-7.973178945655648,-3.032476520256541,-10.299557010821825,-6.352214436838786,-3.6429409825834416,-8.786346119573668,-0.000965613052727467,-0.0031629576969247853,0.009437334294209215,0.7047671777464618,-0.26541933144647867,0.6579177788035461,0.9783810176486952,-0.05084982866417835,0.20046166523684114,-0.2001914651230658,0.010404639417476854,0.9797015467837502,-0.0519033871398005,-0.9986521107990591,0.0,33.39304802423085,-33.25044340631369,0.35834230247256293,244.50228119065218,SLIDING
0.0028799856081604958,0.08639956824481487,-7.1207187921345705,-3.353762016783345,-9.506393770946177,-7.256074061067632,-3.5023126481742097,-9.58805614719027,-7.970128579066807,-3.035135013105969,-10.30103893451472,-6.3502179424205805,-3.642789033957126,-8.78556999051625,-0.0009639679005890991,-0.003154209342698415,0.009440429994977654,0.704308972454881,-0.2641974003700683,0.6588995408689005,0.9783810176486952,-0.05084982866417835,0.20046166523684114,-0.2001914651230658,0.010404639417476854,0.9797015467837502,-0.0519033871398005,-0.9986521107990591,0.0,33.42568340206543,-33.4097051900924,0.36078659619538733,244.35543027078546,SLIDING
0.002889985451474786,0.08669956354424357,-7.118207886868762,-3.3549323241811875,-9.506759564651164,-7.256074061067632,-3.5023126481742097,-9.58805614719027,-7.966978520679839,-3.0377412253397456,-10.302661133682955,-6.348286813878007,-3.642656829995649,-8.784796097003227,-0.0009623369685562177,-0.003145455176491829,0.009443516777697588,0.7037790029573182,-0.26300678463300164,0.6599413202955343,0.9783810176486952,-0.05084982866417835,0.20046166523684114,-0.2001914651230658,0.010404639417476854,0.9797015467837502,-0.0519033871398005,-0.9986521107990591,0.0,33.46417109356323,-33.56847803136224,0.3632294005599981,244.20918272622683,SLIDING
0.0028999855276197195,0.08699956582859159,-7.115683838778781,-3.356088117848027,-9.50719312883726,-7.256074061067632,-3.5023126481742097,-9.58805614719027,-7.9637284713476575,-3.040295528611005,-10.304423604512683,-6.346421322567821,-3.642544033571915,-8.784024208045432,-0.0009607202250741336,-0.0031366950253178625,0.009446594702882847,0.7031770212086247,-0.2618471760699607,0.661043215855327,0.9783810176486952,-0.05084982866417835,0.20046166523684114,-0.2001914651230658,0.010404639417476854,0.9797015467837502,-0.0519033871398005,-0.9986521107990591,0.0,33.50851804935227,-33.726725556857204,0.3656707402100654,244.06371746155392,SLIDING
0.0029099853709340096,0.08729956112802029,-7.113146618062305,-3.3572293083768967,-9.507694325668725,-7.256074061067632,-3.5023126481742097,-9.58805614719027,-7.960378126410033,-3.04279822800612,-10.306326253750282,-6.344621688011707,-3.642450197433475,-8.783254145366621,-0.0009591177509163071,-0.0031279293283172863,0.009449663616434543,0.7025027993036203,-0.2607182475771108,0.662205264514635,0.9783810176486952,-0.05084982866417835,0.20046166523684114,-0.2001914651230658,0.010404639417476854,0.9797015467837502,-0.0519033871398005,-0.9986521107990591,0.0,33.558727837125716,-33.88441122075443,0.36811066738807163,243.91926843549948,SLIDING
0.0029199854470789433,0.0875995634123683,-7.1105963141263,-3.3583558361631516,-9.508263002408656,-7.256074061067632,-3.5023126481742097,-9.58805614719027,-7.956927268011391,-3.045249708738978,-10.308368969801073,-6.342888278334929,-3.642374858480149,-8.782485718909717,-0.0009575294774140884,-0.003119157708330062,0.009452723650197146,0.701756082468027,-0.25961963032224844,0.6634275003875457,0.9783810176486952,-0.05084982866417835,0.20046166523684114,-0.2001914651230658,0.010404639417476854,0.9797015467837502,-0.0519033871398005,-0.9986521107990591,0.0,33.61480431975101,-34.041503189029925,0.37054912220694014,243.77609895295427,SLIDING
0.0029299852903932333,0.087899558711797,-7.108032897168445,-3.3594676117998246,-9.50889898396841,-7.256074061067632,-3.5023126481742097,-9.58805614719027,-7.953375433785732,-3.0476503371528967,-10.310551697185783,-6.341221456114304,-3.6423175138932242,-8.781718645088244,-0.0009559554839004221,-0.0031103806050760507,0.009455774650977198,0.7009365120310559,-0.258550946408838,0.6647100226511043,0.9783810176486952,-0.05084982866417835,0.20046166523684114,-0.2001914651230658,0.010404639417476854,0.9797015467837502,-0.0519033871398005,-0.9986521107990591,0.0,33.67675786395065,-34.1979742803799,0.3729861643769343,243.63459277903155,SLIDING
0.002939985366538167,0.08819956099614501,-7.105456396991062,-3.3605646054845932,-9.50960208035818,-7.256074061067632,-3.5023126481742097,-9.58805614719027,-7.949722337199611,-3.050000622424405,-10.312874216200779,-6.339621538100786,-3.6422776449618817,-8.780952760865855,-0.000954395702945643,-0.003101597640900558,0.009458816749839687,0.7000438256951411,-0.2575117489293376,0.6660528066673579,0.9783810176486952,-0.05084982866417835,0.20046166523684114,-0.2001914651230658,0.010404639417476854,0.9797015467837502,-0.0519033871398005,-0.9986521107990591,0.0,33.744589295272164,-34.35379930851466,0.3754218013102566,243.49521809596718,SLIDING
0.002949985209852457,0.08849955629557371,-7.102866843396472,-3.361646698008168,-9.51037207923642,-7.256074061067632,-3.5023126481742097,-9.58805614719027,-7.945967560113214,-3.0523010248056597,-10.315336380018865,-6.338088960425662,-3.642254606846513,-8.78018779447284,-0.0009528502124409705,-0.0030928092560958513,0.009461849794498942,0.6990776520380663,-0.25650155740906666,0.6674559067591416,0.9783810176486952,-0.05084982866417835,0.20046166523684114,-0.2001914651230658,0.010404639417476854,0.9797015467837502,-0.0519033871398005,-0.9986521107990591,0.0,33.81830631149789,-34.50896070396759,0.37785604035344633,243.35858065672932,SLIDING
0.0029599852859973907,0.08879955857992172,-7.100264206582355,-3.362713799963582,-9.511208745909842,-7.256074061067632,-3.5023126481742097,-9.58805614719027,-7.9421105427011005,-3.054552096449589,-10.317938068819554,-6.336624174071345,-3.6422477281802395,-8.77942340701462,-0.0009513189461963647,-0.0030840150725179837,0.009464873915238693,0.6980375515781547,-0.2555198398828914,0.6689194181760586,0.9783810176486952,-0.05084982866417835,0.20046166523684114,-0.2001914651230658,0.010404639417476854,0.9797015467837502,-0.0519033871398005,-0.9986521107990591,0.0,33.89792017047266,-34.66344842429227,0.38028895316520916,243.2255844997976,SLIDING
0.002969985129311681,0.08909955387935042,-7.097648516351032,-3.3637657623392228,-9.512111819608124,-7.256074061067632,-3.5023126481742097,-9.58805614719027,-7.938150900543014,-3.056754399846782,-10.320678981357656,-6.3352275845820625,-3.6422562145467703,-8.778659374435692,-0.0009498019806605426,-0.0030752155310255678,0.009467888960683188,0.6969231808525875,-0.2545660063912992,0.6704433073573758,0.9783810176486952,-0.05084982866417835,0.20046166523684114,-0.2001914651230658,0.010404639417476854,0.9797015467837502,-0.0519033871398005,-0.9986521107990591,0.0,33.983432717253145,-34.81725330776368,0.38272055528475946,243.09743834221987,SLIDING
0.0029799852054566145,0.08939955616369843,-7.095019772702503,-3.364802465925801,-9.513081002308043,-7.256074061067632,-3.5023126481742097,-9.58805614719027,-7.934088079947597,-3.0589086542714865,-10.323558911544323,-6.333899694212048,-3.642279186147184,-8.777895315319025,-0.0009482992508840077,-0.003066410252990679,0.009470895060332857,0.6957340807545869,-0.25363936168508594,0.6720276505327383,0.9783810176486952,-0.05084982866417835,0.20046166523684114,-0.2001914651230658,0.010404639417476854,0.9797015467837502,-0.0519033871398005,-0.9986521107990591,0.0,34.07485302315023,-34.97038167336352,0.38515090039255284,242.97587668420147,SLIDING
0.0029899850487709045,0.08969955146312714,-7.092377945834445,-3.365823761711705,-9.514115958733472,-7.256074061067632,-3.5023126481742097,-9.58805614719027,-7.929921557617001,-3.0610156450815524,-10.326577527049276,-6.332640920809484,-3.6423156464019737,-8.77713089171631,-0.0009468108318715878,-0.0030575996798319683,0.009473892063724116,0.6944698420902248,-0.25273913100887896,0.6736724501447682,0.9783810176486952,-0.05084982866417835,0.20046166523684114,-0.2001914651230658,0.010404639417476854,0.9797015467837502,-0.0519033871398005,-0.9986521107990591,0.0,34.17218440353582,-35.12284502825477,0.3875800772794147,242.86353931196047,SLIDING
0.0029999848920851946,0.08999954676255584,-7.0897230059445375,-3.366829381476033,-9.515216294003638,-7.256074061067632,-3.5023126481742097,-9.58805614719027,-7.92565066581859,-3.063076220902292,-10.329734589986312,-6.331451813239564,-3.6423643139974176,-8.77636556633677,-0.0009453366939091519,-0.003048783637836108,0.009476880030210851,0.6931299359039242,-0.25186438830222835,0.6753778363693662,0.9783810176486952,-0.05084982866417835,0.20046166523684114,-0.2001914651230658,0.010404639417476854,0.9797015467837502,-0.0519033871398005,-0.9986521107990591,0.0,34.2754376459386,-35.27467507972849,0.39000818062283926,242.764577313229,SLIDING
0.0030099849682301283,0.09029954904690385,-7.0870548338234896,-3.3678191166025284,-9.516381546182545,-7.256074061067632,-3.5023126481742097,-9.58805614719027,-7.9212748456552315,-3.06509150137627,-10.333029605281713,-6.330332651134476,-3.642423775451756,-8.775598907303689,-0.0009438768085755028,-0.0030399619527962983,0.009479859018328396,0.6917139976177198,-0.251014032206733,0.6771437817295752,0.9783810176486952,-0.05084982866417835,0.20046166523684114,-0.2001914651230658,0.010404639417476854,0.9797015467837502,-0.0519033871398005,-0.9986521107990591,0.0,34.38460864086472,-35.42591397727725,0.3924354090472928,242.6857282802514,SLIDING
0.0030199848115444183,0.09059954434633255,-7.084373310262012,-3.368792579661,-9.517611126674327,-7.256074061067632,-3.5023126481742097,-9.58805614719027,-7.9167934802640545,-3.0670627378827575,-10.33646206106093,-6.329283766707217,-3.6424921567683577,-8.774830256427178,-0.0009424312488379657,-0.0030311350669098925,0.009482828878902866,0.6902216145899291,-0.25018670386330444,0.6789703498407621,0.9783810176486952,-0.05084982866417835,0.20046166523684114,-0.2001914651230658,0.010404639417476854,0.9797015467837502,-0.0519033871398005,-0.9986521107990591,0.0,34.49969500486411,-35.57663205665644,0.3948619774750295,242.63867416088027,SLIDING
0.003029984887689352,0.09089954663068056,-7.081678107434558,-3.3697494130235794,-9.51890427551976,-7.256074061067632,-3.5023126481742097,-9.58805614719027,-7.912205875939176,-3.0689915769522687,-10.340031208080134,-6.328305164022826,-3.6425672823443773,-8.774058844028065,-0.0009410000968761606,-0.0030223025465606467,0.00948578964803627,0.6886524834418914,-0.24938074147482986,0.6808575495878559,0.9783810176486952,-0.05084982866417835,0.20046166523684114,-0.2001914651230658,0.010404639417476854,0.9797015467837502,-0.0519033871398005,-0.9986521107990591,0.0,34.62068373598207,-35.72692576070667,0.3972883408017154,242.64452903668064,SLIDING
0.003039984731003642,0.09119954193010926,-7.0789687485039705,-3.3706891696554306,-9.520259917972597,-7.256074061067632,-3.5023126481742097,-9.58805614719027,-7.907511419946507,-3.070880045433503,-10.343735855826102,-6.3273964895164445,-3.6426464610816374,-8.773283700372495,-0.0009395832803661899,-0.003013464888905704,0.009488741268642228,0.6870064914913319,-0.24859409376005834,0.6828052849798295,0.9783810176486952,-0.05084982866417835,0.20046166523684114,-0.2001914651230658,0.010404639417476854,0.9797015467837502,-0.0519033871398005,-0.9986521107990591,0.0,34.74754484954673,-35.87692338520319,0.3997151582695544,242.74160650579753,SLIDING
0.0030499848071485758,0.09149954421445727,-7.076244279795932,-3.3716114323240403,-9.5216764931362,-7.256074061067632,-3.5023126481742097,-9.58805614719027,-7.902709442298502,-3.072730411703085,-10.347573920347195,-6.326556532181079,-3.6427268396276795,-8.772503739027778,-0.0009381807380340493,-0.003004621713918062,0.009491683867893591,0.6852838739640972,-0.24782453388025855,0.6848131223127899,0.9783810176486952,-0.05084982866417835,0.20046166523684114,-0.2001914651230658,0.010404639417476854,0.9797015467837502,-0.0519033871398005,-0.9986521107990591,0.0,34.88021987489005,-36.02675591624069,0.40214365461912926,242.9900553552278,SLIDING
0.003059984650462866,0.09179953951388597,-7.073579683953571,-3.373111234198201,-9.522422296253952,-7.256074061067632,-3.5023126481742097,-9.58805614719027,-7.898965575056379,-3.0760253805826903,-10.35004492519877,-6.324870944990821,-3.642598242907483,-8.77168460915054,-0.0009367925404941611,-0.002995773464677164,0.009494617298109277,0.6843889695937206,-0.24633602709773594,0.6862436156731436,0.9783810176486952,-0.05084982866417835,0.20046166523684114,-0.2001914651230658,0.010404639417476854,0.9797015467837502,-0.0519033871398005,-0.9986521107990591,0.0,34.94674061039985,-36.21970487235068,0.4046774043444099,257.6432390981695,NONE
0.0030699847266077995,0.09209954179823399,-7.070938035899448,-3.374851511011708,-9.522907627074035,-7.256074061067632,-3.5023126481742097,-9.58805614719027,-7.895605268060868,-3.0799013717914807,-10.352009225893358,-6.322881193504777,-3.642401210095379,-8.770828364252356,-0.0009354186277167036,-0.002986919760694038,0.009497541685671967,0.6837930758939527,-0.2445651470886514,0.6874699398439132,0.9783810176486952,-0.05084982866417835,0.20046166523684114,-0.2001914651230658,0.010404639417476854,0.9797015467837502,-0.0519033871398005,-0.9986521107990591,0.0,34.98945140798201,-36.43034153806991,0.4072531452092818,257.4861318183551,SLIDING
0.0030799845699220896,0.09239953709766269,-7.068282648974704,-3.376576558838475,-9.523464150054368,-7.256074061067632,-3.5023126481742097,-9.58805614719027,-7.892145476934749,-3.0837289553381746,-10.354109327865793,-6.320955482797813,-3.642219044721073,-8.769984704490138,-0.0009340590688680976,-0.002978061045582053,0.009500456883821177,0.6831260844073637,-0.24282177799256455,0.6887498362502843,0.9783810176486952,-0.05084982866417835,0.20046166523684114,-0.2001914651230658,0.010404639417476854,0.9797015467837502,-0.0519033871398005,-0.9986521107990591,0.0,35.03784783837794,-36.640016979016345,0.4098272822340121,257.34652113364155,SLIDING
0.0030899846460670233,0.0926995393820107,-7.065614506655979,-3.3782875101667527,-9.524086206478986,-7.256074061067632,-3.5023126481742097,-9.58805614719027,-7.888579735668621,-3.0875087162644848,-10.356346390823086,-6.319101553786157,-3.6420533758623646,-8.769141786146553,-0.0009327138051636096,-0.0029691969383958063,0.009503363018147122,0.6823818182097673,-0.2411063737382086,0.6900889585550141,0.9783810176486952,-0.05084982866417835,0.20046166523684114,-0.2001914651230658,0.010404639417476854,0.9797015467837502,-0.0519033871398005,-0.9986521107990591,0.0,35.092396461898545,-36.848817964746324,0.41240004514618533,257.2059098437482,SLIDING
0.0030999844893813133,0.0929995346814394,-7.062933638745593,-3.3799842755895737,-9.524773861540469,-7.256074061067632,-3.5023126481742097,-9.58805614719027,-7.884908048284179,-3.0912409361212867,-10.358720168905613,-6.317319459657778,-3.6419037776158896,-8.768299956570088,-0.0009313829043207984,-0.0029603278832764407,0.009506259942812562,0.681560255924522,-0.23941862673678388,0.691487048841533,0.9783810176486952,-0.05084982866417835,0.20046166523684114,-0.2001914651230658,0.010404639417476854,0.9797015467837502,-0.0519033871398005,-0.9986521107990591,0.0,35.15308113191044,-37.056675560082965,0.41497138717282844,257.0670717487908,SLIDING
0.003109984565526247,0.09329953696578741,-7.060240045243549,-3.381666765699971,-9.525526936424884,-7.256074061067632,-3.5023126481742097,-9.58805614719027,-7.881129997165587,-3.094925880327784,-10.361230496953958,-6.315609579232605,-3.641769838711346,-8.767459024560774,-0.0009300663088008364,-0.002951453498827383,0.009509147782613185,0.6806610512752094,-0.23775824277546184,0.6929441184318196,0.9783810176486952,-0.05084982866417835,0.20046166523684114,-0.2001914651230658,0.010404639417476854,0.9797015467837502,-0.0519033871398005,-0.9986521107990591,0.0,35.219909185144786,-37.26353124082828,0.41754133961295636,256.92977756577704,SLIDING
0.003119984408840537,0.09359953226521611,-7.057533696347522,-3.3833349208933,-9.526345211340102,-7.256074061067632,-3.5023126481742097,-9.58805614719027,-7.8772451030567545,-3.098563901578795,-10.36387716049841,-6.313972290408483,-3.641651125546649,-8.766618765498512,-0.0009287640848711409,-0.0029425742297109697,0.009512026392636987,0.6796838315862049,-0.23612487998602347,0.6944601717390865,0.9783810176486952,-0.05084982866417835,0.20046166523684114,-0.2001914651230658,0.010404639417476854,0.9797015467837502,-0.0519033871398005,-0.9986521107990591,0.0,35.29288810044674,-37.469332093157185,0.42010997265360395,256.79439970304537,SLIDING
0.003129984252154827,0.09389952756464481,-7.054814711266803,-3.3849886815649155,-9.5272284460049,-7.256074061067632,-3.5023126481742097,-9.58805614719027,-7.873253054491629,-3.102155413048301,-10.366659866760148,-6.312408103060926,-3.6415471496589755,-8.765778986722722,-0.0009274762061922594,-0.0029336899009549497,0.009514895830094794,0.6786282397524801,-0.23451814635246698,0.6960351652336638,0.9783810176486952,-0.05084982866417835,0.20046166523684114,-0.2001914651230658,0.010404639417476854,0.9797015467837502,-0.0519033871398005,-0.9986521107990591,0.0,35.37202226049174,-37.67402965635447,0.42267721479895215,256.6615453968226,SLIDING
0.003139984328299761,0.09419952984899282,-7.052083030396747,-3.386627988110173,-9.528176372198375,-7.256074061067632,-3.5023126481742097,-9.58805614719027,-7.869153225724983,-3.1057008711871785,-10.369578381035517,-6.310917471132234,-3.64145738332897,-8.764939389608964,-0.000926202647723283,-0.002924800337127562,0.009517756151368023,0.6774938063446736,-0.23293761397469187,0.6976691267071975,0.9783810176486952,-0.05084982866417835,0.20046166523684114,-0.2001914651230658,0.010404639417476854,0.9797015467837502,-0.0519033871398005,-0.9986521107990591,0.0,35.45732291173533,-37.8775829098216,0.42524317510217813,256.5319915383121,SLIDING
0.003149984171614051,0.09449952514842153,-7.0493387133419985,-3.3882526915174607,-9.529188695622596,-7.256074061067632,-3.5023126481742097,-9.58805614719027,-7.864945176888385,-3.1092007323941937,-10.372632345383732,-6.309500907299804,-3.641381128376387,-8.764099737589822,-0.0009249434735546438,-0.0029159059836608566,0.009520607212935807,0.6762801172124268,-0.23138278086182318,0.699362003388657,0.9783810176486952,-0.05084982866417835,0.20046166523684114,-0.2001914651230658,0.010404639417476854,0.9797015467837502,-0.0519033871398005,-0.9986521107990591,0.0,35.548795127007416,-38.07995642673043,0.42780784666546623,256.4069807888118,SLIDING
0.0031599842477589846,0.09479952743276954,-7.046581730300235,-3.3898626725774887,-9.530265079138788,-7.256074061067632,-3.5023126481742097,-9.58805614719027,-7.860628286108616,-3.11265559491272,-10.375821423009873,-6.308158918829683,-3.641317614789587,-8.76325969321462,-0.0009236986292662608,-0.0029070064580551717,0.009523449137600587,0.6749866814256233,-0.22985305212037682,0.7011137955631536,0.9783810176486952,-0.05084982866417835,0.20046166523684114,-0.2001914651230658,0.010404639417476854,0.9797015467837502,-0.0519033871398005,-0.9986521107990591,0.0,35.64644804050847,-38.28112682959048,0.43037132016847224,256.28819460051847,SLIDING
0.0031699840910732746,0.09509952273219824,-7.0438121110737795,-3.391457752476323,-9.531405144629987,-7.256074061067632,-3.5023126481742097,-9.58805614719027,-7.856202001535135,-3.116066110402079,-10.379145198504641,-6.306892063142349,-3.6412659104311405,-8.762418912194319,-0.0009224681774963101,-0.002898102206247653,0.009526281782771949,0.6736130166925159,-0.22834773914307033,0.7029244723088368,0.9783810176486952,-0.05084982866417835,0.20046166523684114,-0.2001914651230658,0.010404639417476854,0.9797015467837502,-0.0519033871398005,-0.9986521107990591,0.0,35.75028827032663,-38.481079880650874,0.4329336331584681,256.1784075340692,SLIDING
0.0031799841672182083,0.09539952501654625,-7.041029825860309,-3.393037752400029,-9.532608452511939,-7.256074061067632,-3.5023126481742097,-9.58805614719027,-7.851665606764113,-3.119433129168294,-10.382603293941147,-6.305700933252702,-3.6412249029709063,-8.76157689901518,-0.0009212520650735143,-0.002889192845307104,0.009529105270451872,0.672158553700614,-0.22686598860983148,0.7047940847504207,0.9783810176486952,-0.05084982866417835,0.20046166523684114,-0.2001914651230658,0.010404639417476854,0.9797015467837502,-0.0519033871398005,-0.9986521107990591,0.0,35.860327242231584,-38.67982077175456,0.43549489382061424,256.0820495162601,SLIDING
0.0031899840105324984,0.09569952031597495,-7.038234755450534,-3.394602433930028,-9.533874468205484,-7.256074061067632,-3.5023126481742097,-9.58805614719027,-7.847018502201755,-3.1227576652379025,-10.38619504305825,-6.304585845708934,-3.641193217895524,-8.760733238546964,-0.0009200503531827617,-0.0028802788216691073,0.009531919458982113,0.6706228941273135,-0.22540676202505294,0.706722523700559,0.9783810176486952,-0.05084982866417835,0.20046166523684114,-0.2001914651230658,0.010404639417476854,0.9797015467837502,-0.0519033871398005,-0.9986521107990591,0.0,35.976561350961035,-38.87736778826879,0.43805531382609963,256.00678997343584,SLIDING
0.003199984086677432,0.09599952260032296,-7.035426780635166,-3.396151379833806,-9.535202523021015,-7.256074061067632,-3.5023126481742097,-9.58805614719027,-7.8422600137143075,-3.1260409244995233,-10.389919766037519,-6.303547184674542,-3.6411689656369473,-8.759887272195028,-0.0009188629899024762,-0.0028713597519765986,0.00953472446956239,0.669005577843376,-0.22396871353801043,0.7087097799315172,0.9783810176486952,-0.05084982866417835,0.20046166523684114,-0.2001914651230658,0.010404639417476854,0.9797015467837502,-0.0519033871398005,-0.9986521107990591,0.0,36.098989863439535,-39.07377207304576,0.44061512263746216,255.96669894345942,SLIDING
0.003209983929991722,0.09629951789975166,-7.032605573588657,-3.3976842324834946,-9.536591713575634,-7.256074061067632,-3.5023126481742097,-9.58805614719027,-7.837389441439661,-3.129284588334323,-10.393776435009084,-6.302584959798885,-3.641149938979254,-8.759038209498794,-0.0009176900349632023,-0.0028624360831574786,0.00953752016146899,0.6673062963655548,-0.2225501524543177,0.7107557502218652,0.9783810176486952,-0.05084982866417835,0.20046166523684114,-0.2001914651230658,0.010404639417476854,0.9797015467837502,-0.0519033871398005,-0.9986521107990591,0.0,36.227598608590654,-39.269114371676004,0.44317480390131614,255.98872793558917,SLIDING
0.003219984006136656,0.09659952018409967,-7.029770478659915,-3.3992004852396134,-9.538040724841865,-7.256074061067632,-3.5023126481742097,-9.58805614719027,-7.832406042576429,-3.132490678525562,-10.397763424397098,-6.301698594485029,-3.641133337747027,-8.75818501712966,-0.0009165314376938297,-0.0028535074314340035,0.009540306655097624,0.6655249774310436,-0.22114898227020216,0.7128601770727993,0.9783810176486952,-0.05084982866417835,0.20046166523684114,-0.2001914651230658,0.010404639417476854,0.9797015467837502,-0.0519033871398005,-0.9986521107990591,0.0,36.36235368637608,-39.46350853437163,0.44573523694431394,256.12331236055553,SLIDING
0.003229983849450946,0.09689951548352838,-7.026920393163013,-3.4006999294859055,-9.539547641089174,-7.256074061067632,-3.5023126481742097,-9.58805614719027,-7.8273093205634785,-3.1356614255370574,-10.401877766917359,-6.300886436230367,-3.6411167408309386,-8.75732673322295,-0.0009153872563697661,-0.002844574244219728,0.009543083810660845,0.6636621236230921,-0.219763180562557,0.7150221885627864,0.9783810176486952,-0.05084982866417835,0.20046166523684114,-0.2001914651230658,0.010404639417476854,0.9797015467837502,-0.0519033871398005,-0.9986521107990591,0.0,36.503176462839505,-39.65704339278752,0.4482978740358661,256.4393184675478,SLIDING
0.003239983692765236,0.09719951078295708,-7.024053797179508,-3.402183042059529,-9.54111014425567,-7.256074061067632,-3.5023126481742097,-9.58805614719027,-7.822098532158604,-3.138798102171793,-10.4061153835485,-6.300146260592312,-3.641099903046391,-8.756462637085674,-0.0009142574678053337,-0.00283563634545042,0.009545851683348807,0.6617183789418659,-0.21839208733678173,0.7172403245490545,0.9783810176486952,-0.05084982866417835,0.20046166523684114,-0.2001914651230658,0.010404639417476854,0.9797015467837502,-0.0519033871398005,-0.9986521107990591,0.0,36.64997832341184,-39.84966745496396,0.450864691164961,256.9541915845258,SLIDING
0.0032499837689101696,0.09749951306730509,-7.021196886950778,-3.4039041857820633,-9.542428245095524,-7.256074061067632,-3.5023126481742097,-9.58805614719027,-7.817281993237322,-3.14255298388312,-10.40985267546758,-6.299066932392852,-3.6409762400895485,-8.755586286188754,-0.0009131420501173791,-0.002826693558634376,0.009548610327511833,0.6600935047149871,-0.2167057635680124,0.7192462562081852,0.9783810176486952,-0.05084982866417835,0.20046166523684114,-0.2001914651230658,0.010404639417476854,0.9797015467837502,-0.0519033871398005,-0.9986521107990591,0.0,36.77202923085657,-40.063345138087456,0.4534831290759662,267.7888549026184,NONE
0.0032599836122244596,0.09779950836673379,-7.018368050509738,-3.4059457938772324,-9.543393703436466,-7.256074061067632,-3.5023126481742097,-9.58805614719027,-7.813001390106889,-3.147114088960834,-10.412902239175084,-6.297554995621409,-3.640732408817561,-8.754661249528892,-0.0009120410593972828,-0.0028177463319015855,0.00955135960477093,0.6588897367328173,-0.2146166608072726,0.7209743433244316,0.9783810176486952,-0.05084982866417835,0.20046166523684114,-0.2001914651230658,0.010404639417476854,0.9797015467837502,-0.0519033871398005,-0.9986521107990591,0.0,36.86167023188794,-40.30431449420124,0.4561610869870094,267.81757844338887,SLIDING
0.0032699836883693933,0.0980995106510818,-7.015525296384143,-3.407972232590306,-9.544430280828836,-7.256074061067632,-3.5023126481742097,-9.58805614719027,-7.808616722794021,-3.1516298374552307,-10.416081389589174,-6.296110913184387,-3.640500791017491,-8.753754295825663,-0.0009109544481029571,-0.002808794280447634,0.009554099633504046,0.6576112215694057,-0.21255258850533043,0.7227509103319606,0.9783810176486952,-0.05084982866417835,0.20046166523684114,-0.2001914651230658,0.010404639417476854,0.9797015467837502,-0.0519033871398005,-0.9986521107990591,0.0,36.95704691423575,-40.54340331886314,0.45883763369247,267.5661823584823,IMPACT
0.0032799835316836834,0.0983995059505105,-7.012670919352817,-3.409985707293141,-9.545526968108478,-7.256074061067632,-3.5023126481742097,-9.58805614719027,-7.80411550256434,-3.1561008056907696,-10.41939138438543,-6.294750390006877,-3.640285069772451,-8.752843288646792,-0.0009098822708687056,-0.0027998378528719717,0.009556830276273623,0.65624570111194,-0.21051489742681806,0.7245861285820167,0.9783810176486952,-0.05084982866417835,0.20046166523684114,-0.2001914651230658,0.010404639417476854,0.9797015467837502,-0.0519033871398005,-0.9986521107990591,0.0,37.05906140669383,-40.78069913971197,0.4615128430824704,267.45845045710007,IMPACT
0.003289983607828617,0.09869950823485851,-7.009804353171634,-3.4119855325323227,-9.546686196492972,-7.256074061067632,-3.5023126481742097,-9.58805614719027,-7.799500248559392,-3.1605273614422833,-10.422831316088663,-6.2934700610869365,-3.640083604244155,-8.751933687742918,-0.0009088244814053643,-0.002790876663969456,0.009559551650647724,0.654795733683676,-0.2085027142616832,0.7264772297155415,0.9783810176486952,-0.05084982866417835,0.20046166523684114,-0.2001914651230658,0.010404639417476854,0.9797015467837502,-0.0519033871398005,-0.9986521107990591,0.0,37.1674866314634,-41.016115102623495,0.4641867469383989,267.3282708249348,IMPACT
0.003299983451142907,0.09899950353428721,-7.006925746852207,-3.4139717083078507,-9.547906959921109,-7.256074061067632,-3.5023126481742097,-9.58805614719027,-7.794769586235346,-3.1649100299225235,-10.426400815731999,-6.292271457455528,-3.6398959180113546,-8.75102390914363,-0.0009077811328892375,-0.002781911162802643,0.009562263620132162,0.6532600559912254,-0.20651560351688328,0.7284247419949427,0.9783810176486952,-0.05084982866417835,0.20046166523684114,-0.2001914651230658,0.010404639417476854,0.9797015467837502,-0.0519033871398005,-0.9986521107990591,0.0,37.282384051650745,-41.249621929630685,0.4668594011468272,267.2050172092707,IMPACT
0.003309983527287841,0.09929950581863523,-7.004035130196857,-3.4159440260034684,-9.549188842557358,-7.010359235331023,-3.51508329331508,-9.537711340563792,-7.7899229288570435,-3.1692494985616677,-10.430099319075193,-6.29115516817702,-3.639720989652773,-8.750113671631532,-0.0009067521802846888,-0.002772940963770824,0.009564966301483171,0.6516381568174017,-0.204552822213524,0.7304285423668097,0.9841770482629192,-0.01376569199850451,0.17665232349530574,-0.17663504621926387,0.002470595759866194,0.9842733139751935,-0.013985639763927851,-0.9999021961574011,-4.336808689942018e-19,39.360133947301364,-39.831173438443685,0.473517269912902,264.6051829452138,IMPACT
0.003319983370602131,0.09959950111806393,-7.0011324734032625,-3.4179022173982743,-9.550531295692652,-7.010359235331023,-3.51508329331508,-9.537711340563792,-7.78495949853357,-3.1735467324042634,-10.43392627033326,-6.290121842041334,-3.6395574322506308,-8.74920243291613,-0.0009057376753094285,-0.002763966516393124,0.009567659559151965,0.6499294158661897,-0.20261334775929019,0.7324886249639696,0.9841770482629192,-0.01376569199850451,0.17665232349530574,-0.17663504621926387,0.002470595759866194,0.9842733139751935,-0.013985639763927851,-0.9999021961574011,-4.336808689942018e-19,39.481444067219414,-40.06019150799998,0.4761638065022229,264.7101419953613,IMPACT
0.0033299834467470646,0.09989950340241194,-6.998217627459812,-3.419845775852788,-9.551933571838761,-7.010359235331023,-3.51508329331508,-9.537711340563792,-7.779878550866841,-3.1778031035502368,-10.43788088132995,-6.289171870112792,-3.6394030349582076,-8.74828948241736,-0.0009047375741819673,-0.002754987434679192,0.009570343509081187,0.6481333394582824,-0.20069562235129182,0.734604956048952,0.9841770482629192,-0.01376569199850451,0.17665232349530574,-0.17663504621926387,0.002470595759866194,0.9842733139751935,-0.013985639763927851,-0.9999021961574011,-4.336808689942018e-19,39.609248360177524,-40.28797258848704,0.4788115700666644,264.8530127435867,IMPACT
0.0033399832900613546,0.10019949870184064,-6.995290175133991,-3.4217740457159165,-9.553394435698154,-7.010359235331023,-3.51508329331508,-9.537711340563792,-7.774679490809203,-3.1820209193173103,-10.441961722168337,-6.288304996455253,-3.6392544544111,-8.74737376135908,-0.0009037519271605268,-0.0027460041685980767,0.009573018016669555,0.6462497801538915,-0.19879718917121292,0.7367773742648944,0.9841770482629192,-0.01376569199850451,0.17665232349530574,-0.17663504621926387,0.002470595759866194,0.9842733139751935,-0.013985639763927851,-0.9999021961574011,-4.336808689942018e-19,39.743513636603886,-40.51464668929008,0.48146118042957475,265.10062886156,IMPACT
0.0033499833662062883,0.10049950098618865,-6.9923487157166475,-3.423686311731923,-9.554911434443655,-7.010359235331023,-3.51508329331508,-9.537711340563792,-7.769361801269232,-3.1862033618728867,-10.446165384223328,-6.28751901882864,-3.6391074399953887,-8.746453683919794,-0.000902780691718471,-0.0027370163317754236,0.009575683197044556,0.6442794706263446,-0.19691481657500104,0.7390050870884929,0.9841770482629192,-0.01376569199850451,0.17665232349530574,-0.17663504621926387,0.002470595759866194,0.9842733139751935,-0.013985639763927851,-0.9999021961574011,-4.336808689942018e-19,39.88413816936243,-40.740391453406865,0.4841144395883834,265.6124731072657,IMPACT
0.0033599832095205784,0.10079949628561735,-6.989638343507099,-3.4257892232042435,-9.554760938303533,-7.010359235331023,-3.51508329331508,-9.537711340563792,-7.7666701963423135,-3.1905432763441546,-10.446591602587363,-6.284791622789797,-3.639181162802805,-8.745780049216481,-0.0009018239166539488,-0.0027280243746235994,0.009578338916554201,0.6442950319793552,-0.1950599506341959,0.7394832840742965,0.9841770482629192,-0.01376569199850451,0.17665232349530574,-0.17663504621926387,0.002470595759866194,0.9842733139751935,-0.013985639763927851,-0.9999021961574011,-4.336808689942018e-19,39.87750277329652,-40.91125092528711,0.4868374592337297,276.05969034371304,NONE
0.0033699830528348684,0.10109949158504605,-6.987063691073703,-3.4279927771192673,-9.553649080943304,-7.010359235331023,-3.51508329331508,-9.537711340563792,-7.7655061125859985,-3.1949293208536003,-10.444822415000793,-6.280937441463526,-3.6394049763341343,-8.745264457057962,-0.0009008815825210308,-0.0027190281198877678,0.009580985227969173,0.6454646396184662,-0.19325028499153646,0.7389382425838399,0.9841770482629192,-0.01376569199850451,0.17665232349530574,-0.17663504621926387,0.002470595759866194,0.9842733139751935,-0.013985639763927851,-0.9999021961574011,-4.336808689942018e-19,39.7853771695423,-41.04851055818395,0.4895981186965077,276.07879563629496,NONE
0.003379983128979802,0.10139949386939406,-6.984488770419406,-3.430196241627324,-9.552537406238715,-7.010359235331023,-3.51508329331508,-9.537711340563792,-7.764163398955453,-3.1992711930476982,-10.443190079926522,-6.277244784030787,-3.6396686881286273,-8.744625074129878,-0.0008999536711810846,-0.0027100273899235586,0.009583622183208613,0.6464863543150725,-0.191477171774317,0.7385065242594104,0.9841770482629192,-0.01376569199850451,0.17665232349530574,-0.17663504621926387,0.002470595759866194,0.9842733139751935,-0.013985639763927851,-0.9999021961574011,-4.336808689942018e-19,39.70428858821657,-41.18650420331201,0.4923590086388483,276.0977901884274,NONE
0.003389982972294092,0.10169948916882277,-6.981913641148853,-3.4323996167284134,-9.551425915353919,-7.010359235331023,-3.51508329331508,-9.537711340563792,-7.762642630268157,-3.2035685538689256,-10.44169535760773,-6.2737132427459095,-3.6399726057458532,-8.743861213034702,-0.0008990402292405526,-0.0027010226357963504,0.00958624965004806,0.6473606032705423,-0.18974089212040346,0.7381887585100122,0.9841770482629192,-0.01376569199850451,0.17665232349530574,-0.17663504621926387,0.002470595759866194,0.9842733139751935,-0.013985639763927851,-0.9999021961574011,-4.336808689942018e-19,39.63424524826175,-41.32513141337458,0.49512007019357895,276.11670673031085,NONE
0.003399983048439026,0.10199949145317078,-6.979330256634998,-3.4345939021211747,-9.550354802046657,-7.010359235331023,-3.51508329331508,-9.537711340563792,-7.760988575808997,-3.2078220523104726,-10.440335638801626,-6.270286861591536,-3.640298975995369,-8.743051894194034,-0.0008981412173126581,-0.002692013470196144,0.00958886774156983,0.6481311800945481,-0.18803344508038972,0.7379494541772144,0.9841770482629192,-0.01376569199850451,0.17665232349530574,-0.17663504621926387,0.002470595759866194,0.9842733139751935,-0.013985639763927851,-0.9999021961574011,-4.336808689942018e-19,39.57199343231762,-41.46396566054869,0.497881998450282,276.3413747375879,NONE
0.003409982891753316,0.10229948675259948,-6.976713702136325,-3.4367490868669632,-9.549456546225572,-7.010359235331023,-3.51508329331508,-9.537711340563792,-7.759345741181511,-3.212034658089062,-10.439103446153045,-6.266787044385423,-3.640587871138211,-8.742456552953515,-0.0008972566805419473,-0.002683000344615439,0.009591476326503664,0.6489385638243862,-0.18632748393441262,0.737672562260665,0.9841770482629192,-0.01376569199850451,0.17665232349530574,-0.17663504621926387,0.002470595759866194,0.9842733139751935,-0.013985639763927851,-0.9999021961574011,-4.336808689942018e-19,39.50699341718727,-41.601989034578594,0.5006454979207025,276.3600989774207,NONE
0.0034199829678982496,0.10259948903694749,-6.974096939021396,-3.4389041673046234,-9.548558474078762,-7.010359235331023,-3.51508329331508,-9.537711340563792,-7.757525346284738,-3.216202042747833,-10.438010431186216,-6.263447894504749,-3.640917587498247,-8.741735313721488,-0.0008963865807985465,-0.0026739828713798334,0.009594075517110834,0.649598892078256,-0.18465893250018017,0.7375109206368381,0.9841770482629192,-0.01376569199850451,0.17665232349530574,-0.17663504621926387,0.002470595759866194,0.9842733139751935,-0.013985639763927851,-0.9999021961574011,-4.336808689942018e-19,39.45307265754429,-41.74044257513421,0.5034091688240938,276.378779495003,NONE
0.0034299828112125397,0.10289948433637619,-6.971462324315357,-3.4410387884479645,-9.547750525901082,-7.010359235331023,-3.51508329331508,-9.537711340563792,-7.755626862253306,-3.220326962876782,-10.437049888930856,-6.260145534596085,-3.6412468055450047,-8.741065783852994,-0.0008955309617645232,-0.002664961502402555,0.009596665183077098,0.6502092728944439,-0.18300862724705347,0.7373843935121138,0.9841770482629192,-0.01376569199850451,0.17665232349530574,-0.17663504621926387,0.002470595759866194,0.9842733139751935,-0.013985639763927851,-0.9999021961574011,-4.336808689942018e-19,39.40294478273188,-41.87863942259771,0.5061742066088382,276.5346540343282,NONE
0.0034399828873574734,0.1031994866207242,-6.968817099982547,-3.4431610416275147,-9.546996734829607,-7.010359235331023,-3.51508329331508,-9.537711340563792,-7.75361044592893,-3.2244081548903316,-10.436225427739364,-6.256929917606801,-3.64159210246698,-8.740376097749888,-0.0008946897865673685,-0.0026559358496503005,0.009599245435841116,0.6507306644878825,-0.1813843250333254,0.7373257956475983,0.9841770482629192,-0.01376569199850451,0.17665232349530574,-0.17663504621926387,0.002470595759866194,0.9842733139751935,-0.013985639763927851,-0.9999021961574011,-4.336808689942018e-19,39.35956004891485,-42.0167860588893,0.5089399489125146,276.63189101108037,NONE
0.0034499827306717634,0.1034994819201529,-6.966157838755893,-3.4452669035297516,-9.546314519623282,-7.010359235331023,-3.51508329331508,-9.537711340563792,-7.751495602742969,-3.2284463646116555,-10.435535830631185,-6.253776813985808,-3.6419451288598372,-8.739700578677443,-0.0008938630974259596,-0.0026469063654504022,0.009601816146046674,0.6511820820683308,-0.17978207141225305,0.7373196747624963,0.9841770482629192,-0.01376569199850451,0.17665232349530574,-0.17663504621926387,0.002470595759866194,0.9842733139751935,-0.013985639763927851,-0.9999021961574011,-4.336808689942018e-19,39.321496745418465,-42.154739513755274,0.5117066363247815,276.69769006045067,SLIDING
0.003459982806816697,0.10379948420450091,-6.963485583716678,-3.447357581148732,-9.54569843763298,-7.010359235331023,-3.51508329331508,-9.537711340563792,-7.749276704410118,-3.2324414664390004,-10.434981557830922,-6.250693318420699,-3.6423083005172248,-8.739028429481207,-0.0008930508587259209,-0.0026378726614164857,0.009604377424308112,0.6515579939084428,-0.17820297133835844,0.737370925369441,0.9841770482629192,-0.01376569199850451,0.17665232349530574,-0.17663504621926387,0.002470595759866194,0.9842733139751935,-0.013985639763927851,-0.9999021961574011,-4.336808689942018e-19,39.28918079829442,-42.292490241887265,0.514474220340702,276.80936017866276,SLIDING
0.003469982650130987,0.10409947950392962,-6.960800632888126,-3.4494335215192917,-9.545146342625829,-7.010359235331023,-3.51508329331508,-9.537711340563792,-7.746951394402124,-3.2363934589900762,-10.434563006243097,-6.247682136882193,-3.6426824712338037,-8.738355197044694,-0.0008922531112223077,-0.002628835190283262,0.009606929142228954,0.6518561989217091,-0.17664739662770768,0.7374816561732196,0.9841770482629192,-0.01376569199850451,0.17665232349530574,-0.17663504621926387,0.002470595759866194,0.9842733139751935,-0.013985639763927851,-0.9999021961574011,-4.336808689942018e-19,39.262786015759076,-42.430011999615516,0.5172427929434296,276.9049060921991,SLIDING
0.003479982493445277,0.10439947480335832,-6.958103045874881,-3.451494679937947,-9.544658128431054,-7.010359235331023,-3.51508329331508,-9.537711340563792,-7.744519804751934,-3.2403024420828146,-10.434280300827076,-6.244743263275118,-3.6430674652105055,-8.73768056553864,-0.0008914698386433078,-0.0026197937738734888,0.009609471350507116,0.6520767571638331,-0.1751152274468222,0.7376520588210596,0.9841770482629192,-0.01376569199850451,0.17665232349530574,-0.17663504621926387,0.002470595759866194,0.9842733139751935,-0.013985639763927851,-0.9999021961574011,-4.336808689942018e-19,39.2423141352957,-42.56726793034248,0.5200123136113799,277.000993215325,SLIDING
0.003489982569590211,0.10469947708770633,-6.955392822676944,-3.4535410117012146,-9.544233797842624,-7.010359235331023,-3.51508329331508,-9.537711340563792,-7.741982039903354,-3.244168545457999,-10.434133603053269,-6.241876602858345,-3.643463079505198,-8.737004393821387,-0.0008907010260274545,-0.0026107482336527104,0.009612004098979771,0.6522197552369603,-0.1736063191509563,0.7378822648834269,0.9841770482629192,-0.01376569199850451,0.17665232349530574,-0.17663504621926387,0.002470595759866194,0.9842733139751935,-0.013985639763927851,-0.9999021961574011,-4.336808689942018e-19,39.227763280562286,-42.7042218964247,0.5227827812356143,277.09878600918944,SLIDING
0.003499982412904501,0.10499947238713503,-6.95266990368967,-3.4555724572044495,-9.543873348532232,-7.010359235331023,-3.51508329331508,-9.537711340563792,-7.739338168471317,-3.247991888235576,-10.43412299787985,-6.239081979719064,-3.6438690923919013,-8.73632660038693,-0.0008899467119329311,-0.0026016990229547937,0.009614527260693664,0.6522852994575015,-0.17212052354622837,0.7381723467360521,0.9841770482629192,-0.01376569199850451,0.17665232349530574,-0.17663504621926387,0.002470595759866194,0.9842733139751935,-0.013985639763927851,-0.9999021961574011,-4.336808689942018e-19,39.21912852124277,-42.84083677812369,0.5255542540684619,277.1984245890391,SLIDING
0.0035099824890494347,0.10529947467148304,-6.949934288913059,-3.4575889419418457,-9.543576761407765,-7.010359235331023,-3.51508329331508,-9.537711340563792,-7.736588347705895,-3.2517726150629067,-10.434248485987805,-6.236359251215507,-3.6442852305706532,-8.735647148206953,-0.0008892068638926113,-0.0025926457525350336,0.009617040944195555,0.652273520213212,-0.17065765891641166,0.7385223207742839,0.9841770482629192,-0.01376569199850451,0.17665232349530574,-0.17663504621926387,0.002470595759866194,0.9842733139751935,-0.013985639763927851,-0.9999021961574011,-4.336808689942018e-19,39.21640146953367,-42.97707727301432,0.5283267344569627,277.3001652655448,SLIDING
0.0035199823323637247,0.10559946997091174,-6.94718597834711,-3.459590436111081,-9.54334399921632,-7.010359235331023,-3.51508329331508,-9.537711340563792,-7.733732654332752,-3.2555109413355963,-10.434510075713673,-6.2337083477497135,-3.644711241819736,-8.734965958674303,-0.0008884815189995973,-0.0025835888761183965,0.009619545023496571,0.6521844811230604,-0.16921752194962592,0.7389322247997258,0.9841770482629192,-0.01376569199850451,0.17665232349530574,-0.17663504621926387,0.002470595759866194,0.9842733139751935,-0.013985639763927851,-0.9999021961574011,-4.336808689942018e-19,39.219577133825304,-43.11291097122334,0.5311002285716775,277.4041161580766,SLIDING
0.0035299824085086584,0.10589947225525975,-6.94442491238718,-3.461576865206349,-9.543175006544205,-7.010359235331023,-3.51508329331508,-9.537711340563792,-7.730770917368601,-3.2592069839501154,-10.434907859590263,-6.2311293107487655,-3.645146878012061,-8.734282842172803,-0.0008877706460464175,-0.002574528004126817,0.009622039606313719,0.652018089834711,-0.16779995393997615,0.739402181485852,0.9841770482629192,-0.01376569199850451,0.17665232349530574,-0.17663504621926387,0.002470595759866194,0.9842733139751935,-0.013985639763927851,-0.9999021961574011,-4.336808689942018e-19,39.22866078097643,-43.24830422771881,0.5338748038374668,277.51051264207223,SLIDING
0.0035399822518229485,0.10619946755468845,-6.941651091033267,-3.4635481696230057,-9.543069709351274,-7.010359235331023,-3.51508329331508,-9.537711340563792,-7.727703265294122,-3.2628609818013614,-10.43544167303883,-6.228622023667653,-3.6455918087736148,-8.733597806789998,-0.000887074280660354,-0.0025654635906698724,0.009624524567624434,0.6517744528810734,-0.16640470737924062,0.7399321157603626,0.9841770482629192,-0.01376569199850451,0.17665232349530574,-0.17663504621926387,0.002470595759866194,0.9842733139751935,-0.013985639763927851,-0.9999021961574011,-4.336808689942018e-19,39.24364098417962,-43.3832265479427,0.5366504725131929,277.6196257713735,SLIDING
0.003549982327967882,0.10649946983903646,-6.938864573890018,-3.465504304657567,-9.54302801450527,-7.010359235331023,-3.51508329331508,-9.537711340563792,-7.724529594512406,-3.2664731235391162,-10.436111523425115,-6.2261866941513855,-3.64604577772583,-8.732910668231758,-0.0008863923928942861,-0.002556395245841673,0.00962700001431437,0.6514534349395739,-0.16503158877683202,0.7405221109536334,0.9841770482629192,-0.01376569199850451,0.17665232349530574,-0.17663504621926387,0.002470595759866194,0.9842733139751935,-0.013985639763927851,-0.9999021961574011,-4.336808689942018e-19,39.26452304981625,-43.517647358905194,0.5394271917739886,277.7317049164713,SLIDING
0.003559982171282172,0.10679946513846517,-6.936065301352786,-3.467445210705388,-9.543049810247483,-7.010359235331023,-3.51508329331508,-9.537711340563792,-7.721249812517108,-3.2700436519129683,-10.436917248744676,-6.223823292440499,-3.6465084509980965,-8.732221360317345,-0.0008857250169091495,-0.0025473234241297706,0.009629465822328905,0.6510550087289607,-0.16368034742831644,0.7411721254031876,0.9841770482629192,-0.01376569199850451,0.17665232349530574,-0.17663504621926387,0.002470595759866194,0.9842733139751935,-0.013985639763927851,-0.9999021961574011,-4.336808689942018e-19,39.291302497749115,-43.65153849739483,0.5422050392033118,277.8470986487323,SLIDING
0.003569982247427106,0.10709946742281318,-6.933253213816928,-3.4693708430629853,-9.543134963398787,-7.010359235331023,-3.51508329331508,-9.537711340563792,-7.717863694423302,-3.273572824354468,-10.437858730370483,-6.221531908856332,-3.646979509819804,-8.731529736667405,-0.0008850721240183409,-0.0025382477353061883,0.00963192209772085,0.6505790372030303,-0.1623507328110157,0.7418821711752512,0.9841770482629192,-0.01376569199850451,0.17665232349530574,-0.17663504621926387,0.002470595759866194,0.9842733139751935,-0.013985639763927851,-0.9999021961574011,-4.336808689942018e-19,39.32398154724903,-43.78487378179094,0.5449840963737156,277.96610602317173,SLIDING
0.003579982090741396,0.10739946272224188,-6.930428311282443,-3.471281127224553,-9.54328332168794,-7.010359235331023,-3.51508329331508,-9.537711340563792,-7.714371046926212,-3.2770608633654126,-10.43893580224578,-6.219312718745926,-3.6474586102691195,-8.730835657515552,-0.0008844337469161355,-0.0025291686342299954,0.009634368717405452,0.6500253600783854,-0.1610424986537855,0.7426522368392293,0.9841770482629192,-0.01376569199850451,0.17665232349530574,-0.17663504621926387,0.002470595759866194,0.9842733139751935,-0.013985639763927851,-0.9999021961574011,-4.336808689942018e-19,39.36256263351365,-43.91762673720699,0.5477643891586457,278.08915958260326,SLIDING
0.0035899821668863297,0.10769946500658989,-6.927590653353977,-3.4731760184866074,-9.543494710491958,-7.010359235331023,-3.51508329331508,-9.537711340563792,-7.710771814727742,-3.280508081594169,-10.440148168721176,-6.217165885942371,-3.6479453834881768,-8.730139058022043,-0.0008838098581770086,-0.0025200857303567517,0.009636805786600955,0.6493938820805962,-0.15975534864956867,0.7434822220431013,0.9841770482629192,-0.01376569199850451,0.17665232349530574,-0.17663504621926387,0.002470595759866194,0.9842733139751935,-0.013985639763927851,-0.9999021961574011,-4.336808689942018e-19,39.40704168104664,-44.049773804006534,0.550545889128756,278.21673703837206,SLIDING
0.0035999820102006197,0.10799946030601859,-6.924740180426883,-3.4750554423433426,-9.543768931904795,-7.010359235331023,-3.51508329331508,-9.537711340563792,-7.707065582551467,-3.2839147447835884,-10.441495665671003,-6.215091673471408,-3.6484394463311194,-8.729439709638593,-0.0008832004890279398,-0.0025109994789102295,0.00963923318319435,0.6486843082956779,-0.15848900067283966,0.7443721547967002,0.9841770482629192,-0.01376569199850451,0.17665232349530574,-0.17663504621926387,0.002470595759866194,0.9842733139751935,-0.013985639763927851,-0.9999021961574011,-4.336808689942018e-19,39.45742808389678,-44.18129403528238,0.553328688880514,278.3493931428388,SLIDING
0.0036099818535149097,0.10829945560544729,-6.921876832896518,-3.4769193689924363,-9.544105766599985,-7.010359235331023,-3.51508329331508,-9.537711340563792,-7.703252067548697,-3.287281208622887,-10.44297794905724,-6.213090224233387,-3.6489404193156916,-8.72873750616477,-0.0008826056269572892,-0.0025019097007244516,0.009641650955405229,0.6478964536153523,-0.1572431350838281,0.7453219316923787,0.9841770482629192,-0.01376569199850451,0.17665232349530574,-0.17663504621926387,0.002470595759866194,0.9842733139751935,-0.013985639763927851,-0.9999021961574011,-4.336808689942018e-19,39.51372140933662,-44.31216734309881,0.5561128854097195,278.4877037091147,SLIDING
0.0036199819296598434,0.1085994578897953,-6.919000670367526,-3.4787677239280823,-9.544504967777046,-7.010359235331023,-3.51508329331508,-9.537711340563792,-7.699331021965628,-3.2906077888967156,-10.444594669315364,-6.2111618766382515,-3.649447873903047,-8.728032294017504,-0.0008820252607668264,-0.002492816216314271,0.009644059150581866,0.6470300631858161,-0.1560174282636224,0.7463314675208089,0.9841770482629192,-0.01376569199850451,0.17665232349530574,-0.17663504621926387,0.002470595759866194,0.9842733139751935,-0.013985639763927851,-0.9999021961574011,-4.336808689942018e-19,39.57592493233634,-44.442375232047596,0.5588984626271039,278.6324183094407,SLIDING
0.0036299817729741335,0.108899453189224,-6.916111633235263,-3.480600462446797,-9.544966264886769,-7.010359235331023,-3.51508329331508,-9.537711340563792,-7.695302054796777,-3.2938948552645653,-10.446345426386006,-6.209306871695538,-3.649961389520448,-8.727323920126437,-0.0008814594194818762,-0.002483719481438335,0.009646457648072064,0.6460848622179304,-0.15481153663299257,0.7474006548954647,0.9841770482629192,-0.01376569199850451,0.17665232349530574,-0.17663504621926387,0.002470595759866194,0.9842733139751935,-0.013985639763927851,-0.9999021961574011,-4.336808689942018e-19,39.64404187644249,-44.571901244060626,0.5616855263719653,278.78434552738844,SLIDING
0.003639981849119067,0.10919945547357202,-6.913209721499729,-3.482417495141614,-9.545489357577624,-7.010359235331023,-3.51508329331508,-9.537711340563792,-7.691164746746418,-3.297142764133008,-10.448229819911441,-6.207525589749004,-3.6504804723628195,-8.72661217485581,-0.0008809080788311668,-0.002474619104786111,0.009648846551001242,0.6450605030423543,-0.15362509053470064,0.7485294108937535,0.9841770482629192,-0.01376569199850451,0.17665232349530574,-0.17663504621926387,0.002470595759866194,0.9842733139751935,-0.013985639763927851,-0.9999021961574011,-4.336808689942018e-19,39.71807936101661,-44.70073257663242,0.5644741284713479,278.9445346407001,SLIDING
0.0036499816924333572,0.10949945077300072,-6.910294875556278,-3.4842187922102097,-9.546073916627082,-7.010359235331023,-3.51508329331508,-9.537711340563792,-7.686918649748758,-3.3003519483387382,-10.45024734394915,-6.205818323567678,-3.651004672967315,-8.725896889286046,-0.0008803712663715452,-0.0024655155424646276,0.00965122573969303,0.6439566635569912,-0.15245770636025074,0.7497175889839585,0.9841770482629192,-0.01376569199850451,0.17665232349530574,-0.17663504621926387,0.002470595759866194,0.9842733139751935,-0.013985639763927851,-0.9999021961574011,-4.336808689942018e-19,39.79804108043521,-44.82885701348536,0.5672643853344521,279.114074852067,SLIDING
0.003659981768578291,0.10979945305734873,-6.907367035800266,-3.486004279146779,-9.54671957975066,-7.010359235331023,-3.51508329331508,-9.537711340563792,-7.682563227380635,-3.3035228207039253,-10.45239748688731,-6.204185446069685,-3.651533474772216,-8.725177836587712,-0.0008798489590943432,-0.0024564084028666916,0.009653595316433203,0.6427729483960656,-0.15130898002969168,0.750965065347652,0.9841770482629192,-0.01376569199850451,0.17665232349530574,-0.17663504621926387,0.002470595759866194,0.9842733139751935,-0.013985639763927851,-0.9999021961574011,-4.336808689942018e-19,39.88393467461669,-44.956265479657525,0.5700564185955717,279.2943695220956,SLIDING
0.003669981611892581,0.11009944835677743,-6.904426202231693,-3.4877738963466767,-9.54742594997211,-7.010359235331023,-3.51508329331508,-9.537711340563792,-7.6780980873067834,-3.3066558441407965,-10.45467958319772,-6.202627313142911,-3.6520663441970647,-8.724454863388427,-0.000879341183087654,-0.0024472981424411575,0.009655955162523214,0.6415090322451616,-0.1501784782853341,0.752271617308388,0.9841770482629192,-0.01376569199850451,0.17665232349530574,-0.17663504621926387,0.002470595759866194,0.9842733139751935,-0.013985639763927851,-0.9999021961574011,-4.336808689942018e-19,39.975761046886845,-45.082950084322775,0.5728502975609846,279.4869611771818,SLIDING
0.0036799816880375147,0.11039945064112544,-6.901472315245914,-3.489527584205258,-9.548192592829453,-7.010359235331023,-3.51508329331508,-9.537711340563792,-7.673522692427799,-3.3097514969453017,-10.457092952128741,-6.201144298318902,-3.6526027337068068,-8.723727758635917,-0.0008788479166053376,-0.0024381843692899497,0.009658305379407615,0.640164519177781,-0.14906575511369785,0.753637040649054,0.9841770482629192,-0.01376569199850451,0.17665232349530574,-0.17663504621926387,0.002470595759866194,0.9842733139751935,-0.013985639763927851,-0.9999021961574011,-4.336808689942018e-19,40.073524893493165,-45.20890534765581,0.575646156820433,279.69375329575143,SLIDING
0.0036899815313518047,0.11069944594055414,-6.89850525563364,-3.4912652682167176,-9.549019032067607,-7.010359235331023,-3.51508329331508,-9.537711340563792,-7.668836308276415,-3.312810262722179,-10.459636937634912,-6.19973684048977,-3.6531420625327526,-8.722996209163217,-0.0008783691842665105,-0.0024290675401969974,0.00966064584936725,0.6387388990376718,-0.14797034774372758,0.7550611862920407,0.9841770482629192,-0.01376569199850451,0.17665232349530574,-0.17663504621926387,0.002470595759866194,0.9842733139751935,-0.013985639763927851,-0.9999021961574011,-4.336808689942018e-19,40.17723791862878,-45.334129286383224,0.5784441968029057,279.9169541509162,SLIDING
0.0036999816074967384,0.11099944822490215,-6.895524963790225,-3.492986903677571,-9.549904746320552,-7.010359235331023,-3.51508329331508,-9.537711340563792,-7.664038453372433,-3.31583268689547,-10.462310626068192,-6.1984052627347985,-3.653683750665884,-8.722260049443895,-0.0008779049655879373,-0.002419947262979088,0.00966297667300402,0.6372318220163625,-0.1468917668567017,0.7565437289670859,0.9841770482629192,-0.01376569199850451,0.17665232349530574,-0.17663504621926387,0.002470595759866194,0.9842733139751935,-0.013985639763927851,-0.9999021961574011,-4.336808689942018e-19,40.28689845362027,-45.458619268590816,0.5812445676550713,280.1590830416654,SLIDING
0.0037099814508110285,0.11129944352433085,-6.892531380111026,-3.4946924607854966,-9.550849165145936,-7.010359235331023,-3.51508329331508,-9.537711340563792,-7.659128563636991,-3.3188193525714653,-10.46511307540859,-6.197149963058636,-3.6542272123335877,-8.721519046094212,-0.0008774552837193075,-0.002410823994748693,0.009665297733579867,0.6356428698166762,-0.145829504244401,0.7580843605714686,0.9841770482629192,-0.01376569199850451,0.17665232349530574,-0.17663504621926387,0.002470595759866194,0.9842733139751935,-0.013985639763927851,-0.9999021961574011,-4.336808689942018e-19,40.40250849868531,-45.58237558499104,0.5840474283981703,280.4231271176539,SLIDING
0.0037199812941253185,0.11159943882375956,-6.88970683520441,-3.4964900623661164,-9.551052746650983,-7.010359235331023,-3.51508329331508,-9.537711340563792,-7.655509854649207,-3.321978904621126,-10.466242716451406,-6.1950458055419055,-3.6547893866683614,-8.72088259764939,-0.0008770201293369292,-0.002401697555588999,0.00966760907719426,0.6349843691770876,-0.14470020958575452,0.7588522255660947,0.9841770482629192,-0.01376569199850451,0.17665232349530574,-0.17663504621926387,0.002470595759866194,0.9842733139751935,-0.013985639763927851,-0.9999021961574011,-4.336808689942018e-19,40.449158976790905,-45.6953755490152,0.5868160627508576,270.74865210631935,NONE
0.0037299813702702522,0.11189944110810757,-6.887152001315402,-3.498424024472821,-9.55011003810492,-7.010359235331023,-3.51508329331508,-9.537711340563792,-7.654023114737383,-3.3254004656580256,-10.464687882296195,-6.191522102057027,-3.6553739456278667,-8.720495149131214,-0.0008765994944322025,-0.0023925677652967773,0.009669910749066887,0.6358700055131983,-0.14346673042167013,0.7583446665934699,0.9841770482629192,-0.01376569199850451,0.17665232349530574,-0.17663504621926387,0.002470595759866194,0.9842733139751935,-0.013985639763927851,-0.9999021961574011,-4.336808689942018e-19,40.38155353322132,-45.79101646734479,0.5895236256082814,270.7669757118731,NONE
0.0037399812135845423,0.11219943640753627,-6.884596929007816,-3.5003578971725586,-9.549167507237742,-7.010359235331023,-3.51508329331508,-9.537711340563792,-7.65236097326683,-3.328776862112252,-10.463267835616548,-6.188157050892057,-3.6559993029376643,-8.719985773550118,-0.0008761933999499267,-0.0023834350814647734,0.009672202633934717,0.6366104010325099,-0.1422706264458313,0.7579487226375788,0.9841770482629192,-0.01376569199850451,0.17665232349530574,-0.17663504621926387,0.002470595759866194,0.9842733139751935,-0.013985639763927851,-0.9999021961574011,-4.336808689942018e-19,40.324720203775385,-45.885979535385616,0.5922313904936622,270.78523809237373,NONE
0.003749981289729476,0.11249943869188428,-6.882041677886295,-3.50229169536649,-9.54822515489346,-7.010359235331023,-3.51508329331508,-9.537711340563792,-7.6505237308572305,-3.3321079284617614,-10.461983278980606,-6.184950493026548,-3.6566656371610673,-8.719353835215136,-0.0008758018285656658,-0.002374299111221772,0.009674484830286467,0.6372057555785574,-0.14111204726056786,0.7576649755502041,0.9841770482629192,-0.01376569199850451,0.17665232349530574,-0.17663504621926387,0.002470595759866194,0.9842733139751935,-0.013985639763927851,-0.9999021961574011,-4.336808689942018e-19,40.27866999242589,-45.98019687337629,0.5949392988015045,270.80342671592393,NONE
0.003759981133043766,0.11279943399131298,-6.87948350613718,-3.5042225580316666,-9.547295344786706,-7.010359235331023,-3.51508329331508,-9.537711340563792,-7.648525293570116,-3.335394692268511,-10.46083405251363,-6.181884585335111,-3.6573665599341174,-8.718623058006981,-0.0008754247997540474,-0.0023651603124726617,0.009676757223844508,0.6376698731456545,-0.13998776855026382,0.7574830410898471,0.9841770482629192,-0.01376569199850451,0.17665232349530574,-0.17663504621926387,0.002470595759866194,0.9842733139751935,-0.013985639763927851,-0.9999021961574011,-4.336808689942018e-19,40.2423952956301,-46.073673211664854,0.5976478254990063,271.2573567026768,IMPACT
0.0037699812091886997,0.11309943627566099,-6.876886174136447,-3.5061062585216645,-9.54656486332229,-7.010359235331023,-3.51508329331508,-9.537711340563792,-7.646568125406707,-3.338655124066893,-10.459817786148262,-6.178706559789046,-3.658001425457463,-8.718151812440722,-0.0008750622974546674,-0.0023560182920809346,0.009679019912249703,0.6382006807033305,-0.13884621799590008,0.7572460755250175,0.9841770482629192,-0.01376569199850451,0.17665232349530574,-0.17663504621926387,0.002470595759866194,0.9842733139751935,-0.013985639763927851,-0.9999021961574011,-4.336808689942018e-19,40.20115161636865,-46.167694560355514,0.6003590317295675,271.1268205307166,NONE
0.0037799810525029898,0.1133994315750897,-6.874288663321781,-3.507989854703534,-9.545834583954873,-7.010359235331023,-3.51508329331508,-9.537711340563792,-7.644436144365995,-3.3418700904127143,-10.458938176623732,-6.175686766241219,-3.6586773338325864,-8.71755699067541,-0.000874714339671474,-0.0023468735082568036,0.009681272782211524,0.6385866861412072,-0.1377422797477705,0.7571222547601401,0.9841770482629192,-0.01376569199850451,0.17665232349530574,-0.17663504621926387,0.002470595759866194,0.9842733139751935,-0.013985639763927851,-0.9999021961574011,-4.336808689942018e-19,40.170710725490935,-46.26085321638258,0.6030703768079224,271.1447972840563,NONE
0.0037899811286479235,0.1136994338594377,-6.871679112368869,-3.509859413991559,-9.545163347644719,-7.010359235331023,-3.51508329331508,-9.537711340563792,-7.642194005918544,-3.345045517340536,-10.458193614328362,-6.172743934871708,-3.6593623386905154,-8.716952268472799,-0.0008743809116083143,-0.0023377255676042094,0.009683515930521625,0.6388913352377548,-0.1366594875434693,0.7570614547198101,0.9841770482629192,-0.01376569199850451,0.17665232349530574,-0.17663504621926387,0.002470595759866194,0.9842733139751935,-0.013985639763927851,-0.9999021961574011,-4.336808689942018e-19,40.146351285998136,-46.35353191796194,0.6057829481931858,271.36949080700623,NONE
0.0037999809719622135,0.1139994291588664,-6.869055256301212,-3.511711911450017,-9.544563423635426,-7.010359235331023,-3.51508329331508,-9.537711340563792,-7.639854596306367,-3.3481828020840894,-10.457584615847944,-6.169862057011722,-3.660049403739202,-8.716360575929425,-0.0008740620297982767,-0.0023285749286320336,0.009685749244878118,0.6391271909976718,-0.13559417463265766,0.7570539303993565,0.9841770482629192,-0.01376569199850451,0.17665232349530574,-0.17663504621926387,0.002470595759866194,0.9842733139751935,-0.013985639763927851,-0.9999021961574011,-4.336808689942018e-19,40.12714083150139,-46.445824001936295,0.6084967659925233,271.3873595075667,NONE
0.003809981048107147,0.11429943144321442,-6.866417393142032,-3.5135477643114212,-9.544032960457715,-7.010359235331023,-3.51508329331508,-9.537711340563792,-7.637416627108149,-3.351281968197393,-10.457110767781224,-6.167042869750626,-3.6607393033174938,-8.71577875710242,-0.0008737576807097215,-0.0023194211976905964,0.009687972821222243,0.6392929379815319,-0.13454666744352203,0.7571008742081755,0.9841770482629192,-0.01376569199850451,0.17665232349530574,-0.17663504621926387,0.002470595759866194,0.9842733139751935,-0.013985639763927851,-0.9999021961574011,-4.336808689942018e-19,40.11318150119175,-46.53769405706681,0.6112118697081623,271.57928918530473,SLIDING
0.0038199808914214373,0.11459942674264312,-6.863766178542423,-3.5153677623373154,-9.543568223508062,-7.010359235331023,-3.51508329331508,-9.537711340563792,-7.634875645576639,-3.354342849128012,-10.456772612879744,-6.164291662575061,-3.66143369466073,-8.715199197393273,-0.0008734678794046606,-0.0023102648335807164,0.0096901865482422,0.6393843404354689,-0.13351775892726878,0.757205832820205,0.9841770482629192,-0.01376569199850451,0.17665232349530574,-0.17663504621926387,0.002470595759866194,0.9842733139751935,-0.013985639763927851,-0.9999021961574011,-4.336808689942018e-19,40.10479193345833,-46.629110512860635,0.6139282846613483,271.70381867539413,SLIDING
0.003829980967566371,0.11489942902699113,-6.8611024469674105,-3.517172635684598,-9.543165829757216,-7.010359235331023,-3.51508329331508,-9.537711340563792,-7.632228308536667,-3.3573653090313993,-10.456570238307227,-6.161613059493535,-3.6621340934769764,-8.714615365955657,-0.0008731926136159726,-0.002301105442404642,0.009692390521027288,0.6393979343665792,-0.13250816715025096,0.7573716836311173,0.9841770482629192,-0.01376569199850451,0.17665232349530574,-0.17663504621926387,0.002470595759866194,0.9842733139751935,-0.013985639763927851,-0.9999021961574011,-4.336808689942018e-19,40.10223218057013,-46.7200335492998,0.6166457972618513,271.8163779266326,SLIDING
0.003839980810880661,0.11519942432641983,-6.858426019603061,-3.5189623098474625,-9.5428258751314,-7.010359235331023,-3.51508329331508,-9.537711340563792,-7.629474659582859,-3.3603495390121063,-10.45650364836702,-6.159006679944986,-3.6628401843248874,-8.714027441827037,-0.0008729318969345138,-0.0022919434832486827,0.009694584629257739,0.6393339041903794,-0.13151767187512223,0.757598350669558,0.9841770482629192,-0.01376569199850451,0.17665232349530574,-0.17663504621926387,0.002470595759866194,0.9842733139751935,-0.013985639763927851,-0.9999021961574011,-4.336808689942018e-19,40.105488490866314,-46.81044801917676,0.6193645655230231,271.94067593682337,SLIDING
0.003849980654194951,0.11549941962584853,-6.85573683684473,-3.52073666561662,-9.542548475114616,-7.010359235331023,-3.51508329331508,-9.537711340563792,-7.626614937514339,-3.363295804315386,-10.456572773857438,-6.156472193642278,-3.663551499255899,-8.713435708020068,-0.000872685723809243,-0.0022827787754109365,0.00969676891650116,0.6391924973356788,-0.13054595432196203,0.7578856807988567,0.9841770482629192,-0.01376569199850451,0.17665232349530574,-0.17663504621926387,0.002470595759866194,0.9842733139751935,-0.013985639763927851,-0.9999021961574011,-4.336808689942018e-19,40.114540828638944,-46.90034645834237,0.6220846260648738,272.06861508600497,SLIDING
0.0038599807303398848,0.11579942191019654,-6.853034958297061,-3.5224956582885865,-9.542333558460685,-7.010359235331023,-3.51508329331508,-9.537711340563792,-7.623649200235769,-3.36620434362353,-10.456777545084833,-6.154009661732113,-3.6642677365068823,-8.712840091880267,-0.0008724540900057299,-0.0022736111379415736,0.009698943425435869,0.6389737123928938,-0.12959277951450107,0.7582336753063327,0.9841770482629192,-0.01376569199850451,0.17665232349530574,-0.17663504621926387,0.002470595759866194,0.9842733139751935,-0.013985639763927851,-0.9999021961574011,-4.336808689942018e-19,40.12938632497497,-46.98971756195681,0.624805932196308,272.20039330973447,SLIDING
0.003869980573654175,0.11609941720962524,-6.850320264750766,-3.5242392282587174,-9.542181027380737,-7.010359235331023,-3.51508329331508,-9.537711340563792,-7.620577247591516,-3.369075391920506,-10.45711788524003,-6.151619038431745,-3.664988569251432,-8.712240476588056,-0.0008722370069074376,-0.0022644410303428284,0.009701108047232995,0.6386774822433785,-0.12865790318735928,0.7586423515878158,0.9841770482629192,-0.01376569199850451,0.17665232349530574,-0.17663504621926387,0.002470595759866194,0.9842733139751935,-0.013985639763927851,-0.9999021961574011,-4.336808689942018e-19,40.15002553626772,-47.078551630653884,0.6275286176945034,272.33636216998696,SLIDING
0.0038799806497991085,0.11639941949397326,-6.847592815810489,-3.5259673010212067,-9.542090764528128,-7.010359235331023,-3.51508329331508,-9.537711340563792,-7.617399083111778,-3.3719092358348317,-10.457593638890767,-6.149300434211034,-3.665713595398275,-8.71163677934431,-0.0008720344654095843,-0.0022552680581215162,0.009703262874845693,0.6383037603916281,-0.12774102589714925,0.7591116780636766,0.9841770482629192,-0.01376569199850451,0.17665232349530574,-0.17663504621926387,0.002470595759866194,0.9842733139751935,-0.013985639763927851,-0.9999021961574011,-4.336808689942018e-19,40.176455971828965,-47.166843377004035,0.6302526436018727,272.47682333819114,SLIDING
0.0038899804931133986,0.11669941479340196,-6.8448524922669405,-3.527679846773732,-9.542062632067116,-7.010359235331023,-3.51508329331508,-9.537711340563792,-7.614114510049061,-3.3747061567414165,-10.458204590361378,-6.147053800195704,-3.6664425028757703,-8.711028932921995,-0.0008718464754239602,-0.0022460926810484935,0.009705407800441095,0.6378524825449378,-0.12684188962363224,0.7596415901910365,0.9841770482629192,-0.01376569199850451,0.17665232349530574,-0.17663504621926387,0.002470595759866194,0.9842733139751935,-0.013985639763927851,-0.9999021961574011,-4.336808689942018e-19,40.208675093383036,-47.25458384949908,0.6329781511802128,272.6222719129725,SLIDING
0.0038999805692583323,0.11699941707774997,-6.842099353724765,-3.5293767910104874,-9.542096470741543,-7.010359235331023,-3.51508329331508,-9.537711340563792,-7.610723370635029,-3.377466398209144,-10.458950571882633,-6.14487939316975,-3.6671749286521,-8.710416785787165,-0.0008716730291109389,-0.0022369145044026156,0.009707542916115482,0.6373234684631649,-0.12596023062737208,0.7602320809110734,0.9841770482629192,-0.01376569199850451,0.17665232349530574,-0.17663504621926387,0.002470595759866194,0.9842733139751935,-0.013985639763927851,-0.9999021961574011,-4.336808689942018e-19,40.2466875293371,-47.341766168295706,0.6357051088753511,272.77309433109247,SLIDING
0.003909980412572622,0.11729941237717867,-6.839333340579318,-3.5310581039291504,-9.542192097080859,-7.010359235331023,-3.51508329331508,-9.537711340563792,-7.607225470535124,-3.380190322248496,-10.459831284776252,-6.142777275742223,-3.6679104875109783,-8.709800258974381,-0.0008715141349105032,-0.002227733988217064,0.009709668115033408,0.636716606431696,-0.12509572402716623,0.7608830546964652,0.9841770482629192,-0.01376569199850451,0.17665232349530574,-0.17663504621926387,0.002470595759866194,0.9842733139751935,-0.013985639763927851,-0.9999021961574011,-4.336808689942018e-19,40.29049131633941,-47.42838772672419,0.6384336073490573,272.92980981433845,SLIDING
0.003919980488717556,0.11759941466152668,-6.8365544528306,-3.532723711023915,-9.542349308056744,-7.010359235331023,-3.51508329331508,-9.537711340563792,-7.6036205948876665,-3.382878198011942,-10.460846420480857,-6.1407476428144685,-3.668648793213679,-8.709179245184508,-0.0008713697862482016,-0.0022185507375483172,0.009711783488433044,0.6360317182926949,-0.12424808487032049,0.7615944240418913,0.9841770482629192,-0.01376569199850451,0.17665232349530574,-0.17663504621926387,0.002470595759866194,0.9842733139751935,-0.013985639763927851,-0.9999021961574011,-4.336808689942018e-19,40.340088058682205,-47.514443152685594,0.6411636814411317,273.0930388296726,SLIDING
0.00392998056486249,0.11789941694587469,-6.833762630873966,-3.534373567591298,-9.542567874563845,-7.010359235331023,-3.51508329331508,-9.537711340563792,-7.599908387351318,-3.3855303677948165,-10.461995670150674,-6.1387907039521235,-3.66938945000953,-8.708553587644841,-0.0008712399873779039,-0.002209364998762284,0.009713888979290602,0.6352685579996497,-0.12341699226726674,0.762366122828623,0.9841770482629192,-0.01376569199850451,0.17665232349530574,-0.17663504621926387,0.002470595759866194,0.9842733139751935,-0.013985639763927851,-0.9999021961574011,-4.336808689942018e-19,40.395482926452146,-47.59993112008712,0.643895429669719,273.26329593937203,SLIDING
0.003939980175346136,0.11819940526038408,-6.83095781510477,-3.5360076289278153,-9.542847543282422,-7.010359235331023,-3.51508329331508,-9.537711340563792,-7.596088571068594,-3.3881472070163436,-10.463278589858945,-6.136906596620911,-3.670132032101129,-8.707923205935545,-0.0008711247435049224,-0.0022001772324464126,0.009715984482967082,0.6344269454120361,-0.12260209786295026,0.7631979930101738,0.9841770482629192,-0.01376569199850451,0.17665232349530574,-0.17663504621926387,0.002470595759866194,0.9842733139751935,-0.013985639763927851,-0.9999021961574011,-4.336808689942018e-19,40.456674768965314,-47.684851645387944,0.6466289548304864,273.4414651155231,SLIDING
0.00394998025149107,0.1184994075447321,-6.828140065127658,-3.5376258354288224,-9.543188034815701,-7.010359235331023,-3.51508329331508,-9.537711340563792,-7.592160856695098,-3.3907290441921707,-10.464694764236926,-6.135095696957657,-3.6708761278193527,-8.707287944000221,-0.0008710240448669041,-0.0021909866154313554,0.009718070186804012,0.633506591190192,-0.12180307983790521,0.764089921842046,0.9841770482629192,-0.01376569199850451,0.17665232349530574,-0.17663504621926387,0.002470595759866194,0.9842733139751935,-0.013985639763927851,-0.9999021961574011,-4.336808689942018e-19,40.523669153676174,-47.769203787711895,0.6493642467975018,273.6283811345832,SLIDING
0.0039599803276360035,0.1187994098290801,-6.825309202128696,-3.539228157291997,-9.543589042758557,-7.010359235331023,-3.51508329331508,-9.537711340563792,-7.588124691823112,-3.3932762292431917,-10.46624371974918,-6.133358165035889,-3.6716213629143977,-8.706647647037888,-0.0008709378972503066,-0.002181793608207851,0.00972014598576717,0.6325071855596622,-0.12101962333530702,0.7650417707440396,0.9841770482629192,-0.01376569199850451,0.17665232349530574,-0.17663504621926387,0.002470595759866194,0.9842733139751935,-0.013985639763927851,-0.9999021961574011,-4.336808689942018e-19,40.59647176541728,-47.85298611538749,0.6521015352722621,273.82495808727754,SLIDING
0.00396997993811965,0.1190993981435895,-6.822465345317172,-3.540814534912694,-9.5440502313692,-7.010359235331023,-3.51508329331508,-9.537711340563792,-7.583979841816756,-3.3957891710403034,-10.467924900924672,-6.1316944410383645,-3.6723672528267763,-8.706002178623475,-0.0008708663036521451,-0.0021725986717216162,0.00972221177672204,0.6314284351210402,-0.12025133990716222,0.7660533575222596,0.9841770482629192,-0.01376569199850451,0.17665232349530574,-0.17663504621926387,0.002470595759866194,0.9842733139751935,-0.013985639763927851,-0.9999021961574011,-4.336808689942018e-19,40.67508559821726,-47.93620338573,0.6548407614207914,274.03225917976187,SLIDING
0.003979980014264584,0.11939940042793751,-6.819608315879154,-3.542384938488591,-9.54457123510352,-7.010359235331023,-3.51508329331508,-9.537711340563792,-7.579725757973613,-3.3982682467318996,-10.469737675789977,-6.130104681677528,-3.673113398608581,-8.705351414891286,-0.0008708092582615756,-0.0021634009821587803,0.00972426774431909,0.6302700331722109,-0.11949789212029628,0.7671244612603005,0.9841770482629192,-0.01376569199850451,0.17665232349530574,-0.17663504621926387,0.002470595759866194,0.9842733139751935,-0.013985639763927851,-0.9999021961574011,-4.336808689942018e-19,40.75951331991608,-48.018855861767555,0.6575821653916218,274.251435986042,SLIDING
0.003989980090409517,0.11969940271228552,-6.8167381138146395,-3.543939338217366,-9.54515165675244,-7.010359235331023,-3.51508329331508,-9.537711340563792,-7.575361982860266,-3.400713913147248,-10.471681414784687,-6.128589301891895,-3.673859329033268,-8.704695169398478,-0.0008707667646567128,-0.002154201000372305,0.009726313785027484,0.6290316004210307,-0.11875887647218243,0.7682548892983513,0.9841770482629192,-0.01376569199850451,0.17665232349530574,-0.17663504621926387,0.002470595759866194,0.9842733139751935,-0.013985639763927851,-0.9999021961574011,-4.336808689942018e-19,40.84976149992097,-48.10095052919632,0.6603258169424144,274.48381939657037,SLIDING
0.003999980166554451,0.11999940499663353,-6.81413595383768,-3.5456423025232437,-9.544612881986412,-7.010359235331023,-3.51508329331508,-9.537711340563792,-7.573055809174307,-3.4034997151331097,-10.471066997211466,-6.12571865232107,-3.6745800497090793,-8.704225010332568,-0.0008707388229889824,-0.0021449987590408766,0.009728349891579433,0.6292770247187988,-0.11786101503303027,0.7681921682082162,0.9841770482629192,-0.01376569199850451,0.17665232349530574,-0.17663504621926387,0.002470595759866194,0.9842733139751935,-0.013985639763927851,-0.9999021961574011,-4.336808689942018e-19,40.830652606357404,-48.17728558152334,0.6630054213640246,266.47658901357823,NONE
0.004009979777038097,0.12029939331114292,-6.811584994250583,-3.547367305646527,-9.54387418672255,-7.010359235331023,-3.51508329331508,-9.537711340563792,-7.571048040494183,-3.4063137716219045,-10.470049586698774,-6.1226749634744095,-3.6753171709449397,-8.703739138075168,-0.000870725433310969,-0.0021357947195654934,0.009730375962850724,0.629727424791206,-0.11695799970566732,0.7679610646189593,0.9841770482629192,-0.01376569199850451,0.17665232349530574,-0.17663504621926387,0.002470595759866194,0.9842733139751935,-0.013985639763927851,-0.9999021961574011,-4.336808689942018e-19,40.796462912521136,-48.25144297376763,0.6656702553370994,266.49443719405275,NONE
0.004019979853183031,0.12059939559549093,-6.809033796244907,-3.5490922491651657,-9.543135667012992,-7.010359235331023,-3.51508329331508,-9.537711340563792,-7.568866524635269,-3.4090846629138727,-10.469166546762965,-6.119788426257218,-3.6760933337213437,-8.703131712872457,-0.0008707265950806104,-0.0021265880573138655,0.009732392179895124,0.6300339558165441,-0.11609072643803102,0.7678412321263082,0.9841770482629192,-0.01376569199850451,0.17665232349530574,-0.17663504621926387,0.002470595759866194,0.9842733139751935,-0.013985639763927851,-0.9999021961574011,-4.336808689942018e-19,40.772905505211824,-48.324378719402965,0.6683352921236931,266.5122474633735,NONE
0.004029979929327965,0.12089939787983894,-6.806466803008365,-3.5507982831102494,-9.542474873622867,-7.010359235331023,-3.51508329331508,-9.537711340563792,-7.566595354849881,-3.411821807692341,-10.468418291736144,-6.11695309113907,-3.6768640455339368,-8.702550256059833,-0.0008707423089316205,-0.0021173792335992285,0.009734398441191177,0.6302792450916568,-0.11523575558330267,0.7677687111636137,0.9841770482629192,-0.01376569199850451,0.17665232349530574,-0.17663504621926387,0.002470595759866194,0.9842733139751935,-0.013985639763927851,-0.9999021961574011,-4.336808689942018e-19,40.75387867364865,-48.39706504252452,0.6710018833756859,266.78667047181614,NONE
0.0040399800054728985,0.12119940016418695,-6.803882941657352,-3.5524836565953377,-9.541898497639211,-7.010359235331023,-3.51508329331508,-9.537711340563792,-7.564241184792288,-3.4145263820506924,-10.467805740341488,-6.11416087648265,-3.677624900428634,-8.702006694843966,-0.0008707727214952407,-0.0021081682600100128,0.00973639463911146,0.6304696992650599,-0.11439066016432242,0.7677387154337049,0.9841770482629192,-0.01376569199850451,0.17665232349530574,-0.17663504621926387,0.002470595759866194,0.9842733139751935,-0.013985639763927851,-0.9999021961574011,-4.336808689942018e-19,40.73891125239765,-48.46961691951268,0.673669878902265,266.8043646198069,NONE
0.004049979615956545,0.12149938847869635,-6.801289960795688,-3.5541581522327546,-9.541366528047236,-7.010359235331023,-3.51508329331508,-9.537711340563792,-7.561761649037781,-3.4171934660200294,-10.467327961209783,-6.111464989399744,-3.678399017750512,-8.701425569006881,-0.000870817683987422,-0.002098955620050534,0.009738380774358402,0.6305637650600158,-0.11356763118716627,0.7677836487838702,0.9841770482629192,-0.01376569199850451,0.17665232349530574,-0.17663504621926387,0.002470595759866194,0.9842733139751935,-0.013985639763927851,-0.9999021961574011,-4.336808689942018e-19,40.73108065098071,-48.541462132292246,0.6763388554085488,266.9993181034129,NONE
0.004059979692101479,0.12179939076304436,-6.798683032447147,-3.555815720151055,-9.540903270503494,-7.010359235331023,-3.51508329331508,-9.537711340563792,-7.559182647991139,-3.4198264160032648,-10.466985520363842,-6.108832728155144,-3.6791718151830115,-8.700852718461329,-0.0008708771996514975,-0.0020897404885304506,0.00974035702539528,0.6305869216678242,-0.11275886920858555,0.7678838269141359,0.9841770482629192,-0.01376569199850451,0.17665232349530574,-0.17663504621926387,0.002470595759866194,0.9842733139751935,-0.013985639763927851,-0.9999021961574011,-4.336808689942018e-19,40.72850308117194,-48.61294257839099,0.6790091875465567,267.13252929584394,NONE
0.004069979768246412,0.12209939304739237,-6.796062395030307,-3.5574567105275277,-9.540506935937318,-7.010359235331023,-3.51508329331508,-9.537711340563792,-7.556502535493973,-3.4224252564116253,-10.466778164445744,-6.106266040669931,-3.6799439384062884,-8.700284961089386,-0.0008709512668592205,-0.0020805233270983917,0.00974232329224831,0.6305376064452358,-0.1119646443455057,0.7680405231984165,0.9841770482629192,-0.01376569199850451,0.17665232349530574,-0.17663504621926387,0.002470595759866194,0.9842733139751935,-0.013985639763927851,-0.9999021961574011,-4.336808689942018e-19,40.731294329404435,-48.68403138797212,0.6816809615341217,267.227942580421,SLIDING
0.004079979378730059,0.12239938136190176,-6.793428883010196,-3.5590821291905526,-9.540173331534477,-7.010359235331023,-3.51508329331508,-9.537711340563792,-7.553716897853407,-3.4249896130002915,-10.466705803269333,-6.1037705220207785,-3.6807176451151244,-8.699714382576945,-0.0008710398811931806,-0.002071304597795082,0.00974427947685676,0.6304114677533167,-0.11118610091949252,0.768257139431473,0.9841770482629192,-0.01376569199850451,0.17665232349530574,-0.17663504621926387,0.002470595759866194,0.9842733139751935,-0.013985639763927851,-0.9999021961574011,-4.336808689942018e-19,40.73977534272923,-48.7546576973794,0.684354110626213,267.38529941967136,SLIDING
0.004089979454874992,0.12269938364624977,-6.790782675200748,-3.560692162404645,-9.53990124098769,-7.010359235331023,-3.51508329331508,-9.537711340563792,-7.550824345608811,-3.4275195943060823,-10.466768446115221,-6.1013477736057515,-3.6814931920809397,-8.699138654884162,-0.0008711430499614793,-0.0020620834748579365,0.009746225754895907,0.630207205218722,-0.11042330338037272,0.7685346918395903,0.9841770482629192,-0.01376569199850451,0.17665232349530574,-0.17663504621926387,0.002470595759866194,0.9842733139751935,-0.013985639763927851,-0.9999021961574011,-4.336808689942018e-19,40.75403967971485,-48.824807068369374,0.6870286762658289,267.5293291866892,SLIDING
0.004099979531019926,0.12299938593059778,-6.788123711997318,-3.5622867729169014,-9.539690575821313,-7.010359235331023,-3.51508329331508,-9.537711340563792,-7.547824937777228,-3.430015506661774,-10.46696585817458,-6.098997628218302,-3.6822702303837644,-8.698557822274442,-0.0008712607693276925,-0.002052860420247741,0.00974816202790623,0.6299249171995329,-0.10967596683564809,0.7688730590870171,0.9841770482629192,-0.01376569199850451,0.17665232349530574,-0.17663504621926387,0.002470595759866194,0.9842733139751935,-0.013985639763927851,-0.9999021961574011,-4.336808689942018e-19,40.77407606263986,-48.89447835385814,0.6897047322311103,267.6769366074453,SLIDING
0.00410997960716486,0.1232993882149458,-6.78545205300455,-3.5638659085732582,-9.539541201924893,-7.010359235331023,-3.51508329331508,-9.537711340563792,-7.544718497091284,-3.4324775621913677,-10.467297990588001,-6.096720360330023,-3.683048468142517,-8.697971673305986,-0.0008713930388732627,-0.002043635466725332,0.009750088289010308,0.6295644072875048,-0.10894387215267365,0.7692723118617457,0.9841770482629192,-0.01376569199850451,0.17665232349530574,-0.17663504621926387,0.002470595759866194,0.9842733139751935,-0.013985639763927851,-0.9999021961574011,-4.336808689942018e-19,40.799893594436796,-48.963668005928284,0.6923822428335189,267.8296153054894,SLIDING
0.004119979217648506,0.12359937652945518,-6.782767638617801,-3.56542950231849,-9.539452978668722,-7.010359235331023,-3.51508329331508,-9.537711340563792,-7.541504980845098,-3.4349060156593265,-10.467764539800951,-6.0945158950073814,-3.6838275463788666,-8.69738021513843,-0.0008715398512363798,-0.0020344090767191263,0.009752004442172628,0.6291256894946596,-0.10822675248675663,0.7697323150706612,0.9841770482629192,-0.01376569199850451,0.17665232349530574,-0.17663504621926387,0.002470595759866194,0.9842733139751935,-0.013985639763927851,-0.9999021961574011,-4.336808689942018e-19,40.83148443568499,-49.03237398898653,0.6950612906540812,267.98782252702955,SLIDING
0.00412997929379344,0.1238993788138032,-6.780070409232425,-3.5669775094491127,-9.539425742140027,-7.010359235331023,-3.51508329331508,-9.537711340563792,-7.53818414189649,-3.437301188373988,-10.468365304054657,-6.0923843427612985,-3.684607088379475,-8.696783318189166,-0.0008717012189937871,-0.0020251804237673217,0.009753910659445836,0.6286086083196486,-0.10752430435021161,0.7702530373328221,0.9841770482629192,-0.01376569199850451,0.17665232349530574,-0.17663504621926387,0.002470595759866194,0.9842733139751935,-0.013985639763927851,-0.9999021961574011,-4.336808689942018e-19,40.86885180325053,-49.10059939858241,0.6977419626945185,268.1520417864349,SLIDING
0.0041399793699383736,0.12419938109815121,-6.777360305243778,-3.5685098852616433,-9.539459306074294,-7.010359235331023,-3.51508329331508,-9.537711340563792,-7.534755772355998,-3.439663362834902,-10.469099973024681,-6.090325778496505,-3.685386752634513,-8.69618090872861,-0.0008718771353645975,-0.002015949970223925,0.009755806844394246,0.6280130408084755,-0.10683625643461361,0.7708343757809001,0.9841770482629192,-0.01376569199850451,0.17665232349530574,-0.17663504621926387,0.002470595759866194,0.9842733139751935,-0.013985639763927851,-0.9999021961574011,-4.336808689942018e-19,40.91199516278708,-49.16834393847324,0.7004243499050382,268.3227959401366,SLIDING
0.004149979446083307,0.12449938338249922,-6.7746373862565035,-3.5700265776020172,-9.53955346371791,-7.010359235331023,-3.51508329331508,-9.537711340563792,-7.531219642595142,-3.4419928299223357,-10.469968284343741,-6.088340524181433,-3.6861661758229776,-8.695572830450397,-0.0008720675997236383,-0.0020067177488758622,0.009757692990283017,0.627338747136395,-0.10616232430462688,0.771476284301454,0.9841770482629192,-0.01376569199850451,0.17665232349530574,-0.17663504621926387,0.002470595759866194,0.9842733139751935,-0.013985639763927851,-0.9999021961574011,-4.336808689942018e-19,40.960921176466044,-49.23560968701501,0.7031084294296868,268.50065047176923,SLIDING
0.004159979056566954,0.12479937169700861,-6.771901533061313,-3.571527541766751,-9.53970798130891,-7.010359235331023,-3.51508329331508,-9.537711340563792,-7.527575538959267,-3.444289912476728,-10.470969744775207,-6.086428546278317,-3.6869449798417584,-8.694959084962399,-0.0008722726017652958,-0.001997484222512488,0.009759569003107265,0.6265856489917172,-0.10550220320218708,0.7721785477446996,0.9841770482629192,-0.01376569199850451,0.17665232349530574,-0.17663504621926387,0.002470595759866194,0.9842733139751935,-0.013985639763927851,-0.9999021961574011,-4.336808689942018e-19,41.015623241656634,-49.30239851076953,0.7057943592707314,268.6862453373719,SLIDING
0.004169979132711887,0.12509937398135662,-6.769152805262851,-3.5730127330523613,-9.539922602733585,-7.010359235331023,-3.51508329331508,-9.537711340563792,-7.52382312758136,-3.446554903749585,-10.47210402907251,-6.084590261310517,-3.687722813427912,-8.694339478861432,-0.0008724921593340124,-0.001988248564020992,0.009761435051286895,0.6257534201177577,-0.10485561290362051,0.7729411087874256,0.9841770482629192,-0.01376569199850451,0.17665232349530574,-0.17663504621926387,0.002470595759866194,0.9842733139751935,-0.013985639763927851,-0.9999021961574011,-4.336808689942018e-19,41.07611162207071,-49.36871282236562,0.7084821253943563,268.8802655219435,SLIDING
0.004179979208856821,0.12539937626570463,-6.766391024047183,-3.574482114205945,-9.540197045801195,-7.010359235331023,-3.51508329331508,-9.537711340563792,-7.519962024480435,-3.448788194565657,-10.473370596360283,-6.082825676571427,-3.688499251018674,-8.69371396460995,-0.0008727262627050622,-0.001979011236121448,0.009763291040416082,0.6248418903952209,-0.10422219845783345,0.7737637529349272,0.9841770482629192,-0.01376569199850451,0.17665232349530574,-0.17663504621926387,0.002470595759866194,0.9842733139751935,-0.013985639763927851,-0.9999021961574011,-4.336808689942018e-19,41.1423836842854,-49.43455969398839,0.7111719531219673,269.08350514725004,SLIDING
0.004189979285001755,0.12569937855005264,-6.763659581595706,-3.5759646754366043,-9.540345804093393,-7.010359235331023,-3.51508329331508,-9.537711340563792,-7.516301012387002,-3.451052031553821,-10.474374067930313,-6.080937448090421,-3.689273115876535,-8.693087411248147,-0.0008729749110466719,-0.0019697722716252954,0.00976513696390246,0.6240711149115568,-0.10357438448813651,0.7744724594270286,0.9841770482629192,-0.01376569199850451,0.17665232349530574,-0.17663504621926387,0.002470595759866194,0.9842733139751935,-0.013985639763927851,-0.9999021961574011,-4.336808689942018e-19,41.19828712391688,-49.49992566311277,0.7138543060746763,263.19442006134227,SLIDING
0.004199978895485401,0.12599936686456203,-6.761115893775272,-3.5775466721159104,-9.53974543165228,-7.010359235331023,-3.51508329331508,-9.537711340563792,-7.514088803999284,-3.453568336331771,-10.473631001899804,-6.078093074795789,-3.6900076003244364,-8.692616476368938,-0.000873238091109907,-0.001960532133655935,0.009766972729777411,0.6243459692189108,-0.10279967999681097,0.7743541415351586,0.9841770482629192,-0.01376569199850451,0.17665232349530574,-0.17663504621926387,0.002470595759866194,0.9842733139751935,-0.013985639763927851,-0.9999021961574011,-4.336808689942018e-19,41.17749804160222,-49.56492173956913,0.7164855797112093,263.1317678806832,NONE
0.004209978971630335,0.12629936914891005,-6.758572027140903,-3.5791285197836045,-9.53914547271839,-7.010359235331023,-3.51508329331508,-9.537711340563792,-7.511703733478776,-3.456043950620594,-10.473021219985725,-6.075405163976218,-3.6907787109937815,-8.692025427874624,-0.0008735158260059822,-0.0019512899944975014,0.009768798502818454,0.6244776389141555,-0.10205859146660332,0.7743459965700441,0.9841770482629192,-0.01376569199850451,0.17665232349530574,-0.17663504621926387,0.002470595759866194,0.9842733139751935,-0.013985639763927851,-0.9999021961574011,-4.336808689942018e-19,41.16723292140055,-49.62855177048659,0.7191169542340532,263.1494094343118,NONE
0.0042199790477752686,0.12659937143325806,-6.75601337855463,-3.5806927542787674,-9.538616589529427,-6.764168036663136,-3.518526771518099,-9.493521885683151,-7.509222107330396,-3.4584880932463586,-10.47254577384134,-6.072776648224819,-3.6915447795474527,-8.691448071865022,-0.0008738081030668745,-0.0019420463172095642,0.009770614190654756,0.6245415039589465,-0.10132899404395397,0.774390305207095,0.9726630188025028,-0.07911418655418857,0.21832910328188262,-0.21761045373444826,0.017699936874421715,0.9758751983015702,-0.08106998383797462,-0.9967084115831022,0.0,38.32028206979526,-53.11930048240075,0.7238392370322355,272.58780924688153,NONE
0.004229978658258915,0.12689935974776745,-6.75344328587656,-3.58224300403415,-9.538143767302843,-6.764168036663136,-3.518526771518099,-9.493521885683151,-7.506627649788716,-3.4608990791948147,-10.472204822831008,-6.070228656949868,-3.6923142542536826,-8.690855629066906,-0.0008741149068368862,-0.0019328015651484396,0.009772419702848315,0.6245213012342817,-0.10061529350385563,0.774499649462653,0.9726630188025028,-0.07911418655418857,0.21832910328188262,-0.21761045373444826,0.017699936874421715,0.9758751983015702,-0.08106998383797462,-0.9967084115831022,0.0,38.32510911709511,-53.185585859368594,0.7265649487361845,272.3153295688366,SLIDING
0.004239978734403849,0.12719936203211546,-6.750858053618717,-3.5837746049862984,-9.537745059726747,-6.764168036663136,-3.518526771518099,-9.493521885683151,-7.503939792187646,-3.463279637103867,-10.471998744408042,-6.067736516289715,-3.693075765118893,-8.690282187306618,-0.0008744362643762671,-0.0019235549101774769,0.009774215201438452,0.6244362069121441,-0.09991136000653295,0.7746593726527932,0.9726630188025028,-0.07911418655418857,0.21832910328188262,-0.21761045373444826,0.017699936874421715,0.9758751983015702,-0.08106998383797462,-0.9967084115831022,0.0,38.33467894811965,-53.250936209932064,0.7292877293794184,272.1450507621744,SLIDING
0.004249978810548782,0.12749936431646347,-6.74826054280405,-3.5852913345795754,-9.537405262960108,-6.764168036663136,-3.518526771518099,-9.493521885683151,-7.501142170365755,-3.4656278623563903,-10.471927064678557,-6.065320526459943,-3.6938382437936625,-8.689699181186699,-0.000874772160810092,-0.0019143068155931745,0.009776000595584191,0.6242702799590488,-0.09922190497272716,0.7748816884747204,0.9726630188025028,-0.07911418655418857,0.21832910328188262,-0.21761045373444826,0.017699936874421715,0.9758751983015702,-0.08106998383797462,-0.9967084115831022,0.0,38.350139715110984,-53.3148903756387,0.7320084144411378,271.9586257177205,SLIDING
0.004259978886693716,0.12779936660081148,-6.745650276595401,-3.586792507360566,-9.537126962354394,-6.764168036663136,-3.518526771518099,-9.493521885683151,-7.498237922296155,-3.4679443408447357,-10.471989539659736,-6.062976931623757,-3.6945998515849885,-8.68911176255185,-0.0008751225949449472,-0.0019050573142451572,0.009777775878943977,0.6240265176836516,-0.09854587423489271,0.7751642509164727,0.9726630188025028,-0.07911418655418857,0.21832910328188262,-0.21761045373444826,0.017699936874421715,0.9758751983015702,-0.08106998383797462,-0.9967084115831022,0.0,38.37127127946354,-53.377523308118114,0.7347268490366545,271.7403060825852,SLIDING
0.0042699784971773624,0.12809935491532087,-6.743027314597415,-3.5882782872420433,-9.536909141836675,-6.764168036663136,-3.518526771518099,-9.493521885683151,-7.495225864663925,-3.4702292100201473,-10.472186023961143,-6.060706918839939,-3.6953607764089353,-8.688518125531793,-0.0008754875483832725,-0.0018958068697770129,0.009779540963125216,0.6237038894886895,-0.0978832897342556,0.7755077819258042,0.9726630188025028,-0.07911418655418857,0.21832910328188262,-0.21761045373444826,0.017699936874421715,0.9758751983015702,-0.08106998383797462,-0.9967084115831022,0.0,38.39814349249683,-53.43881025681441,0.7374432099968509,271.53185471405,SLIDING
0.004279978573322296,0.12839935719966888,-6.740391716414737,-3.589748607168782,-9.536751678472372,-6.764168036663136,-3.518526771518099,-9.493521885683151,-7.492105957990437,-3.4724826592246867,-10.472516331607235,-6.058510637591717,-3.696120718631927,-8.687918204376496,-0.0008758670534495935,-0.001886554653533109,0.009781296006508147,0.6233023132168346,-0.09723393887271328,0.7759122292307556,0.9726630188025028,-0.07911418655418857,0.21832910328188262,-0.21761045373444826,0.017699936874421715,0.9758751983015702,-0.08106998383797462,-0.9967084115831022,0.0,38.43075614291246,-53.49874914763361,0.7401574608816723,271.3294537410409,SLIDING
0.00428997864946723,0.1286993594840169,-6.737743362838077,-3.591203429887879,-9.536654413005325,-6.764168036663136,-3.518526771518099,-9.493521885683151,-7.488877949109601,-3.4747049772020726,-10.472980228851542,-6.05638809018221,-3.6968793452890516,-8.687311907400066,-0.0008762610923269489,-0.0018773011291022888,0.009783040920296186,0.6228216777945178,-0.09659755134216481,0.7763775310658597,0.9726630188025028,-0.07911418655418857,0.21832910328188262,-0.21761045373444826,0.017699936874421715,0.9758751983015702,-0.08106998383797462,-0.9967084115831022,0.0,38.46911005756206,-53.55734401154479,0.7428697494646048,271.1335469539438,SLIDING
0.0042999787256121635,0.1289993617683649,-6.73508219426279,-3.5926427032452706,-9.536617165690275,-6.764168036663136,-3.518526771518099,-9.493521885683151,-7.485541675690976,-3.476896437114215,-10.473577388006476,-6.054339310189491,-3.6976363091316538,-8.686699189055949,-0.0008766696636153888,-0.0018680463293535158,0.009784775698291528,0.6222618980441238,-0.09597385739888652,0.776903564761099,0.9726630188025028,-0.07911418655418857,0.21832910328188262,-0.21761045373444826,0.017699936874421715,0.9758751983015702,-0.08106998383797462,-0.9967084115831022,0.0,38.513202804654306,-53.61459961417331,0.7455801688383801,270.9447122812507,SLIDING
0.00430997833609581,0.1292993500828743,-6.732408329898166,-3.5940663825374726,-9.536639733498903,-6.764168036663136,-3.518526771518099,-9.493521885683151,-7.482097074097333,-3.479057307630246,-10.474307472680339,-6.05236458268319,-3.698391281195495,-8.686079967289935,-0.0008770927459767893,-0.0018587907181906547,0.009786500254152175,0.6216228223539751,-0.09536259720228223,0.7774902197349585,0.9726630188025028,-0.07911418655418857,0.21832910328188262,-0.21761045373444826,0.017699936874421715,0.9758751983015702,-0.08106998383797462,-0.9967084115831022,0.0,38.563035437883244,-53.67052053435633,0.7482886438428391,270.7636218198277,SLIDING
0.004319978412240744,0.1295993523672223,-6.729721590930271,-3.595474430511582,-9.536721891982468,-6.764168036663136,-3.518526771518099,-9.493521885683151,-7.478543699367067,-3.481187870436324,-10.47517014398894,-6.050463970272314,-3.699143934917587,-8.685454121457852,-0.0008775303769978655,-0.0018495334664871957,0.009788214742590028,0.620904230041197,-0.09476350629620131,0.778137401100473,0.9726630188025028,-0.07911418655418857,0.21832910328188262,-0.21761045373444826,0.017699936874421715,0.9758751983015702,-0.08106998383797462,-0.9967084115831022,0.0,38.618612753590234,-53.725112477704855,0.7509953944601442,270.59095981113194,SLIDING
0.004329978488385677,0.12989935465157032,-6.727038309031772,-3.5968788798552636,-9.53679152231476,-6.764168036663136,-3.518526771518099,-9.493521885683151,-7.474997129154582,-3.4833142095589977,-10.476015541733215,-6.0485637784555495,-3.6998935569957125,-8.684820052045556,-0.0008779825359207981,-0.0018402750380976034,0.009789919076858106,0.6201884133474055,-0.09416493366813697,0.7787806476902873,0.9726630188025028,-0.07911418655418857,0.21832910328188262,-0.21761045373444826,0.017699936874421715,0.9758751983015702,-0.08106998383797462,-0.9967084115831022,0.0,38.67395013429576,-53.779516760248214,0.7537012330712063,270.66562326122795,SLIDING
0.004339978098869324,0.1301993429660797,-6.724497065001773,-3.5983673121434334,-9.536281470468255,-6.764168036663136,-3.518526771518099,-9.493521885683151,-7.472503131519919,-3.4856444057273017,-10.475569264710636,-6.045979677151815,-3.700618424047315,-8.68425214996377,-0.0008784491992026827,-0.0018310158971034654,0.009791613172155518,0.6202275888556976,-0.0934669644869623,0.7788335281508114,0.9726630188025028,-0.07911418655418857,0.21832910328188262,-0.21761045373444826,0.017699936874421715,0.9758751983015702,-0.08106998383797462,-0.9967084115831022,0.0,38.67446078376644,-53.84379165347057,0.7564021224329327,270.06033775311676,NONE
0.004349978175014257,0.13049934525042772,-6.722004160338687,-3.5997467722397927,-9.535588119437906,-6.764168036663136,-3.518526771518099,-9.493521885683151,-7.470280684703551,-3.4876293415125006,-10.474732950868669,-6.0432414397836975,-3.701448656268143,-8.683688480707191,-0.0008789304083755851,-0.0018217552140566,0.009793297180437194,0.6204518456173279,-0.09296491945897499,0.7787149870267287,0.9726630188025028,-0.07911418655418857,0.21832910328188262,-0.21761045373444826,0.017699936874421715,0.9758751983015702,-0.08106998383797462,-0.9967084115831022,0.0,38.66047370484342,-53.89026215740203,0.7590873921802412,266.8047795027375,NONE
0.004359978251159191,0.13079934753477573,-6.719561561995792,-3.6010087888342026,-9.534709855241688,-6.764168036663136,-3.518526771518099,-9.493521885683151,-7.46836257360797,-3.489251240763958,-10.473479467579812,-6.040323078298045,-3.70238422278237,-8.683150578294127,-0.000879426140476715,-0.0018124934529932047,0.009794971016496507,0.6208867370912717,-0.09266651392104851,0.7784038649068197,0.9726630188025028,-0.07911418655418857,0.21832910328188262,-0.21761045373444826,0.017699936874421715,0.9758751983015702,-0.08106998383797462,-0.9967084115831022,0.0,38.630062499841635,-53.918278944399766,0.7617548113088528,266.64269870046445,SLIDING
0.004369978327304125,0.13109934981912374,-6.717106089049625,-3.602255107055295,-9.533894273711356,-6.764168036663136,-3.518526771518099,-9.493521885683151,-7.46633915370647,-3.4908430338300374,-10.472360178449577,-6.037475689408408,-3.7033171602704957,-8.682610490368166,-0.000879936393744969,-0.001803230646811366,0.009796634674387964,0.6212449844774184,-0.09238005497411247,0.7781520382962654,0.9726630188025028,-0.07911418655418857,0.21832910328188262,-0.21761045373444826,0.017699936874421715,0.9758751983015702,-0.08106998383797462,-0.9967084115831022,0.0,38.60520147154644,-53.94512885378073,0.7644198256736789,266.397527538215,SLIDING
0.004379977937787771,0.13139933813363314,-6.714638277941989,-3.6034864794117096,-9.533138101248058,-6.764168036663136,-3.518526771518099,-9.493521885683151,-7.464207057023426,-3.492404519987663,-10.471375029378924,-6.034703351259305,-3.7042490859190336,-8.682062022917506,-0.0008804611416992162,-0.0017939672598058396,0.009798288071370011,0.6215233503322264,-0.0921063330136394,0.7779621767223555,0.9726630188025028,-0.07911418655418857,0.21832910328188262,-0.21761045373444826,0.017699936874421715,0.9758751983015702,-0.08106998383797462,-0.9967084115831022,0.0,38.586129659130016,-53.97072407023259,0.7670826877536285,266.1800093677714,SLIDING
0.004389978013932705,0.13169934041798115,-6.712158009463596,-3.6047027643424157,-9.53244165450147,-6.764168036663136,-3.518526771518099,-9.493521885683151,-7.461966675591803,-3.4939359753132395,-10.470524152066993,-6.032005480892852,-3.705179479327428,-8.68150566036073,-0.0008810004311295881,-0.0017847024621419313,0.009799931355713732,0.6217222585647618,-0.09184500174529944,0.7778341268288101,0.9726630188025028,-0.07911418655418857,0.21832910328188262,-0.21761045373444826,0.017699936874421715,0.9758751983015702,-0.08106998383797462,-0.9967084115831022,0.0,38.572822011935486,-53.99508668653052,0.7697434331658393,265.9673496858807,SLIDING
0.004399978090077639,0.13199934270232916,-6.709665283614444,-3.605903902242768,-9.531804916707786,-6.764168036663136,-3.518526771518099,-9.493521885683151,-7.459618166274434,-3.495437618308698,-10.46980756249048,-6.029381936018548,-3.706108028620156,-8.680941356235067,-0.0008815542361346932,-0.0017754367180742886,0.009801564444270718,0.6218418392416897,-0.09159583057019904,0.7777679157632232,0.9726630188025028,-0.07911418655418857,0.21832910328188262,-0.21761045373444826,0.017699936874421715,0.9758751983015702,-0.08106998383797462,-0.9967084115831022,0.0,38.565273070204775,-54.01822847678737,0.7724020608547697,265.7587545825591,SLIDING
0.004409978166222572,0.13229934498667717,-6.7071601003945345,-3.6070898335081223,-9.531227845026168,-6.764168036663136,-3.518526771518099,-9.493521885683151,-7.457161706842305,-3.496909720422883,-10.469225191822977,-6.026832555380073,-3.707034373893472,-8.68036909127123,-0.0008821225547471989,-0.001766170060515306,0.00980318733124022,0.6218822397661875,-0.09135854498721252,0.7777635219790203,0.9726630188025028,-0.07911418655418857,0.21832910328188262,-0.21761045373444826,0.017699936874421715,0.9758751983015702,-0.08106998383797462,-0.9967084115831022,0.0,38.563474939293094,-54.04016599175923,0.7750585754582442,265.5545674947223,SLIDING
0.004419977776706219,0.13259933330118656,-6.7046706528008455,-3.6082176129919175,-9.530602251438411,-6.764168036663136,-3.518526771518099,-9.493521885683151,-7.454782031120042,-3.4982133113321767,-10.46853245317199,-6.024243533562601,-3.7080026745782,-8.679804405067717,-0.0008827053575490233,-0.0017569029539461127,0.009804799935944603,0.6219732598075833,-0.0912127666287058,0.7777078470018584,0.9726630188025028,-0.07911418655418857,0.21832910328188262,-0.21761045373444826,0.017699936874421715,0.9758751983015702,-0.08106998383797462,-0.9967084115831022,0.0,38.55751472570811,-54.05374190118624,0.7777057777133791,263.3151171410941,SLIDING
0.004429977852851152,0.13289933558553457,-6.702216133528995,-3.609262296150315,-9.529859052298578,-6.764168036663136,-3.518526771518099,-9.493521885683151,-7.452589789227399,-3.4992638855845497,-10.4675801281513,-6.021551102099663,-3.7090420139167084,-8.679250904317728,-0.0008833026965859478,-0.0017476345681933857,0.009806402402962594,0.6221907335337984,-0.09120788188354727,0.7775344451450309,0.9726630188025028,-0.07911418655418857,0.21832910328188262,-0.21761045373444826,0.017699936874421715,0.9758751983015702,-0.08106998383797462,-0.9967084115831022,0.0,38.54158315477949,-54.0545134848301,0.7803381090980892,263.1322962211273,SLIDING
0.004439977928996086,0.13319933786988258,-6.699748918467807,-3.6102915640574578,-9.529176078064355,-6.764168036663136,-3.518526771518099,-9.493521885683151,-7.450290320679344,-3.500285731363525,-10.466762026087904,-6.018931723933111,-3.710078014447076,-8.678690504733336,-0.0008839145430193323,-0.0017383653677036548,0.009807994651208834,0.6223298246722752,-0.09121403612328313,0.7774224005889437,0.9726630188025028,-0.07911418655418857,0.21832910328188262,-0.21761045373444826,0.017699936874421715,0.9758751983015702,-0.08106998383797462,-0.9967084115831022,0.0,38.531346168572,-54.05415083765523,0.7829684207928818,262.9315136449399,SLIDING
0.0044499775394797325,0.13349932618439198,-6.697269246035861,-3.6113056029778603,-9.528552296830329,-6.764168036663136,-3.518526771518099,-9.493521885683151,-7.447882710982769,-3.501278993783898,-10.466078115728795,-6.01638668328939,-3.71111089976079,-8.678121266715884,-0.000884540865229487,-0.001729095817080181,0.009809576601556671,0.6223895772579912,-0.09123126346821395,0.7773725430490921,0.9726630188025028,-0.07911418655418857,0.21832910328188262,-0.21761045373444826,0.017699936874421715,0.9758751983015702,-0.08106998383797462,-0.9967084115831022,0.0,38.52687621888575,-54.052649175894544,0.7855967209279715,262.7375781618753,SLIDING
0.004459977615624666,0.13379932846874,-6.694776997023868,-3.612304353306878,-9.527987684382113,-6.764168036663136,-3.518526771518099,-9.493521885683151,-7.445366944944267,-3.502243903942789,-10.465528359317442,-6.013915766606253,-3.712140346557211,-8.677543178335082,-0.0008851817192019097,-0.0017198250859274662,0.009811148395809934,0.6223700775382671,-0.09125932287583571,0.7773848612966784,0.9726630188025028,-0.07911418655418857,0.21832910328188262,-0.21761045373444826,0.017699936874421715,0.9758751983015702,-0.08106998383797462,-0.9967084115831022,0.0,38.52816926399278,-54.05003127555619,0.7882231260249561,262.5488415530057,SLIDING
0.0044699776917696,0.134099330753088,-6.692284092360782,-3.6132703881364945,-9.527435544205817,-6.764168036663136,-3.518526771518099,-9.493521885683151,-7.442820229702731,-3.5031236835233273,-10.465009167767322,-6.011471673596926,-3.713184623648372,-8.676961150412193,-0.0008858370738961197,-0.0017105536388180927,0.009812709954433618,0.6223254591764373,-0.09133084353262809,0.777412181458752,0.9726630188025028,-0.07911418655418857,0.21832910328188262,-0.21761045373444826,0.017699936874421715,0.9758751983015702,-0.08106998383797462,-0.9967084115831022,0.0,38.53109196152759,-54.04336653825763,0.7908448575294447,260.952026246933,SLIDING
0.004479977767914534,0.134399333037436,-6.689820334368991,-3.614162244985688,-9.526785631922992,-6.764168036663136,-3.518526771518099,-9.493521885683151,-7.440431383718591,-3.503783457980403,-10.464271986791744,-6.008939962814342,-3.7142870027720694,-8.676390399687142,-0.0008865069269841738,-0.00170128150868463,0.00981426127188111,0.6223875743061957,-0.0915232803442028,0.7773398204802623,0.9726630188025028,-0.07911418655418857,0.21832910328188262,-0.21761045373444826,0.017699936874421715,0.9758751983015702,-0.08106998383797462,-0.9967084115831022,0.0,38.525587473031415,-54.025698173866644,0.7934537171104061,260.79324347439217,SLIDING
0.00448997737839818,0.1346993213519454,-6.687344119006442,-3.6150388840240124,-9.526194245813402,-6.764168036663136,-3.518526771518099,-9.493521885683151,-7.437933892053128,-3.504415604937975,-10.4636688173691,-6.006483047217026,-3.715385420931456,-8.67580970223791,-0.0008871912439127021,-0.0016920091602697024,0.00981580227109785,0.622369932537436,-0.09172600695368725,0.7773300500570395,0.9726630188025028,-0.07911418655418857,0.21832910328188262,-0.21761045373444826,0.017699936874421715,0.9758751983015702,-0.08106998383797462,-0.9967084115831022,0.0,38.52588681013599,-54.00696401966644,0.7960607116035678,260.61081414461046,SLIDING
0.004499977454543114,0.1349993236362934,-6.684855327063846,-3.6159001934927586,-9.525661534888657,-6.764168036663136,-3.518526771518099,-9.493521885683151,-7.435327981962997,-3.5050204842437833,-10.46319957353938,-6.004100493315927,-3.716479338572931,-8.675219420219216,-0.0008878900859171778,-0.0016827357629236586,0.009817333090180782,0.6222728211509003,-0.09193863231702085,0.7773826753565939,0.9726630188025028,-0.07911418655418857,0.21832910328188262,-0.21761045373444826,0.017699936874421715,0.9758751983015702,-0.08106998383797462,-0.9967084115831022,0.0,38.5319709161733,-53.98720765692698,0.7986659155841238,260.43599963625275,SLIDING
0.004509977530688047,0.13529932592064142,-6.6823756546319,-3.616715409944642,-9.525103231219562,-6.764168036663136,-3.518526771518099,-9.493521885683151,-7.432754230553843,-3.505497517827278,-10.462676515214948,-6.001706160060659,-3.7176013211952315,-8.674629145446858,-0.000888603419023014,-0.001673461781363694,0.009818853651666067,0.6221948132579058,-0.09221904494258855,0.7774118998991696,0.9726630188025028,-0.07911418655418857,0.21832910328188262,-0.21761045373444826,0.017699936874421715,0.9758751983015702,-0.08106998383797462,-0.9967084115831022,0.0,38.536322052903124,-53.961226492939836,0.8012641903833106,259.3309118613981,SLIDING
0.004519977606832981,0.13559932820498943,-6.679899260455417,-3.617493589560378,-9.524543795062216,-6.764168036663136,-3.518526771518099,-9.493521885683151,-7.430172539850299,-3.505876681307725,-10.462153928118452,-5.9993252805165955,-3.718741448926023,-8.674036283452969,-0.0008893312406963761,-0.0016641872485313781,0.009820363950152608,0.6221075040581324,-0.09254989896447735,0.777442454202384,0.9726630188025028,-0.07911418655418857,0.21832910328188262,-0.21761045373444826,0.017699936874421715,0.9758751983015702,-0.08106998383797462,-0.9967084115831022,0.0,38.54111104825042,-53.93058333182902,0.8038565936606226,259.16328300298056,SLIDING
0.0045299772173166275,0.13589931651949883,-6.6774107069314,-3.6182557727795723,-9.524040359331282,-6.764168036663136,-3.518526771518099,-9.493521885683151,-7.427484914724763,-3.5062270119873937,-10.461760642331546,-5.997017305131051,-3.7198772241811735,-8.673432930548046,-0.0008900735134519667,-0.0016549126292817935,0.009821863910662422,0.6219424389537881,-0.09289139660599123,0.7775337877319561,0.9726630188025028,-0.07911418655418857,0.21832910328188262,-0.21761045373444826,0.017699936874421715,0.9758751983015702,-0.08106998383797462,-0.9967084115831022,0.0,38.55155559934316,-53.89886820730623,0.8064473318208307,258.8029062780402,SLIDING
0.004539977293461561,0.13619931880384684,-6.674912795478153,-3.6189382087093476,-9.523599568082007,-6.764168036663136,-3.518526771518099,-9.493521885683151,-7.424974155367546,-3.506463494420313,-10.461276743147092,-5.994531048030129,-3.72096418517476,-8.673031242569294,-0.0008908303037718738,-0.0016456370927593218,0.009823353667577415,0.6219317857988774,-0.09326116989323789,0.7774980437294772,0.9726630188025028,-0.07911418655418857,0.21832910328188262,-0.21761045373444826,0.017699936874421715,0.9758751983015702,-0.08106998383797462,-0.9967084115831022,0.0,38.550536170246325,-53.86473929292825,0.8090271858372962,257.201038929135,SLIDING
0.004549977369606495,0.13649932108819485,-6.672404691630649,-3.6195640500289086,-9.523221933541807,-6.764168036663136,-3.518526771518099,-9.493521885683151,-7.422536613384363,-3.5066297646553175,-10.460787417518686,-5.991958937413156,-3.722006904091686,-8.672754923177203,-0.000891601574749328,-0.0016363611037988825,0.009824833145509507,0.6219902939005247,-0.09364223453755147,0.7774054323223843,0.9726630188025028,-0.07911418655418857,0.21832910328188262,-0.21761045373444826,0.017699936874421715,0.9758751983015702,-0.08106998383797462,-0.9967084115831022,0.0,38.54439098479866,-53.82964299267431,0.8115986872345182,257.15900189135465,NONE
0.004559976980090141,0.13679930940270424,-6.669904276782321,-3.6201797920864704,-9.522813084794196,-6.764168036663136,-3.518526771518099,-9.493521885683151,-7.419973591530568,-3.5067287893019103,-10.460366274022327,-5.989515313470294,-3.7230913612621874,-8.672357227014015,-0.0008923872867016171,-0.0016270851273221174,0.009826302271040926,0.6219383817653366,-0.09407068346099019,0.7773952378297009,0.9726630188025028,-0.07911418655418857,0.21832910328188262,-0.21761045373444826,0.017699936874421715,0.9758751983015702,-0.08106998383797462,-0.9967084115831022,0.0,38.54612166452781,-53.79004608329438,0.8141687258016059,256.9297541809855,NONE
0.004569977056235075,0.13709931168705225,-6.667406663352298,-3.620769006351817,-9.522397362885984,-6.764168036663136,-3.518526771518099,-9.493521885683151,-7.417357371069297,-3.5067527884924288,-10.45997686759552,-5.987125288650343,-3.724193282941701,-8.671917634294452,-0.0008931875100431601,-0.0016178083323506252,0.009827761175762237,0.6218400358343279,-0.09453934541272697,0.7774170579569856,0.9726630188025028,-0.07911418655418857,0.21832910328188262,-0.21761045373444826,0.017699936874421715,0.9758751983015702,-0.08106998383797462,-0.9967084115831022,0.0,38.551069544555254,-53.746693608105375,0.8167354414189969,256.0626206222095,NONE
0.004579977132380009,0.13739931397140026,-6.664902910643863,-3.6213123026889447,-9.522020147440942,-6.764168036663136,-3.518526771518099,-9.493521885683151,-7.414771826320569,-3.5067050505096815,-10.459593012151373,-5.98469572962029,-3.725272707367626,-8.67154644200223,-0.0008940022056694002,-0.0016085311837900562,0.009829209785844955,0.6217722159566436,-0.09502941602519331,0.7774115522387584,0.9726630188025028,-0.07911418655418857,0.21832910328188262,-0.21761045373444826,0.017699936874421715,0.9758751983015702,-0.08106998383797462,-0.9967084115831022,0.0,38.55368012959372,-53.70140072617378,0.8192960886443483,256.07879887901555,NONE
0.004589977208524942,0.13769931625574827,-6.662398323470401,-3.6218221868973854,-9.521653694359573,-6.764168036663136,-3.518526771518099,-9.493521885683151,-7.412162975540049,-3.506585000117063,-10.459232729364837,-5.982285720116015,-3.7263540061663476,-8.671174391837468,-0.000894831370686481,-0.001599253714593177,0.009830648096143492,0.6216857632278413,-0.09555174176055847,0.7774166684901607,0.9726630188025028,-0.07911418655418857,0.21832910328188262,-0.21761045373444826,0.017699936874421715,0.9758751983015702,-0.08106998383797462,-0.9967084115831022,0.0,38.55750880092682,-53.65311847516935,0.8218525544123807,255.44888606194192,SLIDING
0.004599976819008589,0.13799930457025766,-6.659892007762241,-3.622300778667319,-9.521302980629715,-6.764168036663136,-3.518526771518099,-9.493521885683151,-7.409519616079167,-3.5064001007453083,-10.458909812568256,-5.979903716994717,-3.7274344517132376,-8.670798463469115,-0.0008956749624839389,-0.0015899763897469447,0.009832076035324162,0.6215721300367173,-0.09610189172518664,0.7774397169996264,0.9726630188025028,-0.07911418655418857,0.21832910328188262,-0.21761045373444826,0.017699936874421715,0.9758751983015702,-0.08106998383797462,-0.9967084115831022,0.0,38.563204930470945,-53.60225348470564,0.8244047894278701,255.0209644097615,SLIDING
0.0046099768951535225,0.13829930685460567,-6.657385513240146,-3.6227459247809533,-9.520961570812377,-6.764168036663136,-3.518526771518099,-9.493521885683151,-7.406851838770585,-3.5061433090274856,-10.458610303807264,-5.97754352232217,-3.7285163266518797,-8.670419045142793,-0.0008965330567157132,-0.0015806983781514582,0.009833493731249043,0.6214383984558323,-0.09668392070625847,0.7774744602889,0.9726630188025028,-0.07911418655418857,0.21832910328188262,-0.21761045373444826,0.017699936874421715,0.9758751983015702,-0.08106998383797462,-0.9967084115831022,0.0,38.570230456765096,-53.54844297177868,0.8269525210282911,254.5161273817719,SLIDING
0.004619976971298456,0.13859930913895369,-6.654878780299472,-3.6231576624911908,-9.52062897316924,-6.764168036663136,-3.518526771518099,-9.493521885683151,-7.404158736375223,-3.505814556608127,-10.458334274698672,-5.9752058453841554,-3.729599764032684,-8.670035134099924,-0.0008974056113488938,-0.001571420144782826,0.009834901112172898,0.6212838656482902,-0.0972979162715464,0.7775213654777166,0.9726630188025028,-0.07911418655418857,0.21832910328188262,-0.21761045373444826,0.017699936874421715,0.9758751983015702,-0.08106998383797462,-0.9967084115831022,0.0,38.57863757158082,-53.49168390687833,0.8294959174968977,254.137082372932,SLIDING
0.00462997704744339,0.1388993114233017,-6.652371153289127,-3.623536330799449,-9.52030652135423,-6.764168036663136,-3.518526771518099,-9.493521885683151,-7.401437757280014,-3.505415356568087,-10.4580846122818,-5.972891750359436,-3.730684037847907,-8.66964665491629,-0.0008982926232841767,-0.0015621417225977412,0.009836298173096565,0.6211069595306866,-0.09794290490426985,0.7775817205937003,0.9726630188025028,-0.07911418655418857,0.21832910328188262,-0.21761045373444826,0.017699936874421715,0.9758751983015702,-0.08106998383797462,-0.9967084115831022,0.0,38.588547220593156,-53.43207147371365,0.8320353522056152,253.74722077749627,SLIDING
0.004639976657927036,0.1391992997378111,-6.64986263220911,-3.623881996760953,-9.519994224680575,-6.764168036663136,-3.518526771518099,-9.493521885683151,-7.3986885276429,-3.5049460471635907,-10.45786154355501,-5.970601576360687,-3.731768969145954,-8.669253419442615,-0.0008991940469856948,-0.0015528635766216057,0.009837684844774555,0.6209073701227013,-0.09861866173146232,0.7776557061358237,0.9726630188025028,-0.07911418655418857,0.21832910328188262,-0.21761045373444826,0.017699936874421715,0.9758751983015702,-0.08106998383797462,-0.9967084115831022,0.0,38.59998413169073,-53.3696333187393,0.8345708284261164,253.35701861217737,SLIDING
0.00464997673407197,0.1394993020221591,-6.647353097850131,-3.624194690178025,-9.519692086873563,-6.764168036663136,-3.518526771518099,-9.493521885683151,-7.395910826504259,-3.5044069924226795,-10.457665073654214,-5.968335296476491,-3.7328542845525123,-8.668855430124616,-0.0009001099633424902,-0.0015435848756810515,0.009839061251333096,0.620685013055551,-0.09932490962166662,0.7777433232737383,0.9726630188025028,-0.07911418655418857,0.21832910328188262,-0.21761045373444826,0.017699936874421715,0.9758751983015702,-0.08106998383797462,-0.9967084115831022,0.0,38.61295668373687,-53.304402581502636,0.8371024636533129,252.97151620625573,SLIDING
0.004659976810216904,0.1397993043065071,-6.644842550212192,-3.6244744334024075,-9.519400093032035,-6.764168036663136,-3.518526771518099,-9.493521885683151,-7.393104557862236,-3.503798445674884,-10.457495164698589,-5.966092997790271,-3.733939796899037,-8.66845269290601,-0.0009010403273957764,-0.0015343060847960864,0.009840427323114237,0.6204398087269414,-0.10006145705397955,0.7778445529532947,0.9726630188025028,-0.07911418655418857,0.21832910328188262,-0.21761045373444826,0.017699936874421715,0.9758751983015702,-0.08106998383797462,-0.9967084115831022,0.0,38.62747245058952,-53.23640501633925,0.839630262908905,252.5914827505823,SLIDING
0.00466997642070055,0.1400992926210165,-6.642335757666873,-3.624714997748721,-9.519097998065861,-6.764168036663136,-3.518526771518099,-9.493521885683151,-7.39030215437775,-3.5031001154443318,-10.45730755855062,-5.963854354356625,-3.7350320338778022,-8.66804674496679,-0.0009019850914173358,-0.0015250276690030918,0.009841782992441254,0.6201946956613585,-0.10083996453629171,0.7779394841668821,0.9726630188025028,-0.07911418655418857,0.21832910328188262,-0.21761045373444826,0.017699936874421715,0.9758751983015702,-0.08106998383797462,-0.9967084115831022,0.0,38.641797056723604,-53.16457546360351,0.8421535154891888,251.34305102422886,SLIDING
0.004679976496845484,0.1403992949053645,-6.639868244582462,-3.6248735051256302,-9.51864801280013,-6.764168036663136,-3.518526771518099,-9.493521885683151,-7.387744835633379,-3.5021753575167662,-10.456788118926596,-5.961468304116618,-3.736173172783573,-8.667659761850201,-0.0009029443402194993,-0.0015157487971054133,0.009843128380633727,0.6201202310942437,-0.10173818055078566,0.7778818943810413,0.9726630188025028,-0.07911418655418857,0.21832910328188262,-0.21761045373444826,0.017699936874421715,0.9758751983015702,-0.08106998383797462,-0.9967084115831022,0.0,38.64307616636013,-53.08173559595197,0.8446643592765515,251.00304135702353,SLIDING
0.0046899765729904175,0.14069929718971252,-6.637388512545871,-3.6250170256596688,-9.518254685474547,-6.764168036663136,-3.518526771518099,-9.493521885683151,-7.3850762324780534,-3.5012379878868387,-10.456403347927472,-5.959159897345772,-3.7372971703530737,-8.667258673068478,-0.0009039180266506873,-0.0015064699341381684,0.009844463419601886,0.6199636239705574,-0.10263442715923257,0.7778889890691276,0.9726630188025028,-0.07911418655418857,0.21832910328188262,-0.21761045373444826,0.017699936874421715,0.9758751983015702,-0.08106998383797462,-0.9967084115831022,0.0,38.65040387861032,-52.999090570775294,0.8471735322376777,250.83698803823827,SLIDING
0.004699976649135351,0.14099929947406054,-6.634896203929233,-3.6251453209322575,-9.517919044269236,-6.764168036663136,-3.518526771518099,-9.493521885683151,-7.382296926835181,-3.500288722296939,-10.456153598508447,-5.956927924147892,-3.7384029226469244,-8.66684511929925,-0.000904906147252577,-0.0014971911130601083,0.009845788104603513,0.6197256533423,-0.10352791319564587,0.7779602083518247,0.9726630188025028,-0.07911418655418857,0.21832910328188262,-0.21761045373444826,0.017699936874421715,0.9758751983015702,-0.08106998383797462,-0.9967084115831022,0.0,38.663724749558526,-52.91674521609359,0.8496811388800349,250.68267422127033,SLIDING
0.004709976259618998,0.14129928778856993,-6.632405802661228,-3.6252393472593907,-9.517582237048062,-6.764168036663136,-3.518526771518099,-9.493521885683151,-7.3795077395506965,-3.4992666599240105,-10.45590556486906,-5.954708552108796,-3.7395093546526637,-8.666427785433278,-0.0009059086513761971,-0.0014879127988990696,0.009847102370057126,0.6194779075834348,-0.10445334553419704,0.7780338171459923,0.9726630188025028,-0.07911418655418857,0.21832910328188262,-0.21761045373444826,0.017699936874421715,0.9758751983015702,-0.08106998383797462,-0.9967084115831022,0.0,38.677633912907986,-52.83149784466539,0.8521844337303648,249.71536483615546,SLIDING
0.004719976335763931,0.14159929007291794,-6.629928752833652,-3.6252859394651535,-9.517200301660212,-6.764168036663136,-3.518526771518099,-9.493521885683151,-7.3767825960574385,-3.4981284158711503,-10.455561314622104,-5.9524565484051974,-3.7406307135471155,-8.666011665799466,-0.0009069256290606354,-0.0014786341604694517,0.009848406333533748,0.6192721946314091,-0.10543578159824567,0.7780650647054944,0.9726630188025028,-0.07911418655418857,0.21832910328188262,-0.21761045373444826,0.017699936874421715,0.9758751983015702,-0.08106998383797462,-0.9967084115831022,0.0,38.68822589759096,-52.741011730595496,0.8546808422085785,249.55922997700821,SLIDING
0.004729976411908865,0.14189929235726595,-6.627439126426029,-3.6253172170024994,-9.516876447273406,-6.764168036663136,-3.518526771518099,-9.493521885683151,-7.373946973093009,-3.49697925797415,-10.455352069081789,-5.950280775976087,-3.7417327657790658,-8.665583849561777,-0.0009079570302331963,-0.0014693556628027913,0.009849699929038098,0.6189853030943139,-0.10641456861083293,0.7781600954434832,0.9726630188025028,-0.07911418655418857,0.21832910328188262,-0.21761045373444826,0.017699936874421715,0.9758751983015702,-0.08106998383797462,-0.9967084115831022,0.0,38.70480119210362,-52.650953864874836,0.8571755910806989,249.40233401900838,SLIDING
0.004739976488053799,0.14219929464161396,-6.624953135901737,-3.6253121133547905,-9.516544214708718,-6.764168036663136,-3.518526771518099,-9.493521885683151,-7.371113232920207,-3.4957508879277266,-10.455128301551655,-5.948110229662337,-3.7428372888558616,-8.665153228206927,-0.0009090028512304169,-0.0014600773388568071,0.009850983151975117,0.6186969579382045,-0.10742886996875431,0.7782500318890121,0.9726630188025028,-0.07911418655418857,0.21832910328188262,-0.21761045373444826,0.017699936874421715,0.9758751983015702,-0.08106998383797462,-0.9967084115831022,0.0,38.72134453046127,-52.55767767677814,0.8596657543957633,248.64939128360675,SLIDING
0.004749976098537445,0.14249928295612335,-6.622469052726077,-3.625273750315297,-9.516212242914351,-6.764168036663136,-3.518526771518099,-9.493521885683151,-7.368266693751464,-3.4944532981541014,-10.454909732805996,-5.945954930843712,-3.743941172213287,-8.664718388342598,-0.000910063038485753,-0.0014507996536235225,0.009852255938862183,0.6183964186555444,-0.10847298872138515,0.7783440628101732,0.9726630188025028,-0.07911418655418857,0.21832910328188262,-0.21761045373444826,0.017699936874421715,0.9758751983015702,-0.08106998383797462,-0.9967084115831022,0.0,38.73867005991159,-52.461721265982725,0.8621513742798719,248.48264964907406,SLIDING
0.004759976174682379,0.14279928524047136,-6.619980797225284,-3.6252089488905552,-9.515903453601512,-6.764168036663136,-3.518526771518099,-9.493521885683151,-7.365368398969689,-3.493109525038731,-10.45474750613383,-5.943838622569419,-3.7450365278641407,-8.664276651845828,-0.0009111376872596963,-0.0014415217759766001,0.009853518403515208,0.6180564245218566,-0.10953347948930836,0.77846558882087,0.9726630188025028,-0.07911418655418857,0.21832910328188262,-0.21761045373444826,0.017699936874421715,0.9758751983015702,-0.08106998383797462,-0.9967084115831022,0.0,38.75883342433525,-52.3643624692826,0.8646338993685951,247.8813659221732,SLIDING
0.0047699762508273125,0.14309928752481937,-6.617494866305637,-3.6251099977296475,-9.51559225775114,-6.764168036663136,-3.518526771518099,-9.493521885683151,-7.362461257235654,-3.491694177715825,-10.45458447547518,-5.941734772590429,-3.7461316815710886,-8.663831055135146,-0.0009122267445611877,-0.0014322441709173892,0.009854770482037058,0.617707167237054,-0.11062500167620155,0.7785884436261015,0.9726630188025028,-0.07911418655418857,0.21832910328188262,-0.21761045373444826,0.017699936874421715,0.9758751983015702,-0.08106998383797462,-0.9967084115831022,0.0,38.77956105524273,-52.26422887084312,0.8671119871117856,247.72656583638562,SLIDING
0.004779976326972246,0.14339928980916739,-6.615009054595279,-3.624979206512559,-9.515287137849244,-6.764168036663136,-3.518526771518099,-9.493521885683151,-7.359531697742596,-3.490215551396734,-10.454438819257696,-5.939651485137373,-3.7472235135299323,-8.663381285493832,-0.000913330206522071,-0.0014229668714003452,0.009856012169980081,0.617339222871836,-0.1117425922318253,0.7787206668538534,0.9726630188025028,-0.07911418655418857,0.21832910328188262,-0.21761045373444826,0.017699936874421715,0.9758751983015702,-0.08106998383797462,-0.9967084115831022,0.0,38.801565731392365,-52.161797560512326,0.8695861133479834,247.23354463411525,SLIDING
0.0047899759374558926,0.14369927812367678,-6.612521693164157,-3.6248187172812107,-9.51499477706662,-6.764168036663136,-3.518526771518099,-9.493521885683151,-7.356568479789783,-3.4886809321293244,-10.454325375076493,-5.937595773847261,-3.74830949964734,-8.66292662920256,-0.0009144480166610452,-0.0014136903423548042,0.009857243405964356,0.6169446547576187,-0.1128819858773981,0.7788690199451881,0.9726630188025028,-0.07911418655418857,0.21832910328188262,-0.21761045373444826,0.017699936874421715,0.9758751983015702,-0.08106998383797462,-0.9967084115831022,0.0,38.82544704949743,-52.057484613714905,0.8720566117189481,246.81541051001733,SLIDING
0.004799976013600826,0.1439992804080248,-6.610034450942325,-3.624626678566325,-9.51470844752899,-6.764168036663136,-3.518526771518099,-9.493521885683151,-7.353581529096784,-3.4870840325820316,-10.454230055952753,-5.935561817904404,-3.749391812231147,-8.662467033841448,-0.0009155802754547236,-0.0014044137527622295,0.009858464300043921,0.6165303092140785,-0.11404686071700663,0.7790274009179579,0.9726630188025028,-0.07911418655418857,0.21832910328188262,-0.21761045373444826,0.017699936874421715,0.9758751983015702,-0.08106998383797462,-0.9967084115831022,0.0,38.85068897218563,-51.95095300054844,0.8745231813314067,246.4590578114786,SLIDING
0.00480997608974576,0.1442992826923728,-6.6075465530694,-3.624403731117833,-9.5144308575224,-6.764168036663136,-3.518526771518099,-9.493521885683151,-7.350566657491017,-3.4854274995932206,-10.454158382440168,-5.933551938668865,-3.750469272305557,-8.662002656684484,-0.0009167269269968013,-0.0013951375675665793,0.009859674790423474,0.6160933560096313,-0.11523555335318975,0.7791981416329058,0.9726630188025028,-0.07911418655418857,0.21832910328188262,-0.21761045373444826,0.017699936874421715,0.9758751983015702,-0.08106998383797462,-0.9967084115831022,0.0,38.87750610702435,-51.84237266366648,0.8769860352581453,246.11953244887005,SLIDING
0.004819975700229406,0.1445992710068822,-6.605058535987186,-3.624148533831227,-9.514158840550097,-6.764168036663136,-3.518526771518099,-9.493521885683151,-7.3475297810363,-3.4837076581820297,-10.454102402852467,-5.931561792719515,-3.7515426558286893,-8.661534671887265,-0.0009178879126220583,-0.0013858622516325064,0.009860874817302438,0.6156382557899066,-0.11644999897680859,0.7793772743326962,0.9726630188025028,-0.07911418655418857,0.21832910328188262,-0.21761045373444826,0.017699936874421715,0.9758751983015702,-0.08106998383797462,-0.9967084115831022,0.0,38.90556496296547,-51.73156880600802,0.8794452369600627,245.75554389931537,SLIDING
0.00482997577637434,0.1448992732912302,-6.60256950562601,-3.6238621856671456,-9.513895343316706,-6.764168036663136,-3.518526771518099,-9.493521885683151,-7.344464080961889,-3.481927824209851,-10.454069883344498,-5.929595860291621,-3.752611050807291,-8.661061654424133,-0.0009190633367152389,-0.001376586974053825,0.009862064487909297,0.6151600959435949,-0.11768835939019145,0.779568795182768,0.9726630188025028,-0.07911418655418857,0.21832910328188262,-0.21761045373444826,0.017699936874421715,0.9758751983015702,-0.08106998383797462,-0.9967084115831022,0.0,38.935232647455116,-51.61873284666266,0.8819010996576662,245.4088254613871,SLIDING
0.004839975852519274,0.1451992755755782,-6.600079700404453,-3.6235442917448166,-9.513639840556296,-6.764168036663136,-3.518526771518099,-9.493521885683151,-7.341371591081322,-3.4800874629115337,-10.454058662501803,-5.927652751198386,-3.7536741892499146,-8.660584563181857,-0.0009202531411856583,-0.001367312199713932,0.009863243742027477,0.6146603651664939,-0.11895075058190484,0.7797713475304118,0.9726630188025028,-0.07911418655418857,0.21832910328188262,-0.21761045373444826,0.017699936874421715,0.9758751983015702,-0.08106998383797462,-0.9967084115831022,0.0,38.966400300041336,-51.50386399790086,0.8843534748901885,245.07390183703487,SLIDING
0.0048499759286642075,0.14549927785992622,-6.597589001113223,-3.623194907943595,-9.513392183257254,-6.764168036663136,-3.518526771518099,-9.493521885683151,-7.338251673114498,-3.4781868142587204,-10.454068827307363,-5.925732817080411,-3.7547319600455324,-8.660103035077784,-0.0009214573218073983,-0.001358037961557091,0.009864412575468147,0.6141386330582984,-0.12023701990730956,0.7799851270563395,0.9726630188025028,-0.07911418655418857,0.21832910328188262,-0.21761045373444826,0.017699936874421715,0.9758751983015702,-0.08106998383797462,-0.9967084115831022,0.0,38.999100229605396,-51.38699051133032,0.8868025155625165,244.73655905849,SLIDING
0.004859975539147854,0.14579926617443562,-6.595097407752323,-3.6228140379887703,-9.513152363969,-6.764168036663136,-3.518526771518099,-9.493521885683151,-7.3351042988757404,-3.4762262159361663,-10.454100237715094,-5.923836083504962,-3.755784063984321,-8.65961718293891,-0.0009226758170064862,-0.0013487647243383988,0.009865570930539238,0.6135948762481644,-0.12154689045571945,0.780210023815732,0.9726630188025028,-0.07911418655418857,0.21832910328188262,-0.21761045373444826,0.017699936874421715,0.9758751983015702,-0.08106998383797462,-0.9967084115831022,0.0,39.033335453695116,-51.26815141761447,0.8892482235960539,244.4024871407222,SLIDING
0.0048699756152927876,0.14609926845878363,-6.592604979926395,-3.622401666979182,-9.51292033426276,-6.764168036663136,-3.518526771518099,-9.493521885683151,-7.331929563228197,-3.4742059048648914,-10.454152646823557,-5.921962578093644,-3.756830257736852,-8.659127138371302,-0.0009239087363733485,-0.0013394916573436593,0.00986671891069646,0.6130291239715453,-0.12288015342259155,0.7804458732401116,0.9726630188025028,-0.07911418655418857,0.21832910328188262,-0.21761045373444826,0.017699936874421715,0.9758751983015702,-0.08106998383797462,-0.9967084115831022,0.0,39.06910477484137,-51.147379541104094,0.8916905504100843,244.07003297494666,SLIDING
0.004879975691437721,0.14639927074313164,-6.5901116580307955,-3.6219577874642495,-9.51269603453389,-6.764168036663136,-3.518526771518099,-9.493521885683151,-7.328727207017101,-3.47212612098799,-10.45422597675993,-5.920112422254018,-3.7578703094413846,-8.658632858341406,-0.000925156018907672,-0.0013302192253516719,0.00986785645783147,0.6124412107665582,-0.12423660367538887,0.7806926601819676,0.9726630188025028,-0.07911418655418857,0.21832910328188262,-0.21761045373444826,0.017699936874421715,0.9758751983015702,-0.08106998383797462,-0.9967084115831022,0.0,39.106421063155565,-51.02470815340696,0.8941295664038229,243.739585553092,SLIDING
0.004889975767582655,0.14669927302747965,-6.58761738246088,-3.6214824031692627,-9.512479397727164,-6.764168036663136,-3.518526771518099,-9.493521885683151,-7.325497072527012,-3.4699872100496654,-10.454320073765913,-5.9182856453778845,-3.758903912577356,-8.658134354442481,-0.0009264176601795166,-0.001320947461298586,0.00986898356790339,0.6118310552822297,-0.12561595762073507,0.7809503127493188,0.9726630188025028,-0.07911418655418857,0.21832910328188262,-0.21761045373444826,0.017699936874421715,0.9758751983015702,-0.08106998383797462,-0.9967084115831022,0.0,39.14529126063541,-50.90017772763879,0.8965653444873336,243.41123692316305,SLIDING
0.004899975378066301,0.14699926134198904,-6.585193976813602,-3.621058155934203,-9.511961526496323,-6.764168036663136,-3.518526771518099,-9.493521885683151,-7.322826527343582,-3.4680398565505266,-10.453749565305444,-5.916086420362302,-3.7598612772435622,-8.657664230518982,-0.0009276935957095746,-0.0013116768298027397,0.009870100185332213,0.611626133470122,-0.1268788785621895,0.7809066672984613,0.9726630188025028,-0.07911418655418857,0.21832910328188262,-0.21761045373444826,0.017699936874421715,0.9758751983015702,-0.08106998383797462,-0.9967084115831022,0.0,39.15517705805559,-50.78506070072119,0.8990020039265438,243.67715859987447,NONE
0.004909975454211235,0.14729926362633705,-6.582845613414096,-3.6207108582955483,-9.511136162353667,-6.764168036663136,-3.518526771518099,-9.493521885683151,-7.320738177865017,-3.466363900853101,-10.452503609022537,-5.913502197957985,-3.7607192072571105,-8.657220386116775,-0.0009289839402875918,-0.001302406500390126,0.009871206409794999,0.6118417303943618,-0.12798056800174318,0.7805579230025049,0.9726630188025028,-0.07911418655418857,0.21832910328188262,-0.21761045373444826,0.017699936874421715,0.9758751983015702,-0.08106998383797462,-0.9967084115831022,0.0,39.13514433401891,-50.68319963200645,0.9014388950029257,243.69425941927057,NONE
0.004919975530356169,0.14759926591068506,-6.580492958480167,-3.620358658174861,-9.510331272406491,-6.764168036663136,-3.518526771518099,-9.493521885683151,-7.318497944252667,-3.464677131561957,-10.451390777877837,-5.911047565480196,-3.761577596766609,-8.656694830076512,-0.0009302886300072195,-0.0012931369377083449,0.009872302185294604,0.6119349472923785,-0.1290871587846313,0.7803025860005756,0.9726630188025028,-0.07911418655418857,0.21832910328188262,-0.21761045373444826,0.017699936874421715,0.9758751983015702,-0.08106998383797462,-0.9967084115831022,0.0,39.12402538184274,-50.58125636421343,0.9038751023275164,243.28261686234646,NONE
0.004929975140839815,0.14789925422519445,-6.5781243295014376,-3.619987157325137,-9.509605537427577,-6.764168036663136,-3.518526771518099,-9.493521885683151,-7.316167050701,-3.462986790776425,-10.450416313396623,-5.908644706640847,-3.762402417535508,-8.656194717989893,-0.000931607598212799,-0.0012838686062557252,0.009873387457837382,0.6119662365478928,-0.13018070728655795,0.7800963458290137,0.9726630188025028,-0.07911418655418857,0.21832910328188262,-0.21761045373444826,0.017699936874421715,0.9758751983015702,-0.08106998383797462,-0.9967084115831022,0.0,39.11749440960336,-50.480694433996774,0.9063080382200273,243.29967341661114,NONE
0.004939975216984749,0.14819925650954247,-6.57574324315195,-3.619600926677573,-9.508940524680527,-6.764168036663136,-3.518526771518099,-9.493521885683151,-7.313726726346063,-3.4612910175713507,-10.449578308741442,-5.906317355172021,-3.7632040748412283,-8.655686626453617,-0.0009329409635890988,-0.0012746006757697736,0.009874462324262319,0.6119171179017574,-0.13126654663907722,0.7799529053425327,0.9726630188025028,-0.07911418655418857,0.21832910328188262,-0.21761045373444826,0.017699936874421715,0.9758751983015702,-0.08106998383797462,-0.9967084115831022,0.0,39.11687576399223,-50.38113240060213,0.9087386681699794,242.9003708649266,SLIDING
0.0049499752931296825,0.14849925879389048,-6.573349878245639,-3.6191999476057175,-9.508335798306378,-6.764168036663136,-3.518526771518099,-9.493521885683151,-7.3111761414087235,-3.4595903040063156,-10.448877268231248,-5.90406660478389,-3.7639820868132765,-8.655169266771969,-0.0009342886600527753,-0.0012653336107822121,0.009875526730158178,0.6117867550542755,-0.13234425339433079,0.779873044112731,0.9726630188025028,-0.07911418655418857,0.21832910328188262,-0.21761045373444826,0.017699936874421715,0.9758751983015702,-0.08106998383797462,-0.9967084115831022,0.0,39.122231131400426,-50.28265103516222,0.91116691193875,242.71119396733374,SLIDING
0.004959975369274616,0.1487992610782385,-6.570944413596439,-3.61878446597873,-9.507790315223845,-6.764168036663136,-3.518526771518099,-9.493521885683151,-7.308514432373262,-3.45788491645558,-10.448312984783898,-5.9018935797891245,-3.764736680720607,-8.65464083752763,-0.000935650682817158,-0.0012560674442098558,0.009876580671743733,0.6115742837322337,-0.13341381055001186,0.7798574553288128,0.9726630188025028,-0.07911418655418857,0.21832910328188262,-0.21761045373444826,0.017699936874421715,0.9758751983015702,-0.08106998383797462,-0.9967084115831022,0.0,39.13362115170282,-50.18529312180305,0.9135928427873825,242.478344416724,SLIDING
0.004969974979758263,0.14909924939274788,-6.568526849204349,-3.618354396114934,-9.50730420581809,-6.764168036663136,-3.518526771518099,-9.493521885683151,-7.305741721204415,-3.456175303017545,-10.4478855493794,-5.899798169553338,-3.765467286688858,-8.654101504850232,-0.0009370269623280643,-0.001246802640367443,0.009877624097142906,0.6112798050656857,-0.13447477550926668,0.7799061063170294,0.9726630188025028,-0.07911418655418857,0.21832910328188262,-0.21761045373444826,0.017699936874421715,0.9758751983015702,-0.08106998383797462,-0.9967084115831022,0.0,39.15103630208917,-50.08913518590147,0.916016425470362,242.2499718174634,SLIDING
0.004979975055903196,0.1493992516770959,-6.56609706586008,-3.6179097119372967,-9.506877369506272,-6.764168036663136,-3.518526771518099,-9.493521885683151,-7.302857766273695,-3.454461904445297,-10.44759495419557,-5.897780365913872,-3.766173455178721,-8.653551084013614,-0.0009384176224574887,-0.001237538369317059,0.009878657099405915,0.6109032175477489,-0.13552676118844525,0.7800190739921544,0.9726630188025028,-0.07911418655418857,0.21832910328188262,-0.21761045373444826,0.017699936874421715,0.9758751983015702,-0.08106998383797462,-0.9967084115831022,0.0,39.17448004871178,-49.99424803968159,0.9184377958352545,242.02415875569733,SLIDING
0.00498997513204813,0.1496992539614439,-6.563655123168277,-3.6174503873687867,-9.506509728057297,-6.764168036663136,-3.518526771518099,-9.493521885683151,-7.299862590629843,-3.4527451920818786,-10.44744110339287,-5.895840261635283,-3.766854708902694,-8.65298951275932,-0.0009398225942227608,-0.0012282750954117957,0.009879679626238478,0.6104444908672001,-0.1365693551394849,0.7801963437537184,0.9726630188025028,-0.07911418655418857,0.21832910328188262,-0.21761045373444826,0.017699936874421715,0.9758751983015702,-0.08106998383797462,-0.9967084115831022,0.0,39.20394923759092,-49.90070289153669,0.920856910923888,241.80129355201572,SLIDING
0.004999975208193064,0.1499992562457919,-6.561242148333835,-3.6170185740691307,-9.506028007043513,-6.764168036663136,-3.518526771518099,-9.493521885683151,-7.297085121403452,-3.451143692341505,-10.447039023019139,-5.893757920192442,-3.7674839198699313,-8.652435549605432,-0.000941241872633792,-0.0012190128515553408,0.00988069167400814,0.6101422613960912,-0.13753922936018526,0.7802623797450895,0.9726630188025028,-0.07911418655418857,0.21832910328188262,-0.21761045373444826,0.017699936874421715,0.9758751983015702,-0.08106998383797462,-0.9967084115831022,0.0,39.222330361156345,-49.81314274047055,0.9232749334696777,241.56486109159295,NONE
0.00500997481867671,0.1502992445603013,-6.55889754002695,-3.6166541102927807,-9.505276597363862,-6.764168036663136,-3.518526771518099,-9.493521885683151,-7.2948083174527705,-3.449764730169889,-10.446055185588683,-5.8913518064557024,-3.76803970905936,-8.65189497547565,-0.0009426753852419334,-0.0012097521018515477,0.00988169319295955,0.6101984830422035,-0.13838042560411792,0.7800696565708841,0.9726630188025028,-0.07911418655418857,0.21832910328188262,-0.21761045373444826,0.017699936874421715,0.9758751983015702,-0.08106998383797462,-0.9967084115831022,0.0,39.21515725667603,-49.7356005233507,0.9256906676097216,241.5819877790335,NONE
0.005019974894821644,0.15059924684464931,-6.556542560511875,-3.6162776026528958,-9.504576771778973,-6.764168036663136,-3.518526771518099,-9.493521885683151,-7.292412148448593,-3.448381374283363,-10.44520841893991,-5.889034189985932,-3.7685765149243404,-8.651328440342935,-0.0009441232610991142,-0.0012004920167353504,0.009882684272348652,0.6101643297663741,-0.1392152785395555,0.7799478167812931,0.9726630188025028,-0.07911418655418857,0.21832910328188262,-0.21761045373444826,0.017699936874421715,0.9758751983015702,-0.08106998383797462,-0.9967084115831022,0.0,39.21459285334026,-49.659083221021724,0.9281042742908152,241.26392502454186,NONE
0.0050299749709665775,0.15089924912899733,-6.554175123626041,-3.6158864471715573,-9.503939490092906,-6.764168036663136,-3.518526771518099,-9.493521885683151,-7.289907861437223,-3.446994682501042,-10.4444999612647,-5.88679089004746,-3.769088411865553,-8.650755722499852,-0.0009455854283275333,-0.0011912330603545218,0.009883664862001122,0.610050857125984,-0.1400407518976135,0.7798887994629771,0.9726630188025028,-0.07911418655418857,0.21832910328188262,-0.21761045373444826,0.017699936874421715,0.9758751983015702,-0.08106998383797462,-0.9967084115831022,0.0,39.21984422529648,-49.58384299863874,0.9305151837903498,240.95164907552888,SLIDING
0.005039974581450224,0.15119923744350672,-6.551795348578739,-3.6154806997281197,-9.503364346249016,-6.764168036663136,-3.518526771518099,-9.493521885683151,-7.287295175398728,-3.4456050591925385,-10.443929793781487,-5.884622388898084,-3.7695751396463355,-8.650176064591976,-0.0009470618126290456,-0.0011819756966643586,0.009884634913519545,0.6098577332611497,-0.14085655671904224,0.7798929257345701,0.9726630188025028,-0.07911418655418857,0.21832910328188262,-0.21761045373444826,0.017699936874421715,0.9758751983015702,-0.08106998383797462,-0.9967084115831022,0.0,39.23093437585543,-49.50993585226672,0.9329233732326898,240.6921832391556,SLIDING
0.005049974657595158,0.15149923972785473,-6.549403473788547,-3.615060785005677,-9.502849499953898,-6.764168036663136,-3.518526771518099,-9.493521885683151,-7.284571965006147,-3.4442127060844108,-10.443497847127972,-5.882531069113391,-3.7700373251939765,-8.649586019911721,-0.0009485526903096799,-0.0011727191087465394,0.009885594407854033,0.6095829982142419,-0.14166287787372422,0.7799616640070652,0.9726630188025028,-0.07911418655418857,0.21832910328188262,-0.21761045373444826,0.017699936874421715,0.9758751983015702,-0.08106998383797462,-0.9967084115831022,0.0,39.248001439388965,-49.43738200133237,0.9353290461049681,240.4373625956333,SLIDING
0.005059974733740091,0.15179924201220274,-6.5469996780694,-3.6146267439824227,-9.50239468671194,-6.764168036663136,-3.518526771518099,-9.493521885683151,-7.281738088626008,-3.442817942414833,-10.44320406875924,-5.880517400185621,-3.7704747570766384,-8.648985131702693,-0.0009500578435210963,-0.001163463748884972,0.009886543402044843,0.6092263862784294,-0.14245948463556754,0.7800951900245855,0.9726630188025028,-0.07911418655418857,0.21832910328188262,-0.21761045373444826,0.017699936874421715,0.9758751983015702,-0.08106998383797462,-0.9967084115831022,0.0,39.2710604548322,-49.36622936573465,0.9377320894705292,240.18277179265155,SLIDING
0.005069974809885025,0.15209924429655075,-6.54460470383768,-3.614199550042737,-9.501914314253243,-6.764168036663136,-3.518526771518099,-9.493521885683151,-7.278950877095092,-3.441476355606288,-10.442862498542596,-5.878478224976904,-3.770877010234534,-8.64837885152891,-0.000951577266916462,-0.0011542096499547836,0.009887481892721418,0.6089011530948645,-0.1432176759253243,0.7802102813102977,0.9726630188025028,-0.07911418655418857,0.21832910328188262,-0.21761045373444826,0.017699936874421715,0.9758751983015702,-0.08106998383797462,-0.9967084115831022,0.0,39.29198589428182,-49.29847865699356,0.9401326745238183,239.53974643297525,SLIDING
0.005079974420368671,0.15239923261106014,-6.542267844134616,-3.6138273339372757,-9.50121905214897,-6.764168036663136,-3.518526771518099,-9.493521885683151,-7.276572212454033,-3.4403174116287047,-10.442055111789045,-5.87617928659373,-3.7712184361229486,-8.647785297856625,-0.0009531108836605452,-0.0011449572756892742,0.009888409833353195,0.6088664895044795,-0.1438700106496714,0.7801173104054,0.9726630188025028,-0.07911418655418857,0.21832910328188262,-0.21761045373444826,0.017699936874421715,0.9758751983015702,-0.08106998383797462,-0.9967084115831022,0.0,39.29220351637915,-49.23878051209642,0.9425279999144838,239.53492910230761,SLIDING
0.005089974496513605,0.15269923489540815,-6.539918884688663,-3.6134412224990013,-9.500585067344817,-6.764168036663136,-3.518526771518099,-9.493521885683151,-7.274084103497961,-3.4391560988828984,-10.441386436799805,-5.873956549870228,-3.771535510915092,-8.647182780569679,-0.0009546588305096732,-0.0011357057971676894,0.009889327307533537,0.6087511102729274,-0.1445127878400842,0.7800885461870116,0.9726630188025028,-0.07911418655418857,0.21832910328188262,-0.21761045373444826,0.017699936874421715,0.9758751983015702,-0.08106998383797462,-0.9967084115831022,0.0,39.298323984684984,-49.18043714786831,0.9449206163416566,239.12962650748088,SLIDING
0.005099974572658539,0.15299923717975616,-6.537558302336978,-3.613041707466233,-9.500010057611378,-6.764168036663136,-3.518526771518099,-9.493521885683151,-7.271483952682296,-3.43799270564408,-10.440856525595308,-5.871813280419691,-3.771828910910964,-8.646566861895225,-0.0009562210311982325,-0.001126455678174889,0.009890234268312294,0.6085524662011322,-0.14514617620299303,0.7801259407391667,0.9726630188025028,-0.07911418655418857,0.21832910328188262,-0.21761045373444826,0.017699936874421715,0.9758751983015702,-0.08106998383797462,-0.9967084115831022,0.0,39.31052948345623,-49.12346991767245,0.9473106015506243,238.8602737314252,SLIDING
0.0051099746488034725,0.15329923946410418,-6.535185739451694,-3.612628341804135,-9.499495986176642,-6.764168036663136,-3.518526771518099,-9.493521885683151,-7.268773884434207,-3.4368275774482933,-10.440465493857195,-5.869746869138526,-3.7720974701335352,-8.645941180973226,-0.0009577974801769432,-0.001117206951567407,0.009891130712468188,0.6082726153459488,-0.14576951855880071,0.7802279621234649,0.9726630188025028,-0.07911418655418857,0.21832910328188262,-0.21761045373444826,0.017699936874421715,0.9758751983015702,-0.08106998383797462,-0.9967084115831022,0.0,39.328669231214896,-49.06794684662985,0.9496978393961868,238.59300812298406,SLIDING
0.005119974259287119,0.15359922777861357,-6.532812580519962,-3.612212487648118,-9.498995534403237,-6.764168036663136,-3.518526771518099,-9.493521885683151,-7.266035262448524,-3.435688816695847,-10.440114539572395,-5.867705222273102,-3.7723373655996455,-8.645305119811074,-0.0009593880977269402,-0.0011079600808001683,0.00989201659559823,0.6079695826849658,-0.1463689343059994,0.7803519216353572,0.9726630188025028,-0.07911418655418857,0.21832910328188262,-0.21761045373444826,0.017699936874421715,0.9758751983015702,-0.08106998383797462,-0.9967084115831022,0.0,39.348577826951455,-49.014798894563924,0.9520824865504682,238.04468827665428,SLIDING
0.005129974335432053,0.15389923006296158,-6.530481502467441,-3.6118348251682404,-9.498345765544089,-6.764168036663136,-3.518526771518099,-9.493521885683151,-7.263593935180223,-3.434685641270899,-10.439433124527312,-5.865474151444121,-3.772527106819488,-8.644684057253087,-0.000960993025765298,-0.001098714237445291,0.009892891997489063,0.6078781668417835,-0.1468875937167779,0.7803256814235758,0.9726630188025028,-0.07911418655418857,0.21832910328188262,-0.21761045373444826,0.017699936874421715,0.9758751983015702,-0.08106998383797462,-0.9967084115831022,0.0,39.35342235897207,-48.96776690438752,0.9544618249585675,237.7561692959274,SLIDING
0.005139974411576986,0.1541992323473096,-6.528139099532413,-3.611444295535672,-9.497753932399663,-6.764168036663136,-3.518526771518099,-9.493521885683151,-7.261039320975659,-3.433680998682803,-10.438890779671093,-5.863324245659482,-3.772693639939591,-8.64404733321065,-0.0009626121851421017,-0.0010894698850143281,0.009893756873317788,0.6077022066592073,-0.14739680054642956,0.7803667158523655,0.9726630188025028,-0.07911418655418857,0.21832910328188262,-0.21761045373444826,0.017699936874421715,0.9758751983015702,-0.08106998383797462,-0.9967084115831022,0.0,39.364436121714064,-48.922145246738914,0.9568385116341123,237.5297151371932,SLIDING
0.005149974022060633,0.15449922066181898,-6.52578477566843,-3.611040228198159,-9.497223097158583,-6.764168036663136,-3.518526771518099,-9.493521885683151,-7.2583747451821985,-3.4326752119191593,-10.438487643992879,-5.861251351770718,-3.7728353931662584,-8.64340066151088,-0.0009642454939787743,-0.0010802274867358192,0.009894611180278687,0.6074449536571656,-0.1478957309769996,0.7804726010791301,0.9726630188025028,-0.07911418655418857,0.21832910328188262,-0.21761045373444826,0.017699936874421715,0.9758751983015702,-0.08106998383797462,-0.9967084115831022,0.0,39.38138285758987,-48.878004898461455,0.9592124047143482,237.25248152153372,SLIDING
0.005159974098205566,0.154799222946167,-6.523443624430942,-3.6106466885310295,-9.496653749866399,-6.764168036663136,-3.518526771518099,-9.493521885683151,-7.255791593676897,-3.4317302347221714,-10.438001955414885,-5.8591297193271625,-3.7729420632822706,-8.642755427277715,-0.0009658930980578674,-0.0010709862145828787,0.00989545499530042,0.6072442931955369,-0.14835296893917338,0.7805419687552911,0.9726630188025028,-0.07911418655418857,0.21832910328188262,-0.21761045373444826,0.017699936874421715,0.9758751983015702,-0.08106998383797462,-0.9967084115831022,0.0,39.3943717818225,-48.837348770858334,0.9615827264575927,236.78942835157164,SLIDING
0.0051699741743505,0.155099225230515,-6.521113500052738,-3.610261538217652,-9.496055829597625,-6.764168036663136,-3.518526771518099,-9.493521885683151,-7.253256573007367,-3.4308376910170892,-10.437466841521676,-5.856985456672001,-3.773017170250434,-8.64210053525457,-0.0009675549160687776,-0.0010617465318447095,0.009896288275156984,0.6070743984066809,-0.1487736866231935,0.7805940462030891,0.9726630188025028,-0.07911418655418857,0.21832910328188262,-0.21761045373444826,0.017699936874421715,0.9758751983015702,-0.08106998383797462,-0.9967084115831022,0.0,39.40525773582112,-48.79985958820749,0.963949224811854,236.5158641653004,SLIDING
0.005179974250495434,0.15539922751486301,-6.518771156722354,-3.6098627905946854,-9.495520214809092,-6.764168036663136,-3.518526771518099,-9.493521885683151,-7.250613134457027,-3.4299445395669146,-10.437070974016516,-5.854916237252351,-3.7730668970562133,-8.641438155502602,-0.0009692309421084253,-0.0010525084713411362,0.009897111016888881,0.6068247379150766,-0.14918363369099946,0.7807099210930063,0.9726630188025028,-0.07911418655418857,0.21832910328188262,-0.21761045373444826,0.017699936874421715,0.9758751983015702,-0.08106998383797462,-0.9967084115831022,0.0,39.421961855416384,-48.76389653206759,0.9663129292493107,236.266392997529,SLIDING
0.00518997386097908,0.1556992158293724,-6.516448244506168,-3.609480374644387,-9.494922350419673,-6.764168036663136,-3.518526771518099,-9.493521885683151,-7.248092393782295,-3.429124961206154,-10.436543215346264,-5.852772775517843,-3.7730810317625076,-8.640776698113644,-0.000970921091422726,-0.0010432724959754745,0.009897923179822554,0.6066607035932404,-0.14954611763319708,0.7807680509707042,0.9726630188025028,-0.07911418655418857,0.21832910328188262,-0.21761045373444826,0.017699936874421715,0.9758751983015702,-0.08106998383797462,-0.9967084115831022,0.0,39.43262362708458,-48.731739511204935,0.9686726167271118,235.79402454899662,SLIDING
0.005199973937124014,0.15599921811372042,-6.514118000918674,-3.609089062700856,-9.494367725474747,-6.764168036663136,-3.518526771518099,-9.493521885683151,-7.245490493185652,-3.4283149009387914,-10.436119322014926,-5.850688952397361,-3.7730695670308787,-8.640103486332418,-0.0009726255149404673,-0.001034037778297213,0.009898724837072045,0.6064354525166483,-0.14989333308351607,0.7808764502967434,0.9726630188025028,-0.07911418655418857,0.21832910328188262,-0.21761045373444826,0.017699936874421715,0.9758751983015702,-0.08106998383797462,-0.9967084115831022,0.0,39.447771814945085,-48.701401681535685,0.971029290930252,235.54894355740277,SLIDING
0.005209974013268948,0.15629922039806843,-6.511798664981174,-3.6087059091430786,-9.493785339666518,-6.520340372550861,-3.538359156355141,-9.43879103416328,-7.24295115900146,-3.4275582422660524,-10.43563598752131,-5.848569177188521,-3.7730252205046164,-8.63943125093304,-0.0009743441284748317,-0.0010248047812760617,0.009899515947542806,0.606253035570843,-0.15020303401676693,0.780958581125335,0.9664794829137977,-0.10477279022151464,0.23439298525313573,-0.23302771398569547,0.02526175074054832,0.9721419281484176,-0.10777519947223067,-0.9941752895635261,0.0,38.30525485491963,-49.990794743497894,0.9742508215751293,233.58184207520807,SLIDING
0.005219974089413881,0.15659922268241644,-6.509480044299411,-3.6083215858441475,-9.49321383170596,-6.520340372550861,-3.538359156355141,-9.43879103416328,-7.240393505096386,-3.4268302294143487,-10.435183836514302,-5.846467383890319,-3.7729526584974944,-8.638751474106801,-0.0009760769259208157,-0.001015573537707731,0.0099002965084252,0.6060548353069857,-0.15048801264484601,0.7810575488728264,0.9664794829137977,-0.10477279022151464,0.23439298525313573,-0.23302771398569547,0.02526175074054832,0.9721419281484176,-0.10777519947223067,-0.9941752895635261,0.0,38.31805536429883,-49.96459220908972,0.9765854117253081,233.2596082826346,SLIDING
0.005229973699897528,0.15689921099692583,-6.507164463454532,-3.6079382758241776,-9.492644093258294,-6.520340372550861,-3.538359156355141,-9.43879103416328,-7.2378352488390885,-3.4261361158288244,-10.434742425492304,-5.844371934264022,-3.7728512788426296,-8.638065329665183,-0.000977823819653876,-0.001006344510143772,0.009901066481180084,0.6058536150326373,-0.15074572304948058,0.7811639547074444,0.9664794829137977,-0.10477279022151464,0.23439298525313573,-0.23302771398569547,0.02526175074054832,0.9721419281484176,-0.10777519947223067,-0.9941752895635261,0.0,38.33122476942346,-49.94096437705788,0.9789167553381617,232.9896767675911,SLIDING
0.005239973776042461,0.15719921328127384,-6.504853054934787,-3.607557104120839,-9.49207126281968,-6.520340372550861,-3.538359156355141,-9.43879103416328,-7.235289148409633,-3.4254791225369288,-10.434298311658281,-5.842273415115974,-3.772720305302324,-8.637375740207853,-0.0009795849657404376,-0.0009971168717582987,0.00990182593510255,0.6056590144755042,-0.15097442728930233,0.7812706832393167,0.9664794829137977,-0.10477279022151464,0.23439298525313573,-0.23302771398569547,0.02526175074054832,0.9721419281484176,-0.10777519947223067,-0.9941752895635261,0.0,38.34407316209024,-49.920047538878265,0.9812450152627648,232.67898192810455,SLIDING
0.005249973852187395,0.15749921556562185,-6.502544269019412,-3.6071768488389138,-9.49149986289254,-6.520340372550861,-3.538359156355141,-9.43879103416328,-7.2327428083153515,-3.4248552939940975,-10.433863929185717,-5.840180114940835,-3.772560995678646,-8.636680051548938,-0.0009813602771218907,-0.000987891085174095,0.009902574831232155,0.6054620405976158,-0.15117639203676042,0.7813842946246866,0.9664794829137977,-0.10477279022151464,0.23439298525313573,-0.23302771398569547,0.02526175074054832,0.9721419281484176,-0.10777519947223067,-0.9941752895635261,0.0,38.35723940725302,-49.90165067699661,0.9835705012082272,232.4137038856094,SLIDING
0.005259973928332329,0.15779921784996986,-6.5002381653130525,-3.6067976440888527,-9.490929286254557,-6.520340372550861,-3.538359156355141,-9.43879103416328,-7.230198428744638,-3.4242648814907133,-10.433437054912591,-5.838090151616627,-3.7723733777879613,-8.635979122287367,-0.0009831497474920925,-0.0009786671831616652,0.009903313166909034,0.6052644683165266,-0.1513515201292383,0.7815034489674894,0.9664794829137977,-0.10477279022151464,0.23439298525313573,-0.23302771398569547,0.02526175074054832,0.9721419281484176,-0.10777519947223067,-0.9941752895635261,0.0,38.370594820946955,-49.88577657822569,0.9858933119476578,232.15176571003386,SLIDING
0.005269973538815975,0.15809920616447926,-6.497934743815708,-3.6064195345741394,-9.490359421147021,-6.520340372550861,-3.538359156355141,-9.43879103416328,-7.227656397125747,-3.423707967094419,-10.433017302560597,-5.836003173706618,-3.7721574624406693,-8.635273089681554,-0.0009849532863609154,-0.0009694456278934267,0.009904040905730802,0.6050666188778824,-0.15149978058532632,0.7816279186430624,0.9664794829137977,-0.10477279022151464,0.23439298525313573,-0.23302771398569547,0.02526175074054832,0.9721419281484176,-0.10777519947223067,-0.9941752895635261,0.0,38.38411581053584,-49.87242543967978,0.9882134783602261,231.88526709885795,SLIDING
0.005279973614960909,0.15839920844882727,-6.4956340045273775,-3.6060425426465157,-9.489790308548125,-6.520340372550861,-3.538359156355141,-9.43879103416328,-7.225116363119951,-3.423184406734605,-10.432604967017436,-5.833919499003575,-3.771913422950469,-8.63456176438801,-0.0009867710549232482,-0.0009602255932162968,0.009904758113169519,0.6048682017897284,-0.15162131139820184,0.7817579141867067,0.9664794829137977,-0.10477279022151464,0.23439298525313573,-0.23302771398569547,0.02526175074054832,0.9721419281484176,-0.10777519947223067,-0.9941752895635261,0.0,38.39782224151213,-49.86158317065814,0.9905309931827837,231.61612187151766,SLIDING
0.005289973691105843,0.15869921073317528,-6.493336007052707,-3.6056667055588845,-9.48922196335903,-6.520340372550861,-3.538359156355141,-9.43879103416328,-7.22257848428915,-3.422694137408991,-10.432199979163352,-5.831839098254975,-3.771641387511885,-8.633845237523394,-0.0009886029632541335,-0.0009510075413796491,0.009905464752401068,0.604669298275728,-0.15171619569691042,0.7818933659304163,0.9664794829137977,-0.10477279022151464,0.23439298525313573,-0.23302771398569547,0.02526175074054832,0.9721419281484176,-0.10777519947223067,-0.9941752895635261,0.0,38.411707410268626,-49.8532397524905,0.992845799219026,231.34578957525105,SLIDING
0.005299973301589489,0.15899919904768467,-6.491040751391696,-3.6052920456629876,-9.488654381854447,-6.520340372550861,-3.538359156355141,-9.43879103416328,-7.220042736876793,-3.4222371268831275,-10.431802350871425,-5.829761993010422,-3.771341427991872,-8.633123491213109,-0.0009904489187177723,-0.000941791934254437,0.00990616078862698,0.6044698886375528,-0.15178447874293255,0.782034286807964,0.9664794829137977,-0.10477279022151464,0.23439298525313573,-0.23302771398569547,0.02526175074054832,0.9721419281484176,-0.10777519947223067,-0.9941752895635261,0.0,38.42577219221956,-49.84738889239404,0.995157899683992,231.07414136177562,SLIDING
0.005309973377734423,0.15929920133203268,-6.48874829714899,-3.6049185927611473,-9.488087567759665,-6.520340372550861,-3.538359156355141,-9.43879103416328,-7.217509153333843,-3.4218133496121794,-10.43141210047131,-5.8276882675057005,-3.7710136243982406,-8.632396515934806,-0.0009923090863493075,-0.0009325779462233643,0.009906846284449582,0.6042699503600619,-0.1518262064287222,0.7821806889289147,0.9664794829137977,-0.10477279022151464,0.23439298525313573,-0.23302771398569547,0.02526175074054832,0.9721419281484176,-0.10777519947223067,-0.9941752895635261,0.0,38.440017722247,-49.84402416088454,0.9974672392203026,230.8010733658104,SLIDING
0.005319973453879356,0.1595992036163807,-6.486458584719943,-3.6045463692051056,-9.487521532250556,-6.520340372550861,-3.538359156355141,-9.43879103416328,-7.214977655084338,-3.421422670353498,-10.431029224124803,-5.825617879345079,-3.770658142036832,-8.631664336483645,-0.000994183374077243,-0.0009233660392382256,0.00990752120464828,0.6040694677127215,-0.15184150942753666,0.7823325598439815,0.9664794829137977,-0.10477279022151464,0.23439298525313573,-0.23302771398569547,0.02526175074054832,0.9721419281484176,-0.10777519947223067,-0.9941752895635261,0.0,38.45444423957921,-49.843131103255494,0.9997738751569365,230.52669762704622,SLIDING
0.00532997353002429,0.1598992059007287,-6.484171673709201,-3.6041754122477654,-9.486956271601828,-6.520340372550861,-3.538359156355141,-9.43879103416328,-7.212448370525707,-3.421065142536796,-10.430653665681085,-5.823550825731166,-3.7702750034865407,-8.630926996689608,-0.0009960717752439156,-0.0009141562460199389,0.009908185546825984,0.6038684977367571,-0.15183037432597582,0.782489856083251,0.9664794829137977,-0.10477279022151464,0.23439298525313573,-0.23302771398569547,0.02526175074054832,0.9721419281484176,-0.10777519947223067,-0.9941752895635261,0.0,38.46904756338542,-49.84470845486108,1.002077754663496,230.25109645388432,SLIDING
0.0053399731405079365,0.1601991942152381,-6.4818875641167635,-3.6038057442408684,-9.486391800714644,-6.520340372550861,-3.538359156355141,-9.43879103416328,-7.20992120877138,-3.420740683779224,-10.430285484071332,-5.821487189107303,-3.7698643261040097,-8.630184471514168,-0.0009979741943572356,-0.0009049490280139021,0.009908839278324415,0.603666965071338,-0.1517928879672984,0.782652614155289,0.9664794829137977,-0.10477279022151464,0.23439298525313573,-0.23302771398569547,0.02526175074054832,0.9721419281484176,-0.10777519947223067,-0.9941752895635261,0.0,38.483832604898375,-49.84874585287481,1.0043788765891115,229.97434097504004,SLIDING
0.00534997321665287,0.1604991964995861,-6.479606315547275,-3.6034373726349953,-9.485828119589003,-6.520340372550861,-3.538359156355141,-9.43879103416328,-7.207396234802984,-3.420449248054812,-10.429924655587287,-5.819427024200663,-3.769426165848475,-8.629436782463117,-0.0009998908015643293,-0.000895743560359444,0.009909482457916539,0.6034648741749224,-0.15172909469289703,0.782820814401814,0.9664794829137977,-0.10477279022151464,0.23439298525313573,-0.23302771398569547,0.02526175074054832,0.9721419281484176,-0.10777519947223067,-0.9941752895635261,0.0,38.49879878807982,-49.855236609889886,1.0066771841077333,229.69649430446955,SLIDING
0.005359973292797804,0.16079919878393412,-6.477327808791446,-3.6030703421336296,-9.485265235675486,-6.520340372550861,-3.538359156355141,-9.43879103416328,-7.204873345856087,-3.42019079427785,-10.429571145889414,-5.817370196884806,-3.7689606452429225,-8.628683974894912,-0.0010018215019364477,-0.0008865403045879347,0.009910115052521705,0.6032622386831656,-0.15163906563698812,0.7829944221715227,0.9664794829137977,-0.10477279022151464,0.23439298525313573,-0.23302771398569547,0.02526175074054832,0.9721419281484176,-0.10777519947223067,-0.9941752895635261,0.0,38.51394478451932,-49.864171432372856,1.0089727953700383,229.41763860543884,SLIDING
0.005369973368942738,0.16109920106828213,-6.475052222663211,-3.602704660187352,-9.484703148974093,-6.520340372550861,-3.538359156355141,-9.43879103416328,-7.202352595158453,-3.419965337656676,-10.429225037423947,-5.81531699989306,-3.76846776470086,-8.627925974022455,-0.0010037662886155086,-0.0008773392933896921,0.009910737059892998,0.6030589544632141,-0.15152279436703664,0.7831735058267355,0.9664794829137977,-0.10477279022151464,0.23439298525313573,-0.23302771398569547,0.02526175074054832,0.9721419281484176,-0.10777519947223067,-0.9941752895635261,0.0,38.52927826135973,-49.87554849101782,1.0112655383366462,229.137813398,SLIDING
0.005379972979426384,0.16139918938279152,-6.472779437953281,-3.602340356598485,-9.484141866935405,-6.520340372550861,-3.538359156355141,-9.43879103416328,-7.199833875525361,-3.4197727538233327,-10.428886279364102,-5.813267303108635,-3.767947693872694,-8.627162840159807,-0.0010057250632587243,-0.0008681409877576526,0.009911348449514343,0.6028550314855329,-0.15138040871711375,0.7833580170453462,0.9664794829137977,-0.10477279022151464,0.23439298525313573,-0.23302771398569547,0.02526175074054832,0.9721419281484176,-0.10777519947223067,-0.9941752895635261,0.0,38.54479795459499,-49.889353045917424,1.0135555295969976,228.85707085634397,SLIDING
0.005389973055571318,0.16169919166713953,-6.470509573870944,-3.6019774462681893,-9.483581397010001,-6.520340372550861,-3.538359156355141,-9.43879103416328,-7.197317231590314,-3.4196130649725562,-10.428554915531398,-5.8112212933886225,-3.7674004410435735,-8.626394547765418,-0.0010076980011153073,-0.000858944563635613,0.009911949276325986,0.602650407913779,-0.15121190263957274,0.7835479859852085,0.9664794829137977,-0.10477279022151464,0.23439298525313573,-0.23302771398569547,0.02526175074054832,0.9721419281484176,-0.10777519947223067,-0.9941752895635261,0.0,38.56050857727707,-49.905582949025494,1.0158426537526335,228.57548138373616,SLIDING
0.005399973131716251,0.16199919395148754,-6.468242570811557,-3.6016159440976265,-9.483021731747302,-6.520340372550861,-3.538359156355141,-9.43879103416328,-7.194802585509049,-3.419486255571165,-10.428230920864504,-5.809178927673563,-3.7668260487216956,-8.625621105363447,-0.0010096850044047146,-0.0008497504821078931,0.00991253950938891,0.6024450686241246,-0.15101730136979596,0.7837433980439378,0.9664794829137977,-0.10477279022151464,0.23439298525313573,-0.23302771398569547,0.02526175074054832,0.9721419281484176,-0.10777519947223067,-0.9941752895635261,0.0,38.57641134823771,-49.924232924672665,1.0181269717178196,228.29308231227563,SLIDING
0.005409972742199898,0.16229918226599693,-6.465978369170474,-3.6012558724385384,-9.482462886048468,-6.520340372550861,-3.538359156355141,-9.43879103416328,-7.192289867107018,-3.419392264002204,-10.427914273208726,-5.8071401559467875,-3.7662246154269297,-8.624842561468473,-0.0010116859726499248,-0.0008405592038106885,0.009913119119794861,0.6022390048522741,-0.15079667453248954,0.7839442224957622,0.9664794829137977,-0.10477279022151464,0.23439298525313573,-0.23302771398569547,0.02526175074054832,0.9721419281484176,-0.10777519947223067,-0.9941752895635261,0.0,38.59250683766876,-49.945293461875394,1.020408539948349,228.0099140561528,SLIDING
0.0054199728183448315,0.16259918455034494,-6.463717207366275,-3.6008972536426667,-9.4819048599135,-6.520340372550861,-3.538359156355141,-9.43879103416328,-7.189779172235983,-3.419331058665702,-10.427605039464446,-5.805105345949437,-3.7655962124506934,-8.624058855395063,-0.0010137010849200275,-0.000831369905322509,0.009913688159607244,0.602032098385455,-0.1505500668630398,0.7841505148127751,0.9664794829137977,-0.10477279022151464,0.23439298525313573,-0.23302771398569547,0.02526175074054832,0.9721419281484176,-0.10777519947223067,-0.9941752895635261,0.0,38.608803709623935,-49.96875755334183,1.0226871303594098,227.72604563003293,SLIDING
0.005429972894489765,0.16289918683469296,-6.461458787375736,-3.6005401026111725,-9.481347660792979,-6.520340372550861,-3.538359156355141,-9.43879103416328,-7.1872701706233855,-3.4193026204299124,-10.427303209744565,-5.803074228911712,-3.764940885565449,-8.623270010320832,-0.0010157302412993558,-0.0008221830473748633,0.009914246599494659,0.6018243224833362,-0.15027750658066807,0.7843622606190146,0.9664794829137977,-0.10477279022151464,0.23439298525313573,-0.23302771398569547,0.02526175074054832,0.9721419281484176,-0.10777519947223067,-0.9941752895635261,0.0,38.62530416033593,-49.99461941064054,1.0249630307992081,227.44148616521676,SLIDING
0.005439972970634699,0.16319918911904097,-6.459203347617435,-3.6001844267946366,-9.480791281236323,-6.520340372550861,-3.538359156355141,-9.43879103416328,-7.184763056604465,-3.4193069668497973,-10.427008773555146,-5.801047083240248,-3.764258633056078,-8.62247602155583,-0.0010177734345801163,-0.0008129986625997464,0.009914794437473643,0.601615640593138,-0.1499789853070786,0.7845794573910072,0.9664794829137977,-0.10477279022151464,0.23439298525313573,-0.23302771398569547,0.02526175074054832,0.9721419281484176,-0.10777519947223067,-0.9941752895635261,0.0,38.64201134734216,-50.02287658295049,1.0272360133680607,227.15629032873943,SLIDING
0.005449972581118345,0.16349917743355036,-6.456950888091373,-3.5998302485448006,-9.480235728694113,-6.520340372550861,-3.538359156355141,-9.43879103416328,-7.182257685021585,-3.4193440096130825,-10.426721786422743,-5.799024040607751,-3.763549577657811,-8.621676852940857,-0.0010198305614446338,-0.000803817211134391,0.009915331646781054,0.601405932353841,-0.14965459480205595,0.7848021449921245,0.9664794829137977,-0.10477279022151464,0.23439298525313573,-0.23302771398569547,0.02526175074054832,0.9721419281484176,-0.10777519947223067,-0.9941752895635261,0.0,38.658933976558934,-50.05351740351937,1.0295060786614556,226.87048239888472,SLIDING
0.005459972657263279,0.16379917971789837,-6.45470128958826,-3.599477582762826,-9.47968101061693,-6.520340372550861,-3.538359156355141,-9.43879103416328,-7.179754000288867,-3.419413764591892,-10.426442161954991,-5.797004924092041,-3.762813733391048,-8.620872597051562,-0.0010219018060461725,-0.0007946378704453795,0.009915858275642021,0.601195250520359,-0.14930433426050244,0.7850302456101872,0.9664794829137977,-0.10477279022151464,0.23439298525313573,-0.23302771398569547,0.02526175074054832,0.9721419281484176,-0.10777519947223067,-0.9941752895635261,0.0,38.67606881612131,-50.08653832480369,1.0317733417075985,226.58410269505774,SLIDING
0.005469972733408213,0.16409918200224638,-6.452454671317386,-3.599126436899293,-9.479127134455355,-6.520340372550861,-3.538359156355141,-9.43879103416328,-7.177251885820844,-3.4195162109538435,-10.42617003431545,-5.794990066792174,-3.762051133361886,-8.620063146397001,-0.0010239870656272119,-0.0007854611007703946,0.009916374296870065,0.6009833995776827,-0.1489282271339315,0.7852638643123697,0.9664794829137977,-0.10477279022151464,0.23439298525313573,-0.23302771398569547,0.02526175074054832,0.9721419281484176,-0.10777519947223067,-0.9941752895635261,0.0,38.69343046594409,-50.12193400206984,1.034037686327414,226.2971620420504,SLIDING
0.005479972809553146,0.1643991842865944,-6.450210914069461,-3.598776818404782,-9.478574085308226,-6.520340372550861,-3.538359156355141,-9.43879103416328,-7.174751172455873,-3.4196512799052723,-10.42590536053679,-5.792979394810712,-3.761261854182171,-8.619248511534872,-0.0010260863327807004,-0.0007762869347057371,0.009916879708632262,0.6007703381065921,-0.14852633664212989,0.785502977826921,0.9664794829137977,-0.10477279022151464,0.23439298525313573,-0.23302771398569547,0.02526175074054832,0.9721419281484176,-0.10777519947223067,-0.9941752895635261,0.0,38.71102223062415,-50.159694945316836,1.0362992320075755,226.00971371829783,SLIDING
0.005489972420036793,0.16469917260110378,-6.447974547797489,-3.5984325270753983,-9.47800471193901,-6.520340372550861,-3.538359156355141,-9.43879103416328,-7.172286134418196,-3.419830713490975,-10.425609696762809,-5.790950457029076,-3.760442491222699,-8.618430855794827,-0.001028199501354298,-0.0007671158318629101,0.009917374486312252,0.6005807292996173,-0.14809207727466256,0.7857299308556444,0.9664794829137977,-0.10477279022151464,0.23439298525313573,-0.23302771398569547,0.02526175074054832,0.9721419281484176,-0.10777519947223067,-0.9941752895635261,0.0,38.72710304009954,-50.200378862093224,1.0385580188862242,225.70244634301713,SLIDING
0.0054999724961817265,0.1649991748854518,-6.445743426734256,-3.5980913947921875,-9.477428744805964,-6.520340372550861,-3.538359156355141,-9.43879103416328,-7.1698367200548105,-3.420053589310461,-10.425306654654596,-5.788917350135026,-3.759589746371492,-8.617607317975907,-0.0010303267605747827,-0.0007579469706443181,0.009917858674294108,0.60039972605208,-0.1476244161134917,0.7859562333385608,0.9664794829137977,-0.10477279022151464,0.23439298525313573,-0.23302771398569547,0.02526175074054832,0.9721419281484176,-0.10777519947223067,-0.9941752895635261,0.0,38.74275113211081,-50.24411085740177,1.0408136128923111,225.37371963207383,SLIDING
0.00550997257232666,0.1652991771697998,-6.443515405112552,-3.5977515812617424,-9.476854573262843,-6.520340372550861,-3.538359156355141,-9.43879103416328,-7.1673882236550455,-3.4203154781634915,-10.42501366407209,-5.786889321504279,-3.7587041277362845,-8.616778086775584,-0.0010324680048486943,-0.000748780810767299,0.009918332247537655,0.6002169139785942,-0.1471254998142579,0.7861893814332637,0.9664794829137977,-0.10477279022151464,0.23439298525313573,-0.23302771398569547,0.02526175074054832,0.9721419281484176,-0.10777519947223067,-0.9941752895635261,0.0,38.75870674747209,-50.29070878275177,1.0430659286474757,225.09003120192526,SLIDING
0.0055199721828103065,0.1655991654843092,-6.441290602141666,-3.597413384507287,-9.47628087855688,-6.520340372550861,-3.538359156355141,-9.43879103416328,-7.164945827911244,-3.420617364592349,-10.424725590256083,-5.784861897253301,-3.7577853105978654,-8.615945304946077,-0.001034623125901753,-0.0007396178114315693,0.009918795183037597,0.6000364915904098,-0.1465947591328331,0.7864262110043504,0.9664794829137977,-0.10477279022151464,0.23439298525313573,-0.23302771398569547,0.02526175074054832,0.9721419281484176,-0.10777519947223067,-0.9941752895635261,0.0,38.77467163638833,-50.34021329701208,1.0453151912695091,224.79138834361834,SLIDING
0.00552997225895524,0.1658991677686572,-6.43906830256586,-3.597076484153855,-9.475708927286776,-6.520340372550861,-3.538359156355141,-9.43879103416328,-7.162501911808881,-3.42095728450794,-10.42444858078781,-5.78284062635017,-3.7568344655967407,-8.615105811539745,-0.001036792316758543,-0.0007304571517726546,0.009919247522295487,0.5998527328081353,-0.14603355699513082,0.7866707692382892,0.9664794829137977,-0.10477279022151464,0.23439298525313573,-0.23302771398569547,0.02526175074054832,0.9721419281484176,-0.10777519947223067,-0.9941752895635261,0.0,38.791052106251804,-50.39250405584791,1.0475617615899768,224.51585336841023,SLIDING
0.005539972335100174,0.16619917005300522,-6.436848744803714,-3.5967409845095757,-9.475138466132792,-6.520340372550861,-3.538359156355141,-9.43879103416328,-7.160059834076896,-3.4213356796362917,-10.42417997679825,-5.780822916775408,-3.755851390968771,-8.6142615353141,-0.0010389754697027757,-0.0007212992911002081,0.009919689241881878,0.5996682249136904,-0.14544161362281716,0.7869210615148478,0.9664794829137977,-0.10477279022151464,0.23439298525313573,-0.23302771398569547,0.02526175074054832,0.9721419281484176,-0.10777519947223067,-0.9941752895635261,0.0,38.80766452882805,-50.447597652604486,1.0498054794872367,224.23512679149417,SLIDING
0.005549972411245108,0.16649917233735323,-6.434631809645938,-3.5964068706732872,-9.4745696590077,-6.520340372550861,-3.538359156355141,-9.43879103416328,-7.157618028562641,-3.421752108880525,-10.423920874855243,-5.778809961844147,-3.75483645841555,-8.61341179416914,-0.0010411725769798013,-0.0007121442619432782,0.009920120340227838,0.5994817681384758,-0.14481928240653258,0.7871778611678709,0.9664794829137977,-0.10477279022151464,0.23439298525313573,-0.23302771398569547,0.02526175074054832,0.9721419281484176,-0.10777519947223067,-0.9941752895635261,0.0,38.82459467655439,-50.50545853442571,1.0520464201933812,223.96064598363546,SLIDING
0.005559972021728754,0.16679916065186262,-6.4324174970925325,-3.5960741873484734,-9.474002341998728,-6.520340372550861,-3.538359156355141,-9.43879103416328,-7.155177039622207,-3.4222064641392658,-10.423670572540273,-5.776801267770188,-3.75378985125007,-8.61255691267144,-0.0010433835274915402,-0.0007029925229294833,0.00992054079647719,0.5992938138487037,-0.1441666900481758,0.7874407216821014,0.9664794829137977,-0.10477279022151464,0.23439298525313573,-0.23302771398569547,0.02526175074054832,0.9721419281484176,-0.10777519947223067,-0.9941752895635261,0.0,38.841810696899145,-50.56606928952477,1.054284626812123,223.68433152774597,SLIDING
0.005569972097873688,0.16709916293621063,-6.430205807143497,-3.595742956886876,-9.473436544908198,-6.520340372550861,-3.538359156355141,-9.43879103416328,-7.152736590909308,-3.422698647145249,-10.42342918854728,-5.774797085227645,-3.7527117012377476,-8.611696839989603,-0.0010456085193165541,-0.0006938432542135139,0.009920950648285935,0.5991041329050709,-0.1434839365619559,0.7877097167642074,0.9664794829137977,-0.10477279022151464,0.23439298525313573,-0.23302771398569547,0.02526175074054832,0.9721419281484176,-0.10777519947223067,-0.9941752895635261,0.0,38.85932996066576,-50.629415928628276,1.0565200946998612,223.41152779350838,SLIDING
0.0055799721740186214,0.16739916522055864,-6.427996739798831,-3.595413194189656,-9.472872237933787,-6.520340372550861,-3.538359156355141,-9.43879103416328,-7.150296666852519,-3.4232283392550165,-10.423196540843557,-5.7727974283413825,-3.7516023258385522,-8.61083168440971,-0.0010478474419134847,-0.0006846969145379667,0.00992134987437365,0.5989127123961461,-0.14277129851458073,0.7879847201886289,0.9664794829137977,-0.10477279022151464,0.23439298525313573,-0.23302771398569547,0.02526175074054832,0.9721419281484176,-0.10777519947223067,-0.9941752895635261,0.0,38.877153319126066,-50.695467709058285,1.0587528324032895,223.13985969428643,SLIDING
0.005589972250163555,0.16769916750490665,-6.425790295058536,-3.5950849216085556,-9.472309391273173,-6.520340372550861,-3.538359156355141,-9.43879103416328,-7.147857146147049,-3.423795459386094,-10.422972566263255,-5.770802407147151,-3.750461841229553,-8.609961446393545,-0.0010501002873296904,-0.0006755535363910913,0.00992173847332224,0.5987194517390859,-0.1420288616710691,0.788265704291179,0.9664794829137977,-0.10477279022151464,0.23439298525313573,-0.23302771398569547,0.02526175074054832,0.9721419281484176,-0.10777519947223067,-0.9941752895635261,0.0,38.8952890643665,-50.764211519536154,1.0609828492497133,222.8706035035186,SLIDING
0.0055999718606472015,0.16799915581941605,-6.423586353713321,-3.5947581540447358,-9.471747990025195,-6.520340372550861,-3.538359156355141,-9.43879103416328,-7.1454178649961,-3.424399833130908,-10.422757138985501,-5.768811942881057,-3.7492904340341404,-8.609086211655372,-0.0010523669416497383,-0.0006664135778016145,0.00992211642642587,0.598524313963062,-0.14125678300140548,0.7885525771000561,0.9664794829137977,-0.10477279022151464,0.23439298525313573,-0.23302771398569547,0.02526175074054832,0.9721419281484176,-0.10777519947223067,-0.9941752895635261,0.0,38.913740556042356,-50.83562747483598,1.0632102655064326,222.60335326459273,SLIDING
0.005609971936792135,0.16829915810376406,-6.421385034972476,-3.5944329063993576,-9.47118800438753,-6.520340372550861,-3.538359156355141,-9.43879103416328,-7.142978875383507,-3.4250413348103557,-10.42255014077253,-5.766826215732692,-3.7480882466740355,-8.608206030612793,-0.0010546476079946751,-0.0006572762199910897,0.00992248376749297,0.5983272433264414,-0.14045517907116523,0.7888452652868422,0.9664794829137977,-0.10477279022151464,0.23439298525313573,-0.23302771398569547,0.02526175074054832,0.9721419281484176,-0.10777519947223067,-0.9941752895635261,0.0,38.932512783857554,-50.90969932740371,1.065434974506804,222.33848167966167,SLIDING
0.005619972012937069,0.16859916038811207,-6.419186338836002,-3.594109201024163,-9.470629412008437,-6.520340372550861,-3.538359156355141,-9.43879103416328,-7.140540059105123,-3.4257197898494467,-10.422351485961592,-5.764845332925216,-3.7468554801335046,-8.607320938343571,-0.0010569421730045568,-0.0006481419211086194,0.009922840477393164,0.5981281418173511,-0.1396242131669816,0.789143716355661,0.9664794829137977,-0.10477279022151464,0.23439298525313573,-0.23302771398569547,0.02526175074054832,0.9721419281484176,-0.10777519947223067,-0.9941752895635261,0.0,38.95161355519218,-50.98640643819714,1.0676569838317747,222.07601144861223,SLIDING
0.005629971623420715,0.16889914870262146,-6.416990146094608,-3.5937870453697327,-9.470072197986754,-6.520340372550861,-3.538359156355141,-9.43879103416328,-7.138101162720143,-3.4264350703046116,-10.422161115963776,-5.762869297010938,-3.745592264679358,-8.606430959575768,-0.0010592505206552681,-0.0006390111387164691,0.009923186539034162,0.597926898134437,-0.13876399755423757,0.7894478940817428,0.9664794829137977,-0.10477279022151464,0.23439298525313573,-0.23302771398569547,0.02526175074054832,0.9721419281484176,-0.10777519947223067,-0.9941752895635261,0.0,38.97105196753231,-51.065732744070324,1.0698764129680232,221.8160758191568,SLIDING
0.005639971699565649,0.16919915098696947,-6.414796456748294,-3.5934664543372277,-9.46951633997074,-6.520340372550861,-3.538359156355141,-9.43879103416328,-7.135662115179171,-3.4271870121423347,-10.421978905739042,-5.760898172438867,-3.7442987775246626,-8.605536165106342,-0.0010615728578420333,-0.0006298830548674936,0.009923521983337322,0.5977234533653499,-0.1378746806010122,0.7897577133185653,0.9664794829137977,-0.10477279022151464,0.23439298525313573,-0.23302771398569547,0.02526175074054832,0.9721419281484176,-0.10777519947223067,-0.9941752895635261,0.0,38.99083318511076,-51.14765869114251,1.0720932687158768,221.55876430884095,SLIDING
0.005649971775710583,0.16949915327131748,-6.412605151587772,-3.5931474353772286,-9.468961808158072,-6.520340372550861,-3.538359156355141,-9.43879103416328,-7.133222640940657,-3.427975527381152,-10.421804798602587,-5.758931981808936,-3.7429751126865445,-8.604636549518114,-0.0010639090690952504,-0.0006207581272482075,0.009923846792785622,0.5975176778833571,-0.13695634143712698,0.790073151775858,0.9664794829137977,-0.10477279022151464,0.23439298525313573,-0.23302771398569547,0.02526175074054832,0.9721419281484176,-0.10777519947223067,-0.9941752895635261,0.0,39.010967896167344,-51.23217100028707,1.074307674054742,221.30418138995233,SLIDING
0.0056599718518555164,0.1697991555556655,-6.410416469031619,-3.5928300108414772,-9.46840859509817,-6.520340372550861,-3.538359156355141,-9.43879103416328,-7.130782945592513,-3.428800512652082,-10.421638657969954,-5.75697099332047,-3.7416214065581963,-8.603732222498023,-0.001066259146116721,-0.0006116363882707169,0.009924160966225238,0.5973095444661055,-0.13600908430700642,0.7903941023791002,0.9664794829137977,-0.10477279022151464,0.23439298525313573,-0.23302771398569547,0.02526175074054832,0.9721419281484176,-0.10777519947223067,-0.9941752895635261,0.0,39.03145932674563,-51.319253902730196,1.07651940264617,221.05240764758605,SLIDING
0.005669971462339163,0.17009914387017488,-6.408230170661258,-3.592514173279393,-9.46785666353813,-6.520340372550861,-3.538359156355141,-9.43879103416328,-7.12834257855378,-3.4296618068400377,-10.42148044487745,-5.755015161007691,-3.740237791078334,-8.602823148345031,-0.0010686229700765145,-0.0006025182948522253,0.00992446448871595,0.5970988771939516,-0.1350330366253462,0.7907205637097471,0.9664794829137977,-0.10477279022151464,0.23439298525313573,-0.23302771398569547,0.02526175074054832,0.9721419281484176,-0.10777519947223067,-0.9941752895635261,0.0,39.05232128581261,-51.40888940282831,1.0787286928680295,220.80354073829983,SLIDING
0.0056799715384840965,0.1703991461545229,-6.406046375685977,-3.592199937592137,-9.467306006027373,-6.520340372550861,-3.538359156355141,-9.43879103416328,-7.1259016037044205,-3.4305593390355336,-10.421330039888336,-5.753064654269202,-3.73882435898708,-8.601909421191364,-0.0010710007528915981,-0.0005934030301954286,0.009924757387328377,0.5968856301892255,-0.13402826954415062,0.7910524429117275,0.9664794829137977,-0.10477279022151464,0.23439298525313573,-0.23302771398569547,0.02526175074054832,0.9721419281484176,-0.10777519947223067,-0.9941752895635261,0.0,39.07355860867121,-51.50106450010062,1.0809354328145862,220.55764113505262,SLIDING
0.00568997161462903,0.1706991484388709,-6.403870210105228,-3.59189055223285,-9.466740380300196,-6.520340372550861,-3.538359156355141,-9.43879103416328,-7.123490034212332,-3.431499405993715,-10.42115280611606,-5.751102023917858,-3.7373815936184056,-8.60099148455857,-0.001073392376285363,-0.0005842910513469313,0.00992503964669742,0.5966904392584667,-0.1329922554889959,0.7913744876336914,0.9664794829137977,-0.10477279022151464,0.23439298525313573,-0.23302771398569547,0.02526175074054832,0.9721419281484176,-0.10777519947223067,-0.9941752895635261,0.0,39.09370756984629,-51.59601010369226,1.083138815735186,219.4089759674954,SLIDING
0.005699971690773964,0.17099915072321892,-6.401726588660526,-3.5915978785258416,-9.466100226415309,-6.520340372550861,-3.538359156355141,-9.43879103416328,-7.121241971981822,-3.432503578208608,-10.420808405055329,-5.749053140861444,-3.7359125490946896,-8.60008305285793,-0.0010757978317628076,-0.0005751823906728927,0.00992531126582034,0.5966038396175553,-0.1319169438635136,0.7916197183466953,0.9664794829137977,-0.10477279022151464,0.23439298525313573,-0.23302771398569547,0.02526175074054832,0.9721419281484176,-0.10777519947223067,-0.9941752895635261,0.0,39.1063245507583,-51.69450570224757,1.0853299652198167,218.94211000557044,SLIDING
0.00570997130125761,0.1712991390377283,-6.399575337821292,-3.591297664831269,-9.465505848897608,-6.520340372550861,-3.538359156355141,-9.43879103416328,-7.118902186631942,-3.4335179847561994,-10.42057419552371,-5.747072909950269,-3.734419841471719,-8.599161966437666,-0.001078216997695243,-0.000566077504418737,0.009925572231909948,0.5964475116007275,-0.13082689422413893,0.791918360472193,0.9664794829137977,-0.10477279022151464,0.23439298525313573,-0.23302771398569547,0.02526175074054832,0.9721419281484176,-0.10777519947223067,-0.9941752895635261,0.0,39.12406103655599,-51.79424117706402,1.0875169687128352,217.93671586456887,SLIDING
0.005719971377402544,0.17159914132207632,-6.3974406570733064,-3.5910038139325264,-9.46488815106264,-6.520340372550861,-3.538359156355141,-9.43879103416328,-7.116622452056636,-3.4345729149321005,-10.420287548798498,-5.745069807739433,-3.732902509303889,-8.598243971660878,-0.0010806500910089333,-0.0005569755769845425,0.009925822568184261,0.5963272366596538,-0.12970851929208188,0.7921928596250518,0.9664794829137977,-0.10477279022151464,0.23439298525313573,-0.23302771398569547,0.02526175074054832,0.9721419281484176,-0.10777519947223067,-0.9941752895635261,0.0,39.13941099983881,-51.896504042013206,1.089694090319286,217.54209383595582,SLIDING
0.005729971453547478,0.17189914360642433,-6.395311102324771,-3.5907098736268166,-9.464279028845938,-6.520340372550861,-3.538359156355141,-9.43879103416328,-7.1143291488942,-3.4356542276135658,-10.420025797053114,-5.7430887894146485,-3.7313610750188397,-8.597319749185816,-0.001083096990627134,-0.0005478770647506184,0.009926062261431131,0.5961914606432832,-0.12856819452403215,0.7924808903770862,0.9664794829137977,-0.10477279022151464,0.23439298525313573,-0.23302771398569547,0.02526175074054832,0.9721419281484176,-0.10777519947223067,-0.9941752895635261,0.0,39.156036212559684,-52.00067676173807,1.091864238320257,216.67767676993012,SLIDING
0.005739971529692411,0.17219914589077234,-6.393189296180057,-3.590417110512841,-9.463672246111544,-6.520340372550861,-3.538359156355141,-9.43879103416328,-7.112038835403737,-3.4367648315144113,-10.41977234898156,-5.741119836527665,-3.72979531565027,-8.596392456066281,-0.0010855576878584252,-0.0005387820000351988,0.00992629131079902,0.5960517386417706,-0.12740455831993863,0.7927738664849037,0.9664794829137977,-0.10477279022151464,0.23439298525313573,-0.23302771398569547,0.02526175074054832,0.9721419281484176,-0.10777519947223067,-0.9941752895635261,0.0,39.17311782981488,-52.10688503460988,1.0940264724340327,215.75478151245827,SLIDING
0.005749971140176058,0.17249913420528173,-6.391076549941348,-3.5901260312300805,-9.46306508339754,-6.520340372550861,-3.538359156355141,-9.43879103416328,-7.109757428224169,-3.4379059093758353,-10.419520999415042,-5.739160082873037,-3.7282051245448127,-8.595462534730121,-0.0010880320582824093,-0.0005296908383857229,0.009926509705654538,0.5959118892831009,-0.1262170500734685,0.7930688976890957,0.9664794829137977,-0.10477279022151464,0.23439298525313573,-0.23302771398569547,0.02526175074054832,0.9721419281484176,-0.10777519947223067,-0.9941752895635261,0.0,39.1903874677302,-52.21517891547579,1.0961802158187872,214.96576099195423,SLIDING
0.0057599712163209915,0.17279913648962975,-6.388972029143619,-3.5898360471826676,-9.462460319770488,-6.520340372550861,-3.538359156355141,-9.43879103416328,-7.107478976748475,-3.4390762478952075,-10.419278138769446,-5.73721333484556,-3.7265904797790106,-8.594529488383683,-0.0010905203238222023,-0.0005206027654469606,0.009926717465361782,0.5957676703925718,-0.1250061877755664,0.793368978428592,0.9664794829137977,-0.10477279022151464,0.23439298525313573,-0.23302771398569547,0.02526175074054832,0.9721419281484176,-0.10777519947223067,-0.9941752895635261,0.0,39.20814799783235,-52.3255009220473,1.098325561905309,214.1165722063621,SLIDING
0.005769971292465925,0.17309913877397776,-6.386875852996158,-3.589547165821183,-9.46185786582342,-6.520340372550861,-3.538359156355141,-9.43879103416328,-7.105203273930071,-3.4402758761646304,-10.419043787162774,-5.735280007601697,-3.724951369172389,-8.593593128269747,-0.0010930223606078215,-0.0005115182369062274,0.009926914578862262,0.595618811447119,-0.12377195348163415,0.7936741995187077,0.9664794829137977,-0.10477279022151464,0.23439298525313573,-0.23302771398569547,0.02526175074054832,0.9721419281484176,-0.10777519947223067,-0.9941752895635261,0.0,39.2264207926205,-52.43784593189795,1.1004624172172477,213.26508600647048,SLIDING
0.005779970902949572,0.17339912708848715,-6.384788021498966,-3.5892593945962075,-9.461257654501113,-6.520340372550861,-3.538359156355141,-9.43879103416328,-7.102930279101251,-3.441504855952154,-10.418817774675057,-5.733360138031186,-3.7232877509040727,-8.592653480641841,-0.0010955380421296618,-0.0005024377077701627,0.009927101037138305,0.5954652787261154,-0.12251430215300821,0.7939844756666161,0.9664794829137977,-0.10477279022151464,0.23439298525313573,-0.23302771398569547,0.02526175074054832,0.9721419281484176,-0.10777519947223067,-0.9941752895635261,0.0,39.245210443284165,-52.55221141385581,1.102590798252498,212.41677603248448,SLIDING
0.005789970979094505,0.17369912937283516,-6.382708534652042,-3.5889727260571602,-9.460659678352984,-6.520340372550861,-3.538359156355141,-9.43879103416328,-7.100659951837457,-3.4427631964165686,-10.418599982127336,-5.731453762803201,-3.7215996024570974,-8.591710639398364,-0.00109806759405005,-0.0004933603646479701,0.00992727685666293,0.5953070387105458,-0.12123322001762123,0.7942997142299877,0.9664794829137977,-0.10477279022151464,0.23439298525313573,-0.23302771398569547,0.02526175074054832,0.9721419281484176,-0.10777519947223067,-0.9941752895635261,0.0,39.26452135869662,-52.6685918495688,1.1047107059768049,211.56986115200718,SLIDING
0.005799971055239439,0.17399913165718317,-6.3806373924553865,-3.5886871527534607,-9.460063929928454,-6.520340372550861,-3.538359156355141,-9.43879103416328,-7.098391958227545,-3.444050831607624,-10.41839049614176,-5.729561184809026,-3.719886969446017,-8.590764511755221,-0.0011006108904086421,-0.0004842866626901332,0.009927442027993243,0.5951438145297906,-0.11992875558191016,0.794619993211538,0.9664794829137977,-0.10477279022151464,0.23439298525313573,-0.23302771398569547,0.02526175074054832,0.9721419281484176,-0.10777519947223067,-0.9941752895635261,0.0,39.2843749964397,-52.78697540036691,1.106822141355913,210.72322814782518,SLIDING
0.005809971131384373,0.17429913394153118,-6.378574594909,-3.588402674685109,-9.459470401776942,-6.520340372550861,-3.538359156355141,-9.43879103416328,-7.09612609481384,-3.4453678887399004,-10.41818933065312,-5.727682588605411,-3.718149736474302,-8.589815070863134,-0.0011031679221718516,-0.00047521663412684195,0.00992759655054246,0.5949754374819256,-0.11860080336278325,0.7949453303434728,0.9664794829137977,-0.10477279022151464,0.23439298525313573,-0.23302771398569547,0.02526175074054832,0.9721419281484176,-0.10777519947223067,-0.9941752895635261,0.0,39.30478604088838,-52.90736418402479,1.108925106136187,209.87667354170858,SLIDING
0.005819970741868019,0.17459912225604057,-6.376520022803592,-3.588119269500363,-9.458879093898448,-6.520340372550861,-3.538359156355141,-9.43879103416328,-7.093862001228229,-3.446714322206231,-10.417996509266418,-5.725818073738587,-3.716387902285239,-8.588862295309967,-0.0011057385600510754,-0.0004661507332204345,0.009927740417447544,0.5948017076041923,-0.11724938264304705,0.7952757451984572,0.9664794829137977,-0.10477279022151464,0.23439298525313573,-0.23302771398569547,0.02526175074054832,0.9721419281484176,-0.10777519947223067,-0.9941752895635261,0.0,39.32577064246457,-53.0297486452575,1.1110197131891049,209.0302075688549,SLIDING
0.005829970818012953,0.17489912454038858,-6.3744739145577425,-3.5878369297486428,-9.45828999884239,-6.520340372550861,-3.538359156355141,-9.43879103416328,-7.091599725390004,-3.4480901114076756,-10.417812008904335,-5.723968051429312,-3.714601471355145,-8.587906191820181,-0.0011083230346827398,-0.00045708814790752957,0.009927873641325908,0.5946224669394314,-0.11587450432498672,0.7956112248191974,0.9664794829137977,-0.10477279022151464,0.23439298525313573,-0.23302771398569547,0.02526175074054832,0.9721419281484176,-0.10777519947223067,-0.9941752895635261,0.0,39.347342002164375,-53.154119851030885,1.1131057330537484,208.18387351341028,SLIDING
0.0058399708941578865,0.1751991268247366,-6.372436150962161,-3.5875556628805283,-9.457703124059352,-6.520340372550861,-3.538359156355141,-9.43879103416328,-7.089338829294868,-3.4494952382686086,-10.417635912616412,-5.722132691647708,-3.712790474289459,-8.586946699268427,-0.0011109212173259163,-0.00044802933259955355,0.009927996214889427,0.5944374511509393,-0.11447618957428263,0.7959518318904276,0.9664794829137977,-0.10477279022151464,0.23439298525313573,-0.23302771398569547,0.02526175074054832,0.9721419281484176,-0.10777519947223067,-0.9941752895635261,0.0,39.369520863742004,-53.28046740302556,1.1151832799777033,207.3376656108685,SLIDING
0.00584997097030282,0.1754991291090846,-6.370406612807559,-3.587275446544278,-9.45711845464817,-6.520340372550861,-3.538359156355141,-9.43879103416328,-7.087078975385771,-3.4509297137920196,-10.417468211491153,-5.72031207324806,-3.7109548584803127,-8.58598379732031,-0.0011135330987521728,-0.0004389743194739438,0.009928108137702446,0.5942464791903093,-0.1130544107340405,0.7962975713786273,0.9664794829137977,-0.10477279022151464,0.23439298525313573,-0.23302771398569547,0.02526175074054832,0.9721419281484176,-0.10777519947223067,-0.9941752895635261,0.0,39.39232232513075,-53.40878527912244,1.117252470325175,206.4915867434827,SLIDING
0.005859970580786467,0.175799117423594,-6.368385419303226,-3.586996280739892,-9.456535990608844,-6.520340372550861,-3.538359156355141,-9.43879103416328,-7.084819941064805,-3.452393511147003,-10.417308991914432,-5.718506625493459,-3.7090946482660607,-8.585017407615082,-0.0011161585469013,-0.00042992356202251053,0.009928209405057103,0.5940492676397157,-0.11160919005176405,0.7966485149127606,0.9664794829137977,-0.10477279022151464,0.23439298525313573,-0.23302771398569547,0.02526175074054832,0.9721419281484176,-0.10777519947223067,-0.9941752895635261,0.0,39.41576847738892,-53.53906234108736,1.119313188882833,205.64562316313751,SLIDING
0.0058699706569314,0.176099119707942,-6.3663726896584505,-3.5867181580167893,-9.455955724490794,-6.520340372550861,-3.538359156355141,-9.43879103416328,-7.08256167688638,-3.453886606756265,-10.417158202200211,-5.716716620580282,-3.707209850824688,-8.584047562828205,-0.001118797797370273,-0.0004208762495562399,0.009928300025714517,0.5938456766548251,-0.11014054089931433,0.7970046258139156,0.9664794829137977,-0.10477279022151464,0.23439298525313573,-0.23302771398569547,0.02526175074054832,0.9721419281484176,-0.10777519947223067,-0.9941752895635261,0.0,39.43987120081943,-53.67128842926706,1.121365321403088,204.79977775208596,SLIDING
0.005879970733076334,0.17639912199229002,-6.364368185454654,-3.586441063473809,-9.45537765629402,-6.520340372550861,-3.538359156355141,-9.43879103416328,-7.080303632808434,-3.455409018682937,-10.417015908471955,-5.714942102764062,-3.7053004213530736,-8.58307420297899,-0.0011214507186453882,-0.0004118328357214853,0.009928379994541513,0.5936354478453794,-0.10864843594353764,0.7973659589099846,0.9664794829137977,-0.10477279022151464,0.23439298525313573,-0.23302771398569547,0.02526175074054832,0.9721419281484176,-0.10777519947223067,-0.9941752895635261,0.0,39.46465110399385,-53.80545640539374,1.1234090967513701,203.95403745651276,SLIDING
0.00588997034355998,0.1766991103067994,-6.362372025901126,-3.5861649896603707,-9.454801778567942,-6.520340372550861,-3.538359156355141,-9.43879103416328,-7.078045579475435,-3.4569606200372394,-10.41688217290938,-5.713183507437744,-3.7033664607441095,-8.582097257455112,-0.001124117176592623,-0.00040279377341483644,0.009928449308446935,0.5934182921903005,-0.1071329742203784,0.7977325719366378,0.9664794829137977,-0.10477279022151464,0.23439298525313573,-0.23302771398569547,0.02526175074054832,0.9721419281484176,-0.10777519947223067,-0.9941752895635261,0.0,39.490130137271436,-53.94154726998989,1.1254444006800917,203.10839011674085,SLIDING
0.005899970419704914,0.17699911259114742,-6.360384210997867,-3.5858899440270546,-9.45422809131256,-6.520340372550861,-3.538359156355141,-9.43879103416328,-7.075787290070035,-3.458541512706466,-10.416757000533375,-5.711441040347674,-3.7014078907846955,-8.581116721702118,-0.0011267974105206634,-0.0003937582530091017,0.009928507973299089,0.5931940216184174,-0.10559407742531726,0.7981044690570681,0.9664794829137977,-0.10477279022151464,0.23439298525313573,-0.23302771398569547,0.02526175074054832,0.9721419281484176,-0.10777519947223067,-0.9941752895635261,0.0,39.516324192445275,-54.079558125124116,1.1274712339698727,202.26283742626146,SLIDING
0.005909970495849848,0.17729911487549543,-6.358404740744876,-3.585615904222119,-9.453656587077292,-6.520340372550861,-3.538359156355141,-9.43879103416328,-7.0735284508655285,-3.4601515667722773,-10.41664042330878,-5.7097149860758005,-3.699424786696907,-8.580132552515643,-0.001129491286840766,-0.00038472672755927043,0.009928555985581412,0.5929623759955339,-0.10403183474983914,0.7984816829535375,0.9664794829137977,-0.10477279022151464,0.23439298525313573,-0.23302771398569547,0.02526175074054832,0.9721419281484176,-0.10777519947223067,-0.9941752895635261,0.0,39.54325318195887,-54.219470368956415,1.1294895960252216,201.4173672253975,SLIDING
0.0059199705719947815,0.17759911715984344,-6.3564334959328646,-3.5853428627949837,-9.453087258411559,-6.520340372550861,-3.538359156355141,-9.43879103416328,-7.071268603209151,-3.461790743476033,-10.416532499620763,-5.708005533322504,-3.697417169429751,-8.579144682725397,-0.0011321987959846277,-0.00037569922914576915,0.00992859334512314,0.5927230738637596,-0.10244627215379051,0.7988642682153759,0.9664794829137977,-0.10477279022151464,0.23439298525313573,-0.23302771398569547,0.02526175074054832,0.9721419281484176,-0.10777519947223067,-0.9941752895635261,0.0,39.57093892785489,-54.36127069792908,1.1314996030252154,200.5719659658719,SLIDING
0.005929970182478428,0.17789910547435284,-6.354470714980411,-3.5850708197456482,-9.45252010531536,-6.520340372550861,-3.538359156355141,-9.43879103416328,-7.069007741196878,-3.463459058791677,-10.416433227622017,-5.7063131421317514,-3.695385024493238,-8.578153114007083,-0.0011349198010602978,-0.0003666762098489282,0.009928620050988565,0.5924759126370115,-0.10083737639198316,0.7992522233108407,0.9664794829137977,-0.10477279022151464,0.23439298525313573,-0.23302771398569547,0.02526175074054832,0.9721419281484176,-0.10777519947223067,-0.9941752895635261,0.0,39.59939786628563,-54.50494937260996,1.1335010245431896,199.72663623531417,SLIDING
0.005939970258623362,0.17819910775870085,-6.352516159468936,-3.584799767623532,-9.451955127788695,-6.520340372550861,-3.538359156355141,-9.43879103416328,-7.066745151793724,-3.4651564247298228,-10.416342760753523,-5.704638004610193,-3.6933284174936563,-8.577157707174159,-0.001137654546312948,-0.0003576568614983066,0.009928636105188895,0.5922204987754484,-0.09920521424514511,0.7996456754692884,0.9664794829137977,-0.10477279022151464,0.23439298525313573,-0.23302771398569547,0.02526175074054832,0.9721419281484176,-0.10777519947223067,-0.9941752895635261,0.0,39.62865947213989,-54.65048821921281,1.1354940902251922,198.8813506322788,SLIDING
0.005949970334768295,0.17849911004304886,-6.35056994860773,-3.5845296915274742,-9.451392318380984,-6.520340372550861,-3.538359156355141,-9.43879103416328,-7.06448075591646,-3.4668828100424918,-10.416261045242944,-5.70298041983855,-3.6912473483580652,-8.576158496794577,-0.0011404028953941737,-0.00034864163633745637,0.009928641506363132,0.591956667859961,-0.0975497992676406,0.800044586281899,0.9664794829137977,-0.10477279022151464,0.23439298525313573,-0.23302771398569547,0.02526175074054832,0.9721419281484176,-0.10777519947223067,-0.9941752895635261,0.0,39.65873721533759,-54.79787461119992,1.1374786850430176,198.0360967024653,SLIDING
0.005959970410913229,0.17879911232739687,-6.348632082396793,-3.5842605914574746,-9.450831662191066,-6.520340372550861,-3.538359156355141,-9.43879103416328,-7.062214121176083,-3.468638108892462,-10.416188179260619,-5.701340780037514,-3.6891419130915635,-8.575155365399858,-0.0011431648385422663,-0.00033963056638912115,0.009928636254491781,0.5916840613645954,-0.09587121921700062,0.8004490495046788,0.9664794829137977,-0.10477279022151464,0.23439298525313573,-0.23302771398569547,0.02526175074054832,0.9721419281484176,-0.10777519947223067,-0.9941752895635261,0.0,39.689657845516955,-54.94708796334719,1.1394548124893937,197.19087723334138,SLIDING
0.005969970021396875,0.17909910064190626,-6.346702560836124,-3.5839924599629525,-9.4502731741201,-6.520340372550861,-3.538359156355141,-9.43879103416328,-7.059944962808672,-3.470422297249533,-10.416124189422794,-5.699719343516852,-3.6870121192829677,-8.57414831726439,-0.001145940236114981,-0.0003306241028909946,0.009928620350794701,0.5914024431703566,-0.09416948784062357,0.8008590748514797,0.9664794829137977,-0.10477279022151464,0.23439298525313573,-0.23302771398569547,0.02526175074054832,0.9721419281484176,-0.10777519947223067,-0.9941752895635261,0.0,39.721439854918636,-55.09811462458508,1.1414224682909744,196.34567907630637,SLIDING
0.005979970097541809,0.17939910292625427,-6.344781383925723,-3.5837252895933274,-9.449716831816348,-6.520340372550861,-3.538359156355141,-9.43879103416328,-7.057672923846777,-3.472235348675956,-10.4160691148761,-5.698116434082254,-3.6848579767049845,-8.573137274251168,-0.0011487293372800362,-0.00032162143917620117,0.009928593793425975,0.5911115172889227,-0.09244462088218632,0.8012747133151877,0.9664794829137977,-0.10477279022151464,0.23439298525313573,-0.23302771398569547,0.02526175074054832,0.9721419281484176,-0.10777519947223067,-0.9941752895635261,0.0,39.75410594047151,-55.250940102544156,1.143381656906234,195.50047502975303,SLIDING
0.005989970173686743,0.17969910521060228,-6.342872723990726,-3.583461688051808,-9.449148933662089,-6.520340372550861,-3.538359156355141,-9.43879103416328,-7.055423006780802,-3.474084538869984,-10.415994228072837,-5.696517328985727,-3.682677858715748,-8.572122164785355,-0.001151532002937182,-0.0003126230266510682,0.009928556583180152,0.5908285555630762,-0.09069274775902768,0.8016835057771655,0.9664794829137977,-0.10477279022151464,0.23439298525313573,-0.23302771398569547,0.02526175074054832,0.9721419281484176,-0.10777519947223067,-0.9941752895635261,0.0,39.78645749846512,-55.40600467661954,1.1453318306479527,194.18355253249103,SLIDING
0.005999969784170389,0.17999909352511168,-6.340969905310916,-3.5831937726241234,-9.448621313346537,-6.520340372550861,-3.538359156355141,-9.43879103416328,-7.053345425831898,-3.476001953237617,-10.415840068960094,-5.694773037413689,-3.680427627461118,-8.571255777271066,-0.0011543480913871775,-0.00030362931590425477,0.009928508722893786,0.5906836471383521,-0.08888072792326132,0.8019931702995771,0.9664794829137977,-0.10477279022151464,0.23439298525313573,-0.23302771398569547,0.02526175074054832,0.9721419281484176,-0.10777519947223067,-0.9941752895635261,0.0,39.80949085158793,-55.567095915624165,1.147266466115635,192.85008799616577,NONE
0.006009969860315323,0.1802990958094597,-6.339073643142032,-3.5829267810684327,-9.448095764292392,-6.520340372550861,-3.538359156355141,-9.43879103416328,-7.051250938793387,-3.4779620587212334,-10.415704670934359,-5.69305658531155,-3.6781404329508804,-8.570376321653171,-0.00115717785547978,-0.00029463950142728714,0.009928450207828102,0.590519284122538,-0.08703407575202038,0.8023166736005161,0.9664794829137977,-0.10477279022151464,0.23439298525313573,-0.23302771398569547,0.02526175074054832,0.9721419281484176,-0.10777519947223067,-0.9941752895635261,0.0,39.83422934061398,-55.73098114651862,1.1491943761575296,192.63454283422672,SLIDING
0.006019969936460257,0.1805990980938077,-6.337185367995548,-3.5826616819602135,-9.447566855026396,-6.520340372550861,-3.538359156355141,-9.43879103416328,-7.049146073983543,-3.479966712815853,-10.41557862460003,-5.691364778962841,-3.675816437420306,-8.569481974837547,-0.0011600211540564373,-0.00028565403398135965,0.00992838104039419,0.5903396934872622,-0.085152054175849,0.8026507172880359,0.9664794829137977,-0.10477279022151464,0.23439298525313573,-0.23302771398569547,0.02526175074054832,0.9721419281484176,-0.10777519947223067,-0.9941752895635261,0.0,39.86038113301195,-55.89773374825063,1.1511155527932342,191.62514030158712,SLIDING
0.00602997001260519,0.1808991003781557,-6.335303887778568,-3.5823978196483734,-9.44703818417898,-6.520340372550861,-3.538359156355141,-9.43879103416328,-7.047025750782145,-3.4820137753807283,-10.4154679043811,-5.689699953563445,-3.6734563318010216,-8.568574180368836,-0.0011628779770181741,-0.00027667294548326817,0.00992830122083754,0.5901416509646527,-0.08323589409577983,0.802997271309679,0.9664794829137977,-0.10477279022151464,0.23439298525313573,-0.23302771398569547,0.02526175074054832,0.9721419281484176,-0.10777519947223067,-0.9941752895635261,0.0,39.888169555565256,-56.06720235300136,1.1530302359679503,190.98800071591987,SLIDING
0.006039969623088837,0.1811990886926651,-6.333428248816776,-3.5821338083249215,-9.446519169284018,-6.520340372550861,-3.538359156355141,-9.43879103416328,-7.0449181228684905,-3.484107258347632,-10.415360768418257,-5.688034752116366,-3.6710538339874677,-8.567681549497156,-0.0011657481799295319,-0.00026769668563332295,0.009928210754149956,0.5899492916313586,-0.08128111984340686,0.8033387908352615,0.9664794829137977,-0.10477279022151464,0.23439298525313573,-0.23302771398569547,0.02526175074054832,0.9721419281484176,-0.10777519947223067,-0.9941752895635261,0.0,39.91591802788835,-56.23994158320526,1.1549369947894892,190.31064070972312,SLIDING
0.00604996969923377,0.1814990909770131,-6.331559523993778,-3.5818709071379784,-9.446001517845305,-6.520340372550861,-3.538359156355141,-9.43879103416328,-7.042805965548922,-3.4862441652764105,-10.415261604306957,-5.6863868452640824,-3.6686140633780613,-8.566784287596771,-0.0011686320206108812,-0.00025872445053324737,0.009928109631677876,0.5897474436021044,-0.07929126004419591,0.8036857898739943,0.9664794829137977,-0.10477279022151464,0.23439298525313573,-0.23302771398569547,0.02526175074054832,0.9721419281484176,-0.10777519947223067,-0.9941752895635261,0.0,39.94468226514125,-56.41551789458234,1.156836867965259,189.69071857893294,SLIDING
0.006059969775378704,0.18179909326136112,-6.329697236472415,-3.5816090788346413,-9.445484864784392,-6.520340372550861,-3.538359156355141,-9.43879103416328,-7.0406826878021205,-3.4884229094825443,-10.415174049745502,-5.684761302354757,-3.666138388211566,-8.565878398664633,-0.0011715294910387521,-0.00024975673547986474,0.009927997750658913,0.5895310371510275,-0.07726759944740082,0.804041587426465,0.9664794829137977,-0.10477279022151464,0.23439298525313573,-0.23302771398569547,0.02526175074054832,0.9721419281484176,-0.10777519947223067,-0.9941752895635261,0.0,39.97481604344347,-56.593762150071605,1.1587303980173314,188.9992872534436,SLIDING
0.006069969851523638,0.18209909554570913,-6.327841624671268,-3.581348219106782,-9.44496996260992,-6.520340372550861,-3.538359156355141,-9.43879103416328,-7.038552623132956,-3.490643697231638,-10.41509555033996,-5.683154647148256,-3.6636264224579693,-8.564967634905504,-0.0011744404447651378,-0.00024079352753262451,0.009927875218885517,0.5893034678194349,-0.07520988053318745,0.8044034414932423,0.9664794829137977,-0.10477279022151464,0.23439298525313573,-0.23302771398569547,0.02526175074054832,0.9721419281484176,-0.10777519947223067,-0.9941752895635261,0.0,40.006083997398356,-56.77470586989032,1.1606171672076364,188.34665091452078,SLIDING
0.006079969462007284,0.18239908386021852,-6.326042994910526,-3.581005239079583,-9.44428310848585,-6.520340372550861,-3.538359156355141,-9.43879103416328,-7.0367613983766555,-3.492660751070696,-10.414621035192091,-5.681349300297244,-3.661142652287685,-8.564088167788144,-0.001177364735259106,-0.00023183527569226517,0.009927742043005006,0.5893096078606136,-0.0732530005291255,0.8045795075669339,0.9664794829137977,-0.10477279022151464,0.23439298525313573,-0.23302771398569547,0.02526175074054832,0.9721419281484176,-0.10777519947223067,-0.9941752895635261,0.0,40.020148105961525,-56.94842113458355,1.1624805647828858,183.24802362771362,NONE
0.006089969538152218,0.18269908614456654,-6.324315890723514,-3.5805352341037873,-9.443376037551078,-6.520340372550861,-3.538359156355141,-9.43879103416328,-7.0353898296033215,-3.4943390745527148,-10.413646703456301,-5.679299689420815,-3.658723895451861,-8.56324210922353,-0.0011803026238808624,-0.00022288117723880536,0.009927598211568444,0.589604408775003,-0.07147166126049843,0.8045237366229437,0.9664794829137977,-0.10477279022151464,0.23439298525313573,-0.23302771398569547,0.02526175074054832,0.9721419281484176,-0.10777519947223067,-0.9941752895635261,0.0,40.01255530049913,-57.10895137645856,1.1643131428759936,183.26619452875804,NONE
0.0060999696142971516,0.18299908842891455,-6.322578057700443,-3.580056735466111,-9.44252121008745,-6.520340372550861,-3.538359156355141,-9.43879103416328,-7.03389192362055,-3.496031877889123,-10.41280647589876,-5.677344218231497,-3.6562758056442264,-8.562374038163918,-0.0011832539646373223,-0.000213931681354117,0.009927443730797705,0.5898033501691539,-0.06967127293700134,0.8045358424934099,0.9664794829137977,-0.10477279022151464,0.23439298525313573,-0.23302771398569547,0.02526175074054832,0.9721419281484176,-0.10777519947223067,-0.9941752895635261,0.0,40.01197796876127,-57.270368270870016,1.1661429547612112,182.9035273673225,NONE
0.006109969224780798,0.18329907674342394,-6.320827588492679,-3.579568416963208,-9.44172749973646,-6.520340372550861,-3.538359156355141,-9.43879103416328,-7.032276343990368,-3.4977397030325164,-10.412101561358474,-5.675471390492264,-3.653795362054472,-8.561499781004247,-0.001186218608955733,-0.0002049872363404701,0.009927278608956402,0.5899151971730886,-0.06785028653128503,0.8046094697192289,0.9664794829137977,-0.10477279022151464,0.23439298525313573,-0.23302771398569547,0.02526175074054832,0.9721419281484176,-0.10777519947223067,-0.9941752895635261,0.0,40.017808740075665,-57.43281947167362,1.1679696249825149,182.528559785728,SLIDING
0.006119969300925732,0.18359907902777195,-6.319064959937381,-3.5790707777839783,-9.440992790533217,-6.520340372550861,-3.538359156355141,-9.43879103416328,-7.030541165025738,-3.499461947936249,-10.411531369568028,-5.673683862373459,-3.6512840628038568,-8.560615837817238,-0.0011891968218509584,-0.00019604704072374212,0.0099271028317033,0.5899379576749039,-0.06600961515982941,0.8047458833699086,0.9664794829137977,-0.10477279022151464,0.23439298525313573,-0.23302771398569547,0.02526175074054832,0.9721419281484176,-0.10777519947223067,-0.9941752895635261,0.0,40.03018185830497,-57.59614144745201,1.1697932409553182,182.22691531314604,SLIDING
0.006129969377070665,0.18389908131211996,-6.31729005282526,-3.5785641383033875,-9.440316009594115,-6.520340372550861,-3.538359156355141,-9.43879103416328,-7.028685033785639,-3.5011981154874015,-10.411095474338598,-5.671982633785634,-3.6487429698117944,-8.559720549101513,-0.0011921884552869976,-0.00018711154299112058,0.00992691640687682,0.5898706086956541,-0.06414993666277946,0.804945619668298,0.9664794829137977,-0.10477279022151464,0.23439298525313573,-0.23302771398569547,0.02526175074054832,0.9721419281484176,-0.10777519947223067,-0.9941752895635261,0.0,40.04916280235637,-57.76019844125964,1.1716142029359222,181.95202407246722,SLIDING
0.006139969453215599,0.18419908359646797,-6.315502986365604,-3.5780486251813057,-9.43969722397438,-6.520340372550861,-3.538359156355141,-9.43879103416328,-7.026708264584731,-3.502947730803843,-10.410793510389132,-5.670367646957713,-3.646172755397776,-8.558814374085154,-0.0011951934986370685,-0.00017818077488180903,0.009926719335139321,0.5897133120117471,-0.06227174982344906,0.8052083201321643,0.9664794829137977,-0.10477279022151464,0.23439298525313573,-0.23302771398569547,0.02526175074054832,0.9721419281484176,-0.10777519947223067,-0.9941752895635261,0.0,40.07473267699418,-57.9248809381131,1.1734323932642283,181.69089667849204,SLIDING
0.0061499690636992455,0.18449907191097736,-6.313703641349124,-3.5775244097810868,-9.439136359168204,-6.520340372550861,-3.538359156355141,-9.43879103416328,-7.024610813440396,-3.504710483062422,-10.410625018050316,-5.668838714442186,-3.643574028317233,-8.557897587644739,-0.001198211800613934,-0.00016925518374438683,0.009926511626908864,0.5894661299992215,-0.06037545445861357,0.8055336653937295,0.9664794829137977,-0.10477279022151464,0.23439298525313573,-0.23302771398569547,0.02526175074054832,0.9721419281484176,-0.10777519947223067,-0.9941752895635261,0.0,40.10687857800392,-58.09008725099678,1.175247962571424,181.44429391533433,SLIDING
0.006159969139844179,0.18479907419532537,-6.311964258605289,-3.5768842111927155,-9.438389706684264,-6.520340372550861,-3.538359156355141,-9.43879103416328,-7.022886424770442,-3.506174815847282,-10.410022839433706,-5.667085730552185,-3.641024806267782,-8.557019882706198,-0.0012012436310915,-0.00016033396980610367,0.009926293263989078,0.5894785627035899,-0.05863043061760888,0.8056534594467426,0.9664794829137977,-0.10477279022151464,0.23439298525313573,-0.23302771398569547,0.02526175074054832,0.9721419281484176,-0.10777519947223067,-0.9941752895635261,0.0,40.1195716997886,-58.24438384931793,1.1770369750185328,177.94720059746064,NONE
0.006169969215989113,0.18509907647967339,-6.310239538604068,-3.576202423463452,-9.437610115183505,-6.520340372550861,-3.538359156355141,-9.43879103416328,-7.021190198068491,-3.5075506739989075,-10.409369955212988,-5.66533516423787,-3.6384765249755455,-8.55612535484794,-0.0012042888393174543,-0.000151417580605623,0.00992606425637278,0.5895021886220093,-0.0569242830333207,0.8057585218978472,0.9664794829137977,-0.10477279022151464,0.23439298525313573,-0.23302771398569547,0.02526175074054832,0.9721419281484176,-0.10777519947223067,-0.9941752895635261,0.0,40.131244708958825,-58.395287149812795,1.1788151794898916,177.71068785270376,SLIDING
0.0061799692921340466,0.1853990787640214,-6.308501586371707,-3.5755110095840577,-9.436893078757437,-6.520340372550861,-3.538359156355141,-9.43879103416328,-7.019378132975437,-3.5089404267753257,-10.408851916664078,-5.663664439888938,-3.6358972818041297,-8.555227807158873,-0.0012073474144748192,-0.00014250604781419323,0.009925824604873597,0.5894407361245642,-0.05519863262121902,0.8059235258718287,0.9664794829137977,-0.10477279022151464,0.23439298525313573,-0.23302771398569547,0.02526175074054832,0.9721419281484176,-0.10777519947223067,-0.9941752895635261,0.0,40.14915512509565,-58.546930957363735,1.1805905016118512,177.38927880257603,SLIDING
0.006189968902617693,0.1856990670785308,-6.306751236373233,-3.574810759316075,-9.436234738005313,-6.520340372550861,-3.538359156355141,-9.43879103416328,-7.017446376802477,-3.5103433029316493,-10.408467968269093,-5.662078643694452,-3.6332892825062753,-8.554320564701607,-0.0012104192025705178,-0.00013359981780077974,0.009925574322063457,0.5892903187426196,-0.05345477372809837,0.8061510450293419,0.9664794829137977,-0.10477279022151464,0.23439298525313573,-0.23302771398569547,0.02526175074054832,0.9721419281484176,-0.10777519947223067,-0.9941752895635261,0.0,40.17356400718804,-58.6991005308271,1.1823631222530686,177.1423367386026,SLIDING
0.006199968978762627,0.1859990693628788,-6.304988369399356,-3.574101888726342,-9.435634437276038,-6.520340372550861,-3.538359156355141,-9.43879103416328,-7.015394233874508,-3.511758810101422,-10.408217563727677,-5.660578179358099,-3.6306533857696874,-8.553402872632834,-0.001213504478321966,-0.00012469809254060654,0.009925313385891702,0.589050458485395,-0.05169329376881118,0.8064411700412358,0.9664794829137977,-0.10477279022151464,0.23439298525313573,-0.23302771398569547,0.02526175074054832,0.9721419281484176,-0.10777519947223067,-0.9941752895635261,0.0,40.20449518237861,-58.85167817750016,1.1841333329448194,176.90524124072476,SLIDING
0.00620996905490756,0.1862990716472268,-6.30323849623804,-3.5733472566705826,-9.435005474163207,-6.520340372550861,-3.538359156355141,-9.43879103416328,-7.0133968696874165,-3.513079955712516,-10.407900137858373,-5.659052805665226,-3.6280158127816082,-8.552491313634544,-0.0012166030882694195,-0.00011580131859772337,0.009925041808505161,0.5888452452270394,-0.04997211176917049,0.8066994887929689,0.9664794829137977,-0.10477279022151464,0.23439298525313573,-0.23302771398569547,0.02526175074054832,0.9721419281484176,-0.10777519947223067,-0.9941752895635261,0.0,40.232723050024816,-59.000913905632935,1.1858929090884907,174.3144133916438,NONE
0.006219969131052494,0.18659907393157482,-6.301520928794193,-3.572523662040818,-9.434285435153159,-6.520340372550861,-3.538359156355141,-9.43879103416328,-7.011564508565494,-3.5142368448861596,-10.40738453152675,-5.657439367733258,-3.6253957184212693,-8.551585833445387,-0.0012197150214061246,-0.00010690952757377563,0.009924759590868653,0.5887500612314069,-0.04832994501526504,0.80686899916581,0.9664794829137977,-0.10477279022151464,0.23439298525313573,-0.23302771398569547,0.02526175074054832,0.9721419281484176,-0.10777519947223067,-0.9941752895635261,0.0,40.25261750931399,-59.14430442293344,1.187635384569182,174.15108638753205,SLIDING
0.0062299687415361404,0.1868990622460842,-6.2997904867470735,-3.5716912459236267,-9.433624881578597,-6.520340372550861,-3.538359156355141,-9.43879103416328,-7.009613232348305,-3.515406435772191,-10.407002906584767,-5.655909244682108,-3.622747278847735,-8.550672263303655,-0.0012228401210421804,-9.802316483219322e-05,0.009924466747707205,0.5885669511592162,-0.04666993177197584,0.8071002796874401,0.9664794829137977,-0.10477279022151464,0.23439298525313573,-0.23302771398569547,0.02526175074054832,0.9721419281484176,-0.10777519947223067,-0.9941752895635261,0.0,40.278917913320456,-59.28811973919781,1.1893754358691329,173.87743045836717,SLIDING
0.006239968817681074,0.18719906453043222,-6.298047527724552,-3.5708503212433937,-9.433022539390238,-6.520340372550861,-3.538359156355141,-9.43879103416328,-7.007542044347327,-3.516588273444836,-10.406754664074686,-5.654464022642009,-3.620071503503383,-8.549748716783544,-0.0012259786667224598,-8.914143414234326e-05,0.009924163253117275,0.5882947920457903,-0.04499270872110722,0.8073938901265838,0.9664794829137977,-0.10477279022151464,0.23439298525313573,-0.23302771398569547,0.02526175074054832,0.9721419281484176,-0.10777519947223067,-0.9941752895635261,0.0,40.31169245549335,-59.43223445299985,1.191113048762519,173.65420770363068,SLIDING
0.006249968893826008,0.18749906681478024,-6.296318516188907,-3.5699630092483643,-9.432388144804152,-6.520340372550861,-3.538359156355141,-9.43879103416328,-7.005532435518601,-3.5176741210543496,-10.406432588549926,-5.652989541317897,-3.6173943355691924,-8.548831017123938,-0.0012291305022886783,-8.02647810679999e-05,0.009923849121398896,0.5880621279133493,-0.043356615006453283,0.8076528571417337,0.9664794829137977,-0.10477279022151464,0.23439298525313573,-0.23302771398569547,0.02526175074054832,0.9721419281484176,-0.10777519947223067,-0.9941752895635261,0.0,40.34140381184826,-59.57303518471396,1.1928398344247846,171.8355398405518,SLIDING
0.006259968504309654,0.18779905512928963,-6.294599875861453,-3.5690370883446816,-9.431734378708514,-6.520340372550861,-3.538359156355141,-9.43879103416328,-7.00354731588203,-3.5186840897038802,-10.406074767077854,-5.651512624758247,-3.614712366443967,-8.547908799231024,-0.0012322954690341152,-7.139365020148633e-05,0.009923524368891157,0.5878411700538185,-0.041751424669603104,0.8078982468899263,0.9664794829137977,-0.10477279022151464,0.23439298525313573,-0.23302771398569547,0.02526175074054832,0.9721419281484176,-0.10777519947223067,-0.9941752895635261,0.0,40.370091351831924,-59.71110849175993,1.1945570919099886,171.60319611637357,SLIDING
0.006269968580454588,0.18809905741363764,-6.292868360930728,-3.56810256947099,-9.431140180004748,-6.520340372550861,-3.538359156355141,-9.43879103416328,-7.001443832691804,-3.5197061183276857,-10.405850226083514,-5.6501185227752195,-3.612003060497511,-8.546979283482885,-0.0012354738501136973,-6.252724668828345e-05,0.009923188966801994,0.5875327434419931,-0.04012910529122843,0.8082047576524471,0.9664794829137977,-0.10477279022151464,0.23439298525313573,-0.23302771398569547,0.02526175074054832,0.9721419281484176,-0.10777519947223067,-0.9941752895635261,0.0,40.40512722149148,-59.8494337204401,1.1962719294229913,171.38727920281315,SLIDING
0.006279968656599522,0.18839905969798565,-6.29115365450983,-3.567118593643296,-9.430503453386935,-6.520340372550861,-3.538359156355141,-9.43879103416328,-6.999419177131818,-3.5206230339555904,-10.405531248880937,-5.648684971667939,-3.609294783273382,-8.546054325909644,-0.0012386654873510767,-5.3666015324898954e-05,0.009922842931045766,0.5872757415060345,-0.03855293448599616,0.808468227378823,0.9664794829137977,-0.10477279022151464,0.23439298525313573,-0.23302771398569547,0.02526175074054832,0.9721419281484176,-0.10777519947223067,-0.9941752895635261,0.0,40.43621171926848,-59.98418610527161,1.1979753083577709,170.0495715822667,SLIDING
0.006289968732744455,0.18869906198233366,-6.289431914740848,-3.566119388828862,-9.429906371308478,-6.520340372550861,-3.538359156355141,-9.43879103416328,-6.997308617163278,-3.5215314278323873,-10.405305560099041,-5.647315931265923,-3.606565192919343,-8.545120352433207,-0.0012418703694091007,-4.4809987586676294e-05,0.009922486262851823,0.5869533416945022,-0.03697120221171986,0.8087761772460148,0.9664794829137977,-0.10477279022151464,0.23439298525313573,-0.23302771398569547,0.02526175074054832,0.9721419281484176,-0.10777519947223067,-0.9941752895635261,0.0,40.47198712994853,-60.118420921409744,1.199674596893809,169.52907432481402,SLIDING
0.006299968343228102,0.18899905029684305,-6.287720069342899,-3.5650805394750718,-9.42929117686859,-6.520340372550861,-3.538359156355141,-9.43879103416328,-6.995231984247752,-3.52236313651174,-10.405038686905536,-5.645934985154256,-3.6038295576606227,-8.544189195285519,-0.0012450883349002075,-3.59596070153222e-05,0.00992211898071088,0.5866508691710852,-0.035420183108209824,0.8090649963565296,0.9664794829137977,-0.10477279022151464,0.23439298525313573,-0.23302771398569547,0.02526175074054832,0.9721419281484176,-0.10777519947223067,-0.9941752895635261,0.0,40.506149211962715,-60.25004840469835,1.201364414464706,168.85763559298866,SLIDING
0.006309968419373035,0.18929905258119106,-6.286007747107791,-3.564016983996022,-9.42869243331066,-6.520340372550861,-3.538359156355141,-9.43879103416328,-6.993116679818195,-3.5231596831646566,-10.404811651358074,-5.644588208652221,-3.601078700839766,-8.543253274852166,-0.0012483196717783173,-2.711408063135819e-05,0.009921741051980558,0.5863167265939017,-0.03387783377178666,0.8093732071764813,0.9664794829137977,-0.10477279022151464,0.23439298525313573,-0.23302771398569547,0.02526175074054832,0.9721419281484176,-0.10777519947223067,-0.9941752895635261,0.0,40.54250480713029,-60.38032787466035,1.2030482483879243,168.09815071776862,SLIDING
0.006319968495517969,0.18959905486553907,-6.284298047477054,-3.562924430857289,-9.428098882807406,-6.520340372550861,-3.538359156355141,-9.43879103416328,-6.990984323936191,-3.5239088968174093,-10.404599463636455,-5.643261901120031,-3.5983154783731695,-8.542313789616562,-0.0012515642191843273,-1.8273852185836335e-05,0.009921352494727089,0.5859662707896347,-0.0323506876329393,0.8096894234869099,0.9664794829137977,-0.10477279022151464,0.23439298525313573,-0.23302771398569547,0.02526175074054832,0.9721419281484176,-0.10777519947223067,-0.9941752895635261,0.0,40.57991657411435,-60.50888201275692,1.2047252922365228,167.2875986524775,SLIDING
0.006329968571662903,0.18989905714988708,-6.282590970450687,-3.5618025969368103,-9.427510711623343,-6.520340372550861,-3.538359156355141,-9.43879103416328,-6.988837052754533,-3.524610474741596,-10.404400831784587,-5.641954124850387,-3.5955396249237097,-8.541372266739275,-0.0012548219655931535,-9.438953079403874e-06,0.009920953310330789,0.5856012730018028,-0.030838760948745117,0.8100124195849187,0.9664794829137977,-0.10477279022151464,0.23439298525313573,-0.23302771398569547,0.02526175074054832,0.9721419281484176,-0.10777519947223067,-0.9941752895635261,0.0,40.618256588322176,-60.63572970689925,1.2063954726879196,166.71497097687663,SLIDING
0.006339968182146549,0.19019904546439648,-6.280858859473514,-3.5607450317245606,-9.427155177367839,-6.520340372550861,-3.538359156355141,-9.43879103416328,-6.986991412129658,-3.5250697073239854,-10.404183927661196,-5.64032499678131,-3.5931061702319727,-8.540890980889861,-0.0012580927469458213,-6.098257774934614e-07,0.009920543519432872,0.5855071371079774,-0.02958107082955959,0.8101273681614496,0.9664794829137977,-0.10477279022151464,0.23439298525313573,-0.23302771398569547,0.02526175074054832,0.9721419281484176,-0.10777519947223067,-0.9941752895635261,0.0,40.635486670800674,-60.743981571898466,1.2080420530868654,157.60502942682734,SLIDING
0.006349968258291483,0.1904990477487445,-6.279108032637882,-3.5598961796265725,-9.427277687264594,-6.520340372550861,-3.538359156355141,-9.43879103416328,-6.9862656280535,-3.5247958634912373,-10.403585626720565,-5.637644352171831,-3.591735727302591,-8.541667339342675,-0.0012613768559783605,8.21432077829056e-06,0.009920123085542692,0.5863570764702912,-0.029104288613631957,0.8095296901643,0.9664794829137977,-0.10477279022151464,0.23439298525313573,-0.23302771398569547,0.02526175074054832,0.9721419281484176,-0.10777519947223067,-0.9941752895635261,0.0,40.57990503420695,-60.79722818469554,1.2096165392384233,157.4580490350761,NONE
0.006359968334436417,0.1907990500330925,-6.27735708659296,-3.559047297726262,-9.427399995995673,-6.520340372550861,-3.538359156355141,-9.43879103416328,-6.985362691928797,-3.5245287748564635,-10.40311390077693,-5.635124175098322,-3.590359099887276,-8.542328497788779,-0.001264674129158282,1.7033043908173315e-05,0.009919692028877082,0.5870602247089024,-0.028621880448179246,0.809037131733979,0.9664794829137977,-0.10477279022151464,0.23439298525313573,-0.23302771398569547,0.02526175074054832,0.9721419281484176,-0.10777519947223067,-0.9941752895635261,0.0,40.5346485372642,-60.849049956118066,1.211191184632666,157.4755682325122,NONE
0.006369967944920063,0.1910990383476019,-6.275605902129459,-3.558198460529435,-9.427522476090106,-6.520340372550861,-3.538359156355141,-9.43879103416328,-6.984281998032207,-3.524268722807669,-10.402770164416378,-5.632764787669093,-3.5889761748286926,-8.542873883505731,-0.0012679844004290163,2.5845901970780096e-05,0.00991925037168932,0.5876161784187452,-0.028133674791749427,0.8086505569176724,0.9664794829137977,-0.10477279022151464,0.23439298525313573,-0.23302771398569547,0.02526175074054832,0.9721419281484176,-0.10777519947223067,-0.9941752895635261,0.0,40.4997638866855,-60.899417028603075,1.2127660249709127,157.49304219312998,NONE
0.006379968021064997,0.1913990406319499,-6.273854479247379,-3.55734964568435,-9.427645112646731,-6.520340372550861,-3.538359156355141,-9.43879103416328,-6.983023607930358,-3.5240155257944688,-10.40255488948034,-5.630566134036968,-3.587587074184418,-8.543303040067459,-0.0012713079661023,3.46536845535938e-05,0.009918798074603994,0.5880249886492998,-0.02763980364780405,0.8083703693099481,0.9664794829137977,-0.10477279022151464,0.23439298525313573,-0.23302771398569547,0.02526175074054832,0.9721419281484176,-0.10777519947223067,-0.9941752895635261,0.0,40.47525932907457,-60.94828146222981,1.2143410614040402,157.5104898166074,NONE
0.00638996809720993,0.1916990429162979,-6.2721028179467195,-3.556500860641587,-9.42776792056671,-6.520340372550861,-3.538359156355141,-9.43879103416328,-6.981587567904145,-3.523769404714686,-10.402468454557699,-5.628528172220481,-3.5861916117867296,-8.543615652473465,-0.001274644660646681,4.345594979707282e-05,0.009918335159450196,0.5882866937755062,-0.02714009003132342,0.8081968704714065,0.9664794829137977,-0.10477279022151464,0.23439298525313573,-0.23302771398569547,0.02526175074054832,0.9721419281484176,-0.10777519947223067,-0.9941752895635261,0.0,40.46114258944312,-60.995624403482594,1.2159162912199353,157.52791512656685,NONE
0.006399968173354864,0.19199904520064592,-6.270352229529666,-3.5556506078344468,-9.427885960115107,-6.520340372550861,-3.538359156355141,-9.43879103416328,-6.979981202841856,-3.523525853074288,-10.402501684367007,-5.626646758589139,-3.584791019471275,-8.5438106230592,-0.0012779944722099495,5.2252666435291034e-05,0.00991786162787235,0.5884062801098767,-0.02663702886825535,0.8081265483946984,0.9664794829137977,-0.10477279022151464,0.23439298525313573,-0.23302771398569547,0.02526175074054832,0.9721419281484176,-0.10777519947223067,-0.9941752895635261,0.0,40.45704674402927,-61.04126643088491,1.2174914480069194,156.9705118411858,IMPACT
0.0064099677838385105,0.19229903351515532,-6.268661603385257,-3.554735944758046,-9.427778209818515,-6.520340372550861,-3.538359156355141,-9.43879103416328,-6.978543960650223,-3.5231033901738926,-10.40222549414229,-5.624726287493657,-3.5834298809013303,-8.543855664865713,-0.0012813572320808007,6.104339394796002e-05,0.009917377504271966,0.5886163796332896,-0.02622890901192959,0.8079868822941639,0.9664794829137977,-0.10477279022151464,0.23439298525313573,-0.23302771398569547,0.02526175074054832,0.9721419281484176,-0.10777519947223067,-0.9941752895635261,0.0,40.445781899446374,-61.0799170871237,1.2190548275998214,156.32864657049024,NONE
0.006419967859983444,0.19259903579950333,-6.266971334868717,-3.5538208346468094,-9.427668462766322,-6.520340372550861,-3.538359156355141,-9.43879103416328,-6.976932677476478,-3.522686928861888,-10.402074261961259,-5.622964371258106,-3.5820624457410677,-8.54378354903406,-0.001284733241323142,6.982891992122787e-05,0.009916882745429281,0.5886818722688578,-0.025815442121382384,0.8079524838813912,0.9664794829137977,-0.10477279022151464,0.23439298525313573,-0.23302771398569547,0.02526175074054832,0.9721419281484176,-0.10777519947223067,-0.9941752895635261,0.0,40.4447296008858,-61.11697935619687,1.220618282741146,156.34618861587415,NONE
0.006429967936128378,0.19289903808385134,-6.2652809471428865,-3.552905761788476,-9.427558887077483,-6.520340372550861,-3.538359156355141,-9.43879103416328,-6.975143785897283,-3.522277840938786,-10.40205248388125,-5.621363336520534,-3.580688393214103,-8.543594332006911,-0.0012881223317488758,7.860880361159492e-05,0.009916377375321958,0.5886001953811956,-0.02539589229361608,0.8080252834236251,0.9664794829137977,-0.10477279022151464,0.23439298525313573,-0.23302771398569547,0.02526175074054832,0.9721419281484176,-0.10777519947223067,-0.9941752895635261,0.0,40.454076072765716,-61.152457105207844,1.2221818168325242,156.36371684205372,NONE
0.006439968012273312,0.19319904036819935,-6.263600453788089,-3.55197967697202,-9.427411723209532,-6.2777353662142605,-3.564659149148533,-9.379953870335289,-6.973234903855583,-3.5218439060524043,-10.402086988197853,-5.619890014874882,-3.5793158784822605,-8.543282376665259,-0.0012915244913197217,8.738301383261321e-05,0.00991586139574515,0.5884108212959569,-0.024987814099937472,0.8081759180576494,0.9682469746788666,-0.09781683853987055,0.23006447384002407,-0.22889936724695575,0.023124484799242513,0.9731753890623791,-0.10051306233104983,-0.9949357387795629,-3.469446951953615e-18,40.70268348420029,-60.791604517045016,1.224062047864166,156.38753386521452,NONE
0.006449967622756958,0.19349902868270874,-6.26194964354639,-3.5510217558246735,-9.427154178990039,-6.2777353662142605,-3.564659149148533,-9.379953870335289,-6.971319270673812,-3.5213245901166736,-10.402035658991366,-5.618479425906222,-3.5779600979113027,-8.54283777450837,-0.0012949395486793528,9.615111121059029e-05,0.009915334833247247,0.5881912368554739,-0.02462413382375174,0.8083469062969546,0.9682469746788666,-0.09781683853987055,0.23006447384002407,-0.22889936724695575,0.023124484799242513,0.9731753890623791,-0.10051306233104983,-0.9949357387795629,-3.469446951953615e-18,40.72102920352012,-60.820364604911866,1.2256259908436054,156.4052512653268,NONE
0.006459967698901892,0.19379903096705675,-6.2603617758095735,-3.5502414565187577,-9.426842603160056,-6.2777353662142605,-3.564659149148533,-9.379953870335289,-6.9700484545271015,-3.5209991383791475,-10.401507055406197,-5.616603960212167,-3.5767672057163873,-8.542723064869895,-0.0012983678096265684,0.00010491388128462728,0.009914797640766615,0.5884541279630151,-0.024246985798799775,0.8081669524070878,0.9682469746788666,-0.09781683853987055,0.23006447384002407,-0.22889936724695575,0.023124484799242513,0.9731753890623791,-0.10051306233104983,-0.9949357387795629,-3.469446951953615e-18,40.70554730392682,-60.85665882873601,1.2271587950941338,149.74986041838645,NONE
0.006469967775046825,0.19409903325140476,-6.258749947005557,-3.549614460359204,-9.426850210202845,-6.2777353662142605,-3.564659149148533,-9.379953870335289,-6.969112849594326,-3.5206265525177893,-10.401029525019272,-5.61437872775375,-3.5759094336063426,-8.543170740778825,-0.00130180910332619,0.00011367088445278922,0.00991424984442807,0.5890148355828592,-0.024036035255892763,0.8077646888001944,0.9682469746788666,-0.09781683853987055,0.23006447384002407,-0.22889936724695575,0.023124484799242513,0.9731753890623791,-0.10051306233104983,-0.9949357387795629,-3.469446951953615e-18,40.66778008337407,-60.882464578695924,1.228656362564923,149.76755467876134,NONE
0.006479967385530472,0.19439902156591415,-6.257164463454532,-3.5490144204002503,-9.426762613726767,-6.2777353662142605,-3.564659149148533,-9.379953870335289,-6.968158188266812,-3.5203468617040587,-10.400491109739658,-5.612221024448831,-3.575018804473121,-8.543492082693303,-0.0013052632564445935,0.00012242168221799173,0.009913691472389127,0.5895378973121655,-0.023770409899592268,0.8073908813245021,0.9682469746788666,-0.09781683853987055,0.23006447384002407,-0.22889936724695575,0.023124484799242513,0.9731753890623791,-0.10051306233104983,-0.9949357387795629,-3.469446951953615e-18,40.63308553777175,-60.912575970825586,1.230152961042002,149.6318816846356,NONE
0.0064899674616754055,0.19469902385026217,-6.255589947158145,-3.5484255116087082,-9.42663584209791,-6.2777353662142605,-3.564659149148533,-9.379953870335289,-6.967088929123944,-3.520110387891107,-10.4000055262478,-5.610188188655659,-3.5741102014013264,-8.5436907898258,-0.0013087305783201668,0.0001311670585542361,0.009913122474708512,0.5899568436818632,-0.023478179787051773,0.8070933636617394,0.9682469746788666,-0.09781683853987055,0.23006447384002407,-0.22889936724695575,0.023124484799242513,0.9731753890623791,-0.10051306233104983,-0.9949357387795629,-3.469446951953615e-18,40.605925507234005,-60.94365708553182,1.2316490421344746,149.43853498160135,NONE
0.006499967537820339,0.19499902613461018,-6.254044041091251,-3.5478652875524643,-9.426407817078742,-6.2777353662142605,-3.564659149148533,-9.379953870335289,-6.96599900278576,-3.5199694992235795,-10.399456144297716,-5.608228662715497,-3.573169597605772,-8.54375426814476,-0.0013122108961390083,0.0001399065747324034,0.00991254287912041,0.5903349304653321,-0.023130477557475007,0.806826902675199,0.9682469746788666,-0.09781683853987055,0.23006447384002407,-0.22889936724695575,0.023124484799242513,0.9731753890623791,-0.10051306233104983,-0.9949357387795629,-3.469446951953615e-18,40.58208359258821,-60.97906414001662,1.233143522116885,149.45633235222863,NONE
0.006509967613965273,0.1952990284189582,-6.252503737860965,-3.5473105918270234,-9.4261596605908,-6.2777353662142605,-3.564659149148533,-9.379953870335289,-6.964762618577495,-3.5198542109785,-10.398998045720983,-5.606412674099531,-3.5722163147175765,-8.543696550430061,-0.0013157041975387826,0.00014864019970936107,0.009911952687683634,0.5905869323817234,-0.022766132060467903,0.8066528240395314,0.9682469746788666,-0.09781683853987055,0.23006447384002407,-0.22889936724695575,0.023124484799242513,0.9731753890623791,-0.10051306233104983,-0.9949357387795629,-3.469446951953615e-18,40.56725736715487,-61.014254789567126,1.2346377494693126,149.2608863549133,NONE
0.006519967224448919,0.19559901673346758,-6.2509809583962435,-3.5467724363905075,-9.425852063370856,-6.2777353662142605,-3.564659149148533,-9.379953870335289,-6.963442768489879,-3.5197979636827452,-10.398555325713387,-5.604705817102507,-3.5712410197076148,-8.543511523286778,-0.0013192103065583407,0.00015736749617913776,0.009911351930699789,0.5907551962553794,-0.02236654609776932,0.8065407836637428,0.9682469746788666,-0.09781683853987055,0.23006447384002407,-0.22889936724695575,0.023124484799242513,0.9731753890623791,-0.10051306233104983,-0.9949357387795629,-3.469446951953615e-18,40.558617553556864,-61.051406724560785,1.2361303026082489,149.129555864683,SLIDING
0.006529967300593853,0.1958990190178156,-6.249474272185611,-3.5462490927082184,-9.425490970982226,-6.2777353662142605,-3.564659149148533,-9.379953870335289,-6.962031301472603,-3.519795475597745,-10.39813878789595,-5.6031127574234745,-3.5702452071575737,-8.543200725527036,-0.001322729537239551,0.0001660892459889655,0.00991074055439061,0.5908341495865774,-0.02193466589557752,0.8064948097256148,0.9682469746788666,-0.09781683853987055,0.23006447384002407,-0.22889936724695575,0.023124484799242513,0.9731753890623791,-0.10051306233104983,-0.9949357387795629,-3.469446951953615e-18,40.55653582151647,-61.09017368104908,1.2376210296794117,149.0020199710666,IMPACT
0.006539967376738787,0.1961990213021636,-6.2479750961602205,-3.545772836695302,-9.425156723035487,-6.2777353662142605,-3.564659149148533,-9.379953870335289,-6.960635814520097,-3.519828988046468,-10.397742301180482,-5.60151952488968,-3.569306539433733,-8.542922934457684,-0.0013262617141390075,0.0001748050115958168,0.00991011858863477,0.5909201259262683,-0.021511978864028086,0.8064432029229565,0.9682469746788666,-0.09781683853987055,0.23006447384002407,-0.22889936724695575,0.023124484799242513,0.9731753890623791,-0.10051306233104983,-0.9949357387795629,-3.469446951953615e-18,40.553889709082505,-61.12823895319207,1.239102915050987,144.92197701669548,IMPACT
0.00654996745288372,0.1964990235865116,-6.246482357436466,-3.5454602550369385,-9.425008948219928,-6.2777353662142605,-3.564659149148533,-9.379953870335289,-6.959686703992776,-3.51991511906013,-10.397206508221329,-5.599533660240459,-3.5686322849322814,-8.543127131462962,-0.001329806824710251,0.00018351476204088804,0.009909486035641523,0.5913708885879638,-0.0211813764661527,0.8061214681558116,0.9682469746788666,-0.09781683853987055,0.23006447384002407,-0.22889936724695575,0.023124484799242513,0.9731753890623791,-0.10051306233104983,-0.9949357387795629,-3.469446951953615e-18,40.52479168631706,-61.16328734083604,1.2405516767898295,144.87418484012287,NONE
0.006559967063367367,0.196799011901021,-6.244989618712711,-3.5451477627855423,-9.42486132241598,-6.2777353662142605,-3.564659149148533,-9.379953870335289,-6.958559222750502,-3.5200117518023704,-10.396801490706585,-5.597709595925482,-3.5679486748057605,-8.5432129860532,-0.001333364690374669,0.00019221806123465206,0.009908842927854844,0.5916737507934867,-0.020842140436256526,0.805908045501472,0.9682469746788666,-0.09781683853987055,0.23006447384002407,-0.22889936724695575,0.023124484799242513,0.9731753890623791,-0.10051306233104983,-0.9949357387795629,-3.469446951953615e-18,40.506186077283125,-61.19709084999606,1.242000412991903,144.89199712707992,NONE
0.0065699671395123005,0.19709901418536901,-6.243511423522281,-3.5448486070734146,-9.42466410554758,-6.2777353662142605,-3.564659149148533,-9.379953870335289,-6.95733279694428,-3.520158138028624,-10.396430804491231,-5.5960030203614695,-3.567245367355111,-8.54317312348102,-0.0013369356298595589,0.00020091568885212985,0.00990818920766272,0.591882511557744,-0.020472708402820325,0.8057642091348748,0.9682469746788666,-0.09781683853987055,0.23006447384002407,-0.22889936724695575,0.023124484799242513,0.9731753890623791,-0.10051306233104983,-0.9949357387795629,-3.469446951953615e-18,40.49446109193134,-61.23225498058805,1.2434477811420894,144.52779326733605,NONE
0.006579967215657234,0.19739901646971703,-6.2420499176323885,-3.5445644866329316,-9.42441199280134,-6.2777353662142605,-3.564659149148533,-9.379953870335289,-6.956017159729845,-3.520359587939111,-10.396083742767624,-5.594409196784501,-3.5665207853449896,-8.543007139089868,-0.0013405194651020344,0.0002096072085617135,0.009907524907086412,0.592003462150149,-0.020070085828642864,0.8056854798598942,0.9682469746788666,-0.09781683853987055,0.23006447384002407,-0.22889936724695575,0.023124484799242513,0.9731753890623791,-0.10051306233104983,-0.9949357387795629,-3.469446951953615e-18,40.489200934280134,-61.26911479196145,1.2448930902215132,144.54564839083972,NONE
0.006589966826140881,0.19769900478422642,-6.240605101043033,-3.5442948054176453,-9.42410468615404,-6.2777353662142605,-3.564659149148533,-9.379953870335289,-6.954612723611975,-3.5206139049938847,-10.395759676086234,-5.592927751010893,-3.5657757845389226,-8.5427150354938,-0.0013441160155673029,0.00021829218520274176,0.009906850060175382,0.5920369446091663,-0.01963559980219054,0.8056715828662765,0.9682469746788666,-0.09781683853987055,0.23006447384002407,-0.22889936724695575,0.023124484799242513,0.9731753890623791,-0.10051306233104983,-0.9949357387795629,-3.469446951953615e-18,40.490372590960625,-61.30754501806744,1.2463363504913474,144.27559540442007,NONE
0.006599966902285814,0.19799900706857443,-6.239165291243839,-3.54411937404691,-9.423903192652377,-6.2777353662142605,-3.564659149148533,-9.379953870335289,-6.953413204909052,-3.5209038774594292,-10.395392795342314,-5.5912699728097515,-3.565178184673274,-8.542663564999465,-0.0013477256034845249,0.00022697139679143504,0.009906164606444457,0.5922361878692608,-0.01924969878862813,0.8055344479751521,0.9682469746788666,-0.09781683853987055,0.23006447384002407,-0.22889936724695575,0.023124484799242513,0.9731753890623791,-0.10051306233104983,-0.9949357387795629,-3.469446951953615e-18,40.47946326210553,-61.34405619084591,1.2477596383279064,141.40399640373136,NONE
0.006609966978430748,0.19829900935292244,-6.237729892188358,-3.543985144386876,-9.423740516675624,-6.2777353662142605,-3.564659149148533,-9.379953870335289,-6.952204832699159,-3.521221432158502,-10.395073859241005,-5.589628637373357,-3.5646341407658237,-8.542642632808336,-0.0013513480488330084,0.0002356444079212633,0.009905468579520783,0.5924244327503483,-0.018875090698835556,0.8054048810576822,0.9682469746788666,-0.09781683853987055,0.23006447384002407,-0.22889936724695575,0.023124484799242513,0.9731753890623791,-0.10051306233104983,-0.9949357387795629,-3.469446951953615e-18,40.46924036935498,-61.379442974254225,1.2491737551628486,141.42184881894943,NONE
0.006619967054575682,0.19859901163727045,-6.236312493735599,-3.5438661884170655,-9.423519159926089,-6.2777353662142605,-3.564659149148533,-9.379953870335289,-6.950913828456068,-3.5215946830088463,-10.394770930608717,-5.588096586549685,-3.5640687032755523,-8.54249527003196,-0.001354983338745758,0.0002443111877853831,0.009904761981876575,0.5925292356114706,-0.018466965333350294,0.805337243729025,0.9682469746788666,-0.09781683853987055,0.23006447384002407,-0.22889936724695575,0.023124484799242513,0.9731753890623791,-0.10051306233104983,-0.9949357387795629,-3.469446951953615e-18,40.46518007887658,-61.41659497235945,1.2505854373538678,141.1221649685572,NONE
0.006629966665059328,0.19889899995177984,-6.234909161979007,-3.543759317288983,-9.423252622855815,-6.2777353662142605,-3.564659149148533,-9.379953870335289,-6.94952076398466,-3.5220134476694676,-10.39450875026247,-5.5866839413238125,-3.5634850271611525,-8.542224780971003,-0.00135863129008869,0.0002529713024836569,0.009904044849700332,0.5925377489829772,-0.018031121518123805,0.8053408562136812,0.9682469746788666,-0.09781683853987055,0.23006447384002407,-0.22889936724695575,0.023124484799242513,0.9731753890623791,-0.10051306233104983,-0.9949357387795629,-3.469446951953615e-18,40.46814272357382,-61.45480929954683,1.251995075996609,140.6556075361343,SLIDING
0.006639966741204262,0.19919900223612785,-6.233511313849735,-3.543736458907712,-9.423079888595256,-6.2777353662142605,-3.564659149148533,-9.379953870335289,-6.94830530024023,-3.522467478412237,-10.394212360032718,-5.585120652054518,-3.5630295819637814,-8.542164215219449,-0.001362292229743885,0.00026162552778100193,0.00990331711867898,0.5926889774720491,-0.017635697196323658,0.8052383238318558,0.9682469746788666,-0.09781683853987055,0.23006447384002407,-0.22889936724695575,0.023124484799242513,0.9731753890623791,-0.10051306233104983,-0.9949357387795629,-3.469446951953615e-18,40.460712683966804,-61.49152275479021,1.2533860423010168,138.91526961427033,NONE
0.0066499668173491955,0.19949900452047586,-6.2321258634865755,-3.5437284569841507,-9.422876130117091,-6.2777353662142605,-3.564659149148533,-9.379953870335289,-6.946995469010519,-3.522962775726755,-10.393963831188175,-5.583666607465729,-3.5625650365713715,-8.542001068005561,-0.0013659659750894248,0.0002702734295265366,0.009902578824579067,0.5927516789325172,-0.017218374280267998,0.8052012013837454,0.9682469746788666,-0.09781683853987055,0.23006447384002407,-0.22889936724695575,0.023124484799242513,0.9731753890623791,-0.10051306233104983,-0.9949357387795629,-3.469446951953615e-18,40.45971065789404,-61.528895472176686,1.2547735952879187,138.63193809123564,SLIDING
0.006659966893494129,0.19979900680482388,-6.230754360610294,-3.543751851807225,-9.42265606976858,-6.2777353662142605,-3.564659149148533,-9.379953870335289,-6.94566662623765,-3.523505051952803,-10.393723322404966,-5.582256407547767,-3.5621177533212203,-8.541799556461822,-0.0013696525130759936,0.0002789149770025687,0.009901829970022941,0.5927870516042969,-0.01678813102974666,0.8051842460622368,0.9682469746788666,-0.09781683853987055,0.23006447384002407,-0.22889936724695575,0.023124484799242513,0.9731753890623791,-0.10051306233104983,-0.9949357387795629,-3.469446951953615e-18,40.46074690944738,-61.5670075106037,1.256154465274566,137.10128344817542,NONE
0.006666666828095913,0.2000000048428774,-6.2298394293129915,-3.5437953333955887,-9.422532285822543,-6.2777353662142605,-3.564659149148533,-9.379953870335289,-6.944801193059124,-3.523887510171835,-10.393570104111344,-5.581296576435131,-3.561853748716252,-8.541702472455171,-0.0013719059289517,0.000284183734485,0.0099013692854655,0.5928280941843451,-0.016507060236702856,0.8051598398505103,0.9682469746788666,-0.09781683853987055,0.23006447384002407,-0.22889936724695575,0.023124484799242513,0.9731753890623791,-0.10051306233104983,-0.9949357387795629,-3.469446951953615e-18,40.460161443556025,-61.59216368985143,1.257073076255141,137.06712817424244,SLIDING
