561 361 -70 0.25 0 1
0.00000000000000000e+00 -9.84165616927011211e-01 6.54257190582297476e-02 -1.64734676812106740e-01
1.00000000000000000e+00 -9.84504565065155379e-01 6.09451790313650238e-02 -1.64427633075174856e-01
2.00000000000000000e+00 -9.84821332038177455e-01 5.64636839968750415e-02 -1.64130424821394005e-01
3.00000000000000000e+00 -9.85115842257195840e-01 5.19826834963168158e-02 -1.63843150453163333e-01
4.00000000000000000e+00 -9.85388045137261193e-01 4.75036277940448434e-02 -1.63565906737841743e-01
5.00000000000000000e+00 -9.85637915070827542e-01 4.30279672076381084e-02 -1.63298788767125308e-01
6.00000000000000000e+00 -9.85865451369857815e-01 3.85571514381385302e-02 -1.63041889918766503e-01
7.00000000000000000e+00 -9.86070678176645399e-01 3.40926289009106029e-02 -1.62795301820647248e-01
8.00000000000000000e+00 -9.86253644343500713e-01 2.96358460579252379e-02 -1.62559114317205267e-01
9.00000000000000000e+00 -9.86414423281470665e-01 2.51882467522669823e-02 -1.62333415438198403e-01
1.00000000000000000e+01 -9.86553112778314367e-01 2.07512715456593805e-02 -1.62118291369780565e-01
1.10000000000000000e+01 -9.86669834786007560e-01 1.63263570597945232e-02 -1.61913826427852015e-01
1.20000000000000000e+01 -9.86764735178076058e-01 1.19149353222412456e-02 -1.61720103033631490e-01
1.30000000000000000e+01 -9.86837983477110936e-01 7.51843311769747908e-03 -1.61537201691387494e-01
1.40000000000000000e+01 -9.86889772552860700e-01 3.13827134533897637e-03 -1.61365200968256822e-01
1.50000000000000000e+01 -9.86920318291328647e-01 -1.22413561699915652e-03 -1.61204177476062749e-01
1.60000000000000000e+01 -9.86929859235353146e-01 -5.56738054108925091e-03 -1.61054205855037824e-01
1.70000000000000000e+01 -9.86918656197182997e-01 -9.89006396831983506e-03 -1.60915358759346760e-01
1.80000000000000000e+01 -9.86886991843599959e-01 -1.41907948207671865e-02 -1.60787706844290307e-01
1.90000000000000000e+01 -9.86835170254179994e-01 -1.84681910026643602e-02 -1.60671318755068987e-01
2.00000000000000000e+01 -9.86763516453320721e-01 -2.27208799916305791e-02 -1.60566261116968811e-01
2.10000000000000000e+01 -9.86672375916700650e-01 -2.69474994190429529e-02 -1.60472598526830879e-01
2.20000000000000000e+01 -9.86562114052864758e-01 -3.11466976389610135e-02 -1.60390393545652626e-01
2.30000000000000000e+01 -9.86433115660676929e-01 -3.53171342850400818e-02 -1.60319706692165859e-01
2.40000000000000000e+01 -9.86285784363399531e-01 -3.94574808148968267e-02 -1.60260596437228758e-01
2.50000000000000000e+01 -9.86120542020199720e-01 -4.35664210414196812e-02 -1.60213119198863246e-01
2.60000000000000000e+01 -9.85937828115913795e-01 -4.76426516505471589e-02 -1.60177329337766461e-01
2.70000000000000000e+01 -9.85738099129919609e-01 -5.16848827050679221e-02 -1.60153279153116918e-01
2.80000000000000000e+01 -9.85521827885009416e-01 -5.56918381340288857e-02 -1.60141018878497271e-01
2.90000000000000000e+01 -9.85289502877170098e-01 -5.96622562073696808e-02 -1.60140596677749325e-01
3.00000000000000000e+01 -9.85041627587206925e-01 -6.35948899954368735e-02 -1.60152058640577244e-01
3.10000000000000000e+01 -9.84778719775171063e-01 -6.74885078130662425e-02 -1.60175448777712004e-01
3.20000000000000000e+01 -9.84501310758568171e-01 -7.13418936479531945e-02 -1.60210809015451816e-01
3.30000000000000000e+01 -9.84209944675354387e-01 -7.51538475730722383e-02 -1.60258179189392114e-01
3.40000000000000000e+01 -9.83905177732731451e-01 -7.89231861429378206e-02 -1.60317597037160309e-01
3.50000000000000000e+01 -9.83587577442782135e-01 -8.26487427735402708e-02 -1.60389098189972434e-01
3.60000000000000000e+01 -9.83257721845993582e-01 -8.63293681058200507e-02 -1.60472716162832679e-01
3.70000000000000000e+01 -9.82916198723735368e-01 -8.99639303525900241e-02 -1.60568482343197177e-01
3.80000000000000000e+01 -9.82563604800763435e-01 -9.35513156288435982e-02 -1.60676425977932358e-01
3.90000000000000000e+01 -9.82200544938842235e-01 -9.70904282654290463e-02 -1.60796574158398070e-01
4.00000000000000000e+01 -9.81827631322569783e-01 -1.00580191106104985e-01 -1.60928951803494924e-01
4.10000000000000000e+01 -9.81445482638514610e-01 -1.04019545788028689e-01 -1.61073581640520574e-01
4.20000000000000000e+01 -9.81054723248764082e-01 -1.07407453005765846e-01 -1.61230484183685435e-01
4.30000000000000000e+01 -9.80655982359992184e-01 -1.10742892758943640e-01 -1.61399677710148765e-01
4.40000000000000000e+01 -9.80249893189160115e-01 -1.14024864583709681e-01 -1.61581178233441369e-01
4.50000000000000000e+01 -9.79837092126950027e-01 -1.17252387768185251e-01 -1.61774999474152192e-01
4.60000000000000000e+01 -9.79418217900047905e-01 -1.20424501552144847e-01 -1.61981152827765124e-01
4.70000000000000000e+01 -9.78993910733369499e-01 -1.23540265311177816e-01 -1.62199647329540786e-01
4.80000000000000000e+01 -9.78564811513332078e-01 -1.26598758725626204e-01 -1.62430489616353063e-01
4.90000000000000000e+01 -9.78131560953258594e-01 -1.29599081934620858e-01 -1.62673683885394355e-01
5.00000000000000000e+01 -9.77694798761999495e-01 -1.32540355675567240e-01 -1.62929231849682832e-01
5.10000000000000000e+01 -9.77255162816835443e-01 -1.35421721409462736e-01 -1.63197132690310248e-01
5.20000000000000000e+01 -9.76813288341729979e-01 -1.38242341432451843e-01 -1.63477383005386528e-01
5.30000000000000000e+01 -9.76369807091971853e-01 -1.41001398974053255e-01 -1.63769976755646141e-01
5.40000000000000000e+01 -9.75925346546241412e-01 -1.43698098282517811e-01 -1.64074905206696403e-01
5.50000000000000000e+01 -9.75480529107112249e-01 -1.46331664697793684e-01 -1.64392156867902178e-01
5.60000000000000000e+01 -9.75035971310995953e-01 -1.48901344712605022e-01 -1.64721717427911585e-01
5.70000000000000000e+01 -9.74592283048500541e-01 -1.51406406022160073e-01 -1.65063569686845574e-01
5.80000000000000000e+01 -9.74150066796168224e-01 -1.53846137563030227e-01 -1.65417693485184425e-01
5.90000000000000000e+01 -9.73709916860529545e-01 -1.56219849541751860e-01 -1.65784065629400512e-01
6.00000000000000000e+01 -9.73272418635395486e-01 -1.58526873453719741e-01 -1.66162659814401759e-01
6.10000000000000000e+01 -9.72838147873276826e-01 -1.60766562092951731e-01 -1.66553446542860722e-01
6.20000000000000000e+01 -9.72407669971809718e-01 -1.62938289553315185e-01 -1.66956393041523765e-01
6.30000000000000000e+01 -9.71981539276024709e-01 -1.65041451221813212e-01 -1.67371463174603968e-01
6.40000000000000000e+01 -9.71560298397286304e-01 -1.67075463764534110e-01 -1.67798617354380453e-01
6.50000000000000000e+01 -9.71144477549699792e-01 -1.69039765105875039e-01 -1.68237812449137658e-01
6.60000000000000000e+01 -9.70734593904744258e-01 -1.70933814401649009e-01 -1.68689001688592299e-01
6.70000000000000000e+01 -9.70331150964880651e-01 -1.72757092006687679e-01 -1.69152134566971785e-01
6.80000000000000000e+01 -9.69934637956841761e-01 -1.74509099437548332e-01 -1.69627156743919982e-01
6.90000000000000000e+01 -9.69545529245288362e-01 -1.76189359330933049e-01 -1.70114009943418604e-01
7.00000000000000000e+01 -9.69164283767485202e-01 -1.77797415398416453e-01 -1.70612631850928259e-01
7.10000000000000000e+01 -9.68791344489622341e-01 -1.79332832378079343e-01 -1.71122956008963073e-01
7.20000000000000000e+01 -9.68427137885371381e-01 -1.80795195983627421e-01 -1.71644911711327786e-01
7.30000000000000000e+01 -9.68072073437246106e-01 -1.82184112851568825e-01 -1.72178423896254817e-01
7.40000000000000000e+01 -9.67726543161294694e-01 -1.83499210487006986e-01 -1.72723413038695539e-01
7.50000000000000000e+01 -9.67390921155632744e-01 -1.84740137208595168e-01 -1.73279795042024759e-01
7.60000000000000000e+01 -9.67065563173277409e-01 -1.85906562093174771e-01 -1.73847481129433240e-01
7.70000000000000000e+01 -9.66750806219734415e-01 -1.86998174920610438e-01 -1.74426377735289934e-01
7.80000000000000000e+01 -9.66446968175738719e-01 -1.88014686119305108e-01 -1.75016386396766255e-01
7.90000000000000000e+01 -9.66154347445524531e-01 -1.88955826712864622e-01 -1.75617403646023823e-01
8.00000000000000000e+01 -9.65873222630980410e-01 -1.89821348268353673e-01 -1.76229320903274062e-01
8.10000000000000000e+01 -9.65603852231989412e-01 -1.90611022846561284e-01 -1.76852024371026623e-01
8.20000000000000000e+01 -9.65346474373249830e-01 -1.91324642954669749e-01 -1.77485394929850687e-01
8.30000000000000000e+01 -9.65101306557818672e-01 -1.91962021501690311e-01 -1.78129308035976985e-01
8.40000000000000000e+01 -9.64868545447604253e-01 -1.92522991757006184e-01 -1.78783633621077881e-01
8.50000000000000000e+01 -9.64648366670992075e-01 -1.93007407312327378e-01 -1.79448235994563027e-01
8.60000000000000000e+01 -9.64440924657763654e-01 -1.93415142047336314e-01 -1.80122973748734289e-01
8.70000000000000000e+01 -9.64246352501433979e-01 -1.93746090099272378e-01 -1.80807699667146909e-01
8.80000000000000000e+01 -9.64064761849107832e-01 -1.94000165836666294e-01 -1.81502260636524748e-01
8.90000000000000000e+01 -9.63896242818910842e-01 -1.94177303837408416e-01 -1.82206497562578951e-01
9.00000000000000000e+01 -9.63740863945037329e-01 -1.94277458871300546e-01 -1.82920245290080552e-01
9.10000000000000000e+01 -9.63598672150416946e-01 -1.94300605887202466e-01 -1.83643332527536313e-01
9.20000000000000000e+01 -9.63469692746972584e-01 -1.94246740004858726e-01 -1.84375581776815761e-01
9.30000000000000000e+01 -9.63353929463412917e-01 -1.94115876511448959e-01 -1.85116809268075777e-01
9.40000000000000000e+01 -9.63251364500477769e-01 -1.93908050862875631e-01 -1.85866824900324967e-01
9.50000000000000000e+01 -9.63161958613511837e-01 -1.93623318689766788e-01 -1.86625432187965845e-01
9.60000000000000000e+01 -9.63085651222230998e-01 -1.93261755808137703e-01 -1.87392428213648876e-01
9.70000000000000000e+01 -9.63022360547500011e-01 -1.92823458234620826e-01 -1.88167603587765186e-01
9.80000000000000000e+01 -9.62971983774922102e-01 -1.92308542206139160e-01 -1.88950742414898482e-01
9.90000000000000000e+01 -9.62934397245000739e-01 -1.91717144203865875e-01 -1.89741622267547844e-01
1.00000000000000000e+02 -9.62909456669626240e-01 -1.91049420981280166e-01 -1.90540014167425914e-01
1.01000000000000000e+02 -9.62896997374578456e-01 -1.90305549596094609e-01 -1.91345682574624892e-01
1.02000000000000000e+02 -9.62896834567748772e-01 -1.89485727445801583e-01 -1.92158385384934099e-01
1.03000000000000000e+02 -9.62908763632717823e-01 -1.88590172306551646e-01 -1.92977873935580135e-01
1.04000000000000000e+02 -9.62932560447326891e-01 -1.87619122375050601e-01 -1.93803893019648010e-01
1.05000000000000000e+02 -9.62967981726841504e-01 -1.86572836313130125e-01 -1.94636180909428191e-01
1.06000000000000000e+02 -9.63014765391271732e-01 -1.85451593294620881e-01 -1.95474469388921657e-01
1.07000000000000000e+02 -9.63072630956405717e-01 -1.84255693054129838e-01 -1.96318483795716425e-01
1.08000000000000000e+02 -9.63141279948067974e-01 -1.82985455937298952e-01 -1.97167943072438623e-01
1.09000000000000000e+02 -9.63220396339098506e-01 -1.81641222952097892e-01 -1.98022559827955552e-01
1.10000000000000000e+02 -9.63309647008521952e-01 -1.80223355820680442e-01 -1.98882040408502880e-01
1.11000000000000000e+02 -9.63408682222343660e-01 -1.78732237031316160e-01 -1.99746084978876498e-01
1.12000000000000000e+02 -9.63517136135396912e-01 -1.77168269889884683e-01 -2.00614387613820722e-01
1.13000000000000000e+02 -9.63634627313626035e-01 -1.75531878570406474e-01 -2.01486636399720170e-01
1.14000000000000000e+02 -9.63760759276183321e-01 -1.73823508164069024e-01 -2.02362513546681777e-01
1.15000000000000000e+02 -9.63895121056673188e-01 -1.72043624726185507e-01 -2.03241695511075349e-01
1.16000000000000000e+02 -9.64037287782879893e-01 -1.70192715320519966e-01 -2.04123853128578253e-01
1.17000000000000000e+02 -9.64186821274262473e-01 -1.68271288060396595e-01 -2.05008651757745686e-01
1.18000000000000000e+02 -9.64343270656508489e-01 -1.66279872146004037e-01 -2.05895751434108792e-01
1.19000000000000000e+02 -9.64506172992394939e-01 -1.64219017897297509e-01 -2.06784807034779805e-01
1.20000000000000000e+02 -9.64675053928192860e-01 -1.62089296781899206e-01 -2.07675468453516310e-01
1.21000000000000000e+02 -9.64849428354834338e-01 -1.59891301437390554e-01 -2.08567380786178896e-01
1.22000000000000000e+02 -9.65028801083035903e-01 -1.57625645687393706e-01 -2.09460184526488291e-01
1.23000000000000000e+02 -9.65212667531557766e-01 -1.55292964550835605e-01 -2.10353515771966454e-01
1.24000000000000000e+02 -9.65400514427759648e-01 -1.52893914243795725e-01 -2.11247006439921947e-01
1.25000000000000000e+02 -9.65591820519592248e-01 -1.50429172173339093e-01 -2.12140284493313513e-01
1.26000000000000000e+02 -9.65786057298163358e-01 -1.47899436922747235e-01 -2.13032974176307399e-01
1.27000000000000000e+02 -9.65982689729979138e-01 -1.45305428227564426e-01 -2.13924696259312069e-01
1.28000000000000000e+02 -9.66181176997966906e-01 -1.42647886941890956e-01 -2.14815068293257527e-01
1.29000000000000000e+02 -9.66380973250363318e-01 -1.39927574994363590e-01 -2.15703704872858948e-01
1.30000000000000000e+02 -9.66581528356543651e-01 -1.37145275333285049e-01 -2.16590217908580157e-01
1.31000000000000000e+02 -9.66782288668852074e-01 -1.34301791860368336e-01 -2.17474216906994977e-01
1.32000000000000000e+02 -9.66982697789493084e-01 -1.31397949352594218e-01 -2.18355309259213842e-01
1.33000000000000000e+02 -9.67182197341519556e-01 -1.28434593371687389e-01 -2.19233100537027964e-01
1.34000000000000000e+02 -9.67380227742965726e-01 -1.25412590160745990e-01 -2.20107194796399508e-01
1.35000000000000000e+02 -9.67576228983147213e-01 -1.22332826527577321e-01 -2.20977194887902323e-01
1.36000000000000000e+02 -9.67769641400162084e-01 -1.19196209714321030e-01 -2.21842702773702466e-01
1.37000000000000000e+02 -9.67959906458612296e-01 -1.16003667252961074e-01 -2.22703319850645481e-01
1.38000000000000000e+02 -9.68146467526565302e-01 -1.12756146806360938e-01 -2.23558647278998879e-01
1.39000000000000000e+02 -9.68328770650777604e-01 -1.09454615994481821e-01 -2.24408286316378797e-01
1.40000000000000000e+02 -9.68506265329200478e-01 -1.06100062205471093e-01 -2.25251838656379072e-01
1.41000000000000000e+02 -9.68678405279783439e-01 -1.02693492391343941e-01 -2.26088906771395481e-01
1.42000000000000000e+02 -9.68844649204608555e-01 -9.92359328480082320e-02 -2.26919094259130871e-01
1.43000000000000000e+02 -9.69004461548377827e-01 -9.57284289794166771e-02 -2.27742006192250573e-01
1.44000000000000000e+02 -9.69157313250286978e-01 -9.21720450456650492e-02 -2.28557249470641655e-01
1.45000000000000000e+02 -9.69302682488332179e-01 -8.85678638948875496e-02 -2.29364433175722582e-01
1.46000000000000000e+02 -9.69440055415093371e-01 -8.49169866788341970e-02 -2.30163168926237394e-01
1.47000000000000000e+02 -9.69568926884056825e-01 -8.12205325520537896e-02 -2.30953071234957480e-01
1.48000000000000000e+02 -9.69688801165544456e-01 -7.74796383546382111e-02 -2.31733757865710349e-01
1.49000000000000000e+02 -9.69799192651333075e-01 -7.36954582785215861e-02 -2.32504850190143580e-01
1.50000000000000000e+02 -9.69899626547059857e-01 -6.98691635173628312e-02 -2.33265973543630767e-01
1.51000000000000000e+02 -9.69989639551523286e-01 -6.60019419000776320e-02 -2.34016757579719042e-01
1.52000000000000000e+02 -9.70068780522007068e-01 -6.20949975081223557e-02 -2.34756836622518977e-01
1.53000000000000000e+02 -9.70136611124773562e-01 -5.81495502766653724e-02 -2.35485850016432102e-01
1.54000000000000000e+02 -9.70192706469881760e-01 -5.41668355798226100e-02 -2.36203442472615238e-01
1.55000000000000000e+02 -9.70236655729524000e-01 -5.01481038001668628e-02 -2.36909264411581250e-01
1.56000000000000000e+02 -9.70268062739073289e-01 -4.60946198827535888e-02 -2.37602972301337340e-01
1.57000000000000000e+02 -9.70286546580073961e-01 -4.20076628739476862e-02 -2.38284228990470193e-01
1.58000000000000000e+02 -9.70291742144421931e-01 -3.78885254453629819e-02 -2.38952704035587910e-01
1.59000000000000000e+02 -9.70283300679005589e-01 -3.37385134032636216e-02 -2.39608074022543277e-01
1.60000000000000000e+02 -9.70260890310109203e-01 -2.95589451838114518e-02 -2.40250022880862696e-01
1.61000000000000000e+02 -9.70224196546896400e-01 -2.53511513345705541e-02 -2.40878242190823183e-01
1.62000000000000000e+02 -9.70172922763331891e-01 -2.11164739827167727e-02 -2.41492431482626418e-01
1.63000000000000000e+02 -9.70106790657912499e-01 -1.68562662904271146e-02 -2.42092298527134042e-01
1.64000000000000000e+02 -9.70025540690621635e-01 -1.25718918979568686e-02 -2.42677559617640148e-01
1.65000000000000000e+02 -9.69928932496538554e-01 -8.26472435493550914e-03 -2.43247939842174826e-01
1.66000000000000000e+02 -9.69816745275573489e-01 -3.93614654044651454e-03 -2.43803173345847307e-01
1.67000000000000000e+02 -9.69688778157824727e-01 4.12449927524272076e-04 -2.44343003582755819e-01
1.68000000000000000e+02 -9.69544850544083014e-01 4.77966529265785953e-03 -2.44867183557008899e-01
1.69000000000000000e+02 -9.69384802421054959e-01 9.16409227025242849e-03 -2.45375476052425739e-01
1.70000000000000000e+02 -9.69208494650886654e-01 1.35643166658979929e-02 -2.45867653850500162e-01
1.71000000000000000e+02 -9.69015809234624714e-01 1.79789180021962362e-02 -2.46343499936238636e-01
1.72000000000000000e+02 -9.68806649549270316e-01 2.24064701528263431e-02 -2.46802807691502535e-01
1.73000000000000000e+02 -9.68580940558119163e-01 2.68455419832436572e-02 -2.47245381075511556e-01
1.74000000000000000e+02 -9.68338628994127038e-01 3.12946979972770212e-02 -2.47671034792188521e-01
1.75000000000000000e+02 -9.68079683516045120e-01 3.57524989888784589e-02 -2.48079594444049062e-01
1.76000000000000000e+02 -9.67804094837143358e-01 4.02175026982683967e-02 -2.48470896672371655e-01
1.77000000000000000e+02 -9.67511875826341350e-01 4.46882644717023284e-02 -2.48844789283403617e-01
1.78000000000000000e+02 -9.67203061581622725e-01 4.91633379240805080e-02 -2.49201131360390821e-01
1.79000000000000000e+02 -9.66877709475631897e-01 5.36412756036128840e-02 -2.49539793361244711e-01
1.80000000000000000e+02 -9.66535899173396995e-01 5.81206296577435264e-02 -2.49860657201690178e-01
1.81000000000000000e+02 -9.66177732622147345e-01 6.25999524995352191e-02 -2.50163616323761606e-01
1.82000000000000000e+02 -9.65803334013242920e-01 6.70777974737135768e-02 -2.50448575749553648e-01
1.83000000000000000e+02 -9.65412849716253074e-01 7.15527195215681644e-02 -2.50715452120148674e-01
1.84000000000000000e+02 -9.65006448185273147e-01 7.60232758439061546e-02 -2.50964173719687322e-01
1.85000000000000000e+02 -9.64584319837582860e-01 8.04880265612606394e-02 -2.51194680484562782e-01
1.86000000000000000e+02 -9.64146676904811928e-01 8.49455353705587390e-02 -2.51406923997763820e-01
1.87000000000000000e+02 -9.63693753256782415e-01 8.93943701974570792e-02 -2.51600867468408707e-01
1.88000000000000000e+02 -9.63225804198256652e-01 9.38331038435654408e-02 -2.51776485696548868e-01
1.89000000000000000e+02 -9.62743106238839297e-01 9.82603146277849226e-02 -2.51933765023348133e-01
1.90000000000000000e+02 -9.62245956836322303e-01 1.02674587020998728e-01 -2.52072703266770948e-01
1.91000000000000000e+02 -9.61734674113790655e-01 1.07074512273368422e-01 -2.52193309642943841e-01
1.92000000000000000e+02 -9.61209596550839152e-01 1.11458689033499564e-01 -2.52295604673380802e-01
1.93000000000000000e+02 -9.60671082649293906e-01 1.15825723958759993e-01 -2.52379620078291123e-01
1.94000000000000000e+02 -9.60119510573841262e-01 1.20174232316049984e-01 -2.52445398656216013e-01
1.95000000000000000e+02 -9.59555277768020520e-01 1.24502838572342525e-01 -2.52492994150265992e-01
1.96000000000000000e+02 -9.58978800546057442e-01 1.28810176974335167e-01 -2.52522471101257362e-01
1.97000000000000000e+02 -9.58390513661041443e-01 1.33094892116571634e-01 -2.52533904688069855e-01
1.98000000000000000e+02 -9.57790869849986293e-01 1.37355639497425713e-01 -2.52527380555574221e-01
1.99000000000000000e+02 -9.57180339356337950e-01 1.41591086062350796e-01 -2.52502994630499855e-01
2.00000000000000000e+02 -9.56559409430520979e-01 1.45799910733836968e-01 -2.52460852925633472e-01
2.01000000000000000e+02 -9.55928583809144916e-01 1.49980804927541955e-01 -2.52401071332768179e-01
2.02000000000000000e+02 -9.55288382173510309e-01 1.54132473054086588e-01 -2.52323775404832418e-01
2.03000000000000000e+02 -9.54639339588088331e-01 1.58253633006042116e-01 -2.52229100127656813e-01
2.04000000000000000e+02 -9.53982005919663978e-01 1.62343016629666548e-01 -2.52117189681850762e-01
2.05000000000000000e+02 -9.53316945237861590e-01 1.66399370180975309e-01 -2.51988197195277763e-01
2.06000000000000000e+02 -9.52644735197791359e-01 1.70421454765770863e-01 -2.51842284486636814e-01
2.07000000000000000e+02 -9.51965966405568520e-01 1.74408046763286723e-01 -2.51679621800668107e-01
2.08000000000000000e+02 -9.51281241767495289e-01 1.78357938233137697e-01 -2.51500387535519732e-01
2.09000000000000000e+02 -9.50591175823695123e-01 1.82269937305302165e-01 -2.51304767962818532e-01
2.10000000000000000e+02 -9.49896394067016092e-01 1.86142868552902463e-01 -2.51092956941004752e-01
2.11000000000000000e+02 -9.49197532248034714e-01 1.89975573347582194e-01 -2.50865155622495062e-01
2.12000000000000000e+02 -9.48495235667008663e-01 1.93766910197319564e-01 -2.50621572155249495e-01
2.13000000000000000e+02 -9.47790158453637566e-01 1.97515755066552862e-01 -2.50362421379323907e-01
2.14000000000000000e+02 -9.47082962835500863e-01 2.01221001678532185e-01 -2.50087924518992977e-01
2.15000000000000000e+02 -9.46374318396068892e-01 2.04881561799849204e-01 -2.49798308871038377e-01
2.16000000000000000e+02 -9.45664901323169826e-01 2.08496365507139070e-01 -2.49493807489791858e-01
2.17000000000000000e+02 -9.44955393648823860e-01 2.12064361435978371e-01 -2.49174658869530469e-01
2.18000000000000000e+02 -9.44246482481357119e-01 2.15584517012052390e-01 -2.48841106624818204e-01
2.19000000000000000e+02 -9.43538859230707794e-01 2.19055818664692648e-01 -2.48493399169386370e-01
2.20000000000000000e+02 -9.42833218827855202e-01 2.22477272022930828e-01 -2.48131789394145319e-01
2.21000000000000000e+02 -9.42130258939296583e-01 2.25847902094246378e-01 -2.47756534344912349e-01
2.22000000000000000e+02 -9.41430679177499896e-01 2.29166753426229552e-01 -2.47367894900436341e-01
2.23000000000000000e+02 -9.40735180308268304e-01 2.32432890251406649e-01 -2.46966135451295338e-01
2.24000000000000000e+02 -9.40044463455947721e-01 2.35645396615520808e-01 -2.46551523580231580e-01
2.25000000000000000e+02 -9.39359229307405230e-01 2.38803376489587077e-01 -2.46124329744480758e-01
2.26000000000000000e+02 -9.38680177315714070e-01 2.41905953866081380e-01 -2.45684826960643338e-01
2.27000000000000000e+02 -9.38008004904461123e-01 2.44952272839647794e-01 -2.45233290492631539e-01
2.28000000000000000e+02 -9.37343406673610824e-01 2.47941497672746286e-01 -2.44769997543214851e-01
2.29000000000000000e+02 -9.36687073607828657e-01 2.50872812846690885e-01 -2.44295226949672345e-01
2.30000000000000000e+02 -9.36039692288179292e-01 2.53745423098553469e-01 -2.43809258884043922e-01
2.31000000000000000e+02 -9.35401944108103289e-01 2.56558553444441395e-01 -2.43312374558460637e-01
2.32000000000000000e+02 -9.34774504494554459e-01 2.59311449189680354e-01 -2.42804855936012809e-01
2.33000000000000000e+02 -9.34158042135192268e-01 2.62003375926455673e-01 -2.42286985447599357e-01
2.34000000000000000e+02 -9.33553218212489488e-01 2.64633619519491992e-01 -2.41759045715184390e-01
2.35000000000000000e+02 -9.32960685645626731e-01 2.67201486080370310e-01 -2.41221319281865326e-01
2.36000000000000000e+02 -9.32381088341007636e-01 2.69706301931099957e-01 -2.40674088349137727e-01
2.37000000000000000e+02 -9.31815060452239829e-01 2.72147413557580264e-01 -2.40117634521723466e-01
2.38000000000000000e+02 -9.31263225650396098e-01 2.74524187553604582e-01 -2.39552238560303193e-01
2.39000000000000000e+02 -9.30726196405360473e-01 2.76836010556069712e-01 -2.38978180142477681e-01
2.40000000000000000e+02 -9.30204573279046376e-01 2.79082289172066345e-01 -2.38395737632255189e-01
2.41000000000000000e+02 -9.29698944231265867e-01 2.81262449898537881e-01 -2.37805187858343897e-01
2.42000000000000000e+02 -9.29209883938998282e-01 2.83375939035199420e-01 -2.37206805901501838e-01
2.43000000000000000e+02 -9.28737953129796900e-01 2.85422222591414310e-01 -2.36600864891174822e-01
2.44000000000000000e+02 -9.28283697930061158e-01 2.87400786187734347e-01 -2.35987635811631818e-01
2.45000000000000000e+02 -9.27847649228862537e-01 2.89311134952801419e-01 -2.35367387317776983e-01
2.46000000000000000e+02 -9.27430322058018231e-01 2.91152793416320055e-01 -2.34740385560802012e-01
2.47000000000000000e+02 -9.27032214989072512e-01 2.92925305398794467e-01 -2.34106894023812684e-01
2.48000000000000000e+02 -9.26653809547819063e-01 2.94628233898730829e-01 -2.33467173367539998e-01
2.49000000000000000e+02 -9.26295569646999883e-01 2.96261160977989713e-01 -2.32821481286226789e-01
2.50000000000000000e+02 -9.25957941037778620e-01 2.97823687645969670e-01 -2.32170072373753145e-01
2.51000000000000000e+02 -9.25641350780559757e-01 2.99315433743292114e-01 -2.31513198000039444e-01
2.52000000000000000e+02 -9.25346206735733312e-01 3.00736037825640623e-01 -2.30851106197748512e-01
2.53000000000000000e+02 -9.25072897074863065e-01 3.02085157048399777e-01 -2.30184041559278796e-01
2.54000000000000000e+02 -9.24821789812849238e-01 3.03362467052714524e-01 -2.29512245144020521e-01
2.55000000000000000e+02 -9.24593232361558215e-01 3.04567661853579807e-01 -2.28835954395827657e-01
2.56000000000000000e+02 -9.24387551105388727e-01 3.05700453730544885e-01 -2.28155403070629814e-01
2.57000000000000000e+02 -9.24205050999231559e-01 3.06760573121597768e-01 -2.27470821174094090e-01
2.58000000000000000e+02 -9.24046015189249892e-01 3.07747768520769571e-01 -2.26782434909221231e-01
2.59000000000000000e+02 -9.23910704656887849e-01 3.08661806379976089e-01 -2.26090466633741410e-01
2.60000000000000000e+02 -9.23799357886491368e-01 3.09502471015585867e-01 -2.25395134827157867e-01
2.61000000000000000e+02 -9.23712190556906343e-01 3.10269564520173846e-01 -2.24696654067263107e-01
2.62000000000000000e+02 -9.23649395257391204e-01 3.10962906679896678e-01 -2.23995235015938710e-01
2.63000000000000000e+02 -9.23611141228162347e-01 3.11582334897886892e-01 -2.23291084414027563e-01
2.64000000000000000e+02 -9.23597574125867848e-01 3.12127704124039673e-01 -2.22584405085055836e-01
2.65000000000000000e+02 -9.23608815814255912e-01 3.12598886791526143e-01 -2.21875395947560339e-01
2.66000000000000000e+02 -9.23644964180295180e-01 3.12995772760338020e-01 -2.21164252035766035e-01
2.67000000000000000e+02 -9.23706092975964066e-01 3.13318269268132721e-01 -2.20451164528341181e-01
2.68000000000000000e+02 -9.23792251685912724e-01 3.13566300888610594e-01 -2.19736320784946482e-01
2.69000000000000000e+02 -9.23903465421181624e-01 3.13739809497622535e-01 -2.19019904390277825e-01
2.70000000000000000e+02 -9.24039734839125937e-01 3.13838754247169949e-01 -2.18302095205296143e-01
2.71000000000000000e+02 -9.24201036089675743e-01 3.13863111547416529e-01 -2.17583069425320436e-01
2.72000000000000000e+02 -9.24387320788047750e-01 3.13812875056802998e-01 -2.16862999644655385e-01
2.73000000000000000e+02 -9.24598516013984573e-01 3.13688055680309275e-01 -2.16142054927412258e-01
2.74000000000000000e+02 -9.24834524337580843e-01 3.13488681575877393e-01 -2.15420400884175384e-01
2.75000000000000000e+02 -9.25095223871736483e-01 3.13214798168965691e-01 -2.14698199754157659e-01
2.76000000000000000e+02 -9.25380468351241436e-01 3.12866468175171275e-01 -2.13975610492485008e-01
2.77000000000000000e+02 -9.25690087238481008e-01 3.12443771630817435e-01 -2.13252788862239334e-01
2.78000000000000000e+02 -9.26023885855719042e-01 3.11946805931366200e-01 -2.12529887530890971e-01
2.79000000000000000e+02 -9.26381645543894572e-01 3.11375685877478436e-01 -2.11807056170741886e-01
2.80000000000000000e+02 -9.26763123847845538e-01 3.10730543728512443e-01 -2.11084441563005903e-01
2.81000000000000000e+02 -9.27168054727833812e-01 3.10011529263206242e-01 -2.10362187705140369e-01
2.82000000000000000e+02 -9.27596148797239728e-01 3.09218809847266018e-01 -2.09640435921053414e-01
2.83000000000000000e+02 -9.28047093586248706e-01 3.08352570507538948e-01 -2.08919324973803971e-01
2.84000000000000000e+02 -9.28520553831339357e-01 3.07413014012420827e-01 -2.08198991180415099e-01
2.85000000000000000e+02 -9.29016171790349343e-01 3.06400360958114903e-01 -2.07479568528424252e-01
2.86000000000000000e+02 -9.29533567582871978e-01 3.05314849860328363e-01 -2.06761188793794404e-01
2.87000000000000000e+02 -9.30072339555703009e-01 3.04156737250960818e-01 -2.06043981659817077e-01
2.88000000000000000e+02 -9.30632064673036830e-01 3.02926297779312015e-01 -2.05328074836637675e-01
2.89000000000000000e+02 -9.31212298931083926e-01 3.01623824317310607e-01 -2.04613594181046993e-01
2.90000000000000000e+02 -9.31812577796741759e-01 3.00249628068233798e-01 -2.03900663816178496e-01
2.91000000000000000e+02 -9.32432416669944808e-01 2.98804038678373018e-01 -2.03189406250768978e-01
2.92000000000000000e+02 -9.33071311369263912e-01 2.97287404351067153e-01 -2.02479942497639148e-01
2.93000000000000000e+02 -9.33728738640327127e-01 2.95700091962513401e-01 -2.01772392191064409e-01
2.94000000000000000e+02 -9.34404156686579501e-01 2.94042487178740042e-01 -2.01066873702712701e-01
2.95000000000000000e+02 -9.35097005721888919e-01 2.92314994573112108e-01 -2.00363504255839348e-01
2.96000000000000000e+02 -9.35806708544467680e-01 2.90518037743720259e-01 -1.99662400037433962e-01
2.97000000000000000e+02 -9.36532671131559469e-01 2.88652059429997887e-01 -1.98963676308033105e-01
2.98000000000000000e+02 -9.37274283254299290e-01 2.86717521627888272e-01 -1.98267447508916755e-01
2.99000000000000000e+02 -9.38030919112147421e-01 2.84714905702883880e-01 -1.97573827366424898e-01
3.00000000000000000e+02 -9.38801937986248114e-01 2.82644712500245920e-01 -1.96882928993140582e-01
3.01000000000000000e+02 -9.39586684911055570e-01 2.80507462451708434e-01 -1.96194864985699269e-01
3.02000000000000000e+02 -9.40384491363528308e-01 2.78303695677968088e-01 -1.95509747518999299e-01
3.03000000000000000e+02 -9.41194675969182271e-01 2.76033972086255797e-01 -1.94827688436602559e-01
3.04000000000000000e+02 -9.42016545224244273e-01 2.73698871462290827e-01 -1.94148799337127503e-01
3.05000000000000000e+02 -9.42849394233146954e-01 2.71298993555915857e-01 -1.93473191656453963e-01
3.06000000000000000e+02 -9.43692507460567653e-01 2.68834958159721582e-01 -1.92800976745573505e-01
3.07000000000000000e+02 -9.44545159497185205e-01 2.66307405179966872e-01 -1.92132265943933483e-01
3.08000000000000000e+02 -9.45406615838317310e-01 2.63716994699119467e-01 -1.91467170648141782e-01
3.09000000000000000e+02 -9.46276133674575304e-01 2.61064407029342249e-01 -1.90805802375912020e-01
3.10000000000000000e+02 -9.47152962693635136e-01 2.58350342756271278e-01 -1.90148272825146514e-01
3.11000000000000000e+02 -9.48036345892234844e-01 2.55575522772438668e-01 -1.89494693928071667e-01
3.12000000000000000e+02 -9.48925520397449485e-01 2.52740688299714467e-01 -1.88845177900354100e-01
3.13000000000000000e+02 -9.49819718296310622e-01 2.49846600900157451e-01 -1.88199837285144306e-01
3.14000000000000000e+02 -9.50718167472795694e-01 2.46894042474682468e-01 -1.87558784992008787e-01
3.15000000000000000e+02 -9.51620092451208155e-01 2.43883815248979341e-01 -1.86922134330730655e-01
3.16000000000000000e+02 -9.52524715244945419e-01 2.40816741746132240e-01 -1.86289999039970511e-01
3.17000000000000000e+02 -9.53431256209648192e-01 2.37693664745424166e-01 -1.85662493310798593e-01
3.18000000000000000e+02 -9.54338934899698343e-01 2.34515447226824769e-01 -1.85039731805122870e-01
3.19000000000000000e+02 -9.55246970927033257e-01 2.31282972300699413e-01 -1.84421829669054044e-01
3.20000000000000000e+02 -9.56154584821224285e-01 2.27997143122296964e-01 -1.83808902541261199e-01
3.21000000000000000e+02 -9.57060998889766368e-01 2.24658882790607944e-01 -1.83201066556388986e-01
3.22000000000000000e+02 -9.57965438077511555e-01 2.21269134231217274e-01 -1.82598438343619662e-01
3.23000000000000000e+02 -9.58867130824181180e-01 2.17828860062805191e-01 -1.82001135020477128e-01
3.24000000000000000e+02 -9.59765309918876097e-01 2.14339042446984318e-01 -1.81409274181982882e-01
3.25000000000000000e+02 -9.60659213350518626e-01 2.10800682921196775e-01 -1.80822973885288230e-01
3.26000000000000000e+02 -9.61548085153138943e-01 2.07214802214428617e-01 -1.80242352629915864e-01
3.27000000000000000e+02 -9.62431176244935127e-01 2.03582440045534802e-01 -1.79667529333758569e-01
3.28000000000000000e+02 -9.63307745260032489e-01 1.99904654904004858e-01 -1.79098623304991045e-01
3.29000000000000000e+02 -9.64177059371872258e-01 1.96182523813037551e-01 -1.78535754210063374e-01
3.30000000000000000e+02 -9.65038395107162938e-01 1.92417142074828351e-01 -1.77979042037951174e-01
3.31000000000000000e+02 -9.65891039149341935e-01 1.88609622998010290e-01 -1.77428607060848731e-01
3.32000000000000000e+02 -9.66734289130497526e-01 1.84761097607231195e-01 -1.76884569791497998e-01
3.33000000000000000e+02 -9.67567454410714456e-01 1.80872714334884221e-01 -1.76347050937352978e-01
3.34000000000000000e+02 -9.68389856843823171e-01 1.76945638695046537e-01 -1.75816171351788009e-01
3.35000000000000000e+02 -9.69200831528537643e-01 1.72981052939722713e-01 -1.75292051982559816e-01
3.36000000000000000e+02 -9.69999727543989776e-01 1.68980155697523587e-01 -1.74774813817742042e-01
3.37000000000000000e+02 -9.70785908668691189e-01 1.64944161594950123e-01 -1.74264577829352701e-01
3.38000000000000000e+02 -9.71558754081953468e-01 1.60874300860488845e-01 -1.73761464914897246e-01
3.39000000000000000e+02 -9.72317659046840199e-01 1.56771818911762839e-01 -1.73265595837055836e-01
3.40000000000000000e+02 -9.73062035573732498e-01 1.52637975926018216e-01 -1.72777091161739560e-01
3.41000000000000000e+02 -9.73791313063620878e-01 1.48474046394257181e-01 -1.72296071194745520e-01
3.42000000000000000e+02 -9.74504938930254139e-01 1.44281318659375324e-01 -1.71822655917238082e-01
3.43000000000000000e+02 -9.75202379200311609e-01 1.40061094438679090e-01 -1.71356964920282379e-01
3.44000000000000000e+02 -9.75883119090788953e-01 1.35814688331202665e-01 -1.70899117338654954e-01
3.45000000000000000e+02 -9.76546663562810613e-01 1.31543427310279265e-01 -1.70449231784153915e-01
3.46000000000000000e+02 -9.77192537851128362e-01 1.27248650201835928e-01 -1.70007426278625556e-01
3.47000000000000000e+02 -9.77820287968580448e-01 1.22931707148933256e-01 -1.69573818186922853e-01
3.48000000000000000e+02 -9.78429481184832195e-01 1.18593959063083010e-01 -1.69148524150003421e-01
3.49000000000000000e+02 -9.79019706478743146e-01 1.14236777062910327e-01 -1.68731660018370117e-01
3.50000000000000000e+02 -9.79590574963750127e-01 1.09861541900760182e-01 -1.68323340786051240e-01
3.51000000000000000e+02 -9.80141720285685469e-01 1.05469643377855679e-01 -1.67923680525307900e-01
3.52000000000000000e+02 -9.80672798992487715e-01 1.01062479748664849e-01 -1.67532792322251767e-01
3.53000000000000000e+02 -9.81183490875308317e-01 9.66414571151242435e-02 -1.67150788213544371e-01
3.54000000000000000e+02 -9.81673499280542705e-01 9.22079888114202689e-02 -1.66777779124341857e-01
3.55000000000000000e+02 -9.82142551392365393e-01 8.77634947800205178e-02 -1.66413874807639028e-01
3.56000000000000000e+02 -9.82590398485390537e-01 8.33094009396825458e-02 -1.66059183785157327e-01
3.57000000000000000e+02 -9.83016816147107786e-01 7.88471385461830682e-02 -1.65713813289908474e-01
3.58000000000000000e+02 -9.83421604469797428e-01 7.43781435465084434e-02 -1.65377869210556888e-01
3.59000000000000000e+02 -9.83804588211670605e-01 6.99038559272876642e-02 -1.65051456037691807e-01
3.60000000000000000e+02 -9.84165616927011433e-01 6.54257190582300391e-02 -1.64734676812106767e-01
-7.00000000000000000e+01 9.82605194196468901e+00 -6.22326291184842062e-01 2.08839499702638998e+00 -6.22326291184842062e-01 3.94146107701567189e-02 -1.32267071322701435e-01 2.08839499702638998e+00 -1.32267071322701435e-01 4.43860228845157856e-01
-6.97500000000000000e+01 9.87578638726929547e+00 -6.25476188322915072e-01 2.09896538352215423e+00 -6.25476188322915072e-01 3.96141073548611916e-02 -1.32936539534670217e-01 2.09896538352215423e+00 -1.32936539534670217e-01 4.46106822126444369e-01
-6.95000000000000000e+01 9.92533870711113764e+00 -6.28614550669146732e-01 2.10949706170378493e+00 -6.28614550669146732e-01 3.98128733913995711e-02 -1.33603556181990712e-01 2.10949706170378493e+00 -1.33603556181990712e-01 4.48345188476908685e-01
-6.92500000000000000e+01 9.97470272137633707e+00 -6.31740986810243932e-01 2.11998871807131328e+00 -6.31740986810243932e-01 4.00108840898781570e-02 -1.34268038075039231e-01 2.11998871807131328e+00 -1.34268038075039231e-01 4.50575048729823902e-01
-6.90000000000000000e+01 1.00238722200435344e+01 -6.34855103438743740e-01 2.13043903276834090e+00 -6.34855103438743740e-01 4.02081145404373091e-02 -1.34929901621611864e-01 2.13043903276834090e+00 -1.34929901621611864e-01 4.52796122367488785e-01
-6.87500000000000000e+01 1.00728409638890462e+01 -6.37956505397673790e-01 2.14084667973190745e+00 -6.37956505397673790e-01 4.04045397160799694e-02 -1.35589062836416363e-01 2.14084667973190745e+00 -1.35589062836416363e-01 4.55008127553081454e-01
-6.85000000000000000e+01 1.01216026852035430e+01 -6.41044795725942862e-01 2.15121032684481150e+00 -6.41044795725942862e-01 4.06001344755464524e-02 -1.36245437350719256e-01 2.15121032684481150e+00 -1.36245437350719256e-01 4.57210781163032598e-01
-6.82500000000000000e+01 1.01701510885201269e+01 -6.44119575704453329e-01 2.16152863609035606e+00 -6.44119575704453329e-01 4.07948735662349155e-02 -1.36898940422146537e-01 2.16152863609035606e+00 -1.36898940422146537e-01 4.59403798819914444e-01
-6.80000000000000000e+01 1.02184798513538198e+01 -6.47180444902935248e-01 2.17180026370951307e+00 -6.47180444902935248e-01 4.09887316271676030e-02 -1.37549486944637617e-01 2.17180026370951307e+00 -1.37549486944637617e-01 4.61586894925844093e-01
-6.77500000000000000e+01 1.02665826249522887e+01 -6.50227001227494439e-01 2.18202386036048424e+00 -6.50227001227494439e-01 4.11816831920022580e-02 -1.38196991458550911e-01 2.18202386036048424e+00 -1.38196991458550911e-01 4.63759782696396117e-01
-6.75000000000000000e+01 1.03144530350578787e+01 -6.53258840968874099e-01 2.19219807128065636e+00 -6.53258840968874099e-01 4.13737026920887110e-02 -1.38841368160921269e-01 2.19219807128065636e+00 -1.38841368160921269e-01 4.65922174195023742e-01
-6.72500000000000000e+01 1.03620846826807647e+01 -6.56275558851422414e-01 2.20232153645092810e+00 -6.56275558851422414e-01 4.15647644595702609e-02 -1.39482530915867403e-01 2.20232153645092810e+00 -1.39482530915867403e-01 4.68073780367984693e-01
-6.70000000000000000e+01 1.04094711448832182e+01 -6.59276748082763708e-01 2.21239289076239309e+00 -6.59276748082763708e-01 4.17548427305295192e-02 -1.40120393265148802e-01 2.21239289076239309e+00 -1.40120393265148802e-01 4.70214311079767022e-01
-6.67500000000000000e+01 1.04566059755748881e+01 -6.62262000404166162e-01 2.22241076418536654e+00 -6.62262000404166162e-01 4.19439116481784419e-02 -1.40754868438870695e-01 2.22241076418536654e+00 -1.40754868438870695e-01 4.72343475149013647e-01
-6.65000000000000000e+01 1.05034827063189962e+01 -6.65230906141603073e-01 2.23237378194073344e+00 -6.65230906141603073e-01 4.21319452660922356e-02 -1.41385869366336431e-01 2.23237378194073344e+00 -1.41385869366336431e-01 4.74460980384939834e-01
-6.62500000000000000e+01 1.05500948471494347e+01 -6.68183054257501574e-01 2.24228056467360704e+00 -6.68183054257501574e-01 4.23189175514868607e-02 -1.42013308687046008e-01 2.24228056467360704e+00 -1.42013308687046008e-01 4.76566533624242561e-01
-6.60000000000000000e+01 1.05964358873985596e+01 -6.71118032403171583e-01 2.25212972862926986e+00 -6.71118032403171583e-01 4.25048023885395559e-02 -1.42637098761839110e-01 2.25212972862926986e+00 -1.42637098761839110e-01 4.78659840768493883e-01
-6.57500000000000000e+01 1.06424992965357035e+01 -6.74035426971912099e-01 2.26191988583138626e+00 -6.74035426971912099e-01 4.26895735817522798e-02 -1.43257151684182127e-01 2.26191988583138626e+00 -1.43257151684182127e-01 4.80740606822017635e-01
-6.55000000000000000e+01 1.06882785250162726e+01 -6.76934823152787524e-01 2.27164964426246518e+00 -6.76934823152787524e-01 4.28732048593576526e-02 -1.43873379291597658e-01 2.27164964426246518e+00 -1.43873379291597658e-01 4.82808535930244753e-01
-6.52500000000000000e+01 1.07337670051412921e+01 -6.79815804985067329e-01 2.28131760804654693e+00 -6.79815804985067329e-01 4.30556698767667820e-02 -1.44485693177234836e-01 2.28131760804654693e+00 -1.44485693177234836e-01 4.84863331418540489e-01
-6.50000000000000000e+01 1.07789581519273554e+01 -6.82677955413323434e-01 2.29092237763410012e+00 -6.82677955413323434e-01 4.32369422200588743e-02 -1.45094004701579571e-01 2.29092237763410012e+00 -1.45094004701579571e-01 4.86904695831501977e-01
-6.47500000000000000e+01 1.08238453639868499e+01 -6.85520856343178164e-01 2.30046254998909872e+00 -6.85520856343178164e-01 4.34169954095119590e-02 -1.45698225004303017e-01 2.30046254998909872e+00 -1.45698225004303017e-01 4.88932330972718654e-01
-6.45000000000000000e+01 1.08684220244183400e+01 -6.88344088697696921e-01 2.30993671877826312e+00 -6.88344088697696921e-01 4.35958029031745034e-02 -1.46298265016247125e-01 2.30993671877826312e+00 -1.46298265016247125e-01 4.90945937944993471e-01
-6.42500000000000000e+01 1.09126815017070253e+01 -6.91147232474417006e-01 2.31934347456243906e+00 -6.91147232474417006e-01 4.37733381004772812e-02 -1.46894035471545309e-01 2.31934347456243906e+00 -1.46894035471545309e-01 4.92945217191017304e-01
-6.40000000000000000e+01 1.09566171506351289e+01 -6.93929866803007722e-01 2.32868140499009124e+00 -6.93929866803007722e-01 4.39495743458852492e-02 -1.47485446919877305e-01 2.32868140499009124e+00 -1.47485446919877305e-01 4.94929868534493722e-01
-6.37500000000000000e+01 1.10002223132021015e+01 -6.96691570003549754e-01 2.33794909499287584e+00 -6.96691570003549754e-01 4.41244849325885952e-02 -1.48072409738855715e-01 2.33794909499287584e+00 -1.48072409738855715e-01 4.96899591221705239e-01
-6.35000000000000000e+01 1.10434903195545751e+01 -6.99431919645433831e-01 2.34714512698329347e+00 -6.99431919645433831e-01 4.42980431062331009e-02 -1.48654834146544040e-01 2.34714512698329347e+00 -1.48654834146544040e-01 4.98854083963521822e-01
-6.32500000000000000e+01 1.10864144889258398e+01 -7.02150492606861465e-01 2.35626808105436014e+00 -7.02150492606861465e-01 4.44702220686885308e-02 -1.49232630214102935e-01 2.35626808105436014e+00 -1.49232630214102935e-01 5.00793044977838275e-01
-6.30000000000000000e+01 1.11289881305848013e+01 -7.04846865134946876e-01 2.36531653518129747e+00 -7.04846865134946876e-01 4.46409949818551838e-02 -1.49805707878563898e-01 2.36531653518129747e+00 -1.49805707878563898e-01 5.02716172032440456e-01
-6.27500000000000000e+01 1.11712045447942785e+01 -7.07520612906409774e-01 2.37428906542520313e+00 -7.07520612906409774e-01 4.48103349715077842e-02 -1.50373976955728683e-01 2.37428906542520313e+00 -1.50373976955728683e-01 5.04623162488293198e-01
-6.25000000000000000e+01 1.12130570237784362e+01 -7.10171311088847346e-01 2.38318424613866808e+00 -7.10171311088847346e-01 4.49782151311761622e-02 -1.50937347153192014e-01 2.38318424613866808e+00 -1.50937347153192014e-01 5.06513713343241356e-01
-6.22500000000000000e+01 1.12545388526993282e+01 -7.12798534402582562e-01 2.39200065017332575e+00 -7.12798534402582562e-01 4.51446085260623145e-02 -1.51495728083486464e-01 2.39200065017332575e+00 -1.51495728083486464e-01 5.08387521276121190e-01
-6.20000000000000000e+01 1.12956433106422853e+01 -7.15401857183073475e-01 2.40073684908928486e+00 -7.15401857183073475e-01 4.53094881969930904e-02 -1.52049029277346703e-01 2.40073684908928486e+00 -1.52049029277346703e-01 5.10244282691272866e-01
-6.17500000000000000e+01 1.13363636716101155e+01 -7.17980853443879963e-01 2.40939141336643292e+00 -7.17980853443879963e-01 4.54728271644081541e-02 -1.52597160197092407e-01 2.40939141336643292e+00 -1.52597160197092407e-01 5.12083693763450087e-01
-6.15000000000000000e+01 1.13766932055258838e+01 -7.20535096940174369e-01 2.41796291261756124e+00 -7.20535096940174369e-01 4.56345984323823436e-02 -1.53140030250126319e-01 2.41796291261756124e+00 -1.53140030250126319e-01 5.13905450483117199e-01
-6.12500000000000000e+01 1.14166251792441980e+01 -7.23064161232789937e-01 2.42644991580330238e+00 -7.23064161232789937e-01 4.57947749926821898e-02 -1.53677548802547137e-01 2.42644991580330238e+00 -1.53677548802547137e-01 5.15709248702130640e-01
-6.10000000000000000e+01 1.14561528575707392e+01 -7.25567619752792936e-01 2.43485099144881900e+00 -7.25567619752792936e-01 4.59533298288554923e-02 -1.54209625192873234e-01 2.43485099144881900e+00 -1.54209625192873234e-01 5.17494784179793554e-01
-6.07500000000000000e+01 1.14952695042900110e+01 -7.28045045866574037e-01 2.44316470786223361e+00 -7.28045045866574037e-01 4.61102359203538759e-02 -1.54736168745877117e-01 2.44316470786223361e+00 -1.54736168745877117e-01 5.19261752629280426e-01
-6.05000000000000000e+01 1.15339683832010316e+01 -7.30496012941442840e-01 2.45138963335475468e+00 -7.30496012941442840e-01 4.62654662466871897e-02 -1.55257088786526637e-01 2.45138963335475468e+00 -1.55257088786526637e-01 5.21009849764421551e-01
-6.02500000000000000e+01 1.15722427591608845e+01 -7.32920094411721235e-01 2.45952433646246948e+00 -7.32920094411721235e-01 4.64189937916094364e-02 -1.55772294654032112e-01 2.45952433646246948e+00 -1.55772294654032112e-01 5.22738771346841880e-01
-6.00000000000000000e+01 1.16100858991358873e+01 -7.35316863845317692e-01 2.46756738616975202e+00 -7.35316863845317692e-01 4.65707915473352260e-02 -1.56281695715995955e-01 2.46756738616975202e+00 -1.56281695715995955e-01 5.24448213233444149e-01
-5.97500000000000000e+01 1.16474910732603121e+01 -7.37685895010781079e-01 2.47551735213428481e+00 -7.37685895010781079e-01 4.67208325187866078e-02 -1.56785201382663969e-01 2.47551735213428481e+00 -1.56785201382663969e-01 5.26137871424233294e-01
-5.95000000000000000e+01 1.16844515559023545e+01 -7.40026761944812983e-01 2.48337280491361234e+00 -7.40026761944812983e-01 4.68690897278688998e-02 -1.57282721121274172e-01 2.48337280491361234e+00 -1.57282721121274172e-01 5.27807442110468150e-01
-5.92500000000000000e+01 1.17209606267372912e+01 -7.42339039020234903e-01 2.49113231619322795e+00 -7.42339039020234903e-01 4.70155362177753361e-02 -1.57774164470502437e-01 2.49113231619322795e+00 -1.57774164470502437e-01 5.29456621723137566e-01
-5.90000000000000000e+01 1.17570115718275563e+01 -7.44622301014395194e-01 2.49879445901612973e+00 -7.44622301014395194e-01 4.71601450573195941e-02 -1.58259441055001282e-01 2.49879445901612973e+00 -1.58259441055001282e-01 5.31085106981749933e-01
-5.87500000000000000e+01 1.17925976847096372e+01 -7.46876123178006002e-01 2.50635780801382424e+00 -7.46876123178006002e-01 4.73028893452955013e-02 -1.58738460600030357e-01 2.50635780801382424e+00 -1.58738460600030357e-01 5.32692594943429909e-01
-5.85000000000000000e+01 1.18277122674875113e+01 -7.49100081304395427e-01 2.51382093963872366e+00 -7.49100081304395427e-01 4.74437422148631383e-02 -1.59211132946175032e-01 2.51382093963872366e+00 -1.59211132946175032e-01 5.34278783052310691e-01
-5.82500000000000000e+01 1.18623486319325409e+01 -7.51293751799169240e-01 2.52118243239791218e+00 -7.51293751799169240e-01 4.75826768379607259e-02 -1.59677368064152003e-01 2.52118243239791218e+00 -1.59677368064152003e-01 5.35843369189218599e-01
-5.80000000000000000e+01 1.18965001005895168e+01 -7.53456711750260300e-01 2.52844086708822058e+00 -7.53456711750260300e-01 4.77196664297412365e-02 -1.60137076069697515e-01 2.52844086708822058e+00 -1.60137076069697515e-01 5.37386051721634783e-01
-5.77500000000000000e+01 1.19301600078887660e+01 -7.55588538998364534e-01 2.53559482703259187e+00 -7.55588538998364534e-01 4.78546842530333666e-02 -1.60590167238537307e-01 2.53559482703259187e+00 -1.60590167238537307e-01 5.38906529553931368e-01
-5.75000000000000000e+01 1.19633217012640518e+01 -7.57688812207740980e-01 2.54264289831767210e+00 -7.57688812207740980e-01 4.79877036228256240e-02 -1.61036552021434493e-01 2.54264289831767210e+00 -1.61036552021434493e-01 5.40404502177868507e-01
-5.72500000000000000e+01 1.19959785422760898e+01 -7.59757110937370084e-01 2.54958367003260244e+00 -7.59757110937370084e-01 4.81186979107730839e-02 -1.61476141059313100e-01 2.54958367003260244e+00 -1.61476141059313100e-01 5.41879669723346002e-01
-5.70000000000000000e+01 1.20281239077414952e+01 -7.61793015712453836e-01 2.55641573450895976e+00 -7.61793015712453836e-01 4.82476405497258010e-02 -1.61908845198454554e-01 2.55641573450895976e+00 -1.61908845198454554e-01 5.43331733009399964e-01
-5.67500000000000000e+01 1.20597511908669208e+01 -7.63796108096246318e-01 2.56313768756180194e+00 -7.63796108096246318e-01 4.83745050382781497e-02 -1.62334575505764273e-01 2.56313768756180194e+00 -1.62334575505764273e-01 5.44760393595433379e-01
-5.65000000000000000e+01 1.20908538023882013e+01 -7.65765970762200432e-01 2.56974812873177916e+00 -7.65765970762200432e-01 4.84992649453381969e-02 -1.62753243284105481e-01 2.56974812873177916e+00 -1.62753243284105481e-01 5.46165353832673728e-01
-5.62500000000000000e+01 1.21214251717142805e+01 -7.67702187566417282e-01 2.57624566152825896e+00 -7.67702187566417282e-01 4.86218939147162257e-02 -1.63164760087697341e-01 2.57624566152825896e+00 -1.63164760087697341e-01 5.47546316915845543e-01
-5.60000000000000000e+01 1.21514587480757026e+01 -7.69604343620386211e-01 2.58262889367342341e+00 -7.69604343620386211e-01 4.87423656697316549e-02 -1.63569037737574891e-01 2.58262889367342341e+00 -1.63569037737574891e-01 5.48902986935051129e-01
-5.57500000000000000e+01 1.21809480016774909e+01 -7.71472025364000280e-01 2.58889643734729757e+00 -7.71472025364000280e-01 4.88606540178374710e-02 -1.63965988337107460e-01 2.58889643734729757e+00 -1.63965988337107460e-01 5.50235068927846460e-01
-5.55000000000000000e+01 1.22098864248561210e+01 -7.73304820638832990e-01 2.59504690943364746e+00 -7.73304820638832990e-01 4.89767328552611278e-02 -1.64355524287572718e-01 2.59504690943364746e+00 -1.64355524287572718e-01 5.51542268931504931e-01
-5.52500000000000000e+01 1.22382675332404389e+01 -7.75102318761664577e-01 2.60107893176672134e+00 -7.75102318761664577e-01 4.90905761716612932e-02 -1.64737558303783643e-01 2.60107893176672134e+00 -1.64737558303783643e-01 5.52824294035457631e-01
-5.50000000000000000e+01 1.22660848669162501e+01 -7.76864110598240010e-01 2.60699113137876237e+00 -7.76864110598240010e-01 4.92021580547992374e-02 -1.65112003429764759e-01 2.60699113137876237e+00 -1.65112003429764759e-01 5.54080852433900151e-01
-5.47500000000000000e+01 1.22933319915943891e+01 -7.78589788637247593e-01 2.61278214074826920e+00 -7.78589788637247593e-01 4.93114526952242727e-02 -1.65478773054475420e-01 2.61278214074826920e+00 -1.65478773054475420e-01 5.55311653478555822e-01
-5.45000000000000000e+01 1.23200024997819959e+01 -7.80278947064501960e-01 2.61845059804893499e+00 -7.80278947064501960e-01 4.94184343909720158e-02 -1.65837780927576228e-01 2.61845059804893499e+00 -1.65837780927576228e-01 5.56516407731585061e-01
-5.42500000000000000e+01 1.23460900119568286e+01 -7.81931181837317135e-01 2.62399514739923001e+00 -7.81931181837317135e-01 4.95230775522748218e-02 -1.66188941175236249e-01 2.62399514739923001e+00 -1.66188941175236249e-01 5.57694827018630490e-01
-5.40000000000000000e+01 1.23715881777443091e+01 -7.83546090759055125e-01 2.62941443911256867e+00 -7.83546090759055125e-01 4.96253567062832010e-02 -1.66532168315977031e-01 2.62941443911256867e+00 -1.66532168315977031e-01 5.58846624481986964e-01
-5.37500000000000000e+01 1.23964906770971179e+01 -7.85123273553833601e-01 2.63470712994801559e+00 -7.85123273553833601e-01 4.97252465017974238e-02 -1.66867377276550960e-01 2.63470712994801559e+00 -1.66867377276550960e-01 5.59971514633884948e-01
-5.35000000000000000e+01 1.24207912214770833e+01 -7.86662331941380910e-01 2.63987188336147938e+00 -7.86662331941380910e-01 4.98227217140084153e-02 -1.67194483407850591e-01 2.63987188336147938e+00 -1.67194483407850591e-01 5.61069213409879364e-01
-5.32500000000000000e+01 1.24444835550390955e+01 -7.88162869712018210e-01 2.64490736975734020e+00 -7.88162869712018210e-01 4.99177572492466651e-02 -1.67513402500845066e-01 2.64490736975734020e+00 -1.67513402500845066e-01 5.62139438222329146e-01
-5.30000000000000000e+01 1.24675614558168810e+01 -7.89624492801759281e-01 2.64981226674046821e+00 -7.89624492801759281e-01 5.00103281497386518e-02 -1.67824050802541619e-01 2.64981226674046821e+00 -1.67824050802541619e-01 5.63181908013960064e-01
-5.27500000000000000e+01 1.24900187369102795e+01 -7.91046809367506598e-01 2.65458525936856260e+00 -7.91046809367506598e-01 5.01004095983693179e-02 -1.68126345031967467e-01 2.65458525936856260e+00 -1.68126345031967467e-01 5.64196343311496484e-01
-5.25000000000000000e+01 1.25118492476738759e+01 -7.92429429862332113e-01 2.65922504040478103e+00 -7.92429429862332113e-01 5.01879769234499160e-02 -1.68420202396169671e-01 2.65922504040478103e+00 -1.68420202396169671e-01 5.65182466279354534e-01
-5.22500000000000000e+01 1.25330468749066952e+01 -7.93771967110825538e-01 2.66373031057059251e+00 -7.93771967110825538e-01 5.02730056034901840e-02 -1.68705540606229498e-01 2.66373031057059251e+00 -1.68705540606229498e-01 5.66140000773381558e-01
-5.20000000000000000e+01 1.25536055440426857e+01 -7.95074036384493477e-01 2.66809977879879945e+00 -7.95074036384493477e-01 5.03554712719736716e-02 -1.68982277893287486e-01 2.66809977879879945e+00 -1.68982277893287486e-01 5.67068672394633766e-01
-5.17500000000000000e+01 1.25735192203418187e+01 -7.96335255477196191e-01 2.67233216248668715e+00 -7.96335255477196191e-01 5.04353497221354391e-02 -1.69250333024576344e-01 2.67233216248668715e+00 -1.69250333024576344e-01 5.67968208543179087e-01
-5.15000000000000000e+01 1.25927819100814329e+01 -7.97555244780601247e-01 2.67642618774923235e+00 -7.97555244780601247e-01 5.05126169117409360e-02 -1.69509625319457818e-01 2.67642618774923235e+00 -1.69509625319457818e-01 5.68838338471913119e-01
-5.12500000000000000e+01 1.26113876617476972e+01 -7.98733627359643150e-01 2.68038058967232784e+00 -7.98733627359643150e-01 5.05872489678651296e-02 -1.69760074665460586e-01 2.68038058967232784e+00 -1.69760074665460586e-01 5.69678793340379186e-01
-5.10000000000000000e+01 1.26293305672268072e+01 -7.99870029027967999e-01 2.68419411256595897e+00 -7.99870029027967999e-01 5.06592221916707733e-02 -1.70001601534314845e-01 2.68419411256595897e+00 -1.70001601534314845e-01 5.70489306268576968e-01
-5.07500000000000000e+01 1.26466047629957643e+01 -8.00964078423349712e-01 2.68786551021728570e+00 -8.00964078423349712e-01 5.07285130631848075e-02 -1.70234126997981183e-01 2.68786551021728570e+00 -1.70234126997981183e-01 5.71269612390752024e-01
-5.05000000000000000e+01 1.26632044313124048e+01 -8.02015407083060294e-01 2.69139354614356829e+00 -8.02015407083060294e-01 5.07950982460719236e-02 -1.70457572744669467e-01 2.69139354614356829e+00 -1.70457572744669467e-01 5.72019448909151684e-01
-5.02500000000000000e+01 1.26791238014044438e+01 -8.03023649519177263e-01 2.69477699384488156e+00 -8.03023649519177263e-01 5.08589545924040751e-02 -1.70671861094844335e-01 2.69477699384488156e+00 -1.70671861094844335e-01 5.72738555147736306e-01
-5.00000000000000000e+01 1.26943571506572734e+01 -8.03988443293811139e-01 2.69801463705656630e+00 -8.03988443293811139e-01 5.09200591474249925e-02 -1.70876915017213971e-01 2.69801463705656630e+00 -1.70876915017213971e-01 5.73426672605833909e-01
-4.97500000000000000e+01 1.27088988058002474e+01 -8.04909429094239015e-01 2.70110527000135825e+00 -8.04909429094239015e-01 5.09783891543086690e-02 -1.71072658144698547e-01 2.70110527000135825e+00 -1.71072658144698547e-01 5.74083545011726870e-01
-4.95000000000000000e+01 1.27227431440911616e+01 -8.05786250807922100e-01 2.70404769764113162e+00 -8.05786250807922100e-01 5.10339220589106010e-02 -1.71259014790374281e-01 2.70404769764113162e+00 -1.71259014790374281e-01 5.74708918376157341e-01
-4.92500000000000000e+01 1.27358845944987031e+01 -8.06618555597395814e-01 2.70684073592821539e+00 -8.06618555597395814e-01 5.10866355145108558e-02 -1.71435909963390254e-01 2.70684073592821539e+00 -1.71435909963390254e-01 5.75302541045740190e-01
-4.90000000000000000e+01 1.27483176388825772e+01 -8.07405993975012004e-01 2.70948321205621090e+00 -8.07405993975012004e-01 5.11365073865478470e-02 -1.71603269384854012e-01 2.70948321205621090e+00 -1.71603269384854012e-01 5.75864163756271474e-01
-4.87500000000000000e+01 1.27600368131710233e+01 -8.08148219877516172e-01 2.71197396471026009e+00 -8.08148219877516172e-01 5.11835157573416188e-02 -1.71761019503681833e-01 2.71197396471026009e+00 -1.71761019503681833e-01 5.76393539685919443e-01
-4.85000000000000000e+01 1.27710367085355117e+01 -8.08844890740446187e-01 2.71431184431670758e+00 -8.08844890740446187e-01 5.12276389308058411e-02 -1.71909087512411102e-01 2.71431184431670758e+00 -1.71909087512411102e-01 5.76890424508286759e-01
-4.82500000000000000e+01 1.27813119725622517e+01 -8.09495667572328825e-01 2.71649571329209172e+00 -8.09495667572328825e-01 5.12688554371470012e-02 -1.72047401362969948e-01 2.71649571329209172e+00 -1.72047401362969948e-01 5.77354576445330281e-01
-4.80000000000000000e+01 1.27908573104203374e+01 -8.10100215028663695e-01 2.71852444629141710e+00 -8.10100215028663695e-01 5.13071440375501078e-02 -1.72175889782401448e-01 2.71852444629141710e+00 -1.72175889782401448e-01 5.77785756320128185e-01
-4.77500000000000000e+01 1.27996674860262019e+01 -8.10658201485672691e-01 2.72039693045564501e+00 -8.10658201485672691e-01 5.13424837288496069e-02 -1.72294482288538053e-01 2.72039693045564501e+00 -1.72294482288538053e-01 5.78183727609480225e-01
-4.75000000000000000e+01 1.28077373232040959e+01 -8.11169299113799203e-01 2.72211206565833619e+00 -8.11169299113799203e-01 5.13748537481843182e-02 -1.72403109205622906e-01 2.72211206565833619e+00 -1.72403109205622906e-01 5.78548256496329127e-01
-4.72500000000000000e+01 1.28150617068423731e+01 -8.11633183950938752e-01 2.72366876475140218e+00 -8.11633183950938752e-01 5.14042335776355580e-02 -1.72501701679874081e-01 2.72366876475140218e+00 -1.72501701679874081e-01 5.78879111921991152e-01
-4.70000000000000000e+01 1.28216355840452412e+01 -8.12049535975386427e-01 2.72506595380989936e+00 -8.12049535975386427e-01 5.14306029488471317e-02 -1.72590191694988376e-01 2.72506595380989936e+00 -1.72590191694988376e-01 5.79176065638183357e-01
-4.67500000000000000e+01 1.28274539652797444e+01 -8.12418039178479101e-01 2.72630257237579920e+00 -8.12418039178479101e-01 5.14539418476260974e-02 -1.72668512087580661e-01 2.72630257237579920e+00 -1.72668512087580661e-01 5.79438892258835159e-01
-4.65000000000000000e+01 1.28325119255176947e+01 -8.12738381636918694e-01 2.72737757370069378e+00 -8.12738381636918694e-01 5.14742305185233381e-02 -1.72736596562555134e-01 2.72737757370069378e+00 -1.72736596562555134e-01 5.79667369311670511e-01
-4.62500000000000000e+01 1.28368046053722544e+01 -8.13010255584757591e-01 2.72828992498735978e+00 -8.13010255584757591e-01 5.14914494693926861e-02 -1.72794379708404749e-01 2.72828992498735978e+00 -1.72794379708404749e-01 5.79861277289549837e-01
-4.60000000000000000e+01 1.28403272122289014e+01 -8.13233357485027120e-01 2.72903860763013029e+00 -8.13233357485027120e-01 5.15055794759274668e-02 -1.72841797012435072e-01 2.72903860763013029e+00 -1.72841797012435072e-01 5.80020399701557943e-01
-4.57500000000000000e+01 1.28430750213705398e+01 -8.13407388100995665e-01 2.72962261745402213e+00 -8.13407388100995665e-01 5.15166015861735771e-02 -1.72878784875909103e-01 2.72962261745402213e+00 -1.72878784875909103e-01 5.80144523123827027e-01
-4.55000000000000000e+01 1.28450433770964096e+01 -8.13532052567034314e-01 2.73004096495254478e+00 -8.13532052567034314e-01 5.15244971250177208e-02 -1.72905280629108843e-01 2.73004096495254478e+00 -1.72905280629108843e-01 5.80233437250079698e-01
-4.52500000000000000e+01 1.28462276938345550e+01 -8.13607060459073939e-01 2.73029267552414057e+00 -8.13607060459073939e-01 5.15292476986497633e-02 -1.72921222546310011e-01 2.73029267552414057e+00 -1.72921222546310011e-01 5.80286934941881327e-01
-4.50000000000000000e+01 1.28466234572476026e+01 -8.13632125864638844e-01 2.73037678970720110e+00 -8.13632125864638844e-01 5.15308351989982663e-02 -1.72926549860666717e-01 2.73037678970720110e+00 -1.72926549860666717e-01 5.80304812278589988e-01
-4.47500000000000000e+01 1.28462262253314830e+01 -8.13606967452434438e-01 2.73029236341359116e+00 -8.13606967452434438e-01 5.15292418081377476e-02 -1.72921202779001443e-01 2.73029236341359116e+00 -1.72921202779001443e-01 5.80286868606987749e-01
-4.45000000000000000e+01 1.28450316295069502e+01 -8.13531308541476372e-01 2.73003846816062934e+00 -8.13531308541476372e-01 5.15244500026669772e-02 -1.72905122496497504e-01 2.73003846816062934e+00 -1.72905122496497504e-01 5.80232906590586350e-01
-4.42500000000000000e+01 1.28430353757034634e+01 -8.13404877169738749e-01 2.72961419130145710e+00 -8.13404877169738749e-01 5.15164425580567145e-02 -1.72878251211289191e-01 2.72961419130145710e+00 -1.72878251211289191e-01 5.80142732258587812e-01
-4.40000000000000000e+01 1.28402332454353107e+01 -8.13227406162309152e-01 2.72901863625375452e+00 -8.13227406162309152e-01 5.15052025529662838e-02 -1.72840532138947400e-01 2.72901863625375452e+00 -1.72840532138947400e-01 5.80016155054495886e-01
-4.37500000000000000e+01 1.28366210968695817e+01 -8.12998633199027987e-01 2.72825092272672087e+00 -8.12998633199027987e-01 5.14907133735274733e-02 -1.72791909526855275e-01 2.72825092272672087e+00 -1.72791909526855275e-01 5.79852987884357129e-01
-4.35000000000000000e+01 1.28321948658857767e+01 -8.12718300881597799e-01 2.72731018694628080e+00 -8.12718300881597799e-01 5.14729587175948647e-02 -1.72732328668471491e-01 2.72731018694628080e+00 -1.72732328668471491e-01 5.79653047164625734e-01
-4.32500000000000000e+01 1.28269505671267439e+01 -8.12386156800144810e-01 2.72619558187845090e+00 -8.12386156800144810e-01 5.14519225989614123e-02 -1.72661735917476966e-01 2.72619558187845090e+00 -1.72661735917476966e-01 5.79416152869636880e-01
-4.30000000000000000e+01 1.28208842950406918e+01 -8.12001953599212345e-01 2.72490627745079905e+00 -8.12001953599212345e-01 5.14275893515381555e-02 -1.72580078701800921e-01 2.72490627745079905e+00 -1.72580078701800921e-01 5.79142128578674975e-01
-4.27500000000000000e+01 1.28139922249140081e+01 -8.11565449043175291e-01 2.72344146077196125e+00 -8.11565449043175291e-01 5.13999436334971471e-02 -1.72487305537523838e-01 2.72344146077196125e+00 -1.72487305537523838e-01 5.78830801522629002e-01
-4.25000000000000000e+01 1.28062706138945632e+01 -8.11076406081049139e-01 2.72180033634912677e+00 -8.11076406081049139e-01 5.13689704313761361e-02 -1.72383366042651698e-01 2.72180033634912677e+00 -1.72383366042651698e-01 5.78482002630216541e-01
-4.22500000000000000e+01 1.27977158020052890e+01 -8.10534592910685303e-01 2.71998212630346670e+00 -8.10534592910685303e-01 5.13346550641442939e-02 -1.72268210950759865e-01 2.71998212630346670e+00 -1.72268210950759865e-01 5.78095566573769037e-01
-4.20000000000000000e+01 1.27883242131477388e+01 -8.09939783042330053e-01 2.71798607058341979e+00 -8.09939783042330053e-01 5.12969831872277099e-02 -1.72141792124501702e-01 2.71798607058341979e+00 -1.72141792124501702e-01 5.77671331814564426e-01
-4.17500000000000000e+01 1.27780923560953230e+01 -8.09291755361530862e-01 2.71581142717579649e+00 -8.09291755361530862e-01 5.12559407964934891e-02 -1.72004062568978405e-01 2.71581142717579649e+00 -1.72004062568978405e-01 5.77209140647692909e-01
-4.15000000000000000e+01 1.27670168254760039e+01 -8.08590294191374737e-01 2.71345747231463630e+00 -8.08590294191374737e-01 5.12115142321915989e-02 -1.71854976444967000e-01 2.71345747231463630e+00 -1.71854976444967000e-01 5.76708839246447780e-01
-4.12500000000000000e+01 1.27550943027441690e+01 -8.07835189354041083e-01 2.71092350068776611e+00 -8.07835189354041083e-01 5.11636901828532581e-02 -1.71694489082002494e-01 2.71092350068776611e+00 -1.71694489082002494e-01 5.76170277706226086e-01
-4.10000000000000000e+01 1.27423215571413682e+01 -8.07026236231649041e-01 2.70820882564098975e+00 -8.07026236231649041e-01 5.11124556891446938e-02 -1.71522556991310277e-01 2.70820882564098975e+00 -1.71522556991310277e-01 5.75593310087926802e-01
-4.07500000000000000e+01 1.27286954466457285e+01 -8.06163235826388602e-01 2.70531277937987724e+00 -8.06163235826388602e-01 5.10577981476754636e-02 -1.71339137878586012e-01 2.70531277937987724e+00 -1.71339137878586012e-01 5.74977794460838187e-01
-4.05000000000000000e+01 1.27142129189097304e+01 -8.05245994819913324e-01 2.70223471316907426e+00 -8.05245994819913324e-01 5.09997053147600854e-02 -1.71144190656618927e-01 2.70223471316907426e+00 -1.71144190656618927e-01 5.74323592944998129e-01
-4.02500000000000000e+01 1.26988710121860695e+01 -8.04274325631979980e-01 2.69897399752908207e+00 -8.04274325631979980e-01 5.09381653101319137e-02 -1.70937675457754734e-01 2.69897399752908207e+00 -1.70937675457754734e-01 5.73630571753017349e-01
-4.00000000000000000e+01 1.26826668562414042e+01 -8.03248046478319488e-01 2.69553002243046214e+00 -8.03248046478319488e-01 5.08731666206083816e-02 -1.70719553646195427e-01 2.69553002243046214e+00 -1.70719553646195427e-01 5.72898601231354943e-01
-3.97500000000000000e+01 1.26655976732576754e+01 -8.02166981427721359e-01 2.69190219748539850e+00 -8.02166981427721359e-01 5.08046981037063861e-02 -1.70489787830131800e-01 2.69190219748539850e+00 -1.70489787830131800e-01 5.72127555901032481e-01
-3.95000000000000000e+01 1.26476607787207609e+01 -8.01030960458316676e-01 2.68808995213657242e+00 -8.01030960458316676e-01 5.07327489912069371e-02 -1.70248341873705522e-01 2.68808995213657242e+00 -1.70248341873705522e-01 5.71317314497776230e-01
-3.92500000000000000e+01 1.26288535822962160e+01 -7.99839819513041839e-01 2.68409273584328467e+00 -7.99839819513041839e-01 5.06573088926679238e-02 -1.69995180908797394e-01 2.68409273584328467e+00 -1.69995180908797394e-01 5.70467760011575842e-01
-3.90000000000000000e+01 1.26091735886918279e+01 -7.98593400554267974e-01 2.67991001826478392e+00 -7.98593400554267974e-01 5.05783677988840136e-02 -1.69730271346637929e-01 2.67991001826478392e+00 -1.69730271346637929e-01 5.69578779725647411e-01
-3.87500000000000000e+01 1.25886183985067532e+01 -7.97291551617581140e-01 2.67554128944073799e+00 -7.97291551617581140e-01 5.04959160852928024e-02 -1.69453580889237676e-01 2.67554128944073799e+00 -1.69453580889237676e-01 5.68650265254790788e-01
-3.85000000000000000e+01 1.25671857090669779e+01 -7.95934126864694558e-01 2.67098605996879801e+00 -7.95934126864694558e-01 5.04099445153259607e-02 -1.69165078540633007e-01 2.67098605996879801e+00 -1.69165078540633007e-01 5.67682112583128395e-01
-3.82500000000000000e+01 1.25448733152468481e+01 -7.94520986635480653e-01 2.66624386117920764e+00 -7.94520986635480653e-01 5.03204442437046665e-02 -1.68864734617944851e-01 2.66624386117920764e+00 -1.68864734617944851e-01 5.66674222101215763e-01
-3.80000000000000000e+01 1.25216791102764535e+01 -7.93051997499105155e-01 2.66131424530639604e+00 -7.93051997499105155e-01 5.02274068196781262e-02 -1.68552520762246555e-01 2.66131424530639604e+00 -1.68552520762246555e-01 5.65626498642511688e-01
-3.77500000000000000e+01 1.24976010865345568e+01 -7.91527032304247924e-01 2.65619678565751061e+00 -7.91527032304247924e-01 5.01308241902042873e-02 -1.68228409949237517e-01 2.65619678565751061e+00 -1.68228409949237517e-01 5.64538851519197138e-01
-3.75000000000000000e+01 1.24726373363269314e+01 -7.89945970228397631e-01 2.65089107677783620e+00 -7.89945970228397631e-01 5.00306887030718822e-02 -1.67892376499720275e-01 2.65089107677783620e+00 -1.67892376499720275e-01 5.63411194557333572e-01
-3.72500000000000000e+01 1.24467860526497667e+01 -7.88308696826201305e-01 2.64539673461305158e+00 -7.88308696826201305e-01 4.99269931099626321e-02 -1.67544396089876507e-01 2.64539673461305158e+00 -1.67544396089876507e-01 5.62243446131347357e-01
-3.70000000000000000e+01 1.24200455299379655e+01 -7.86615104076858307e-01 2.63971339666826665e+00 -7.86615104076858307e-01 4.98197305694528525e-02 -1.67184445761339895e-01 2.63971339666826665e+00 -1.67184445761339895e-01 5.61035529197832172e-01
-3.67500000000000000e+01 1.23924141647980743e+01 -7.84865090430538759e-01 2.63384072216379828e+00 -7.84865090430538759e-01 4.97088946499534140e-02 -1.66812503931061812e-01 2.63384072216379828e+00 -1.66812503931061812e-01 5.59787371328656080e-01
-3.65000000000000000e+01 1.23638904567256613e+01 -7.83058560853819086e-01 2.62777839218763898e+00 -7.83058560853819086e-01 4.95944793325873087e-02 -1.66428550400968100e-01 2.62777839218763898e+00 -1.66428550400968100e-01 5.58498904743367275e-01
-3.62500000000000000e+01 1.23344730088068477e+01 -7.81195426874112253e-01 2.62152610984455903e+00 -7.81195426874112253e-01 4.94764790140036492e-02 -1.66032566367401963e-01 2.62152610984455903e+00 -1.66032566367401963e-01 5.57170066340883285e-01
-3.60000000000000000e+01 1.23041605284038091e+01 -7.79275606623084260e-01 2.61508360040179788e+00 -7.79275606623084260e-01 4.93548885091273995e-02 -1.65624534430351661e-01 2.61508360040179788e+00 -1.65624534430351661e-01 5.55800797730456320e-01
-3.57500000000000000e+01 1.22729518278240395e+01 -7.77299024879041234e-01 2.60845061143131085e+00 -7.77299024879041234e-01 4.92297030538439151e-02 -1.65204438602459286e-01 2.60845061143131085e+00 -1.65204438602459286e-01 5.54391045261905191e-01
-3.55000000000000000e+01 1.22408458249731069e+01 -7.75265613108271023e-01 2.60162691294850035e+00 -7.75265613108271023e-01 4.91009183076173486e-02 -1.64772264317807365e-01 2.60162691294850035e+00 -1.64772264317807365e-01 5.52940760055101288e-01
-3.52500000000000000e+01 1.22078415439907513e+01 -7.73175309505330310e-01 2.59461229754741174e+00 -7.73175309505330310e-01 4.89685303560421226e-02 -1.64327998440481376e-01 2.59461229754741174e+00 -1.64327998440481376e-01 5.51449898028702368e-01
-3.50000000000000000e+01 1.21739381158700617e+01 -7.71028059032259572e-01 2.58740658053232986e+00 -7.71028059032259572e-01 4.88325357133266719e-02 -1.63871629272904301e-01 2.58740658053232986e+00 -1.63871629272904301e-01 5.49918419928121960e-01
-3.47500000000000000e+01 1.21391347790595461e+01 -7.68823813456715133e-01 2.58000960004574242e+00 -7.68823813456715133e-01 4.86929313247084147e-02 -1.63403146563941115e-01 2.58000960004574242e+00 -1.63403146563941115e-01 5.48346291352725612e-01
-3.45000000000000000e+01 1.21034308800478811e+01 -7.66562531389003543e-01 2.57242121719261974e+00 -7.66562531389003543e-01 4.85497145687993972e-02 -1.62922541516769964e-01 2.57242121719261974e+00 -1.62922541516769964e-01 5.46733482782245650e-01
-3.42500000000000000e+01 1.20668258739311618e+01 -7.64244178318008061e-01 2.56464131616097646e+00 -7.64244178318008061e-01 4.84028832598615774e-02 -1.62429806796517723e-01 2.56464131616097646e+00 -1.62429806796517723e-01 5.45079969602404235e-01
-3.40000000000000000e+01 1.20293193249624064e+01 -7.61868726645990813e-01 2.55666980433865909e+00 -7.61868726645990813e-01 4.82524356500110899e-02 -1.61924936537656994e-01 2.55666980433865909e+00 -1.61924936537656994e-01 5.43385732129735732e-01
-3.37500000000000000e+01 1.19909109070831725e+01 -7.59436155722262973e-01 2.54850661242633780e+00 -7.59436155722262973e-01 4.80983704313506580e-02 -1.61407926351161968e-01 2.54850661242633780e+00 -1.61407926351161968e-01 5.41650755635600833e-01
-3.35000000000000000e+01 1.19516004044370607e+01 -7.56946451875707194e-01 2.54015169454664314e+00 -7.56946451875707194e-01 4.79406867380293769e-02 -1.60878773331420755e-01 2.54015169454664314e+00 -1.60878773331420755e-01 5.39875030369382336e-01
-3.32500000000000000e+01 1.19113877118649398e+01 -7.54399608446141512e-01 2.53160502834941692e+00 -7.54399608446141512e-01 4.77793841482291870e-02 -1.60337476062901413e-01 2.53160502834941692e+00 -1.60337476062901413e-01 5.38058551580855582e-01
-3.30000000000000000e+01 1.18702728353816767e+01 -7.51795625814513313e-01 2.52286661511303878e+00 -7.51795625814513313e-01 4.76144626860771289e-02 -1.59784034626569205e-01 2.52286661511303878e+00 -1.59784034626569205e-01 5.36201319541722565e-01
-3.27500000000000000e+01 1.18282558926342247e+01 -7.49134511431912342e-01 2.51393647984178381e+00 -7.49134511431912342e-01 4.74459228234828737e-02 -1.59218450606052858e-01 2.51393647984178381e+00 -1.59218450606052858e-01 5.34303339566305491e-01
-3.25000000000000000e+01 1.17853371133408924e+01 -7.46416279847390451e-01 2.50481467135918434e+00 -7.46416279847390451e-01 4.72737654819007022e-02 -1.58640727093557421e-01 2.50481467135918434e+00 -1.58640727093557421e-01 5.32364622031388346e-01
-3.22500000000000000e+01 1.17415168397115970e+01 -7.43640952734579419e-01 2.49550126239734960e+00 -7.43640952734579419e-01 4.70979920340152750e-02 -1.58050868695521374e-01 2.49550126239734960e+00 -1.58050868695521374e-01 5.30385182395201382e-01
-3.20000000000000000e+01 1.16967955268489394e+01 -7.40808558917091631e-01 2.48599634968220728e+00 -7.40808558917091631e-01 4.69186043053504004e-02 -1.57448881538015312e-01 2.48599634968220728e+00 -1.57448881538015312e-01 5.28365041215537956e-01
-3.17500000000000000e+01 1.16511737431299593e+01 -7.37919134392698850e-01 2.47630005401464270e+00 -7.37919134392698850e-01 4.67356045758003935e-02 -1.56834773271880862e-01 2.47630005401464270e+00 -1.56834773271880862e-01 5.26304224166998846e-01
-3.15000000000000000e+01 1.16046521705683965e+01 -7.34972722356275754e-01 2.46641252034749003e+00 -7.34972722356275754e-01 4.65489955810831427e-02 -1.56208553077606782e-01 2.46641252034749003e+00 -1.56208553077606782e-01 5.24202762057357052e-01
-3.12500000000000000e+01 1.15572316051572912e+01 -7.31969373221497910e-01 2.45633391785834876e+00 -7.31969373221497910e-01 4.63587805141143644e-02 -1.55570231669940828e-01 2.45633391785834876e+00 -1.55570231669940828e-01 5.22060690843032527e-01
-3.10000000000000000e+01 1.15089129571917788e+01 -7.28909144641286311e-01 2.44606444001819012e+00 -7.28909144641286311e-01 4.61649630263024566e-02 -1.54919821302234889e-01 2.44606444001819012e+00 -1.54919821302234889e-01 5.19878051643674399e-01
-3.07500000000000000e+01 1.14596972515719457e+01 -7.25792101526988365e-01 2.43560430465572297e+00 -7.25792101526988365e-01 4.59675472287632836e-02 -1.54257335770521531e-01 2.43560430465572297e+00 -1.54257335770521531e-01 5.17654890755841035e-01
-3.05000000000000000e+01 1.14095856280855994e+01 -7.22618316066286459e-01 2.42495375401749502e+00 -7.22618316066286459e-01 4.57665376934544288e-02 -1.53582790417320425e-01 2.42495375401749502e+00 -1.53582790417320425e-01 5.15391259665773260e-01
-3.02500000000000000e+01 1.13585793416707777e+01 -7.19387867739824549e-01 2.41411305482368332e+00 -7.19387867739824549e-01 4.55619394542282063e-02 -1.52896202135171938e-01 2.41411305482368332e+00 -1.52896202135171938e-01 5.13087215061252544e-01
-3.00000000000000000e+01 1.13066797626579234e+01 -7.16100843336545667e-01 2.40308249831956733e+00 -7.16100843336545667e-01 4.53537580078030855e-02 -1.52197589369896996e-01 2.40308249831956733e+00 -1.52197589369896996e-01 5.10742818842540247e-01
-2.97500000000000000e+01 1.12538883769915490e+01 -7.12757336967730915e-01 2.39186240032263919e+00 -7.12757336967730915e-01 4.51419993146527851e-02 -1.51486972123580810e-01 2.39186240032263919e+00 -1.51486972123580810e-01 5.08358138132390724e-01
-2.95000000000000000e+01 1.12002067864312824e+01 -7.09357450079732832e-01 2.38045310126533494e+00 -7.09357450079732832e-01 4.49266697998127948e-02 -1.50764371957279320e-01 2.38045310126533494e+00 -1.50764371957279320e-01 5.05933245285133060e-01
-2.92500000000000000e+01 1.11456367087321695e+01 -7.05901291465394487e-01 2.36885496623335401e+00 -7.05901291465394487e-01 4.47077763536035469e-02 -1.50029811993446005e-01 2.36885496623335401e+00 -1.50029811993446005e-01 5.03468217894815551e-01
-2.90000000000000000e+01 1.10901799778041354e+01 -7.02388977274148729e-01 2.35706838499954952e+00 -7.02388977274148729e-01 4.44853263322700782e-02 -1.49283316918078474e-01 2.35706838499954952e+00 -1.49283316918078474e-01 5.00963138802408392e-01
-2.87500000000000000e+01 1.10338385438504556e+01 -6.98820631020788841e-01 2.34509377205336245e+00 -6.98820631020788841e-01 4.42593275585374812e-02 -1.48524912982582413e-01 2.34509377205336245e+00 -1.48524912982582413e-01 4.98418096102059671e-01
-2.85000000000000000e+01 1.09766144734851760e+01 -6.95196383592904477e-01 2.33293156662577328e+00 -6.95196383592904477e-01 4.40297883220818961e-02 -1.47754628005352134e-01 2.33293156662577328e+00 -1.47754628005352134e-01 4.95833183146398515e-01
-2.82500000000000000e+01 1.09185099498293496e+01 -6.91516373256976791e-01 2.32058223270975850e+00 -6.91516373256976791e-01 4.37967173799165069e-02 -1.46972491373066033e-01 2.32058223270975850e+00 -1.46972491373066033e-01 4.93208498550882612e-01
-2.80000000000000000e+01 1.08595272725859981e+01 -6.87780745663126636e-01 2.30804625907622096e+00 -6.87780745663126636e-01 4.35601239566922732e-02 -1.46178534041695507e-01 2.30804625907622096e+00 -1.46178534041695507e-01 4.90544146197184394e-01
-2.77500000000000000e+01 1.07996688580937032e+01 -6.83989653848508516e-01 2.29532415928538258e+00 -6.83989653848508516e-01 4.33200177449129045e-02 -1.45372788537226599e-01 2.29532415928538258e+00 -1.45372788537226599e-01 4.87840235235612041e-01
-2.75000000000000000e+01 1.07389372393587941e+01 -6.80143258239348847e-01 2.28241647169362105e+00 -6.80143258239348847e-01 4.30764089050639024e-02 -1.44555288956092959e-01 2.28241647169362105e+00 -1.44555288956092959e-01 4.85096880086562821e-01
-2.72500000000000000e+01 1.06773350660659290e+01 -6.76241726651616415e-01 2.26932375945572407e+00 -6.76241726651616415e-01 4.28293080656551028e-02 -1.43726070965318586e-01 2.26932375945572407e+00 -1.43726070965318586e-01 4.82314200441001872e-01
-2.70000000000000000e+01 1.06148651045671514e+01 -6.72285234290329270e-01 2.25604661052255917e+00 -6.72285234290329270e-01 4.25787263231766772e-02 -1.42885171802370203e-01 2.25604661052255917e+00 -1.42885171802370203e-01 4.79492321259967158e-01
-2.67500000000000000e+01 1.05515302378491924e+01 -6.68273963747483601e-01 2.24258563763412644e+00 -6.68273963747483601e-01 4.23246752419680627e-02 -1.42032630274717436e-01 2.24258563763412644e+00 -1.42032630274717436e-01 4.76631372773092921e-01
-2.65000000000000000e+01 1.04873334654790877e+01 -6.64208104998610049e-01 2.22894147830799927e+00 -6.64208104998610049e-01 4.20671668539997767e-02 -1.41168486759100514e-01 2.22894147830799927e+00 -1.41168486759100514e-01 4.73731490476153150e-01
-2.62500000000000000e+01 1.04222779035279629e+01 -6.60087855397945455e-01 2.21511479482312623e+00 -6.60087855397945455e-01 4.18062136585676813e-02 -1.40292783200504506e-01 2.21511479482312623e+00 -1.40292783200504506e-01 4.70792815127618058e-01
-2.60000000000000000e+01 1.03563667844729519e+01 -6.55913419672222386e-01 2.20110627419898508e+00 -6.55913419672222386e-01 4.15418286218996111e-02 -1.39405563110838959e-01 2.20110627419898508e+00 -1.39405563110838959e-01 4.67815492744224681e-01
-2.57500000000000000e+01 1.02896034570772059e+01 -6.51685009913068658e-01 2.18691662817008003e+00 -6.51685009913068658e-01 4.12740251766740007e-02 -1.38506871567322803e-01 2.18691662817008003e+00 -1.38506871567322803e-01 4.64799674595555767e-01
-2.55000000000000000e+01 1.02219913862479554e+01 -6.47402845568018415e-01 2.17254659315577614e+00 -6.47402845568018415e-01 4.10028172214506048e-02 -1.37596755210573740e-01 2.17254659315577614e+00 -1.37596755210573740e-01 4.61745517197628852e-01
-2.52500000000000000e+01 1.01535341528725720e+01 -6.43067153430128102e-01 2.15799693022545469e+00 -6.43067153430128102e-01 4.07282191200128221e-02 -1.36675262242401396e-01 2.15799693022545469e+00 -1.36675262242401396e-01 4.58653182305490181e-01
-2.50000000000000000e+01 1.00842354536325765e+01 -6.38678167626198223e-01 2.14326842505898307e+00 -6.38678167626198223e-01 4.04502457006217092e-02 -1.35742442423303800e-01 2.14326842505898307e+00 -1.35742442423303800e-01 4.55522836904813766e-01
-2.47500000000000000e+01 1.00140991007956099e+01 -6.34236129603597099e-01 2.12836188790250302e+00 -6.34236129603597099e-01 4.01689122551815020e-02 -1.34798347069667174e-01 2.12836188790250302e+00 -1.34798347069667174e-01 4.52354653202504120e-01
-2.45000000000000000e+01 9.94312902198529969e+00 -6.29741288115685638e-01 2.11327815351951731e+00 -6.29741288115685638e-01 3.98842345383164723e-02 -1.33843029050667972e-01 2.11327815351951731e+00 -1.33843029050667972e-01 4.49148808616300521e-01
-2.42500000000000000e+01 9.87132925992903232e+00 -6.25193899205842674e-01 2.09801808113728105e+00 -6.25193899205842674e-01 3.95962287663592163e-02 -1.32876542784877844e-01 2.09801808113728105e+00 -1.32876542784877844e-01 4.45905485763383624e-01
-2.40000000000000000e+01 9.79870397218359912e+00 -6.20594226190089082e-01 2.08258255438849371e+00 -6.20594226190089082e-01 3.93049116162501322e-02 -1.31898944236570503e-01 2.08258255438849371e+00 -1.31898944236570503e-01 4.42624872447982320e-01
-2.37500000000000000e+01 9.72525743083871319e+00 -6.15942539638310360e-01 2.06697248124828592e+00 -6.15942539638310360e-01 3.90103002243482044e-02 -1.30910290911730953e-01 2.06697248124828592e+00 -1.30910290911730953e-01 4.39307161647981448e-01
-2.35000000000000000e+01 9.65099402219840030e+00 -6.11239117354077099e-01 2.05118879396649989e+00 -6.11239117354077099e-01 3.87124121851529085e-02 -1.29910641853766440e-01 2.05118879396649989e+00 -1.29910641853766440e-01 4.35952551500528862e-01
-2.32500000000000000e+01 9.57591824644026879e+00 -6.06484244353065693e-01 2.03523244899527578e+00 -6.06484244353065693e-01 3.84112655499375122e-02 -1.28900057638920290e-01 2.03523244899527578e+00 -1.28900057638920290e-01 4.32561245286644858e-01
-2.30000000000000000e+01 9.50003471725264959e+00 -6.01678212840076831e-01 2.01910442691192804e+00 -6.01678212840076831e-01 3.81068788252935803e-02 -1.27878600371387235e-01 2.01910442691192804e+00 -1.27878600371387235e-01 4.29133451414830613e-01
-2.27500000000000000e+01 9.42334816144963128e+00 -5.96821322184653669e-01 2.00280573233712733e+00 -5.96821322184653669e-01 3.77992709715867237e-02 -1.26846333678131584e-01 2.00280573233712733e+00 -1.26846333678131584e-01 4.25669383403678991e-01
-2.25000000000000000e+01 9.34586341856402747e+00 -5.91913878895302670e-01 1.98633739384839192e+00 -5.91913878895302670e-01 3.74884614013239470e-02 -1.25803322703408188e-01 1.98633739384839192e+00 -1.25803322703408188e-01 4.22169259863487745e-01
-2.22500000000000000e+01 9.26758544041825871e+00 -5.86956196592316237e-01 1.96970046388888309e+00 -5.86956196592316237e-01 3.71744699774323520e-02 -1.24749634102986146e-01 1.96970046388888309e+00 -1.24749634102986146e-01 4.18633304476875967e-01
-2.20000000000000000e+01 9.18851929067323603e+00 -5.81948595979200900e-01 1.95289601867152629e+00 -5.81948595979200900e-01 3.68573170114495641e-02 -1.23685336038076313e-01 1.95289601867152629e+00 -1.23685336038076313e-01 4.15061745978406005e-01
-2.17500000000000000e+01 9.10867014435520339e+00 -5.76891404812710618e-01 1.93592515807845000e+00 -5.76891404812710618e-01 3.65370232616258339e-02 -1.22610498168962384e-01 1.93592515807845000e+00 -1.22610498168962384e-01 4.11454818133210165e-01
-2.15000000000000000e+01 9.02804328736068662e+00 -5.71784957871493416e-01 1.91878900555576748e+00 -5.71784957871493416e-01 3.62136099309382578e-02 -1.21525191648336903e-01 1.91878900555576748e+00 -1.21525191648336903e-01 4.07812759714628659e-01
-2.12500000000000000e+01 8.94664411593948294e+00 -5.66629596923345469e-01 1.90148870800369219e+00 -5.66629596923345469e-01 3.58870986650168880e-02 -1.20429489114341912e-01 1.90148870800369219e+00 -1.20429489114341912e-01 4.04135814480854727e-01
-2.10000000000000000e+01 8.86447813615583868e+00 -5.61425670691087064e-01 1.88402543566202119e+00 -5.61425670691087064e-01 3.55575115499834477e-02 -1.19323464683315963e-01 1.88402543566202119e+00 -1.19323464683315963e-01 4.00424231150595777e-01
-2.07500000000000000e+01 8.78155096332780616e+00 -5.56173534817053117e-01 1.86640038199097602e+00 -5.56173534817053117e-01 3.52248711102024145e-02 -1.18207193942247379e-01 1.86640038199097602e+00 -1.18207193942247379e-01 3.96678263377747586e-01
-2.05000000000000000e+01 8.69786832144489175e+00 -5.50873551826211116e-01 1.84861476354743193e+00 -5.50873551826211116e-01 3.48892003059450909e-02 -1.17080753940935270e-01 1.84861476354743193e+00 -1.17080753940935270e-01 3.92898169725088620e-01
-2.02500000000000000e+01 8.61343604256400042e+00 -5.45526091087903287e-01 1.83066981985653432e+00 -5.45526091087903287e-01 3.45505225309666042e-02 -1.15944223183858469e-01 1.83066981985653432e+00 -1.15944223183858469e-01 3.89084213636993970e-01
-2.00000000000000000e+01 8.52826006618385968e+00 -5.40131528776226499e-01 1.81256681327874114e+00 -5.40131528776226499e-01 3.42088616099965465e-02 -1.14797681621754716e-01 1.81256681327874114e+00 -1.14797681621754716e-01 3.85236663411176627e-01
-1.97500000000000000e+01 8.44234643859787504e+00 -5.34690247829045728e-01 1.79430702887228066e+00 -5.34690247829045728e-01 3.38642417961431338e-02 -1.13641210642909551e-01 1.79430702887228066e+00 -1.13641210642909551e-01 3.81355792169455088e-01
-1.95000000000000000e+01 8.35570131222560342e+00 -5.29202637905653028e-01 1.77589177425106493e+00 -5.29202637905653028e-01 3.35166877682116227e-02 -1.12474893064157339e-01 1.77589177425106493e+00 -1.12474893064157339e-01 3.77441877827554673e-01
-1.92500000000000000e+01 8.26833094492287124e+00 -5.23669095343074709e-01 1.75732237943806546e+00 -5.23669095343074709e-01 3.31662246279369674e-02 -1.11298813121594925e-01 1.75732237943806546e+00 -1.11298813121594925e-01 3.73495203063944403e-01
-1.90000000000000000e+01 8.18024169927068101e+00 -5.18090023111034692e-01 1.73860019671417887e+00 -5.18090023111034692e-01 3.28128778971315122e-02 -1.10113056461009690e-01 1.73860019671417887e+00 -1.10113056461009690e-01 3.69516055287715472e-01
-1.87500000000000000e+01 8.09144004184297927e+00 -5.12465830765578834e-01 1.71972660046260173e+00 -5.12465830765578834e-01 3.24566735147478122e-02 -1.08917710128023010e-01 1.71972660046260173e+00 -1.08917710128023010e-01 3.65504726605505315e-01
-1.85000000000000000e+01 8.00193254245339425e+00 -5.06796934401368193e-01 1.70070298700873535e+00 -5.06796934401368193e-01 3.20976378338571275e-02 -1.07712862557950872e-01 1.70070298700873535e+00 -1.07712862557950872e-01 3.61461513787471433e-01
-1.82500000000000000e+01 7.91172587338107824e+00 -5.01083756602647035e-01 1.68153077445564625e+00 -5.01083756602647035e-01 3.17357976185440871e-02 -1.06498603565382821e-01 1.68153077445564625e+00 -1.06498603565382821e-01 3.57386718232320710e-01
-1.80000000000000000e+01 7.82082680857575507e+00 -4.95326726392896655e-01 1.66221140251511290e+00 -4.95326726392896655e-01 3.13711800407179345e-02 -1.05275024333481404e-01 1.66221140251511290e+00 -1.05275024333481404e-01 3.53280645931400794e-01
-1.77500000000000000e+01 7.72924222284208984e+00 -4.89526279183176705e-01 1.64274633233427303e+00 -4.89526279183176705e-01 3.10038126768408945e-02 -1.04042217403002998e-01 1.64274633233427303e+00 -1.04042217403002998e-01 3.49143607431856129e-01
-1.75000000000000000e+01 7.63697909100353645e+00 -4.83682856719168830e-01 1.62313704631791045e+00 -4.83682856719168830e-01 3.06337235045740994e-02 -1.02800276661042536e-01 1.62313704631791045e+00 -1.02800276661042536e-01 3.44975917798857612e-01
-1.72500000000000000e+01 7.54404448704577923e+00 -4.77796907026926565e-01 1.60338504794640557e+00 -4.77796907026926565e-01 3.02609408993417817e-02 -1.01549297329503407e-01 1.60338504794640557e+00 -1.01549297329503407e-01 3.40777896576910266e-01
-1.70000000000000000e+01 7.45044558323989836e+00 -4.71868884357342200e-01 1.58349186158937605e+00 -4.71868884357342200e-01 2.98854936308140633e-02 -1.00289375953294638e-01 1.58349186158937605e+00 -1.00289375953294638e-01 3.36549867750245313e-01
-1.67500000000000000e+01 7.35618964924545260e+00 -4.65899249129340498e-01 1.56345903231504879e+00 -4.65899249129340498e-01 2.95074108593092119e-02 -9.90206103882574906e-02 1.56345903231504879e+00 -9.90206103882574906e-02 3.32292159702304357e-01
-1.65000000000000000e+01 7.26128405119355236e+00 -4.59888467871806317e-01 1.54328812569537988e+00 -4.59888467871806317e-01 2.91267221321156247e-02 -9.77430997888229375e-02 1.54328812569537988e+00 -9.77430997888229375e-02 3.28005105174320633e-01
-1.62500000000000000e+01 7.16573625075015652e+00 -4.53837013164258896e-01 1.52298072760697067e+00 -4.53837013164258896e-01 2.87434573797345112e-02 -9.64569445954028132e-02 1.52298072760697067e+00 -9.64569445954028132e-02 3.23689041223006180e-01
-1.60000000000000000e+01 7.06955380415970858e+00 -4.47745363576281141e-01 1.50253844402780556e+00 -4.47745363576281141e-01 2.83576469120436700e-02 -9.51622465215162805e-02 1.50253844402780556e+00 -9.51622465215162805e-02 3.19344309177351293e-01
-1.57500000000000000e+01 6.97274436126928965e+00 -4.41614003605715011e-01 1.48196290082984850e+00 -4.41614003605715011e-01 2.79693214143831477e-02 -9.38591085406541709e-02 1.48196290082984850e+00 -9.38591085406541709e-02 3.14971254594543726e-01
-1.55000000000000000e+01 6.87531566453346699e+00 -4.35443423615634706e-01 1.46125574356753796e+00 -4.35443423615634706e-01 2.75785119435634496e-02 -9.25476348728833526e-02 1.46125574356753796e+00 -9.25476348728833526e-02 3.10570227215016093e-01
-1.52500000000000000e+01 6.77727554799999954e+00 -4.29234119770106337e-01 1.44041863726221164e+00 -4.29234119770106337e-01 2.71852499237969641e-02 -9.12279309711934855e-02 1.44041863726221164e+00 -9.12279309711934855e-02 3.06141580916628020e-01
-1.50000000000000000e+01 6.67863193627660490e+00 -4.22986593968749436e-01 1.41945326618250611e+00 -4.22986593968749436e-01 2.67895671425534242e-02 -8.99001035075887855e-02 1.41945326618250611e+00 -8.99001035075887855e-02 3.01685673667993592e-01
-1.47500000000000000e+01 6.57939284347894482e+00 -4.16701353780107864e-01 1.39836133362076631e+00 -4.16701353780107864e-01 2.63914957463400289e-02 -8.85642603589270050e-02 1.39836133362076631e+00 -8.85642603589270050e-02 2.97202867480959754e-01
-1.45000000000000000e+01 6.47956637216005582e+00 -4.10378912373846272e-01 1.37714456166551025e+00 -4.10378912373846272e-01 2.59910682364071326e-02 -8.72205105925086960e-02 1.37714456166551025e+00 -8.72205105925086960e-02 2.92693528362246769e-01
-1.42500000000000000e+01 6.37916071222138470e+00 -4.04019788451781436e-01 1.35580469096998368e+00 -4.04019788451781436e-01 2.55883174643801552e-02 -8.58689644514188249e-02 1.35580469096998368e+00 -8.58689644514188249e-02 2.88158026264258016e-01
-1.40000000000000000e+01 6.27818413980566969e+00 -3.97624506177763182e-01 1.33434348051685747e+00 -3.97624506177763182e-01 2.51832766278186730e-02 -8.45097333396239020e-02 1.33434348051685747e+00 -8.45097333396239020e-02 2.83596735035068992e-01
-1.37500000000000000e+01 6.17664501617183159e+00 -3.91193595106416769e-01 1.31276270737910128e+00 -3.91193595106416769e-01 2.47759792657033344e-02 -8.31429298068271788e-02 1.31276270737910128e+00 -8.31429298068271788e-02 2.79010032367604743e-01
-1.35000000000000000e+01 6.07455178655213412e+00 -3.84727590110761797e-01 1.29106416647708633e+00 -3.84727590110761797e-01 2.43664592538516515e-02 -8.17686675330849544e-02 1.29106416647708633e+00 -8.17686675330849544e-02 2.74398299748015106e-01
-1.32500000000000000e+01 5.97191297899176643e+00 -3.78227031308717987e-01 1.26924967033195735e+00 -3.78227031308717987e-01 2.39547508002633212e-02 -8.03870613131864586e-02 1.26924967033195735e+00 -8.03870613131864586e-02 2.69761922403257304e-01
-1.30000000000000000e+01 5.86873720317115399e+00 -3.71692463988516908e-01 1.24732104881532813e+00 -3.71692463988516908e-01 2.35408884403962015e-02 -7.89982270408010334e-02 1.24732104881532813e+00 -7.89982270408010334e-02 2.65101289247896943e-01
-1.27500000000000000e+01 5.76503314921113130e+00 -3.65124438533028672e-01 1.22528014889533798e+00 -3.65124438533028672e-01 2.31249070323736039e-02 -7.76022816923947895e-02 1.22528014889533798e+00 -7.76022816923947895e-02 2.60416792830135968e-01
-1.25000000000000000e+01 5.66080958646127819e+00 -3.58523510343021823e-01 1.20312883437912999e+00 -3.58523510343021823e-01 2.27068417521240212e-02 -7.61993433109206530e-02 1.20312883437912999e+00 -7.61993433109206530e-02 2.55708829277079774e-01
-1.22500000000000000e+01 5.55607536227161347e+00 -3.51890239759369339e-01 1.18086898565178822e+00 -3.51890239759369339e-01 2.22867280884540761e-02 -7.47895309892841476e-02 1.18086898565178822e+00 -7.47895309892841476e-02 2.50977798239251815e-01
-1.20000000000000000e+01 5.45083940074790263e+00 -3.45225191984217139e-01 1.15850249941179828e+00 -3.45225191984217139e-01 2.18646018380557992e-02 -7.33729648535888929e-02 1.15850249941179828e+00 -7.33729648535888929e-02 2.46224102834369268e-01
-1.17500000000000000e+01 5.34511070149082013e+00 -3.38528937001129626e-01 1.13603128840307144e+00 -3.38528937001129626e-01 2.14404991004490987e-02 -7.19497660461646260e-02 1.13603128840307144e+00 -7.19497660461646260e-02 2.41448149590388517e-01
-1.15000000000000000e+01 5.23889833831920448e+00 -3.31802049494227980e-01 1.11345728114359011e+00 -3.31802049494227980e-01 2.10144562728604330e-02 -7.05200567083811153e-02 1.11345728114359011e+00 -7.05200567083811153e-02 2.36650348387832304e-01
-1.12500000000000000e+01 5.13221145797768497e+00 -3.25045108766338464e-01 1.09078242165073114e+00 -3.25045108766338464e-01 2.05865100450387910e-02 -6.90839599632516732e-02 1.09078242165073114e+00 -6.90839599632516732e-02 2.31831112401410799e-01
-1.10000000000000000e+01 5.02505927882888948e+00 -3.18258698656164463e-01 1.06800866916331261e+00 -3.18258698656164463e-01 2.01566973940098537e-02 -6.76415998978292243e-02 1.06800866916331261e+00 -6.76415998978292243e-02 2.26990858040946653e-01
-1.07500000000000000e+01 4.91745108953055521e+00 -3.11443407454502219e-01 1.04513799786043182e+00 -3.11443407454502219e-01 1.97250555787695479e-02 -6.61931015453990218e-02 1.04513799786043182e+00 -6.61931015453990218e-02 2.22130004891617439e-01
-1.05000000000000000e+01 4.80939624769774632e+00 -3.04599827819512892e-01 1.02217239657713588e+00 -3.04599827819512892e-01 1.92916221349178907e-02 -6.47385908674709548e-02 1.02217239657713588e+00 -6.47385908674709548e-02 2.17248975653525661e-01
-1.02500000000000000e+01 4.70090417855049836e+00 -2.97728556691072621e-01 9.99113868516999237e-01 -2.97728556691072621e-01 1.88564348692343876e-02 -6.32781947355757629e-02 9.99113868516999237e-01 -6.32781947355757629e-02 2.12348196080610702e-01
-1.00000000000000000e+01 4.59198437354711864e+00 -2.90830195204213215e-01 9.75964430961648088e-01 -2.90830195204213215e-01 1.84195318541958558e-02 -6.18120409128679812e-02 9.75964430961648088e-01 -6.18120409128679812e-02 2.07428094918912204e-01
-9.75000000000000000e+00 4.48264638900345691e+00 -2.83905348601674545e-01 9.52726114977306082e-01 -2.83905348601674545e-01 1.79809514224380136e-02 -6.03402580355402035e-02 9.52726114977306082e-01 -6.03402580355402035e-02 2.02489103844200408e-01
-9.50000000000000000e+00 4.37289984469839688e+00 -2.76954626145584526e-01 9.29400965118410194e-01 -2.76954626145584526e-01 1.75407321611617713e-02 -5.88629755940518126e-02 9.29400965118410194e-01 -5.88629755940518126e-02 1.97531657398983540e-01
-9.25000000000000000e+00 4.26275442246588199e+00 -2.69978641028285837e-01 9.05991039128363984e-01 -2.69978641028285837e-01 1.70989129064855021e-02 -5.73803239141763913e-02 9.05991039128363984e-01 -5.73803239141763913e-02 1.92556192928907133e-01
-9.00000000000000000e+00 4.15221986477372251e+00 -2.62978010282325758e-01 8.82498407637483107e-01 -2.62978010282325758e-01 1.66555327377443212e-02 -5.58924341378712886e-02 8.82498407637483107e-01 -5.58924341378712886e-02 1.87563150518556265e-01
-8.75000000000000000e+00 4.04130597328953023e+00 -2.55953354689630597e-01 8.58925153858203561e-01 -2.55953354689630597e-01 1.62106309717377044e-02 -5.43994382039738739e-02 8.58925153858203561e-01 -5.43994382039738739e-02 1.82552972926676244e-01
-8.50000000000000000e+00 3.93002260743401655e+00 -2.48905298689879761e-01 8.35273373277605202e-01 -2.48905298689879761e-01 1.57642471569264218e-02 -5.29014688287276907e-02 8.35273373277605202e-01 -5.29014688287276907e-02 1.77526105520822569e-01
-8.25000000000000000e+00 3.81837968292200314e+00 -2.41834470288101677e-01 8.11545173347322235e-01 -2.41834470288101677e-01 1.53164210675801899e-02 -5.13986594861431528e-02 8.11545173347322235e-01 -5.13986594861431528e-02 1.72482996211455630e-01
-8.00000000000000000e+00 3.70638717029141684e+00 -2.34741500961508753e-01 7.87742673170901631e-01 -2.34741500961508753e-01 1.48671926978771254e-02 -4.98911443881966468e-02 7.87742673170901631e-01 -4.98911443881966468e-02 1.67424095385493049e-01
-7.75000000000000000e+00 3.59405509342057750e+00 -2.27627025565590779e-01 7.63868003188672984e-01 -2.27627025565590779e-01 1.44166022559562394e-02 -4.83790584648719144e-02 7.63868003188672984e-01 -4.83790584648719144e-02 1.62349855839332757e-01
-7.50000000000000000e+00 3.48139352803410729e+00 -2.20491682239487619e-01 7.39923304860198416e-01 -2.20491682239487619e-01 1.39646901579242779e-02 -4.68625373440482926e-02 7.39923304860198416e-01 -4.68625373440482926e-02 1.57260732711362206e-01
-7.25000000000000000e+00 3.36841260019774191e+00 -2.13336112310659298e-01 7.15910730344366142e-01 -2.13336112310659298e-01 1.35114970218180655e-02 -4.53417173312396019e-02 7.15910730344366142e-01 -4.53417173312396019e-02 1.52157183413966501e-01
-7.00000000000000000e+00 3.25512248480238320e+00 -2.06160960198874366e-01 6.91832442177195861e-01 -2.06160960198874366e-01 1.30570636615236785e-02 -4.38167353891882327e-02 6.91832442177195861e-01 -4.38167353891882327e-02 1.47039667565050297e-01
-6.75000000000000000e+00 3.14153340403770320e+00 -1.98966873319536663e-01 6.67690612947423490e-01 -1.98966873319536663e-01 1.26014310806537074e-02 -4.22877291173184705e-02 6.67690612947423490e-01 -4.22877291173184705e-02 1.41908646919087666e-01
-6.50000000000000000e+00 3.02765562585560888e+00 -1.91754501986370007e-01 6.43487424969931943e-01 -1.91754501986370007e-01 1.21446404663838586e-02 -4.07548367310534981e-02 6.43487424969931943e-01 -4.07548367310534981e-02 1.36764585297714236e-01
-6.25000000000000000e+00 2.91349946242391722e+00 -1.84524499313482582e-01 6.19225069957100249e-01 -1.84524499313482582e-01 1.16867331832502756e-02 -3.92181970410004771e-02 6.19225069957100249e-01 -3.92181970410004771e-02 1.31607948519876811e-01
-6.00000000000000000e+00 2.79907526857052957e+00 -1.77277521116829984e-01 5.94905748688133729e-01 -1.77277521116829984e-01 1.12277507669087569e-02 -3.76779494320078345e-02 5.94905748688133729e-01 -3.76779494320078345e-02 1.26439204331554089e-01
-5.75000000000000000e+00 2.68439344021847015e+00 -1.70014225815099312e-01 5.70531670676452385e-01 -1.70014225815099312e-01 1.07677349178573259e-02 -3.61342338420995307e-02 5.70531670676452385e-01 -3.61342338420995307e-02 1.21258822335064409e-01
-5.50000000000000000e+00 2.56946441281209870e+00 -1.62735274330034430e-01 5.46105053835204024e-01 -1.62735274330034430e-01 1.03067274951234022e-02 -3.45871907412905397e-02 5.46105053835204024e-01 -3.45871907412905397e-02 1.16067273917975153e-01
-5.25000000000000000e+00 2.45429865973483041e+00 -1.55441329986223509e-01 5.21628124140971816e-01 -1.55441329986223509e-01 9.84477050991689959e-03 -3.30369611102880045e-02 5.21628124140971816e-01 -3.30369611102880045e-02 1.10865032181628256e-01
-5.00000000000000000e+00 2.33890669071871349e+00 -1.48133058410370444e-01 4.97103115295751075e-01 -1.48133058410370444e-01 9.38190611925066725e-03 -3.14836864190827792e-02 4.97103115295751075e-01 -3.14836864190827792e-02 1.05652571869297954e-01
-4.75000000000000000e+00 2.22329905024618535e+00 -1.40811127430071403e-01 4.72532268387264309e-01 -1.40811127430071403e-01 8.91817661952955948e-03 -2.99275086054357174e-02 4.72532268387264309e-01 -2.99275086054357174e-02 1.00430369293995361e-01
-4.50000000000000000e+00 2.10748631594436020e+00 -1.33476206972117900e-01 4.47917831547688772e-01 -1.33476206972117900e-01 8.45362444010953895e-03 -2.83685700532633825e-02 4.47917831547688772e-01 -2.83685700532633825e-02 9.51989022659355255e-02
-4.25000000000000000e+00 1.99147909697218273e+00 -1.26128968960348559e-01 4.23262059610867603e-01 -1.26128968960348559e-01 7.98829213682817826e-03 -2.68070135709277853e-02 4.23262059610867603e-01 -2.68070135709277853e-02 8.99586500196823402e-02
-4.00000000000000000e+00 1.87528803240079611e+00 -1.18770087213070544e-01 3.98567213768078743e-01 -1.18770087213070544e-01 7.52222238550792708e-03 -2.52429823694347300e-02 3.98567213768078743e-01 -2.52429823694347300e-02 8.47100931409868196e-02
-3.75000000000000000e+00 1.75892378958747075e+00 -1.11400237340073677e-01 3.73835561222435608e-01 -1.11400237340073677e-01 7.05545797543356227e-03 -2.36766200405455103e-02 3.73835561222435608e-01 -2.36766200405455103e-02 7.94537134933346739e-02
-3.50000000000000000e+00 1.64239706254343787e+00 -1.04020096639258097e-01 3.49069374841991908e-01 -1.04020096639258097e-01 6.58804180280517585e-03 -2.21080705348065502e-02 3.49069374841991908e-01 -2.21080705348065502e-02 7.41899941442183269e-02
-3.25000000000000000e+00 1.52571857029597879e+00 -9.66303439928984931e-02 3.24270932811626000e-01 -9.66303439928984931e-02 6.12001686416813965e-03 -2.05374781395017275e-02 3.24270932811626000e-01 -2.05374781395017275e-02 6.89194192911497111e-02
-3.00000000000000000e+00 1.40889905524512882e+00 -8.92316597635668951e-02 2.99442518283780101e-01 -8.92316597635668951e-02 5.65142624982145018e-03 -1.89649874565321931e-02 2.99442518283780101e-01 -1.89649874565321931e-02 6.36424741874295347e-02
-2.75000000000000000e+00 1.29194928151533261e+00 -8.18247256897359915e-02 2.74586419028127249e-01 -8.18247256897359915e-02 5.18231313720583005e-03 -1.73907433802282518e-02 2.74586419028127249e-01 -1.73907433802282518e-02 5.83596450676887243e-02
-2.50000000000000000e+00 1.17488003330242163e+00 -7.44102247810860679e-02 2.49704927080243333e-01 -7.44102247810860679e-02 4.71272078427306673e-03 -1.58148910750982551e-02 2.49704927080243333e-01 -1.58148910750982551e-02 5.30714190732184121e-02
-2.25000000000000000e+00 1.05770211321625873e+00 -6.69888412135374867e-02 2.24800338389358506e-01 -6.69888412135374867e-02 4.24269252283796753e-03 -1.42375759535191843e-02 2.24800338389358506e-01 -1.42375759535191843e-02 4.77782841771042244e-02
-2.00000000000000000e+00 9.40426340619409218e-01 -5.95612602240316036e-02 1.99874952465264294e-01 -5.95612602240316036e-02 3.77227175191438080e-03 -1.26589436533737307e-02 1.99874952465264294e-01 -1.26589436533737307e-02 4.24807291091811590e-02
-1.75000000000000000e+00 8.23063549962197882e-01 -5.21281680050827076e-02 1.74931072024452294e-01 -5.21281680050827076e-02 3.30150193103671353e-03 -1.10791400156387519e-02 1.74931072024452294e-01 -1.10791400156387519e-02 3.71792432808251069e-02
-1.50000000000000000e+00 7.05624589114506984e-01 -4.46902515991236260e-02 1.49971002635560291e-01 -4.46902515991236260e-02 2.83042657356838206e-03 -9.49831106192984033e-03 1.49971002635560291e-01 -9.49831106192984033e-03 3.18743167095972488e-02
-1.25000000000000000e+00 5.88120317694680206e-01 -3.72481987926679137e-02 1.24997052364203248e-01 -3.72481987926679137e-02 2.35908923999864984e-03 -7.91660297200692635e-03 1.24997052364203248e-01 -7.91660297200692635e-03 2.65664399437576075e-02
-1.00000000000000000e+00 4.70561605395885707e-01 -2.98026980103113202e-02 1.00011531417264474e-01 -2.98026980103113202e-02 1.88753353122927806e-03 -6.33416206124571418e-03 1.00011531417264474e-01 -6.33416206124571418e-03 2.12561039866639538e-02
-7.50000000000000000e-01 3.52959330310306962e-01 -2.23544382085954473e-02 7.50167517867247891e-02 -2.23544382085954473e-02 1.41580308185245730e-03 -4.75113475807983649e-03 7.50167517867247891e-02 -4.75113475807983649e-03 1.59438002210725051e-02
-5.00000000000000000e-01 2.35324377251517364e-01 -1.49041087697565616e-02 5.00150268931059336e-02 -1.49041087697565616e-02 9.43941553421457757e-04 -3.16766758141859240e-03 5.00150268931059336e-02 -3.16766758141859240e-03 1.06300203333566014e-02
-2.50000000000000000e-01 1.17667636075403564e-01 -7.45239939538239193e-03 2.50086712286054259e-02 -7.45239939538239193e-03 4.71992627715457050e-04 -1.58390711804513385e-03 2.50086712286054259e-02 -1.58390711804513385e-03 5.31525623765983883e-03
0.00000000000000000e+00 -0.00000000000000000e+00 0.00000000000000000e+00 -0.00000000000000000e+00 0.00000000000000000e+00 -0.00000000000000000e+00 0.00000000000000000e+00 -0.00000000000000000e+00 0.00000000000000000e+00 -0.00000000000000000e+00
2.50000000000000000e-01 -1.17667636075403564e-01 7.45239939538239193e-03 -2.50086712286054259e-02 7.45239939538239193e-03 -4.71992627715457050e-04 1.58390711804513385e-03 -2.50086712286054259e-02 1.58390711804513385e-03 -5.31525623765983883e-03
5.00000000000000000e-01 -2.35324377251517364e-01 1.49041087697565616e-02 -5.00150268931059336e-02 1.49041087697565616e-02 -9.43941553421457757e-04 3.16766758141859240e-03 -5.00150268931059336e-02 3.16766758141859240e-03 -1.06300203333566014e-02
7.50000000000000000e-01 -3.52959330310306962e-01 2.23544382085954473e-02 -7.50167517867247891e-02 2.23544382085954473e-02 -1.41580308185245730e-03 4.75113475807983649e-03 -7.50167517867247891e-02 4.75113475807983649e-03 -1.59438002210725051e-02
1.00000000000000000e+00 -4.70561605395885707e-01 2.98026980103113202e-02 -1.00011531417264474e-01 2.98026980103113202e-02 -1.88753353122927806e-03 6.33416206124571418e-03 -1.00011531417264474e-01 6.33416206124571418e-03 -2.12561039866639538e-02
1.25000000000000000e+00 -5.88120317694680206e-01 3.72481987926679137e-02 -1.24997052364203248e-01 3.72481987926679137e-02 -2.35908923999864984e-03 7.91660297200692635e-03 -1.24997052364203248e-01 7.91660297200692635e-03 -2.65664399437576075e-02
1.50000000000000000e+00 -7.05624589114506984e-01 4.46902515991236260e-02 -1.49971002635560291e-01 4.46902515991236260e-02 -2.83042657356838206e-03 9.49831106192984033e-03 -1.49971002635560291e-01 9.49831106192984033e-03 -3.18743167095972488e-02
1.75000000000000000e+00 -8.23063549962197882e-01 5.21281680050827076e-02 -1.74931072024452294e-01 5.21281680050827076e-02 -3.30150193103671353e-03 1.10791400156387519e-02 -1.74931072024452294e-01 1.10791400156387519e-02 -3.71792432808251069e-02
2.00000000000000000e+00 -9.40426340619409218e-01 5.95612602240316036e-02 -1.99874952465264294e-01 5.95612602240316036e-02 -3.77227175191438080e-03 1.26589436533737307e-02 -1.99874952465264294e-01 1.26589436533737307e-02 -4.24807291091811590e-02
2.25000000000000000e+00 -1.05770211321625873e+00 6.69888412135374867e-02 -2.24800338389358506e-01 6.69888412135374867e-02 -4.24269252283796753e-03 1.42375759535191843e-02 -2.24800338389358506e-01 1.42375759535191843e-02 -4.77782841771042244e-02
2.50000000000000000e+00 -1.17488003330242163e+00 7.44102247810860679e-02 -2.49704927080243333e-01 7.44102247810860679e-02 -4.71272078427306673e-03 1.58148910750982551e-02 -2.49704927080243333e-01 1.58148910750982551e-02 -5.30714190732184121e-02
2.75000000000000000e+00 -1.29194928151533261e+00 8.18247256897359915e-02 -2.74586419028127249e-01 8.18247256897359915e-02 -5.18231313720583005e-03 1.73907433802282518e-02 -2.74586419028127249e-01 1.73907433802282518e-02 -5.83596450676887243e-02
3.00000000000000000e+00 -1.40889905524512882e+00 8.92316597635668951e-02 -2.99442518283780101e-01 8.92316597635668951e-02 -5.65142624982145018e-03 1.89649874565321931e-02 -2.99442518283780101e-01 1.89649874565321931e-02 -6.36424741874295347e-02
3.25000000000000000e+00 -1.52571857029597879e+00 9.66303439928984931e-02 -3.24270932811626000e-01 9.66303439928984931e-02 -6.12001686416813965e-03 2.05374781395017275e-02 -3.24270932811626000e-01 2.05374781395017275e-02 -6.89194192911497111e-02
3.50000000000000000e+00 -1.64239706254343787e+00 1.04020096639258097e-01 -3.49069374841991908e-01 1.04020096639258097e-01 -6.58804180280517585e-03 2.21080705348065502e-02 -3.49069374841991908e-01 2.21080705348065502e-02 -7.41899941442183269e-02
3.75000000000000000e+00 -1.75892378958747075e+00 1.11400237340073677e-01 -3.73835561222435608e-01 1.11400237340073677e-01 -7.05545797543356227e-03 2.36766200405455103e-02 -3.73835561222435608e-01 2.36766200405455103e-02 -7.94537134933346739e-02
4.00000000000000000e+00 -1.87528803240079611e+00 1.18770087213070544e-01 -3.98567213768078743e-01 1.18770087213070544e-01 -7.52222238550792708e-03 2.52429823694347300e-02 -3.98567213768078743e-01 2.52429823694347300e-02 -8.47100931409868196e-02
4.25000000000000000e+00 -1.99147909697218273e+00 1.26128968960348559e-01 -4.23262059610867603e-01 1.26128968960348559e-01 -7.98829213682817826e-03 2.68070135709277853e-02 -4.23262059610867603e-01 2.68070135709277853e-02 -8.99586500196823402e-02
4.50000000000000000e+00 -2.10748631594436020e+00 1.33476206972117900e-01 -4.47917831547688772e-01 1.33476206972117900e-01 -8.45362444010953895e-03 2.83685700532633825e-02 -4.47917831547688772e-01 2.83685700532633825e-02 -9.51989022659355255e-02
4.75000000000000000e+00 -2.22329905024618535e+00 1.40811127430071403e-01 -4.72532268387264309e-01 1.40811127430071403e-01 -8.91817661952955948e-03 2.99275086054357174e-02 -4.72532268387264309e-01 2.99275086054357174e-02 -1.00430369293995361e-01
5.00000000000000000e+00 -2.33890669071871349e+00 1.48133058410370444e-01 -4.97103115295751075e-01 1.48133058410370444e-01 -9.38190611925066725e-03 3.14836864190827792e-02 -4.97103115295751075e-01 3.14836864190827792e-02 -1.05652571869297954e-01
5.25000000000000000e+00 -2.45429865973483041e+00 1.55441329986223509e-01 -5.21628124140971816e-01 1.55441329986223509e-01 -9.84477050991689959e-03 3.30369611102880045e-02 -5.21628124140971816e-01 3.30369611102880045e-02 -1.10865032181628256e-01
5.50000000000000000e+00 -2.56946441281209870e+00 1.62735274330034430e-01 -5.46105053835204024e-01 1.62735274330034430e-01 -1.03067274951234022e-02 3.45871907412905397e-02 -5.46105053835204024e-01 3.45871907412905397e-02 -1.16067273917975153e-01
5.75000000000000000e+00 -2.68439344021847015e+00 1.70014225815099312e-01 -5.70531670676452385e-01 1.70014225815099312e-01 -1.07677349178573259e-02 3.61342338420995307e-02 -5.70531670676452385e-01 3.61342338420995307e-02 -1.21258822335064409e-01
6.00000000000000000e+00 -2.79907526857052957e+00 1.77277521116829984e-01 -5.94905748688133729e-01 1.77277521116829984e-01 -1.12277507669087569e-02 3.76779494320078345e-02 -5.94905748688133729e-01 3.76779494320078345e-02 -1.26439204331554089e-01
6.25000000000000000e+00 -2.91349946242391722e+00 1.84524499313482582e-01 -6.19225069957100249e-01 1.84524499313482582e-01 -1.16867331832502756e-02 3.92181970410004771e-02 -6.19225069957100249e-01 3.92181970410004771e-02 -1.31607948519876811e-01
6.50000000000000000e+00 -3.02765562585560888e+00 1.91754501986370007e-01 -6.43487424969931943e-01 1.91754501986370007e-01 -1.21446404663838586e-02 4.07548367310534981e-02 -6.43487424969931943e-01 4.07548367310534981e-02 -1.36764585297714236e-01
6.75000000000000000e+00 -3.14153340403770320e+00 1.98966873319536663e-01 -6.67690612947423490e-01 1.98966873319536663e-01 -1.26014310806537074e-02 4.22877291173184705e-02 -6.67690612947423490e-01 4.22877291173184705e-02 -1.41908646919087666e-01
7.00000000000000000e+00 -3.25512248480238320e+00 2.06160960198874366e-01 -6.91832442177195861e-01 2.06160960198874366e-01 -1.30570636615236785e-02 4.38167353891882327e-02 -6.91832442177195861e-01 4.38167353891882327e-02 -1.47039667565050297e-01
7.25000000000000000e+00 -3.36841260019774191e+00 2.13336112310659298e-01 -7.15910730344366142e-01 2.13336112310659298e-01 -1.35114970218180655e-02 4.53417173312396019e-02 -7.15910730344366142e-01 4.53417173312396019e-02 -1.52157183413966501e-01
7.50000000000000000e+00 -3.48139352803410729e+00 2.20491682239487619e-01 -7.39923304860198416e-01 2.20491682239487619e-01 -1.39646901579242779e-02 4.68625373440482926e-02 -7.39923304860198416e-01 4.68625373440482926e-02 -1.57260732711362206e-01
7.75000000000000000e+00 -3.59405509342057750e+00 2.27627025565590779e-01 -7.63868003188672984e-01 2.27627025565590779e-01 -1.44166022559562394e-02 4.83790584648719144e-02 -7.63868003188672984e-01 4.83790584648719144e-02 -1.62349855839332757e-01
8.00000000000000000e+00 -3.70638717029141684e+00 2.34741500961508753e-01 -7.87742673170901631e-01 2.34741500961508753e-01 -1.48671926978771254e-02 4.98911443881966468e-02 -7.87742673170901631e-01 4.98911443881966468e-02 -1.67424095385493049e-01
8.25000000000000000e+00 -3.81837968292200314e+00 2.41834470288101677e-01 -8.11545173347322235e-01 2.41834470288101677e-01 -1.53164210675801899e-02 5.13986594861431528e-02 -8.11545173347322235e-01 5.13986594861431528e-02 -1.72482996211455630e-01
8.50000000000000000e+00 -3.93002260743401655e+00 2.48905298689879761e-01 -8.35273373277605202e-01 2.48905298689879761e-01 -1.57642471569264218e-02 5.29014688287276907e-02 -8.35273373277605202e-01 5.29014688287276907e-02 -1.77526105520822569e-01
8.75000000000000000e+00 -4.04130597328953023e+00 2.55953354689630597e-01 -8.58925153858203561e-01 2.55953354689630597e-01 -1.62106309717377044e-02 5.43994382039738739e-02 -8.58925153858203561e-01 5.43994382039738739e-02 -1.82552972926676244e-01
9.00000000000000000e+00 -4.15221986477372251e+00 2.62978010282325758e-01 -8.82498407637483107e-01 2.62978010282325758e-01 -1.66555327377443212e-02 5.58924341378712886e-02 -8.82498407637483107e-01 5.58924341378712886e-02 -1.87563150518556265e-01
9.25000000000000000e+00 -4.26275442246588199e+00 2.69978641028285837e-01 -9.05991039128363984e-01 2.69978641028285837e-01 -1.70989129064855021e-02 5.73803239141763913e-02 -9.05991039128363984e-01 5.73803239141763913e-02 -1.92556192928907133e-01
9.50000000000000000e+00 -4.37289984469839688e+00 2.76954626145584526e-01 -9.29400965118410194e-01 2.76954626145584526e-01 -1.75407321611617713e-02 5.88629755940518126e-02 -9.29400965118410194e-01 5.88629755940518126e-02 -1.97531657398983540e-01
9.75000000000000000e+00 -4.48264638900345691e+00 2.83905348601674545e-01 -9.52726114977306082e-01 2.83905348601674545e-01 -1.79809514224380136e-02 6.03402580355402035e-02 -9.52726114977306082e-01 6.03402580355402035e-02 -2.02489103844200408e-01
1.00000000000000000e+01 -4.59198437354711864e+00 2.90830195204213215e-01 -9.75964430961648088e-01 2.90830195204213215e-01 -1.84195318541958558e-02 6.18120409128679812e-02 -9.75964430961648088e-01 6.18120409128679812e-02 -2.07428094918912204e-01
1.02500000000000000e+01 -4.70090417855049836e+00 2.97728556691072621e-01 -9.99113868516999237e-01 2.97728556691072621e-01 -1.88564348692343876e-02 6.32781947355757629e-02 -9.99113868516999237e-01 6.32781947355757629e-02 -2.12348196080610702e-01
1.05000000000000000e+01 -4.80939624769774632e+00 3.04599827819512892e-01 -1.02217239657713588e+00 3.04599827819512892e-01 -1.92916221349178907e-02 6.47385908674709548e-02 -1.02217239657713588e+00 6.47385908674709548e-02 -2.17248975653525661e-01
1.07500000000000000e+01 -4.91745108953055521e+00 3.11443407454502219e-01 -1.04513799786043182e+00 3.11443407454502219e-01 -1.97250555787695479e-02 6.61931015453990218e-02 -1.04513799786043182e+00 6.61931015453990218e-02 -2.22130004891617439e-01
1.10000000000000000e+01 -5.02505927882888948e+00 3.18258698656164463e-01 -1.06800866916331261e+00 3.18258698656164463e-01 -2.01566973940098537e-02 6.76415998978292243e-02 -1.06800866916331261e+00 6.76415998978292243e-02 -2.26990858040946653e-01
1.12500000000000000e+01 -5.13221145797768497e+00 3.25045108766338464e-01 -1.09078242165073114e+00 3.25045108766338464e-01 -2.05865100450387910e-02 6.90839599632516732e-02 -1.09078242165073114e+00 6.90839599632516732e-02 -2.31831112401410799e-01
1.15000000000000000e+01 -5.23889833831920448e+00 3.31802049494227980e-01 -1.11345728114359011e+00 3.31802049494227980e-01 -2.10144562728604330e-02 7.05200567083811153e-02 -1.11345728114359011e+00 7.05200567083811153e-02 -2.36650348387832304e-01
1.17500000000000000e+01 -5.34511070149082013e+00 3.38528937001129626e-01 -1.13603128840307144e+00 3.38528937001129626e-01 -2.14404991004490987e-02 7.19497660461646260e-02 -1.13603128840307144e+00 7.19497660461646260e-02 -2.41448149590388517e-01
1.20000000000000000e+01 -5.45083940074790263e+00 3.45225191984217139e-01 -1.15850249941179828e+00 3.45225191984217139e-01 -2.18646018380557992e-02 7.33729648535888929e-02 -1.15850249941179828e+00 7.33729648535888929e-02 -2.46224102834369268e-01
1.22500000000000000e+01 -5.55607536227161347e+00 3.51890239759369339e-01 -1.18086898565178822e+00 3.51890239759369339e-01 -2.22867280884540761e-02 7.47895309892841476e-02 -1.18086898565178822e+00 7.47895309892841476e-02 -2.50977798239251815e-01
1.25000000000000000e+01 -5.66080958646127819e+00 3.58523510343021823e-01 -1.20312883437912999e+00 3.58523510343021823e-01 -2.27068417521240212e-02 7.61993433109206530e-02 -1.20312883437912999e+00 7.61993433109206530e-02 -2.55708829277079774e-01
1.27500000000000000e+01 -5.76503314921113130e+00 3.65124438533028672e-01 -1.22528014889533798e+00 3.65124438533028672e-01 -2.31249070323736039e-02 7.76022816923947895e-02 -1.22528014889533798e+00 7.76022816923947895e-02 -2.60416792830135968e-01
1.30000000000000000e+01 -5.86873720317115399e+00 3.71692463988516908e-01 -1.24732104881532813e+00 3.71692463988516908e-01 -2.35408884403962015e-02 7.89982270408010334e-02 -1.24732104881532813e+00 7.89982270408010334e-02 -2.65101289247896943e-01
1.32500000000000000e+01 -5.97191297899176643e+00 3.78227031308717987e-01 -1.26924967033195735e+00 3.78227031308717987e-01 -2.39547508002633212e-02 8.03870613131864586e-02 -1.26924967033195735e+00 8.03870613131864586e-02 -2.69761922403257304e-01
1.35000000000000000e+01 -6.07455178655213412e+00 3.84727590110761797e-01 -1.29106416647708633e+00 3.84727590110761797e-01 -2.43664592538516515e-02 8.17686675330849544e-02 -1.29106416647708633e+00 8.17686675330849544e-02 -2.74398299748015106e-01
1.37500000000000000e+01 -6.17664501617183159e+00 3.91193595106416769e-01 -1.31276270737910128e+00 3.91193595106416769e-01 -2.47759792657033344e-02 8.31429298068271788e-02 -1.31276270737910128e+00 8.31429298068271788e-02 -2.79010032367604743e-01
1.40000000000000000e+01 -6.27818413980566969e+00 3.97624506177763182e-01 -1.33434348051685747e+00 3.97624506177763182e-01 -2.51832766278186730e-02 8.45097333396239020e-02 -1.33434348051685747e+00 8.45097333396239020e-02 -2.83596735035068992e-01
1.42500000000000000e+01 -6.37916071222138470e+00 4.04019788451781436e-01 -1.35580469096998368e+00 4.04019788451781436e-01 -2.55883174643801552e-02 8.58689644514188249e-02 -1.35580469096998368e+00 8.58689644514188249e-02 -2.88158026264258016e-01
1.45000000000000000e+01 -6.47956637216005582e+00 4.10378912373846272e-01 -1.37714456166551025e+00 4.10378912373846272e-01 -2.59910682364071326e-02 8.72205105925086960e-02 -1.37714456166551025e+00 8.72205105925086960e-02 -2.92693528362246769e-01
1.47500000000000000e+01 -6.57939284347894482e+00 4.16701353780107864e-01 -1.39836133362076631e+00 4.16701353780107864e-01 -2.63914957463400289e-02 8.85642603589270050e-02 -1.39836133362076631e+00 8.85642603589270050e-02 -2.97202867480959754e-01
1.50000000000000000e+01 -6.67863193627660490e+00 4.22986593968749436e-01 -1.41945326618250611e+00 4.22986593968749436e-01 -2.67895671425534242e-02 8.99001035075887855e-02 -1.41945326618250611e+00 8.99001035075887855e-02 -3.01685673667993592e-01
1.52500000000000000e+01 -6.77727554799999954e+00 4.29234119770106337e-01 -1.44041863726221164e+00 4.29234119770106337e-01 -2.71852499237969641e-02 9.12279309711934855e-02 -1.44041863726221164e+00 9.12279309711934855e-02 -3.06141580916628020e-01
1.55000000000000000e+01 -6.87531566453346699e+00 4.35443423615634706e-01 -1.46125574356753796e+00 4.35443423615634706e-01 -2.75785119435634496e-02 9.25476348728833526e-02 -1.46125574356753796e+00 9.25476348728833526e-02 -3.10570227215016093e-01
1.57500000000000000e+01 -6.97274436126928965e+00 4.41614003605715011e-01 -1.48196290082984850e+00 4.41614003605715011e-01 -2.79693214143831477e-02 9.38591085406541709e-02 -1.48196290082984850e+00 9.38591085406541709e-02 -3.14971254594543726e-01
1.60000000000000000e+01 -7.06955380415970858e+00 4.47745363576281141e-01 -1.50253844402780556e+00 4.47745363576281141e-01 -2.83576469120436700e-02 9.51622465215162805e-02 -1.50253844402780556e+00 9.51622465215162805e-02 -3.19344309177351293e-01
1.62500000000000000e+01 -7.16573625075015652e+00 4.53837013164258896e-01 -1.52298072760697067e+00 4.53837013164258896e-01 -2.87434573797345112e-02 9.64569445954028132e-02 -1.52298072760697067e+00 9.64569445954028132e-02 -3.23689041223006180e-01
1.65000000000000000e+01 -7.26128405119355236e+00 4.59888467871806317e-01 -1.54328812569537988e+00 4.59888467871806317e-01 -2.91267221321156247e-02 9.77430997888229375e-02 -1.54328812569537988e+00 9.77430997888229375e-02 -3.28005105174320633e-01
1.67500000000000000e+01 -7.35618964924545260e+00 4.65899249129340498e-01 -1.56345903231504879e+00 4.65899249129340498e-01 -2.95074108593092119e-02 9.90206103882574906e-02 -1.56345903231504879e+00 9.90206103882574906e-02 -3.32292159702304357e-01
1.70000000000000000e+01 -7.45044558323989836e+00 4.71868884357342200e-01 -1.58349186158937605e+00 4.71868884357342200e-01 -2.98854936308140633e-02 1.00289375953294638e-01 -1.58349186158937605e+00 1.00289375953294638e-01 -3.36549867750245313e-01
1.72500000000000000e+01 -7.54404448704577923e+00 4.77796907026926565e-01 -1.60338504794640557e+00 4.77796907026926565e-01 -3.02609408993417817e-02 1.01549297329503407e-01 -1.60338504794640557e+00 1.01549297329503407e-01 -3.40777896576910266e-01
1.75000000000000000e+01 -7.63697909100353645e+00 4.83682856719168830e-01 -1.62313704631791045e+00 4.83682856719168830e-01 -3.06337235045740994e-02 1.02800276661042536e-01 -1.62313704631791045e+00 1.02800276661042536e-01 -3.44975917798857612e-01
1.77500000000000000e+01 -7.72924222284208984e+00 4.89526279183176705e-01 -1.64274633233427303e+00 4.89526279183176705e-01 -3.10038126768408945e-02 1.04042217403002998e-01 -1.64274633233427303e+00 1.04042217403002998e-01 -3.49143607431856129e-01
1.80000000000000000e+01 -7.82082680857575507e+00 4.95326726392896655e-01 -1.66221140251511290e+00 4.95326726392896655e-01 -3.13711800407179345e-02 1.05275024333481404e-01 -1.66221140251511290e+00 1.05275024333481404e-01 -3.53280645931400794e-01
1.82500000000000000e+01 -7.91172587338107824e+00 5.01083756602647035e-01 -1.68153077445564625e+00 5.01083756602647035e-01 -3.17357976185440871e-02 1.06498603565382821e-01 -1.68153077445564625e+00 1.06498603565382821e-01 -3.57386718232320710e-01
1.85000000000000000e+01 -8.00193254245339425e+00 5.06796934401368193e-01 -1.70070298700873535e+00 5.06796934401368193e-01 -3.20976378338571275e-02 1.07712862557950872e-01 -1.70070298700873535e+00 1.07712862557950872e-01 -3.61461513787471433e-01
1.87500000000000000e+01 -8.09144004184297927e+00 5.12465830765578834e-01 -1.71972660046260173e+00 5.12465830765578834e-01 -3.24566735147478122e-02 1.08917710128023010e-01 -1.71972660046260173e+00 1.08917710128023010e-01 -3.65504726605505315e-01
1.90000000000000000e+01 -8.18024169927068101e+00 5.18090023111034692e-01 -1.73860019671417887e+00 5.18090023111034692e-01 -3.28128778971315122e-02 1.10113056461009690e-01 -1.73860019671417887e+00 1.10113056461009690e-01 -3.69516055287715472e-01
1.92500000000000000e+01 -8.26833094492287124e+00 5.23669095343074709e-01 -1.75732237943806546e+00 5.23669095343074709e-01 -3.31662246279369674e-02 1.11298813121594925e-01 -1.75732237943806546e+00 1.11298813121594925e-01 -3.73495203063944403e-01
1.95000000000000000e+01 -8.35570131222560342e+00 5.29202637905653028e-01 -1.77589177425106493e+00 5.29202637905653028e-01 -3.35166877682116227e-02 1.12474893064157339e-01 -1.77589177425106493e+00 1.12474893064157339e-01 -3.77441877827554673e-01
1.97500000000000000e+01 -8.44234643859787504e+00 5.34690247829045728e-01 -1.79430702887228066e+00 5.34690247829045728e-01 -3.38642417961431338e-02 1.13641210642909551e-01 -1.79430702887228066e+00 1.13641210642909551e-01 -3.81355792169455088e-01
2.00000000000000000e+01 -8.52826006618385968e+00 5.40131528776226499e-01 -1.81256681327874114e+00 5.40131528776226499e-01 -3.42088616099965465e-02 1.14797681621754716e-01 -1.81256681327874114e+00 1.14797681621754716e-01 -3.85236663411176627e-01
2.02500000000000000e+01 -8.61343604256400042e+00 5.45526091087903287e-01 -1.83066981985653432e+00 5.45526091087903287e-01 -3.45505225309666042e-02 1.15944223183858469e-01 -1.83066981985653432e+00 1.15944223183858469e-01 -3.89084213636993970e-01
2.05000000000000000e+01 -8.69786832144489175e+00 5.50873551826211116e-01 -1.84861476354743193e+00 5.50873551826211116e-01 -3.48892003059450909e-02 1.17080753940935270e-01 -1.84861476354743193e+00 1.17080753940935270e-01 -3.92898169725088620e-01
2.07500000000000000e+01 -8.78155096332780616e+00 5.56173534817053117e-01 -1.86640038199097602e+00 5.56173534817053117e-01 -3.52248711102024145e-02 1.18207193942247379e-01 -1.86640038199097602e+00 1.18207193942247379e-01 -3.96678263377747586e-01
2.10000000000000000e+01 -8.86447813615583868e+00 5.61425670691087064e-01 -1.88402543566202119e+00 5.61425670691087064e-01 -3.55575115499834477e-02 1.19323464683315963e-01 -1.88402543566202119e+00 1.19323464683315963e-01 -4.00424231150595777e-01
2.12500000000000000e+01 -8.94664411593948294e+00 5.66629596923345469e-01 -1.90148870800369219e+00 5.66629596923345469e-01 -3.58870986650168880e-02 1.20429489114341912e-01 -1.90148870800369219e+00 1.20429489114341912e-01 -4.04135814480854727e-01
2.15000000000000000e+01 -9.02804328736068662e+00 5.71784957871493416e-01 -1.91878900555576748e+00 5.71784957871493416e-01 -3.62136099309382578e-02 1.21525191648336903e-01 -1.91878900555576748e+00 1.21525191648336903e-01 -4.07812759714628659e-01
2.17500000000000000e+01 -9.10867014435520339e+00 5.76891404812710618e-01 -1.93592515807845000e+00 5.76891404812710618e-01 -3.65370232616258339e-02 1.22610498168962384e-01 -1.93592515807845000e+00 1.22610498168962384e-01 -4.11454818133210165e-01
2.20000000000000000e+01 -9.18851929067323603e+00 5.81948595979200900e-01 -1.95289601867152629e+00 5.81948595979200900e-01 -3.68573170114495641e-02 1.23685336038076313e-01 -1.95289601867152629e+00 1.23685336038076313e-01 -4.15061745978406005e-01
2.22500000000000000e+01 -9.26758544041825871e+00 5.86956196592316237e-01 -1.96970046388888309e+00 5.86956196592316237e-01 -3.71744699774323520e-02 1.24749634102986146e-01 -1.96970046388888309e+00 1.24749634102986146e-01 -4.18633304476875967e-01
2.25000000000000000e+01 -9.34586341856402747e+00 5.91913878895302670e-01 -1.98633739384839192e+00 5.91913878895302670e-01 -3.74884614013239470e-02 1.25803322703408188e-01 -1.98633739384839192e+00 1.25803322703408188e-01 -4.22169259863487745e-01
2.27500000000000000e+01 -9.42334816144963128e+00 5.96821322184653669e-01 -2.00280573233712733e+00 5.96821322184653669e-01 -3.77992709715867237e-02 1.26846333678131584e-01 -2.00280573233712733e+00 1.26846333678131584e-01 -4.25669383403678991e-01
2.30000000000000000e+01 -9.50003471725264959e+00 6.01678212840076831e-01 -2.01910442691192804e+00 6.01678212840076831e-01 -3.81068788252935803e-02 1.27878600371387235e-01 -2.01910442691192804e+00 1.27878600371387235e-01 -4.29133451414830613e-01
2.32500000000000000e+01 -9.57591824644026879e+00 6.06484244353065693e-01 -2.03523244899527578e+00 6.06484244353065693e-01 -3.84112655499375122e-02 1.28900057638920290e-01 -2.03523244899527578e+00 1.28900057638920290e-01 -4.32561245286644858e-01
2.35000000000000000e+01 -9.65099402219840030e+00 6.11239117354077099e-01 -2.05118879396649989e+00 6.11239117354077099e-01 -3.87124121851529085e-02 1.29910641853766440e-01 -2.05118879396649989e+00 1.29910641853766440e-01 -4.35952551500528862e-01
2.37500000000000000e+01 -9.72525743083871319e+00 6.15942539638310360e-01 -2.06697248124828592e+00 6.15942539638310360e-01 -3.90103002243482044e-02 1.30910290911730953e-01 -2.06697248124828592e+00 1.30910290911730953e-01 -4.39307161647981448e-01
2.40000000000000000e+01 -9.79870397218359912e+00 6.20594226190089082e-01 -2.08258255438849371e+00 6.20594226190089082e-01 -3.93049116162501322e-02 1.31898944236570503e-01 -2.08258255438849371e+00 1.31898944236570503e-01 -4.42624872447982320e-01
2.42500000000000000e+01 -9.87132925992903232e+00 6.25193899205842674e-01 -2.09801808113728105e+00 6.25193899205842674e-01 -3.95962287663592163e-02 1.32876542784877844e-01 -2.09801808113728105e+00 1.32876542784877844e-01 -4.45905485763383624e-01
2.45000000000000000e+01 -9.94312902198529969e+00 6.29741288115685638e-01 -2.11327815351951731e+00 6.29741288115685638e-01 -3.98842345383164723e-02 1.33843029050667972e-01 -2.11327815351951731e+00 1.33843029050667972e-01 -4.49148808616300521e-01
2.47500000000000000e+01 -1.00140991007956099e+01 6.34236129603597099e-01 -2.12836188790250302e+00 6.34236129603597099e-01 -4.01689122551815020e-02 1.34798347069667174e-01 -2.12836188790250302e+00 1.34798347069667174e-01 -4.52354653202504120e-01
2.50000000000000000e+01 -1.00842354536325765e+01 6.38678167626198223e-01 -2.14326842505898307e+00 6.38678167626198223e-01 -4.04502457006217092e-02 1.35742442423303800e-01 -2.14326842505898307e+00 1.35742442423303800e-01 -4.55522836904813766e-01
2.52500000000000000e+01 -1.01535341528725720e+01 6.43067153430128102e-01 -2.15799693022545469e+00 6.43067153430128102e-01 -4.07282191200128221e-02 1.36675262242401396e-01 -2.15799693022545469e+00 1.36675262242401396e-01 -4.58653182305490181e-01
2.55000000000000000e+01 -1.02219913862479554e+01 6.47402845568018415e-01 -2.17254659315577614e+00 6.47402845568018415e-01 -4.10028172214506048e-02 1.37596755210573740e-01 -2.17254659315577614e+00 1.37596755210573740e-01 -4.61745517197628852e-01
2.57500000000000000e+01 -1.02896034570772059e+01 6.51685009913068658e-01 -2.18691662817008003e+00 6.51685009913068658e-01 -4.12740251766740007e-02 1.38506871567322803e-01 -2.18691662817008003e+00 1.38506871567322803e-01 -4.64799674595555767e-01
2.60000000000000000e+01 -1.03563667844729519e+01 6.55913419672222386e-01 -2.20110627419898508e+00 6.55913419672222386e-01 -4.15418286218996111e-02 1.39405563110838959e-01 -2.20110627419898508e+00 1.39405563110838959e-01 -4.67815492744224681e-01
2.62500000000000000e+01 -1.04222779035279629e+01 6.60087855397945455e-01 -2.21511479482312623e+00 6.60087855397945455e-01 -4.18062136585676813e-02 1.40292783200504506e-01 -2.21511479482312623e+00 1.40292783200504506e-01 -4.70792815127618058e-01
2.65000000000000000e+01 -1.04873334654790877e+01 6.64208104998610049e-01 -2.22894147830799927e+00 6.64208104998610049e-01 -4.20671668539997767e-02 1.41168486759100514e-01 -2.22894147830799927e+00 1.41168486759100514e-01 -4.73731490476153150e-01
2.67500000000000000e+01 -1.05515302378491924e+01 6.68273963747483601e-01 -2.24258563763412644e+00 6.68273963747483601e-01 -4.23246752419680627e-02 1.42032630274717436e-01 -2.24258563763412644e+00 1.42032630274717436e-01 -4.76631372773092921e-01
2.70000000000000000e+01 -1.06148651045671514e+01 6.72285234290329270e-01 -2.25604661052255917e+00 6.72285234290329270e-01 -4.25787263231766772e-02 1.42885171802370203e-01 -2.25604661052255917e+00 1.42885171802370203e-01 -4.79492321259967158e-01
2.72500000000000000e+01 -1.06773350660659290e+01 6.76241726651616415e-01 -2.26932375945572407e+00 6.76241726651616415e-01 -4.28293080656551028e-02 1.43726070965318586e-01 -2.26932375945572407e+00 1.43726070965318586e-01 -4.82314200441001872e-01
2.75000000000000000e+01 -1.07389372393587941e+01 6.80143258239348847e-01 -2.28241647169362105e+00 6.80143258239348847e-01 -4.30764089050639024e-02 1.44555288956092959e-01 -2.28241647169362105e+00 1.44555288956092959e-01 -4.85096880086562821e-01
2.77500000000000000e+01 -1.07996688580937032e+01 6.83989653848508516e-01 -2.29532415928538258e+00 6.83989653848508516e-01 -4.33200177449129045e-02 1.45372788537226599e-01 -2.29532415928538258e+00 1.45372788537226599e-01 -4.87840235235612041e-01
2.80000000000000000e+01 -1.08595272725859981e+01 6.87780745663126636e-01 -2.30804625907622096e+00 6.87780745663126636e-01 -4.35601239566922732e-02 1.46178534041695507e-01 -2.30804625907622096e+00 1.46178534041695507e-01 -4.90544146197184394e-01
2.82500000000000000e+01 -1.09185099498293496e+01 6.91516373256976791e-01 -2.32058223270975850e+00 6.91516373256976791e-01 -4.37967173799165069e-02 1.46972491373066033e-01 -2.32058223270975850e+00 1.46972491373066033e-01 -4.93208498550882612e-01
2.85000000000000000e+01 -1.09766144734851760e+01 6.95196383592904477e-01 -2.33293156662577328e+00 6.95196383592904477e-01 -4.40297883220818961e-02 1.47754628005352134e-01 -2.33293156662577328e+00 1.47754628005352134e-01 -4.95833183146398515e-01
2.87500000000000000e+01 -1.10338385438504556e+01 6.98820631020788841e-01 -2.34509377205336245e+00 6.98820631020788841e-01 -4.42593275585374812e-02 1.48524912982582413e-01 -2.34509377205336245e+00 1.48524912982582413e-01 -4.98418096102059671e-01
2.90000000000000000e+01 -1.10901799778041354e+01 7.02388977274148729e-01 -2.35706838499954952e+00 7.02388977274148729e-01 -4.44853263322700782e-02 1.49283316918078474e-01 -2.35706838499954952e+00 1.49283316918078474e-01 -5.00963138802408392e-01
2.92500000000000000e+01 -1.11456367087321695e+01 7.05901291465394487e-01 -2.36885496623335401e+00 7.05901291465394487e-01 -4.47077763536035469e-02 1.50029811993446005e-01 -2.36885496623335401e+00 1.50029811993446005e-01 -5.03468217894815551e-01
2.95000000000000000e+01 -1.12002067864312824e+01 7.09357450079732832e-01 -2.38045310126533494e+00 7.09357450079732832e-01 -4.49266697998127948e-02 1.50764371957279320e-01 -2.38045310126533494e+00 1.50764371957279320e-01 -5.05933245285133060e-01
2.97500000000000000e+01 -1.12538883769915490e+01 7.12757336967730915e-01 -2.39186240032263919e+00 7.12757336967730915e-01 -4.51419993146527851e-02 1.51486972123580810e-01 -2.39186240032263919e+00 1.51486972123580810e-01 -5.08358138132390724e-01
3.00000000000000000e+01 -1.13066797626579234e+01 7.16100843336545667e-01 -2.40308249831956733e+00 7.16100843336545667e-01 -4.53537580078030855e-02 1.52197589369896996e-01 -2.40308249831956733e+00 1.52197589369896996e-01 -5.10742818842540247e-01
3.02500000000000000e+01 -1.13585793416707777e+01 7.19387867739824549e-01 -2.41411305482368332e+00 7.19387867739824549e-01 -4.55619394542282063e-02 1.52896202135171938e-01 -2.41411305482368332e+00 1.52896202135171938e-01 -5.13087215061252544e-01
3.05000000000000000e+01 -1.14095856280855994e+01 7.22618316066286459e-01 -2.42495375401749502e+00 7.22618316066286459e-01 -4.57665376934544288e-02 1.53582790417320425e-01 -2.42495375401749502e+00 1.53582790417320425e-01 -5.15391259665773260e-01
3.07500000000000000e+01 -1.14596972515719457e+01 7.25792101526988365e-01 -2.43560430465572297e+00 7.25792101526988365e-01 -4.59675472287632836e-02 1.54257335770521531e-01 -2.43560430465572297e+00 1.54257335770521531e-01 -5.17654890755841035e-01
3.10000000000000000e+01 -1.15089129571917788e+01 7.28909144641286311e-01 -2.44606444001819012e+00 7.28909144641286311e-01 -4.61649630263024566e-02 1.54919821302234889e-01 -2.44606444001819012e+00 1.54919821302234889e-01 -5.19878051643674399e-01
3.12500000000000000e+01 -1.15572316051572912e+01 7.31969373221497910e-01 -2.45633391785834876e+00 7.31969373221497910e-01 -4.63587805141143644e-02 1.55570231669940828e-01 -2.45633391785834876e+00 1.55570231669940828e-01 -5.22060690843032527e-01
3.15000000000000000e+01 -1.16046521705683965e+01 7.34972722356275754e-01 -2.46641252034749003e+00 7.34972722356275754e-01 -4.65489955810831427e-02 1.56208553077606782e-01 -2.46641252034749003e+00 1.56208553077606782e-01 -5.24202762057357052e-01
3.17500000000000000e+01 -1.16511737431299593e+01 7.37919134392698850e-01 -2.47630005401464270e+00 7.37919134392698850e-01 -4.67356045758003935e-02 1.56834773271880862e-01 -2.47630005401464270e+00 1.56834773271880862e-01 -5.26304224166998846e-01
3.20000000000000000e+01 -1.16967955268489394e+01 7.40808558917091631e-01 -2.48599634968220728e+00 7.40808558917091631e-01 -4.69186043053504004e-02 1.57448881538015312e-01 -2.48599634968220728e+00 1.57448881538015312e-01 -5.28365041215537956e-01
3.22500000000000000e+01 -1.17415168397115970e+01 7.43640952734579419e-01 -2.49550126239734960e+00 7.43640952734579419e-01 -4.70979920340152750e-02 1.58050868695521374e-01 -2.49550126239734960e+00 1.58050868695521374e-01 -5.30385182395201382e-01
3.25000000000000000e+01 -1.17853371133408924e+01 7.46416279847390451e-01 -2.50481467135918434e+00 7.46416279847390451e-01 -4.72737654819007022e-02 1.58640727093557421e-01 -2.50481467135918434e+00 1.58640727093557421e-01 -5.32364622031388346e-01
3.27500000000000000e+01 -1.18282558926342247e+01 7.49134511431912342e-01 -2.51393647984178381e+00 7.49134511431912342e-01 -4.74459228234828737e-02 1.59218450606052858e-01 -2.51393647984178381e+00 1.59218450606052858e-01 -5.34303339566305491e-01
3.30000000000000000e+01 -1.18702728353816767e+01 7.51795625814513313e-01 -2.52286661511303878e+00 7.51795625814513313e-01 -4.76144626860771289e-02 1.59784034626569205e-01 -2.52286661511303878e+00 1.59784034626569205e-01 -5.36201319541722565e-01
3.32500000000000000e+01 -1.19113877118649398e+01 7.54399608446141512e-01 -2.53160502834941692e+00 7.54399608446141512e-01 -4.77793841482291870e-02 1.60337476062901413e-01 -2.53160502834941692e+00 1.60337476062901413e-01 -5.38058551580855582e-01
3.35000000000000000e+01 -1.19516004044370607e+01 7.56946451875707194e-01 -2.54015169454664314e+00 7.56946451875707194e-01 -4.79406867380293769e-02 1.60878773331420755e-01 -2.54015169454664314e+00 1.60878773331420755e-01 -5.39875030369382336e-01
3.37500000000000000e+01 -1.19909109070831725e+01 7.59436155722262973e-01 -2.54850661242633780e+00 7.59436155722262973e-01 -4.80983704313506580e-02 1.61407926351161968e-01 -2.54850661242633780e+00 1.61407926351161968e-01 -5.41650755635600833e-01
3.40000000000000000e+01 -1.20293193249624064e+01 7.61868726645990813e-01 -2.55666980433865909e+00 7.61868726645990813e-01 -4.82524356500110899e-02 1.61924936537656994e-01 -2.55666980433865909e+00 1.61924936537656994e-01 -5.43385732129735732e-01
3.42500000000000000e+01 -1.20668258739311618e+01 7.64244178318008061e-01 -2.56464131616097646e+00 7.64244178318008061e-01 -4.84028832598615774e-02 1.62429806796517723e-01 -2.56464131616097646e+00 1.62429806796517723e-01 -5.45079969602404235e-01
3.45000000000000000e+01 -1.21034308800478811e+01 7.66562531389003543e-01 -2.57242121719261974e+00 7.66562531389003543e-01 -4.85497145687993972e-02 1.62922541516769964e-01 -2.57242121719261974e+00 1.62922541516769964e-01 -5.46733482782245650e-01
3.47500000000000000e+01 -1.21391347790595461e+01 7.68823813456715133e-01 -2.58000960004574242e+00 7.68823813456715133e-01 -4.86929313247084147e-02 1.63403146563941115e-01 -2.58000960004574242e+00 1.63403146563941115e-01 -5.48346291352725612e-01
3.50000000000000000e+01 -1.21739381158700617e+01 7.71028059032259572e-01 -2.58740658053232986e+00 7.71028059032259572e-01 -4.88325357133266719e-02 1.63871629272904301e-01 -2.58740658053232986e+00 1.63871629272904301e-01 -5.49918419928121960e-01
3.52500000000000000e+01 -1.22078415439907513e+01 7.73175309505330310e-01 -2.59461229754741174e+00 7.73175309505330310e-01 -4.89685303560421226e-02 1.64327998440481376e-01 -2.59461229754741174e+00 1.64327998440481376e-01 -5.51449898028702368e-01
3.55000000000000000e+01 -1.22408458249731069e+01 7.75265613108271023e-01 -2.60162691294850035e+00 7.75265613108271023e-01 -4.91009183076173486e-02 1.64772264317807365e-01 -2.60162691294850035e+00 1.64772264317807365e-01 -5.52940760055101288e-01
3.57500000000000000e+01 -1.22729518278240395e+01 7.77299024879041234e-01 -2.60845061143131085e+00 7.77299024879041234e-01 -4.92297030538439151e-02 1.65204438602459286e-01 -2.60845061143131085e+00 1.65204438602459286e-01 -5.54391045261905191e-01
3.60000000000000000e+01 -1.23041605284038091e+01 7.79275606623084260e-01 -2.61508360040179788e+00 7.79275606623084260e-01 -4.93548885091273995e-02 1.65624534430351661e-01 -2.61508360040179788e+00 1.65624534430351661e-01 -5.55800797730456320e-01
3.62500000000000000e+01 -1.23344730088068477e+01 7.81195426874112253e-01 -2.62152610984455903e+00 7.81195426874112253e-01 -4.94764790140036492e-02 1.66032566367401963e-01 -2.62152610984455903e+00 1.66032566367401963e-01 -5.57170066340883285e-01
3.65000000000000000e+01 -1.23638904567256613e+01 7.83058560853819086e-01 -2.62777839218763898e+00 7.83058560853819086e-01 -4.95944793325873087e-02 1.66428550400968100e-01 -2.62777839218763898e+00 1.66428550400968100e-01 -5.58498904743367275e-01
3.67500000000000000e+01 -1.23924141647980743e+01 7.84865090430538759e-01 -2.63384072216379828e+00 7.84865090430538759e-01 -4.97088946499534140e-02 1.66812503931061812e-01 -2.63384072216379828e+00 1.66812503931061812e-01 -5.59787371328656080e-01
3.70000000000000000e+01 -1.24200455299379655e+01 7.86615104076858307e-01 -2.63971339666826665e+00 7.86615104076858307e-01 -4.98197305694528525e-02 1.67184445761339895e-01 -2.63971339666826665e+00 1.67184445761339895e-01 -5.61035529197832172e-01
3.72500000000000000e+01 -1.24467860526497667e+01 7.88308696826201305e-01 -2.64539673461305158e+00 7.88308696826201305e-01 -4.99269931099626321e-02 1.67544396089876507e-01 -2.64539673461305158e+00 1.67544396089876507e-01 -5.62243446131347357e-01
3.75000000000000000e+01 -1.24726373363269314e+01 7.89945970228397631e-01 -2.65089107677783620e+00 7.89945970228397631e-01 -5.00306887030718822e-02 1.67892376499720275e-01 -2.65089107677783620e+00 1.67892376499720275e-01 -5.63411194557333572e-01
3.77500000000000000e+01 -1.24976010865345568e+01 7.91527032304247924e-01 -2.65619678565751061e+00 7.91527032304247924e-01 -5.01308241902042873e-02 1.68228409949237517e-01 -2.65619678565751061e+00 1.68228409949237517e-01 -5.64538851519197138e-01
3.80000000000000000e+01 -1.25216791102764535e+01 7.93051997499105155e-01 -2.66131424530639604e+00 7.93051997499105155e-01 -5.02274068196781262e-02 1.68552520762246555e-01 -2.66131424530639604e+00 1.68552520762246555e-01 -5.65626498642511688e-01
3.82500000000000000e+01 -1.25448733152468481e+01 7.94520986635480653e-01 -2.66624386117920764e+00 7.94520986635480653e-01 -5.03204442437046665e-02 1.68864734617944851e-01 -2.66624386117920764e+00 1.68864734617944851e-01 -5.66674222101215763e-01
3.85000000000000000e+01 -1.25671857090669779e+01 7.95934126864694558e-01 -2.67098605996879801e+00 7.95934126864694558e-01 -5.04099445153259607e-02 1.69165078540633007e-01 -2.67098605996879801e+00 1.69165078540633007e-01 -5.67682112583128395e-01
3.87500000000000000e+01 -1.25886183985067532e+01 7.97291551617581140e-01 -2.67554128944073799e+00 7.97291551617581140e-01 -5.04959160852928024e-02 1.69453580889237676e-01 -2.67554128944073799e+00 1.69453580889237676e-01 -5.68650265254790788e-01
3.90000000000000000e+01 -1.26091735886918279e+01 7.98593400554267974e-01 -2.67991001826478392e+00 7.98593400554267974e-01 -5.05783677988840136e-02 1.69730271346637929e-01 -2.67991001826478392e+00 1.69730271346637929e-01 -5.69578779725647411e-01
3.92500000000000000e+01 -1.26288535822962160e+01 7.99839819513041839e-01 -2.68409273584328467e+00 7.99839819513041839e-01 -5.06573088926679238e-02 1.69995180908797394e-01 -2.68409273584328467e+00 1.69995180908797394e-01 -5.70467760011575842e-01
3.95000000000000000e+01 -1.26476607787207609e+01 8.01030960458316676e-01 -2.68808995213657242e+00 8.01030960458316676e-01 -5.07327489912069371e-02 1.70248341873705522e-01 -2.68808995213657242e+00 1.70248341873705522e-01 -5.71317314497776230e-01
3.97500000000000000e+01 -1.26655976732576754e+01 8.02166981427721359e-01 -2.69190219748539850e+00 8.02166981427721359e-01 -5.08046981037063861e-02 1.70489787830131800e-01 -2.69190219748539850e+00 1.70489787830131800e-01 -5.72127555901032481e-01
4.00000000000000000e+01 -1.26826668562414042e+01 8.03248046478319488e-01 -2.69553002243046214e+00 8.03248046478319488e-01 -5.08731666206083816e-02 1.70719553646195427e-01 -2.69553002243046214e+00 1.70719553646195427e-01 -5.72898601231354943e-01
4.02500000000000000e+01 -1.26988710121860695e+01 8.04274325631979980e-01 -2.69897399752908207e+00 8.04274325631979980e-01 -5.09381653101319137e-02 1.70937675457754734e-01 -2.69897399752908207e+00 1.70937675457754734e-01 -5.73630571753017349e-01
4.05000000000000000e+01 -1.27142129189097304e+01 8.05245994819913324e-01 -2.70223471316907426e+00 8.05245994819913324e-01 -5.09997053147600854e-02 1.71144190656618927e-01 -2.70223471316907426e+00 1.71144190656618927e-01 -5.74323592944998129e-01
4.07500000000000000e+01 -1.27286954466457285e+01 8.06163235826388602e-01 -2.70531277937987724e+00 8.06163235826388602e-01 -5.10577981476754636e-02 1.71339137878586012e-01 -2.70531277937987724e+00 1.71339137878586012e-01 -5.74977794460838187e-01
4.10000000000000000e+01 -1.27423215571413682e+01 8.07026236231649041e-01 -2.70820882564098975e+00 8.07026236231649041e-01 -5.11124556891446938e-02 1.71522556991310277e-01 -2.70820882564098975e+00 1.71522556991310277e-01 -5.75593310087926802e-01
4.12500000000000000e+01 -1.27550943027441690e+01 8.07835189354041083e-01 -2.71092350068776611e+00 8.07835189354041083e-01 -5.11636901828532581e-02 1.71694489082002494e-01 -2.71092350068776611e+00 1.71694489082002494e-01 -5.76170277706226086e-01
4.15000000000000000e+01 -1.27670168254760039e+01 8.08590294191374737e-01 -2.71345747231463630e+00 8.08590294191374737e-01 -5.12115142321915989e-02 1.71854976444967000e-01 -2.71345747231463630e+00 1.71854976444967000e-01 -5.76708839246447780e-01
4.17500000000000000e+01 -1.27780923560953230e+01 8.09291755361530862e-01 -2.71581142717579649e+00 8.09291755361530862e-01 -5.12559407964934891e-02 1.72004062568978405e-01 -2.71581142717579649e+00 1.72004062568978405e-01 -5.77209140647692909e-01
4.20000000000000000e+01 -1.27883242131477388e+01 8.09939783042330053e-01 -2.71798607058341979e+00 8.09939783042330053e-01 -5.12969831872277099e-02 1.72141792124501702e-01 -2.71798607058341979e+00 1.72141792124501702e-01 -5.77671331814564426e-01
4.22500000000000000e+01 -1.27977158020052890e+01 8.10534592910685303e-01 -2.71998212630346670e+00 8.10534592910685303e-01 -5.13346550641442939e-02 1.72268210950759865e-01 -2.71998212630346670e+00 1.72268210950759865e-01 -5.78095566573769037e-01
4.25000000000000000e+01 -1.28062706138945632e+01 8.11076406081049139e-01 -2.72180033634912677e+00 8.11076406081049139e-01 -5.13689704313761361e-02 1.72383366042651698e-01 -2.72180033634912677e+00 1.72383366042651698e-01 -5.78482002630216541e-01
4.27500000000000000e+01 -1.28139922249140081e+01 8.11565449043175291e-01 -2.72344146077196125e+00 8.11565449043175291e-01 -5.13999436334971471e-02 1.72487305537523838e-01 -2.72344146077196125e+00 1.72487305537523838e-01 -5.78830801522629002e-01
4.30000000000000000e+01 -1.28208842950406918e+01 8.12001953599212345e-01 -2.72490627745079905e+00 8.12001953599212345e-01 -5.14275893515381555e-02 1.72580078701800921e-01 -2.72490627745079905e+00 1.72580078701800921e-01 -5.79142128578674975e-01
4.32500000000000000e+01 -1.28269505671267439e+01 8.12386156800144810e-01 -2.72619558187845090e+00 8.12386156800144810e-01 -5.14519225989614123e-02 1.72661735917476966e-01 -2.72619558187845090e+00 1.72661735917476966e-01 -5.79416152869636880e-01
4.35000000000000000e+01 -1.28321948658857767e+01 8.12718300881597799e-01 -2.72731018694628080e+00 8.12718300881597799e-01 -5.14729587175948647e-02 1.72732328668471491e-01 -2.72731018694628080e+00 1.72732328668471491e-01 -5.79653047164625734e-01
4.37500000000000000e+01 -1.28366210968695817e+01 8.12998633199027987e-01 -2.72825092272672087e+00 8.12998633199027987e-01 -5.14907133735274733e-02 1.72791909526855275e-01 -2.72825092272672087e+00 1.72791909526855275e-01 -5.79852987884357129e-01
4.40000000000000000e+01 -1.28402332454353107e+01 8.13227406162309152e-01 -2.72901863625375452e+00 8.13227406162309152e-01 -5.15052025529662838e-02 1.72840532138947400e-01 -2.72901863625375452e+00 1.72840532138947400e-01 -5.80016155054495886e-01
4.42500000000000000e+01 -1.28430353757034634e+01 8.13404877169738749e-01 -2.72961419130145710e+00 8.13404877169738749e-01 -5.15164425580567145e-02 1.72878251211289191e-01 -2.72961419130145710e+00 1.72878251211289191e-01 -5.80142732258587812e-01
4.45000000000000000e+01 -1.28450316295069502e+01 8.13531308541476372e-01 -2.73003846816062934e+00 8.13531308541476372e-01 -5.15244500026669772e-02 1.72905122496497504e-01 -2.73003846816062934e+00 1.72905122496497504e-01 -5.80232906590586350e-01
4.47500000000000000e+01 -1.28462262253314830e+01 8.13606967452434438e-01 -2.73029236341359116e+00 8.13606967452434438e-01 -5.15292418081377476e-02 1.72921202779001443e-01 -2.73029236341359116e+00 1.72921202779001443e-01 -5.80286868606987749e-01
4.50000000000000000e+01 -1.28466234572476026e+01 8.13632125864638844e-01 -2.73037678970720110e+00 8.13632125864638844e-01 -5.15308351989982663e-02 1.72926549860666717e-01 -2.73037678970720110e+00 1.72926549860666717e-01 -5.80304812278589988e-01
4.52500000000000000e+01 -1.28462276938345550e+01 8.13607060459073939e-01 -2.73029267552414057e+00 8.13607060459073939e-01 -5.15292476986497633e-02 1.72921222546310011e-01 -2.73029267552414057e+00 1.72921222546310011e-01 -5.80286934941881327e-01
4.55000000000000000e+01 -1.28450433770964096e+01 8.13532052567034314e-01 -2.73004096495254478e+00 8.13532052567034314e-01 -5.15244971250177208e-02 1.72905280629108843e-01 -2.73004096495254478e+00 1.72905280629108843e-01 -5.80233437250079698e-01
4.57500000000000000e+01 -1.28430750213705398e+01 8.13407388100995665e-01 -2.72962261745402213e+00 8.13407388100995665e-01 -5.15166015861735771e-02 1.72878784875909103e-01 -2.72962261745402213e+00 1.72878784875909103e-01 -5.80144523123827027e-01
4.60000000000000000e+01 -1.28403272122289014e+01 8.13233357485027120e-01 -2.72903860763013029e+00 8.13233357485027120e-01 -5.15055794759274668e-02 1.72841797012435072e-01 -2.72903860763013029e+00 1.72841797012435072e-01 -5.80020399701557943e-01
4.62500000000000000e+01 -1.28368046053722544e+01 8.13010255584757591e-01 -2.72828992498735978e+00 8.13010255584757591e-01 -5.14914494693926861e-02 1.72794379708404749e-01 -2.72828992498735978e+00 1.72794379708404749e-01 -5.79861277289549837e-01
4.65000000000000000e+01 -1.28325119255176947e+01 8.12738381636918694e-01 -2.72737757370069378e+00 8.12738381636918694e-01 -5.14742305185233381e-02 1.72736596562555134e-01 -2.72737757370069378e+00 1.72736596562555134e-01 -5.79667369311670511e-01
4.67500000000000000e+01 -1.28274539652797444e+01 8.12418039178479101e-01 -2.72630257237579920e+00 8.12418039178479101e-01 -5.14539418476260974e-02 1.72668512087580661e-01 -2.72630257237579920e+00 1.72668512087580661e-01 -5.79438892258835159e-01
4.70000000000000000e+01 -1.28216355840452412e+01 8.12049535975386427e-01 -2.72506595380989936e+00 8.12049535975386427e-01 -5.14306029488471317e-02 1.72590191694988376e-01 -2.72506595380989936e+00 1.72590191694988376e-01 -5.79176065638183357e-01
4.72500000000000000e+01 -1.28150617068423731e+01 8.11633183950938752e-01 -2.72366876475140218e+00 8.11633183950938752e-01 -5.14042335776355580e-02 1.72501701679874081e-01 -2.72366876475140218e+00 1.72501701679874081e-01 -5.78879111921991152e-01
4.75000000000000000e+01 -1.28077373232040959e+01 8.11169299113799203e-01 -2.72211206565833619e+00 8.11169299113799203e-01 -5.13748537481843182e-02 1.72403109205622906e-01 -2.72211206565833619e+00 1.72403109205622906e-01 -5.78548256496329127e-01
4.77500000000000000e+01 -1.27996674860262019e+01 8.10658201485672691e-01 -2.72039693045564501e+00 8.10658201485672691e-01 -5.13424837288496069e-02 1.72294482288538053e-01 -2.72039693045564501e+00 1.72294482288538053e-01 -5.78183727609480225e-01
4.80000000000000000e+01 -1.27908573104203374e+01 8.10100215028663695e-01 -2.71852444629141710e+00 8.10100215028663695e-01 -5.13071440375501078e-02 1.72175889782401448e-01 -2.71852444629141710e+00 1.72175889782401448e-01 -5.77785756320128185e-01
4.82500000000000000e+01 -1.27813119725622517e+01 8.09495667572328825e-01 -2.71649571329209172e+00 8.09495667572328825e-01 -5.12688554371470012e-02 1.72047401362969948e-01 -2.71649571329209172e+00 1.72047401362969948e-01 -5.77354576445330281e-01
4.85000000000000000e+01 -1.27710367085355117e+01 8.08844890740446187e-01 -2.71431184431670758e+00 8.08844890740446187e-01 -5.12276389308058411e-02 1.71909087512411102e-01 -2.71431184431670758e+00 1.71909087512411102e-01 -5.76890424508286759e-01
4.87500000000000000e+01 -1.27600368131710233e+01 8.08148219877516172e-01 -2.71197396471026009e+00 8.08148219877516172e-01 -5.11835157573416188e-02 1.71761019503681833e-01 -2.71197396471026009e+00 1.71761019503681833e-01 -5.76393539685919443e-01
4.90000000000000000e+01 -1.27483176388825772e+01 8.07405993975012004e-01 -2.70948321205621090e+00 8.07405993975012004e-01 -5.11365073865478470e-02 1.71603269384854012e-01 -2.70948321205621090e+00 1.71603269384854012e-01 -5.75864163756271474e-01
4.92500000000000000e+01 -1.27358845944987031e+01 8.06618555597395814e-01 -2.70684073592821539e+00 8.06618555597395814e-01 -5.10866355145108558e-02 1.71435909963390254e-01 -2.70684073592821539e+00 1.71435909963390254e-01 -5.75302541045740190e-01
4.95000000000000000e+01 -1.27227431440911616e+01 8.05786250807922100e-01 -2.70404769764113162e+00 8.05786250807922100e-01 -5.10339220589106010e-02 1.71259014790374281e-01 -2.70404769764113162e+00 1.71259014790374281e-01 -5.74708918376157341e-01
4.97500000000000000e+01 -1.27088988058002474e+01 8.04909429094239015e-01 -2.70110527000135825e+00 8.04909429094239015e-01 -5.09783891543086690e-02 1.71072658144698547e-01 -2.70110527000135825e+00 1.71072658144698547e-01 -5.74083545011726870e-01
5.00000000000000000e+01 -1.26943571506572734e+01 8.03988443293811139e-01 -2.69801463705656630e+00 8.03988443293811139e-01 -5.09200591474249925e-02 1.70876915017213971e-01 -2.69801463705656630e+00 1.70876915017213971e-01 -5.73426672605833909e-01
5.02500000000000000e+01 -1.26791238014044438e+01 8.03023649519177263e-01 -2.69477699384488156e+00 8.03023649519177263e-01 -5.08589545924040751e-02 1.70671861094844335e-01 -2.69477699384488156e+00 1.70671861094844335e-01 -5.72738555147736306e-01
5.05000000000000000e+01 -1.26632044313124048e+01 8.02015407083060294e-01 -2.69139354614356829e+00 8.02015407083060294e-01 -5.07950982460719236e-02 1.70457572744669467e-01 -2.69139354614356829e+00 1.70457572744669467e-01 -5.72019448909151684e-01
5.07500000000000000e+01 -1.26466047629957643e+01 8.00964078423349712e-01 -2.68786551021728570e+00 8.00964078423349712e-01 -5.07285130631848075e-02 1.70234126997981183e-01 -2.68786551021728570e+00 1.70234126997981183e-01 -5.71269612390752024e-01
5.10000000000000000e+01 -1.26293305672268072e+01 7.99870029027967999e-01 -2.68419411256595897e+00 7.99870029027967999e-01 -5.06592221916707733e-02 1.70001601534314845e-01 -2.68419411256595897e+00 1.70001601534314845e-01 -5.70489306268576968e-01
5.12500000000000000e+01 -1.26113876617476972e+01 7.98733627359643150e-01 -2.68038058967232784e+00 7.98733627359643150e-01 -5.05872489678651296e-02 1.69760074665460586e-01 -2.68038058967232784e+00 1.69760074665460586e-01 -5.69678793340379186e-01
5.15000000000000000e+01 -1.25927819100814329e+01 7.97555244780601247e-01 -2.67642618774923235e+00 7.97555244780601247e-01 -5.05126169117409360e-02 1.69509625319457818e-01 -2.67642618774923235e+00 1.69509625319457818e-01 -5.68838338471913119e-01
5.17500000000000000e+01 -1.25735192203418187e+01 7.96335255477196191e-01 -2.67233216248668715e+00 7.96335255477196191e-01 -5.04353497221354391e-02 1.69250333024576344e-01 -2.67233216248668715e+00 1.69250333024576344e-01 -5.67968208543179087e-01
5.20000000000000000e+01 -1.25536055440426857e+01 7.95074036384493477e-01 -2.66809977879879945e+00 7.95074036384493477e-01 -5.03554712719736716e-02 1.68982277893287486e-01 -2.66809977879879945e+00 1.68982277893287486e-01 -5.67068672394633766e-01
5.22500000000000000e+01 -1.25330468749066952e+01 7.93771967110825538e-01 -2.66373031057059251e+00 7.93771967110825538e-01 -5.02730056034901840e-02 1.68705540606229498e-01 -2.66373031057059251e+00 1.68705540606229498e-01 -5.66140000773381558e-01
5.25000000000000000e+01 -1.25118492476738759e+01 7.92429429862332113e-01 -2.65922504040478103e+00 7.92429429862332113e-01 -5.01879769234499160e-02 1.68420202396169671e-01 -2.65922504040478103e+00 1.68420202396169671e-01 -5.65182466279354534e-01
5.27500000000000000e+01 -1.24900187369102795e+01 7.91046809367506598e-01 -2.65458525936856260e+00 7.91046809367506598e-01 -5.01004095983693179e-02 1.68126345031967467e-01 -2.65458525936856260e+00 1.68126345031967467e-01 -5.64196343311496484e-01
5.30000000000000000e+01 -1.24675614558168810e+01 7.89624492801759281e-01 -2.64981226674046821e+00 7.89624492801759281e-01 -5.00103281497386518e-02 1.67824050802541619e-01 -2.64981226674046821e+00 1.67824050802541619e-01 -5.63181908013960064e-01
5.32500000000000000e+01 -1.24444835550390955e+01 7.88162869712018210e-01 -2.64490736975734020e+00 7.88162869712018210e-01 -4.99177572492466651e-02 1.67513402500845066e-01 -2.64490736975734020e+00 1.67513402500845066e-01 -5.62139438222329146e-01
5.35000000000000000e+01 -1.24207912214770833e+01 7.86662331941380910e-01 -2.63987188336147938e+00 7.86662331941380910e-01 -4.98227217140084153e-02 1.67194483407850591e-01 -2.63987188336147938e+00 1.67194483407850591e-01 -5.61069213409879364e-01
5.37500000000000000e+01 -1.23964906770971179e+01 7.85123273553833601e-01 -2.63470712994801559e+00 7.85123273553833601e-01 -4.97252465017974238e-02 1.66867377276550960e-01 -2.63470712994801559e+00 1.66867377276550960e-01 -5.59971514633884948e-01
5.40000000000000000e+01 -1.23715881777443091e+01 7.83546090759055125e-01 -2.62941443911256867e+00 7.83546090759055125e-01 -4.96253567062832010e-02 1.66532168315977031e-01 -2.62941443911256867e+00 1.66532168315977031e-01 -5.58846624481986964e-01
5.42500000000000000e+01 -1.23460900119568286e+01 7.81931181837317135e-01 -2.62399514739923001e+00 7.81931181837317135e-01 -4.95230775522748218e-02 1.66188941175236249e-01 -2.62399514739923001e+00 1.66188941175236249e-01 -5.57694827018630490e-01
5.45000000000000000e+01 -1.23200024997819959e+01 7.80278947064501960e-01 -2.61845059804893499e+00 7.80278947064501960e-01 -4.94184343909720158e-02 1.65837780927576228e-01 -2.61845059804893499e+00 1.65837780927576228e-01 -5.56516407731585061e-01
5.47500000000000000e+01 -1.22933319915943891e+01 7.78589788637247593e-01 -2.61278214074826920e+00 7.78589788637247593e-01 -4.93114526952242727e-02 1.65478773054475420e-01 -2.61278214074826920e+00 1.65478773054475420e-01 -5.55311653478555822e-01
5.50000000000000000e+01 -1.22660848669162501e+01 7.76864110598240010e-01 -2.60699113137876237e+00 7.76864110598240010e-01 -4.92021580547992374e-02 1.65112003429764759e-01 -2.60699113137876237e+00 1.65112003429764759e-01 -5.54080852433900151e-01
5.52500000000000000e+01 -1.22382675332404389e+01 7.75102318761664577e-01 -2.60107893176672134e+00 7.75102318761664577e-01 -4.90905761716612932e-02 1.64737558303783643e-01 -2.60107893176672134e+00 1.64737558303783643e-01 -5.52824294035457631e-01
5.55000000000000000e+01 -1.22098864248561210e+01 7.73304820638832990e-01 -2.59504690943364746e+00 7.73304820638832990e-01 -4.89767328552611278e-02 1.64355524287572718e-01 -2.59504690943364746e+00 1.64355524287572718e-01 -5.51542268931504931e-01
5.57500000000000000e+01 -1.21809480016774909e+01 7.71472025364000280e-01 -2.58889643734729757e+00 7.71472025364000280e-01 -4.88606540178374710e-02 1.63965988337107460e-01 -2.58889643734729757e+00 1.63965988337107460e-01 -5.50235068927846460e-01
5.60000000000000000e+01 -1.21514587480757026e+01 7.69604343620386211e-01 -2.58262889367342341e+00 7.69604343620386211e-01 -4.87423656697316549e-02 1.63569037737574891e-01 -2.58262889367342341e+00 1.63569037737574891e-01 -5.48902986935051129e-01
5.62500000000000000e+01 -1.21214251717142805e+01 7.67702187566417282e-01 -2.57624566152825896e+00 7.67702187566417282e-01 -4.86218939147162257e-02 1.63164760087697341e-01 -2.57624566152825896e+00 1.63164760087697341e-01 -5.47546316915845543e-01
5.65000000000000000e+01 -1.20908538023882013e+01 7.65765970762200432e-01 -2.56974812873177916e+00 7.65765970762200432e-01 -4.84992649453381969e-02 1.62753243284105481e-01 -2.56974812873177916e+00 1.62753243284105481e-01 -5.46165353832673728e-01
5.67500000000000000e+01 -1.20597511908669208e+01 7.63796108096246318e-01 -2.56313768756180194e+00 7.63796108096246318e-01 -4.83745050382781497e-02 1.62334575505764273e-01 -2.56313768756180194e+00 1.62334575505764273e-01 -5.44760393595433379e-01
5.70000000000000000e+01 -1.20281239077414952e+01 7.61793015712453836e-01 -2.55641573450895976e+00 7.61793015712453836e-01 -4.82476405497258010e-02 1.61908845198454554e-01 -2.55641573450895976e+00 1.61908845198454554e-01 -5.43331733009399964e-01
5.72500000000000000e+01 -1.19959785422760898e+01 7.59757110937370084e-01 -2.54958367003260244e+00 7.59757110937370084e-01 -4.81186979107730839e-02 1.61476141059313100e-01 -2.54958367003260244e+00 1.61476141059313100e-01 -5.41879669723346002e-01
5.75000000000000000e+01 -1.19633217012640518e+01 7.57688812207740980e-01 -2.54264289831767210e+00 7.57688812207740980e-01 -4.79877036228256240e-02 1.61036552021434493e-01 -2.54264289831767210e+00 1.61036552021434493e-01 -5.40404502177868507e-01
5.77500000000000000e+01 -1.19301600078887660e+01 7.55588538998364534e-01 -2.53559482703259187e+00 7.55588538998364534e-01 -4.78546842530333666e-02 1.60590167238537307e-01 -2.53559482703259187e+00 1.60590167238537307e-01 -5.38906529553931368e-01
5.80000000000000000e+01 -1.18965001005895168e+01 7.53456711750260300e-01 -2.52844086708822058e+00 7.53456711750260300e-01 -4.77196664297412365e-02 1.60137076069697515e-01 -2.52844086708822058e+00 1.60137076069697515e-01 -5.37386051721634783e-01
5.82500000000000000e+01 -1.18623486319325409e+01 7.51293751799169240e-01 -2.52118243239791218e+00 7.51293751799169240e-01 -4.75826768379607259e-02 1.59677368064152003e-01 -2.52118243239791218e+00 1.59677368064152003e-01 -5.35843369189218599e-01
5.85000000000000000e+01 -1.18277122674875113e+01 7.49100081304395427e-01 -2.51382093963872366e+00 7.49100081304395427e-01 -4.74437422148631383e-02 1.59211132946175032e-01 -2.51382093963872366e+00 1.59211132946175032e-01 -5.34278783052310691e-01
5.87500000000000000e+01 -1.17925976847096372e+01 7.46876123178006002e-01 -2.50635780801382424e+00 7.46876123178006002e-01 -4.73028893452955013e-02 1.58738460600030357e-01 -2.50635780801382424e+00 1.58738460600030357e-01 -5.32692594943429909e-01
5.90000000000000000e+01 -1.17570115718275563e+01 7.44622301014395194e-01 -2.49879445901612973e+00 7.44622301014395194e-01 -4.71601450573195941e-02 1.58259441055001282e-01 -2.49879445901612973e+00 1.58259441055001282e-01 -5.31085106981749933e-01
5.92500000000000000e+01 -1.17209606267372912e+01 7.42339039020234903e-01 -2.49113231619322795e+00 7.42339039020234903e-01 -4.70155362177753361e-02 1.57774164470502437e-01 -2.49113231619322795e+00 1.57774164470502437e-01 -5.29456621723137566e-01
5.95000000000000000e+01 -1.16844515559023545e+01 7.40026761944812983e-01 -2.48337280491361234e+00 7.40026761944812983e-01 -4.68690897278688998e-02 1.57282721121274172e-01 -2.48337280491361234e+00 1.57282721121274172e-01 -5.27807442110468150e-01
5.97500000000000000e+01 -1.16474910732603121e+01 7.37685895010781079e-01 -2.47551735213428481e+00 7.37685895010781079e-01 -4.67208325187866078e-02 1.56785201382663969e-01 -2.47551735213428481e+00 1.56785201382663969e-01 -5.26137871424233294e-01
6.00000000000000000e+01 -1.16100858991358873e+01 7.35316863845317692e-01 -2.46756738616975202e+00 7.35316863845317692e-01 -4.65707915473352260e-02 1.56281695715995955e-01 -2.46756738616975202e+00 1.56281695715995955e-01 -5.24448213233444149e-01
6.02500000000000000e+01 -1.15722427591608845e+01 7.32920094411721235e-01 -2.45952433646246948e+00 7.32920094411721235e-01 -4.64189937916094364e-02 1.55772294654032112e-01 -2.45952433646246948e+00 1.55772294654032112e-01 -5.22738771346841880e-01
6.05000000000000000e+01 -1.15339683832010316e+01 7.30496012941442840e-01 -2.45138963335475468e+00 7.30496012941442840e-01 -4.62654662466871897e-02 1.55257088786526637e-01 -2.45138963335475468e+00 1.55257088786526637e-01 -5.21009849764421551e-01
6.07500000000000000e+01 -1.14952695042900110e+01 7.28045045866574037e-01 -2.44316470786223361e+00 7.28045045866574037e-01 -4.61102359203538759e-02 1.54736168745877117e-01 -2.44316470786223361e+00 1.54736168745877117e-01 -5.19261752629280426e-01
6.10000000000000000e+01 -1.14561528575707392e+01 7.25567619752792936e-01 -2.43485099144881900e+00 7.25567619752792936e-01 -4.59533298288554923e-02 1.54209625192873234e-01 -2.43485099144881900e+00 1.54209625192873234e-01 -5.17494784179793554e-01
6.12500000000000000e+01 -1.14166251792441980e+01 7.23064161232789937e-01 -2.42644991580330238e+00 7.23064161232789937e-01 -4.57947749926821898e-02 1.53677548802547137e-01 -2.42644991580330238e+00 1.53677548802547137e-01 -5.15709248702130640e-01
6.15000000000000000e+01 -1.13766932055258838e+01 7.20535096940174369e-01 -2.41796291261756124e+00 7.20535096940174369e-01 -4.56345984323823436e-02 1.53140030250126319e-01 -2.41796291261756124e+00 1.53140030250126319e-01 -5.13905450483117199e-01
6.17500000000000000e+01 -1.13363636716101155e+01 7.17980853443879963e-01 -2.40939141336643292e+00 7.17980853443879963e-01 -4.54728271644081541e-02 1.52597160197092407e-01 -2.40939141336643292e+00 1.52597160197092407e-01 -5.12083693763450087e-01
6.20000000000000000e+01 -1.12956433106422853e+01 7.15401857183073475e-01 -2.40073684908928486e+00 7.15401857183073475e-01 -4.53094881969930904e-02 1.52049029277346703e-01 -2.40073684908928486e+00 1.52049029277346703e-01 -5.10244282691272866e-01
6.22500000000000000e+01 -1.12545388526993282e+01 7.12798534402582562e-01 -2.39200065017332575e+00 7.12798534402582562e-01 -4.51446085260623145e-02 1.51495728083486464e-01 -2.39200065017332575e+00 1.51495728083486464e-01 -5.08387521276121190e-01
6.25000000000000000e+01 -1.12130570237784362e+01 7.10171311088847346e-01 -2.38318424613866808e+00 7.10171311088847346e-01 -4.49782151311761622e-02 1.50937347153192014e-01 -2.38318424613866808e+00 1.50937347153192014e-01 -5.06513713343241356e-01
6.27500000000000000e+01 -1.11712045447942785e+01 7.07520612906409774e-01 -2.37428906542520313e+00 7.07520612906409774e-01 -4.48103349715077842e-02 1.50373976955728683e-01 -2.37428906542520313e+00 1.50373976955728683e-01 -5.04623162488293198e-01
6.30000000000000000e+01 -1.11289881305848013e+01 7.04846865134946876e-01 -2.36531653518129747e+00 7.04846865134946876e-01 -4.46409949818551838e-02 1.49805707878563898e-01 -2.36531653518129747e+00 1.49805707878563898e-01 -5.02716172032440456e-01
6.32500000000000000e+01 -1.10864144889258398e+01 7.02150492606861465e-01 -2.35626808105436014e+00 7.02150492606861465e-01 -4.44702220686885308e-02 1.49232630214102935e-01 -2.35626808105436014e+00 1.49232630214102935e-01 -5.00793044977838275e-01
6.35000000000000000e+01 -1.10434903195545751e+01 6.99431919645433831e-01 -2.34714512698329347e+00 6.99431919645433831e-01 -4.42980431062331009e-02 1.48654834146544040e-01 -2.34714512698329347e+00 1.48654834146544040e-01 -4.98854083963521822e-01
6.37500000000000000e+01 -1.10002223132021015e+01 6.96691570003549754e-01 -2.33794909499287584e+00 6.96691570003549754e-01 -4.41244849325885952e-02 1.48072409738855715e-01 -2.33794909499287584e+00 1.48072409738855715e-01 -4.96899591221705239e-01
6.40000000000000000e+01 -1.09566171506351289e+01 6.93929866803007722e-01 -2.32868140499009124e+00 6.93929866803007722e-01 -4.39495743458852492e-02 1.47485446919877305e-01 -2.32868140499009124e+00 1.47485446919877305e-01 -4.94929868534493722e-01
6.42500000000000000e+01 -1.09126815017070253e+01 6.91147232474417006e-01 -2.31934347456243906e+00 6.91147232474417006e-01 -4.37733381004772812e-02 1.46894035471545309e-01 -2.31934347456243906e+00 1.46894035471545309e-01 -4.92945217191017304e-01
6.45000000000000000e+01 -1.08684220244183400e+01 6.88344088697696921e-01 -2.30993671877826312e+00 6.88344088697696921e-01 -4.35958029031745034e-02 1.46298265016247125e-01 -2.30993671877826312e+00 1.46298265016247125e-01 -4.90945937944993471e-01
6.47500000000000000e+01 -1.08238453639868499e+01 6.85520856343178164e-01 -2.30046254998909872e+00 6.85520856343178164e-01 -4.34169954095119590e-02 1.45698225004303017e-01 -2.30046254998909872e+00 1.45698225004303017e-01 -4.88932330972718654e-01
6.50000000000000000e+01 -1.07789581519273554e+01 6.82677955413323434e-01 -2.29092237763410012e+00 6.82677955413323434e-01 -4.32369422200588743e-02 1.45094004701579571e-01 -2.29092237763410012e+00 1.45094004701579571e-01 -4.86904695831501977e-01
6.52500000000000000e+01 -1.07337670051412921e+01 6.79815804985067329e-01 -2.28131760804654693e+00 6.79815804985067329e-01 -4.30556698767667820e-02 1.44485693177234836e-01 -2.28131760804654693e+00 1.44485693177234836e-01 -4.84863331418540489e-01
6.55000000000000000e+01 -1.06882785250162726e+01 6.76934823152787524e-01 -2.27164964426246518e+00 6.76934823152787524e-01 -4.28732048593576526e-02 1.43873379291597658e-01 -2.27164964426246518e+00 1.43873379291597658e-01 -4.82808535930244753e-01
6.57500000000000000e+01 -1.06424992965357035e+01 6.74035426971912099e-01 -2.26191988583138626e+00 6.74035426971912099e-01 -4.26895735817522798e-02 1.43257151684182127e-01 -2.26191988583138626e+00 1.43257151684182127e-01 -4.80740606822017635e-01
6.60000000000000000e+01 -1.05964358873985596e+01 6.71118032403171583e-01 -2.25212972862926986e+00 6.71118032403171583e-01 -4.25048023885395559e-02 1.42637098761839110e-01 -2.25212972862926986e+00 1.42637098761839110e-01 -4.78659840768493883e-01
6.62500000000000000e+01 -1.05500948471494347e+01 6.68183054257501574e-01 -2.24228056467360704e+00 6.68183054257501574e-01 -4.23189175514868607e-02 1.42013308687046008e-01 -2.24228056467360704e+00 1.42013308687046008e-01 -4.76566533624242561e-01
6.65000000000000000e+01 -1.05034827063189962e+01 6.65230906141603073e-01 -2.23237378194073344e+00 6.65230906141603073e-01 -4.21319452660922356e-02 1.41385869366336431e-01 -2.23237378194073344e+00 1.41385869366336431e-01 -4.74460980384939834e-01
6.67500000000000000e+01 -1.04566059755748881e+01 6.62262000404166162e-01 -2.22241076418536654e+00 6.62262000404166162e-01 -4.19439116481784419e-02 1.40754868438870695e-01 -2.22241076418536654e+00 1.40754868438870695e-01 -4.72343475149013647e-01
6.70000000000000000e+01 -1.04094711448832182e+01 6.59276748082763708e-01 -2.21239289076239309e+00 6.59276748082763708e-01 -4.17548427305295192e-02 1.40120393265148802e-01 -2.21239289076239309e+00 1.40120393265148802e-01 -4.70214311079767022e-01
6.72500000000000000e+01 -1.03620846826807647e+01 6.56275558851422414e-01 -2.20232153645092810e+00 6.56275558851422414e-01 -4.15647644595702609e-02 1.39482530915867403e-01 -2.20232153645092810e+00 1.39482530915867403e-01 -4.68073780367984693e-01
6.75000000000000000e+01 -1.03144530350578787e+01 6.53258840968874099e-01 -2.19219807128065636e+00 6.53258840968874099e-01 -4.13737026920887110e-02 1.38841368160921269e-01 -2.19219807128065636e+00 1.38841368160921269e-01 -4.65922174195023742e-01
6.77500000000000000e+01 -1.02665826249522887e+01 6.50227001227494439e-01 -2.18202386036048424e+00 6.50227001227494439e-01 -4.11816831920022580e-02 1.38196991458550911e-01 -2.18202386036048424e+00 1.38196991458550911e-01 -4.63759782696396117e-01
6.80000000000000000e+01 -1.02184798513538198e+01 6.47180444902935248e-01 -2.17180026370951307e+00 6.47180444902935248e-01 -4.09887316271676030e-02 1.37549486944637617e-01 -2.17180026370951307e+00 1.37549486944637617e-01 -4.61586894925844093e-01
6.82500000000000000e+01 -1.01701510885201269e+01 6.44119575704453329e-01 -2.16152863609035606e+00 6.44119575704453329e-01 -4.07948735662349155e-02 1.36898940422146537e-01 -2.16152863609035606e+00 1.36898940422146537e-01 -4.59403798819914444e-01
6.85000000000000000e+01 -1.01216026852035430e+01 6.41044795725942862e-01 -2.15121032684481150e+00 6.41044795725942862e-01 -4.06001344755464524e-02 1.36245437350719256e-01 -2.15121032684481150e+00 1.36245437350719256e-01 -4.57210781163032598e-01
6.87500000000000000e+01 -1.00728409638890462e+01 6.37956505397673790e-01 -2.14084667973190745e+00 6.37956505397673790e-01 -4.04045397160799694e-02 1.35589062836416363e-01 -2.14084667973190745e+00 1.35589062836416363e-01 -4.55008127553081454e-01
6.90000000000000000e+01 -1.00238722200435344e+01 6.34855103438743740e-01 -2.13043903276834090e+00 6.34855103438743740e-01 -4.02081145404373091e-02 1.34929901621611864e-01 -2.13043903276834090e+00 1.34929901621611864e-01 -4.52796122367488785e-01
6.92500000000000000e+01 -9.97470272137633707e+00 6.31740986810243932e-01 -2.11998871807131328e+00 6.31740986810243932e-01 -4.00108840898781570e-02 1.34268038075039231e-01 -2.11998871807131328e+00 1.34268038075039231e-01 -4.50575048729823902e-01
6.95000000000000000e+01 -9.92533870711113764e+00 6.28614550669146732e-01 -2.10949706170378493e+00 6.28614550669146732e-01 -3.98128733913995711e-02 1.33603556181990712e-01 -2.10949706170378493e+00 1.33603556181990712e-01 -4.48345188476908685e-01
6.97500000000000000e+01 -9.87578638726929547e+00 6.25476188322915072e-01 -2.09896538352215423e+00 6.25476188322915072e-01 -3.96141073548611916e-02 1.32936539534670217e-01 -2.09896538352215423e+00 1.32936539534670217e-01 -4.46106822126444369e-01
7.00000000000000000e+01 -9.82605194196468901e+00 6.22326291184842062e-01 -2.08839499702638998e+00 6.22326291184842062e-01 -3.94146107701567189e-02 1.32267071322701435e-01 -2.08839499702638998e+00 1.32267071322701435e-01 -4.43860228845157856e-01
