time_s,UR1,UR2,UR3,omega_x_rad_s,omega_y_rad_s,omega_z_rad_s,VR1,VR2,VR3,omega_norm_rad_s,omega_wobble_rad_s,omega_spin_rad_s,omega_reconstruction_abs_diff_rad_s,omega_reconstruction_rel_diff,H_x_kgm2_s,H_y_kgm2_s,H_z_kgm2_s,Krot_J,Jmag_x_Nmm_s,Jmag_y_Nmm_s,Jmag_z_Nmm_s,Jmag_norm_Nmm_s,Jhydro_norm_Nmm_s,Wmag_J,Whydro_J,Wnonmag_resolved_J,Fhydro_power_W,Thydro_power_W,driver_arc_mm,robot_arc_server_mm,srobot_mm,Vt_mm_s,Fmag_norm_N,Tmag_norm_Nmm,Fhydro_norm_N,Thydro_norm_Nmm,robot_phase_rate_Hz
0.0,0.0,0.0,0.0,0.0038800430279043144,-0.04721927256688744,-0.02924935670948953,0.0,-0.0,0.0,0.05567979259626743,0.05562419960819784,0.002487513117698483,0.05567979259626743,55679792.596267425,1.5581951668986767e-14,-3.5296181410037636e-13,-2.2297284359947391e-13,1.1624435493806675e-14,0.0,0.0,0.0,0.0,0.0,0.0,0.0,0.0,0.0,0.0,18.899961226,13.799960625932426,0.0,0.0,2.3609919820510705e-13,3.496913517033817e-10,0.0,0.0,-0.005025295321214365
5.0099999498343095e-05,1.9439015375155577e-07,-2.3656855319131864e-06,-1.4653927564722835e-06,0.030111686950802574,-0.36941592957933195,-0.22769760857957919,0.015414728783071,-0.1879739612340927,-0.1162927597761154,0.4349954524714532,0.4345585257931779,0.019491827295158207,0.21342031017056803,0.963193279595842,1.1990653042546792e-13,-2.761345515275177e-12,-1.7359468862779553e-12,7.094832814746423e-13,7.427145601054503e-11,-1.7999194870001122e-09,-1.1348760475025472e-09,2.1291242453308536e-09,1.653805094032663e-14,9.255606108012538e-13,-7.19074949232405e-18,-2.2770176482041816e-13,-9.592915132099877e-17,-2.8705587083137043e-10,18.900261225996992,13.799960625932426,2.416984483243579e-09,9.648640748283892e-05,5.739883670622545e-08,8.499463101574455e-05,1.0455576171784858e-12,6.602016409550494e-10,-0.03919405260449343
0.0001000999982352,3.014179810634232e-06,-3.69785338989459e-05,-2.2792530216975138e-05,0.14625700075690914,-1.8092864905897408,-1.1095178293437509,0.1187816560268402,-1.4632091522216797,-0.8996175527572632,2.1274253286384965,2.125275345609432,0.095620260809749,0.4056877429884241,0.23562607506652875,5.772561976227706e-13,-1.3524111934267636e-11,-8.459736491292695e-12,1.696982462433288e-11,4.256507709464918e-10,-1.0527652402766344e-08,-6.602306345336865e-09,1.243394920248409e-08,1.616786664569881e-13,1.9240301472945774e-11,-2.8790671265604406e-16,-2.2821012841066992e-12,-5.8287435564042634e-15,-1.094158293938498e-08,18.90056122598941,13.799960625932426,2.3575309414368118e-08,0.0007498466111429367,2.2100366413588678e-07,0.0003271991882931969,8.150080459616254e-12,5.145427342375656e-09,-0.19068447012645115
0.0001500999933341,1.482009065512102e-05,-0.0001832943235058,-0.000112417168566,0.42483058666880485,-5.3033778670027445,-3.234201687037236,0.3866013288497925,-4.81126880645752,-2.9396300315856934,6.226263597055496,6.219929586632132,0.28077449555949907,0.5748088933024245,0.10170949794088978,1.6603164534296272e-12,-3.964138435124075e-11,-2.4662741201452585e-11,1.453514363996931e-10,1.2860668991649644e-09,-3.251451063407282e-08,-2.0275371119078542e-08,3.833977104598731e-08,7.129689067238073e-13,1.469255421212864e-10,-3.1918189050111948e-15,-1.5857301570870993e-12,-6.293757058402362e-14,-1.052149161407134e-07,18.900861225960004,13.799960625932426,1.0385690663600773e-07,0.0024614175924971876,4.788899921148976e-07,0.0007090380096717024,2.6781660451422667e-11,1.6906219236901956e-08,-0.5559834580160483
0.000200099995709,4.54973014711868e-05,-0.0005673163104802,-0.0003462126769591,0.9297075127965322,-11.718639620598264,-7.104625658632906,0.8833986520767212,-11.108309745788574,-6.74440336227417,13.735595231591196,13.721524769579155,0.6215580133314205,0.7102162835786993,0.05452534757811586,3.595155895858248e-12,-8.759222882057323e-11,-5.418469100817385e-11,7.073830763005503e-10,2.8363505107955062e-09,-7.338476256529306e-08,-4.549277943044572e-08,8.638843233495855e-08,2.1102321235477572e-12,6.734488353164027e-10,-1.9202960078111634e-14,3.392261654865384e-11,-3.34639289916234e-13,-5.352307003634183e-07,18.901161225974253,13.799960625932426,3.071960717352388e-07,0.00567214862514393,8.187871185035072e-07,0.001212921950291917,6.175789657203373e-11,3.898445506437475e-08,-1.222682758608844
0.0002500000118743,0.0001076986445696,-0.0013539866777136,-0.0008221692405641,1.715959691387711,-21.848682923146114,-13.165596991059344,1.6601403951644895,-21.095783233642575,-12.727249145507812,25.566431257992086,25.540054144607918,1.1610519196533597,0.8729963172803489,0.035353224092072554,6.561722479699243e-12,-1.6330573809756317e-10,-1.0042698463646454e-10,2.4507280746281187e-09,5.203735893732557e-09,-1.3789579384940736e-07,-8.497565524418072e-08,1.6205922007953707e-07,4.927394152446719e-12,2.249016129550574e-09,-7.969289726215475e-14,2.01700320642051e-10,-1.202842980603242e-12,-1.8892148943499255e-06,18.90146062607125,13.799960625932426,7.168761382500058e-07,0.010747888801603626,1.2269635772276227e-06,0.0018200081666777004,1.170988454462823e-10,7.392826978572909e-08,-2.263206089606443
0.0003000999859068,0.0002170980151277,-0.0027521846350282,-0.001662771217525,2.8202089893536413,-36.285367470066454,-21.72892563060841,2.7637715339660645,-35.500152587890625,-21.2799015045166,42.387824669849465,42.34377599864288,1.9319198789426322,0.9062947993746499,0.0218480501557974,1.0659833582680272e-11,-2.711996283894642e-10,-1.65783424469178e-10,6.7364684167152095e-09,8.49274878044027e-09,-2.307078268257788e-07,-1.4131147137110824e-07,2.7067907211601853e-07,9.890813231525592e-12,6.0837313987461634e-09,-2.588484210448538e-13,6.527253935335522e-10,-3.391900286578228e-12,-5.262705929660094e-06,18.901761225915443,13.799960625932426,1.4379310921426354e-06,0.01803675501577157,1.6919696846000388e-06,0.0025161869862299472,1.9667437315291324e-10,1.2421346111227015e-07,-3.746614599927742
0.0003499999875202,0.0003897400747518,-0.0049825236201286,-0.0029950567986816,4.280800547957882,-55.67961323635453,-33.12994087974017,4.215339660644531,-54.74592208862305,-32.60341262817383,64.93179164459042,64.86381903785869,2.9702770915221075,1.0739163313859637,0.016817207662214898,1.598630042425172e-11,-4.1612755656116853e-10,-2.5283766871698826e-10,1.5807376293348104e-08,1.272171436612846e-08,-3.5452586528901936e-07,-2.1583956078394757e-07,4.152555203422932e-07,1.77614189818119e-11,1.4050746551737186e-08,-6.998335218613731e-13,1.7566181171754239e-09,-8.024618764645687e-12,-1.2412047038608293e-05,18.90206062592512,13.799960625932426,2.5795387708072947e-06,0.027719062288975613,2.1953359537258546e-06,0.0032785926008168606,3.0259524413518844e-10,1.9124415552787312e-07,-5.711434997974255
0.0004000999906565,0.0006452482193708,-0.0083201499655842,-0.0049757501110434,6.1066409271621165,-80.33078457243873,-47.48629086400729,6.044995307922363,-79.41481018066406,-46.981231689453125,93.51616883436763,93.4175466988024,4.293693309381348,1.0478043894543283,0.011331429661620545,2.25225072074504e-11,-6.003072090442872e-10,-3.62527291688038e-10,3.278788118527644e-08,1.792842602781946e-08,-5.130737436104249e-07,-3.104636737498848e-07,5.999614883978187e-07,2.9489724729215346e-11,2.8966131981826278e-08,-1.6592440497071882e-12,3.821737579014668e-09,-1.6777040599123467e-11,-2.588777203468327e-05,18.902361225943938,13.799960625932426,4.276732056130673e-06,0.04003316042869823,2.7244355176787166e-06,0.004095125555998665,4.3771418870913097e-10,2.769565203014103e-07,-8.213350204991325
0.0004500999930314,0.0010012147249653,-0.0130236465483903,-0.0077483905479311,8.310184565865725,-110.62332218239766,-64.95690565960066,8.249665260314941,-109.6851043701172,-64.45098876953125,128.55340590999356,128.41681543564445,5.924498664629695,1.0676456103418317,0.008374577428877393,3.02570342725659e-11,-8.265812496558244e-10,-4.96124185718389e-10,6.195864867849073e-08,2.404873760125293e-08,-7.074620552555931e-07,-4.2548452354689685e-07,8.25904341424969e-07,4.596014376207706e-11,5.440760649480198e-08,-3.5331227983887303e-12,7.551030559253254e-09,-3.175019749906614e-11,-4.906737435235888e-05,18.902661225958187,13.799960625932426,6.652243057098966e-06,0.05498727509675286,3.258222448270953e-06,0.004942950777908554,6.025045297525782e-10,3.818689735026608e-07,-11.268557992462695
0.0005000000237487,0.0014759345212951,-0.0193714518100023,-0.0114648351445794,10.887976615205345,-146.77622770079702,-85.59466871191788,10.821772575378418,-145.7132110595703,-85.03112030029297,170.25937966747222,170.07709783606433,7.876366955281693,1.2049789071428918,0.007127714444200524,3.91152790726251e-11,-1.0965417950334225e-09,-6.541156694061263e-10,1.0868048422859903e-07,3.100261002400718e-08,-9.386542077715082e-07,-5.611017912240856e-07,1.0940146725297315e-06,6.812246292765354e-11,9.488487329209923e-08,-6.907566865660328e-12,1.3795599312064303e-08,-5.548837979269832e-11,-8.61808016012364e-05,18.902960626142495,13.799960625932426,9.834204238213135e-06,0.07254616066969073,3.7772578345581324e-06,0.005803496801507649,7.971213554952949e-10,5.06414560698446e-07,-14.897153803615211
0.0005500999977812,0.0020911386236548,-0.027701336890459,-0.0163075998425483,13.813351244789635,-188.73492095298994,-109.28967933565127,13.759864807128906,-187.80227661132807,-108.81456756591795,218.53126336758496,218.29549776240347,10.148336104863759,1.0480541306567437,0.004818976411643252,4.894091266940286e-11,-1.4097186618142968e-09,-8.357767996534719e-10,1.7904047832536196e-07,3.872086178081802e-08,-1.2085355073921607e-06,-7.180343980753164e-07,1.4062826083629346e-06,9.71281078353138e-11,1.5606553832956023e-07,-1.2631237212952284e-11,2.2974928371366252e-08,-9.10733233806875e-11,-0.0001423091510513934,18.90326122598669,13.799960625932426,1.3973704542909737e-05,0.09270343814292727,4.264006412883196e-06,0.006663092173514117,1.0222315121750495e-09,6.515196809910898e-07,-19.138277463005593
0.0006000999710522,0.0028609884902834,-0.0382639542222023,-0.0224041771143674,17.06631965544876,-236.6057459500227,-136.01671985954212,17.015974044799805,-235.6612091064453,-135.5504150390625,273.44850770208603,273.1511807137651,12.74828769576007,1.0545732383240614,0.0038714689207386406,5.959492966851328e-11,-1.766827010820387e-09,-1.0410603939341144e-09,2.8033005446898717e-07,4.7008074172120956e-08,-1.5151613837945124e-06,-8.947677808399486e-07,1.7602650821989054e-06,1.3381644754386307e-10,2.436529659850373e-07,-2.1764963034653e-11,3.6677076859514364e-08,-1.4133208427615206e-10,-0.0002230400771250254,18.903561225826312,13.799960625932426,1.9169303125029267e-05,0.11512061624043683,4.693926490367684e-06,0.00749732855042226,1.2749769061904771e-09,8.160509421093887e-07,-23.979826828276558
0.0006501000025309,0.003802303224802,-0.0513622164726257,-0.0299081746488809,20.58853604320112,-290.0142943995935,-165.47620801385617,20.5499324798584,-289.1811828613281,-165.0876922607422,334.5363271621503,334.16968396805873,15.658113163117648,0.9200595419381126,0.002757810653522557,7.081211401750304e-11,-2.1649701358009566e-09,-1.267857167179991e-09,4.1956520021019286e-07,5.56891494650014e-08,-1.8577368894337706e-06,-1.0904782554339887e-06,2.154862050643974e-06,1.7920389927726566e-10,3.641260895760684e-07,-3.5696124165434664e-11,5.5439099009688984e-08,-2.0910723605166182e-10,-0.0003342060172785888,18.903861226015184,13.799960625932426,2.553486779569757e-05,0.13950181028263567,5.046156523225867e-06,0.008288051575439227,1.5530869290065315e-09,9.994994804361086e-07,-29.44024928418649
0.0006999999750405,0.004926067776978,-0.0672369822859764,-0.0389331690967083,24.32944816264561,-348.79094590497255,-197.4804695111705,24.29320526123047,-347.9169921875,-197.08702087402344,401.5539588044634,401.11029903739234,18.8708727320803,0.9591196370943242,0.002394212800791666,8.234980148886693e-11,-2.6027639541833467e-09,-1.5149451528952022e-09,6.044980534254601e-07,6.451923902686952e-08,-2.23329321405261e-06,-1.3031278380750321e-06,2.5864847717518367e-06,2.3408445252930025e-10,5.234755397543803e-07,-5.605317296159594e-11,8.102250204664435e-08,-2.963733369068831e-10,-0.0004817082116218329,18.904160625850242,13.799960625932426,3.314097264786723e-05,0.16535225955503224,5.299037557509189e-06,0.009013462259401953,1.8520673383153008e-09,1.2001995275874138e-06,-35.51816750504794
0.0007500000065192,0.0062472494319081,-0.0862075686454773,-0.0496326871216297,28.208893085956348,-412.4213753585896,-231.65177383007773,28.18410873413086,-411.64111328125,-231.32737731933597,473.86672896546247,473.3388491811325,22.360918503231957,0.8453734497907838,0.0017871546157917722,9.38781649561089e-11,-3.07622907931879e-09,-1.779684705548446e-09,8.418089729138264e-07,7.327137377682223e-08,-2.640233889308791e-06,-1.5314962159631351e-06,3.053143354639472e-06,2.9951759126932647e-10,7.281697475826592e-07,-8.487704411582396e-11,1.136392137067318e-07,-4.0457741024464896e-10,-0.0006712459086773508,18.904460626039118,13.799960625932426,4.2080568248214464e-05,0.19223133933352066,5.4337223450346625e-06,0.009655448063357653,2.1679784501835664e-09,1.4172305867795223e-06,-42.25394885332259
0.0008000999805517,0.0077739097177982,-0.1085224449634552,-0.0621148608624935,32.13356169453575,-480.28757463128613,-267.562592230339,32.12995147705078,-479.7698974609375,-267.395263671875,550.7253951774863,550.1067373809623,26.09671208162834,0.5440602290630189,0.0009888544346264478,1.0503589007296309e-10,-3.5806028617414676e-09,-2.0590716415833447e-09,1.1370123937237357e-06,8.164998508645241e-08,-3.074673766994437e-06,-1.7731156197315561e-06,3.550242878233037e-06,3.7630942839708963e-10,9.831631423492127e-07,-1.2442195615185657e-10,1.538492397500874e-07,-5.333867285659461e-10,-0.0009073941125881174,18.90476122588331,13.799960625932426,5.239454112179457e-05,0.21950431812967075,5.432457575400936e-06,0.010192121491111691,2.494414708160893e-09,1.648457482455568e-06,-49.675009774440674
0.0008501000120304,0.0095025654882192,-0.1342880427837371,-0.0764044150710105,35.998160907044856,-551.7008823597948,-304.754712236171,36.005271911621094,-551.2665405273438,-304.6481628417969,631.3043369211216,630.5890863455758,30.042802753223,0.44727638798011066,0.0007089792401675749,1.1542567183936061e-10,-4.110600976562678e-09,-2.349858253692372e-09,1.4940538368030754e-06,8.930176701656261e-08,-3.5298363263059707e-06,-2.023992546241573e-06,4.069922004577355e-06,4.6477177638098495e-10,1.290485560403379e-06,-1.769245038013425e-10,2.035682647752608e-07,-6.798292327672617e-10,-0.0011927064712225952,18.90506122607218,13.799960625932426,6.404079130653067e-05,0.24634539597290553,5.28140019989371e-06,0.01059909687405647,2.8222288488913994e-09,1.8902252799629384e-06,-57.78959512551211
0.0009000999853014,0.0114337755367159,-0.1636988669633865,-0.09257173538208,39.667249760281614,-625.5255748698704,-342.55205940195805,39.69335174560547,-625.3439331054688,-342.59136962890625,714.281211372908,713.4649170668592,34.138849352733985,0.1876708239325295,0.00026279186051067727,1.2460095633584466e-10,-4.657606630002439e-09,-2.647116202563698e-09,1.9125848743349123e-06,9.590914757153354e-08,-4.0005345320831155e-06,-2.281110584395815e-06,4.6061850381004e-06,5.655148870396687e-10,1.6512788727579725e-06,-2.449322908654724e-10,2.613059899525044e-07,-8.39370151989476e-10,-0.0015276064655674938,18.905361225911808,13.799960625932426,7.700041661373503e-05,0.27203989343367796,4.9734273840631e-06,0.010856418334402932,3.1429610048257675e-09,2.1397495127005395e-06,-66.66796610834393
0.0009500000160187,0.013555378653109,-0.1967886090278625,-0.1105955690145492,43.01583793390827,-700.9077947307314,-380.444816683147,43.05094528198242,-700.776611328125,-380.5252380371094,798.6616039152794,797.7408207162656,38.33980348757186,0.15782650341861065,0.00019763227413648139,1.321424195574123e-10,-5.215135290720375e-09,-2.9471443545381237e-09,2.391119493223067e-06,1.0112863444128749e-07,-4.478816588847641e-06,-2.5400398197455562e-06,5.149934691152288e-06,6.785941839409636e-10,2.0623934023407346e-06,-3.3070207932957804e-10,3.2872607925789715e-07,-1.0045111054835546e-09,-0.0019100582905934539,18.90566062609611,13.799960625932426,9.116685274326896e-05,0.2957527882899621,4.5088047167720854e-06,0.01094315922710386,3.4458718346768873e-09,2.392800286633814e-06,-76.37017484928603
0.0010000000474974,0.015862314030528,-0.2337367534637451,-0.1305315792560577,201.25684769069818,-469.90993132154375,-15.993479248293164,45.94718551635742,-776.6483154296875,-417.9319458007813,511.4444776077658,427.4415831982603,280.83651227795355,528.9272713186083,0.5989072282658169,1.4571755878252355e-10,-3.1417532446409314e-09,-8.286881903453851e-10,7.594606576639033e-07,1.0466687489887462e-07,-4.958713777581603e-06,-2.797533875173834e-06,5.694382606167576e-06,8.045599651253076e-10,2.395311198032598e-06,-4.0641720301687066e-10,-1.6358505519931302e-06,-1.1666397638985206e-09,-0.0011185447501685282,18.905960626284987,13.799960625932426,0.00010648094611426791,0.31681056089603965,3.894910419518658e-06,0.010841918116383877,3.721384663848014e-09,2.6462235222982663e-06,-26.752967297305144
0.0010500999633222,0.0360850654542446,-0.2426761984825134,-0.113921158015728,364.946365488817,-211.98860820187818,393.67921512805145,379.011962890625,-183.15570068359372,432.1463012695313,577.1553899208645,199.02982584543736,541.7522243042847,50.088864056232346,0.08302758509200464,1.0660122445588504e-10,-8.699300554963451e-10,1.5754837480147028e-09,4.217770982424573e-07,1.0940735522085092e-07,-5.438298785105817e-06,-3.0520265351608244e-06,6.23714114132313e-06,8.67546302076334e-10,2.5125114450553777e-06,-4.452149191351958e-10,-2.090734358437356e-06,-0.0047413911439932906,-0.0004302688747485706,18.906261225779932,13.799960625932426,-0.013805848399647781,-555.7001526971815,3.961500316198515e-06,0.01083287006949772,7.496812370940651e-06,8.527215494117385e-07,29.819462217953838
0.0011000999948009,0.058162085711956,-0.2520758211612701,-0.0954285934567451,382.72067026731327,-254.1343971009801,398.13815337651073,383.3873596191406,-253.8181915283203,397.3111877441406,607.9254826159191,215.11220678373277,568.5948741471653,1.10830176989048,0.0018238475300669042,1.1008413848852537e-10,-1.1802233239735933e-09,1.524497686529391e-09,4.745137559461232e-07,1.1864724803161846e-07,-5.917817351207014e-06,-3.303102973129912e-06,6.778283604483656e-06,8.687147274987263e-10,2.5283529176087096e-06,-4.675088358202779e-10,-2.053839173287022e-06,-0.004744063214466947,-0.0004614872312282557,18.906561225968805,13.799960625932426,-0.041589504522368065,-555.6453925373698,4.034968331350283e-06,0.010821523798440588,7.499886721838634e-06,8.577356494004766e-07,27.710860084301174
0.0011500000255182,0.0803667157888412,-0.2650055587291717,-0.0785557627677917,386.79773909285313,-325.6979937676666,365.4450505546715,387.4588317871094,-325.2041015625,364.6932067871094,623.8924258929037,246.7735134093633,573.0136055680799,1.116352144954882,0.0017901590829513445,1.2702727059448102e-10,-1.7362584890763561e-09,1.2412628602880698e-09,5.341215681764703e-07,1.326294768321127e-07,-6.396759349892373e-06,-3.5504908688690287e-06,7.3172471714766205e-06,8.842574884845656e-10,2.578111095215611e-06,-4.917549512988394e-10,-2.043989538663576e-06,-0.004740785826284485,-0.0005103003660950291,18.906860626153108,13.799960625932426,-0.06931485815648851,-555.5905420132005,4.0445183750507596e-06,0.010791656098894629,7.496613835319815e-06,9.336942839166986e-07,19.991865409474688
0.0012001000577583,0.1027974039316177,-0.2816125452518463,-0.0630495399236679,390.50526001804184,-397.7790630133025,335.07485109417115,391.1863098144531,-397.61468505859375,334.1832580566406,650.3827310970674,299.1165535436631,577.5179515005929,1.1339255186117823,0.0017438763816531424,1.4844797330436713e-10,-2.2909995283602962e-09,9.645620024932568e-10,6.462409147629867e-07,1.5139831957099265e-07,-6.877085120928664e-06,-3.7952262939720517e-06,7.856269078520933e-06,9.141051913475534e-10,2.673393672174383e-06,-5.19602855476227e-10,-2.027152769035832e-06,-0.0047314311073957775,-0.0006013917000469172,18.907161226346552,13.799960625932426,-0.09714858517711251,-555.5355701311294,3.988625608525334e-06,0.010741862179754357,7.486848733659832e-06,1.0654712154571442e-06,12.205690910354017
0.0012499999720603,0.1252364665269851,-0.3018127381801605,-0.048873197287321,396.32415924436697,-263.2616959554758,502.0789464949886,394.4477844238281,-470.3274230957031,306.09033203125,691.7100753000677,270.84882055449117,636.4776073640505,285.1162449563234,0.41566894630078344,-6.665430883813854e-11,-1.2244138598743012e-09,2.0090906787702242e-09,6.523233439007325e-07,1.747066658151115e-07,-7.35397981503022e-06,-4.034903883537151e-06,8.389993497514485e-06,9.576792743487995e-10,2.740117508123394e-06,-5.485877219182727e-10,-2.0877941758470968e-06,-0.0047157123882754556,-0.0005603283889546823,18.907460625832364,13.799960625932426,-0.12486840714456217,-555.48124643838,3.867235444995786e-06,0.010671067977901847,7.470255810332326e-06,1.2335528165579312e-06,40.62215976575317
0.0013001000043004,0.1500819623470306,-0.3040010035037994,-0.0174492672085762,399.2277453938341,33.6024374414612,820.9492552011186,391.1544799804688,188.898193359375,978.8436889648438,913.4930739253159,541.6203653138274,735.6065361229731,221.61363142667528,0.2069421560507987,-5.374685670435664e-10,1.0411654669907977e-09,4.128770128540156e-09,1.604962047575789e-06,2.0485218639021482e-07,-7.833200850112857e-06,-4.272123659144662e-06,8.924799187404791e-06,9.472031259088731e-10,2.6502087262509565e-06,-6.066076298349865e-10,-1.045246690299603e-06,-0.0002520571067370188,-0.0017558341092512421,18.9077612260258,13.799960625932426,-0.14129728565106306,-100.36178487013939,4.157961474788083e-06,0.010709783035550115,1.1002368747676062e-06,2.344710606772103e-06,96.92110366098991
0.0013501000357791,0.1770657151937484,-0.2921457290649414,0.026347629725933,408.6034454252876,133.80901410124883,938.1943870964175,409.3949279785156,134.57711791992188,937.3743896484376,1032.0224492942907,674.0847393960605,781.46023568748,1.3743449068621596,0.0013321286535984446,-7.416057461437948e-10,1.7044872668554012e-09,4.928338334556671e-09,2.274396230448841e-06,2.45448342322279e-07,-8.315753894943833e-06,-4.506833143971004e-06,9.461688682133747e-06,8.885073433862819e-10,2.4197004338562814e-06,-6.998235816924899e-10,-1.453042150318758e-07,-0.0002475036362452926,-0.001972801617596785,18.908061226214674,13.799960625932426,-0.14631473540861173,-100.33607907765054,4.720485963011071e-06,0.01081720376068789,1.0667673147670842e-06,2.1664304499474724e-06,116.37315563249152
0.0013999999500811,0.2045119851827621,-0.2831125259399414,0.0681844130158424,426.8293972942357,77.8761994371844,898.9199116134362,427.5763244628906,78.78005981445312,898.1654663085938,998.1508124168655,614.4950102473633,786.575442478051,1.3942924710655131,0.001397279543244576,-6.701399393106044e-10,1.156549948333522e-09,4.6533551247693074e-09,1.993512932750151e-06,2.981208095780094e-07,-8.802457203745512e-06,-4.739212718561787e-06,1.0001613171516508e-05,8.517782055966174e-10,2.1768323078212137e-06,-7.927214536731108e-10,-1.8331938669549814e-07,-0.00024463212759909394,-0.0017505663793257126,18.908360625700485,13.799960625932426,-0.15132079756935057,-100.30803948502253,5.223859769578838e-06,0.01090368186577325,1.0451783556712811e-06,2.002734310371575e-06,107.96768950584375
0.0014500999823212,0.2325644344091415,-0.2769718468189239,0.1084812507033348,445.0919805428022,20.63905043838408,862.1657409933222,445.9217529296875,21.27921295166016,861.220947265625,970.4960620677844,561.1458458015143,791.8193899045287,1.411015749500043,0.0014545777035166086,-5.866620932381792e-10,6.038742739980062e-10,4.384350074152916e-09,1.765690614533448e-06,3.632976091266869e-07,-9.295030432132439e-06,-4.970050391580038e-06,1.0546609729287901e-05,8.368347794956895e-10,1.9777993685439063e-06,-8.759052452347774e-10,-2.1210876563489395e-07,-0.00024318670286199365,-0.0015701417257316143,18.90866122589393,13.703952677187518,-0.1563454663587975,-100.27741185228031,5.764148459305211e-06,0.010968848227990881,1.0342370601707633e-06,1.85777928764369e-06,100.07166610493123
0.0015000000130385,0.2609778940677643,-0.2738779485225677,0.1471006423234939,463.6023652989001,-38.19626603555882,827.88391407551,464.3679504394531,-37.3568229675293,827.037353515625,949.6198623843019,515.9666991271143,797.2178174292458,1.416845105666535,0.0014926370467706214,-4.901127269823875e-10,4.578936789870553e-11,4.119939959008072e-09,1.5909328083248554e-06,4.404290955478796e-07,-9.788343301458314e-06,-5.196945183804345e-06,1.1091162320463808e-05,8.42606599386811e-10,1.8255021211568452e-06,-9.508300247700747e-10,-2.3456932445642534e-07,-0.00024297074139132711,-0.0014328536014564834,18.90896062607823,13.699960625932428,-0.16134850274940896,-100.24496533643389,6.138437977959104e-06,0.011014206380953816,1.0327557448293747e-06,1.7385917523615902e-06,92.67039601737082
0.0015501000452786,0.2899591624736786,-0.2739012241363525,0.1845466047525406,482.27940374287164,-98.11430188921994,796.4930881478906,483.1126708984375,-97.49026489257812,795.5140991210938,936.280448891865,481.9373749148643,802.7187836579644,1.429047179176117,0.001527065839065926,-3.814277656849842e-10,-5.143627905785271e-10,3.862799050329402e-09,1.471602167600739e-06,5.300571032656537e-07,-1.0285221857332065e-05,-5.421215724597586e-06,1.1638570750736008e-05,8.669812728914099e-10,1.7196486391282801e-06,-1.0202776461399844e-09,-2.480464831519767e-07,-0.0002438134427644361,-0.001339504749016741,18.90926122627167,13.699960625932428,-0.1663699253415503,-100.21089736946608,6.438964408643842e-06,0.011041770397255053,1.0394606555744758e-06,1.6504931601016872e-06,85.6375647415495
0.001600099960342,0.3193140029907226,-0.2771353721618652,0.2207927405834198,501.21532709227694,-159.24023902101442,767.9952099159701,502.0576477050781,-158.65892028808594,766.99462890625,930.8012141642075,461.5134498196488,808.3292868164122,1.4312923674134093,0.0015384769071324477,-2.6016577312522227e-10,-1.0764211993769372e-09,3.6123846772946753e-09,1.4076523122685276e-06,6.315573257833415e-07,-1.078162524295881e-05,-5.641058647641189e-06,1.2184574272476024e-05,9.072524604513289e-10,1.661492756738456e-06,-1.086032111226998e-09,-2.5384045609436393e-07,-0.00024558848734989084,-0.0012906783224399658,18.90956122576205,13.699960625932428,-0.17137958196208988,-100.17570785525665,6.667717289467113e-06,0.011052235147854375,1.0532340770012864e-06,1.5998023606114047e-06,78.95778541455381
0.0016499999910593,0.3490152955055237,-0.2836346328258514,0.2560528516769409,520.3749852898306,-221.4792057030499,742.5315044482344,521.1760864257812,-220.75120544433597,741.5810546875,933.3789150031212,456.6716630866086,814.0314435610671,1.4405214869584395,0.0015441366492018672,-1.266490944702826e-10,-1.6393503081738357e-09,3.3694875786751053e-09,1.3995638322323562e-06,7.446844242594329e-07,-1.1276515431474349e-05,-5.856086198503796e-06,1.2728240284199555e-05,9.607890005249866e-10,1.6510931958873965e-06,-1.1503335055851836e-09,-2.5152937527947597e-07,-0.0002482128216290753,-0.0012865302858061484,18.909860625946358,13.699960625932428,-0.1763774550370869,-100.13972294323756,6.825123678067204e-06,0.011046087912954963,1.073183715870475e-06,1.5900534502965294e-06,72.57877216573156
0.0017001000232994,0.3792141079902649,-0.2935106158256531,0.2907491028308868,539.6411186929979,-284.5330331390036,720.2643725177704,540.5172729492188,-284.037841796875,719.2244262695312,943.902722874518,467.8534678980332,819.7960007378135,1.4471865620021969,0.0015339111149030888,1.8647941615267075e-11,-2.201102114074487e-09,3.134879076009919e-09,1.4471455837211217e-06,8.699250594656588e-07,-1.1771829234471836e-05,-6.067187495084615e-06,1.3271906315038665e-05,1.0258293081459108e-09,1.6883851967567292e-06,-1.2158021531983901e-09,-2.412396246600431e-07,-0.00025167419750844153,-0.0013269868991510946,18.9101612261398,13.699960625932428,-0.1813935395879244,-100.10304443856205,6.911967841670109e-06,0.011023107032165542,1.0988839837800174e-06,1.6219796781971464e-06,66.41609436156774
0.0017501000547781,0.409696489572525,-0.306765466928482,0.3248874843120575,558.9863126381601,-348.54410146528505,701.1685635268738,559.857666015625,-348.0349426269531,700.1363525390625,962.0738240184012,493.8838064949879,825.6299586033751,1.4435923782111129,0.0015011707716039216,1.7566806451547651e-10,-2.761829695120825e-09,2.908503964765234e-09,1.5500835200522375e-06,1.0062756173256649e-06,-1.2263543886239752e-05,-6.272708427945022e-06,1.3811371050325346e-05,1.10045740711067e-09,1.7728422673671785e-06,-1.284268723337179e-09,-2.227587589393766e-07,-0.0002559700378577736,-0.0014116741822106493,18.910461226328668,13.699960625932428,-0.18639777374851507,-100.06619596371593,6.9267407478485625e-06,0.010982459769567398,1.129921850511533e-06,1.6928308126513458e-06,60.46219739722869
0.0018000999698415,0.440480887889862,-0.3234547078609466,0.3587554693222046,578.1945724488611,-413.21180032943334,685.3514403770702,579.0849609375,-412.7560424804688,684.3096923828125,987.2991200075778,532.3329190838456,831.4933647524851,1.4442111206929955,0.0014633700828579226,3.435554004978004e-10,-3.3190791186864743e-09,2.691255734508792e-09,1.7072902600201202e-06,1.1536173836801597e-06,-1.2751551856622439e-05,-6.472701844663592e-06,1.4346734018234662e-05,1.1837772555249159e-09,1.9038036881465207e-06,-1.3580558185064368e-09,-1.9651343975083614e-07,-0.00026116592468334205,-0.0015398146383481682,18.910761225819048,13.699960625932428,-0.1914001558092944,-100.02942637629408,6.86915190935929e-06,0.010922768171766281,1.1663201545925815e-06,1.797457825731847e-06,54.6588750096028
0.0018501000013202,0.4715170264244079,-0.3436048626899719,0.3925709724426269,597.0766624053518,-478.4138220705209,672.8095020352855,598.006103515625,-478.0827331542969,671.7552490234375,1018.8488366613603,580.4049767072987,837.3667147550154,1.4439286896875443,0.001417641590407819,5.216943694625252e-10,-3.871528980457492e-09,2.4834251022787846e-09,1.917278258058961e-06,1.3115180336711215e-06,-1.3234693674283938e-05,-6.666790895912127e-06,1.487693843015399e-05,1.2752248075194605e-09,2.080120948527669e-06,-1.4393083784211987e-09,-1.6284270209314319e-07,-0.0002673614651986727,-0.001710285712063633,18.91106122600792,13.699960625932428,-0.1964007212950441,-99.99306712473282,6.738321175249404e-06,0.010842089687797186,1.2082527454100075e-06,1.9295781832285933e-06,48.95593306962651
0.0019000000320374,0.5026816725730896,-0.3671783208847046,0.426482617855072,615.452026459825,-544.2221691607174,663.4970545823575,616.3502197265625,-543.7554321289062,662.4661865234375,1056.02429314811,635.7030885414931,843.2490088566794,1.4447434222649633,0.0013685682791885387,7.094509487401543e-10,-4.419206406405934e-09,2.2853825148790442e-09,2.179003843877708e-06,1.479112235795588e-06,-1.3710771772876343e-05,-6.854215718328968e-06,1.5399782749356264e-05,1.3743657046818164e-09,2.2998448506725385e-06,-1.5299270397024414e-09,-1.2084101841926575e-07,-0.000274674644474477,-0.0019217225243564331,18.911360626192227,13.605748985139215,-0.20138947971065974,-99.95704688976772,6.649913018830023e-06,0.010738185910294948,1.2559170331643345e-06,2.0826314281256385e-06,43.306737806392626
0.0019500999478623,0.5340902805328369,-0.3943257927894592,0.4609094858169555,638.8574624351503,-446.0778767599111,584.8653666508166,633.9514770507812,-610.030517578125,656.3372192382812,974.2647620392025,520.2406869356412,823.7362770984632,178.92110785522817,0.16300549736049072,1.0650788663807508e-09,-3.714810555420935e-09,1.6372528726216874e-09,1.6475504443213877e-06,1.6568193735595373e-06,-1.418127000985313e-05,-7.035674411154409e-06,1.591710350373883e-05,1.48182111939546e-09,2.531117219991156e-06,-1.622745845330713e-09,-8.83566787294204e-07,-0.0002833153639705968,-0.0017836252431997009,18.911661225687176,13.599960625932429,-0.20639643612681804,-99.92178858204073,6.371102400687924e-06,0.010607554483783383,1.3099682227084207e-06,2.2520306278162764e-06,24.40929271120716
0.0020000000949949,0.5678392052650452,-0.4108172357082367,0.4843020439147949,668.2116850807367,-172.80111938104397,432.2517245075582,667.9614868164062,6.708952903747559,365.4742126464844,814.3762252654097,243.74618800482773,777.0433913950061,191.52849589870019,0.25153500248875194,1.5470140155681008e-09,-1.6461137584488112e-09,5.815721783755785e-10,7.847843596516155e-07,1.839442150802953e-06,-1.4643559553052437e-05,-7.2107867465902156e-06,1.6425980315181953e-05,1.5441625494312759e-09,2.7046205015493077e-06,-1.6832882762541077e-09,-1.9198361535221276e-06,-0.002554414082937276,-0.0006429179396295976,18.911960626569968,13.599960625932429,-0.2088234226867626,2.6480649797709077,6.157031205779153e-06,0.01051476344395028,4.829834986463958e-06,8.432810849614506e-07,-8.895653333760187
0.0020500998944044,0.6046554446220398,-0.4164811074733734,0.495544284582138,698.155766756402,-69.48761903579958,345.6540932082068,699.0045776367188,-68.96131896972656,344.40887451171875,782.1296286460907,198.40403627512316,756.5464918931364,1.5962585229767419,0.0020404897819778865,1.8733073121992117e-09,-8.318942237836724e-10,-1.489370433235399e-11,6.802592909768331e-07,2.0219068873052526e-06,-1.5104987754156953e-05,-7.383410482546204e-06,1.6934093210678187e-05,1.5626064079510467e-09,2.8179845636840722e-06,-1.7166981378365652e-09,-2.1377252843316745e-06,-0.0025475780276864174,-0.0006908144096509159,18.912261225366425,13.599960625932429,-0.20869016279140146,2.671712621409341,6.0067312027781056e-06,0.01045809096415221,4.818623823949459e-06,9.638544528427592e-07,-29.925710962571344
0.0021001000422984,0.6417844295501709,-0.4263662099838257,0.5066870450973511,780.9224691247589,-9.298501086760787,304.40254017133276,727.8424072265625,-145.6643524169922,325.6131286621094,838.2047908292641,251.41332171317964,799.6115388326232,147.86151441216947,0.18242048019055088,2.323125828862329e-09,-3.5801712283474683e-10,-5.033735187767432e-10,8.321410015989037e-07,2.1996760260496365e-06,-1.5564232119962945e-05,-7.553568029702505e-06,1.7439618289486944e-05,1.590196712326068e-09,2.9121404162744307e-06,-1.7536499400975144e-09,-2.0799994262999626e-06,-0.002533030008722869,-0.0007872533088401087,18.91256122625379,13.599960625932429,-0.20855600431451315,2.6946105811824452,5.797007312954088e-06,0.010382760196257222,4.794535089259391e-06,1.1234865063706073e-06,-47.81484119587305
0.0021500000730156,0.6868758797645569,-0.4295085370540619,0.5103791356086731,951.1832921451564,270.85100032888533,230.90321029472955,1031.9085693359375,499.33154296875,209.6035614013672,1015.591557743401,464.5492379985582,903.1169457133593,243.25625127736382,0.20873630196236362,3.133034829916211e-09,1.7862536137504949e-09,-1.4103857305018674e-09,1.5691181845618954e-06,2.3695354687754606e-06,-1.6022605450832227e-05,-7.722195917955888e-06,1.7943547407525586e-05,1.5779656981872502e-09,2.953604493498762e-06,-1.817037557417017e-09,-1.384486320561302e-06,-0.0003181052433683083,-0.0017533309917484494,18.912860626438093,13.599960625932429,-0.21125488335551404,-110.86604864286753,5.640703041444385e-06,0.01034376564497985,1.214685567264787e-06,2.1864727734505825e-06,-81.12076928594087
0.0022001001052558,0.7451380491256714,-0.4197133779525757,0.5012967586517334,1070.8975904708398,405.8333350140889,174.98582674428192,1071.8177490234375,406.9239501953125,172.8070526123047,1158.508689931279,631.919925467768,970.9889764786718,2.604455788376394,0.0022463537645395705,3.656853473710726e-09,2.915588378342204e-09,-1.978419661009751e-09,2.3765815643918695e-06,2.5259358185517813e-06,-1.6486817002692334e-05,-7.892676773100031e-06,1.8452366603889612e-05,1.5293201808448823e-09,2.9193600127261645e-06,-1.914691732958907e-09,-5.427784599587304e-07,-0.0003135091898463242,-0.002145036780699131,18.913161226631534,13.599960625932429,-0.21680849273533911,-110.83478193539605,5.575703749560954e-06,0.010365050629203098,1.184215231954519e-06,2.1364554085600656e-06,-101.98449325008379
0.0022501000203192,0.8035199046134949,-0.4151716530323028,0.4916874766349792,1105.5656049030515,311.11830572205406,139.58818691267808,1106.5115966796875,312.1217041015625,137.3776092529297,1156.9592770817737,619.971019796945,976.8268543797906,2.6054485869503883,0.0022502102783775527,3.832451512782877e-09,2.347341675202556e-09,-2.1875309832431006e-09,2.3309870280824957e-06,2.6637908578788234e-06,-1.6955876889428145e-05,-8.065118549871237e-06,1.8964273781177054e-05,1.4957137029841768e-09,2.8740907014460147e-06,-2.021104679565911e-09,-5.431036849879544e-07,-0.0003106665304993979,-0.002111488314276426,18.913461226121914,13.599960625932429,-0.2223494527145331,-110.80399373724478,5.453115623595008e-06,0.010375373277933515,1.1650396547103675e-06,2.107339982879285e-06,-105.58655399965247
0.0023000000510364,0.861818253993988,-0.4159161746501922,0.4818642437458038,1134.9815751430733,214.07394991888978,105.66241558909762,1135.902587890625,215.189208984375,103.47803497314452,1159.816958841459,616.175601720566,982.6001251071306,2.6198446403654025,0.0022570708403121423,3.9840111995938954e-09,1.7717585789252994e-09,-2.3970893324136615e-09,2.323892207375129e-06,2.7825826683504998e-06,-1.7428590128133974e-05,-8.238999899405663e-06,1.94776702791453e-05,1.4777543244119856e-09,2.86168304251359e-06,-2.126398914360372e-09,-5.377908467628965e-07,-0.0003095184247385489,-0.0021087188992701352,18.913760626306217,13.599960625932429,-0.2278778260748392,-110.77396045830358,5.2636254030120726e-06,0.010369659606329556,1.157312417310631e-06,2.0999894470634374e-06,-109.61838645842356
0.0023499999660998,0.92005717754364,-0.421995997428894,0.47210294008255,1159.012812813571,114.96161714432174,73.35496785643943,1159.97509765625,115.99694061279295,71.11793518066406,1167.0080655212637,620.6630146377372,988.2738725942716,2.646167416340826,0.00226569440524991,4.110837175291865e-09,1.1910795589763366e-09,-2.6060746330724363e-09,2.3551364344302867e-06,2.882416993594039e-06,-1.7905483474633472e-05,-8.414415061728935e-06,1.999292492399206e-05,1.4757976116478279e-09,2.881988015263044e-06,-2.232531096805045e-09,-5.268515924571925e-07,-0.0003100450310006657,-0.0021365756101343844,18.9140606257966,13.599960625932429,-0.2334157870935358,-110.74485659066244,5.007283566977602e-06,0.010347910773455149,1.161124974850064e-06,2.1145307977459553e-06,-114.08377642330055
0.00240009999834,0.9780152440071106,-0.433470219373703,0.4627260565757751,1177.5027520814485,14.166924500332799,42.79373858732812,1178.54736328125,14.80771255493164,40.42797088623047,1178.3652816387048,633.1719002801577,993.7998197157606,2.664334570812025,0.0022591866519622687,4.212510369809762e-09,6.078398498186798e-10,-2.813741239463948e-09,2.4242216339146525e-06,2.9628402540540157e-06,-1.8385184548343412e-05,-8.590778073154723e-06,2.0508410497888036e-05,1.490032941186696e-09,2.934669178470116e-06,-2.3410302598829387e-09,-5.104475561798987e-07,-0.00031227449542816895,-0.0021947255178850662,18.914361225990042,13.506960629252426,-0.2389633997771213,-110.71658507021408,4.764857751081833e-06,0.010309835193937366,1.1765571101906378e-06,2.1503862088507956e-06,-118.97932393224573
0.0024500000290572,1.0351160764694214,-0.450260728597641,0.4541134834289551,1190.3315166181526,-88.32582968164674,13.99767750424043,1191.361083984375,-87.47273254394531,11.68229866027832,1193.6861005385524,653.1162226285612,999.1625024781179,2.673717052908147,0.0022381222348742446,4.288783850149273e-09,2.037460066460758e-11,-3.020230156357725e-09,2.5304993867851066e-06,3.0231226380770365e-06,-1.886338799391481e-05,-8.766444479995443e-06,2.1019448753824773e-05,1.5200679236276969e-09,3.018707964219444e-06,-2.4527329177714715e-09,-4.882085890587726e-07,-0.00031623993705546654,-0.00228233216256358,18.914660626174342,13.499960625932426,-0.2444874965180888,-110.68996164212535,4.377418977360096e-06,0.010255166253553865,1.2033783876601367e-06,2.2058031406929383e-06,-124.27668848578706
0.0024999999441206,1.0914608240127563,-0.4724370837211609,0.4465408027172088,1197.2659194868224,-191.89370671012006,-12.857988646706849,1198.3326416015625,-191.13385009765625,-15.226553916931152,1212.6146150000068,679.554364316973,1004.3107439679065,2.706543844258431,0.002230223163940577,4.338800308025244e-09,-5.662141009251454e-10,-3.2238375316606224e-09,2.6724013646282684e-06,3.06341038090433e-06,-1.9341484034095154e-05,-8.941882937138187e-06,2.1527534885919315e-05,1.5654580011296639e-09,3.133601298295625e-06,-2.569752970312806e-09,-4.611999452917919e-07,-0.00032204080344218827,-0.0023984778905316436,18.914960625664722,13.499960625932426,-0.250021365181732,-110.66516092663318,3.9173466180585775e-06,0.01018318615840362,1.241491179012576e-06,2.278996395200768e-06,-130.01343659542644
0.0025500999763607,1.1467851400375366,-0.4999921023845672,0.4403487741947174,1198.1456473715054,-296.2778132463432,-37.781407934498695,1199.2381591796875,-295.82843017578125,-40.2412109375,1234.812119199853,711.5188189270156,1009.2085711266709,2.728764923678688,0.0022080204843682185,4.362400926159833e-09,-1.1507003233559898e-09,-3.424389804326488e-09,2.8485484626987994e-06,3.0833425222167185e-06,-1.9817920624051826e-05,-9.116500553999068e-06,2.2031059014981412e-05,1.6254704771292222e-09,3.2780840866150345e-06,-2.693513057135684e-09,-4.295356355406705e-07,-0.0003297941385398742,-0.002542041358229268,18.915261225858163,13.499960625932426,-0.25556512558120276,-110.64249703664964,3.39174060853935e-06,0.010093119635271527,1.2906196881336267e-06,2.367643278876074e-06,-136.20371068843147
0.0026000998914241,1.2005929946899414,-0.5327501893043518,0.4358986318111419,1176.534280516672,-242.61444999495973,86.92357877559843,1193.8798828125,-400.7477111816406,-63.24116516113281,1204.4294886477985,595.4380811607732,1046.9498004336092,218.76116779292465,0.17349176360233062,4.086710577966804e-09,-4.998271673950407e-10,-2.6155923135319634e-09,2.3510318691639935e-06,3.0826407084152357e-06,-2.0289173524423358e-05,-9.289004381927759e-06,2.2526403140510772e-05,1.698888809425891e-09,3.400233270336945e-06,-2.816248373268083e-09,-1.0492014127973867e-06,-0.0003395930354235675,-0.002367379626857194,18.915561225348547,13.499960625932426,-0.2610967368051393,-110.62232779044919,2.8038585672901267e-06,0.009984531004422438,1.3501117979824764e-06,2.468809965486851e-06,-111.25418305586477
0.0026499999221414,1.258255958557129,-0.547935962677002,0.4373481273651123,1139.4165484863786,-55.69186028177406,347.5631396907551,1120.5635986328125,69.06028747558594,487.982666015625,1192.5484436021675,419.035310509678,1116.5040075539405,188.7754630812916,0.15420860002393538,3.500383790143421e-09,1.132795080626368e-09,-8.266111271190273e-10,1.8190040962699785e-06,3.063975904817618e-06,-2.0756770478101878e-05,-9.459659267270375e-06,2.3015573477077623e-05,1.75423022886171e-09,3.411511538517987e-06,-2.9193745040715143e-09,-1.592507453872444e-06,-0.0029096594406844197,-0.0017659296846209934,18.915860625532847,13.499960625932426,-0.27629255157770294,-498.42798957921394,2.568439081234289e-06,0.00998234590791319,5.875539035498479e-06,1.7201375515527684e-06,-58.32268315952957
0.0027000999543815,1.319916844367981,-0.5480273962020874,0.4432931244373321,1124.222366018968,-17.13749588275924,450.2647006774614,1125.6055908203125,-16.288663864135742,448.1816101074219,1211.159742849217,375.2160011334837,1151.5732174690327,2.6406614644597624,0.002179374910848542,3.1844146277177135e-09,1.544928666011682e-09,-6.420311069620136e-11,1.76230277204255e-06,3.031838176633032e-06,-2.122748098246844e-05,-9.630388398005909e-06,2.350621986383169e-05,1.789902867876587e-09,3.3241946304885255e-06,-3.007469959932618e-09,-1.561891870070411e-06,-0.002906383902280259,-0.0017508527173907729,18.916161225726288,13.499960625932426,-0.30126275485093085,-498.3858708814044,2.571162700956879e-06,0.010048716145376169,5.871248846426271e-06,1.6150746555053221e-06,-35.756578358207534
0.0027501001022756,1.380334496498108,-0.5526431202888489,0.4503452479839325,1124.9281217339042,-103.34532342656405,413.1940341281608,1126.295654296875,-102.61354064941406,411.06591796875,1202.8602764997331,334.4960867620667,1155.4156017303378,2.633349527059472,0.002188352270118257,3.14539891432099e-09,9.818003629698224e-10,-2.730673884657838e-10,1.6620267004552595e-06,2.9886114664874623e-06,-2.1699682567875573e-05,-9.80031527489054e-06,2.399696233966783e-05,1.8343703337573765e-09,3.230701770326199e-06,-3.0930638210202823e-09,-1.568675081495375e-06,-0.0029059746609452434,-0.0016728915990841357,18.916461226613652,13.408180206442934,-0.3261810681908011,-498.34371450491017,2.582623518935254e-06,0.010100553849293648,5.870862771635953e-06,1.535055355791425e-06,-40.52138045517928
0.0027999999001622,1.4393466711044312,-0.5617123246192932,0.4588779509067535,1121.3346693378887,-190.60278949209356,378.88866502303415,1122.7109375,-189.7213592529297,376.8059692382813,1198.8650818604303,306.74889457833535,1158.957548911601,2.647386456938407,0.0022073384773309964,3.0911378121833185e-09,4.1547438586440483e-10,-4.785950661979637e-10,1.6028375869378996e-06,2.934687803886908e-06,-2.2172356285478974e-05,-9.969018159978643e-06,2.4486876052908126e-05,1.886268691293935e-09,3.1728142787458513e-06,-3.17541285977787e-09,-1.5699767034323873e-06,-0.0029083942225778675,-0.001627684445120702,18.916760625400975,13.400000000000022,-0.3510472747997802,-498.30186973127684,2.497789535767374e-06,0.010131765095944776,5.874329151878304e-06,1.484686924834211e-06,-45.362750515495996
0.0028500999324023,1.4971264600753784,-0.5752309560775757,0.4693328440189361,1113.493809125945,-278.44469555206194,347.5843273892899,1114.8460693359375,-277.9429626464844,345.3548889160156,1199.255926018109,295.97923188367963,1162.1579369358965,2.655322859876681,0.00221322707537735,3.022014526000882e-09,-1.501763286573706e-10,-6.791599095892037e-10,1.5853724637692265e-06,2.8698795522105874e-06,-2.264719899881942e-05,-1.013706825481497e-05,2.4977829848469643e-05,1.9448263500739763e-09,3.1507187103151374e-06,-3.256656570691494e-09,-1.5653462581703465e-06,-0.0029135262032433692,-0.0016155753805125754,18.917061225594416,13.400000000000022,-0.3760111754424676,-498.26038887367446,2.35170676564141e-06,0.010142995066894596,5.881482528627917e-06,1.4672504425284e-06,-50.34885325291298
0.0029001000802963,1.5531355142593384,-0.5930294394493103,0.4820403456687927,1101.4104591646335,-366.92432285138455,319.28731577304694,1102.7413330078125,-366.5437927246094,317.0249938964844,1204.0277605897436,304.0261788688097,1165.0111290597974,2.65219317490547,0.0022018451100454628,2.9380944362723578e-09,-7.162499408638272e-10,-8.753795890089015e-10,1.6096799337052159e-06,2.7947062622255083e-06,-2.3120226201759315e-05,-1.030303785214065e-05,2.546581692573956e-05,2.0088306337558546e-09,3.1647520347966616e-06,-3.3379637937945302e-09,-1.5550721127158813e-06,-0.0029210917548248816,-0.001636703923756951,18.917361226481777,13.400000000000022,-0.40092325404898665,-498.21980791824205,2.1491427375173464e-06,0.010134228412790955,5.8919288089355205e-06,1.484229079215878e-06,-55.48865223597409
0.0029500001110136,1.6071845293045044,-0.6149493455886841,0.4973725974559784,1034.8335968210592,-245.08339139672253,445.3096242578138,1086.405029296875,-455.2954711914063,291.8779296875,1152.92979114288,209.55683818340123,1133.725290745223,265.31116832491654,0.2186196333477249,2.6157146691646193e-09,2.3931958981228567e-10,1.6392019549241413e-10,1.3605857016566784e-06,2.709390236201474e-06,-2.3590296183533648e-05,-1.04665384005708e-05,2.594978411412105e-05,2.077586937290913e-09,3.15528325503596e-06,-3.414993138794181e-09,-1.794697565003717e-06,-0.0029307072502925973,-0.0014506426727230108,18.91766062666608,13.400000000000022,-0.4257834536678608,-498.180365048195,1.8908586843078495e-06,0.010105469556673073,5.9051297886244484e-06,1.5340954382862167e-06,-23.646990768777624
0.003000000026077,1.6634998321533203,-0.6113000512123108,0.5114454030990601,949.3323842815107,-57.38958638661149,626.9584980743967,929.72314453125,6.244497776031494,680.56298828125,1139.1235660712791,318.8480424905428,1093.5896966316463,85.48251470995787,0.07418998564662035,2.109987693080882e-09,1.574021993128091e-09,1.7159466713862553e-09,1.494287262098077e-06,2.616881730872601e-06,-2.4062066059302933e-05,-1.0628792771935676e-05,2.6434869563218677e-05,2.128281495383801e-09,3.0477917035415403e-06,-3.490217044509337e-09,-1.5535044530678988e-06,-0.0007004763264621919,-0.0015583186673021462,18.91796062615646,13.30919994784602,-0.44080198848899005,-102.5620482973384,2.1029149397483052e-06,0.010190559467370965,1.8428132449744078e-06,1.6021177701610158e-06,20.310551662827137
0.0030501000583171,1.7197619676589966,-0.6015019416809082,0.5258923768997192,925.0590396185446,-64.33534553225327,644.8678246793207,926.2836303710938,-63.7208251953125,643.2388305664062,1129.4811971747815,314.4433605582144,1084.8286259922506,2.128586285695915,0.0018845033510147616,1.9066438449377745e-09,1.4756966754207948e-09,1.95900302585614e-09,1.4660583442014044e-06,2.5214415101949977e-06,-2.453944282593784e-05,-1.0790602693395794e-05,2.6925434592287034e-05,2.162098483847277e-09,2.884525209983709e-06,-3.566168022773024e-09,-1.41846687740674e-06,-0.0006998316035361458,-0.0014736545617647949,18.918261226349905,13.30000000000002,-0.4459399696729656,-102.54684901243903,2.374994999890037e-06,0.010288951728567464,1.8401321838529308e-06,1.4379342235397681e-06,27.167540057096232
0.0031000999733805,1.7743858098983765,-0.5951520800590515,0.5421947836875916,919.0413071932608,-135.16257680093335,610.6536884859288,920.2431030273438,-134.642578125,608.984619140625,1111.6671146329893,235.7171366601181,1086.3890671583504,2.121439211767451,0.0019083137254666464,1.8073604077191121e-09,9.196396492178567e-10,1.7626916631958965e-09,1.306566086378448e-06,2.4247683403829457e-06,-2.5020578732450815e-05,-1.0951170222112013e-05,2.7419646074392834e-05,2.2011072042115996e-09,2.742649597672846e-06,-3.636682740560744e-09,-1.4360835229188337e-06,-0.0006995809856234204,-0.0013469389411764447,18.918561225840282,13.30000000000002,-0.45106689841387615,-102.53064899568923,2.5959895366856198e-06,0.010365221373863923,1.8391651676523037e-06,1.2961988873478983e-06,22.06882819554566
0.0031500000040978,1.8272974491119385,-0.5921332240104675,0.5606973171234131,910.5318382787441,-207.06019835633154,579.584997062575,911.7477416992188,-206.4145965576172,577.960205078125,1099.0272622108414,157.87434770333672,1087.6288950832006,2.1295942813498785,0.0019376537836982846,1.704479025030487e-09,3.585071965078587e-10,1.5705955102431212e-09,1.194021721469117e-06,2.327263873169104e-06,-2.5504445139734767e-05,-1.1110111856107063e-05,2.7916437173756775e-05,2.244345833937125e-09,2.6417067338330893e-06,-3.701668593502678e-09,-1.447685023988408e-06,-0.0006993190503855398,-0.001257702859951911,18.918860626024586,13.30000000000002,-0.45618275781783046,-102.51368987205021,2.7596938805146456e-06,0.010418473995142872,1.8381505468216256e-06,1.1861375098976887e-06,17.125966530828027
0.0032001000363379,1.87871778011322,-0.5923121571540833,0.5818750858306885,899.6712633197523,-279.6994318079987,551.8812248092897,900.839111328125,-279.36309814453125,550.1282958984375,1091.8850857549426,85.39614484155065,1088.5405545684916,2.1330140811403946,0.001953529143747172,1.5985009673629217e-09,-2.0502959263330337e-10,1.384069072428804e-09,1.129656890100636e-06,2.2286319310048243e-06,-2.5992929041405843e-05,-1.1268006062045276e-05,2.8417725472840763e-05,2.291379575074226e-09,2.5820242311276296e-06,-3.763399512032484e-09,-1.4523673526514291e-06,-0.0006987586395042156,-0.0012066036791722658,18.919161226218026,13.30000000000002,-0.46131825563166284,-102.4960709688581,2.866923211519879e-06,0.010450131853569111,1.8358373228658709e-06,1.117607780690648e-06,12.254510005110728
0.0032500999514013,1.9282302856445312,-0.5955439805984497,0.6059628129005432,886.4990777425178,-353.1743244149531,527.5435181554086,887.6421508789062,-352.9344177246094,525.767333984375,1090.3737349239843,52.34022578968514,1089.1167901452827,2.125794351444886,0.0019496116613016516,1.489676448060019e-09,-7.713272406119515e-10,1.2026383709203802e-09,1.1137269258549796e-06,2.129711868045859e-06,-2.6482113281935656e-05,-1.14235599467848e-05,2.891946953828777e-05,2.341452332138054e-09,2.564531322408938e-06,-3.823418631179437e-09,-1.4508044081783939e-06,-0.0006977393038845557,-0.0011941651649687267,18.91946122570841,13.30000000000002,-0.4664426030388989,-102.47817351689245,2.9166049007914e-06,0.010460567781479812,1.8315183451772532e-06,1.0995951982039448e-06,7.435179237702001
0.0032999999821186,1.975728273391724,-0.6016284227371216,0.6332898139953613,871.0261768981306,-427.35755055274404,506.6690055503706,872.2034912109375,-426.9903564453125,504.9226989746094,1094.5476499639549,106.51591089554364,1089.3525227251778,2.137869771576211,0.001953222131277467,1.377995275356658e-09,-1.339341667267537e-09,1.027093683922037e-09,1.1465221330970624e-06,2.0307189334781974e-06,-2.6971002844040893e-05,-1.1576467460100943e-05,2.9420629032276397e-05,2.3942692375246713e-09,2.5892587280412917e-06,-3.883663064235888e-09,-1.4427366065686649e-06,-0.0006962249255319897,-0.0012204398839842788,18.919760625892714,13.21020003576282,-0.4715558192927675,-102.46022753687242,2.954719494977958e-06,0.010450157760974743,1.825020267401678e-06,1.1343469027704758e-06,2.6221689225838527
0.0033501000143587,2.02135705947876,-0.6103978753089905,0.6643706560134888,853.3132129638999,-501.87204736920813,489.3370973151377,854.42236328125,-501.8260192871094,487.5103149414063,1104.2960591064968,181.6448889397281,1089.254295598697,2.137631130900585,0.0019356906189429608,1.264120009669826e-09,-1.9062736535725494e-09,8.579837151097624e-10,1.2276195145416102e-06,1.9312378071645894e-06,-2.746153380286872e-05,-1.172733552421624e-05,2.9923166890746497e-05,2.45006759404153e-09,2.656236799894e-06,-3.946431789547954e-09,-1.4286172969768253e-06,-0.0006942903817851345,-0.0012852960409449913,18.92006122608615,13.20000000000002,-0.4766886271999388,-102.44215186970258,2.8935566296561425e-06,0.010418559630985163,1.8166500338812387e-06,1.217435960327904e-06,-2.259395422839573
0.0034000999294221,2.064683675765991,-0.6215643286705017,0.6993584632873535,833.257475576542,-576.8402300134372,475.46580900924187,834.3646850585938,-576.8216552734375,473.6412353515625,1119.4330739722493,259.9908445187511,1088.8228358504364,2.1343211778944706,0.0019065380593916296,1.1475688370819636e-09,-2.4730844066659103e-09,6.952257380595008e-10,1.3566754791057707e-06,1.8320152234811654e-06,-2.7949732503331235e-05,-1.1874957432391246e-05,3.042299197659463e-05,2.5085993855956257e-09,2.7646172030405386e-06,-4.01326904501981e-09,-1.4079417355592035e-06,-0.0006921565378641165,-0.0013881987194803507,18.92036122557653,13.20000000000002,-0.4818102841842676,-102.4244755169436,2.76850600012931e-06,0.010365192832926265,1.8073573778879888e-06,1.3390024959212358e-06,-7.228993129121412
0.0034501000773161,2.1056268215179443,-0.634867787361145,0.7386242747306824,810.8481343390126,-651.8450077000799,465.076635629498,811.9332885742188,-651.9293823242188,463.2385864257813,1139.5932993980914,338.78258919421097,1088.0713420046934,2.1361422393342555,0.0018743588711621281,1.0287778463148109e-09,-3.036843514783621e-09,5.39478786718788e-10,1.5323164303661982e-06,1.7329789692880668e-06,-2.8435493709346986e-05,-1.2019346333493268e-05,3.0919980674100763e-05,2.5701936896533053e-09,2.913659645248236e-06,-4.086179832697901e-09,-1.3813432265064733e-06,-0.0006901532525512729,-0.001528224161214368,18.920661226463896,13.20000000000002,-0.48693109748643676,-102.40745070156562,2.5845831582882884e-06,0.010288918213871666,1.7985952230416572e-06,1.4888795395012282e-06,-12.35121985573327
0.0035000999923795,2.1439883708953857,-0.6500007510185242,0.7824613451957703,785.9754653923505,-726.7369489350526,458.0751543913604,787.0375366210938,-726.9254760742188,456.228759765625,1164.3611433815627,417.3124983792557,1087.0083490540835,2.138389789320655,0.0018363610900061112,9.07611139518408e-10,-3.5967265134968405e-09,3.9083370731585616e-10,1.753132675585412e-06,1.6342375691068938e-06,-2.8917651949642615e-05,-1.2160207867955152e-05,3.141292699040999e-05,2.6351866464182977e-09,3.1020651409942452e-06,-4.166990587819728e-09,-1.3489324770332688e-06,-0.0006887344134829708,-0.0017042115347006448,18.92096122595428,13.20000000000002,-0.4920510582955681,-102.39132956192938,2.3416740425073126e-06,0.010188221272109861,1.7923976080193994e-06,1.6583115372514135e-06,-17.690606278801795
0.0035500999074429,2.1795451641082764,-0.6666221618652344,0.8311380743980408,758.5212385403728,-801.2576641210802,454.34916010411496,759.564697265625,-801.5570068359375,452.5019836425781,1193.2315252778506,495.1603066749208,1085.6416276149805,2.142538926670605,0.0017953317987700489,7.840186878449063e-10,-4.151194934106135e-09,2.4949592645038506e-10,2.0171149234940952e-06,1.5358837878085825e-06,-2.939495716345439e-05,-1.2297244263061229e-05,3.1900543288733564e-05,2.7040055038177564e-09,3.328144616112432e-06,-4.257460064405657e-09,-1.3110297042427723e-06,-0.0006884691853011113,-0.0019145736760827687,18.92126122544466,13.20000000000002,-0.4971702411243853,-102.37633143613617,2.0397746680768178e-06,0.01006122596251183,1.791334218790543e-06,1.840608011739889e-06,-23.325766419382784
0.0036001000553369,2.212048053741455,-0.6843567490577698,0.8848930597305298,728.4011425379629,-875.0559602430001,453.752406334989,729.3855590820312,-875.5400390625,451.9116821289063,1225.6355103627675,571.9403118812379,1084.004927990364,2.142819133427459,0.0017479750809175003,6.582037026369228e-10,-4.6980687594438786e-09,1.1559225804476894e-10,2.321479831923882e-06,1.4380009195025805e-06,-2.9866052577810366e-05,-1.2430149459803986e-05,3.238143849210669e-05,2.7771407711714798e-09,3.58974646523937e-06,-4.359255182866541e-09,-1.2682666449399231e-06,-0.0006900333373915713,-0.0021572190184783826,18.92156122633202,13.20000000000002,-0.5022887332120594,-102.3627464772015,1.679119961332212e-06,0.009905778505433614,1.7984221799392423e-06,2.0308268510463e-06,-29.355495710570498
0.0036500000860542,2.2411670684814453,-0.7027574777603149,0.9438048601150512,775.3964730779057,-564.0515171196932,544.0412142317116,696.43017578125,-948.413330078125,454.2658386230469,1102.4403145791603,245.7246046505689,1074.7065022036109,402.52862933599283,0.3191396425043403,1.162235226978579e-09,-2.36627276108112e-09,6.735738137887138e-10,1.3011723761105987e-06,1.3408629479811078e-06,-3.0328536707014526e-05,-1.2558353292217605e-05,3.2853162551665384e-05,2.8549567897869524e-09,3.7862962265313075e-06,-4.4540090798090475e-09,-2.4851238620451444e-06,-0.000694184001526538,-0.001640530024175275,18.921860626516324,13.111377073744132,-0.5073963365498628,-102.35068813929193,1.2793801121145665e-06,0.009719789168815433,1.816902306523943e-06,2.2248933092524428e-06,-10.196397327446665
0.0037000998854637,2.2914717197418213,-0.6986013650894165,0.9662153124809264,836.1908623095113,-164.58733979168267,659.5919880204481,850.2401733398438,-75.20415496826172,686.3397216796875,1077.6668043928948,174.7924370183504,1063.3970778836942,94.35135465646722,0.08614402566404664,1.6448804227013591e-09,6.02793873155174e-10,1.6026804257694395e-09,1.166668453612035e-06,1.2429255429875639e-06,-3.078996360977319e-05,-1.2683981063862178e-05,3.332341667093851e-05,2.912488151751209e-09,3.7996403893647217e-06,-4.526917420714836e-09,-2.632971947377122e-06,-0.003748951031245986,-0.0012699942399982435,18.92216122531278,13.10000000000002,-0.5215642459371534,-463.2367814426359,1.3957324595445545e-06,0.009767310011983327,6.635164949172879e-06,1.3334408351774674e-06,15.867157483842256
0.0037501000333577,2.3450310230255127,-0.6910250186920166,0.9822385907173156,838.8278037801437,-144.00851743845013,659.3862800677199,840.0711669921875,-143.70962524414062,657.893798828125,1076.6433038992,194.1649515195562,1058.9904510581734,1.9653978913761592,0.0018254586414370771,1.6407305341891225e-09,7.33804749880823e-10,1.666703310932406e-09,1.1848087763207626e-06,1.143721328710242e-06,-3.125383589167534e-05,-1.2807971688501963e-05,3.379577629223789e-05,2.9488339362421944e-09,3.706337917719826e-06,-4.589531920959058e-09,-2.521529153023499e-06,-0.00373048952851211,-0.0012345783615454495,18.92246122620015,13.10000000000002,-0.5447252894675795,-463.2022194790096,1.5820182129525013e-06,0.009844629142832444,6.613029153112364e-06,1.208565776050768e-06,17.417974678909633
0.0038000000640749,2.396113395690918,-0.6853593587875366,1.0018770694732666,826.0649170669247,-213.1920757045124,633.82448890082,827.326171875,-212.7758331298828,632.3701782226562,1062.8111737662384,120.58665914824422,1055.9481278537478,1.9695281466504608,0.0018530761951083914,1.529204377803394e-09,1.945611853387836e-10,1.517726699292204e-09,1.0918577670223215e-06,1.0433640359913942e-06,-3.1720343179888134e-05,-1.2930355738200446e-05,3.427043739840344e-05,2.9893591842409763e-09,3.627026921788707e-06,-4.649242993039749e-09,-2.535169166390821e-06,-0.0037175483390751987,-0.001158649507154391,18.92276062638445,13.10000000000002,-0.5678382147999952,-463.16696307337844,1.7210321244056892e-06,0.009899866111433415,6.597518103231457e-06,1.1160630572737188e-06,13.209500994038418
0.0038501000963151,2.4449191093444824,-0.6813125610351562,1.025606393814087,810.8482523778906,-282.7993772628686,611.2786085292811,812.0427856445312,-282.6817626953125,609.72412109375,1054.0929339531879,55.16011778499569,1052.6486948721235,1.9639689658537272,0.0018632056365309128,1.4140487777341505e-09,-3.466416373351161e-10,1.3738499675218842e-09,1.0422070579246777e-06,9.415597469551889e-07,-3.21912221579186e-05,-1.3051552642630412e-05,3.4749163229650705e-05,3.0338679255738675e-09,3.585055995062938e-06,-4.7062491462204316e-09,-2.5428489487626957e-06,-0.0037104838438124623,-0.0011170437661501948,18.92306122657789,13.011975855658502,-0.5910419949908516,-463.1310512515638,1.8337544158571464e-06,0.009931288969778584,6.589111667239893e-06,1.0650223988157104e-06,9.068746348663986
0.0039001000113785,2.491032361984253,-0.6786186099052429,1.0536267757415771,793.2172525593445,-352.9588357124763,591.7146205402922,794.40087890625,-352.8623046875,590.162353515625,1050.6663322037325,57.385675496631976,1049.0980058479945,1.9544366154319468,0.0018602075901812333,1.2954026820243587e-09,-8.905484114444941e-10,1.234629519436004e-09,1.0362055122216651e-06,8.392044926048612e-07,-3.266253544349505e-05,-1.3170526937085133e-05,3.5227947223454045e-05,3.0817864099751613e-09,3.5812283314420543e-06,-4.761932757314499e-09,-2.545022830844825e-06,-0.0037095722519826834,-0.0011103044612802244,18.92336122606827,13.00000000000002,-0.6141976022205083,-463.0948113442213,1.8692756651337897e-06,0.009939086333213021,6.588171126424434e-06,1.06249697467946e-06,4.971029377956501
0.0039500999264419,2.534420251846313,-0.6769406795501709,1.0862915515899658,773.3039469294562,-423.22812354608243,575.2415684911031,774.4417114257812,-423.2959289550781,573.6635131835938,1052.6271424474658,123.74937690245422,1045.3276963389862,1.9466289261554837,0.0018493008234908095,1.1739602263969468e-09,-1.4337726876280127e-09,1.1010304735129307e-09,1.0739997486637322e-06,7.363533052092147e-07,-3.313409954769375e-05,-1.3287238587794007e-05,3.570660272716425e-05,3.1330096228292973e-09,3.6155678164636513e-06,-4.818152734559329e-09,-2.5415680794243545e-06,-0.003714814492618697,-0.0011384984486264163,18.923661225558654,13.00000000000002,-0.6373513967388446,-463.0585426755629,1.8460984024369844e-06,0.009923435746539862,6.594700018742984e-06,1.1087818433535682e-06,0.8601803555208825
0.0040000001899898,2.5748491287231445,-0.6759213209152222,1.1238064765930176,711.4293726854935,-425.5173661246921,589.6550995415158,752.255126953125,-493.6661376953125,560.2438354492188,1017.2953934864174,152.99673340060932,1005.7245732194417,84.7113908138243,0.07992113004119189,9.087221030388732e-10,-1.524164536235655e-09,1.2933220092509634e-09,1.0288319964070783e-06,6.33440735645345e-07,-3.3603842156630825e-05,-1.3401195276276644e-05,3.618302764676049e-05,3.18735448823329e-09,3.6721522038961796e-06,-4.874801611942773e-09,-2.6433202191135366e-06,-0.003726004591977017,-0.0011319856472768106,18.92396062713994,13.00000000000002,-0.6604572421004005,-463.02255264275385,1.7678355135889526e-06,0.009884193774424522,6.608425841385288e-06,1.197702035049796e-06,8.076300248519232
0.0040500001050531,2.613379955291748,-0.6670988202095032,1.158458948135376,522.1128378569576,-218.21719971374503,693.3799445672305,385.398681640625,-19.206195831298828,787.9598388671875,894.9839714955848,261.3729762562279,855.967567444568,259.3096538542942,0.2955526692180035,1.5702173380731094e-10,-2.43303719850736e-10,2.5111060629632635e-09,9.38113351104512e-07,5.316914604615948e-07,-3.407405638137717e-05,-1.3512809581324331e-05,3.6659514956850276e-05,3.2214113986512464e-09,3.689040520396858e-06,-4.927605812050765e-09,-2.7509271809167816e-06,-0.0016328291276273504,-0.0009801859450605799,18.924260626630318,13.00000000000002,-0.6762414876481072,-168.3483417967262,1.8337737168789835e-06,0.009870968160760524,3.7793476811631437e-06,1.5780262901332678e-06,50.61732559301662
0.0041001001372933,2.652485609054565,-0.6334749460220337,1.1721163988113403,372.8393470503946,-78.58167736508766,767.5230490394296,373.6750793457031,-78.56314086914062,766.7353515625,856.898996109377,431.71828350899693,740.1994415137742,1.1485901733276396,0.0013409398284962176,-4.946637299661521e-10,5.332965556124266e-10,3.446772697562281e-09,1.2095700251078602e-06,4.354569436152338e-07,-3.454802036255099e-05,-1.362238572104902e-05,3.713926125347704e-05,3.2364135797498596e-09,3.635815199746168e-06,-4.9798625637755894e-09,-2.4262451862627437e-06,-0.0016286333121873539,-0.0011059105857474047,18.92456122682376,12.912774177059301,-0.6846752852800306,-168.32998972563053,2.2476143124047154e-06,0.0099261056465255,3.7705806214090833e-06,1.4892628951671468e-06,81.93708648831787
0.0041499999351799,2.6887452602386475,-0.6004104614257812,1.1894673109054563,360.69767632660137,-138.88772805869232,748.4669264486411,361.5726623535156,-138.6723175048828,747.7410278320312,842.3748302864885,410.4140023069566,735.6328577562152,1.1571218844978055,0.0013741402047287227,-5.9369534139159e-10,-8.598263672325358e-12,3.319864077093804e-09,1.135929062615239e-06,3.4860783531734087e-07,-3.5024868092359385e-05,-1.3729379291092847e-05,3.762125420594997e-05,3.2561973300600834e-09,3.5747389517626496e-06,-5.033537348921463e-09,-2.4388099007718462e-06,-0.0016324837068811108,-0.0010453921216443797,18.92486062561108,12.90000000000002,-0.6930744173895617,-168.30993529444538,2.630442590978914e-06,0.009969318437988149,3.778869580116422e-06,1.4317461843122018e-06,78.16653928594843
0.0042000999674201,2.7224133014678955,-0.5674535632133484,1.210875391960144,348.2688631791356,-199.84769464021218,731.6646321524063,349.1001281738281,-199.8592529296875,730.8775024414062,834.6037599099413,402.7862882752224,730.9764989609996,1.1448616804643783,0.0013723013096991151,-6.832783068473846e-10,-5.540632951471005e-10,3.1979178761190656e-09,1.1062835597717324e-06,2.7110399049130283e-07,-3.550746130475638e-05,-1.383435785675887e-05,3.8108303071526265e-05,3.2808577417802197e-09,3.5513164149630276e-06,-5.0852719011272846e-09,-2.4450328668157307e-06,-0.0016441881048104687,-0.001019858134394784,18.925161225804523,12.90000000000002,-0.7015062093753976,-168.2883305673618,2.9523149043496335e-06,0.009988823244791223,3.8036997026957623e-06,1.4095031248021878e-06,74.76423063468818
0.0042500998824834,2.753225088119507,-0.5345985889434814,1.2364248037338257,335.5980581502153,-261.5372618047517,717.064401670685,336.4130554199219,-261.5947570800781,716.2786865234375,833.7920316780799,409.6243965950716,726.2348145083541,1.1335230694292027,0.0013600159226903402,-7.631857658386538e-10,-1.1029159311478726e-09,3.080761409803324e-09,1.120717144310336e-06,2.0368017933470382e-07,-3.599156641727939e-05,-1.3936364860431507e-05,3.8596069803905645e-05,3.3102928697331428e-09,3.5660364309842134e-06,-5.136508705634988e-09,-2.4453192982983128e-06,-0.001663503076548088,-0.0010296175274273475,18.9254612252949,12.90000000000002,-0.7099200414926182,-168.2655258369408,3.2140681019057925e-06,0.00998468050895584,3.844243067638066e-06,1.4247197123314775e-06,71.72470993683329
0.0043000001460313,2.781118631362915,-0.5016269087791443,1.2662636041641235,322.7258040863763,-323.7838907061922,704.681051880859,323.5707397460937,-323.7001342773437,703.9320678710938,839.9781767307716,430.2605564849709,721.4147149297653,1.1322139618108835,0.0013484470554952232,-8.333320567935977e-10,-1.6536628568418763e-09,2.9689027703052434e-09,1.1793105813578037e-06,1.4646089661345374e-07,-3.647581636792495e-05,-1.4035120883774223e-05,3.908313253467503e-05,3.344596021303572e-09,3.6186840756708993e-06,-5.189008396731425e-09,-2.4393735059375315e-06,-0.0016902135843777479,-0.0010745673952050612,18.925760626876187,12.8137721636102,-0.7183159393950669,-168.24163085930897,3.4636190177726584e-06,0.009956961633206246,3.899568653680163e-06,1.4759418510471084e-06,69.03095486852828
0.0043501001782715,2.806148052215576,-0.468106597661972,1.300728440284729,309.7379091618611,-386.2145588727422,694.526629104172,310.5303955078125,-386.3634948730469,693.7470703125,852.9164650726542,462.61238408655396,716.5586357596892,1.1215740949126933,0.0013154171209033927,-8.932214481263637e-10,-2.203768430672174e-09,2.862540452014657e-09,1.281286739680306e-06,9.926427961369227e-08,-3.6961732334723016e-05,-1.4130930154412794e-05,3.957098302556823e-05,3.3841931895080765e-09,3.709172693608674e-06,-5.2448436738526345e-09,-2.4278859655528037e-06,-0.0017243525916212554,-0.0011543843489180646,18.926061227069628,12.80000000000002,-0.7267442261429378,-168.216705433259,3.6142327727422164e-06,0.009905039821489547,3.969125487214153e-06,1.5595943429793233e-06,66.6614128684208
0.0044001000933349,2.8280222415924072,-0.4339931607246399,1.3397376537322998,296.6080612531528,-448.8171171647779,686.5106619708063,297.3827514648437,-449.01171875,685.7451782226562,872.1869270173972,504.22732371945017,711.6634328632963,1.10633632758868,0.0012688090163537054,-9.430198299662204e-10,-2.752570582866149e-09,2.7618660392181756e-09,1.4258719965816787e-06,6.248131309770001e-08,-3.7444980108012276e-05,-1.4222947195259747e-05,4.005524517616973e-05,3.4291386869236133e-09,3.836165907298821e-06,-5.305407716217377e-09,-2.410293922341578e-06,-0.0017655948710644867,-0.001268181460961686,18.92636122656001,12.80000000000002,-0.7351544119650154,-168.19129891688806,3.6944414888052893e-06,0.00982827475536954,4.051537426711127e-06,1.6697345307033812e-06,64.63391657234304
0.0044499998912215,2.84659743309021,-0.3990390002727508,1.3833377361297607,283.3167227141159,-511.3761520704641,680.5784224628461,284.121337890625,-511.4331359863281,679.8453369140625,897.1961454430564,552.6987251343106,706.7425575361835,1.089984940616775,0.0012152434389948227,-9.828372429108258e-10,-3.2983620257489872e-09,2.6672431824222943e-09,1.611758805828866e-06,3.607539522269195e-08,-3.7924090941504874e-05,-1.4310946220608682e-05,4.05344440803476e-05,3.4797319817117982e-09,3.998276046597913e-06,-5.3723468761095795e-09,-2.3865172523934826e-06,-0.0018137408216819847,-0.0014147616661558228,18.92666062534733,12.80000000000002,-0.743546484906784,-168.16569238155802,3.711132996396282e-06,0.009725664169195604,4.145652602468277e-06,1.8003663267036847e-06,62.96068524315472
0.0045000999234616,2.8617827892303467,-0.3627728521823883,1.4318386316299438,251.78545030068048,-331.2982214236283,696.0011668270333,270.6405029296875,-573.7766723632812,675.9280395507812,810.9081629421224,454.5161332236239,671.5557559619401,244.03737955154517,0.26325259448529686,-1.0170043850382932e-09,-2.0397275661213423e-09,2.8317365311438155e-09,1.1952915688114725e-06,1.989045879399098e-08,-3.8400381069742125e-05,-1.4395209585827003e-05,4.100989784127298e-05,3.536669818424667e-09,4.136811610235404e-06,-5.438926351349768e-09,-2.9415200530483676e-06,-0.0018689033658303973,-0.0012430999065119039,18.92696122554077,12.714371410256307,-0.7519709457277585,-168.13991239733534,3.713728450010305e-06,0.009595128919473166,4.250906957978914e-06,1.9469385967814978e-06,72.96016569708218
0.0045500001870095,2.887843370437622,-0.3217787742614746,1.4485104084014893,211.53101570028747,-99.74196336209316,714.3239473202367,205.1761779785156,-48.49191284179688,719.3408813476562,751.6332427279176,417.0461883780958,625.3199247848949,51.88565570404267,0.06921779823695966,-1.1193110586451244e-09,-4.039559405172154e-10,3.12215957234766e-09,1.0168778516911217e-06,1.4090440506134307e-08,-3.887245973482073e-05,-1.4475502277755518e-05,4.148021806318137e-05,3.576754247314143e-09,4.1804485595548696e-06,-5.492710709757376e-09,-3.1635707194881835e-06,-0.0017205252484097412,-0.0009125744159685398,18.927260627122056,12.70000000000002,-0.7549541719477345,48.57235872650506,4.007182051562015e-06,0.009600121176829648,3.2916644005523703e-06,1.4126897731564092e-06,84.66328478105093
0.0046000001020729,2.914053440093994,-0.2797054052352905,1.4617080688476562,202.03814198595745,-110.47763328247393,706.1950581294262,202.7766265869141,-110.31775665283205,705.6898193359375,742.789457652206,419.090158474974,613.2696123799708,0.9089478978476607,0.0012241941933555343,-1.1404506560267194e-09,-5.634335963051918e-10,3.0968641773577713e-09,1.0094112282047174e-06,1.8694530028751576e-08,-3.9346462509457185e-05,-1.455287905512776e-05,4.195152858105112e-05,3.600205158234824e-09,4.1762371584875965e-06,-5.53807628400653e-09,-3.1668259419073145e-06,-0.001758268853758889,-0.0009020516365609449,18.927560626612436,12.70000000000002,-0.7525252272854615,48.585592809736426,4.310028287437482e-06,0.009613107822689624,3.382258597273083e-06,1.39660108889606e-06,84.42244963650627
0.0046501001343131,2.937311887741089,-0.2372328042984008,1.4792773723602295,199.762601465211,-172.6959524258479,694.3726445751821,200.48606872558597,-172.76162719726562,693.8323364257812,742.8878505284305,426.7022824315347,608.1180153806254,0.9053457619850108,0.001219167976524114,-1.127668357087965e-09,-1.1030423211093006e-09,3.010263512809824e-09,1.0277348079330158e-06,3.3775322160120474e-08,-3.9821768180660226e-05,-1.4627213421851729e-05,4.242322163974619e-05,3.6301763523491876e-09,4.194487504547347e-06,-5.583595689929418e-09,-3.1667527082387675e-06,-0.0017960006353472556,-0.0009150891470876899,18.92786122680588,12.70000000000002,-0.7500907265192494,48.60000397950735,4.55175039830332e-06,0.009602480918489972,3.4704631788298205e-06,1.415024231743507e-06,82.19383305449001
0.0046999999321997,2.9574098587036133,-0.1944288611412048,1.5012319087982178,197.62820419932797,-235.332966405232,684.3316331272702,198.35162353515625,-235.2484893798828,683.8277587890625,750.165512584239,446.3396544009484,602.9338348276831,0.8856417176072285,0.0011810597051239817,-1.1043669525470163e-09,-1.6425308981802965e-09,2.9287850159172192e-09,1.0862739220466882e-06,5.915723195123564e-08,-4.0294094256270666e-05,-1.4697846224971176e-05,4.2891073840185166e-05,3.6665491644385394e-09,4.247158628812501e-06,-5.630383847961215e-09,-3.1608847183902488e-06,-0.0018334988557287732,-0.0009601953235278004,18.9281606255932,12.70000000000002,-0.7476652169918805,48.61520049410555,4.727927553362044e-06,0.009567262959737319,3.555956765102466e-06,1.4662899289103708e-06,80.48351786086387
0.004749999847263,2.974371671676636,-0.1508449465036392,1.5277897119522097,195.65515708791176,-297.992046974226,676.0812341640162,196.374755859375,-297.947265625,675.5840454101562,764.3075531117851,476.2987265313908,597.7504151803657,0.8757993024059444,0.001146281712421677,-1.0705936678216564e-09,-2.1791922167536418e-09,2.8526897645664127e-09,1.184282396940433e-06,9.485058386963486e-08,-4.076481194458336e-05,-1.4765008084213019e-05,4.335647994518677e-05,3.7096473571501565e-09,4.333951881038847e-06,-5.6803114956093256e-09,-3.14966949572285e-06,-0.001871178109463116,-0.0010369139749541007,18.928460625083577,12.615369566341338,-0.7452340611911905,48.63119672925566,4.90384154797829e-06,0.009506931280466998,3.6398425614269232e-06,1.546830427106356e-06,79.2902459574467
0.0048000998795032,2.9880447387695312,-0.1062810197472572,1.55904221534729,193.84835438353434,-360.45928402218016,669.5661246902966,194.55288696289065,-360.6447143554688,669.0655517578125,784.7463763967114,514.4559873175289,592.5891598577513,0.8839252370046771,0.0011266236787817834,-1.0264106691181207e-09,-2.7112830531817146e-09,2.7819802006556788e-09,1.320529415459629e-06,1.407469653954893e-07,-4.1232398210194156e-05,-1.482849352177917e-05,4.3817972248812896e-05,3.759671202069667e-09,4.454030674023233e-06,-5.7349539024825526e-09,-3.13350127018804e-06,-0.0019093979831173282,-0.001144418229035283,18.928761225277018,12.60000000000002,-0.7427972197203294,48.6478413032122,4.96119109376572e-06,0.009420601210208242,3.7230021734278634e-06,1.6517431255583563e-06,78.64458264719678
0.0048500001430511,2.998194456100464,-0.0608125403523445,1.594814419746399,153.13436377468906,-118.08460671086803,485.0585633220619,192.8757476806641,-422.74517822265625,664.24169921875,522.1837967256375,278.515170880958,441.70716221491443,355.67406092997913,0.4387589877984345,-6.662253283722736e-10,-9.345593761473323e-10,1.932220271483151e-09,4.7278753674841104e-07,1.9631177767864722e-07,-4.169252436609995e-05,-1.4887771403273181e-05,4.427133230080175e-05,3.816485322294197e-09,4.539645728844696e-06,-5.780617943464717e-09,-4.066858203720721e-06,-0.001948433811326816,-0.0006857941881128137,18.92906062685831,12.60000000000002,-0.7403692633583431,48.66452497940956,4.938916698360199e-06,0.009307811048217781,3.8060618488234596e-06,1.7750202588159404e-06,55.252086672366
0.0049000000581145,3.016296625137329,-0.0440469793975353,1.5863126516342163,96.0152280259086,224.9940132135998,238.3944728157966,79.26959228515625,330.39385986328125,178.34439086914062,341.5745228554822,244.5765441967223,238.443848091619,122.45634459650682,0.3191191842095105,-2.6605618999290123e-10,1.6539210200445662e-09,8.744056681552285e-10,2.775151801876474e-07,2.5783154982489657e-07,-4.2152037661134396e-05,-1.4944165804826926e-05,4.4723470881584496e-05,3.835468181644016e-09,4.501912694027476e-06,-5.804857053115018e-09,-4.224397525464264e-06,-0.004991658443545396,-0.00028377184493207677,18.92936062634869,12.60000000000002,-0.7412700350254757,-84.6954528716055,5.17098049756061e-06,0.009373525715664969,7.627946962384733e-06,1.0212421094715822e-06,22.79605110397942
0.0049501000903546,3.035327434539795,-0.0378587208688259,1.5661596059799194,86.83942423573687,258.791189897617,165.29551791157778,87.10238647460938,258.8335266113281,165.01698303222656,319.1184322659465,261.50879530527226,182.89265646783272,0.38538709814404903,0.001207806068311001,-1.1502541484567654e-10,1.912453910039828e-09,5.4994696369073e-10,2.879206251965204e-07,3.202552764351299e-07,-4.261678116505116e-05,-1.4998920713951038e-05,4.518030791058571e-05,3.81621352988898e-09,4.384078181667788e-06,-5.817944641194731e-09,-4.096157568095703e-06,-0.004971845744860386,-0.0002386864248347684,18.929661226542127,12.51596788352377,-0.7455125477628001,-84.66622406275155,5.50590143672547e-06,0.009472954240968827,7.607309990537086e-06,8.058378344874026e-07,12.325669363206995
0.0049999998882412,3.0513477325439453,-0.0320902466773986,1.5515186786651611,139.57713446758476,277.50749533533224,139.32508391580026,94.27580261230467,186.68104553222656,152.4405059814453,340.44627394291814,271.12478262093066,205.90050434705,102.34094462949957,0.39544884563671995,1.7622496799711584e-10,2.0457292255303484e-09,2.773959093026105e-10,3.1547518895369057e-07,3.8188699704807616e-07,-4.3084390599694884e-05,-1.5051861040191955e-05,4.5639555999142236e-05,3.803740341835669e-09,4.257563596080018e-06,-5.828530311447826e-09,-3.942088418750763e-06,-0.004957190428021633,-0.0001855906544893371,18.929960625329446,12.500000000000018,-0.7497366127438282,-84.635663316733,5.7275485081983565e-06,0.009549844771237494,7.592052867120944e-06,5.923887084172034e-07,1.181147149702255
0.0050500999204814,3.074135065078736,-0.0344068817794323,1.53049898147583,209.32548658962745,331.5290546760868,107.78856584012387,227.20530700683597,368.407470703125,102.2269058227539,406.6288828357803,328.6095520009176,239.50534584854466,41.359855040410224,0.09299712768991296,5.432333358322887e-10,2.4473755536415168e-09,-6.835193626829785e-11,4.5886056445409076e-07,4.41624352734142e-07,-4.355900772148799e-05,-1.5103565950362745e-05,4.610531303620587e-05,3.78806523692174e-09,4.116912297884672e-06,-5.843756173787941e-09,-3.658051745055017e-06,-0.0033081478944232117,-0.00042222781026198685,18.930261225522887,12.500000000000018,-0.7531598515581192,-52.02048883416907,5.951332367149705e-06,0.009657875204669498,6.018283644972443e-06,1.1307074617861583e-06,-13.03636878067445
0.0051000998355448,3.0976831912994385,-0.0402703732252121,1.510358810424805,234.0671471299847,293.01390859075417,89.1283394872071,234.3573455810547,293.1452941894531,88.64740753173828,385.47171218255124,297.38603021015905,245.2549488364913,0.5768646828676222,0.0014958748527099924,6.89817620294176e-10,2.16231007848955e-09,-2.1249433937207645e-10,3.8805565124349603e-07,4.971356565775005e-07,-4.403858697095127e-05,-1.5153961189580969e-05,4.657560333473315e-05,3.769579670277282e-09,3.9745195166769715e-06,-5.862457352450687e-09,-3.586463877057911e-06,-0.0032735758107805763,-0.00032582060698164273,18.93056122501327,12.500000000000018,-0.7557601327655824,-51.990936151898296,6.135830208346772e-06,0.009758648701859378,5.972293807616613e-06,9.264433789199818e-07,-18.03113765458678
0.0051500000990927,3.118193387985229,-0.0464321337640285,1.495999455451965,239.80215624516245,216.83540057946269,76.38173995774297,240.0742034912109,217.15528869628903,75.93807220458984,332.1999929007489,230.00400920237053,239.69770761126074,0.6108839386963758,0.0018372251248244757,7.463399090151244e-10,1.5968733992071928e-09,-2.7528971713424505e-10,2.5210274753911826e-07,5.478580421176682e-07,-4.452234413060803e-05,-1.5202982843770817e-05,4.704965422472932e-05,3.757849858086936e-09,3.859233932908886e-06,-5.875990402090986e-09,-3.607131196994203e-06,-0.0032439769649643038,-0.00021658332751095928,18.930860626594555,12.500000000000018,-0.7583537444771443,-51.960888033250576,6.257447692491848e-06,0.009835666376061902,5.93265580116121e-06,7.322283119238686e-07,-19.48239941204662
0.0052001001313328,3.135809898376465,-0.0527621880173683,1.4875226020812988,245.4881706714067,148.04851684683376,53.202824553949675,244.43902587890625,140.19229125976562,64.04539489746094,291.5704817375368,181.40368947439202,228.2674906020076,13.430648417873384,0.046476969852768814,8.322311483213455e-10,1.0879982840314624e-09,-4.0019214117954307e-10,1.7204404109244236e-07,5.939697559819791e-07,-4.501195353283222e-05,-1.5250761307332444e-05,4.752909089564092e-05,3.752569951323509e-09,3.7780426732663844e-06,-5.885066369026303e-09,-3.6059986437983774e-06,-0.0032193150092515066,-0.00014573048864873476,18.931161226787996,12.416965805722972,-0.7609562111788929,-51.92993140879988,6.395276400564753e-06,0.009888833413271073,5.899449457054397e-06,5.601446093628676e-07,-22.936881839176582
0.0052501000463962,3.150501251220703,-0.0611516498029232,1.4839887619018557,262.3388857500151,157.8850975292501,-81.06523731919472,274.3499755859375,238.7051696777344,-192.6092529296875,316.7348539393757,274.09823039864654,158.7171313763203,138.26864344328638,0.3359972544065932,1.2637356058095122e-09,1.1747741318383815e-09,-1.1609404754197827e-09,3.0555911712209706e-07,6.344040486962404e-07,-4.550355469567959e-05,-1.529696069998967e-05,4.801013398332413e-05,3.7431707686045475e-09,3.7136726239911493e-06,-5.897309217531604e-09,-3.408113518493488e-06,-0.001710553750079998,-0.0003439842834574642,18.931461226278376,12.400000000000018,-0.7644385240352444,-87.36281946631105,6.398807174969814e-06,0.009928457814775086,3.910569363972114e-06,1.2016132624594812e-06,-45.60748027133583
0.0052999998442828,3.1628060340881348,-0.0901636853814125,1.475183367729187,275.8226403816713,160.56033496361695,-202.9016333816631,275.8739318847656,160.8139190673828,-203.3128662109375,378.1888720463526,366.05298528483445,95.03701859671976,0.4858478731510984,0.0012834284375812873,1.6451731770658217e-09,1.207985742442124e-09,-1.8502513397234748e-09,5.115748120088411e-07,6.663044465836034e-07,-4.599707081924423e-05,-1.5341856238244587e-05,4.8492752431688905e-05,3.7300327704760444e-09,3.6499842984177264e-06,-5.916159246955896e-09,-3.138409498033321e-06,-0.001674370679198714,-0.00041153097803235894,18.9317606250657,12.400000000000018,-0.7687971094809909,-87.3306915435587,6.3010178180920474e-06,0.009975803774898047,3.835971710442076e-06,1.103698677049255e-06,-65.92691654557646
0.005350099876523,3.1718742847442627,-0.1190965771675109,1.4724665880203247,275.2717338420695,82.31592791062569,-213.19628634269674,275.3165283203125,82.30406951904297,-213.63348388671875,357.77520309619507,346.4443033053103,89.32771494794764,0.4396462887718596,0.0012278303644594466,1.6648523002893064e-09,6.286327041965004e-10,-1.9054278655289804e-09,4.5813170423858295e-07,6.872362830956353e-07,-4.649524737423687e-05,-1.5385947217396315e-05,4.8979666126636564e-05,3.723449345115676e-09,3.6044694668352354e-06,-5.935697311953791e-09,-3.146337774221088e-06,-0.001642502440101463,-0.00036843119461540063,18.93206122525914,12.400000000000018,-0.7731715882407411,-87.29908668800412,6.133842769009701e-06,0.010008049508576968,3.7690615591890625e-06,1.0442967428638984e-06,-66.89638940792456
0.0054000997915863,3.177615165710449,-0.1476265490055084,1.475933074951172,272.6853739950411,3.904066481416459,-223.09166432160413,272.7230224609375,3.862452983856201,-223.5212554931641,352.33853836287915,342.27934380644876,83.59004976142137,0.43324088547343975,0.0012285664518171622,1.6708212639029757e-09,4.708035197785588e-11,-1.9592025656772328e-09,4.4643704358521547e-07,6.965964663129956e-07,-4.699395961674537e-05,-1.542891110676607e-05,4.9466845311154255e-05,3.7232421459002554e-09,3.5949286080261662e-06,-5.9538780918842265e-09,-3.1484915760653862e-06,-0.0016152949587042236,-0.00035880123797647897,18.932361224749517,12.317764887053311,-0.777535763742231,-87.26822991502758,5.9749194142504275e-06,0.010019208092668864,3.7109999956536653e-06,1.031284510772466e-06,-68.18824902305526
0.0054500000551342,3.179994344711304,-0.1756084710359573,1.485571265220642,268.1102258959629,-74.46150301278506,-232.6000495430257,268.15380859375,-74.298095703125,-232.9990081787109,362.67118952065283,354.2178774242349,77.84656075508371,0.4333236589254487,0.0011939728117068582,1.6630700479130863e-09,-5.351247499716067e-10,-2.0114627019522153e-09,4.7679930176852383e-07,6.944384118501971e-07,-4.7491894713168425e-05,-1.5470659884996786e-05,4.9953014177642744e-05,3.7291857109806195e-09,3.6214257099586864e-06,-5.972379656550302e-09,-3.144626419814598e-06,-0.0015929348397639737,-0.0003827405235541135,18.932660626330804,12.300000000000018,-0.7818897261978036,-87.23836167413876,5.693024153296663e-06,0.010009553860363073,3.6626154822621143e-06,1.0662903018708409e-06,-69.81238168381617
0.0055001000873744,3.17893385887146,-0.2030627727508545,1.5014466047286987,261.6080372030292,-152.3356895314992,-241.72522834235428,261.6244201660156,-152.43560791015625,-242.14865112304688,387.3964551353331,380.62356231255666,72.1229316093117,0.43536069537696087,0.001122899655632446,1.6417139726538694e-09,-1.1146381511723362e-09,-2.062040908249967e-09,5.488660253848592e-07,6.807134641663736e-07,-4.7990725061201115e-05,-1.551136374969439e-05,5.0439820262322776e-05,3.741199264412574e-09,3.683992347798898e-06,-5.992993085389855e-09,-3.1351263340384742e-06,-0.001575599296052223,-0.00044015031774213316,18.932961226524245,12.300000000000018,-0.7862596562615071,-87.20983200175539,5.330310225047904e-06,0.009978875465563562,3.6246873288323564e-06,1.1450286274232973e-06,-71.80300932328387
0.0055501000024378,3.174318790435791,-0.229678064584732,1.5234332084655762,253.21156906679235,-229.74140364455536,-250.52587511369916,253.21829223632807,-229.86917114257807,-250.9444732666016,423.8636872383883,418.6279527395982,66.41583052537231,0.43771468809364517,0.0010318970044118157,1.6067745838770468e-09,-1.6917196111191745e-09,-2.111063223575691e-09,6.621939565291682e-07,6.554837811866149e-07,-4.848613166725484e-05,-1.5550715451485845e-05,5.0923073101442455e-05,3.759148994642317e-09,3.7817865580846445e-06,-6.017259105497306e-09,-3.119592613179912e-06,-0.0015637874861928538,-0.0005304921354172954,18.93326122601463,12.300000000000018,-0.7906194711390964,-87.18305934860146,4.905690536410856e-06,0.00992681742524316,3.598655275557954e-06,1.258457319698289e-06,-74.18644382149029
0.0055999998003244,3.166034698486328,-0.2553153038024902,1.5514044761657717,242.966934815244,-306.45899600460524,-259.02791532282316,242.99876403808597,-306.3877258300781,-259.4211120605469,469.0900857640815,465.1405687079218,60.743393914272104,0.4008693200538288,0.000854227021280614,1.558285200464129e-09,-2.2647394865538748e-09,-2.1584817243458973e-09,8.158842946528718e-07,6.188509430684205e-07,-4.897676833384336e-05,-1.5588678171455513e-05,5.140149511492747e-05,3.782972017648465e-09,3.913850964972609e-06,-6.0467848510762575e-09,-3.0979666819441728e-06,-0.0015579244988319838,-0.0006529092741856014,18.933560624801945,12.218762873604012,-0.7949692700413796,-87.15828416418668,4.472187589167254e-06,0.009852815553594088,3.5857271062521597e-06,1.3970894396429684e-06,-77.01508870804066
0.0056500998325645,3.153859138488769,-0.2799819111824035,1.5854127407073977,219.59336548077678,-287.29343924924575,-321.0532048222745,230.95431518554688,-382.2282409667969,-267.6625061035156,483.563777309144,483.56346750225316,0.5473780090684386,109.50915242582394,0.21032962363113467,1.6468562597263436e-09,-2.1572827624269087e-09,-2.4131736955380105e-09,8.78084520766211e-07,5.706145056062973e-07,-4.946416027970934e-05,-1.5625446394257384e-05,5.187661639034098e-05,3.812850908627192e-09,4.058128452651551e-06,-6.081657108364386e-09,-3.1800439435097752e-06,-0.0015585226520781008,-0.0007391959093402572,18.933861224995386,12.20000000000002,-0.7993353270917039,-87.13529829900591,3.9293917445113425e-06,0.009755476057765543,3.587188452349595e-06,1.5539036880103136e-06,-85.20839607338254
0.0057001002132892,3.1400251388549805,-0.3139388561248779,1.609628677368164,188.41135744114354,-183.71092967864894,-427.96281333625967,181.3861846923828,-102.38135528564452,-472.9177856445313,502.3949789706244,491.289682107439,-105.04838480274509,93.19228647444294,0.18034187784603203,1.862692056633585e-09,-1.4663211190066332e-09,-2.8342067982719557e-09,9.166333349152669e-07,5.099020849773965e-07,-4.994533787243872e-05,-1.566099312153795e-05,5.234561567964584e-05,3.834558334718394e-09,4.172573760239161e-06,-6.118495241559271e-09,-3.2559404369483294e-06,-0.0011526116743101364,-0.0007343181983907944,18.934161227279734,12.20000000000002,-0.8022971092142452,-31.33508451062913,3.4016540778767652e-06,0.009698192553258532,2.3020304498509797e-06,1.4901757655726845e-06,-97.18210758579107
0.0057500000111758,3.1243274211883545,-0.355505108833313,1.6258792877197266,92.33514222868443,66.09786413000262,-255.78514231656956,167.06716918945312,-172.21246337890625,-481.9791564941406,279.85843771958605,258.5917751171294,-107.0095276347831,336.9575939207064,0.6258521610569492,1.1445532011843894e-09,3.9402459465385567e-10,-1.5317221748266224e-09,2.617592206092198e-07,4.351505043053436e-07,-5.0421254434050364e-05,-1.569564062319371e-05,5.280951987319227e-05,3.8480185909555676e-09,4.202547272932201e-06,-6.145511507236115e-09,-3.9407880639474165e-06,-0.001138148951910877,-0.000348502447025051,18.934460626067057,12.20000000000002,-0.803860363446723,-31.32064952782504,2.8897246023720666e-06,0.009662792073282342,2.2513385453284157e-06,1.553168852703722e-06,-51.012136697348105
0.005800100043416,3.132814884185791,-0.3633084893226623,1.6043479442596436,-8.792554939745584,278.23298205673507,5.861337634075347,-22.172122955322266,324.5375061035156,49.98902130126953,278.433576648745,273.812404648406,-50.517557997889114,65.34810060984388,0.19855849401033984,1.492883289132178e-10,2.0407949956525474e-09,2.2489045881449653e-10,2.8391100524141577e-07,3.510844710859433e-07,-5.089923106431116e-05,-1.57293130711946e-05,5.3275381490287135e-05,3.844980801961411e-09,4.1209044554235355e-06,-6.16096439967283e-09,-3.8369934618065555e-06,-0.003075882574580449,-0.0002683790896026378,18.9347612262605,12.20000000000002,-0.8172662837443389,-503.8454850304272,3.0442723912176876e-06,0.009757647183919619,5.826580787084154e-06,9.810886600078568e-07,10.005032890185067
0.0058499998413026,3.1430370807647705,-0.3633156716823578,1.5801825523376465,-39.732807056140146,250.60128107813514,42.159367764868136,-39.6859016418457,250.7820587158203,42.24947738647461,257.2102453731118,253.01381418823075,-46.27223956996028,0.2073654167965933,0.0008056344793201971,-9.871754812167933e-11,1.8380847404151695e-09,4.795200684856431e-10,2.4238248944435397e-07,2.655063832062252e-07,-5.138008117952296e-05,-1.576120269636662e-05,5.3743825190340216e-05,3.824646431010786e-09,3.995125398512461e-06,-6.1725118686388285e-09,-3.7527429206925425e-06,-0.0030445475937308777,-0.0001944471924693123,18.935060625047814,12.11956119500481,-0.8424069663815276,-503.80118697902617,3.3498642843242158e-06,0.009859556231726206,5.783590346240275e-06,7.614776657555175e-07,18.522946961251087
0.0059000002220273,3.1497387886047363,-0.3618195354938507,1.5617072582244873,-57.32596708189928,175.98592518771923,34.638305930336884,-57.291622161865234,176.13633728027344,34.7330322265625,188.30062295111009,180.9846554885745,-51.977678684778866,0.18104265330386357,0.0009607024983744856,-2.041906521310944e-10,1.2731454812099636e-09,4.408320748830387e-10,1.25515394142751e-07,1.7952285115261726e-07,-5.186651294718712e-05,-1.5791295279076728e-05,5.421745475717028e-05,3.808781722544243e-09,3.89446095864967e-06,-6.179901435825604e-09,-3.7689455761313542e-06,-0.003019895275328727,-0.0001011332443062586,18.935360627332162,12.10000000000002,-0.8675960788936218,-503.7556414693214,3.5730011276552214e-06,0.009935882478877873,5.749588637921279e-06,5.463586796141163e-07,17.113181596932908
0.0059500997886061,3.1529881954193115,-0.3588124811649322,1.5490565299987793,-74.87358243615014,100.88645950083973,27.339362548561127,-74.90421295166016,100.7821044921875,27.417612075805664,128.575160128227,114.89280070452737,-57.71668864608372,0.13398203172519296,0.001042436082968024,-3.0951772827976615e-10,7.048147487363891e-10,4.043924928567333e-10,5.2668399360959944e-08,9.339758183548152e-08,-5.2357296636843026e-05,-1.5819469438581146e-05,5.469507151055632e-05,3.797259989261941e-09,3.831386351523122e-06,-6.1835109177722176e-09,-3.7787179637865975e-06,-0.0030021623702201337,-4.2959097927344876e-05,18.935661224731636,12.10000000000002,-0.892832855013953,-503.70920677990256,3.731224394666272e-06,0.009987659829052833,5.725065178907198e-06,3.497248909200078e-07,15.920742447091289
0.006000000052154,3.152838706970215,-0.3543245494365692,1.5423460006713867,-92.36205678235713,25.18139385353844,20.20683001734684,-92.3366241455078,25.35030174255371,20.318532943725582,97.84256797950641,74.44007277405748,-63.49680050378414,0.2040936984580355,0.00208502900977238,-4.147873246607347e-10,1.3219287536654425e-10,3.701237388225028e-10,2.455921938396232e-08,7.881269570464222e-09,-5.284830627330407e-05,-1.584547463240243e-05,5.5172661748346603e-05,3.790060128985594e-09,3.806993184459568e-06,-6.185098725770846e-09,-3.782433976700041e-06,-0.0029915683518729483,-2.068016510398703e-05,18.935960626312923,12.10000000000002,-0.9179669092345399,-503.662395434597,3.832640094310959e-06,0.010015449179901464,5.710447469259929e-06,2.3252811740774861e-07,14.929181961480962
0.0060501000843942,3.149322986602783,-0.3483332693576813,1.5415383577346802,-109.60873642493077,-50.50233866859077,13.252282919465669,-109.64876556396484,-50.589542388916016,13.348104476928713,121.40916075092746,99.70793581903892,-69.27129166509715,0.13560454153536655,0.0011161595194584862,-5.190526238270513e-10,-4.3993147224959453e-10,3.382537928855114e-10,4.179645270007495e-08,-7.749168245510572e-08,-5.334229737675354e-05,-1.5869448298456605e-05,5.5652907234826864e-05,3.7871294969639214e-09,3.821469680745976e-06,-6.186484178406186e-09,-3.7796732396703364e-06,-0.002988117490395845,-3.46272897374339e-05,18.936261226506367,12.020159512187243,-0.9431992245087532,-503.6150112241115,3.922655503268545e-06,0.010019995920495739,5.705818592391751e-06,3.071005886112985e-07,14.114623453283183
0.0061000999994575,3.142456293106079,-0.3408895432949066,1.5466327667236328,-126.60516986367648,-126.2967239154141,6.415254953497592,-126.65779876708984,-126.41136932373048,6.516625881195068,178.9438096277574,162.4450007151406,-75.05004161726394,0.16183150529105603,0.0009037552778673642,-6.224455541854495e-10,-1.0125349472211638e-09,3.0865921525694847e-10,1.0433239968102931e-07,-1.620090400539268e-07,-5.38351596071262e-05,-1.5891187647306186e-05,5.613181363269593e-05,3.78858660706925e-09,3.8747860213516844e-06,-6.189469871077873e-09,-3.7704536332950906e-06,-0.0029919001658355263,-8.480062000631142e-05,18.936561225996744,12.000000000000018,-0.9683787427849684,-503.5674307595618,3.9231727351916555e-06,0.010001236490411583,5.711328075599429e-06,4.931135803927046e-07,13.47211120748291
0.0061499997973442,3.1322338581085205,-0.3320274949073791,1.5575308799743652,-171.0731851520666,-35.911375170430844,-95.56393528128875,-143.2869415283203,-201.94290161132807,-0.2080288380384445,199.21879246484514,71.95057039794489,-185.77201805051646,193.47168268412418,0.781347486956173,-4.772115813956661e-10,-4.236414378627732e-10,-6.526148177355502e-11,5.154414792710556e-08,-2.455286611896744e-07,-5.4325778183729504e-05,-1.5910674700871902e-05,5.6608303534271466e-05,3.7945749412209076e-09,3.9278510761284594e-06,-6.1932151914388316e-09,-3.87630693982579e-06,-0.003002887107776618,-6.531302852837892e-05,18.936860624784064,12.000000000000018,-0.9935054759084857,-503.5201402389713,3.859258762978499e-06,0.009961141641454797,5.726903926053289e-06,7.064031545788512e-07,4.930947527392525
0.0062000998295843,3.1209945678710938,-0.3389918804168701,1.5470983982086182,-220.99577559029635,90.60420622474716,-219.02758942157925,-227.0961456298828,127.33387756347656,-240.443359375,324.06996149319525,54.45715727012867,-319.4616690062479,42.95251417517726,0.1211977306324826,-2.6843765592003696e-10,4.1374642655513434e-10,-5.265843113861911e-10,1.0607362343709148e-07,-3.30049501185152e-07,-5.481797329449039e-05,-1.5928228276119853e-05,5.7086141792950755e-05,3.789000725611721e-09,3.93366135571916e-06,-6.197960477515947e-09,-3.827587743906504e-06,-0.00250938397754304,-0.00012411942749778566,18.93716122497751,12.000000000000018,-1.0171715264531465,-441.2317685519505,3.8723032870978864e-06,0.009987336748317819,4.9766870862803096e-06,4.360963710779634e-07,-5.434857577558251
0.006250100210309,3.106957197189331,-0.3481031656265259,1.536440372467041,-244.5068739023892,52.50621286114623,-245.9809316355072,-244.8846435546875,52.50202178955078,-245.55642700195312,350.78074705264385,39.211321136720166,-348.58227837559946,0.5682707622142619,0.0016201764474204335,-3.1627026366769826e-10,9.92215940964323e-11,-6.30438955787847e-10,1.1880798265086687e-07,-4.1692813733419387e-07,-5.531013674797149e-05,-1.5943996867495004e-05,5.756384361959943e-05,3.771709852667017e-09,3.922345484469312e-06,-6.2042150888150825e-09,-3.8035375134428806e-06,-0.0025116048712666024,-0.00012606311945413163,18.937461227261856,12.000000000000018,-1.0392322097512916,-441.1888441873985,3.863829944639084e-06,0.010013467898470782,4.980458525511826e-06,3.673853539327064e-07,-7.750513253252218
0.0063000000081956,3.089660406112671,-0.3556229770183563,1.5315243005752563,-262.004051408378,-22.494263341961993,-251.76869604421805,-262.3438415527344,-22.304218292236328,-251.3189849853516,364.0598730229787,83.51163415608362,-354.3520821246685,0.5948230825999719,0.0016342095112850217,-4.253281380956613e-10,-4.724127530160993e-10,-6.511082115353572e-10,1.4299646881671525e-07,-5.063583802856986e-07,-5.5801613511571566e-05,-1.5958023825068063e-05,5.804080455770347e-05,3.758954748728668e-09,3.941113910990511e-06,-6.21101190774404e-09,-3.7981174537982314e-06,-0.0025173444691565725,-0.0001463555762850308,18.937760626049172,11.921357269070677,-1.061246374221216,-441.1459708734893,3.841687936237571e-06,0.010016526281203692,4.989871457807444e-06,4.330608677279043e-07,-8.220861582044764
0.0063501000404357,3.0690231323242188,-0.361733078956604,1.5322457551956177,-279.0871435979184,-97.30820444277506,-258.23717610587346,-279.493896484375,-97.37467956542967,-257.8018798828125,392.48561692966274,156.09101640205938,-360.11186330809755,0.5994578003361621,0.0015272600742288524,-5.363002638693425e-10,-1.0420079019813494e-09,-6.706433706712712e-10,2.121277384636833e-07,-5.986725481991332e-07,-5.629421141838155e-05,-1.5970375141415783e-05,5.8518796383683064e-05,3.7507471942117975e-09,3.99872675640419e-06,-6.219755768521245e-09,-3.7865990295649422e-06,-0.0025266028261608075,-0.00020270051754344483,18.938061226242613,11.900000000000018,-1.083346730462109,-441.10321152140193,3.7321275113026527e-06,0.00999654983510785,5.0048938934492924e-06,5.903362505007446e-07,-8.641624314134761
0.0064000999554991,3.0451643466949463,-0.3665357232093811,1.5384892225265503,-295.7183304381907,-172.0026343631639,-265.427041422166,-296.1381225585937,-172.1012420654297,-264.9929504394531,432.99624883264687,231.5779736983343,-365.8652670053787,0.6118691727576887,0.0014129085773408065,-6.491700195538876e-10,-1.6099304820872603e-09,-6.891715530031931e-10,3.2590426237976376e-07,-6.931117409359245e-07,-5.6783814657013033e-05,-1.5980973030782676e-05,5.8993842982959115e-05,3.747307481707946e-09,4.094529043393827e-06,-6.232190469880472e-09,-3.768624792638499e-06,-0.002539384733336501,-0.0002946883817560769,18.938361225732994,11.900000000000018,-1.105400803732064,-441.06121783773574,3.5556372733644803e-06,0.009953215626992437,5.025480618447513e-06,7.849611121144517e-07,-9.01659164906311
0.006450000219047,3.018083333969116,-0.3701821863651275,1.550059199333191,-311.7925278233985,-246.4174190149856,-273.3619445362083,-312.1771850585937,-246.3260955810547,-272.901123046875,482.351404601592,307.53058206787915,-371.6016935027613,0.6071718069906661,0.0012589282779749188,-7.63538063216138e-10,-2.174834390841413e-09,-7.068286848593747e-10,4.836013019714201e-07,-7.894475640732778e-07,-5.72692561431438e-05,-1.5989843798624704e-05,5.9464830205339464e-05,3.748843266899712e-09,4.227674734632918e-06,-6.250061403907483e-09,-3.744073444285933e-06,-0.002555806433027844,-0.0004215777361515446,18.93866062731428,11.900000000000018,-1.127408850471572,-441.0201650945272,3.324598855414769e-06,0.009885960977407245,5.051746724760289e-06,9.939118644462533e-07,-9.35213448049244
0.0065000997856259,2.987565279006958,-0.3728351891040802,1.56684410572052,-305.35278277690475,-139.2992612053787,-222.34813649863534,-327.5928649902344,-320.33074951171875,-281.5763244628906,402.59570281658455,198.89558093410275,-350.0340666438989,191.768087190735,0.3565879019520467,-8.291968551758584e-10,-1.3514916893192485e-09,-3.7599114160658583e-10,2.6253014536070295e-07,-8.880394507928323e-07,-5.775220095708104e-05,-1.5997065862834598e-05,5.993339174177534e-05,3.755690470048464e-09,4.3531817587151205e-06,-6.269578425509166e-09,-4.090651624978853e-06,-0.002576193521103374,-0.000357551623019527,18.938961224713754,11.821956515716783,-1.1495027644452835,-440.98003899572757,3.070182216231929e-06,0.009793298465287485,5.084116730482394e-06,1.2095522111723204e-06,1.4281109471781281
0.0065501001663506,2.9714841842651367,-0.3719752132892608,1.561562180519104,-291.55283792305573,27.075278395803235,-153.04677090064473,-283.7553100585937,86.03713989257812,-134.92584228515625,330.3928602199392,81.99519513643592,-320.05660446060176,62.174517335075116,0.19085550872258475,-8.529436843656578e-10,-6.99933233660142e-11,3.728855963050843e-11,1.2053808470319344e-07,-9.872249077899451e-07,-5.823168959267237e-05,-1.6002459438827217e-05,6.0398534700166515e-05,3.751407071378894e-09,4.41073336924071e-06,-6.281463153513718e-09,-4.290195296161952e-06,-0.002406765024721346,-0.00011783387734251465,18.939261226998102,11.800000000000017,-1.1665556743713792,-241.13116411643438,3.0988045038041267e-06,0.009793371208264314,4.410819230644118e-06,4.24103596710417e-07,15.861212117837638
0.0065999999642372,2.9578182697296143,-0.3690358400344848,1.5529980659484863,-302.6319484139057,11.14350171052468,-139.31163712930191,-302.9103088378906,11.354039192199709,-138.84060668945312,333.343675612446,103.09171733971492,-317.0017411415338,0.5862424686895894,0.0017583383716844175,-9.47874134081455e-10,-1.7887661533101105e-10,1.2980077066284952e-10,1.3339046315880692e-07,-1.0856459444238399e-06,-5.871065766689197e-05,-1.6005831305408425e-05,6.086301493167109e-05,3.735468896034179e-09,4.431321356654808e-06,-6.287707891768456e-09,-4.297930905120437e-06,-0.0023942532561876213,-0.0001324572468391565,18.939560625785422,11.800000000000017,-1.1785873973033034,-241.10417315955846,3.175376162502567e-06,0.009805449820758356,4.38823915418672e-06,4.4356709164078437e-07,19.42529537471313
0.0066500999964773,2.9407877922058105,-0.3649203777313232,1.549861192703247,-320.92796220848317,-63.8088028842808,-143.71334782657786,-321.280517578125,-63.85628890991211,-143.2506561279297,357.37913564775647,153.73715889666738,-322.6216554583998,0.5836384319863439,0.0016324701348056313,-1.0652274624784923e-09,-7.372055139822172e-10,1.234697456111112e-10,1.8557861482578176e-07,-1.1833767444500236e-06,-5.9191806875571935e-05,-1.6007138731014782e-05,6.132942908643666e-05,3.724458534446235e-09,4.474633144036846e-06,-6.295412523162578e-09,-4.2890545408355e-06,-0.0023777418523452712,-0.0001751126707687915,18.939861225978866,11.800000000000017,-1.190666040656344,-241.07688792858093,3.201021001323031e-06,0.00979444096486082,4.358207243419144e-06,5.635785256449586e-07,19.667066429143933
0.0067000999115407,2.9205093383789062,-0.3597919642925262,1.5520951747894287,-338.2939634500319,-138.89374442348733,-148.61940792353573,-338.6600341796875,-138.97483825683594,-148.15512084960938,394.7429623923026,219.2775219173489,-328.23676628317776,0.5967800900941949,0.001511176811592662,-1.180351202009312e-09,-1.2952673316440013e-09,1.1872284150651604e-10,2.8078284885024777e-07,-1.2795819337340155e-06,-5.9671085584827255e-05,-1.600637110000378e-05,6.17938484040924e-05,3.718668220635018e-09,4.554769605267489e-06,-6.306093455412561e-09,-4.273986768041677e-06,-0.0023574820829692254,-0.0002521253449934174,18.940161225469247,11.800000000000017,-1.2027191841834326,-241.0496721587704,3.1727240100218054e-06,0.00975923094605995,4.321031349463192e-06,7.357968797259064e-07,20.17396801508657
0.0067500001750886,2.8970046043396,-0.3537989258766174,1.5595426559448242,-354.6219791544895,-213.9394418085826,-154.05041824913366,-354.9552307128906,-213.8310089111328,-153.56544494628906,441.88048635750835,289.50922147489854,-333.8304583236021,0.5983422088555344,0.0013539397513252353,-1.2928148309261075e-09,-1.8516709310706175e-09,1.1544079273821771e-10,4.1841114851269267e-07,-1.3740385600510886e-06,-6.01472952805835e-05,-1.600356125553843e-05,6.225511291768717e-05,3.7183490222302273e-09,4.6710202821290255e-06,-6.321437681655097e-09,-4.2526091452407685e-06,-0.002333871732030563,-0.000362870454690349,18.94046062705053,11.800000000000017,-1.2147469552070482,-241.02277269195,3.09097947355338e-06,0.009699448981853485,4.277268344030641e-06,9.304738689797176e-07,20.966666831537083
0.0068001002073287,2.8701059818267822,-0.3470457196235657,1.5721057653427124,-369.75746534721037,-288.5465837097644,-159.98778493628112,-370.154296875,-288.69903564453125,-159.51898193359375,495.55605684865486,361.11853200912765,-339.3658959279202,0.6328452490069788,0.0012764383193275876,-1.4020886126898274e-09,-2.4032172114380912e-09,1.1378080665433358e-10,5.968346543342274e-07,-1.4670795664419626e-06,-6.0622037370601225e-05,-1.599872296159519e-05,6.271477396769214e-05,3.7238653339040232e-09,4.823149619592843e-06,-6.343218296490961e-09,-4.226314976883051e-06,-0.002307355817028826,-0.0005066146079731789,18.94076122724397,11.722999585342569,-1.226821537980831,-240.99618952811971,2.986146386676458e-06,0.009613870442945434,4.227556014765649e-06,1.135903220373113e-06,22.0844276567713
0.0068501001223921,2.8399312496185303,-0.3397131562232971,1.5895349979400637,-392.3485580839843,-97.09574464625408,-117.45048586085016,-384.0494995117188,-362.9471435546875,-165.97216796875,420.9033039641551,237.51815159616703,-347.48340816545783,270.3704760311987,0.48814835050072347,-1.562944575200122e-09,-9.567117713633358e-10,4.918808641241986e-10,3.2417002291013563e-07,-1.5579143852559042e-06,-6.1091162679464e-05,-1.599193270127502e-05,6.316881482410947e-05,3.735607875155141e-09,4.947541375433831e-06,-6.365297520291183e-09,-4.623371364148131e-06,-0.0022789056108287052,-0.00037655584430560014,18.94106122673435,11.700000000000015,-1.2388706764484456,-240.97016790813836,2.8046062910753096e-06,0.009501681507859273,4.173542392937202e-06,1.3449139519993089e-06,38.051570415719524
0.0069001000374555,2.8272736072540283,-0.3274635970592499,1.573158621788025,-419.6773711445892,223.3485891805626,-54.55672429210911,-422.6041564941406,352.9995422363281,-34.79243087768555,478.52912586933115,316.48137702733476,-358.9284919035381,131.1814125359309,0.23776086662305354,-1.7140794224919166e-09,1.4657316017381186e-09,1.0045212364301312e-09,4.959630215942655e-07,-1.6451607875427987e-06,-6.155916956409222e-05,-1.5982809794643346e-05,6.362144387208823e-05,3.719230755581934e-09,4.952397192309246e-06,-6.3875959829013555e-09,-4.456434182339416e-06,-0.00351248261184949,-0.0005153841752683777,18.941361226224732,11.700000000000015,-1.258620367623107,-549.0188210579018,3.100498733243561e-06,0.00954503262847181,6.261547681080697e-06,1.3035712432445321e-06,59.98774693688155
0.0069500999525189,2.8210253715515137,-0.3120412826538086,1.5435192584991455,-441.75002283280276,275.7421456120208,-34.02628421662536,-442.0863037109375,275.94683837890625,-33.329708099365234,521.8568784227082,371.6328647146965,-366.3654124245919,0.8001263931101699,0.0015322081135404155,-1.8278482044566261e-09,1.883322563204936e-09,1.1691200511355972e-09,6.434912896839881e-07,-1.7266837749687494e-06,-6.203155726552747e-05,-1.5970764886525053e-05,6.407777200173096e-05,3.674471026969946e-09,4.869000964518841e-06,-6.41421424777177e-09,-4.225509686459288e-06,-0.0034624901416254257,-0.0005493482282432036,18.941661225715112,11.700000000000015,-1.2860700687587485,-548.971089558353,3.5621176195937542e-06,0.009636519640615914,6.197551641038227e-06,1.1757188899122026e-06,66.24160095050854
0.0070000998675823,2.811165809631348,-0.2956632971763611,1.5194334983825684,-459.4136207058473,197.61861821332025,-32.80341560857682,-459.7646484375,197.78564453125,-32.099063873291016,501.188644354785,336.10430996384554,-371.78481686846015,0.8045058273689196,0.0016041008603812942,-1.921711862984636e-09,1.3237659540682064e-09,1.1853224290340498e-09,5.527893896690877e-07,-1.8016349986981565e-06,-6.250907741472775e-05,-1.59555849867584e-05,6.45384485417695e-05,3.6360877993462917e-09,4.789306694507335e-06,-6.439894128597173e-09,-4.236517316462682e-06,-0.0034177077100614943,-0.0004778487497053106,18.941961225205493,11.700000000000015,-1.3135173338472852,-548.9213790081745,3.985568891636562e-06,0.009708363526745017,6.139688055641819e-06,1.0768541965956747e-06,65.84037402690842
0.0070500997826457,2.7978341579437256,-0.2785250246524811,1.500917911529541,-475.1990289742174,118.59590876474482,-31.862318974290453,-475.56646728515625,118.72624206542967,-31.15024757385254,490.8098553250477,314.0054527614982,-377.2199487304996,0.8118148563155307,0.0016528809920967056,-2.0066877451076398e-09,7.593373061103793e-10,1.204437758128173e-09,5.026270928862934e-07,-1.8697376961435054e-06,-6.299051907627077e-05,-1.5937237296895367e-05,6.500228415377389e-05,3.6042710373159673e-09,4.7444563085877515e-06,-6.46280962242515e-09,-4.241829227325893e-06,-0.0033786200637559646,-0.00043877256050774447,18.942261224695873,11.623952529649317,-1.3409620687071102,-548.8698802379795,4.398278347566589e-06,0.009755545795084064,6.088768134274152e-06,1.016906023319413e-06,66.05771084894664
0.0071001001633703,2.781148910522461,-0.2608193159103393,1.4879517555236816,-489.0264944323179,38.96119950738973,-31.245829616477927,-489.41796875,38.97322082519531,-30.526111602783203,491.5701264237265,308.5745329286173,-382.65251445681645,0.8193843254072617,0.0016657019118238158,-2.0824484146217883e-09,1.922063062308295e-10,1.2264165991136385e-09,4.93770316093772e-07,-1.9307919865503166e-06,-6.347455327084312e-05,-1.5915720754784048e-05,6.546798483054669e-05,3.579264154321823e-09,4.735095108541725e-06,-6.484597271582425e-09,-4.241324804072388e-06,-0.0033456647179095408,-0.00043272676975857055,18.942561226980224,11.600000000000016,-1.368404442641053,-548.8167187939125,4.726444694161652e-06,0.00977870741256455,6.045545839655133e-06,1.003796282573967e-06,66.88136943973302
0.0071499999612569,2.761249542236328,-0.2427725493907928,1.4804893732070925,-500.85294613176876,-41.32637283224302,-30.990303376593722,-501.2213745117188,-41.1109504699707,-30.261472702026367,503.50962418181774,320.8061057837087,-388.07909520561304,0.8445948244631302,0.0016764014376962528,-2.1489220391561964e-09,-3.7799520198280436e-10,1.2512344556374257e-09,5.265694847946793e-07,-1.984526291554553e-06,-6.395888659271835e-05,-1.5891105933788736e-05,6.593333577622911e-05,3.5613935396784587e-09,4.761488328229654e-06,-6.506869157281732e-09,-4.234918855059409e-06,-0.003319296537491062,-0.00045993759533247326,18.942860625767544,11.600000000000016,-1.3957889321218062,-548.7624554939466,4.983314562056823e-06,0.009778180890562942,6.010790388284782e-06,1.0395709909410142e-06,68.31695004939648
0.0072000999934971,2.7380828857421875,-0.2244621664285659,1.4784157276153564,-495.50158536810386,-70.64575895719965,-45.652698602701,-510.9620971679688,-121.8070068359375,-30.381107330322266,502.5901046087678,313.1933902486124,-393.07342005690555,55.58526971792092,0.1056436878034721,-2.0942046686305094e-09,-5.633250575274117e-10,1.1681494253478493e-09,5.120745429910053e-07,-2.0311006323959583e-06,-6.444513192652078e-05,-1.5863271818591195e-05,6.639987794865362e-05,3.5509217510895992e-09,4.810840489381353e-06,-6.53042248197949e-09,-4.298765958014783e-06,-0.0032997585293254796,-0.0004803142825439478,18.94316122596098,11.600000000000016,-1.4232805588267126,-548.7069662062306,5.183064285491315e-06,0.00975392444012291,5.984974580484736e-06,1.1197909454297952e-06,65.6081789153708
0.0072500999085605,2.715677261352539,-0.2092859148979187,1.474658727645874,-463.44084780339017,-13.83961608167624,-86.35760616225488,-437.3812255859375,71.33714294433594,-113.8745574951172,471.62123629888464,253.7216653482071,-397.55742611731046,93.22750022899258,0.20375041037443992,-1.8395186225308157e-09,-1.0498730988059364e-10,8.850424795456869e-10,3.887654520762646e-07,-2.0707791529650843e-06,-6.493008053885495e-05,-1.583246254573198e-05,6.686456726357055e-05,3.5356548637343967e-09,4.848335917714119e-06,-6.550397386197123e-09,-4.45957047726229e-06,-0.004219216620890397,-0.00031868324344406563,18.94346122545136,11.524750681515984,-1.4516570379486065,-586.3541268341405,5.440082691503127e-06,0.009748331512396225,6.969384890798189e-06,7.882179003310052e-07,54.833895521956876
0.0073000001721084,2.6967623233795166,-0.1992213726043701,1.4644291400909424,-398.6995107257118,109.09799156817826,-39.9885415256696,-446.3840942382813,-7.47869873046875,-111.33872985839844,415.28635309925903,267.26635379917803,-317.8544497051678,144.75770653360652,0.3146081570160624,-1.6802915061735701e-09,8.381580665076359e-10,9.235356974081653e-10,3.6222095873718887e-07,-2.1048260905303584e-06,-6.541441947981905e-05,-1.5798820636167815e-05,6.732814643406507e-05,3.51534348085064e-09,4.837910688866587e-06,-6.565557515526557e-09,-4.475689741753834e-06,-0.004203831017394485,-0.0002889339614182136,18.94376062703265,11.500000000000016,-1.4809147554367572,-586.2936873428721,5.662432304232414e-06,0.009758845869847236,6.951958533163245e-06,7.801768939078198e-07,51.98765121519413
0.0073501002043485,2.6899118423461914,-0.1827647984027862,1.4466552734375,-259.39303033473544,314.34516540985226,67.41288030264384,-258.62066650390625,395.2981262207031,177.37217712402344,413.0885179153288,389.1576164514622,-138.55855509963854,136.54678819870716,0.2706119974874148,-1.3703402155665532e-09,2.379354305992127e-09,1.0341618857693076e-09,5.865555277050125e-07,-2.133274451387946e-06,-6.590304598098738e-05,-1.5761911439888752e-05,6.77952814117323e-05,3.4850847993414604e-09,4.744437050455948e-06,-6.587646894376974e-09,-4.157881534375371e-06,-0.0017256858059723841,-0.0005928770020780026,18.94406122722609,11.500000000000016,-1.5054075561252467,-391.46219796713314,6.089472480761027e-06,0.009836256583731336,3.9670190117192054e-06,1.5039207126845871e-06,46.61711722373606
0.0074001001194119,2.7006149291992188,-0.1683436036109924,1.4152127504348757,-143.33203491436237,424.4238046283842,84.10823072669099,-119.96096801757812,445.0670471191406,64.80465698242188,455.80021132498297,454.16072352767446,-38.62473105043347,36.67394426192215,0.07878676420286995,-9.12222649252105e-10,3.1947356858422814e-09,7.751811527849673e-10,7.759358592164733e-07,-2.156289312915078e-06,-6.639612466508521e-05,-1.5721693183186826e-05,6.826614527486367e-05,3.440386540748089e-09,4.56993203399079e-06,-6.618275317379025e-09,-3.7939961863987526e-06,-0.0016582188673863016,-0.0006322619991868636,18.94436122671647,11.500000000000016,-1.5241288306031235,-357.39005324722257,6.602522601448888e-06,0.009974117324080857,4.006853683086174e-06,1.3937499345095405e-06,30.84699087933734
0.0074499999172985,2.7105202674865723,-0.15786674618721,1.386372685432434,-126.95624907374425,367.0751180028998,68.9064635133729,-126.89603424072266,367.3945007324219,69.0224838256836,394.4745012667323,392.5897976916985,-38.51471015116784,0.34509689494614354,0.0008741662226305306,-7.868622102611631e-10,2.7654296655676007e-09,6.572039612231774e-10,5.801515481722244e-07,-2.1755627603332274e-06,-6.68948533091637e-05,-1.567829770280147e-05,6.874200674577625e-05,3.398727903685365e-09,4.378578278084403e-06,-6.645636753385505e-09,-3.798426741536614e-06,-0.0016208208572354773,-0.00046439318441370925,18.94466062550379,11.500000000000016,-1.5419612360720454,-357.3385117640881,7.068079194459561e-06,0.010105662553941654,3.931723663500259e-06,1.1797566049415502e-06,25.39458395589312
0.0075000999495387,2.71746039390564,-0.1471060812473297,1.3627294301986694,-133.46615861314294,288.3840038869118,73.61257157119694,-133.4309844970703,288.4366455078125,73.75025177001953,326.18608168669545,323.21636769580994,-43.915140209801855,0.1515394200872301,0.00046448959695324156,-8.098375374722547e-10,2.1773472594682754e-09,7.089235530966672e-10,3.9409185577782025e-07,-2.1917552168129404e-06,-6.740138492348187e-05,-1.5631569753019205e-05,6.922496986981865e-05,3.36504079931716e-09,4.218110760529855e-06,-6.665174040952499e-09,-3.82401891637647e-06,-0.0015898373691875373,-0.000315537953088339,18.94496122569723,11.425748603715185,-1.5598625571940263,-357.2846260476696,7.544273560360726e-06,0.010211470556687712,3.86842747868423e-06,9.71281845809001e-07,26.71669155225824
0.007550099864602,2.7215065956115723,-0.1361366063356399,1.3445457220077517,-139.49338544460784,208.8430643286311,78.77208748048447,-139.46653747558594,208.864990234375,78.91643524169922,263.2087989923661,258.5380151655031,-49.36564170843803,0.14845145654725206,0.0005639070138561939,-8.290961122011022e-10,1.583411212433689e-09,7.642439642516127e-10,2.532694828276596e-07,-2.2047082486580282e-06,-6.791138110703296e-05,-1.5581848123271505e-05,6.97109059850973e-05,3.339452327700148e-09,4.096950141473243e-06,-6.67814007415696e-09,-3.8436806702700186e-06,-0.0015654906610378652,-0.0002031042561252578,18.94526122518761,11.400000000000016,-1.577725368385566,-357.22903538257407,7.911740854172861e-06,0.010291860015856063,3.818016976919059e-06,7.777455251300637e-07,28.267294547281708
0.0076000001281499,2.7227742671966557,-0.1249724924564361,1.331863522529602,-144.98789293034648,128.63630619993538,84.332915072505,-144.95103454589844,128.87167358398438,84.46942138671875,211.3784022405588,204.13529345430786,-54.859920708064244,0.2745729771816787,0.0012979048772164938,-8.445025460973789e-10,9.85040070137552e-10,8.230423203618839e-10,1.5928205945927396e-07,-2.2143656662396698e-06,-6.842357010814765e-05,-1.5529223423235648e-05,7.019861210720045e-05,3.321856820627603e-09,4.016240626450015e-06,-6.686406215683737e-09,-3.856958578615176e-06,-0.0015477402312818233,-0.00012820227169868002,18.945560626768902,11.400000000000016,-1.5955497737655095,-357.1722167404027,8.191238869833073e-06,0.0103485275065708,3.780919828543777e-06,6.157566943744523e-07,30.057818469493235
0.0076501001603901,2.721336603164673,-0.1135608330368995,1.3246692419052124,-149.58758088682887,48.56275902224512,89.82808432166809,-149.8643035888672,48.152122497558594,90.3914566040039,181.11838849859208,170.76809235084863,-60.35005623177963,0.7500574229579238,0.004132152565546789,-8.537633934305729e-10,3.8827159611292934e-10,8.819361977886331e-10,1.1289528988575634e-07,-2.2207228015578036e-06,-6.893984656308836e-05,-1.5473455437620406e-05,7.06898993993028e-05,3.312165233460212e-09,3.976320783649808e-06,-6.691906566210372e-09,-3.863425505388487e-06,-0.0015364997072966912,-9.137245832402518e-05,18.94586122696234,11.400000000000016,-1.613442657577772,-357.1141025368826,8.408895607883828e-06,0.010382923883262054,3.7573471730766488e-06,5.172987023538315e-07,32.01495502969572
0.0077001000754535,2.717273712158203,-0.1020575314760208,1.322987675666809,-101.70352331738722,36.45919441285726,22.75732614854111,-81.37921142578125,62.573768615722656,-5.8731303215026855,110.41184449974523,90.11314563851896,-63.799658219829,43.75787560368204,0.42556551941931237,-4.787516421248732e-10,3.0169486464733825e-10,3.8974021428745687e-10,3.4279862845682197e-08,-2.2241738893863714e-06,-6.945619748431229e-05,-1.541503023213116e-05,7.118099097039557e-05,3.3057632434559572e-09,3.95807962930905e-06,-6.6948312222946836e-09,-3.923799778087804e-06,-0.0017104768033821584,-2.5613983777033703e-05,18.94616122645272,11.326546755581852,-1.6307011650587535,-333.22736940751815,8.637004598939409e-06,0.010403522111110284,4.1163667615761765e-06,2.55546429851731e-07,15.465020583344657
0.0077499998733401,2.7161898612976074,-0.1031673476099968,1.3171777725219729,-54.003220850101236,23.882472196125757,-44.2368650265826,-53.96791076660156,24.16642570495605,-44.29180908203125,73.78089568285014,29.287890776936337,-67.7188306278384,0.2913678884210374,0.003943777038646297,-1.0218262531810178e-10,2.0883496678191763e-10,-1.0101274166205005e-10,7.487086594356877e-09,-2.226643165601944e-06,-6.99723624610236e-05,-1.535433567971254e-05,7.167178714340169e-05,3.2994504925149675e-09,3.942008591027151e-06,-6.69564984842359e-09,-3.93452151605723e-06,-0.0018952556746629908,-7.196815608044786e-06,18.94646062524004,11.300000000000017,-1.647066125530486,-322.68552662955517,8.72785608339562e-06,0.010427346636956387,4.426923313988572e-06,1.1198668101818387e-07,-0.8109537845816557
0.0078000999055802,2.71251916885376,-0.1040668860077858,1.316892385482788,-58.25466630459865,-56.53065139790029,-37.537119960946875,-58.30974578857422,-56.60459518432617,-37.465965270996094,89.43352877245526,51.33082701748088,-73.23593562176316,0.1164664029151868,0.001301499220701879,-1.0953206821490893e-10,-3.926624639510433e-10,-3.168083639765031e-11,1.4883713153245403e-08,-2.230060173330398e-06,-7.049122201893298e-05,-1.529138678059711e-05,7.216517206917058e-05,3.2979108951220805e-09,3.948107147486098e-06,-6.696162180638493e-09,-3.933223445957288e-06,-0.0018957553566367284,-1.3255555059017514e-05,18.94676122543348,11.300000000000017,-1.6632312099663225,-322.6268100319011,8.719621983535391e-06,0.010437972622369767,4.42808000743366e-06,1.7030455933564697e-07,1.731660217887815
0.0078501002863049,2.7062671184539795,-0.1047364696860313,1.3221482038497925,-63.67056739750387,-102.01166918721862,-21.68252998820354,-62.68780517578125,-137.20584106445312,-30.59740257263184,122.19023655665765,99.16172489312704,-71.39612192543615,36.319010296336,0.23596011483108761,-1.5957921655780952e-10,-7.348449953205723e-10,8.255834348555934e-11,4.1666595035604135e-08,-2.2348638370940384e-06,-7.10088197656186e-05,-1.5226757191224339e-05,7.26574238150305e-05,3.304321372848643e-09,3.987517022945382e-06,-6.697610017502102e-09,-3.945850439534213e-06,-0.0019034262607958343,-4.465747850691883e-05,18.94706122771783,11.300000000000017,-1.6793612116673828,-322.5683451758694,8.648782207801834e-06,0.01042748774871181,4.442169046579308e-06,4.039739972152267e-07,5.509748274187938
0.0079001002013683,2.6999213695526123,-0.1035761907696724,1.3283122777938845,-74.68675992517281,44.113333381011735,42.84624680013123,-80.33467102050781,235.940673828125,90.80744171142578,96.74657179953427,92.29226037534647,-29.017888099785814,197.812799535502,0.7457063788777891,-4.319587047784393e-10,3.4430057037270235e-10,4.2217810536502805e-10,3.27692946107906e-08,-2.240413365038381e-06,-7.152600103087655e-05,-1.5160234036426002e-05,7.314930602237046e-05,3.298589048664117e-09,4.00361273016377e-06,-6.700265429440234e-09,-3.970843447177415e-06,-0.0008609406420153292,-6.155917945198437e-05,18.94736122720821,11.300000000000017,-1.690393124844866,-118.70893153528449,8.66304111705568e-06,0.010431450477048276,2.1936887029782e-06,7.955893441708649e-07,15.300440637141252
0.0079500004649162,2.7046217918396,-0.0934467539191246,1.315012812614441,-84.96694902216643,155.38102822853648,98.4399900775121,-84.8685302734375,155.53250122070312,98.47266387939452,202.6155917148366,202.54199845842476,5.460482251672715,0.1835698635036164,0.0009055947281547867,-6.625693903441649e-10,1.1643256784370328e-09,7.206747895944444e-10,1.5407691992912262e-07,-2.2449454533170494e-06,-7.204302788375597e-05,-1.5091444351187425e-05,7.364094879449202e-05,3.2809352991193858e-09,3.957244179392759e-06,-6.70487573229611e-09,-3.803167271088072e-06,-0.0008612371319337233,-0.00012322152221509193,18.947660628789496,11.227743583001612,-1.6963156082652353,-118.66389975985534,8.949092021358371e-06,0.010474459930269693,2.1949715331658475e-06,6.082506921936306e-07,23.87482403720884
0.0080000003799796,2.706685781478882,-0.0830328240990638,1.3072121143341064,-83.25488937977853,84.50925631336526,95.37779368258386,-89.05231475830078,74.56849670410156,106.66681671142578,152.21732666170024,152.2121882837801,-1.2507093578595985,16.120511269014564,0.10222409439507428,-6.196529661092908e-10,6.353440761674236e-10,7.20554003919891e-10,8.70032228251614e-08,-2.247022499271551e-06,-7.25628003474327e-05,-1.5019702771741764e-05,7.413501585435237e-05,3.2714554107733074e-09,3.902054513861041e-06,-6.709748822605732e-09,-3.815051302660315e-06,-0.0008637032468185923,-7.170242129334347e-05,18.94796062827988,11.200000000000015,-1.702247627843337,-118.61728644135611,9.199001763722523e-06,0.010513888555434864,2.2041470266029616e-06,4.73275203933695e-07,23.90686010383478
0.0080500002950429,2.706820011138916,-0.0741476342082023,1.303496479988098,-50.005508485723,66.93399488399862,32.07899961646804,-18.96800994873047,120.51014709472656,-28.85127639770508,89.49733385101607,88.37739137526921,-14.114158145022909,86.86903324145044,0.6929621180207427,-3.120529171309635e-10,5.105171430783649e-10,2.885141876011854e-10,2.9515281575995947e-08,-2.2469290267739506e-06,-7.308394573898787e-05,-1.4945236281164392e-05,7.463023450539677e-05,3.2621077478522575e-09,3.867309017383334e-06,-6.712134350303371e-09,-3.8377937474317736e-06,-0.0011655290807597472,-2.371884870754777e-05,18.94826062777026,11.200000000000015,-1.70742065786524,-88.3042659394459,9.346552802117585e-06,0.01054377457338947,3.1335008918051155e-06,3.7206477797532353e-07,10.041353018516693
0.0081000002101063,2.7079977989196777,-0.0746704265475273,1.2973979711532593,-22.80032096675488,39.02444348658808,-19.75379270989862,-22.78988265991211,39.13540649414063,-19.768949508666992,49.32518780552785,41.83844179906228,-26.125063442546335,0.11247877952643252,0.0022762408050607938,-5.332285313500975e-11,3.0751057409823255e-10,-6.075397504640739e-11,7.208164308067586e-09,-2.2463791397024288e-06,-7.360622487102596e-05,-1.486842002300908e-05,7.512650978838261e-05,3.2528367759655844e-09,3.840068498796008e-06,-6.712876514524371e-09,-3.832860346112376e-06,-0.0011621053184703053,-5.96777056206229e-06,18.948560627260637,11.200000000000015,-1.7118346914145959,-88.25737596569772,9.416945641684855e-06,0.010572229524800894,3.124896280137754e-06,1.290071768280572e-07,-1.0404114616308884
0.0081500997766852,2.706618547439575,-0.0748680233955383,1.296922206878662,-26.783495059998234,-42.47917891138788,-10.447591613498924,-26.787818908691406,-42.555057525634766,-10.432623863220217,51.29316152409699,40.28231136505378,-31.754114855022536,0.07746156024735318,0.001508347990418419,-5.782696014860609e-11,-3.0147739817562284e-10,2.800472080932341e-11,7.031369275025523e-09,-2.2467723206426572e-06,-7.413031819419962e-05,-1.4789439162383602e-05,7.562459634386114e-05,3.251686536964936e-09,3.839805072525158e-06,-6.713172936933045e-09,-3.8327737148745676e-06,-0.0011621158088916566,-5.865561696703765e-06,18.94886122466011,11.200000000000015,-1.7162551668613666,-88.21023637617711,9.420477673625854e-06,0.010586133724690997,3.125072151833837e-06,1.2469570861182907e-07,2.0841788802556023
0.0082000996917486,2.702685832977295,-0.0747264996170997,1.3020695447921753,-30.88781184172244,-123.98472310492895,-0.9723924322516574,-30.89920997619629,-124.08547973632812,-0.9458330273628236,127.7779872701783,122.18481414215219,-37.39097784045742,0.10481993240048845,0.000819685001720523,-6.372690762551027e-11,-9.103617324099763e-10,1.1873886597008015e-10,5.7361935637741234e-08,-2.2484262863212663e-06,-7.465328465723312e-05,-1.4708815304709986e-05,7.612172868864034e-05,3.2586819141599155e-09,3.882913320832632e-06,-6.714473649190318e-09,-3.825551396819326e-06,-0.001165578162609749,-4.616301697681146e-05,18.94916122415049,11.128543529443927,-1.7206644986798263,-88.16333597363862,9.445117900908936e-06,0.010579839214552893,3.134071256859763e-06,3.682754021536089e-07,5.306134777879171
0.0082499999552965,2.696185350418091,-0.0742390751838684,1.3127800226211548,-35.065422515940185,-205.3445783049428,8.605698671452776,-35.07727813720703,-205.3080902099609,8.62357234954834,208.49469476483097,204.0077853697451,-43.021637040122485,0.04232499497570202,0.00020303507720079636,-7.096842187906747e-11,-1.5179916214631196e-09,2.1120060825157977e-10,1.5800870793605012e-07,-2.251336111426264e-06,-7.517412250841834e-05,-1.4626734894031705e-05,7.661696015150683e-05,3.2738564561791717e-09,3.96905881679455e-06,-6.718783796601358e-09,-3.8110501204829356e-06,-0.0011725702233540537,-0.00012658746987796333,18.949460625731778,11.100000000000016,-1.725062700314119,-88.11635962639971,9.356229551866663e-06,0.010553314682234768,3.1520161617589607e-06,6.129445991428966e-07,8.680495643277007
0.0082999998703598,2.6870338916778564,-0.0733992606401443,1.329045295715332,-17.62603413689143,-227.17387034725613,-35.45126218078025,-39.2922248840332,-286.39776611328125,18.246957778930664,230.5979974721316,223.04366735868453,-58.54023308243404,82.82748624724788,0.2859513679541483,1.2690981587187112e-10,-1.672653702040965e-09,-6.367072977806692e-11,1.900017531155259e-07,-2.255845889593273e-06,-7.569405760986075e-05,-1.4543106790049955e-05,7.711148522256143e-05,3.2974113197733725e-09,4.080461292985991e-06,-6.7266865184487976e-09,-3.890459551494901e-06,-0.001183294940199876,-0.0001895219410054245,18.949760625222158,11.100000000000016,-1.7294673499912112,-88.06992675092235,9.16699691211489e-06,0.010512260024458035,3.1792659059314115e-06,8.575222546220284e-07,-5.394792333176599
0.0083330003544688,2.6817197799682617,-0.0792013183236122,1.337031364440918,12.736958309194945,-198.92150469090822,-109.24591673562728,15.069910049438477,-217.3555908203125,-115.34049224853516,227.3030256263053,213.8366837995638,-77.0748864447959,19.555102810548885,0.0793233869211429,4.3543824818801243e-10,-1.4512035902774887e-09,-5.514995042651778e-10,1.7723541476346963e-07,-2.2596683334872874e-06,-7.603622550464708e-05,-1.4487391697376916e-05,7.743705965598212e-05,3.312330076904419e-09,4.14933388751162e-06,-6.732380125390617e-09,-3.972098484372586e-06,-0.001763221993902852,-0.00015554008432811835,18.949848226,11.100000000000016,-1.7319552391891633,-62.70902483867157,9.105979407624645e-06,0.010499275703484277,4.261969231013328e-06,7.029420773071583e-07,-15.831511560230462
