time_s,cycle_fraction,rp_x_mm,rp_y_mm,rp_z_mm,center_x_mm,center_y_mm,center_z_mm,head_x_mm,head_y_mm,head_z_mm,tail_x_mm,tail_y_mm,tail_z_mm,B_x_T,B_y_T,B_z_T,axis_x,axis_y,axis_z,tangent_x,tangent_y,tangent_z,e1_x,e1_y,e1_z,e2_x,e2_y,e2_z,directed_tilt_deg,robot_phase_deg,delta_s_mm,Vt_mm_s,contact_state
0.0,0.0,-7.468174204284,-3.676918015967,-9.550745259298,-7.503637597261565,-3.522140556662843,-9.61695124203758,-8.631666580412714,-3.533553463685733,-9.833964583199306,-6.41276858236309,-3.806964209277926,-9.293836599804548,-0.0019882955673857,-0.0053173734554316,0.0082323884913301,0.9647382600215763,-0.11887423721399708,0.2348382536498942,0.9901291831965912,0.07930162550662628,0.11556579413675062,-0.11519690449062567,-0.009226373623232928,0.9932998274567162,0.0798365441275403,-0.996807968578588,0.0,13.36237457089361,0.0,0.0,0.0,NONE
9.999949725170154e-06,0.0002999984917551046,-7.468174204282273,-3.6769180159625665,-9.550745259306227,-7.503637597261565,-3.522140556662843,-9.61695124203758,-8.631666578318958,-3.5335534594838327,-9.833964589677054,-6.412768584259046,-3.8069642130810206,-9.293836593944265,-0.0019830537836358015,-0.0053115253329653,0.00823742645306926,0.9647382582869182,-0.11887424069442952,0.23483825901425556,0.9901291831965912,0.07930162550662628,0.11556579413675062,-0.11519690449062567,-0.009226373623232928,0.9932998274567162,0.0798365441275403,-0.996807968578588,0.0,13.362374911432633,-7.259051830039985e-07,1.1102230246251565e-12,4.4361685465583503e-07,NONE
1.9999899450340308e-05,0.0005999969835102092,-7.468174204256483,-3.676918015896418,-9.550745259429178,-7.503637597261565,-3.522140556662843,-9.61695124203758,-8.631666547043855,-3.5335533967704302,-9.833964686463379,-6.412768612579555,-3.806964269842287,-9.29383650638373,-0.0019777695458584816,-0.005305604798993286,0.008242510705415974,0.9647382323757822,-0.11887429263993772,0.23483833916506447,0.9901291831965912,0.07930162550662628,0.11556579413675062,-0.11519690449062567,-0.009226373623232928,0.9932998274567162,0.0798365441275403,-0.996807968578588,0.0,13.36237999670855,-1.1579044068247863e-05,1.7683632336229493e-11,3.5285739014715687e-06,NONE
2.9999850085005164e-05,0.0008999955025501549,-7.468174204145254,-3.676918015611467,-9.550745259959621,-7.503637597261565,-3.522140556662843,-9.61695124203758,-8.631666412157655,-3.533553126541033,-9.833965104016878,-6.412768734722897,-3.8069645144243345,-9.293836128631952,-0.0019724959265376113,-0.005299670809619352,0.00824759029553664,0.9647381206238074,-0.11887451647100042,0.23483868494996768,0.9901291831965912,0.07930162550662628,0.11556579413675062,-0.11519690449062567,-0.009226373623232928,0.9932998274567162,0.0798365441275403,-0.996807968578588,0.0,13.362401921972301,-5.843537669079151e-05,8.911094084851356e-11,1.1840691959906268e-05,NONE
3.9999798900680616e-05,0.0011999939670204185,-7.468174203847259,-3.6769180148489884,-9.550745261381213,-7.503637597261565,-3.522140556662843,-9.61695124203758,-8.631666050780712,-3.533552403246642,-9.833966223036297,-6.412769061960139,-3.806965169071602,-9.293835116278935,-0.001967232945843205,-0.0052937233875403455,0.008252665204003,0.9647378212263367,-0.11887511557606951,0.23483961163363626,0.9901291831965912,0.07930162550662628,0.11556579413675062,-0.11519690449062567,-0.009226373623232928,0.9932998274567162,0.0798365441275403,-0.996807968578588,0.0,13.362460643077734,-0.00018410102266305117,2.8034286003730813e-10,2.7905564127148997e-05,NONE
4.9999751354334876e-05,0.0014999925406300463,-7.468174203222047,-3.676918013251256,-9.550745264364812,-7.503637597261565,-3.522140556662843,-9.61695124203758,-8.63166529258435,-3.533550887177378,-9.833968571540272,-6.412769748528816,-3.8069665412531917,-9.2938329916376,-0.0019619806195969505,-0.005287762550636039,0.0082577354155586,0.9647371930676233,-0.11887637133731027,0.23484155647942215,0.9901291831965912,0.07930162550662628,0.11556579413675062,-0.11519690449062567,-0.009226373623232928,0.9932998274567162,0.0798365441275403,-0.996807968578588,0.0,13.362583802898152,-0.00044803378875288584,6.812843622583387e-10,5.41891840723554e-05,NONE
5.999970017001033e-05,0.0017999910051003098,-7.4681742020908555,-3.6769180103641603,-9.550745269764773,-7.503637597261565,-3.522140556662843,-9.61695124203758,-8.631663920787872,-3.5335481468388164,-9.83397282193904,-6.412770990730094,-3.806969021512292,-9.293829146392985,-0.0019567389702796695,-0.00528178832441194,0.008262800908503976,0.96473605654686,-0.11887864116238075,0.23484507632437182,0.9901291831965912,0.07930162550662628,0.11556579413675062,-0.11519690449062567,-0.009226373623232928,0.9932998274567162,0.0798365441275403,-0.996807968578588,0.0,13.362806558076754,-0.0009260593873525871,1.4062102593470627e-09,9.309900431094445e-05,NONE
6.999965262366459e-05,0.0020999895787099376,-7.468174200237429,-3.6769180056398234,-9.550745278615238,-7.503637597261565,-3.522140556662843,-9.61695124203758,-8.631661673147399,-3.533543661318034,-9.833979788100633,-6.412773026033354,-3.8069730813249096,-9.293822844256436,-0.001951508012691788,-0.005275800725746192,0.008267861668534097,0.9647341943974113,-0.11888235652472869,0.2348508451496506,0.9901291831965912,0.07930162550662628,0.11556579413675062,-0.11519690449062567,-0.009226373623232928,0.9932998274567162,0.0798365441275403,-0.996807968578588,0.0,13.363171406465499,-0.0017100803036682226,2.5931790048616676e-09,0.00014698557619872011,NONE
7.999959780136123e-05,0.002399987934040837,-7.468174197408796,-3.6769179984391913,-9.55074529212642,-7.503637597261565,-3.522140556662843,-9.61695124203758,-8.63165824293522,-3.533536822646867,-9.83399042240308,-6.4127761321893075,-3.8069792709611083,-9.293813223632457,-0.0019462877711212848,-0.005269799782442695,0.00827291767215044,0.964731352498223,-0.1188880210061921,0.23485965163940073,0.9901291831965912,0.07930162550662628,0.11556579413675062,-0.11519690449062567,-0.009226373623232928,0.9932998274567162,0.0798365441275403,-0.996807968578588,0.0,13.36372801493462,-0.0029077738806632214,4.403482023462857e-09,0.00021814472863563233,NONE
8.999955025501549e-05,0.0026999865076504648,-7.468174193316047,-3.6769179880346288,-9.550745311680865,-7.503637597261565,-3.522140556662843,-9.61695124203758,-8.631653279901682,-3.5335269381510317,-9.834005812779587,-6.4127806263589395,-3.8069882173590606,-9.293799300291914,-0.001941078256506778,-0.005263785507092579,0.008277968908755092,0.964727240670758,-0.118896208351317,0.234872396733771,0.9901291831965912,0.07930162550662628,0.11556579413675062,-0.11519690449062567,-0.009226373623232928,0.9932998274567162,0.0798365441275403,-0.996807968578588,0.0,13.36453304844802,-0.004642276508781942,7.021105474791511e-09,0.0003088206395064549,NONE
9.999950270866975e-05,0.0029999850812600926,-7.468174187635063,-3.6769179736124853,-9.550745338829701,-7.503637597261565,-3.522140556662843,-9.61695124203758,-8.63164639121455,-3.5335132328030316,-9.834027179763478,-6.4127868642628165,-3.807000621995619,-9.293779970045422,-0.0019358794911573398,-0.005257757925415889,0.00828301535672444,0.9647215334572761,-0.11890756051851613,0.2348900911817635,0.9901291831965912,0.07930162550662628,0.11556579413675062,-0.11519690449062567,-0.009226373623232928,0.9932998274567162,0.0798365441275403,-0.996807968578588,0.0,13.36565000011831,-0.0070518534076587595,1.0652236426267336e-08,0.0004212095226766067,NONE
0.0001099994478863664,0.003299983436590992,-7.468174180007211,-3.6769179542756616,-9.550745375288864,-7.503637597261565,-3.522140556662843,-9.61695124203758,-8.631637142379663,-3.533494851555917,-9.834055873480025,-6.41279523934727,-3.8070172587742523,-9.293754011464847,-0.001930691497312351,-0.005251717063219192,0.008288056994465963,0.9647138708836496,-0.11892278574710245,0.2349138530500783,0.9901291831965912,0.07930162550662628,0.11556579413675062,-0.11519690449062567,-0.009226373623232928,0.9932998274567162,0.0798365441275403,-0.996807968578588,0.0,13.367149022140156,-0.01028953813065136,1.5524804553024296e-08,0.0005574645195962045,NONE
0.00011999940034002066,0.0035999820102006197,-7.468174170039997,-3.676917929046172,-9.550745422935337,-7.503637597261565,-3.522140556662843,-9.61695124203758,-8.631625058116787,-3.5334708616911064,-9.834093370681787,-6.412806181991162,-3.807038971900221,-9.2937200885654,-0.0019255142858432101,-0.005245662933176564,0.008293093811411516,0.9647038591850542,-0.11894265661265864,0.23494490526799347,0.9901291831965912,0.07930162550662628,0.11556579413675062,-0.11519690449062567,-0.009226373623232928,0.9932998274567162,0.0798365441275403,-0.996807968578588,0.0,13.369106759058587,-0.014522758288323213,2.1888071799480713e-08,0.0007197012592842598,NONE
0.0001299993455177173,0.003899980365531519,-7.468174157307636,-3.676917896867667,-9.550745483803313,-7.503637597261565,-3.522140556662843,-9.61695124203758,-8.63160962320611,-3.533440255139004,-9.83414127171334,-6.41282015873912,-3.807066673780351,-9.293676753551606,-0.0019203478826787359,-0.005239595565594914,0.00829812578233842,0.9646910715073872,-0.11896800810493345,0.23498457311379778,0.9901291831965912,0.07930162550662628,0.11556579413675062,-0.11519690449062567,-0.009226373623232928,0.9932998274567162,0.0798365441275403,-0.996807968578588,0.0,13.371606182500361,-0.019932918142726724,3.0012305529680816e-08,0.0009100048141037813,NONE
0.00013999930524732918,0.004199979157419875,-7.468174141351585,-3.6769178566079814,-9.550745560080403,-7.503637597261565,-3.522140556662843,-9.61695124203758,-8.63159028328069,-3.5334019508114243,-9.83420129749588,-6.412837671583711,-3.8071013429121505,-9.293622449545351,-0.0019151922948952799,-0.005233514968777913,0.008303152900355975,0.9646750485639045,-0.11899973569596797,0.2350342817176217,0.9901291831965912,0.07930162550662628,0.11556579413675062,-0.11519690449062567,-0.009226373623232928,0.9932998274567162,0.0798365441275403,-0.996807968578588,0.0,13.374736428468804,-0.02671495355926938,4.01884925338436e-08,0.001130437213545775,NONE
0.00014999925042502582,0.004499977512750775,-7.468174121680955,-3.676917807061666,-9.550745654103709,-7.503637597261565,-3.522140556662843,-9.61695124203758,-8.631566445575011,-3.53335479696812,-9.834275286468356,-6.412859257287221,-3.807144021741954,-9.29355551335309,-0.0019100475558212965,-0.005227421182006834,0.008308175132972185,0.9646552992555615,-0.11903879337992773,0.23509555352837694,0.9901291831965912,0.07930162550662628,0.11556579413675062,-0.11519690449062567,-0.009226373623232928,0.9932998274567162,0.0798365441275403,-0.996807968578588,0.0,13.37859263504901,-0.03507684537787816,5.272818270896096e-08,0.0013830464779812696,NONE
0.00015999919560272247,0.004799975868081674,-7.468174097772898,-3.6769177469524505,-9.550745768355997,-7.503637597261565,-3.522140556662843,-9.61695124203758,-8.631537479592263,-3.533297573438046,-9.834365191515039,-6.4128854867770935,-3.8071958146547096,-9.293474178245548,-0.001904913676214073,-0.005221314218095023,0.008313192469669984,0.9646313012239869,-0.11908619183333191,0.23517000576934355,0.9901291831965912,0.07930162550662628,0.11556579413675062,-0.11519690449062567,-0.009226373623232928,0.9932998274567162,0.0798365441275403,-0.996807968578588,0.0,13.383275789112345,-0.04523907284957524,6.79633505029642e-08,0.0016698770222293717,NONE
0.00016999915533233434,0.00509997465997003,-7.4681740690727905,-3.6769176749358463,-9.550745905461868,-7.503637597261565,-3.522140556662843,-9.61695124203758,-8.63150271774235,-3.533228994091139,-9.834473076831356,-6.412916964567552,-3.8072578857367865,-9.293376576793445,-0.0018997906668563862,-0.005215194089825156,0.008318204899921171,0.9646025013803468,-0.1191429963676727,0.2352593478425695,0.9901291831965912,0.07930162550662628,0.11556579413675062,-0.11519690449062567,-0.009226373623232928,0.9932998274567162,0.0798365441275403,-0.996807968578588,0.0,13.388892564828778,-0.05743403469177559,8.62464499817861e-08,0.001992980739895885,NONE
0.00017999910051003098,0.0053999730153009295,-7.468174034994379,-3.6769175896014827,-9.550746068183601,-7.503637597261565,-3.522140556662843,-9.61695124203758,-8.631461455853483,-3.5331477090885355,-9.834601114853257,-6.412954328295802,-3.8073314567392558,-9.293260743644925,-0.0018946785608652177,-0.005209060836735158,0.008323212391329101,0.9645683163294266,-0.11921032506553063,0.2353653787862307,0.9901291831965912,0.07930162550662628,0.11556579413675062,-0.11519690449062567,-0.009226373623232928,0.9932998274567162,0.0798365441275403,-0.996807968578588,0.0,13.395555177156096,-0.07190540628436953,1.079505658196922e-07,0.0023544293200061404,NONE
0.00018999904568772763,0.005699971370631829,-7.468173994919826,-3.676917489475808,-9.550746259417254,-7.503637597261565,-3.522140556662843,-9.61695124203758,-8.63141295363847,-3.5330523071670417,-9.834751583011716,-6.412998248299149,-3.8074178050107945,-9.293124618462125,-0.0018895773689298569,-0.0052029144717202595,0.008328214933407513,0.9645281327562263,-0.11928934688858817,0.23548998458677944,0.9901291831965912,0.07930162550662628,0.11556579413675062,-0.11519690449062567,-0.009226373623232928,0.9932998274567162,0.0798365441275403,-0.996807968578588,0.0,13.403381233980957,-0.08890741196568162,1.3346961047489003e-07,0.0027563276796201634,NONE
0.0001999990054173395,0.005999970162520185,-7.4681739481994525,-3.6769173730243336,-9.550746482188886,-7.503637597261565,-3.522140556662843,-9.61695124203758,-8.631356435015753,-3.5329413180121385,-9.834926860713749,-6.413049427323298,-3.8075182613494105,-9.29296604865249,-0.00188448710176527,-0.0051967550076454025,0.008333212515658741,0.9644813076923725,-0.1193812797118574,0.2356351356788084,0.9901291831965912,0.07930162550662628,0.11556579413675062,-0.11519690449062567,-0.009226373623232928,0.9932998274567162,0.0798365441275403,-0.996807968578588,0.0,13.41249359540432,-0.10870408565837644,1.6321882689851464e-07,0.0032008300616576868,NONE
0.00020999895059503615,0.0062999685178510845,-7.4681738941515645,-3.676917238654336,-9.550746739649897,-7.503637597261565,-3.522140556662843,-9.61695124203758,-8.631291088430693,-3.532813214791448,-9.835129425955408,-6.413108600230581,-3.8076342077094827,-9.292782792432247,-0.00187940779227568,-0.005190582484303686,0.008338205105782563,0.9644271687826573,-0.11948738822523236,0.23580288414050526,0.9901291831965912,0.07930162550662628,0.11556579413675062,-0.11519690449062567,-0.009226373623232928,0.9932998274567162,0.0798365441275403,-0.996807968578588,0.0,13.423020222274173,-0.13156841675774486,1.9763529124361412e-07,0.0036901544323828476,NONE
0.0002199988957727328,0.006599966873181984,-7.468173832061981,-3.676917084717185,-9.550747035073671,-7.503637597261565,-3.522140556662843,-9.61695124203758,-8.631216066977524,-3.532666416041251,-9.835361851941613,-6.413176533888428,-3.80776707549494,-9.292572521886157,-0.0018743394510821758,-0.005184396914672065,0.008343192693323924,0.9643650143865635,-0.11960898237116911,0.2359953608936767,0.9901291831965912,0.07930162550662628,0.11556579413675062,-0.11519690449062567,-0.009226373623232928,0.9932998274567162,0.0798365441275403,-0.996807968578588,0.0,13.435094057275231,-0.157781360672529,2.3717858255167812e-07,0.004226601600887115,NONE
0.00022999885550234467,0.00689996566507034,-7.46817376118324,-3.6769169095107612,-9.550747371850692,-7.503637597261565,-3.522140556662843,-9.61695124203758,-8.631130488413785,-3.5324992884426627,-9.835626804077409,-6.413254027154768,-3.8079183430455976,-9.292332825687433,-0.0018692820888311732,-0.0051781983116970355,0.008348175267816274,0.9642941135908769,-0.11974741504475434,0.23621477321303325,0.9901291831965912,0.07930162550662628,0.11556579413675062,-0.11519690449062567,-0.009226373623232928,0.9932998274567162,0.0798365441275403,-0.996807968578588,0.0,13.448852884910517,-0.18763093636334485,2.823319427136539e-07,0.0048125709259839704,NONE
0.0002399988006800413,0.007199964020401239,-7.468173680734114,-3.676916711281957,-9.550747753485128,-7.503637597261565,-3.522140556662843,-9.61695124203758,-8.631033435082943,-3.532310149066302,-9.835927036518656,-6.413341910947296,-3.8080895336057834,-9.292061212220105,-0.0018642357382136654,-0.00517198671542595,0.008353152797056678,0.964213706145933,-0.11990408023455729,0.236463401868935,0.9901291831965912,0.07930162550662628,0.11556579413675062,-0.11519690449062567,-0.009226373623232928,0.9932998274567162,0.0798365441275403,-0.996807968578588,0.0,13.464439208315863,-0.22141111494113,3.336029497091886e-07,0.005450582386081596,NONE
0.0002499987604096532,0.007499962812289596,-7.46817358989816,-3.6769164882294048,-9.550748183589493,-7.503637597261565,-3.522140556662843,-9.61695124203758,-8.630923953708985,-3.5320972677923046,-9.836265388747696,-6.413441048427027,-3.808282213134344,-9.291755112675053,-0.0018592004024585702,-0.005165762129854123,0.00835812527785557,0.9641230022965033,-0.120080411018278,0.23674359829245312,0.9901291831965912,0.07930162550662628,0.11556579413675062,-0.11519690449062567,-0.009226373623232928,0.9932998274567162,0.0798365441275403,-0.996807968578588,0.0,13.48200012603923,-0.25942065538128695,3.9152535613595774e-07,0.006143296467485128,NONE
0.0002599986910354346,0.007799960731063038,-7.4681734878230115,-3.6769162385054655,-9.550748665881345,-7.503637597261565,-3.522140556662843,-9.61695124203758,-8.630801055027565,-3.5318588692748794,-9.836644781978585,-6.413552335331531,-3.808497988526388,-9.291411884304532,-0.0018541761214208462,-0.005159524604279472,0.00836309267084899,0.9640211824765369,-0.12027787793543866,0.23705778159741417,0.9901291831965912,0.07930162550662628,0.11556579413675062,-0.11519690449062567,-0.009226373623232928,0.9932998274567162,0.0798365441275403,-0.996807968578588,0.0,13.501687229783734,-0.3019617858996552,4.5666001291522207e-07,0.006893534136761505,NONE
0.0002699986507650465,0.008099959522951394,-7.468173373618501,-3.6769159602190724,-9.550749204178517,-7.503637597261565,-3.522140556662843,-9.61695124203758,-8.63066371333934,-3.5315931360110686,-9.837068215792318,-6.413676700376534,-3.8087385048350275,-9.291028813465262,-0.0018491628836854682,-0.005153274124568418,0.00836805498731439,0.9639073969403502,-0.12049798644519959,0.2374084357943724,0.9901291831965912,0.07930162550662628,0.11556579413675062,-0.11519690449062567,-0.009226373623232928,0.9932998274567162,0.0798365441275403,-0.996807968578588,0.0,13.523656469377721,-0.3493389653845076,5.295970559870966e-07,0.007704302053861611,NONE
0.00027999861049465835,0.00839995831483975,-7.468173246355295,-3.676915651437663,-9.55074980239411,-7.503637597261565,-3.522140556662843,-9.61695124203758,-8.630510865769097,-3.531298210268573,-9.837538764724233,-6.413815105925348,-3.809005443526334,-9.29060311870446,-0.0018441607217056617,-0.00514701073104819,0.008373012195157754,0.9637807651494558,-0.12074227532946127,0.2377981069651186,0.9901291831965912,0.07930162550662628,0.11556579413675062,-0.11519690449062567,-0.009226373623232928,0.9932998274567162,0.0798365441275403,-0.996807968578588,0.0,13.548068070428334,-0.40185744347905417,6.109576773383196e-07,0.008578813017316073,NONE
0.00028999854112043977,0.008699956233613193,-7.4681731050627915,-3.676915310190476,-9.550750464533083,-7.503637597261565,-3.522140556662843,-9.61695124203758,-8.63034141154285,-3.530972196609138,-9.838059574383477,-6.413968548640616,-3.809300520196653,-9.29013195427337,-0.0018391696677652863,-0.005140734464243747,0.00837796426236336,0.9636403751748838,-0.12101231460326754,0.23822940004787263,0.9901291831965912,0.07930162550662628,0.11556579413675062,-0.11519690449062567,-0.009226373623232928,0.9932998274567162,0.0798365441275403,-0.996807968578588,0.0,13.575086421968583,-0.4598217281989878,7.013963490010156e-07,0.009520512535035896,NONE
0.00029999850085005164,0.00899995502550155,-7.468172948727246,-3.6769149344700294,-9.550751194686343,-7.503637597261565,-3.522140556662843,-9.61695124203758,-8.630154210886074,-3.5306131646331775,-9.838633858502604,-6.4141380604801475,-3.80962548208578,-9.289612412792309,-0.0018341897105264913,-0.00513444530993122,0.008382911200173015,0.9634852827851859,-0.12130970324026176,0.23870497639578073,0.9901291831965912,0.07930162550662628,0.11556579413675062,-0.11519690449062567,-0.009226373623232928,0.9932998274567162,0.0798365441275403,-0.996807968578588,0.0,13.604879985939768,-0.5235341745989959,8.016032353452829e-07,0.010533101964450897,NONE
0.0003099984605796635,0.009299953817389905,-7.468172776289097,-3.676914522235644,-9.550751997028017,-7.503637597261565,-3.522140556662843,-9.61695124203758,-8.629948084187385,-3.5302191508578264,-9.839264893734086,-6.414324709450451,-3.809982106380086,-9.289041529965546,-0.0018292208822268269,-0.005128143308689189,0.008387852976592291,0.963314510755189,-0.12163606761837364,0.23922754946458247,0.9901291831965912,0.07930162550662628,0.11556579413675062,-0.11519690449062567,-0.009226373623232928,0.9932998274567162,0.0798365441275403,-0.996807968578588,0.0,13.63762118989238,-0.5932930249713944,9.12306882483449e-07,0.011620568081756232,NONE
0.00031999839120544493,0.009599951736163348,-7.46817258664058,-3.676914071414809,-9.550752875808174,-7.503637597261565,-3.522140556662843,-9.61695124203758,-8.629721810441303,-3.529788161614287,-9.839956017120416,-6.414529601014747,-3.8103721975869407,-9.288416286862306,-0.0018242632149335744,-0.005121828501292961,0.00839278955970578,0.9631270475767638,-0.12199305911854497,0.23979988272091735,0.9901291831965912,0.07930162550662628,0.11556579413675062,-0.11519690449062567,-0.009226373623232928,0.9932998274567162,0.0798365441275403,-0.996807968578588,0.0,13.673486353697049,-0.669390974194359,1.0342773126836846e-06,0.012787202263059511,NONE
0.0003299983509350568,0.009899950528051704,-7.468172378622884,-3.676913579906137,-9.550753835350095,-7.503637597261565,-3.522140556662843,-9.61695124203758,-8.629474125883045,-3.529318175651083,-9.840710621862932,-6.414753879325938,-3.8107975851789324,-9.287733613749678,-0.0018193166973864807,-0.00511550087342897,0.008397720960719326,0.9629218463291764,-0.12238235196863016,0.24042478613619753,0.9901291831965912,0.07930162550662628,0.11556579413675062,-0.11519690449062567,-0.009226373623232928,0.9932998274567162,0.0798365441275403,-0.996807968578588,0.0,13.712655589619049,-0.7521133591146676,1.1683289162789379e-06,0.014037637135810122,NONE
0.0003399983106646687,0.01019994931994006,-7.468172151022631,-3.6769130455825474,-9.550754880043003,-7.503637597261565,-3.522140556662843,-9.61695124203758,-8.629203722190358,-3.5288071458546773,-9.841532153586108,-6.414998728850995,-3.8112601220391586,-9.286990393467393,-0.0018143813616063444,-0.005109160465925722,0.008402647147739101,0.9626978231910274,-0.12280564181933981,0.24110511309509322,0.9901291831965912,0.07930162550662628,0.11556579413675062,-0.11519690449062567,-0.009226373623232928,0.9932998274567162,0.0798365441275403,-0.996807968578588,0.0,13.755312757007932,-0.8417363107843504,1.3153245319585949e-06,0.015376860853592928,NONE
0.0003499982412904501,0.010499947238713503,-7.468171902568915,-3.67691246629263,-9.550756014340239,-7.503637597261565,-3.522140556662843,-9.61695124203758,-8.628909244916663,-3.528253003714943,-9.84242410628237,-6.415265375786633,-3.8117616804132,-9.286183465102825,-0.0018094572394428774,-0.005102807319807577,0.00840756808895109,0.9624538561434915,-0.1232646420427207,0.24184375703458452,0.9901291831965912,0.07930162550662628,0.11556579413675062,-0.11519690449062567,-0.009226373623232928,0.9932998274567162,0.0798365441275403,-0.996807968578588,0.0,13.801645300192135,-0.9385251129273685,1.4761784790096044e-06,0.016810257720865328,NONE
0.00035999820102006197,0.010799946030601859,-7.468171631929212,-3.6769118398631475,-9.550757242752896,-7.503637597261565,-3.522140556662843,-9.61695124203758,-8.628589291327602,-3.5276536593545678,-9.84339001757348,-6.415555090013963,-3.8123041518872136,-9.285309628277258,-0.001804544319713829,-0.005096441420671632,0.008412483795524828,0.9621887831798432,-0.12376108370984605,0.2426436475200972,0.9901291831965912,0.07930162550662628,0.11556579413675062,-0.11519690449062567,-0.009226373623232928,0.9932998274567162,0.0798365441275403,-0.996807968578588,0.0,13.851844254619229,-1.0427319767084928,1.6518611385407667e-06,0.018343628551539638,NONE
0.00036999816074967384,0.011099944822490215,-7.468171337705857,-3.676911164103582,-9.550758569840271,-7.503637597261565,-3.522140556662843,-9.61695124203758,-8.628242408301405,-3.5270070058808334,-9.844433465100986,-6.4158691869963596,-3.8128894434490994,-9.284365646401893,-0.0017996426342222552,-0.005090062809595175,0.008417394235668008,0.9619014005674115,-0.12429671198620265,0.24350774726047464,0.9901291831965912,0.07930162550662628,0.11556579413675062,-0.11519690449062567,-0.009226373623232928,0.9932998274567162,0.0798365441275403,-0.996807968578588,0.0,13.906104108531393,-1.1545944675402426,1.8434031954228658e-06,0.019983216172494097,NONE
0.00037999809137545526,0.011399942741263658,-7.46817101843138,-3.67691043680568,-9.550760000213502,-7.503637597261565,-3.522140556662843,-9.61695124203758,-8.62786709004276,-3.526310921363033,-9.845558061654106,-6.416209029844322,-3.8135194756939166,-9.283348251104302,-0.0017947522145990568,-0.0050836715278503005,0.008422299377669031,0.9615904609558424,-0.12487328449168834,0.24443904806513284,0.9901291831965912,0.07930162550662628,0.11556579413675062,-0.11519690449062567,-0.009226373623232928,0.9932998274567162,0.0798365441275403,-0.996807968578588,0.0,13.964622730440219,-1.2743334913978288,2.0518998589125204e-06,0.021735744887321516,NONE
0.00038999805110506713,0.011699941533152014,-7.468170672564415,-3.676909655748001,-9.550761538520108,-7.503637597261565,-3.522140556662843,-9.61695124203758,-8.627461775415467,-3.5255632726198844,-9.846767451900217,-6.416576031727218,-3.814196179396987,-9.282254145164709,-0.001789873049740573,-0.005077267560945198,0.008427199232660738,0.9612546711688041,-0.12549256816395762,0.2454405681458731,0.9901291831965912,0.07930162550662628,0.11556579413675062,-0.11519690449062567,-0.009226373623232928,0.9932998274567162,0.0798365441275403,-0.996807968578588,0.0,14.027601267348407,-1.4021517878018264,2.278516353371174e-06,0.023608423404745487,NONE
0.000399998010834679,0.01199994032504037,-7.468170298484469,-3.6769088186990997,-9.550763189447624,-7.503637597261565,-3.522140556662843,-9.61695124203758,-8.627024845221538,-3.524761915710466,-9.848065306845657,-6.416971658331449,-3.8149214950746386,-9.281080007547546,-0.0017850051712309295,-0.005070850950204681,0.008432093768953468,0.9608926899522128,-0.1261563388539881,0.24651534752091728,0.9901291831965912,0.07930162550662628,0.11556579413675062,-0.11519690449062567,-0.009226373623232928,0.9932998274567162,0.0798365441275403,-0.996807968578588,0.0,14.095244117150214,-1.5382317532036507,2.5244924142242553e-06,0.025609003194046766,NONE
0.0004099979414604604,0.012299938243813813,-7.468169894488287,-3.676907923417981,-9.55076495770905,-7.503637597261565,-3.522140556662843,-9.61695124203758,-8.62655461924552,-3.5239047003626105,-9.849455320418237,-6.417397430534609,-3.8156973689680678,-9.27982249647371,-0.0017801486104814539,-0.005064421737147114,0.008436982954939085,0.9605031255264825,-0.12686637765454672,0.24766644519327283,0.9901291831965912,0.07930162550662628,0.11556579413675062,-0.11519690449062567,-0.009226373623232928,0.9932998274567162,0.0798365441275403,-0.996807968578588,0.0,14.167758796536349,-1.6827341164276455,2.7911475370956396e-06,0.027745789152566657,NONE
0.0004199979011900723,0.012599937035702169,-7.468169458781662,-3.676906967657284,-9.550766848044676,-7.503637597261565,-3.522140556662843,-9.61695124203758,-8.626049353679491,-3.522989474219984,-9.850941203706405,-6.417854926725656,-3.8165257491968805,-9.278478254649691,-0.0017753033564672364,-0.005057979907192351,0.008441866801713277,0.9600845334581896,-0.12762446738125927,0.24889693437248397,0.9901291831965912,0.07930162550662628,0.11556579413675062,-0.11519690449062567,-0.009226373623232928,0.9932998274567162,0.0798365441275403,-0.996807968578588,0.0,14.245355751859725,-1.835796296776405,3.0798886196947706e-06,0.030027652148937788,NONE
0.00042999786091968417,0.012899935827590525,-7.468168989477394,-3.676905949168737,-9.550768865211156,-7.503637597261565,-3.522140556662843,-9.61695124203758,-8.625507237401056,-3.522014082016934,-9.852526680312574,-6.418345786177262,-3.817408586517995,-9.277043913461775,-0.0017704694405525061,-0.005051525501911221,0.00844674527769009,0.9596354135755624,-0.12843239326133085,0.2502098986307822,0.9901291831965912,0.07930162550662628,0.11556579413675062,-0.11519690449062567,-0.009226373623232928,0.9932998274567162,0.0798365441275403,-0.996807968578588,0.0,14.328248404394575,-1.9975305554867575,3.3922128235275295e-06,0.03246407958272281,NONE
0.0004399977915454656,0.013199933746363968,-7.468168484587326,-3.67690486570316,-9.550771013977881,-7.503637597261565,-3.522140556662843,-9.61695124203758,-8.624926389072689,-3.520976369959552,-9.854215480424928,-6.41887171166181,-3.8183478303515757,-9.275516098346552,-0.0017656468939279656,-0.005045058563067204,0.008451618351365752,0.9591542075699477,-0.12929193930087973,0.2516084269905989,0.9901291831965912,0.07930162550662628,0.11556579413675062,-0.11519690449062567,-0.009226373623232928,0.9932998274567162,0.0798365441275403,-0.996807968578588,0.0,14.416652943806497,-2.1680226155705595,3.7297158606008907e-06,0.03506518413706259,NONE
0.00044999775127507746,0.013499932538252324,-7.468167942017803,-3.6769037150122825,-9.55077329911788,-7.503637597261565,-3.522140556662843,-9.61695124203758,-8.624304852335301,-3.5198741918952456,-9.856011342393469,-6.4194344738026485,-3.81934542318807,-9.273891427343969,-0.0017608357056478439,-0.005038579075992323,0.008456486033798486,0.9586392950141969,-0.1302048831707932,0.25309561523891255,0.9901291831965912,0.07930162550662628,0.11556579413675062,-0.11519690449062567,-0.009226373623232928,0.9932998274567162,0.0798365441275403,-0.996807968578588,0.0,14.510788251973898,-2.347331851554885,4.094097418416709e-06,0.03784172900746362,NONE
0.00045999771100468934,0.01379993133014068,-7.468167359561025,-3.6769024948578375,-9.550775725402362,-7.503637597261565,-3.522140556662843,-9.61695124203758,-8.623640595352963,-3.5187054068697465,-9.857917992620926,-6.4200359114706025,-3.8204033028215996,-9.272166529327881,-0.0017560359068554874,-0.005032087082502176,0.008461348293507089,0.958088992992331,-0.13117299823993625,0.25467454925784544,0.9901291831965912,0.07930162550662628,0.11556579413675062,-0.11519690449062567,-0.009226373623232928,0.9932998274567162,0.0798365441275403,-0.996807968578588,0.0,14.61087557438754,-2.5354872388845724,4.487169610101205e-06,0.04080515097020647,NONE
0.00046999764163047075,0.014099929248914123,-7.468166734892779,-3.676901203002468,-9.550778297602536,-7.503637597261565,-3.522140556662843,-9.61695124203758,-8.622931503176755,-3.5174678853452908,-9.859939156610343,-6.420677938706393,-3.8215233966920916,-9.27033803398826,-0.001751247528519914,-0.005025582624603906,0.008466205099093278,0.9575015497697228,-0.1321980484116526,0.25634831418351434,0.9901291831965912,0.07930162550662628,0.11556579413675062,-0.11519690449062567,-0.009226373623232928,0.9932998274567162,0.0798365441275403,-0.996807968578588,0.0,14.717138690027465,-2.732489479176665,4.910859745521634e-06,0.04396758418505731,NONE
0.0004799976013600826,0.014399928040802479,-7.468166065561522,-3.6768998372306454,-9.550781020462326,-7.503637597261565,-3.522140556662843,-9.61695124203758,-8.62217537547671,-3.5161595144412368,-9.86207854831983,-6.421362546757185,-3.822707617171402,-9.268402581435454,-0.001746470559774992,-0.005019065687542077,0.008471056461577408,0.9568751429215326,-0.13328178379572383,0.25811998560190275,0.9901291831965912,0.07930162550662628,0.11556579413675062,-0.11519690449062567,-0.009226373623232928,0.9932998274567162,0.0798365441275403,-0.996807968578588,0.0,14.829803522191611,-2.938309679072184,5.3672226290046865e-06,0.04734187032466122,NONE
0.0004899975610896945,0.014699926832690835,-7.468165348985198,-3.676898395330478,-9.550783898711105,-7.503637597261565,-3.522140556662843,-9.61695124203758,-8.621369924497388,-3.5147781966822693,-9.864339855120134,-6.42209180592501,-3.8239578626641304,-9.266356835869512,-0.0017417050315421383,-0.005012536313375706,0.008475902349583887,0.9562078776401641,-0.13442594173124398,0.25999261706548765,0.9901291831965912,0.07930162550662628,0.11556579413675062,-0.11519690449062567,-0.009226373623232928,0.9932998274567162,0.0798365441275403,-0.996807968578588,0.0,14.949097872541978,-3.1528869527534438,5.858443678619096e-06,0.05094158818248701,NONE
0.0004999975208193064,0.014999925624579191,-7.4681645824412355,-3.67689687511736,-9.550786937052779,-7.503637597261565,-3.522140556662843,-9.61695124203758,-8.620512767273613,-3.5133218544436966,-9.866726746378385,-6.422867872608819,-3.8252760136203827,-9.264197477773008,-0.0017369509607482554,-0.0050059945252968726,0.008480742745900332,0.9554977802890411,-0.13563224312029828,0.2619692472197295,0.9901291831965912,0.07930162550662628,0.11556579413675062,-0.11519690449062567,-0.009226373623232928,0.9932998274567162,0.0798365441275403,-0.996807968578588,0.0,15.075251581797486,-3.3761305914366195,6.386848230732767e-06,0.05478103719895641,NONE
0.0005099974223412573,0.01529992267023772,-7.468163763062907,-3.676895274423056,-9.5507901401476,-7.503637597261565,-3.522140556662843,-9.61695124203758,-8.619601423399452,-3.511788437329825,-9.869242862377035,-6.423692991321289,-3.8266639258220216,-9.261921213928023,-0.0017322083918508415,-0.00499944038472935,0.008485577605207585,0.9547427965557229,-0.13690238630095503,0.2640528906300051,0.9901291831965912,0.07930162550662628,0.11556579413675062,-0.11519690449062567,-0.009226373623232928,0.9932998274567162,0.0798365441275403,-0.996807968578588,0.0,15.20849601590111,-3.607919639177533,6.954908089440437e-06,0.05887529711905041,NONE
0.0005199973820708692,0.015599921462126076,-7.46816288782978,-3.676893591102977,-9.5507935126158,-7.503637597261565,-3.522140556662843,-9.61695124203758,-8.61863331321504,-3.5101759200681792,-9.871891796744126,-6.424569496315353,-3.8281234323066986,-9.259524793360605,-0.0017274772864853403,-0.004992873838650702,0.008490406966617525,0.9539407899563858,-0.13823804879935642,0.26624652321022635,0.9901291831965912,0.07930162550662628,0.11556579413675062,-0.11519690449062567,-0.009226373623232928,0.9932998274567162,0.0798365441275403,-0.996807968578588,0.0,15.349063733248355,-3.8481008304853406,7.5652500033385195e-06,0.06324020113445215,NONE
0.0005299973418004811,0.015899920254014432,-7.468161953561352,-3.6768918230434577,-9.550797059023042,-7.503637597261565,-3.522140556662843,-9.61695124203758,-8.617605747499908,-3.5084823082762435,-9.874677113215292,-6.425499820921262,-3.829656338150712,-9.25700499210817,-0.0017227576890951816,-0.004986294948499798,0.008495230784817735,0.9530895332950635,-0.1396408825541166,0.268553096133531,0.9901291831965912,0.07930162550662628,0.11556579413675062,-0.11519690449062567,-0.009226373623232928,0.9932998274567162,0.0798365441275403,-0.996807968578588,0.0,15.497188811770771,-4.096492839534312,8.22066306227498e-06,0.06789236037803141,NONE
0.000539997301530093,0.01619991904590279,-7.468160956910682,-3.6768899681617553,-9.550800783873145,-7.503637597261565,-3.522140556662843,-9.61695124203758,-8.616515930216828,-3.5067056440266455,-9.877602314918034,-6.4264864950454825,-3.831264415420819,-9.254358641067922,-0.0017180496164441443,-0.004979703737644474,0.00850004904267415,0.9521867109440633,-0.14111250930181468,0.2709755103696137,0.9901291831965912,0.07930162550662628,0.11556579413675062,-0.11519690449062567,-0.009226373623232928,0.9932998274567162,0.0798365441275403,-0.996807968578588,0.0,15.653105815673918,-4.352883516839115,8.924105850738329e-06,0.07284916176459996,NONE
0.0005499972612597048,0.016499917837791145,-7.468159894355298,-3.6768880244078685,-9.550804691611718,-7.503637597261565,-3.522140556662843,-9.61695124203758,-8.615360949300593,-3.504844007099566,-9.880670854217689,-6.427532153508874,-3.832949402041643,-9.251582617072483,-0.0017133530852551833,-0.004973100229496446,0.008504861723072523,0.9512299112137909,-0.14265451954003333,0.2735166248457413,0.9901291831965912,0.07930162550662628,0.11556579413675062,-0.11519690449062567,-0.009226373623232928,0.9932998274567162,0.0798365441275403,-0.996807968578588,0.0,15.817050093564731,-4.617033120417737,9.678714876670824e-06,0.07812875922805998,NONE
0.0005599972209893167,0.0167999166296795,-7.468158762193556,-3.6768859897736332,-9.550808786586147,-7.503637597261565,-3.522140556662843,-9.61695124203758,-8.614137773093507,-3.50289551881322,-9.883886123226315,-6.428639539273121,-3.8347129983383823,-9.248673851422991,-0.001708668112210227,-0.004966484447511069,0.008509668808918455,0.9502166234001681,-0.14426846935876622,0.276179248610141,0.9901291831965912,0.07930162550662628,0.11556579413675062,-0.11519690449062567,-0.009226373623232928,0.9932998274567162,0.0798365441275403,-0.996807968578588,0.0,15.989257415288941,-4.8886751015547265,1.048781208723426e-05,0.08375010520734474,NONE
0.0005699971225112677,0.01709991367533803,-7.468157556531,-3.676883862294541,-9.550813073078332,-7.503637597261565,-3.522140556662843,-9.61695124203758,-8.612843247790844,-3.5008583479381326,-9.887251442043738,-6.429811505731943,-3.836556861675433,-9.245629340618096,-0.0017039947411141116,-0.004959856453808564,0.008514470255207827,0.9491442356777826,-0.14595587553795678,0.278966131054626,0.9901291831965912,0.07930162550662628,0.11556579413675062,-0.11519690449062567,-0.009226373623232928,0.9932998274567162,0.0798365441275403,-0.996807968578588,0.0,16.169963448286065,-5.167517031692434,1.1354914446926045e-05,0.08973289880302973,NONE
0.0005799970822408795,0.017399912467226386,-7.468156273284907,-3.6768816400533764,-9.550817555264674,-7.503637597261565,-3.522140556662843,-9.61695124203758,-8.611474094732868,-3.498730714332908,-9.890770046674861,-6.431051019176174,-3.8384826031653136,-9.242446157237877,-0.001699332934170346,-0.004953216194760369,0.008519266100778211,0.9480100328507366,-0.14771821253582862,0.2818799519291241,0.9901291831965912,0.07930162550662628,0.11556579413675062,-0.11519690449062567,-0.009226373623232928,0.9932998274567162,0.0798365441275403,-0.996807968578588,0.0,16.35940330743231,-5.4532415468738735,1.228373376349623e-05,0.09609761361501618,NONE
0.0005899970419704914,0.017699911259114742,-7.468154908160645,-3.676879321180219,-9.550822237219707,-7.503637597261565,-3.522140556662843,-9.61695124203758,-8.610026901438994,-3.496510893002844,-9.894445098326065,-6.432361166881602,-3.840491783987092,-9.239121441517995,-0.0016946827351696926,-0.004946563732501779,0.008524056300632327,0.9468111889379962,-0.14955690912358616,0.284923329046987,0.9901291831965912,0.07930162550662628,0.11556579413675062,-0.11519690449062567,-0.009226373623232928,0.9932998274567162,0.0798365441275403,-0.996807968578588,0.0,16.55781172727115,-5.745510537661248,1.3278199695321291e-05,0.1028654835804339,NONE
0.0005999970017001033,0.0179999100510031,-7.468153456663489,-3.676876903863355,-9.550827122887002,-7.503637597261565,-3.522140556662843,-9.61695124203758,-8.608498119222022,-3.4941972118012856,-9.898279666803349,-6.43374515929564,-3.842585917492301,-9.235652416353759,-0.0016900441606294957,-0.004939899090662035,0.008528840837755548,0.945544765185383,-0.15147335030044146,0.28809880454329995,0.9901291831965912,0.07930162550662628,0.11556579413675062,-0.11519690449062567,-0.009226373623232928,0.9932998274567162,0.0798365441275403,-0.996807968578588,0.0,16.765422714367446,-6.043965198652614,1.4342450523230355e-05,0.11005843825077115,NONE
0.0006099969614297152,0.018299908842891455,-7.468151914076802,-3.6768743863529165,-9.55083221611554,-7.503637597261565,-3.522140556662843,-9.61695124203758,-8.606884066080124,-3.4917880724055577,-9.902276709563406,-6.435206327372375,-3.8447664501845846,-9.232036406372313,-0.0016854172270258348,-0.004933222292913482,0.00853361969515337,0.9442077124816297,-0.15346885990392475,0.29140882747438823,0.9901291831965912,0.07930162550662628,0.11556579413675062,-0.11519690449062567,-0.009226373623232928,0.9932998274567162,0.0798365441275403,-0.996807968578588,0.0,16.982468137469553,-6.348228024990232,1.5480850288795978e-05,0.11769914204270189,NONE
0.000619996921159327,0.01859990763477981,-7.468150275467482,-3.6768717669681577,-9.550837520579678,-7.503637597261565,-3.522140556662843,-9.61695124203758,-8.605180912713148,-3.489281929086094,-9.906439084524019,-6.436748135267611,-3.8470347809921184,-9.228270826159667,-0.0016808019507935249,-0.004926533362971697,0.008538392855851543,0.9427968597589295,-0.15554471822001067,0.2948557645062397,0.9901291831965912,0.07930162550662628,0.11556579413675062,-0.11519690449062567,-0.009226373623232928,0.9932998274567162,0.0798365441275403,-0.996807968578588,0.0,17.209179011273402,-6.657905467919405,1.6697992055725308e-05,0.12581091622747884,NONE
0.000629996822681278,0.01889990468043834,-7.46814853567142,-3.6768690440865397,-9.550843039844638,-7.503637597261565,-3.522140556662843,-9.61695124203758,-8.603384687560052,-3.486677329792914,-9.910769533521766,-6.438374175741646,-3.8493922239772016,-9.224353195391117,-0.0016761983750792197,-0.004919832363645519,0.008543160275166817,0.9413089181819153,-0.15770212790621188,0.2984418861437601,0.9901291831965912,0.07930162550662628,0.11556579413675062,-0.11519690449062567,-0.009226373623232928,0.9932998274567162,0.0798365441275403,-0.996807968578588,0.0,17.445783450585562,-6.972592641271635,1.7998705608590626e-05,0.13441777887693576,NONE
0.0006399967824108899,0.019199903472326696,-7.468146689291674,-3.6768662161764736,-9.550848777293739,-7.503637597261565,-3.522140556662843,-9.61695124203758,-8.601491265085826,-3.483972874741095,-9.915270676936768,-6.4400881807807515,-3.8518400459658713,-9.220281143568393,-0.0016716064626593318,-0.0049131192407072715,0.008547921991657345,0.9397404714369892,-0.15994224835859838,0.3021693623340754,0.9901291831965912,0.07930162550662628,0.11556579413675062,-0.11519690449062567,-0.009226373623232928,0.9932998274567162,0.0798365441275403,-0.996807968578588,0.0,17.692508198345838,-7.291871728597655,1.938806508228197e-05,0.1435443222005396,NONE
0.0006499967421405017,0.019499902264215052,-7.468144730694834,-3.676863281771854,-9.550854736142954,-7.503637597261565,-3.522140556662843,-9.61695124203758,-8.599496378489143,-3.4811672668005604,-9.919944980323185,-6.441894010063121,-3.8543794207906905,-9.216052440316924,-0.0016670262566662692,-0.004906394056980634,0.008552677960646937,0.9380879862721838,-0.1622661539087521,0.30604023478533127,0.9901291831965912,0.07930162550662628,0.11556579413675062,-0.11519690449062567,-0.009226373623232928,0.9932998274567162,0.0798365441275403,-0.996807968578588,0.0,17.949575689070766,-7.615315687505509,2.087139288597939e-05,0.1532157024216672,NONE
0.0006599967018701136,0.01979990105610341,-7.468142654003745,-3.6768602395011625,-9.550860919433633,-7.503637597261565,-3.522140556662843,-9.61695124203758,-8.597395596367491,-3.4782592878714254,-9.924794795628541,-6.443795672112065,-3.8570114507762066,-9.211664957981865,-0.001662457773368868,-0.004899656836352945,0.008557428165242471,0.9363477931545331,-0.16467485343686153,0.31005645115072866,0.9901291831965912,0.07930162550662628,0.11556579413675062,-0.11519690449062567,-0.009226373623232928,0.9932998274567162,0.0798365441275403,-0.996807968578588,0.0,18.217206370674575,-7.942494372786362,2.245426545144369e-05,0.1634576191128316,NONE
0.0006699966615997255,0.020099899847991765,-7.468140453095688,-3.676857088083831,-9.550867330017953,-7.503637597261565,-3.522140556662843,-9.61695124203758,-8.595184338603564,-3.475247806111564,-9.929822297202053,-6.445797309881996,-3.8597371601758796,-9.207116729647275,-0.0016579010289943775,-0.004892907602754403,0.008562172588571408,0.9345160994441601,-0.16716928437578923,0.3142198119803382,0.9901291831965912,0.07930162550662628,0.11556579413675062,-0.11519690449062567,-0.009226373623232928,0.9932998274567162,0.0798365441275403,-0.996807968578588,0.0,18.495616492054623,-8.272970316177409,2.414251699711656e-05,0.17429624358682158,NONE
0.0006799966213293374,0.02039989863988012,-7.468138121595106,-3.676853826333878,-9.550873970522533,-7.503637597261565,-3.522140556662843,-9.61695124203758,-8.592857864838326,-3.4721317957538393,-9.935029510565437,-6.447903211200629,-3.862557477202781,-9.2024059229687,-0.00165335603972827,-0.004886146380157886,0.008566911213781662,0.9325889798424771,-0.16975029628214866,0.3185319946072775,0.9901291831965912,0.07930162550662628,0.11556579413675062,-0.11519690449062567,-0.009226373623232928,0.9932998274567162,0.0798365441275403,-0.996807968578588,0.0,18.78501837568151,-8.606307293883686,2.594225065166711e-05,0.18575813668667385,NONE
0.0006899965228512883,0.02069989568553865,-7.46813565287724,-3.6768504531708244,-9.550880843392095,-7.503637597261565,-3.522140556662843,-9.61695124203758,-8.590411272500306,-3.4689103310182148,-9.940418298318301,-6.450117810563572,-3.865473239572741,-9.197530853041666,-0.0016488228480533477,-0.004879373232052525,0.008571643996516781,0.9305623747551017,-0.1724186558932721,0.322994541424624,0.9901291831965912,0.07930162550662628,0.11556579413675062,-0.11519690449062567,-0.009226373623232928,0.9932998274567162,0.0798365441275403,-0.996807968578588,0.0,19.085620345430563,-8.942070946795146,2.7859828941600995e-05,0.19787024581672097,NONE
0.0006999964825809002,0.020999894477427006,-7.4681330400590324,-3.6768469676306053,-9.550887950794875,-7.503637597261565,-3.522140556662843,-9.61695124203758,-8.587839509352179,-3.465582593972956,-9.945990313022289,-6.452445677735942,-3.8684851873942527,-9.192490024960152,-0.0016443014173239702,-0.004872588103618715,0.008576370975050339,0.9284321007027118,-0.17517504061795505,0.32760882089658083,0.9901291831965912,0.07930162550662628,0.11556579413675062,-0.11519690449062567,-0.009226373623232928,0.9932998274567162,0.0798365441275403,-0.996807968578588,0.0,19.3976250226657,-9.279826959093338,2.990189285689837e-05,0.21065972002334407,NONE
0.0007099964423105121,0.021299893269315362,-7.46813027600277,-3.676843368847382,-9.550895294695382,-7.503637597261565,-3.522140556662843,-9.61695124203758,-8.58513735181493,-3.4621478815611058,-9.951747050231067,-6.454891537421496,-3.8715939567600586,-9.18728208585178,-0.0016397917900087009,-0.004865791058360375,0.008581092105032977,0.926193832344972,-0.1780200326951969,0.3323760714692542,0.9901291831965912,0.07930162550662628,0.11556579413675062,-0.11519690449062567,-0.009226373623232928,0.9932998274567162,0.0798365441275403,-0.996807968578588,0.0,19.72123097556998,-9.619150672071976,3.207535129234884e-05,0.22415397394441214,NONE
0.0007199964020401239,0.021599892061203718,-7.468127353312442,-3.6768396560935583,-9.550902876767084,-7.503637597261565,-3.522140556662843,-9.61695124203758,-8.582299428911718,-3.458605604561872,-9.957689767286475,-6.457460247536172,-3.8748000807655965,-9.181905898371419,-0.0016352939821256943,-0.004858982120420092,0.008585807369695404,0.9238431223371937,-0.1809541200885757,0.3372973343108935,0.9901291831965912,0.07930162550662628,0.11556579413675062,-0.11519690449062567,-0.009226373623232928,0.9932998274567162,0.0798365441275403,-0.996807968578588,0.0,20.05663024062474,-9.959620402746415,3.438739155470216e-05,0.2383804751396789,NONE
0.0007299963617697358,0.021899890853092074,-7.468124264341017,-3.6768358287652303,-9.55091069842152,-7.503637597261565,-3.522140556662843,-9.61695124203758,-8.579320200634225,-3.45495530772393,-9.963819544463197,-6.4601568188458875,-3.8781039712182954,-9.176360485292275,-0.0016308080096510504,-0.00485216131398271,0.008590516752289041,0.9213753833862335,-0.1839776797801589,0.3423735039873573,0.9901291831965912,0.07930162550662628,0.11556579413675062,-0.11519690449062567,-0.009226373623232928,0.9932998274567162,0.0798365441275403,-0.996807968578588,0.0,20.40400981160161,-10.300828645134997,3.684546996041149e-05,0.2533667726213735,NONE
0.0007399963214993477,0.02219988964498043,-7.4681210011758905,-3.6768318863894605,-9.550918760808289,-7.503637597261565,-3.522140556662843,-9.61695124203758,-8.576193979954901,-3.451196664948288,-9.970137212378074,-6.4629863949714395,-3.8815059230210838,-9.170645095353017,-0.001626333888519015,-0.004845328663275254,0.008595220236086307,0.9187859065145485,-0.18709098177078085,0.3476052682717638,0.9901291831965912,0.07930162550662628,0.11556579413675062,-0.11519690449062567,-0.009226373623232928,0.9932998274567162,0.0798365441275403,-0.996807968578588,0.0,20.76354958760197,-10.642375960749112,3.9457325659242315e-05,0.269140258425635,NONE
0.0007499962230212986,0.02249988669063896,-7.468117555660714,-3.6768278286533826,-9.550927064742298,-7.503637597261565,-3.522140556662843,-9.61695124203758,-8.572914916969143,-3.447329478742933,-9.976643387457178,-6.4659542668148,-3.885006114722586,-9.16475917094677,-0.0016218716605431508,-0.0048384842324590074,0.008599917777063058,0.9160698478931929,-0.19029418955637062,0.35299313761322154,0.9901291831965912,0.07930162550662628,0.11556579413675062,-0.11519690449062567,-0.009226373623232928,0.9932998274567162,0.0798365441275403,-0.996807968578588,0.0,21.135423838351542,-10.983877021999366,4.223096512490088e-05,0.28572820184740655,NONE
0.0007599961827509105,0.022799885482527316,-7.468113919388119,-3.676823655375098,-9.550935610747418,-7.503637597261565,-3.522140556662843,-9.61695124203758,-8.569477021834922,-3.4433536994545153,-9.98333841582939,-6.469065851736648,-3.888604591016528,-9.158702399098596,-0.001617421289660475,-0.004831627966129721,0.008604609413203547,0.9132222478688151,-0.19358734415739692,0.3585373985786058,0.9901291831965912,0.07930162550662628,0.11556579413675062,-0.11519690449062567,-0.009226373623232928,0.9932998274567162,0.0798365441275403,-0.996807968578588,0.0,21.519798783548282,-11.324958399100042,4.5174666622571635e-05,0.30315756530142307,NONE
0.0007699961424805224,0.023099884274415672,-7.468110083706992,-3.6768193665400544,-9.550944399012822,-7.503637597261565,-3.522140556662843,-9.61695124203758,-8.56587414580387,-3.4392694220352324,-9.990222417386018,-6.472326710777002,-3.8923012657438814,-9.15247467141569,-0.001612982817670151,-0.004824759928463182,0.008609295100490758,0.910238015229073,-0.19697036682984737,0.3642381504218817,0.9901291831965912,0.07930162550662628,0.11556579413675062,-0.11519690449062567,-0.009226373623232928,0.9932998274567162,0.0798365441275403,-0.996807968578588,0.0,21.91683452385249,-11.665264646713768,4.829697516406384e-05,0.32145487251309823,NONE
0.0007799961022101343,0.023399883066304028,-7.468106039722474,-3.676814962293771,-9.550953429363888,-7.503637597261565,-3.522140556662843,-9.61695124203758,-8.562100009748258,-3.43507692202073,-9.997295230032094,-6.475742522778331,-3.896095889243383,-9.146076134601612,-0.0016085562603376116,-0.004817880143854152,0.008613974822281345,0.9071119508564903,-0.20044302922724028,0.3700952588828178,0.9901291831965912,0.07930162550662628,0.11556579413675062,-0.11519690449062567,-0.009226373623232928,0.9932998274567162,0.0798365441275403,-0.996807968578588,0.0,22.326682026341718,-12.004457208275157,5.1606706449547346e-05,0.3406461139223313,NONE
0.0007899960619397461,0.023699881858192384,-7.468101778310515,-3.6768104429563904,-9.550962701291299,-7.503637597261565,-3.522140556662843,-9.61695124203758,-8.55814818368103,-3.4307765925911666,-10.004556427223266,-6.479319102990732,-3.8999881054712833,-9.139507174604041,-0.0016041416333859781,-0.004810988636739106,0.008618648561953015,0.9038387307349128,-0.20400500560005064,0.3761083707040106,0.9901291831965912,0.07930162550662628,0.11556579413675062,-0.11519690449062567,-0.009226373623232928,0.9932998274567162,0.0798365441275403,-0.996807968578588,0.0,22.74948638880029,-12.342212371251723,5.51129279369178e-05,0.36075660285113437,NONE
0.000799996021669358,0.02399988065008074,-7.468097290128784,-3.676805809022677,-9.55097221392194,-7.503637597261565,-3.522140556662843,-9.61695124203758,-8.554012126884578,-3.426369023394759,-10.012005264049106,-6.483062366691862,-3.903977380500397,-9.132768465467187,-0.0015997389524961307,-0.004804085431596053,0.008623316302904669,0.9004129392142245,-0.20765580743723422,0.38227686894866103,0.9901291831965912,0.07930162550662628,0.11556579413675062,-0.11519690449062567,-0.009226373623232928,0.9932998274567162,0.0798365441275403,-0.996807968578588,0.0,23.185382248758575,-12.678223925715798,5.88249514095196e-05,0.3818109007557022,NONE
0.000809995923191309,0.02429987769573927,-7.468092565616675,-3.6768010611911235,-9.55098196596069,-7.503637597261565,-3.522140556662843,-9.61695124203758,-8.54968516087052,-3.4218549799079483,-10.019640736413102,-6.486978353715168,-3.90806302129803,-9.125860915538526,-0.0015953482588068474,-0.004797170593250191,0.008627978001450369,0.8968290465892842,-0.21139480060438337,0.38859992211938105,0.9901291831965912,0.07930162550662628,0.11556579413675062,-0.11519690449062567,-0.009226373623232928,0.9932998274567162,0.0798365441275403,-0.996807968578588,0.0,23.63449702656832,-13.012208024944227,6.275233738328723e-05,0.4038325679948178,NONE
0.0008199958829209208,0.024599876487627625,-7.468087595024403,-3.6767962003348442,-9.550991955734078,-7.503637597261565,-3.522140556662843,-9.61695124203758,-8.545160496782948,-3.4172353806741476,-10.02746150857671,-6.491073203647866,-3.912244196317237,-9.118785733276955,-0.0015909695168426856,-0.004790244065719891,0.008632633695279675,0.8930814317978623,-0.21522122419264755,0.3950764240433721,0.9901291831965912,0.07930162550662628,0.11556579413675062,-0.11519690449062567,-0.009226373623232928,0.9932998274567162,0.0798365441275403,-0.996807968578588,0.0,24.096949445232568,-13.343895444764852,6.690486355864778e-05,0.426844054236912,NONE
0.0008299958426505327,0.02489987527951598,-7.468082368398458,-3.676791227530681,-9.551002181190286,-7.503637597261565,-3.522140556662843,-9.61695124203758,-8.540431252304721,-3.412511342732432,-10.035465908694814,-6.495353140467464,-3.9165198943439012,-9.111544431302569,-0.0015866027677278948,-0.004783305913844607,0.008637283340714105,0.8891643964509816,-0.21913415287455174,0.4017049901705413,0.9901291831965912,0.07930162550662628,0.11556579413675062,-0.11519690449062567,-0.009226373623232928,0.9932998274567162,0.0798365441275403,-0.996807968578588,0.0,24.57284796439611,-13.673035712969815,7.12925369228401e-05,0.4508665308646586,NONE
0.0008399958023801446,0.025199874071404338,-7.468076875610708,-3.6767861440810305,-9.551012639739072,-7.503637597261565,-3.522140556662843,-9.61695124203758,-8.53549044582997,-3.4076841867172285,-10.043651956325055,-6.499824477883394,-3.9208889199124193,-9.104138801137657,-0.0015822480269732386,-0.004776356162268098,0.008641926921238014,0.8850721599767725,-0.2231324926935611,0.40848398051626056,0.9901291831965912,0.07930162550662628,0.11556579413675062,-0.11519690449062567,-0.009226373623232928,0.9932998274567162,0.0798365441275403,-0.996807968578588,0.0,25.062291953769133,-13.999400395644484,7.59255816955573e-05,0.47591987308182876,NONE
0.0008499957621097565,0.025499872863292694,-7.468071106387501,-3.676780951492016,-9.55102332844095,-7.503637597261565,-3.522140556662843,-9.61695124203758,-8.530331006428419,-3.402755413748908,-10.05201733940438,-6.504493610353869,-3.925349914226656,-9.096570934452066,-0.0015779053100467865,-0.004769394835675234,0.008646564420357576,0.8807988678585001,-0.22721500020771643,0.41541148041404924,0.9901291831965912,0.07930162550662628,0.11556579413675062,-0.11519690449062567,-0.009226373623232928,0.9932998274567162,0.0798365441275403,-0.996807968578588,0.0,25.565372015016674,-14.322779508747661,8.081439038676308e-05,0.5020222845406115,NONE
0.0008599957218393683,0.02579987165518105,-7.46806505031694,-3.6767756514953147,-9.551034243861666,-7.503637597261565,-3.522140556662843,-9.61695124203758,-8.524945800558067,-3.3977267172937506,-10.060559377375501,-6.509366988868642,-3.929901344443377,-9.088843256233732,-0.0015735746323740894,-0.004762421958791985,0.008651195821600411,0.8763386137780106,-0.23138027267375066,0.42248527006163866,0.9901291831965912,0.07930162550662628,0.11556579413675062,-0.11519690449062567,-0.009226373623232928,0.9932998274567162,0.0798365441275403,-0.996807968578588,0.0,26.082168441396863,-14.642979630032963,8.596953167305799e-05,0.5291902932249846,NONE
0.0008699956233613193,0.02609986870083958,-7.468058696848888,-3.676770246040884,-9.551045382130413,-7.503637597261565,-3.522140556662843,-9.61695124203758,-8.51932764439703,-3.3926000188946523,-10.069275033459093,-6.514451109762779,-3.934541471247001,-9.08095851376756,-0.0015692560344138587,-0.004755437597099012,0.008655821081624302,0.8716854498409792,-0.23562671841406463,0.42970283464849185,0.9901291831965912,0.07930162550662628,0.11556579413675062,-0.11519690449062567,-0.009226373623232928,0.9932998274567162,0.0798365441275403,-0.996807968578588,0.0,26.612750652703202,-14.959827737753011,9.14017442568138e-05,0.5574383477901164,NONE
0.0008799955830909312,0.026399867492727935,-7.46805203535317,-3.6767647373406147,-9.551056738881615,-7.503637597261565,-3.522140556662843,-9.61695124203758,-8.513469316017582,-3.3873774397086454,-10.078160894479971,-6.519752503784577,-3.9392683747512063,-9.072919794824116,-0.0015649494812828154,-0.004748441694044743,0.008660440237819382,0.8668333966230456,-0.2399525804532875,0.43706134767645893,0.9901291831965912,0.07930162550662628,0.11556579413675062,-0.11519690449062567,-0.009226373623232928,0.9932998274567162,0.0798365441275403,-0.996807968578588,0.0,27.15717773831785,-15.273167398740844,9.712188248478526e-05,0.5867790579505856,NONE
0.000889995542820543,0.02669986628461629,-7.4680450551050255,-3.6767591278392286,-9.551068309196724,-7.503637597261565,-3.522140556662843,-9.61695124203758,-8.507363560909393,-3.3820613013538634,-10.087213181548352,-6.525277731057669,-3.9440799536751507,-9.06473051785964,-0.0015606550134250215,-0.004741434315123739,0.008665053246850992,0.8617764477616199,-0.244355935791864,0.44455767986465705,0.9901291831965912,0.07930162550662628,0.11556579413675062,-0.11519690449062567,-0.009226373623232928,0.9932998274567162,0.0798365441275403,-0.996807968578588,0.0,27.715499107999396,-15.582859587066737,0.00010314093980312578,0.6172225858050634,NONE
0.0008999955025501549,0.026999865076504648,-7.468037745343312,-3.6767534201997263,-9.55108008774974,-7.503637597261565,-3.522140556662843,-9.61695124203758,-8.501003122798222,-3.3766541610277376,-10.09642773211563,-6.531033353236355,-3.9489738934599465,-9.056394448570776,-0.0015563726460945124,-0.0047344154852257325,0.00866966009233371,0.8565085954616813,-0.2488346662748733,0.4521883841499366,0.9901291831965912,0.07930162550662628,0.11556579413675062,-0.11519690449062567,-0.009226373623232928,0.9932998274567162,0.0798365441275403,-0.996807968578588,0.0,28.287752728250705,-15.888783506193587,0.00010946997545424608,0.6487767729277547,NONE
0.0009099954622797668,0.027299863868393004,-7.468030095270509,-3.6767476173906983,-9.551092068632586,-7.503637597261565,-3.522140556662843,-9.61695124203758,-8.494380768106126,-3.37115881697359,-10.105799983684351,-6.53702591131771,-3.9539476614764215,-9.047915714338286,-0.0015521023945024631,-0.004727385229280837,0.008674260757904092,0.8510238507775719,-0.253386454131666,0.459949682324376,0.9901291831965912,0.07930162550662628,0.11556579413675062,-0.11519690449062567,-0.009226373623232928,0.9932998274567162,0.0798365441275403,-0.996807968578588,0.0,28.87396447348158,-16.190835336369016,0.00011612012773909441,0.6814467418291923,NONE
0.0009199954220093787,0.02759986266028136,-7.466932226724597,-3.673717174132231,-9.554484448654565,-7.503637597261565,-3.522140556662843,-9.61695124203758,-8.492482099278487,-3.369433314589811,-10.111386487902253,-6.536654449868836,-3.949733504457833,-9.049317801119775,-0.0015478442738169423,-0.004720343572259943,0.008678855227220521,0.8503598475694139,-0.2523044303774009,0.4617689942532509,0.9901291831965912,0.07930162550662628,0.11556579413675062,-0.11519690449062567,-0.009226373623232928,0.9932998274567162,0.0798365441275403,-0.996807968578588,0.0,28.916815782939885,-16.43848591482872,0.0010514277995081756,109.69322078214287,NONE
0.0009299953235313296,0.02789985970593989,-7.4656440446224535,-3.670158452971715,-9.558470733256998,-7.503637597261565,-3.522140556662843,-9.61695124203758,-8.49129064339733,-3.3682625489776408,-10.116493140660765,-6.535278527271345,-3.944008665355911,-9.052287798142842,-0.0015435983238114876,-0.004713290580290587,0.008683443457290252,0.8504400504895584,-0.25032439842533494,0.46269797500779264,0.9901291831965912,0.07930162550662628,0.11556579413675062,-0.11519690449062567,-0.009226373623232928,0.9932998274567162,0.0798365441275403,-0.996807968578588,0.0,28.87605306583242,-16.683892546800408,0.0021484287191313456,109.70804930698611,NONE
0.0009399952832609415,0.028199858497828245,-7.46435569255394,-3.666599637049127,-9.56245725627801,-7.503637597261565,-3.522140556662843,-9.61695124203758,-8.48993933507802,-3.3669727079622884,-10.121816698090333,-6.534047282909238,-3.9383916590040378,-9.055061495312614,-0.0015393645101993822,-0.004706226196258526,0.00868802548519908,0.8503878487690361,-0.248443022192065,0.46380660990335626,0.9901291831965912,0.07930162550662628,0.11556579413675062,-0.11519690449062567,-0.009226373623232928,0.9932998274567162,0.0798365441275403,-0.996807968578588,0.0,28.849271767621126,-16.93715960851644,0.003245577889170903,109.72293252434145,NONE
0.0009499952429905534,0.0284998572897166,-7.463067169354903,-3.66304072752862,-9.566444018183264,-7.503637597261565,-3.522140556662843,-9.61695124203758,-8.488427590142136,-3.3655631829040367,-10.1273577437407,-6.532961244471458,-3.9328830397203425,-9.057638364178334,-0.001535142872739505,-0.004699150486305303,0.008692601267961638,0.8502027589872512,-0.24666080731143736,0.46509538241842013,0.9901291831965912,0.07930162550662628,0.11556579413675062,-0.11519690449062567,-0.009226373623232928,0.9932998274567162,0.0798365441275403,-0.996807968578588,0.0,28.836562466405258,-17.19797483587689,0.004342876316155042,109.73788906916931,NONE
0.0009599952027201653,0.028799856081604958,-7.461778474094021,-3.659481722081888,-9.570431019438418,-7.503637597261565,-3.522140556662843,-9.61695124203758,-8.486754738068969,-3.3640335119421914,-10.133116635928454,-6.532021018412182,-3.927483222019014,-9.060018080598569,-0.0015309334264271303,-0.004692063475563147,0.008697170789324771,0.8498842259377333,-0.24497813481600994,0.4665645892738634,0.9901291831965912,0.07930162550662628,0.11556579413675062,-0.11519690449062567,-0.009226373623232928,0.9932998274567162,0.0798365441275403,-0.996807968578588,0.0,28.838006983707565,-17.466000646358115,0.005440325053038819,109.75292004816436,NONE
0.0009699951624497771,0.029099854873493314,-7.460489606538462,-3.655922620708931,-9.574418259112152,-7.503637597261565,-3.522140556662843,-9.61695124203758,-8.484919971963937,-3.3623833369699887,-10.139093568372104,-6.531227336222625,-3.9221925307392165,-9.062200467074852,-0.0015267361862144103,-0.004684965189204424,0.00870173403305769,0.8494315807570921,-0.24339530163879475,0.46821439186837016,0.9901291831965912,0.07930162550662628,0.11556579413675062,-0.11519690449062567,-0.009226373623232928,0.9932998274567162,0.0798365441275403,-0.996807968578588,0.0,28.85368258755425,-17.74087694479056,0.006537924437981957,109.76805920445938,NONE
0.000979995122179389,0.02939985366538167,-7.4592005657569045,-3.652363422478426,-9.578405740929755,-7.503637597261565,-3.522140556662843,-9.61695124203758,-8.48292249923985,-3.3606124542744857,-10.14528832581799,-6.5305809150836485,-3.9170111488931307,-9.064185725968597,-0.0015225511670103641,-0.004677855652441463,0.008706290982951516,0.8488441670244358,-0.24191247592115,0.47004460863017133,0.9901291831965912,0.07930162550662628,0.11556579413675062,-0.11519690449062567,-0.009226373623232928,0.9932998274567162,0.0798365441275403,-0.996807968578588,0.0,28.8836492640809,-18.02220939146928,0.007635675036453904,109.78330764474903,NONE
0.0009899950819090009,0.029699852457270026,-7.45791134895538,-3.6488041292530182,-9.582393459303292,-7.503637597261565,-3.522140556662843,-9.61695124203758,-8.48076136053695,-3.3587207944421356,-10.151700584029605,-6.5300826199035,-3.9119391429981376,-9.065974140738449,-0.0015183783836803144,-0.004670734890526822,0.00871084162282013,0.8481211915797614,-0.24052971676347917,0.47205497534398083,0.9901291831965912,0.07930162550662628,0.11556579413675062,-0.11519690449062567,-0.009226373623232928,0.9932998274567162,0.0798365441275403,-0.996807968578588,0.0,28.927963622983082,-18.30959222723633,0.008733580112908257,109.79870153225967,NONE
0.0009999950416386127,0.029999851249158382,-7.45662195613389,-3.645244741032708,-9.586381416095408,-7.503637597261565,-3.522140556662843,-9.61695124203758,-8.478435567231005,-3.356708386152569,-10.158329670468758,-6.52973334746466,-3.906976487038903,-9.067566324997033,-0.0015142178510461747,-0.004663602928752533,0.008715385936499497,0.8472618346810191,-0.23924700038536278,0.4742449328137934,0.9901291831965912,0.07930162550662628,0.11556579413675062,-0.11519690449062567,-0.009226373623232928,0.9932998274567162,0.0798365441275403,-0.996807968578588,0.0,28.98666893714191,-18.60259059794746,0.00983163945208787,109.81424308038055,NONE
0.0010099950013682246,0.03029985004104674,-7.45533238636111,-3.64168525595485,-9.590369611306103,-7.503637597261565,-3.522140556662843,-9.61695124203758,-8.475944061260092,-3.354575421153429,-10.16517465774512,-6.529534055760498,-3.902123003528609,-9.06896311998146,-0.0015100697078687883,-0.004656459679895556,0.008719923843651053,0.8462652197824324,-0.23806416625007826,0.47661371207115594,0.9901291831965912,0.07930162550662628,0.11556579413675062,-0.11519690449062567,-0.009226373623232928,0.9932998274567162,0.0798365441275403,-0.996807968578588,0.0,29.05979694631536,-18.900755174592437,0.01092985412382852,109.82994739728399,NONE
0.0010199948446825147,0.03059984534047544,-7.454042636843073,-3.6381256740194443,-9.594358041210088,-7.503637597261565,-3.522140556662843,-9.61695124203758,-8.473285609323268,-3.3523221639339473,-10.172234504015169,-6.529485858191717,-3.8973784525486894,-9.07016546364499,-0.0015059338933980904,-0.004649305365644797,0.008724455339244545,0.845130326578935,-0.23698099504988782,0.4791604523348603,0.9901291831965912,0.07930162550662628,0.11556579413675062,-0.11519690449062567,-0.009226373623232928,0.9932998274567162,0.0798365441275403,-0.996807968578588,0.0,29.14737712800275,-19.20362795102783,0.012028227325039609,109.84584822610285,NONE
0.0010299948044121265,0.030899844132363796,-7.452752705717134,-3.634565998951781,-9.59834670208207,-7.503637597261565,-3.522140556662843,-9.61695124203758,-8.470458894392232,-3.3499489642123543,-10.179507907480456,-6.5295899458843385,-3.892742523973737,-9.07117452974638,-0.001501810325835181,-0.004642139845010176,0.008728980512793192,0.8438560645686495,-0.23599719989625334,0.4818840772756861,0.9901291831965912,0.07930162550662628,0.11556579413675062,-0.11519690449062567,-0.009226373623232928,0.9932998274567162,0.0798365441275403,-0.996807968578588,0.0,29.249429714528905,-19.510735477933608,0.013126761035074708,109.86196420179762,NONE
0.0010399947641417384,0.031199842924252152,-7.451462591120648,-3.6310062307518605,-9.602335597647341,-7.503637597261565,-3.522140556662843,-9.61695124203758,-8.467462407379326,-3.347456213091591,-10.186993489442841,-6.529847684181719,-3.8882148630337063,-9.07199157600922,-0.0014976990681175766,-0.0046349632266023755,0.008733499295395302,0.8424411839989596,-0.23511245649657214,0.48478344062331447,0.9901291831965912,0.07930162550662628,0.11556579413675062,-0.11519690449062567,-0.009226373623232928,0.9932998274567162,0.0798365441275403,-0.996807968578588,0.0,29.365974428136955,-19.821600933433672,0.014225456667674052,109.87831043254064,NONE
0.0010499947238713503,0.03149984171614051,-7.450172290259647,-3.627446365694392,-9.606324724180611,-7.503637597261565,-3.522140556662843,-9.61695124203758,-8.464294483030033,-3.3448443571132085,-10.19468972353733,-6.530260578310261,-3.8837950575656026,-9.072617979896902,-0.001493600134847746,-0.004627775535912787,0.00873801167100086,0.8408843063999004,-0.23432639150104095,0.4878572798436644,0.9901291831965912,0.07930162550662628,0.11556579413675062,-0.11519690449062567,-0.009226373623232928,0.9932998274567162,0.0798365441275403,-0.996807968578588,0.0,29.497027497161813,-20.13574391506968,0.015324317715167624,109.89492982275546,NONE
0.0010599946836009622,0.031799840508028865,-7.448881803134131,-3.623886407504666,-9.61031407795659,-7.503637597261565,-3.522140556662843,-9.61695124203758,-8.460953314550355,-3.342113928902667,-10.202594936733682,-6.530830267215421,-3.8794826315286044,-9.073055251913079,-0.0014895135405845442,-0.004620576798472274,0.008742517623582144,0.8391839336238843,-0.2336385663591033,0.49110421079156613,0.9901291831965912,0.07930162550662628,0.11556579413675062,-0.11519690449062567,-0.009226373623232928,0.9932998274567162,0.0798365441275403,-0.996807968578588,0.0,29.642600646377407,-20.452684036749798,0.01642334431264736,109.91182942601833,NONE
0.001069994643330574,0.03209983929991722,-7.447591122293519,-3.620326356182683,-9.614303658975276,-7.503637597261565,-3.522140556662843,-9.61695124203758,-8.457436932460332,-3.3392654843124676,-10.210707310526516,-6.531558523206319,-3.875277080708102,-9.073305041626618,-0.0014854392998429453,-0.0046133670398507045,0.00874701713713447,0.8373384388060927,-0.2330485201720151,0.4945227256086509,0.9901291831965912,0.07930162550662628,0.11556579413675062,-0.11519690449062567,-0.009226373623232928,0.9932998274567162,0.0798365441275403,-0.996807968578588,0.0,29.80270271518427,-20.771939629115213,0.017522543837152682,109.92903593188583,NONE
0.001079994603060186,0.03239983809180558,-7.4463002496004576,-3.616766211728442,-9.61829345978609,-7.503637597261565,-3.522140556662843,-9.61695124203758,-8.453743240250699,-3.3362996791069834,-10.219024875861994,-6.532447251581799,-3.871177810259282,-9.073369120960102,-0.0014813774270940332,-0.004606146285657219,0.008751510195676016,0.835346082029956,-0.23255570919665164,0.4981111977834316,0.9901291831965912,0.07930162550662628,0.11556579413675062,-0.11519690449062567,-0.009226373623232928,0.9932998274567162,0.0798365441275403,-0.996807968578588,0.0,29.97733742996184,-21.093035904573632,0.01862191530545587,109.94658903037252,NONE
0.0010899945627897978,0.032699836883693933,-7.445009177604365,-3.613205977867234,-9.622283484114321,-7.503637597261565,-3.522140556662843,-9.61695124203758,-8.449870000270785,-3.333217187560208,-10.227545488509225,-6.533498467909018,-3.8671842156517324,-9.073249442052983,-0.0014773279367650016,-0.004598914561539872,0.008755996783247719,0.833205014070334,-0.23215957743109766,0.5018678462853232,0.9901291831965912,0.07930162550662628,0.11556579413675062,-0.11519690449062567,-0.009226373623232928,0.9932998274567162,0.0798365441275403,-0.996807968578588,0.0,30.166504357625122,-21.415498490547954,0.01972146536865438,109.9644838812913,NONE
0.0010999945225194097,0.03299983567558229,-7.443717906305241,-3.6096456508737687,-9.62627372450939,-7.503637597261565,-3.522140556662843,-9.61695124203758,-8.445814835609196,-3.3300187685605294,-10.236266872470027,-6.53471432828775,-3.86329560139219,-9.072948055257504,-0.0014732908432391533,-0.004591671893185883,0.008760476883913824,0.8309132640528024,-0.23185949253550459,0.505790790092402,0.9901291831965912,0.07930162550662628,0.11556579413675062,-0.11519690449062567,-0.009226373623232928,0.9932998274567162,0.0798365441275403,-0.996807968578588,0.0,30.370199284076527,-21.73886553786168,0.020821195183206243,109.98276933594732,NONE
0.0011099944822490215,0.033299834467470646,-7.442426430115151,-3.606085234473336,-9.630264173520716,-7.503637597261565,-3.522140556662843,-9.61695124203758,-8.441575227077625,-3.3267052426001547,-10.245186600547855,-6.536097107220602,-3.85951123031549,-9.072467148078157,-0.0014692661608556345,-0.0045844183063211245,0.008764950481761206,0.8284687477639232,-0.2316547772675372,0.5098780228129125,0.9901291831965912,0.07930162550662628,0.11556579413675062,-0.11519690449062567,-0.009226373623232928,0.9932998274567162,0.0798365441275403,-0.996807968578588,0.0,30.588414211144087,-22.06268514906824,0.02192111084749726,110.00143270626185,NONE
0.0011199944419786334,0.033599833259359,-7.441134745308804,-3.6025247212153557,-9.63425483859888,-7.503637597261565,-3.522140556662843,-9.61695124203758,-8.43714852541363,-3.3232774604615543,-10.254302100341368,-6.5376492007528695,-3.8558303164666063,-9.071809068152943,-0.0014652539039096764,-0.004577153826710339,0.00876941756090018,0.8258692715916353,-0.23154472000219659,0.5141274052993151,0.9901291831965912,0.07930162550662628,0.11556579413675062,-0.11519690449062567,-0.009226373623232928,0.9932998274567162,0.0798365441275403,-0.996807968578588,0.0,30.82113745975985,-22.386515930348125,0.023021215779856163,110.0205379517124,NONE
0.0011299944017082453,0.03389983205124736,-7.43984284816091,-3.598964126000989,-9.63824571974388,-7.503637597261565,-3.522140556662843,-9.61695124203758,-8.432531999484462,-3.319736373622329,-10.263610573839193,-6.539373079194525,-3.8522520251768535,-9.070976353562036,-0.0014612540866520973,-0.004569878480156903,0.00877387810546399,0.8231125740391032,-0.2315285441541413,0.5185366175118068,0.9901291831965912,0.07930162550662628,0.11556579413675062,-0.11519690449062567,-0.009226373623232928,0.9932998274567162,0.0798365441275403,-0.996807968578588,0.0,31.06834983940198,-22.709928001187514,0.024121512487116803,110.04006865072772,NONE
0.0011399942450225353,0.03419982735067606,-7.438550734946179,-3.5954034413796547,-9.642236794603976,-7.503637597261565,-3.522140556662843,-9.61695124203758,-8.427722758564437,-3.3160829629928026,-10.273109101522156,-6.5412713576225245,-3.848775452452041,-9.069971609978477,-0.0014572667696900186,-0.004562592377342273,0.00877833204776765,0.8201962612790925,-0.23160543019966873,0.5231032571929036,0.9901291831965912,0.07930162550662628,0.11556579413675062,-0.11519690449062567,-0.009226373623232928,0.9932998274567162,0.0798365441275403,-0.996807968578588,0.0,31.330031180136235,-23.032510059427043,0.025222007831738225,110.06007254791834,NONE
0.0011499942047521472,0.034499826142564416,-7.43725840193932,-3.591842674801934,-9.646228070629748,-7.503637597261565,-3.522140556662843,-9.61695124203758,-8.422717821536455,-3.3123183000255367,-10.282794599615297,-6.543346733108004,-3.845399640585009,-9.068797648908014,-0.0014532918742390373,-0.004555295374595356,0.008782779475751287,0.8171178645341088,-0.23177449589542265,0.5278247611770794,0.9901291831965912,0.07930162550662628,0.11556579413675062,-0.11519690449062567,-0.009226373623232928,0.9932998274567162,0.0798365441275403,-0.996807968578588,0.0,31.606155309734234,-23.35386675693106,0.0263227040503633,110.0805380619001,NONE
0.001159994164481759,0.03479982493445277,-7.435965843552398,-3.5882818188172463,-9.650219547821196,-7.503637597261565,-3.522140556662843,-9.61695124203758,-8.417514091868215,-3.308443494090137,-10.292663816091714,-6.545602003863145,-3.8421235690559667,-9.067457420268967,-0.0014493294609640537,-0.004547987582546912,0.008787220321699374,0.8138748208717697,-0.23203481520253472,0.5326984329664117,0.9901291831965912,0.07930162550662628,0.11556579413675062,-0.11519690449062567,-0.009226373623232928,0.9932998274567162,0.0798365441275403,-0.996807968578588,0.0,31.896692523273874,-23.673620405185478,0.02742360726661275,110.10149893580586,NONE
0.001169994124211371,0.03509982372634113,-7.4346730523348326,-3.5847208734255913,-9.65421121127716,-7.503637597261565,-3.522140556662843,-9.61695124203758,-8.412108407140092,-3.3044597125498494,-10.302713253273067,-6.548040024314366,-3.8389461789480195,-9.065954068392406,-0.0014453795439391438,-0.004540669027154212,0.008791654569838424,0.8104645142720553,-0.23238542017311747,0.5377213847307221,0.9901291831965912,0.07930162550662628,0.11556579413675062,-0.11519690449062567,-0.009226373623232928,0.9932998274567162,0.0798365441275403,-0.996807968578588,0.0,32.201606480243186,-23.991407919496964,0.02852472657958849,110.12298649267493,NONE
0.0011799940839409828,0.035399822518229485,-7.4333800301492685,-3.5811598535281304,-9.658203068448218,-7.503637597261565,-3.522140556662843,-9.61695124203758,-8.406497503746323,-3.300368221295149,-10.312939298879673,-6.550663758435441,-3.8358663503881085,-9.064290884191484,-0.0014414421371939587,-0.004533339734412762,0.008796082204418318,0.8068842370916877,-0.232825273518678,0.5428906150818215,0.9901291831965912,0.07930162550662628,0.11556579413675062,-0.11519690449062567,-0.009226373623232928,0.9932998274567162,0.0798365441275403,-0.996807968578588,0.0,32.52085778126369,-24.30688956844555,0.02962605810231267,110.14498562433491,NONE
0.0011899940436705947,0.03569982131011784,-7.432086765819835,-3.5775987442237023,-9.662195104433211,-7.503637597261565,-3.522140556662843,-9.61695124203758,-8.400677970298993,-3.296170303448492,-10.323338206129064,-6.5534762793877706,-3.832882891035966,-9.062471237959988,-0.0014375172547136013,-0.00452599973035605,0.008800503209712514,0.8031311699614011,-0.23335329895107576,0.5482030296387289,0.9901291831965912,0.07930162550662628,0.11556579413675062,-0.11519690449062567,-0.009226373623232928,0.9932998274567162,0.0798365441275403,-0.996807968578588,0.0,32.85440665831741,-24.619748348816334,0.030727615804091002,110.1675300739187,NONE
0.0011999940034002066,0.0359998201020062,-7.430793259346532,-3.574037560413468,-9.666187319232138,-7.503637597261565,-3.522140556662843,-9.61695124203758,-8.394646447812095,-3.2918673656236077,-10.333905899060936,-6.55648063411244,-3.8299945533682647,-9.060498827007418,-0.0014336049104387725,-0.004518649041055739,0.008804917570017936,0.7992025276955018,-0.2339683424976771,0.5536552487189211,0.9901291831965912,0.07930162550662628,0.11556579413675062,-0.11519690449062567,-0.009226373623232928,0.9932998274567162,0.0798365441275403,-0.996807968578588,0.0,33.202200350395955,-24.929680865548157,0.0318293985032394,110.19063494959862,NONE
0.0012099939631298184,0.03629981889389455,-7.429499499553489,-3.570476287196267,-9.67017970539442,-7.503637597261565,-3.522140556662843,-9.61695124203758,-8.388399384354326,-3.287460809437614,-10.3446382585091,-6.559680023257964,-3.827200037558057,-9.058377373626387,-0.001429705118265724,-0.0045112876926213215,0.008809325269655107,0.7950953743897226,-0.2346692296175839,0.5592438629924844,0.9901291831965912,0.07930162550662628,0.11556579413675062,-0.11519690449062567,-0.009226373623232928,0.9932998274567162,0.0798365441275403,-0.996807968578588,0.0,33.56419058760167,-25.23641014569739,0.032931419308029675,110.2143084116456,NONE
0.0012199939228594303,0.03659981768578291,-7.428205486440706,-3.5669149394732598,-9.674172255469474,-7.503637597261565,-3.522140556662843,-9.61695124203758,-8.381933253998616,-3.2829521596152973,-10.355530879569812,-6.5630776451979,-3.824497988943305,-9.056110859302457,-0.0014258178920460057,-0.004503915711200266,0.008813726292968246,0.7908067864350941,-0.23545470840348165,0.5649652262031982,0.9901291831965912,0.07930162550662628,0.11556579413675062,-0.11519690449062567,-0.009226373623232928,0.9932998274567162,0.0798365441275403,-0.996807968578588,0.0,33.940319342836155,-25.539676761625394,0.034033677897809866,110.23856093474923,NONE
0.0012299938825890422,0.036899816477671266,-7.426911212557601,-3.5633535172444466,-9.6781649694573,-7.503637597261565,-3.522140556662843,-9.61695124203758,-8.3752444247135,-3.2783430012852732,-10.366579244517256,-6.566676780344247,-3.8218869696515414,-9.053703382071268,-0.001421943245586722,-0.0044965331229777665,0.008818120624325217,0.7863337584214146,-0.23632346450707314,0.5708155923678213,0.9901291831965912,0.07930162550662628,0.11556579413675062,-0.11519690449062567,-0.009226373623232928,0.9932998274567162,0.0798365441275403,-0.996807968578588,0.0,34.330527828713905,-25.83924662157256,0.035136181649617626,110.26341578735278,NONE
0.001239993842318654,0.03719981526955962,-7.4256166704535955,-3.5597920205098275,-9.68215783990732,-7.503637597261565,-3.522140556662843,-9.61695124203758,-8.368329265876188,-3.2736349561781273,-10.377778560240053,-6.570480707831193,-3.8193655086086,-9.051159275562092,-0.0014180811926500733,-0.0044891399541766635,0.008822508248117667,0.7816732861065195,-0.2372741532306403,0.576790993338244,0.9901291831965912,0.07930162550662628,0.11556579413675062,-0.11519690449062567,-0.009226373623232928,0.9932998274567162,0.0798365441275403,-0.996807968578588,0.0,34.7347505296115,-26.134900392078936,0.03623893880152096,110.28885191440216,NONE
0.001249993802048266,0.03749981406144798,-7.424321860128688,-3.5562304492694023,-9.686150859368952,-7.503637597261565,-3.522140556662843,-9.61695124203758,-8.36118411722388,-3.268829747873729,-10.389123858608144,-6.574492747888428,-3.816932042352682,-9.048483032163897,-0.0014142317469535931,-0.0044817362310573695,0.008826889148761207,0.7768223344936749,-0.2383053454256318,0.5828873158453247,0.9901291831965912,0.07930162550662628,0.11556579413675062,-0.11519690449062567,-0.009226373623232928,0.9932998274567162,0.0798365441275403,-0.996807968578588,0.0,35.15291797036842,-26.426442678664262,0.037341950214552,110.31491495279364,NONE
0.001259993645362556,0.03779980936087668,-7.4230267704070085,-3.5526688035231713,-9.690144027842196,-7.503637597261565,-3.522140556662843,-9.61695124203758,-8.353805247900112,-3.2639291548487948,-10.400610023306147,-6.578716263467743,-3.8145849576249775,-9.045679292893785,-0.0014103949667998402,-0.0044743220662622225,0.008831263259792763,0.7717778193184217,-0.23941556642442735,0.5891003175705921,0.9901291831965912,0.07930162550662628,0.11556579413675062,-0.11519690449062567,-0.009226373623232928,0.9932998274567162,0.0798365441275403,-0.996807968578588,0.0,35.58495946628308,-26.71369936751686,0.03844522695426633,110.34158142737962,NONE
0.0012699936050921679,0.038099808152765036,-7.4217314012885565,-3.549107090721715,-9.69413731552473,-7.503637597261565,-3.522140556662843,-9.61695124203758,-8.346188927342508,-3.258935023926347,-10.41223169913003,-6.583154638567682,-3.812322593378658,-9.042752858629052,-0.0014065707764089235,-0.0044668973135609125,0.008835630667559831,0.7665366472934029,-0.2406032910662222,0.5954255828265125,0.9901291831965912,0.07930162550662628,0.11556579413675062,-0.11519690449062567,-0.009226373623232928,0.9932998274567162,0.0798365441275403,-0.996807968578588,0.0,36.03080040032607,-26.996514806627605,0.039548771873953115,110.36886997312061,NONE
0.0012799935648217797,0.03839980694465339,-7.420435741597461,-3.545545295963872,-9.698130737317713,-7.503637597261565,-3.522140556662843,-9.61695124203758,-8.338331490661579,-3.253849276801786,-10.423983281466027,-6.587811176301295,-3.810143178023012,-9.039708841740998,-0.0014027592341420481,-0.0044594620855468205,0.008839991305568024,0.7610957888522978,-0.24186691357444612,0.60185845205436,0.9901291831965912,0.07930162550662628,0.11556579413675062,-0.11519690449062567,-0.009226373623232928,0.9932998274567162,0.0798365441275403,-0.996807968578588,0.0,36.490356695386524,-27.274749559102656,0.04065259549878597,110.39678653689829,NONE
0.0012899935245513916,0.03869980573654175,-7.419139787608432,-3.541983456502545,-9.702124293221148,-7.503637597261565,-3.522140556662843,-9.61695124203758,-8.330229198907578,-3.248673934264839,-10.435859053454593,-6.592689261170816,-3.808044949541813,-9.036552428001208,-0.0013989603535374626,-0.004452016408629699,0.008844345158328657,0.7554521468420704,-0.2432047892508582,0.6083941849797323,0.9901291831965912,0.07930162550662628,0.11556579413675062,-0.11519690449062567,-0.009226373623232928,0.9932998274567162,0.0798365441275403,-0.996807968578588,0.0,36.96354690065335,-27.54828614601197,0.04175669856307174,110.42533333210189,NONE
0.0012999934842810035,0.038999804528430104,-7.418057717436599,-3.539405346999753,-9.701111982835444,-7.503637597261565,-3.522140556662843,-9.61695124203758,-8.327073046621507,-3.245203222522487,-10.437058537179905,-6.593488593893065,-3.8062765208251594,-9.033533795969408,-0.0013951741480883726,-0.004444560309256468,0.00884869221037717,0.7537323707514964,-0.2439449123055097,0.6102281483523899,0.9901291831965912,0.07930162550662628,0.11556579413675062,-0.11519690449062567,-0.009226373623232928,0.9932998274567162,0.0798365441275403,-0.996807968578588,0.0,37.110944677281836,-27.595913056009056,0.0431495245464113,167.11300564377532,NONE
0.0013099934440106153,0.03929980332031846,-7.417170319759893,-3.537763015518773,-9.695380519403132,-7.503637597261565,-3.522140556662843,-9.61695124203758,-8.328596303752501,-3.243352985500606,-10.428256020098422,-6.590414487743868,-3.804822780761878,-9.030588089756527,-0.0013914006312430102,-0.004437093813911004,0.00885303244627318,0.75573122435158,-0.24411730228750958,0.6076817088443016,0.9901291831965912,0.07930162550662628,0.11556579413675062,-0.11519690449062567,-0.009226373623232928,0.9932998274567162,0.0798365441275403,-0.996807968578588,0.0,36.95195661861188,-27.436446992994377,0.04482076356240228,167.1363877702031,NONE
0.0013199934037402272,0.03959980211220682,-7.416282661312866,-3.536120609531987,-9.689649339092883,-7.503637597261565,-3.522140556662843,-9.61695124203758,-8.329934072661215,-3.24140375679885,-10.419624794055451,-6.58750814091468,-3.803458694104859,-9.027487545136669,-0.0013876398164045247,-0.004429616949114068,0.008857365850600438,0.7575764920637112,-0.24437171187217782,0.6052770647472966,0.9901291831965912,0.07930162550662628,0.11556579413675062,-0.11519690449062567,-0.009226373623232928,0.9932998274567162,0.0798365441275403,-0.996807968578588,0.0,36.80598020128721,-27.277808615227748,0.046492233963904894,167.15952382387334,NONE
0.001329993363469839,0.03989980090409517,-7.4153947420955175,-3.534478099237073,-9.683918456805857,-7.503637597261565,-3.522140556662843,-9.61695124203758,-8.331087728972737,-3.2393553147527756,-10.411166685028984,-6.584768305573983,-3.802184405090187,-9.024230534180573,-0.0013838917169309932,-0.004422129741423361,0.008861692407966935,0.7592693145211971,-0.24470830014670075,0.6030157177601791,0.9901291831965912,0.07930162550662628,0.11556579413675062,-0.11519690449062567,-0.009226373623232928,0.9932998274567162,0.0798365441275403,-0.996807968578588,0.0,36.67302387668904,-27.120192348405837,0.048163936392224826,167.18243525699785,NONE
0.001339993323199451,0.04019979969598353,-7.414506565833139,-3.5328354995351914,-9.678187857640895,-7.503637597261565,-3.522140556662843,-9.61695124203758,-8.332058508666245,-3.2372075369442235,-10.402883400285576,-6.582193867667781,-3.8010000531815793,-9.020815479806243,-0.0013801563461354506,-0.004414632217433168,0.008866012103005095,0.7608107134775928,-0.24512718097276334,0.60089909586058,0.9901291831965912,0.07930162550662628,0.11556579413675062,-0.11519690449062567,-0.009226373623232928,0.9932998274567162,0.0798365441275403,-0.996807968578588,0.0,36.55309654237212,-26.96379618193159,0.04983586769922255,167.2051213600396,NONE
0.0013499932829290628,0.040499798487871885,-7.41361813625102,-3.531192810426343,-9.672457556499156,-7.503637597261565,-3.522140556662843,-9.61695124203758,-8.332847546875028,-3.234960339042465,-10.394776532529276,-6.579783804619528,-3.7999057148755613,-9.017240965687556,-0.0013764337172854964,-0.004407124403774562,0.008870324920371635,0.7622016270676091,-0.24562842427525933,0.5989285073224873,0.9901291831965912,0.07930162550662628,0.11556579413675062,-0.11519690449062567,-0.009226373623232928,0.9932998274567162,0.0798365441275403,-0.996807968578588,0.0,36.446204571398866,-26.808818188799762,0.051508022474314075,167.22763472011914,NONE
0.0013599932426586747,0.04079979727976024,-7.412729453349161,-3.529550017009366,-9.66672755338064,-7.503637597261565,-3.522140556662843,-9.61695124203758,-8.333455915191093,-3.232613688351356,-10.38684746615816,-6.57753714438656,-3.7989013914128273,-9.013505736035006,-0.0013727238436035622,-0.004399606327115076,0.008874630844747601,0.7634429438280579,-0.24621204480933542,0.5971051000535456,0.9901291831965912,0.07930162550662628,0.11556579413675062,-0.11519690449062567,-0.009226373623232928,0.9932998274567162,0.0798365441275403,-0.996807968578588,0.0,36.352348774030226,-26.655454222056257,0.05318040189918882,167.24996123008378,NONE
0.0013699932023882866,0.0410997960716486,-7.411840517127561,-3.527907134185422,-9.660997840834769,-7.503637597261565,-3.522140556662843,-9.61695124203758,-8.333884512297617,-3.2301676162817614,-10.379097513610702,-6.575453071772063,-3.7979870827185622,-9.009608586124738,-0.0013690267382668792,-0.004392078014158642,0.00887892986083869,0.7645354089241537,-0.24687802888556548,0.595429968472158,0.9901291831965912,0.07930162550662628,0.11556579413675062,-0.11519690449062567,-0.009226373623232928,0.9932998274567162,0.0798365441275403,-0.996807968578588,0.0,36.27153224125256,-26.503901356599304,0.05485300565318951,167.27213452971415,NONE
0.0013799930457025766,0.0413997913710773,-7.410951331311511,-3.5262641619545105,-9.655268433762702,-7.503637597261565,-3.522140556662843,-9.61695124203758,-8.334134204314957,-3.227622230544015,-10.37152779278573,-6.5735308082215145,-3.797162691088565,-9.00554853032713,-0.0013653424572429393,-0.004384539579450244,0.008883221903438538,0.7654797374319312,-0.24762628719328256,0.5939040271559132,0.9901291831965912,0.07930162550662628,0.11556579413675062,-0.11519690449062567,-0.009226373623232928,0.9932998274567162,0.0798365441275403,-0.996807968578588,0.0,36.20375045991042,-26.35435331695854,0.05652582832573394,167.29418041089932,NONE
0.0013899930054321885,0.041699790162965655,-7.410061895901012,-3.524621100316632,-9.649539324713858,-7.503637597261565,-3.522140556662843,-9.61695124203758,-8.334205672138829,-3.2249776500405107,-10.364139333907179,-6.571769736093417,-3.7964281086663036,-9.001324619915543,-0.001361670927796296,-0.004376990874276804,0.008887507057256598,0.7662764939327878,-0.24845672114164907,0.5925281365181024,0.9901291831965912,0.07930162550662628,0.11556579413675062,-0.11519690449062567,-0.009226373623232928,0.9932998274567162,0.0798365441275403,-0.996807968578588,0.0,36.1490018697227,-26.20700198710773,0.058198870777856015,167.31610279758507,NONE
0.0013999929651618004,0.04199978895485401,-7.409172214621353,-3.5229779343706253,-9.643810513688239,-7.503637597261565,-3.522140556662843,-9.61695124203758,-8.334099558415978,-3.2222340735899397,-10.356932963548928,-6.570169279546486,-3.795783126685028,-8.996936105103613,-0.0013580122059539594,-0.004369432013135827,0.008891785257054238,0.7669262082041268,-0.2493691535196036,0.5913029819327458,0.9901291831965912,0.07930162550662628,0.11556579413675062,-0.11519690449062567,-0.009226373623232928,0.9932998274567162,0.0798365441275403,-0.996807968578588,0.0,36.10727752522642,-26.06203482676013,0.05987213050272011,167.33791850850048,NONE
0.0014099929248914123,0.04229978774674237,-7.408282280021953,-3.5213346790176514,-9.638082008136424,-7.503637597261565,-3.522140556662843,-9.61695124203758,-8.333816342348392,-3.2193917741517852,-10.349909424906983,-6.568728989686893,-3.79522752596082,-8.992382325946178,-0.0013543663047114712,-0.004361863022876115,0.008896056487635603,0.7674292837658694,-0.2503633703517542,0.5902291734612201,0.9901291831965912,0.07930162550662628,0.11556579413675062,-0.11519690449062567,-0.009226373623232928,0.9932998274567162,0.0798365441275403,-0.996807968578588,0.0,36.07856904414802,-25.9196368127504,0.061545612834647656,167.35967015658613,NONE
0.0014199928846210241,0.042599786538630724,-7.407392103278684,-3.5196913342577103,-9.632353808058413,-7.503637597261565,-3.522140556662843,-9.61695124203758,-8.333356407146907,-3.2164510707672678,-10.343069320870432,-6.567448540217047,-3.7947610170909267,-8.987662735561669,-0.0013507332370188468,-0.004354283930382448,0.008900320733829478,0.7677860290999391,-0.2514391070972429,0.5893072110038098,0.9901291831965912,0.07930162550662628,0.11556579413675062,-0.11519690449062567,-0.009226373623232928,0.9932998274567162,0.0798365441275403,-0.996807968578588,0.0,36.062865880686935,-25.779988696845137,0.06321930670808129,167.38134292515255,NONE
0.001429992844350636,0.04289978533051908,-7.406501673215675,-3.518047900090802,-9.626625906003627,-7.503637597261565,-3.522140556662843,-9.61695124203758,-8.332719997623022,-3.213412313832223,-10.336413102780593,-6.5663276877545655,-3.7943832822307777,-8.982776910328713,-0.0013471130157804141,-0.0043466947625755,0.008904577980489483,0.7679966564645465,-0.25259607321676303,0.5885374749790784,0.9901291831965912,0.07930162550662628,0.11556579413675062,-0.11519690449062567,-0.009226373623232928,0.9932998274567162,0.0798365441275403,-0.996807968578588,0.0,36.0601557374107,-25.64326381082589,0.06489322404961051,167.40299061136685,NONE
0.0014399928040802479,0.043199784122407436,-7.405611001008796,-3.5164043765169266,-9.620898316873225,-7.503637597261565,-3.522140556662843,-9.61695124203758,-8.331907274624463,-3.2102759543794885,-10.32994111687682,-6.565366307707762,-3.794093912247831,-8.977724564591112,-0.0013435056538549403,-0.0043390955464116445,0.00890882821249411,0.768061289963783,-0.2538338947253664,0.587920240124221,0.9901291831965912,0.07930162550662628,0.11556579413675062,-0.11519690449062567,-0.009226373623232928,0.9932998274567162,0.0798365441275403,-0.996807968578588,0.0,36.07042321205865,-25.509632676682664,0.06656735207161368,167.42461008559866,NONE
0.0014499927638098598,0.04349978291429579,-7.404720082932758,-3.514760763536084,-9.615171033216628,-7.503637597261565,-3.522140556662843,-9.61695124203758,-8.330918285309039,-3.207042461206318,-10.323653514240538,-6.564564350195212,-3.7938924818954183,-8.972505547093675,-0.0013399111640556528,-0.004331486308883034,0.008913071414746789,0.7679799717886203,-0.25515218290830455,0.5874556378899408,0.9901291831965912,0.07930162550662628,0.11556579413675062,-0.11519690449062567,-0.009226373623232928,0.9932998274567162,0.0798365441275403,-0.996807968578588,0.0,36.09365019398901,-25.379254714540952,0.06824169532364266,167.44623106368277,NONE
0.0014599927235394716,0.04379978170618415,-7.403828911536979,-3.5131170611482743,-9.609444047583255,-7.503637597261565,-3.522140556662843,-9.61695124203758,-8.329752945048394,-3.2037124034121187,-10.317550347180067,-6.56392187777441,-3.793778474942642,-8.967119796178439,-0.0013363295591499141,-0.004323867077017424,0.008917307572175888,0.7677526379452104,-0.25655046588283636,0.5871437178267944,0.9901291831965912,0.07930162550662628,0.11556579413675062,-0.11519690449062567,-0.009226373623232928,0.9932998274567162,0.0798365441275403,-0.996807968578588,0.0,36.12981705010321,-25.252286681929053,0.06991626204376722,167.467862810262,NONE
0.0014699926832690835,0.044099780498072505,-7.402937501722621,-3.511473254452336,-9.603717371148976,-7.503637597261565,-3.522140556662843,-9.61695124203758,-8.328411053211331,-3.2002863745279595,-10.31163157559,-6.563439100856229,-3.793751324578582,-8.96156736953859,-0.0013327608518593625,-0.00431623787787802,0.008921536669734805,0.7673791097196102,-0.2580282391524446,0.5869844374136568,0.9901291831965912,0.07930162550662628,0.11556579413675062,-0.11519690449062567,-0.009226373623232928,0.9932998274567162,0.0798365441275403,-0.996807968578588,0.0,36.17890403101455,-25.128877582150054,0.07159103736804795,167.4895408847007,NONE
0.0014799926429986954,0.04439977928996086,-7.402045838588523,-3.509829373250592,-9.597991000188502,-7.503637597261565,-3.522140556662843,-9.61695124203758,-8.326892328440042,-3.1967650500651454,-10.305896918619283,-6.56311624624272,-3.793810474882007,-8.955848514830027,-0.0013292050548598935,-0.004308598738563406,0.008925758692401949,0.7668591661727486,-0.259584967311679,0.586977566864894,0.9901291831965912,0.07930162550662628,0.11556579413675062,-0.11519690449062567,-0.009226373623232928,0.9932998274567162,0.0798365441275403,-0.996807968578588,0.0,36.24088548257601,-25.00916216361593,0.07326603411770627,167.51126457746196,NONE
0.0014899926027283072,0.04469977808184922,-7.4011539295852655,-3.508185402641881,-9.592264934701833,-7.503637597261565,-3.522140556662843,-9.61695124203758,-8.325196300685468,-3.193149165861157,-10.30034611332341,-6.56295375452508,-3.793955229955644,-8.949963470570088,-0.001325662180781452,-0.004300949686207461,0.008929973625180908,0.7661924113740817,-0.26122002786716825,0.5871228881536182,0.9901291831965912,0.07930162550662628,0.11556579413675062,-0.11519690449062567,-0.009226373623232928,0.9932998274567162,0.0798365441275403,-0.996807968578588,0.0,36.31574005779208,-24.89327702281745,0.07494124609738861,167.53306360438063,NONE
0.0014999924460425973,0.04499977338127792,-7.4002617672622675,-3.5065413575273636,-9.586539174688967,-7.503637597261565,-3.522140556662843,-9.61695124203758,-8.323322494289245,-3.189439520860936,-10.294978592702089,-6.562952042964684,-3.794184893493404,-8.943912751085561,-0.0013221322832276659,-0.004293290837198329,0.008934181404155687,0.7653784570976352,-0.26293277070976867,0.5874199311376214,0.9901291831965912,0.07930162550662628,0.11556579413675062,-0.11519690449062567,-0.009226373623232928,0.9932998274567162,0.0798365441275403,-0.996807968578588,0.0,36.40343673249278,-24.781339349438216,0.07661667950244855,167.55496062771522,NONE
0.0015099924057722092,0.045299772173166275,-7.39936935907011,-3.504897208104718,-9.580813716424617,-7.503637597261565,-3.522140556662843,-9.61695124203758,-8.32127021750765,-3.1856369373359357,-10.289793812275224,-6.563111753252285,-3.7944986627756068,-8.937696843170624,-0.0013186152925453991,-0.004285622040417963,0.008938382112353616,0.7644167235892885,-0.26472248932159603,0.5878682474367832,0.9901291831965912,0.07930162550662628,0.11556579413675062,-0.11519690449062567,-0.009226373623232928,0.9932998274567162,0.0798365441275403,-0.996807968578588,0.0,36.50395077270439,-24.67346568660932,0.07829232974973621,167.57696954559134,NONE
0.001519992365501821,0.04559977096505463,-7.398476697558212,-3.5032529990774277,-9.57508855990878,-7.503637597261565,-3.522140556662843,-9.61695124203758,-8.319038758806926,-3.1817423909163187,-10.284790969247341,-6.563433516612167,-3.7948957380607955,-8.93131647504222,-0.0013151112623985,-0.004277943412208518,0.00894257568582559,0.7633066270411994,-0.2665884118019466,0.5884671713935311,0.9901291831965912,0.07930162550662628,0.11556579413675062,-0.11519690449062567,-0.009226373623232928,0.9932998274567162,0.0798365441275403,-0.996807968578588,0.0,36.61724856454512,-24.569757530996515,0.0799682006712299,167.5991037556246,NONE
0.001529992325231433,0.04589976975694299,-7.397583782726573,-3.501608685742009,-9.569363707004102,-7.503637597261565,-3.522140556662843,-9.61695124203758,-8.31662724577534,-3.1777568100803637,-10.279969198996199,-6.563918124410283,-3.7953751918708982,-8.924772434552684,-0.0013116202052331895,-0.00427025497984409,0.00894676210967618,0.7620474440717641,-0.26852973121327595,0.5892159845406585,0.9901291831965912,0.07930162550662628,0.11556579413675062,-0.11519690449062567,-0.009226373623232928,0.9932998274567162,0.0798365441275403,-0.996807968578588,0.0,36.743299155931844,-24.470308964237372,0.08164429559673003,167.62139347415982,NONE
0.0015399922849610448,0.046199768548831344,-7.396690614575195,-3.4999642979007843,-9.563639153053971,-7.503637597261565,-3.522140556662843,-9.61695124203758,-8.314034700436375,-3.173681280633036,-10.275327505052047,-6.564566463770549,-3.7959360961067077,-8.918065616720545,-0.0013081421334495437,-0.004262556770633676,0.008950941369035395,0.7606383637677503,-0.27054557194507467,0.5901138644919574,0.9901291831965912,0.07930162550662628,0.11556579413675062,-0.11519690449062567,-0.009226373623232928,0.9932998274567162,0.0798365441275403,-0.996807968578588,0.0,36.882069787598056,-24.375205851278476,0.08332061270100866,167.64383870119696,NONE
0.0015499922446906567,0.0464997673407197,-7.395797185653495,-3.4983198355537537,-9.557914898058387,-7.503637597261565,-3.522140556662843,-9.61695124203758,-8.311260055174827,-3.1695169061399238,-10.270864726397113,-6.56537948891925,-3.79657744972228,-8.911197074706704,-0.0013046770594014885,-0.004254848811920965,0.008955113449058711,0.7590785070676418,-0.27263501894885067,0.5911598485610472,0.9901291831965912,0.07930162550662628,0.11556579413675062,-0.11519690449062567,-0.009226373623232928,0.9932998274567162,0.0798365441275403,-0.996807968578588,0.0,37.03352490417204,-24.28452127092071,0.08499715936110519,167.66647670665697,NONE
0.0015599922044202685,0.046799766132608056,-7.394903503412055,-3.496675283799756,-9.55219094050395,-7.503637597261565,-3.522140556662843,-9.61695124203758,-8.308302184777762,-3.1652648766332496,-10.266579546580981,-6.566358234747686,-3.7972981448196323,-8.904167999779041,-0.0013012249953968952,-0.004247131131084156,0.008959278334927035,0.7573669347956851,-0.27479707312451435,0.5923528464356265,0.9901291831965912,0.07930162550662628,0.11556579413675062,-0.11519690449062567,-0.009226373623232928,0.9932998274567162,0.0798365441275403,-0.996807968578588,0.0,37.19762517709335,-24.198319560087953,0.08667392955656616,167.68932017861871,NONE
0.0015699921641498804,0.04709976492449641,-7.394009560400295,-3.495030657539952,-9.546467277945938,-7.503637597261565,-3.522140556662843,-9.61695124203758,-8.305159804494203,-3.160926450000229,-10.262470560608405,-6.5675038524463165,-3.7980970687854736,-8.896979661748446,-0.0012977859536973703,-0.004239403755536127,0.008963436011846883,0.7555025878469076,-0.27703070381967143,0.5936916951565037,0.9901291831965912,0.07930162550662628,0.11556579413675062,-0.11519690449062567,-0.009226373623232928,0.9932998274567162,0.0798365441275403,-0.996807968578588,0.0,37.37433317831836,-24.116655795454875,0.08835092976526582,167.71236911708215,NONE
0.0015799921238794923,0.04739976371638477,-7.393115356618213,-3.4933859716755036,-9.540743909103783,-7.503637597261565,-3.522140556662843,-9.61695124203758,-8.301831564105727,-3.156502956584865,-10.258536203562642,-6.568817566800232,-3.7989730432808555,-8.889633477710994,-0.0012943599465182823,-0.004231666712724159,0.008967586465050305,0.7534843466545637,-0.27933482030260476,0.5951750981963685,0.9901291831965912,0.07930162550662628,0.11556579413675062,-0.11519690449062567,-0.009226373623232928,0.9932998274567162,0.0798365441275403,-0.996807968578588,0.0,37.56360848711433,-24.039574206440545,0.09002815895350835,167.73565373839205,NONE
0.0015899920836091042,0.047699762508273125,-7.391576767021465,-3.491107628832448,-9.538068629128846,-7.503637597261565,-3.522140556662843,-9.61695124203758,-8.301889286062773,-3.15170564350589,-10.252644377125252,-6.56583096067774,-3.7989796619923277,-8.889875931697441,-0.0012909469860288136,-0.004223920030129766,0.008971729679795074,0.7548079675587103,-0.28142348629845104,0.5925080197512222,0.9901291831965912,0.07930162550662628,0.11556579413675062,-0.11519690449062567,-0.009226373623232928,0.9932998274567162,0.0798365441275403,-0.996807968578588,0.0,37.48490304027679,-23.72279299216557,0.0920414085599699,221.39849406365028,NONE
0.001599992043338716,0.04799976130016148,-7.389649570041942,-3.4884400229555252,-9.537251993341359,-7.503637597261565,-3.522140556662843,-9.61695124203758,-8.30391531591664,-3.146660485540089,-10.245620529709143,-6.560317785903872,-3.798468737063639,-8.894689866581244,-0.001287547084351634,-0.004216163735268787,0.008975865641364641,0.758085882614247,-0.2833948919667609,0.5873611578816956,0.9901291831965912,0.07930162550662628,0.11556579413675062,-0.11519690449062567,-0.009226373623232928,0.9932998274567162,0.0798365441275403,-0.996807968578588,0.0,37.24941915015548,-23.258098990300454,0.09425550317671494,221.42296035479268,NONE
0.001609992003068328,0.04829976009204984,-7.387722104841518,-3.485772372375119,-9.536435571758064,-7.503637597261565,-3.522140556662843,-9.61695124203758,-8.305730608381198,-3.1415449629465244,-10.238752428752456,-6.55499525979703,-3.7980215547367733,-8.899362932134936,-0.0012841602535631214,-0.00420839785569121,0.008979994335068143,0.7611892819931165,-0.2854246051261953,0.5823432593989214,0.9901291831965912,0.07930162550662628,0.11556579413675062,-0.11519690449062567,-0.009226373623232928,0.9932998274567162,0.0798365441275403,-0.996807968578588,0.0,37.02812028639133,-22.793064258610414,0.09646984215718568,221.44702691284823,NONE
0.001619991846382618,0.04859975539147854,-7.385794378870773,-3.483104662190068,-9.535619367172929,-7.503637597261565,-3.522140556662843,-9.61695124203758,-8.307337465604666,-3.1363586088875945,-10.23204352198355,-6.549861308284238,-3.79763851006277,-8.903892006247501,-0.0012807865448751033,-0.004200622509567771,0.008984115698313193,0.7641200684001865,-0.28751300051094586,0.5774571807548045,0.9901291831965912,0.07930162550662628,0.11556579413675062,-0.11519690449062567,-0.009226373623232928,0.9932998274567162,0.0798365441275403,-0.996807968578588,0.0,36.821012904881925,-22.328192816727945,0.09868441898314018,221.4707097276863,NONE
0.0016299918061122298,0.048899754183366895,-7.383866392129707,-3.4804369073015335,-9.534803386105212,-7.503637597261565,-3.522140556662843,-9.61695124203758,-8.30873817699284,-3.131101026857686,-10.225497032948853,-6.54491385464218,-3.797319991130473,-8.908274177268186,-0.0012774258917533376,-0.00419283754345469,0.008988229812401471,0.7668801401524612,-0.28966041924903796,0.5727055894263763,0.9901291831965912,0.07930162550662628,0.11556579413675062,-0.11519690449062567,-0.009226373623232928,0.9932998274567162,0.0798365441275403,-0.996807968578588,0.0,36.62809295756289,-21.863996868801767,0.10089923171949167,221.49399809961974,NONE
0.0016399917658418417,0.04919975297525525,-7.38193814461832,-3.4777691226106766,-9.53398763134888,-7.503637597261565,-3.522140556662843,-9.61695124203758,-8.30993490299311,-3.1257718416321274,-10.219116101215048,-6.540150939125894,-3.797066366724751,-8.91250660261988,-0.0012740783454706652,-0.004185043075478304,0.008992336614706584,0.7694712886379196,-0.29186718482288,0.5680910863457252,0.9901291831965912,0.07930162550662628,0.11556579413675062,-0.11519690449062567,-0.009226373623232928,0.9932998274567162,0.0798365441275403,-0.996807968578588,0.0,36.44935399727966,-21.401001568608223,0.10311427886166413,221.5169366964661,NONE
0.0016499917255714536,0.04949975176714361,-7.380009651237773,-3.4751012634140137,-9.533172107560548,-7.503637597261565,-3.522140556662843,-9.61695124203758,-8.31092979302297,-3.120370698052274,-10.212903676055298,-6.535570640413679,-3.796877873756448,-8.916586615893248,-0.0012707439179174265,-0.004177239133324142,0.008996436090641238,0.7718952837431701,-0.2941335546539887,0.563616113113935,0.9901291831965912,0.07930162550662628,0.11556579413675062,-0.11519690449062567,-0.009226373623232928,0.9932998274567162,0.0798365441275403,-0.996807968578588,0.0,36.28477943468451,-20.939740473767362,0.10532954866249966,221.53951371184365,NONE
0.0016599916853010654,0.04979975055903196,-7.378080904537486,-3.4724333744150284,-9.532356818465503,-7.503637597261565,-3.522140556662843,-9.61695124203758,-8.311724849184055,-3.1148973379102833,-10.206862605554717,-6.531171128187227,-3.796754831700351,-8.920511640690664,-0.0012674226209375325,-0.00416942574471134,0.009000528225644271,0.7741537917377517,-0.2964597799087252,0.5592830282017613,0.9901291831965912,0.07930162550662628,0.11556579413675062,-0.11519690449062567,-0.009226373623232928,0.9932998274567162,0.0798365441275403,-0.996807968578588,0.0,36.13434971061721,-20.480754093354804,0.1075450445234587,221.56174447892232,NONE
0.0016699916450306773,0.05009974935092032,-7.37615191196804,-3.4697654258113984,-9.531541767789038,-7.503637597261565,-3.522140556662843,-9.61695124203758,-8.312322077717756,-3.109351491276923,-10.200995504909903,-6.526950596791072,-3.796697428573606,-8.924279311868004,-0.0012641144663282182,-0.004161602937392655,0.009004613005180472,0.7762484699681238,-0.29884605969421,0.555093996974739,0.9901291831965912,0.07930162550662628,0.11556579413675062,-0.11519690449062567,-0.009226373623232928,0.9932998274567162,0.0798365441275403,-0.996807968578588,0.0,35.99803389059712,-20.024583541764223,0.10976076100035925,221.58366516092846,NONE
0.0016799916047602892,0.050399748142808676,-7.374222673529434,-3.4670974325042847,-9.530726959256443,-7.503637597261565,-3.522140556662843,-9.61695124203758,-8.312723368398945,-3.1037329810082257,-10.195304878472825,-6.522907332007689,-3.7967058534817872,-8.927887364828472,-0.0012608194658400762,-0.004153770739154257,0.009008690414740873,0.7781808853875032,-0.30129255324937454,0.551051092888849,0.9901291831965912,0.07930162550662628,0.11556579413675062,-0.11519690449062567,-0.009226373623232928,0.9932998274567162,0.0798365441275403,-0.996807968578588,0.0,35.875796258027464,-19.571774072671992,0.11197669648100295,221.60527421946554,NONE
0.001689991564489901,0.05069974693469703,-7.372293196672248,-3.4644293944936875,-9.529912396593007,-7.503637597261565,-3.522140556662843,-9.61695124203758,-8.312930498558964,-3.0980416661381946,-10.189793134606585,-6.5190397358262535,-3.796780234295357,-8.931333622046912,-0.001257537631177024,-0.0041459291778155145,0.009012760439842497,0.7799525055359615,-0.3037993774596358,0.5471563098085538,0.9901291831965912,0.07930162550662628,0.11556579413675062,-0.11519690449062567,-0.009226373623232928,0.9932998274567162,0.0798365441275403,-0.996807968578588,0.0,35.767596944240985,-19.122873845774123,0.11419284315783251,221.62660605436596,NONE
0.001699991524219513,0.05099974572658539,-7.370363481396484,-3.4617613117796067,-9.52909807979873,-7.503637597261565,-3.522140556662843,-9.61695124203758,-8.312945166047491,-3.092277418943833,-10.184462490098037,-6.515346268124858,-3.7969206868720295,-8.934616072672755,-0.0012542689739961125,-0.0041380782812292525,0.009016823066028754,0.7815647382272315,-0.3063666382296507,0.543411485837079,0.9901291831965912,0.07930162550662628,0.11556579413675062,-0.11519690449062567,-0.009226373623232928,0.9932998274567162,0.0798365441275403,-0.996807968578588,0.0,35.67338913648204,-18.678424056807152,0.11640920103084795,221.6476442440584,NONE
0.0017099914839491248,0.051299744518473744,-7.36843352770214,-3.459093169460881,-9.528284016324195,-7.503637597261565,-3.522140556662843,-9.61695124203758,-8.31276904029879,-3.0864401980769394,-10.17931496194745,-6.511825414557264,-3.7971272203007933,-8.937732901291142,-0.001251013505907584,-0.004130218077281441,0.009020878278869295,0.7830189677137064,-0.30899435748863213,0.539818287241873,0.9901291831965912,0.07930162550662628,0.11556579413675062,-0.11519690449062567,-0.009226373623232928,0.9932998274567162,0.0798365441275403,-0.996807968578588,0.0,35.59311513336735,-18.23896039242216,0.11862577042070654,221.66843829654755,NONE
0.0017199914436787367,0.0515997433103621,-7.3665033355892175,-3.456424982438672,-9.527470206169399,-7.503637597261565,-3.522140556662843,-9.61695124203758,-8.31240358018608,-3.080530027005576,-10.174352575184905,-6.508475851777454,-3.79739984171176,-8.94068227099435,-0.001247771238474948,-0.00412234859389092,0.009024926063960102,0.7843164036559246,-0.31168252813312336,0.536378393126328,0.9901291831965912,0.07930162550662628,0.11556579413675062,-0.11519690449062567,-0.009226373623232928,0.9932998274567162,0.0798365441275403,-0.996807968578588,0.0,35.52671939957254,-17.805019856472452,0.12084255014572065,221.68898997522743,NONE
0.0017299914034083486,0.05189974210225046,-7.364572912508296,-3.453756750712979,-9.526656653059634,-7.503637597261565,-3.522140556662843,-9.61695124203758,-8.311850224484797,-3.0745469190340344,-10.169577089322294,-6.505296288879158,-3.7977385390365876,-8.943462592831096,-0.0012445421832148467,-0.00411446985900963,0.009028966406923397,0.7854582328720165,-0.31443113913154497,0.5330932593439988,0.9901291831965912,0.07930162550662628,0.11556579413675062,-0.11519690449062567,-0.009226373623232928,0.9932998274567162,0.0798365441275403,-0.996807968578588,0.0,35.47413675898931,-17.37711994629926,0.12305953239833478,221.7093161516645,NONE
0.0017399912467226386,0.05219973740167916,-7.362642265909957,-3.4510884593826416,-9.52584336072019,-7.503637597261565,-3.522140556662843,-9.61695124203758,-8.311110320509282,-3.068490996591489,-10.16499015173295,-6.502285517920596,-3.798143172801569,-8.946072379571149,-0.0012413263889207197,-0.004106581992529709,0.009032999246523026,0.7864455663429077,-0.3172400766130784,0.5299642487660005,0.9901291831965912,0.07930162550662628,0.11556579413675062,-0.11519690449062567,-0.009226373623232928,0.9932998274567162,0.0798365441275403,-0.996807968578588,0.0,35.43529540020939,-16.955772411597433,0.12527671055268286,221.72943215902868,NONE
0.0017499912064522505,0.052499736193567514,-7.360711380893039,-3.4484201233488205,-9.525030327288421,-7.503637597261565,-3.522140556662843,-9.61695124203758,-8.310185027727178,-3.0623624437688686,-10.160593346662889,-6.4994424587289625,-3.798613604435582,-8.948510190590392,-0.0012381237922118853,-0.004098684838761918,0.009037024662292203,0.7872793778253109,-0.3201092002898755,0.5269926765532593,0.9901291831965912,0.07930162550662628,0.11556579413675062,-0.11519690449062567,-0.009226373623232928,0.9932998274567162,0.0798365441275403,-0.996807968578588,0.0,35.410123121945084,-16.5414790863198,0.12749409839641324,221.74936997705873,NONE
0.0017599911661818624,0.05279973498545587,-7.358780272358703,-3.445751742611516,-9.524217556489619,-7.503637597261565,-3.522140556662843,-9.61695124203758,-8.309075494060387,-3.056161437497985,-10.15638800452089,-6.496766098440661,-3.799149673443523,-8.950774826177604,-0.0012349344419435575,-0.0040907785175554835,0.009041042592959899,0.7879606067911855,-0.3230383634545819,0.5241796427579503,0.9901291831965912,0.07930162550662628,0.11556579413675062,-0.11519690449062567,-0.009226373623232928,0.9932998274567162,0.0798365441275403,-0.996807968578588,0.0,35.39853952908528,-16.134716177264867,0.12971168074493278,221.76913225084581,NONE
0.0017699911259114742,0.05309973377734423,-7.356848940306949,-3.4430833171707276,-9.523405053911718,-7.503637597261565,-3.522140556662843,-9.61695124203758,-8.307782685374784,-3.0498882980234185,-10.152375465775881,-6.494255560917354,-3.799751089331068,-8.952865081048234,-0.0012317583494443763,-0.004082863056993119,0.009045053024254414,0.7884900541119259,-0.32602730056854323,0.521526254229412,0.9901291831965912,0.07930162550662628,0.11556579413675062,-0.11519690449062567,-0.009226373623232928,0.9932998274567162,0.0798365441275403,-0.996807968578588,0.0,35.400463052270695,-15.735956194225828,0.13192945695246827,221.78873497025924,NONE
0.001779991085641086,0.05339973256923258,-7.354917384737777,-3.4404148321252945,-9.522592815829428,-7.503637597261565,-3.522140556662843,-9.61695124203758,-8.306307493091618,-3.0435433015965128,-10.148556824038986,-6.491910037549535,-3.8004175730921976,-8.95477995608154,-0.0012285955259959222,-0.004074938485190051,0.009049055941930829,0.7888684589313406,-0.3290757702155151,0.5190334208510634,0.9901291831965912,0.07930162550662628,0.11556579413675062,-0.11519690449062567,-0.009226373623232928,0.9932998274567162,0.0798365441275403,-0.996807968578588,0.0,35.41580713127342,-15.345641320880873,0.13414742863122164,221.80821011503778,NONE
0.001789991045370698,0.05369973136112094,-7.352985598200607,-3.437746317277539,-9.52178084596804,-7.503637597261565,-3.522140556662843,-9.61695124203758,-8.30465069152105,-3.037126921138241,-10.144933106000805,-6.48972881175032,-3.801148752575662,-8.956518527069491,-0.001225445982832672,-0.004067004830293847,0.009053051331770744,0.7890964694655349,-0.3321834049727918,0.516701990839701,0.9901291831965912,0.07930162550662628,0.11556579413675062,-0.11519690449062567,-0.009226373623232928,0.9932998274567162,0.0798365441275403,-0.996807968578588,0.0,35.44448063892824,-14.96420178085174,0.13636560036434275,221.82757301835147,NONE
0.0017999910051003098,0.053999730153009295,-7.351053595596599,-3.435077742825139,-9.520969146190199,-7.503637597261565,-3.522140556662843,-9.61695124203758,-8.302812959461445,-3.0306395463469804,-10.141505162966537,-6.487711296198754,-3.8019442174494475,-8.958080025344165,-0.0012223097311418922,-0.004059062120484302,0.009057039179582586,0.7891746362011696,-0.3353498570010728,0.5145326685314666,0.9901291831965912,0.07930162550662628,0.11556579413675062,-0.11519690449062567,-0.009226373623232928,0.9932998274567162,0.0798365441275403,-0.996807968578588,0.0,35.48639094268082,-14.592038365266719,0.13858395954587088,221.8468287453849,NONE
0.0018099909648299217,0.05429972894489765,-7.349121369475173,-3.432409123669255,-9.520157718358549,-7.503637597261565,-3.522140556662843,-9.61695124203758,-8.30079480893503,-3.0240817507584854,-10.138273816474427,-6.485857012229718,-3.8028034758764644,-8.95946370923928,-0.0012191867820637316,-0.004051110383973313,0.009061019471201484,0.7891033898718756,-0.33857466309477346,0.512526133580499,0.9901291831965912,0.07930162550662628,0.11556579413675062,-0.11519690449062567,-0.009226373623232928,0.9932998274567162,0.0798365441275403,-0.996807968578588,0.0,35.5414439703824,-14.229538965123172,0.14080251215589712,221.86601778046796,NONE
0.0018199909245595336,0.05459972773678601,-7.34718891983633,-3.4297404598098877,-9.519346564335736,-7.503637597261565,-3.522140556662843,-9.61695124203758,-8.298596673429548,-3.017454081113193,-10.135239670268442,-6.484165566625855,-3.8037260319076696,-8.96066903465006,-0.0012160771466910335,-0.004043149649004943,0.009064992192489553,0.7888830899146496,-0.3418573699106421,0.5106828850514709,0.9901291831965912,0.07930162550662628,0.11556579413675062,-0.11519690449062567,-0.009226373623232928,0.9932998274567162,0.0798365441275403,-0.996807968578588,0.0,35.609542582267174,-13.877057285714068,0.1430212579791661,221.88513250070662,NONE
0.0018299908842891455,0.054899726528674364,-7.345256254130649,-3.427071751247037,-9.51853568039647,-7.503637597261565,-3.522140556662843,-9.61695124203758,-8.296218902320817,-3.0107572305964903,-10.13240321597252,-6.482636656676864,-3.8047112567535923,-8.961695548519213,-0.00121298083606944,-0.004035179943855263,0.009068957329335584,0.7885140198451972,-0.3451974026770009,0.5090033336753509,0.9901291831965912,0.07930162550662628,0.11556579413675062,-0.11519690449062567,-0.009226373623232928,0.9932998274567162,0.0798365441275403,-0.996807968578588,0.0,35.6905853234623,-13.534927269925186,0.14524019006915623,221.9042160355219,NONE
0.0018399908440187573,0.05519972532056272,-7.34332335745697,-3.4244029979807022,-9.517725068403395,-7.503637597261565,-3.522140556662843,-9.61695124203758,-8.2936616528126,-3.003991898701573,-10.12976487231735,-6.4812701113649585,-3.8057585159029417,-8.962542874567774,-0.0012098978611971255,-0.00402720129683186,0.009072914867655496,0.78799632236854,-0.3485941813918996,0.5074878251085119,0.9901291831965912,0.07930162550662628,0.11556579413675062,-0.11519690449062567,-0.009226373623232928,0.9932998274567162,0.0798365441275403,-0.996807968578588,0.0,35.78447376570557,-13.203456497137777,0.14745932296468212,221.92328437478312,NONE
0.0018499908037483692,0.055499724112451077,-7.341390252167034,-3.421734200010884,-9.516914735807093,-7.503637597261565,-3.522140556662843,-9.61695124203758,-8.29092505217072,-2.997158899032702,-10.127324898708078,-6.480065857874163,-3.8068670713341106,-8.963210791697977,-0.0012068282330250665,-0.004019213736274433,0.009076864793392057,0.7873300844767649,-0.3520470314353952,0.5061365682652621,0.9901291831965912,0.07930162550662628,0.11556579413675062,-0.11519690449062567,-0.009226373623232928,0.9932998274567162,0.0798365441275403,-0.996807968578588,0.0,35.8911047263476,-12.882925700759515,0.14967863367360223,221.94232659380572,NONE
0.0018599906470626593,0.05579971941187978,-7.339456915909099,-3.4190653722387436,-9.516104675156983,-7.503637597261565,-3.522140556662843,-9.61695124203758,-8.288009042920883,-2.9902591028113075,-10.125083439345612,-6.479023905712457,-3.8080361611789044,-8.963699154895952,-0.0012037719979030171,-0.004011217383734085,0.00908080704669695,0.7865152770471422,-0.35555524276852046,0.5049496888911565,0.9901291831965912,0.07930162550662628,0.11556579413675062,-0.11519690449062567,-0.009226373623232928,0.9932998274567162,0.0798365441275403,-0.996807968578588,0.0,36.010376390253555,-12.573588570206194,0.15189814400637225,221.96140093018292,NONE
0.0018699906067922711,0.056099718203768134,-7.3375233561337465,-3.4163964848619583,-9.515294890178355,-7.503637597261565,-3.522140556662843,-9.61695124203758,-8.284913487364781,-2.983293420503444,-10.123040531446865,-6.478144393995186,-3.809264902716191,-8.96400793750669,-0.0012007290956371679,-0.004003212081357753,0.009084741705293439,0.785551779725911,-0.3591180357446726,0.5039272147565979,0.9901291831965912,0.07930162550662628,0.11556579413675062,-0.11519690449062567,-0.009226373623232928,0.9932998274567162,0.0798365441275403,-0.996807968578588,0.0,36.14218618714574,-12.27567241952476,0.15411784851881194,221.980513105799,NONE
0.001879990566521883,0.05639971699565649,-7.335589587742137,-3.4137275676828507,-9.514485377145919,-7.503637597261565,-3.522140556662843,-9.61695124203758,-8.281638153877108,-2.9762629111880665,-10.121196077911476,-6.47742756124803,-3.8105523920899658,-8.964137220505565,-0.001197699572639744,-0.003995197950655334,0.009088668709297603,0.784439388099599,-0.36273455691386924,0.5030690684373527,0.9901291831965912,0.07930162550662628,0.11556579413675062,-0.11519690449062567,-0.009226373623232928,0.9932998274567162,0.0798365441275403,-0.996807968578588,0.0,36.286430554521445,-11.989377662496528,0.15633773052399036,221.99965850546437,NONE
0.0018899905262514949,0.05669971578754485,-7.333655580931949,-3.4110586207014206,-9.513676143510255,-7.503637597261565,-3.522140556662843,-9.61695124203758,-8.27818264487728,-2.9691686720762993,-10.119549883137966,-6.476873711280857,-3.811897634018428,-8.964087195531974,-0.0011946834396717122,-0.003987175020092411,0.009092588044760765,0.783177797215836,-0.3664038964965777,0.5023750815678225,0.9901291831965912,0.07930162550662628,0.11556579413675062,-0.11519690449062567,-0.009226373623232928,0.9932998274567162,0.0798365441275403,-0.996807968578588,0.0,36.44300689846372,-11.714877806769323,0.15855781866902596,222.01888817558023,NONE
0.0018999904859811068,0.0569997145794332,-7.331721365505504,-3.408389643917668,-9.512867181820782,-7.503637597261565,-3.522140556662843,-9.61695124203758,-8.274546493437606,-2.9620118465055927,-10.118101623759545,-6.476483324480507,-3.8132995913785184,-8.963858141703387,-0.0011916807074465851,-0.003979143318165857,0.009096499697761409,0.7817665951987386,-0.37012510646648944,0.50184499219833,0.9901291831965912,0.07930162550662628,0.11556579413675062,-0.11519690449062567,-0.009226373623232928,0.9932998274567162,0.0798365441275403,-0.996807968578588,0.0,36.61181474785359,-11.452318333056573,0.16077808430679852,222.03819903935354,NONE
0.0019099904457107186,0.05729971337132156,-7.32978691166048,-3.405720607529271,-9.512058499528083,-7.503637597261565,-3.522140556662843,-9.61695124203758,-8.270729122530991,-2.954793689340437,-10.116850827394765,-6.476256867433043,-3.8147570690447834,-8.963450501726715,-0.0011886913866303347,-0.003971102873403649,0.009100403654405087,0.7802053283034558,-0.37389712161058536,0.5014784024643697,0.9901291831965912,0.07930162550662628,0.11556579413675062,-0.11519690449062567,-0.009226373623232928,0.9932998274567162,0.0798365441275403,-0.996807968578588,0.0,36.79274981481895,-11.201818396283382,0.16299855844779998,222.05762549661665,NONE
0.0019199904054403305,0.057599712163209915,-7.327852234298038,-3.4030515413385514,-9.511250085456284,-7.503637597261565,-3.522140556662843,-9.61695124203758,-8.266729839776659,-2.9475155802868627,-10.11579695684924,-6.476194996616098,-3.816268872319936,-8.962864741578244,-0.0011857154878413669,-0.003963053714364794,0.00910429990082513,0.7784934100698089,-0.37771882262307527,0.5012748762047806,0.9901291831965912,0.07930162550662628,0.11556579413675062,-0.11519690449062567,-0.009226373623232928,0.9932998274567162,0.0798365441275403,-0.996807968578588,0.0,36.98571244279421,-10.963474995824726,0.16521922526613153,222.07715266419476,NONE
0.0019299903651699424,0.05789971095509827,-7.325917333418178,-3.4003824453455094,-9.510441947055968,-7.503637597261565,-3.522140556662843,-9.61695124203758,-8.26254782593152,-2.940178906489149,-10.114939352269472,-6.476298455166264,-3.817833742923387,-8.962101474021054,-0.0011827530216502674,-0.003954995869639378,0.009108188423181906,0.7766301612022857,-0.38158905931923404,0.5012338601080079,0.9901291831965912,0.07930162550662628,0.11556579413675062,-0.11519690449062567,-0.009226373623232928,0.9932998274567162,0.0798365441275403,-0.996807968578588,0.0,37.19060519811311,-10.737356111205063,0.16744008390075926,222.09682674830196,NONE
0.0019399903248995543,0.05819970974698663,-7.3239822090209,-3.397713319550145,-9.509634084327134,-7.503637597261565,-3.522140556662843,-9.61695124203758,-8.258182231318454,-2.9327852009478543,-10.114277162898079,-6.476568013826894,-3.819450290268108,-8.961161470778402,-0.0011798039985799185,-0.0039469293678481366,0.009112069207663416,0.774614877170244,-0.3855065605740232,0.5013546487476854,0.9901291831965912,0.07930162550662628,0.11556579413675062,-0.11519690449062567,-0.009226373623232928,0.9932998274567162,0.0798365441275403,-0.996807968578588,0.0,37.4073266035626,-10.523503882484357,0.16966113435168495,222.11666550220173,NONE
0.0019499902846291661,0.058499708538874984,-7.322046846205043,-3.395044134150136,-9.508826489819201,-7.503637597261565,-3.522140556662843,-9.61695124203758,-8.253632011733878,-2.9253360185972386,-10.113809510359385,-6.477004591378542,-3.821117047034923,-8.960045514417118,-0.0011768684291057943,-0.003938854237642635,0.009115942240484872,0.77244670450232,-0.38947001236421075,0.5016365199748987,0.9901291831965912,0.07930162550662628,0.11556579413675062,-0.11519690449062567,-0.009226373623232928,0.9932998274567162,0.0798365441275403,-0.996807968578588,0.0,37.63578223745764,-10.321941317163288,0.17188239459738774,222.13666738749748,NONE
0.001959990244358778,0.05879970733076334,-7.320111259871768,-3.3923749487501267,-9.50801916725746,-7.503637597261565,-3.522140556662843,-9.61695124203758,-8.248896095816281,-2.9178331116587097,-10.113535362714686,-6.477609188072816,-3.822832537453356,-8.95875454811481,-0.001173946323655101,-0.003930770507705236,0.009119807507889316,0.7701247424971589,-0.39347801121506365,0.5020786150434241,0.9901291831965912,0.07930162550662628,0.11556579413675062,-0.11519690449062567,-0.009226373623232928,0.9932998274567162,0.0798365441275403,-0.996807968578588,0.0,37.87587649306004,-10.132666528632559,0.17410384472653107,222.15686438392814,NONE
0.001969990087673068,0.05909970263019204,-7.318175435119914,-3.389705733547795,-9.507212112916621,-7.503637597261565,-3.522140556662843,-9.61695124203758,-8.243973299860407,-2.910278221796472,-10.113453536946226,-6.478382849232444,-3.8245951248212298,-8.95728963788409,-0.0011710377263163332,-0.003922678301052175,0.009123664951327895,0.767648022012158,-0.3975290882716337,0.5026799561139723,0.9901291831965912,0.07930162550662628,0.11556579413675062,-0.11519690449062567,-0.009226373623232928,0.9932998274567162,0.0798365441275403,-0.996807968578588,0.0,38.12751493285333,-9.955653668852957,0.17632550228707977,222.17725825488765,NONE
0.0019799901638180017,0.05939970491454005,-7.316239371949481,-3.3870365183454636,-9.506405326796683,-7.503637597261565,-3.522140556662843,-9.61695124203758,-8.23886231872626,-2.9026732468317222,-10.113562809564542,-6.479326758751811,-3.8264031444582365,-8.955651893554027,-0.0011681425462948967,-0.003914577363515901,0.009127514691556649,0.7650154608584564,-0.4016216946202237,0.503439528700224,0.9901291831965912,0.07930162550662628,0.11556579413675062,-0.11519690449062567,-0.009226373623232928,0.9932998274567162,0.0798365441275403,-0.996807968578588,0.0,38.390607728569535,-9.790861083490212,0.1785473649156586,222.19786433354594,NONE
0.001989990007132292,0.059699700213968754,-7.314303070360469,-3.3843672435384873,-9.505598808897647,-7.503637597261565,-3.522140556662843,-9.61695124203758,-8.233561828731471,-2.895020102961868,-10.113861746087853,-6.480442117345115,-3.8282547445068227,-8.953842616345122,-0.0011652609283924443,-0.00390646810128423,0.00913135653580793,0.7622259614723288,-0.4057541919760672,0.5043561433664044,0.9901291831965912,0.07930162550662628,0.11556579413675062,-0.11519690449062567,-0.009226373623232928,0.9932998274567162,0.0798365441275403,-0.996807968578588,0.0,38.66506243519708,-9.638222230691651,0.18076943733901274,222.2186961896789,NONE
0.0019999900832772255,0.059999702498316765,-7.312366530352878,-3.381697968731511,-9.504792555494221,-7.503637597261565,-3.522140556662843,-9.61695124203758,-8.228070359430268,-2.8873208794076284,-10.114348853596553,-6.481730258855844,-3.8301481435039486,-8.951863153382412,-0.001162392748962097,-0.003898350165346924,0.00913519064916113,0.7592783045975755,-0.40992489743318267,0.5054285653104963,0.9901291831965912,0.07930162550662628,0.11556579413675062,-0.11519690449062567,-0.009226373623232928,0.9932998274567162,0.0798365441275403,-0.996807968578588,0.0,38.950792997190106,-9.497654316668026,0.18299171526091662,222.2397915249094,NONE
0.0020099899265915155,0.060299697797745466,-7.3104292005837435,-3.3790456812482956,-9.503981045706185,-7.503637597261565,-3.522140556662843,-9.61695124203758,-8.222400597328258,-2.87961995755931,-10.115015584524702,-6.483178623869397,-3.8320754795758805,-8.949710729296678,-0.0011595381514727067,-0.003890223962729497,0.009139016839620281,0.7561834667212441,-0.4141110965289436,0.5066542848817495,0.9901291831965912,0.07930162550662628,0.11556579413675062,-0.11519690449062567,-0.009226373623232928,0.9932998274567162,0.0798365441275403,-0.996807968578588,0.0,39.24647758232783,-9.370066039251348,0.18521403548464654,221.21029104827338,IMPACT
0.0020199900027364492,0.06059970008209348,-7.308374524170207,-3.3809226017099503,-9.501734226269635,-7.503637597261565,-3.522140556662843,-9.61695124203758,-8.220379317312597,-2.8832951551748818,-10.114184445742092,-6.481093653534911,-3.8323211802229875,-8.946179743885628,-0.001156697149939292,-0.003882089059011741,0.009142835192316463,0.7562111581642113,-0.41262001089048084,0.5078281312419408,0.9901291831965912,0.07930162550662628,0.11556579413675062,-0.11519690449062567,-0.009226373623232928,0.9932998274567162,0.0798365441275403,-0.996807968578588,0.0,39.22099327383704,-9.537205429689052,0.18735924319262587,214.1225228201608,NONE
0.0020299898460507393,0.06089969538152218,-7.306315422111797,-3.3829888861280564,-9.499429113490494,-7.503637597261565,-3.522140556662843,-9.61695124203758,-8.218345575022182,-2.887397253375444,-10.113490204359657,-6.479011547594169,-3.832540775006274,-8.942413407326121,-0.001153869750432185,-0.003873945947180935,0.009146645594892528,0.7562321858382662,-0.410931965926448,0.5091638247971892,0.9901291831965912,0.07930162550662628,0.11556579413675062,-0.11519690449062567,-0.009226373623232928,0.9932998274567162,0.0798365441275403,-0.996807968578588,0.0,39.192981368579694,-9.727225627678083,0.189500552707619,214.1430945542542,NONE
0.0020399896893650293,0.06119969068095088,-7.304256081634807,-3.3850550811391953,-9.497124298734578,-7.503637597261565,-3.522140556662843,-9.61695124203758,-8.216138178915106,-2.891445962832414,-10.112999422908018,-6.47708650859397,-3.832808628288152,-8.938463080328813,-0.0011510558965287148,-0.003865794466954828,0.009150448122901571,0.7561094218787546,-0.40928811541553856,0.5106679750344373,0.9901291831965912,0.07930162550662628,0.11556579413675062,-0.11519690449062567,-0.009226373623232928,0.9932998274567162,0.0798365441275403,-0.996807968578588,0.0,39.176419306521474,-9.927884618641126,0.19164207093663244,214.16373730140145,NONE
0.002049989765509963,0.06149969296529889,-7.302196487838077,-3.387121186743367,-9.494819774551305,-7.503637597261565,-3.522140556662843,-9.61695124203758,-8.213756602857773,-2.895441356776168,-10.112711505439709,-6.475318985372838,-3.8331246736412403,-8.934329289269499,-0.0011482555330317448,-0.0038576344572921395,0.009154242851184451,0.7558424423847546,-0.40768839863698786,0.512340093987048,0.9901291831965912,0.07930162550662628,0.11556579413675062,-0.11519690449062567,-0.009226373623232928,0.9932998274567162,0.0798365441275403,-0.996807968578588,0.0,39.17136202050056,-10.139024602848773,0.19378381349477536,214.18444985155583,NONE
0.002059989608824253,0.06179968826472759,-7.300136670523929,-3.3891872029405716,-9.492515544665965,-7.503637597261565,-3.522140556662843,-9.61695124203758,-8.211200282644784,-2.899383617516504,-10.112625721946255,-6.473709546558359,-3.8334887456920566,-8.930012703444435,-0.0011454688005882036,-0.003849466326969429,0.009158029589384149,0.7554307548201851,-0.40613266442415336,0.5141795732616609,0.9901291831965912,0.07930162550662628,0.11556579413675062,-0.11519690449062567,-0.009226373623232928,0.9932998274567162,0.0798365441275403,-0.996807968578588,0.0,39.177862768692,-10.360470160920253,0.19592575044337757,214.20524962963094,NONE
0.0020699896849691868,0.062099690549075603,-7.298076614791202,-3.3912531595331314,-9.490211605353268,-7.503637597261565,-3.522140556662843,-9.61695124203758,-8.208468507611245,-2.9032730717842283,-10.112741223154442,-6.472258808377662,-3.8339006048986657,-8.925514086126078,-0.0011426955790331812,-0.0038412897248159676,0.009161808500557783,0.7548737822754712,-0.40462066657149465,0.5161857117514623,0.9901291831965912,0.07930162550662628,0.11556579413675062,-0.11519690449062567,-0.009226373623232928,0.9932998274567162,0.0798365441275403,-0.996807968578588,0.0,39.195974088592706,-10.59203111630137,0.19806789460366048,214.22616564192487,NONE
0.002079989528283477,0.062399685848504305,-7.296016320639896,-3.3933189969164017,-9.487907956613215,-7.503637597261565,-3.522140556662843,-9.61695124203758,-8.205560441418594,-2.9071099356117003,-10.113057003364204,-6.470967529474672,-3.834359941625696,-8.920834349586418,-0.0011399360076411549,-0.0038331050604488194,0.009165579395147987,0.7541708312799664,-0.4031521765278243,0.5183576755555594,0.9901291831965912,0.07930162550662628,0.11556579413675062,-0.11519690449062567,-0.009226373623232928,0.9932998274567162,0.0798365441275403,-0.996807968578588,0.0,39.22575178824759,-10.833494039215024,0.2002102507023693,214.24721773344478,NONE
0.0020899896044284105,0.06269968813285232,-7.2939557880700105,-3.395384774695027,-9.485604594720515,-7.503637597261565,-3.522140556662843,-9.61695124203758,-8.202475197694238,-2.9108947356098716,-10.11357192982233,-6.469836513879254,-3.8348663918556936,-8.915974514243024,-0.0011371899674278646,-0.0038249119819772502,0.009169342435523413,0.7533211668760802,-0.4017268070634009,0.5206945285127416,0.9901291831965912,0.07930162550662628,0.11556579413675062,-0.11519690449062567,-0.009226373623232928,0.9932998274567162,0.0798365441275403,-0.996807968578588,0.0,39.26724649823296,-11.084634734812314,0.20235281444327313,214.26840701088528,NONE
0.0020999894477427006,0.06299968343228102,-7.291895017081546,-3.3974504630666855,-9.483301515949877,-7.503637597261565,-3.522140556662843,-9.61695124203758,-8.19921169704051,-2.914627900412773,-10.114284800080382,-6.468866740714595,-3.835419509938056,-8.910935663734117,-0.0011344575962929883,-0.003816710899852954,0.009173097432928991,0.752323894054746,-0.40034417805447103,0.5231952766722896,0.9901291831965912,0.07930162550662628,0.11556579413675062,-0.11519690449062567,-0.009226373623232928,0.9932998274567162,0.0798365441275403,-0.996807968578588,0.0,39.320514919480594,-11.345213309954948,0.20449558862026151,214.28977824541616,NONE
0.0021099895238876343,0.06329968571662903,-7.2898339927733415,-3.3995160620313767,-9.480998727751883,-7.503637597261565,-3.522140556662843,-9.61695124203758,-8.195768831133323,-2.918310017585436,-10.11519420315827,-6.468059186925057,-3.836018762891691,-8.905719092170793,-0.0011317387764347593,-0.0038085014614700485,0.009176844549042634,0.751178106177507,-0.3990038023070674,0.5258587439075985,0.9901291831965912,0.07930162550662628,0.11556579413675062,-0.11519690449062567,-0.009226373623232928,0.9932998274567162,0.0798365441275403,-0.996807968578588,0.0,39.38560689190907,-11.614971994160998,0.20663858712637762,214.31131798890698,NONE
0.0021199893672019243,0.06359968101605773,-7.287772730046558,-3.4015815715891007,-9.478696215225371,-7.503637597261565,-3.522140556662843,-9.61695124203758,-8.192145359353868,-2.9219416828898073,-10.116298610233324,-6.467415006295786,-3.836663610300072,-8.90032615793229,-0.0011290336443763854,-0.0038002840781090276,0.009180583595914307,0.7498827621991663,-0.3977051858305498,0.5286836749134934,0.9901291831965912,0.07930162550662628,0.11556579413675062,-0.11519690449062567,-0.009226373623232928,0.9932998274567162,0.0798365441275403,-0.996807968578588,0.0,39.462575945371455,-11.89363821379669,0.20878179692961218,214.33306064118997,NONE
0.002129989443346858,0.06389968330040574,-7.285711214000034,-3.40364702154218,-9.476393985820922,-7.503637597261565,-3.522140556662843,-9.61695124203758,-8.18833992309363,-2.92552366408176,-10.11759641732159,-6.466935402804512,-3.8373534125667854,-8.894758330203787,-0.0011263420835002761,-0.003792058396453847,0.00918431473452884,0.7484367479517905,-0.3964477167326197,0.5316687335294793,0.9901291831965912,0.07930162550662628,0.11556579413675062,-0.11519690449062567,-0.009226373623232928,0.9932998274567162,0.0798365441275403,-0.996807968578588,0.0,39.55147294713538,-12.180931515943655,0.21092522955963133,214.3550037821717,NONE
0.002139989286661148,0.06419967859983444,-7.283649459534931,-3.405712382088292,-9.474092039538535,-7.503637597261565,-3.522140556662843,-9.61695124203758,-8.184351147655704,-2.929056695217737,-10.119085771897163,-6.466621651858816,-3.838087446992115,-8.889017289414225,-0.001123664228950786,-0.0037838248286079464,0.009188037777743867,0.746838911216038,-0.3952307616410342,0.5348123836882344,0.9901291831965912,0.07930162550662628,0.11556579413675062,-0.11519690449062567,-0.009226373623232928,0.9932998274567162,0.0798365441275403,-0.996807968578588,0.0,39.652344850518666,-12.476550644424,0.21306887262573682,214.37719626315734,NONE
0.0021499893628060818,0.06449968088418245,-7.281587436848926,-3.407777653227437,-9.47179036147705,-7.503637597261565,-3.522140556662843,-9.61695124203758,-8.180177444404038,-2.9325416372017616,-10.120764796247569,-6.4664751376767144,-3.8388649326487725,-8.883104710421286,-0.0011209999652961877,-0.0037755830205503885,0.009191752885848871,0.7450879594466621,-0.39405360671609185,0.5381130807940363,0.9901291831965912,0.07930162550662628,0.11556579413675062,-0.11519690449062567,-0.009226373623232928,0.9932998274567162,0.0798365441275403,-0.996807968578588,0.0,39.76524134345485,-12.780191848932223,0.21521275735813994,214.39962529271585,NONE
0.002159989206120372,0.06479967618361115,-7.279260143691348,-3.408944771776784,-9.47050375051609,-7.503637597261565,-3.522140556662843,-9.61695124203758,-8.177386105666825,-2.936536326643366,-10.12217936536125,-6.464568780937477,-3.8374671575406314,-8.879367855096815,-0.0011183494263005069,-0.003767333385201459,0.00919545987251197,0.7447031846649338,-0.3917090569118545,0.5403528305497542,0.9901291831965912,0.07930162550662628,0.11556579413675062,-0.11519690449062567,-0.009226373623232928,0.9932998274567162,0.0798365441275403,-0.996807968578588,0.0,39.759527190046555,-13.072550862609107,0.2175732120506364,267.5671609497053,NONE
0.002169989049434662,0.06509967148303986,-7.276545882278728,-3.4087897997003678,-9.470711360944422,-7.256074061067632,-3.5023126481742097,-9.58805614719027,-8.17671166161632,-2.9413028782051462,-10.123121230222955,-6.4600041982371215,-3.8328478642338077,-8.87890942226367,-0.0011157125590665518,-0.0037590757601344855,0.009199158811229147,0.7463945492953035,-0.3876282547950703,0.5409616556344722,0.9783810176486952,-0.05084982866417835,0.20046166523684114,-0.2001914651230658,0.010404639417476854,0.9797015467837502,-0.0519033871398005,-0.9986521107990591,0.0,30.86134625809376,-15.002975383814,0.2195411686576385,260.61840246264785,NONE
0.0021799891255795956,0.06539967376738787,-7.273831382447528,-3.4086347978216294,-9.470919217241915,-7.256074061067632,-3.5023126481742097,-9.58805614719027,-8.175847150505028,-2.946026461520585,-10.124250810655232,-6.4556115709548605,-3.828267490649509,-8.878281181261627,-0.0011130893119344486,-0.0037508099821985737,0.009202849774768485,0.7479285128478993,-0.38358305614301036,0.5417259258233061,0.9783810176486952,-0.05084982866417835,0.20046166523684114,-0.2001914651230658,0.010404639417476854,0.9797015467837502,-0.0519033871398005,-0.9986521107990591,0.0,30.69919176612355,-15.379192840075063,0.2208857038933818,260.63639354702,NONE
0.0021899889688938856,0.06569966906681657,-7.271116659098911,-3.408479706535924,-9.471127319408568,-7.256074061067632,-3.5023126481742097,-9.58805614719027,-8.174792992421114,-2.950705930129743,-10.125568564914785,-6.45139054644614,-3.8237269630711057,-8.877482716405366,-0.0011104798165937565,-0.0037425364655280183,0.009206532578018763,0.7493054112934667,-0.37957436214841855,0.5426460210910514,0.9783810176486952,-0.05084982866417835,0.20046166523684114,-0.2001914651230658,0.010404639417476854,0.9797015467837502,-0.0519033871398005,-0.9986521107990591,0.0,30.549855095284755,-15.769121745956179,0.22349213481366448,260.6542846075392,NONE
0.0021999890450388193,0.06599967135116458,-7.268401682430553,-3.408324585447896,-9.47133566744438,-7.256074061067632,-3.5023126481742097,-9.58805614719027,-8.173549525885267,-2.955340358775626,-10.127074763020488,-6.447340760802297,-3.8192272344726623,-8.876513782760373,-0.001107883960584562,-0.003734254854362208,0.009210207379520758,0.7505255500360738,-0.375602989433494,0.5437221653304855,0.9783810176486952,-0.05084982866417835,0.20046166523684114,-0.2001914651230658,0.010404639417476854,0.9797015467837502,-0.0519033871398005,-0.9986521107990591,0.0,30.41346198373178,-16.172467798425437,0.22609876277438978,260.6721094281189,NONE
0.0022099888883531094,0.06629966665059328,-7.265686482244777,-3.408169404755223,-9.471544261349353,-7.256074061067632,-3.5023126481742097,-9.58805614719027,-8.172117046740418,-2.959928779483812,-10.128769537184033,-6.443462002499831,-3.8147691260691303,-8.875374260397232,-0.0011053018742109746,-0.0037259655636373134,0.009213873994980535,0.7515891496698208,-0.3716697159066601,0.5449544681681747,0.9783810176486952,-0.05084982866417835,0.20046166523684114,-0.2001914651230658,0.010404639417476854,0.9797015467837502,-0.0519033871398005,-0.9986521107990591,0.0,30.290138075870342,-16.588891721033473,0.22870555710208507,260.6898713585264,NONE
0.002219988964498043,0.06659966893494129,-7.262971043640422,-3.408014194260228,-9.471753101123484,-7.256074061067632,-3.5023126481742097,-9.58805614719027,-8.1704956705223,-2.964470389153761,-10.130652967678449,-6.439754138318088,-3.8103534231902247,-8.874064076500158,-0.0011027334462048138,-0.003717668236905878,0.009217532582235047,0.7524963183496572,-0.36777523218976677,0.5463429961644743,0.9783810176486952,-0.05084982866417835,0.20046166523684114,-0.2001914651230658,0.010404639417476854,0.9797015467837502,-0.0519033871398005,-0.9986521107990591,0.0,30.180010065057637,-17.018019109329373,0.23131253389120765,260.70757437335016,NONE
0.002229988807812333,0.06689966423437,-7.2602553815186495,-3.407858924160588,-9.471962194217356,-7.256074061067632,-3.5023126481742097,-9.58805614719027,-8.168685507616892,-2.9689643917087145,-10.132724923926402,-6.436217096543811,-3.805980791122278,-8.87258336372506,-0.0011001788054829298,-0.003709363289900059,0.009221182957810322,0.7532471352491656,-0.36392017365807094,0.5478876348701482,0.9783810176486952,-0.05084982866417835,0.20046166523684114,-0.2001914651230658,0.010404639417476854,0.9797015467837502,-0.0519033871398005,-0.9986521107990591,0.0,30.08319876008596,-17.45942727908994,0.23391967555374826,260.7252521110212,NONE
0.002239988883957267,0.067199666518718,-7.257539480978298,-3.4077035944563034,-9.472171525729808,-7.256074061067632,-3.5023126481742097,-9.58805614719027,-8.166686475080322,-2.97341007043139,-10.13498520067688,-6.4328509239974805,-3.8016518800005743,-8.870932279837398,-0.0010976378419703817,-0.0037010503654906195,0.009224825278837525,0.7538415439490611,-0.3601051345952974,0.5495882264519488,0.9783810176486952,-0.05084982866417835,0.20046166523684114,-0.2001914651230658,0.010404639417476854,0.9797015467837502,-0.0519033871398005,-0.9986521107990591,0.0,29.99982712733095,-17.912656073919354,0.2365269996558279,260.7429374452698,NONE
0.002249988727271557,0.0674996618181467,-7.254823342019367,-3.407548205147374,-9.472381103111418,-7.256074061067632,-3.5023126481742097,-9.58805614719027,-8.164498452941336,-2.9778068219311575,-10.137433451210484,-6.4296557295051935,-3.7973672371616303,-8.869111153555853,-0.0010951106831947853,-0.0036927298801995474,0.00922845936266518,0.7542794449722362,-0.35633061531759685,0.5514444772411438,0.9783810176486952,-0.05084982866417835,0.20046166523684114,-0.2001914651230658,0.010404639417476854,0.9797015467837502,-0.0519033871398005,-0.9986521107990591,0.0,29.930011787942373,-18.377206054663954,0.23913450470389286,260.7606345875521,NONE
0.0022599888034164906,0.06779966410249472,-7.252106964641857,-3.4073927562338,-9.472590918911608,-7.256074061067632,-3.5023126481742097,-9.58805614719027,-8.162121176828743,-2.982154068276265,-10.140069219288183,-6.426631752878444,-3.7931273868481767,-8.867120384526503,-0.0010925972202760934,-0.0036844014762211163,0.009232085365716455,0.7545606191088257,-0.35259709503126596,0.553456015113774,0.9783810176486952,-0.05084982866417835,0.20046166523684114,-0.2001914651230658,0.010404639417476854,0.9797015467837502,-0.0519033871398005,-0.9986521107990591,0.0,29.87386927232586,-18.852538601255016,0.24174219219149862,260.77834731848003,NONE
0.0022699886467307806,0.06809965940192342,-7.249390363746929,-3.407237247715581,-9.472800988031539,-7.256074061067632,-3.5023126481742097,-9.58805614719027,-8.159554355818083,-2.986451308860955,-10.14289187051756,-6.4237792864332555,-3.788932783160422,-8.864960576625652,-0.0010900975793511998,-0.0036760655708611974,0.00923570310616487,0.754684812776012,-0.3489049888258552,0.5556223016921349,0.9783810176486952,-0.05084982866417835,0.20046166523684114,-0.2001914651230658,0.010404639417476854,0.9797015467837502,-0.0519033871398005,-0.9986521107990591,0.0,29.831508138964324,-19.338074545494017,0.24435004455252063,260.7961085602781,NONE
0.0022799884900450706,0.06839965470135212,-7.24667350953226,-3.4070817093950394,-9.473011288119467,-7.256074061067632,-3.5023126481742097,-9.58805614719027,-8.156797489661828,-2.9906981460196365,-10.145900698450378,-6.421098727108833,-3.7847838436574524,-8.862632328046486,-0.0010876117105315818,-0.0036677219999566033,0.009239312655730636,0.7546516358926068,-0.34525465114687653,0.5579427697408231,0.9783810176486952,-0.05084982866417835,0.20046166523684114,-0.2001914651230658,0.010404639417476854,0.9797015467837502,-0.0519033871398005,-0.9986521107990591,0.0,29.803036728182477,-19.833206946206424,0.24695809694109627,260.81395266758364,NONE
0.0022899885661900043,0.06869965698570013,-7.243956446701335,-3.4069261114698532,-9.473221834076556,-7.256074061067632,-3.5023126481742097,-9.58805614719027,-8.153850114376517,-2.9948942051601968,-10.149094833462536,-6.418590581039329,-3.7806808512962644,-8.860136456044309,-0.0010851395651753392,-0.003659370598649584,0.009242914085392712,0.754460666668343,-0.34164636788524694,0.560416685834012,0.9783810176486952,-0.05084982866417835,0.20046166523684114,-0.2001914651230658,0.010404639417476854,0.9797015467837502,-0.0519033871398005,-0.9986521107990591,0.0,29.788554064874713,-20.33729375352112,0.24956630111762834,260.8318834210083,NONE
0.0022999884095042944,0.06899965228512883,-7.24123913055067,-3.4067704241377,-9.473432618452224,-7.256074061067632,-3.5023126481742097,-9.58805614719027,-8.150711552109447,-2.999039120246188,-10.152473256295426,-6.416255377851829,-3.7766240812729994,-8.857473870981071,-0.0010826812673295039,-0.0036510117854102997,0.009246507214567401,0.754111380112008,-0.33808041783774423,0.5630432110062416,0.9783810176486952,-0.05084982866417835,0.20046166523684114,-0.2001914651230658,0.010404639417476854,0.9797015467837502,-0.0519033871398005,-0.9986521107990591,0.0,29.78815567684178,-20.849660143497417,0.2521747007972728,260.84990373947505,NONE
0.002309988485649228,0.06929965456947684,-7.238521575981426,-3.406614707003224,-9.47364364124647,-7.256074061067632,-3.5023126481742097,-9.58805614719027,-8.147381088308459,-3.003132717607303,-10.156034849189057,-6.414093794135668,-3.7726138047963484,-8.854645586778487,-0.001080236711107859,-0.0036426452007646127,0.009250092197897712,0.7536031713794744,-0.33455699443001985,0.5658214184393787,0.9783810176486952,-0.05084982866417835,0.20046166523684114,-0.2001914651230658,0.010404639417476854,0.9797015467837502,-0.0519033871398005,-0.9986521107990591,0.0,29.801930582325028,-21.36960989813498,0.2547832844319,260.8680475952708,NONE
0.002319988328963518,0.06959964986890554,-7.235803797894763,-3.4064589302641037,-9.473854902459296,-7.256074061067632,-3.5023126481742097,-9.58805614719027,-8.143857908844515,-3.007174765045486,-10.159778350509072,-6.412106596806495,-3.768650175657453,-8.851652747866904,-0.001077806019161949,-0.003634271263951516,0.009253668855631496,0.7529353530600087,-0.33107626548346386,0.5687502620183339,0.9783810176486952,-0.05084982866417835,0.20046166523684114,-0.2001914651230658,0.010404639417476854,0.9797015467837502,-0.0519033871398005,-0.9986521107990591,0.0,29.829961588263238,-21.896421267827826,0.2573920359270545,260.8863490091769,NONE
0.002329988405108452,0.06989965215325356,-7.233085781389522,-3.4063030939203385,-9.47406638718954,-7.256074061067632,-3.5023126481742097,-9.58805614719027,-8.140141086797698,-3.0111651411119977,-10.163702349689233,-6.410294598256689,-3.7647333040226405,-8.84849660535498,-0.0010753890868058578,-0.0036258896148385652,0.00925723734169566,0.7521071689308737,-0.3276383317002795,0.5718285844931539,0.9783810176486952,-0.05084982866417835,0.20046166523684114,-0.2001914651230658,0.010404639417476854,0.9797015467837502,-0.0519033871398005,-0.9986521107990591,0.0,29.87232346483675,-22.42935502392763,0.2600009728488608,260.9047817585035,NONE
0.002339988248422742,0.07019964745268226,-7.23036751156454,-3.4061471979719284,-9.474278110338362,-7.256074061067632,-3.5023126481742097,-9.58805614719027,-8.136229609655809,-3.015103734329673,-10.16780529681047,-6.408658688519507,-3.7608632910130093,-8.845178593594577,-0.0010729860352938511,-0.003617500673427318,0.009260797477172462,0.7511177917983919,-0.32424328551449416,0.5750550883547367,0.9783810176486952,-0.05084982866417835,0.20046166523684114,-0.2001914651230658,0.010404639417476854,0.9797015467837502,-0.0519033871398005,-0.9986521107990591,0.0,29.929083251122034,-22.967651016646197,0.2626101067892215,260.92340886016177,NONE
0.0023499883245676756,0.07049964973703027,-7.2276490033209795,-3.405991272221196,-9.474490064455184,-7.256074061067632,-3.5023126481742097,-9.58805614719027,-8.132122370281337,-3.0189905671050794,-10.17208555776817,-6.407199900299018,-3.757040173139581,-8.841700180675346,-0.0010705967611418321,-0.003609104078932417,0.009264349415270667,0.7499662912966604,-0.32089113305847883,0.5784284248229665,0.9783810176486952,-0.05084982866417835,0.20046166523684114,-0.2001914651230658,0.010404639417476854,0.9797015467837502,-0.0519033871398005,-0.9986521107990591,0.0,30.000302074252488,-23.510545638219934,0.2652194261781222,260.94223519332036,NONE
0.0023599881678819656,0.07079964503645897,-7.224827513152408,-3.4057640891176346,-9.475095640195521,-7.256074061067632,-3.5023126481742097,-9.58805614719027,-8.128287199359937,-3.022770575981853,-10.176207367301316,-6.405297921411584,-3.7531780603786085,-8.839116175642266,-0.0010682213842049964,-0.0036007002521118415,0.009267892977909241,0.7491257730210229,-0.31756847147685024,0.5813439963735003,0.9783810176486952,-0.05084982866417835,0.20046166523684114,-0.2001914651230658,0.010404639417476854,0.9797015467837502,-0.0519033871398005,-0.9986521107990591,0.0,30.0468896873446,-24.017322804311643,0.26784697165730975,266.02507084811964,NONE
0.0023699882440268993,0.07109964732080698,-7.221815809661197,-3.4054051797491196,-9.476432646883639,-7.256074061067632,-3.5023126481742097,-9.58805614719027,-8.125131346160941,-3.0263928277898846,-10.179889659196455,-6.40241697632938,-3.7492078339325543,-8.838325770717484,-0.00106585980220269,-0.003592288831532498,0.009271428317576488,0.7490062477528534,-0.31426739397507375,0.5832886471647699,0.9783810176486952,-0.05084982866417835,0.20046166523684114,-0.2001914651230658,0.010404639417476854,0.9797015467837502,-0.0519033871398005,-0.9986521107990591,0.0,30.034869278875213,-24.455371300476692,0.2705072961168682,266.0421399182522,NONE
0.0023799880873411894,0.07139964262023568,-7.218803882652568,-3.40504621077596,-9.477769877089175,-7.256074061067632,-3.5023126481742097,-9.58805614719027,-8.121787106157255,-3.029960192269313,-10.18375349331655,-6.399706490920556,-3.7452872821897802,-8.837371114847524,-0.0010635121335894019,-0.0035838702387029496,0.00927495525703104,0.7487307022768259,-0.31101177822629006,0.5853836428126192,0.9783810176486952,-0.05084982866417835,0.20046166523684114,-0.2001914651230658,0.010404639417476854,0.9797015467837502,-0.0519033871398005,-0.9986521107990591,0.0,30.036605717109556,-24.899635470816158,0.27316779142406666,266.0592881758719,NONE
0.002389988163486123,0.07169964490458369,-7.215791747027683,-3.4046871821981552,-9.479107330812129,-7.256074061067632,-3.5023126481742097,-9.58805614719027,-8.118253967425625,-3.0334723184466488,-10.18779806397853,-6.397166957969464,-3.741416723518847,-8.836252938868673,-0.0010611782772891667,-0.0035754441115474936,0.009278473948038381,0.7482986997635482,-0.307801915248782,0.5876283152651556,0.9783810176486952,-0.05084982866417835,0.20046166523684114,-0.2001914651230658,0.010404639417476854,0.9797015467837502,-0.0519033871398005,-0.9986521107990591,0.0,30.05215936647656,-25.349520987415325,0.27582844299988984,266.0764951335431,NONE
0.002399988006800413,0.0719996402040124,-7.212779358083057,-3.404328094015706,-9.48044500060192,-7.256074061067632,-3.5023126481742097,-9.58805614719027,-8.114531346056271,-3.036928906406882,-10.192022318061026,-6.3947988218874325,-3.737596429973097,-8.834972183859838,-0.0010588583503540702,-0.003567010872318961,0.009281984214199145,0.7477097931168866,-0.3046380537244412,0.5900217974787775,0.9783810176486952,-0.05084982866417835,0.20046166523684114,-0.2001914651230658,0.010404639417476854,0.9797015467837502,-0.0519033871398005,-0.9986521107990591,0.0,30.081579221273067,-25.804411490681915,0.27848929607493567,266.09378778425935,NONE
0.002409987850114703,0.0722996355034411,-7.209766760522174,-3.403968946228612,-9.481782893909129,-7.256074061067632,-3.5023126481742097,-9.58805614719027,-8.110618582591187,-3.0403297333823387,-10.196425187050982,-6.392602766123856,-3.7338266036254084,-8.833529833279771,-0.0010565523064795814,-0.003558570354895181,0.009285486125094156,0.7469633984640569,-0.3015203783665521,0.5925631972918314,0.9783810176486952,-0.05084982866417835,0.20046166523684114,-0.2001914651230658,0.010404639417476854,0.9797015467837502,-0.0519033871398005,-0.9986521107990591,0.0,30.124913018635286,-26.263685269975035,0.2811503054186062,266.11120535622325,NONE
0.002419987926259637,0.0725996377877891,-7.206753954345035,-3.403609738836873,-9.483120995832595,-7.256074061067632,-3.5023126481742097,-9.58805614719027,-8.106514941354874,-3.0436746230073166,-10.201005365518556,-6.390579458011046,-3.7301074044573674,-8.831927042867756,-0.001054260100617888,-0.003550122392494873,0.009288979749548036,0.7460589058016647,-0.2984490354130656,0.5952514446307828,0.9783810176486952,-0.05084982866417835,0.20046166523684114,-0.2001914651230658,0.010404639417476854,0.9797015467837502,-0.0519033871398005,-0.9986521107990591,0.0,30.182198076773446,-26.726706061928517,0.283811474018016,266.1287451785861,NONE
0.002429987769573927,0.07289963308721781,-7.203740879946994,-3.403250442038167,-9.484459313822898,-7.256074061067632,-3.5023126481742097,-9.58805614719027,-8.102219492405007,-3.0469633851037132,-10.205761473536892,-6.388729627428927,-3.7264389481437528,-8.83016507856645,-0.001051981847714292,-0.0035416674084760547,0.009292464912429252,0.7449955934678613,-0.2954241578434954,0.5980853891175832,0.9783810176486952,-0.05084982866417835,0.20046166523684114,-0.2001914651230658,0.010404639417476854,0.9797015467837502,-0.0519033871398005,-0.9986521107990591,0.0,30.25346839059008,-27.192830283201157,0.28647285718021465,266.1464464795502,NONE
0.0024399878457188606,0.07319963537156582,-7.200727596932697,-3.4028911154371384,-9.485797840429457,-7.256074061067632,-3.5023126481742097,-9.58805614719027,-8.097731396991737,-3.0501960029334594,-10.210691922269849,-6.3870541488808135,-3.722821363539796,-8.828245367402415,-0.0010497174497111612,-0.0035332050391795725,0.009295941763687008,0.7437727165699665,-0.29244580895927685,0.6010637195075799,0.9783810176486952,-0.05084982866417835,0.20046166523684114,-0.2001914651230658,0.010404639417476854,0.9797015467837502,-0.0519033871398005,-0.9986521107990591,0.0,30.338746913327,-27.661410674634563,0.28913440111359634,266.16431251189493,NONE
0.0024499876890331507,0.07349963067099452,-7.1977141053021425,-3.402531729231465,-9.487136575652274,-7.256074061067632,-3.5023126481742097,-9.58805614719027,-8.093049569714436,-3.053372414688942,-10.215795116277018,-6.385554006935184,-3.7192546498752215,-8.826169356601959,-0.0010474670201470267,-0.0035247357086925497,0.009299410129038172,0.742389375121414,-0.2895140152983825,0.6041851129022003,0.9783810176486952,-0.05084982866417835,0.20046166523684114,-0.2001914651230658,0.010404639417476854,0.9797015467837502,-0.0519033871398005,-0.9986521107990591,0.0,30.438056661045866,-28.131805692302603,0.29179610430271374,266.1823763862181,NONE
0.0024599877651780844,0.07379963295534253,-7.194700345450687,-3.402172253618825,-9.488475519491347,-7.256074061067632,-3.5023126481742097,-9.58805614719027,-8.088172919045654,-3.0564926039920355,-10.221069151499606,-6.384230078046071,-3.715738765170597,-8.823938773339572,-0.0010452304621742714,-0.003516259052731797,0.00930287015770152,0.7408447134780799,-0.2866287657298092,0.6074479905043626,0.9783810176486952,-0.05084982866417835,0.20046166523684114,-0.2001914651230658,0.010404639417476854,0.9797015467837502,-0.0519033871398005,-0.9986521107990591,0.0,30.551404223542473,-28.603368013398295,0.29445802354817907,266.2006082447007,NONE
0.0024699876084923744,0.07409962825477123,-7.191686376982974,-3.401812748203862,-9.489814668221387,-7.256074061067632,-3.5023126481742097,-9.58805614719027,-8.083100316191823,-3.0595566806566046,-10.226512070689195,-6.383083499815859,-3.7122737234857124,-8.821555385933626,-0.0010430078879230752,-0.0035077754961073166,0.009306321676244868,0.739137746250419,-0.2837900186213512,0.6108507325024213,0.9783810176486952,-0.05084982866417835,0.20046166523684114,-0.2001914651230658,0.010404639417476854,0.9797015467837502,-0.0519033871398005,-0.9986521107990591,0.0,30.67879431619055,-29.075460229563344,0.29712010431160074,266.2190775613178,NONE
0.002479987684637308,0.07439963053911924,-7.188672170096683,-3.401453153381932,-9.491154018117102,-7.256074061067632,-3.5023126481742097,-9.58805614719027,-8.077830435507849,-3.062564662518945,-10.232121803788774,-6.382115417903084,-3.708859394969132,-8.819021065031336,-0.001040799201756956,-0.0034992846739171544,0.009309764833154627,0.7372673989585934,-0.28099770976095084,0.6143916255467118,0.9783810176486952,-0.05084982866417835,0.20046166523684114,-0.2001914651230658,0.010404639417476854,0.9797015467837502,-0.0519033871398005,-0.9986521107990591,0.0,30.820226579096353,-29.547453845156195,0.2997823734669023,266.2377544782505,NONE
0.002489987527951598,0.07469962583854795,-7.185657724791812,-3.40109352875768,-9.492493565453204,-7.256074061067632,-3.5023126481742097,-9.58805614719027,-8.07236196701054,-3.0655167676181994,-10.23789608342991,-6.381327020595401,-3.7054956955093394,-8.816337860261385,-0.001038604514396291,-0.0034907870116880793,0.009313199455851889,0.7352325853978872,-0.27825170777875646,0.618068792681967,0.9783810176486952,-0.05084982866417835,0.20046166523684114,-0.2001914651230658,0.010404639417476854,0.9797015467837502,-0.0519033871398005,-0.9986521107990591,0.0,30.9756891786087,-30.01873260652677,0.3024448347917428,266.25667191212005,NONE
0.002499987604096532,0.07499962812289596,-7.182633176499652,-3.400727407227147,-9.493868480695399,-7.256074061067632,-3.5023126481742097,-9.58805614719027,-8.066737366687606,-3.068412808876994,-10.24380706365206,-6.380660983271484,-3.702170461381152,-8.813598104381134,-0.0010364237314173011,-0.0034822821439046206,0.009316625692088283,0.7330766884417923,-0.2755468054365905,0.6218299822917075,0.9783810176486952,-0.05084982866417835,0.20046166523684114,-0.2001914651230658,0.010404639417476854,0.9797015467837502,-0.0519033871398005,-0.9986521107990591,0.0,31.141481262867806,-30.48646702697663,0.3051097604116446,271.10551663493175,IMPACT
0.002509987447410822,0.07529962342232466,-7.179375812465,-3.4002131979566697,-9.496083247734221,-7.256074061067632,-3.5023126481742097,-9.58805614719027,-8.061957541124677,-3.071233918391071,-10.24927858457863,-6.378784646297315,-3.6986307796036444,-8.81285866524477,-0.001034256962128822,-0.003473770496804163,0.00932004337014108,0.731814302098853,-0.27278124400546677,0.6245303997103738,0.9783810176486952,-0.05084982866417835,0.20046166523684114,-0.2001914651230658,0.010404639417476854,0.9797015467837502,-0.0519033871398005,-0.9986521107990591,0.0,31.233801229475056,-30.899539232868314,0.30782658020870635,271.69560167558666,NONE
0.002519987290725112,0.07559961872175336,-7.176117941790866,-3.3996987502676133,-9.498299449009808,-7.256074061067632,-3.5023126481742097,-9.58805614719027,-8.056987389711802,-3.0739973403219807,-10.254916060557862,-6.377079987964795,-3.69514297162808,-8.811971423274446,-0.001032104163281237,-0.0034652519026865704,0.00932345255774734,0.7303945224986987,-0.2700633179591737,0.627367233601485,0.9783810176486952,-0.05084982866417835,0.20046166523684114,-0.2001914651230658,0.010404639417476854,0.9797015467837502,-0.0519033871398005,-0.9986521107990591,0.0,31.339563672007714,-31.31298763710234,0.31054359605918336,271.71308148383673,NONE
0.0025299873668700457,0.07589962100610137,-7.172859832698154,-3.399184242973912,-9.5005158402752,-7.256074061067632,-3.5023126481742097,-9.58805614719027,-8.05182441806823,-3.076703214117474,-10.26071866405611,-6.3755497824547875,-3.691707251977515,-8.810934756221958,-0.0010299652928896464,-0.0034567261932228815,0.009326853321875562,0.7288150589623665,-0.2673930599391481,0.6303408294931098,0.9783810176486952,-0.05084982866417835,0.20046166523684114,-0.2001914651230658,0.010404639417476854,0.9797015467837502,-0.0519033871398005,-0.9986521107990591,0.0,31.458885323971867,-31.72638029938052,0.3132608040573128,271.7307591340653,NONE
0.0025399872101843357,0.07619961630553007,-7.169601514989185,-3.398669676075566,-9.502732417805108,-7.256074061067632,-3.5023126481742097,-9.58805614719027,-8.046467670632417,-3.0793515671183074,-10.266684497435095,-6.37419495339461,-3.6883235958511107,-8.809750378333229,-0.0010278404581426713,-0.003448193795704861,0.009330245492091487,0.7270750944512211,-0.2647704472751319,0.6334496170008118,0.9783810176486952,-0.05084982866417835,0.20046166523684114,-0.2001914651230658,0.010404639417476854,0.9797015467837502,-0.0519033871398005,-0.9986521107990591,0.0,31.591750667649467,-32.139198166978744,0.31597817579184806,271.7486049624299,NONE
0.0025499872863292694,0.07649961858987808,-7.1663429588616365,-3.3981550495725754,-9.50494918159953,-7.256074061067632,-3.5023126481742097,-9.58805614719027,-8.040915978694036,-3.0819424784078344,-10.272811625276903,-6.373016504087043,-3.6849919315122412,-8.808420045228658,-0.0010257295676540756,-0.003439654343106417,0.009333629214300728,0.7251736846117361,-0.2621954143932204,0.6366919913253234,0.9783810176486952,-0.05084982866417835,0.20046166523684114,-0.2001914651230658,0.010404639417476854,0.9797015467837502,-0.0519033871398005,-0.9986521107990591,0.0,31.73814378336593,-32.550937525368504,0.3186957404208144,271.7666882489292,NONE
0.0025599871296435595,0.07679961388930678,-7.163084164315509,-3.3976403336626175,-9.507166124207886,-7.256074061067632,-3.5023126481742097,-9.58805614719027,-8.035168202958882,-3.084476015335629,-10.279097875635317,-6.37201546798751,-3.6817121410319587,-8.806945712874796,-0.0010236327271969945,-0.003431108263414511,0.0093370043189311,0.7231098847701621,-0.25966788073753455,0.6400661577219658,0.9783810176486952,-0.05084982866417835,0.20046166523684114,-0.2001914651230658,0.010404639417476854,0.9797015467837502,-0.0519033871398005,-0.9986521107990591,0.0,31.898038283917998,-32.96110158201096,0.3214134979223253,271.7849488899713,NONE
0.002569987205788493,0.0770996161736548,-7.159825161153125,-3.3971255879503373,-9.509383249355468,-7.256074061067632,-3.5023126481742097,-9.58805614719027,-8.029223131846324,-3.0869523816170013,-10.28554099119601,-6.371193000958615,-3.6784841532919135,-8.805329435989247,-0.0010215498466026392,-0.0034225551890082807,0.009340370951145961,0.7208826656033516,-0.2571877268151793,0.6435702413942452,0.9783810176486952,-0.05084982866417835,0.20046166523684114,-0.2001914651230658,0.010404639417476854,0.9797015467837502,-0.0519033871398005,-0.9986521107990591,0.0,32.07140440855115,-33.3692104053644,0.3241314214224609,271.8034802937229,NONE
0.002579987049102783,0.0773996114730835,-7.156565919572162,-3.39661075283109,-9.511600545866402,-7.256074061067632,-3.5023126481742097,-9.58805614719027,-8.023079403788557,-3.0893716817592893,-10.292138581114951,-6.370550281244433,-3.6753077598212447,-8.803573361996582,-0.0010194810302271476,-0.0034139955485635114,0.0093437289422378,0.7184909228452715,-0.2547548165486762,0.6472022691819003,0.9783810176486952,-0.05084982866417835,0.20046166523684114,-0.2001914651230658,0.010404639417476854,0.9797015467837502,-0.0519033871398005,-0.9986521107990591,0.0,32.25820859563195,-33.77479961640509,0.32684953928869653,271.82222847419666,NONE
0.002589987125247717,0.07769961375743151,-7.15330643957262,-3.39609588790952,-9.513818013740691,-7.256074061067632,-3.5023126481742097,-9.58805614719027,-8.016735736541484,-3.0917342184527317,-10.298888018831253,-6.370088471970444,-3.672182799721301,-8.801679873453992,-0.0010174261891204345,-0.0034054289738697763,0.009347078436625758,0.7159335932917565,-0.2523689483776389,0.6509600632075048,0.9783810176486952,-0.05084982866417835,0.20046166523684114,-0.2001914651230658,0.010404639417476854,0.9797015467837502,-0.0519033871398005,-0.9986521107990591,0.0,32.45840426722734,-34.177421973477706,0.32956785455191806,271.8412265419908,NONE
0.002599986968562007,0.07799960905686021,-7.150046750956821,-3.395580933580983,-9.516035649253043,-7.256074061067632,-3.5023126481742097,-9.58805614719027,-8.010190745116713,-3.0940401703013163,-10.305786601758292,-6.369808886297682,-3.669108997308042,-8.799651414777212,-0.0010153854262201602,-0.0033968558942857044,0.00935041926646925,0.7132095038343612,-0.250029924785533,0.6548413856439476,0.9783810176486952,-0.05084982866417835,0.20046166523684114,-0.2001914651230658,0.010404639417476854,0.9797015467837502,-0.0519033871398005,-0.9986521107990591,0.0,32.67194470783134,-34.57664897435144,0.3322863357699912,271.8605376594993,NONE
0.0026099870447069407,0.07829961134120822,-7.146786823922443,-3.3950659196478012,-9.518253452403458,-7.256074061067632,-3.5023126481742097,-9.58805614719027,-8.00344289657843,-3.096289853174147,-10.312831532189023,-6.369712857918392,-3.6660861228921977,-8.797490523770369,-0.0010133586537960958,-0.003388275941016603,0.009353751575441115,0.7103174081130607,-0.24773750857306553,0.6588439167037623,0.9783810176486952,-0.05084982866417835,0.20046166523684114,-0.2001914651230658,0.010404639417476854,0.9797015467837502,-0.0519033871398005,-0.9986521107990591,0.0,32.898780319132285,-34.972075207886206,0.33500501361638513,271.8800753120669,NONE
0.0026199868880212307,0.07859960664063692,-7.143526628667163,-3.3945508461099747,-9.520471413878711,-7.256074061067632,-3.5023126481742097,-9.58805614719027,-7.996490730070837,-3.098483604506131,-10.320019736219068,-6.369801655140938,-3.6631138703860744,-8.795199971015307,-0.001011345973366,-0.003379689544097724,0.009357075196570171,0.707256119534739,-0.24549141994780152,0.6629651153059831,0.9783810176486952,-0.05084982866417835,0.20046166523684114,-0.2001914651230658,0.010404639417476854,0.9797015467837502,-0.0519033871398005,-0.9986521107990591,0.0,33.13884835763248,-35.36331374178821,0.3377239191160708,271.89993213195334,NONE
0.0026299869641661644,0.07889960892498493,-7.140221729928302,-3.3940080564123276,-9.522840298039826,-7.256074061067632,-3.5023126481742097,-9.58805614719027,-7.989522682156649,-3.1006201713958967,-10.327260916287004,-6.369819604332064,-3.660140632441834,-8.793149188492544,-0.0010093472984210104,-0.003371096334155448,0.009360390272780855,0.7042187294889503,-0.2432697656721468,0.6670050990410702,0.9783810176486952,-0.05084982866417835,0.20046166523684114,-0.2001914651230658,0.010404639417476854,0.9797015467837502,-0.0519033871398005,-0.9986521107990591,0.0,33.376516459013594,-35.743996953052466,0.3404548980806066,276.890816586712,NONE
0.0026399868074804544,0.07919960422441363,-7.1367758065999025,-3.3933785717588547,-9.525685872210177,-7.256074061067632,-3.5023126481742097,-9.58805614719027,-7.9829534606802905,-3.1026941683934814,-10.334368161472588,-6.3692068292837245,-3.657058815661545,-8.79212899470383,-0.001007362729057406,-0.003362496741895416,0.009363696637973897,0.7016289701724203,-0.24102810750785375,0.670538768160329,0.9783810176486952,-0.05084982866417835,0.20046166523684114,-0.2001914651230658,0.010404639417476854,0.9797015467837502,-0.0519033871398005,-0.9986521107990591,0.0,33.577963173266646,-36.10166990401467,0.34322388632986645,276.9094310900968,NONE
0.0026499866507947445,0.07949959952384233,-7.133329674655246,-3.392749027500737,-9.528531600980076,-7.256074061067632,-3.5023126481742097,-9.58805614719027,-7.976184842345498,-3.1047112103024945,-10.34161860232315,-6.368774529562509,-3.654028549252603,-8.790979202756745,-0.0010053922256603736,-0.003353890597847876,0.009366994357669123,0.6988740490360826,-0.23883362563048194,0.6741910432897416,0.9783810176486952,-0.05084982866417835,0.20046166523684114,-0.2001914651230658,0.010404639417476854,0.9797015467837502,-0.0519033871398005,-0.9986521107990591,0.0,33.79230113950365,-36.4557851596059,0.3459930446631425,276.9282985396043,NONE
0.002659986726939678,0.07979960180819035,-7.129883304292011,-3.3921194236379746,-9.531377478761586,-7.256074061067632,-3.5023126481742097,-9.58805614719027,-7.9692155989988125,-3.1066715822605326,-10.349009375464949,-6.368523762392153,-3.6510495745662794,-8.789702399365002,-0.001003435749888456,-0.003345277731950352,0.009370283496603668,0.6959529724376782,-0.23668608361119414,0.6779595548260642,0.9783810176486952,-0.05084982866417835,0.20046166523684114,-0.2001914651230658,0.010404639417476854,0.9797015467837502,-0.0519033871398005,-0.9986521107990591,0.0,34.01946761237142,-36.80601363485556,0.34876240335862896,276.94742524681567,NONE
0.0026699865702539682,0.08009959710761905,-7.126436695510196,-3.391489730368245,-9.534223503692063,-7.256074061067632,-3.5023126481742097,-9.58805614719027,-7.96204435898376,-3.1085755481474324,-10.35653760902782,-6.36845577200423,-3.648121595400741,-8.788301186053937,-0.0010014933997030723,-0.0033366585759022544,0.009373563889990572,0.6928646030345781,-0.2345852379362212,0.6818419230321225,0.9783810176486952,-0.05084982866417835,0.20046166523684114,-0.2001914651230658,0.010404639417476854,0.9797015467837502,-0.0519033871398005,-0.9986521107990591,0.0,34.259404255112926,-37.15204711082024,0.3515319612742722,276.96680528810305,NONE
0.002679986646398902,0.08039959939196706,-7.122989848309802,-3.390860007296193,-9.537069672046217,-7.256074061067632,-3.5023126481742097,-9.58805614719027,-7.954669780948215,-3.1104234616343964,-10.364200207751077,-6.368571775141199,-3.6452444046124306,-8.786778363434506,-0.0009995650916539702,-0.0033280327589063946,0.009376835678874056,0.6896078286117463,-0.23253084477305835,0.6858355844854656,0.9783810176486952,-0.05084982866417835,0.20046166523684114,-0.2001914651230658,0.010404639417476854,0.9797015467837502,-0.0519033871398005,-0.9986521107990591,0.0,34.51204415221588,-37.49359146718548,0.3543017221877349,276.9864744449134,NONE
0.002689986489713192,0.08069959469139576,-7.11954276269083,-3.390230194817174,-9.539915979167434,-7.256074061067632,-3.5023126481742097,-9.58805614719027,-7.947090401878563,-3.1122156009438844,-10.371994028427144,-6.368873098904836,-3.6424176361532465,-8.785136773834221,-0.000997650922277447,-0.003319400713316794,0.009380098699345021,0.6861814360755334,-0.23052262400407053,0.6899379367795315,0.9783810176486952,-0.05084982866417835,0.20046166523684114,-0.2001914651230658,0.010404639417476854,0.9797015467837502,-0.0519033871398005,-0.9986521107990591,0.0,34.77732211633904,-37.83037604906596,0.35707168400160505,277.0064091710088,NONE
0.0026999865658581257,0.08099959697574377,-7.1160954684556,-3.38960032273351,-9.54276241946778,-7.256074061067632,-3.5023126481742097,-9.58805614719027,-7.939304879584293,-3.113952392530704,-10.379915675207506,-6.369361017634146,-3.6396409600214668,-8.783379486975443,-0.000995750809348831,-0.0033107620677761927,0.009383353091692056,0.682584287804412,-0.2285602467351142,0.6941461687965491,0.9783810176486952,-0.05084982866417835,0.20046166523684114,-0.2001914651230658,0.010404639417476854,0.9797015467837502,-0.0519033871398005,-0.9986521107990591,0.0,35.055161271871874,-38.16214893994161,0.35984182019346456,277.02663932420853,NONE
0.0027099864091724157,0.08129959227517247,-7.112661883288669,-3.3891678910356644,-9.545374410951498,-7.256074061067632,-3.5023126481742097,-9.58805614719027,-7.9315947548829815,-3.1161012093743636,-10.387552912683965,-6.369806687681564,-3.636867074027768,-8.781433070530506,-0.0009938648479780533,-0.003302117255287136,0.009386598692886336,0.6790382900875731,-0.22641994115365416,0.6983129748493301,0.9783810176486952,-0.05084982866417835,0.20046166523684114,-0.2001914651230658,0.010404639417476854,0.9797015467837502,-0.0519033871398005,-0.9986521107990591,0.0,35.32785413280487,-38.50461205249285,0.3626555815031143,339.58239169329204,SLIDING
0.0027199864853173494,0.08159959455952048,-7.109387680941867,-3.3914462487798813,-9.544845089575263,-7.256074061067632,-3.5023126481742097,-9.58805614719027,-7.927817094050907,-3.124638742543765,-10.389515522327365,-6.366989173256973,-3.633467724665464,-8.778643314912053,-0.00099199295716707,-0.0032934659039377855,0.009389835642458681,0.6786208351277974,-0.2212299922268255,0.7003792206153533,0.9783810176486952,-0.05084982866417835,0.20046166523684114,-0.2001914651230658,0.010404639417476854,0.9797015467837502,-0.0519033871398005,-0.9986521107990591,0.0,35.353423140797275,-39.057716617390845,0.36608096167262083,345.5537961597754,NONE
0.0027299863286316395,0.08189958985894918,-7.1058843285382265,-3.393549160252202,-9.54523870421386,-7.256074061067632,-3.5023126481742097,-9.58805614719027,-7.924934484497345,-3.133094041499089,-10.391288976201412,-6.362922744113696,-3.6298083762384215,-8.777785275378848,-0.0009901352305981789,-0.0032848084473727267,0.009393063778262854,0.6791355392972387,-0.21596275423449246,0.7015233481837229,0.9783810176486952,-0.05084982866417835,0.20046166523684114,-0.2001914651230658,0.010404639417476854,0.9797015467837502,-0.0519033871398005,-0.9986521107990591,0.0,35.30734277486243,-39.5882334564431,0.3695366032046259,345.57437474552563,NONE
0.002739986404776573,0.0821995921432972,-7.102380737716007,-3.3956519823175553,-9.54563247531465,-7.256074061067632,-3.5023126481742097,-9.58805614719027,-7.921847850895138,-3.141495246404215,-10.393193147832731,-6.359040930792446,-3.6261979260946138,-8.776808959967703,-0.0009882915885011867,-0.003276144513130992,0.009396283239070042,0.679481269609866,-0.21074029551756462,0.7027757338543599,0.9783810176486952,-0.05084982866417835,0.20046166523684114,-0.2001914651230658,0.010404639417476854,0.9797015467837502,-0.0519033871398005,-0.9986521107990591,0.0,35.2752353812052,-40.119049673883616,0.37299244208984206,345.5948253762306,NONE
0.0027499862480908632,0.0824995874427259,-7.09887693827753,-3.3977547149759415,-9.54602640241197,-7.256074061067632,-3.5023126481742097,-9.58805614719027,-7.918557553917781,-3.149841017126708,-10.395228131304407,-6.355343462961824,-3.6226375898701186,-8.77571428244765,-0.0009864621231291397,-0.0032674745354931214,0.009399493863618878,0.6796583004156334,-0.20556372727974379,0.7041364560246772,0.9783810176486952,-0.05084982866417835,0.20046166523684114,-0.2001914651230658,0.010404639417476854,0.9797015467837502,-0.0519033871398005,-0.9986521107990591,0.0,35.25710035158387,-40.64955982223559,0.3764484492635898,345.6152115910315,NONE
0.0027599860914051533,0.0827995827421546,-7.09537284081583,-3.399857328425038,-9.546420485971483,-7.256074061067632,-3.5023126481742097,-9.58805614719027,-7.915063814480426,-3.158130073449024,-10.39739388830913,-6.351829969721216,-3.6191284720160737,-8.77450127845537,-0.000984646797961967,-0.0032587983435733263,0.009402695715521516,0.6796668890257435,-0.20043408633349996,0.705605482545114,0.9783810176486952,-0.05084982866417835,0.20046166523684114,-0.2001914651230658,0.010404639417476854,0.9797015467837502,-0.0519033871398005,-0.9986521107990591,0.0,35.25292686626915,-41.179160741390774,0.37990471059115904,345.635505837417,NONE
0.002769986167550087,0.08309958502650261,-7.0918685347378725,-3.40195988226949,-9.546814725061866,-7.256074061067632,-3.5023126481742097,-9.58805614719027,-7.911366994361923,-3.166361267406695,-10.39969024759731,-6.3485002934086605,-3.615671727524817,-8.773170101555488,-0.0009828455777597582,-0.003250115765924134,0.009405888857595789,0.679507261284027,-0.1953523739644008,0.7071826721920966,0.9783810176486952,-0.05084982866417835,0.20046166523684114,-0.2001914651230658,0.010404639417476854,0.9797015467837502,-0.0519033871398005,-0.9986521107990591,0.0,35.26269506783944,-41.70725075200031,0.3833611418160512,345.65574024489547,NONE
0.002779986010864377,0.08339958032593131,-7.088363990241336,-3.40406228710233,-9.54720911991595,-7.256074061067632,-3.5023126481742097,-9.58805614719027,-7.9074671690157805,-3.1745332282802665,-10.4021169999062,-6.3453543087441195,-3.6122684292697986,-8.771720942014577,-0.0009810585526291659,-0.0032414272377682997,0.009409073129912146,0.6791795044659396,-0.19031965260414446,0.7088678512572276,0.9783810176486952,-0.05084982866417835,0.20046166523684114,-0.2001914651230658,0.010404639417476854,0.9797015467837502,-0.0519033871398005,-0.9986521107990591,0.0,35.28638450393415,-42.233225203743864,0.38681776750329,345.6759201999898,NONE
0.0027899860870093107,0.08369958261027932,-7.0848591775238985,-3.4061646323305252,-9.54760366936958,-7.256074061067632,-3.5023126481742097,-9.58805614719027,-7.903364472731954,-3.182644926583233,-10.40467374378041,-6.342391837076926,-3.608919681607876,-8.770154161773243,-0.000979285645875148,-0.0032327323852952027,0.009412248669333632,0.6786837546326205,-0.18533685001071426,0.7106606878292024,0.9783810176486952,-0.05084982866417835,0.20046166523684114,-0.2001914651230658,0.010404639417476854,0.9797015467837502,-0.0519033871398005,-0.9986521107990591,0.0,35.32395952665119,-42.756494269595294,0.3902746215905992,345.6960173518694,NONE
0.0027999859303236008,0.08399957790970802,-7.081354126387882,-3.408266858349431,-9.547998372724267,-7.256074061067632,-3.5023126481742097,-9.58805614719027,-7.899059081832113,-3.1906952148416625,-10.407359923746212,-6.33961277530149,-3.6056264117422137,-8.76847026337042,-0.0009775269461719707,-0.003224031644347729,0.009415415316821371,0.6780201332741838,-0.18040486821763096,0.7125607219025181,0.9783810176486952,-0.05084982866417835,0.20046166523684114,-0.2001914651230658,0.010404639417476854,0.9797015467837502,-0.0519033871398005,-0.9986521107990591,0.0,35.375374468654506,-43.276476261951444,0.39373167202908554,345.71612587340115,NONE
0.0028099860064685345,0.08429958019405603,-7.077848836833286,-3.4103689949613694,-9.548393228815856,-7.256074061067632,-3.5023126481742097,-9.58805614719027,-7.894551005585522,-3.198683011670803,-10.410174930655286,-6.337017115009649,-3.60238965743454,-8.76666979714527,-0.0009757823780563431,-0.003215324640584931,0.009418573208471889,0.6771886480764666,-0.17552462859292933,0.714567449352181,0.9783810176486952,-0.05084982866417835,0.20046166523684114,-0.2001914651230658,0.010404639417476854,0.9797015467837502,-0.0519033871398005,-0.9986521107990591,0.0,35.4405815810634,-43.79259791396806,0.3971889205675616,345.7361891189555,NONE
0.0028199858497828245,0.08459957549348474,-7.074343308860111,-3.4124710123640183,-9.548788236945855,-7.256074061067632,-3.5023126481742097,-9.58805614719027,-7.889840285797527,-3.206607221120057,-10.4131179597092,-6.334604818279713,-3.59921035598718,-8.764753491799524,-0.0009740520287689534,-0.0032066118104637498,0.00942172218613934,0.6761893337033975,-0.17069701515961877,0.7166802034389902,0.9783810176486952,-0.05084982866417835,0.20046166523684114,-0.2001914651230658,0.010404639417476854,0.9797015467837502,-0.0519033871398005,-0.9986521107990591,0.0,35.51952029568693,-44.304299291404995,0.400646365830605,345.7562101361285,NONE
0.0028299859259277582,0.08489957777783275,-7.0708375424683565,-3.4145729105573777,-9.54918339548445,-7.256074061067632,-3.5023126481742097,-9.58805614719027,-7.884926828922508,-3.214466824359584,-10.4161881691384,-6.33237596996705,-3.59608943158216,-8.762722107795346,-0.0009723358240795711,-0.003197892779118361,0.009424862385151328,0.67502211258933,-0.16592287270546788,0.718898287540458,0.9783810176486952,-0.05084982866417835,0.20046166523684114,-0.2001914651230658,0.010404639417476854,0.9797015467837502,-0.0519033871398005,-0.9986521107990591,0.0,35.612128379011175,-44.81103938964979,0.4041040081449303,345.77625323996784,NONE
0.0028399857692420483,0.08519957307726145,-7.067331537658023,-3.41667471934377,-9.549578702918241,-7.256074061067632,-3.5023126481742097,-9.58805614719027,-7.879810516851101,-3.2222608476586037,-10.419384568877609,-6.330330677208833,-3.593027824328134,-8.760576540336176,-0.0009706338497936852,-0.0031891679836130544,0.009427993648257462,0.6736868868009857,-0.16120303333457844,0.7212208819745356,0.9783810176486952,-0.05084982866417835,0.20046166523684114,-0.2001914651230658,0.010404639417476854,0.9797015467837502,-0.0519033871398005,-0.9986521107990591,0.0,35.71833510230826,-45.31229346985219,0.40756184932936,345.79629086675635,NONE
0.002849985845386982,0.08549957536160946,-7.063825294429111,-3.418776438723195,-9.549974157908453,-7.256074061067632,-3.5023126481742097,-9.58805614719027,-7.874491254815225,-3.229988336648933,-10.422705985435112,-6.328469025969328,-3.590026399933867,-8.75831785134487,-0.0009689460329151507,-0.0031804370485627753,0.009431116110014855,0.6721835777590855,-0.15653828838475403,0.7236470148218448,0.9783810176486952,-0.05084982866417835,0.20046166523684114,-0.2001914651230658,0.010404639417476854,0.9797015467837502,-0.0519033871398005,-0.9986521107990591,0.0,35.83805855684167,-45.80755728262071,0.4110198896522661,345.81635515720836,NONE
0.002859985688701272,0.08579957066103816,-7.060318812781619,-3.420878009091008,-9.550369758476025,-7.256074061067632,-3.5023126481742097,-9.58805614719027,-7.868968882158899,-3.237648314154327,-10.426151143172627,-6.326791161979807,-3.587085931125241,-8.755947194180495,-0.0009672724578134723,-0.0031717004116330544,0.009434229614070696,0.6705120522517787,-0.1519293986830061,0.7261756299965789,0.9783810176486952,-0.05084982866417835,0.20046166523684114,-0.2001914651230658,0.010404639417476854,0.9797015467837502,-0.0519033871398005,-0.9986521107990591,0.0,35.971211831033266,-46.29634933754517,0.4144781264794908,345.8364507107337,NONE
0.0028699857648462057,0.08609957294538617,-7.0568120629132265,-3.422979490051854,-9.550765502776501,-7.256074061067632,-3.5023126481742097,-9.58805614719027,-7.863243076549956,-3.2452398779895337,-10.429718709801959,-6.325297320792195,-3.584207349947914,-8.753465773846042,-0.000965613052727467,-0.0031629576969247853,0.009437334294209215,0.6686720677207657,-0.14737716172103474,0.7288056243286599,0.9783810176486952,-0.05084982866417835,0.20046166523684114,-0.2001914651230658,0.010404639417476854,0.9797015467837502,-0.0519033871398005,-0.9986521107990591,0.0,36.11770760874523,-46.77820657183041,0.4179365923696867,345.8565805973408,NONE
0.0028799856081604958,0.08639956824481487,-7.05321140592699,-3.425012246857274,-9.551531097528512,-7.256074061067632,-3.5023126481742097,-9.58805614719027,-7.857753419560421,-3.252778123982395,-10.433306944786619,-6.323410178448766,-3.5812460695262196,-8.751670947549048,-0.0009639679005890991,-0.003154209342698415,0.009440429994977654,0.6671057570050676,-0.14281215023644545,0.7311460857554657,0.9783810176486952,-0.05084982866417835,0.20046166523684114,-0.2001914651230658,0.010404639417476854,0.9797015467837502,-0.0519033871398005,-0.9986521107990591,0.0,36.24343568557151,-47.25324406671619,0.4214092997524723,348.80545861725983,NONE
0.002889985451474786,0.08669956354424357,-7.049505874568271,-3.4269680242639664,-9.552712084984394,-7.256074061067632,-3.5023126481742097,-9.58805614719027,-7.852556322616582,-3.2602637730848167,-10.436907063549514,-6.321057648395683,-3.5781856922971653,-8.75065753748762,-0.0009623369685562177,-0.003145455176491829,0.009443516777697588,0.6658689887916954,-0.13822692139667325,0.733151967852998,0.9783810176486952,-0.05084982866417835,0.20046166523684114,-0.2001914651230658,0.010404639417476854,0.9797015467837502,-0.0519033871398005,-0.9986521107990591,0.0,36.34420812039532,-47.72232023370366,0.4248974295281496,348.8245364383695,NONE
0.0028999855276197195,0.08699956582859159,-7.0458001345932955,-3.4289236824613694,-9.553893210159602,-7.256074061067632,-3.5023126481742097,-9.58805614719027,-7.8471598194549665,-3.267678568807177,-10.440630915680584,-6.3188856021595985,-3.575189358927722,-8.749532151353181,-0.0009607202250741336,-0.0031366950253178625,0.009446594702882847,0.6644670509979864,-0.13370034353067167,0.735260332316262,0.9783810176486952,-0.05084982866417835,0.20046166523684114,-0.2001914651230658,0.010404639417476854,0.9797015467837502,-0.0519033871398005,-0.9986521107990591,0.0,36.45805522633429,-48.18487688483161,0.42838572974079625,348.8435751123124,NONE
0.0029099853709340096,0.08729956112802029,-7.042094126397418,-3.430879236350644,-9.555074471773567,-7.256074061067632,-3.5023126481742097,-9.58805614719027,-7.841563872017017,-3.2750216079815546,-10.444477426069124,-6.316893960591382,-3.572257917100847,-8.74829576193804,-0.0009591177509163071,-0.0031279293283172863,0.009449663616434543,0.6628999614894063,-0.12923317787795324,0.7374702887526446,0.9783810176486952,-0.05084982866417835,0.20046166523684114,-0.2001914651230658,0.010404639417476854,0.9797015467837502,-0.0519033871398005,-0.9986521107990591,0.0,36.58488396570136,-48.64048944040983,0.43187425972089066,348.8626381670236,NONE
0.0029199854470789433,0.0875995634123683,-7.038387909585285,-3.43283468593179,-9.556255867963644,-7.256074061067632,-3.5023126481742097,-9.58805614719027,-7.83576838737241,-3.282291958880539,-10.448445506195064,-6.315082921660368,-3.5693922119878256,-8.746949353088077,-0.0009575294774140884,-0.003119157708330062,0.009452723650197146,0.6611675937878447,-0.1248261970031681,0.7397809361334733,0.9783810176486952,-0.05084982866417835,0.20046166523684114,-0.2001914651230658,0.010404639417476854,0.9797015467837502,-0.0519033871398005,-0.9986521107990591,0.0,36.72460450861293,-49.08875339214547,0.4353629615257688,348.88172635599716,NONE
0.0029299852903932333,0.087899558711797,-7.034681454354572,-3.4347900014024857,-9.55743739733285,-7.256074061067632,-3.5023126481742097,-9.58805614719027,-7.829773267302542,-3.2894887087605085,-10.45253383511553,-6.313452517624741,-3.5665930147036686,-8.7454941203683,-0.0009559554839004221,-0.0031103806050760507,0.009455774650977198,0.6592698911642614,-0.12048013301876515,0.7421911803248835,0.9783810176486952,-0.05084982866417835,0.20046166523684114,-0.2001914651230658,0.010404639417476854,0.9797015467837502,-0.0519033871398005,-0.9986521107990591,0.0,36.87711429550295,-49.529287908527564,0.4388518630780549,348.90081596143114,NONE
0.002939985366538167,0.08819956099614501,-7.030974790507602,-3.436745212565053,-9.558619058018538,-7.256074061067632,-3.5023126481742097,-9.58805614719027,-7.823578344787665,-3.2966110145252974,-10.456741044095,-6.312002956824413,-3.563861146858183,-8.743931301808427,-0.000954395702945643,-0.003101597640900558,0.009458816749839687,0.6572066904188052,-0.1161957097099503,0.7446998879506843,0.9783810176486952,-0.05084982866417835,0.20046166523684114,-0.2001914651230658,0.010404639417476854,0.9797015467837502,-0.0519033871398005,-0.9986521107990591,0.0,37.04231195963086,-49.961735670229345,0.4423409371085558,348.91996745245814,NONE
0.002949985209852457,0.08849955629557371,-7.027267888242053,-3.4387002896171692,-9.559800847692403,-7.256074061067632,-3.5023126481742097,-9.58805614719027,-7.817183388117773,-3.3036579479992536,-10.461065602699502,-6.31073439260781,-3.5611973935647976,-8.742262281227026,-0.0009528502124409705,-0.0030928092560958513,0.009461849794498942,0.6549778241347664,-0.11197367198501915,0.7473057919445549,0.9783810176486952,-0.05084982866417835,0.20046166523684114,-0.2001914651230658,0.010404639417476854,0.9797015467837502,-0.0519033871398005,-0.9986521107990591,0.0,37.22008988758349,-50.38575968945192,0.4458302117265891,348.93912800695114,NONE
0.0029599852859973907,0.08879955857992172,-7.023560747557926,-3.4406552623611573,-9.560982764026138,-7.256074061067632,-3.5023126481742097,-9.58805614719027,-7.8105881651765525,-3.31062877325295,-10.465505868008735,-6.309647035527978,-3.558602479222214,-8.740488544479163,-0.0009513189461963647,-0.0030840150725179837,0.009464873915238693,0.6525830998472065,-0.10781465476924522,0.7500075319693791,0.9783810176486952,-0.05084982866417835,0.20046166523684114,-0.2001914651230658,0.010404639417476854,0.9797015467837502,-0.0519033871398005,-0.9986521107990591,0.0,37.41033655073558,-50.80105674315464,0.44931968891433627,348.9583557887348,NONE
0.002969985129311681,0.08909955387935042,-7.019853398257541,-3.4426101009946946,-9.562164805157098,-7.256074061067632,-3.5023126481742097,-9.58805614719027,-7.803792423965989,-3.317522567698292,-10.47006006485211,-6.308741171008735,-3.55607718387538,-8.7386116982724,-0.0009498019806605426,-0.0030752155310255678,0.009467888960683188,0.6500222838944588,-0.10371939833786434,0.7528036376433519,0.9783810176486952,-0.05084982866417835,0.20046166523684114,-0.2001914651230658,0.010404639417476854,0.9797015467837502,-0.0519033871398005,-0.9986521107990591,0.0,37.61293779413279,-51.20733727483522,0.45280933837171666,348.97765846722734,NONE
0.0029799852054566145,0.08939955616369843,-7.016145780736255,-3.4445648204189423,-9.563346968291315,-7.256074061067632,-3.5023126481742097,-9.58805614719027,-7.79679580470652,-3.3243385512463157,-10.474726293198142,-6.308017011734538,-3.553622243562151,-8.736633460799679,-0.0009482992508840077,-0.003066410252990679,0.009470895060332857,0.6472951273791224,-0.0996885618764502,0.7556925358254183,0.9783810176486952,-0.05084982866417835,0.20046166523684114,-0.2001914651230658,0.010404639417476854,0.9797015467837502,-0.0519033871398005,-0.9986521107990591,0.0,37.82777571570508,-51.60434330705682,0.45629921973258725,348.9970054087029,NONE
0.0029899850487709045,0.08969955146312714,-7.012522026950168,-3.4466401051384095,-9.563822895547363,-7.256074061067632,-3.5023126481742097,-9.58805614719027,-7.790416055335375,-3.331334281400158,-10.478189636634463,-6.306893225540965,-3.5512341850914604,-8.734399498505638,-0.0009468108318715878,-0.0030575996798319683,0.009473892063724116,0.6450099259975697,-0.09560865377882725,0.7581696252734016,0.9783810176486952,-0.05084982866417835,0.20046166523684114,-0.2001914651230658,0.010404639417476854,0.9797015467837502,-0.0519033871398005,-0.9986521107990591,0.0,38.00927345287083,-51.99956380859685,0.4598547543516638,378.0972286997758,IMPACT
0.0029999848920851946,0.08999954676255584,-7.00892184680109,-3.4489096115928772,-9.562947515657159,-7.256074061067632,-3.5023126481742097,-9.58805614719027,-7.787949815090942,-3.3392573613203513,-10.47704428199206,-6.302264446859711,-3.5483753268552003,-8.733769013104729,-0.0009453366939091519,-0.003048783637836108,0.009476880030210851,0.6459501601005352,-0.09092085458036905,0.7579457690814484,0.9783810176486952,-0.05084982866417835,0.20046166523684114,-0.2001914651230658,0.010404639417476854,0.9797015467837502,-0.0519033871398005,-0.9986521107990591,0.0,37.94999660693819,-52.43467325580705,0.4636679863945048,381.61500628113157,NONE
0.0030099849682301283,0.09029954904690385,-7.005294993573474,-3.4511571537357453,-9.562181761747214,-7.256074061067632,-3.5023126481742097,-9.58805614719027,-7.785415846681588,-3.3471164810433094,-10.47600235823382,-6.297646236228325,-3.5455325988361115,-8.733253773264728,-0.0009438768085755028,-0.0030399619527962983,0.009479859018328396,0.6468563523709842,-0.08626787730121828,0.7577167760735188,0.9783810176486952,-0.05084982866417835,0.20046166523684114,-0.2001914651230658,0.010404639417476854,0.9797015467837502,-0.0519033871398005,-0.9986521107990591,0.0,37.89367895993917,-52.867527951243495,0.46748422218303,381.6335875158608,NONE
0.0030199848115444183,0.09059954434633255,-7.001667931729602,-3.4534045617681626,-9.561416157780203,-7.010359235331023,-3.51508329331508,-9.537711340563792,-7.782689324995458,-3.3548984392624015,-10.475080875650772,-6.293202293101219,-3.5427596083668598,-8.732629567016412,-0.0009424312488379657,-0.0030311350669098925,0.009482828878902866,0.6476030573453213,-0.08167876917585151,0.7575875254932003,0.9841770482629192,-0.01376569199850451,0.17665232349530574,-0.17663504621926387,0.002470595759866194,0.9842733139751935,-0.013985639763927851,-0.9999021961574011,-4.336808689942018e-19,39.43821714658512,-51.21455249632173,0.474202698866268,373.597453297944,NONE
0.003029984887689352,0.09089954663068056,-6.998040631467151,-3.4556518505912903,-9.560650704687449,-7.010359235331023,-3.51508329331508,-9.537711340563792,-7.779771116884543,-3.3626021199229266,-10.474280982963732,-6.288931774319638,-3.5400573962403095,-8.731895354129586,-0.0009410000968761606,-0.0030223025465606467,0.00948578964803627,0.6481910185064806,-0.07715446796407952,0.7575589690583245,0.9841770482629192,-0.01376569199850451,0.17665232349530574,-0.17663504621926387,0.002470595759866194,0.9842733139751935,-0.013985639763927851,-0.9999021961574011,-4.336808689942018e-19,39.392075029618525,-51.619797737904264,0.4779387590848625,373.6166207894427,NONE
0.003039984731003642,0.09119954193010926,-6.994413122588443,-3.4578990202051285,-9.559885403400274,-7.010359235331023,-3.51508329331508,-9.537711340563792,-7.776661979043972,-3.370226311638636,-10.473603802218094,-6.284834050320389,-3.537427061306683,-8.731050118571375,-0.0009395832803661899,-0.003013464888905704,0.009488741268642228,0.6486208385754708,-0.07269597811654233,0.7576320363681386,0.9841770482629192,-0.01376569199850451,0.17665232349530574,-0.17663504621926387,0.002470595759866194,0.9842733139751935,-0.013985639763927851,-0.9999021961574011,-4.336808689942018e-19,39.358247123964354,-52.020861039845435,0.48167499616098297,373.6355836906526,NONE
0.0030499848071485758,0.09149954421445727,-6.990785375291156,-3.460146055708516,-9.559120255781325,-7.010359235331023,-3.51508329331508,-9.537711340563792,-7.77336267948821,-3.377769946644785,-10.473050247193553,-6.280908367600382,-3.5348695437189037,-8.73009303500314,-0.0009381807380340493,-0.003004621713918062,0.009491683867893591,0.6488931790816642,-0.06830417264092103,0.7578074835610497,0.9841770482629192,-0.01376569199850451,0.17665232349530574,-0.17663504621926387,0.002470595759866194,0.9842733139751935,-0.013985639763927851,-0.9999021961574011,-4.336808689942018e-19,39.336688005071004,-52.417366920146634,0.48541143889122473,373.654377007179,NONE
0.003059984650462866,0.09179953951388597,-6.9871574193776125,-3.4623929571014527,-9.558355262296262,-7.010359235331023,-3.51508329331508,-9.537711340563792,-7.769873957378909,-3.3852320365200623,-10.472621144338166,-6.277154112501065,-3.5323857400753766,-8.72902335464072,-0.0009367925404941611,-0.002995773464677164,0.009494617298109277,0.6490086282077585,-0.0639798711110063,0.7580859955206288,0.9841770482629192,-0.01376569199850451,0.17665232349530574,-0.17663504621926387,0.002470595759866194,0.9842733139751935,-0.013985639763927851,-0.9999021961574011,-4.336808689942018e-19,39.32735027498448,-52.80895005288967,0.48914805786256466,373.67303119381756,NONE
0.0030699847266077995,0.09209954179823399,-6.983529254847812,-3.4646397392851,-9.557590423410746,-7.010359235331023,-3.51508329331508,-9.537711340563792,-7.7661965144283425,-3.3926115484023858,-10.47231715314506,-6.2735706484982146,-3.5299766157048205,-8.727840480145005,-0.0009354186277167036,-0.002986919760694038,0.009497541685671967,0.6489677677957079,-0.059723942305406466,0.7584681186956753,0.9841770482629192,-0.01376569199850451,0.17665232349530574,-0.17663504621926387,0.002470595759866194,0.9842733139751935,-0.013985639763927851,-0.9999021961574011,-4.336808689942018e-19,39.33017964999883,-53.19524674836046,0.4928848531978698,373.69152139682154,NONE
0.0030799845699220896,0.09239953709766269,-6.979900881701755,-3.4668863873582962,-9.556825740521761,-7.010359235331023,-3.51508329331508,-9.537711340563792,-7.762330960768583,-3.3999075047588643,-10.47213885101935,-6.270157422140144,-3.527643028910712,-8.726543890415163,-0.0009340590688680976,-0.002978061045582053,0.009500456883821177,0.6487711037514955,-0.055537184413846766,0.7589543306974728,0.9841770482629192,-0.01376569199850451,0.17665232349530574,-0.17663504621926387,0.002470595759866194,0.9842733139751935,-0.013985639763927851,-0.9999021961574011,-4.336808689942018e-19,39.345120316282475,-53.57590756911685,0.4966218244452332,373.7098823242851,NONE
0.0030899846460670233,0.0926995393820107,-6.976272270137119,-3.469132901321042,-9.556061214094969,-7.010359235331023,-3.51508329331508,-9.537711340563792,-7.758277853611105,-3.4071189556228494,-10.47208666545864,-6.2669138711434655,-3.525385841409177,-8.725133198555566,-0.0009327138051636096,-0.0029691969383958063,0.009503363018147122,0.6484191228120172,-0.05142038512449039,0.7595449856100319,0.9841770482629192,-0.01376569199850451,0.17665232349530574,-0.17663504621926387,0.002470595759866194,0.9842733139751935,-0.013985639763927851,-0.9999021961574011,-4.336808689942018e-19,39.37211082813353,-53.95059268641422,0.5003590008531589,373.72811334606484,NONE
0.0030999844893813133,0.0929995346814394,-6.972643449956226,-3.471379281173337,-9.555296843664708,-7.010359235331023,-3.51508329331508,-9.537711340563792,-7.754037729154896,-3.414244953390585,-10.472160922258677,-6.26383956595735,-3.523205912772956,-8.723608108148353,-0.0009313829043207984,-0.0029603278832764407,0.009506259942812562,0.6479122448684982,-0.047374330166248105,0.7602403539610105,0.9841770482629192,-0.01376569199850451,0.17665232349530574,-0.17663504621926387,0.002470595759866194,0.9842733139751935,-0.013985639763927851,-0.9999021961574011,-4.336808689942018e-19,39.41108787129883,-54.31897250675005,0.504096353173141,373.74624896020714,NONE
0.003109984565526247,0.09329953696578741,-6.969014421159076,-3.473625526915181,-9.55453262992947,-7.010359235331023,-3.51508329331508,-9.537711340563792,-7.749611105777999,-3.4212846675121216,-10.472361775244906,-6.260934036360325,-3.521103996395113,-8.721968480990338,-0.0009300663088008364,-0.002951453498827383,0.009509147782613185,0.6472508997468145,-0.04339970820999625,0.7610405627193773,0.9841770482629192,-0.01376569199850451,0.17665232349530574,-0.17663504621926387,0.002470595759866194,0.9842733139751935,-0.013985639763927851,-0.9999021961574011,-4.336808689942018e-19,39.461980708868516,-54.68073695920869,0.5078338812817922,373.7642900943668,NONE
0.003119984408840537,0.09359953226521611,-6.96538518374567,-3.4758716534477356,-9.553768572889256,-7.010359235331023,-3.51508329331508,-9.537711340563792,-7.744998384307589,-3.428237193947328,-10.47268930144492,-6.258196918761476,-3.5190809407497885,-8.720214247209675,-0.0009287640848711409,-0.0029425742297109697,0.009512026392636987,0.6464354198026577,-0.03949728121846112,0.7619456757544542,0.9841770482629192,-0.01376569199850451,0.17665232349530574,-0.17663504621926387,0.002470595759866194,0.9842733139751935,-0.013985639763927851,-0.9999021961574011,-4.336808689942018e-19,39.52471944194365,-55.03558153319941,0.5115715853842389,373.78221117719005,NONE
0.003129984252154827,0.09389952756464481,-6.961755678111362,-3.4781176309686783,-9.553004672311234,-7.010359235331023,-3.51508329331508,-9.537711340563792,-7.740199918059413,-3.435101682032241,-10.473143402623334,-6.255627778995473,-3.5171374606394457,-8.718345495471793,-0.0009274762061922594,-0.0029336899009549497,0.009514895830094794,0.6454661474191041,-0.03566772982921931,0.7629556118050179,0.9841770482629192,-0.01376569199850451,0.17665232349530574,-0.17663504621926387,0.002470595759866194,0.9842733139751935,-0.013985639763927851,-0.9999021961574011,-4.336808689942018e-19,39.59922719701119,-55.383221695556955,0.5153095237728813,373.8000747635297,NONE
0.003139984328299761,0.09419952984899282,-6.9581260532677645,-3.4803634743791703,-9.552240927962574,-7.010359235331023,-3.51508329331508,-9.537711340563792,-7.735216134792143,-3.441877320312121,-10.473723923320128,-6.253226513222067,-3.515274320553881,-8.716362366350674,-0.000926202647723283,-0.002924800337127562,0.009517756151368023,0.6443433137261199,-0.03191173923554781,0.7640702421606315,0.9841770482629192,-0.01376569199850451,0.17665232349530574,-0.17663504621926387,0.002470595759866194,0.9842733139751935,-0.013985639763927851,-0.9999021961574011,-4.336808689942018e-19,39.68542945783749,-55.7233862931364,0.5190475500401668,373.8178548619366,NONE
0.003149984171614051,0.09449952514842153,-6.954309806281375,-3.4829565744501236,-9.55252632815669,-7.010359235331023,-3.51508329331508,-9.537711340563792,-7.731213614992004,-3.448166857953237,-10.474313308553217,-6.249579234575201,-3.5145143767436102,-8.716372021275035,-0.0009249434735546438,-0.0029159059836608566,0.009520607212935807,0.6441888610507844,-0.02884674730016218,0.7643222988166013,0.9841770482629192,-0.01376569199850451,0.17665232349530574,-0.17663504621926387,0.002470595759866194,0.9842733139751935,-0.013985639763927851,-0.9999021961574011,-4.336808689942018e-19,39.69885704743857,-55.99882835506451,0.5227886919441556,374.1080962061968,NONE
0.0031599842477589846,0.09479952743276954,-6.950475618296909,-3.48558341075002,-9.552914503987866,-7.010359235331023,-3.51508329331508,-9.537711340563792,-7.727146405340758,-3.45432903902129,-10.475024444500436,-6.245956420882647,-3.5139342966766316,-8.716467239516527,-0.0009236986292662608,-0.0029070064580551717,0.009523449137600587,0.6439956454165702,-0.025915329415365826,0.7645900891234391,0.9841770482629192,-0.01376569199850451,0.17665232349530574,-0.17663504621926387,0.002470595759866194,0.9842733139751935,-0.013985639763927851,-0.9999021961574011,-4.336808689942018e-19,39.71528766202261,-56.26213968042696,0.5265297998141261,374.1241558732325,NONE
0.0031699840910732746,0.09509952273219824,-6.946641191893863,-3.4882101278406266,-9.553302834302174,-7.010359235331023,-3.51508329331508,-9.537711340563792,-7.722901507171155,-3.4604018625998902,-10.475868665504189,-6.242494334014395,-3.513435045573731,-8.716442030725213,-0.0009224681774963101,-0.002898102206247653,0.009526281782771949,0.6436552926768524,-0.023057905640800277,0.7649681020778156,0.9841770482629192,-0.01376569199850451,0.17665232349530574,-0.17663504621926387,0.002470595759866194,0.9842733139751935,-0.013985639763927851,-0.9999021961574011,-4.336808689942018e-19,39.74285498638216,-56.518713626355115,0.5302711133993867,374.1401185311008,NONE
0.0031799841672182083,0.09539952501654625,-6.942806586676883,-3.49083668101846,-9.55369131921603,-7.010359235331023,-3.51508329331508,-9.537711340563792,-7.718479450775728,-3.4663848261212356,-10.476846129789179,-6.239192606613425,-3.5130169940608122,-8.716296251597257,-0.0009212520650735143,-0.002889192845307104,0.009529105270451872,0.6431681931140449,-0.020274855625902935,0.7654564687790961,0.9841770482629192,-0.01376569199850451,0.17665232349530574,-0.17663504621926387,0.002470595759866194,0.9842733139751935,-0.013985639763927851,-0.9999021961574011,-4.336808689942018e-19,39.78150277113589,-56.76835446918742,0.5340125734024763,374.15601758387754,NONE
0.0031899840105324984,0.09569952031597495,-6.938971802645969,-3.493463100085843,-9.554079959195095,-7.010359235331023,-3.51508329331508,-9.537711340563792,-7.713880541198432,-3.472277358093288,-10.477956953628238,-6.236050961973925,-3.5126807173751846,-8.71602979754946,-0.0009200503531827617,-0.0028802788216691073,0.009531919458982113,0.6425345996628297,-0.017566677948650758,0.7660552852516428,0.9841770482629192,-0.01376569199850451,0.17665232349530574,-0.17663504621926387,0.002470595759866194,0.9842733139751935,-0.013985639763927851,-0.9999021961574011,-4.336808689942018e-19,39.8311797281704,-57.01086652641627,0.5377541801513832,374.1718239245174,NONE
0.003199984086677432,0.09599952260032296,-6.935136780196475,-3.496089370141614,-9.554468754006537,-7.010359235331023,-3.51508329331508,-9.537711340563792,-7.709104974727143,-3.4780789271499732,-10.47920111928297,-6.233069108370771,-3.512426669101758,-8.715642684228321,-0.0009188629899024762,-0.0028713597519765986,0.00953472446956239,0.6417547245027705,-0.014933800848602088,0.7667645369802827,0.9841770482629192,-0.01376569199850451,0.17665232349530574,-0.17663504621926387,0.002470595759866194,0.9842733139751935,-0.013985639763927851,-0.9999021961574011,-4.336808689942018e-19,39.891832581439175,-57.24607149144494,0.541495992143636,374.18760317973744,NONE
0.003209983929991722,0.09629951789975166,-6.931301638537692,-3.498715506086934,-9.554857703184696,-7.010359235331023,-3.51508329331508,-9.537711340563792,-7.704153143623103,-3.4837890763717985,-10.480578418289818,-6.230246917327433,-3.512255292130894,-8.71513509984337,-0.0009176900349632023,-0.0028624360831574786,0.00953752016146899,0.6408287940415962,-0.012376615547432648,0.7675840514984563,0.9841770482629192,-0.01376569199850451,0.17665232349530574,-0.17663504621926387,0.002470595759866194,0.9842733139751935,-0.013985639763927851,-0.9999021961574011,-4.336808689942018e-19,39.96340210572773,-57.473805915102574,0.5452378923435734,374.20332624249227,NONE
0.003219984006136656,0.09659952018409967,-6.92746625846033,-3.501341478119481,-9.555246806962403,-7.010359235331023,-3.51508329331508,-9.537711340563792,-7.699025057032849,-3.4894073094662876,-10.482088587179206,-6.227584153202862,-3.512166979814164,-8.714507283832273,-0.0009165314376938297,-0.0028535074314340035,0.009540306655097624,0.6397569147086901,-0.009895508846902809,0.7685136101508409,0.9841770482629192,-0.01376569199850451,0.17665232349530574,-0.17663504621926387,0.002470595759866194,0.9842733139751935,-0.013985639763927851,-0.9999021961574011,-4.336808689942018e-19,40.045833295773505,-57.69391859820065,0.5489799976228618,374.2189978299079,NONE
0.003229983849450946,0.09689951548352838,-6.923630699569034,-3.503967316041577,-9.555636063942673,-7.010359235331023,-3.51508329331508,-9.537711340563792,-7.693720986588676,-3.494933200276349,-10.483731115207311,-6.225080683271116,-3.512162175555338,-8.713759696827301,-0.0009153872563697661,-0.002844574244219728,0.009543083810660845,0.6385392623119825,-0.007490858816951662,0.769552790600004,0.9841770482629192,-0.01376569199850451,0.17665232349530574,-0.17663504621926387,0.002470595759866194,0.9842733139751935,-0.013985639763927851,-0.9999021961574011,-4.336808689942018e-19,40.13906141166875,-57.90627141231776,0.552722249977009,374.2346793591346,NONE
0.003239983692765236,0.09719951078295708,-6.919794961863803,-3.5065930049520615,-9.556025474125507,-7.010359235331023,-3.51508329331508,-9.537711340563792,-7.688240884969562,-3.500366287794154,-10.485505533538907,-6.222736550457162,-3.5122412691172578,-8.712892764109572,-0.0009142574678053337,-0.00283563634545042,0.009545851683348807,0.6371757976140874,-0.00516303535787116,0.7707012040997113,0.9841770482629192,-0.01376569199850451,0.17665232349530574,-0.17663504621926387,0.002470595759866194,0.9842733139751935,-0.013985639763927851,-0.9999021961574011,-4.336808689942018e-19,40.24303335786863,-58.11073915483932,0.5564646492008887,374.2503148040231,NONE
0.0032499837689101696,0.09749951306730509,-6.915959045344638,-3.509218544850934,-9.556415036579581,-7.010359235331023,-3.51508329331508,-9.537711340563792,-7.682584898939749,-3.5057061586661185,-10.487411037287652,-6.220551621630943,-3.5124046354535605,-8.711907214016522,-0.0009131420501173791,-0.002826693558634376,0.009548610327511833,0.6356666423081763,-0.002912381211931478,0.7719581840309264,0.9841770482629192,-0.01376569199850451,0.17665232349530574,-0.17663504621926387,0.002470595759866194,0.9842733139751935,-0.013985639763927851,-0.9999021961574011,-4.336808689942018e-19,40.35767988902009,-58.30721188611878,0.5602071954590215,374.26599629029886,NONE
0.0032599836122244596,0.09779950836673379,-6.912122890406894,-3.5118439357381943,-9.556804749442252,-7.010359235331023,-3.51508329331508,-9.537711340563792,-7.676752866467277,-3.510952373649502,-10.4894468535843,-6.218525930099779,-3.512652673001973,-8.710803744066718,-0.0009120410593972828,-0.0028177463319015855,0.00955135960477093,0.6340117114641296,-0.0007392605880307268,0.7733230910946007,0.9841770482629192,-0.01376569199850451,0.17665232349530574,-0.17663504621926387,0.002470595759866194,0.9842733139751935,-0.013985639763927851,-0.9999021961574011,-4.336808689942018e-19,40.48294309450864,-58.495590147687125,0.5639499477419729,374.2816677918127,NONE
0.0032699836883693933,0.0980995106510818,-6.90828661625986,-3.514469192515004,-9.557194612247857,-7.010359235331023,-3.51508329331508,-9.537711340563792,-7.6707448111455125,-3.5161046092064905,-10.491612032919969,-6.216659681806305,-3.512985703662141,-8.709583214672973,-0.0009109544481029571,-0.002808794280447634,0.009554099633504046,0.6322109257996557,0.0013560458888475374,0.7747951383682591,0.9841770482629192,-0.01376569199850451,0.17665232349530574,-0.17663504621926387,0.002470595759866194,0.9842733139751935,-0.013985639763927851,-0.9999021961574011,-4.336808689942018e-19,40.61876091041413,-58.67579457349281,0.5676927890140799,374.2973617849856,NONE
0.0032799835316836834,0.0983995059505105,-6.904450103694248,-3.5170942853790406,-9.557584623133751,-7.010359235331023,-3.51508329331508,-9.537711340563792,-7.6645605156039025,-3.5211624146807576,-10.4939054557665,-6.214952846583454,-3.51340407938902,-8.708246637808656,-0.0009098822708687056,-0.0027998378528719717,0.009556830276273623,0.6302642039219343,0.003373189257277226,0.7763733991121059,0.9841770482629192,-0.01376569199850451,0.17665232349530574,-0.17663504621926387,0.002470595759866194,0.9842733139751935,-0.013985639763927851,-0.9999021961574011,-4.336808689942018e-19,40.76506773359069,-58.84775246503405,0.5714358365171801,374.31311150757705,NONE
0.003289983607828617,0.09869950823485851,-6.9006134123147005,-3.519719229231465,-9.557974781168612,-7.010359235331023,-3.51508329331508,-9.537711340563792,-7.658199852855255,-3.5261254218309777,-10.496325907025579,-6.213405653293598,-3.5139081626328768,-8.706795113915083,-0.0009088244814053643,-0.002790876663969456,0.009559551650647724,0.6281713911137641,0.005311851825261185,0.7780568665697805,0.9841770482629192,-0.01376569199850451,0.17665232349530574,-0.17663504621926387,0.002470595759866194,0.9842733139751935,-0.013985639763927851,-0.9999021961574011,-4.336808689942018e-19,40.921800002616514,-59.01140631829945,0.5751790319593955,374.32891940130816,NONE
0.003299983451142907,0.09899950353428721,-6.896776542121219,-3.522344024072278,-9.558365083558472,-7.010359235331023,-3.51508329331508,-9.537711340563792,-7.651662654000452,-3.530993319104719,-10.498871988040763,-6.21201825514537,-3.5144982360033743,-8.70522990638716,-0.0009077811328892375,-0.002781911162802643,0.009562263620132162,0.6259323473282963,0.007171775261454252,0.7798443833276536,0.9841770482629192,-0.01376569199850451,0.17665232349530574,-0.17663504621926387,0.002470595759866194,0.9842733139751935,-0.013985639763927851,-0.9999021961574011,-4.336808689942018e-19,41.08888994375621,-59.166716320810565,0.5789223758342885,374.34475880085455,NONE
0.003309983527287841,0.09929950581863523,-6.892939493113803,-3.5249686699014786,-9.558755529372009,-7.010359235331023,-3.51508329331508,-9.537711340563792,-7.64494862212667,-3.5357657748182554,-10.501542240138708,-6.210790921468824,-3.515174600371301,-8.70355233661347,-0.0009067521802846888,-0.002772940963770824,0.009564966301483171,0.6235468263729761,0.008952684542154157,0.7817347406631474,0.9841770482629192,-0.01376569199850451,0.17665232349530574,-0.17663504621926387,0.002470595759866194,0.9842733139751935,-0.013985639763927851,-0.9999021961574011,-4.336808689942018e-19,41.266274565705416,-59.3136530790014,0.5826658683063766,374.3606928912124,NONE
0.003319983370602131,0.09959950111806393,-6.889102205687808,-3.5275931667190674,-9.559146116746577,-7.010359235331023,-3.51508329331508,-9.537711340563792,-7.638057405478258,-3.5404423810023085,-10.504335037540043,-6.209723857669916,-3.515937625806181,-8.701763875788581,-0.0009057376753094285,-0.002763966516393124,0.009567659559151965,0.6210145860036269,0.010654241389620525,0.7837265920658529,0.9841770482629192,-0.01376569199850451,0.17665232349530574,-0.17663504621926387,0.002470595759866194,0.9842733139751935,-0.013985639763927851,-0.9999021961574011,-4.336808689942018e-19,41.45388767694804,-59.45219367712943,0.5864095683662249,374.37666413216624,NONE
0.0033299834467470646,0.09989950340241194,-6.885811433249759,-3.5291345875364426,-9.556461654396715,-7.010359235331023,-3.51508329331508,-9.537711340563792,-7.63525707626496,-3.541717123290643,-10.501265336412768,-6.205988203471354,-3.5177209511040415,-8.699428864092463,-0.0009047375741819673,-0.002754987434679192,0.009570343509081187,0.6214212490406985,0.010433118342000475,0.7834071618783939,0.9841770482629192,-0.01376569199850451,0.17665232349530574,-0.17663504621926387,0.002470595759866194,0.9842733139751935,-0.013985639763927851,-0.9999021961574011,-4.336808689942018e-19,41.423860339158004,-59.434525508989445,0.5901437063064598,373.1441393817952,NONE
0.0033399832900613546,0.10019949870184064,-6.882605955058383,-3.5305091004472855,-9.553303826393547,-7.010359235331023,-3.51508329331508,-9.537711340563792,-7.632950949443433,-3.5423910561872862,-10.497402496088965,-6.201966922347965,-3.519730961161889,-8.696910553787896,-0.0009037519271605268,-0.0027460041685980767,0.009573018016669555,0.622166968302378,0.009852215228433589,0.7828225836091601,0.9841770482629192,-0.01376569199850451,0.17665232349530574,-0.17663504621926387,0.002470595759866194,0.9842733139751935,-0.013985639763927851,-0.9999021961574011,-4.336808689942018e-19,41.36852386908871,-59.38687006646883,0.5938752231464566,373.160079788614,NONE
0.0033499833662062883,0.10049950098618865,-6.879369244033145,-3.531856210122693,-9.550269437281402,-7.010359235331023,-3.51508329331508,-9.537711340563792,-7.630619823587275,-3.5430033199062647,-10.493656631520661,-6.197908753702389,-3.521744650670197,-8.69452154509396,-0.000902780691718471,-0.0027370163317754236,0.009575683197044556,0.6229178564716896,0.009242899667855561,0.7822326462724793,0.9841770482629192,-0.01376569199850451,0.17665232349530574,-0.17663504621926387,0.002470595759866194,0.9842733139751935,-0.013985639763927851,-0.9999021961574011,-4.336808689942018e-19,41.31273335509537,-59.33666637561759,0.5976152956332843,383.9319878905172,IMPACT
0.0033599832095205784,0.10079949628561735,-6.875760778838443,-3.5328696977001313,-9.548734458655106,-7.010359235331023,-3.51508329331508,-9.537711340563792,-7.629828314359788,-3.5438820637967527,-10.489873114357488,-6.191745023664101,-3.522880364441501,-8.695026219035755,-0.0009018239166539488,-0.0027280243746235994,0.009578338916554201,0.6252536046502984,0.009131173632718051,0.7803682153572746,0.9841770482629192,-0.01376569199850451,0.17665232349530574,-0.17663504621926387,0.002470595759866194,0.9842733139751935,-0.013985639763927851,-0.9999021961574011,-4.336808689942018e-19,41.14138170118057,-59.335108962546386,0.601451773156052,383.6520664978231,NONE
0.0033699830528348684,0.10109949158504605,-6.872152254039096,-3.5338831852775696,-9.547199101679015,-7.010359235331023,-3.51508329331508,-9.537711340563792,-7.628863604836255,-3.5446732220677837,-10.486215925954475,-6.185738290193463,-3.5240955272552488,-8.695415578424537,-0.0009008815825210308,-0.0027190281198877678,0.009580985227969173,0.6274457889751269,0.008946823831536874,0.7786088467521466,0.9841770482629192,-0.01376569199850451,0.17665232349530574,-0.17663504621926387,0.002470595759866194,0.9842733139751935,-0.013985639763927851,-0.9999021961574011,-4.336808689942018e-19,40.98007818163321,-59.32671853396646,0.6052883761767127,383.66806796622006,NONE
0.003379983128979802,0.10139949386939406,-6.868543550425815,-3.5348965387445572,-9.545663908848526,-7.010359235331023,-3.51508329331508,-9.537711340563792,-7.6277270066059515,-3.545377087615518,-10.482686708757532,-6.179887136201729,-3.5253896176626736,-8.695689167989004,-0.0008999536711810846,-0.0027100273899235586,0.009583622183208613,0.629495595827923,0.008690204327323592,0.7769554525080559,0.9841770482629192,-0.01376569199850451,0.17665232349530574,-0.17663504621926387,0.002470595759866194,0.9842733139751935,-0.013985639763927851,-0.9999021961574011,-4.336808689942018e-19,40.828803361364784,-59.31146425744892,0.6091251243391191,383.68393952815245,NONE
0.003389982972294092,0.10169948916882277,-6.864934667998599,-3.5359097879034165,-9.544128882026287,-7.010359235331023,-3.51508329331508,-9.537711340563792,-7.626419086230385,-3.5459937924364007,-10.479287094969072,-6.174191047760137,-3.5267625727656613,-8.695845510708228,-0.0008990402292405526,-0.0027010226357963504,0.00958624965004806,0.6314034949870646,0.008361399856843171,0.7754093844612369,0.9841770482629192,-0.01376569199850451,0.17665232349530574,-0.17663504621926387,0.002470595759866194,0.9842733139751935,-0.013985639763927851,-0.9999021961574011,-4.336808689942018e-19,40.68758674580804,-59.28929716771784,0.6129620177244792,383.6996865746213,NONE
0.003399983048439026,0.10199949145317078,-6.8613256067574495,-3.536922917852986,-9.542594023307773,-7.010359235331023,-3.51508329331508,-9.537711340563792,-7.624940524733785,-3.5465235616943644,-10.476018457460528,-6.168649407110619,-3.528214159899655,-8.69588336524483,-0.0008981412173126581,-0.002692013470196144,0.00958886774156983,0.6331700511405066,0.007960609475960723,0.7739717792242168,0.9841770482629192,-0.01376569199850451,0.17665232349530574,-0.17663504621926387,0.002470595759866194,0.9842733139751935,-0.013985639763927851,-0.9999021961574011,-4.336808689942018e-19,40.55644768323945,-59.26018677477654,0.6167990557574967,383.7153091056266,NONE
0.003409982891753316,0.10229948675259948,-6.8577163070977205,-3.5379359285932663,-9.54105933502129,-7.010359235331023,-3.51508329331508,-9.537711340563792,-7.623291610386639,-3.546966497714247,-10.472882276039055,-6.163261839090494,-3.5297442862456467,-8.695801393703908,-0.0008972566805419473,-0.002683000344615439,0.009591476326503664,0.6347955527374541,0.0074879180298261655,0.772643861884846,0.9841770482629192,-0.01376569199850451,0.17665232349530574,-0.17663504621926387,0.002470595759866194,0.9842733139751935,-0.013985639763927851,-0.9999021961574011,-4.336808689942018e-19,40.43542236341328,-59.2241000216947,0.6206362966883958,383.7308425468693,NONE
0.0034199829678982496,0.10259948903694749,-6.854106888228702,-3.538948820124257,-9.53952481809816,-7.010359235331023,-3.51508329331508,-9.537711340563792,-7.621473073850824,-3.5473228904396743,-10.469879643797297,-6.158027908259523,-3.531352688795353,-8.695598606315668,-0.0008963865807985465,-0.0026739828713798334,0.009594075517110834,0.6362805067788269,0.006943565932313836,0.771426538035491,0.9841770482629192,-0.01376569199850451,0.17665232349530574,-0.17663504621926387,0.002470595759866194,0.9842733139751935,-0.013985639763927851,-0.9999021961574011,-4.336808689942018e-19,40.32452750189685,-59.18102703150107,0.6244736230296084,383.7462595591502,NONE
0.0034299828112125397,0.10289948433637619,-6.850497230941104,-3.539961607347119,-9.537990475332352,-7.010359235331023,-3.51508329331508,-9.537711340563792,-7.619485121515869,-3.54759293865698,-10.467011721872698,-6.152947200057255,-3.5330392156474275,-8.69527395513903,-0.0008955309617645232,-0.002664961502402555,0.009596665183077098,0.6376251832428759,0.006327705656327162,0.7703207681450734,0.9841770482629192,-0.01376569199850451,0.17665232349530574,-0.17663504621926387,0.002470595759866194,0.9842733139751935,-0.013985639763927851,-0.9999021961574011,-4.336808689942018e-19,40.22379362168912,-59.130958319947005,0.628311151815744,383.76159007214517,NONE
0.0034399828873574734,0.1031994866207242,-6.846887394839572,-3.540974275360692,-9.536456305792543,-7.010359235331023,-3.51508329331508,-9.537711340563792,-7.617328172809742,-3.5477767972785608,-10.464279469400696,-6.148019447692077,-3.5348036978625847,-8.694826568364716,-0.0008946897865673685,-0.0026559358496503005,0.009599245435841116,0.6388298804859415,0.005640478006946142,0.7693273482765131,0.9841770482629192,-0.01376569199850451,0.17665232349530574,-0.17663504621926387,0.002470595759866194,0.9842733139751935,-0.013985639763927851,-0.9999021961574011,-4.336808689942018e-19,40.13324541340226,-59.07389260248994,0.6321488243446787,383.7768724171037,NONE
0.0034499827306717634,0.1034994819201529,-6.843277379924106,-3.541986824164975,-9.5349223122727,-7.010359235331023,-3.51508329331508,-9.537711340563792,-7.615002624818727,-3.5478747793070062,-10.461683645069957,-6.143244290966445,-3.536645851515722,-8.69425576311352,-0.0008938630974259596,-0.0026469063654504022,0.009601816146046674,0.6398949277618621,0.004882142517949523,0.76844690519845,0.9841770482629192,-0.01376569199850451,0.17665232349530574,-0.17663504621926387,0.002470595759866194,0.9842733139751935,-0.013985639763927851,-0.9999021961574011,-4.336808689942018e-19,40.05290159073122,-59.00984853827785,0.6359866401228462,383.7920736537774,NONE
0.003459982806816697,0.10379948420450091,-6.839667126590061,-3.5429992537599686,-9.53338849663547,-7.010359235331023,-3.51508329331508,-9.537711340563792,-7.612508585591117,-3.547887101317883,-10.459225025287765,-6.13862151819749,-3.5385654801508286,-8.693560838657524,-0.0008930508587259209,-0.0026378726614164857,0.009604377424308112,0.6408204640841856,0.004052878768284571,0.7676800811435833,0.9841770482629192,-0.01376569199850451,0.17665232349530574,-0.17663504621926387,0.002470595759866194,0.9842733139751935,-0.013985639763927851,-0.9999021961574011,-4.336808689942018e-19,39.98279100388628,-58.938846504933366,0.639824657482734,383.8072319033679,NONE
0.003469982650130987,0.10409947950392962,-6.836056754046726,-3.544011593947995,-9.531854856086882,-7.010359235331023,-3.51508329331508,-9.537711340563792,-7.609846422697394,-3.5478140114750603,-10.456904141207414,-6.134151023305704,-3.5405624154941506,-8.692741307858423,-0.0008922531112223077,-0.002628835190283262,0.009606929142228954,0.6416066953876911,0.0031528678177866754,0.7670273188473865,0.9841770482629192,-0.01376569199850451,0.17665232349530574,-0.17663504621926387,0.002470595759866194,0.9842733139751935,-0.013985639763927851,-0.9999021961574011,-4.336808689942018e-19,39.92293351902087,-58.86091671028057,0.6436627600051033,383.82234737592313,NONE
0.003479982493445277,0.10439947480335832,-6.832446143084812,-3.5450238000255707,-9.530321396214875,-7.010359235331023,-3.51508329331508,-9.537711340563792,-7.6070161894284265,-3.547655809431835,-10.45472142078503,-6.129832530606655,-3.54263630047567,-8.691796793173353,-0.0008914698386433078,-0.0026197937738734888,0.009609471350507116,0.6422537647051183,0.002182395198332715,0.7664889685268151,0.9841770482629192,-0.01376569199850451,0.17665232349530574,-0.17663504621926387,0.002470595759866194,0.9842733139751935,-0.013985639763927851,-0.9999021961574011,-4.336808689942018e-19,39.87334973329103,-58.77610799905666,0.6475010634105054,383.83742255689555,NONE
0.003489982569590211,0.10469947708770633,-6.828835412913608,-3.546035901795018,-9.528788113294157,-7.010359235331023,-3.51508329331508,-9.537711340563792,-7.604018055622595,-3.5474127920513085,-10.452677210647025,-6.125666113383909,-3.544786922646489,-8.690726973072486,-0.0008907010260274545,-0.0026107482336527104,0.009612004098979771,0.6427617140168201,0.0011416823499216106,0.7660653206845819,0.9841770482629192,-0.01376569199850451,0.17665232349530574,-0.17663504621926387,0.002470595759866194,0.9842733139751935,-0.013985639763927851,-0.9999021961574011,-4.336808689942018e-19,39.834063538978064,-58.684472709517436,0.6513394514442243,383.8524928719864,NONE
0.003499982412904501,0.10499947238713503,-6.825224444323825,-3.547047884355176,-9.527255009187373,-7.010359235331023,-3.51508329331508,-9.537711340563792,-7.600851992861701,-3.547085337277539,-10.450771654482935,-6.1216515700714496,-3.5470139107549783,-8.689531720767091,-0.0008899467119329311,-0.0026016990229547937,0.009614527260693664,0.6431306186044572,3.105500980904452e-05,0.7657564929199324,0.9841770482629192,-0.01376569199850451,0.17665232349530574,-0.17663504621926387,0.002470595759866194,0.9842733139751935,-0.013985639763927851,-0.9999021961574011,-4.336808689942018e-19,39.80509222791341,-58.58608202279926,0.6551780408951426,383.86758846091954,NONE
0.0035099824890494347,0.10529947467148304,-6.821613296920108,-3.5480597626072052,-9.525722083894523,-7.010359235331023,-3.51508329331508,-9.537711340563792,-7.597518027647584,-3.546673584125717,-10.449004823327849,-6.117788990301519,-3.5493171671182826,-8.688210971821134,-0.0008892068638926113,-0.0025926457525350336,0.009617040944195555,0.6433604510200283,-0.001149383909811147,0.7655625441333541,0.9841770482629192,-0.01376569199850451,0.17665232349530574,-0.17663504621926387,0.002470595759866194,0.9842733139751935,-0.013985639763927851,-0.9999021961574011,-4.336808689942018e-19,39.78645618527463,-58.48099620805081,0.6590167733068579,383.88265454027226,NONE
0.0035199823323637247,0.10559946997091174,-6.818001970702457,-3.5490715365511063,-9.524189337415608,-7.010359235331023,-3.51508329331508,-9.537711340563792,-7.59401608153612,-3.5461780576050974,-10.447376651647229,-6.114078445230899,-3.551696215499746,-8.68676478568109,-0.0008884815189995973,-0.0025835888761183965,0.009619545023496571,0.6434511462196613,-0.002399199084629572,0.7654834199852774,0.9841770482629192,-0.01376569199850451,0.17665232349530574,-0.17663504621926387,0.002470595759866194,0.9842733139751935,-0.013985639763927851,-0.9999021961574011,-4.336808689942018e-19,39.77817464758388,-58.369314326615,0.6628556486793737,383.89778131916813,NONE
0.0035299824085086584,0.10589947225525975,-6.814390406066226,-3.550083191285718,-9.522656771613272,-7.010359235331023,-3.51508329331508,-9.537711340563792,-7.590346009822678,-3.5455990007108475,-10.445886906858767,-6.110519952449267,-3.5541508070600725,-8.685193376874963,-0.0008877706460464175,-0.002574528004126817,0.009622039606313719,0.6434026336406137,-0.003718176673576018,0.765518926079915,0.9841770482629192,-0.01376569199850451,0.17665232349530574,-0.17663504621926387,0.002470595759866194,0.9842733139751935,-0.013985639763927851,-0.9999021961574011,-4.336808689942018e-19,39.78026256416802,-58.25112451972276,0.6666947251400472,383.91291401418465,NONE
0.0035399822518229485,0.10619946755468845,-6.810778722220706,-3.5510947268110398,-9.521124382762226,-7.010359235331023,-3.51508329331508,-9.537711340563792,-7.586507709707132,-3.544936805846273,-10.444535292148855,-6.107113832550973,-3.556680585849656,-8.683497007538296,-0.000887074280660354,-0.0025654635906698724,0.009624524567624434,0.6432147291983301,-0.005105991305818666,0.7656688193958953,0.9841770482629192,-0.01376569199850451,0.17665232349530574,-0.17663504621926387,0.002470595759866194,0.9842733139751935,-0.013985639763927851,-0.9999021961574011,-4.336808689942018e-19,39.79273903714903,-58.12653332356576,0.6705338860239127,383.92811549524606,NONE
0.003549982327967882,0.10649946983903646,-6.807111427241611,-3.5520567308765534,-9.519809169022354,-7.010359235331023,-3.51508329331508,-9.537711340563792,-7.582752429789374,-3.5442600700521174,-10.443281603282443,-6.1035263488373515,-3.559129093218711,-8.682125984496473,-0.0008863923928942861,-0.002556395245841673,0.00962700001431437,0.6431417743269662,-0.006464792681127499,0.7657198342547697,0.9841770482629192,-0.01376569199850451,0.17665232349530574,-0.17663504621926387,0.002470595759866194,0.9842733139751935,-0.013985639763927851,-0.9999021961574011,-4.336808689942018e-19,39.79668538275343,-58.004789712148366,0.6743887317862569,391.49946546666655,NONE
0.003559982171282172,0.10679946513846517,-6.8032252640069,-3.5528210933905724,-9.51935734160057,-7.010359235331023,-3.51508329331508,-9.537711340563792,-7.579826819690554,-3.5437747596049385,-10.442010731095417,-6.098768866459884,-3.561027035888364,-8.682417113769185,-0.0008857250169091495,-0.0025473234241297706,0.009629465822328905,0.6439382405350742,-0.007500989688445842,0.7650407031853186,0.9841770482629192,-0.01376569199850451,0.17665232349530574,-0.17663504621926387,0.002470595759866194,0.9842733139751935,-0.013985639763927851,-0.9999021961574011,-4.336808689942018e-19,39.73594107840648,-57.9132115330108,0.678303742790483,391.51422290034003,NONE
0.003569982247427106,0.10709946742281318,-6.79933886235361,-3.553585351596463,-9.518905683679494,-7.010359235331023,-3.51508329331508,-9.537711340563792,-7.5767320828333125,-3.5432093730944456,-10.440878139566266,-6.0941643445218645,-3.562997416745009,-8.682583131711624,-0.0008850721240183409,-0.0025382477353061883,0.00963192209772085,0.6445946688310645,-0.008603497239375452,0.764476090371584,0.9841770482629192,-0.01376569199850451,0.17665232349530574,-0.17663504621926387,0.002470595759866194,0.9842733139751935,-0.013985639763927851,-0.9999021961574011,-4.336808689942018e-19,39.685589358498035,-57.81526570067212,0.6822189570622346,391.5289701821547,NONE
0.003579982090741396,0.10739946272224188,-6.795452281886386,-3.554349512944806,-9.518454193396481,-7.010359235331023,-3.51508329331508,-9.537711340563792,-7.57346844873619,-3.5425643334155725,-10.439884083977077,-6.089712688498798,-3.565039866389051,-8.682623803204784,-0.0008844337469161355,-0.0025291686342299954,0.009634368717405452,0.6451112001032139,-0.00977197085803401,0.7640262090314319,0.9841770482629192,-0.01376569199850451,0.17665232349530574,-0.17663504621926387,0.002470595759866194,0.9842733139751935,-0.013985639763927851,-0.9999021961574011,-4.336808689942018e-19,39.64564780848979,-57.71102685729348,0.686134316371593,391.5436822045843,NONE
0.0035899821668863297,0.10769946500658989,-6.791565522605228,-3.5551135699850205,-9.518002870751532,-7.010359235331023,-3.51508329331508,-9.537711340563792,-7.570035839313749,-3.541839833868312,-10.43902885492614,-6.085413969222095,-3.567154195268773,-8.682538864646535,-0.0008838098581770086,-0.0025200857303567517,0.009636805786600955,0.645487769605067,-0.011006244087156974,0.7636913001215675,0.9841770482629192,-0.01376569199850451,0.17665232349530574,-0.17663504621926387,0.002470595759866194,0.9842733139751935,-0.013985639763927851,-0.9999021961574011,-4.336808689942018e-19,39.616144796794586,-57.60056218296777,0.6900498206159931,391.5583923717046,NONE
0.0035999820102006197,0.10799946030601859,-6.78767864411478,-3.5558775227171067,-9.517551719469937,-7.010359235331023,-3.51508329331508,-9.537711340563792,-7.566434412539518,-3.541036312274416,-10.438312427368224,-6.081268157065845,-3.569340006235429,-8.682328345859947,-0.0008832004890279398,-0.0025109994789102295,0.00963923318319435,0.645724458901597,-0.012305953896092597,0.7634713397862078,0.9841770482629192,-0.01376569199850451,0.17665232349530574,-0.17663504621926387,0.002470595759866194,0.9842733139751935,-0.013985639763927851,-0.9999021961574011,-4.336808689942018e-19,39.597093410632034,-57.483965279111956,0.6939654104758315,391.57310182121796,NONE
0.0036099818535149097,0.10829945560544729,-6.783791527205753,-3.556641378591645,-9.517100739551696,-7.010359235331023,-3.51508329331508,-9.537711340563792,-7.562663901506777,-3.5401541552166167,-10.437734806707388,-6.077275266797313,-3.5715969628282758,-8.681992241942995,-0.0008826056269572892,-0.0025019097007244516,0.009641650955405229,0.6458211455258539,-0.013670785918112563,0.7633663325062581,0.9841770482629192,-0.01376569199850451,0.17665232349530574,-0.17663504621926387,0.002470595759866194,0.9842733139751935,-0.013985639763927851,-0.9999021961574011,-4.336808689942018e-19,39.588517405887046,-57.36133357111998,0.697881203376717,391.58784260944975,NONE
0.0036199819296598434,0.1085994578897953,-6.779904231482791,-3.557405130158055,-9.516649927271517,-7.010359235331023,-3.51508329331508,-9.537711340563792,-7.558724226199094,-3.5391937855128917,-10.437295815953958,-6.073435484671625,-3.573924667299499,-8.681530706338757,-0.0008820252607668264,-0.002492816216314271,0.009644059150581866,0.6457777137075951,-0.015100383385481461,0.7633761346153044,0.9841770482629192,-0.01376569199850451,0.17665232349530574,-0.17663504621926387,0.002470595759866194,0.9842733139751935,-0.013985639763927851,-0.9999021961574011,-4.336808689942018e-19,39.59043543646895,-57.232776469520914,0.701797141212646,391.60261877965087,NONE
0.0036299817729741335,0.108899453189224,-6.776016756945896,-3.5581687848669175,-9.516199282629403,-7.010359235331023,-3.51508329331508,-9.537711340563792,-7.554615254232574,-3.5381555265416864,-10.436995100987469,-6.069748930774402,-3.576322840521054,-8.680944060270424,-0.0008814594194818762,-0.002483719481438335,0.009646457648072064,0.6455940536774659,-0.01659448433885545,0.7635004524856713,0.9841770482629192,-0.01376569199850451,0.17665232349530574,-0.17663504621926387,0.002470595759866194,0.9842733139751935,-0.013985639763927851,-0.9999021961574011,-4.336808689942018e-19,39.60286092473877,-57.09840268965705,0.7057132240861819,391.6174330273218,NONE
0.003639981849119067,0.10919945547357202,-6.7721291035950655,-3.558932342718232,-9.515748809350642,-7.010359235331023,-3.51508329331508,-9.537711340563792,-7.550336706445645,-3.5370398610153666,-10.436832266862506,-6.066215858333512,-3.5787910446238547,-8.680232669098059,-0.0008809080788311668,-0.002474619104786111,0.009648846551001242,0.6452699339617968,-0.018152688525429492,0.7637389555497593,0.9841770482629192,-0.01376569199850451,0.17665232349530574,-0.17663504621926387,0.002470595759866194,0.9842733139751935,-0.013985639763927851,-0.9999021961574011,-4.336808689942018e-19,39.62581181963651,-56.95834082434302,0.7096294513392412,391.6323175138118,NONE
0.0036499816924333572,0.10949945077300072,-6.768241271430301,-3.559695796261418,-9.515298499984654,-7.010359235331023,-3.51508329331508,-9.537711340563792,-7.545888282667947,-3.5358472366349005,-10.436806753723307,-6.062836539633925,-3.58132885928869,-8.679397026458625,-0.0008803712663715452,-0.0024655155424646276,0.00965122573969303,0.6448051056669664,-0.019774618545125938,0.7640911857672531,0.9841770482629192,-0.01376569199850451,0.17665232349530574,-0.17663504621926387,0.002470595759866194,0.9842733139751935,-0.013985639763927851,-0.9999021961574011,-4.336808689942018e-19,39.65930257995912,-56.81272453174416,0.7135458241854256,391.6472453637488,NONE
0.003659981768578291,0.10979945305734873,-6.764353260451602,-3.5604591529470566,-9.51484835825673,-7.010359235331023,-3.51508329331508,-9.537711340563792,-7.541269662493422,-3.534578090018275,-10.43691785911425,-6.059611265316439,-3.5839359026677644,-8.67843777665514,-0.0008798489590943432,-0.0024564084028666916,0.009653595316433203,0.6441993031204272,-0.02145991854325638,0.7645565575909168,0.9841770482629192,-0.01376569199850451,0.17665232349530574,-0.17663504621926387,0.002470595759866194,0.9842733139751935,-0.013985639763927851,-0.9999021961574011,-4.336808689942018e-19,39.703344107967055,-56.66169221198266,0.7174623420692132,391.66228012093234,NONE
0.003669981611892581,0.11009944835677743,-6.7604650110543245,-3.5612224127751473,-9.514398384166869,-6.764168036663136,-3.518526771518099,-9.493521885683151,-7.536480418477942,-3.533232898523174,-10.437164749031053,-6.05654030944414,-3.586611741749229,-8.6773556762141,-0.000879341183087654,-0.0024472981424411575,0.009655955162523214,0.6434522213190448,-0.023208192706980532,0.7651343794856317,0.9726630188025028,-0.07911418655418857,0.21832910328188262,-0.21761045373444826,0.017699936874421715,0.9758751983015702,-0.08106998383797462,-0.9967084115831022,0.0,37.368409608321464,-60.52005142031988,0.7232564575563956,394.06290596876596,NONE
0.0036799816880375147,0.11039945064112544,-6.756576642447757,-3.56198557574569,-9.513948573989781,-6.764168036663136,-3.518526771518099,-9.493521885683151,-7.531520195623662,-3.5318122031664725,-10.437546509549332,-6.053624221380295,-3.589355885775893,-8.67615154705313,-0.0008788479166053376,-0.0024381843692899497,0.009658305379407615,0.6425634670623335,-0.02501899243887845,0.7658238967374792,0.9726630188025028,-0.07911418655418857,0.21832910328188262,-0.21761045373444826,0.017699936874421715,0.9758751983015702,-0.08106998383797462,-0.9967084115831022,0.0,37.422247299324425,-60.339527721631256,0.7271971135737108,394.07659634570484,NONE
0.0036899815313518047,0.11069944594055414,-6.752688035422611,-3.5627486418586853,-9.513498927725466,-6.764168036663136,-3.518526771518099,-9.493521885683151,-7.526388402366966,-3.5303164697712988,-10.438062060234778,-6.050863310388909,-3.592167912198921,-8.674826369235763,-0.0008783691842665105,-0.0024290675401969974,0.00966064584936725,0.6415326486861118,-0.02689193149027065,0.7666242134778319,0.9726630188025028,-0.07911418655418857,0.21832910328188262,-0.21761045373444826,0.017699936874421715,0.9758751983015702,-0.08106998383797462,-0.9967084115831022,0.0,37.48628922215102,-60.151999840696824,0.7311379580422237,394.09041081355514,NONE
0.0036999816074967384,0.11099944822490215,-6.748799309188175,-3.563511603663552,-9.513049445373925,-6.764168036663136,-3.518526771518099,-9.493521885683151,-7.5210845927125725,-3.5287463442543046,-10.438710240255837,-6.04825820837716,-3.5950472208973685,-8.673381195753981,-0.0008779049655879373,-0.002419947262979088,0.00966297667300402,0.6403592975371359,-0.028826468105680084,0.7675343671747203,0.9726630188025028,-0.07911418655418857,0.21832910328188262,-0.21761045373444826,0.017699936874421715,0.9758751983015702,-0.08106998383797462,-0.9967084115831022,0.0,37.56055752547085,-59.95767674933527,0.7350788744220242,394.1043807213555,NONE
0.0037099814508110285,0.11129944352433085,-6.7449103445351595,-3.5642744760614518,-9.512600123209866,-6.764168036663136,-3.518526771518099,-9.493521885683151,-7.515608076875987,-3.527102287857148,-10.43948971932171,-6.0458093137053535,-3.597993421896284,-8.671817226211992,-0.0008774552837193075,-0.002410823994748693,0.009665297733579867,0.6390429405089713,-0.03082223219092871,0.7685532578737898,0.9726630188025028,-0.07911418655418857,0.21832910328188262,-0.21761045373444826,0.017699936874421715,0.9758751983015702,-0.08106998383797462,-0.9967084115831022,0.0,37.64506914205194,-59.756759339333364,0.7390199806558098,394.1184807793492,NONE
0.0037199812941253185,0.11159943882375956,-6.740946039611148,-3.5649699356061104,-9.512438687754782,-6.764168036663136,-3.518526771518099,-9.493521885683151,-7.51029641787642,-3.5254482380516965,-10.440349847552458,-6.043067195617487,-3.6008201247801663,-8.670729128855811,-0.0008770201293369292,-0.002401697555588999,0.00966760907719426,0.6379257488082316,-0.0327703855341174,0.7694003124768033,0.9726630188025028,-0.07911418655418857,0.21832910328188262,-0.21761045373444826,0.017699936874421715,0.9758751983015702,-0.08106998383797462,-0.9967084115831022,0.0,37.71514434668745,-59.563176675451345,0.7429661802249559,395.4173162738322,NONE
0.0037299813702702522,0.11189944110810757,-6.736855253630924,-3.5655512671571854,-9.512762620372685,-6.764168036663136,-3.518526771518099,-9.493521885683151,-7.5053827519351275,-3.5238298050472543,-10.441259197394515,-6.039722845243455,-3.6033968659500992,-8.67052202866059,-0.0008765994944322025,-0.0023925677652967773,0.009669910749066887,0.6372434376920315,-0.03459437430558472,0.7698857255364897,0.9726630188025028,-0.07911418655418857,0.21832910328188262,-0.21761045373444826,0.017699936874421715,0.9758751983015702,-0.08106998383797462,-0.9967084115831022,0.0,37.753844593437975,-59.386240100099066,0.7469204041205479,395.4308143309237,NONE
0.0037399812135845423,0.11219943640753627,-6.732764288836765,-3.566132516751874,-9.51308670945278,-6.764168036663136,-3.518526771518099,-9.493521885683151,-7.500297804818894,-3.5221404794393205,-10.442300405051789,-6.036533523255327,-3.6060377576043385,-8.670195618439214,-0.0008761933999499267,-0.0023834350814647734,0.009672202633934717,0.6364192528537247,-0.0364770774630513,0.770480342005467,0.9726630188025028,-0.07911418655418857,0.21832910328188262,-0.21761045373444826,0.017699936874421715,0.9758751983015702,-0.08106998383797462,-0.9967084115831022,0.0,37.80274867790412,-59.20275175429164,0.7508747612976769,395.44443011784773,NONE
0.003749981289729476,0.11249943869188428,-6.728673145228671,-3.566713676939595,-9.513410951269778,-6.764168036663136,-3.518526771518099,-9.493521885683151,-7.495041165898644,-3.5203807915580905,-10.443472460105713,-6.033499602135331,-3.608742304470582,-8.669750807639323,-0.0008758018285656658,-0.002374299111221772,0.009674484830286467,0.6354528538101363,-0.03841804909238759,0.7711833271593004,0.9726630188025028,-0.07911418655418857,0.21832910328188262,-0.21761045373444826,0.017699936874421715,0.9758751983015702,-0.08106998383797462,-0.9967084115831022,0.0,37.86187421293091,-59.01289801500992,0.7548292519802366,395.45816552958934,NONE
0.003759981133043766,0.11279943399131298,-6.724581822806644,-3.567294747720349,-9.513735345823678,-6.764168036663136,-3.518526771518099,-9.493521885683151,-7.4896122735037975,-3.518551313849888,-10.444774322855356,-6.030621591375665,-3.611509987281939,-8.669188539375142,-0.0008754247997540474,-0.0023651603124726617,0.009676757223844508,0.6343437748383186,-0.04041681453567442,0.7719938189044404,0.9726630188025028,-0.07911418655418857,0.21832910328188262,-0.21761045373444826,0.017699936874421715,0.9758751983015702,-0.08106998383797462,-0.9967084115831022,0.0,37.93124387280695,-58.81687434780755,0.7587838761682288,395.47199504712603,NONE
0.0037699812091886997,0.11309943627566099,-6.720490321570682,-3.5678757216435555,-9.51405989311448,-6.764168036663136,-3.518526771518099,-9.493521885683151,-7.484010661866913,-3.51665262211424,-10.446204717495382,-6.02789991347465,-3.6143402695208104,-8.668509970931536,-0.0008750622974546674,-0.0023560182920809346,0.009679019912249703,0.6330916297357665,-0.042472890176769834,0.7729107593755847,0.9726630188025028,-0.07911418655418857,0.21832910328188262,-0.21761045373444826,0.017699936874421715,0.9758751983015702,-0.08106998383797462,-0.9967084115831022,0.0,38.01087008131248,-58.61488478521324,0.7627386332722033,395.4859811392688,NONE
0.0037799810525029898,0.1133994315750897,-6.716398581916141,-3.5684566136103752,-9.514384585691603,-6.764168036663136,-3.518526771518099,-9.493521885683151,-7.478235705808819,-3.514685382470433,-10.44776229109933,-6.0253350218611175,-3.617232575367451,-8.667716315341051,-0.000874714339671474,-0.0023468735082568036,0.009681272782211524,0.6316959495424791,-0.04458573604218176,0.7739330329383821,0.9726630188025028,-0.07911418655418857,0.21832910328188262,-0.21761045373444826,0.017699936874421715,0.9758751983015702,-0.08106998383797462,-0.9967084115831022,0.0,38.10076730307989,-58.407144024942305,0.7666935840729678,395.5001268356587,NONE
0.0037899811286479235,0.1136994338594377,-6.71230672305231,-3.569037416170228,-9.514709427280339,-6.764168036663136,-3.518526771518099,-9.493521885683151,-7.47228687291345,-3.512650261391786,-10.449445620109415,-6.022927626834657,-3.620186286053934,-8.666808871019525,-0.0008743809116083143,-0.0023377255676042094,0.009683515930521625,0.6301561939473015,-0.04675479333136888,0.7750594561260394,0.9726630188025028,-0.07911418655418857,0.21832910328188262,-0.21761045373444826,0.017699936874421715,0.9758751983015702,-0.08106998383797462,-0.9967084115831022,0.0,38.20095093185333,-58.19387338213917,0.7706486112172701,395.51440775192935,NONE
0.0037999809719622135,0.1139994291588664,-6.708214625769901,-3.569618136773694,-9.515034410430106,-6.764168036663136,-3.518526771518099,-9.493521885683151,-7.466163394071257,-3.51054790622936,-10.451253114625583,-6.020678198711453,-3.6232008285761865,-8.665789065958586,-0.0008740620297982767,-0.0023285749286320336,0.009685749244878118,0.6284718240694804,-0.04897953145514204,0.7762887168117379,0.9726630188025028,-0.07911418655418857,0.21832910328188262,-0.21761045373444826,0.017699936874421715,0.9758751983015702,-0.08106998383797462,-0.9967084115831022,0.0,38.31143163093707,-57.97529633633766,0.7746038328716995,395.5288544042598,NONE
0.003809981048107147,0.11429943144321442,-6.7041224092782015,-3.570198760519612,-9.515359542591485,-6.764168036663136,-3.518526771518099,-9.493521885683151,-7.459864724823802,-3.508378947419919,-10.453183061593679,-6.018587458714749,-3.6262756026460776,-8.664658468281164,-0.0008737576807097215,-0.0023194211976905964,0.009687972821222243,0.626642289612632,-0.05125941531572116,0.7776193883967458,0.9726630188025028,-0.07911418655418857,0.21832910328188262,-0.21761045373444826,0.017699936874421715,0.9758751983015702,-0.08106998383797462,-0.9967084115831022,0.0,38.43221651530223,-57.75164064928279,0.77855913028022,395.54347178980674,NONE
0.0038199808914214373,0.11459942674264312,-6.700029954367923,-3.5707793097597245,-9.515684812588605,-6.764168036663136,-3.518526771518099,-9.493521885683151,-7.453390018342641,-3.5061442063400063,-10.455233644212324,-6.016655947659646,-3.629409905818794,-8.663418704696896,-0.0008734678794046606,-0.0023102648335807164,0.0096901865482422,0.624666987253476,-0.05359378238208162,0.77904997370236,0.9726630188025028,-0.07911418655418857,0.21832910328188262,-0.21761045373444826,0.017699936874421715,0.9758751983015702,-0.08106998383797462,-0.9967084115831022,0.0,38.563312966042204,-57.52314852802552,0.7825146236016547,395.5582935269208,NONE
0.003829980967566371,0.11489942902699113,-6.6959190220177645,-3.571343810449231,-9.516078400684508,-6.764168036663136,-3.518526771518099,-9.493521885683151,-7.446817245673909,-3.5038643998873775,-10.45739634721046,-6.01477815423313,-3.6325544816423276,-8.662207526099051,-0.0008731926136159726,-0.002301105442404642,0.009692390521027288,0.6226256919307734,-0.05595220945867385,0.7805168787440911,0.9726630188025028,-0.07911418655418857,0.21832910328188262,-0.21761045373444826,0.017699936874421715,0.9758751983015702,-0.08106998383797462,-0.9967084115831022,0.0,38.699015660781086,-57.293319279533044,0.7864719037482715,397.41491232109394,IMPACT
0.003839980810880661,0.11519942432641983,-6.691605016642856,-3.5717269789081696,-9.517235442323598,-6.764168036663136,-3.518526771518099,-9.493521885683151,-7.44094689447504,-3.5017494762385675,-10.459610627076797,-6.011875912412467,-3.635203673075449,-8.662405545408783,-0.0008729318969345138,-0.0022919434832486827,0.009694584629257739,0.6213352095924228,-0.05802356384212236,0.7813935137687024,0.9726630188025028,-0.07911418655418857,0.21832910328188262,-0.21761045373444826,0.017699936874421715,0.9758751983015702,-0.08106998383797462,-0.9967084115831022,0.0,38.78141154046967,-57.095752715998515,0.7904456754367803,397.38482970369836,NONE
0.003849980654194951,0.11549941962584853,-6.687290832454013,-3.5721100877624634,-9.518392536116751,-6.764168036663136,-3.518526771518099,-9.493521885683151,-7.434902986372504,-3.4995721621519804,-10.461947201333901,-6.009130763294535,-3.637909345293065,-8.662492730762363,-0.000872685723809243,-0.0022827787754109365,0.00969676891650116,0.6199009665556389,-0.06014660136568886,0.7823715089441472,0.9726630188025028,-0.07911418655418857,0.21832910328188262,-0.21761045373444826,0.017699936874421715,0.9758751983015702,-0.08106998383797462,-0.9967084115831022,0.0,38.87403323699338,-56.89330994831326,0.7944196049486667,397.39893492011043,NONE
0.0038599807303398848,0.11579942191019654,-6.682976529055881,-3.5724931146603707,-9.519549765883001,-6.764168036663136,-3.518526771518099,-9.493521885683151,-7.428685228602607,-3.497333196250468,-10.464404575722329,-6.006543086117809,-3.6406707856622753,-8.6624705974561,-0.0008724540900057299,-0.0022736111379415736,0.009698943425435869,0.6183226706455643,-0.062320691048611876,0.783449555767926,0.9726630188025028,-0.07911418655418857,0.21832910328188262,-0.21761045373444826,0.017699936874421715,0.9758751983015702,-0.08106998383797462,-0.9967084115831022,0.0,38.976876032298094,-56.68620398935199,0.7983936142402239,397.41317262855887,NONE
0.003869980573654175,0.11609941720962524,-6.6786619872391695,-3.5728760596018914,-9.520707127897056,-6.764168036663136,-3.518526771518099,-9.493521885683151,-7.422292837641847,-3.495033321492135,-10.466981272130392,-6.004113364273385,-3.6434873202447076,-8.662340479182742,-0.0008722370069074376,-0.0022644410303428284,0.009701108047232995,0.6165997710297659,-0.06454521684894453,0.7846264317163698,0.9726630188025028,-0.07911418655418857,0.21832910328188262,-0.21761045373444826,0.017699936874421715,0.9758751983015702,-0.08106998383797462,-0.9967084115831022,0.0,39.089949721217685,-56.47464799718808,0.8023678200752578,397.4275758438009,NONE
0.0038799806497991085,0.11639941949397326,-6.674396857672977,-3.5733148168426636,-9.521599722353729,-6.764168036663136,-3.518526771518099,-9.493521885683151,-7.4160982084824685,-3.4928162122960957,-10.469165113482486,-6.001598486586727,-3.646335217782392,-8.662061781707747,-0.0008720344654095843,-0.0022552680581215162,0.009703262874845693,0.6149998790851052,-0.06674739368969393,0.7856971007716262,0.9726630188025028,-0.07911418655418857,0.21832910328188262,-0.21761045373444826,0.017699936874421715,0.9758751983015702,-0.08106998383797462,-0.9967084115831022,0.0,39.19416521328144,-56.26673226980901,0.8063561864495732,414.0990837038569,IMPACT
0.0038899804931133986,0.11669941479340196,-6.670684620791721,-3.57438157607137,-9.519572108311566,-6.764168036663136,-3.518526771518099,-9.493521885683151,-7.413863609416403,-3.4921646295263566,-10.465831298047219,-5.996545882300139,-3.6489606875301788,-8.66121902484379,-0.0008718464754239602,-0.0022460926810484935,0.009705407800441095,0.6162250987462018,-0.06817219913209654,0.7846140318275782,0.9726630188025028,-0.07911418655418857,0.21832910328188262,-0.21761045373444826,0.017699936874421715,0.9758751983015702,-0.08106998383797462,-0.9967084115831022,0.0,39.09723596845815,-56.14354323118456,0.8104940249252621,413.7825466391844,NONE
0.0038999805692583323,0.11699941707774997,-6.666972085887241,-3.575448104332078,-9.51754550941101,-6.764168036663136,-3.518526771518099,-9.493521885683151,-7.411456010497776,-3.491457830555528,-10.462622442522278,-5.991649638070206,-3.6516358034946554,-8.660264852641962,-0.0008716730291109389,-0.0022369145044026156,0.009707542916115482,0.6173071184467698,-0.06964259693005549,0.7836337347305716,0.9726630188025028,-0.07911418655418857,0.21832910328188262,-0.21761045373444826,0.017699936874421715,0.9758751983015702,-0.08106998383797462,-0.9967084115831022,0.0,39.01041316870585,-56.01501545078052,0.8146319133693165,413.7978431734792,NONE
0.003909980412572622,0.11729941237717867,-6.6632593721688265,-3.576514550636399,-9.515519074423226,-6.764168036663136,-3.518526771518099,-9.493521885683151,-7.408876761508225,-3.4906965343945267,-10.459537647542724,-5.986908756852258,-3.6543601976402367,-8.659198457537764,-0.0008715141349105032,-0.002227733988217064,0.009709668115033408,0.6182469585460728,-0.0711581144546567,0.7827561695673745,0.9726630188025028,-0.07911418655418857,0.21832910328188262,-0.21761045373444826,0.017699936874421715,0.9758751983015702,-0.08106998383797462,-0.9967084115831022,0.0,38.93366710073567,-55.881251103581405,0.8187699334682303,413.8130882016991,NONE
0.003919980488717556,0.11759941466152668,-6.659545585566806,-3.5775801997285965,-9.513496066702517,-6.764168036663136,-3.518526771518099,-9.493521885683151,-7.406129521177507,-3.489881890825162,-10.456577464724491,-5.982318214725656,-3.6571314629329215,-8.658025562707303,-0.0008713697862482016,-0.0022185507375483172,0.009711783488433044,0.6190483941095007,-0.07271720526424322,0.7819790878335598,0.9726630188025028,-0.07911418655418857,0.21832910328188262,-0.21761045373444826,0.017699936874421715,0.9758751983015702,-0.08106998383797462,-0.9967084115831022,0.0,38.86676852131959,-55.74246896039504,0.8229081857784166,414.1155256824476,IMPACT
0.00392998056486249,0.11789941694587469,-6.655661568099307,-3.5784923296075943,-9.512149422688397,-6.764168036663136,-3.518526771518099,-9.493521885683151,-7.403972446503669,-3.489156215512334,-10.453707162591593,-5.976867684945262,-3.659529248276905,-8.658061031182646,-0.0008712399873779039,-0.002209364998762284,0.009713888979290602,0.6204803311123509,-0.07407523163676999,0.7807157093082386,0.9726630188025028,-0.07911418655418857,0.21832910328188262,-0.21761045373444826,0.017699936874421715,0.9758751983015702,-0.08106998383797462,-0.9967084115831022,0.0,38.754837409541864,-55.62417681734495,0.8270521999268858,414.41511988135625,NONE
0.003939980175346136,0.11819940526038408,-6.651772305423068,-3.5793996315103653,-9.510823506189498,-6.764168036663136,-3.518526771518099,-9.493521885683151,-7.401665093293323,-3.4883830494696437,-10.450960665377117,-5.971543469898104,-3.6619609050903623,-8.658023725511262,-0.0008711247435049224,-0.0022001772324464126,0.009715984482967082,0.6217920101718343,-0.07546863287857326,0.7795377999416763,0.9726630188025028,-0.07911418655418857,0.21832910328188262,-0.21761045373444826,0.017699936874421715,0.9758751983015702,-0.08106998383797462,-0.9967084115831022,0.0,38.65139578833591,-55.50157932067126,0.8311964085147014,414.43026448161595,NONE
0.00394998025149107,0.1184994075447321,-6.647882863932895,-3.5803068589073304,-9.509497753603371,-6.764168036663136,-3.518526771518099,-9.493521885683151,-7.399184945383036,-3.48755826585174,-10.448339577600608,-5.966375656157569,-3.664439242191031,-8.657872973355092,-0.0008710240448669041,-0.0021909866154313554,0.009718070186804012,0.6229605605328118,-0.07690477232143081,0.7784637409763115,0.9726630188025028,-0.07911418655418857,0.21832910328188262,-0.21761045373444826,0.017699936874421715,0.9758751983015702,-0.08106998383797462,-0.9967084115831022,0.0,38.558123324922896,-55.37395718729558,0.8353407493468215,414.44535697220755,NONE
0.0039599803276360035,0.1187994098290801,-6.643993184024143,-3.5812140117984894,-9.508172161204728,-6.764168036663136,-3.518526771518099,-9.493521885683151,-7.3965320932482115,-3.486682308527148,-10.44584483158178,-5.961364047981187,-3.666963856945129,-8.657607921901063,-0.0008709378972503066,-0.002181793608207851,0.00972014598576717,0.6239861066378369,-0.07838328192086139,0.777494308556834,0.9726630188025028,-0.07911418655418857,0.21832910328188262,-0.21761045373444826,0.017699936874421715,0.9758751983015702,-0.08106998383797462,-0.9967084115831022,0.0,38.47505807550573,-55.241400908276944,0.8394852812118216,414.4603682734047,NONE
0.00396997993811965,0.1190993981435895,-6.640103325301456,-3.5821210901838425,-9.506846736444148,-6.764168036663136,-3.518526771518099,-9.493521885683151,-7.393706815605889,-3.485755557090935,-10.443477161438052,-5.956508506216427,-3.6695344050214196,-8.657227919439215,-0.0008708663036521451,-0.0021725986717216162,0.00972221177672204,0.6248688301693311,-0.07990384692629773,0.7766301052168854,0.9726630188025028,-0.07911418655418857,0.21832910328188262,-0.21761045373444826,0.017699936874421715,0.9758751983015702,-0.08106998383797462,-0.9967084115831022,0.0,38.40222964244406,-55.10400373708844,0.8436299445077893,414.47536441472215,NONE
0.003979980014264584,0.11939940042793751,-6.636213287764835,-3.58302810151397,-9.505521479321631,-6.764168036663136,-3.518526771518099,-9.493521885683151,-7.3907092110314405,-3.4847785204557007,-10.441237254109847,-5.951808941445432,-3.6721504389935586,-8.65673234284489,-0.0008708092582615756,-0.0021634009821587803,0.00972426774431909,0.6256088128634821,-0.08146605153819902,0.7758717005499814,0.9726630188025028,-0.07911418655418857,0.21832910328188262,-0.21761045373444826,0.017699936874421715,0.9758751983015702,-0.08106998383797462,-0.9967084115831022,0.0,38.3396714034518,-54.96187518780725,0.8477747398241693,414.49034539615997,NONE
0.003989980090409517,0.11969940271228552,-6.632323011809635,-3.5839350457888726,-9.504196389837178,-6.764168036663136,-3.518526771518099,-9.493521885683151,-7.387539385498723,-3.48375148893346,-10.439125570812543,-5.947265143867052,-3.6748116955190966,-8.656120773748954,-0.0008707667646567128,-0.002154201000372305,0.009726313785027484,0.6262061920137698,-0.08306965503723332,0.7752194769841693,0.9726630188025028,-0.07911418655418857,0.21832910328188262,-0.21761045373444826,0.017699936874421715,0.9758751983015702,-0.08106998383797462,-0.9967084115831022,0.0,38.28740753864843,-54.81511581318937,0.851919725136197,414.5052848658362,NONE
0.003999980166554451,0.11999940499663353,-6.628432616645145,-3.584841915557969,-9.502871464265498,-6.764168036663136,-3.518526771518099,-9.493521885683151,-7.384197529396987,-3.482675100446584,-10.437142532069036,-5.942877168123134,-3.6775175817287127,-8.655392823589969,-0.0008707388229889824,-0.0021449987590408766,0.009728349891579433,0.6266610266408056,-0.0847141222965778,0.7746737862952459,0.9726630188025028,-0.07911418655418857,0.21832910328188262,-0.21761045373444826,0.017699936874421715,0.9758751983015702,-0.08106998383797462,-0.9967084115831022,0.0,38.24546520524668,-54.66385994832997,0.8560647847172973,414.5202191699459,NONE
0.004009979777038097,0.12029939331114292,-6.624541923457431,-3.58574871827184,-9.501546710057172,-6.764168036663136,-3.518526771518099,-9.493521885683151,-7.380683504490812,-3.481549731124204,-10.435288414224502,-5.938644798590916,-3.680267770644138,-8.654548255903837,-0.000870725433310969,-0.0021357947195654934,0.009730375962850724,0.626973350391259,-0.08639914761736245,0.7742348514437677,0.9726630188025028,-0.07911418655418857,0.21832910328188262,-0.21761045373444826,0.017699936874421715,0.9758751983015702,-0.08106998383797462,-0.9967084115831022,0.0,38.21386784838101,-54.508227119115475,0.8602100914559383,414.53517859540216,NONE
0.004019979853183031,0.12059939559549093,-6.620651111060428,-3.5866554539304856,-9.500222123486909,-6.764168036663136,-3.518526771518099,-9.493521885683151,-7.376997434937695,-3.4803759555118963,-10.433563430922085,-5.934568263663264,-3.683061741094248,-8.653586869790049,-0.0008707265950806104,-0.0021265880573138655,0.009732392179895124,0.6271431179454044,-0.08812425460102247,0.7739028526661021,0.9726630188025028,-0.07911418655418857,0.21832910328188262,-0.21761045373444826,0.017699936874421715,0.9758751983015702,-0.08106998383797462,-0.9967084115831022,0.0,38.19264113181974,-54.348358657615826,0.86435547223976,414.5501355831364,NONE
0.004029979929327965,0.12089939787983894,-6.616760060244846,-3.587562122533906,-9.49889770455471,-6.764168036663136,-3.518526771518099,-9.493521885683151,-7.373139228155915,-3.479154255945101,-10.431967572465675,-5.930647419976983,-3.685899055551866,-8.652508674043958,-0.0008707423089316205,-0.0021173792335992285,0.009734398441191177,0.6271703513821443,-0.08988904330728922,0.7736777819224862,0.9726630188025028,-0.07911418655418857,0.21832910328188262,-0.21761045373444826,0.017699936874421715,0.9758751983015702,-0.08106998383797462,-0.9967084115831022,0.0,38.18180080900841,-54.18439472091506,0.8685010430192293,414.56512768653033,NONE
0.0040399800054728985,0.12119940016418695,-6.612836465293216,-3.5884397040706757,-9.497699990196141,-6.764168036663136,-3.518526771518099,-9.493521885683151,-7.369254231641849,-3.477903326508862,-10.430488798865726,-5.926688812326656,-3.6887074124794537,-8.651565908930896,-0.0008707727214952407,-0.0021081682600100128,0.00973639463911146,0.6272023562239968,-0.09165395042199626,0.773444734754274,0.9726630188025028,-0.07911418655418857,0.21832910328188262,-0.21761045373444826,0.017699936874421715,0.9758751983015702,-0.08106998383797462,-0.9967084115831022,0.0,38.17068819675671,-54.020324467108885,0.8726483037807498,415.1728511786433,NONE
0.004049979615956545,0.12149938847869635,-6.608811244422244,-3.5892253603440407,-9.496901142669829,-6.764168036663136,-3.518526771518099,-9.493521885683151,-7.365654619555333,-3.4766640652400804,-10.42910238164843,-5.922277521109999,-3.6913298743922494,-8.651300046723488,-0.000870817683987422,-0.002098955620050534,0.009738380774358402,0.6275552601936236,-0.09333296050094292,0.7729575369238874,0.9726630188025028,-0.07911418655418857,0.21832910328188262,-0.21761045373444826,0.017699936874421715,0.9758751983015702,-0.08106998383797462,-0.9967084115831022,0.0,38.13639808673533,-53.864499965838014,0.8768000554855124,415.1876693051709,NONE
0.004059979692101479,0.12179939076304436,-6.604785785132694,-3.590010957012761,-9.49610246278158,-6.764168036663136,-3.518526771518099,-9.493521885683151,-7.361882625582497,-3.4753791763655406,-10.427845463097729,-5.918022143064029,-3.6939936115003027,-8.650917035790583,-0.0008708771996514975,-0.0020897404885304506,0.00974035702539528,0.6277654271819431,-0.09504975440641825,0.7725775770900632,0.9726630188025028,-0.07911418655418857,0.21832910328188262,-0.21761045373444826,0.017699936874421715,0.9758751983015702,-0.08106998383797462,-0.9967084115831022,0.0,38.11252021507745,-53.70477001991579,0.8809519977753695,415.2024548521246,NONE
0.004069979768246412,0.12209939304739237,-6.6007601470292085,-3.590796486626256,-9.495303946806105,-6.764168036663136,-3.518526771518099,-9.493521885683151,-7.357938295819727,-3.474049406917892,-10.426718172575338,-5.913922750046752,-3.6966979319601996,-8.650416751683471,-0.0008709512668592205,-0.0020805233270983917,0.00974232329224831,0.6278328459882501,-0.09680370654013362,0.7723049656051594,0.9726630188025028,-0.07911418655418857,0.21832910328188262,-0.21761045373444826,0.017699936874421715,0.9758751983015702,-0.08106998383797462,-0.9967084115831022,0.0,38.09907454378353,-53.54129666496124,0.8851040728989794,415.2173012630266,NONE
0.004079979378730059,0.12239938136190176,-6.596734330111789,-3.591581956635106,-9.494505598468693,-6.764168036663136,-3.518526771518099,-9.493521885683151,-7.353821522811268,-3.472675097902459,-10.425720520593721,-5.909979439531438,-3.69944254065453,-8.649799191970788,-0.0008710398811931806,-0.002071304597795082,0.00974427947685676,0.6277574275129696,-0.09859454032698728,0.7721397080969279,0.9726630188025028,-0.07911418655418857,0.21832910328188262,-0.21761045373444826,0.017699936874421715,0.9758751983015702,-0.08106998383797462,-0.9967084115831022,0.0,38.096080404069646,-53.37421422631364,0.8892562806324502,415.2321240265424,NONE
0.004089979454874992,0.12269938364624977,-6.592708274775791,-3.5923673670393113,-9.493707410318764,-6.764168036663136,-3.518526771518099,-9.493521885683151,-7.349532153721078,-3.471256972932454,-10.424852392740437,-5.906192236483778,-3.7022267811926994,-8.649064446227213,-0.0008711430499614793,-0.0020620834748579365,0.009746225754895907,0.6275390944509998,-0.10042165576532411,0.7720817158753148,0.9726630188025028,-0.07911418655418857,0.21832910328188262,-0.21761045373444826,0.017699936874421715,0.9758751983015702,-0.08106998383797462,-0.9967084115831022,0.0,38.10355307217434,-53.20369161884843,0.8934086805776928,415.247014316882,NONE
0.004099979531019926,0.12299938593059778,-6.588682040625858,-3.593152717838872,-9.492909389806899,-6.764168036663136,-3.518526771518099,-9.493521885683151,-7.345070136670363,-3.4697954551871364,-10.424113515390975,-5.902561301635205,-3.705050269708187,-8.64821277686695,-0.0008712607693276925,-0.002052860420247741,0.00974816202790623,0.6271777543631121,-0.10228470196567417,0.772130755880011,0.9726630188025028,-0.07911418655418857,0.21832910328188262,-0.21761045373444826,0.017699936874421715,0.9758751983015702,-0.08106998383797462,-0.9967084115831022,0.0,38.121502972188736,-53.02987842585104,0.8975612131327946,415.2619457821634,NONE
0.00410997960716486,0.1232993882149458,-6.5846556276619905,-3.5939380090337876,-9.492111533207806,-6.764168036663136,-3.518526771518099,-9.493521885683151,-7.340435282425228,-3.4682912760620423,-10.423503556756996,-5.899086806640062,-3.707912342751042,-8.647244477751176,-0.0008713930388732627,-0.002043635466725332,0.009750088289010308,0.6266732503413766,-0.10418307247347815,0.772286556089487,0.9726630188025028,-0.07911418655418857,0.21832910328188262,-0.21761045373444826,0.017699936874421715,0.9758751983015702,-0.08106998383797462,-0.9967084115831022,0.0,38.14994167919148,-52.852951488296995,0.9017138791110959,415.27695037501866,NONE
0.004119979217648506,0.12359937652945518,-6.580629035884189,-3.5947232406240586,-9.491313840521487,-6.764168036663136,-3.518526771518099,-9.493521885683151,-7.335627360987415,-3.4667449295991024,-10.42302204086647,-5.895768960130101,-3.7108125521751116,-8.646159980634806,-0.0008715398512363798,-0.0020344090767191263,0.009752004442172628,0.6260253916770928,-0.10611635764174315,0.772548721839854,0.9726630188025028,-0.07911418655418857,0.21832910328188262,-0.21761045373444826,0.017699936874421715,0.9758751983015702,-0.08106998383797462,-0.9967084115831022,0.0,38.188877511075056,-52.67307219331226,0.9058666785125986,415.29200113997234,NONE
0.00412997929379344,0.1238993788138032,-6.576554879599857,-3.5954658697944764,-9.490699379963788,-6.764168036663136,-3.518526771518099,-9.493521885683151,-7.330857579075438,-3.4651735502426653,-10.422650257757905,-5.892325806861543,-3.713654221836488,-8.645325387011018,-0.0008717012189937871,-0.0020251804237673217,0.009753910659445836,0.625448596614737,-0.1080350746060097,0.772749943802994,0.9726630188025028,-0.07911418655418857,0.21832910328188262,-0.21761045373444826,0.017699936874421715,0.9758751983015702,-0.08106998383797462,-0.9967084115831022,0.0,38.22271805924204,-52.49473845687772,0.9100223667884837,415.8588156611918,NONE
0.0041399793699383736,0.12419938109815121,-6.572427436763095,-3.596160345862496,-9.490291270686301,-6.764168036663136,-3.518526771518099,-9.493521885683151,-7.32615295346061,-3.463580578497974,-10.422386512792063,-5.888721927359915,-3.7164236451331427,-8.644786324657051,-0.0008718771353645975,-0.002015949970223925,0.009755806844394246,0.624970011348128,-0.10993176810224733,0.7728696470152225,0.9726630188025028,-0.07911418655418857,0.21832910328188262,-0.21761045373444826,0.017699936874421715,0.9758751983015702,-0.08106998383797462,-0.9967084115831022,0.0,38.24950149645359,-52.31854404795343,0.91418102283982,415.8736925473351,NONE
0.004149979446083307,0.12449938338249922,-6.5682998151123995,-3.596854769776452,-9.489883321596297,-6.764168036663136,-3.518526771518099,-9.493521885683151,-7.321275278021649,-3.4619478730786195,-10.422250830184797,-5.885274680588436,-3.719229011440623,-8.644131402245659,-0.0008720675997236383,-0.0020067177488758622,0.009757692990283017,0.6243480858405274,-0.11186136450521887,0.773095403451799,0.9726630188025028,-0.07911418655418857,0.21832910328188262,-0.21761045373444826,0.017699936874421715,0.9758751983015702,-0.08106998383797462,-0.9967084115831022,0.0,38.28678109306641,-52.139690658068936,0.9183398137171412,415.88864589248993,NONE
0.004159979056566954,0.12479937169700861,-6.564172014647769,-3.597549134085763,-9.489475528968486,-6.764168036663136,-3.518526771518099,-9.493521885683151,-7.316224346385465,-3.4602759929774765,-10.422242629937276,-5.881984253748436,-3.7220697994866683,-8.643361138790114,-0.0008722726017652958,-0.001997484222512488,0.009759569003107265,0.6235826489726215,-0.11382339413443122,0.7734267352813751,0.9726630188025028,-0.07911418655418857,0.21832910328188262,-0.21761045373444826,0.017699936874421715,0.9758751983015702,-0.08106998383797462,-0.9967084115831022,0.0,38.334559377279646,-51.95834532440824,0.9224987396443414,415.9036479083215,NONE
0.004169979132711887,0.12509937398135662,-6.560044035369205,-3.5982434462410096,-9.489067896528157,-6.764168036663136,-3.518526771518099,-9.493521885683151,-7.310999894916988,-3.4585657737433797,-10.42236127720117,-5.878850885983669,-3.7249452655527313,-8.642476117266769,-0.0008724921593340124,-0.001988248564020992,0.009761435051286895,0.6226734821449216,-0.11581717035189203,0.7738631130149564,0.9726630188025028,-0.07911418655418857,0.21832910328188262,-0.21761045373444826,0.017699936874421715,0.9758751983015702,-0.08106998383797462,-0.9967084115831022,0.0,38.39283849394819,-51.77469667249208,0.9266578003975265,415.9187610636409,NONE
0.004179979208856821,0.12539937626570463,-6.555915817672061,-3.598937706242192,-9.488660424275311,-6.764168036663136,-3.518526771518099,-9.493521885683151,-7.305601578879322,-3.4568177665381365,-10.422605964322038,-5.8758747763333705,-3.727854909679138,-8.641477070300132,-0.0008727262627050622,-0.001979011236121448,0.009763291040416082,0.6216203489330224,-0.1178422361482614,0.7744038669660455,0.9726630188025028,-0.07911418655418857,0.21832910328188262,-0.21761045373444826,0.017699936874421715,0.9758751983015702,-0.08106998383797462,-0.9967084115831022,0.0,38.46161609474368,-51.588912720672866,0.930817053951932,415.93395983942537,NONE
0.004189979285001755,0.12569937855005264,-6.551771327906894,-3.5996177356344345,-9.488314389510068,-6.764168036663136,-3.518526771518099,-9.493521885683151,-7.300099271515283,-3.455045555955815,-10.422972221697536,-5.872961964881525,-3.7307593695090473,-8.64048491430091,-0.0008729749110466719,-0.0019697722716252954,0.00976513696390246,0.6204944811451122,-0.11987557111010104,0.7749944814767943,0.9726630188025028,-0.07911418655418857,0.21832910328188262,-0.21761045373444826,0.017699936874421715,0.9758751983015702,-0.08106998383797462,-0.9967084115831022,0.0,38.535735250265915,-51.40305635485365,0.9349775953105155,417.0361175991222,IMPACT
0.004199978895485401,0.12599936686456203,-6.5474658459961885,-3.600152664969552,-9.488588410688552,-6.764168036663136,-3.518526771518099,-9.493521885683151,-7.295132575955678,-3.4533697316484657,-10.423430815048189,-5.869256270830762,-3.733299676679733,-8.640591509794316,-0.000873238091109907,-0.001960532133655935,0.009766972729777411,0.6199462196195287,-0.12170867175272493,0.775147524023423,0.9726630188025028,-0.07911418655418857,0.21832910328188262,-0.21761045373444826,0.017699936874421715,0.9758751983015702,-0.08106998383797462,-0.9967084115831022,0.0,38.568356831553,-51.23453524622498,0.9391478720442148,417.03682534209406,NONE
0.004209978971630335,0.12629936914891005,-6.543160185271549,-3.6006875496011856,-9.488862580878648,-6.764168036663136,-3.518526771518099,-9.493521885683151,-7.28999288157008,-3.4516589798474753,-10.424016310876125,-5.865707163249664,-3.735871581376481,-8.640583276046778,-0.0008735158260059822,-0.0019512899944975014,0.009768798502818454,0.6192546601393112,-0.12357069631695902,0.7754056673171074,0.9726630188025028,-0.07911418655418857,0.21832910328188262,-0.21761045373444826,0.017699936874421715,0.9758751983015702,-0.08106998383797462,-0.9967084115831022,0.0,38.61143662316641,-51.06399783662358,0.9433182866333638,417.0516246854656,NONE
0.0042199790477752686,0.12659937143325806,-6.538854345732974,-3.6012223820787552,-9.489136907530936,-6.764168036663136,-3.518526771518099,-9.493521885683151,-7.2846800519864745,-3.4499139503646963,-10.424728091742963,-5.8623147658414805,-3.7384744799450047,-8.640460787346562,-0.0008738081030668745,-0.0019420463172095642,0.009770614190654756,0.6184196896282583,-0.1254610998175254,0.7757683932158268,0.9726630188025028,-0.07911418655418857,0.21832910328188262,-0.21761045373444826,0.017699936874421715,0.9758751983015702,-0.08106998383797462,-0.9967084115831022,0.0,38.66496955354643,-50.89160846971786,0.9474888368618384,417.0665026846302,NONE
0.004229978658258915,0.12689935974776745,-6.534548267775821,-3.601757177303422,-9.489411383194836,-6.764168036663136,-3.518526771518099,-9.493521885683151,-7.279193706167803,-3.4481352925429603,-10.425565524987855,-5.859079310573376,-3.741107811783506,-8.64022460337223,-0.0008741149068368862,-0.0019328015651484396,0.009772419702848315,0.6174410415627943,-0.1273793561915417,0.7762351833111408,0.9726630188025028,-0.07911418655418857,0.21832910328188262,-0.21761045373444826,0.017699936874421715,0.9758751983015702,-0.08106998383797462,-0.9967084115831022,0.0,38.72895700900644,-50.71753037611121,0.9516595835104429,417.08143400772906,NONE
0.004239978734403849,0.12719936203211546,-6.530242070609378,-3.6022919129234436,-9.489686011595639,-6.764168036663136,-3.518526771518099,-9.493521885683151,-7.273533703556126,-3.446323750260759,-10.426527817995497,-5.8560011522898705,-3.7437708594916868,-8.639875450210777,-0.0008744362643762671,-0.0019235549101774769,0.009774215201438452,0.6163185005505457,-0.1293248301004035,0.7768053772977043,0.9726630188025028,-0.07911418655418857,0.21832910328188262,-0.21761045373444826,0.017699936874421715,0.9758751983015702,-0.08106998383797462,-0.9967084115831022,0.0,38.8033923806815,-50.54193635995012,0.9558304080470297,417.0964799163864,NONE
0.004249978810548782,0.12749936431646347,-6.525935635024356,-3.6028266112905625,-9.489960789008054,-6.764168036663136,-3.518526771518099,-9.493521885683151,-7.267699518747918,-3.4444799993949737,-10.4276141262794,-5.853080540241055,-3.7464630526076856,-8.639414086792616,-0.000874772160810092,-0.0019143068155931745,0.009776000595584191,0.6150517297855925,-0.13129697965770082,0.7774782780377317,0.9726630188025028,-0.07911418655418857,0.21832910328188262,-0.21761045373444826,0.017699936874421715,0.9758751983015702,-0.08106998383797462,-0.9967084115831022,0.0,38.88827292629541,-50.36499015521431,0.9600014290037482,417.1116146623137,NONE
0.004259978886693716,0.12779936660081148,-6.521628961020755,-3.6033612649541977,-9.49023571543208,-6.764168036663136,-3.518526771518099,-9.493521885683151,-7.261690804636314,-3.442604833468416,-10.428823445456217,-5.85031778928807,-3.7491836571167987,-8.638841424195338,-0.0008751225949449472,-0.0019050573142451572,0.009777775878943977,0.613640441455758,-0.13329514071668813,0.7782530527221214,0.9726630188025028,-0.07911418655418857,0.21832910328188262,-0.21761045373444826,0.017699936874421715,0.9758751983015702,-0.08106998383797462,-0.9967084115831022,0.0,38.98358820633702,-50.186865211945154,0.9641726457911499,417.12687084383856,NONE
0.0042699784971773624,0.12809935491532087,-6.5173221678078646,-3.603895866463769,-9.490510790867718,-6.764168036663136,-3.518526771518099,-9.493521885683151,-7.255507321915166,-3.440698918055349,-10.4301546190693,-5.847713343850078,-3.7519320550666313,-8.638158511442448,-0.0008754875483832725,-0.0018958068697770129,0.009779540963125216,0.612084338289169,-0.1353187552222966,0.7791287424464578,0.9726630188025028,-0.07911418655418857,0.21832910328188262,-0.21761045373444826,0.017699936874421715,0.9758751983015702,-0.08106998383797462,-0.9967084115831022,0.0,39.08932355498337,-50.00772328388329,0.9683439418693194,417.1422517923989,NONE
0.004279978573322296,0.12839935719966888,-6.513015136176395,-3.604430430720437,-9.490786011589678,-6.520340372550861,-3.538359156355141,-9.43879103416328,-7.249148556823918,-3.438763174560819,-10.431606417848963,-5.8452674426158175,-3.7547074390673565,-8.637366456501752,-0.0008758670534495935,-0.001886554653533109,0.009781296006508147,0.6103830931339564,-0.13736707152458166,0.780104331020527,0.9664794829137977,-0.10477279022151464,0.23439298525313573,-0.23302771398569547,0.02526175074054832,0.9721419281484176,-0.10777519947223067,-0.9941752895635261,0.0,38.07854237298198,-51.18795810635299,0.9733301947812034,415.42373086732186,NONE
0.00428997864946723,0.1286993594840169,-6.508707925730991,-3.6049649502736214,-9.49106137387267,-6.520340372550861,-3.538359156355141,-9.43879103416328,-7.242613982244886,-3.43679835572367,-10.433177601458874,-5.842980677406606,-3.757509112099464,-8.636466377379628,-0.0008762610923269489,-0.0018773011291022888,0.009783040920296186,0.6085362194949046,-0.1394394592938234,0.7811787930779326,0.9664794829137977,-0.10477279022151464,0.23439298525313573,-0.23302771398569547,0.02526175074054832,0.9721419281484176,-0.10777519947223067,-0.9941752895635261,0.0,38.2006329719532,-50.99513925982605,0.9774844854227585,415.4389090945519,NONE
0.0042999787256121635,0.1289993617683649,-6.504457280093479,-3.605561965296853,-9.491047240121278,-6.520340372550861,-3.538359156355141,-9.43879103416328,-7.236309260449102,-3.4349441168617347,-10.43431990390227,-5.840593287231504,-3.76032966307724,-8.635403238678645,-0.0008766696636153888,-0.0018680463293535158,0.009784775698291528,0.6068330318337383,-0.14147197661543714,0.7821376805320113,0.9664794829137977,-0.10477279022151464,0.23439298525313573,-0.23302771398569547,0.02526175074054832,0.9721419281484176,-0.10777519947223067,-0.9941752895635261,0.0,38.312450340868814,-50.80679628493067,0.9816585110025198,430.70492914715254,IMPACT
0.00430997833609581,0.1292993500828743,-6.50047104066019,-3.6064772393208626,-9.489551252944382,-6.520340372550861,-3.538359156355141,-9.43879103416328,-7.2333065641216345,-3.4341137997512177,-10.431742332208179,-5.835714874420389,-3.7628283653511923,-8.634888358386032,-0.0008770927459767893,-0.0018587907181906547,0.009786500254152175,0.6076485607396722,-0.14291937634781499,0.7812408581835416,0.9664794829137977,-0.10477279022151464,0.23439298525313573,-0.23302771398569547,0.02526175074054832,0.9721419281484176,-0.10777519947223067,-0.9941752895635261,0.0,38.24496746253741,-50.67032756019486,0.9859576743423819,429.22712932053753,NONE
0.004319978412240744,0.1295993523672223,-6.496371790820407,-3.6072904403906945,-9.488504934383544,-6.520340372550861,-3.538359156355141,-9.43879103416328,-7.230630152253633,-3.4333097125081293,-10.429289954769397,-5.830324966192713,-3.765108610995396,-8.635117477872729,-0.0008775303769978655,-0.0018495334664871957,0.009788214742590028,0.6088283417656182,-0.14426039064663776,0.7800749899550729,0.9664794829137977,-0.10477279022151464,0.23439298525313573,-0.23302771398569547,0.02526175074054832,0.9721419281484176,-0.10777519947223067,-0.9941752895635261,0.0,38.151621929819555,-50.542774200139405,0.990249966283967,429.2423923834112,NONE
0.004329978488385677,0.12989935465157032,-6.4922723025620455,-3.6081036042076233,-9.487458783460768,-6.520340372550861,-3.538359156355141,-9.43879103416328,-7.2277806228397985,-3.4324822691597245,-10.42696170898562,-5.825091638453535,-3.767409971951543,-8.635234317057925,-0.0008779825359207981,-0.0018402750380976034,0.009789919076858106,0.6098647758201144,-0.14562074034426897,0.7790119095337813,0.9664794829137977,-0.10477279022151464,0.23439298525313573,-0.23302771398569547,0.02526175074054832,0.9721419281484176,-0.10777519947223067,-0.9941752895635261,0.0,38.06853017359272,-50.41307846455941,0.9945424454559415,429.25756807527466,NONE
0.004339978098869324,0.1301993429660797,-6.4881725758851045,-3.608916730771649,-9.486412789000186,-6.520340372550861,-3.538359156355141,-9.43879103416328,-7.224758193952567,-3.4316317852940577,-10.4247585488109,-5.82001469338903,-3.769732161949251,-8.635237989294996,-0.0008784491992026827,-0.0018310158971034654,0.009791613172155518,0.6107580437232771,-0.14700016376312777,0.7780524171808281,0.9664794829137977,-0.10477279022151464,0.23439298525313573,-0.23302771398569547,0.02526175074054832,0.9721419281484176,-0.10777519947223067,-0.9941752895635261,0.0,37.99571786183183,-50.281350657845195,0.9988351144778491,429.27272154953675,NONE
0.004349978175014257,0.13049934525042772,-6.484072729998874,-3.6097298275333527,-9.485366965902957,-6.520340372550861,-3.538359156355141,-9.43879103416328,-7.221563208637261,-3.4307587050401365,-10.422681331963142,-5.815094047166501,-3.7720747923274667,-8.635127744964809,-0.0008789304083755851,-0.0018217552140566,0.009793297180437194,0.6115083310742435,-0.14839829882057837,0.7771972117384053,0.9664794829137977,-0.10477279022151464,0.23439298525313573,-0.23302771398569547,0.02526175074054832,0.9721419281484176,-0.10777519947223067,-0.9941752895635261,0.0,37.93320663705123,-50.14771334745641,1.0031278554242498,429.287824300508,NONE
0.004359978251159191,0.13079934753477573,-6.4799726456940645,-3.6105428795915726,-9.4843213067185,-6.520340372550861,-3.538359156355141,-9.43879103416328,-7.218195747950491,-3.4298633476535927,-10.42073075115247,-5.810329398915167,-3.7744375450709162,-8.634902941499995,-0.000879426140476715,-0.0018124934529932047,0.009794971016496507,0.6121158039284015,-0.14981486844231473,0.7764468737619458,0.9664794829137977,-0.10477279022151464,0.23439298525313573,-0.23302771398569547,0.02526175074054832,0.9721419281484176,-0.10777519947223067,-0.9941752895635261,0.0,37.88101474814007,-50.01228360608327,1.0074207836936022,429.30291118763125,NONE
0.004369978327304125,0.13109934981912374,-6.475872322970676,-3.6113558943968895,-9.483275818897399,-6.520340372550861,-3.538359156355141,-9.43879103416328,-7.214655963098497,-3.4289461543572317,-10.418907428779042,-5.805720611475628,-3.776820034154767,-8.634563028529485,-0.000879936393744969,-0.001803230646811366,0.009796634674387964,0.6125805876621171,-0.15124951295545028,0.7758019131519814,0.9664794829137977,-0.10477279022151464,0.23439298525313573,-0.23302771398569547,0.02526175074054832,0.9721419281484176,-0.10777519947223067,-0.9941752895635261,0.0,37.8391594592338,-49.87518852683556,1.0117138983201617,429.31795530392276,NONE
0.004379977937787771,0.13139933813363314,-6.471771821433353,-3.6121688719493035,-9.48223049498907,-6.520340372550861,-3.538359156355141,-9.43879103416328,-7.210944108087859,-3.4280075926228166,-10.417211801449442,-5.801267568110256,-3.7792218355347043,-8.634107595797792,-0.0008804611416992162,-0.0017939672598058396,0.009798288071370011,0.6129028434685233,-0.152701844744299,0.7752626981094131,0.9664794829137977,-0.10477279022151464,0.23439298525313573,-0.23302771398569547,0.02526175074054832,0.9721419281484176,-0.10777519947223067,-0.9941752895635261,0.0,37.80765108956188,-49.73655950552105,1.0160071434436233,429.3329602259358,NONE
0.004389978013932705,0.13169934041798115,-6.4676711410820955,-3.612981819699395,-9.481185342444094,-6.520340372550861,-3.538359156355141,-9.43879103416328,-7.2070601232547915,-3.4270481171524465,-10.415644373590123,-5.796970322940153,-3.7816425509588067,-8.633536199947969,-0.0008810004311295881,-0.0017847024621419313,0.009799931355713732,0.6130825218759298,-0.15417149295928712,0.7748296407139796,0.9664794829137977,-0.10477279022151464,0.23439298525313573,-0.23302771398569547,0.02526175074054832,0.9721419281484176,-0.10777519947223067,-0.9941752895635261,0.0,37.78651070672051,-49.596528373391855,1.020300518098244,429.34798692074366,NONE
0.004399978090077639,0.13199934270232916,-6.463570222312259,-3.6137947301965836,-9.480140353811892,-6.520340372550861,-3.538359156355141,-9.43879103416328,-7.203004133745319,-3.426068181967172,-10.414205299789549,-5.7928286487730745,-3.7840817543749092,-8.63284868654358,-0.0008815542361346932,-0.0017754367180742886,0.009801564444270718,0.6131197760748892,-0.1556580749598858,0.774502875324334,0.9664794829137977,-0.10477279022151464,0.23439298525313573,-0.23302771398569547,0.02526175074054832,0.9721419281484176,-0.10777519947223067,-0.9941752895635261,0.0,37.7757400668225,-49.455228430379336,1.0245940808564367,429.3630118683453,NONE
0.004409978166222572,0.13229934498667717,-6.459469184333133,-3.6146076071661595,-9.479095536543044,-6.520340372550861,-3.538359156355141,-9.43879103416328,-7.198776215349824,-3.4250683157207478,-10.412894797883093,-5.788842704203664,-3.7865389733449293,-8.632044872194856,-0.0008821225547471989,-0.001766170060515306,0.00980318733124022,0.6130145700635479,-0.1571611554887747,0.7742825763861902,0.9664794829137977,-0.10477279022151464,0.23439298525313573,-0.23302771398569547,0.02526175074054832,0.9721419281484176,-0.10777519947223067,-0.9941752895635261,0.0,37.77535040974092,-49.31279914650581,1.0288877151488105,429.3780370465881,NONE
0.004419977776706219,0.13259933330118656,-6.455367907935428,-3.6154204506081227,-9.47805089063755,-6.520340372550861,-3.538359156355141,-9.43879103416328,-7.194376214543812,-3.4240490112567894,-10.411712919723005,-5.785012401150006,-3.7890137608097096,-8.631124709866544,-0.0008827053575490233,-0.0017569029539461127,0.009804799935944603,0.6127668753886114,-0.15868032589257414,0.774168786894114,0.9664794829137977,-0.10477279022151464,0.23439298525313573,-0.23302771398569547,0.02526175074054832,0.9721419281484176,-0.10777519947223067,-0.9941752895635261,0.0,37.78534764167847,-49.16937760872383,1.0331815361886996,429.3930971253439,NONE
0.004429977852851152,0.13289933558553457,-6.451266393119144,-3.616233260522473,-9.477006416095408,-6.520340372550861,-3.538359156355141,-9.43879103416328,-7.189804061683064,-3.4230108217102373,-10.410659612332205,-5.781337802786471,-3.7915056150197426,-8.630088247614234,-0.0008833026965859478,-0.0017476345681933857,0.009806402402962594,0.6123766343028667,-0.16021512752587191,0.7741614629208572,0.9664794829137977,-0.10477279022151464,0.23439298525313573,-0.23302771398569547,0.02526175074054832,0.9721419281484176,-0.10777519947223067,-0.9941752895635261,0.0,37.80573542371046,-49.02510548576673,1.0374755439761056,429.40819408246006,NONE
0.004439977928996086,0.13319933786988258,-6.44716475909357,-3.6170460406345013,-9.47596210546604,-6.520340372550861,-3.538359156355141,-9.43879103416328,-7.185059903126813,-3.4219542236077456,-10.409734577181139,-5.777819003694594,-3.7940141108215166,-8.6289357420255,-0.0008839145430193323,-0.0017383653677036548,0.009807994651208834,0.6118438693183564,-0.16176516835381344,0.7742603631111467,0.9664794829137977,-0.10477279022151464,0.23439298525313573,-0.23302771398569547,0.02526175074054832,0.9721419281484176,-0.10777519947223067,-0.9941752895635261,0.0,37.83650655911032,-48.88011701955808,1.041769625434366,429.423301810306,NONE
0.0044499775394797325,0.13349932618439198,-6.443062767440128,-3.6178587872189167,-9.474917966200026,-6.520340372550861,-3.538359156355141,-9.43879103416328,-7.180143273817364,-3.420879949247114,-10.408937641636,-5.774455971040471,-3.7965385768421274,-8.627667363905735,-0.000884540865229487,-0.001729095817080181,0.009809576601556671,0.6111683925116926,-0.16332983808478846,0.7744653381435933,0.9664794829137977,-0.10477279022151464,0.23439298525313573,-0.23302771398569547,0.02526175074054832,0.9721419281484176,-0.10777519947223067,-0.9941752895635261,0.0,37.87766571677347,-48.734566925852356,1.0460640088534756,429.4384838635845,NONE
0.004459977615624666,0.13379932846874,-6.438960775786685,-3.61867150400101,-9.473873998297366,-6.520340372550861,-3.538359156355141,-9.43879103416328,-7.175054372044583,-3.4197885784951203,-10.408268395263605,-5.771249206987698,-3.799078494188088,-8.626283485559474,-0.0008851817192019097,-0.0017198250859274662,0.009811148395809934,0.610350071763863,-0.1649086589969425,0.7747760476974477,0.9664794829137977,-0.10477279022151464,0.23439298525313573,-0.23302771398569547,0.02526175074054832,0.9721419281484176,-0.10777519947223067,-0.9941752895635261,0.0,37.929208167455805,-48.58859548520594,1.0503583489837442,429.4537125359592,NONE
0.0044699776917696,0.134099330753088,-6.434858426505374,-3.61948418725549,-9.472830194307479,-6.520340372550861,-3.538359156355141,-9.43879103416328,-7.169792623350757,-3.4186806622102375,-10.407726317001437,-5.768198550595077,-3.801633356070371,-8.624784565434267,-0.0008858370738961197,-0.0017105536388180927,0.009812709954433618,0.6093887272850782,-0.1665011712435363,0.7751920658987703,0.9664794829137977,-0.10477279022151464,0.23439298525313573,-0.23302771398569547,0.02526175074054832,0.9721419281484176,-0.10777519947223067,-0.9941752895635261,0.0,37.99112798508805,-48.44233946914854,1.0546529928212234,429.46902348622564,NONE
0.004479977767914534,0.134399333037436,-6.430575951987552,-3.620134015719283,-9.472491356803092,-6.520340372550861,-3.538359156355141,-9.43879103416328,-7.165149541364233,-3.4175767506878834,-10.407292558003018,-5.764243183635141,-3.80387400461923,-8.62453183135479,-0.0008865069269841738,-0.00170128150868463,0.00981426127188111,0.6090897207517789,-0.16795532779623762,0.7751133594122723,0.9664794829137977,-0.10477279022151464,0.23439298525313573,-0.23302771398569547,0.02526175074054832,0.9721419281484176,-0.10777519947223067,-0.9941752895635261,0.0,38.00556046619417,-48.30598023720241,1.0589394220542871,428.5690273672481,NONE
0.00448997737839818,0.1346993213519454,-6.426278576308536,-3.6207703102034214,-9.472210514618071,-6.520340372550861,-3.538359156355141,-9.43879103416328,-7.160399320369652,-3.4164599499896533,-10.406985941894613,-5.760356584598684,-3.8061005342859917,-8.624274368733056,-0.0008871912439127021,-0.0016920091602697024,0.00981580227109785,0.608714232943899,-0.1694089496940602,0.7750919883311117,0.9664794829137977,-0.10477279022151464,0.23439298525313573,-0.23302771398569547,0.02526175074054832,0.9721419281484176,-0.10777519947223067,-0.9941752895635261,0.0,38.02561900531337,-48.17014473199584,1.0632252412650658,428.58386812533485,NONE
0.004499977454543114,0.1349993236362934,-6.42198108142023,-3.621406578610528,-9.471929836345824,-6.520340372550861,-3.538359156355141,-9.43879103416328,-7.155477453850707,-3.415328903333739,-10.406807450247992,-5.756625458122122,-3.8083399367500856,-8.62390099682449,-0.0008878900859171778,-0.0016827357629236586,0.009817333090180782,0.6081965198819931,-0.17087436235493328,0.7751767188797839,0.9664794829137977,-0.10477279022151464,0.23439298525313573,-0.23302771398569547,0.02526175074054832,0.9721419281484176,-0.10777519947223067,-0.9941752895635261,0.0,38.0560197423543,-48.03409280278497,1.0675111345370105,428.59871845512174,NONE
0.004509977530688047,0.13529932592064142,-6.417683467322635,-3.622042820940602,-9.47164932943693,-6.520340372550861,-3.538359156355141,-9.43879103416328,-7.150383752145051,-3.4141842453551567,-10.406756914032577,-5.753049976248447,-3.8105916363331684,-8.623411883165991,-0.000888603419023014,-0.001673461781363694,0.009818853651666067,0.6075364243028712,-0.1723510395556573,0.7753674047246027,0.9664794829137977,-0.10477279022151464,0.23439298525313573,-0.23302771398569547,0.02526175074054832,0.9721419281484176,-0.10777519947223067,-0.9941752895635261,0.0,38.096764092951055,-47.89796295042573,1.0717971001237565,428.6136118274517,NONE
0.004519977606832981,0.13559932820498943,-6.413385495597171,-3.6226790371936444,-9.47136897899023,-6.520340372550861,-3.538359156355141,-9.43879103416328,-7.145117949516726,-3.413026531983071,-10.406833854082482,-5.749629925338716,-3.812855128751088,-8.622807433991603,-0.0008893312406963761,-0.0016641872485313781,0.009820363950152608,0.6067339235556561,-0.17383852033392047,0.7756636609090776,0.9664794829137977,-0.10477279022151464,0.23439298525313573,-0.23302771398569547,0.02526175074054832,0.9721419281484176,-0.10777519947223067,-0.9941752895635261,0.0,38.14783883785721,-47.76188432017095,1.076083371944696,428.62855177148504,NONE
0.0045299772173166275,0.13589931651949883,-6.409087404662418,-3.623315231094945,-9.47108878500572,-6.520340372550861,-3.538359156355141,-9.43879103416328,-7.1396801039278825,-3.411856365813774,-10.40703779305347,-5.746365707503792,-3.8151298744923796,-8.622088082300975,-0.0008900735134519667,-0.0016549126292817935,0.009821863910662422,0.6057888680104743,-0.1753363081211327,0.7760650916315202,0.9664794829137977,-0.10477279022151464,0.23439298525313573,-0.23302771398569547,0.02526175074054832,0.9721419281484176,-0.10777519947223067,-0.9941752895635261,0.0,38.20923569200751,-47.625987391959704,1.080369719963473,428.64357051164245,NONE
0.004539977293461561,0.13619931880384684,-6.404789194518375,-3.6239514026445034,-9.470808762384566,-6.520340372550861,-3.538359156355141,-9.43879103416328,-7.1340699449129445,-3.4106743979092182,-10.407368208413832,-5.743257568083395,-3.8174152829778034,-8.621254330501406,-0.0008908303037718738,-0.0016456370927593218,0.009823353667577415,0.604701033404152,-0.17684386307329777,0.7765712512662721,0.9664794829137977,-0.10477279022151464,0.23439298525313573,-0.23302771398569547,0.02526175074054832,0.9721419281484176,-0.10777519947223067,-0.9941752895635261,0.0,38.28094756079482,-47.49040407267055,1.0846561406873594,428.6586724712227,NONE
0.004549977369606495,0.13649932108819485,-6.400490745955753,-3.62458754811703,-9.470528888775023,-6.520340372550861,-3.538359156355141,-9.43879103416328,-7.128287185775817,-3.409481329748598,-10.407824331309573,-5.740305539795758,-3.8197107107900568,-8.620306833394427,-0.000891601574749328,-0.0016363611037988825,0.009824833145509507,0.6034702808608956,-0.17836060045280827,0.7771815208326724,0.9664794829137977,-0.10477279022151464,0.23439298525313573,-0.23302771398569547,0.02526175074054832,0.9721419281484176,-0.10777519947223067,-0.9941752895635261,0.0,38.3629569892285,-47.355266430121794,1.088942754178472,428.673830438351,NONE
0.004559976980090141,0.13679930940270424,-6.396192058974552,-3.625223674963105,-9.470249186528834,-6.520340372550861,-3.538359156355141,-9.43879103416328,-7.122331482824208,-3.4082778356014383,-10.408405425918902,-5.737509934404656,-3.82201556050729,-8.619246301072092,-0.0008923872867016171,-0.0016270851273221174,0.009826302271040926,0.6020963253998051,-0.17988596735037038,0.7778952716725263,0.9664794829137977,-0.10477279022151464,0.23439298525313573,-0.23302771398569547,0.02526175074054832,0.9721419281484176,-0.10777519947223067,-0.9941752895635261,0.0,38.455252655358045,-47.220700578676826,1.0932295559783363,428.68910648434485,NONE
0.004569977056235075,0.13709931168705225,-6.391893133574771,-3.6258597794574383,-9.469969633294257,-6.520340372550861,-3.538359156355141,-9.43879103416328,-7.116202605304844,-3.407064479390399,-10.409110461616741,-5.734870961226722,-3.8243293134899323,-8.618073625788869,-0.0008931875100431601,-0.0016178083323506252,0.009827761175762237,0.6005789756861399,-0.1814194930867536,0.7787116677512497,0.9664794829137977,-0.10477279022151464,0.23439298525313573,-0.23302771398569547,0.02526175074054832,0.9721419281484176,-0.10777519947223067,-0.9941752895635261,0.0,38.557811854669524,-47.08682004219157,1.0975165509357332,428.704446490346,NONE
0.004579977132380009,0.13739931397140026,-6.3875940889657015,-3.62649586160003,-9.469690243972453,-6.520340372550861,-3.538359156355141,-9.43879103416328,-7.1099003057480985,-3.4058421248864055,-10.409938481015937,-5.732389072086218,-3.826651186210126,-8.616789704410055,-0.0008940022056694002,-0.0016085311837900562,0.009829209785844955,0.5989179276790785,-0.1829604614450958,0.779629902872123,0.9664794829137977,-0.10477279022151464,0.23439298525313573,-0.23302771398569547,0.02526175074054832,0.9721419281484176,-0.10777519947223067,-0.9941752895635261,0.0,38.670617048262606,-46.95375769689379,1.1018036203446062,428.71991257506465,NONE
0.004589977208524942,0.13769931625574827,-6.3832948059380525,-3.6271319213908795,-9.46941100366226,-6.520340372550861,-3.538359156355141,-9.43879103416328,-7.10342418115395,-3.4046114709369464,-10.41088825865704,-5.730064405200841,-3.8289805447422998,-8.61539562013367,-0.000894831370686481,-0.001599253714593177,0.009830648096143492,0.597112946066569,-0.1845082929588492,0.7806489732710304,0.9664794829137977,-0.10477279022151464,0.23439298525313573,-0.23302771398569547,0.02526175074054832,0.9721419281484176,-0.10777519947223067,-0.9941752895635261,0.0,38.79364106886903,-46.82162817390969,1.1060908829110119,428.7355078679846,NONE
0.004599976819008589,0.13799930457025766,-6.3792768568337435,-3.6279855530363205,-9.468098643494757,-6.520340372550861,-3.538359156355141,-9.43879103416328,-7.099181806379953,-3.403934697454709,-10.409384555066573,-5.726250032947014,-3.8312224090987645,-8.614256827862663,-0.0008956749624839389,-0.0015899763897469447,0.009832076035324162,0.5969268580143209,-0.1857772659321979,0.7804903161756129,0.9664794829137977,-0.10477279022151464,0.23439298525313573,-0.23302771398569547,0.02526175074054832,0.9721419281484176,-0.10777519947223067,-0.9941752895635261,0.0,38.80133006318002,-46.704092566413856,1.1103711936704208,426.69084887724944,NONE
0.0046099768951535225,0.13829930685460567,-6.3752320856392855,-3.6287990521293763,-9.466935950590285,-6.520340372550861,-3.538359156355141,-9.43879103416328,-7.096407045436679,-3.4034522760674237,-10.406939459876966,-5.721053233611678,-3.833211439539147,-8.614257403931038,-0.0008965330567157132,-0.0015806983781514582,0.009833493731249043,0.5979799181847835,-0.18685181020509703,0.7794269808460561,0.9664794829137977,-0.10477279022151464,0.23439298525313573,-0.23302771398569547,0.02526175074054832,0.9721419281484176,-0.10777519947223067,-0.9941752895635261,0.0,38.72069471580884,-46.59528363515804,1.1146381416735807,426.70648749445604,NONE
0.004619976971298456,0.13859930913895369,-6.371187076026248,-3.6296125325959805,-9.465773421598586,-6.520340372550861,-3.538359156355141,-9.43879103416328,-7.0934607540920585,-3.4029654112059156,-10.404620004342778,-5.716011575063775,-3.835204465138908,-8.614144324684041,-0.0008974056113488938,-0.001571420144782826,0.009834901112172898,0.5988909474036013,-0.18793002344912718,0.7784676868081472,0.9664794829137977,-0.10477279022151464,0.23439298525313573,-0.23302771398569547,0.02526175074054832,0.9721419281484176,-0.10777519947223067,-0.9941752895635261,0.0,38.650239079242,-46.48679715096577,1.1189052797318535,426.7220961311727,NONE
0.00462997704744339,0.1388993114233017,-6.367141947203922,-3.6304259981614235,-9.46461106397024,-6.520340372550861,-3.538359156355141,-9.43879103416328,-7.090343298438127,-3.4024745599603126,-10.402427163739608,-5.711124952564895,-3.837201078375438,-8.613916719656777,-0.0008982926232841767,-0.0015621417225977412,0.009836298173096565,0.5996601503796662,-0.18901152974570667,0.7776132365577529,0.9664794829137977,-0.10477279022151464,0.23439298525313573,-0.23302771398569547,0.02526175074054832,0.9721419281484176,-0.10777519947223067,-0.9941752895635261,0.0,38.589978205631326,-46.37875507319396,1.1231724912758558,426.73762196235595,NONE
0.004639976657927036,0.1391992997378111,-6.363096460753726,-3.6312394488257054,-9.46344888515583,-6.520340372550861,-3.538359156355141,-9.43879103416328,-7.087054687361125,-3.4019800384667147,-10.400361740484906,-5.706392903365902,-3.839200992481221,-8.613573875184223,-0.0008991940469856948,-0.0015528635766216057,0.009837684844774555,0.6002877321718361,-0.1900960669628289,0.7768642892611666,0.9664794829137977,-0.10477279022151464,0.23439298525313573,-0.23302771398569547,0.02526175074054832,0.9721419281484176,-0.10777519947223067,-0.9941752895635261,0.0,38.539922454733954,-46.27126710458586,1.1274400049858873,426.7530990480956,NONE
0.00464997673407197,0.1394993020221591,-6.3590508550942415,-3.632052884588826,-9.462286870254191,-6.520340372550861,-3.538359156355141,-9.43879103416328,-7.083595339003329,-3.4014820298599413,-10.398424392938797,-5.701815502857744,-3.8412040413343975,-8.613115165648932,-0.0009001099633424902,-0.0015435848756810515,0.009839061251333096,0.6007738418024285,-0.19118348324976353,0.7762214031695068,0.9664794829137977,-0.10477279022151464,0.23439298525313573,-0.23302771398569547,0.02526175074054832,0.9721419281484176,-0.10777519947223067,-0.9941752895635261,0.0,38.50008154563775,-46.16443103420068,1.1317075939280112,426.76855947063416,NONE
0.004659976810216904,0.1397993043065071,-6.355005130225467,-3.632866301725495,-9.461125034166487,-6.520340372550861,-3.538359156355141,-9.43879103416328,-7.079965382005252,-3.400980816660654,-10.396615731473092,-5.697392634350429,-3.8432099615555586,-8.612540065799768,-0.0009010403273957764,-0.0015343060847960864,0.009840427323114237,0.6011185859368795,-0.1922735412586544,0.77568507203188,0.9664794829137977,-0.10477279022151464,0.23439298525313573,-0.23302771398569547,0.02526175074054832,0.9721419281484176,-0.10777519947223067,-0.9941752895635261,0.0,38.470464393017096,-46.058350773829986,1.1359752542191899,426.78397552363515,NONE
0.00466997642070055,0.1400992926210165,-6.350959047728824,-3.6336797076862934,-9.459963369442137,-6.520340372550861,-3.538359156355141,-9.43879103416328,-7.076164726472701,-3.4004769172661455,-10.394936241588413,-5.693123924698689,-3.845218297114781,-8.61184812102941,-0.0009019850914173358,-0.0015250276690030918,0.009841782992441254,0.6013220877278311,-0.19336581732549368,0.7752557045908702,0.9664794829137977,-0.10477279022151464,0.23439298525313573,-0.23302771398569547,0.02526175074054832,0.9721419281484176,-0.10777519947223067,-0.9941752895635261,0.0,38.45107524061507,-45.95314511369021,1.1402432188130724,426.7993820665414,NONE
0.004679976496845484,0.1403992949053645,-6.346912846022891,-3.634493102471221,-9.458801883531722,-6.520340372550861,-3.538359156355141,-9.43879103416328,-7.072193666133535,-3.3999704910143596,-10.39338626510818,-5.689009562149977,-3.8472289034763856,-8.611039035478345,-0.0009029443402194993,-0.0015157487971054133,0.009843128380633727,0.6013843930363296,-0.19446017933131554,0.7749335780999286,0.9664794829137977,-0.10477279022151464,0.23439298525313573,-0.23302771398569547,0.02526175074054832,0.9721419281484176,-0.10777519947223067,-0.9941752895635261,0.0,38.44191836506502,-45.84890297648145,1.144511255536628,426.814782675906,NONE
0.0046899765729904175,0.14069929718971252,-6.34286640589838,-3.6353064786296967,-9.45764056898466,-6.520340372550861,-3.538359156355141,-9.43879103416328,-7.06805220697421,-3.39946207964159,-10.39196602779198,-5.6850493139297615,-3.8492412750215808,-8.61011259015071,-0.0009039180266506873,-0.0015064699341381684,0.009844463419601886,0.6013056056714995,-0.19555617190434374,0.774718885930987,0.9664794829137977,-0.10477279022151464,0.23439298525313573,-0.23302771398569547,0.02526175074054832,0.9721419281484176,-0.10777519947223067,-0.9941752895635261,0.0,38.44299091958908,-45.74574008910771,1.1487794805689333,426.8301799393585,NONE
0.004699976649135351,0.14099929947406054,-6.338819846564578,-3.6361198436123017,-9.456479433251532,-6.520340372550861,-3.538359156355141,-9.43879103416328,-7.063740388423668,-3.398952115546577,-10.390675754345997,-5.681243371616199,-3.8512550337298554,-8.609068595424215,-0.000904906147252577,-0.0014971911130601083,0.009845788104603513,0.6010856594815079,-0.19665344268838186,0.7746118082268617,0.9664794829137977,-0.10477279022151464,0.23439298525313573,-0.23302771398569547,0.02526175074054832,0.9721419281484176,-0.10777519947223067,-0.9941752895635261,0.0,38.45429758217654,-45.6437603853695,1.1530477777309134,426.84557762302256,NONE
0.004709976259618998,0.14129928778856993,-6.334773048812198,-3.6369331974190358,-9.455318468881758,-6.520340372550861,-3.538359156355141,-9.43879103416328,-7.059258135937473,-3.3984409013674655,-10.389515382197521,-5.677591575484446,-3.8532699050777093,-8.607907093849644,-0.0009059086513761971,-0.0014879127988990696,0.009847102370057126,0.6007245915013159,-0.19775174074358423,0.7746122992816857,0.9664794829137977,-0.10477279022151464,0.23439298525313573,-0.23302771398569547,0.02526175074054832,0.9721419281484176,-0.10777519947223067,-0.9941752895635261,0.0,38.475830838987136,-45.54305332831725,1.1573162639822634,426.8610103967705,NONE
0.004719976335763931,0.14159929007291794,-6.330726012641239,-3.637746540049899,-9.454157675875338,-6.520340372550861,-3.538359156355141,-9.43879103416328,-7.054605444596824,-3.397928969419915,-10.388484808308277,-5.674093929996358,-3.8552854062008355,-8.606628178893164,-0.0009069256290606354,-0.0014786341604694517,0.009848406333533748,0.6002223976523764,-0.1988506246873568,0.7747202736587451,0.9664794829137977,-0.10477279022151464,0.23439298525313573,-0.23302771398569547,0.02526175074054832,0.9721419281484176,-0.10777519947223067,-0.9941752895635261,0.0,38.50758265517068,-45.443722597495025,1.1615849393229833,426.87647826060225,NONE
0.004729976411908865,0.14189929235726595,-6.3266787380517,-3.6385598715048912,-9.452997069133433,-6.520340372550861,-3.538359156355141,-9.43879103416328,-7.049782137165462,-3.3974167960056896,-10.38758391952267,-5.670750595923199,-3.8573011050452135,-8.605231981616402,-0.0009079570302331963,-0.0014693556628027913,0.009849699929038098,0.5995789309748967,-0.19994969958240189,0.7749356251766384,0.9664794829137977,-0.10477279022151464,0.23439298525313573,-0.23302771398569547,0.02526175074054832,0.9721419281484176,-0.10777519947223067,-0.9941752895635261,0.0,38.54955085615687,-45.34586436246555,1.1658538002603454,426.89195807365786,NONE
0.004739976488053799,0.14219929464161396,-6.322631344252872,-3.6393731880587223,-9.451836633754882,-6.520340372550861,-3.538359156355141,-9.43879103416328,-7.044788284474879,-3.3969048599884246,-10.386812330317925,-5.667561736357829,-3.8593165601284385,-8.603718823309608,-0.0009090028512304169,-0.0014600773388568071,0.009850983151975117,0.598794151355239,-0.20104856527826687,0.7752580465253555,0.9664794829137977,-0.10477279022151464,0.23439298525313573,-0.23302771398569547,0.02526175074054832,0.9721419281484176,-0.10777519947223067,-0.9941752895635261,0.0,38.601721342334635,-45.249569507206616,1.170122734683435,426.90748271753307,NONE
0.004749976098537445,0.14249928295612335,-6.318424567633914,-3.6400433379810933,-9.451305452061805,-6.520340372550861,-3.538359156355141,-9.43879103416328,-7.040321322558932,-3.3964244537140034,-10.386182986313619,-5.6635909741991455,-3.861030381245691,-8.603276684791421,-0.000910063038485753,-0.0014507996536235225,0.009852255938862183,0.598578412330342,-0.20200257718769035,0.775176652835738,0.9664794829137977,-0.10477279022151464,0.23439298525313573,-0.23302771398569547,0.02526175074054832,0.9721419281484176,-0.10777519947223067,-0.9941752895635261,0.0,38.61344075691527,-45.161425988373885,1.1743832167148458,425.6647695406518,NONE
0.004759976174682379,0.14279928524047136,-6.314152941161441,-3.6406548294824246,-9.451031494213256,-6.520340372550861,-3.538359156355141,-9.43879103416328,-7.035968961440034,-3.395958484078016,-10.38568994573791,-5.6593925822415425,-3.862619239307439,-8.603201457202438,-0.0009111376872596963,-0.0014415217759766001,0.009853518403515208,0.5985114692167355,-0.20289598053453162,0.7749949950154235,0.9664794829137977,-0.10477279022151464,0.23439298525313573,-0.23302771398569547,0.02526175074054832,0.9721419281484176,-0.10777519947223067,-0.9941752895635261,0.0,38.61469617145417,-45.07752329861325,1.1786399375279082,425.67979121748704,NONE
0.0047699762508273125,0.14309928752481937,-6.3098811954796785,-3.6412663135331753,-9.45075770027748,-6.520340372550861,-3.538359156355141,-9.43879103416328,-7.031446714786629,-3.39549467201562,-10.385327436126348,-5.655348066354483,-3.8642061260220393,-8.603008137384842,-0.0009122267445611877,-0.0014322441709173892,0.009854770482037058,0.5983037601878896,-0.20378758869844316,0.7749214342354368,0.9664794829137977,-0.10477279022151464,0.23439298525313573,-0.23302771398569547,0.02526175074054832,0.9721419281484176,-0.10777519947223067,-0.9941752895635261,0.0,38.62613153083013,-44.99522873531134,1.1828967343536814,425.69481366681765,NONE
0.004779976326972246,0.14339928980916739,-6.305609211379337,-3.6418777901333454,-9.450484077705058,-6.520340372550861,-3.538359156355141,-9.43879103416328,-7.026754437059976,-3.3950335023457057,-10.3850955213843,-5.651457331212164,-3.8657906016095738,-8.602696681578994,-0.000913330206522071,-0.0014229668714003452,0.009856012169980081,0.5979552634120922,-0.20467699967994282,0.774956017306655,0.9664794829137977,-0.10477279022151464,0.23439298525313573,-0.23302771398569547,0.02526175074054832,0.9721419281484176,-0.10777519947223067,-0.9941752895635261,0.0,38.64774400393396,-44.91463255991363,1.1871537206591327,425.7098690656717,NONE
0.0047899759374558926,0.14369927812367678,-6.301336988860416,-3.642489259282935,-9.45021062649599,-6.520340372550861,-3.538359156355141,-9.43879103416328,-7.021892153222438,-3.394575358236497,-10.384994046530128,-5.647720354171189,-3.867372318497591,-8.602267230368964,-0.0009144480166610452,-0.0014136903423548042,0.009857243405964356,0.5974659995874995,-0.20556389576569287,0.7750986157222458,0.9664794829137977,-0.10477279022151464,0.23439298525313573,-0.23302771398569547,0.02526175074054832,0.9721419281484176,-0.10777519947223067,-0.9941752895635261,0.0,38.67952317985225,-44.835811782678306,1.191410896444264,425.72495974418024,NONE
0.004799976013600826,0.1439992804080248,-6.297064527922916,-3.6431007247072342,-9.449937339199694,-6.520340372550861,-3.538359156355141,-9.43879103416328,-7.016859727966046,-3.3941206790586924,-10.385022841416088,-5.644137257969611,-3.8689508852367998,-8.601719923887003,-0.0009155802754547236,-0.0014044137527622295,0.009858464300043921,0.5968358565201891,-0.20644791572961183,0.7753490945778627,0.9664794829137977,-0.10477279022151464,0.23439298525313573,-0.23302771398569547,0.02526175074054832,0.9721419281484176,-0.10777519947223067,-0.9941752895635261,0.0,38.72146424798002,-44.758843876427704,1.1956682638457465,425.7400614777744,NONE
0.00480997608974576,0.1442992826923728,-6.292791947776126,-3.643712186406243,-9.449664223266753,-6.520340372550861,-3.538359156355141,-9.43879103416328,-7.01165712542238,-3.393669941021375,-10.385181631700224,-5.640708302487937,-3.8705258698572496,-8.601055025198113,-0.0009167269269968013,-0.0013951375675665793,0.009859674790423474,0.5960647056236708,-0.20732866471124983,0.7757072202183097,0.9664794829137977,-0.10477279022151464,0.23439298525313573,-0.23302771398569547,0.02526175074054832,0.9721419281484176,-0.10777519947223067,-0.9941752895635261,0.0,38.773559588709404,-44.6838044368459,1.199925705903885,425.75523633777186,NONE
0.004819975700229406,0.1445992710068822,-6.288519129210758,-3.6443236406546715,-9.449391278697165,-6.520340372550861,-3.538359156355141,-9.43879103416328,-7.006284177353864,-3.3932235425448574,-10.385469889704238,-5.637433412990506,-3.8720969038467907,-8.60027301296004,-0.0009178879126220583,-0.0013858622516325064,0.009860874817302438,0.5951525062449381,-0.20820580926171006,0.7761725551061734,0.9664794829137977,-0.10477279022151464,0.23439298525313573,-0.23302771398569547,0.02526175074054832,0.9721419281484176,-0.10777519947223067,-0.9941752895635261,0.0,38.835790951876064,-44.61075688596148,1.2041833374417017,425.7704302053142,NONE
0.00482997577637434,0.1448992732912302,-6.284335240775394,-3.6450055475932244,-9.44878536023012,-6.520340372550861,-3.538359156355141,-9.43879103416328,-7.001243954208097,-3.3928896498405394,-10.385247084112196,-5.634026307012981,-3.873700244114712,-8.599319572248412,-0.0009190633367152389,-0.001376586974053825,0.009862064487909297,0.5944424553022246,-0.20904808446703158,0.7764902225494713,0.9664794829137977,-0.10477279022151464,0.23439298525313573,-0.23302771398569547,0.02526175074054832,0.9721419281484176,-0.10777519947223067,-0.9941752895635261,0.0,38.883601078228885,-44.53895472849888,1.2084404481042164,425.4417237380041,NONE
0.004839975852519274,0.1451992755755782,-6.280391439849185,-3.6458771779787424,-9.44728556580654,-6.520340372550861,-3.538359156355141,-9.43879103416328,-6.997388929219635,-3.3928529887844525,-10.383434298386256,-5.630001977304881,-3.8753957869843,-8.598103692689167,-0.0009202531411856583,-0.001367312199713932,0.009863243742027477,0.5945160660498936,-0.20980121660862933,0.7762306981291696,0.9664794829137977,-0.10477279022151464,0.23439298525313573,-0.23302771398569547,0.02526175074054832,0.9721419281484176,-0.10777519947223067,-0.9941752895635261,0.0,38.8754569475804,-44.46709293918254,1.2126949152238335,425.45738189446524,NONE
0.0048499759286642075,0.14549927785992622,-6.276447400504398,-3.64674880463897,-9.445785957647475,-6.520340372550861,-3.538359156355141,-9.43879103416328,-6.993364460963311,-3.392822747482628,-10.381752076431457,-5.626130895142404,-3.877085499380979,-8.596769733769076,-0.0009214573218073983,-0.001358037961557091,0.009864412575468147,0.5944493764438727,-0.2105490225645004,0.7760792794184267,0.9664794829137977,-0.10477279022151464,0.23439298525313573,-0.23302771398569547,0.02526175074054832,0.9721419281484176,-0.10777519947223067,-0.9941752895635261,0.0,38.877428377269894,-44.397247483709634,1.2169495687207128,425.473041270491,NONE
0.004859975539147854,0.14579926617443562,-6.272503122741031,-3.6476204275739077,-9.444286520851763,-6.520340372550861,-3.538359156355141,-9.43879103416328,-6.989170572650727,-3.392799312788028,-10.380200542165035,-5.622413039470267,-3.878769030389865,-8.595317554664607,-0.0009226758170064862,-0.0013487647243383988,0.009865570930539238,0.5942424057306349,-0.21129118156601603,0.7760360815219255,0.9664794829137977,-0.10477279022151464,0.23439298525313573,-0.23302771398569547,0.02526175074054832,0.9721419281484176,-0.10777519947223067,-0.9941752895635261,0.0,38.88951297992561,-44.32949479867875,1.2212044120875802,425.4886974901753,NONE
0.0048699756152927876,0.14609926845878363,-6.268500194007205,-3.648439635674346,-9.44302097268215,-6.2777353662142605,-3.564659149148533,-9.379953870335289,-6.985063179466892,-3.3927805212327393,-10.37878643189915,-5.61850487059056,-3.8803483891934514,-8.594186767387999,-0.0009239087363733485,-0.0013394916573436593,0.00986671891069646,0.5941557864679704,-0.2119860295481356,0.7759128976135431,0.9682469746788666,-0.09781683853987055,0.23006447384002407,-0.22889936724695575,0.023124484799242513,0.9731753890623791,-0.10051306233104983,-0.9949357387795629,-3.469446951953615e-18,39.23707626430186,-43.94912712710814,1.225162163659288,424.1274279460367,NONE
0.004879975691437721,0.14639927074313164,-6.264355644637393,-3.6491314146321896,-9.442322421146544,-6.2777353662142605,-3.564659149148533,-9.379953870335289,-6.981405521839591,-3.3927639683535613,-10.37752095391082,-5.613918661014927,-3.881682696988025,-8.59400247565993,-0.000925156018907672,-0.0013302192253516719,0.00986785645783147,0.5945595047063758,-0.21257336027585375,0.7754428166308213,0.9682469746788666,-0.09781683853987055,0.23006447384002407,-0.22889936724695575,0.023124484799242513,0.9731753890623791,-0.10051306233104983,-0.9949357387795629,-3.469446951953615e-18,39.20625009355741,-43.88905913754601,1.2294034905701299,424.1428543920752,NONE
0.004889975767582655,0.14669927302747965,-6.260210856849002,-3.6498231954526785,-9.441624040974292,-6.2777353662142605,-3.564659149148533,-9.379953870335289,-6.977578364394579,-3.3927559884306593,-10.376386791506912,-5.609485750281365,-3.8830092317937805,-8.593699394182073,-0.0009264176601795166,-0.001320947461298586,0.00986898356790339,0.5948228757013972,-0.21315358407092236,0.7750814770977567,0.9682469746788666,-0.09781683853987055,0.23006447384002407,-0.22889936724695575,0.023124484799242513,0.9731753890623791,-0.10051306233104983,-0.9949357387795629,-3.469446951953615e-18,39.18552189768505,-43.83131193732294,1.233645009086617,424.15830007606166,NONE
0.004899975378066301,0.14699926134198904,-6.256065949851322,-3.6505149762731675,-9.440925832165393,-6.2777353662142605,-3.564659149148533,-9.379953870335289,-6.97358192612289,-3.3927567165651173,-10.375384281182201,-5.6052061670869975,-3.8843278675080737,-8.593277217719526,-0.0009276935957095746,-0.0013116768298027397,0.009870100185332213,0.5949459821895187,-0.21372658736650268,0.7748291580272505,0.9682469746788666,-0.09781683853987055,0.23006447384002407,-0.22889936724695575,0.023124484799242513,0.9731753890623791,-0.10051306233104983,-0.9949357387795629,-3.469446951953615e-18,39.17489303800811,-43.77594224142678,1.2378866036025187,424.17370866511254,NONE
0.004909975454211235,0.14729926362633705,-6.251920804435062,-3.6512067570936564,-9.440227802170428,-6.2777353662142605,-3.564659149148533,-9.379953870335289,-6.969416081546534,-3.3927664916783984,-10.374513757393125,-5.601079797908882,-3.885638296694755,-8.592735657095387,-0.0009289839402875918,-0.001302406500390126,0.009871206409794999,0.5949288189728921,-0.21429208913754633,0.7746861305642343,0.9682469746788666,-0.09781683853987055,0.23006447384002407,-0.22889936724695575,0.023124484799242513,0.9731753890623791,-0.10051306233104983,-0.9949357387795629,-3.469446951953615e-18,39.174367702537744,-43.72301806302069,1.242128387827755,424.1890844160165,NONE
0.004919975530356169,0.14759926591068506,-6.247775420600223,-3.6518985397767905,-9.439529943538817,-6.2777353662142605,-3.564659149148533,-9.379953870335289,-6.965080914460332,-3.392785612885347,-10.373775312372626,-5.597106566736618,-3.8869402515785683,-8.592074614436003,-0.0009302886300072195,-0.0012931369377083449,0.009872302185294604,0.5947714555320498,-0.21484984291009634,0.7746524773637494,0.9682469746788666,-0.09781683853987055,0.23006447384002407,-0.22889936724695575,0.023124484799242513,0.9731753890623791,-0.10051306233104983,-0.9949357387795629,-3.469446951953615e-18,39.18394059337007,-43.672597514539845,1.246370363658638,424.2045169834009,NONE
0.004929975140839815,0.14789925422519445,-6.243629798346805,-3.6525903243225697,-9.43883226372114,-6.2777353662142605,-3.564659149148533,-9.379953870335289,-6.960576405344589,-3.3928143175981007,-10.373168968895577,-5.5932864912765465,-3.888233516802619,-8.591294083291269,-0.000931607598212799,-0.0012838686062557252,0.009873387457837382,0.5944738756817577,-0.21539965182805149,0.7747282111323073,0.9682469746788666,-0.09781683853987055,0.23006447384002407,-0.22889936724695575,0.023124484799242513,0.9731753890623791,-0.10051306233104983,-0.9949357387795629,-3.469446951953615e-18,39.20360840477652,-43.62472923353237,1.250612529381053,424.2199244799321,NONE
0.004939975216984749,0.14819925650954247,-6.2394840568840975,-3.653282108868349,-9.438134762717398,-6.2777353662142605,-3.564659149148533,-9.379953870335289,-6.955902545107834,-3.3928530493609643,-10.372694736334331,-5.589619807119764,-3.8895176864749716,-8.590394055159509,-0.0009329409635890988,-0.0012746006757697736,0.009874462324262319,0.5940359730382914,-0.2159411465713076,0.7749133396412269,0.9682469746788666,-0.09781683853987055,0.23006447384002407,-0.22889936724695575,0.023124484799242513,0.9731753890623791,-0.10051306233104983,-0.9949357387795629,-3.469446951953615e-18,39.23337084326761,-43.57947318539975,1.2548547693887677,424.23536802065433,NONE
0.0049499752931296825,0.14849925879389048,-6.235338077002811,-3.6539738971394184,-9.43743744052759,-6.2777353662142605,-3.564659149148533,-9.379953870335289,-6.9510591882721044,-3.3929019402547276,-10.372352310343773,-5.58610641888533,-3.890792647889457,-8.589374806112618,-0.0009342886600527753,-0.0012653336107822121,0.009875526730158178,0.5934577258203368,-0.216474220710752,0.7752076105352854,0.9682469746788666,-0.09781683853987055,0.23006447384002407,-0.22889936724695575,0.023124484799242513,0.9731753890623791,-0.10051306233104983,-0.9949357387795629,-3.469446951953615e-18,39.27321677140824,-43.53685740324814,1.2590971994702134,424.25085010710336,NONE
0.004959975369274616,0.1487992610782385,-6.231191977912235,-3.654665687273133,-9.436740289701136,-6.2777353662142605,-3.564659149148533,-9.379953870335289,-6.946046318087554,-3.392961702789716,-10.3721414797953,-5.582746569111267,-3.8920577511746717,-8.588236513456646,-0.000935650682817158,-0.0012560674442098558,0.009876580671743733,0.5927390212940375,-0.21699828190650255,0.7756108549298499,0.9682469746788666,-0.09781683853987055,0.23006447384002407,-0.22889936724695575,0.023124484799242513,0.9731753890623791,-0.10051306233104983,-0.9949357387795629,-3.469446951953615e-18,39.32313912411756,-43.496950441200966,1.2633397057332711,424.2663454475152,NONE
0.004969974979758263,0.14909924939274788,-6.227045640403079,-3.655357479269493,-9.436043310238036,-6.2777353662142605,-3.564659149148533,-9.379953870335289,-6.940863650042853,-3.3930324815006383,-10.372061757839925,-5.5795402885340035,-3.8933128652229723,-8.586979618813015,-0.0009370269623280643,-0.001246802640367443,0.009877624097142906,0.5918797223951517,-0.21751321031405813,0.7761226691421342,0.9682469746788666,-0.09781683853987055,0.23006447384002407,-0.22889936724695575,0.023124484799242513,0.9731753890623791,-0.10051306233104983,-0.9949357387795629,-3.469446951953615e-18,39.38312724655504,-43.45977046913819,1.267582403601974,424.2819194137224,NONE
0.004979975055903196,0.1493992516770959,-6.222949728423404,-3.65608855445205,-9.435157436205062,-6.2777353662142605,-3.564659149148533,-9.379953870335289,-6.935821769172,-3.3931889100083836,-10.371735420177508,-5.576302466307553,-3.8945652032377214,-8.585586188526754,-0.0009384176224574887,-0.001237538369317059,0.009878657099405915,0.5910953490714989,-0.21798969270840787,0.7765866224568494,0.9682469746788666,-0.09781683853987055,0.23006447384002407,-0.22889936724695575,0.023124484799242513,0.9731753890623791,-0.10051306233104983,-0.9949357387795629,-3.469446951953615e-18,39.43782823334905,-43.42528043640865,1.271823577591224,423.3864748938503,NONE
0.00498997513204813,0.1496992539614439,-6.219038352423953,-3.65696214247762,-9.433587047530326,-6.2777353662142605,-3.564659149148533,-9.379953870335289,-6.93173998958723,-3.393627461493175,-10.37017250106202,-5.5725456636474995,-3.8958334135404105,-8.58400902420399,-0.0009398225942227608,-0.0012282750954117957,0.009879679626238478,0.5909540547564047,-0.21835041393358062,0.776592816025231,0.9682469746788666,-0.09781683853987055,0.23006447384002407,-0.22889936724695575,0.023124484799242513,0.9731753890623791,-0.10051306233104983,-0.9949357387795629,-3.469446951953615e-18,39.44685577219208,-43.39335673957353,1.2760574978325483,423.40233954616724,NONE
0.004999975208193064,0.1499992562457919,-6.214987739974307,-3.657711715589154,-9.432576987219962,-6.2777353662142605,-3.564659149148533,-9.379953870335289,-6.928095414461419,-3.394045003849276,-10.36875987496115,-5.568126734152484,-3.8968841722317764,-8.583364131906078,-0.000941241872633792,-0.0012190128515553408,0.00988069167400814,0.591290730569102,-0.21862572538369576,0.7762590187195963,0.9682469746788666,-0.09781683853987055,0.23006447384002407,-0.22889936724695575,0.023124484799242513,0.9731753890623791,-0.10051306233104983,-0.9949357387795629,-3.469446951953615e-18,39.42194915809112,-43.36322314574688,1.2802851909483888,422.538907286748,NONE
0.00500997481867671,0.1502992445603013,-6.210893616133975,-3.658422132174361,-9.431743483318003,-6.2777353662142605,-3.564659149148533,-9.379953870335289,-6.9244723155811965,-3.394465520492853,-10.367485668129822,-5.56360534288766,-3.8978575574745085,-8.582930390270548,-0.0009426753852419334,-0.0012097521018515477,0.00988169319295955,0.5916812924754508,-0.21886610303550227,0.7758935990692494,0.9682469746788666,-0.09781683853987055,0.23006447384002407,-0.22889936724695575,0.023124484799242513,0.9731753890623791,-0.10051306233104983,-0.9949357387795629,-3.469446951953615e-18,39.39328442045916,-43.33561723341059,1.2845105643118107,422.55446192915537,NONE
0.005019974894821644,0.15059924684464931,-6.206799134665775,-3.6591325562101487,-9.43091016568056,-6.2777353662142605,-3.564659149148533,-9.379953870335289,-6.920679911580453,-3.3948996947164654,-10.366343926483601,-5.559236846510595,-3.8988185681155945,-8.582376844498805,-0.0009441232610991142,-0.0012004920167353504,0.009882684272348652,0.5919317674216774,-0.21909516234744755,0.7756378617325198,0.9682469746788666,-0.09781683853987055,0.23006447384002407,-0.22889936724695575,0.023124484799242513,0.9731753890623791,-0.10051306233104983,-0.9949357387795629,-3.469446951953615e-18,39.3746746513426,-43.31086959662746,1.288736241823278,422.57000652364405,NONE
0.0050299749709665775,0.15089924912899733,-6.2027045339882845,-3.6598429858338717,-9.43007701940647,-6.2777353662142605,-3.564659149148533,-9.379953870335289,-6.916718619902932,-3.395347827772889,-10.365334890835165,-5.55502132104588,-3.8997669273359508,-8.581703247731298,-0.0009455854283275333,-0.0011912330603545218,0.009883664862001122,0.5920423038508923,-0.2193126519839398,0.7754920187408115,0.9682469746788666,-0.09781683853987055,0.23006447384002407,-0.22889936724695575,0.023124484799242513,0.9731753890623791,-0.10051306233104983,-0.9949357387795629,-3.469446951953615e-18,39.36611661784907,-43.28902668632993,1.292961995880754,422.5855438344361,NONE
0.005039974581450224,0.15119923744350672,-6.198609814101505,-3.6605534229081753,-9.429244059396895,-6.2777353662142605,-3.564659149148533,-9.379953870335289,-6.912588335345291,-3.3958100042395594,-10.36445883850689,-5.550958861923622,-3.900702561967517,-8.580909376826517,-0.0009470618126290456,-0.0011819756966643586,0.009884634913519545,0.5920128145311606,-0.2195185033599814,0.7754562876871187,0.9682469746788666,-0.09781683853987055,0.23006447384002407,-0.22889936724695575,0.023124484799242513,0.9731753890623791,-0.10051306233104983,-0.9949357387795629,-3.469446951953615e-18,39.36761952245485,-43.270114570219164,1.2971878232382075,422.6010788646032,NONE
0.005049974657595158,0.15149923972785473,-6.194514736586856,-3.6612638655704144,-9.428411278201255,-6.2777353662142605,-3.564659149148533,-9.379953870335289,-6.908288860131133,-3.396286534188565,-10.363715829673083,-5.5470491938586575,-3.9016251871911978,-8.57999516299125,-0.0009485526903096799,-0.0011727191087465394,0.009885594407854033,0.5918433331619463,-0.2197124578272317,0.7755307246442751,0.9682469746788666,-0.09781683853987055,0.23006447384002407,-0.22889936724695575,0.023124484799242513,0.9731753890623791,-0.10051306233104983,-0.9949357387795629,-3.469446951953615e-18,39.379180573605105,-43.25416909298715,1.301413956275626,422.61661687990335,NONE
0.005059974733740091,0.15179924201220274,-6.190419539862918,-3.661974315683234,-9.427578668368968,-6.2777353662142605,-3.564659149148533,-9.379953870335289,-6.903820308731828,-3.3967776676932235,-10.36310588361376,-5.543292667702261,-3.9025345797173787,-8.578960574527555,-0.0009500578435210963,-0.001163463748884972,0.009886543402044843,0.5915337569693773,-0.21989430957571968,0.7757153517766111,0.9682469746788666,-0.09781683853987055,0.23006447384002407,-0.22889936724695575,0.023124484799242513,0.9731753890623791,-0.10051306233104983,-0.9949357387795629,-3.469446951953615e-18,39.40080269665557,-43.24121641117601,1.3056401660412487,422.6321578803365,NONE
0.005069974809885025,0.15209924429655075,-6.186324104720401,-3.6626847732466343,-9.426746244801196,-6.2777353662142605,-3.564659149148533,-9.379953870335289,-6.899182618732389,-3.3972835748723895,-10.362628733414859,-5.539689112726946,-3.9034305852309985,-8.57780588197159,-0.000951577266916462,-0.0011542096499547836,0.009887481892721418,0.5910841330458446,-0.2200639175472214,0.776009935410116,0.9682469746788666,-0.09781683853987055,0.23006447384002407,-0.22889936724695575,0.023124484799242513,0.9731753890623791,-0.10051306233104983,-0.9949357387795629,-3.469446951953615e-18,39.43247401728111,-43.23126804552312,1.3098665645308838,422.6477366802132,NONE
0.005079974420368671,0.15239923261106014,-6.1822285503685945,-3.6633952391919378,-9.425914000047358,-6.2777353662142605,-3.564659149148533,-9.379953870335289,-6.894375714607673,-3.3978046378529596,-10.362284193153805,-5.536238824785891,-3.904312858880322,-8.576531239764979,-0.0009531108836605452,-0.0011449572756892742,0.009888409833353195,0.5904942999225136,-0.22022096566407062,0.7764143275603593,0.9682469746788666,-0.09781683853987055,0.23006447384002407,-0.22889936724695575,0.023124484799242513,0.9731753890623791,-0.10051306233104983,-0.9949357387795629,-3.469446951953615e-18,39.474194240823934,-43.22434805521684,1.3140930381257103,422.6633585452915,NONE
0.005089974496513605,0.15269923489540815,-6.1781920046151155,-3.6641509348180774,-9.42486182905546,-6.2777353662142605,-3.564659149148533,-9.379953870335289,-6.889761091190829,-3.3984205775772294,-10.361631759114076,-5.532726654119296,-3.9051953272877507,-8.57511646680399,-0.0009546588305096732,-0.0011357057971676894,0.009889327307533537,0.590014972639797,-0.22033684770022682,0.7767457792652541,0.9682469746788666,-0.09781683853987055,0.23006447384002407,-0.22889936724695575,0.023124484799242513,0.9731753890623791,-0.10051306233104983,-0.9949357387795629,-3.469446951953615e-18,39.50811594925632,-43.21982032169716,1.3183173982623586,422.0799558730974,NONE
0.005099974572658539,0.15299923717975616,-6.174237117224979,-3.6649688288223627,-9.423507388008746,-6.2777353662142605,-3.564659149148533,-9.379953870335289,-6.885475909456208,-3.3991619871336525,-10.360506423722498,-5.529071377208102,-3.9060826004456253,-8.573554203685205,-0.0009562210311982325,-0.001126455678174889,0.009890234268312294,0.5897411009774371,-0.22040026665737966,0.7769357478423015,0.9682469746788666,-0.09781683853987055,0.23006447384002407,-0.22889936724695575,0.023124484799242513,0.9731753890623791,-0.10051306233104983,-0.9949357387795629,-3.469446951953615e-18,39.52749916223812,-43.217492716821646,1.3225383185855737,422.0957874091783,NONE
0.0051099746488034725,0.15329923946410418,-6.170178279334354,-3.6656945740458253,-9.422572861684474,-6.2777353662142605,-3.564659149148533,-9.379953870335289,-6.881473963323735,-3.399881316515712,-10.359526890253044,-5.524960932721141,-3.90681416548813,-8.572660503407604,-0.0009577974801769432,-0.001117206951567407,0.009891130712468188,0.5897882741750409,-0.22040558650974695,0.7768984290632344,0.9682469746788666,-0.09781683853987055,0.23006447384002407,-0.22889936724695575,0.023124484799242513,0.9731753890623791,-0.10051306233104983,-0.9949357387795629,-3.469446951953615e-18,39.524113234376244,-43.21637545488563,1.3267542675043114,421.3401073722315,NONE
0.005119974259287119,0.15359922777861357,-6.166070446425723,-3.6663766616609577,-9.421836952937754,-6.2777353662142605,-3.564659149148533,-9.379953870335289,-6.877516512426638,-3.4005993316869283,-10.35868699197029,-5.520716688071734,-3.907463663165029,-8.572018923719849,-0.0009593880977269402,-0.0011079600808001683,0.00989201659559823,0.5899129671108281,-0.2203757962948264,0.7768122035871479,0.9682469746788666,-0.09781683853987055,0.23006447384002407,-0.22889936724695575,0.023124484799242513,0.9731753890623791,-0.10051306233104983,-0.9949357387795629,-3.469446951953615e-18,39.51529101217295,-43.21752059947414,1.3309676904033054,421.3556584606747,NONE
0.005129974335432053,0.15389923006296158,-6.161962375098514,-3.6670587595206383,-9.42110123790613,-6.2777353662142605,-3.564659149148533,-9.379953870335289,-6.8733900521551305,-3.4013344026285557,-10.357980267484486,-5.516625297382569,-3.9080977090652436,-8.571256911322065,-0.000960993025765298,-0.001098714237445291,0.009892891997489063,0.5898977194663311,-0.22033187236377744,0.7768362418097484,0.9682469746788666,-0.09781683853987055,0.23006447384002407,-0.22889936724695575,0.023124484799242513,0.9731753890623791,-0.10051306233104983,-0.9949357387795629,-3.469446951953615e-18,39.516509306820446,-43.221827329941675,1.3351813005854964,421.37120902374556,NONE
0.005139974411576986,0.1541992323473096,-6.157854065352725,-3.66774086855619,-9.420365701688441,-6.2777353662142605,-3.564659149148533,-9.379953870335289,-6.869094474151702,-3.402086679814759,-10.35740680136719,-5.5126868589449,-3.908716168469567,-8.57037436108124,-0.0009626121851421017,-0.0010894698850143281,0.009893756873317788,0.5897424413942621,-0.2202736907194817,0.7769706262112831,0.9682469746788666,-0.09781683853987055,0.23006447384002407,-0.22889936724695575,0.023124484799242513,0.9731753890623791,-0.10051306233104983,-0.9949357387795629,-3.469446951953615e-18,39.52777455722594,-43.22930496576932,1.3393951015702115,421.38676107938295,NONE
0.005149974022060633,0.15449922066181898,-6.153782352858829,-3.6684508781534317,-9.419493983758601,-6.2777353662142605,-3.564659149148533,-9.379953870335289,-6.864853771549375,-3.4029037008123932,-10.35669365497023,-5.508768437623465,-3.9093291078703025,-8.569358802683933,-0.0009642454939787743,-0.0010802274867358192,0.009894611180278687,0.5896023190982215,-0.22018495959039533,0.777102109689695,0.9682469746788666,-0.09781683853987055,0.23006447384002407,-0.22889936724695575,0.023124484799242513,0.9731753890623791,-0.10051306233104983,-0.9949357387795629,-3.469446951953615e-18,39.53804538944335,-43.2394335464976,1.3436075270951893,421.02942918113934,NONE
0.005159974098205566,0.154799222946167,-6.149761542731571,-3.669199603761423,-9.418433304203662,-6.2777353662142605,-3.564659149148533,-9.379953870335289,-6.860755151276423,-3.403804399794441,-10.355735050660616,-5.504818209192222,-3.9099399782102644,-8.568205530525907,-0.0009658930980578674,-0.0010709862145828787,0.00989545499530042,0.5895378009061744,-0.22005894713731436,0.7771867478846566,0.9682469746788666,-0.09781683853987055,0.23006447384002407,-0.22889936724695575,0.023124484799242513,0.9731753890623791,-0.10051306233104983,-0.9949357387795629,-3.469446951953615e-18,39.54302446648967,-43.25205065647181,1.3478179269922919,421.045151146509,NONE
0.0051699741743505,0.155099225230515,-6.145740613395023,-3.669948340079624,-9.417372818363818,-6.2777353662142605,-3.564659149148533,-9.379953870335289,-6.856487514290103,-3.4047231083695966,-10.354909755728936,-5.501021068722608,-3.9105345324476533,-8.566931702672147,-0.0009675549160687776,-0.0010617465318447095,0.009896288275156984,0.589333237203259,-0.2199180104687202,0.7773817621986042,0.9682469746788666,-0.09781683853987055,0.23006447384002407,-0.22889936724695575,0.023124484799242513,0.9731753890623791,-0.10051306233104983,-0.9949357387795629,-3.469446951953615e-18,39.558050137425404,-43.26788472965886,1.3520283987941077,421.0608753507284,NONE
0.005179974250495434,0.15539922751486301,-6.141719445639896,-3.670697088505018,-9.416312511337908,-6.2777353662142605,-3.564659149148533,-9.379953870335289,-6.852050631288284,-3.405659925376814,-10.35421762298187,-5.4973769968707105,-3.9111126835897005,-8.565537424223896,-0.0009692309421084253,-0.0010525084713411362,0.009897111016888881,0.5889885367032929,-0.21976206878821153,0.7776870429382499,0.9682469746788666,-0.09781683853987055,0.23006447384002407,-0.22889936724695575,0.023124484799242513,0.9731753890623791,-0.10051306233104983,-0.9949357387795629,-3.469446951953615e-18,39.58312376691143,-43.286926934744805,1.3562390614895428,421.0766383633608,NONE
0.00518997386097908,0.1556992158293724,-6.13769803946619,-3.6714458481062833,-9.415252383125933,-6.2777353662142605,-3.564659149148533,-9.379953870335289,-6.8474444296864005,-3.4066151360356924,-10.353658396056973,-5.493886059478094,-3.9116741711371668,-8.564022927727905,-0.000970921091422726,-0.0010432724959754745,0.009897923179822554,0.5885036392210029,-0.21959088482672792,0.7781023775343774,0.9682469746788666,-0.09781683853987055,0.23006447384002407,-0.22889936724695575,0.023124484799242513,0.9731753890623791,-0.10051306233104983,-0.9949357387795629,-3.469446951953615e-18,39.61824113008603,-43.30917587575885,1.3604499149875018,421.0924106358536,NONE
0.005199973937124014,0.15599921811372042,-6.133611783438968,-3.672133182792801,-9.414465691221865,-6.2777353662142605,-3.564659149148533,-9.379953870335289,-6.843287407385238,-3.407586012372105,-10.353005191184675,-5.489863995640604,-3.9121043047818147,-8.563115149543707,-0.0009726255149404673,-0.001034037778297213,0.009898724837072045,0.5884449616281014,-0.21935577930856948,0.7782130615830296,0.9682469746788666,-0.09781683853987055,0.23006447384002407,-0.22889936724695575,0.023124484799242513,0.9731753890623791,-0.10051306233104983,-0.9949357387795629,-3.469446951953615e-18,39.62312407776406,-43.33185328932132,1.3646546427886612,420.0949421069588,NONE
0.005209974013268948,0.15629922039806843,-6.129570111686038,-3.6728517219078425,-9.41352064467779,-6.2777353662142605,-3.564659149148533,-9.379953870335289,-6.839421984785873,-3.4086465053902666,-10.352023181388866,-5.4856624480248435,-3.9125126570153648,-8.562203632418893,-0.0009743441284748317,-0.0010248047812760617,0.009899515947542806,0.5885911029395783,-0.21907223983699917,0.7781824125956405,0.9682469746788666,-0.09781683853987055,0.23006447384002407,-0.22889936724695575,0.023124484799242513,0.9731753890623791,-0.10051306233104983,-0.9949357387795629,-3.469446951953615e-18,39.61353557927847,-43.356408458196654,1.3688556860965981,420.1106486894385,NONE
0.005219974089413881,0.15659922268241644,-6.125528320723819,-3.6735702745270613,-9.41257577694765,-6.2777353662142605,-3.564659149148533,-9.379953870335289,-6.835387403136691,-3.409726328124857,-10.351174490272163,-5.481614117484311,-3.912903500988942,-8.561171522743207,-0.0009760769259208157,-0.001015573537707731,0.0099002965084252,0.5885970807184262,-0.21877268385394982,0.7782621597951977,0.9682469746788666,-0.09781683853987055,0.23006447384002407,-0.22889936724695575,0.023124484799242513,0.9731753890623791,-0.10051306233104983,-0.9949357387795629,-3.469446951953615e-18,39.61399985675136,-43.384259873143286,1.373056805010771,420.12635325397935,NONE
0.005229973699897528,0.15689921099692583,-6.121486291343021,-3.6742888406504575,-9.411631088031443,-6.2777353662142605,-3.564659149148533,-9.379953870335289,-6.831183527842,-3.4108257497380503,-10.350459145677867,-5.477718898766748,-3.9132765925451487,-8.560018795259953,-0.000977823819653876,-0.001006344510143772,0.009901066481180084,0.5884628822066317,-0.2184568881769993,0.7784523262686585,0.9682469746788666,-0.09781683853987055,0.23006447384002407,-0.22889936724695575,0.023124484799242513,0.9731753890623791,-0.10051306233104983,-0.9949357387795629,-3.469446951953615e-18,39.62451920891095,-43.4154096281378,1.3772581149552128,420.14206356787525,NONE
0.005239973776042461,0.15719921328127384,-6.117444023543643,-3.675007420627277,-9.410686577929171,-6.2777353662142605,-3.564659149148533,-9.379953870335289,-6.826810295912341,-3.4119447685709576,-10.349876985839304,-5.47397684900998,-3.9136319338548127,-8.558745596707917,-0.0009795849657404376,-0.0009971168717582987,0.00990182593510255,0.5881884551749395,-0.21812485447124141,0.7787527778832114,0.9682469746788666,-0.09781683853987055,0.23006447384002407,-0.22889936724695575,0.023124484799242513,0.9731753890623791,-0.10051306233104983,-0.9949357387795629,-3.469446951953615e-18,39.64509424809267,-43.449832497928206,1.3814596159640882,420.15780768711244,NONE
0.005249973852187395,0.15749921556562185,-6.113401636534976,-3.6757260143411044,-9.409742246640834,-6.2777353662142605,-3.564659149148533,-9.379953870335289,-6.822267583329296,-3.413083577085641,-10.349427890470443,-5.470388308055506,-3.913969350113302,-8.55735203619873,-0.0009813602771218907,-0.000987891085174095,0.009902574831232155,0.587773597945126,-0.2177764230555048,0.7791634149007455,0.9682469746788666,-0.09781683853987055,0.23006447384002407,-0.22889936724695575,0.023124484799242513,0.9731753890623791,-0.10051306233104983,-0.9949357387795629,-3.469446951953615e-18,39.675732895971386,-43.487513386612534,1.3856611926019742,420.17356356774576,NONE
0.005259973928332329,0.15779921784996986,-6.109357342177677,-3.676435597043361,-9.408825005663546,-6.2777353662142605,-3.564659149148533,-9.379953870335289,-6.8181844197331865,-3.41428448154571,-10.348677151673236,-5.466379272041107,-3.9142332541364326,-8.556283760852397,-0.0009831497474920925,-0.0009786671831616652,0.009903313166909034,0.5877413685617738,-0.21736903156118384,0.77930147426993,0.9682469746788666,-0.09781683853987055,0.23006447384002407,-0.22889936724695575,0.023124484799242513,0.9731753890623791,-0.10051306233104983,-0.9949357387795629,-3.469446951953615e-18,39.67925905983472,-43.52582707311188,1.3898575020775823,419.4051486737035,NONE
0.005269973538815975,0.15809920616447926,-6.1053346247017855,-3.6771596426758846,-9.407832916153582,-6.2777353662142605,-3.564659149148533,-9.379953870335289,-6.814189692732728,-3.4155405441056814,-10.347812186872744,-5.462331164364353,-3.914474706442428,-8.555176356334087,-0.0009849532863609154,-0.0009694456278934267,0.009904040905730802,0.5877645775514673,-0.2169278966681505,0.7794068828428947,0.9682469746788666,-0.09781683853987055,0.23006447384002407,-0.22889936724695575,0.023124484799242513,0.9731753890623791,-0.10051306233104983,-0.9949357387795629,-3.469446951953615e-18,39.67893848582107,-43.56657768446627,1.3940515545094456,419.4209180011545,NONE
0.005279973614960909,0.15839920844882727,-6.101311549598026,-3.6778837031222578,-9.406841020358714,-6.2777353662142605,-3.564659149148533,-9.379953870335289,-6.810025310403159,-3.416817105883354,-10.347080418939262,-5.458436269250077,-3.914697592129829,-8.553948498178865,-0.0009867710549232482,-0.0009602255932162968,0.009904758113169519,0.5876474091969918,-0.21646977662890227,0.7796225742436507,0.9682469746788666,-0.09781683853987055,0.23006447384002407,-0.22889936724695575,0.023124484799242513,0.9731753890623791,-0.10051306233104983,-0.9949357387795629,-3.469446951953615e-18,39.68868623904092,-43.610643198783634,1.3982459100954934,419.43672087126066,NONE
0.005289973691105843,0.15869921073317528,-6.097264871054935,-3.6785871144736815,-9.405945013536128,-6.2777353662142605,-3.564659149148533,-9.379953870335289,-6.805794000672506,-3.418102292795869,-10.346484869018292,-5.454557069925014,-3.914873274025977,-8.552779946465039,-0.0009886029632541335,-0.0009510075413796491,0.009905464752401068,0.5874943177163011,-0.21598738314352528,0.7798717054579363,0.9682469746788666,-0.09781683853987055,0.23006447384002407,-0.22889936724695575,0.023124484799242513,0.9731753890623791,-0.10051306233104983,-0.9949357387795629,-3.469446951953615e-18,39.701074805580724,-43.657381771902976,1.4024390391651238,419.2403621174336,NONE
0.005299973301589489,0.15899919904768467,-6.093201980048465,-3.679276488873053,-9.405114169491442,-6.2777353662142605,-3.564659149148533,-9.379953870335289,-6.801462453509638,-3.4194000514289455,-10.346024594869693,-5.450737877307674,-3.9150107822045515,-8.551612957930137,-0.0009904489187177723,-0.000941791934254437,0.00990616078862698,0.5872715548704194,-0.2154829264241764,0.7801789725824152,0.9682469746788666,-0.09781683853987055,0.23006447384002407,-0.22889936724695575,0.023124484799242513,0.9731753890623791,-0.10051306233104983,-0.9949357387795629,-3.469446951953615e-18,39.71850323195744,-43.706988504654646,1.406631501212889,419.25609212543617,NONE
0.005309973377734423,0.15929920133203268,-6.0891603082955355,-3.679980990861419,-9.404206331146868,-6.2777353662142605,-3.564659149148533,-9.379953870335289,-6.797170874830503,-3.4207489575913574,-10.34548252876002,-5.446922896489971,-3.9151307442319943,-8.550373327060768,-0.0009923090863493075,-0.0009325779462233643,0.009906846284449582,0.5870643384089268,-0.21494860288723336,0.78048226160837,0.9682469746788666,-0.09781683853987055,0.23006447384002407,-0.22889936724695575,0.023124484799242513,0.9731753890623791,-0.10051306233104983,-0.9949357387795629,-3.469446951953615e-18,39.734919978378414,-43.75913250504617,1.4108226111686317,418.7351824375966,NONE
0.005319973453879356,0.1595992036163807,-6.085128888541507,-3.6806887773916754,-9.403272788299235,-6.2777353662142605,-3.564659149148533,-9.379953870335289,-6.793123808006573,-3.422152871571607,-10.344752192750025,-5.442905670215744,-3.915207072542695,-8.54925545499598,-0.000994183374077243,-0.0009233660392382256,0.00990752120464828,0.5870513642568821,-0.21437139172656006,0.7806507555452382,0.9682469746788666,-0.09781683853987055,0.23006447384002407,-0.22889936724695575,0.023124484799242513,0.9731753890623791,-0.10051306233104983,-0.9949357387795629,-3.469446951953615e-18,39.737632034517894,-43.81287186359052,1.4150100296339279,418.7509859984918,NONE
0.00532997353002429,0.1598992059007287,-6.0810972303689,-3.6813965804529074,-9.402339424265536,-6.2777353662142605,-3.564659149148533,-9.379953870335289,-6.788906871881993,-3.423578331693511,-10.344154879426105,-5.4390420779421,-3.9152638878432984,-8.54801725887603,-0.0009960717752439156,-0.0009141562460199389,0.009908185546825984,0.5868977364956058,-0.21377632876077715,0.7809294002391629,0.9682469746788666,-0.09781683853987055,0.23006447384002407,-0.22889936724695575,0.023124484799242513,0.9731753890623791,-0.10051306233104983,-0.9949357387795629,-3.469446951953615e-18,39.750433503626795,-43.869932001819556,1.4191976394255672,418.7668226184448,NONE
0.0053399731405079365,0.1601991942152381,-6.077049240523624,-3.6820899356742087,-9.401472921742114,-6.2777353662142605,-3.564659149148533,-9.379953870335289,-6.784613954112547,-3.42501782590172,-10.34367629472085,-5.435216262572082,-3.9152804193073725,-8.54679887553711,-0.0009979741943572356,-0.0009049490280139021,0.009908839278324415,0.5866946484958547,-0.21315764930680553,0.7812510518190183,0.9682469746788666,-0.09781683853987055,0.23006447384002407,-0.22889936724695575,0.023124484799242513,0.9731753890623791,-0.10051306233104983,-0.9949357387795629,-3.469446951953615e-18,39.76684189367119,-43.929724506336406,1.4233842666096521,418.47455123889824,SLIDING
0.00534997321665287,0.1604991964995861,-6.073033914023685,-3.6828057786103967,-9.400490264667186,-6.2777353662142605,-3.564659149148533,-9.379953870335289,-6.780508647869039,-3.426526416324923,-10.342977123476667,-5.431282556828043,-3.915277159848285,-8.545559068053945,-0.0009998908015643293,-0.000895743560359444,0.009909482457916539,0.5866200395830418,-0.21250032327102697,0.781486111053357,0.9682469746788666,-0.09781683853987055,0.23006447384002407,-0.22889936724695575,0.023124484799242513,0.9731753890623791,-0.10051306233104983,-0.9949357387795629,-3.469446951953615e-18,39.774227268542425,-43.99153589193239,1.4275681903213826,418.29388506139856,NONE
0.005359973292797804,0.16079919878393412,-6.0690001100838655,-3.683505571598995,-9.399582560433062,-6.2777353662142605,-3.564659149148533,-9.379953870335289,-6.776314220053157,-3.428046917906071,-10.342412723125852,-5.427394455039169,-3.9152324868822217,-8.544339952369343,-0.0010018215019364477,-0.0008865403045879347,0.009910115052521705,0.5864868543539081,-0.21181981259832636,0.7817707698941344,0.9682469746788666,-0.09781683853987055,0.23006447384002407,-0.22889936724695575,0.023124484799242513,0.9731753890623791,-0.10051306233104983,-0.9949357387795629,-3.469446951953615e-18,39.785871184782465,-44.05614394670808,1.431751190817364,418.309742177236,NONE
0.005369973368942738,0.16109920106828213,-6.064968690329837,-3.684205469361383,-9.398670579565676,-6.2777353662142605,-3.564659149148533,-9.379953870335289,-6.772110294248386,-3.429600521224145,-10.341860996174699,-5.423519515773973,-3.9151579870968285,-8.543101184652029,-0.0010037662886155086,-0.0008773392933896921,0.009910737059892998,0.586343816728006,-0.21111194168377542,0.7820694832707262,0.9682469746788666,-0.09781683853987055,0.23006447384002407,-0.22889936724695575,0.023124484799242513,0.9731753890623791,-0.10051306233104983,-0.9949357387795629,-3.469446951953615e-18,39.798316303389086,-44.12335215348674,1.4359328769826885,417.9989199109121,SLIDING
0.005379972979426384,0.16139918938279152,-6.060942992621707,-3.6849075529378537,-9.397743012083682,-6.2777353662142605,-3.564659149148533,-9.379953870335289,-6.767950603407563,-3.4311931221140997,-10.341273782898401,-5.419615363430854,-3.9150522811266275,-8.541864881376394,-0.0010057250632587243,-0.0008681409877576526,0.009911348449514343,0.5862327130333518,-0.21037354739675143,0.7823516963139168,0.9682469746788666,-0.09781683853987055,0.23006447384002407,-0.22889936724695575,0.023124484799242513,0.9731753890623791,-0.10051306233104983,-0.9949357387795629,-3.469446951953615e-18,39.80859803206406,-44.19296971646525,1.440112822530093,417.9593359360633,SLIDING
0.005389973055571318,0.16169919166713953,-6.056913480216312,-3.685605023207951,-9.396834652198466,-6.2777353662142605,-3.564659149148533,-9.379953870335289,-6.763747862448381,-3.4328119949751104,-10.34074244990068,-5.4157429868978495,-3.9149139457701008,-8.54061451985469,-0.0010076980011153073,-0.000858944563635613,0.009911949276325986,0.5860890763263178,-0.20960954382390903,0.7826643174113003,0.9682469746788666,-0.09781683853987055,0.23006447384002407,-0.22889936724695575,0.023124484799242513,0.9731753890623791,-0.10051306233104983,-0.9949357387795629,-3.469446951953615e-18,39.82129410543305,-44.265276124894676,1.4442915914018943,417.77014415253575,SLIDING
0.005399973131716251,0.16199919395148754,-6.052888855391788,-3.6863043058317784,-9.395913000477465,-6.2777353662142605,-3.564659149148533,-9.379953870335289,-6.759568475270071,-3.4344679914180416,-10.34019234218878,-5.411858747228912,-3.9147453919009974,-8.539355840024145,-0.0010096850044047146,-0.0008497504821078931,0.00991253950938891,0.5859607513222431,-0.208816261079546,0.7829723922454936,0.9682469746788666,-0.09781683853987055,0.23006447384002407,-0.22889936724695575,0.023124484799242513,0.9731753890623791,-0.10051306233104983,-0.9949357387795629,-3.469446951953615e-18,39.83301044449127,-44.340061423428494,1.4484688631462213,417.6435774153101,SLIDING
0.005409972742199898,0.16229918226599693,-6.048865780288028,-3.687002852710772,-9.394990812314662,-6.2777353662142605,-3.564659149148533,-9.379953870335289,-6.755391980971399,-3.4361572078551026,-10.339648570339456,-5.407974838899378,-3.914545300986996,-8.53809038987453,-0.0010116859726499248,-0.0008405592038106885,0.009913119119794861,0.5858335400313133,-0.2079948231008233,0.7832861654195336,0.9682469746788666,-0.09781683853987055,0.23006447384002407,-0.22889936724695575,0.023124484799242513,0.9731753890623791,-0.10051306233104983,-0.9949357387795629,-3.469446951953615e-18,39.84475652739542,-44.41737969606905,1.4526446858260744,417.4984986509715,SLIDING
0.0054199728183448315,0.16259918455034494,-6.044844493323612,-3.687700719724286,-9.394067730082186,-6.2777353662142605,-3.564659149148533,-9.379953870335289,-6.751218522660875,-3.4378797443661298,-10.339110745262184,-5.404091586783725,-3.914313688813131,-8.53681784031779,-0.0010137010849200275,-0.000831369905322509,0.009913688159607244,0.585707363424848,-0.20714519323782657,0.7836056108453896,0.9682469746788666,-0.09781683853987055,0.23006447384002407,-0.22889936724695575,0.023124484799242513,0.9731753890623791,-0.10051306233104983,-0.9949357387795629,-3.469446951953615e-18,39.856540030913536,-44.49723141053723,1.456818916336795,417.34125340643874,SLIDING
0.005429972894489765,0.16289918683469296,-6.040824875289249,-3.688397785800386,-9.393144454134616,-6.2777353662142605,-3.564659149148533,-9.379953870335289,-6.747044370966219,-3.4396352121014004,-10.338582075262519,-5.4002121464567505,-3.914050677209086,-8.535536616742537,-0.0010157302412993558,-0.0008221830473748633,0.009914246599494659,0.5855792280475951,-0.20626759352508084,0.7839328080521664,0.9682469746788666,-0.09781683853987055,0.23006447384002407,-0.22889936724695575,0.023124484799242513,0.9731753890623791,-0.10051306233104983,-0.9949357387795629,-3.469446951953615e-18,39.8685752871568,-44.57962442363175,1.4609914971328362,417.179478934722,SLIDING
0.005439972970634699,0.16319918911904097,-6.03680692618494,-3.6890940202054265,-9.392221148384722,-6.2777353662142605,-3.564659149148533,-9.379953870335289,-6.742869287580417,-3.4414235637899018,-10.338062771718741,-5.396336734087091,-3.913756250442288,-8.534246840005508,-0.0010177734345801163,-0.0008129986625997464,0.009914794437473643,0.585448936301446,-0.20536203767495068,0.7842677963970582,0.9682469746788666,-0.09781683853987055,0.23006447384002407,-0.22889936724695575,0.023124484799242513,0.9731753890623791,-0.10051306233104983,-0.9949357387795629,-3.469446951953615e-18,39.880878274087394,-44.664554446184525,1.4651623874974238,417.0175015384771,SLIDING
0.005449972581118345,0.16349917743355036,-6.032790526801395,-3.6897894136261824,-9.391297827733668,-6.2777353662142605,-3.564659149148533,-9.379953870335289,-6.738692987703136,-3.443244643565695,-10.33755280480922,-5.392465380673336,-3.913430532137689,-8.532948565575978,-0.0010198305614446338,-0.000803817211134391,0.009915331646781054,0.5853163508825214,-0.20442864720521475,0.7846105387970614,0.9682469746788666,-0.09781683853987055,0.23006447384002407,-0.22889936724695575,0.023124484799242513,0.9731753890623791,-0.10051306233104983,-0.9949357387795629,-3.469446951953615e-18,39.893460362679214,-44.7520063959523,1.469331698515374,416.85663722827945,SLIDING
0.005459972657263279,0.16379917971789837,-6.0287755579293245,-3.6904839707192663,-9.390374492181452,-6.03524778108456,-3.589156379279742,-9.32233656798936,-6.7345151752457175,-3.44509863225265,-10.337052218658261,-5.388598127453723,-3.9130733671503277,-8.531641753428726,-0.0010219018060461725,-0.0007946378704453795,0.009915858275642021,0.5851813251269542,-0.20346727604246864,0.7849610718389288,0.9592999088017561,-0.1305659875178134,0.2503921082551137,-0.24810462089913868,0.0337684018712058,0.9681445099382424,-0.13486208533697328,-0.9908643791854479,6.938893903907228e-18,38.32754178252611,-46.367774166593485,1.475376980997563,417.2556480394625,SLIDING
0.005469972733408213,0.16409918200224638,-6.0247623771965975,-3.6911776952099684,-9.389451111925753,-6.03524778108456,-3.589156379279742,-9.32233656798936,-6.7303361287637715,-3.446985446995642,-10.336560882017384,-5.384735403782685,-3.912684837742714,-8.530326465783384,-0.0010239870656272119,-0.0007854611007703946,0.009916374296870065,0.5850437934700378,-0.2024779959769879,0.785319311406087,0.9592999088017561,-0.1305659875178134,0.2503921082551137,-0.24810462089913868,0.0337684018712058,0.9681445099382424,-0.13486208533697328,-0.9908643791854479,6.938893903907228e-18,38.34337454355518,-46.462408869964364,1.479548608860613,417.09501546016475,SLIDING
0.005479972809553146,0.1643991842865944,-6.020750626975345,-3.6918705917549017,-9.38852768696657,-6.03524778108456,-3.589156379279742,-9.32233656798936,-6.726155205104664,-3.4489050539020303,-10.336078856118732,-5.380877111032281,-3.9122649835395453,-8.529002647096187,-0.0010260863327807004,-0.0007762869347057371,0.009916879708632262,0.584903519161906,-0.20146083897283268,0.7856853082706716,0.9592999088017561,-0.1305659875178134,0.2503921082551137,-0.24810462089913868,0.0337684018712058,0.9681445099382424,-0.13486208533697328,-0.9908643791854479,6.938893903907228e-18,38.35960139555782,-46.559609224119804,1.4837187675259784,416.93485151685564,SLIDING
0.005489972420036793,0.16469917260110378,-6.016740426474857,-3.692562665010679,-9.387604202402743,-6.03524778108456,-3.589156379279742,-9.32233656798936,-6.721972359538524,-3.450857350879396,-10.335606075449176,-5.37702351712125,-3.9118139060296357,-8.527670328376162,-0.001028199501354298,-0.0007671158318629101,0.009917374486312252,0.5847603662683799,-0.20041589354358255,0.7860590204665282,0.9592999088017561,-0.1305659875178134,0.2503921082551137,-0.24810462089913868,0.0337684018712058,0.9681445099382424,-0.13486208533697328,-0.9908643791854479,6.938893903907228e-18,38.3762338548571,-46.65936043151871,1.4878873469753273,416.7751500197027,SLIDING
0.0054999724961817265,0.1649991748854518,-6.012731894904422,-3.693253918702591,-9.386680628431948,-6.03524778108456,-3.589156379279742,-9.32233656798936,-6.717787338384484,-3.4528424138582974,-10.335142656954545,-5.373175079508086,-3.9113315434407725,-8.526329346705527,-0.0010303267605747827,-0.0007579469706443181,0.009917858674294108,0.584614025598434,-0.1993430998184676,0.7864405696734865,0.9592999088017561,-0.1305659875178134,0.2503921082551137,-0.24810462089913868,0.0337684018712058,0.9681445099382424,-0.13486208533697328,-0.9908643791854479,6.938893903907228e-18,38.39329675088205,-46.76166236512673,1.4920542407998596,416.6159332198392,SLIDING
0.00550997257232666,0.1652991771697998,-6.008724913054752,-3.6939444627267006,-9.38575687564722,-6.03524778108456,-3.589156379279742,-9.32233656798936,-6.71359996250742,-3.454860597203502,-10.33468846406503,-5.3693317333423085,-3.9108177839111034,-8.524979655458798,-0.0010324680048486943,-0.000748780810767299,0.009918332247537655,0.5844644474630923,-0.19824225509026164,0.7868299167853177,0.9592999088017561,-0.1305659875178134,0.2503921082551137,-0.24810462089913868,0.0337684018712058,0.9681445099382424,-0.13486208533697328,-0.9908643791854479,6.938893903907228e-18,38.41079733953934,-46.8665268105733,1.4962196000925267,416.4767081764484,SLIDING
0.0055199721828103065,0.1655991654843092,-6.004719123297977,-3.694634665886748,-9.384833152664813,-6.03524778108456,-3.589156379279742,-9.32233656798936,-6.709409701956132,-3.4569131668425963,-10.33424389983076,-5.365493277310794,-3.910272182462025,-8.523621286880983,-0.001034623125901753,-0.0007396178114315693,0.009918795183037597,0.5843114889762342,-0.19711261548670822,0.7872272230216418,0.9592999088017561,-0.1305659875178134,0.2503921082551137,-0.24810462089913868,0.0337684018712058,0.9681445099382424,-0.13486208533697328,-0.9908643791854479,6.938893903907228e-18,38.428752984407055,-46.97401685765042,1.5003837638430682,416.3491859031435,SLIDING
0.00552997225895524,0.1658991677686572,-6.0006911606133455,-3.6953032754015807,-9.384009148253115,-6.03524778108456,-3.589156379279742,-9.32233656798936,-6.705395322859494,-3.4590161679132474,-10.33376782083227,-5.361452992933792,-3.9096396533161264,-8.522481678822334,-0.001036792316758543,-0.0007304571517726546,0.009919247522295487,0.5843227521416098,-0.1959232545229908,0.7875157139173633,0.9592999088017561,-0.1305659875178134,0.2503921082551137,-0.24810462089913868,0.0337684018712058,0.9681445099382424,-0.13486208533697328,-0.9908643791854479,6.938893903907228e-18,38.435412702496556,-47.086322082178306,1.5045414099425152,415.5407129877987,NONE
0.005539972335100174,0.16619917005300522,-5.996733650618839,-3.6958529997271183,-9.38288723982683,-6.03524778108456,-3.589156379279742,-9.32233656798936,-6.701805484992931,-3.460720626115622,-10.332659615106161,-5.357161967018753,-3.909141916867154,-8.521347340656844,-0.0010389754697027757,-0.0007212992911002081,0.009919689241881878,0.5846276165105125,-0.19496577858762276,0.7875270758475288,0.9592999088017561,-0.1305659875178134,0.2503921082551137,-0.24810462089913868,0.0337684018712058,0.9681445099382424,-0.13486208533697328,-0.9908643791854479,6.938893903907228e-18,38.41971460530672,-47.17545033728078,1.5086905412348806,414.38348743846564,NONE
0.005549972411245108,0.16649917233735323,-5.992814764434146,-3.6962909057390574,-9.381596426738414,-6.03524778108456,-3.589156379279742,-9.32233656798936,-6.69853064079488,-3.4620986166661583,-10.331122710304466,-5.352658869413857,-3.9087270708306288,-8.520279757718473,-0.0010411725769798013,-0.0007121442619432782,0.009920120340227838,0.5851616397308798,-0.19418628441933508,0.7873230228634758,0.9592999088017561,-0.1305659875178134,0.2503921082551137,-0.24810462089913868,0.0337684018712058,0.9681445099382424,-0.13486208533697328,-0.9908643791854479,6.938893903907228e-18,38.38656337783015,-47.24687497879703,1.5128303134359218,413.7255209583584,NONE
0.005559972021728754,0.16679916065186262,-5.98888109629755,-3.69671618860482,-9.380365218294772,-6.03524778108456,-3.589156379279742,-9.32233656798936,-6.695147938341784,-3.4635024346253083,-10.329722675933997,-5.348225419506635,-3.9082647230939083,-8.519201691517923,-0.0010433835274915402,-0.0007029925229294833,0.00992054079647719,0.585618486450065,-0.19337490802982596,0.787183036702641,0.9592999088017561,-0.1305659875178134,0.2503921082551137,-0.24810462089913868,0.0337684018712058,0.9681445099382424,-0.13486208533697328,-0.9908643791854479,6.938893903907228e-18,38.35912685953164,-47.321705712672326,1.5169676932758627,413.74118247630116,NONE
0.005569972097873688,0.16709916293621063,-5.9849430174172396,-3.6971377573561552,-9.37915184654108,-6.03524778108456,-3.589156379279742,-9.32233656798936,-6.691613006954852,-3.464930901572389,-10.328456113678593,-5.343921644950354,-3.907772933031473,-8.518036568945481,-0.0010456085193165541,-0.0006938432542135139,0.009920950648285935,0.5859527660889121,-0.19254001367786247,0.7871389324926578,0.9592999088017561,-0.1305659875178134,0.2503921082551137,-0.24810462089913868,0.0337684018712058,0.9681445099382424,-0.13486208533697328,-0.9908643791854479,6.938893903907228e-18,38.3406006422432,-47.39930667097769,1.521104353238428,413.2374603906106,NONE
0.0055799721740186214,0.16739916522055864,-5.9809802622139925,-3.6975380863648537,-9.378038908613833,-6.03524778108456,-3.589156379279742,-9.32233656798936,-6.6880137445228565,-3.4663859031893995,-10.327329913890395,-5.339629164927093,-3.9072165669874694,-8.516935660871539,-0.0010478474419134847,-0.0006846969145379667,0.00992134987437365,0.5862541650416364,-0.1916655059991609,0.7871279360951556,0.9592999088017561,-0.1305659875178134,0.2503921082551137,-0.24810462089913868,0.0337684018712058,0.9681445099382424,-0.13486208533697328,-0.9908643791854479,6.938893903907228e-18,38.32469322253925,-47.4808225161845,1.5252367641698186,413.2530293886823,NONE
0.005589972250163555,0.16769916750490665,-5.977011188918399,-3.697933246533263,-9.376950736416491,-6.03524778108456,-3.589156379279742,-9.32233656798936,-6.684269222612523,-3.467865676045377,-10.326337947398654,-5.335456400744241,-3.906627873413859,-8.515760220339109,-0.0010501002873296904,-0.0006755535363910913,0.00992173847332224,0.5864403573340353,-0.19076617276890515,0.7872077074171934,0.9592999088017561,-0.1305659875178134,0.2503921082551137,-0.24810462089913868,0.0337684018712058,0.9681445099382424,-0.13486208533697328,-0.9908643791854479,6.938893903907228e-18,38.31719325972269,-47.56514206849558,1.5293683600285615,412.8756874346067,NONE
0.0055999718606472015,0.16799915581941605,-5.973026260787296,-3.6983148038041476,-9.375927205456408,-6.03524778108456,-3.589156379279742,-9.32233656798936,-6.680421923205418,-3.4693710217081644,-10.325483528705945,-5.331346629397981,-3.9059900406045007,-8.514583287396011,-0.0010523669416497383,-0.0006664135778016145,0.00992211642642587,0.5865544755684508,-0.1898343560418855,0.7873479310043194,0.9592999088017561,-0.1305659875178134,0.2503921082551137,-0.24810462089913868,0.0337684018712058,0.9681445099382424,-0.13486208533697328,-0.9908643791854479,6.938893903907228e-18,38.31507507906764,-47.65279289772478,1.533497203698138,412.89125215546824,NONE
0.005609971936792135,0.16829915810376406,-5.9690269083321565,-3.698684050853241,-9.374962340367945,-6.03524778108456,-3.589156379279742,-9.32233656798936,-6.6764655646517,-3.470901681157143,-10.324765914372588,-5.327308277112504,-3.9053057687811403,-8.513394140788977,-0.0010546476079946751,-0.0006572762199910897,0.00992248376749297,0.5865901250170421,-0.18887134244521614,0.7875529450363528,0.9592999088017561,-0.1305659875178134,0.2503921082551137,-0.24810462089913868,0.0337684018712058,0.9681445099382424,-0.13486208533697328,-0.9908643791854479,6.938893903907228e-18,38.318790405770336,-47.74364238103324,1.537623587852904,412.61686806092985,NONE
0.005619972012937069,0.16859916038811207,-5.965014323645877,-3.699042053113568,-9.374051193965586,-6.03524778108456,-3.589156379279742,-9.32233656798936,-6.6723945821051425,-3.4724575632665875,-10.324184725893838,-5.323348665209984,-3.9045771724929232,-8.51218368907554,-0.0010569421730045568,-0.0006481419211086194,0.009922840477393164,0.586541702997895,-0.18787809096797203,0.7878265377470856,0.9592999088017561,-0.1305659875178134,0.2503921082551137,-0.24810462089913868,0.0337684018712058,0.9681445099382424,-0.13486208533697328,-0.9908643791854479,6.938893903907228e-18,38.32873515223268,-47.837579732027486,1.5417477467637806,412.25335032178464,SLIDING
0.005629971623420715,0.16889914870262146,-5.961026415282535,-3.6993177488100413,-9.373030300511035,-6.03524778108456,-3.589156379279742,-9.32233656798936,-6.6685130925205645,-3.4737865341714125,-10.323335179139931,-5.319264224218074,-3.9038974407202254,-8.51100736678031,-0.0010592505206552681,-0.0006390111387164691,0.009923186539034162,0.5866299427402136,-0.18700474197774478,0.7879686140694002,0.9592999088017561,-0.1305659875178134,0.2503921082551137,-0.24810462089913868,0.0337684018712058,0.9681445099382424,-0.13486208533697328,-0.9908643791854479,6.938893903907228e-18,38.32816295136042,-47.91972720607798,1.5458649670382982,410.84365783284136,NONE
0.005639971699565649,0.16919915098696947,-5.95708440249567,-3.699484038318384,-9.371811430228862,-6.03524778108456,-3.589156379279742,-9.32233656798936,-6.6649359295829385,-3.4747796685449726,-10.322040482298162,-5.3149912556037835,-3.9033136980520697,-8.509857278880327,-0.0010615728578420333,-0.0006298830548674936,0.009923521983337322,0.5869324669474586,-0.1863191432639554,0.7879057406164499,0.9592999088017561,-0.1305659875178134,0.2503921082551137,-0.24810462089913868,0.0337684018712058,0.9681445099382424,-0.13486208533697328,-0.9908643791854479,6.938893903907228e-18,38.31107232930637,-47.98351669126961,1.549973446798747,410.74205013536226,SLIDING
0.005649971775710583,0.16949915327131748,-5.953127369338321,-3.699637460674036,-9.370653833521517,-6.03524778108456,-3.589156379279742,-9.32233656798936,-6.661252637278855,-3.4757985412136523,-10.32088319142966,-5.310785911721403,-3.902682069173521,-8.508699404746126,-0.0010639090690952504,-0.0006207581272482075,0.009923846792785622,0.5871594458945442,-0.18560153389559522,0.7879059942102321,0.9592999088017561,-0.1305659875178134,0.2503921082551137,-0.24810462089913868,0.0337684018712058,0.9681445099382424,-0.13486208533697328,-0.9908643791854479,6.938893903907228e-18,38.29960036369189,-48.05058073257092,1.5540793131671506,410.42570510201784,SLIDING
0.0056599718518555164,0.1697991555556655,-5.949156746321964,-3.69977936629473,-9.369551177395495,-6.03524778108456,-3.589156379279742,-9.32233656798936,-6.657456066094645,-3.476842938128125,-10.31986297475331,-5.30665740603566,-3.9020053236326513,-8.507521967675736,-0.001066259146116721,-0.0006116363882707169,0.009924160966225238,0.5873037652430373,-0.18485321108892444,0.7879743509032927,0.9592999088017561,-0.1305659875178134,0.2503921082551137,-0.24810462089913868,0.0337684018712058,0.9681445099382424,-0.13486208533697328,-0.9908643791854479,6.938893903907228e-18,38.29425147297884,-48.12079373376059,1.5581829559042042,410.27648307448095,SLIDING
0.005669971462339163,0.17009914387017488,-5.945173010283756,-3.6999100662422064,-9.368502061141642,-6.03524778108456,-3.589156379279742,-9.32233656798936,-6.653544688436628,-3.4779128386331046,-10.318979775828485,-5.302608033605832,-3.9012840733921954,-8.506322347572075,-0.0010686229700765145,-0.0006025182948522253,0.00992446448871595,0.5873637629699113,-0.18407444989525684,0.7881119253288739,0.9592999088017561,-0.1305659875178134,0.2503921082551137,-0.24810462089913868,0.0337684018712058,0.9681445099382424,-0.13486208533697328,-0.9908643791854479,6.938893903907228e-18,38.295146113678065,-48.1941059302751,1.562284308920665,410.00433662027154,SLIDING
0.0056799715384840965,0.1703991461545229,-5.941175684386539,-3.700029048289049,-9.3675090030562,-6.03524778108456,-3.589156379279742,-9.32233656798936,-6.649520817521891,-3.479008172976667,-10.318234007792679,-5.298634786732508,-3.9005174048545777,-8.505104972323938,-0.0010710007528915981,-0.0005934030301954286,0.009924757387328377,0.5873417525171226,-0.18326488342517855,0.7883169719429304,0.9592999088017561,-0.1305659875178134,0.2503921082551137,-0.24810462089913868,0.0337684018712058,0.9681445099382424,-0.13486208533697328,-0.9908643791854479,6.938893903907228e-18,38.302123594044836,-48.270514097878326,1.5663831322053916,409.7629722249797,SLIDING
0.00568997161462903,0.1706991484388709,-5.937164887839603,-3.700136467034805,-9.366571347488078,-6.03524778108456,-3.589156379279742,-9.32233656798936,-6.645383572824179,-3.480128894404223,-10.31762552671,-5.294738691486542,-3.8997056552679745,-8.503868722102633,-0.001073392376285363,-0.0005842910513469313,0.00992503964669742,0.5872369049294073,-0.18242467863641382,0.788589915046681,0.9592999088017561,-0.1305659875178134,0.2503921082551137,-0.24810462089913868,0.0337684018712058,0.9681445099382424,-0.13486208533697328,-0.9908643791854479,6.938893903907228e-18,38.31524275795861,-48.349970084386456,1.5704794957562278,409.5145523121171,SLIDING
0.005699971690773964,0.17099915072321892,-5.933142051154422,-3.7002300966185215,-9.365682478321704,-6.03524778108456,-3.589156379279742,-9.32233656798936,-6.641142142728711,-3.481266246397789,-10.317140197938754,-5.290914141200882,-3.898852522739897,-8.50261380085854,-0.0010757978317628076,-0.0005751823906728927,0.00992531126582034,0.5870556528381865,-0.18155925058352512,0.7889245204696579,0.9592999088017561,-0.1305659875178134,0.2503921082551137,-0.24810462089913868,0.0337684018712058,0.9681445099382424,-0.13486208533697328,-0.9908643791854479,6.938893903907228e-18,38.334007121238365,-48.431911823208935,1.5745733932850356,409.01565571219174,SLIDING
0.00570997130125761,0.1712991390377283,-5.92917810385828,-3.700180986116517,-9.36453873969427,-6.03524778108456,-3.589156379279742,-9.32233656798936,-6.637352094358242,-3.4819593415759105,-10.316037558729226,-5.286792449937037,-3.898130156388951,-8.501432780889512,-0.001078216997695243,-0.000566077504418737,0.009925572231909948,0.5871998454005238,-0.18094383252740912,0.7889585990607453,0.9592999088017561,-0.1305659875178134,0.2503921082551137,-0.24810462089913868,0.0337684018712058,0.9681445099382424,-0.13486208533697328,-0.9908643791854479,6.938893903907228e-18,38.32786330174348,-48.48954493735128,1.5786559785297438,408.20317316492833,NONE
0.005719971377402544,0.17159914132207632,-5.925204858237552,-3.7001189376813057,-9.363432104958209,-6.03524778108456,-3.589156379279742,-9.32233656798936,-6.633453702834462,-3.482665644171317,-10.315051109003612,-5.282751304056399,-3.8973711356194474,-8.500217126156159,-0.0010806500910089333,-0.0005569755769845425,0.009925822568184261,0.5872619125122013,-0.18030673541223055,0.7890582534119366,0.9592999088017561,-0.1305659875178134,0.2503921082551137,-0.24810462089913868,0.0337684018712058,0.9681445099382424,-0.13486208533697328,-0.9908643791854479,6.938893903907228e-18,38.32774223335203,-48.54939627262724,1.5827365038807688,407.9673794082976,NONE
0.005729971453547478,0.17189914360642433,-5.921217903548526,-3.700045188109267,-9.362381587995204,-6.03524778108456,-3.589156379279742,-9.32233656798936,-6.629443167786661,-3.4833977286550972,-10.31420191925444,-5.27878573914502,-3.8965664128065898,-8.498983984985479,-0.001083096990627134,-0.0005478770647506184,0.009926062261431131,0.5872423602789745,-0.1796385583267359,0.7892251888125922,0.9592999088017561,-0.1305659875178134,0.2503921082551137,-0.24810462089913868,0.0337684018712058,0.9681445099382424,-0.13486208533697328,-0.9908643791854479,6.938893903907228e-18,38.333673057596826,-48.61232487779846,1.5868146011217696,407.64941836485144,SLIDING
0.005739971529692411,0.17219914589077234,-5.917240604811954,-3.6999178837638977,-9.36128615893236,-6.03524778108456,-3.589156379279742,-9.32233656798936,-6.625504157283947,-3.4840206475143134,-10.313248455040304,-5.274773709095981,-3.895758579904214,-8.497759779402468,-0.0010855576878584252,-0.0005387820000351988,0.00992629131079902,0.5872741079078115,-0.17901649234343492,0.7893429024512333,0.9592999088017561,-0.1305659875178134,0.2503921082551137,-0.24810462089913868,0.0337684018712058,0.9681445099382424,-0.13486208533697328,-0.9908643791854479,6.938893903907228e-18,38.335639771330996,-48.67079542363296,1.5908876886119625,406.9721286828652,SLIDING
0.005749971140176058,0.17249913420528173,-5.913272008353519,-3.69974341724335,-9.36015094376913,-6.03524778108456,-3.589156379279742,-9.32233656798936,-6.621608242013794,-3.484550534628906,-10.312218637238258,-5.2707391834262385,-3.8949451931796326,-8.496528958140036,-0.0010880320582824093,-0.0005296908383857229,0.009926509705654538,0.5873343732989372,-0.17843246023944642,0.7894302952600967,0.9592999088017561,-0.1305659875178134,0.2503921082551137,-0.24810462089913868,0.0337684018712058,0.9681445099382424,-0.13486208533697328,-0.9908643791854479,6.938893903907228e-18,38.335321977865554,-48.72562584568006,1.5949562323571094,406.72359620698444,SLIDING
0.0057599712163209915,0.17279913648962975,-5.9092897028267855,-3.6995571992945555,-9.359072367919596,-6.03524778108456,-3.589156379279742,-9.32233656798936,-6.617600548432101,-3.4851062667524566,-10.311326343034047,-5.266779907440982,-3.894085951244086,-8.49528140593985,-0.0010905203238222023,-0.0005206027654469606,0.009926717465361782,0.5873133221700522,-0.17781725412679555,0.7895847552583468,0.9592999088017561,-0.1305659875178134,0.2503921082551137,-0.24810462089913868,0.0337684018712058,0.9681445099382424,-0.13486208533697328,-0.9908643791854479,6.938893903907228e-18,38.3410343378796,-48.78351900310462,1.5990222108362264,406.4765212277593,SLIDING
0.005769971292465925,0.17309913877397776,-5.90529726451044,-3.699353852460969,-9.358034114612254,-6.03524778108456,-3.589156379279742,-9.32233656798936,-6.6135037836627255,-3.4856688942764626,-10.310537843984195,-5.262882103801496,-3.8931877879597545,-8.494016600183292,-0.0010930223606078215,-0.0005115182369062274,0.009926914578862262,0.5872268173309693,-0.17718212768838787,0.7897918451308269,0.9592999088017561,-0.1305659875178134,0.2503921082551137,-0.24810462089913868,0.0337684018712058,0.9681445099382424,-0.13486208533697328,-0.9908643791854479,6.938893903907228e-18,38.35156755681005,-48.84336631986834,1.6030855768033856,405.893764752699,SLIDING
0.005779970902949572,0.17339912708848715,-5.901324376517581,-3.6990815020751837,-9.356910120023402,-6.03524778108456,-3.589156379279742,-9.32233656798936,-6.609546934550055,-3.4860708898601898,-10.309552958116093,-5.258894666917155,-3.8923037373669507,-8.492766419872083,-0.0010955380421296618,-0.0005024377077701627,0.009927101037138305,0.5872401163621307,-0.17662297717685246,0.7899071905408735,0.9592999088017561,-0.1305659875178134,0.2503921082551137,-0.24810462089913868,0.0337684018712058,0.9681445099382424,-0.13486208533697328,-0.9908643791854479,6.938893903907228e-18,38.35446387464916,-48.89589121111192,1.6071426475703134,405.6203642747232,SLIDING
0.005789970979094505,0.17369912937283516,-5.897338256293582,-3.698797986994374,-9.355840082539233,-6.03524778108456,-3.589156379279742,-9.32233656798936,-6.60547537998912,-3.4864987508263274,-10.308705203087907,-5.254986044304105,-3.891374932042172,-8.491494749649693,-0.00109806759405005,-0.0004933603646479701,0.00992727685666293,0.5871692763847896,-0.17603312226775858,0.7900915014948753,0.9592999088017561,-0.1305659875178134,0.2503921082551137,-0.24810462089913868,0.0337684018712058,0.9681445099382424,-0.13486208533697328,-0.9908643791854479,6.938893903907228e-18,38.363587604965645,-48.95140621463338,1.6111974438527383,405.35064040707744,SLIDING
0.005799971055239439,0.17399913165718317,-5.893348202163028,-3.6984862658780697,-9.354784707797679,-6.03524778108456,-3.589156379279742,-9.32233656798936,-6.601364098002303,-3.4868983097800395,-10.307898089124755,-5.251105956137796,-3.8904180077427117,-8.490214177195972,-0.0011006108904086421,-0.0004842866626901332,0.009927442027993243,0.5870687573323943,-0.17544334694029232,0.7902973530125144,0.9592999088017561,-0.1305659875178134,0.2503921082551137,-0.24810462089913868,0.0337684018712058,0.9681445099382424,-0.13486208533697328,-0.9908643791854479,6.938893903907228e-18,38.37483848559103,-49.00692364940938,1.6152486597474507,404.76130192652266,SLIDING
0.005809971131384373,0.17429913394153118,-5.88936458533411,-3.6981293737542513,-9.353698919786128,-6.03524778108456,-3.589156379279742,-9.32233656798936,-6.597287647884344,-3.487213069716806,-10.307030100327417,-5.247206548520012,-3.88945185906057,-8.488930823201311,-0.0011031679221718516,-0.00047521663412684195,0.00992759655054246,0.5869917823323181,-0.17488643014946262,0.7904779465765669,0.9592999088017561,-0.1305659875178134,0.2503921082551137,-0.24810462089913868,0.0337684018712058,0.9681445099382424,-0.13486208533697328,-0.9908643791854479,6.938893903907228e-18,38.38419023800785,-49.05929439870674,1.6192954177848797,404.5605959761216,SLIDING
0.005819970741868019,0.17459912225604057,-5.885370597297,-3.697755917127121,-9.352655167950305,-6.03524778108456,-3.589156379279742,-9.32233656798936,-6.593120359475966,-3.4875367418129106,-10.30626895877833,-5.243369761501036,-3.8884460359574744,-8.48763071516449,-0.0011057385600510754,-0.0004661507332204345,0.009927740417447544,0.5868480860760564,-0.17430838875850602,0.790712279832104,0.9592999088017561,-0.1305659875178134,0.2503921082551137,-0.24810462089913868,0.0337684018712058,0.9681445099382424,-0.13486208533697328,-0.9908643791854479,6.938893903907228e-18,38.39845770882687,-49.11369495057682,1.6233394366339837,404.05185057569076,SLIDING
0.005829970818012953,0.17489912454038858,-5.881383165770816,-3.697335473413456,-9.35158080912939,-6.03524778108456,-3.589156379279742,-9.32233656798936,-6.588996531905632,-3.4877715571890215,-10.30544001188187,-5.2395060550243295,-3.887431205773083,-8.486333742830956,-0.0011083230346827398,-0.00045708814790752957,0.009927873641325908,0.5867349899483925,-0.17376506460176586,0.7909157691525716,0.9592999088017561,-0.1305659875178134,0.2503921082551137,-0.24810462089913868,0.0337684018712058,0.9681445099382424,-0.13486208533697328,-0.9908643791854479,6.938893903907228e-18,38.41030784868634,-49.164767626491894,1.6273786946549276,403.8028748886271,SLIDING
0.0058399708941578865,0.1751991268247366,-5.877389296942996,-3.6968916628163937,-9.350531454456958,-6.03524778108456,-3.589156379279742,-9.32233656798936,-6.584811905619182,-3.487993074860685,-10.304678048160177,-5.23568522256391,-3.8863838749384643,-8.485023695410275,-0.0011109212173259163,-0.00044802933259955355,0.009927996214889427,0.5865768187196836,-0.17321339133816482,0.7911540664130012,0.9592999088017561,-0.1305659875178134,0.2503921082551137,-0.24810462089913868,0.0337684018712058,0.9681445099382424,-0.13486208533697328,-0.9908643791854479,6.938893903907228e-18,38.42543837057234,-49.21663354839012,1.6314148162170827,403.3593944114391,SLIDING
0.00584997097030282,0.1754991291090846,-5.8733941168129915,-3.6964160382401827,-9.349485318435343,-6.03524778108456,-3.589156379279742,-9.32233656798936,-6.580603655680389,-3.488173529564639,-10.30393322969454,-5.231883318366493,-3.885313119895635,-8.483704233796601,-0.0011135330987521728,-0.0004389743194739438,0.009928108137702446,0.5864001466582156,-0.17266938710043314,0.7914039112599736,0.9592999088017561,-0.1305659875178134,0.2503921082551137,-0.24810462089913868,0.0337684018712058,0.9681445099382424,-0.13486208533697328,-0.9908643791854479,6.938893903907228e-18,38.441840719283086,-49.267756438769815,1.6354472359629355,403.10771660111544,SLIDING
0.005859970580786467,0.175799117423594,-5.869399413520145,-3.69590419639169,-9.348433907402667,-6.03524778108456,-3.589156379279742,-9.32233656798936,-6.576391243363623,-3.4882995240959747,-10.303182011442221,-5.22808609924501,-3.8842226957418795,-8.482380517457461,-0.0011161585469013,-0.00042992356202251053,0.009928209405057103,0.5862196278776577,-0.172140509411263,0.791652823471635,0.9592999088017561,-0.1305659875178134,0.2503921082551137,-0.24810462089913868,0.0337684018712058,0.9681445099382424,-0.13486208533697328,-0.9908643791854479,6.938893903907228e-18,38.45841667288544,-49.31742317145015,1.6394757903561654,402.71654000432767,SLIDING
0.0058699706569314,0.176099119707942,-5.8654019684136385,-3.6953623734068755,-9.347391794694575,-6.03524778108456,-3.589156379279742,-9.32233656798936,-6.572147418738031,-3.4883911263923113,-10.302459782298898,-5.224312145357616,-3.88310629176581,-8.481048237903806,-0.001118797797370273,-0.0004208762495562399,0.009928300025714517,0.5860153362523545,-0.1716152892928256,0.7919180627804746,0.9592999088017561,-0.1305659875178134,0.2503921082551137,-0.24810462089913868,0.0337684018712058,0.9681445099382424,-0.13486208533697328,-0.9908643791854479,6.938893903907228e-18,38.47666623711393,-49.366722195872086,1.6435007322272241,402.35707764604564,SLIDING
0.005879970733076334,0.17639912199229002,-5.861403450423526,-3.694787901977885,-9.346351410521182,-6.03524778108456,-3.589156379279742,-9.32233656798936,-6.567883668233674,-3.4884391265158357,-10.30175026665395,-5.2205542201658695,-3.8819671754886977,-8.479707722408367,-0.0011214507186453882,-0.0004118328357214853,0.009928379994541513,0.5857954122033934,-0.1710991517273313,0.7921924105415581,0.9592999088017561,-0.1305659875178134,0.2503921082551137,-0.24810462089913868,0.0337684018712058,0.9681445099382424,-0.13486208533697328,-0.9908643791854479,6.938893903907228e-18,38.495969774802184,-49.41513596768881,1.6475220077276251,401.92606495415583,SLIDING
0.00588997034355998,0.1766991103067994,-5.857407555037784,-3.6941742237311486,-9.345298375261935,-6.03524778108456,-3.589156379279742,-9.32233656798936,-6.563629989725672,-3.488422937813172,-10.301016623846829,-5.2167921602242195,-3.880811513609932,-8.47836496579255,-0.001124117176592623,-0.00040279377341483644,0.009928449308446935,0.5855816650006312,-0.17060372860728698,0.7924572426322949,0.9592999088017561,-0.1305659875178134,0.2503921082551137,-0.24810462089913868,0.0337684018712058,0.9681445099382424,-0.13486208533697328,-0.9908643791854479,6.938893903907228e-18,38.51469032144352,-49.46156359823198,1.651538816019075,401.4565279679835,SLIDING
0.005899970419704914,0.17699911259114742,-5.853410825187015,-3.6935282453548792,-9.344248633159312,-6.03524778108456,-3.589156379279742,-9.32233656798936,-6.55935653407033,-3.4883646005880933,-10.300297598728967,-5.213046448752142,-3.8796324850930994,-8.477015229833377,-0.0011267974105206634,-0.0003937582530091017,0.009928507973299089,0.5853522110079078,-0.17011647152391574,0.7927314647372127,0.9592999088017561,-0.1305659875178134,0.2503921082551137,-0.24810462089913868,0.0337684018712058,0.9681445099382424,-0.13486208533697328,-0.9908643791854479,6.938893903907228e-18,38.5344746570918,-49.507192041840845,1.6555513829340107,401.04313379632913,SLIDING
0.005909970495849848,0.17729911487549543,-5.8494131416619295,-3.6928504604500416,-9.343202512038859,-6.03524778108456,-3.589156379279742,-9.32233656798936,-6.555061132237668,-3.4882652479820315,-10.299595158302624,-5.2093188259356715,-3.8784300034110815,-8.475657355456821,-0.001129491286840766,-0.00038472672755927043,0.009928555985581412,0.5851053505660853,-0.16963685018654343,0.7930164360199145,0.9592999088017561,-0.1305659875178134,0.2503921082551137,-0.24810462089913868,0.0337684018712058,0.9681445099382424,-0.13486208533697328,-0.9908643791854479,6.938893903907228e-18,38.55544636695146,-49.552069234849355,1.6595598051924583,400.6645133129108,SLIDING
0.0059199705719947815,0.17759911715984344,-5.845414742881107,-3.6921401761126402,-9.34215954996458,-6.03524778108456,-3.589156379279742,-9.32233656798936,-6.5507471384222296,-3.4881233243961765,-10.298906342803463,-5.20560670386849,-3.8772041582115997,-8.474293146510595,-0.0011321987959846277,-0.00037569922914576915,0.00992859334512314,0.5848436671972781,-0.1691655799197493,0.7933100853447248,0.9592999088017561,-0.1305659875178134,0.2503921082551137,-0.24810462089913868,0.0337684018712058,0.9681445099382424,-0.13486208533697328,-0.9908643791854479,6.938893903907228e-18,38.57741516662985,-49.59612506476444,1.6635638792749337,400.1852920035477,SLIDING
0.005929970182478428,0.17789910547435284,-5.8414151520073885,-3.6913980964225415,-9.34112095393053,-6.03524778108456,-3.589156379279742,-9.32233656798936,-6.546411256122129,-3.4879409208586822,-10.298234719627262,-5.201912163435401,-3.875954395471717,-8.472921668864931,-0.0011349198010602978,-0.0003666762098489282,0.009928620050988565,0.5845648229072726,-0.16870151070131942,0.7936143698966657,0.9592999088017561,-0.1305659875178134,0.2503921082551137,-0.24810462089913868,0.0337684018712058,0.9681445099382424,-0.13486208533697328,-0.9908643791854479,6.938893903907228e-18,38.60055438102739,-49.63946549244663,1.6675638523183718,399.7748072807137,SLIDING
0.005939970258623362,0.17819910775870085,-5.837414369040775,-3.69062406026094,-9.340086753739032,-6.03524778108456,-3.589156379279742,-9.32233656798936,-6.542054346872823,-3.487717601566008,-10.297579605019028,-5.198234423136345,-3.8746808032395488,-8.471543599591028,-0.001137654546312948,-0.0003576568614983066,0.009928636105188895,0.5842695320593386,-0.1682448702928439,0.7939286980121742,0.9592999088017561,-0.1305659875178134,0.2503921082551137,-0.24810462089913868,0.0337684018712058,0.9681445099382424,-0.13486208533697328,-0.9908643791854479,6.938893903907228e-18,38.62481020559585,-49.68206677463604,1.6715596958238734,399.3671577786603,SLIDING
0.005949970334768295,0.17849911004304886,-5.833412513190555,-3.6898181551721576,-9.339056949390086,-6.03524778108456,-3.589156379279742,-9.32233656798936,-6.537676096167749,-3.487453760417202,-10.296941361529228,-5.194573995604888,-3.8733831911646024,-8.470158609818828,-0.0011404028953941737,-0.00034864163633745637,0.009928641506363132,0.5839574350273304,-0.16779540467278284,0.7942533703088696,0.9592999088017561,-0.1305659875178134,0.2503921082551137,-0.24810462089913868,0.0337684018712058,0.9681445099382424,-0.13486208533697328,-0.9908643791854479,6.938893903907228e-18,38.65020865619862,-49.723950471530216,1.6755513068642873,398.955009732125,SLIDING
0.005959970410913229,0.17879911232739687,-5.829409584456729,-3.6889804025766137,-9.338031525982531,-6.03524778108456,-3.589156379279742,-9.32233656798936,-6.533276512822047,-3.487149436610106,-10.296319947034442,-5.190930872844805,-3.8720615645413696,-8.468766709340526,-0.0011431648385422663,-0.00033963056638912115,0.009928636254491781,0.5836285391205402,-0.16735309910054952,0.7945883642147458,0.9592999088017561,-0.1305659875178134,0.2503921082551137,-0.24810462089913868,0.0337684018712058,0.9681445099382424,-0.13486208533697328,-0.9908643791854479,6.938893903907228e-18,38.67674789030383,-49.765115810325305,1.6795386919675241,398.54052479961973,SLIDING
0.005969970021396875,0.17909910064190626,-5.825405463630008,-3.6881108089935664,-9.337010498417529,-6.03524778108456,-3.589156379279742,-9.32233656798936,-6.528855411607881,-3.486804658336783,-10.295715402957628,-5.187304995532325,-3.8707159102296766,-8.467367888999318,-0.001145940236114981,-0.0003306241028909946,0.009928620350794701,0.5832827895980677,-0.16691793560560583,0.7949337017210045,0.9592999088017561,-0.1305659875178134,0.2503921082551137,-0.24810462089913868,0.0337684018712058,0.9681445099382424,-0.13486208533697328,-0.9908643791854479,6.938893903907228e-18,38.704430456260674,-49.80556241151469,1.683521962611108,398.1256232162156,SLIDING
0.005979970097541809,0.17939910292625427,-5.821400031501102,-3.6872093725603703,-9.335993866695079,-6.03524778108456,-3.589156379279742,-9.32233656798936,-6.524412847747818,-3.486419517750807,-10.295127592507065,-5.1836960862307695,-3.8693461410846295,-8.465962272879175,-0.0011487293372800362,-0.00032162143917620117,0.009928593793425975,0.5829203310943686,-0.16648983623209684,0.7952892694034301,0.9592999088017561,-0.1305659875178134,0.2503921082551137,-0.24810462089913868,0.0337684018712058,0.9681445099382424,-0.13486208533697328,-0.9908643791854479,6.938893903907228e-18,38.73324512062965,-49.845295569042804,1.6875012329092964,397.71120818534524,SLIDING
0.005989970173686743,0.17969910521060228,-5.817514881545352,-3.6863721498873714,-9.334618444813403,-6.03524778108456,-3.589156379279742,-9.32233656798936,-6.5207925874637755,-3.4862405542736856,-10.293695554532327,-5.179570654469616,-3.867911810540308,-8.464638207537632,-0.001151532002937182,-0.0003126230266510682,0.009928556583180152,0.5831399708670257,-0.16594402446374903,0.7952423247803019,0.9592999088017561,-0.1305659875178134,0.2503921082551137,-0.24810462089913868,0.0337684018712058,0.9681445099382424,-0.13486208533697328,-0.9908643791854479,6.938893903907228e-18,38.721551673184436,-49.896014996711,1.69146333888715,395.8275756495747,NONE
0.005999969784170389,0.17999909352511168,-5.813646063262271,-3.6855451233339194,-9.333200673831614,-6.03524778108456,-3.589156379279742,-9.32233656798936,-6.51719505354808,-3.486130519735577,-10.29222816234855,-5.1754557537434085,-3.86643439948981,-8.463265448020138,-0.0011543480913871775,-0.00030362931590425477,0.009928508722893786,0.5833649129585525,-0.16534951293662312,0.7952011801427876,0.9592999088017561,-0.1305659875178134,0.2503921082551137,-0.24810462089913868,0.0337684018712058,0.9681445099382424,-0.13486208533697328,-0.9908643791854479,6.938893903907228e-18,38.70983873405028,-49.95127910091886,1.695421713039778,395.84348893501635,NONE
0.006009969860315323,0.1802990958094597,-5.809766992980289,-3.684709883912343,-9.331824298275622,-6.03524778108456,-3.589156379279742,-9.32233656798936,-6.513468550803531,-3.4860491974897627,-10.290896317875202,-5.171438289226935,-3.8649152807046145,-8.461848678254492,-0.00115717785547978,-0.00029463950142728714,0.009928450207828102,0.5834914180767812,-0.1647243840064573,0.7952381041829172,0.9592999088017561,-0.1305659875178134,0.2503921082551137,-0.24810462089913868,0.0337684018712058,0.9681445099382424,-0.13486208533697328,-0.9908643791854479,6.938893903907228e-18,38.705350948004465,-50.00937225812456,1.6993784845248427,395.39411065969057,NONE
0.006019969936460257,0.1805990980938077,-5.805870875769901,-3.683860879543114,-9.330517108811053,-6.03524778108456,-3.589156379279742,-9.32233656798936,-6.509642164754338,-3.4859956867903494,-10.289702402635797,-5.167478918779089,-3.8633446828737084,-8.460438737575982,-0.0011600211540564373,-0.00028565403398135965,0.00992838104039419,0.5835492373805428,-0.1640647809058082,0.7953320282868761,0.9592999088017561,-0.1305659875178134,0.2503921082551137,-0.24810462089913868,0.0337684018712058,0.9681445099382424,-0.13486208533697328,-0.9908643791854479,6.938893903907228e-18,38.70600496056737,-50.07063943962988,1.7033324882414966,395.40999529117056,NONE
0.00602997001260519,0.1808991003781557,-5.801960334235477,-3.6830004171122495,-9.329267735851916,-6.03524778108456,-3.589156379279742,-9.32233656798936,-6.505703946980343,-3.485970365806478,-10.288645229852486,-5.163593482401722,-3.8617266624249833,-8.459015019558585,-0.0011628779770181741,-0.00027667294548326817,0.00992830122083754,0.5835262889472264,-0.16337230287761093,0.7954913957799573,0.9592999088017561,-0.1305659875178134,0.2503921082551137,-0.24810462089913868,0.0337684018712058,0.9681445099382424,-0.13486208533697328,-0.9908643791854479,6.938893903907228e-18,38.712649554083825,-50.134903623107114,1.7072843563810611,395.08220819013997,NONE
0.006039969623088837,0.1811990886926651,-5.798037037307071,-3.682129659375984,-9.328070531858119,-6.03524778108456,-3.589156379279742,-9.32233656798936,-6.501647851628983,-3.485973472187727,-10.287724459995022,-5.15979064711539,-3.8600632212802637,-8.45756706175878,-0.0011657481799295319,-0.00026769668563332295,0.009928210754149956,0.5834161758754752,-0.16264771699675507,0.795720607928801,0.9592999088017561,-0.1305659875178134,0.2503921082551137,-0.24810462089913868,0.0337684018712058,0.9681445099382424,-0.13486208533697328,-0.9908643791854479,6.938893903907228e-18,38.72573405033179,-50.202061406364884,1.7112340538549766,394.83627095075616,NONE
0.00604996969923377,0.1814990909770131,-5.79409931605463,-3.6812474705864373,-9.32693135298601,-6.03524778108456,-3.589156379279742,-9.32233656798936,-6.497479768321438,-3.4860048086396462,-10.28694037998338,-5.15606188761725,-3.8583523724192026,-8.456105772195304,-0.0011686320206108812,-0.00025872445053324737,0.009928109631677876,0.5832251655235597,-0.1618902451215462,0.7960150468643807,0.9592999088017561,-0.1305659875178134,0.2503921082551137,-0.24810462089913868,0.0337684018712058,0.9681445099382424,-0.13486208533697328,-0.9908643791854479,6.938893903907228e-18,38.7448176948889,-50.272157115036826,1.7151815670423147,394.6538852945022,NONE
0.006059969775378704,0.18179909326136112,-5.790147408896732,-3.6803540817116085,-9.325849215758952,-6.03524778108456,-3.589156379279742,-9.32233656798936,-6.4931985090734745,-3.4860645166356043,-10.286292761749248,-5.152408736217945,-3.856594427990507,-8.454629482159534,-0.0011715294910387521,-0.00024975673547986474,0.009927997750658913,0.5829520751545785,-0.16109996145865316,0.7963753389520491,0.9592999088017561,-0.1305659875178134,0.2503921082551137,-0.24810462089913868,0.0337684018712058,0.9681445099382424,-0.13486208533697328,-0.9908643791854479,6.938893903907228e-18,38.76998160005862,-50.345149241398325,1.7191269436395036,394.4005461760582,SLIDING
0.006069969851523638,0.18209909554570913,-5.786279067450809,-3.679514813621405,-9.324525977743777,-6.03524778108456,-3.589156379279742,-9.32233656798936,-6.489482586409363,-3.48631137362379,-10.28507703379908,-5.1484021354739715,-3.8547699342663764,-8.453208721608458,-0.0011744404447651378,-0.00024079352753262451,0.009927875218885517,0.5830784569284311,-0.16019937419242877,0.7964644835611404,0.9592999088017561,-0.1305659875178134,0.2503921082551137,-0.24810462089913868,0.0337684018712058,0.9681445099382424,-0.13486208533697328,-0.9908643791854479,6.938893903907228e-18,38.767605048908436,-50.428673618042914,1.7230595917251446,393.03982571317084,NONE
0.006079969462007284,0.18239908386021852,-5.782419070655155,-3.6786806057559955,-9.323182161224993,-5.794479713402772,-3.62192623595459,-9.259492379728512,-6.4857063880725505,-3.4866101147883874,-10.2838990629452,-5.14446612497476,-3.8529080266926132,-8.4517144662465,-0.001177364735259106,-0.00023183527569226517,0.009927742043005006,0.5831479404773003,-0.15925996169748943,0.7966019985646517,0.9706719268052945,-0.08780144152367989,0.22380106652663884,-0.22289107905962294,0.020161454662249587,0.9746348457866356,-0.09008649947541598,-0.9959339449041116,0.0,40.684653982150614,-48.41325258108201,1.7263937048028648,397.447698147078,SLIDING
0.006089969538152218,0.18269908614456654,-5.778538689070987,-3.6778301251240704,-9.321921135557803,-5.794479713402772,-3.62192623595459,-9.259492379728512,-6.481844055487668,-3.4869366306549536,-10.282859387960334,-5.140569371117162,-3.8509898908297853,-8.450252653054322,-0.0011803026238808624,-0.00022288117723880536,0.009927598211568444,0.5831629062480463,-0.15828402616297038,0.7967855369156576,0.9706719268052945,-0.08780144152367989,0.22380106652663884,-0.22289107905962294,0.020161454662249587,0.9746348457866356,-0.09008649947541598,-0.9959339449041116,0.0,40.68729816812566,-48.50044557684715,1.730367827735673,397.42772482754674,NONE
0.0060999696142971516,0.18299908842891455,-5.774646744185733,-3.676970704290194,-9.32070600546709,-5.794479713402772,-3.62192623595459,-9.259492379728512,-6.477856148463179,-3.487292285944483,-10.281955047568665,-5.136764473627594,-3.849028272682016,-8.448755605176835,-0.0011832539646373223,-0.000213931681354117,0.009927443730797705,0.5830833368850367,-0.15727651597284065,0.7970432358225343,0.9706719268052945,-0.08780144152367989,0.22380106652663884,-0.22289107905962294,0.020161454662249587,0.9746348457866356,-0.09008649947541598,-0.9959339449041116,0.0,40.69679102793634,-48.59093704513747,1.7343421183986418,397.4222121824632,NONE
0.006109969224780798,0.18329907674342394,-5.77074132865076,-3.676100610441405,-9.319545696748408,-5.794479713402772,-3.62192623595459,-9.259492379728512,-6.473752296425479,-3.4876767124766817,-10.281186535864446,-5.133039060132057,-3.8470202015760706,-8.44723989681807,-0.001186218608955733,-0.0002049872363404701,0.009927278608956402,0.5829187983884445,-0.15623629960843005,0.7973681039332068,0.9706719268052945,-0.08780144152367989,0.22380106652663884,-0.22289107905962294,0.020161454662249587,0.9746348457866356,-0.09008649947541598,-0.9959339449041116,0.0,40.71245913201018,-48.68473615795989,1.7383162784555068,397.42513908998484,NONE
0.006119969300925732,0.18359907902777195,-5.766884550505924,-3.675261176925029,-9.31825013018957,-5.794479713402772,-3.62192623595459,-9.259492379728512,-6.469960947118842,-3.488189889338953,-10.280107189984967,-5.129122931393192,-3.844953813223392,-8.44574819616738,-0.0011891968218509584,-0.00019604704072374212,0.0099271028317033,0.5829730503155004,-0.1551147495149735,0.7975473886163433,0.9706719268052945,-0.08780144152367989,0.22380106652663884,-0.22289107905962294,0.020161454662249587,0.9746348457866356,-0.09008649947541598,-0.9959339449041116,0.0,40.71295884122211,-48.78461591930848,1.7422761904334383,395.6004184983136,NONE
0.006129969377070665,0.18389908131211996,-5.763033136779117,-3.674423910363454,-9.3169496611487,-5.794479713402772,-3.62192623595459,-9.259492379728512,-6.466159136323099,-3.488759265381199,-10.279042981965581,-5.125226522775673,-3.8428405791156894,-8.444233414411245,-0.0011921884552869976,-0.00018711154299112058,0.00992691640687682,0.5830141798032289,-0.15394839727586532,0.7977432902410154,0.9706719268052945,-0.08780144152367989,0.22380106652663884,-0.22289107905962294,0.020161454662249587,0.9746348457866356,-0.09008649947541598,-0.9959339449041116,0.0,40.71459626625169,-48.88853487567419,1.7462321827638476,395.60363096287426,NONE
0.006139969453215599,0.18419908359646797,-5.759166941100406,-3.6735751132134977,-9.315708588136348,-5.794479713402772,-3.62192623595459,-9.259492379728512,-6.462245543218616,-3.489357553332442,-10.278114666393618,-5.121403321370625,-3.8406791289715767,-8.442708638671093,-0.0011951934986370685,-0.00017818077488180903,0.009926719335139321,0.5829748790643441,-0.15274851114744986,0.7980026207489239,0.9706719268052945,-0.08780144152367989,0.22380106652663884,-0.22289107905962294,0.020161454662249587,0.9746348457866356,-0.09008649947541598,-0.9959339449041116,0.0,40.72210242779825,-48.99579523721558,1.7501882182231832,395.6002310746033,SLIDING
0.0061499690636992455,0.18449907191097736,-5.755286797934818,-3.672715419123757,-9.314523886216792,-5.794479713402772,-3.62192623595459,-9.259492379728512,-6.458216749238775,-3.4899847894335707,-10.277321938834477,-5.1176580195742485,-3.838470638349049,-8.441168376240682,-0.001198211800613934,-0.00016925518374438683,0.009926511626908864,0.5828516215932726,-0.15151558648499047,0.7983276359103461,0.9706719268052945,-0.08780144152367989,0.22380106652663884,-0.22289107905962294,0.020161454662249587,0.9746348457866356,-0.09008649947541598,-0.9959339449041116,0.0,40.73572705047362,-49.10632650441571,1.7541442194387695,395.59900067647345,SLIDING
0.006159969139844179,0.18479907419532537,-5.751435384208011,-3.671872999670792,-9.313265170229586,-5.794479713402772,-3.62192623595459,-9.259492379728512,-6.454363442602685,-3.490708521013108,-10.276360526871777,-5.1138083229081985,-3.836207561022948,-8.439639975341636,-0.0012012436310915,-0.00016033396980610367,0.009926293263989078,0.582850052041081,-0.15021697391732192,0.7985741528391914,0.9706719268052945,-0.08780144152367989,0.22380106652663884,-0.22289107905962294,0.020161454662249587,0.9746348457866356,-0.09008649947541598,-0.9959339449041116,0.0,40.741027503859705,-49.222090264950715,1.7580904149599466,394.11557648900725,NONE
0.006169969215989113,0.18509907647967339,-5.747594103270816,-3.6710358603511635,-9.31198696352354,-5.794479713402772,-3.62192623595459,-9.259492379728512,-6.450529432031813,-3.4914958025280325,-10.275381161558851,-5.109960447011168,-3.833896907208229,-8.43809068917445,-0.0012042888393174543,-0.000151417580605623,0.00992606425637278,0.5828560804437589,-0.14887004551312893,0.7988219445149571,0.9706719268052945,-0.08780144152367989,0.22380106652663884,-0.22289107905962294,0.020161454662249587,0.9746348457866356,-0.09008649947541598,-0.9959339449041116,0.0,40.746027332424305,-49.34207311480211,1.762031600513689,394.1215570661859,NONE
0.0061799692921340466,0.1853990787640214,-5.743738636428165,-3.670187741669703,-9.310765723956736,-5.794479713402772,-3.62192623595459,-9.259492379728512,-6.446580377703337,-3.4923121915649746,-10.274536892330117,-5.106189873512648,-3.831538911161196,-8.436527499267225,-0.0012073474144748192,-0.00014250604781419323,0.009925824604873597,0.5827784800829086,-0.1474898780853137,0.799134518722996,0.9706719268052945,-0.08780144152367989,0.22380106652663884,-0.22289107905962294,0.020161454662249587,0.9746348457866356,-0.09008649947541598,-0.9959339449041116,0.0,40.75713492766412,-49.46529819730041,1.7659728426172983,394.12348623309504,SLIDING
0.006189968902617693,0.1856990670785308,-5.739887103492069,-3.669340535218704,-9.309546242726954,-5.794479713402772,-3.62192623595459,-9.259492379728512,-6.442641266875347,-3.4931864989935444,-10.273697388015192,-5.1024177826093124,-3.8291301169731495,-8.434963340426856,-0.0012104192025705178,-0.00013359981780077974,0.009925574322063457,0.5827058627243628,-0.1460624425998284,0.7994495859079719,0.9706719268052945,-0.08780144152367989,0.22380106652663884,-0.22289107905962294,0.020161454662249587,0.9746348457866356,-0.09008649947541598,-0.9959339449041116,0.0,40.76813082191989,-49.592623095419064,1.7699099527657012,393.0361134418283,NONE
0.006199968978762627,0.1859990693628788,-5.736052379065799,-3.6685029027637723,-9.30828754164091,-5.794479713402772,-3.62192623595459,-9.259492379728512,-6.4387804199674346,-3.4941367056959707,-10.272782652796081,-5.098606753924029,-3.8266707330254883,-8.433392627404025,-0.001213504478321966,-0.00012469809254060654,0.009925313385891702,0.5826842026275677,-0.1445800118823989,0.7997347936487202,0.9706719268052945,-0.08780144152367989,0.22380106652663884,-0.22289107905962294,0.020161454662249587,0.9746348457866356,-0.09008649947541598,-0.9959339449041116,0.0,40.7757949356295,-49.724563104364115,1.7738403654218011,393.0462267246451,SLIDING
0.00620996905490756,0.1862990716472268,-5.732209071570682,-3.6676582006391767,-9.30706733025423,-5.794479713402772,-3.62192623595459,-9.259492379728512,-6.434830991669167,-3.495123549209085,-10.271969045997642,-5.094859708763367,-3.8241646331964443,-8.43180358440561,-0.0012166030882694195,-0.00011580131859772337,0.009925041808505161,0.5825962099590436,-0.14306134086406927,0.8000719398226219,0.9706719268052945,-0.08780144152367989,0.22380106652663884,-0.22289107905962294,0.020161454662249587,0.9746348457866356,-0.09008649947541598,-0.9959339449041116,0.0,40.78836486797013,-49.859877213993016,1.7777698746589206,392.26510144946036,SLIDING
0.006219969131052494,0.18659907393157482,-5.7283814997017855,-3.666821993107784,-9.305813472045573,-5.794479713402772,-3.62192623595459,-9.259492379728512,-6.430970856399505,-3.496186999805874,-10.271076640568804,-5.091061675202535,-3.8216052430217053,-8.430221851856128,-0.0012197150214061246,-0.00010690952757377563,0.009924759590868653,0.5825692092160745,-0.14148619270253535,0.8003716472663802,0.9706719268052945,-0.08780144152367989,0.22380106652663884,-0.22289107905962294,0.020161454662249587,0.9746348457866356,-0.09008649947541598,-0.9959339449041116,0.0,40.79690975501614,-49.9999048907302,1.781692385797589,392.26125299383637,SLIDING
0.0062299687415361404,0.1868990622460842,-5.724549874717044,-3.665981718490708,-9.304584141148242,-5.794479713402772,-3.62192623595459,-9.259492379728512,-6.4270524032449385,-3.497294317618604,-10.27025274257965,-5.087308812176579,-3.8189983044867555,-8.428624752179747,-0.0012228401210421804,-9.802316483219322e-05,0.009924466747707205,0.5824972135079829,-0.1398712986383267,0.8007078219130016,0.9706719268052945,-0.08780144152367989,0.22380106652663884,-0.22289107905962294,0.020161454662249587,0.9746348457866356,-0.09008649947541598,-0.9959339449041116,0.0,40.80887274527977,-50.143511086889326,1.7856129848476048,391.74102348853955,SLIDING
0.006239968817681074,0.18719906453043222,-5.720725402289676,-3.665144656005192,-9.303345213903102,-5.794479713402772,-3.62192623595459,-9.259492379728512,-6.423151538218924,-3.498463088694888,-10.269417606777493,-5.0835536355862425,-3.8163417474680608,-8.427019545131017,-0.0012259786667224598,-8.914143414234326e-05,0.009924163253117275,0.5824338707098616,-0.13820811251007512,0.8010426354984674,0.9706719268052945,-0.08780144152367989,0.22380106652663884,-0.22289107905962294,0.020161454662249587,0.9746348457866356,-0.09008649947541598,-0.9959339449041116,0.0,40.820495006498746,-50.29126819768167,1.7895290708136304,391.4031108960714,SLIDING
0.006249968893826008,0.18749906681478024,-5.716904148513126,-3.664308149519253,-9.302109341396006,-5.794479713402772,-3.62192623595459,-9.259492379728512,-6.419245884738789,-3.499687894488454,-10.26859645811339,-5.079808940903227,-3.813635421623646,-8.425407476024427,-0.0012291305022886783,-8.02647810679999e-05,0.009923849121398896,0.5823638886241573,-0.13649892484138765,0.8013865139517231,0.9706719268052945,-0.08780144152367989,0.22380106652663884,-0.22289107905962294,0.020161454662249587,0.9746348457866356,-0.09008649947541598,-0.9959339449041116,0.0,40.832855423303904,-50.4430105330347,1.7934413976895964,391.08902797416766,SLIDING
0.006259968504309654,0.18779905512928963,-5.713087543898868,-3.6634730474677566,-9.300872530115756,-5.794479713402772,-3.62192623595459,-9.259492379728512,-6.4153444705924825,-3.500970622039865,-10.267779588851216,-5.076069267138499,-3.8108792332676424,-8.423789734730493,-0.0012322954690341152,-7.139365020148633e-05,0.009923524368891157,0.582293566719123,-0.13474287444685987,0.8017347191829227,0.9706719268052945,-0.08780144152367989,0.22380106652663884,-0.22289107905962294,0.020161454662249587,0.9746348457866356,-0.09008649947541598,-0.9959339449041116,0.0,40.84551728369093,-50.598787409606594,1.7973495451640424,390.6389517034411,SLIDING
0.006269968580454588,0.18809905741363764,-5.709274396354007,-3.6626387370404485,-9.29963753677717,-5.794479713402772,-3.62192623595459,-9.259492379728512,-6.41143683527632,-3.5023094185162083,-10.26697589980212,-5.072341829588031,-3.8080736944161484,-8.422163504645347,-0.0012354738501136973,-6.252724668828345e-05,0.009923188966801994,0.5822152198644736,-0.13294098952171307,0.8020923457203358,0.9706719268052945,-0.08780144152367989,0.22380106652663884,-0.22289107905962294,0.020161454662249587,0.9746348457866356,-0.09008649947541598,-0.9959339449041116,0.0,40.85902593135435,-50.758515991995544,1.8012539996067378,390.2346418355441,SLIDING
0.006279968656599522,0.18839905969798565,-5.705465063506412,-3.661805364454973,-9.29840372063032,-5.794479713402772,-3.62192623595459,-9.259492379728512,-6.407526149837155,-3.503704917113075,-10.2661823984291,-5.068624433823251,-3.8052185095484052,-8.42053027832852,-0.0012386654873510767,-5.3666015324898954e-05,0.009922842931045766,0.5821311808756106,-0.13109286627623037,0.8024574435219912,0.9706719268052945,-0.08780144152367989,0.22380106652663884,-0.22289107905962294,0.020161454662249587,0.9746348457866356,-0.09008649947541598,-0.9959339449041116,0.0,40.87322372816916,-50.92221400075561,1.8051545701169882,389.86207619172205,SLIDING
0.006289968732744455,0.18869906198233366,-5.701659545356082,-3.6609729092222336,-9.297171096576365,-5.794479713402772,-3.62192623595459,-9.259492379728512,-6.403612097472612,-3.5051570423943406,-10.265398920909734,-5.0649173672160535,-3.8023137080178464,-8.418890232801594,-0.0012418703694091007,-4.4809987586676294e-05,0.009922486262851823,0.5820411870680687,-0.1291985502710894,0.802829864394843,0.9706719268052945,-0.08780144152367989,0.22380106652663884,-0.22289107905962294,0.020161454662249587,0.9746348457866356,-0.09008649947541598,-0.9959339449041116,0.0,40.88813495444353,-51.0898655308566,1.8090512515609252,389.48573447958745,SLIDING
0.006299968343228102,0.18899905029684305,-5.697857722693729,-3.6601413443338755,-9.295939754022273,-5.794479713402772,-3.62192623595459,-9.259492379728512,-6.399693490469822,-3.506665690552437,-10.264625909780714,-5.061221479798294,-3.799359332480794,-8.417243137147054,-0.0012450883349002075,-3.59596070153222e-05,0.00992211898071088,0.5819443524658818,-0.12725810518624212,0.8032099011450697,0.9706719268052945,-0.08780144152367989,0.22380106652663884,-0.22289107905962294,0.020161454662249587,0.9746348457866356,-0.09008649947541598,-0.9959339449041116,0.0,40.9038279960907,-51.261453427945746,1.812944137270911,389.1031513853977,SLIDING
0.006309968419373035,0.18929905258119106,-5.694059595519351,-3.6593106679272536,-9.294709722770365,-5.794479713402772,-3.62192623595459,-9.259492379728512,-6.395769800737142,-3.5082309150408957,-10.26386336680859,-5.05753725060267,-3.7963553308972187,-8.415589046598507,-0.0012483196717783173,-2.711408063135819e-05,0.009921741051980558,0.5818402391889006,-0.12527148515492303,0.8035975305261229,0.9706719268052945,-0.08780144152367989,0.22380106652663884,-0.22289107905962294,0.020161454662249587,0.9746348457866356,-0.09008649947541598,-0.9959339449041116,0.0,40.920340099763514,-51.43696854012381,1.8168332204136117,388.7224404890022,SLIDING
0.006319968495517969,0.18959905486553907,-5.69026516383295,-3.6584808744144324,-9.293480943215998,-5.794479713402772,-3.62192623595459,-9.259492379728512,-6.391840846491932,-3.509852598274013,-10.263110917290993,-5.053864844524476,-3.7933017992725238,-8.413928187376914,-0.0012515642191843273,-1.8273852185836335e-05,0.009921352494727089,0.5817286965075898,-0.12323878304283076,0.8039924912669909,0.9706719268052945,-0.08780144152367989,0.22380106652663884,-0.22289107905962294,0.020161454662249587,0.9746348457866356,-0.09008649947541598,-0.9959339449041116,0.0,40.937687643792884,-51.61638847386936,1.820718513837983,388.34549047428027,SLIDING
0.006329968571662903,0.18989905714988708,-5.686474308425235,-3.6576519582074765,-9.292253415359172,-5.794479713402772,-3.62192623595459,-9.259492379728512,-6.387906037374366,-3.5115309557162306,-10.262368497112853,-5.050204569735758,-3.790198531501842,-8.412260617641149,-0.0012548219655931535,-9.438953079403874e-06,0.009920953310330789,0.5816093337559168,-0.12115981555896137,0.8043947302050886,0.9706719268052945,-0.08780144152367989,0.22380106652663884,-0.22289107905962294,0.020161454662249587,0.9746348457866356,-0.09008649947541598,-0.9959339449041116,0.0,40.95590534871759,-51.799714887635716,1.8246001327665056,387.97051206978875,SLIDING
0.006339968182146549,0.19019904546439648,-5.682687148505496,-3.6568239174437407,-9.291027109397563,-5.794479713402772,-3.62192623595459,-9.259492379728512,-6.3839651869101885,-3.5132657228421227,-10.26163580872266,-5.046556822731793,-3.7870457639843167,-8.410586550464563,-0.0012580927469458213,-6.098257774934614e-07,0.009920543519432872,0.5814818974688676,-0.11903480049660621,0.8048040253296072,0.9706719268052945,-0.08780144152367989,0.22380106652663884,-0.22289107905962294,0.020161454662249587,0.9746348457866356,-0.09008649947541598,-0.9959339449041116,0.0,40.9750164283805,-51.986913321991906,1.8284779679923169,387.5967773793092,SLIDING
0.006349968258291483,0.1904990477487445,-5.678903684073734,-3.655996739084709,-9.289802084935816,-5.794479713402772,-3.62192623595459,-9.259492379728512,-6.3800176327969575,-3.515057058612674,-10.260912957578963,-5.042922204288087,-3.7838433276604357,-8.408906003857659,-0.0012613768559783605,8.21432077829056e-06,0.009920123085542692,0.5813458384821178,-0.1168635952381573,0.8052204146614365,0.9706719268052945,-0.08780144152367989,0.22380106652663884,-0.22289107905962294,0.020161454662249587,0.9746348457866356,-0.09008649947541598,-0.9959339449041116,0.0,40.99506676475145,-52.17798053216249,1.8323520050310353,387.22466060008765,SLIDING
0.006359968334436417,0.1907990500330925,-5.6751237959206575,-3.6551704231303814,-9.288578252566966,-5.794479713402772,-3.62192623595459,-9.259492379728512,-6.376062943000346,-3.5169049465070312,-10.260199608681003,-5.039300878959394,-3.780591237516289,-8.407219111191957,-0.001264674129158282,1.7033043908173315e-05,0.009919692028877082,0.5812008974091099,-0.1146462134822861,0.8056436945604549,0.9706719268052945,-0.08780144152367989,0.22380106652663884,-0.22289107905962294,0.020161454662249587,0.9746348457866356,-0.09008649947541598,-0.9959339449041116,0.0,41.0160810815914,-52.372898652236046,1.836222379605145,386.8544579850469,SLIDING
0.006369967944920063,0.1910990383476019,-5.671347484046268,-3.654344958404887,-9.287355642093333,-5.794479713402772,-3.62192623595459,-9.259492379728512,-6.372100595363942,-3.5188092721338373,-10.259495675379279,-5.0356933203945555,-3.7772895760029224,-8.405526007903394,-0.0012679844004290163,2.5845901970780096e-05,0.00991925037168932,0.5810466412910378,-0.11238274081264578,0.8060737684677758,0.9706719268052945,-0.08780144152367989,0.22380106652663884,-0.22289107905962294,0.020161454662249587,0.9746348457866356,-0.09008649947541598,-0.9959339449041116,0.0,41.038096067411715,-52.57164283392787,1.8400890840635977,386.48615765616887,SLIDING
0.006379968021064997,0.1913990406319499,-5.667574748450565,-3.6535203411829356,-9.286134253514918,-5.794479713402772,-3.62192623595459,-9.259492379728512,-6.368130130870796,-3.5207701205767714,-10.258801012833146,-5.032099944968509,-3.773938258836301,-8.40382682537713,-0.0012713079661023,3.46536845535938e-05,0.009918798074603994,0.5808826895227334,-0.11007310359109987,0.8065105162852244,0.9706719268052945,-0.08780144152367989,0.22380106652663884,-0.22289107905962294,0.020161454662249587,0.9746348457866356,-0.09008649947541598,-0.9959339449041116,0.0,41.061145534273635,-52.7742014710363,1.8439521180793061,386.1197487903784,SLIDING
0.00638996809720993,0.1916990429162979,-5.663805589133548,-3.6526965640139464,-9.284914086831721,-5.794479713402772,-3.62192623595459,-9.259492379728512,-6.36415107279202,-3.52278736270463,-10.258115449616382,-5.028521185122723,-3.7705373889425142,-8.40212171911414,-0.001274644660646681,4.345594979707282e-05,0.009918335159450196,0.580708646812738,-0.10771740271212361,0.8069537958705397,0.9706719268052945,-0.08780144152367989,0.22380106652663884,-0.22289107905962294,0.020161454662249587,0.9746348457866356,-0.09008649947541598,-0.9959339449041116,0.0,41.0852635067748,-52.98054688503682,1.8478114809980983,385.7552409626035,SLIDING
0.006399968173354864,0.19199904520064592,-5.660040006095218,-3.651873619447339,-9.28369511224142,-5.794479713402772,-3.62192623595459,-9.259492379728512,-6.360162876463221,-3.5248610746864,-10.257438851349704,-5.024957534923057,-3.7670868830195503,-8.400410754174015,-0.0012779944722099495,5.2252666435291034e-05,0.00991786162787235,0.5805240615392018,-0.10531556884050011,0.8074035205111698,0.9706719268052945,-0.08780144152367989,0.22380106652663884,-0.22289107905962294,0.020161454662249587,0.9746348457866356,-0.09008649947541598,-0.9959339449041116,0.0,41.11048886390139,-53.19066549237603,1.851667178835596,385.39270804103637,SLIDING
0.0064099677838385105,0.19229903351515532,-5.6562779993355745,-3.6510515018951777,-9.282477329744014,-5.794479713402772,-3.62192623595459,-9.259492379728512,-6.356165085858194,-3.5269912212372136,-10.256771023900715,-5.021409408031542,-3.7635867624176034,-8.398694106654533,-0.0012813572320808007,6.104339394796002e-05,0.009917377504271966,0.5803285555768055,-0.10286762660016942,0.8078595292374701,0.9706719268052945,-0.08780144152367989,0.22380106652663884,-0.22289107905962294,0.020161454662249587,0.9746348457866356,-0.09008649947541598,-0.9959339449041116,0.0,41.13685485106313,-53.40453475702922,1.8555192111011678,385.0322065257285,SLIDING
0.006419967859983444,0.19259903579950333,-5.652519330436038,-3.6502302076321724,-9.281260739339503,-5.794479713402772,-3.62192623595459,-9.259492379728512,-6.352156928704254,-3.529177667093002,-10.256111806482613,-5.017877050289435,-3.760037142730401,-8.396971922405635,-0.001284733241323142,6.982891992122787e-05,0.009916882745429281,0.5801216862673128,-0.1003736850597387,0.8083216887291211,0.9706719268052945,-0.08780144152367989,0.22380106652663884,-0.22289107905962294,0.020161454662249587,0.9746348457866356,-0.09008649947541598,-0.9959339449041116,0.0,41.16439883710588,-53.622123893124346,1.8593678088939534,384.6737102090567,SLIDING
0.006429967936128378,0.19289903808385134,-5.648764237815189,-3.6494097254824522,-9.280045341027888,-5.794479713402772,-3.62192623595459,-9.259492379728512,-6.3481380052332685,-3.5314205738081976,-10.255461141149148,-5.014361279015405,-3.7564378560981626,-8.39524425399045,-0.0012881223317488758,7.860880361159492e-05,0.009916377375321958,0.5799029244425498,-0.09783360099563695,0.8087899509385644,0.9706719268052945,-0.08780144152367989,0.22380106652663884,-0.22289107905962294,0.020161454662249587,0.9746348457866356,-0.09008649947541598,-0.9959339449041116,0.0,41.19316560109886,-53.8434231338864,1.8632127398064693,384.3172790060055,SLIDING
0.006439968012273312,0.19319904036819935,-5.645012602263736,-3.648590051720727,-9.278831075204524,-5.794479713402772,-3.62192623595459,-9.259492379728512,-6.3441078456259365,-3.5337197325345393,-10.254818646882553,-5.010862293039013,-3.752789084862943,-8.39351133335864,-0.0012915244913197217,8.738301383261321e-05,0.00991586139574515,0.5796719793856191,-0.09524754449061036,0.8092640493582228,0.9706719268052945,-0.08780144152367989,0.22380106652663884,-0.22289107905962294,0.020161454662249587,0.9746348457866356,-0.09008649947541598,-0.9959339449041116,0.0,41.22318146902621,-54.06839502614571,1.867054132564327,383.9629466239364,SLIDING
0.006449967622756958,0.19349902868270874,-5.6412644237816805,-3.6477711807590607,-9.277618001474055,-5.794479713402772,-3.62192623595459,-9.259492379728512,-6.340065758425924,-3.5360751996852935,-10.254184329023268,-5.0073807195813025,-3.749090767195426,-8.391773269337989,-0.0012949395486793528,9.615111121059029e-05,0.009915334833247247,0.5794282777585311,-0.09261546413484023,0.8097439389935999,0.9706719268052945,-0.08780144152367989,0.22380106652663884,-0.22289107905962294,0.020161454662249587,0.9746348457866356,-0.09008649947541598,-0.9959339449041116,0.0,41.25449383296562,-54.29701998083907,1.8708919733373115,383.6107723079621,SLIDING
0.006459967698901892,0.19379903096705675,-5.637519702369022,-3.6469531051468733,-9.27640609003416,-5.794479713402772,-3.62192623595459,-9.259492379728512,-6.336011210207873,-3.5384868636663245,-10.253557960281388,-5.003917042513189,-3.7453429901138016,-8.390030211267451,-0.0012983678096265684,0.00010491388128462728,0.009914797640766615,0.5791713772585588,-0.08993744628151179,0.8102294560930156,0.9706719268052945,-0.08780144152367989,0.22380106652663884,-0.22289107905962294,0.020161454662249587,0.9746348457866356,-0.09008649947541598,-0.9959339449041116,0.0,41.287140084176045,-54.529265822317754,1.8747262681410461,383.2607556903597,SLIDING
0.006469967775046825,0.19409903325140476,-5.6337783188164705,-3.646135819296229,-9.275195311082514,-5.794479713402772,-3.62192623595459,-9.259492379728512,-6.331943540568895,-3.540954709997641,-10.252939319999813,-5.000471633542882,-3.7415457560961305,-8.388282302469344,-0.00130180910332619,0.00011367088445278922,0.00991424984442807,0.5789008291417449,-0.08721349830369113,0.810720442404552,0.9706719268052945,-0.08780144152367989,0.22380106652663884,-0.22289107905962294,0.020161454662249587,0.9746348457866356,-0.09008649947541598,-0.9959339449041116,0.0,41.32115845275575,-54.76510639869384,1.8785571388678015,382.9129281011521,SLIDING
0.006479967385530472,0.19439902156591415,-5.630040392333316,-3.645319317619193,-9.273985694421443,-5.794479713402772,-3.62192623595459,-9.259492379728512,-6.32786218490235,-3.543478725824966,-10.25232833852437,-4.997045232170093,-3.7376990661457867,-8.386529662963126,-0.0013052632564445935,0.00012242168221799173,0.009913691472389127,0.5786160664053294,-0.08444362622644397,0.8112168154614106,0.9706719268052945,-0.08780144152367989,0.22380106652663884,-0.22289107905962294,0.020161454662249587,0.9746348457866356,-0.09008649947541598,-0.9959339449041116,0.0,41.35659545177458,-55.004514354421325,1.8823844626440458,382.56732287997784,SLIDING
0.0064899674616754055,0.19469902385026217,-5.62630568450098,-3.644503594527829,-9.2727771804463,-5.794479713402772,-3.62192623595459,-9.259492379728512,-6.323766446757323,-3.546058777919954,-10.251724672800924,-4.993638015458038,-3.7338030304576355,-8.384772490261593,-0.0013087305783201668,0.0001311670585542361,0.009913122474708512,0.5783167092605586,-0.08162793588594842,0.8117183402344919,0.9706719268052945,-0.08780144152367989,0.22380106652663884,-0.22289107905962294,0.020161454662249587,0.9746348457866356,-0.09008649947541598,-0.9959339449041116,0.0,41.3934838023656,-55.24745347345974,1.8862084837449586,382.2239686117985,SLIDING
0.006499967537820339,0.19499902613461018,-5.62257443373804,-3.643688642571557,-9.271569798959407,-5.794479713402772,-3.62192623595459,-9.259492379728512,-6.31965589798513,-3.5486948887296434,-10.251128224233632,-4.9902508264694285,-3.7298576144609226,-8.38301093063723,-0.0013122108961390083,0.0001399065747324034,0.00991254287912041,0.5780022050068268,-0.07876640249186045,0.8122249102593051,0.9706719268052945,-0.08780144152367989,0.22380106652663884,-0.22289107905962294,0.020161454662249587,0.9746348457866356,-0.09008649947541598,-0.9959339449041116,0.0,41.431869044550844,-55.493897329653855,1.8900289634203524,381.88292691906537,SLIDING
0.006509967613965273,0.1952990284189582,-5.618846520835208,-3.642874454299796,-9.270363549960765,-5.794479713402772,-3.62192623595459,-9.259492379728512,-6.315529743728284,-3.5513868714373964,-10.250538839749728,-4.986884158876434,-3.725862973408278,-8.381245122942566,-0.0013157041975387826,0.00014864019970936107,0.009911952687683634,0.5776719934138481,-0.07585917476994858,0.8127363986118094,0.9706719268052945,-0.08780144152367989,0.22380106652663884,-0.22289107905962294,0.020161454662249587,0.9746348457866356,-0.09008649947541598,-0.9959339449041116,0.0,41.47179616416217,-55.74380345463348,1.8938460167291673,381.5441684813708,SLIDING
0.006519967224448919,0.19559901673346758,-5.615121826583194,-3.642061029712546,-9.269158403648051,-5.794479713402772,-3.62192623595459,-9.259492379728512,-6.311387316456185,-3.5541347868994846,-10.249956258982303,-4.98353839085282,-3.721819052096891,-8.37947524652075,-0.0013192103065583407,0.00015736749617913776,0.009911351930699789,0.57732561982755,-0.07290620225974173,0.8132526141137186,0.9706719268052945,-0.08780144152367989,0.22380106652663884,-0.22289107905962294,0.020161454662249587,0.9746348457866356,-0.09008649947541598,-0.9959339449041116,0.0,41.513303767398156,-55.99714620332589,1.8976597660543053,381.20775425129426,SLIDING
0.006529967300593853,0.1958990190178156,-5.611400350981998,-3.641248361359227,-9.267954360021266,-5.794479713402772,-3.62192623595459,-9.259492379728512,-6.30722792454791,-3.556938537002562,-10.249380328178766,-4.98021414976893,-3.7177259253165045,-8.377701440840978,-0.001322729537239551,0.0001660892459889655,0.00991074055439061,0.5769625107734697,-0.06990756013649654,0.8137734292772997,0.9706719268052945,-0.08780144152367989,0.22380106652663884,-0.22289107905962294,0.020161454662249587,0.9746348457866356,-0.09008649947541598,-0.9959339449041116,0.0,41.55643797143308,-56.2538875505181,1.9014702107415946,380.87371348366906,SLIDING
0.006539967376738787,0.1961990213021636,-5.607682213240909,-3.640436441789258,-9.266751419080409,-5.794479713402772,-3.62192623595459,-9.259492379728512,-6.303051092478173,-3.559797962540406,-10.2488108098732,-4.976912094318651,-3.7135837232743025,-8.37592392130893,-0.0013262617141390075,0.0001748050115958168,0.00991011858863477,0.5765821731128353,-0.06686337423212889,0.8142986472018572,0.9706719268052945,-0.08780144152367989,0.22380106652663884,-0.22289107905962294,0.020161454662249587,0.9746348457866356,-0.09008649947541598,-0.9959339449041116,0.0,41.60123881624554,-56.51398461664608,1.9052772344237532,380.5420505654492,SLIDING
0.00654996745288372,0.1964990235865116,-5.604000911170291,-3.6395543489259365,-9.265407453550013,-5.794479713402772,-3.62192623595459,-9.259492379728512,-6.299135441622052,-3.5625108902098304,-10.247921259882645,-4.973443370371263,-3.709440582071494,-8.37416775478326,-0.001329806824710251,0.00018351476204088804,0.009909486035641523,0.5763878570655605,-0.06388247472246258,0.8146754369997324,0.9706719268052945,-0.08780144152367989,0.22380106652663884,-0.22289107905962294,0.020161454662249587,0.9746348457866356,-0.09008649947541598,-0.9959339449041116,0.0,41.63281506061274,-56.76934516653832,1.9090739028919117,378.4328845271291,NONE
0.006559967063367367,0.196799011901021,-5.600362405234622,-3.638556146214593,-9.263887475503596,-5.794479713402772,-3.62192623595459,-9.259492379728512,-6.2955628200799065,-3.5649492147487907,-10.246618106160186,-4.96974510060667,-3.705325100507045,-8.372451095078096,-0.001333364690374669,0.00019221806123465206,0.009908842927854844,0.5764424867274942,-0.0610329938079367,0.814855222209604,0.9706719268052945,-0.08780144152367989,0.22380106652663884,-0.22289107905962294,0.020161454662249587,0.9746348457866356,-0.09008649947541598,-0.9959339449041116,0.0,41.64634690765322,-57.014749961158635,1.9128582275300765,378.45073407361866,NONE
0.0065699671395123005,0.19709901418536901,-5.596716269904422,-3.6375526088875416,-9.26239646531454,-5.794479713402772,-3.62192623595459,-9.259492379728512,-6.291836727877749,-3.567411781941855,-10.245437106841578,-4.966171494270992,-3.701177454742543,-8.370678873578814,-0.0013369356298595589,0.00020091568885212985,0.00990818920766272,0.5763761885246768,-0.05815898817421215,0.8151122753316371,0.9706719268052945,-0.08780144152367989,0.22380106652663884,-0.22289107905962294,0.020161454662249587,0.9746348457866356,-0.09008649947541598,-0.9959339449041116,0.0,41.668687349954475,-57.26126611656597,1.9166430063830102,378.5003166579636,NONE
0.006579967215657234,0.19739901646971703,-5.593055352622318,-3.6365382384163025,-9.260964016688975,-5.794479713402772,-3.62192623595459,-9.259492379728512,-6.287988577565676,-3.5698999963631173,-10.244380636010334,-4.962680416341937,-3.6969858844351515,-8.368905374950701,-0.0013405194651020344,0.0002096072085617135,0.009907524907086412,0.5762209396624954,-0.05525473394436284,0.8154240265476661,0.9706719268052945,-0.08780144152367989,0.22380106652663884,-0.22289107905962294,0.020161454662249587,0.9746348457866356,-0.09008649947541598,-0.9959339449041116,0.0,41.697629704122036,-57.5094963688751,1.9204280763556376,378.5238032234435,SLIDING
0.006589966826140881,0.19769900478422642,-5.5893786997139925,-3.6355124238532666,-9.259593497289332,-5.794479713402772,-3.62192623595459,-9.259492379728512,-6.284021695377194,-3.572413977039673,-10.243448559875956,-4.959267030834591,-3.692749116476147,-8.367137143029217,-0.0013441160155673029,0.00021829218520274176,0.009906850060175382,0.5759802889315665,-0.05231962584194534,0.8157875725420605,0.9706719268052945,-0.08780144152367989,0.22380106652663884,-0.22289107905962294,0.020161454662249587,0.9746348457866356,-0.09008649947541598,-0.9959339449041116,0.0,41.732926756893626,-57.75942546535538,1.9242135558243199,378.56320018097296,NONE
0.006599966902285814,0.19799900706857443,-5.58564017718439,-3.6345741014581803,-9.258540819657954,-5.794479713402772,-3.62192623595459,-9.259492379728512,-6.2801922218749135,-3.5748282591268743,-10.24266935858562,-4.955611010064221,-3.6887696416925455,-8.365836394612229,-0.0013477256034845249,0.00022697139679143504,0.009906164606444457,0.5759048747003013,-0.0495397315502918,0.8160143321623436,0.9706719268052945,-0.08780144152367989,0.22380106652663884,-0.22289107905962294,0.020161454662249587,0.9746348457866356,-0.09008649947541598,-0.9959339449041116,0.0,41.75586302731381,-57.997046017011215,1.927995639009243,375.6950833416455,IMPACT
0.006609966978430748,0.19829900935292244,-5.581717237883853,-3.6340470436614636,-9.258635799659404,-5.794479713402772,-3.62192623595459,-9.259492379728512,-6.278268123544712,-3.5761597964677514,-10.24146183710905,-4.949874919220365,-3.6865566495508024,-8.367112875593545,-0.0013513480488330084,0.0002356444079212633,0.009905468579520783,0.577562262749716,-0.047998631775239706,0.814934331093698,0.9706719268052945,-0.08780144152367989,0.22380106652663884,-0.22289107905962294,0.020161454662249587,0.9746348457866356,-0.09008649947541598,-0.9959339449041116,0.0,41.64977799657844,-58.14269977423375,1.9317359929988935,372.27986902863597,NONE
0.006619967054575682,0.19859901163727045,-5.577890262061405,-3.633384996245492,-9.258339773191127,-5.794479713402772,-3.62192623595459,-9.259492379728512,-6.276732900636079,-3.577099379181124,-10.239630752163846,-4.943969091005826,-3.684441761121491,-8.368209302896144,-0.001354983338745758,0.0002443111877853831,0.009904761981876575,0.5794625259261967,-0.046670600843637805,0.8136614996816096,0.9706719268052945,-0.08780144152367989,0.22380106652663884,-0.22289107905962294,0.020161454662249587,0.9746348457866356,-0.09008649947541598,-0.9959339449041116,0.0,41.52521286321109,-58.27270147860228,1.935458853316149,372.29691305032816,NONE
0.006629966665059328,0.19889899995177984,-5.574063047820377,-3.6327230009835842,-9.258043895734462,-5.794479713402772,-3.62192623595459,-9.259492379728512,-6.275014699060363,-3.578060633978477,-10.237921386979618,-4.938228788317171,-3.682307313376459,-8.369195602207279,-0.00135863129008869,0.0002529713024836569,0.009904044849700332,0.5812112655405182,-0.045324643216513846,0.812489471640147,0.9706719268052945,-0.08780144152367989,0.22380106652663884,-0.22289107905962294,0.020161454662249587,0.9746348457866356,-0.09008649947541598,-0.9959339449041116,0.0,41.41126460259858,-58.403580805924264,1.9391819162898685,372.31385904118554,NONE
0.006639966741204262,0.19919900223612785,-5.570235714370059,-3.63206104669987,-9.257748167289408,-5.794479713402772,-3.62192623595459,-9.259492379728512,-6.273114064069185,-3.5790433003704276,-10.236335022754954,-4.932653743900077,-3.6801535212924836,-8.370070611349854,-0.001362292229743885,0.00026162552778100193,0.00990331711867898,0.5828088348561339,-0.04396096561828533,0.8114193093065654,0.9706719268052945,-0.08780144152367989,0.22380106652663884,-0.22289107905962294,0.020161454662249587,0.9746348457866356,-0.09008649947541598,-0.9959339449041116,0.0,41.30795268643719,-58.535247368561066,1.9429050652256876,372.33073955268725,NONE
0.0066499668173491955,0.19949900452047586,-5.566408023291873,-3.6313991408449295,-9.257452587855967,-5.794479713402772,-3.62192623595459,-9.259492379728512,-6.271030859779224,-3.5800471431916567,-10.234873029748352,-4.92724362632608,-3.6779806123973806,-8.3708330873604,-0.0013659659750894248,0.0002702734295265366,0.009902578824579067,0.5842553188926716,-0.042579769219880055,0.8104521488643267,0.9706719268052945,-0.08780144152367989,0.22380106652663884,-0.22289107905962294,0.020161454662249587,0.9746348457866356,-0.09008649947541598,-0.9959339449041116,0.0,41.21531149116738,-58.66760644929337,1.946628532203997,372.34749899765905,NONE
0.006659966893494129,0.19979900680482388,-5.562580213004398,-3.6307372796934727,-9.25715718723646,-5.794479713402772,-3.62192623595459,-9.259492379728512,-6.268765589041088,-3.581072002243688,-10.233536552278204,-4.921998434147084,-3.675788724902913,-8.371482049062092,-0.0013696525130759936,0.0002789149770025687,0.009901829970022941,0.5855509369104366,-0.04118118376488025,0.8095889144417883,0.9706719268052945,-0.08780144152367989,0.22380106652663884,-0.22289107905962294,0.020161454662249587,0.9746348457866356,-0.09008649947541598,-0.9959339449041116,0.0,41.133362373359326,-58.80056845417233,1.9503520788016981,372.3641708404572,NONE
0.006666666828095913,0.2000000048428774,-5.560015544349002,-3.630293858389247,-9.256959329618129,-5.794479713402772,-3.62192623595459,-9.259492379728512,-6.267146174578506,-3.5817702317411326,-10.23271176699131,-4.918576324042387,-3.6743097105006366,-8.37185287844121,-0.0013719059289517,0.000284183734485,0.0099013692854655,0.5863347176243994,-0.04023455598239296,0.8090690819783042,0.9706719268052945,-0.08780144152367989,0.22380106652663884,-0.22289107905962294,0.020161454662249587,0.9746348457866356,-0.09008649947541598,-0.9959339449041116,0.0,41.08444562057387,-58.88993727256479,1.9528468783833368,372.37531960244786,NONE
