t_s,rp_x_aba_mm,rp_y_aba_mm,rp_z_aba_mm,ur1,ur2,ur3,fx_aba_N,fy_aba_N,fz_aba_N,tx_aba_Nmm,ty_aba_Nmm,tz_aba_Nmm,driver_arc_mm,robot_arc_mm,force_tangent_N,force_normal_N,rp_x_mag_mm,rp_y_mag_mm,rp_z_mag_mm,tx_mag_Nmm,ty_mag_Nmm,tz_mag_Nmm,drive_scale,endpoint_reached,h_head_mm,h_tail_mm,vn_head_close_mm_s,vn_tail_close_mm_s,Flub_head_mN,Flub_tail_mN,Flub_x_N,Flub_y_N,Flub_z_N,Mlub_x_Nmm,Mlub_y_Nmm,Mlub_z_Nmm,lub_power_W,active_head,active_tail,wall_tri_head,wall_tri_tail,commanded_frequency_Hz,instantaneous_phase_rad,cone_angle_deg,B_aba_T,Bx_aba_T,By_aba_T,Bz_aba_T,UR1,UR2,UR3,U1,torque_norm_Nmm,force_norm_N
1.0559219828036989e-07,-7.468174204284,-3.676918015967,-9.550745259298,0.0,0.0,0.0,-8.30611331368731e-14,-9.086742559803867e-14,4.6563468650856146e-14,1.3983896894542492e-11,-3.2883582797933126e-10,-2.0901914817223634e-10,18.899961259553187,13.799960625932426,3.935249012241908e-06,1.2880750683716317e-21,-1.4895443071719092,4.2967127206258695,-0.0348831700469211,2.806904142699761e-11,-1.5895976774637912e-10,-3.5491051913016536e-10,3.344678236777099e-08,False,,,,,,,,,,,,,,,,,,40.0,4.328443083159889,30.0,0.01,-0.0019882739482936,-0.0053173493874851,0.0082324092584096,0.0,0.0,0.0,0.0,3.8989428751631744e-10,1.3162141727544083e-13
0.0001002069930714,-7.468174204284,-3.676918015967,-9.550745259298,2.575220053561779e-06,-2.397997268505852e-05,-1.4636580627502533e-05,-6.98170877936461e-08,-7.637867184049468e-08,3.913895291334928e-08,1.0884673085902789e-05,-0.0002779793673827,-0.0001728937311896,18.900561867958427,13.799960625932426,3.935505874287169e-06,8.470329472543003e-22,-1.4895443071719092,4.2967127206258695,-0.0348831700469211,2.410446735113272e-05,-0.0001365080829889,-0.0002967621354145,0.0281118790715541,False,,,,,,,,,,,,,,,,,,40.0,4.353601309207661,30.0,0.01,-0.0019184847962703,-0.0052374028204246,0.0082999414325094,2.575220150902169e-06,-2.3979971956578083e-05,-1.4636580999649595e-05,0.0,0.0003275412143278075,1.1063446522335178e-07
0.000200308676127,-7.468174204284,-3.676918015967,-9.550745259298,3.864728153111307e-05,-0.0003677150253796,-0.0002212944958933,-2.5886712818192065e-07,-2.831961065482539e-07,1.451190340489713e-07,3.709683539179215e-05,-0.0010371553784462,-0.0006308399264036,18.90116247805676,13.799960625932426,3.933108076176002e-06,1.2880750683716317e-21,-1.4895443071719092,4.2967127206258695,-0.0348831700469211,9.134066589719432e-05,-0.0005173106065808,-0.0010950219568818,0.1042965005288939,False,,,,,,,,,,,,,,,,,,40.0,4.378759606175629,30.0,0.01,-0.0018506246954121,-0.0051551021803421,0.0083666068239736,3.856831244775094e-05,-0.0003669558500405,-0.000220840840484,0.0,0.001214506676383817,4.1020940854708756e-07
0.0003004117363461,-7.468174204284,-3.676918015967,-9.550745259298,0.000186218725484,-0.0017825854246907,-0.001056939695106,-5.358756343246899e-07,-5.862385630058796e-07,3.0040799297208693e-07,7.00155764500325e-05,-0.0021648965582436,-0.0012869636225393,18.90176309641808,13.799960625932426,3.9219019081455645e-06,8.731015774769282e-22,-1.4895443071719092,4.2967127206258695,-0.0348831700469211,0.0001935504270626,-0.0010965635557814,-0.0022600976206562,0.2165189910887219,False,,,,,,,,,,,,,,,,,,40.0,4.403918249262513,30.0,0.01,-0.0017847359015277,-0.0050704985983308,0.0084323639464934,0.0001857092574937,-0.0017777530010789,-0.0010541109368205,0.0,0.002519514765699954,8.491662443006109e-07
0.0004005171736257,-7.468174204284,-3.676918015967,-9.550745259298,0.0005819384023461,-0.0053709958368875,-0.003129098533243,-8.665965876508817e-07,-9.480414964014432e-07,4.858077601171986e-07,0.0001022088847381,-0.0035449950112951,-0.0020584623597066,18.902363729041756,13.799960625932426,3.893004937721317e-06,1.2880750683716317e-21,-1.4895443071719092,4.2967127206258695,-0.0348831700469211,0.000321437949573,-0.0018232185933954,-0.0036588598193736,0.3527448902255862,False,,,,,,,,,,,,,,,,,,40.0,4.429077489769878,30.0,0.01,-0.0017208595716328,-0.0049836446495538,0.008497171784876,0.0005801383522339,-0.0053548426367342,-0.003119864501059,0.0,0.004100573566289893,1.3732375994041706e-06
0.0005005360409901,-7.468174204284,-3.676918015967,-9.550745259298,0.0013376566981977,-0.0123985184135669,-0.0070632307958185,-1.2125060545075366e-06,-1.3264603977118663e-06,6.797220977589998e-07,0.0001274615165881,-0.0050556422970994,-0.0028658391504587,18.90296384224594,13.799960625932426,3.836584652708237e-06,8.731015774769282e-22,-1.4895443071719092,4.2967127206258695,-0.0348831700469211,0.0004643326568771,-0.0026397584337198,-0.0051579908982176,0.5008040611772365,False,,,,,,,,,,,,,,,,,,40.0,4.454214972884474,30.0,0.01,-0.0016590902885079,-0.0048946752289494,0.0085609329992523,0.0013334690593183,-0.0123594114556908,-0.007041634991765,0.0,0.0058128133903242825,1.921377175126542e-06
0.0006005658050454,-7.468174204284,-3.676918015967,-9.550745259298,0.0026299594065674,-0.0244421019880907,-0.0136544608875084,-1.5312785129840372e-06,-1.6751918869101334e-06,8.584236253744182e-07,0.0001403336668246,-0.0065727440706367,-0.0036351267836987,18.90356402083027,13.799960625932426,3.739919962343266e-06,0.0,-1.4895443071719092,4.2967127206258695,-0.0348831700469211,0.0006099031742108,-0.0034839691533789,-0.0066275773813733,0.6488145668219147,False,,,,,,,,,,,,,,,,,,40.0,4.479355194636169,30.0,0.01,-0.0015994045796035,-0.004803562366578,0.0086236705399231,0.0026230865623801,-0.0243785660713911,-0.0136200189590454,0.0,0.007512310223206839,2.4265145503163787e-06
0.0007005765073881,-7.468174204284,-3.676918015967,-9.550745259298,0.0046055500073611,-0.0430025889583355,-0.0236303745497894,-1.7780058909187958e-06,-1.9451073192043414e-06,9.967372035053795e-07,0.0001357877018709,-0.0079644764625854,-0.0042953406505743,18.90416408504433,13.799960625932426,3.5904085107296885e-06,4.735058123106525e-22,-1.4895443071719092,4.2967127206258695,-0.0348831700469211,0.0007432677301243,-0.0042859378969653,-0.007935966503977,0.7847260000929753,False,,,,,,,,,,,,,,,,,,40.0,4.504490625657003,30.0,0.01,-0.0015418577712598,-0.0047103911723844,0.0086853261088072,0.004595682490617,-0.0429085232317447,-0.0235802177339792,0.0,0.00904993231618515,2.817486909324685e-06
0.0008006257648766,-7.468174204284,-3.676918015967,-9.550745259298,0.0073739397405304,-0.0694417301730018,-0.0375706667587945,-1.910216580482785e-06,-2.0897434991300886e-06,1.070853556922764e-06,0.0001097434575635,-0.0090940010424716,-0.004780207610951,18.90476438058926,13.799960625932426,3.376078787313984e-06,4.735058123106525e-22,-1.4895443071719092,4.2967127206258695,-0.0348831700469211,0.0008476259377183,-0.0049691940710243,-0.0089527606884664,0.8966000289445262,False,,,,,,,,,,,,,,,,,,40.0,4.529635746642844,30.0,0.01,-0.0014864537159695,-0.0046151662698015,0.0087458959319423,0.0073600760661065,-0.0693123191595077,-0.0375033654272556,0.0,0.010274399417520539,3.0269923384247188e-06
0.0009006518773501,-7.468174204284,-3.676918015967,-9.550745259298,0.0111997918320768,-0.1047652565856938,-0.0556195605042844,-1.8948849290431016e-06,-2.072970940848289e-06,1.0622587443525917e-06,6.117052186896898e-05,-0.0098191172905378,-0.0050282372637333,18.9053645372641,13.799960625932426,3.088079630998878e-06,4.735058123106525e-22,-1.4895443071719092,4.2967127206258695,-0.0348831700469211,0.0009060557525208,-0.0054495919375083,-0.0095489783153199,0.9723509933492436,False,,,,,,,,,,,,,,,,,,40.0,4.554775050651933,30.0,0.01,-0.0014332620909364,-0.0045180060897827,0.008805304126001,0.0111769363284111,-0.1045540794730186,-0.0555133260786533,0.0,0.011031861863642068,3.002697296743324e-06
0.0010006626590496,-7.468174204284,-3.676918015967,-9.550745259298,0.0158125909240716,-0.1495583943221246,-0.0777460517377172,-1.7167428880363984e-06,-1.878086666510436e-06,9.623936085357432e-07,-6.166440192944102e-06,-0.0100008983658169,-0.0049869754977328,18.90596460195429,13.799960625932426,2.720407529819436e-06,4.235164736271503e-22,-1.4895443071719092,4.2967127206258695,-0.0348831700469211,0.0009039073237178,-0.0056395292412111,-0.0096055500754005,1.0,False,,,,,,,,,,,,,,,,,,40.0,4.5799105016173,30.0,0.01,-0.0013823110794907,-0.0044189655590868,0.0088635184586664,0.0157868675887584,-0.1492970436811447,-0.0776191428303718,0.0,0.011175326875012251,2.720407529819436e-06
0.0011007261634824,-7.468174204284,-3.676918015967,-9.550745259298,0.0207570138278182,-0.2040243694268986,-0.1037492286403256,-1.4325023595339637e-06,-1.5671325041938566e-06,8.030504303441317e-07,-8.51018981363901e-05,-0.0098329536648414,-0.0047724199157258,18.906564982980893,13.799960625932426,2.2699905923697515e-06,1.0587911840678754e-22,-1.4895443071719092,4.2967127206258695,-0.0348831700469211,0.0008590219540847,-0.0056363033110642,-0.0093254693301778,1.0,False,,,,,,,,,,,,,,,,,,40.0,4.605059203250785,30.0,0.01,-0.0013335994849358,-0.0043180388547868,0.0089205410633173,0.0207314603030681,-0.203712984919548,-0.1036024689674377,0.0,0.01093024299638396,2.2699905923697515e-06
0.0012007627386865,-7.468174204284,-3.676918015967,-9.550745259298,0.0256780158432977,-0.2677286743967626,-0.1333236656019268,-1.0968851354841454e-06,-1.1999731363399066e-06,6.149058493524527e-07,-0.0001757613087701,-0.0095767200851845,-0.0045225423996775,18.90716520243212,13.799960625932426,1.7381604448241728e-06,2.3675290615532623e-22,-1.4895443071719092,4.2967127206258695,-0.0348831700469211,0.0007925984989991,-0.005583780044998,-0.0089661049186915,1.0,False,,,,,,,,,,,,,,,,,,40.0,4.630201136830896,30.0,0.01,-0.0012871977443361,-0.0042153693926892,0.0089762900382148,0.0256462674587965,-0.2672983109951019,-0.1331273913383484,0.0,0.010592348624574133,1.7381604448241726e-06
0.0013008064148763,-7.468174204284,-3.676918015967,-9.550745259298,0.0308610486459472,-0.3401993641344017,-0.1660529739121262,-7.116696228606399e-07,-7.785541090453257e-07,3.989568276083058e-07,-0.0002811779842637,-0.0092145406305249,-0.0042333585662207,18.907765464489252,13.799960625932426,1.127735209661049e-06,2.3675290615532623e-22,-1.4895443071719092,4.2967127206258695,-0.0348831700469211,0.0006987042799561,-0.005470930673396,-0.0085140398599425,1.0,False,,,,,,,,,,,,,,,,,,40.0,4.655344855083377,30.0,0.01,-0.0012431187263079,-0.0041109876830322,0.0090307494762206,0.0308277662843465,-0.3397130072116852,-0.1658338010311126,0.0,0.010144365176817275,1.1277352096610488e-06
0.0014008826332795,-7.468174204284,-3.676918015967,-9.550745259298,0.0356869869316828,-0.4216251397094624,-0.202284252095892,-2.755296135993291e-07,-3.014245739043367e-07,1.544599024922216e-07,-0.0004035229803176,-0.0087242496951625,-0.0038997369917338,18.908365921799675,13.799960625932426,4.366133337422407e-07,2.646977960169689e-22,-1.4895443071719092,4.2967127206258695,-0.0348831700469211,0.0005714261791091,-0.0052833390058738,-0.0079525538800265,1.0,False,,,,,,,,,,,,,,,,,,40.0,4.680496752086139,30.0,0.01,-0.0012013804856177,-0.0040049321931169,0.0090838980100677,0.035658698529005,-0.4209912121295929,-0.2020030170679092,0.0,0.00956469090686596,4.366133337422406e-07
0.0015009200775597,-7.468174204284,-3.676918015967,-9.550745259298,0.0389693256004786,-0.5123675148519871,-0.242566253928559,2.1154772407281438e-07,2.314295068181215e-07,-1.1859211939466784e-07,-0.0005404173756857,-0.0080812942028136,-0.00351628322788,18.90896614646536,13.799960625932426,-3.352255165839642e-07,1.3234889800848446e-23,-1.4895443071719092,4.2967127206258695,-0.0348831700469211,0.0004084823011864,-0.00500305472409,-0.0072640347127763,1.0,False,,,,,,,,,,,,,,,,,,40.0,4.705638904088915,30.0,0.01,-0.0011620389271912,-0.003897345687531,0.0091356642956916,0.0389481261372566,-0.51166170835495,-0.2422586530447006,0.0,0.008829700712427455,3.3522551658396427e-07
0.0016009632314875,-7.468174204284,-3.676918015967,-9.550745259298,0.0417809223028685,-0.6126791308377386,-0.2854611247071341,7.413757480330408e-07,8.110520899536896e-07,-4.156098658701864e-07,-0.0006830750443692,-0.0072685929471361,-0.0030811721854904,18.90956640538893,13.799960625932426,-1.1748085175884762e-06,0.0,-1.4895443071719092,4.2967127206258695,-0.0348831700469211,0.0002141631237794,-0.0046139392185302,-0.0064388163530386,1.0,False,,,,,,,,,,,,,,,,,,40.0,4.730782491082638,30.0,0.01,-0.0011251002503339,-0.0037882491257005,0.0091860392982137,0.041759256273508,-0.6117944717407227,-0.2850893437862396,0.0,0.00792418178640775,1.1748085175884762e-06
0.0017009698885125,-7.468174204284,-3.676918015967,-9.550745259298,0.043610450218257,-0.7215854330267029,-0.3306971004050985,1.3015145378905e-06,1.4238341203658527e-06,-7.296196078114239e-07,-0.0008278529344432,-0.006278761194606,-0.0025982349595049,18.910166445331075,13.799960625932426,-2.062422960200264e-06,1.0587911840678754e-22,-1.4895443071719092,4.2967127206258695,-0.0348831700469211,-1.131442664198218e-05,-0.0041069217202689,-0.0054765019393846,1.0,False,,,,,,,,,,,,,,,,,,40.0,4.755916905404222,30.0,0.01,-0.0010906022642158,-0.0036777581475129,0.0092349705852097,0.0436004474759101,-0.7206289172172546,-0.3303044736385345,0.0,0.006845363943922178,2.062422960200264e-06
0.0018010682148652,-7.468174204284,-3.676918015967,-9.550745259298,0.0439372302054133,-0.8384007527886609,-0.3780837236417646,1.8776157401606868e-06,2.054078750522334e-06,-1.0525777623483257e-06,-0.0009679564988956,-0.0051104199899903,-0.0020735108186679,18.91076703528919,13.799960625932426,-2.9753319691820557e-06,0.0,-1.4895443071719092,4.2967127206258695,-0.0348831700469211,-0.0002640589138205,-0.0034754670422078,-0.004382257534826,1.0,False,,,,,,,,,,,,,,,,,,40.0,4.7810743587407165,30.0,0.01,-0.0010585245977492,-0.0035657998868592,0.0092824887203181,0.0439398847520351,-0.8372613191604614,-0.3776268064975738,0.0,0.005599355264044203,2.9753319691820553e-06
0.0019011281058028,-7.468174204284,-3.676918015967,-9.550745259298,0.0425661800005626,-0.9618280847889428,-0.4262270061934741,2.446843836967172e-06,2.676804323620909e-06,-1.3716829038247643e-06,-0.0010890440151791,-0.0037825542606161,-0.0015200897855653,18.911367394634816,13.799960625932426,-3.87734962804555e-06,4.235164736271503e-22,-1.4895443071719092,4.2967127206258695,-0.0348831700469211,-0.0005304401667454,-0.002723052276035,-0.0031793122037897,1.0,False,,,,,,,,,,,,,,,,,,40.0,4.80622215220381,30.0,0.01,-0.0010289311806409,-0.0034525895569343,0.0093285007357481,0.0425862520933151,-0.9606273770332336,-0.4257680177688598,0.0,0.004219526816798584,3.877349628045549e-06
0.0020011671963254,-7.468174204284,-3.676918015967,-9.550745259298,0.0395386393811013,-1.0906611254586414,-0.4742708321125736,2.9882983567748605e-06,3.2691460896821952e-06,-1.6752183795253416e-06,-0.0011828498224083,-0.002322715677883,-0.0009536619689374,18.91196762917795,13.799960625932426,-4.735356358700709e-06,1.1978854817838859e-21,-1.4895443071719092,4.2967127206258695,-0.0348831700469211,-0.0008010477399594,-0.0018611075836167,-0.0018968958996642,1.0,False,,,,,,,,,,,,,,,,,,40.0,4.831364717952413,30.0,0.01,-0.0010018333121459,-0.0033381799284197,0.009372986972154,0.0395810231566429,-1.0892839431762695,-0.4737654626369476,0.0,0.0027755383214166564,4.735356358700708e-06
0.002101177902212,-7.468174204284,-3.676918015967,-9.550745259298,0.0343485434922561,-1.2219418217956035,-0.5217448277939679,3.4771673257504003e-06,3.803960183686584e-06,-1.949274776923123e-06,-0.0012438468527849,-0.0007842861503784,-0.0003975214782346,18.91256769341327,13.799960625932426,-5.510034287215258e-06,1.7462031549538564e-21,-1.4895443071719092,4.2967127206258695,-0.0348831700469211,-0.001064910409489,-0.0009191390836621,-0.0005843220423388,1.0,False,,,,,,,,,,,,,,,,,,40.0,4.856500149863905,30.0,0.01,-0.0009772483324112,-0.0032226528640937,0.0094159170670916,0.0344148501753807,-1.2205511331558228,-0.5212492346763611,0.0,0.001523247545383249,5.5100342872152575e-06
0.002175439474312,-7.468174204284,-3.676918015967,-9.550745259298,0.0289857778037159,-1.3196286011539111,-0.5560253025615347,3.79413076940091e-06,4.150712642333515e-06,-2.1269621839509955e-06,-0.0012630068773647,0.0003748639736174,-3.984048538285541e-06,18.913013262845872,13.799960625932426,-6.0123050377122086e-06,1.0587911840678754e-21,-1.4895443071719092,4.2967127206258695,-0.0348831700469211,-0.0012475418270273,-0.0001871739922589,0.0003799085811992,1.0,False,,,,,,,,,,,,,,,,,,40.0,4.875164118612186,30.0,0.01,-0.0009606228463595,-0.0031361691583575,0.0094467797030109,0.0269483495503664,-1.3519794940948486,-0.5671740174293518,0.0,0.0013174692571857275,6.0123050377122086e-06
0.0022754557226355,-7.468174204284,-3.676918015967,-9.550745259298,0.0197331665710767,-1.4500641436101631,-0.6001802791020702,4.148682130820594e-06,4.5385856250123945e-06,-2.3257211049902628e-06,-0.0012494442767267,0.0019161539879303,0.0004858748276476,18.913613360335813,13.799960625932426,-6.57413884522957e-06,9.47011624621305e-22,-1.4895443071719092,4.2967127206258695,-0.0348831700469211,-0.0014656075357738,0.000816743482692,0.0016290353246051,1.0,False,,,,,,,,,,,,,,,,,,40.0,4.900300943489986,30.0,0.01,-0.0009404377752312,-0.0030188069215266,0.0094869584989848,0.0170352663844823,-1.4819191694259644,-0.610646665096283,0.0,0.002338553282319623,6.574138845229569e-06
0.0023754687287012,-7.468174204284,-3.676918015967,-9.550745259298,0.0077844810958372,-1.577413524448262,-0.6413807775511309,4.412881927943635e-06,4.827615578029462e-06,-2.4738295945605803e-06,-0.0011861109047578,0.0033872630707455,0.0009165082662429,18.914213438372204,13.799960625932426,-6.992798577259897e-06,8.470329472543003e-22,-1.4895443071719092,4.2967127206258695,-0.0348831700469211,-0.0016397558282102,0.0018116054993895,0.0027838254128708,1.0,False,,,,,,,,,,,,,,,,,,40.0,4.9254369534995535,30.0,0.01,-0.0009227971498453,-0.002900500467652,0.0095255205872113,0.0043897652067244,-1.6080957651138306,-0.6510225534439087,0.0,0.00370410550483017,6.992798577259896e-06
0.0024755483836434,-7.468174204284,-3.676918015967,-9.550745259298,-0.0069627412645782,-1.69911226788709,-0.6788111967720525,4.584764184114927e-06,5.0156517573400764e-06,-2.570185540411714e-06,-0.0010739431492455,0.0047369707031406,0.0012758043337006,18.91481391630186,13.799960625932426,-7.265168882207286e-06,9.47011624621305e-22,-1.4895443071719092,4.2967127206258695,-0.0348831700469211,-0.0017618331978304,0.0027619197724964,0.0038062665410385,1.0,False,,,,,,,,,,,,,,,,,,40.0,4.950589714198763,30.0,0.01,-0.0009077022207611,-0.0027812410566016,0.0095624669862697,-0.0110429227352142,-1.7279177904129028,-0.6873371005058289,0.0,0.005021944048684028,7.265168882207286e-06
0.0025755898262018,-7.468174204284,-3.676918015967,-9.550745259298,-0.0244932130501972,-1.8131539039700049,-0.7117571603934035,4.670652661557109e-06,5.109612248113126e-06,-2.61833399776852e-06,-0.0009166411117343,0.0059311015366528,0.001559061504674,18.91541416495721,13.799960625932426,-7.401270602730903e-06,1.7462031549538564e-21,-1.4895443071719092,4.2967127206258695,-0.0348831700469211,-0.0018281090334018,0.0036412428179249,0.0046742097988931,1.0,False,,,,,,,,,,,,,,,,,,40.0,4.975732871078452,30.0,0.01,-0.0008951794346601,-0.0026612286505576,0.0095977349332648,-0.0290978774428367,-1.839713215827942,-0.7191102504730225,0.0,0.0062007152120673184,7.401270602730903e-06
0.002675613417482,-7.468174204284,-3.676918015967,-9.550745259298,-0.044175108568117,-1.9173089476142644,-0.7398626112689135,4.684039357027223e-06,5.124257058612278e-06,-2.625838482132273e-06,-0.000727191814696,0.0069477135268159,0.0017658073616187,18.91601430650489,13.799960625932426,-7.422483602889568e-06,1.894023249242609e-21,-1.4895443071719092,4.2967127206258695,-0.0348831700469211,-0.0018450391378889,0.0044273144720923,0.0053770181298996,1.0,False,,,,,,,,,,,,,,,,,,40.0,5.000871541442564,30.0,0.01,-0.0008852320006339,-0.0025405153449769,0.0096313107149022,-0.0494774058461189,-1.9412579536437988,-0.7460579872131348,0.0,0.00720538734728455,7.422483602889566e-06
0.0027756148125054,-7.468174204284,-3.676918015967,-9.550745259298,-0.0665813161056834,-2.010204681682796,-0.7634497271174521,4.6396027538022e-06,5.075644192583523e-06,-2.6009276447396595e-06,-0.0005077596651739,0.0077855643695713,0.0019029941471946,18.91661431487503,13.799960625932426,-7.352067892502544e-06,8.470329472543003e-22,-1.4895443071719092,4.2967127206258695,-0.0348831700469211,-0.0018120319645909,0.005115069787141,0.0059200355055144,1.0,False,,,,,,,,,,,,,,,,,,40.0,5.026004633278902,30.0,0.01,-0.000877865089571,-0.0024191830718968,0.0096631726751186,-0.0723959505558013,-2.031198024749756,-0.7686126232147217,0.0,0.008030829294324002,7.352067892502544e-06
0.0028756345890667,-7.468174204284,-3.676918015967,-9.550745259298,-0.0913506020504403,-2.092130542594257,-0.7830162959694887,4.5536496410051736e-06,4.981612991863767e-06,-2.552742953271838e-06,-0.0002660695418892,0.0084635196912452,0.0019818402548693,18.9172144335344,13.799960625932426,-7.215863748659023e-06,9.47011624621305e-22,-1.4895443071719092,4.2967127206258695,-0.0348831700469211,-0.0017372603838116,0.0057113170684141,0.0063239570732191,1.0,False,,,,,,,,,,,,,,,,,,40.0,5.0511423448996124,30.0,0.01,-0.0008730802198049,-0.0022972593046924,0.009693313706715,-0.0980302095413208,-2.1107099056243896,-0.7871034741401672,0.0,0.008696530880818901,7.215863748659023e-06
0.0029756901381974,-7.468174204284,-3.676918015967,-9.550745259298,-0.1195845098282456,-2.1635625038907738,-0.798386539937557,4.4359792165761285e-06,4.852883607456305e-06,-2.486777767003479e-06,5.1310354958156125e-06,0.0090003758746495,0.0020138909596251,18.917814766829185,13.799960625932426,-7.029399304341467e-06,8.470329472543003e-22,-1.4895443071719092,4.2967127206258695,-0.0348831700469211,-0.0016151174060007,0.006228437663312,0.0066076099346759,1.0,False,,,,,,,,,,,,,,,,,,40.0,5.076289047147588,30.0,0.01,-0.0008708816827818,-0.0021747994673905,0.0097217185914442,-0.1267000585794448,-2.179254531860352,-0.8016467690467834,0.0,0.00922293602979863,7.029399304341467e-06
0.00307569702488,-7.468174204284,-3.676918015967,-9.550745259298,-0.1488449395088289,-2.2224889225845788,-0.8100164959134523,4.305626668849734e-06,4.710280202172582e-06,-2.413703074419942e-06,0.0002765723376165,0.00940299198876,0.0020040079330926,18.91841480814928,13.799960625932426,-6.822838348220871e-06,9.47011624621305e-22,-1.4895443071719092,4.2967127206258695,-0.0348831700469211,-0.0014724484990197,0.0066583292308582,0.0067828714911717,1.0,False,,,,,,,,,,,,,,,,,,40.0,5.101423519188439,30.0,0.01,-0.0008712722225757,-0.0020519843526811,0.0097483457535378,-0.1561211496591568,-2.235196352005005,-0.812513530254364,0.0,0.00961814942670977,6.822838348220871e-06
0.0031757402357892,-7.468174204284,-3.676918015967,-9.550745259298,-0.1794090698717109,-2.2694948086079068,-0.8197723815959316,4.170732758327228e-06,4.562708625490215e-06,-2.3380825267992447e-06,0.0005482302484605,0.0096964409340786,0.0019626796536278,18.919015067414733,13.799960625932426,-6.609080998492196e-06,9.47011624621305e-22,-1.4895443071719092,4.2967127206258695,-0.0348831700469211,-0.0013122081972508,0.0070160540225501,0.0068721707062537,1.0,False,,,,,,,,,,,,,,,,,,40.0,5.126567120503143,30.0,0.01,-0.0008742514452521,-0.0019287873156389,0.0097732013128506,-0.1871335357427597,-2.2791190147399902,-0.8218754529953003,0.0,0.009908260927941224,6.6090809984921955e-06
0.0032757495051966,-7.468174204284,-3.676918015967,-9.550745259298,-0.2121985415510198,-2.3044720336502973,-0.8278558127142089,4.035450502701455e-06,4.414712206063176e-06,-2.262244275730991e-06,0.0008266089879774,0.0098934283675205,0.0018975204724845,18.91961512303118,13.799960625932426,-6.394708264275569e-06,8.470329472543003e-22,-1.4895443071719092,4.2967127206258695,-0.0348831700469211,-0.0011292073087156,0.0073106880735622,0.0068878532193115,1.0,False,,,,,,,,,,,,,,,,,,40.0,5.151702191388044,30.0,0.01,-0.0008798154688363,-0.0018053726954182,0.0097962520471573,-0.2204731404781341,-2.3112359046936035,-0.8294238448143005,0.0,0.010107610559660585,6.394708264275568e-06
0.0033758020709412,-7.468174204284,-3.676918015967,-9.550745259298,-0.2468084329406385,-2.328110101131446,-0.8340625376717645,3.904455339717543e-06,4.271405790937238e-06,-2.1888093376960874e-06,0.001107252632848,0.0100079994240879,0.0018145031804803,18.920215438425647,13.799960625932426,-6.187128998775329e-06,8.731015774769282e-22,-1.4895443071719092,4.2967127206258695,-0.0348831700469211,-0.0009291199668487,0.0075489088593107,0.0068431859377405,1.0,False,,,,,,,,,,,,,,,,,,40.0,5.176848143829306,30.0,0.01,-0.000887965435073,-0.001681723178164,0.0098175009314051,-0.2553962767124176,-2.33230209350586,-0.8358570337295532,0.0,0.010231250297860262,6.187128998775328e-06
0.0034758820330902,-7.468174204284,-3.676918015967,-9.550745259298,-0.2822136935368655,-2.3405657952349745,-0.8407577093282722,3.7825865453264793e-06,4.138083463287259e-06,-2.12049057568504e-06,0.00137904714074,0.0100526717845254,0.001718094093343,18.92081591819854,13.799960625932426,-5.994011678632722e-06,8.731015774769282e-22,-1.4895443071719092,4.2967127206258695,-0.0348831700469211,-0.0007237935416892,0.0077343103438271,0.0067502884939634,1.0,False,,,,,,,,,,,,,,,,,,40.0,5.202000981738036,30.0,0.01,-0.0008986976321299,-0.0015579364311775,0.0098369292282914,-0.2908355891704559,-2.3418939113616943,-0.8422231674194336,0.0,0.010291250086231331,5.994011678632722e-06
0.0035759777377869,-7.468174204284,-3.676918015967,-9.550745259298,-0.3177216537851031,-2.341587309980574,-0.8463879070389475,3.6740059019586312e-06,4.019298140236627e-06,-2.0596210547357274e-06,0.0016334320560943,0.0100281241471076,0.0016105382772051,18.92141649242672,13.799960625932426,-5.821951201860694e-06,9.47011624621305e-22,-1.4895443071719092,4.2967127206258695,-0.0348831700469211,-0.000520477813553,0.0078630824410983,0.0066125823325016,1.0,False,,,,,,,,,,,,,,,,,,40.0,5.227157776180511,30.0,0.01,-0.0009120056875535,-0.0014341051289075,0.0098545212012106,-0.3263712227344513,-2.3399457931518555,-0.8475403785705566,0.0,0.010287137975842539,5.821951201860694e-06
0.0036760802106127,-7.468174204284,-3.676918015967,-9.550745259298,-0.3537212486796266,-2.330294176197452,-0.8506762760398904,3.579028218680258e-06,3.915394217392835e-06,-2.00637725452684e-06,0.0018690308156955,0.0099292203208999,0.0014938488009691,18.922017107263677,13.799960625932426,-5.671446425312109e-06,1.7462031549538564e-21,-1.4895443071719092,4.2967127206258695,-0.0348831700469211,-0.0003184794725005,0.0079296666188608,0.0064290928403989,1.0,False,,,,,,,,,,,,,,,,,,40.0,5.252316271639354,30.0,0.01,-0.0009278808541281,-0.0013103187352898,0.0098702635188981,-0.362434834241867,-2.325943946838379,-0.8515028953552246,0.0,0.01021343608249191,5.6714464253121085e-06
0.0037761250661257,-7.468174204284,-3.676918015967,-9.550745259298,-0.3901607272368047,-2.30752801048308,-0.853376879076613,3.495279827450564e-06,3.823774943472269e-06,-1.959428513975017e-06,0.0020828063803783,0.009756124169829,0.0013707717538755,18.922617376396754,13.799960625932426,-5.538735956144466e-06,1.7462031549538564e-21,-1.4895443071719092,4.2967127206258695,-0.0348831700469211,-0.0001197197700666,0.0079317411651797,0.0062025966902368,1.0,False,,,,,,,,,,,,,,,,,,40.0,5.277460286288101,30.0,0.01,-0.0009463009294075,-0.0011867350906117,0.0098841375129908,-0.3989773690700531,-2.3002359867095947,-0.8537394404411316,0.0,0.010069709848674344,5.538735956144465e-06
0.0038762013329164,-7.468174204284,-3.676918015967,-9.550745259298,-0.4272835696559698,-2.272511071105433,-0.8543741248952386,3.4202497530833737e-06,3.741693355577951e-06,-1.917367198607322e-06,0.0022704664823597,0.0094964216959613,0.0012422926019036,18.923217833997494,13.799960625932426,-5.419840820073812e-06,1.894023249242609e-21,-1.4895443071719092,4.2967127206258695,-0.0348831700469211,7.534040339217803e-05,0.0078573073718835,0.0059276790290256,1.0,False,,,,,,,,,,,,,,,,,,40.0,5.302612195451968,30.0,0.01,-0.0009672696478541,-0.0010633223558642,0.0098961474825236,-0.4362915456295013,-2.262371778488159,-0.8544207811355591,0.0,0.009842780805432362,5.419840820073811e-06
0.0039762014800575,-7.468174204284,-3.676918015967,-9.550745259298,-0.4650575887523774,-2.2259534580526137,-0.8542362185448656,3.348947725822703e-06,3.663690185955622e-06,-1.8773957994015865e-06,0.0024273429812304,0.0091437178953653,0.0011106742940414,18.923817834880342,13.799960625932426,-5.306853270684175e-06,8.731015774769282e-22,-1.4895443071719092,4.2967127206258695,-0.0348831700469211,0.0002647917511854,0.0076984177050437,0.0056033399373204,1.0,False,,,,,,,,,,,,,,,,,,40.0,5.327744973661281,30.0,0.01,-0.0009907495306828,-0.0009402909483798,0.0099062741886062,-0.4741525053977966,-2.2129950523376465,-0.8539040684700012,0.0,0.00952539596478784,5.306853270684174e-06
0.0040762794514625,-7.468174204284,-3.676918015967,-9.550745259298,-0.5031934273224358,-2.1669936885436947,-0.8521949881366858,3.2779417454522323e-06,3.5860108864486267e-06,-1.8375903619347573e-06,0.0025423953600253,0.0086780031201215,0.0009762980129415,18.924418302708773,13.799960625932426,-5.194334846983009e-06,8.731015774769282e-22,-1.4895443071719092,4.2967127206258695,-0.0348831700469211,0.0004437419522633,0.0074347037516186,0.0052204351672115,1.0,False,,,,,,,,,,,,,,,,,,40.0,5.352897311241437,30.0,0.01,-0.001016761932933,-0.0008175293165823,0.0099145267657244,-0.5123243927955627,-2.151150703430176,-0.8515084981918335,0.0,0.009095310337178725,5.19433484698301e-06
0.0041763296873606,-7.468174204284,-3.676918015967,-9.550745259298,-0.5414922190207159,-2.096038692893555,-0.8486309187068523,3.2009238198923986e-06,3.501754624148533e-06,-1.7944146716097812e-06,0.0026071422637163,0.0080863673565548,0.0008413720265995,18.92501860412416,13.799960625932426,-5.072289696201176e-06,8.731015774769282e-22,-1.4895443071719092,4.2967127206258695,-0.0348831700469211,0.000608431674822,0.0070515851667061,0.0047748709123198,1.0,False,,,,,,,,,,,,,,,,,,40.0,5.378042678128434,30.0,0.01,-0.0010452648617999,-0.0006952448210653,0.0099208898798176,-0.5505964159965515,-2.0773699283599854,-0.8475164771080017,0.0,0.008537823768124696,5.072289696201176e-06
0.0042764296614125,-7.468174204284,-3.676918015967,-9.550745259298,-0.5794403908130759,-2.0135237899918725,-0.8434971421037237,3.112150514128673e-06,3.404638181693014e-06,-1.7446490004245525e-06,0.002610074922142,0.0073562548272007,0.0007080197338203,18.925619203968477,13.799960625932426,-4.931616581357037e-06,8.470329472543003e-22,-1.4895443071719092,4.2967127206258695,-0.0348831700469211,0.0007522242509832,0.0065336347361557,0.0042631026185303,1.0,False,,,,,,,,,,,,,,,,,,40.0,5.403200545576903,30.0,0.01,-0.0010762631731608,-0.0005734203100523,0.0099253638084514,-0.5883997678756714,-1.9923291206359863,-0.8420715928077698,0.0,0.007837618779028943,4.9316165813570365e-06
0.0043765197314362,-7.468174204284,-3.676918015967,-9.550745259298,-0.6168470334156801,-1.9201608637762104,-0.8367350746694705,3.0044782758706587e-06,3.2868466379301583e-06,-1.684288724789583e-06,0.0025437679323511,0.0064785278485941,0.0005794250658475,18.92621974438861,13.799960625932426,-4.760995593350705e-06,0.0,-1.4895443071719092,4.2967127206258695,-0.0348831700469211,0.0008716868843181,0.0058692280255665,0.0036837665704021,1.0,False,,,,,,,,,,,,,,,,,,40.0,5.428355923871604,30.0,0.01,-0.0011097202668461,-0.000452205754756,0.0099279419259339,-0.6255370378494263,-1.8965561389923096,-0.8348385095596313,0.0,0.0069841113812423895,4.760995593350705e-06
0.0044765908633602,-7.468174204284,-3.676918015967,-9.550745259298,-0.6531337005828208,-1.8167537959566185,-0.8279162234869414,2.872240769479208e-06,3.1421811208646198e-06,-1.6101573380532723e-06,0.0023994536627676,0.005449053546892,0.0004588983429098,18.92682017118016,13.799960625932426,-4.551447669419407e-06,2.1175823681357513e-22,-1.4895443071719092,4.2967127206258695,-0.0348831700469211,0.0009609404709314,0.0050501479693832,0.0030385438987204,1.0,False,,,,,,,,,,,,,,,,,,40.0,5.453506542502717,30.0,0.01,-0.0011456108954626,-0.0003316885131528,0.0099286231878563,-0.6615152359008789,-1.7911332845687866,-0.8255518674850464,0.0,0.005971612020701822,4.551447669419407e-06
0.0045766032683354,-7.468174204284,-3.676918015967,-9.550745259298,-0.6881188542829498,-1.7051248174455478,-0.8170753816592761,2.709876280391684e-06,2.964557212127277e-06,-1.5191369833805166e-06,0.0021775506876635,0.0042794933577553,0.0003510694210804,18.92742024561001,13.799960625932426,-4.294159532816612e-06,1.7072494855162848e-21,-1.4895443071719092,4.2967127206258695,-0.0348831700469211,0.0010189223140537,0.0040836816773131,0.0023376016365355,1.0,False,,,,,,,,,,,,,,,,,,40.0,5.478642401441755,30.0,0.0099999999999999,-0.0011838952707077,-0.0002119918711862,0.0099274090997876,-0.6961042284965515,-1.677799105644226,-0.8142139911651611,0.0,0.004814461562296789,4.294159532816611e-06
0.004676702282846,-7.468174204284,-3.676918015967,-9.550745259298,-0.7211072260677992,-1.5872808455382186,-0.8042202772857437,2.5163996149690004e-06,2.7528971271236005e-06,-1.4106753683645523e-06,0.0018783513550741,0.0029936571106962,0.0002598374091132,18.92802083969708,13.799960625932426,-3.987570013134813e-06,2.1175823681357513e-22,-1.4895443071719092,4.2967127206258695,-0.0348831700469211,0.0010411513136788,0.002987079466201,0.0015972045558821,1.0,False,,,,,,,,,,,,,,,,,,40.0,5.50380002773121,30.0,0.01,-0.0012246058063842,-9.301795780954428e-05,0.0099242978733255,-0.7285282611846924,-1.559011459350586,-0.8009453415870667,0.0,0.0035436848320223526,3.987570013134813e-06
0.0047767048016661,-7.468174204284,-3.676918015967,-9.550745259298,-0.7518558758800394,-1.4656779660712882,-0.7896344433722478,2.29299445745458e-06,2.508495795694522e-06,-1.2854360578049382e-06,0.0015121183336825,0.0016286085968878,0.0001891470874367,18.92862085481,13.799960625932426,-3.633554815554544e-06,4.735058123106525e-22,-1.4895443071719092,4.2967127206258695,-0.0348831700469211,0.0010289064694371,0.001791969870433,0.0008395474365467,1.0,False,,,,,,,,,,,,,,,,,,40.0,5.528933402008456,30.0,0.01,-0.0012676419670345,2.4940576730872462e-05,0.0099192974454366,-0.7587329745292664,-1.4367706775665283,-0.7859654426574707,0.0,0.0022303910952120878,3.6335548155545443e-06
0.0048767676302989,-7.468174204284,-3.676918015967,-9.550745259298,-0.7802860389974877,-1.3422736994015498,-0.7734563724426109,2.042915720155064e-06,2.234914034923582e-06,-1.1452437319272842e-06,0.0010922596776093,0.0002224275159191,0.0001414994893623,18.929221231781792,13.799960625932426,-3.237271781712778e-06,4.735058123106525e-22,-1.4895443071719092,4.2967127206258695,-0.0348831700469211,0.0009856107726404,0.0005326771156611,8.575432330288649e-05,1.0,False,,,,,,,,,,,,,,,,,,40.0,5.554081933794874,30.0,0.01,-0.0013130427277728,0.0001419945668049,0.0099124041653899,-0.7865912914276123,-1.3134174346923828,-0.7694644927978516,0.0,0.0011236224048402136,3.237271781712778e-06
0.0049768224458782,-7.468174204284,-3.676918015967,-9.550745259298,-0.8064368959581937,-1.219135667012342,-0.7558579022133884,1.7716445485178295e-06,1.938148121978235e-06,-9.93171081105188e-07,0.0006368860825545,-0.0011823652879973,0.0001183082379723,18.92982156067527,13.799960625932426,-2.807406515872676e-06,9.04631584218511e-22,-1.4895443071719092,4.2967127206258695,-0.0348831700469211,0.0009175018858835,-0.0007506171304098,-0.0006421624471426,1.0,False,,,,,,,,,,,,,,,,,,40.0,5.5792284516813,30.0,0.01,-0.0013607502201654,0.0002579893221182,0.009903625616308,-0.8122140169143677,-1.1906542778015137,-0.7515661716461182,0.0,0.0013481870773689628,2.8074065158726748e-06
0.0050769032482071,-7.468174204284,-3.676918015967,-9.550745259298,-0.8302724778053645,-1.0983953198915577,-0.7372736124684912,1.4877139235424526e-06,1.6275329886951404e-06,-8.340016325825803e-07,0.000164323485311,-0.002541490146432,0.0001192279002097,18.93042204548924,13.799960625932426,-2.35748066179628e-06,9.47011624621305e-22,-1.4895443071719092,4.2967127206258695,-0.0348831700469211,0.0008300000765909,-0.0020154279961995,-0.0013227016025613,1.0,False,,,,,,,,,,,,,,,,,,40.0,5.604381500750232,30.0,0.01,-0.0014107510970174,0.0003728905941705,0.0098929638605952,-0.8354508280754089,-1.0709024667739868,-0.7328998446464539,0.0,0.0025495861751319796,2.3574806617962795e-06
0.0051769299596091,-7.468174204284,-3.676918015967,-9.550745259298,-0.8514253706927809,-0.9824674374210014,-0.7184978683904196,1.2036463462020002e-06,1.3167680319221171e-06,-6.74755409557663e-07,-0.0003097302982118,-0.0038095284590971,0.0001417285064461,18.931022205757653,13.799960625932426,-1.9073377884750256e-06,2.994713704459715e-22,-1.4895443071719092,4.2967127206258695,-0.0348831700469211,0.0007251342982609,-0.003218359974729,-0.0019351656855133,1.0,False,,,,,,,,,,,,,,,,,,40.0,5.629520955286502,30.0,0.01,-0.0014629727919302,0.0004865343070124,0.0098804349589565,-0.8559448719024658,-0.956518530845642,-0.7141836881637573,0.0,0.003824725729753774,1.9073377884750254e-06
0.0052769752944809,-7.468174204284,-3.676918015967,-9.550745259298,-0.8700004990794684,-0.8737999636902897,-0.7003564459627867,9.310828216746432e-07,1.0185883075386805e-06,-5.219582750810286e-07,-0.0007674493163681,-0.0049494826134793,0.0001824299127828,18.931622477766883,13.799960625932426,-1.4754246175246271e-06,4.735058123106525e-22,-1.4895443071719092,4.2967127206258695,-0.0348831700469211,0.0006087243697847,-0.0043215038443386,-0.0024644870525937,1.0,False,,,,,,,,,,,,,,,,,,40.0,5.654665090411223,30.0,0.01,-0.0015174190528733,0.0005989318540398,0.0098660387214014,-0.8740088939666748,-0.8499150276184082,-0.6964020133018494,0.0,0.005011949447810271,1.475424617524627e-06
0.0053770120059315,-7.468174204284,-3.676918015967,-9.550745259298,-0.8865774287282359,-0.7739906643489481,-0.6838683678251053,6.79408193563009e-07,7.432606701566689e-07,-3.808713043918502e-07,-0.0011958475893867,-0.005941184203739,0.000237143902215,18.932222698035588,13.799960625932426,-1.0766126823474824e-06,1.0587911840678754e-22,-1.4895443071719092,4.2967127206258695,-0.0348831700469211,0.0004861635258132,-0.0053018394067021,-0.0029048411939151,1.0,False,,,,,,,,,,,,,,,,,,40.0,5.67980705823382,30.0,0.01,-0.0015740409706619,0.0007099813928557,0.0098497878882987,-0.8901355266571045,-0.7522518634796143,-0.680280327796936,0.0,0.006064978023880841,1.0766126823474824e-06
0.0054770867376205,-7.468174204284,-3.676918015967,-9.550745259298,-0.9011694969338324,-0.6836866440224677,-0.6690210763752366,4.533876584479013e-07,4.959981614167822e-07,-2.5416583212313575e-07,-0.001588303947852,-0.0067844517735622,0.0003018342942622,18.93282314642572,13.799960625932426,-7.18453070966048e-07,2.3675290615532623e-22,-1.4895443071719092,4.2967127206258695,-0.0348831700469211,0.0003621361018822,-0.0061547854004838,-0.0032603793272335,1.0,False,,,,,,,,,,,,,,,,,,40.0,5.7049585815845525,30.0,0.01,-0.0016328300913732,0.0008196638683881,0.0098316843437716,-0.90424644947052,-0.6642990112304688,-0.6658559441566467,0.0,0.006974424652954987,7.18453070966048e-07
0.0055771043452782,-7.468174204284,-3.676918015967,-9.550745259298,-0.9140048881565612,-0.6038334857122611,-0.6561196845407296,2.570119442457913e-07,2.811665677986546e-07,-1.440790313932264e-07,-0.0019388465299323,-0.0074816224090569,0.0003727858845779,18.93342325207167,13.799960625932426,-4.072696227560896e-07,5.456884859230801e-23,-1.4895443071719092,4.2967127206258695,-0.0348831700469211,0.0002414740991097,-0.0068781657851963,-0.0035362826166593,1.0,False,,,,,,,,,,,,,,,,,,40.0,5.7300957481003305,30.0,0.01,-0.0016936927636607,0.000927806105395,0.0098117572663165,-0.9168121218681335,-0.586946427822113,-0.653412938117981,0.0,0.007737749611745873,4.0726962275608953e-07
0.0056771800503217,-7.468174204284,-3.676918015967,-9.550745259298,-0.9258227587864843,-0.5348778194518888,-0.6453517244170468,9.03951615156761e-08,9.889072425622837e-08,-5.0674871753654484e-08,-0.0022423445033598,-0.0080444416482966,0.0004476660516058,18.93402370630193,13.799960625932426,-1.4324316108148378e-07,5.653947401365694e-23,-1.4895443071719092,4.2967127206258695,-0.0348831700469211,0.0001310654117382,-0.0074782636154146,-0.0037416507526181,1.0,False,,,,,,,,,,,,,,,,,,40.0,5.755247516081736,30.0,0.01,-0.001756660628774,0.0010344642485742,0.0097899962795568,-0.928413450717926,-0.5205951929092407,-0.6432892084121704,0.0,0.008363106791041065,1.4324316108148373e-07
0.0057772439975591,-7.468174204284,-3.676918015967,-9.550745259298,-0.9370381323289044,-0.477102185760784,-0.6375752960949527,-4.3599027609895913e-08,-4.769657296825804e-08,2.4441298579154376e-08,-0.0025029481194716,-0.0084837110571814,0.0005229803313934,18.934624089985352,13.799960625932426,6.908846038000995e-08,1.1327241086855222e-22,-1.4895443071719092,4.2967127206258695,-0.0348831700469211,2.8720788688574108e-05,-0.0079636509386095,-0.0038847200493488,1.0,False,,,,,,,,,,,,,,,,,,40.0,5.780396329004132,30.0,0.01,-0.0018216513554342,0.0011394953316366,0.0097664290673931,-0.9395571351051332,-0.4654870927333832,-0.6362680792808533,0.0,0.008860677796733876,6.908846038000994e-08
0.0058773459549558,-7.468174204284,-3.676918015967,-9.550745259298,-0.9478908488826184,-0.430844595793283,-0.633219343472156,-1.4400439490988514e-07,-1.575382871156094e-07,8.072781907420507e-08,-0.0027239996402653,-0.0088121582724739,0.000596217978715,18.935224701729734,13.799960625932426,2.281941244492503e-07,6.617444900424221e-23,-1.4895443071719092,4.2967127206258695,-0.0348831700469211,-6.620750701678238e-05,-0.0083445798313019,-0.0039740894985496,1.0,False,,,,,,,,,,,,,,,,,,40.0,5.805554694921543,30.0,0.01,-0.0018886569342217,0.0012428844840186,0.0097410581121458,-0.9503546357154846,-0.4219176173210144,-0.6327486634254456,0.0,0.009242823342325582,2.281941244492503e-07
0.0059773484040366,-7.468174204284,-3.676918015967,-9.550745259298,-0.9587371600900572,-0.3963462372753598,-0.6326950990341476,-2.107866406927269e-07,-2.305968949236985e-07,1.181654615732413e-07,-0.002908620576336,-0.009042256197341,0.0006653223871695,18.935824716424214,13.799960625932426,3.340194787011578e-07,2.0673558755547368e-22,-1.4895443071719092,4.2967127206258695,-0.0348831700469211,-0.0001540831595142,-0.0086312260622127,-0.0040178750250897,1.0,False,,,,,,,,,,,,,,,,,,40.0,5.830688051671385,30.0,0.0099999999999999,-0.0019575411547222,0.0013444259120539,0.0097139359476252,-0.9612045884132384,-0.3902392387390136,-0.6331765055656433,0.0,0.009521823600251465,3.3401947870115776e-07
0.0060774229509646,-7.468174204284,-3.676918015967,-9.550745259298,-0.9695231017408584,-0.374408205560367,-0.6365151841053818,-2.4212530184108684e-07,-2.648808416108715e-07,1.3573368765964498e-07,-0.0030603335049645,-0.0091808832954754,0.0007281128335592,18.936425163705785,13.799960625932426,3.836797571019444e-07,2.02021824992896e-22,-1.4895443071719092,4.2967127206258695,-0.0348831700469211,-0.0002370879668224,-0.0088294086191438,-0.0040211615582216,1.0,False,,,,,,,,,,,,,,,,,,40.0,5.855839528586609,30.0,0.01,-0.0020283778409901,0.0014442303352455,0.0096850339221365,-0.971983015537262,-0.3711627125740051,-0.6380114555358887,0.0,0.009704865148220306,3.836797571019444e-07
0.0061775232053881,-7.468174204284,-3.676918015967,-9.550745259298,-0.9804258240179078,-0.3649242231026882,-0.6449125298128242,-2.391231764233265e-07,-2.6159656895852573e-07,1.3405071793004296e-07,-0.0031825103512158,-0.0092377780607902,0.0007830249868755,18.937025765232328,13.799960625932426,3.789224899253329e-07,1.0587911840678754e-22,-1.4895443071719092,4.2967127206258695,-0.0348831700469211,-0.0003163447761876,-0.0089474525227636,-0.0039901206875925,1.0,False,,,,,,,,,,,,,,,,,,40.0,5.880997466500176,30.0,0.01,-0.0021010921268446,0.0015421856872496,0.0096543811391799,-0.9829195737838744,-0.364469826221466,-0.6474516987800598,0.0,0.00980194081629163,3.7892248992533287e-07
0.0062776197465606,-7.468174204284,-3.676918015967,-9.550745259298,-0.9915724113203348,-0.3675407171241657,-0.6580857572453167,-2.030936500847782e-07,-2.2218089787075402e-07,1.1385282684895641e-07,-0.0032782925472972,-0.0092197190350609,0.0008284592327137,18.93762634447936,13.799960625932426,3.218289114807916e-07,1.067030928447678e-22,-1.4895443071719092,4.2967127206258695,-0.0348831700469211,-0.0003935248853655,-0.0089912209776586,-0.0039293573656397,1.0,False,,,,,,,,,,,,,,,,,,40.0,5.906154471171958,30.0,0.01,-0.0021756172404447,0.0016382005746188,0.0096220054302831,-0.9941112995147704,-0.3698503375053406,-0.6617398262023926,0.0,0.009820222289306756,3.218289114807916e-07
0.0063776377217052,-7.468174204284,-3.676918015967,-9.550745259298,-1.002922233498329,-0.3825780881568038,-0.6762338208273926,-1.342810056330809e-07,-1.469010694627413e-07,7.527695758614342e-08,-0.0033468012988518,-0.009126151648411,0.0008626792795874,18.93822645233023,13.799960625932426,2.1278612038042962e-07,7.940933880509066e-23,-1.4895443071719092,4.2967127206258695,-0.0348831700469211,-0.0004685292884026,-0.0089591239956549,-0.0038401192585139,1.0,False,,,,,,,,,,,,,,,,,,40.0,5.931291730047246,30.0,0.01,-0.0022518481209012,0.0017321449085161,0.0095879535906415,-1.0054937601089478,-0.3876504600048065,-0.6809685230255127,0.0,0.009758685279443145,2.1278612038042962e-07
0.0064776606939035,-7.468174204284,-3.676918015967,-9.550745259298,-1.0143716562697107,-0.4099294755752733,-0.699238607883232,-3.4704543804155863e-08,-3.796616339005957e-08,1.9455115484690048e-08,-0.0033854405581294,-0.0089557797570716,0.0008844338008828,18.93882659016342,13.799960625932426,5.4993967321315346e-08,7.724290334802939e-23,-1.4895443071719092,4.2967127206258695,-0.0348831700469211,-0.0005397233112024,-0.0088485445000094,-0.0037230875569401,1.0,False,,,,,,,,,,,,,,,,,,40.0,5.956430244819117,30.0,0.01,-0.0023297983280977,0.0018240399989275,0.0095522205707733,-1.0169222354888916,-0.4178665578365326,-0.7051388025283813,0.0,0.009615062245141472,5.499396732131534e-08
0.0065776727423293,-7.468174204284,-3.676918015967,-9.550745259298,-1.025589973960072,-0.4500603244171583,-0.7273783151338282,9.624730041287586e-08,1.0529286176324283e-07,-5.3955538363766685e-08,-0.003390763908831,-0.0086985195578451,0.0008909892715359,18.93942666245397,13.799960625932426,-1.525166538289627e-07,1.0913769718461605e-22,-1.4895443071719092,4.2967127206258695,-0.0348831700469211,-0.0006073952092623,-0.0086488504928411,-0.0035754496889039,1.0,False,,,,,,,,,,,,,,,,,,40.0,5.981566014147502,30.0,0.01,-0.0024094060551499,0.0019138133443003,0.0095148347828317,-1.0280779600143433,-0.4607891738414764,-0.7343906164169312,0.0,0.009378453191525598,1.5251665382896266e-07
0.0066776735012941,-7.468174204284,-3.676918015967,-9.550745259298,-1.0363459127741903,-0.5025986620222918,-0.7604018827900182,2.553849527845544e-07,2.793866676218899e-07,-1.4316695178343245e-07,-0.0033569883836148,-0.0083472629818588,0.0008806942913005,18.940026667007764,13.799960625932426,-4.0469143830404076e-07,1.0913769718461605e-22,-1.4895443071719092,4.2967127206258695,-0.0348831700469211,-0.0006686011261149,-0.0083513815585132,-0.0033954662903715,1.0,False,,,,,,,,,,,,,,,,,,40.0,6.0066989461248905,30.0,0.01,-0.0024906201705258,0.0020014086130419,0.0094758205306881,-1.0386542081832886,-0.5160773992538452,-0.7684468030929565,0.0,0.00904001065988112,4.0469143830404066e-07
0.0067776968451006,-7.468174204284,-3.676918015967,-9.550745259298,-1.0460962920707533,-0.5675142673975736,-0.7980897102539416,4.401451808091614e-07,4.815111227005036e-07,-2.467421952293914e-07,-0.003277051400496,-0.0078901836674615,0.0008512826976855,18.940626807070604,13.799960625932426,-6.974686031503124e-07,1.852884572118782e-22,-1.4895443071719092,4.2967127206258695,-0.0348831700469211,-0.0007206205822052,-0.0079429406364345,-0.0031794883930795,1.0,False,,,,,,,,,,,,,,,,,,40.0,6.031837554292085,30.0,0.01,-0.0025734171378839,0.0020867997570361,0.0094351889757693,-1.048075795173645,-0.5837798714637756,-0.8071942329406738,0.0,0.00858596217200773,6.974686031503124e-07
0.0068777365280252,-7.468174204284,-3.676918015967,-9.550745259298,-1.0541171950237742,-0.6445374444552475,-0.8403173977668184,6.477942762308774e-07,7.086755980230363e-07,-3.631487716857321e-07,-0.0031453258231261,-0.0073143818366338,0.0007997695366183,18.94122704516815,13.799960625932426,-1.0265162238988971e-06,1.0587911840678754e-22,-1.4895443071719092,4.2967127206258695,-0.0348831700469211,-0.0007625456989444,-0.0074096950892852,-0.00292366725847,1.0,False,,,,,,,,,,,,,,,,,,40.0,6.0569802689275685,30.0,0.01,-0.002657740367903,0.0021699261739468,0.0093929673978162,-1.0556021928787231,-0.663372278213501,-0.850348949432373,0.0,0.00800205520459619,1.026516223898897e-06
0.0069778045389791,-7.468174204284,-3.676918015967,-9.550745259298,-1.059714887421866,-0.7329606642711209,-0.8866612896884576,8.728734122032024e-07,9.549082325806874e-07,-4.893265024245941e-07,-0.0029558447793749,-0.0066114243825582,0.000724247858017,18.941827453233877,13.799960625932426,-1.383184063079358e-06,4.365507887384641e-22,-1.4895443071719092,4.2967127206258695,-0.0348831700469211,-0.000791682176518,-0.006741739546123,-0.0026257709171802,1.0,False,,,,,,,,,,,,,,,,,,40.0,6.082130103173341,30.0,0.01,-0.0027435476517631,0.0022507437291023,0.0093491763780779,-1.06056547164917,-0.7541526556015015,-0.8975157737731934,0.0,0.007278219953112515,1.3831840630793575e-06
0.0070778075668242,-7.468174204284,-3.676918015967,-9.550745259298,-1.0622454147060445,-0.8317537844554199,-0.936580567242531,1.1080097129154765e-06,1.212143229304871e-06,-6.211422067547073e-07,-0.002703794358959,-0.0057782991940726,0.0006239063318616,18.942427471400944,13.799960625932426,-1.7557888179609718e-06,2.3675290615532623e-22,-1.4895443071719092,4.2967127206258695,-0.0348831700469211,-0.0008046637439073,-0.0059344399578067,-0.0022854853465127,1.0,False,,,,,,,,,,,,,,,,,,40.0,6.107263605382517,30.0,0.0099999999999999,-0.002830703972292,0.0023291272932619,0.0093038852676197,-1.062349557876587,-0.8550910949707031,-0.9481561183929444,0.0,0.0064100315617550245,1.7557888179609716e-06
0.007177903724748,-7.468174204284,-3.676918015967,-9.550745259298,-1.0612603362260573,-0.939614154867185,-0.9894772249802366,1.3438556566203324e-06,1.4701545630400549e-06,-7.53355731798198e-07,-0.0023859624044987,-0.00481973055495,0.0004998194121833,18.943028048348488,13.799960625932426,-2.129518096586916e-06,8.731015774769282e-22,-1.4895443071719092,4.2967127206258695,-0.0348831700469211,-0.0007970209940914,-0.004990818405449,-0.0019049744989379,1.0,False,,,,,,,,,,,,,,,,,,40.0,6.132420513733404,30.0,0.01,-0.0029192925649776,0.0024051501848269,0.0092570504756371,-1.0605016946792605,-0.9646034836769104,-1.001519799232483,0.0,0.005401151605240785,2.129518096586915e-06
0.0072779937641204,-7.468174204284,-3.676918015967,-9.550745259298,-1.0561979194014166,-1.054713748654428,-1.0443126033584178,1.569457951354212e-06,1.7169595241245206e-06,-8.798267415434146e-07,-0.0020040249930844,-0.003752620825545,0.0003552180988249,18.943628588584723,13.799960625932426,-2.4870149504347103e-06,4.235164736271503e-22,-1.4895443071719092,4.2967127206258695,-0.0348831700469211,-0.0007649691204812,-0.0039264837427697,-0.0014906397262346,1.0,False,,,,,,,,,,,,,,,,,,40.0,6.157575884324592,30.0,0.01,-0.0030091713146627,0.0024786857614399,0.0092087461087297,-1.054476976394653,-1.0810716152191162,-1.056631326675415,0.0,0.004269011493420198,2.48701495043471e-06
0.0073780842335109,-7.468174204284,-3.676918015967,-9.550745259298,-1.0465685034877092,-1.1753122719627502,-1.0998855395280442,1.7742596657758904e-06,1.941009014478767e-06,-9.946370968681e-07,-0.0015630215542618,-0.0026011470162529,0.0001950329095626,18.944229131401062,13.799960625932426,-2.811550517126309e-06,4.365507887384641e-22,-1.4895443071719092,4.2967127206258695,-0.0348831700469211,-0.0007054033080988,-0.0027649264288428,-0.0010510128596123,1.0,False,,,,,,,,,,,,,,,,,,40.0,6.182731362991108,30.0,0.01,-0.0031002891181667,0.002549692514289,0.0091589996979121,-1.043775200843811,-1.202523708343506,-1.112172245979309,0.0,0.0030408946076871507,2.811550517126308e-06
0.0074781129882146,-7.468174204284,-3.676918015967,-9.550745259298,-1.031976740660915,-1.2994013613978397,-1.1554426556476056,1.950418309351414e-06,2.1337234867479198e-06,-1.0933903544740322e-06,-0.0010749484962162,-0.0013949779087474,2.4194778506390923e-05,18.94482930392929,13.799960625932426,-3.0906973269166588e-06,8.731015774769282e-22,-1.4895443071719092,4.2967127206258695,-0.0348831700469211,-0.000620175751624,-0.001536694158471,-0.0005966708666729,1.0,False,,,,,,,,,,,,,,,,,,40.0,6.207871331065105,30.0,0.01,-0.0031925306735917,0.0026180837987273,0.0091078748959906,-1.0280956029891968,-1.3269901275634766,-1.1675982475280762,0.0,0.001761267447810727,3.0906973269166584e-06
0.0075782172654954,-7.468174204284,-3.676918015967,-9.550745259298,-1.0125257918200068,-1.425278014247941,-1.2102501285510394,2.090543586260753e-06,2.287018086678094e-06,-1.1719435681390648e-06,-0.0005503013344232,-0.0001666984458566,-0.0001502834773046,18.94542992959297,13.799960625932426,-3.3127444727523465e-06,4.235164736271503e-22,-1.4895443071719092,4.2967127206258695,-0.0348831700469211,-0.0005083597635959,-0.0002750473159245,-0.0001382909209934,1.0,False,,,,,,,,,,,,,,,,,,40.0,6.2330302800329545,30.0,0.01,-0.0032859643906858,0.0026839096225941,0.0090553336305677,-1.00761079788208,-1.4529651403427124,-1.2220749855041504,0.0,0.0005943105703836359,3.312744472752346e-06
0.0076782397666535,-7.468174204284,-3.676918015967,-9.550745259298,-0.988513552063753,-1.5508705922786796,-1.2632658725593429,2.189190620267847e-06,2.3949362149840943e-06,-1.2272443797463434e-06,-3.687424861886592e-06,0.0010452899661536,-0.00032038053961,18.94603006459992,13.799960625932426,-3.469063823761398e-06,1.3392766832644277e-21,-1.4895443071719092,4.2967127206258695,-0.0348831700469211,-0.0003709830075498,0.0009800661863304,0.0003116573103996,1.0,False,,,,,,,,,,,,,,,,,,40.0,6.258168676419532,30.0,0.01,-0.0033803843128686,0.0027470252048379,0.009001491788659,-0.9827620387077332,-1.5780272483825684,-1.2745815515518188,0.0,0.0010932924588619008,3.4690638237613976e-06
0.0077783017648978,-7.468174204284,-3.676918015967,-9.550745259298,-0.9606308684953514,-1.673803307536476,-1.3140991033503704,2.2444897299334644e-06,2.4554324729017164e-06,-1.2582446594450574e-06,0.0005474725328152,0.0022032290391998,-0.0004786960372545,18.946630436589388,13.799960625932426,-3.556692620930159e-06,4.735058123106525e-22,-1.4895443071719092,4.2967127206258695,-0.0348831700469211,-0.0002120018221604,0.0021884140439667,0.0007409409349019,1.0,False,,,,,,,,,,,,,,,,,,40.0,6.283316999506551,30.0,0.01,-0.003475844522875,0.0028074688318107,0.0089463189978454,-0.9541026949882508,-1.7000292539596558,-1.3248955011367798,0.0,0.0023201496222105002,3.5566926209301587e-06
0.0078783522554052,-7.468174204284,-3.676918015967,-9.550745259298,-0.9297749189900966,-1.791481517427595,-1.362361265660046,2.2580841672615166e-06,2.4703045493567586e-06,-1.2658656023872605e-06,0.0010843750840299,0.0032717450710839,-0.0006187332342269,18.94723073953243,13.799960625932426,-3.5782348157041208e-06,1.2880750683716317e-21,-1.4895443071719092,4.2967127206258695,-0.0348831700469211,-3.7527947137161216e-05,0.0033115498440241,0.0011380884112806,1.0,False,,,,,,,,,,,,,,,,,,40.0,6.308462430383825,30.0,0.01,-0.0035722364335412,0.002865170350227,0.008889877711592,-0.9227168560028076,-1.816229224205017,-1.3724266290664673,0.0,0.0035018589275074355,3.57823481570412e-06
0.0079783764103832,-7.468174204284,-3.676918015967,-9.550745259298,-0.8965732948865565,-1.9023848668720529,-1.4071107493717188,2.235405618647136e-06,2.44549461417934e-06,-1.2531521725606709e-06,0.0015919188219981,0.0042297502031391,-0.0007370423120414,18.9478308844623,13.799960625932426,-3.5422976378973117e-06,4.235164736271503e-22,-1.4895443071719092,4.2967127206258695,-0.0348831700469211,0.0001451094839084,0.0043252491460562,0.0014964580678209,1.0,False,,,,,,,,,,,,,,,,,,40.0,6.333601242420676,30.0,0.01,-0.0036694843069391,0.0029200862939168,0.0088322126874983,-0.8891249895095825,-1.92561149597168,-1.4164011478424072,0.0,0.00457910730235997,3.5422976378973117e-06
0.008078445892679,-7.468174204284,-3.676918015967,-9.550745259298,-0.8621180303490543,-2.006131891706692,-1.448143090976828,2.1812352904057164e-06,2.38623322337954e-06,-1.2227846795393632e-06,0.0020664204733487,0.0050716603272764,-0.0008307750205553,18.948431301356077,13.799960625932426,-3.4564575450868483e-06,0.0,-1.4895443071719092,4.2967127206258695,-0.0348831700469211,0.0003348840391885,0.0052223172571651,0.0018158398411023,1.0,False,,,,,,,,,,,,,,,,,,40.0,6.358751446454977,30.0,0.01,-0.003767596557866,0.002972220483946,0.0087733187319262,-0.8545969128608704,-2.0276639461517334,-1.4565401077270508,0.0,0.005539135237807675,3.4564575450868483e-06
0.0081784869397989,-7.468174204284,-3.676918015967,-9.550745259298,-0.8280700571911369,-2.101664635612218,-1.4854874985959603,2.100428463994839e-06,2.2978319698762404e-06,-1.177484958884725e-06,0.0025044370964912,0.0057906843885624,-0.0008967125687662,18.949031547638796,13.799960625932426,-3.3284083767688133e-06,4.235164736271503e-22,-1.4895443071719092,4.2967127206258695,-0.0348831700469211,0.0005314130967676,0.0059945186760017,0.002095631230168,1.0,False,,,,,,,,,,,,,,,,,,40.0,6.383894503950135,30.0,0.01,-0.0038664390599554,0.0030215008282737,0.0087132761772132,-0.8208802938461304,-2.120995044708252,-1.4931727647781372,0.0,0.006372466107340615,3.328408376768813e-06
0.0082785130600575,-7.468174204284,-3.676918015967,-9.550745259298,-0.7951076885783005,-2.1870730662381748,-1.5198853187407049,2.003917979323457e-06,2.19225118914145e-06,-1.1233818813349693e-06,0.0028930244531652,0.0063851950702812,-0.0009379837927752,18.949631704360343,13.799960625932426,-3.175474672463883e-06,4.235164736271503e-22,-1.4895443071719092,4.2967127206258695,-0.0348831700469211,0.000722291475902,0.006637020473014,0.0023341753216706,1.0,False,,,,,,,,,,,,,,,,,,40.0,6.409033809915844,30.0,0.01,-0.003965962195743,0.0030679046800645,0.0086521156219721,-0.7880948185920715,-2.2042393684387207,-1.5271599292755127,0.0,0.007072490379467764,3.1754746724638826e-06
0.0083785541840412,-7.468174204284,-3.676918015967,-9.550745259298,-0.7633954550666371,-2.262699052683586,-1.5524726255605652,1.8986596068016012e-06,2.0771003722372383e-06,-1.064374801319758e-06,0.0032343068670738,0.0068720614002481,-0.0009581910474887,18.950231951104247,13.799960625932426,-3.008678775896915e-06,1.0587911840678754e-22,-1.4895443071719092,4.2967127206258695,-0.0348831700469211,0.0009040312373812,0.0071657510643434,0.0025374865691012,1.0,False,,,,,,,,,,,,,,,,,,40.0,6.434176886728983,30.0,0.01,-0.0040661328318975,0.003111416586826,0.0085898574270233,-0.7567938566207886,-2.277687788009644,-1.5590801239013672,0.0,0.007655331402536935,3.008678775896915e-06
0.0084785785068691,-7.468174204284,-3.676918015967,-9.550745259298,-0.7342658148226581,-2.327311991526358,-1.5823657050214694,1.792538034881454e-06,1.961005230302314e-06,-1.0048838179841387e-06,0.0035228667967864,0.0072521119111072,-0.000959278296285,18.95083209704121,13.799960625932426,-2.840515025029102e-06,4.365507887384641e-22,-1.4895443071719092,4.2967127206258695,-0.0348831700469211,0.0010708539075146,0.0075801852598515,0.0027051794439439,1.0,False,,,,,,,,,,,,,,,,,,40.0,6.4593157409511,30.0,0.01,-0.0041668558060094,0.0031519952976344,0.0085265607565779,-0.7285007238388062,-2.339604377746582,-1.5886273384094238,0.0,0.008119355423236899,2.8405150250291014e-06
0.0085786689594176,-7.468174204284,-3.676918015967,-9.550745259298,-0.7088513928517293,-2.379713449473184,-1.6110657690225636,1.6912378549134e-06,1.8501846067605337e-06,-9.480956719989908e-07,0.00375945905576,0.0075323087072512,-0.0009429523243881,18.951432639756504,13.799960625932426,-2.6799914112267093e-06,4.235164736271503e-22,-1.4895443071719092,4.2967127206258695,-0.0348831700469211,0.0012211375268215,0.0078869524661024,0.002839572129277,1.0,False,,,,,,,,,,,,,,,,,,40.0,6.484471215384764,30.0,0.01,-0.0042681513188063,0.0031896466165971,0.0084622124046257,-0.7038067579269409,-2.389585018157959,-1.6171042919158936,0.0,0.008471030984439677,2.679991411226709e-06
0.0086787504848173,-7.468174204284,-3.676918015967,-9.550745259298,-0.6874288472913542,-2.4208421570807146,-1.63860087224828,1.5981493223077686e-06,1.7483473816815791e-06,-8.959109159519738e-07,0.0039499214899862,0.0077290913428131,-0.000912283121718,18.9520331289089,13.799960625932426,-2.532480245282778e-06,2.1175823681357513e-22,-1.4895443071719092,4.2967127206258695,-0.0348831700469211,0.0013550610057683,0.0081028242883208,0.002946360717906,1.0,False,,,,,,,,,,,,,,,,,,40.0,6.509624446181226,30.0,0.01,-0.0043698797718627,0.0032243159615941,0.0083969004614366,-0.6834145784378052,-2.428093194961548,-1.6444103717803955,0.0,0.008727714091145216,2.5324802452827774e-06
0.0087788056352676,-7.468174204284,-3.676918015967,-9.550745259298,-0.67092351160491,-2.45026074013351,-1.6653221577726212,1.5166336329945226e-06,1.6591706445723192e-06,-8.502138118968735e-07,0.004095899044993,0.0078480749777362,-0.0008686518662804,18.952633459811604,13.799960625932426,-2.403307789377154e-06,2.1175823681357513e-22,-1.4895443071719092,4.2967127206258695,-0.0348831700469211,0.0014722594780636,0.008233549608815,0.0030272658912244,1.0,False,,,,,,,,,,,,,,,,,,40.0,6.534771048229912,30.0,0.0099999999999999,-0.0044719588669591,0.0032559769404969,0.00833067812697,-0.6681939363479614,-2.455010175704956,-1.670925259590149,0.0,0.008895123715145059,2.403307789377154e-06
0.0088788068624013,-7.468174204284,-3.676918015967,-9.550745259298,-0.6605799389489042,-2.4677752402138484,-1.69142471139961,1.4476565695144374e-06,1.5837109446255409e-06,-8.115457705195609e-07,0.0042014246170658,0.0078920479719872,-0.0008112314899286,18.953233467174407,13.799960625932426,-2.294004454449298e-06,4.735058123106525e-22,-1.4895443071719092,4.2967127206258695,-0.0348831700469211,0.0015759741537156,0.0082825192212425,0.0030839369889565,1.0,False,,,,,,,,,,,,,,,,,,40.0,6.559904097870967,30.0,0.01,-0.0045742955558493,0.0032846044435459,0.0082636065865441,-0.6591033935546875,-2.470008134841919,-1.6969947814941406,0.0,0.008977443207020892,2.2940044544492974e-06
0.0089788765506173,-7.468174204284,-3.676918015967,-9.550745259298,-0.6557565167317648,-2.4739153456851577,-1.7176104165074657,1.3936442938061862e-06,1.524622460530186e-06,-7.812668806017195e-07,0.0042670938185069,0.0078709025908395,-0.0007439793724697,18.953833885303705,13.799960625932426,-2.208414816907549e-06,1.0587911840678754e-22,-1.4895443071719092,4.2967127206258695,-0.0348831700469211,0.0016629693890464,0.0082596828348807,0.0031184731577098,1.0,False,,,,,,,,,,,,,,,,,,40.0,6.585054353658666,30.0,0.01,-0.0046769504168906,0.0033102147399725,0.0081956459887683,-0.6556475758552551,-2.473710060119629,-1.7230993509292605,0.0,0.008984024852875472,2.208414816907549e-06
0.0090789382336695,-7.468174204284,-3.676918015967,-9.550745259298,-0.6579255537528982,-2.46824267525292,-1.7431480869955296,1.3550745528409067e-06,1.4824278391093245e-06,-7.596449636294458e-07,0.0042929403510262,0.007778832673691,-0.0006651674496837,18.954434255402017,13.799960625932426,-2.1472959303949948e-06,2.1175823681357513e-22,-1.4895443071719092,4.2967127206258695,-0.0348831700469211,0.0017353012130093,0.0081596256971402,0.0031290989983649,1.0,False,,,,,,,,,,,,,,,,,,40.0,6.610202597529272,30.0,0.01,-0.0047797803281863,0.0033327693157622,0.0081268904694351,-0.6592717170715332,-2.465529680252075,-1.7486259937286377,0.0,0.008909658936169799,2.1472959303949948e-06
0.0091789735960424,-7.468174204284,-3.676918015967,-9.550745259298,-0.6670073855524412,-2.450635473965045,-1.7686980434877282,1.3324384495887436e-06,1.457664338415131e-06,-7.46955328364986e-07,0.0042780414814944,0.0076150193304414,-0.0005757517172509,18.95503446757625,13.799960625932426,-2.111426012912249e-06,1.0587911840678754e-22,-1.4895443071719092,4.2967127206258695,-0.0348831700469211,0.0017920253839776,0.0079817853725063,0.0031147063506411,1.0,False,,,,,,,,,,,,,,,,,,40.0,6.63534422629166,30.0,0.01,-0.0048827013731344,0.0033522513564431,0.0080573964867081,-0.6698101162910461,-2.4455606937408447,-1.774047613143921,0.0,0.008753379253768246,2.11142601291225e-06
0.0092789957723791,-7.468174204284,-3.676918015967,-9.550745259298,-0.6827903370082146,-2.422354622108062,-1.7934208299288117,1.3241054729912508e-06,1.4485482078931076e-06,-7.422839221378849e-07,0.0042240219879933,0.0073805065730787,-0.0004761142428584,18.955634600634276,13.799960625932426,-2.0982213027371826e-06,0.0,-1.4895443071719092,4.2967127206258695,-0.0348831700469211,0.0018342361169178,0.0077277981721627,0.0030753271501215,1.0,False,,,,,,,,,,,,,,,,,,40.0,6.660482541041695,30.0,0.01,-0.0049856619521649,0.0033686529242018,0.0079871992822891,-0.6869751811027527,-2.4148850440979004,-1.7984668016433716,0.0,0.008517095972370006,2.098221302737182e-06
0.0093790712622288,-7.468174204284,-3.676918015967,-9.550745259298,-0.7052395698792299,-2.3825170324391776,-1.8166531389513103,1.3333000148482646e-06,1.4586068757266354e-06,-7.474383155990545e-07,0.0041208327482613,0.0070651126942417,-0.0003694251769644,18.956235053573373,13.799960625932426,-2.112791277702781e-06,4.365507887384641e-22,-1.4895443071719092,4.2967127206258695,-0.0348831700469211,0.0018543140614124,0.0073871576688954,0.0030041597526399,1.0,False,,,,,,,,,,,,,,,,,,40.0,6.685634254938998,30.0,0.01,-0.0050886654229682,0.0033819726965153,0.0079162961600177,-0.7108012437820435,-2.3727376461029053,-1.8213481903076167,0.0,0.008187402206002411,2.1127912777027815e-06
0.0094790858930435,-7.468174204284,-3.676918015967,-9.550745259298,-0.7340337120969551,-2.331877861978068,-1.838305038396812,1.3568363070862385e-06,1.4843551674127543e-06,-7.606325902783361e-07,0.0039695817459035,0.0066647720841233,-0.0002549399774658,18.956835141358265,13.799960625932426,-2.1500876644095e-06,1.0587911840678754e-22,-1.4895443071719092,4.2967127206258695,-0.0348831700469211,0.0018545369029403,0.0069567078207655,0.0028994257595191,1.0,False,,,,,,,,,,,,,,,,,,40.0,6.710770673292526,30.0,0.01,-0.0051915292006413,0.0033921874119123,0.007844812879945,-0.740847647190094,-2.319882392883301,-1.8425947427749636,0.0,0.007761556581178145,2.1500876644095e-06
0.0095790874220847,-7.468174204284,-3.676918015967,-9.550745259298,-0.7684817098981012,-2.270897110555666,-1.85778989025102,1.3937809293395788e-06,1.5247719374117996e-06,-7.81343477490486e-07,0.0037664538692267,0.0061743418001169,-0.0001348210920772,18.957435150532508,13.799960625932426,-2.20863133409045e-06,4.735058123106525e-22,-1.4895443071719092,4.2967127206258695,-0.0348831700469211,0.0018320239229122,0.0064318898613614,0.0027570508333628,1.0,False,,,,,,,,,,,,,,,,,,40.0,6.735903798811211,30.0,0.01,-0.0052942375008181,0.0033992989289061,0.0077727611617023,-0.7763245105743408,-2.2568390369415283,-1.8615881204605105,0.0,0.0072337298913183416,2.2086313340904494e-06
0.0096791865422922,-7.468174204284,-3.676918015967,-9.550745259298,-0.8074289032941764,-2.2008884567553597,-1.8749899115175293,1.4407581029459476e-06,1.5761641429629649e-06,-8.076785402077431e-07,0.0035132856466999,0.0055955598376789,-1.074917455696307e-05,18.958035745253756,13.799960625932426,-2.2830729162860077e-06,1.0587911840678754e-22,-1.4895443071719092,4.2967127206258695,-0.0348831700469211,0.0017874666821771,0.005815579605937,0.0025763497790912,1.0,False,,,,,,,,,,,,,,,,,,40.0,6.761061451665173,30.0,0.01,-0.0053968388388893,0.0034033066873302,0.0077001061121927,-0.8160578012466431,-2.1850593090057373,-1.8782566785812376,0.0,0.006607085702267401,2.2830729162860073e-06
0.0097792308781504,-7.468174204284,-3.676918015967,-9.550745259298,-0.8498204830575914,-2.1219882823110456,-1.889331540784316,1.4982604795223769e-06,1.6390707363110092e-06,-8.399139553525631e-07,0.0032041398616617,0.0049253083117831,0.0001118642774502,18.9586360112689,13.799960625932426,-2.374193083033838e-06,1.0587911840678754e-22,-1.4895443071719092,4.2967127206258695,-0.0348831700469211,0.0017144861098268,0.0051055258571814,0.0023519844677721,1.0,False,,,,,,,,,,,,,,,,,,40.0,6.786205335710409,30.0,0.01,-0.0054991120499411,0.0034042000581917,0.0076270039088753,-0.8590418696403503,-2.1044178009033203,-1.89191997051239,0.0,0.00587687738818657,2.3741930830338386e-06
0.0098792779337841,-7.468174204284,-3.676918015967,-9.550745259298,-0.8945272536904676,-2.034903281718632,-1.9003519948509464,1.5650193764779862e-06,1.7121038009108477e-06,-8.773385086684426e-07,0.0028375214395838,0.0041652281503807,0.0002281173168604,18.959236293602704,13.799960625932426,-2.479981437962285e-06,4.735058123106525e-22,-1.4895443071719092,4.2967127206258695,-0.0348831700469211,0.0016097172644187,0.00430474283537,0.0020810310966047,1.0,False,,,,,,,,,,,,,,,,,,40.0,6.811349903309779,30.0,0.01,-0.0056010514612264,0.0034019814190773,0.0075534591382323,-0.9040371179580688,-2.015832901000977,-1.9021672010421755,0.0,0.005045066003044275,2.479981437962285e-06
0.0099793239717453,-7.468174204284,-3.676918015967,-9.550745259298,-0.9406435607058232,-1.9405963204097507,-1.907412787184096,1.6386316661415694e-06,1.7926343571589114e-06,-9.18605024216933e-07,0.0024150906698245,0.0033195862087948,0.0003338167375726,18.959836569830472,13.799960625932426,-2.596629905524665e-06,0.0,-1.4895443071719092,4.2967127206258695,-0.0348831700469211,0.0014722389540669,0.003419222712293,0.0017621514297146,1.0,False,,,,,,,,,,,,,,,,,,40.0,6.836494215140142,30.0,0.01,-0.0057025888100782,0.0033966521760793,0.0074795210313165,-0.9503477811813354,-1.9201716184616089,-1.9083185195922847,0.0,0.004118707218943537,2.596629905524665e-06
0.0100793472416595,-7.468174204284,-3.676918015967,-9.550745259298,-0.9873694403947072,-1.8404375736518168,-1.9100057174112184,1.7152299393539774e-06,1.876431527137284e-06,-9.61545460480405e-07,0.0019433840843716,0.0023978771922341,0.0004259364724657,18.960436709449954,13.799960625932426,-2.71801006132455e-06,9.04631584218511e-22,-1.4895443071719092,4.2967127206258695,-0.0348831700469211,0.0013046344929683,0.0024604575014312,0.0013971600947674,1.0,False,,,,,,,,,,,,,,,,,,40.0,6.861632804736192,30.0,0.01,-0.0058036379992262,0.0033882179646782,0.0074052525276163,-0.9971057176589966,-1.8190298080444336,-1.909988284111023,0.0,0.0031157629253526103,2.7180100613245496e-06
0.0101794014342005,-7.468174204284,-3.676918015967,-9.550745259298,-1.0338516739071697,-1.736341110022107,-1.9082576655303929,1.7896456895599358e-06,1.957841055153465e-06,-1.0032623901800656e-06,0.0014355611493114,0.0014185324112254,0.000502805416918,18.9610370346052,13.799960625932426,-2.835931719021936e-06,4.365507887384641e-22,-1.4895443071719092,4.2967127206258695,-0.0348831700469211,0.0011137089676558,0.0014489781784132,0.0009929742575902,1.0,False,,,,,,,,,,,,,,,,,,40.0,6.88677916603601,30.0,0.01,-0.0059041893175872,0.0033766792108363,0.0073306606802657,-1.0433309078216553,-1.714416265487671,-1.907390117645264,0.0,0.0020798757901353865,2.8359317190219354e-06
0.0102794182752874,-7.468174204284,-3.676918015967,-9.550745259298,-1.0788635869301562,-1.629800601375616,-1.9026013795907877,1.8600908872614823e-06,2.034906868237621e-06,-1.042753456951019e-06,0.0009019234251615,0.0004039700652826,0.000559146558783,18.961637135651724,13.799960625932426,-2.947561507968435e-06,4.365507887384641e-22,-1.4895443071719092,4.2967127206258695,-0.0348831700469211,0.0009014874020446,0.0004090674531829,0.000556135626803,1.0,False,,,,,,,,,,,,,,,,,,40.0,6.911916139891519,30.0,0.01,-0.006004110673673,0.0033620513774583,0.0072558435452823,-1.087894320487976,-1.6076064109802246,-1.9009987115859983,0.0,0.0011354745935943924,2.9475615079684346e-06
0.0103794317040624,-7.468174204284,-3.676918015967,-9.550745259298,-1.1214632693597268,-1.5223523557534906,-1.8937100622428895,1.924954570594427e-06,2.1058666023115427e-06,-1.0791155672592863e-06,0.0003551044035996,-0.0006209974588199,0.0005910411157669,18.962237216224374,13.799960625932426,-3.0503466447413597e-06,0.0,-1.4895443071719092,4.2967127206258695,-0.0348831700469211,0.0006719565899355,-0.000632819046956,9.529415981831964e-05,1.0,False,,,,,,,,,,,,,,,,,,40.0,6.9370522561395145,30.0,0.01,-0.0061033731987018,0.0033443406345713,0.0071808231643261,-1.1299134492874146,-1.5001177787780762,-1.891515135765076,0.0,0.0009279367337505198,3.0503466447413593e-06
0.0104795198675295,-7.468174204284,-3.676918015967,-9.550745259298,-1.1609060153822008,-1.4154422005113212,-1.88206492292148,1.983700730527739e-06,2.1701338728785623e-06,-1.1120482383306685e-06,-0.000193002051367,-0.0016326108003202,0.0005951726923611,18.96283774520517,13.799960625932426,-3.1434377517115776e-06,1.0587911840678754e-22,-1.4895443071719092,4.2967127206258695,-0.0348831700469211,0.0004288898256094,-0.0016516302525249,-0.000380879741283,1.0,False,,,,,,,,,,,,,,,,,,40.0,6.962207155264261,30.0,0.01,-0.0062019909519164,0.0033235410498172,0.007105588161618,-1.1685645580291748,-1.3936744928359983,-1.879378080368042,0.0,0.0017483987962951684,3.1434377517115772e-06
0.0105795308143544,-7.468174204284,-3.676918015967,-9.550745259298,-1.1963817503149947,-1.311246899765485,-1.868389028376784,2.035974379199112e-06,2.2273203294316745e-06,-1.1413524665448973e-06,-0.000726474496973,-0.0026016937944296,0.0005701311606863,18.963437810886127,13.799960625932426,-3.22627230337784e-06,4.365507887384641e-22,-1.4895443071719092,4.2967127206258695,-0.0348831700469211,0.0001789827563346,-0.0026173368939583,-0.0008597314066445,1.0,False,,,,,,,,,,,,,,,,,,40.0,6.987342647730158,30.0,0.01,-0.0062997519458245,0.0032996974537373,0.0070303002876747,-1.203157663345337,-1.2902811765670776,-1.8654215335845947,0.0,0.0027607291310650477,3.22627230337784e-06
0.0106795562736405,-7.468174204284,-3.676918015967,-9.550745259298,-1.2275345126329194,-1.2113423918132311,-1.853706276394596,2.082235035787766e-06,2.277928677908681e-06,-1.1672858550201571e-06,-0.0012321323671682,-0.0035059244903923,0.0005165607494989,18.964037963641843,13.799960625932426,-3.2995784690216127e-06,4.235164736271503e-22,-1.4895443071719092,4.2967127206258695,-0.0348831700469211,-7.117259977378416e-05,-0.0035073817518504,-0.0013303004992509,1.0,False,,,,,,,,,,,,,,,,,,40.0,7.012481787575362,30.0,0.01,-0.006396684786164,0.0032728059258448,0.0069549381821992,-1.233393311500549,-1.1914149522781372,-1.850653052330017,0.0,0.0037518650975853175,3.2995784690216127e-06
0.0107795748659291,-7.468174204284,-3.676918015967,-9.550745259298,-1.2541127554315186,-1.1171061230135142,-1.8390614923924529,2.1240670404635595e-06,2.3236921587202258e-06,-1.190736573361719e-06,-0.0016995923872849,-0.004327529948269,0.0004358912673144,18.964638075195573,13.799960625932426,-3.365866846448727e-06,4.735058123106525e-22,-1.4895443071719092,4.2967127206258695,-0.0348831700469211,-0.0003161320952379,-0.0043042748582186,-0.0017830898396522,1.0,False,,,,,,,,,,,,,,,,,,40.0,7.03761920155586,30.0,0.0099999999999999,-0.0064927074125615,0.0032428888558728,0.0068795655621066,-1.2590134143829346,-1.098498821258545,-1.836157202720642,0.0,0.004669703516606042,3.3658668464487268e-06
0.0108796449484574,-7.468174204284,-3.676918015967,-9.550745259298,-1.2760360317134274,-1.0296591298298263,-1.8256490861390555,2.163695690362923e-06,2.367045207977901e-06,-1.2129521070003472e-06,-0.0021210159025119,-0.0050539734613087,0.0003306965612858,18.965238495690745,13.799960625932426,-3.4286637150620084e-06,4.235164736271503e-22,-1.4895443071719092,4.2967127206258695,-0.0348831700469211,-0.000551079500254,-0.0049962101593492,-0.0022101836688345,1.0,False,,,,,,,,,,,,,,,,,,40.0,7.062769556445076,30.0,0.01,-0.006587814514868,0.0032099456837461,0.0068041861104097,-1.2799466848373413,-1.012673258781433,-1.8231595754623413,0.0,0.005490966802118482,3.4286637150620084e-06
0.0109796963458124,-7.468174204284,-3.676918015967,-9.550745259298,-1.2932626560011296,-0.9499896185123136,-1.8146277181625536,2.203916143430624e-06,2.4110456795417336e-06,-1.2354994012017757e-06,-0.0024911978591793,-0.0056772716867146,0.0002041767835638,18.965838804074878,13.799960625932426,-3.4923983745387524e-06,2.1175823681357513e-22,-1.4895443071719092,4.2967127206258695,-0.0348831700469211,-0.0007722476832238,-0.0055763149004408,-0.0026052858545991,1.0,False,,,,,,,,,,,,,,,,,,40.0,7.0879152152380325,30.0,0.01,-0.0066818787985584,0.0031740188570292,0.0067289003571607,-1.2962098121643066,-0.9347543716430664,-1.8127716779708865,0.0,0.00620315796488347,3.4923983745387524e-06
0.0110797727485513,-7.468174204284,-3.676918015967,-9.550745259298,-1.305884855431515,-0.8788343408092254,-1.8070874603898293,2.2474708134596987e-06,2.458693726093089e-06,-1.2599158332429237e-06,-0.0028073148528931,-0.0061948763526608,6.048109562111805e-05,18.966439262491303,13.799960625932426,-3.561416544429889e-06,2.1175823681357513e-22,-1.4895443071719092,4.2967127206258695,-0.0348831700469211,-0.0009763617987052,-0.0060434047289523,-0.0029639744585714,1.0,False,,,,,,,,,,,,,,,,,,40.0,7.113067158569404,30.0,0.01,-0.0067748817375458,0.003135115131181,0.0066537230597994,-1.3078975677490234,-0.8654173016548157,-1.806067705154419,0.0,0.006801556268307843,3.5614165444298885e-06
0.0111798223125778,-7.468174204284,-3.676918015967,-9.550745259298,-1.3139119453381556,-0.8168444109030998,-1.8039128615210012,2.29713269866953e-06,2.513022959140349e-06,-1.2877559258082374e-06,-0.0030685898545272,-0.0066075588113518,-9.60839034834988e-05,18.967039559875467,13.799960625932426,-3.640112409379345e-06,2.1175823681357513e-22,-1.4895443071719092,4.2967127206258695,-0.0348831700469211,-0.0011611239396068,-0.0063998012236039,-0.0032832369321324,1.0,False,,,,,,,,,,,,,,,,,,40.0,7.13821235659665,30.0,0.01,-0.006866716383291,0.0030932793374723,0.0065787406889015,-1.3149900436401367,-0.8054344058036804,-1.8038878440856931,0.0,0.0072859665973217785,3.6401124093793455e-06
0.0112798458225693,-7.468174204284,-3.676918015967,-9.550745259298,-1.3173699659825726,-0.7644000821351188,-1.806030872311928,2.3554776590839275e-06,2.576851324457005e-06,-1.3204636873399088e-06,-0.0032756566145428,-0.0069183908500344,-0.0002611963896031,18.96763970093541,13.799960625932426,-3.7325677623296582e-06,4.735058123106525e-22,-1.4895443071719092,4.2967127206258695,-0.0348831700469211,-0.001324936926525,-0.0066502089230031,-0.003561115721978,1.0,False,,,,,,,,,,,,,,,,,,40.0,7.1633510065306885,30.0,0.01,-0.0069573263227868,0.0030485399209573,0.0065039999068716,-1.317520022392273,-0.7549468278884888,-1.8071744441986084,0.0,0.007659130614121905,3.732567762329658e-06
0.0113799205086937,-7.468174204284,-3.676918015967,-9.550745259298,-1.316269208447553,-0.7216610025807985,-1.8142966569809449,2.424597489581673e-06,2.6524672090218496e-06,-1.3592117628715858e-06,-0.0034298829780622,-0.0071316647533468,-0.0004305317400212,18.96824014905216,13.799960625932426,-3.84209733059307e-06,2.1175823681357513e-22,-1.4895443071719092,4.2967127206258695,-0.0348831700469211,-0.0014665639353492,-0.006800588630117,-0.0037962193672063,1.0,False,,,,,,,,,,,,,,,,,,40.0,7.1885025184297895,30.0,0.01,-0.0070467237486069,0.003000889540027,0.0064294903670023,-1.3154758214950562,-0.7141826748847961,-1.816795229911804,0.0,0.007925282138605261,3.84209733059307e-06
0.0114799415684861,-7.468174204284,-3.676918015967,-9.550745259298,-1.3104962864311456,-0.688699451734099,-1.829494717170152,2.5060915649817738e-06,2.741620300888499e-06,-1.4048967503237806e-06,-0.0035326571630887,-0.007250628397201,-0.0005998646034096,18.96884027541092,13.799960625932426,-3.971235536377446e-06,2.1175823681357513e-22,-1.4895443071719092,4.2967127206258695,-0.0348831700469211,-0.0015850825104859,-0.0068560312870014,-0.0039866608528007,1.0,False,,,,,,,,,,,,,,,,,,40.0,7.213640552561635,30.0,0.01,-0.0071347586016576,0.0029504083094682,0.0063553371667829,-1.3087631464004517,-0.6832322478294373,-1.833454966545105,0.0,0.008087713912388543,3.971235536377446e-06
0.0115800302352283,-7.468174204284,-3.676918015967,-9.550745259298,-1.2999837762832154,-0.6654061977524387,-1.85220042235846,2.600180622601562e-06,2.844552082817926e-06,-1.4576423934352006e-06,-0.0035846708086705,-0.007278722352298,-0.0007641000414282,18.969440807411367,13.799960625932426,-4.120332167332624e-06,1.7462031549538564e-21,-1.4895443071719092,4.2967127206258695,-0.0348831700469211,-0.0016786047904274,-0.0068219177279583,-0.0041300408269423,1.0,False,,,,,,,,,,,,,,,,,,40.0,7.238795578173215,30.0,0.01,-0.0072214816043309,0.0028970663869171,0.0062814974160708,-1.2972739934921265,-0.6618614792823792,-1.8577165603637693,0.0,0.008149448617034623,4.120332167332623e-06
0.01168007380937,-7.468174204284,-3.676918015967,-9.550745259298,-1.2845096401748688,-0.6515421574006638,-1.8827305636028016,2.7061530724562023e-06,2.9604840878236903e-06,-1.5170497800227365e-06,-0.003586579639766,-0.007217774545051,-0.000918287256853,18.97004106885622,13.799960625932426,-4.288259614445987e-06,0.0,-1.4895443071719092,4.2967127206258695,-0.0348831700469211,-0.0017456639316009,-0.0067022639166135,-0.0042231966816189,1.0,False,,,,,,,,,,,,,,,,,,40.0,7.263939270778223,30.0,0.01,-0.0073067398284999,0.002840956597839,0.0062081010532856,-1.2807761430740356,-0.6498722434043884,-1.889811396598816,0.0,0.00811190941651032,4.288259614445987e-06
0.0117801105842651,-7.468174204284,-3.676918015967,-9.550745259298,-1.2636898191348749,-0.6468101162865656,-1.9212034511456368,2.822266167171731e-06,3.087509780786907e-06,-1.5821419385516962e-06,-0.003538305064744,-0.0070676478291941,-0.0010573506028901,18.97064128950559,13.799960625932426,-4.472256262619702e-06,0.0,-1.4895443071719092,4.2967127206258695,-0.0348831700469211,-0.0017845791494953,-0.0064992962116843,-0.0042618851319703,1.0,False,,,,,,,,,,,,,,,,,,40.0,7.289081254546152,30.0,0.01,-0.0073905131179659,0.0027820951089822,0.0061351660660287,-1.2588331699371338,-0.6469263434410095,-1.9298661947250368,0.0,0.007974286103855139,4.472256262619702e-06
0.0118801459411467,-7.468174204284,-3.676918015967,-9.550745259298,-1.2369923133088565,-0.650557233404105,-1.9674019458108016,2.945987206457527e-06,3.222858431926646e-06,-1.6514990556132028e-06,-0.0034409308636608,-0.0068275672697726,-0.0011774751189968,18.97124150164688,13.799960625932426,-4.668308711251154e-06,8.470329472543003e-22,-1.4895443071719092,4.2967127206258695,-0.0348831700469211,-0.0017952987940401,-0.0062145942147123,-0.0042423871433666,1.0,False,,,,,,,,,,,,,,,,,,40.0,7.314222881928442,30.0,0.01,-0.0074727532095843,0.0027205162989146,0.0060627345757492,-1.2309013605117798,-0.6523000001907349,-1.9775779247283936,0.0,0.007735769366237598,4.6683087112511535e-06
0.0119802390731285,-7.468174204284,-3.676918015967,-9.550745259298,-1.2040363363716025,-0.6624553647405041,-2.0212035388952416,3.072414646545083e-06,3.3611678381657314e-06,-1.7223733613299831e-06,-0.003291882398657,-0.0064940599882589,-0.0012711857709274,18.97184206043877,13.799960625932426,-4.868649812057096e-06,8.470329472543003e-22,-1.4895443071719092,4.2967127206258695,-0.0348831700469211,-0.0017739311680181,-0.0058478837719008,-0.0041569991247742,1.0,False,,,,,,,,,,,,,,,,,,40.0,7.339379029777135,30.0,0.01,-0.0075534554352335,0.0026562203963219,0.0059908099781335,-1.1966938972473145,-0.6657615303993225,-2.0327515602111816,0.0,0.007390887505699247,4.868649812057095e-06
0.0120802821171771,-7.468174204284,-3.676918015967,-9.550745259298,-1.1644294093578391,-0.6819244461486856,-2.0818191438368947,3.1953795704889893e-06,3.495689312357866e-06,-1.7913066056162351e-06,-0.0030908381131221,-0.0060660531993342,-0.0013318371396175,18.972442318703063,13.799960625932426,-5.063504095323294e-06,2.1175823681357513e-22,-1.4895443071719092,4.2967127206258695,-0.0348831700469211,-0.001718301765598,-0.0054012843154691,-0.0039997048154777,1.0,False,,,,,,,,,,,,,,,,,,40.0,7.364522589155207,30.0,0.01,-0.0076324816338518,0.0025893170205358,0.0059195153075296,-1.155719757080078,-0.6865975856781006,-2.0946273803710938,0.0,0.006937151564233363,5.063504095323294e-06
0.012180317874656,-7.468174204284,-3.676918015967,-9.550745259298,-1.1175623478981322,-0.7079706507277669,-2.148607687277813,3.3092611286516883e-06,3.620273743397179e-06,-1.855147780942864e-06,-0.0028395282300202,-0.0055415007173513,-0.0013555873929251,18.97304253324793,13.799960625932426,-5.243964576908706e-06,9.47011624621305e-22,-1.4895443071719092,4.2967127206258695,-0.0348831700469211,-0.001629260573861,-0.0048756254284317,-0.003765973262443,1.0,False,,,,,,,,,,,,,,,,,,40.0,7.389664317218567,30.0,0.01,-0.0077098170626486,0.0025198221139879,0.0058488646226724,-1.107377290725708,-0.7138535976409912,-2.1624867916107178,0.0,0.006372500917955532,5.243964576908706e-06
0.012280317899055,-7.468174204284,-3.676918015967,-9.550745259298,-1.0634052156105902,-0.7396664171401196,-2.2201271594082463,3.406161975541307e-06,3.7262815735651054e-06,-1.909469692720192e-06,-0.0025408413639101,-0.0049256107779131,-0.0013366732742452,18.97364253339433,13.799960625932426,-5.3975168620886445e-06,0.0,-1.4895443071719092,4.2967127206258695,-0.0348831700469211,-0.0015062603061827,-0.0042788546228445,-0.0034535191936215,1.0,False,,,,,,,,,,,,,,,,,,40.0,7.4147970645794175,30.0,0.01,-0.0077853919661065,0.0024478010111136,0.0057789222303188,-1.0517736673355105,-0.7465385794639587,-2.234797239303589,0.0,0.005701246514064412,5.3975168620886445e-06
0.0123803586895706,-7.468174204284,-3.676918015967,-9.550745259298,-1.001996814027144,-0.7758317212454524,-2.2950808026704514,3.4791853880136707e-06,3.806167908474758e-06,-1.9504060879874263e-06,-0.0021999452813299,-0.0042257927180093,-0.0012717017591816,18.974242778137423,13.799960625932426,-5.513232175387625e-06,2.1175823681357513e-22,-1.4895443071719092,4.2967127206258695,-0.0348831700469211,-0.0013510437985902,-0.0036204465256813,-0.0030628999836274,1.0,False,,,,,,,,,,,,,,,,,,40.0,7.439940057582864,30.0,0.01,-0.0078592162514599,0.0023732439532965,0.0057096788921033,-0.9889855980873108,-0.783363401889801,-2.310180187225342,0.0,0.004930954136952776,5.5132321753876255e-06
0.0124804115035096,-7.468174204284,-3.676918015967,-9.550745259298,-0.9334665057333684,-0.8149807065102649,-2.371916707732377,3.5234069582781496e-06,3.854545532209007e-06,-1.975196379462364e-06,-0.0018262551705927,-0.003454236176673,-0.0011615890968738,18.974843095021058,13.799960625932426,-5.583307137437142e-06,9.47011624621305e-22,-1.4895443071719092,4.2967127206258695,-0.0348831700469211,-0.0011694155810422,-0.0029133119999885,-0.0026002548205642,1.0,False,,,,,,,,,,,,,,,,,,40.0,7.465086072402205,30.0,0.01,-0.0079312206272442,0.0022962175117202,0.0056411988531556,-0.9190961122512816,-0.8229613900184631,-2.387192249298096,0.0,0.004076302827603608,5.583307137437141e-06
0.0125804266433616,-7.468174204284,-3.676918015967,-9.550745259298,-0.8575011195785682,-0.8563346484512265,-2.4494451661544905,3.535451256341426e-06,3.867721783444851e-06,-1.981948325578567e-06,-0.0014278737520696,-0.0026187391235923,-0.0010082669375284,18.97544318586017,13.799960625932426,-5.602392930290027e-06,8.470329472543003e-22,-1.4895443071719092,4.2967127206258695,-0.0348831700469211,-0.0009674209003966,-0.0021658858614337,-0.0020703273903692,1.0,False,,,,,,,,,,,,,,,,,,40.0,7.490222618690761,30.0,0.01,-0.008001324536776,0.0022168095597651,0.0055735590992578,-0.8415861129760742,-0.8647134900093079,-2.464683055877685,0.0,0.0031485266818934827,5.602392930290027e-06
0.0126804850409232,-7.468174204284,-3.676918015967,-9.550745259298,-0.7740348552132624,-0.8991036621574611,-2.5259109200487027,3.5140516029789307e-06,3.844310937284878e-06,-1.969951835152152e-06,-0.0010163496598707,-0.0017327388458201,-0.000817554586753,18.976043536245538,13.799960625932426,-5.568482332175102e-06,2.1175823681357513e-22,-1.4895443071719092,4.2967127206258695,-0.0348831700469211,-0.0007540824890316,-0.0013906102042507,-0.0014836808621883,1.0,False,,,,,,,,,,,,,,,,,,40.0,7.515370036827516,30.0,0.01,-0.0080695402177137,0.002135005856067,0.0055067477397516,-0.7569736242294312,-0.907562494277954,-2.540553092956543,0.0,0.002168812126776805,5.568482332175102e-06
0.0127805746684399,-7.468174204284,-3.676918015967,-9.550745259298,-0.6848011116589848,-0.942416694328606,-2.5992849465252634,3.4574798578984114e-06,3.7824224385018864e-06,-1.938238125272463e-06,-0.0006034474097649,-0.0008230266796679,-0.000592120570211,18.97664407401064,13.799960625932426,-5.478836874859069e-06,2.1175823681357513e-22,-1.4895443071719092,4.2967127206258695,-0.0348831700469211,-0.0005342285408886,-0.0006121102177779,-0.0008555988597795,1.0,False,,,,,,,,,,,,,,,,,,40.0,7.5405253039080815,30.0,0.01,-0.0081358141722199,0.0020508653484288,0.0054408160304975,-0.6667121052742004,-0.9508814811706544,-2.613271713256836,0.0,0.0011798849356882792,5.478836874859069e-06
0.0128806305296705,-7.468174204284,-3.676918015967,-9.550745259298,-0.5906704658705332,-0.9853144703855218,-2.6688792625388627,3.366862932735319e-06,3.68328910869754e-06,-1.8874389344269007e-06,-0.0001984847296809,9.420067286479073e-05,-0.0003371828388842,18.977244409178024,13.799960625932426,-5.335242299771169e-06,2.1175823681357513e-22,-1.4895443071719092,4.2967127206258695,-0.0348831700469211,-0.0003139563077301,0.000155555956841,-0.0001979798036427,1.0,False,,,,,,,,,,,,,,,,,,40.0,7.56567208459534,30.0,0.01,-0.0082000615330657,0.0019644959656799,0.0053758484404568,-0.5718833208084106,-0.9935961961746216,-2.681815385818481,0.0,0.00040244530252282436,5.335242299771168e-06
0.0129807305719202,-7.468174204284,-3.676918015967,-9.550745259298,-0.4929358525388653,-1.0273948530996602,-2.7326844056446604,3.2479062447794025e-06,3.5531525745087863e-06,-1.8207526781568663e-06,0.0001847053489546,0.0009970547536967,-6.481194159582216e-05,18.97784500943152,13.799960625932426,-5.146739599749618e-06,2.1175823681357513e-22,-1.4895443071719092,4.2967127206258695,-0.0348831700469211,-0.0001042625650576,0.0008952504473593,0.0004691383480441,1.0,False,,,,,,,,,,,,,,,,,,40.0,7.590829969183776,30.0,0.01,-0.0082622913756299,0.0018758847344533,0.0053118356231378,-0.4739210903644562,-1.035331130027771,-2.7441391944885254,0.0,0.0010160880058218617,5.146739599749618e-06
0.0130808226020642,-7.468174204284,-3.676918015967,-9.550745259298,-0.3940593583677414,-1.0676605892003153,-2.788443584234021,3.1109743812411347e-06,3.4033515129032257e-06,-1.74398966886032e-06,0.0005293016358897,0.001856596118853,0.0002078179629459,18.978445561612386,13.799960625932426,-4.92975284230466e-06,8.470329472543003e-22,-1.4895443071719092,4.2967127206258695,-0.0348831700469211,8.125837807015124e-05,0.0015854477320009,0.0011180564570294,1.0,False,,,,,,,,,,,,,,,,,,40.0,7.615985840110445,30.0,0.01,-0.0083224307710762,0.001785132727483,0.0052488519893317,-0.3749030828475952,-1.0752768516540527,-2.7982070446014404,0.0,0.0019417254378563719,4.92975284230466e-06
0.0131808517931822,-7.468174204284,-3.676918015967,-9.550745259298,-0.2959453685992979,-1.1066141972864676,-2.835847890390529,2.96097689949928e-06,3.239256893707373e-06,-1.6599021687863094e-06,0.0008325959134828,0.0026617450648894,0.0004767510087871,18.97904573675909,13.799960625932426,-4.692061874351254e-06,2.1175823681357513e-22,-1.4895443071719092,4.2967127206258695,-0.0348831700469211,0.0002416529191719,0.0022181259635216,0.0017398032493929,1.0,False,,,,,,,,,,,,,,,,,,40.0,7.641125917867326,30.0,0.01,-0.0083804109782367,0.0016923492973093,0.0051869707625689,-0.2773413360118866,-1.113884449005127,-2.8440675735473637,0.0,0.002829380545276802,4.692061874351254e-06
0.0132809099662077,-7.468174204284,-3.676918015967,-9.550745259298,-0.2007679082945493,-1.1427426846691022,-2.876264863378062,2.80195224694427e-06,3.065286707670008e-06,-1.5707541022440857e-06,0.0010946137809068,0.0033998777155406,0.000741898341972,18.97964608579725,13.799960625932426,-4.440066153121045e-06,1.809263168437022e-21,-1.4895443071719092,4.2967127206258695,-0.0348831700469211,0.0003801023089276,0.0027832866018179,0.0023273587791078,1.0,False,,,,,,,,,,,,,,,,,,40.0,7.666273279571998,30.0,0.01,-0.0084362496264225,0.0015975090160162,0.0051261737372461,-0.1829627603292465,-1.1491636037826538,-2.8833303451538086,0.0,0.0036479803946569463,4.440066153121044e-06
0.0133809816745754,-7.468174204284,-3.676918015967,-9.550745259298,-0.1096287661401692,-1.1746485041921115,-2.910700588061807,2.6402611516893274e-06,2.8883994799971946e-06,-1.4801112472685876e-06,0.0013142860772911,0.0040656050868512,0.0009981163217267,18.98024651604745,13.799960625932426,-4.183845098645371e-06,8.470329472543003e-22,-1.4895443071719092,4.2967127206258695,-0.0348831700469211,0.0004953262688633,0.0032786244123758,0.0028736740693469,1.0,False,,,,,,,,,,,,,,,,,,40.0,7.691424043079212,30.0,0.01,-0.0084899014045228,0.001500685212738,0.0050665094526458,-0.0926810875535011,-1.1803628206253052,-2.916600465774536,0.0,0.00438779315908223,4.183845098645371e-06
0.0134810870668628,-7.468174204284,-3.676918015967,-9.550745259298,-0.0235457440797615,-1.2026328318096888,-2.9390340086441005,2.482798008923405e-06,2.716137558333571e-06,-1.3918385517858015e-06,0.0014908551762184,0.0046573854371855,0.001238942501578,18.98084714840117,13.799960625932426,-3.934323797444927e-06,0.0,-1.4895443071719092,4.2967127206258695,-0.0348831700469211,0.000584930315543,0.003705631903026,0.0033726866908172,1.0,False,,,,,,,,,,,,,,,,,,40.0,7.716583272278786,30.0,0.01,-0.0085413416060021,0.0014019182767337,0.0050080044643487,-0.0078630615025758,-1.207407832145691,-2.9438135623931885,0.0,0.005044686986244153,3.934323797444928e-06
0.0135811913041534,-7.468174204284,-3.676918015967,-9.550745259298,0.0559943474169552,-1.225743190721584,-2.9619232865534344,2.3359776350326705e-06,2.555518639508949e-06,-1.3095321153240854e-06,0.0016249033868322,0.0051704160370701,0.0014604913626678,18.98144777382492,13.799960625932426,-3.701667379616336e-06,0.0,-1.4895443071719092,4.2967127206258695,-0.0348831700469211,0.0006493994506672,0.0040625215033516,0.0038184744888027,1.0,False,,,,,,,,,,,,,,,,,,40.0,7.7417422111960335,30.0,0.01,-0.0085905186868969,0.0013013041564557,0.0049507167342178,0.0703249424695968,-1.2295957803726196,-2.9656755924224854,0.0,0.00561306939502423,3.701667379616336e-06
0.0136812020275046,-7.468174204284,-3.676918015967,-9.550745259298,0.1286226179059156,-1.244213623860139,-2.9798198073991675,2.2040463703775296e-06,2.41118814554192e-06,-1.2355724054834513e-06,0.0017194206619476,0.0056100032469619,0.0016599166569388,18.982047838165027,13.799960625932426,-3.492604736463662e-06,2.1175823681357513e-22,-1.4895443071719092,4.2967127206258695,-0.0348831700469211,0.0006891986898123,0.004355998270749,0.0042111935817333,1.0,False,,,,,,,,,,,,,,,,,,40.0,7.76687764749686,30.0,0.01,-0.0086373594103201,0.0011990018759561,0.0048947335901362,0.1415431499481201,-1.247251272201538,-2.9827117919921875,0.0,0.006097857587024993,3.492604736463662e-06
0.0137812384225558,-7.468174204284,-3.676918015967,-9.550745259298,0.1932567991729078,-1.258435137064844,-2.993377428322369,2.089278704407036e-06,2.2856343280729297e-06,-1.171234484548242e-06,0.0017793070131364,0.0059773198377366,0.0018394232048437,18.98264805653533,13.799960625932426,-3.310740099154436e-06,0.0,-1.4895443071719092,4.2967127206258695,-0.0348831700469211,0.000709213900347,0.0045878592954384,0.0045526175267563,1.0,False,,,,,,,,,,,,,,,,,,40.0,7.792019535799611,30.0,0.01,-0.008681892312744,0.0010949560124863,0.0048400224380302,0.2044870555400848,-1.2605938911437988,-2.9954967498779297,0.0,0.006502135312042755,3.3107400991544355e-06
0.0138813294764021,-7.468174204284,-3.676918015967,-9.550745259298,0.2491204111338335,-1.2679471614687072,-3.0030436449422635,1.9963551981172365e-06,2.183977638894573e-06,-1.11914224105666e-06,0.0018065345316016,0.0062730724447846,0.0019962092465833,18.98324860285841,13.799960625932426,-3.1634904393657565e-06,0.0,-1.4895443071719092,4.2967127206258695,-0.0348831700469211,0.0007101575308636,0.0047607342228155,0.0048405518495933,1.0,False,,,,,,,,,,,,,,,,,,40.0,7.817175161355902,30.0,0.01,-0.0087240993294305,0.000989200174052,0.0047866035877106,0.2585870027542114,-1.26918625831604,-3.004490613937378,0.0,0.006826408738680209,3.1634904393657565e-06
0.0139813942208014,-7.468174204284,-3.676918015967,-9.550745259298,0.2954730433904113,-1.2726429894907323,-3.00934420257118,1.9280855593681883e-06,2.1092918492194957e-06,-1.080870776851395e-06,0.0018047393122632,0.006498453289395,0.0021302305753844,18.983848991324805,13.799960625932426,-3.0553081130516566e-06,1.0587911840678754e-22,-1.4895443071719092,4.2967127206258695,-0.0348831700469211,0.0006950297401172,0.0048769961392116,0.0050751062809017,1.0,False,,,,,,,,,,,,,,,,,,40.0,7.842324174626938,30.0,0.01,-0.0087639186290967,0.0008818860840628,0.0047345545933389,0.3030878007411957,-1.2730205059051514,-3.010172128677368,0.0,0.007072825562954278,3.055308113051657e-06
0.0140814323653095,-7.468174204284,-3.676918015967,-9.550745259298,0.3319290041560237,-1.2727571298371596,-3.0125957783771637,1.886495260655712e-06,2.0637927905005566e-06,-1.0575555571193582e-06,0.001777466955636,0.0066561328102703,0.0022413601384377,18.984449220191856,13.799960625932426,-2.989402750883958e-06,4.365507887384641e-22,-1.4895443071719092,4.2967127206258695,-0.0348831700469211,0.0006663481924311,0.004940198626172,0.0052571480535481,1.0,False,,,,,,,,,,,,,,,,,,40.0,7.867466502616185,30.0,0.01,-0.0088013268074436,0.0007730831541938,0.0046839074356006,0.337634801864624,-1.272250413894653,-3.012932777404785,0.0,0.007244804209674142,2.989402750883958e-06
0.0141814739713873,-7.468174204284,-3.676918015967,-9.550745259298,0.3581524212818007,-1.2682792369636218,-3.0132985755683896,1.872464656578127e-06,2.048443555256985e-06,-1.0496901022616376e-06,0.0017288335445908,0.0067472764108199,0.0023311713032782,18.98504946982832,13.799960625932426,-2.9671693918605607e-06,4.365507887384641e-22,-1.4895443071719092,4.2967127206258695,-0.0348831700469211,0.0006280813246723,0.004952124684676,0.0053880366545855,1.0,False,,,,,,,,,,,,,,,,,,40.0,7.892609700592773,30.0,0.01,-0.00883631228893,0.0006628280006894,0.0046346784326429,0.3619309067726135,-1.266926884651184,-3.013189554214477,0.0,0.007344995849837959,2.9671693918605602e-06
0.0142815367593497,-7.468174204284,-3.676918015967,-9.550745259298,0.3742945032020072,-1.2593669418435482,-3.011798166203723,1.885942237095241e-06,2.063187792406536e-06,-1.0572455361233922e-06,0.0016626980268994,0.0067745361398808,0.002400822532141,18.985649846556097,13.799960625932426,-2.988526411469036e-06,1.0587911840678754e-22,-1.4895443071719092,4.2967127206258695,-0.0348831700469211,0.000583453469834,0.0049158349855088,0.0054696436733876,1.0,False,,,,,,,,,,,,,,,,,,40.0,7.917758222157601,30.0,0.01,-0.0088688582505802,0.0005511702826547,0.0045868905208901,0.3761312067508697,-1.2572813034057615,-3.011249303817749,0.0,0.007377184657445015,2.9885264114690365e-06
0.0143816375565473,-7.468174204284,-3.676918015967,-9.550745259298,0.3801859363514499,-1.246326158251642,-3.008018896500987,1.927930459625967e-06,2.1091221728166543e-06,-1.0807838290611115e-06,0.0015815707244674,0.0067373963025694,0.002449529369594,18.986250451339284,13.799960625932426,-3.055062336873085e-06,4.235164736271503e-22,-1.4895443071719092,4.2967127206258695,-0.0348831700469211,0.0005346297001648,0.004832253499933,0.0055006877954451,1.0,False,,,,,,,,,,,,,,,,,,40.0,7.942916296485157,30.0,0.01,-0.0088989473988458,0.0004381606571698,0.0045405671926625,0.3801876902580261,-1.243449330329895,-3.0070879459381104,0.0,0.007341258000293393,3.055062336873085e-06
0.0144817248360668,-7.468174204284,-3.676918015967,-9.550745259298,0.3766189012435944,-1.2285637516185592,-3.002498670076143,1.996896028989883e-06,2.1845692984015567e-06,-1.119445426920286e-06,0.001489104537048,0.006637981152319,0.0024784068275746,18.9868509750164,13.799960625932426,-3.164347457844504e-06,1.0587911840678754e-22,-1.4895443071719092,4.2967127206258695,-0.0348831700469211,0.000484765633508,0.0047039614507347,0.0054827434240843,1.0,False,,,,,,,,,,,,,,,,,,40.0,7.968070973449643,30.0,0.01,-0.0089265443030549,0.0003239283119309,0.004495762143878,0.3749638795852661,-1.2247682809829712,-3.001290798187256,0.0,0.007240354031659475,3.1643474578445037e-06
0.0145817560569703,-7.468174204284,-3.676918015967,-9.550745259298,0.3641122334027522,-1.2061050190635676,-2.995282428547612,2.091664372706743e-06,2.288244207429716e-06,-1.1725718728896902e-06,0.0013880833790707,0.0064768034483866,0.0024872576902533,18.98745116234182,13.799960625932426,-3.314520508003892e-06,4.235164736271503e-22,-1.4895443071719092,4.2967127206258695,-0.0348831700469211,0.0004362063679612,0.0045325334268494,0.0054155400407579,1.0,False,,,,,,,,,,,,,,,,,,40.0,7.993211561347268,30.0,0.01,-0.0089516223830617,0.0002085952972053,0.0044525211636838,0.3608863949775696,-1.201494812965393,-2.9937491416931152,0.0,0.0070754652987636835,3.3145205080038917e-06
0.0146818364518118,-7.468174204284,-3.676918015967,-9.550745259298,0.3440630628054864,-1.1790924601553388,-2.9864034433496047,2.209440202073423e-06,2.417088902993749e-06,-1.2385961484014033e-06,0.0012810170484603,0.0062590102871739,0.0024756258823856,18.98805164471087,13.799960625932426,-3.5011519804699376e-06,0.0,-1.4895443071719092,4.2967127206258695,-0.0348831700469211,0.0003897933676379,0.0043232482661902,0.0053011813327184,1.0,False,,,,,,,,,,,,,,,,,,40.0,8.018364508003454,30.0,0.01,-0.0089741924123718,9.211337485855608e-05,0.0044108259625494,0.3398444056510925,-1.1736297607421875,-2.984668016433716,0.0,0.006851637611763491,3.501151980469937e-06
0.014781884129351,-7.468174204284,-3.676918015967,-9.550745259298,0.3175968909138033,-1.147931261424601,-2.9757243607720363,2.347503447522057e-06,2.5681276766034767e-06,-1.3159934021890363e-06,0.0011700697644107,0.0059886410867754,0.0024425331099413,18.988651930776104,13.799960625932426,-3.71993156308954e-06,0.0,-1.4895443071719092,4.2967127206258695,-0.0348831700469211,0.0003461634887297,0.0040806130279864,0.0051407802392108,1.0,False,,,,,,,,,,,,,,,,,,40.0,8.04350923190473,30.0,0.01,-0.0089942210336327,-2.534877800602778e-05,0.0043707374020423,0.311930239200592,-1.1419365406036377,-2.973464012145996,0.0,0.006572583458044642,3.7199315630895403e-06
0.0148819086027053,-7.468174204284,-3.676918015967,-9.550745259298,0.2838705623732845,-1.113994292821905,-2.9622013337687,2.5064242899485665e-06,2.7419842961775465e-06,-1.4050832735263373e-06,0.0010562882148937,0.0056585180764425,0.0023849440934936,18.989252077616232,13.799960625932426,-3.971762783358535e-06,4.235164736271503e-22,-1.4895443071719092,4.2967127206258695,-0.0348831700469211,0.0003071000470445,0.00380073228925,0.0049277432532547,1.0,False,,,,,,,,,,,,,,,,,,40.0,8.068648123958257,30.0,0.01,-0.0090116996167982,-0.0001437272379101,0.0043322756719397,0.2770403027534485,-1.1074391603469849,-2.959450483322144,0.0,0.0062307728207213475,3.971762783358535e-06
0.0149819331109981,-7.468174204284,-3.676918015967,-9.550745259298,0.2437927424444798,-1.077069377239933,-2.9459172920658463,2.683047319740613e-06,2.9352067988381105e-06,-1.5040968626762575e-06,0.0009420789966743,0.0052696972623845,0.0023023370099887,18.989852224665988,13.799960625932426,-4.25164547489855e-06,2.1175823681357513e-22,-1.4895443071719092,4.2967127206258695,-0.0348831700469211,0.0002743618409953,0.0034856187969091,0.0046618842717898,1.0,False,,,,,,,,,,,,,,,,,,40.0,8.093787024792785,30.0,0.01,-0.0090266220609098,-0.0002629743676406,0.0042954555813627,0.2359572798013687,-1.0701181888580322,-2.942654848098755,0.0,0.00582734740518542,4.25164547489855e-06
0.0150819877233604,-7.468174204284,-3.676918015967,-9.550745259298,0.1999113715875339,-1.0375399075322138,-2.927442412277724,2.869758661044438e-06,3.13946573768834e-06,-1.6087658860717558e-06,0.0008310122522885,0.0048367800064484,0.0021980283711719,18.99045255234016,13.799960625932426,-4.547514438343962e-06,0.0,-1.4895443071719092,4.2967127206258695,-0.0348831700469211,0.0002485923481092,0.0031467286603689,0.0043534643098553,1.0,False,,,,,,,,,,,,,,,,,,40.0,8.118933491605198,30.0,0.01,-0.0090389822614525,-0.0003830510100442,0.0042602900841198,0.1915941536426544,-1.0300875902175903,-2.9239284992218018,0.0,0.005377392575840933,4.5475144383439624e-06
0.0151820533424167,-7.468174204284,-3.676918015967,-9.550745259298,0.1528755091468173,-0.9954791935203688,-2.907288870329781,3.0615195312883385e-06,3.34924877280284e-06,-1.716265638758117e-06,0.0007267529839311,0.004363438055128,0.0020759811538086,18.9910529460545,13.799960625932426,-4.8513850522673535e-06,8.731015774769282e-22,-1.4895443071719092,4.2967127206258695,-0.0348831700469211,0.0002334898939594,0.0027865522283721,0.0040072519835335,1.0,False,,,,,,,,,,,,,,,,,,40.0,8.144082724701532,30.0,0.01,-0.0090487684610392,-0.0005038588017366,0.0042268091566114,0.1440477818250656,-0.9876378178596495,-2.903432130813598,0.0,0.004886456723594354,4.851385052267353e-06
0.0152821416515616,-7.468174204284,-3.676918015967,-9.550745259298,0.1032964878095161,-0.9506560156500278,-2.8850318110397897,3.25800652069168e-06,3.56420209954315e-06,-1.8264148195585656e-06,0.0006281876755231,0.0038519447067943,0.0019302861956543,18.99165347590937,13.799960625932426,-5.162744830839546e-06,2.1175823681357513e-22,-1.4895443071719092,4.2967127206258695,-0.0348831700469211,0.0002255516292429,0.0024092238984036,0.0036197885638419,1.0,False,,,,,,,,,,,,,,,,,,40.0,8.169237660439112,30.0,0.01,-0.0090559743097946,-0.0006253357766341,0.0041950309256071,0.0941867381334304,-0.9422738552093506,-2.8807873725891118,0.0,0.004354090327153686,5.162744830839546e-06
0.0153822061799156,-7.468174204284,-3.676918015967,-9.550745259298,0.0520964060933514,-0.9032453555958542,-2.860576684119737,3.4566179226371785e-06,3.7814794964149855e-06,-1.93775493061812e-06,0.0005354702215492,0.0033089432200259,0.0017586143567816,18.99225386307949,13.799960625932426,-5.4774710237515945e-06,0.0,-1.4895443071719092,4.2967127206258695,-0.0348831700469211,0.0002224866081519,0.0020211774126244,0.003192788690673,1.0,False,,,,,,,,,,,,,,,,,,40.0,8.194386619412054,30.0,0.01,-0.0090605919471807,-0.0007473486988899,0.0041649902147484,0.0428752638399601,-0.8945191502571106,-2.856037139892578,0.0,0.0037853081839395427,5.477471023751594e-06
0.0154822192431327,-7.468174204284,-3.676918015967,-9.550745259298,0.0005485459692839,-0.8540163279356885,-2.8343911371732724,3.6518216341061695e-06,3.995028939559958e-06,-2.0471847151184006e-06,0.0004507716392265,0.0027472421768103,0.0015651765301237,18.992853941458797,13.799960625932426,-5.786797277688396e-06,0.0,-1.4895443071719092,4.2967127206258695,-0.0348831700469211,0.0002244047720209,0.0016314847671594,0.0027364597881291,1.0,False,,,,,,,,,,,,,,,,,,40.0,8.219522643785327,30.0,0.01,-0.0090626200943644,-0.0008697860760888,0.0041367123669725,-0.0087762475013732,-0.8452110290527344,-2.8293864727020264,0.0,0.0031937927639761484,5.786797277688395e-06
0.015582288535999,-7.468174204284,-3.676918015967,-9.550745259298,-0.0514671030782041,-0.8053305841532961,-2.805456464557899,3.841777460373422e-06,4.20283728816279e-06,-2.15367257324655e-06,0.0003746109510281,0.0021694461652765,0.0013499054346977,18.99345435721599,13.799960625932426,-6.087807559258032e-06,8.470329472543003e-22,-1.4895443071719092,4.2967127206258695,-0.0348831700469211,0.0002311000980563,0.0012424511468929,0.002252106259383,1.0,False,,,,,,,,,,,,,,,,,,40.0,8.244672800210829,30.0,0.01,-0.009062059467502,-0.0009927023371859,0.0041101849444037,-0.0607184916734695,-0.7967182397842407,-2.800055980682373,0.0,0.0025824551712061673,6.087807559258032e-06
0.0156823850940704,-7.468174204284,-3.676918015967,-9.550745259298,-0.1030552470121203,-0.7570030548748242,-2.774318038716146,4.02335858849349e-06,4.401483863598605e-06,-2.25546563634952e-06,0.0003076263736774,0.0015847693712404,0.0011150189711656,18.99405493656442,13.799960625932426,-6.375547017305792e-06,8.470329472543003e-22,-1.4895443071719092,4.2967127206258695,-0.0348831700469211,0.0002415468189898,0.0008606244498901,0.0017465325483225,1.0,False,,,,,,,,,,,,,,,,,,40.0,8.26982980912976,30.0,0.01,-0.0090589073418909,-0.0011159846496204,0.0040854346198226,-0.1121547445654869,-0.7484281659126282,-2.7686359882354736,0.0,0.0019619875768879863,6.3755470173057916e-06
0.0157824093195054,-7.468174204284,-3.676918015967,-9.550745259298,-0.1537979690489569,-0.7080472025266358,-2.7421874512088453,4.193016558290679e-06,4.58708671255392e-06,-2.3505746633959177e-06,0.0002516576325641,0.0010007226055219,0.0008661235489211,18.99465508191703,13.799960625932426,-6.644392644537753e-06,9.47011624621305e-22,-1.4895443071719092,4.2967127206258695,-0.0348831700469211,0.000257342070354,0.0004900807854713,0.0012282276587684,1.0,False,,,,,,,,,,,,,,,,,,40.0,8.294968638874362,30.0,0.0099999999999999,-0.0090531705954893,-0.0012394322129835,0.0040625004564165,-0.1627038270235061,-0.6993533968925476,-2.7363827228546143,0.0,0.0013471997992970416,6.644392644537752e-06
0.0158824237562874,-7.468174204284,-3.676918015967,-9.550745259298,-0.2034008868879847,-0.6588312881153715,-2.7092533039921824,4.349221133950487e-06,4.757971783835711e-06,-2.4381418152895736e-06,0.00020662027314,0.0004238763900774,0.0006053901809438,18.995255168537724,13.799960625932426,-6.891919578698077e-06,0.0,-1.4895443071719092,4.2967127206258695,-0.0348831700469211,0.0002774533090463,0.0001350063767563,0.0007026046840544,1.0,False,,,,,,,,,,,,,,,,,,40.0,8.320105008462138,30.0,0.01,-0.0090448524516044,-0.0013630438897408,0.0040413803932994,-0.2121337950229644,-0.6500192880630493,-2.70339584350586,0.0,0.0007673724014588114,6.891919578698077e-06
0.0159825226281202,-7.468174204284,-3.676918015967,-9.550745259298,-0.2521360296613426,-0.6091751818958959,-2.675752429105187,4.491132565776102e-06,4.913220405976174e-06,-2.517696334442608e-06,0.0001726643160247,-0.0001441404029227,0.0003345352155083,18.99585576176872,13.799960625932426,-7.116797124658048e-06,9.47011624621305e-22,-1.4895443071719092,4.2967127206258695,-0.0348831700469211,0.000302161982227,-0.0002040441629511,0.0001719515869668,1.0,False,,,,,,,,,,,,,,,,,,40.0,8.345262598892763,30.0,0.01,-0.0090339474463952,-0.0014868581100633,0.0040220699268297,-0.260579764842987,-0.6004762053489685,-2.66975474357605,0.0,0.00040311689644342684,7.1167971246580475e-06
0.0160826258288303,-7.468174204284,-3.676918015967,-9.550745259298,-0.2993760213368664,-0.5598748176533415,-2.6413959236695383,4.618840602665787e-06,5.052930762698884e-06,-2.5892885334362844e-06,0.0001474926207148,-0.0006955251631817,5.248259031457296e-05,18.99645638097298,13.799960625932426,-7.319167501488636e-06,8.470329472543003e-22,-1.4895443071719092,4.2967127206258695,-0.0348831700469211,0.0003270554129183,-0.0005212442025921,-0.0003600041474975,1.0,False,,,,,,,,,,,,,,,,,,40.0,8.370421277288884,30.0,0.01,-0.0090204677751564,-0.0016106975770901,0.0040045991600308,-0.3074660897254944,-0.5512674450874329,-2.635362386703491,0.0,0.0007129261869719597,7.319167501488635e-06
0.0161826988788521,-7.468174204284,-3.676918015967,-9.550745259298,-0.344580652381398,-0.5113487162772106,-2.606829354162844,4.730853800142236e-06,5.175471239854634e-06,-2.6520823193166437e-06,0.0001312293385819,-0.0012209212928044,-0.0002346389755083,18.997056819273112,13.799960625932426,-7.496667316969231e-06,2.576150136743263e-21,-1.4895443071719092,4.2967127206258695,-0.0348831700469211,0.0003518696692623,-0.0008119537948704,-0.0008830878564469,1.0,False,,,,,,,,,,,,,,,,,,40.0,8.395572377990545,30.0,0.01,-0.0090044276034559,-0.0017344412910541,0.0039889844499579,-0.3522152900695801,-0.5030338168144226,-2.600792169570923,0.0,0.0012501701449624345,7.49666731696923e-06
0.0162827689943669,-7.468174204284,-3.676918015967,-9.550745259298,-0.3872958039178076,-0.4642375286768618,-2.572237835541413,4.827330919864222e-06,5.2810155199188656e-06,-2.706166692717821e-06,0.000122737435454,-0.0017136796094019,-0.0005235407151836,18.9976572399662,13.799960625932426,-7.649548150072422e-06,2.576150136743263e-21,-1.4895443071719092,4.2967127206258695,-0.0348831700469211,0.0003749545816705,-0.0010728513500961,-0.0013907753968481,1.0,False,,,,,,,,,,,,,,,,,,40.0,8.420722741170156,30.0,0.01,-0.0089858339871499,-0.001858044657606,0.0039752305097595,-0.3944404125213623,-0.4561716318130493,-2.566246509552002,0.0,0.0017960671374413122,7.64954815007242e-06
0.0163828311055913,-7.468174204284,-3.676918015967,-9.550745259298,-0.4270515535706262,-0.4185020030172012,-2.5381903324000072,4.90895834933922e-06,5.370314498808981e-06,-2.751926437496956e-06,0.0001205753041829,-0.002166896224527,-0.000810581971653,18.998257612633548,13.799960625932426,-7.778897673132094e-06,1.894023249242609e-21,-1.4895443071719092,4.2967127206258695,-0.0348831700469211,0.0003944319307122,-0.0013006940820632,-0.0018760701323611,1.0,False,,,,,,,,,,,,,,,,,,40.0,8.445871092652183,30.0,0.01,-0.0089647000459252,-0.0019814232677794,0.0039633464295327,-0.4336177110671997,-0.4107216000556946,-2.5324087142944336,0.0,0.0023166831429043185,7.778897673132092e-06
0.0164828399161998,-7.468174204284,-3.676918015967,-9.550745259298,-0.4633579601593567,-0.37425138423597,-2.505461526510117,4.97654051050577e-06,5.444248200043667e-06,-2.789812506756933e-06,0.0001238000220423,-0.0025732053916532,-0.001089777100781,18.9988576654972,13.799960625932426,-7.885990599743392e-06,1.694065894508601e-21,-1.4895443071719092,4.2967127206258695,-0.0348831700469211,0.0004095210367531,-0.0014927721036991,-0.0023298606244477,1.0,False,,,,,,,,,,,,,,,,,,40.0,8.471006048228347,30.0,0.01,-0.0089410510345244,-0.0021044435163815,0.003953343380531,-0.4692556262016296,-0.3667432367801666,-2.499964475631714,0.0,0.0027971997716426003,7.88599059974339e-06
0.0165828661677349,-7.468174204284,-3.676918015967,-9.550745259298,-0.4957961094906106,-0.3314854742007194,-2.474593869459139,5.032003574648436e-06,5.504923821289022e-06,-2.820904698146037e-06,0.0001306120819264,-0.0029273590615466,-0.0013573827100272,18.99945782300641,13.799960625932426,-7.973879204596239e-06,4.235164736271503e-22,-1.4895443071719092,4.2967127206258695,-0.0348831700469211,0.0004184686027027,-0.0016473468576653,-0.0027459262138188,1.0,False,,,,,,,,,,,,,,,,,,40.0,8.496145387187454,30.0,0.01,-0.0089148865306277,-0.0022271148249643,0.0039452196012968,-0.5009939670562744,-0.3242386281490326,-2.469484567642212,0.0,0.0032293928860770292,7.973879204596239e-06
0.0166829703922076,-7.468174204284,-3.676918015967,-9.550745259298,-0.5240934286355554,-0.2902902080911999,-2.446165217382805,5.077295724693882e-06,5.554472640562269e-06,-2.8462951488794243e-06,0.0001398554187215,-0.0032257375155591,-0.0016085063925972,19.000058448353244,13.799960625932426,-8.045650642756252e-06,4.235164736271503e-22,-1.4895443071719092,4.2967127206258695,-0.0348831700469211,0.0004208911808133,-0.0017642633406174,-0.0031180860076855,1.0,False,,,,,,,,,,,,,,,,,,40.0,8.521304322883172,30.0,0.01,-0.0088862036639004,-0.0023494332705517,0.0039389780084315,-0.5285181403160095,-0.2833790779113769,-2.441561460494995,0.0,0.0036072475479868604,8.045650642756252e-06
0.0167830523524162,-7.468174204284,-3.676918015967,-9.550745259298,-0.5479612627088019,-0.2507649081155851,-2.4207314810296787,5.114632540558035e-06,5.595318463505869e-06,-2.8672258969845388e-06,0.0001502037591154,-0.0034653898998387,-0.0018384459786586,19.000658940114494,13.799960625932426,-8.104815795397426e-06,8.470329472543003e-22,-1.4895443071719092,4.2967127206258695,-0.0348831700469211,0.0004163573611725,-0.0018438760492134,-0.003440659763263,1.0,False,,,,,,,,,,,,,,,,,,40.0,8.546457662959046,30.0,0.01,-0.0088550472125934,-0.0024711986294367,0.0039346303761105,-0.551588237285614,-0.2441663295030594,-2.416715621948242,0.0,0.003925732026463657,8.104815795397426e-06
0.0168831242719931,-7.468174204284,-3.676918015967,-9.550745259298,-0.5673192348993152,-0.2127241797268795,-2.3986804766244383,5.146431695738724e-06,5.630106182603083e-06,-2.8850522726847086e-06,0.0001601558145247,-0.0036459325522286,-0.0020443442797712,19.00125937163196,13.799960625932426,-8.155205787864143e-06,8.470329472543003e-22,-1.4895443071719092,4.2967127206258695,-0.0348831700469211,0.0004043267014967,-0.0018877907752237,-0.0037108736844572,1.0,False,,,,,,,,,,,,,,,,,,40.0,8.571608479548916,30.0,0.01,-0.0088214342810934,-0.0025923490008834,0.0039321780074112,-0.5701541304588318,-0.2063900679349899,-2.3953001499176025,0.0,0.004183039277195404,8.155205787864143e-06
0.0169832071010153,-7.468174204284,-3.676918015967,-9.550745259298,-0.5820701642667179,-0.1759538845109119,-2.3803906415835034,5.1749458999512095e-06,5.66130022284686e-06,-2.90103712870352e-06,0.0001683002389837,-0.0037670719436788,-0.0022232188407238,19.00185986860609,13.799960625932426,-8.200390338437806e-06,0.0,-1.4895443071719092,4.2967127206258695,-0.0348831700469211,0.000384404090289,-0.0018977087413385,-0.0039259130201087,1.0,False,,,,,,,,,,,,,,,,,,40.0,8.596762037981438,30.0,0.01,-0.0087853790666538,-0.0027128330907464,0.0039316219651628,-0.5841024518013,-0.1698316782712936,-2.377680540084839,0.0,0.004377425957459842,8.200390338437806e-06
0.0170833066828068,-7.468174204284,-3.676918015967,-9.550745259298,-0.5920259427729219,-0.1403965241151132,-2.3661602328559037,5.202189117040772e-06,5.691103825427837e-06,-2.9163094785618816e-06,0.0001732836204231,-0.0038283563416321,-0.0023718594408622,19.00246046609684,13.799960625932426,-8.243560840802152e-06,4.235164736271503e-22,-1.4895443071719092,4.2967127206258695,-0.0348831700469211,0.0003562810666631,-0.0018752890317458,-0.0040826966024652,1.0,False,,,,,,,,,,,,,,,,,,40.0,8.62191980684413,30.0,0.01,-0.0087469012703575,-0.0028325814047071,0.0039329633550701,-0.5932337641716003,-0.1345139592885971,-2.364176034927368,0.0,0.004506889914212327,8.243560840802152e-06
0.0171833221712686,-7.468174204284,-3.676918015967,-9.550745259298,-0.5972708952093546,-0.1059564508428585,-2.356144921147822,5.2295050280742176e-06,5.720986953910856e-06,-2.93162258011781e-06,0.0001743948188741,-0.0038318923684424,-0.0024874632744598,19.00306055902761,13.799960625932426,-8.286846536392983e-06,1.7462031549538564e-21,-1.4895443071719092,4.2967127206258695,-0.0348831700469211,0.0003207486729728,-0.0018237896396037,-0.0041799758201722,1.0,False,,,,,,,,,,,,,,,,,,40.0,8.64705644074788,30.0,0.01,-0.008706066407615,-0.0029513983985302,0.0039361980640398,-0.5976962447166443,-0.1002330854535102,-2.3548738956451416,0.0,0.004571792451321856,8.286846536392981e-06
0.0172833310461149,-7.468174204284,-3.676918015967,-9.550745259298,-0.5978428311853373,-0.0724233844741878,-2.3504357040392123,5.257926951103627e-06,5.752080040155808e-06,-2.9475557039748645e-06,0.0001708329351936,-0.00377938735619,-0.0025677102457282,19.00366061227669,13.799960625932426,-8.331884855153454e-06,1.894023249242609e-21,-1.4895443071719092,4.2967127206258695,-0.0348831700469211,0.0002782589888687,-0.0017459603247914,-0.004216667293641,1.0,False,,,,,,,,,,,,,,,,,,40.0,8.672191412468752,30.0,0.01,-0.0086628718985021,-0.0030693021642824,0.0039413239773548,-0.5974748134613037,-0.0668826550245285,-2.3499081134796143,0.0,0.00457231763834199,8.331884855153454e-06
0.0173833619757884,-7.468174204284,-3.676918015967,-9.550745259298,-0.5937350047204107,-0.0397429703442847,-2.3490394180171705,5.287945942925034e-06,5.784920291701195e-06,-2.9643841330104163e-06,0.0001620305128646,-0.0036725197614606,-0.0026100342132855,19.00426079785473,13.799960625932426,-8.379453941915159e-06,0.0,-1.4895443071719092,4.2967127206258695,-0.0348831700469211,0.0002295493420802,-0.0016445524493396,-0.0041915019051481,1.0,False,,,,,,,,,,,,,,,,,,40.0,8.697331927172268,30.0,0.01,-0.0086173321128895,-0.0031862517749433,0.0039483397628413,-0.5925884246826172,-0.034330166876316,-2.3492085933685303,0.0,0.0045084292031636304,8.379453941915159e-06
0.0174834470970299,-7.468174204284,-3.676918015967,-9.550745259298,-0.5849580519178076,-0.0077488802515467,-2.3517343608715,5.319696842756715e-06,5.819655220291343e-06,-2.982183457112012e-06,0.0001468427071195,-0.0035134723828433,-0.0026139041318294,19.00486130858218,13.799960625932426,-8.429767467360684e-06,4.235164736271503e-22,-1.4895443071719092,4.2967127206258695,-0.0348831700469211,0.0001742988398212,-0.0015219931205117,-0.004105082536513,1.0,False,,,,,,,,,,,,,,,,,,40.0,8.722486061702336,30.0,0.01,-0.0085694585576126,-0.0033022097003352,0.0039572453960262,-0.5830569863319397,-0.0024468242190778,-2.3525514602661133,0.0,0.004381614517050943,8.429767467360686e-06
0.0175834551628893,-7.468174204284,-3.676918015967,-9.550745259298,-0.571736548539438,0.0237895308983254,-2.358256040357426,5.352575355882038e-06,5.855623738084934e-06,-3.0006149130454987e-06,0.0001247402674677,-0.0033058722184174,-0.0025789412412241,19.00546135697733,13.799960625932426,-8.481867846106221e-06,1.694065894508601e-21,-1.4895443071719092,4.2967127206258695,-0.0348831700469211,0.0001130631412595,-0.0013815505962023,-0.0039590180424873,1.0,False,,,,,,,,,,,,,,,,,,40.0,8.74762083010263,30.0,0.01,-0.0085193450441155,-0.0034169509905691,0.0039680229267675,-0.5691065192222595,0.0290132723748683,-2.359714984893799,0.0,0.00419467390681545,8.48186784610622e-06
0.0176834717625509,-7.468174204284,-3.676918015967,-9.550745259298,-0.5542795124826749,0.0549933496599389,-2.3684410071152464,5.385449100056156e-06,5.891587038729392e-06,-3.019043695539537e-06,9.613701750953944e-05,-0.0030528550486986,-0.0025031250464329,19.006061456575303,13.799960625932426,-8.533960667814029e-06,1.694065894508601e-21,-1.4895443071719092,4.2967127206258695,-0.0348831700469211,4.76654857840942e-05,-0.0012265033459385,-0.0037534276090591,1.0,False,,,,,,,,,,,,,,,,,,40.0,8.772757743281339,30.0,0.01,-0.0084669826945667,-0.0035305024875454,0.0039806728370143,-0.5509710311889648,0.060200747102499,-2.3704607486724854,0.0,0.003949025357297654,8.533960667814029e-06
0.0177834772568444,-7.468174204284,-3.676918015967,-9.550745259298,-0.532880930989689,0.0861678161280709,-2.381790004569772,5.417095810263121e-06,5.926207985694028e-06,-3.036784611693385e-06,6.04196662166607e-05,-0.0027587877890926,-0.0023882137319745,19.006661489541067,13.799960625932426,-8.584109090936091e-06,1.7462031549538564e-21,-1.4895443071719092,4.2967127206258695,-0.0348831700469211,-2.1920364665573844e-05,-0.0010597450316083,-0.0034920746550579,1.0,False,,,,,,,,,,,,,,,,,,40.0,8.79789186537664,30.0,0.01,-0.0084124149538334,-0.0036427702119241,0.0039951845799209,-0.5289397239685059,0.0913915932178497,-2.384289503097534,0.0,0.003649400694758488,8.584109090936093e-06
0.0178835240449229,-7.468174204284,-3.676918015967,-9.550745259298,-0.5078413908876556,0.117478133768816,-2.3978822768555097,5.445974625080455e-06,5.957800903556699e-06,-3.052973865772124e-06,1.7769369014075914e-05,-0.0024279764613221,-0.0022349228302231,19.007261770269537,13.799960625932426,-8.629871415526931e-06,1.694065894508601e-21,-1.4895443071719092,4.2967127206258695,-0.0348831700469211,-9.467397270256232e-05,-0.0008843002236311,-0.0031779420160917,1.0,False,,,,,,,,,,,,,,,,,,40.0,8.823036365732058,30.0,0.01,-0.0083556467265189,-0.0037537414374028,0.0040115574285728,-0.503362238407135,0.1226923912763595,-2.400798320770264,0.0,0.0033000402276732593,8.629871415526933e-06
0.0179836169643012,-7.468174204284,-3.676918015967,-9.550745259298,-0.479555185162781,0.1490071447275587,-2.4163567633465086,5.470318099510986e-06,5.984432238431085e-06,-3.0666206409326683e-06,-3.078606506145312e-05,-0.0020654791418074,-0.0020435562883256,19.007862327785805,13.799960625932426,-8.66844688981856e-06,1.7462031549538564e-21,-1.4895443071719092,4.2967127206258695,-0.0348831700469211,-0.0001684797778492,-0.0007036572832653,-0.0028142059559958,1.0,False,,,,,,,,,,,,,,,,,,40.0,8.848192460147672,30.0,0.01,-0.0082967083276103,-0.0038633495622848,0.00402978424809,-0.4746072292327881,0.1542294174432754,-2.4195878505706787,0.0,0.0029057312626253836,8.668446889818559e-06
0.0180837142447045,-7.468174204284,-3.676918015967,-9.550745259298,-0.4483749527886071,0.1808105006263737,-2.4365779813923414,5.4887071768898965e-06,6.004549567167635e-06,-3.076929424303588e-06,-8.525978509194725e-05,-0.0016768029859899,-0.0018177370503399,19.008462911468225,13.799960625932426,-8.697586829710923e-06,1.7462031549538564e-21,-1.4895443071719092,4.2967127206258695,-0.0348831700469211,-0.000243132868671,-0.000520516782699,-0.002406876431406,1.0,False,,,,,,,,,,,,,,,,,,40.0,8.873349650608422,30.0,0.01,-0.0082356600238994,-0.0039714784208865,0.0040498472962788,-0.4430142641067505,0.1860532313585281,-2.4400148391723637,0.0,0.0024744909514801162,8.697586829710923e-06
0.0181838139297491,-7.468174204284,-3.676918015967,-9.550745259298,-0.4146586458436336,0.2129709568620302,-2.457937821991224,5.49994966219796e-06,6.016848649285671e-06,-3.08323188000615e-06,-0.0001456526610613,-0.0012673018254072,-0.0015616153721717,19.009063509578493,13.799960625932426,-8.71540204356681e-06,1.7462031549538564e-21,-1.4895443071719092,4.2967127206258695,-0.0348831700469211,-0.0003186266110572,-0.0003372067022939,-0.0019623149358888,1.0,False,,,,,,,,,,,,,,,,,,40.0,8.898507445421442,30.0,0.01,-0.00817254143054,-0.0040780573179403,0.0040717336697898,-0.4089552760124206,0.2182385921478271,-2.461482524871826,0.0,0.0020164104703550853,8.71540204356681e-06
0.0182839158970651,-7.468174204284,-3.676918015967,-9.550745259298,-0.378866284459211,0.2454661255552403,-2.4798940795587523,5.503033105912561e-06,6.020221882731219e-06,-3.084960436183021e-06,-0.0002112324528628,-0.0008430543732349,-0.0012792446624356,19.00966412138239,13.799960625932426,-8.720288170404693e-06,1.7462031549538564e-21,-1.4895443071719092,4.2967127206258695,-0.0348831700469211,-0.0003940715650366,-0.0001563942967033,-0.0014873046619073,1.0,False,,,,,,,,,,,,,,,,,,40.0,8.923665813831807,30.0,0.01,-0.0081073924273305,-0.0041830185600579,0.0040954296179368,-0.3728871345520019,0.2507930099964142,-2.4834835529327397,0.0,0.0015465531777934108,8.720288170404691e-06
0.0183839605430101,-7.468174204284,-3.676918015967,-9.550745259298,-0.3416189244121228,0.2782739285325066,-2.502036039484582,5.497193585900761e-06,6.013833550063928e-06,-3.0816868436285174e-06,-0.0002802755146743,-0.0004110348061325,-0.0009743708663427,19.010264389258055,13.799960625932426,-8.711034673960153e-06,0.0,-1.4895443071719092,4.2967127206258695,-0.0348831700469211,-0.0004673486996336,1.8779622003972075e-05,-0.0009890071182271,1.0,False,,,,,,,,,,,,,,,,,,40.0,8.948809775810357,30.0,0.01,-0.0080402946686689,-0.0042862346251965,0.0041209045583148,-0.3355001807212829,0.2835988998413086,-2.505605459213257,0.0,0.001094030420580593,8.711034673960153e-06
0.0184840449533815,-7.468174204284,-3.676918015967,-9.550745259298,-0.3035313963134,0.3113694862051283,-2.523919618415192,5.482247685480349e-06,5.997482996644322e-06,-3.0733082802812317e-06,-0.0003513218759825,2.2043409452907142e-05,-0.0006517928423679,19.01086489572029,13.799960625932426,-8.687350906095458e-06,0.0,-1.4895443071719092,4.2967127206258695,-0.0348831700469211,-0.0005369862028984,0.0001857708131957,-0.0004752703490304,1.0,False,,,,,,,,,,,,,,,,,,40.0,8.973963731679298,30.0,0.01,-0.0079712260212526,-0.0043877408085919,0.0041481666208967,-0.2973843514919281,0.3167126774787903,-2.5273754596710205,0.0,0.0007407745148195892,8.687350906095458e-06
0.0185841415114465,-7.468174204284,-3.676918015967,-9.550745259298,-0.2655027500666641,0.3446816031860965,-2.5449993042736154,5.458744833165203e-06,5.971771287648384e-06,-3.0601327517800903e-06,-0.0004225301473752,0.0004473963733289,-0.0003184978699281,19.01146547506868,13.799960625932426,-8.65010750939586e-06,4.235164736271503e-22,-1.4895443071719092,4.2967127206258695,-0.0348831700469211,-0.0006013505532474,0.0003415540503847,4.30636300424957e-05,1.0,False,,,,,,,,,,,,,,,,,,40.0,8.99912074059663,30.0,0.01,-0.0079002477336932,-0.0044874435114035,0.0041771924157545,-0.2594510912895202,0.3500322699546814,-2.548283338546753,0.0,0.0006929185619230428,8.65010750939586e-06
0.0186841992505588,-7.468174204284,-3.676918015967,-9.550745259298,-0.2281866710447042,0.3780268067247309,-2.564847379589396,5.427762099236773e-06,5.937876719109016e-06,-3.042764055911025e-06,-0.0004927264110424,0.0008586443555189,1.9081592387216597e-05,19.012065821503352,13.799960625932426,-8.601011245033467e-06,0.0,-1.4895443071719092,4.2967127206258695,-0.0348831700469211,-0.0006598440509163,0.0004845018350078,0.0005570254508688,1.0,False,,,,,,,,,,,,,,,,,,40.0,9.024267993247037,30.0,0.01,-0.0078274415903621,-0.0045852296444847,0.0042079481052891,-0.2223542630672454,0.3833361864089966,-2.5678677558898926,0.0,0.0009901583472208993,8.601011245033467e-06
0.0187842589660396,-7.468174204284,-3.676918015967,-9.550745259298,-0.1923234947525184,0.4113178469204859,-2.5830080774408044,5.391023662907164e-06,5.897685512901077e-06,-3.022168755031897e-06,-0.0005611039851289,0.0012495765284145,0.0003535551866579,19.01266617979624,13.799960625932426,-8.542794304383037e-06,0.0,-1.4895443071719092,4.2967127206258695,-0.0348831700469211,-0.0007125566973755,0.0006134258944265,0.0010570014558065,1.0,False,,,,,,,,,,,,,,,,,,40.0,9.049415742612997,30.0,0.0099999999999999,-0.0077528249781544,-0.0046810782686214,0.004240425816017,-0.1869050413370132,0.4165322184562683,-2.5856804847717285,0.0,0.0014146661982618615,8.542794304383037e-06
0.0188843318358745,-7.468174204284,-3.676918015967,-9.550745259298,-0.1592179864890473,0.4440747349990293,-2.599104597170764,5.350960025321936e-06,5.853856594729887e-06,-2.99970937045229e-06,-0.000624420379063,0.0016101310393876,0.0006772442169461,19.013266617015248,13.799960625932426,-8.479308139903585e-06,1.7462031549538564e-21,-1.4895443071719092,4.2967127206258695,-0.0348831700469211,-0.000756478748809,0.0007251466691614,0.0015306811274658,1.0,False,,,,,,,,,,,,,,,,,,40.0,9.074566798028762,30.0,0.01,-0.0076764363479177,-0.0047749390249003,0.0042746090236244,-0.154285579919815,0.4492568075656891,-2.601452350616455,0.0,0.001855015499443471,8.479308139903585e-06
0.0189843462061661,-7.468174204284,-3.676918015967,-9.550745259298,-0.1292473853886203,0.4766124088772602,-2.613231836761057,5.309312668436523e-06,5.808295115368605e-06,-2.9763621643224468e-06,-0.0006818050134518,0.0019391684454136,0.0009875329558433,19.013866703237,13.799960625932426,-8.413312361468909e-06,4.235164736271503e-22,-1.4895443071719092,4.2967127206258695,-0.0348831700469211,-0.0007913758694149,0.0008203123021427,0.0019751621794663,1.0,False,,,,,,,,,,,,,,,,,,40.0,9.099703150905697,30.0,0.01,-0.0075983798577913,-0.0048666867620189,0.0043104504981613,-0.1247792989015579,0.481725126504898,-2.6153037548065186,0.0,0.0022804503228381037,8.413312361468909e-06
0.0190843855468237,-7.468174204284,-3.676918015967,-9.550745259298,-0.1023378356027319,0.5086293159702944,-2.625487160909742,5.267461454286091e-06,5.762510619728085e-06,-2.9529006772887624e-06,-0.0007334267264712,0.0022382657711143,0.0012831858962174,19.01446693928094,13.799960625932426,-8.346993544073288e-06,1.694065894508601e-21,-1.4895443071719092,4.2967127206258695,-0.0348831700469211,-0.000818200218897,0.0009006889931192,0.0023903184325453,1.0,False,,,,,,,,,,,,,,,,,,40.0,9.124845779520063,30.0,0.01,-0.0075186405730334,-0.0049563410812418,0.0043479566488099,-0.0984396263957023,0.513697624206543,-2.627253293991089,0.0,0.0026822219277113156,8.346993544073288e-06
0.0191844792167235,-7.468174204284,-3.676918015967,-9.550745259298,-0.0793153491893305,0.5407340302051573,-2.6358627599071034,5.227459879362111e-06,5.718749597021839e-06,-2.930476084586802e-06,-0.0007774769562826,0.0025038226593317,0.0015606304938992,19.01506750130034,13.799960625932426,-8.283605726138418e-06,4.235164736271503e-22,-1.4895443071719092,4.2967127206258695,-0.0348831700469211,-0.0008355508468911,0.000965773766798,0.0027709748607747,1.0,False,,,,,,,,,,,,,,,,,,40.0,9.150002062562322,30.0,0.01,-0.0074372435650189,-0.0050438690531884,0.004387116721592,-0.0760331377387046,0.5456912517547607,-2.6373207569122314,0.0,0.0030510925691334544,8.283605726138418e-06
0.0192844992052926,-7.468174204284,-3.676918015967,-9.550745259298,-0.060227016307009,0.5719830865999777,-2.644316472428572,5.190966612037743e-06,5.67882660141375e-06,-2.910018223673379e-06,-0.0008142154693659,0.0027360685782009,0.0018170329377136,19.015667621231756,13.799960625932426,-8.225777288398112e-06,1.694065894508601e-21,-1.4895443071719092,4.2967127206258695,-0.0348831700469211,-0.0008446402641056,0.0010169699480458,0.003114960953356,1.0,False,,,,,,,,,,,,,,,,,,40.0,9.175139827466374,30.0,0.01,-0.007354344830749,-0.0051291040648415,0.0044278554179716,-0.0576383620500564,0.5767924785614014,-2.645460367202759,0.0,0.0033838774788560446,8.225777288398114e-06
0.0193845151557443,-7.468174204284,-3.676918015967,-9.550745259298,-0.0456945237666116,0.6024443700905269,-2.6507382275297027,5.160073275039667e-06,5.6450298315512216e-06,-2.892699643074921e-06,-0.0008431186255727,0.0029327929476591,0.0020483440455044,19.016267716934465,13.799960625932426,-8.176822685366705e-06,4.235164736271503e-22,-1.4895443071719092,4.2967127206258695,-0.0348831700469211,-0.0008457443104372,0.0010546072139997,0.0034176537280601,1.0,False,,,,,,,,,,,,,,,,,,40.0,9.200276577480864,30.0,0.01,-0.0072699408587047,-0.0052120541945705,0.0044701734847537,-0.0438760519027709,0.6071398258209229,-2.6515612602233887,0.0,0.003675300915487041,8.176822685366705e-06
0.0194845327065371,-7.468174204284,-3.676918015967,-9.550745259298,-0.0362556850540657,0.6321434896340218,-2.6551239910936504,5.1364997467150055e-06,5.619240804238115e-06,-2.87948449411558e-06,-0.0008633570421824,0.0030924602410723,0.0022518489245891,19.01686782223922,13.799960625932426,-8.13946729312613e-06,1.694065894508601e-21,-1.4895443071719092,4.2967127206258695,-0.0348831700469211,-0.0008385983436363,0.0010790487096469,0.003675857179534,1.0,False,,,,,,,,,,,,,,,,,,40.0,9.225413729704902,30.0,0.0099999999999999,-0.0071840802763586,-0.0052926717901034,0.0045140465111779,-0.0352726429700851,0.6367200613021851,-2.6556203365325928,0.0,0.003921673023605101,8.13946729312613e-06
0.0195846310622058,-7.468174204284,-3.676918015967,-9.550745259298,-0.0322579490405533,0.661062043999929,-2.6574228977326406,5.121648724886568e-06,5.602994046337202e-06,-2.871159119018637e-06,-0.0008750146700595,0.0032148512718097,0.0024250776204272,19.017468412373237,13.799960625932426,-8.115933873014627e-06,0.0,-1.4895443071719092,4.2967127206258695,-0.0348831700469211,-0.0008240234738146,0.0010912388414289,0.0038874289631236,1.0,False,,,,,,,,,,,,,,,,,,40.0,9.25057119040932,30.0,0.0099999999999999,-0.007096747621885,-0.0053709667953392,0.0045594833999732,-0.0321772880852222,0.665485143661499,-2.657585620880127,0.0,0.004120912621953131,8.115933873014627e-06
0.019684648213095,-7.468174204284,-3.676918015967,-9.550745259298,-0.0340261119666733,0.689241711399285,-2.6575131495840854,5.1167154241434845e-06,5.5975971016857705e-06,-2.868393546411805e-06,-0.0008786289062904,0.0032997111185259,0.0025649611670805,19.018068515278568,13.799960625932426,-8.108116401579696e-06,0.0,-1.4895443071719092,4.2967127206258695,-0.0348831700469211,-0.0008034392370452,0.0010921977719196,0.0040497774542206,1.0,False,,,,,,,,,,,,,,,,,,40.0,9.275708242126653,30.0,0.01,-0.007008139424713,-0.0054467630406028,0.0046063818972491,-0.0347781553864479,0.69356769323349,-2.657356739044189,0.0,0.004270726871309317,8.108116401579696e-06
0.0197846724356722,-7.468174204284,-3.676918015967,-9.550745259298,-0.0416305628084111,0.7167002517412407,-2.655593709523418,5.121694146637675e-06,5.6030437369377695e-06,-2.8711845821227862e-06,-0.0008734491872302,0.0033482725443772,0.0026725404040145,19.018668660614036,13.799960625932426,-8.116005849822916e-06,4.235164736271503e-22,-1.4895443071719092,4.2967127206258695,-0.0348831700469211,-0.0007761353763979,0.0010827114233018,0.0041643324286792,1.0,False,,,,,,,,,,,,,,,,,,40.0,9.300847071152996,30.0,0.01,-0.0069182349831168,-0.0055200822214711,0.0046547520864785,-0.0432580448687076,0.7208950519561768,-2.655125856399536,0.0,0.004372220800141874,8.116005849822915e-06
0.0198847413709579,-7.468174204284,-3.676918015967,-9.550745259298,-0.0549208993818583,0.7433586111935968,-2.6516721962425605,5.136341228934465e-06,5.619067388561192e-06,-2.8793956301978147e-06,-0.0008604949154818,0.0033627711944487,0.0027475938256498,19.019269074225747,13.799960625932426,-8.139216100611053e-06,4.235164736271503e-22,-1.4895443071719092,4.2967127206258695,-0.0348831700469211,-0.0007436774795851,0.0010642693959664,0.0042322840046127,1.0,False,,,,,,,,,,,,,,,,,,40.0,9.32599713770869,30.0,0.01,-0.0068270563208296,-0.0055909036321593,0.0047045827198729,-0.0575369149446487,0.7473819255828857,-2.6508822441101074,0.0,0.0044269575824185245,8.139216100611052e-06
0.019984816970151,-7.468174204284,-3.676918015967,-9.550745259298,-0.0744961719211882,0.7690014158028071,-2.645676609040676,5.161055185189736e-06,5.6461040240662535e-06,-2.8932500947815644e-06,-0.0008383875562717,0.0033401503280072,0.0027873483533601,19.019869527820905,13.799960625932426,-8.178378652648978e-06,1.7462031549538564e-21,-1.4895443071719092,4.2967127206258695,-0.0348831700469211,-0.0007049350201587,0.0010362628678917,0.0042494746307232,1.0,False,,,,,,,,,,,,,,,,,,40.0,9.351148879086985,30.0,0.01,-0.0067346948242688,-0.005659153602923,0.0047558244419331,-0.0780293941497802,0.772823691368103,-2.644574880599976,0.0,0.004430441146339391,8.17837865264898e-06
0.0200849123784196,-7.468174204284,-3.676918015967,-9.550745259298,-0.1000918006216236,0.793415888103739,-2.637592125584536,5.194775863559481e-06,5.6829938558944455e-06,-2.912153662441397e-06,-0.0008082857777725,0.0032825387897824,0.0027917265213086,19.020470100270515,13.799960625932426,-8.231813554279824e-06,0.0,-1.4895443071719092,4.2967127206258695,-0.0348831700469211,-0.0006615269626061,0.0009999755260563,0.0042171737929313,1.0,False,,,,,,,,,,,,,,,,,,40.0,9.376305599028974,30.0,0.01,-0.0066411963402526,-0.0057247968883286,0.004808452116596,-0.1045045033097267,0.7970210313796997,-2.636182308197021,0.0,0.0043843042520738925,8.231813554279823e-06
0.0201849292452611,-7.468174204284,-3.676918015967,-9.550745259298,-0.1315160670775543,0.816790698245775,-2.627459147817745,5.235960444648839e-06,5.728049066636113e-06,-2.935241439817284e-06,-0.0007704982557548,0.0031914732935892,0.0027614368962733,19.021070201471566,13.799960625932426,-8.29707600289034e-06,0.0,-1.4895443071719092,4.2967127206258695,-0.0348831700469211,-0.0006138932095563,0.000956181331797,0.0041368533290289,1.0,False,,,,,,,,,,,,,,,,,,40.0,9.401442579357326,30.0,0.01,-0.0065467128010633,-0.005787729816406,0.0048623795689639,-0.1368442624807357,0.8202584981918335,-2.6257240772247314,0.0,0.004290070288225334,8.297076002890342e-06
0.0202849884220528,-7.468174204284,-3.676918015967,-9.550745259298,-0.1686919093230851,0.839228157388256,-2.6151210495699164,5.283193277925487e-06,5.779720959391033e-06,-2.9617198234909597e-06,-0.0007260681935134,0.0030675921958995,0.0026954499134642,19.02167055653232,13.799960625932426,-8.37192271185063e-06,1.7462031549538564e-21,-1.4895443071719092,4.2967127206258695,-0.0348831700469211,-0.0005634795312347,0.0009054657566056,0.0040081628858448,1.0,False,,,,,,,,,,,,,,,,,,40.0,9.426590193335963,30.0,0.01,-0.0064511903762735,-0.0058479900698135,0.0049176371228911,-0.1747386902570724,0.8425179123878479,-2.6130826473236084,0.0,0.004147619454333954,8.37192271185063e-06
0.020385061148438,-7.468174204284,-3.676918015967,-9.550745259298,-0.2108726020707479,0.8605599590120748,-2.600619990057881,5.333967131630233e-06,5.835266666505804e-06,-2.990183277527497e-06,-0.0006770809142578,0.0029150051328672,0.002595800085001,19.022270992890626,13.799960625932426,-8.452380638834865e-06,0.0,-1.4895443071719092,4.2967127206258695,-0.0348831700469211,-0.0005125658813587,0.0008493473063986,0.0038353300954111,1.0,False,,,,,,,,,,,,,,,,,,40.0,9.451741212698863,30.0,0.01,-0.0063547160976424,-0.0059055199565157,0.004974175043317,-0.2176916450262069,0.8636727929115295,-2.598234176635742,0.0,0.003961549137696704,8.452380638834865e-06
0.0204850947007721,-7.468174204284,-3.676918015967,-9.550745259298,-0.2582847671463599,0.8805017823538742,-2.5838478398341693,5.386624756998466e-06,5.892873186843452e-06,-3.0197027602923406e-06,-0.0006227697890369,0.0027313043456164,0.0024607561811093,19.022871194204637,13.799960625932426,-8.535823652667883e-06,1.7462031549538564e-21,-1.4895443071719092,4.2967127206258695,-0.0348831700469211,-0.0004604060985285,0.0007870120169086,0.0036154978814912,1.0,False,,,,,,,,,,,,,,,,,,40.0,9.4768823865489,30.0,0.01,-0.0062574021308567,-0.0059602538560834,0.0050319273190092,-0.2658514976501465,0.8833790421485901,-2.58111310005188,0.0,0.0037286977111838553,8.535823652667883e-06
0.0205851726002566,-7.468174204284,-3.676918015967,-9.550745259298,-0.3106391463008723,0.8988627105657063,-2.564717769200848,5.438729364764533e-06,5.94987471560536e-06,-3.0489122254014004e-06,-0.0005640646158985,0.0025173066564716,0.0022904283299416,19.02347166160154,13.799960625932426,-8.618390336527704e-06,0.0,-1.4895443071719092,4.2967127206258695,-0.0348831700469211,-0.0004080185108858,0.0007186999682726,0.0033493364833357,1.0,False,,,,,,,,,,,,,,,,,,40.0,9.502034706053484,30.0,0.01,-0.0061592287221928,-0.0060122026255133,0.0050909057285993,-0.3189010918140411,0.901494026184082,-2.561645746231079,0.0,0.003449791823896627,8.618390336527704e-06
0.0206852654134806,-7.468174204284,-3.676918015967,-9.550745259298,-0.3675838518676781,0.915808914853218,-2.5432103974074307,5.487475408869276e-06,6.00320203451621e-06,-3.0762389040873773e-06,-0.0005016805124184,0.0022744355942263,0.0020861243085035,19.02407221848088,13.799960625932426,-8.695634929387577e-06,1.7462031549538564e-21,-1.4895443071719092,4.2967127206258695,-0.0348831700469211,-0.000355990993765,0.0006446588433464,0.0030388057896822,1.0,False,,,,,,,,,,,,,,,,,,40.0,9.527190773789616,30.0,0.01,-0.0060602861327341,-0.0060613156237856,0.0051510566778324,-0.3764304220676422,0.9181856513023376,-2.5398101806640625,0.0,0.003126764340233069,8.695634929387577e-06
0.0207852841373362,-7.468174204284,-3.676918015967,-9.550745259298,-0.4286949745699218,0.9310359030616574,-2.519417696146164,5.529932603764616e-06,6.049649462483467e-06,-3.100040099530434e-06,-0.0004356668659269,0.0020038862124109,0.0018498376355319,19.024672330824018,13.799960625932426,-8.762914003903159e-06,1.694065894508601e-21,-1.4895443071719092,4.2967127206258695,-0.0348831700469211,-0.0003040246507443,0.0005648917363059,0.0026862113070607,1.0,False,,,,,,,,,,,,,,,,,,40.0,9.5523282208365,30.0,0.01,-0.0059607255340106,-0.0061075206654406,0.0052122876387829,-0.4381218552589416,0.9331514835357666,-2.5156829357147217,0.0,0.002761750323289077,8.762914003903157e-06
0.0208853757354022,-7.468174204284,-3.676918015967,-9.550745259298,-0.4935380640821507,0.944524533186874,-2.4933430576218187,5.563277674442383e-06,6.086128386071958e-06,-3.118733104243076e-06,-0.0003668898661649,0.0017075556038308,0.001583571417751,19.02527288041241,13.799960625932426,-8.815753705169034e-06,4.235164736271503e-22,-1.4895443071719092,4.2967127206258695,-0.0348831700469211,-0.000252739467691,0.0004796409178209,0.00229436703703,1.0,False,,,,,,,,,,,,,,,,,,40.0,9.577483983170122,30.0,0.0099999999999999,-0.0058604636559604,-0.0061508564534297,0.0052746498107902,-0.5033873915672302,0.9463738203048706,-2.4893009662628174,0.0,0.0023575522792053582,8.815753705169034e-06
0.0209854240885666,-7.468174204284,-3.676918015967,-9.550745259298,-0.561401565175183,0.9563336241971616,-2.46509030464013,5.584764803214608e-06,6.109634928798846e-06,-3.130778632749576e-06,-0.0002968485269593,0.0013891193820056,0.0012908548885217,19.0258731705314,13.799960625932426,-8.849802919709845e-06,1.694065894508601e-21,-1.4895443071719092,4.2967127206258695,-0.0348831700469211,-0.0002032871690659,0.0003896089332356,0.0018684103550019,1.0,False,,,,,,,,,,,,,,,,,,40.0,9.60262887687451,30.0,0.0099999999999999,-0.0057596799140819,-0.006191244030234,0.0053380319074929,-0.5715773105621338,0.9579310417175292,-2.4607696533203125,0.0,0.0019193952299205853,8.849802919709843e-06
0.0210855128052303,-7.468174204284,-3.676918015967,-9.550745259298,-0.63165687992681,0.9665576086768,-2.4348186536117398,5.592044448820099e-06,6.11759873365505e-06,-3.134859549264188e-06,-0.0002266152094036,0.0010522476889169,0.0009758277432167,19.02647370283138,13.799960625932426,-8.861338486775596e-06,0.0,-1.4895443071719092,4.2967127206258695,-0.0348831700469211,-0.0001562313738702,0.0002953740891904,0.0014139184352886,1.0,False,,,,,,,,,,,,,,,,,,40.0,9.627783915032756,30.0,0.01,-0.0056583538849062,-0.0062286917165859,0.0054024467431803,-0.6421291828155518,0.967921495437622,-2.4302210807800293,0.0,0.001452865938892984,8.861338486775596e-06
0.02118556835982,-7.468174204284,-3.676918015967,-9.550745259298,-0.7033957111377157,0.9751603262733908,-2.402811184099416,5.583348031134294e-06,6.108085004944749e-06,-3.129984400599644e-06,-0.0001577971613351,0.0007023008041165,0.0006440963964769,19.02707403615892,13.799960625932426,-8.847557855837915e-06,4.235164736271503e-22,-1.4895443071719092,4.2967127206258695,-0.0348831700469211,-0.0001125750675518,0.0001979700955643,0.0009386805777104,1.0,False,,,,,,,,,,,,,,,,,,40.0,9.65293061865274,30.0,0.01,-0.0055566240145543,-0.0062631480070916,0.0054678063793574,-0.7139163613319397,0.9762856960296632,-2.398029565811157,0.0,0.0009659122794242891,8.847557855837915e-06
0.021285614273752,-7.468174204284,-3.676918015967,-9.550745259298,-0.7758697461838369,0.9822968735865548,-2.3693816374447665,5.557641678431833e-06,6.0799627050991816e-06,-3.115573605767164e-06,-9.16023809959142e-05,0.0003443427683101,0.0003013782010822,19.02767431164251,13.799960625932426,-8.806822719584662e-06,0.0,-1.4895443071719092,4.2967127206258695,-0.0348831700469211,-7.284648768186971e-05,9.829720741740684e-05,0.000450358531201,1.0,False,,,,,,,,,,,,,,,,,,40.0,9.678074899311172,30.0,0.01,-0.0054545309905531,-0.0062946011269841,0.0055340842354688,-0.7864581346511841,0.9832216501235962,-2.3644044399261475,0.0,0.00046668164564200165,8.806822719584662e-06
0.0213856659136446,-7.468174204284,-3.676918015967,-9.550745259298,-0.8484845750349944,0.9881044423482728,-2.3348071730243536,5.514575290203332e-06,6.032848830289877e-06,-3.091430900961067e-06,-2.909379104259209e-05,-1.737853433492133e-05,-4.741776211484263e-05,19.028274621481867,13.799960625932426,-8.73857829717558e-06,1.7462031549538564e-21,-1.4895443071719092,4.2967127206258695,-0.0348831700469211,-3.749732359063458e-05,-2.961314562072188e-06,-4.452064281256006e-05,1.0,False,,,,,,,,,,,,,,,,,,40.0,9.703220619060478,30.0,0.01,-0.0053521237059576,-0.0063230361959438,0.0056012485305429,-0.858944296836853,0.9888524413108826,-2.3297371864318848,0.0,5.8282984625359194e-05,8.73857829717558e-06
0.0214857163901197,-7.468174204284,-3.676918015967,-9.550745259298,-0.9205002162314826,0.9928401944296796,-2.299480068936976,5.454666533886548e-06,5.967309699631549e-06,-3.0578464867914274e-06,2.8298359116729788e-05,-0.0003772243773323,-0.0003962131371774,19.02887492434072,13.799960625932426,-8.643644901544795e-06,0.0,-1.4895443071719092,4.2967127206258695,-0.0348831700469211,-7.28662304142985e-06,-0.0001047017592196,-0.0005376507461125,1.0,False,,,,,,,,,,,,,,,,,,40.0,9.728366046411068,30.0,0.01,-0.0052494739380951,-0.0063484330714109,0.0056692522356193,-0.9308332800865172,0.9934465289115906,-2.29433274269104,0.0,0.0005477991219912624,8.643644901544795e-06
0.0215857318031156,-7.468174204284,-3.676918015967,-9.550745259298,-0.9911605332621136,0.9966924505887484,-2.263916076803117,5.379284452662007e-06,5.88484302239746e-06,-3.015587838933216e-06,7.971400865512354e-05,-0.0007294104096354,-0.0007383445637983,19.029475016818694,13.799960625932426,-8.524191963771884e-06,1.694065894508601e-21,-1.4895443071719092,4.2967127206258695,-0.0348831700469211,1.7699163127355097e-05,-0.0002057571026231,-0.0010202437542546,1.0,False,,,,,,,,,,,,,,,,,,40.0,9.753502661348142,30.0,0.01,-0.0051466814598841,-0.006370768750599,0.0057380288842838,-1.0012024641036987,0.9971899390220642,-2.258789300918579,0.0,0.0010409354272724381,8.524191963771884e-06
0.0216857710622858,-7.468174204284,-3.676918015967,-9.550745259298,-1.0596198441750078,0.9999003293439108,-2.228627928703516,5.290811067244647e-06,5.788054687550511e-06,-2.9659903009183197e-06,0.0001234399465794,-0.0010674394832953,-0.0010672928452176,19.030075252373717,13.799960625932426,-8.383994112622898e-06,4.235164736271503e-22,-1.4895443071719092,4.2967127206258695,-0.0348831700469211,3.636905161660764e-05,-0.0003046549416476,-0.0014831187231561,1.0,False,,,,,,,,,,,,,,,,,,40.0,9.778645269482531,30.0,0.01,-0.0050437507379522,-0.0063900427829457,0.005807575374072,-1.069209098815918,1.0003278255462646,-2.223618984222412,0.0,0.0015145225281790766,8.383994112622898e-06
0.0217858023355842,-7.468174204284,-3.676918015967,-9.550745259298,-1.1251213925048842,1.0027819043307404,-2.1942007943747157,5.192377626320674e-06,5.680370226338324e-06,-2.9108092280438807e-06,0.0001583559923723,-0.001385295923295,-0.0013767217694356,19.030675440013503,13.799960625932426,-8.228013228273994e-06,0.0,-1.4895443071719092,4.2967127206258695,-0.0348831700469211,4.823507106147265e-05,-0.0003999919983063,-0.001917593289795,1.0,False,,,,,,,,,,,,,,,,,,40.0,9.803785870548392,30.0,0.01,-0.0049407795469654,-0.0064062361255457,0.0058778258031385,-1.134252429008484,1.003180742263794,-2.189368724822998,0.0,0.001959460192465224,8.228013228273994e-06
0.0218858435615604,-7.468174204284,-3.676918015967,-9.550745259298,-1.1871882815221426,1.0055863155511322,-2.1612565188584414,5.087302421572167e-06,5.565419791771652e-06,-2.8519048305535764e-06,0.0001849699453081,-0.0016788058066845,-0.0016611859540695,19.03127568736936,13.799960625932426,-8.061507585415552e-06,1.7462031549538564e-21,-1.4895443071719092,4.2967127206258695,-0.0348831700469211,5.447008468022672e-05,-0.000490787652045,-0.0023169596633731,1.0,False,,,,,,,,,,,,,,,,,,40.0,9.828928972995053,30.0,0.01,-0.0048378145128225,-0.0064193413549369,0.0059487483816615,-1.1957416534423828,1.0059998035430908,-2.1567025184631348,0.0,0.002368995903589255,8.06150758541555e-06
0.0219858982356122,-7.468174204284,-3.676918015967,-9.550745259298,-1.2453606595580506,1.0086108323337584,-2.1303119725161297,4.979254682433188e-06,5.447217456618474e-06,-2.7913340518488937e-06,0.0002030156803581,-0.0019441005458478,-0.0019165220480703,19.031876015413676,13.799960625932426,-7.890291566300514e-06,1.1978854817838859e-21,-1.4895443071719092,4.2967127206258695,-0.0348831700469211,5.520317497714419e-05,-0.0005760054726032,-0.002675625041851,1.0,False,,,,,,,,,,,,,,,,,,40.0,9.854075455311712,30.0,0.01,-0.004734917146159,-0.0064293495588402,0.0060203009782942,-1.253320813179016,1.0090727806091309,-2.1260910034179688,0.0,0.002737480421770456,7.890291566300514e-06
0.0220859898921223,-7.468174204284,-3.676918015967,-9.550745259298,-1.2993009676192993,1.0120986424992648,-2.1018694845670307,4.871836820034487e-06,5.329704195592645e-06,-2.731116377475228e-06,0.0002128987674863,-0.0021783039342559,-0.0021393580355197,19.03247656535273,13.799960625932426,-7.720073670689614e-06,9.47011624621305e-22,-1.4895443071719092,4.2967127206258695,-0.0348831700469211,5.117011992522781e-05,-0.00065477096112,-0.0029892880969615,1.0,False,,,,,,,,,,,,,,,,,,40.0,9.879231232333945,30.0,0.01,-0.0046321284100183,-0.0064362544161069,0.0060924556202113,-1.306583046913147,1.012650489807129,-2.0980708599090576,0.0,0.0030605860091385485,7.720073670689614e-06
0.0221860137213789,-7.468174204284,-3.676918015967,-9.550745259298,-1.3486487977466244,1.016395961726466,-2.076432160842329,4.7688218251598206e-06,5.217007594562283e-06,-2.673366918693944e-06,0.0002148127924445,-0.0023783826931397,-0.0023266279699718,19.033076708328277,13.799960625932426,-7.5568327045005e-06,9.47011624621305e-22,-1.4895443071719092,4.2967127206258695,-0.0348831700469211,4.277463738665915e-05,-0.0007260237236615,-0.0032537833923844,1.0,False,,,,,,,,,,,,,,,,,,40.0,9.904369962508042,30.0,0.01,-0.0045296208244044,-0.0064400457689519,0.006165090889916,-1.3552610874176023,1.0170892477035522,-2.0730907917022705,0.0,0.0033340735566989754,7.556832704500499e-06
0.0222860643272648,-7.468174204284,-3.676918015967,-9.550745259298,-1.3932577307733158,1.021711346075645,-2.0543646803056497,4.673272695327166e-06,5.11247851919175e-06,-2.619802769692413e-06,0.0002094751297823,-0.0025429350198135,-0.00247681300349,19.033677011963587,13.799960625932426,-7.405422394852002e-06,1.894023249242609e-21,-1.4895443071719092,4.2967127206258695,-0.0348831700469211,3.080885358863328e-05,-0.000789078885964,-0.0034671899754001,1.0,False,,,,,,,,,,,,,,,,,,40.0,9.929515422383126,30.0,0.01,-0.0044273621293722,-0.0064407267193139,0.0062382292281156,-1.3991373777389526,1.0225586891174316,-2.051554679870605,0.0,0.0035559810178413987,7.405422394852001e-06
0.0223861172498283,-7.468174204284,-3.676918015967,-9.550745259298,-1.432810739266957,1.02838552047807,-2.0360852754587957,4.588522217491225e-06,5.019762980066304e-06,-2.572292266658991e-06,0.0001970161389089,-0.002669307515019,-0.0025877864887824,19.03427732949897,13.799960625932426,-7.271123986122667e-06,0.0,-1.4895443071719092,4.2967127206258695,-0.0348831700469211,1.541053882572816e-05,-0.0008427650490878,-0.0036263158256806,1.0,False,,,,,,,,,,,,,,,,,,40.0,9.954661464502774,30.0,0.01,-0.0043254420963657,-0.0064382953131365,0.0063118067248475,-1.4379616975784302,1.029446363449097,-2.033836603164673,0.0,0.003722990314283966,7.271123986122666e-06
0.0224861514885151,-7.468174204284,-3.676918015967,-9.550745259298,-1.4671603428774898,1.0366367827299998,-2.0219142347963315,4.517086551061858e-06,4.941613611532886e-06,-2.5322459503048e-06,0.0001783212570864,-0.0027561882365883,-0.0026585181622204,19.034877534931088,13.799960625932426,-7.157924667688679e-06,1.1978854817838859e-21,-1.4895443071719092,4.2967127206258695,-0.0348831700469211,-2.610483109368259e-06,-0.0008861762723296,-0.0037297152283827,1.0,False,,,,,,,,,,,,,,,,,,40.0,9.979802810852036,30.0,0.01,-0.0042239464546413,-0.0064327543611573,0.0063857613232357,-1.4715396165847778,1.0379290580749512,-2.020275115966797,0.0,0.003833548080446146,7.157924667688677e-06
0.022586238419615,-7.468174204284,-3.676918015967,-9.550745259298,-1.4962381874558977,1.046715808242573,-2.012069052682995,4.460892802644135e-06,4.88013863448185e-06,-2.5007441426120125e-06,0.0001540822862029,-0.0028025534917376,-0.0026886008516139,19.03547805651769,13.799960625932426,-7.068878196379741e-06,0.0,-1.4895443071719092,4.2967127206258695,-0.0348831700469211,-2.2749971243963183e-05,-0.0009184203865405,-0.0037765868713252,1.0,False,,,,,,,,,,,,,,,,,,40.0,10.00495740024914,30.0,0.01,-0.0041228672085806,-0.006424101829569,0.006460099199218,-1.4998652935028076,1.048277735710144,-2.011049509048462,0.0,0.003886723808591384,7.068878196379742e-06
0.0226863327621745,-7.468174204284,-3.676918015967,-9.550745259298,-1.5199724770988643,1.0588389094558142,-2.006678593425698,4.421340279569259e-06,4.836868866637502e-06,-2.478571285118913e-06,0.0001248544284001,-0.0028075616999749,-0.0026781246867615,19.036078622573047,13.799960625932426,-7.006201960849026e-06,0.0,-1.4895443071719092,4.2967127206258695,-0.0348831700469211,-4.474331742148791e-05,-0.0009385711189546,-0.0037666198979335,1.0,False,,,,,,,,,,,,,,,,,,40.0,10.030113852349212,30.0,0.01,-0.0040223144636333,-0.0064123443071059,0.0065347399981003,-1.522830367088318,1.060684323310852,-2.006287097930908,0.0,0.003882053987942266,7.006201960849027e-06
0.0227864286148559,-7.468174204284,-3.676918015967,-9.550745259298,-1.5383500786230442,1.0731683500748466,-2.005766098301904,4.399114447808746e-06,4.812554195773033e-06,-2.466111645076266e-06,9.122423770739488e-05,-0.002770800726208,-0.0026277339120883,19.036679197689136,13.799960625932426,-6.970982173134072e-06,9.47011624621305e-22,-1.4895443071719092,4.2967127206258695,-0.0348831700469211,-6.836836982052122e-05,-0.0009457736916456,-0.0037002002552346,1.0,False,,,,,,,,,,,,,,,,,,40.0,10.055270683984308,30.0,0.01,-0.0039223578508944,-0.0063974895123009,0.0066096321251281,-1.5404540300369265,1.0753120183944702,-2.005987882614136,0.0,0.0038197701552107758,6.970982173134073e-06
0.0228864389371943,-7.468174204284,-3.676918015967,-9.550745259298,-1.5513937881636508,1.0897968727952891,-2.009268809927633,4.394233155759528e-06,4.8072141477222354e-06,-2.4633752281659057e-06,5.39700869506398e-05,-0.0026922962056451,-0.0025385482995934,19.037279259623165,13.799960625932426,-6.963247116394662e-06,8.470329472543003e-22,-1.4895443071719092,4.2967127206258695,-0.0348831700469211,-9.327156563477676e-05,-0.0009392261477152,-0.003578373060076,1.0,False,,,,,,,,,,,,,,,,,,40.0,10.08040601949963,30.0,0.01,-0.0038231466940083,-0.0063795636463201,0.006684662821612,-1.5527735948562622,1.0922634601593018,-2.010087490081787,0.0,0.0037007565575953526,6.963247116394662e-06
0.0229864715717587,-7.468174204284,-3.676918015967,-9.550745259298,-1.559201479551881,1.1087899317291117,-2.0170325058446696,4.406039232144536e-06,4.8201297886123225e-06,-2.469993628937505e-06,1.386165579920053e-05,-0.0025723884671447,-0.0024120393093777,19.037879455430552,13.799960625932426,-6.9819554153014006e-06,4.235164736271503e-22,-1.4895443071719092,4.2967127206258695,-0.0348831700469211,-0.0001191417233803,-0.0009182164825145,-0.0034026448451716,1.0,False,,,,,,,,,,,,,,,,,,40.0,10.105546962688958,30.0,0.01,-0.0037246361067713,-0.0063585616354427,0.0067598653685121,-1.5598708391189575,1.111585021018982,-2.018415689468384,0.0,0.0035263732362561693,6.9819554153014006e-06
0.0230865438816094,-7.468174204284,-3.676918015967,-9.550745259298,-1.561887016767045,1.130180829380163,-2.028771147927335,4.43334754993921e-06,4.85000461022505e-06,-2.485302473778865e-06,-2.8721340927484484e-05,-0.0024118550348907,-0.002250413843058,19.03847988928965,13.799960625932426,-7.025229078395066e-06,8.470329472543003e-22,-1.4895443071719092,4.2967127206258695,-0.0348831700469211,-0.0001461510453555,-0.0008821884431981,-0.0031753134510484,1.0,False,,,,,,,,,,,,,,,,,,40.0,10.130697877365344,30.0,0.01,-0.0036268719647754,-0.006334490261141,0.0068352054016419,-1.561867594718933,1.1332746744155884,-2.030667781829834,0.0,0.0032988228339484024,7.0252290783950645e-06
0.0231865467636024,-7.468174204284,-3.676918015967,-9.550745259298,-1.5596279920088576,1.1538047848811035,-2.044190648424016,4.4743055584667e-06,4.894811954550377e-06,-2.5082632362202902e-06,-7.225924501683432e-05,-0.0022124474334372,-0.0020562537368558,19.039079906581613,13.799960625932426,-7.090132492634363e-06,4.235164736271503e-22,-1.4895443071719092,4.2967127206258695,-0.0348831700469211,-0.0001733078732969,-0.0008307464479731,-0.0028996808780933,1.0,False,,,,,,,,,,,,,,,,,,40.0,10.155831342917915,30.0,0.01,-0.0035300222569548,-0.0063073923364349,0.0069105531457101,-1.5589463710784912,1.15719735622406,-2.046558618545532,0.0,0.0030213117142305424,7.090132492634363e-06
0.0232866447200125,-7.468174204284,-3.676918015967,-9.550745259298,-1.5526351160782987,1.179562567615327,-2.062878992171385,4.526794460282991e-06,4.952233894275845e-06,-2.537688133785957e-06,-0.0001161820469213,-0.0019759536111945,-0.0018325979397419,19.039680494320077,13.799960625932426,-7.1733081415495696e-06,9.47011624621305e-22,-1.4895443071719092,4.2967127206258695,-0.0348831700469211,-0.0002006252900075,-0.0007636773597416,-0.0025793124148876,1.0,False,,,,,,,,,,,,,,,,,,40.0,10.180988703277691,30.0,0.01,-0.0034339892903711,-0.0062772392655259,0.0069859848809567,-1.5513430833816528,1.1832009553909302,-2.0656304359436035,0.0,0.002697462909914734,7.1733081415495696e-06
0.0233867349246351,-7.468174204284,-3.676918015967,-9.550745259298,-1.5412666501290493,1.2072342424174922,-2.084333314734042,4.5881118702797295e-06,5.0193140674004e-06,-2.572062228989186e-06,-0.0001593251623962,-0.0017057999400682,-0.0015837031570136,19.04028103554781,13.799960625932426,-7.270473736366711e-06,0.0,-1.4895443071719092,4.2967127206258695,-0.0348831700469211,-0.0002275550156127,-0.0006812752857679,-0.0022197604222788,1.0,False,,,,,,,,,,,,,,,,,,40.0,10.206144115400788,30.0,0.01,-0.0033389336522139,-0.0062440771330037,0.0070613754200731,-1.539430856704712,1.211082935333252,-2.087397813796997,0.0,0.002333078145378781,7.270473736366711e-06
0.0234867907682735,-7.468174204284,-3.676918015967,-9.550745259298,-1.5260460372744682,1.2365564301052967,-2.1080217872013574,4.655200614342858e-06,5.092707978961619e-06,-2.609671692200592e-06,-0.0002000531652909,-0.0014065633431523,-0.0013144835115434,19.04088137060964,13.799960625932426,-7.37678477792531e-06,1.694065894508601e-21,-1.4895443071719092,4.2967127206258695,-0.0348831700469211,-0.0002530419183545,-0.0005842621250704,-0.0018278173229636,1.0,False,,,,,,,,,,,,,,,,,,40.0,10.231290891666626,30.0,0.01,-0.0032449401124959,-0.0062079376262651,0.007136657067193,-1.52376389503479,1.240558624267578,-2.1113107204437256,0.0,0.001935538325469726,7.37678477792531e-06
0.0235868715988294,-7.468174204284,-3.676918015967,-9.550745259298,-1.5074300585323452,1.26721617499674,-2.133322147636842,4.725257193176564e-06,5.169348649807452e-06,-2.6489449020535577e-06,-0.0002380104022741,-0.0010829122210852,-0.0010303221674773,19.041481855592977,13.799960625932426,-7.487798748567467e-06,8.470329472543003e-22,-1.4895443071719092,4.2967127206258695,-0.0348831700469211,-0.0002773265840329,-0.0004737079012116,-0.0014105326614722,1.0,False,,,,,,,,,,,,,,,,,,40.0,10.256443947829808,30.0,0.01,-0.0031520122431715,-0.0061688225942939,0.007211826857255,-1.5047043561935425,1.2713944911956787,-2.136791706085205,0.0,0.0015135757658477098,7.487798748567467e-06
0.0236869553470247,-7.468174204284,-3.676918015967,-9.550745259298,-1.485745600506637,1.298991368340947,-2.15981339953521,4.796100980854446e-06,5.246850513348072e-06,-2.688659415473584e-06,-0.0002723486167662,-0.000738421697139,-0.0007352431508776,19.042082358082148,13.799960625932426,-7.600060156366439e-06,8.470329472543003e-22,-1.4895443071719092,4.2967127206258695,-0.0348831700469211,-0.0003000362610566,-0.0003502556861982,-0.0009733047103089,1.0,False,,,,,,,,,,,,,,,,,,40.0,10.28159773727572,30.0,0.01,-0.0030602297800787,-0.0061267641670193,0.0072868206053701,-1.4826927185058594,1.3032444715499878,-2.1633687019348145,0.0,0.001077043575150293,7.6000601563664385e-06
0.0237870558230448,-7.468174204284,-3.676918015967,-9.550745259298,-1.461705144739918,1.3314358706056444,-2.186923975577176,4.86490466620075e-06,5.322120540651622e-06,-2.7272302623269105e-06,-0.0003017722442333,-0.0003796988351135,-0.0004354215961445,19.04268296093827,13.799960625932426,-7.70908875057224e-06,8.470329472543003e-22,-1.4895443071719092,4.2967127206258695,-0.0348831700469211,-0.000320321610033,-0.0002157869533531,-0.0005250330618862,1.0,False,,,,,,,,,,,,,,,,,,40.0,10.306755730882577,30.0,0.01,-0.0029696384826624,-0.006081782292101,0.0073616011460671,-1.4584115743637085,1.335721492767334,-2.1904995441436768,0.0,0.0006517895819704204,7.70908875057224e-06
0.0238871145292309,-7.468174204284,-3.676918015967,-9.550745259298,-1.4360230576247386,1.3642250886020515,-2.214084955764466,4.9294420854255145e-06,5.3927233475027184e-06,-2.763409471343089e-06,-0.0003258342377582,-1.3201973907905342e-05,-0.0001369237813092,19.043283313175383,13.799960625932426,-7.811356878454208e-06,8.470329472543003e-22,-1.4895443071719092,4.2967127206258695,-0.0348831700469211,-0.0003381092692781,-7.244300347659359e-05,-7.432696532242072e-05,1.0,False,,,,,,,,,,,,,,,,,,40.0,10.331903226585125,30.0,0.01,-0.0028803481262712,-0.0060339327959064,0.0074360775739612,-1.4326071739196775,1.368494987487793,-2.217588424682617,0.0,0.0003536811622048054,7.811356878454208e-06
0.0239871627836464,-7.468174204284,-3.676918015967,-9.550745259298,-1.409448868853719,1.3970230506192338,-2.240855700262406,4.987900591104702e-06,5.456675929351351e-06,-2.796180885526461e-06,-0.0003437270419558,0.0003547231929742,0.0001547986546551,19.04388360270188,13.799960625932426,-7.90399215898451e-06,9.47011624621305e-22,-1.4895443071719092,4.2967127206258695,-0.0348831700469211,-0.0003528265466065,7.757718103802418e-05,0.0003707218033519,1.0,False,,,,,,,,,,,,,,,,,,40.0,10.357048095471242,30.0,0.01,-0.0027923862356235,-0.0059832332175492,0.0075102263198598,-1.4059648513793943,1.4012755155563354,-2.244295597076416,0.0,0.000517628676261782,7.90399215898451e-06
0.0240872354868662,-7.468174204284,-3.676918015967,-9.550745259298,-1.3827999884274504,1.429528049260554,-2.266882465244951,5.038839053015665e-06,5.512401714962123e-06,-2.8247366177292187e-06,-0.0003544590453549,0.000717662222118,0.0004346546473676,19.0444840389212,13.799960625932426,-7.984710929573686e-06,4.235164736271503e-22,-1.4895443071719092,4.2967127206258695,-0.0348831700469211,-0.0003635987989351,0.0002319228509514,0.0008022547269958,1.0,False,,,,,,,,,,,,,,,,,,40.0,10.382199109012038,30.0,0.01,-0.0027057780422347,-0.0059296973413226,0.007584026280708,-1.3794102668762207,1.4336791038513184,-2.270161390304565,0.0,0.0009108265160652194,7.984710929573686e-06
0.024187238757404,-7.468174204284,-3.676918015967,-9.550745259298,-1.3570505909275423,1.4614163364913406,-2.2917180970120508,5.081114259794117e-06,5.558650051115359e-06,-2.848435791954222e-06,-0.000357906483194,0.0010681497769387,0.0006968107525343,19.045084058544425,13.799960625932426,-8.051701619703364e-06,0.0,-1.4895443071719092,4.2967127206258695,-0.0348831700469211,-0.0003703178342203,0.0003874177368161,0.0012113457063913,1.0,False,,,,,,,,,,,,,,,,,,40.0,10.407332672216562,30.0,0.01,-0.0026206585781664,-0.0058734111122761,0.0076573618513737,-1.3538364171981812,1.465469241142273,-2.29482364654541,0.0,0.0013246079501248319,8.051701619703364e-06
0.0242872753874593,-7.468174204284,-3.676918015967,-9.550745259298,-1.3329822550856465,1.4924448848100955,-2.3151811766887227,5.114265829853798e-06,5.59491728841505e-06,-2.867020321624157e-06,-0.0003535562681044,0.001400820206094,0.0009376000541483,19.04568427832476,13.799960625932426,-8.104234693493376e-06,1.7462031549538564e-21,-1.4895443071719092,4.2967127206258695,-0.0348831700469211,-0.0003723488734623,0.0005416975155465,0.0015919526576309,1.0,False,,,,,,,,,,,,,,,,,,40.0,10.432474619582306,30.0,0.01,-0.0025369933893196,-0.0058143537664352,0.0077302622737711,-1.3300491571426392,1.4963637590408323,-2.318090915679932,0.0,0.0017223220215906324,8.104234693493374e-06
0.024387299686779,-7.468174204284,-3.676918015967,-9.550745259298,-1.3114725256446145,1.5223199794802356,-2.3370281400256827,5.138063764022741e-06,5.620951811793394e-06,-2.880361270871801e-06,-0.0003416356057783,0.0017096719540601,0.0011529889833886,19.046284424120675,13.799960625932426,-8.141945686652867e-06,1.894023249242609e-21,-1.4895443071719092,4.2967127206258695,-0.0348831700469211,-0.0003696903619328,0.0006917768102338,0.0019374856269318,1.0,False,,,,,,,,,,,,,,,,,,40.0,10.457613467896154,30.0,0.01,-0.0024548740216198,-0.0057525887262243,0.0078026480431256,-1.3089253902435305,1.526073336601257,-2.339717388153076,0.0,0.0020902336408762214,8.141945686652865e-06
0.0244873172300689,-7.468174204284,-3.676918015967,-9.550745259298,-1.2932999286502451,1.5508153308573422,-2.3571221925382764,5.152660821057741e-06,5.636920736656151e-06,-2.888544275147988e-06,-0.0003225692172973,0.0019898679031245,0.0013401245096392,19.046884529380414,13.799960625932426,-8.16507666575751e-06,1.694065894508601e-21,-1.4895443071719092,4.2967127206258695,-0.0348831700469211,-0.0003624324679288,0.0008349707433096,0.0022429947474697,1.0,False,,,,,,,,,,,,,,,,,,40.0,10.482750618234528,30.0,0.01,-0.0023743473480883,-0.0056881523541125,0.0078744775996271,-1.2912460565567017,1.55437171459198,-2.3595738410949707,0.0,0.00242065257176006,8.16507666575751e-06
0.0245873466799161,-7.468174204284,-3.676918015967,-9.550745259298,-1.279278079911061,1.5777386477613529,-2.3753286752695746,5.158329570894712e-06,5.643122249741651e-06,-2.8917221351813728e-06,-0.0002971617419297,0.0022366811655613,0.0014964572543817,19.04748470607949,13.799960625932426,-8.174059554137958e-06,1.694065894508601e-21,-1.4895443071719092,4.2967127206258695,-0.0348831700469211,-0.0003509412615306,0.0009683940219827,0.0025038940274257,1.0,False,,,,,,,,,,,,,,,,,,40.0,10.507890761017135,30.0,0.01,-0.0022954493580593,-0.0056210731435402,0.0079457189076605,-1.2778270244598389,1.5810543298721311,-2.3775107860565186,0.0,0.00270747706387976,8.174059554137956e-06
0.0246873609604699,-7.468174204284,-3.676918015967,-9.550745259298,-1.2701682026211825,1.602948866723665,-2.3915497908961867,5.155443871751843e-06,5.639965345395899e-06,-2.890104433176835e-06,-0.0002663980385615,0.002445943358178,0.0016201350351137,19.048084791762815,13.799960625932426,-8.16948677988518e-06,1.7462031549538564e-21,-1.4895443071719092,4.2967127206258695,-0.0348831700469211,-0.0003356623377186,0.0010892114427928,0.0027165039271634,1.0,False,,,,,,,,,,,,,,,,,,40.0,10.533027091340482,30.0,0.01,-0.0022182511745785,-0.0055514117604977,0.008016307703169,-1.269392967224121,1.6060353517532349,-2.39347505569458,0.0,0.002945919951113295,8.169486779885178e-06
0.0247873614546584,-7.468174204284,-3.676918015967,-9.550745259298,-1.2666065053053552,1.6263096025053136,-2.405753496236313,5.14439319993479e-06,5.627876103879176e-06,-2.8839095067257806e-06,-0.0002313336071181,0.0026143962197646,0.0017102136227592,19.04868479472795,13.799960625932426,-8.151975520027825e-06,2.117582368135751e-21,-1.4895443071719092,4.2967127206258695,-0.0348831700469211,-0.0003170414076973,0.0011948618666441,0.0028784029135301,1.0,False,,,,,,,,,,,,,,,,,,40.0,10.55815995677231,30.0,0.01,-0.0021427997614439,-0.0054792123706357,0.0080862006517169,-1.2665709257125854,1.62916100025177,-2.4074273109436035,0.0,0.003132636823376251,8.151975520027824e-06
0.0248873730222196,-7.468174204284,-3.676918015967,-9.550745259298,-1.2690624325827888,1.6477678510189853,-2.417962244428668,5.125517520828538e-06,5.607226441371282e-06,-2.873327937956676e-06,-0.0001930445552025,0.0027399173599682,0.0017667446124029,19.04928486413332,13.799960625932426,-8.122064494952987e-06,4.235164736271503e-22,-1.4895443071719092,4.2967127206258695,-0.0348831700469211,-0.0002955072075517,0.0012832162888558,0.0029886169563032,1.0,False,,,,,,,,,,,,,,,,,,40.0,10.583295605246253,30.0,0.01,-0.0020691239601459,-0.0054045027436151,0.0081553709990291,-1.269837498664856,1.6503666639328003,-2.4193756580352783,0.0,0.0032658536196840046,8.122064494952989e-06
0.0249874068374394,-7.468174204284,-3.676918015967,-9.550745259298,-1.2780228327861396,1.6672452089518524,-2.428164942357201,5.098858905545837e-06,5.578062382933074e-06,-2.858383311630115e-06,-0.0001526703447379,0.0028200953714497,0.0017897639245198,19.04988506702464,13.799960625932426,-8.07982037193666e-06,1.694065894508601e-21,-1.4895443071719092,4.2967127206258695,-0.0348831700469211,-0.0002714783592834,0.0013518984736286,0.0030460090382644,1.0,False,,,,,,,,,,,,,,,,,,40.0,10.608436845166668,30.0,0.01,-0.0019972629936783,-0.0053273204982616,0.0082237823927244,-1.2796400785446167,1.6695822477340698,-2.4293301105499268,0.0,0.0033435760861309748,8.07982037193666e-06
0.0250874537960958,-7.468174204284,-3.676918015967,-9.550745259298,-1.293767191640482,1.684650477538863,-2.4363825695496444,5.064326100518577e-06,5.540284098758507e-06,-2.8390244716578344e-06,-0.0001114368486618,0.002853532090247,0.0017801331209276,19.05048534877657,13.799960625932426,-8.025098547558286e-06,1.7462031549538564e-21,-1.4895443071719092,4.2967127206258695,-0.0348831700469211,-0.0002454406683087,0.0013989206252854,0.0030506913072324,1.0,False,,,,,,,,,,,,,,,,,,40.0,10.633581388392994,30.0,0.01,-0.0019272698011938,-0.0052477201467755,0.0082913849491222,-1.296261429786682,1.6867024898529053,-2.4372730255126958,0.0,0.003365105866021532,8.025098547558286e-06
0.0251875502364015,-7.468174204284,-3.676918015967,-9.550745259298,-1.316614475191087,1.6999566354442477,-2.442512763387358,5.021542782436037e-06,5.4934798977335104e-06,-2.8150404539219694e-06,-7.114377828643722e-05,0.0028384295040948,0.0017384528537316,19.05108592741841,13.799960625932426,-7.957302687459793e-06,0.0,-1.4895443071719092,4.2967127206258695,-0.0348831700469211,-0.000218386732611,0.0014218767720235,0.0030024216045972,1.0,False,,,,,,,,,,,,,,,,,,40.0,10.658738367714168,30.0,0.01,-0.0018591650120038,-0.0051657208842316,0.0083581596780842,-1.3199880123138428,1.7017271518707275,-2.443134307861328,0.0,0.003329258447695563,7.957302687459793e-06
0.0252875542390972,-7.468174204284,-3.676918015967,-9.550745259298,-1.3465612474960935,1.7130997590896035,-2.446538021510656,4.970042143890059e-06,5.4371391007254e-06,-2.7861695695760613e-06,-3.3175783300633266e-05,0.0027744671668859,0.0016665474799554,19.05168595143458,13.799960625932426,-7.875693073191208e-06,8.470329472543003e-22,-1.4895443071719092,4.2967127206258695,-0.0348831700469211,-0.0001909073832203,0.0014191270261015,0.0029027197678198,1.0,False,,,,,,,,,,,,,,,,,,40.0,10.683872114930043,30.0,0.01,-0.0017930869687519,-0.0050814922857181,0.0084239702796649,-1.3508217334747314,1.7145975828170776,-2.44689416885376,0.0,0.0032366879978878377,7.875693073191206e-06
0.0253875963015554,-7.468174204284,-3.676918015967,-9.550745259298,-1.3833953832869128,1.7240654980167551,-2.448555045064147,4.909099322715513e-06,5.370468721214839e-06,-2.752005466149016e-06,1.8171735628060403e-06,0.0026627014303012,0.001567145457685,19.05228620380933,13.799960625932426,-7.779121064204293e-06,9.47011624621305e-22,-1.4895443071719092,4.2967127206258695,-0.0348831700469211,-0.0001629783125054,0.0013899896967912,0.0027545042761009,1.0,False,,,,,,,,,,,,,,,,,,40.0,10.709015427607527,30.0,0.01,-0.0017289896248508,-0.0049949795777451,0.0084888617549744,-1.388507604598999,1.7252867221832275,-2.448660135269165,0.0,0.003089648377176688,7.779121064204293e-06
0.0254876323691715,-7.468174204284,-3.676918015967,-9.550745259298,-1.4269680551200574,1.7328083985203755,-2.448440049721348,4.83794281010992e-06,5.292624742077812e-06,-2.712115641403248e-06,3.2049450798223814e-05,0.0025033358326967,0.001442279612121,19.052886420215028,13.799960625932426,-7.666364102147291e-06,4.235164736271503e-22,-1.4895443071719092,4.2967127206258695,-0.0348831700469211,-0.0001356207390106,0.0013329901040211,0.002559810996115,1.0,False,,,,,,,,,,,,,,,,,,40.0,10.734157233616864,30.0,0.01,-0.0016669426802845,-0.0049062744507768,0.008552764062822,-1.432902693748474,1.7337440252304075,-2.4482734203338623,0.0,0.002889271177667415,7.666364102147291e-06
0.0255877073437208,-7.468174204284,-3.676918015967,-9.550745259298,-1.4768360173816466,1.739266154653896,-2.4461741268839616,4.755886060810037e-06,5.202856094814871e-06,-2.6661152230448792e-06,5.619410611835724e-05,0.0022983351433736,0.0012950464706732,19.05348687006232,13.799960625932426,-7.536334264701314e-06,0.0,-1.4895443071719092,4.2967127206258695,-0.0348831700469211,-0.0001095377482208,0.0012477368994767,0.0023224559589863,1.0,False,,,,,,,,,,,,,,,,,,40.0,10.759308818005064,30.0,0.01,-0.0016069585421219,-0.004815392114043,0.0086156649790897,-1.48347008228302,1.7399060726165771,-2.445743560791016,0.0,0.0026386829233600046,7.536334264701315e-06
0.0256878098370968,-7.468174204284,-3.676918015967,-9.550745259298,-1.5325075090157765,1.743367549169763,-2.4418211309042563,4.662090095731579e-06,5.100244950994833e-06,-2.613533885485824e-06,7.404892539151126e-05,0.0020499322623398,0.001128814286017,19.05408748502258,13.799960625932426,-7.387702077875732e-06,1.894023249242609e-21,-1.4895443071719092,4.2967127206258695,-0.0348831700469211,-8.438657322148883e-05,0.0011343596262513,0.0020464687538392,1.0,False,,,,,,,,,,,,,,,,,,40.0,10.784467318628757,30.0,0.01,-0.0015490840725557,-0.004722398286957,0.0086775165200361,-1.5397558212280271,1.7437108755111694,-2.4411442279815674,0.0,0.002341351578864071,7.387702077875731e-06
0.0257879039684477,-7.468174204284,-3.676918015967,-9.550745259298,-1.593351543987636,1.74512342817468,-2.4354342238053373,4.556017482076554e-06,4.984203368544896e-06,-2.554070347798452e-06,8.533520272684442e-05,0.0017613534869816,0.000947316780481,19.05468804981069,13.799960625932426,-7.219615907893215e-06,8.470329472543003e-22,-1.4895443071719092,4.2967127206258695,-0.0348831700469211,-6.002660246496857e-05,0.0009935787929306,0.001736736961875,1.0,False,,,,,,,,,,,,,,,,,,40.0,10.809623717646309,30.0,0.01,-0.0014933772472118,-0.0046273845463849,0.0087382570720589,-1.601122498512268,1.745180368423462,-2.434509754180908,0.0,0.0020017635438551577,7.219615907893215e-06
0.025887992418143,-7.468174204284,-3.676918015967,-9.550745259298,-1.658578762190286,1.7445934117350677,-2.4270097327275724,4.437723020994676e-06,4.854791298963511e-06,-2.4877553311097293e-06,8.898470390947567e-05,0.001437014906097,0.0007545470309377,19.055288580508854,13.799960625932426,-7.032162594467139e-06,9.47011624621305e-22,-1.4895443071719092,4.2967127206258695,-0.0348831700469211,-3.725347597566882e-05,0.0008266364875417,0.0013991267404221,1.0,False,,,,,,,,,,,,,,,,,,40.0,10.834778688708049,30.0,0.01,-0.0014398713684374,-0.0045304088958453,0.0087978500600316,-1.666759967803955,1.744375705718994,-2.4258532524108887,0.0,0.0016255064871515356,7.032162594467139e-06
0.0259880919977359,-7.468174204284,-3.676918015967,-9.550745259298,-1.727332704947527,1.741843041975355,-2.416675065838052,4.307490207756731e-06,4.712318881114099e-06,-2.4147477608117764e-06,8.49741098578048e-05,0.0010820538684191,0.0005547634525921,19.055889177986412,13.799960625932426,-6.825791373574939e-06,8.470329472543003e-22,-1.4895443071719092,4.2967127206258695,-0.0348831700469211,-1.6006208991138667e-05,0.0006356285977299,0.0010399729558313,1.0,False,,,,,,,,,,,,,,,,,,40.0,10.859936457018163,30.0,0.01,-0.0013885914912605,-0.0044315162599783,0.0088562676849758,-1.735798716545105,1.7413679361343384,-2.415311098098755,0.0,0.0012189436663926567,6.825791373574939e-06
0.0260881518915115,-7.468174204284,-3.676918015967,-9.550745259298,-1.798656297675325,1.737011710483036,-2.404623832049866,4.166138219461211e-06,4.557682280402035e-06,-2.335506861643103e-06,7.361998847732888e-05,0.0007025567743153,0.0003524191206626,19.05648953734907,13.799960625932426,-6.601800340325975e-06,9.47011624621305e-22,-1.4895443071719092,4.2967127206258695,-0.0348831700469211,3.9095643618461686e-06,0.0004234469932893,0.0006662450897599,1.0,False,,,,,,,,,,,,,,,,,,40.0,10.885084251194526,30.0,0.01,-0.0013395951223433,-0.0043308201966679,0.0089134438536587,-1.8073705434799197,1.7362993955612185,-2.403069019317627,0.0,0.0007894334426969266,6.601800340325974e-06
0.0261881779760773,-7.468174204284,-3.676918015967,-9.550745259298,-1.87156452222319,1.730330921980801,-2.391113512510892,4.01496907983547e-06,4.3923058879920485e-06,-2.25076253865944e-06,5.5463481441007246e-05,0.0003052279701883,0.0001518872153649,19.05708969385646,13.799960625932426,-6.362252724558904e-06,8.470329472543003e-22,-1.4895443071719092,4.2967127206258695,-0.0348831700469211,2.271111480870988e-05,0.0001935994047667,0.0002851552445393,1.0,False,,,,,,,,,,,,,,,,,,40.0,10.910223548189665,30.0,0.01,-0.0012929078604448,-0.0042283804684954,0.0089693471266333,-1.880322217941284,1.7294230461120603,-2.389420509338379,0.0,0.0003454128511652834,6.362252724558903e-06
0.0262882491859394,-7.468174204284,-3.676918015967,-9.550745259298,-1.944993761112377,1.722107983428924,-2.376539436802016,3.855818056670455e-06,4.218197454719557e-06,-2.1615436296700303e-06,3.153416169576004e-05,-0.0001023166993445,-4.239827486110982e-05,19.057690121115638,13.799960625932426,-6.1100567522827125e-06,8.470329472543003e-22,-1.4895443071719092,4.2967127206258695,-0.0348831700469211,4.0850670429048334e-05,-4.95206291161101e-05,-9.560153789167447e-05,1.0,False,,,,,,,,,,,,,,,,,,40.0,10.935374186408762,30.0,0.01,-0.0012485227836443,-0.0041241807323258,0.0090239860453035,-1.9537323713302608,1.7210350036621094,-2.374751567840576,0.0,0.00011515521711935314,6.1100567522827125e-06
0.0263882844245312,-7.468174204284,-3.676918015967,-9.550745259298,-2.017921291219201,1.7125808497771435,-2.361338142226681,3.6908790786180014e-06,4.037757100123136e-06,-2.0690800351607435e-06,3.0941043055221e-06,-0.0005127365084312,-0.0002265692062683,19.058290332547188,13.799960625932426,-5.848688995362607e-06,1.7462031549538564e-21,-1.4895443071719092,4.2967127206258695,-0.0348831700469211,5.88786580269211e-05,-0.0003013851035505,-0.0004689799876066,1.0,False,,,,,,,,,,,,,,,,,,40.0,10.960515784061569,30.0,0.01,-0.0012065042316231,-0.004018371050541,0.0090772816216777,-2.026473999023437,1.711379885673523,-2.3595187664031982,0.0,0.0005605728371841781,5.848688995362606e-06
0.0264883031664134,-7.468174204284,-3.676918015967,-9.550745259298,-2.088727395560103,1.7025110318133072,-2.3464336605039726,3.523917311765304e-06,3.855103849989835e-06,-1.975482479924816e-06,-2.726551433849816e-05,-0.0009139324853285,-0.0003950181528579,19.05889044499848,13.799960625932426,-5.584115860443403e-06,9.47011624621305e-22,-1.4895443071719092,4.2967127206258695,-0.0348831700469211,7.791951988948275e-05,-0.0005539757358035,-0.0008240720658166,1.0,False,,,,,,,,,,,,,,,,,,40.0,10.985653235639024,30.0,0.01,-0.0011668687291286,-0.0039109989867922,0.0091292115921525,-2.0969483852386475,1.7012847661972046,-2.3446991443634038,0.0,0.0009960197473434646,5.584115860443401e-06
0.026588323199981,-7.468174204284,-3.676918015967,-9.550745259298,-2.157088377049361,1.6919631969527755,-2.3320362573594324,3.356574273812032e-06,3.672033495946971e-06,-1.8816711868759235e-06,-5.9118047601913526e-05,-0.0013031507347516,-0.0005470200684312,19.059490565199884,13.799960625932426,-5.3189385507347565e-06,4.235164736271503e-22,-1.4895443071719092,4.2967127206258695,-0.0348831700469211,9.790190836008735e-05,-0.0008052734520309,-0.0011588259662676,1.0,False,,,,,,,,,,,,,,,,,,40.0,11.01079101185245,30.0,0.01,-0.001129633731186,-0.0038021136543535,0.0091797526869053,-2.1649746894836426,1.690699815750122,-2.3303887844085693,0.0,0.001414541528659506,5.3189385507347565e-06
0.0266883870319572,-7.468174204284,-3.676918015967,-9.550745259298,-2.222256614181747,1.6812849893773347,-2.3186493136317323,3.1914149586791437e-06,3.491352096441736e-06,-1.7890840729978294e-06,-9.136859006453606e-05,-0.0016746364262045,-0.0006807259977683,19.060090948191743,13.799960625932426,-5.05722164039343e-06,1.0587911840678754e-21,-1.4895443071719092,4.2967127206258695,-0.0348831700469211,0.0001189702430753,-0.0010511361050318,-0.0014687076745289,1.0,False,,,,,,,,,,,,,,,,,,40.0,11.035939795806586,30.0,0.01,-0.0010948085838994,-0.0036917366133208,0.0092288934841879,-2.2296509742736816,1.6800405979156494,-2.317173957824707,0.0,0.001810011951137066,5.057221640393429e-06
0.0267884658910417,-7.468174204284,-3.676918015967,-9.550745259298,-2.2834290761852265,1.6708924086807229,-2.306864649765952,3.0312156506810777e-06,3.316096857912977e-06,-1.699277503136029e-06,-0.0001226920884041,-0.0020223821263816,-0.0007945179208083,19.06069142134625,13.799960625932426,-4.803364521318202e-06,2.1175823681357513e-22,-1.4895443071719092,4.2967127206258695,-0.0348831700469211,0.0001413402415769,-0.0012870239811416,-0.0017492666315424,1.0,False,,,,,,,,,,,,,,,,,,40.0,11.061092356484927,30.0,0.01,-0.0010624274672428,-0.0035799681415136,0.0092765875181876,-2.290297746658325,1.6697207689285278,-2.3056178092956543,0.0,0.0021763137503931426,4.803364521318202e-06
0.0268885295628009,-7.468174204284,-3.676918015967,-9.550745259298,-2.33975402235502,1.6613720367237177,-2.297292008043472,2.8790689213973604e-06,3.1496509995306788e-06,-1.6139851504822492e-06,-0.0001522142230827,-0.0023400881701821,-0.0008870783794455,19.061291803376804,13.799960625932426,-4.5622677846634525e-06,8.731015774769282e-22,-1.4895443071719092,4.2967127206258695,-0.0348831700469211,0.0001646455316764,-0.0015081985843532,-0.001996075836302,1.0,False,,,,,,,,,,,,,,,,,,40.0,11.086241100172126,30.0,0.01,-0.0010325206295491,-0.0034669126693687,0.0093227902310695,-2.345945358276367,1.6603472232818604,-2.2963478565216064,0.0,0.002507207583191813,4.562267784663453e-06
0.0269886214019914,-7.468174204284,-3.676918015967,-9.550745259298,-2.390562365222158,1.6532488032145698,-2.290486855837497,2.737580804926828e-06,2.994865476978188e-06,-1.534667938846236e-06,-0.0001792164383719,-0.002622914277571,-0.0009579610082992,19.06189235441195,13.799960625932426,-4.338061038208449e-06,8.470329472543003e-22,-1.4895443071719092,4.2967127206258695,-0.0348831700469211,0.000188464008482,-0.0017107373129011,-0.0022062063132093,1.0,False,,,,,,,,,,,,,,,,,,40.0,11.111396923106955,30.0,0.01,-0.0010050945180781,-0.0033525924991761,0.0093674921160467,-2.3960177898406982,1.6524288654327393,-2.289907455444336,0.0,0.0027981220725140157,4.338061038208448e-06
0.0270887035956586,-7.468174204284,-3.676918015967,-9.550745259298,-2.4351452228675776,1.6470491156450449,-2.2869998276286223,2.6093557801855367e-06,2.854589544596119e-06,-1.4627859202135537e-06,-0.0002031366174514,-0.0028660953622805,-0.0010070521181243,19.06249284757395,13.799960625932426,-4.1348714253384185e-06,4.235164736271503e-22,-1.4895443071719092,4.2967127206258695,-0.0348831700469211,0.000212142168893,-0.0018906827365919,-0.002377022416677,1.0,False,,,,,,,,,,,,,,,,,,40.0,11.13655032185735,30.0,0.01,-0.0009801775348534,-0.0032371227971122,0.009410647586462,-2.43981409072876,1.646470069885254,-2.2868378162384038,0.0,0.0030446545090788255,4.1348714253384185e-06
0.0271887462603977,-7.468174204284,-3.676918015967,-9.550745259298,-2.472926960090922,1.6431906255348423,-2.287354642301165,2.49635400476029e-06,2.730967580470256e-06,-1.3994379447069586e-06,-0.0002230887401868,-0.0030660496702339,-0.0010348495856915,19.063093103562384,13.799960625932426,-3.955805076561273e-06,4.235164736271503e-22,-1.4895443071719092,4.2967127206258695,-0.0348831700469211,0.0002354225054738,-0.0020446093974668,-0.0025070882487564,1.0,False,,,,,,,,,,,,,,,,,,40.0,11.16169378590455,30.0,0.0099999999999999,-0.0009577910260391,-0.0031206118987745,0.0094522176089881,-2.4767730236053467,1.6429286003112793,-2.287658214569092,0.0,0.0032436619477598785,3.9558050765612725e-06
0.0272888072945278,-7.468174204284,-3.676918015967,-9.550745259298,-2.503310023506156,1.6422458561075102,-2.29197567750558,2.400581279905461e-06,2.6261938960596792e-06,-1.3457484499581177e-06,-0.0002390686424254,-0.0032190995824606,-0.0010420556135018,19.063693469767166,13.799960625932426,-3.8040404508493774e-06,4.735058123106525e-22,-1.4895443071719092,4.2967127206258695,-0.0348831700469211,0.0002571530546427,-0.0021692606325402,-0.0025949598173804,1.0,False,,,,,,,,,,,,,,,,,,40.0,11.186841866683237,30.0,0.01,-0.000937935394643,-0.0030030664079229,0.0094922004480036,-2.506256103515625,1.6423380374908447,-2.292779922485352,0.0,0.00339199584893905,3.804040450849378e-06
0.0273889112962767,-7.468174204284,-3.676918015967,-9.550745259298,-2.525902949856673,1.6445549268243604,-2.3011382778965834,2.3231232104399844e-06,2.5414561240318927e-06,-1.3023260181527596e-06,-0.0002509389645607,-0.0033233372343193,-0.0010300830957977,19.064294093777654,13.799960625932426,-3.681297833485063e-06,8.731015774769282e-22,-1.4895443071719092,4.2967127206258695,-0.0348831700469211,0.0002765198895453,-0.0022624059995355,-0.0026407702976873,1.0,False,,,,,,,,,,,,,,,,,,40.0,11.212000746402389,30.0,0.01,-0.0009206206562492,-0.0028845308852733,0.0095305791628416,-2.5279324054718018,1.645031452178955,-2.302451610565185,0.0,0.0034883537551681915,3.681297833485062e-06
0.0274889708459557,-7.468174204284,-3.676918015967,-9.550745259298,-2.5403439510552275,1.65043413738261,-2.314949287589589,2.264828615610913e-06,2.477682857783892e-06,-1.2696464912028335e-06,-0.0002590378411104,-0.0033772486699255,-0.0010006347369621,19.06489445107573,13.799960625932426,-3.588922291506165e-06,0.0,-1.4895443071719092,4.2967127206258695,-0.0348831700469211,0.0002922811034074,-0.0023221770765982,-0.0026450414817104,1.0,False,,,,,,,,,,,,,,,,,,40.0,11.237148454097824,30.0,0.01,-0.0009058728235563,-0.0027651838210407,0.0095672960058417,-2.541435480117798,1.6513276100158691,-2.316793441772461,0.0,0.003531880385638209,3.5889222915061654e-06
0.027589072306129,-7.468174204284,-3.676918015967,-9.550745259298,-2.5462642266723434,1.66012106844054,-2.3335147035383965,2.2261104062400767e-06,2.435325814526413e-06,-1.2479413439195026e-06,-0.0002633616812106,-0.0033793828743277,-0.0009553718008959,19.06549505983677,13.799960625932426,-3.5275681370503267e-06,2.1175823681357513e-22,-1.4895443071719092,4.2967127206258695,-0.0348831700469211,0.0003035356872462,-0.0023466429759293,-0.0026083435537647,1.0,False,,,,,,,,,,,,,,,,,,40.0,11.26230669504935,30.0,0.01,-0.0008936884047223,-0.002644997779421,0.0096023594903608,-2.546386241912842,1.661435604095459,-2.335864782333374,0.0,0.0035216932382557816,3.5275681370503263e-06
0.0276891715483362,-7.468174204284,-3.676918015967,-9.550745259298,-2.5434664538458143,1.673706234152743,-2.3567526465434083,2.2066586098897544e-06,2.414045889838912e-06,-1.2370368080029435e-06,-0.0002637986746696,-0.0033295606347044,-0.0008963895001768,19.066095655290017,13.799960625932426,-3.496744177546142e-06,4.735058123106525e-22,-1.4895443071719092,4.2967127206258695,-0.0348831700469211,0.0003096618186921,-0.0023346412476495,-0.0025323186410434,1.0,False,,,,,,,,,,,,,,,,,,40.0,11.28746437856518,30.0,0.01,-0.000884082009555,-0.002524101326135,0.0096357309787988,-2.542616844177246,1.6754432916641235,-2.3595845699310303,0.0,0.003458189974098852,3.4967441775461414e-06
0.027789272187873,-7.468174204284,-3.676918015967,-9.550745259298,-2.531746196445148,1.6912652195067792,-2.38443853871282,2.2060334536571547e-06,2.413361979864325e-06,-1.2366863499542856e-06,-0.0002606735804482,-0.0032276101144471,-0.0008257837989911,19.06669625912724,13.799960625932426,-3.495753534314515e-06,4.235164736271503e-22,-1.4895443071719092,4.2967127206258695,-0.0348831700469211,0.0003096412254292,-0.0022851834582205,-0.0024185523609984,1.0,False,,,,,,,,,,,,,,,,,,40.0,11.312622413268276,30.0,0.01,-0.0008770593392571,-0.0024025666184654,0.0096673905765339,-2.5299272537231445,1.6934136152267456,-2.3877062797546387,0.0,0.003341756521516952,3.495753534314515e-06
0.0278893453527676,-7.468174204284,-3.676918015967,-9.550745259298,-2.5110899506418005,1.7126392790432845,-2.416176474138397,2.2230391841377157e-06,2.431965951310708e-06,-1.2462196390897904e-06,-0.0002541060671249,-0.0030747532139633,-0.0007459524686938,19.067296698116603,13.799960625932426,-3.522701376983204e-06,4.735058123106525e-22,-1.4895443071719092,4.2967127206258695,-0.0348831700469211,0.000302896724166,-0.0021981708906915,-0.0022696741209883,1.0,False,,,,,,,,,,,,,,,,,,40.0,11.33777354284062,30.0,0.01,-0.0008726258522291,-0.0022805058387522,0.0096973097940324,-2.508330106735229,1.7151689529418943,-2.4198203086853027,0.0,0.0031741333156749584,3.522701376983204e-06
0.0279893713990283,-7.468174204284,-3.676918015967,-9.550745259298,-2.481593080668007,1.7376315936679447,-2.4514490097899557,2.2561182126627024e-06,2.4681538294413445e-06,-1.2647635025016452e-06,-0.0002442178708845,-0.0028728497383743,-0.0006593339605105,19.067896854394167,13.799960625932426,-3.575119499059374e-06,5.9894274089194295e-22,-1.4895443071719092,4.2967127206258695,-0.0348831700469211,0.0002889971004734,-0.0020739944986843,-0.0020886973822371,1.0,False,,,,,,,,,,,,,,,,,,40.0,11.36291283020863,30.0,0.0099999999999999,-0.0008707823290984,-0.0021580207218599,0.0097254657831567,-2.4778940677642822,1.7405250072479248,-2.455440044403076,0.0,0.0029576391360710496,3.575119499059374e-06
0.0280894499657827,-7.468174204284,-3.676918015967,-9.550745259298,-2.4434691525140333,1.7658371598289069,-2.4896931865709075,2.303183276406438e-06,2.5196421852642e-06,-1.2911478357922915e-06,-0.0002307546658155,-0.0026246370389727,-0.0005683444774426,19.06849732579469,13.799960625932426,-3.64970035487194e-06,2.1175823681357513e-22,-1.4895443071719092,4.2967127206258695,-0.0348831700469211,0.0002680827642435,-0.0019136090768638,-0.0018791526493722,1.0,False,,,,,,,,,,,,,,,,,,40.0,11.388065317416428,30.0,0.0099999999999999,-0.0008715283094266,-0.0020350667086583,0.0097518686361732,-2.438917398452759,1.7690061330795288,-2.493919849395752,0.0,0.002695363193928141,3.64970035487194e-06
0.0281895006939525,-7.468174204284,-3.676918015967,-9.550745259298,-2.3971440510120354,1.7967235516385995,-2.530182298252516,2.361786162046245e-06,2.583752716262261e-06,-1.3240001883341515e-06,-0.000213536417629,-0.0023341577818458,-0.0004755602349196,19.069097630163714,13.799960625932426,-3.742564424660532e-06,4.235164736271503e-22,-1.4895443071719092,4.2967127206258695,-0.0348831700469211,0.0002405040702327,-0.0017189626653743,-0.0016454096865195,1.0,False,,,,,,,,,,,,,,,,,,40.0,11.413210808024786,30.0,0.01,-0.0008748636808345,-0.0019118201058398,0.0097764798073162,-2.39172887802124,1.800161838531494,-2.5346028804779053,0.0,0.0023916621603483038,3.742564424660531e-06
0.0282896059624637,-7.468174204284,-3.676918015967,-9.550745259298,-2.3429980313064958,1.829844338404616,-2.5721410303525696,2.429872485936854e-06,2.658237962691286e-06,-1.3621688875596755e-06,-0.0001930994507397,-0.002004989284243,-0.0003832432507516,19.069698261774786,13.799960625932426,-3.85045626419021e-06,2.1175823681357513e-22,-1.4895443071719092,4.2967127206258695,-0.0348831700469211,0.000205942472665,-0.0014920557755462,-0.0013912232307087,1.0,False,,,,,,,,,,,,,,,,,,40.0,11.438370006116015,30.0,0.01,-0.000880790115146,-0.0017882573141484,0.0097993032686745,-2.336855411529541,1.833443522453308,-2.5766212940216064,0.0,0.0020504011356444096,3.85045626419021e-06
0.028389654550968,-7.468174204284,-3.676918015967,-9.550745259298,-2.281818904699516,1.8645137698497825,-2.614701311259876,2.504644669360371e-06,2.740037422407821e-06,-1.4040856311352753e-06,-0.0001695281516097,-0.0016431402521337,-0.0002938731090385,19.070298553305808,13.799960625932426,-3.968942737746561e-06,4.735058123106525e-22,-1.4895443071719092,4.2967127206258695,-0.0348831700469211,0.0001650348120972,-0.0012365487026653,-0.0011219277620769,1.0,False,,,,,,,,,,,,,,,,,,40.0,11.463514958967789,30.0,0.01,-0.0008892971983196,-0.0016645937379699,0.0098202992918022,-2.275048017501831,1.8682037591934204,-2.619154930114746,0.0,0.0016777994774662896,3.96894273774656e-06
0.028489682791334,-7.468174204284,-3.676918015967,-9.550745259298,-2.214498135635405,1.900113405036288,-2.657068096196445,2.5833448691881374e-06,2.826134063307436e-06,-1.4482043922104189e-06,-0.0001429205776144,-0.0012550275434202,-0.000209615891079,19.070898722748,13.799960625932426,-4.093653675943389e-06,2.1175823681357513e-22,-1.4895443071719092,4.2967127206258695,-0.0348831700469211,0.0001186100224847,-0.0009565780777838,-0.0008428222183305,1.0,False,,,,,,,,,,,,,,,,,,40.0,11.488654797774624,30.0,0.0099999999999999,-0.0009003796587798,-0.001540862837069,0.0098394643242096,-2.207148790359497,1.9038665294647217,-2.661454439163208,0.0,0.0012804137019111514,4.093653675943389e-06
0.0285897789403937,-7.468174204284,-3.676918015967,-9.550745259298,-2.1420372111143524,1.936112651856296,-2.698559296011319,2.66319207092303e-06,2.9134855042142312e-06,-1.4929661542335136e-06,-0.0001130809579877,-0.0008476028455149,-0.0001323393277513,19.07149929964236,13.799960625932426,-4.220182191278068e-06,8.731015774769282e-22,-1.4895443071719092,4.2967127206258695,-0.0348831700469211,6.79965827204783e-05,-0.0006567319728569,-0.0005592952395827,1.0,False,,,,,,,,,,,,,,,,,,40.0,11.513811703897703,30.0,0.01,-0.0009140420998953,-0.0014170336732382,0.0098568018448443,-2.134300708770752,1.9398314952850344,-2.7027719020843506,0.0,0.0008652927738367156,4.220182191278068e-06
0.0286898839833385,-7.468174204284,-3.676918015967,-9.550745259298,-2.065630513021571,1.9719104169385329,-2.7384916329357822,2.7415752681267786e-06,2.9992353497925635e-06,-1.5369072059374002e-06,-8.017327856636098e-05,-0.0004287135886734,-6.371571909883066e-05,19.07209992990003,13.799960625932426,-4.344390796637896e-06,9.47011624621305e-22,-1.4895443071719092,4.2967127206258695,-0.0348831700469211,1.44843469505499e-05,-0.0003425415018119,-0.0002770168077922,1.0,False,,,,,,,,,,,,,,,,,,40.0,11.538970845297918,30.0,0.01,-0.0009302707818361,-0.0012932575960698,0.0098722885423122,-2.057644844055176,1.9755371809005735,-2.742462158203125,0.0,0.0004407752131978222,4.344390796637895e-06
0.0287899584435912,-7.468174204284,-3.676918015967,-9.550745259298,-1.98657465482907,2.006933387301503,-2.7763257418338703,2.816058467514638e-06,3.0807186660329938e-06,-1.5786619471591098e-06,-4.4303742707960494e-05,-6.554006200809055e-06,-5.028607579687335e-06,19.072700376661547,13.799960625932426,-4.462419336538555e-06,9.47011624621305e-22,-1.4895443071719092,4.2967127206258695,-0.0348831700469211,-4.037070058260756e-05,-1.997277505278185e-05,-1.5356759307613404e-06,1.0,False,,,,,,,,,,,,,,,,,,40.0,11.56412230042927,30.0,0.01,-0.0009490482054749,-0.0011696616937815,0.0098859091147847,-1.978390336036682,2.0104522705078125,-2.780064582824707,0.0,4.5067321968405164e-05,4.462419336538554e-06
0.0288900220561761,-7.468174204284,-3.676918015967,-9.550745259298,-1.9061940572344465,2.0407627826557238,-2.8116744481968383,2.8845260077050203e-06,3.1556209564204643e-06,-1.617044353476667e-06,-5.661479221338141e-06,0.0004107590824659,4.286704624705738e-05,19.07330075833705,13.799960625932426,-4.5709152640185145e-06,9.47011624621305e-22,-1.4895443071719092,4.2967127206258695,-0.0348831700469211,-9.496893389843156e-05,0.000304837949151,0.0002620064620973,1.0,False,,,,,,,,,,,,,,,,,,40.0,11.589271029244344,30.0,0.01,-0.0009703646115183,-0.0010462996789956,0.0098976587889483,-1.8980216979980469,2.0441155433654785,-2.81510591506958,0.0,0.0004130286428677181,4.570915264018514e-06
0.0289900484020811,-7.468174204284,-3.676918015967,-9.550745259298,-1.8258357810003152,2.073089951459806,-2.8442649046465243,2.945272552723875e-06,3.2220766132526778e-06,-1.6510984259147622e-06,3.532574610776474e-05,0.0008152846218656,7.952118351760973e-05,19.073900916412487,13.799960625932426,-4.667176247320929e-06,8.731015774769282e-22,-1.4895443071719092,4.2967127206258695,-0.0348831700469211,-0.0001478415603927,0.0006256135017297,0.0005089313913395,1.0,False,,,,,,,,,,,,,,,,,,40.0,11.614410391921195,30.0,0.01,-0.0009941990673732,-0.0009232819298417,0.0099075283846407,-1.817725419998169,2.076283693313598,-2.8474135398864746,0.0,0.0008199149599907578,4.667176247320928e-06
0.0290900665318008,-7.468174204284,-3.676918015967,-9.550745259298,-1.7467745600971727,2.103767965559983,-2.873980628008493,2.996980048546206e-06,3.2786437084999108e-06,-1.680085272949102e-06,7.817649253933502e-05,0.0011996719565645,0.0001049163804245,19.0745010251908,13.799960625932426,-4.749113654467592e-06,2.1175823681357513e-22,-1.4895443071719092,4.2967127206258695,-0.0348831700469211,-0.0001975776568798,0.0009363243527766,0.0007352493387509,1.0,False,,,,,,,,,,,,,,,,,,40.0,11.63954768964544,30.0,0.01,-0.0010205417108057,-0.0008006502545741,0.0099155158104032,-1.73894464969635,2.106755495071411,-2.876811981201172,0.0,0.00120678573667177,4.749113654467592e-06
0.0291901005010288,-7.468174204284,-3.676918015967,-9.550745259298,-1.6701300905132532,2.1327272156477544,-2.9009117188388123,3.0386028546808912e-06,3.3241783297696776e-06,-1.7034187161061963e-06,0.0001228685648005,0.0015574983190842,0.0001194991697583,19.07510122900617,13.799960625932426,-4.815070528971104e-06,2.1175823681357513e-22,-1.4895443071719092,4.2967127206258695,-0.0348831700469211,-0.0002424315328006,0.0012316406475672,0.0009377984948289,1.0,False,,,,,,,,,,,,,,,,,,40.0,11.664688968272335,30.0,0.01,-0.0010493825146366,-0.000678452711122,0.009921617723776,-1.6626157760620115,2.135540008544922,-2.9034624099731445,0.0,0.0015669006827936371,4.815070528971104e-06
0.0292901043178165,-7.468174204284,-3.676918015967,-9.550745259298,-1.5970959000684204,2.159927325658983,-2.9251497183584574,3.0694912297230666e-06,3.357969671339315e-06,-1.7207345150681756e-06,0.000168597680522,0.0018823323070495,0.0001239520643283,19.0757012519069,13.799960625932426,-4.864017269123168e-06,2.1175823681357513e-22,-1.4895443071719092,4.2967127206258695,-0.0348831700469211,-0.000281292011515,0.0015058138139143,0.00111371619741,1.0,False,,,,,,,,,,,,,,,,,,40.0,11.689822668764432,30.0,0.01,-0.0010806894659414,-0.0005568225723923,0.009925827869809,-1.589995503425598,2.1625566482543945,-2.92744779586792,0.0,0.001893928247397704,4.864017269123168e-06
0.0293901308713557,-7.468174204284,-3.676918015967,-9.550745259298,-1.528633696599896,2.185331935357244,-2.946969738977667,3.0892960226981677e-06,3.3796357681548266e-06,-1.7318369383316916e-06,0.0002148350058194,0.0021691406366281,0.00011932502492,19.076301411228133,13.799960625932426,-4.895400598747794e-06,8.731015774769282e-22,-1.4895443071719092,4.2967127206258695,-0.0348831700469211,-0.0003130306931212,0.0017541433523581,0.0012611726794181,1.0,False,,,,,,,,,,,,,,,,,,40.0,11.714962083625451,30.0,0.0099999999999999,-0.0011144590609417,-0.00043577232245,0.009928146024534,-1.5220532417297363,2.187786817550659,-2.9490370750427246,0.0,0.002183017096307067,4.895400598747795e-06
0.0294901796719283,-7.468174204284,-3.676918015967,-9.550745259298,-1.465682523131216,2.2090628381035584,-2.966656534063348,3.0978497838310817e-06,3.388993433093586e-06,-1.7366321147676194e-06,0.0002607597926484,0.0024131004859454,0.00010687252065,19.07690170403157,13.799960625932426,-4.908955171396046e-06,8.470329472543003e-22,-1.4895443071719092,4.2967127206258695,-0.0348831700469211,-0.0003367722459597,0.001971888321063,0.0013786632163108,1.0,False,,,,,,,,,,,,,,,,,,40.0,11.7401070897758,30.0,0.01,-0.0011506714427464,-0.0003153794877156,0.0099285694341922,-1.459755778312683,2.211334466934204,-2.968508005142212,0.0,0.002429500228524798,4.908955171396046e-06
0.029590253062178,-7.468174204284,-3.676918015967,-9.550745259298,-1.4089453540973793,2.2312687410162484,-2.9845104085925698,3.095461624466652e-06,3.386380828555601e-06,-1.7352933299533597e-06,0.000305201406356,0.002611005588131,8.804169580041974e-05,19.077502144373067,13.799960625932426,-4.905170815123085e-06,8.470329472543003e-22,-1.4895443071719092,4.2967127206258695,-0.0348831700469211,-0.0003523060431303,0.002155369864201,0.0014657798676339,1.0,False,,,,,,,,,,,,,,,,,,40.0,11.76525827598606,30.0,0.01,-0.0011893062658984,-0.000195717875327,0.009927096510016,-1.4036720991134644,2.2333996295928955,-2.9861948490142822,0.0,0.002630256531194705,4.905170815123084e-06
0.0296903582551272,-7.468174204284,-3.676918015967,-9.550745259298,-1.358979775851509,2.25218358114637,-3.0008245737254526,3.082595874159192e-06,3.3723059229448195e-06,-1.7280808836684774e-06,0.0003468717399513,0.0027604782965549,6.438395252350267e-05,19.078102775530763,13.799960625932426,-4.884783321889765e-06,2.1175823681357513e-22,-1.4895443071719092,4.2967127206258695,-0.0348831700469211,-0.000359703977657,0.0023014748529309,0.0015226727399065,1.0,False,,,,,,,,,,,,,,,,,,40.0,11.790417455086493,30.0,0.01,-0.0012303439046109,-7.685523322276035e-05,0.0099237264749444,-1.3544496297836304,2.254178285598755,-3.002357244491577,0.0,0.0027829311387582035,4.884783321889765e-06
0.0297903844430497,-7.468174204284,-3.676918015967,-9.550745259298,-1.3161629334579057,2.2720441404269582,-3.015910045088778,3.0597591021336427e-06,3.347322894125414e-06,-1.7152787549454545e-06,0.0003848237416096,0.0028601408212791,3.759471056979328e-05,19.0787029326583,13.799960625932426,-4.848595418035314e-06,0.0,-1.4895443071719092,4.2967127206258695,-0.0348831700469211,-0.0003589327216785,0.002407950642771,0.0015501126395212,1.0,False,,,,,,,,,,,,,,,,,,40.0,11.815556778058,30.0,0.01,-0.0012737113090226,4.100234236716505e-05,0.0099184665301239,-1.3123842477798462,2.273932456970215,-3.0173256397247314,0.0,0.002886158033080712,4.848595418035314e-06
0.0298904355034904,-7.468174204284,-3.676918015967,-9.550745259298,-1.2806775074661942,2.291085100834064,-3.030167799869014,3.0271141560025783e-06,3.3116098945347597e-06,-1.6969782349744848e-06,0.0004187824955324,0.0029090512759412,9.403645981801096e-06,19.07930323902094,13.799960625932426,-4.796865157269781e-06,2.1175823681357513e-22,-1.4895443071719092,4.2967127206258695,-0.0348831700469211,-0.0003494450289588,0.0024731350552553,0.0015490441257047,1.0,False,,,,,,,,,,,,,,,,,,40.0,11.840702352175152,30.0,0.01,-0.0013194241732493,0.0001579034526305,0.0099113160756123,-1.277619481086731,2.292903184890747,-3.031524658203125,0.0,0.002939055381100741,4.796865157269781e-06
0.0299904726776538,-7.468174204284,-3.676918015967,-9.550745259298,-1.2526647529048194,2.3095211847683346,-3.0438995581408945,2.984928394930866e-06,3.265459410418876e-06,-1.673329203363776e-06,0.0004481670752897,0.0029067057057579,-1.84613033528101e-05,19.07990346206592,13.799960625932426,-4.73001620576376e-06,8.470329472543003e-22,-1.4895443071719092,4.2967127206258695,-0.0348831700469211,-0.0003310837884419,0.0024955972531208,0.0015206940791059,1.0,False,,,,,,,,,,,,,,,,,,40.0,11.865844436290164,30.0,0.01,-0.0013674362801101,0.0002737287611436,0.0099022820897589,-1.2503666877746582,2.311274766921997,-3.045199155807495,0.0,0.0029411107777472002,4.73001620576376e-06
0.0300904950588608,-7.468174204284,-3.676918015967,-9.550745259298,-1.2322214613994702,2.3276121156562337,-3.0572492028884493,2.9337069644927587e-06,3.209424062193008e-06,-1.644614841057562e-06,0.0004716099238742,0.0028531064225987,-4.443776634503976e-05,19.080503596353164,13.799960625932426,-4.648849033892537e-06,2.1175823681357513e-22,-1.4895443071719092,4.2967127206258695,-0.0348831700469211,-0.000304590564594,0.0024740830099399,0.0014665417627656,1.0,False,,,,,,,,,,,,,,,,,,40.0,11.890982802529704,30.0,0.01,-0.0014177158619556,0.0003884044780119,0.0098913711737159,-1.2306489944458008,2.3293449878692627,-3.058521509170532,0.0,0.002892163013048939,4.648849033892537e-06
0.0301905074807009,-7.468174204284,-3.676918015967,-9.550745259298,-1.2192531569210316,2.3455658654402174,-3.07036170790799,2.8738579735289785e-06,3.1439503137846227e-06,-1.6110639309112348e-06,0.0004882328324794,0.0027491674735717,-6.700273723558685e-05,19.081103670884204,13.799960625932426,-4.554010344415752e-06,2.1175823681357513e-22,-1.4895443071719092,4.2967127206258695,-0.0348831700469211,-0.0002705036294193,0.0024082711431886,0.0013884669065587,1.0,False,,,,,,,,,,,,,,,,,,40.0,11.916118665707367,30.0,0.01,-0.0014702327367173,0.0005018641108423,0.0098785903910493,-1.2183938026428225,2.3472957611083984,-3.07161808013916,0.0,0.0027929880886342004,4.554010344415752e-06
0.0302905251923183,-7.468174204284,-3.676918015967,-9.550745259298,-1.2136202090245836,2.3635045783348336,-3.083321102534863,2.8058128594823248e-06,3.069510150203473e-06,-1.572918333625266e-06,0.0004970624771188,0.0025962645535091,-8.477781383461522e-05,19.08170377715391,13.799960625932426,-4.446183807367056e-06,2.1175823681357513e-22,-1.4895443071719092,4.2967127206258695,-0.0348831700469211,-0.0002296113469043,0.0022982386800981,0.0012884974250497,1.0,False,,,,,,,,,,,,,,,,,,40.0,11.941255858351042,30.0,0.01,-0.0015249615714077,0.0006140533527988,0.0098639459997328,-1.213454246520996,2.3652360439300537,-3.084563732147217,0.0,0.0026447774983324895,4.446183807367057e-06
0.0303905383990607,-7.468174204284,-3.676918015967,-9.550745259298,-1.215000289573216,2.3815045368665984,-3.096166980759724,2.7300893737673024e-06,2.986669982433364e-06,-1.5304682968864856e-06,0.0004974157810422,0.0023969245858171,-9.653912612425718e-05,19.082303856394365,13.799960625932426,-4.326189868752904e-06,0.0,-1.4895443071719092,4.2967127206258695,-0.0348831700469211,-0.0001827780837509,0.0021451631904084,0.0011691265076177,1.0,False,,,,,,,,,,,,,,,,,,40.0,11.966391918796168,30.0,0.0099999999999999,-0.0015818624557938,0.0007248903231284,0.0098474486640136,-1.2154886722564695,2.3832449913024902,-3.097400665283203,0.0,0.0024498958615004705,4.326189868752904e-06
0.0304906067152863,-7.468174204284,-3.676918015967,-9.550745259298,-1.2229085915458973,2.399613150424956,-3.108932339603829,2.6471460525006e-06,2.895931440958896e-06,-1.483970872715353e-06,0.0004890814614239,0.0021544428275122,-0.0001012352875303,19.08290426629172,13.799960625932426,-4.194755140061377e-06,2.1175823681357513e-22,-1.4895443071719092,4.2967127206258695,-0.0348831700469211,-0.0001306878312537,0.0019510964003253,0.0010330618005563,1.0,False,,,,,,,,,,,,,,,,,,40.0,11.99154182976508,30.0,0.01,-0.0016409349708229,0.0008343699679784,0.0098290975769938,-1.2239675521850586,2.401338815689087,-3.1101412773132324,0.0,0.0022115770744807074,4.194755140061377e-06
0.0305906116214465,-7.468174204284,-3.676918015967,-9.550745259298,-1.236697418414018,2.4178164405974494,-3.121546959851626,2.5578790753487363e-06,2.79827493064688e-06,-1.4339284529313843e-06,0.0004718477832688,0.0018737467446975,-9.812500624226864e-05,19.08350429572868,13.799960625932426,-4.0532997372165685e-06,8.731015774769282e-22,-1.4895443071719092,4.2967127206258695,-0.0348831700469211,-7.45374405525943e-05,0.0017195338013347,0.0008836534313369,1.0,False,,,,,,,,,,,,,,,,,,40.0,12.01667580404633,30.0,0.0099999999999999,-0.0017020715733515,0.0009422936465053,0.0098089262940927,-1.2383064031600952,2.41956114768982,-3.122736930847168,0.0,0.0019347340154890038,4.053299737216568e-06
0.0306906372208937,-7.468174204284,-3.676918015967,-9.550745259298,-1.2558819163188566,2.43622023323773,-3.1339628788646685,2.46261770182722e-06,2.6940606556433184e-06,-1.3805256180302843e-06,0.0004458271348831,0.0015580816772205,-8.653634410184187e-05,19.084104449325363,13.799960625932426,-3.902345415730901e-06,5.9894274089194295e-22,-1.4895443071719092,4.2967127206258695,-0.0348831700469211,-1.482605936801213e-05,0.001452789171487,0.0007232238222794,1.0,False,,,,,,,,,,,,,,,,,,40.0,12.04181497911788,30.0,0.01,-0.0017652836907001,0.0010486848601674,0.0097869317743306,-1.257964253425598,2.4379844665527344,-3.135129690170288,0.0,0.001622919864299785,3.902345415730902e-06
0.0307906498643475,-7.468174204284,-3.676918015967,-9.550745259298,-1.279713976864238,2.4548372106241825,-3.1460186085546087,2.3624769066060365e-06,2.5845083787186267e-06,-1.3243874147232135e-06,0.0004109097032945,0.0012131631902565,-6.62837284434033e-05,19.084704525186083,13.799960625932426,-3.743659001323552e-06,0.0,-1.4895443071719092,4.2967127206258695,-0.0348831700469211,4.696348328757396e-05,0.0011552837761483,0.0005550847421044,1.0,False,,,,,,,,,,,,,,,,,,40.0,12.066950897993111,30.0,0.01,-0.0018305103628836,0.0011534404250876,0.0097631351008346,-1.28219473361969,2.456620693206787,-3.147143602371216,0.0,0.0012825775778140135,3.7436590013235514e-06
0.0308907288878724,-7.468174204284,-3.676918015967,-9.550745259298,-1.30732184181276,2.473634543337946,-3.157639881043093,2.258442312197597e-06,2.470696353647246e-06,-1.2660663758402094e-06,0.000367736299687,0.0008450134483649,-3.73756873983137e-05,19.085304999327235,13.799960625932426,-3.578802344008871e-06,5.9894274089194295e-22,-1.4895443071719092,4.2967127206258695,-0.0348831700469211,0.0001098925305159,0.0008320631429313,0.0003824515837929,1.0,False,,,,,,,,,,,,,,,,,,40.0,12.092103499999869,30.0,0.01,-0.0018977636916081,0.0012565758740338,0.0097375310034736,-1.3100825548171997,2.475412607192993,-3.158707857131958,0.0,0.0009223202567620009,3.5788023440088705e-06
0.0309908200210781,-7.468174204284,-3.676918015967,-9.550745259298,-1.3374745682232716,2.492567373726532,-3.1687517915495325,2.152021741897265e-06,2.3542741127186115e-06,-1.2064077761818089e-06,0.0003175500535756,0.0004618586406548,-2.655779611908404e-07,19.08590554612647,13.799960625932426,-3.410164790423988e-06,0.0,-1.4895443071719092,4.2967127206258695,-0.0348831700469211,0.0001728711996406,0.0004903672283606,0.0002093013155471,1.0,False,,,,,,,,,,,,,,,,,,40.0,12.117259145501336,30.0,0.01,-0.001966966994586,0.00135796804578,0.0097101474565966,-1.3403735160827637,2.494334936141968,-3.169762134552002,0.0,0.0005604922042321548,3.410164790423988e-06
0.0310908966441021,-7.468174204284,-3.676918015967,-9.550745259298,-1.3688154921043787,2.5117721905737764,-3.179254010434419,2.044883463507291e-06,2.2370667117039816e-06,-1.1463468345751292e-06,0.0002617346772462,7.209815950861531e-05,4.4245958008146425e-05,19.08650600586461,13.799960625932426,-3.240389932875372e-06,4.235164736271503e-22,-1.4895443071719092,4.2967127206258695,-0.0348831700469211,0.0002347816027361,0.0001377900110704,3.940053988998085e-05,1.0,False,,,,,,,,,,,,,,,,,,40.0,12.142411144196416,30.0,0.01,-0.0020380580203306,0.0014575258989932,0.0096810091291936,-1.3716630935668943,2.513580322265625,-3.180180311203003,0.0,0.00027506524803719,3.240389932875372e-06
0.0311909860132383,-7.468174204284,-3.676918015967,-9.550745259298,-1.3999095041679523,2.531455613398637,-3.189024647661204,1.9389768411426045e-06,2.1212067208198605e-06,-1.0869763504009006e-06,0.0002015125796901,-0.0003156948232611,9.495918708503626e-05,19.08710654207943,13.799960625932426,-3.072566798178611e-06,0.0,-1.4895443071719092,4.2967127206258695,-0.0348831700469211,0.0002941856606061,-0.0002178124146169,-0.0001236945332321,1.0,False,,,,,,,,,,,,,,,,,,40.0,12.167566346338855,30.0,0.01,-0.0021110110964864,0.0015552135997645,0.0096501265696165,-1.4027628898620603,2.5332705974578857,-3.189889669418335,0.0,0.0003863777794064599,3.072566798178611e-06
0.0312910465339264,-7.468174204284,-3.676918015967,-9.550745259298,-1.430489182137979,2.551265116247414,-3.198127075192286,1.835027675613799e-06,2.007488153447296e-06,-1.0287032023280556e-06,0.0001375297100261,-0.0006985582518995,0.0001511693043645,19.08770690520356,13.799960625932426,-2.907845514290574e-06,0.0,-1.4895443071719092,4.2967127206258695,-0.0348831700469211,0.0003506963852992,-0.0005735041329606,-0.0002790255648395,1.0,False,,,,,,,,,,,,,,,,,,40.0,12.192714298075517,30.0,0.01,-0.0021857493237798,0.0016509292291917,0.0096175325616187,-1.4331992864608765,2.5530760288238525,-3.1989219188690186,0.0,0.0007278394129330971,2.9078455142905743e-06
0.0313911202220911,-7.468174204284,-3.676918015967,-9.550745259298,-1.4592453318085394,2.571296000762364,-3.206575974163957,1.7346990798489725e-06,1.8977304260154612e-06,-9.724597193986596e-07,7.140390000505881e-05,-0.0010692416332033,0.0002115141231161,19.088307347332545,13.799960625932426,-2.748861504933745e-06,2.1175823681357513e-22,-1.4895443071719092,4.2967127206258695,-0.0348831700469211,0.0004035175259318,-0.0009222536937123,-0.0004239529951406,1.0,False,,,,,,,,,,,,,,,,,,40.0,12.217865559159977,30.0,0.01,-0.0022622563812731,0.0017446528860077,0.0095832344421251,-1.4616950750350952,2.573107957839966,-3.2073042392730717,0.0,0.001092297766814876,2.748861504933745e-06
0.0314911589785077,-7.468174204284,-3.676918015967,-9.550745259298,-1.4848231109616463,2.591624445403576,-3.2144498623217124,1.6396118968328162e-06,1.7937067123754163e-06,-9.191545344311608e-07,5.07793012233151e-06,-0.0014207113249354,0.0002744983104832,19.088907579871044,13.799960625932426,-2.5981832114809946e-06,2.1175823681357513e-22,-1.4895443071719092,4.2967127206258695,-0.0348831700469211,0.000452160744548,-0.0012570148043047,-0.0005561116969466,1.0,False,,,,,,,,,,,,,,,,,,40.0,12.243008040938603,30.0,0.01,-0.0023404465613968,0.0018362809322486,0.0095472709310622,-1.48691987991333,2.593472719192505,-3.2151286602020264,0.0,0.0014469954307571805,2.5981832114809946e-06
0.0315912646671778,-7.468174204284,-3.676918015967,-9.550745259298,-1.5059175419937327,2.612451980573078,-3.221751231580187,1.5514928455220434e-06,1.6973060128381626e-06,-8.697556335458204e-07,-6.018003759068933e-05,-0.0017467442842232,0.0003384261550878,19.089508214003065,13.799960625932426,-2.458546849870337e-06,4.365507887384641e-22,-1.4895443071719092,4.2967127206258695,-0.0348831700469211,0.0004956623083797,-0.0015715534573803,-0.0006736528041105,1.0,False,,,,,,,,,,,,,,,,,,40.0,12.268167344627276,30.0,0.01,-0.0024203508101192,0.0019258476809498,0.0095096273673438,-1.507529616355896,2.614326000213623,-3.222372770309448,0.0,0.0017802442230880425,2.4585468498703376e-06
0.0316913361087724,-7.468174204284,-3.676918015967,-9.550745259298,-1.5212910479041866,2.6338389826823554,-3.228539279523922,1.4719412221090371e-06,1.6102779294411686e-06,-8.251595705856357e-07,-0.0001227921200108,-0.0020414996251803,0.0004015421902087,19.090108642652638,13.799960625932426,-2.3324867177152915e-06,2.1175823681357513e-22,-1.4895443071719092,4.2967127206258695,-0.0348831700469211,0.0005334180091032,-0.0018597924892087,-0.000775030244257,1.0,False,,,,,,,,,,,,,,,,,,40.0,12.293318041087083,30.0,0.01,-0.0025018386469993,0.0020132049215615,0.0094703647938282,-1.5223395824432373,2.6357641220092773,-3.229119300842285,0.0,0.00208423481279477,2.3324867177152915e-06
0.0317913740050396,-7.468174204284,-3.676918015967,-9.550745259298,-1.5297615926176782,2.655836782864871,-3.234922417998782,1.4021949936052654e-06,1.5339767764233452e-06,-7.860603408761246e-07,-0.000181030161555,-0.0023002055246674,0.0004622281469533,19.09070887003024,13.799960625932426,-2.221964538465031e-06,1.0587911840678754e-22,-1.4895443071719092,4.2967127206258695,-0.0348831700469211,0.0005652749567108,-0.0021165117674111,-0.000859194039007,1.0,False,,,,,,,,,,,,,,,,,,40.0,12.318460306686596,30.0,0.01,-0.002584857489723,0.002098300252225,0.0094295094150933,-1.5301457643508911,2.657787561416626,-3.235470533370972,0.0,0.0023531621777809833,2.221964538465031e-06
0.0318914583742613,-7.468174204284,-3.676918015967,-9.550745259298,-1.530530980349838,2.67833207071022,-3.2410242469033257,1.3429711948262366e-06,1.469186977320572e-06,-7.528599089329711e-07,-0.000233481557239,-0.0025201132160038,0.0005191701053625,19.091309376245565,13.799960625932426,-2.1281165491908405e-06,1.0587911840678754e-22,-1.4895443071719092,4.2967127206258695,-0.0348831700469211,0.0005914017882867,-0.0023383653609911,-0.000925912102026,1.0,False,,,,,,,,,,,,,,,,,,40.0,12.343614252213468,30.0,0.01,-0.002669421518641,0.0021811474655818,0.0093870540900328,-1.5302093029022217,2.680306434631348,-3.241539239883423,0.0,0.002583606366563969,2.12811654919084e-06
0.0319915517635303,-7.468174204284,-3.676918015967,-9.550745259298,-1.522832449921664,2.701310816607033,-3.24678959545994,1.2952345454487366e-06,1.416963918571039e-06,-7.260990896082052e-07,-0.0002792668474803,-0.0026982974295513,0.000570813098632,19.09190993658118,13.799960625932426,-2.05247147658277e-06,4.735058123106525e-22,-1.4895443071719092,4.2967127206258695,-0.0348831700469211,0.0006113583950794,-0.0025219602362686,-0.0009749790066666,1.0,False,,,,,,,,,,,,,,,,,,40.0,12.36877046472549,30.0,0.01,-0.0027554468386419,0.0022616612395213,0.0093430402523517,-1.521755576133728,2.703308343887329,-3.2472617626190186,0.0,0.002772115903780829,2.0524714765827694e-06
0.0320916284323253,-7.468174204284,-3.676918015967,-9.550745259298,-1.5060009882561554,2.724838391313206,-3.2520805620892443,1.2596891258543088e-06,1.3780778517866467e-06,-7.061725852558112e-07,-0.0003175982494459,-0.0028325877443579,0.000615726122957,19.09251039659395,13.799960625932426,-1.996145029687815e-06,1.0587911840678754e-22,-1.4895443071719092,4.2967127206258695,-0.0348831700469211,0.0006248517705894,-0.0026645974574686,-0.0010064895878608,1.0,False,,,,,,,,,,,,,,,,,,40.0,12.393922474924077,30.0,0.01,-0.0028428567406322,0.0023397702066948,0.0092975072429175,-1.504114866256714,2.7268786430358887,-3.2525064945220947,0.0,0.0029160830982722925,1.996145029687815e-06
0.0321916965646687,-7.468174204284,-3.676918015967,-9.550745259298,-1.4795545958069558,2.7488213594135686,-3.256704083860008,1.2368935761572004e-06,1.353139919472924e-06,-6.933935654710549e-07,-0.0003478268563982,-0.0029211925046691,0.0006525339254794,19.09311080538801,13.799960625932426,-1.9600224480976743e-06,2.3675290615532623e-22,-1.4895443071719092,4.2967127206258695,-0.0348831700469211,0.0006315759473467,-0.0027639592090622,-0.0010206816392202,1.0,False,,,,,,,,,,,,,,,,,,40.0,12.419072339678348,30.0,0.01,-0.002931602554184,0.0024154322537965,0.0092504807167855,-1.476865291595459,2.7508673667907715,-3.2570571899414062,0.0,0.003013328673621306,1.9600224480976747e-06
0.0322917532824163,-7.468174204284,-3.676918015967,-9.550745259298,-1.443258660962487,2.7730682165454668,-3.2604110475216928,1.2270881419795076e-06,1.3424129461347477e-06,-6.878967102067683e-07,-0.0003693569690512,-0.0029630728887008,0.0006800526509717,19.093711145694492,13.799960625932426,-1.9444844329667924e-06,2.3675290615532623e-22,-1.4895443071719092,4.2967127206258695,-0.0348831700469211,0.0006314284669303,-0.0028184367550318,-0.0010180419792277,1.0,False,,,,,,,,,,,,,,,,,,40.0,12.444219335631796,30.0,0.01,-0.0030216252050964,0.0024885980880552,0.0092019922123447,-1.4397783279418943,2.775097131729126,-3.2606709003448486,0.0,0.0030624658565335926,1.944484432966792e-06
0.0323918436424518,-7.468174204284,-3.676918015967,-9.550745259298,-1.3971615057863984,2.797254162950063,-3.262905636034805,1.2302179492933858e-06,1.34583690054627e-06,-6.896512574810375e-07,-0.0003817294976066,-0.0029579192260882,0.000697305641187,19.09431168785471,13.799960625932426,-1.9494440290967043e-06,2.3675290615532623e-22,-1.4895443071719092,4.2967127206258695,-0.0348831700469211,0.0006244334714242,-0.0028271511388189,-0.0009992687289595,1.0,False,,,,,,,,,,,,,,,,,,40.0,12.469374786814424,30.0,0.01,-0.0031129086986116,0.0025592535322849,0.0091520500868163,-1.392927885055542,2.7992360591888428,-3.2630460262298584,0.0,0.0030628807868796357,1.949444029096704e-06
0.032491932833072,-7.468174204284,-3.676918015967,-9.550745259298,-1.3417392896647444,2.8209924163141604,-3.263828040331329,1.2458228232372462e-06,1.3629083594646535e-06,-6.983992366048973e-07,-0.0003847857451266,-0.002906692991437,0.0007036223417176,19.09491222299843,13.799960625932426,-1.974172028189985e-06,2.3675290615532623e-22,-1.4895443071719092,4.2967127206258695,-0.0348831700469211,0.0006107612119657,-0.0027904939782037,-0.0009654650254942,1.0,False,,,,,,,,,,,,,,,,,,40.0,12.4945299440909,30.0,0.01,-0.0032053641317694,0.0026273280765221,0.0091007026081003,-1.3367671966552734,2.822920322418213,-3.2638208866119385,0.0,0.003015295775854463,1.974172028189985e-06
0.0325919371813156,-7.468174204284,-3.676918015967,-9.550745259298,-1.277641221557285,2.843909090026759,-3.262731419678796,1.2734306338508522e-06,1.3931108209784248e-06,-7.138759749478129e-07,-0.0003786296992104,-0.0028103896517061,0.0006983359644228,19.095512249087893,13.799960625932426,-2.0179202775047024e-06,1.0587911840678754e-22,-1.4895443071719092,4.2967127206258695,-0.0348831700469211,0.0005903522215494,-0.0027089870912157,-0.0009177127856174,1.0,False,,,,,,,,,,,,,,,,,,40.0,12.519663778152427,30.0,0.01,-0.0032988542914552,0.0026927251286934,0.0090480269531567,-1.271990180015564,2.845750570297241,-3.262537240982056,0.0,0.002920500567154065,2.0179202775047024e-06
0.0326919490245101,-7.468174204284,-3.676918015967,-9.550745259298,-1.205675254529371,2.8655738294483504,-3.2592130460474986,1.3122919309353534e-06,1.4356243996897857e-06,-7.356613361653633e-07,-0.0003633559400416,-0.0026705283891293,0.0006810687105941,19.09611232014706,13.799960625932426,-2.0795011734815887e-06,4.365507887384641e-22,-1.4895443071719092,4.2967127206258695,-0.0348831700469211,0.0005633814030212,-0.002583700297997,-0.000857145360904,1.0,False,,,,,,,,,,,,,,,,,,40.0,12.544799495900577,30.0,0.01,-0.0033934051288016,0.0027554667836322,0.0089940093637999,-1.199415922164917,2.867290735244751,-3.2588040828704834,0.0,0.0027798568317198204,2.0795011734815883e-06
0.0327919774502573,-7.468174204284,-3.676918015967,-9.550745259298,-1.126959439034338,2.8854745914043827,-3.2529618032576386,1.361262092739066e-06,1.489196899439942e-06,-7.631136536074708e-07,-0.0003390401103174,-0.0024895695966988,0.0006518333682373,19.09671249070154,13.799960625932426,-2.1571009106557867e-06,8.536247427581424e-22,-1.4895443071719092,4.2967127206258695,-0.0348831700469211,0.0005304050105825,-0.0024166274665669,-0.0007850948514302,1.0,False,,,,,,,,,,,,,,,,,,40.0,12.569939381298788,30.0,0.01,-0.0034889658645353,0.0028155181323052,0.0089386785848226,-1.1202914714813232,2.887001276016236,-3.252325773239136,0.0,0.0025957256621528097,2.1571009106557862e-06
0.0328920119863567,-7.468174204284,-3.676918015967,-9.550745259298,-1.042892631202082,2.902934845803788,-3.243987168783874,1.4183276730777576e-06,1.5516256453503818e-06,-7.951042039502525e-07,-0.0003051022183488,-0.0022716053498522,0.0006115700885947,19.097312697918134,13.799960625932426,-2.247528915646364e-06,4.365507887384641e-22,-1.4895443071719092,4.2967127206258695,-0.0348831700469211,0.0004932893295553,-0.0022112406651517,-0.0007031191652265,1.0,False,,,,,,,,,,,,,,,,,,40.0,12.595080802395994,30.0,0.01,-0.0035854664365473,0.0028728340153746,0.0088820749350868,-1.0358521938323977,2.904242038726806,-3.243127584457397,0.0,0.0023721922777005713,2.2475289156463637e-06
0.0329920663210066,-7.468174204284,-3.676918015967,-9.550745259298,-0.9548943005746834,2.917732666144448,-3.231984750875565,1.4823101285253585e-06,1.62162133154436e-06,-8.309723042990626e-07,-0.0002626715328553,-0.0020203563365503,0.0005606133018781,19.09791302392604,13.799960625932426,-2.3489176295819023e-06,4.365507887384641e-22,-1.4895443071719092,4.2967127206258695,-0.0348831700469211,0.000452052210127,-0.0019710936526635,-0.0006128310915769,1.0,False,,,,,,,,,,,,,,,,,,40.0,12.620227199411662,30.0,0.01,-0.0036828593974888,0.0029273849721669,0.0088242259650951,-0.9476888179779052,2.9188013076782227,-3.230881929397583,0.0,0.0021130838447761995,2.3489176295819023e-06
0.0330921209469793,-7.468174204284,-3.676918015967,-9.550745259298,-0.8643450949010095,2.929703030489069,-3.2168282941589736,1.551751745499016e-06,1.6975892448807154e-06,-8.699007709946649e-07,-0.000212544347967,-0.0017399958583355,0.0004997069969142,19.098513351681877,13.799960625932426,-2.4589571113321666e-06,1.0587911840678754e-22,-1.4895443071719092,4.2967127206258695,-0.0348831700469211,0.0004072620022423,-0.0017001629050296,-0.0005158018297111,1.0,False,,,,,,,,,,,,,,,,,,40.0,12.645373669644766,30.0,0.01,-0.003781064443402,0.0029791250400588,0.0087651791579257,-0.8569937348365784,2.930539608001709,-3.2154736518859863,0.0,0.0018227637723090776,2.4589571113321666e-06
0.0331921725651209,-7.468174204284,-3.676918015967,-9.550745259298,-0.772570176868126,2.938697477444844,-3.198615230248425,1.6248072463788458e-06,1.7776411690651109e-06,-9.109423235452032e-07,-0.000155048163111,-0.0014352091994393,0.0004301136228756,19.099113661390724,13.799960625932426,-2.574844195415776e-06,0.0,-1.4895443071719092,4.2967127206258695,-0.0348831700469211,0.000360211652337,-0.0014028932203686,-0.0004135230167559,1.0,False,,,,,,,,,,,,,,,,,,40.0,12.670519383927434,30.0,0.01,-0.0038799270726651,0.0030279432202697,0.0087050402506606,-0.7652761936187744,2.939281940460205,-3.1970415115356445,0.0,0.0015062745790932227,2.574844195415776e-06
0.0332922037936786,-7.468174204284,-3.676918015967,-9.550745259298,-0.6808306731922465,2.9446796153406427,-3.1774807595904746,1.6994025229202075e-06,1.860447326180261e-06,-9.53561691524738e-07,-9.030086415756178e-05,-0.0011100042249258,0.0003530676747722,19.09971384876207,13.799960625932426,-2.6941627805205776e-06,1.0587911840678754e-22,-1.4895443071719092,4.2967127206258695,-0.0348831700469211,0.0003122051788256,-0.0010830961743392,-0.0003071660981228,1.0,False,,,,,,,,,,,,,,,,,,40.0,12.695659973748748,30.0,0.01,-0.0039787928536589,0.003073249525899,0.0086443244258434,-0.6735879182815552,2.9450314044952397,-3.175682783126831,0.0,0.0011682980819935364,2.694162780520577e-06
0.0333923037212728,-7.468174204284,-3.676918015967,-9.550745259298,-0.5899334179906853,2.947750149412769,-3.1538550098179217,1.7735524696448029e-06,1.9428723867698607e-06,-9.960022804380629e-07,-1.840030246638515e-05,-0.0007707610023955,0.0002710573814127,19.10031444832764,13.799960625932426,-2.8128743335765666e-06,1.0587911840678754e-22,-1.4895443071719092,4.2967127206258695,-0.0348831700469211,0.0002655697109386,-0.0007470485083884,-0.0001981778310242,1.0,False,,,,,,,,,,,,,,,,,,40.0,12.72081782952112,30.0,0.01,-0.0040783980842968,0.0031156196317832,0.0085825161448173,-0.5829001665115356,2.947871446609497,-3.1519038677215576,0.0,0.0008172412116155673,2.812874333576567e-06
0.0334923250944046,-7.468174204284,-3.676918015967,-9.550745259298,-0.5013810397276289,2.9480370956188984,-3.127842773134285,1.8467474054189844e-06,2.024355039425331e-06,-1.0379758755189893e-06,5.7548484963952126e-05,-0.0004227789431222,0.0001847848791284,19.100914576566428,13.799960625932426,-2.930167780729953e-06,1.0587911840678754e-22,-1.4895443071719092,4.2967127206258695,-0.0348831700469211,0.0002190391750484,-0.0004004947459147,-8.845966715096434e-05,1.0,False,,,,,,,,,,,,,,,,,,40.0,12.745955942403764,30.0,0.01,-0.0041785308496962,0.00315496375583,0.008519746688578,-0.4945675134658813,2.94793963432312,-3.125718832015991,0.0,0.00046497238028045065,2.9301677807299526e-06
0.0335923795070185,-7.468174204284,-3.676918015967,-9.550745259298,-0.4157763857976337,2.9456586503849937,-3.099957577544402,1.9174106745580118e-06,2.103165385194924e-06,-1.0785952312707345e-06,0.0001374664021289,-7.072644539844473e-05,9.625850467817142e-05,19.10151490304211,13.799960625932426,-3.043540044965909e-06,1.0587911840678754e-22,-1.4895443071719092,4.2967127206258695,-0.0348831700469211,0.0001743703070687,-4.811804549295808e-05,2.108533202329324e-05,1.0,False,,,,,,,,,,,,,,,,,,40.0,12.771102359013916,30.0,0.01,-0.0042792367393945,0.0031913018741604,0.008455987539974,-0.4092370271682739,2.9453721046447754,-3.097705602645874,0.0,0.00018211244195782223,3.04354004496591e-06
0.0336924529066778,-7.468174204284,-3.676918015967,-9.550745259298,-0.3328520439401088,2.941065977746656,-3.070275395002836,1.984736152424408e-06,2.178413263983763e-06,-1.117402912837962e-06,0.0002220624706608,0.00028459472386,6.557463044115338e-06,19.102115343440065,13.799960625932426,-3.151706079738337e-06,1.0587911840678754e-22,-1.4895443071719092,4.2967127206258695,-0.0348831700469211,0.0001327614928635,0.0003092139144237,0.0001308053484607,1.0,False,,,,,,,,,,,,,,,,,,40.0,12.796253547589064,30.0,0.01,-0.0043804359204035,0.0032246025066765,0.0083912883290454,-0.3266211450099945,2.940636396408081,-3.067938804626465,0.0,0.00036103863788589617,3.1517060797383366e-06
0.0337925473651532,-7.468174204284,-3.676918015967,-9.550745259298,-0.2548882690536097,2.9350300102110256,-3.0394118957218943,2.047314942128467e-06,2.248544414853285e-06,-1.1536004501727397e-06,0.0003057547186462,0.000628961373381,-8.128550729519089e-05,19.10271591019092,13.799960625932426,-3.252421322102833e-06,4.235164736271503e-22,-1.4895443071719092,4.2967127206258695,-0.0348831700469211,9.369558353579644e-05,0.0006566100883602,0.0002361567707379,1.0,False,,,,,,,,,,,,,,,,,,40.0,12.821410028821983,30.0,0.01,-0.0044820642900376,0.0032548424455507,0.0083256891819602,-0.2491779178380966,2.9345333576202397,-3.0370168685913086,0.0,0.0007040494946209159,3.2524213221028324e-06
0.0338925864219998,-7.468174204284,-3.676918015967,-9.550745259298,-0.1815653387044317,2.9278376970047364,-3.008046722877881,2.10349039866524e-06,2.3117271411900813e-06,-1.1862462096133332e-06,0.0003902585604878,0.0009589788329599,-0.0001644710604418,19.103316144532,13.799960625932426,-3.3430426713420394e-06,1.0587911840678754e-22,-1.4895443071719092,4.2967127206258695,-0.0348831700469211,6.050020578086263e-05,0.0009907252163064,0.0003373368445592,1.0,False,,,,,,,,,,,,,,,,,,40.0,12.846552586106888,30.0,0.01,-0.0045839772897062,0.0032819800972888,0.0082592831921697,-0.1761674433946609,2.9272522926330566,-3.0056729316711426,0.0,0.0010483286106092841,3.343042671342039e-06
0.0339926624122391,-7.468174204284,-3.676918015967,-9.550745259298,-0.1132325589814452,2.9203133300031765,-2.9762171202993657,2.1535193087832733e-06,2.3682317026205707e-06,-1.215477022296175e-06,0.0004728216098153,0.0012699741350936,-0.0002420427066286,19.103916600473436,13.799960625932426,-3.423967173080006e-06,4.735058123106525e-22,-1.4895443071719092,4.2967127206258695,-0.0348831700469211,3.215507368221332e-05,0.001306331031382,0.0004329486551916,1.0,False,,,,,,,,,,,,,,,,,,40.0,12.87170442576582,30.0,0.01,-0.0046862019114098,0.0033060232799095,0.0081920523507967,-0.1083403676748275,2.9197494983673096,-2.9738357067108154,0.0,0.0013765824531596963,3.4239671730800065e-06
0.0340927608025379,-7.468174204284,-3.676918015967,-9.550745259298,-0.0500348685611717,2.9128327097951314,-2.9445972424682325,2.196382779683988e-06,2.416923763314731e-06,-1.2407085540585797e-06,0.0005531465927279,0.0015564247982224,-0.0003113371081366,19.104517190815223,13.799960625932426,-3.4935620087071503e-06,4.235164736271503e-22,-1.4895443071719092,4.2967127206258695,-0.0348831700469211,1.0645706576667596e-05,0.0015976749246671,0.0005221892420305,1.0,False,,,,,,,,,,,,,,,,,,40.0,12.89686189517372,30.0,0.01,-0.0047886563399979,0.0033269496532632,0.008124049265117,-0.0455881468951702,2.9122884273529053,-2.9422757625579834,0.0,0.0016808807514130753,3.4935620087071503e-06
0.0341928341302407,-7.468174204284,-3.676918015967,-9.550745259298,0.007557699294408,2.905638832756092,-2.9134982665291917,2.233197550193746e-06,2.459017116822468e-06,-1.2625615636506803e-06,0.0006282505910643,0.0018155386920907,-0.0003723713558812,19.105117630781443,13.799960625932426,-3.553589478404235e-06,0.0,-1.4895443071719092,4.2967127206258695,-0.0348831700469211,-6.0484617706305294e-06,0.0018613907929709,0.0006039269047538,1.0,False,,,,,,,,,,,,,,,,,,40.0,12.92201306566422,30.0,0.01,-0.004891224627966,0.003344735351151,0.0080553502139595,0.0115115353837609,2.9051196575164795,-2.91120982170105,0.0,0.001956921044480808,3.553589478404235e-06
0.0342928411495384,-7.468174204284,-3.676918015967,-9.550745259298,0.0605150368175325,2.899146592534789,-2.883008274946871,2.2635928401152046e-06,2.4940897579753296e-06,-1.280817253207969e-06,0.0007000083869386,0.0020481093883912,-0.0004238211451073,19.105717672897228,13.799960625932426,-3.6034468364017055e-06,4.735058123106525e-22,-1.4895443071719092,4.2967127206258695,-0.0348831700469211,-1.5989433234809002e-05,0.0020982166834337,0.0006794256832251,1.0,False,,,,,,,,,,,,,,,,,,40.0,12.947147571034872,30.0,0.01,-0.0049937969292409,0.0033593653094385,0.0079860288596551,0.0641416907310485,2.8987178802490234,-2.880813837051392,0.0,0.0022055358014869356,3.6034468364017064e-06
0.0343929279662422,-7.468174204284,-3.676918015967,-9.550745259298,0.1073234571659929,2.893785934905828,-2.85325228015992,2.29055930584853e-06,2.5254277345417432e-06,-1.297161730637103e-06,0.0007608720204268,0.0022488632706062,-0.0004677637053206,19.106318193797453,13.799960625932426,-3.6478864745810537e-06,4.235164736271503e-22,-1.4895443071719092,4.2967127206258695,-0.0348831700469211,-2.540099407647332e-05,0.0023020093801469,0.0007451326919289,1.0,False,,,,,,,,,,,,,,,,,,40.0,12.9723021316811,30.0,0.01,-0.0050964556065539,0.0033708502610982,0.00791602859821,0.1104378029704094,2.893440723419189,-2.851161241531372,0.0,0.002419734515471735,3.6478864745810533e-06
0.0344929881206491,-7.468174204284,-3.676918015967,-9.550745259298,0.1501312871474606,2.889509183808305,-2.823854579158198,2.3137740286748807e-06,2.5526658372905973e-06,-1.3114059924910756e-06,0.0008164574662845,0.0024268079114333,-0.0005042157139497,19.10691855472389,13.799960625932426,-3.686385602427179e-06,0.0,-1.4895443071719092,4.2967127206258695,-0.0348831700469211,-3.144164751188214e-05,0.0024821150570016,0.0008052013326173,1.0,False,,,,,,,,,,,,,,,,,,40.0,12.997449991361233,30.0,0.01,-0.0051990239407297,0.003379167510077,0.0078454685648824,0.1529831737279892,2.889216184616089,-2.8217358589172363,0.0,0.002609642297220208,3.686385602427179e-06
0.0345930879440286,-7.468174204284,-3.676918015967,-9.550745259298,0.1875404294763242,2.8858173923072603,-2.7945069567460967,2.3386689293289003e-06,2.581793818888956e-06,-1.3266267499140825e-06,0.0008587611086053,0.0025860793275341,-0.0005401592502153,19.10751915366417,13.799960625932426,-3.72759576910496e-06,4.735058123106525e-22,-1.4895443071719092,4.2967127206258695,-0.0348831700469211,-4.471438646001646e-05,0.0026419918836424,0.0008572796836253,1.0,False,,,,,,,,,,,,,,,,,,40.0,13.022607820941626,30.0,0.01,-0.005301502352593,0.0033843160257922,0.0077743474223253,0.1901242733001709,2.885563611984253,-2.792445182800293,0.0,0.002777957693260533,3.727595769104961e-06
0.0346931149061603,-7.468174204284,-3.676918015967,-9.550745259298,0.2233855953207497,2.882252815464559,-2.765705284627729,2.3589408415488966e-06,2.6058505226768456e-06,-1.339246668388107e-06,0.000903599802493,0.0027344817331648,-0.0005682293699148,19.10811931543696,13.799960625932426,-3.7614678623180143e-06,4.735058123106525e-22,-1.4895443071719092,4.2967127206258695,-0.0348831700469211,-5.03821399659103e-05,0.0027905243480419,0.0009095070488286,1.0,False,,,,,,,,,,,,,,,,,,40.0,13.04774733849312,30.0,0.01,-0.0054037082781796,0.0033862877238039,0.0077027912016325,0.2258853912353515,2.8820009231567383,-2.7637104988098145,0.0,0.0029354331143650898,3.7614678623180143e-06
0.0347931363757909,-7.468174204284,-3.676918015967,-9.550745259298,0.2581124659430881,2.878786888194522,-2.738098671292122,2.3725385839774367e-06,2.622559891798997e-06,-1.3480944263307293e-06,0.000953589021696,0.0028689883799321,-0.0005846898997182,19.108719444254746,13.799960625932426,-3.7847216939741296e-06,0.0,-1.4895443071719092,4.2967127206258695,-0.0348831700469211,-4.408608220575346e-05,0.0029245707947263,0.0009629281953015,1.0,False,,,,,,,,,,,,,,,,,,40.0,13.07288547562855,30.0,0.01,-0.0055056435062421,0.0033850858355708,0.0076307983506308,0.2604369521141052,2.878556251525879,-2.736214160919189,0.0,0.0030793324967137,3.7847216939741296e-06
0.0348931772643911,-7.468174204284,-3.676918015967,-9.550745259298,0.2929146659414141,2.875745331744673,-2.711113688627482,2.378618653529726e-06,2.630975131113285e-06,-1.3526811174552844e-06,0.0010117174756566,0.0029933580341615,-0.0005883132322924,19.109319689586343,13.799960625932426,-3.795998293595008e-06,9.47011624621305e-22,-1.4895443071719092,4.2967127206258695,-0.0348831700469211,-2.365235259060329e-05,0.0030477048497307,0.0010202023062428,1.0,False,,,,,,,,,,,,,,,,,,40.0,13.098028493283357,30.0,0.01,-0.0056072662344538,0.0033807096231621,0.0075583971726691,0.2952223420143127,2.8755953311920166,-2.709245204925537,0.0,0.003214012605843122,3.795998293595008e-06
0.0349932608126497,-7.468174204284,-3.676918015967,-9.550745259298,0.3245150944248079,2.8731427289563407,-2.685410335597552,2.3824372267288714e-06,2.6368981575951983e-06,-1.3559878883019373e-06,0.0010648167077345,0.0030986022345438,-0.0005842580411073,19.109920190875897,13.799960625932426,-3.8036748265399946e-06,4.735058123106525e-22,-1.4895443071719092,4.2967127206258695,-0.0348831700469211,-4.897411838436174e-07,0.0031500930097483,0.0010739840211464,1.0,False,,,,,,,,,,,,,,,,,,40.0,13.1231822324797,30.0,0.01,-0.0057085327575802,0.0033731573896756,0.0074856170741035,0.3268023729324341,2.872915506362915,-2.6837875843048096,0.0,0.003328141807013173,3.803674826539994e-06
0.0350932843769802,-7.468174204284,-3.676918015967,-9.550745259298,0.3550829223965114,2.870653625403178,-2.662000240430818,2.378420441839007e-06,2.634149234222513e-06,-1.3548352735212074e-06,0.0011231484915633,0.003184239309569,-0.0005641955394577,19.11052033226188,13.799960625932426,-3.798842534863744e-06,0.0,-1.4895443071719092,4.2967127206258695,-0.0348831700469211,3.757741030790058e-05,0.0032314301289755,0.0011294274572689,1.0,False,,,,,,,,,,,,,,,,,,40.0,13.148320896070622,30.0,0.01,-0.0058092726003723,0.0033624420250408,0.0074125795431011,0.3569115102291107,2.870551347732544,-2.660369873046875,0.0,0.0034233257398981684,3.798842534863744e-06
0.0351933619903437,-7.468174204284,-3.676918015967,-9.550745259298,0.3805645862443766,2.8698451086978567,-2.639103727183701,2.3780676987389216e-06,2.635457551025713e-06,-1.3557693226005994e-06,0.0011650256007709,0.0032463372695203,-0.0005430787684489,19.11112079794206,13.799960625932426,-3.7998622263377872e-06,2.1175823681357513e-22,-1.4895443071719092,4.2967127206258695,-0.0348831700469211,6.692448539444243e-05,0.003287185692153,0.0011750983810845,1.0,False,,,,,,,,,,,,,,,,,,40.0,13.173473143665142,30.0,0.01,-0.0059095341693543,0.0033485579642708,0.0073392482899239,0.3821652233600616,2.869865894317627,-2.6375982761383057,0.0,0.003491550496078796,3.7998622263377876e-06
0.0352934043739658,-7.468174204284,-3.676918015967,-9.550745259298,0.4035145310093753,2.870409492748668,-2.6176723988194066,2.375054544839292e-06,2.633815945054947e-06,-1.3551855906710671e-06,0.0012024466157801,0.0032849033881231,-0.0005117227027689,19.111721052243794,13.799960625932426,-3.7966298882759098e-06,0.0,-1.4895443071719092,4.2967127206258695,-0.0348831700469211,0.0001014646480454,0.003317715012619,0.0012168813737879,1.0,False,,,,,,,,,,,,,,,,,,40.0,13.198616537059936,30.0,0.01,-0.0060091617360163,0.0033315251088987,0.0072657357286907,0.404985100030899,2.870468854904175,-2.6162734031677246,0.0,0.0035352974779546834,3.79662988827591e-06
0.035393506924289,-7.468174204284,-3.676918015967,-9.550745259298,0.4225104648315572,2.8707477416077394,-2.597625434636188,2.3757391576355187e-06,2.636275775697296e-06,-1.3567123065249872e-06,0.0012284635451324,0.0033106586165912,-0.0004809529932669,19.11232166754573,13.799960625932426,-3.7993097785423415e-06,0.0,-1.4895443071719092,4.2967127206258695,-0.0348831700469211,0.0001286504422488,0.0033339175052157,0.0012527338389247,1.0,False,,,,,,,,,,,,,,,,,,40.0,13.22377505199601,30.0,0.01,-0.0061081842427191,0.0033113364915029,0.0071920189027169,0.4236076176166534,2.870765447616577,-2.59630823135376,0.0,0.0035638320582010055,3.799309778542341e-06
0.0354935909750921,-7.468174204284,-3.676918015967,-9.550745259298,0.4340373461460949,2.871513743685857,-2.576846007797629,2.3926014458312483e-06,2.656701113406909e-06,-1.3674867516066454e-06,0.0012242151193786,0.0033296527104511,-0.0004706131560274,19.112922171850556,13.799960625932426,-3.827874410216588e-06,4.735058123106525e-22,-1.4895443071719092,4.2967127206258695,-0.0348831700469211,0.0001233304906988,0.0033425793401263,0.00127228908601,1.0,False,,,,,,,,,,,,,,,,,,40.0,13.248928917495569,30.0,0.01,-0.0062064580281853,0.0032880184988614,0.0071182029400346,0.434556633234024,2.871515989303589,-2.575566291809082,0.0,0.0035786542964298166,3.8278744102165875e-06
0.0355936458573573,-7.468174204284,-3.676918015967,-9.550745259298,0.4384827377774676,2.86930767757508,-2.558456504752628,2.423189679418055e-06,2.6924024488583813e-06,-1.386129587371789e-06,0.0011964631203026,0.0033469574367297,-0.0004789673613532,19.113522501144143,13.799960625932426,-3.878431951452064e-06,4.735058123106525e-22,-1.4895443071719092,4.2967127206258695,-0.0348831700469211,9.095212525509576e-05,0.0033495387489061,0.0012788180852858,1.0,False,,,,,,,,,,,,,,,,,,40.0,13.274075452141982,30.0,0.01,-0.0063039081926742,0.0032615903561333,0.0070443431096953,0.4385682940483093,2.869057893753052,-2.5573441982269287,0.0,0.0035865105345957264,3.878431951452064e-06
0.0356937347675553,-7.468174204284,-3.676918015967,-9.550745259298,0.4349450450520781,2.8647036343361174,-2.541878460992605,2.4706530159621187e-06,2.7469117342064117e-06,-1.4144642135394694e-06,0.001140103335596,0.0033610270756574,-0.0005115524256497,19.11412303460533,13.799960625932426,-3.9560535148285615e-06,0.0,-1.4895443071719092,4.2967127206258695,-0.0348831700469211,2.5458366566486708e-05,0.0033541760442845,0.0012676274842584,1.0,False,,,,,,,,,,,,,,,,,,40.0,13.29923053894069,30.0,0.01,-0.0064005317570142,0.0032320516631955,0.0069704401061831,0.4341555833816528,2.8642873764038086,-2.54081392288208,0.0,0.0035858087655823686,3.956053514828562e-06
0.0357937591650073,-7.468174204284,-3.676918015967,-9.550745259298,0.4186943385955843,2.860551839102225,-2.5218989541564256,2.553331792507936e-06,2.8406678725579043e-06,-1.4630225336494309e-06,0.0010268427578109,0.0033776531677849,-0.000599727925323,19.114723180990044,13.799960625932426,-4.090150625439171e-06,2.1175823681357513e-22,-1.4895443071719092,4.2967127206258695,-0.0348831700469211,-0.0001105664094787,0.0033647995337745,0.0012200490654616,1.0,False,,,,,,,,,,,,,,,,,,40.0,13.3243694119179,30.0,0.01,-0.0064961701115272,0.0031994514219407,0.0068966139866416,0.4172726273536682,2.860347986221313,-2.520463705062866,0.0,0.003580868687278032,4.090150625439171e-06
0.0358937600714423,-7.468174204284,-3.676918015967,-9.550745259298,0.3900013966287049,2.85781646118189,-2.4993072115311,2.667210300159501e-06,2.9692770141127853e-06,-1.5295528797108188e-06,0.0008594176505483,0.0033807152404929,-0.0007374683616489,19.11532318642865,13.799960625932426,-4.274359458871836e-06,8.731015774769282e-22,-1.4895443071719092,4.2967127206258695,-0.0348831700469211,-0.0003086065538542,0.0033668231931099,0.0011317938862989,1.0,False,,,,,,,,,,,,,,,,,,40.0,13.349502380958576,30.0,0.01,-0.0065908004538426,0.0031638008009991,0.0068228816396903,0.3877242505550384,2.8577675819396973,-2.497799158096313,0.0,0.0035653462412237103,4.274359458871836e-06
0.0359937939638623,-7.468174204284,-3.676918015967,-9.550745259298,0.3565242173943884,2.8521189327291343,-2.476019906017797,2.7958064465372534e-06,3.114447099237793e-06,-1.6046411935981017e-06,0.0006727182837916,0.0033954574401865,-0.0009059412384377,19.115923389783173,13.799960625932426,-4.482319464366848e-06,8.731015774769282e-22,-1.4895443071719092,4.2967127206258695,-0.0348831700469211,-0.0005371223058131,0.0033850315258965,0.0010273615927475,1.0,False,,,,,,,,,,,,,,,,,,40.0,13.374643640281512,30.0,0.01,-0.0066844134490997,0.0031251016815114,0.0067492485745976,0.3543426394462585,2.851392269134521,-2.474714994430542,0.0,0.0035780456460150706,4.482319464366848e-06
0.0360938518659053,-7.468174204284,-3.676918015967,-9.550745259298,0.3167352120660053,2.841389903344242,-2.4520507134735614,2.94464958734974e-06,3.2823735365488374e-06,-1.6914849859736138e-06,0.0004589075683088,0.0034299637324556,-0.0011183568274236,19.116523737195436,13.799960625932426,-4.722929036465536e-06,8.731015774769282e-22,-1.4895443071719092,4.2967127206258695,-0.0348831700469211,-0.0008095784055022,0.0034289930260088,0.0009014205392514,1.0,False,,,,,,,,,,,,,,,,,,40.0,13.399790933880867,30.0,0.01,-0.0067769377806506,0.003083379365359,0.0066757685704694,0.3140257596969604,2.840855360031128,-2.450457096099853,0.0,0.0036367525837836187,4.722929036465535e-06
0.0361938661932343,-7.468174204284,-3.676918015967,-9.550745259298,0.2752859998131941,2.8305434760768136,-2.428838776071429,3.0934303400041643e-06,3.4504455803006253e-06,-1.7784366688357753e-06,0.0002412345737984,0.0034460153345946,-0.0013350184909476,19.117123823159403,13.799960625932426,-4.963640091317469e-06,2.1175823681357513e-22,-1.4895443071719092,4.2967127206258695,-0.0348831700469211,-0.0010822726864787,0.0034587513311223,0.0007623747363273,1.0,False,,,,,,,,,,,,,,,,,,40.0,13.424927275960105,30.0,0.01,-0.0068682499867538,0.0030386892738391,0.0066025381192773,0.2727692425251007,2.8296303749084477,-2.427579641342163,0.0,0.0037034430165764445,4.963640091317469e-06
0.0362939245169746,-7.468174204284,-3.676918015967,-9.550745259298,0.238017287489958,2.8103855573132925,-2.41132080592843,3.2319017661050577e-06,3.607228342162384e-06,-1.8596016301374115e-06,4.78929534890301e-05,0.0034875842832238,-0.0015465376748531,19.117724173101845,13.799960625932426,-5.188005740268826e-06,8.731015774769282e-22,-1.4895443071719092,4.2967127206258695,-0.0348831700469211,-0.0013375573890471,0.0035158176370979,0.0006381874497358,1.0,False,,,,,,,,,,,,,,,,,,40.0,13.45007467554353,30.0,0.01,-0.0069583694261534,0.0029910205549456,0.0065295398742228,0.2358266115188598,2.8089964389801025,-2.4102280139923096,0.0,0.003815405174725694,5.188005740268826e-06
0.0363939254396012,-7.468174204284,-3.676918015967,-9.550745259298,0.2095964049938597,2.795748571682705,-2.383567091017771,3.3606259937197843e-06,3.753325270818095e-06,-1.9352873059805824e-06,-0.0001204883057402,0.0035668768308302,-0.0017558487435522,19.118324178637607,13.799960625932426,-5.396906022427702e-06,8.731015774769282e-22,-1.4895443071719092,4.2967127206258695,-0.0348831700469211,-0.0015788905498722,0.0036115198432565,0.0005330681210277,1.0,False,,,,,,,,,,,,,,,,,,40.0,13.475207648653605,30.0,0.01,-0.0070471452628859,0.0029404522904104,0.0064568942976948,0.2086194604635238,2.7952046394348145,-2.381507873535156,0.0,0.003977453025287322,5.396906022427702e-06
0.0364940313348873,-7.468174204284,-3.676918015967,-9.550745259298,0.1957559308699059,2.787433141053318,-2.350292734798028,3.4568059502369218e-06,3.86324198126225e-06,-1.992343205399217e-06,-0.0002294467652102,0.0036707391484357,-0.0019162257423805,19.11892481400932,13.799960625932426,-5.553699436545059e-06,1.7462031549538564e-21,-1.4895443071719092,4.2967127206258695,-0.0348831700469211,-0.0017563963154217,0.0037269070288821,0.0004734224233476,1.0,False,,,,,,,,,,,,,,,,,,40.0,13.500367004270558,30.0,0.01,-0.0071346616863456,0.0028869324016358,0.0063845300476837,0.1951422244310379,2.786993980407715,-2.3483355045318604,0.0,0.004147154784871861,5.553699436545057e-06
0.036594041406064,-7.468174204284,-3.676918015967,-9.550745259298,0.1852758310752024,2.7803640439854944,-2.318518101930533,3.5384816089996465e-06,3.957077290222599e-06,-2.0411251719838683e-06,-0.0003176749231488,0.003764995148506,-0.0020516037324116,19.119524874436383,13.799960625932426,-5.687310853622328e-06,0.0,-1.4895443071719092,4.2967127206258695,-0.0348831700469211,-0.0019044791036169,0.0038309949386119,0.0004261699474783,1.0,False,,,,,,,,,,,,,,,,,,40.0,13.525502276662056,30.0,0.01,-0.0072206848492829,0.002830601796676,0.0063126384163826,0.1846282631158828,2.7800354957580566,-2.316460371017456,0.0,0.004299439928632161,5.687310853622328e-06
0.0366940656407131,-7.468174204284,-3.676918015967,-9.550745259298,0.173510905198492,2.773543597017021,-2.2904656050971943,3.613868671490223e-06,4.043996151065288e-06,-2.0863571907610608e-06,-0.0004022805373113,0.0038309649885589,-0.0021720300399531,19.12012501984428,13.799960625932426,-5.810924020502226e-06,2.1175823681357513e-22,-1.4895443071719092,4.2967127206258695,-0.0348831700469211,-0.002037276363188,0.0039069931163369,0.0003751622017393,1.0,False,,,,,,,,,,,,,,,,,,40.0,13.55064110872242,30.0,0.01,-0.0073052538690592,0.0027714378218388,0.0062411856492398,0.1728881299495697,2.772998094558716,-2.2890212535858154,0.0,0.0044221981941928185,5.810924020502226e-06
0.0367941718438824,-7.468174204284,-3.676918015967,-9.550745259298,0.1642185476038909,2.766966661970043,-2.2665916039585565,3.67503007621807e-06,4.115099402850807e-06,-2.1234454035800366e-06,-0.0004671603539164,0.0038772258732506,-0.0022619540436583,19.120725657063293,13.799960625932426,-5.91176027410074e-06,0.0,-1.4895443071719092,4.2967127206258695,-0.0348831700469211,-0.0021372340852558,0.003960696433637,0.0003356629105113,1.0,False,,,,,,,,,,,,,,,,,,40.0,13.575800541718865,30.0,0.01,-0.0073883676021657,0.0027094339598934,0.0061701695108192,0.163804829120636,2.7667829990386963,-2.2652018070220947,0.0,0.004513042805480279,5.91176027410074e-06
0.0368942588587541,-7.468174204284,-3.676918015967,-9.550745259298,0.1578328974967846,2.7637574195100743,-2.244668054610042,3.721557863817077e-06,4.169896524848811e-06,-2.152131570611074e-06,-0.0005116025286137,0.00389973536071,-0.0023173573926989,19.12132617915252,13.799960625932426,-5.989131845176379e-06,2.1175823681357513e-22,-1.4895443071719092,4.2967127206258695,-0.0348831700469211,-0.0022013814165355,0.0039872884061438,0.0003086573205285,1.0,False,,,,,,,,,,,,,,,,,,40.0,13.6009551521701,30.0,0.01,-0.0074698852182625,0.0026446897185637,0.0060997074617153,0.1575412303209304,2.763514280319214,-2.2435359954833984,0.0,0.004565064984899134,5.989131845176378e-06
0.0369942944924208,-7.468174204284,-3.676918015967,-9.550745259298,0.1550001722839865,2.7614490058415715,-2.22666928987365,3.752634464210345e-06,4.207438228657862e-06,-2.171920705484288e-06,-0.0005326089198228,0.003905387851514,-0.0023360868285238,19.121926392954524,13.799960625932426,-6.041691933627718e-06,8.470329472543003e-22,-1.4895443071719092,4.2967127206258695,-0.0348831700469211,-0.0022280276626298,0.0039924111041425,0.0002992900143771,1.0,False,,,,,,,,,,,,,,,,,,40.0,13.62609684911606,30.0,0.01,-0.0075497278078407,0.0025772700540362,0.0060298664243981,0.1549115777015686,2.761370182037353,-2.2257637977600098,0.0,0.004581814946353719,6.041691933627718e-06
0.0370943755568344,-7.468174204284,-3.676918015967,-9.550745259298,0.1534572188125925,2.761300226335865,-2.2138150772618665,3.7708919511550734e-06,4.2306465520142565e-06,-2.18431678472766e-06,-0.0005371154200778,0.0038725246097513,-0.002316214958861,19.12252687934101,13.799960625932426,-6.073650975434728e-06,9.47011624621305e-22,-1.4895443071719092,4.2967127206258695,-0.0348831700469211,-0.0022174054799023,0.0039552467423749,0.0002982074913526,1.0,False,,,,,,,,,,,,,,,,,,40.0,13.651249964054076,30.0,0.01,-0.0076279194472559,0.0025071529446229,0.0059606232072195,0.153394266963005,2.761364698410034,-2.213202476501465,0.0,0.004544204172709043,6.073650975434728e-06
0.0371943970978393,-7.468174204284,-3.676918015967,-9.550745259298,0.1533652550430825,2.762167969222716,-2.205695733813634,3.7783635498763703e-06,4.241773346193009e-06,-2.1904780163421974e-06,-0.0005266183316998,0.0038114548432133,-0.0022633824756478,19.123127008587037,13.799960625932426,-6.088256415065503e-06,9.47011624621305e-22,-1.4895443071719092,4.2967127206258695,-0.0348831700469211,-0.0021753083320703,0.0038860542091761,0.0003066455021286,1.0,False,,,,,,,,,,,,,,,,,,40.0,13.676388119127818,30.0,0.01,-0.0077043262755477,0.0024344571493794,0.0058920942819798,0.1534043997526168,2.76220703125,-2.2053890228271484,0.0,0.004464013342297037,6.0882564150655025e-06
0.0372944588929743,-7.468174204284,-3.676918015967,-9.550745259298,0.1541186535123154,2.7632403369674536,-2.202903447776766,3.7768004084694928e-06,4.242765048248506e-06,-2.191406597762417e-06,-0.0005037901583566,0.0037216874811556,-0.0021803676800455,19.123727379357845,13.799960625932426,-6.088311708246475e-06,9.47011624621305e-22,-1.4895443071719092,4.2967127206258695,-0.0348831700469211,-0.0021049488253181,0.0037847061362908,0.0003224210848399,1.0,False,,,,,,,,,,,,,,,,,,40.0,13.70153639116792,30.0,0.01,-0.0077789738845976,0.002359157279899,0.0058242546502919,0.1541634500026703,2.763314723968506,-2.202919006347656,0.0,0.004342668010708887,6.088311708246476e-06
0.0373945252801712,-7.468174204284,-3.676918015967,-9.550745259298,0.1544505715186506,2.7653902268856343,-2.204638462598784,3.769216237264372e-06,4.23698869360386e-06,-2.1888388151630394e-06,-0.0004739485057196,0.0035981089995401,-0.0020721636847254,19.124327777681025,13.799960625932426,-6.078657712994594e-06,8.731015774769282e-22,-1.4895443071719092,4.2967127206258695,-0.0348831700469211,-0.0020115018034657,0.0036474067241987,0.0003393561224789,1.0,False,,,,,,,,,,,,,,,,,,40.0,13.726685817319026,30.0,0.01,-0.007851784466099,0.0022813264860942,0.0057571720628943,0.1544456630945205,2.765566110610962,-2.2048468589782715,0.0,0.004179100129805464,6.0786577129945935e-06
0.0374945728806486,-7.468174204284,-3.676918015967,-9.550745259298,0.1546314722088593,2.7692343162441566,-2.210150875612173,3.7552439730833576e-06,4.224017599197905e-06,-2.1825521129420404e-06,-0.0004361883588122,0.0034415574308819,-0.0019383154420605,19.12492806328389,13.799960625932426,-6.058689272558899e-06,4.235164736271503e-22,-1.4895443071719092,4.2967127206258695,-0.0348831700469211,-0.0018942062442889,0.0034749603124474,0.0003581593477278,1.0,False,,,,,,,,,,,,,,,,,,40.0,13.75183052185258,30.0,0.01,-0.0079226925831036,0.0022010331550357,0.0056909046103469,0.1547813415527343,2.769467830657959,-2.21062970161438,0.0,0.003973870227794549,6.058689272558899e-06
0.0375945830316647,-7.468174204284,-3.676918015967,-9.550745259298,0.156987625694365,2.774812380109612,-2.2198772967925087,3.728908303925839e-06,4.197111704829334e-06,-2.169061047348252e-06,-0.0003806754078347,0.0032558026746925,-0.001766798514493,19.125528124189987,13.799960625932426,-6.018748177904271e-06,0.0,-1.4895443071719092,4.2967127206258695,-0.0348831700469211,-0.0017411526594994,0.0032685588142748,0.000389425868971,1.0,False,,,,,,,,,,,,,,,,,,40.0,13.7769658143099,30.0,0.01,-0.0079916390286966,0.0021183455733292,0.0056255059920837,0.1571559458971023,2.775176763534546,-2.220420837402344,0.0,0.003723807435069599,6.018748177904271e-06
0.0376946342136531,-7.468174204284,-3.676918015967,-9.550745259298,0.1592391447327723,2.782336597927674,-2.23105183807406,3.698299788590437e-06,4.165358384105628e-06,-2.1530590799923034e-06,-0.0003199011241253,0.0030483811461892,-0.0015781593049198,19.12612843128192,13.799960625932426,-5.971875350027361e-06,4.235164736271503e-22,-1.4895443071719092,4.2967127206258695,-0.0348831700469211,-0.0015722872861022,0.0030389579901757,0.0004221352357619,1.0,False,,,,,,,,,,,,,,,,,,40.0,13.8021114189753,30.0,0.01,-0.0080586314495862,0.002033251527186,0.0055609664076431,0.1593508869409561,2.78278923034668,-2.23178768157959,0.0,0.0034475427674451487,5.971875350027362e-06
0.0377947393769695,-7.468174204284,-3.676918015967,-9.550745259298,0.1621706363944872,2.7898199902774805,-2.2464723669713567,3.659661778653445e-06,4.124514730832165e-06,-2.132351279575111e-06,-0.0002484267246901,0.002817360834052,-0.0013643234781976,19.126729062261816,13.799960625932426,-5.911993579030176e-06,4.235164736271503e-22,-1.4895443071719092,4.2967127206258695,-0.0348831700469211,-0.0013795484116843,0.0027829552477315,0.0004611103218262,1.0,False,,,,,,,,,,,,,,,,,,40.0,13.82727059062821,30.0,0.01,-0.0081236305521943,0.0019457910204152,0.0054973197065775,0.1622500866651535,2.790172576904297,-2.2473769187927246,0.0,0.0031401618525088207,5.911993579030176e-06
0.0378947458568531,-7.468174204284,-3.676918015967,-9.550745259298,0.163687556632171,2.797616044786313,-2.2644510439700896,3.619016685002534e-06,4.081350783618439e-06,-2.110435099004429e-06,-0.0001756275325134,0.0025641052369352,-0.0011402924129572,19.12732910114112,13.799960625932426,-5.848815460619305e-06,8.731015774769282e-22,-1.4895443071719092,4.2967127206258695,-0.0348831700469211,-0.0011766869349203,0.0025050101251948,0.000496064122027,1.0,False,,,,,,,,,,,,,,,,,,40.0,13.852404960429308,30.0,0.01,-0.008186494780399,0.0018561548145324,0.0054347026151379,0.1637595295906067,2.7980990409851074,-2.2654762268066406,0.0,0.002811716110012356,5.848815460619305e-06
0.0379947727203928,-7.468174204284,-3.676918015967,-9.550745259298,0.165681111015066,2.8062261378241717,-2.2849627656136824,3.571266559216189e-06,4.030112319715537e-06,-2.084334318516033e-06,-9.375825634363472e-05,0.0022909226167409,-0.0008961555216384,19.12792926232236,13.799960625932426,-5.774097305886219e-06,0.0,-1.4895443071719092,4.2967127206258695,-0.0348831700469211,-0.0009540137603988,0.0022053299829487,0.0005353402439269,1.0,False,,,,,,,,,,,,,,,,,,40.0,13.877544453201953,30.0,0.01,-0.0082472589598502,0.0017642961147009,0.0053730790864103,0.1657740622758865,2.8067281246185303,-2.286135673522949,0.0,0.002461749736567583,5.774097305886218e-06
0.038094871158883,-7.468174204284,-3.676918015967,-9.550745259298,0.1661028837991211,2.8162259726555217,-2.307730083770572,3.519994767844234e-06,3.974831353181669e-06,-2.056132483113955e-06,-9.131468533090272e-06,0.001989049076878,-0.0006396289480518,19.128529852953296,13.799960625932426,-5.693621715569375e-06,1.809263168437022e-21,-1.4895443071719092,4.2967127206258695,-0.0348831700469211,-0.0007175713299743,0.0018780982260233,0.0005686503714409,1.0,False,,,,,,,,,,,,,,,,,,40.0,13.90270193472166,30.0,0.01,-0.0083059101275941,0.0016702236273909,0.0053124579985948,0.1660552024841308,2.8168115615844727,-2.308957099914551,0.0,0.002089383833844956,5.693621715569376e-06
0.0381949247321172,-7.468174204284,-3.676918015967,-9.550745259298,0.1644890149791194,2.828059130354537,-2.3310698034752253,3.467808091601827e-06,3.918442545621661e-06,-2.0273463080814845e-06,7.504300823396847e-05,0.0016646909849322,-0.0003793802672435,19.129130174392703,13.799960625932426,-5.611596742141108e-06,0.0,-1.4895443071719092,4.2967127206258695,-0.0348831700469211,-0.0004746600749179,0.0015310570443113,0.000592721735654,1.0,False,,,,,,,,,,,,,,,,,,40.0,13.927848140372696,30.0,0.01,-0.0083623394358659,0.0015741060562992,0.0052529486274741,0.1644299775362014,2.828699827194214,-2.332322120666504,0.0,0.0017090222103802778,5.611596742141108e-06
0.0382949780308751,-7.468174204284,-3.676918015967,-9.550745259298,0.1616774183016701,2.841257577154655,-2.355831676457265,3.411630294714126e-06,3.857466712796671e-06,-1.996175231313692e-06,0.0001631658650497,0.0013183633005059,-0.0001102238978666,19.12973049418525,13.799960625932426,-5.52304139602953e-06,0.0,-1.4895443071719092,4.2967127206258695,-0.0348831700469211,-0.000219718043427,0.0011638977329619,0.0006114901862646,1.0,False,,,,,,,,,,,,,,,,,,40.0,13.952994277040316,30.0,0.01,-0.0084165351739424,0.0014759634471028,0.0051945613451577,0.1614609807729721,2.8418986797332764,-2.357167482376098,0.0,0.001332986946409879,5.52304139602953e-06
0.0383950701492646,-7.468174204284,-3.676918015967,-9.550745259298,0.1568549478709814,2.85348938967742,-2.3818790020460248,3.3559166296084903e-06,3.7969366742268696e-06,-1.9652229534228897e-06,0.0002505782797204,0.0009652106365841,0.0001545676359605,19.130331046895588,13.799960625932426,-5.435163823624085e-06,9.47011624621305e-22,-1.4895443071719092,4.2967127206258695,-0.0348831700469211,3.488550151206498e-05,0.0007930654239562,0.0006230107835652,1.0,False,,,,,,,,,,,,,,,,,,40.0,13.978150170145494,30.0,0.01,-0.0084684802941732,0.0013758190926344,0.0051373109046992,0.1565735042095184,2.8541009426116943,-2.383211374282837,0.0,0.0010091145630349095,5.435163823624086e-06
0.0384951169492528,-7.468174204284,-3.676918015967,-9.550745259298,0.150189988831781,2.865732846232953,-2.4081883158087685,3.300659850350917e-06,3.736843060920264e-06,-1.9344844490383656e-06,0.0003376172377349,0.0006060292739655,0.0004140457396202,19.13093132769552,13.799960625932426,-5.347951158456642e-06,0.0,-1.4895443071719092,4.2967127206258695,-0.0348831700469211,0.0002889496177333,0.0004197662558031,0.0006268932632573,1.0,False,,,,,,,,,,,,,,,,,,40.0,14.00329467349416,30.0,0.01,-0.0085180958954334,0.0012738214102238,0.0050812814654429,0.1498149633407592,2.866367816925049,-2.409503936767578,0.0,0.000807892786585283,5.347951158456642e-06
0.0385952228768136,-7.468174204284,-3.676918015967,-9.550745259298,0.1418001555540333,2.878986683967954,-2.43410551697843,3.245357894708535e-06,3.676620543405991e-06,-1.903667522241656e-06,0.0004250490013464,0.000238725462238,0.0006687468269285,19.13153196326088,13.799960625932426,-5.260592791708902e-06,8.731015774769282e-22,-1.4895443071719092,4.2967127206258695,-0.0348831700469211,0.0005438752406642,4.237910441891816e-05,0.0006223202973505,1.0,False,,,,,,,,,,,,,,,,,,40.0,14.028454037222613,30.0,0.01,-0.0085653992929256,0.0011699288467036,0.0050264501834196,0.1413446962833404,2.8796675205230717,-2.435358762741089,0.0,0.0008275740561383348,5.260592791708902e-06
0.0386953040773576,-7.468174204284,-3.676918015967,-9.550745259298,0.1319241935228209,2.8931655231006523,-2.459050939698712,3.190744502144506e-06,3.6170986660462375e-06,-1.873201436303256e-06,0.000512654274691,-0.0001310597085706,0.0009156837225719,19.132132450464145,13.799960625932426,-5.174276457520167e-06,0.0,-1.4895443071719092,4.2967127206258695,-0.0348831700469211,0.0007970710217492,-0.0003332974202329,0.0006099658583121,1.0,False,,,,,,,,,,,,,,,,,,40.0,14.053607186373943,30.0,0.01,-0.008610317159241,0.0010642939808993,0.0049728982233201,0.131439983844757,2.893866062164306,-2.4602415561676025,0.0,0.00105757634823813,5.1742764575201665e-06
0.0387953214587656,-7.468174204284,-3.676918015967,-9.550745259298,0.1200806877973248,2.907523964847901,-2.482162179996442,3.1407150317977545e-06,3.5626967070888963e-06,-1.8453753331016909e-06,0.0005968317867514,-0.0004933929193509,0.0011454638468351,19.132732554752597,13.799960625932426,-5.095322252584482e-06,8.731015774769282e-22,-1.4895443071719092,4.2967127206258695,-0.0348831700469211,0.0010397040047007,-0.0006963672503593,0.0005880649744587,1.0,False,,,,,,,,,,,,,,,,,,40.0,14.07874429602695,30.0,0.01,-0.0086528041646605,0.000957027977749,0.0049206785647753,0.1194680631160736,2.90821385383606,-2.483225584030152,0.0,0.0013826540344383832,5.095322252584483e-06
0.0388953472198532,-7.468174204284,-3.676918015967,-9.550745259298,0.1082920083983176,2.9221263819301253,-2.5025229314703687,3.0937171136737307e-06,3.5116643254599176e-06,-1.8192841769884187e-06,0.0006810876544337,-0.0008364533066106,0.0013614599613061,19.13333270931912,13.799960625932426,-5.021221647247412e-06,9.47011624621305e-22,-1.4895443071719092,4.2967127206258695,-0.0348831700469211,0.0012730793940887,-0.001037638754584,0.0005654046557408,1.0,False,,,,,,,,,,,,,,,,,,40.0,14.103883511723144,30.0,0.01,-0.0086928635997518,0.0008481234386873,0.0048697853206129,0.1076994687318801,2.9228262901306152,-2.5034337043762207,0.0,0.0017369823699166936,5.021221647247411e-06
0.0389953605716769,-7.468174204284,-3.676918015967,-9.550745259298,0.0950681893168931,2.9363888203884434,-2.5205342822537875,3.0529744033919186e-06,3.4676691956877446e-06,-1.7968293535374072e-06,0.0007616735998776,-0.0011628617349786,0.0015575031928093,19.13393278943006,13.799960625932426,-4.957214750666103e-06,4.235164736271503e-22,-1.4895443071719092,4.2967127206258695,-0.0348831700469211,0.001492443277551,-0.0013577695996275,0.000535989795294,1.0,False,,,,,,,,,,,,,,,,,,40.0,14.129019608631168,30.0,0.01,-0.0087304594822522,0.0007376727406578,0.0048202610050123,0.0943963602185249,2.9370534420013428,-2.521343231201172,0.0,0.00208763269830665,4.9572147506661026e-06
0.0390953930942461,-7.468174204284,-3.676918015967,-9.550745259298,0.0801859005167731,2.949768142516328,-2.536358084482459,3.019659365884183e-06,3.4320583877337826e-06,-1.778711168853924e-06,0.0008378936386656,-0.0014703732118153,0.0017318610258229,19.134532984565475,13.799960625932426,-4.905219759092509e-06,0.0,-1.4895443071719092,4.2967127206258695,-0.0348831700469211,0.0016960332646566,-0.0016544336041116,0.0004997262843486,1.0,False,,,,,,,,,,,,,,,,,,40.0,14.154160523673053,30.0,0.01,-0.0087655772038119,0.0006257115173546,0.0047721212663827,0.079426109790802,2.9503839015960693,-2.5370430946350098,0.0,0.0024214470352466244,4.905219759092509e-06
0.0391954055419767,-7.468174204284,-3.676918015967,-9.550745259298,0.0634871557713712,2.9622893084847832,-2.548881243222634,2.996930380741988e-06,3.4084394687164106e-06,-1.766801966336763e-06,0.0009070761250628,-0.0017526779964594,0.0018789060984701,19.13513305925186,13.799960625932426,-4.870384020502857e-06,0.0,-1.4895443071719092,4.2967127206258695,-0.0348831700469211,0.001877998115536,-0.0019210156846227,0.0004558258442399,1.0,False,,,,,,,,,,,,,,,,,,40.0,14.179296393357678,30.0,0.01,-0.0087981783946524,0.000512355322683,0.0047254152155328,0.0626417249441146,2.9628634452819824,-2.54939341545105,0.0,0.0027248771316886957,4.870384020502857e-06
0.0392955059483055,-7.468174204284,-3.676918015967,-9.550745259298,0.0451297812157707,2.973687713582072,-2.557791114945096,2.9860297464631627e-06,3.3982520535773086e-06,-1.7618519879148634e-06,0.0009686185781906,-0.002005883670233,0.001997527273872,19.135733661689837,13.799960625932426,-4.854751599590324e-06,9.47011624621305e-22,-1.4895443071719092,4.2967127206258695,-0.0348831700469211,0.0020364460653954,-0.0021541316986778,0.0004055989470807,1.0,False,,,,,,,,,,,,,,,,,,40.0,14.204454369449206,30.0,0.01,-0.0088282726689968,0.0003975528956031,0.0046801232224205,0.0442479290068149,2.9741945266723637,-2.5581064224243164,0.0,0.0029919736727427758,4.854751599590324e-06
0.0393955831222629,-7.468174204284,-3.676918015967,-9.550745259298,0.0261616627507426,2.9840282784454986,-2.562199915265134,2.9876422995715027e-06,3.402299797300887e-06,-1.7642815264198758e-06,0.0010225419961348,-0.0022221486686885,0.0020880703815227,19.136334124733576,13.799960625932426,-4.859458789347739e-06,9.47011624621305e-22,-1.4895443071719092,4.2967127206258695,-0.0348831700469211,0.0021695287866127,-0.0023476920906913,0.0003536402821655,1.0,False,,,,,,,,,,,,,,,,,,40.0,14.22960650660891,30.0,0.0099999999999999,-0.0088558027204366,0.0002815039661403,0.0046363254516647,0.0252754818648099,2.9844720363616943,-2.5622992515563965,0.0,0.003216142838526574,4.859458789347739e-06
0.0394956482190162,-7.468174204284,-3.676918015967,-9.550745259298,0.0063716242360517,2.9929547486994106,-2.5623093422979792,3.0025640540280344e-06,3.4215178357073523e-06,-1.7745797832195272e-06,0.0010679208428971,-0.0024015083396893,0.0021502709271601,19.136934515314096,13.799960625932426,-4.885827320486906e-06,0.0,-1.4895443071719092,4.2967127206258695,-0.0348831700469211,0.0022763256320385,-0.0025019589262512,0.000299842359845,1.0,False,,,,,,,,,,,,,,,,,,40.0,14.254755608436197,30.0,0.01,-0.0088807532025376,0.0001642705973486,0.0045940437227419,0.0054660458117723,2.993317127227783,-2.562211751937866,0.0,0.003395785960934709,4.885827320486905e-06
0.0395956607441772,-7.468174204284,-3.676918015967,-9.550745259298,-0.0141996621857813,3.0002831445634777,-2.5580065309534192,3.0315367398638877e-06,3.456780651501514e-06,-1.7932046818044704e-06,0.0011037338272373,-0.0025425124332868,0.0021838012942379,19.137534590465066,13.799960625932426,-4.935091742671586e-06,8.470329472543003e-22,-1.4895443071719092,4.2967127206258695,-0.0348831700469211,0.0023554331876677,-0.0026160191243256,0.0002448762281586,1.0,False,,,,,,,,,,,,,,,,,,40.0,14.279891497581207,30.0,0.01,-0.0089030984274815,4.597640304943767e-05,0.0045533201689469,-0.0151351261883974,3.0005762577056885,-2.5577099323272705,0.0,0.0035286804796582235,4.935091742671586e-06
0.0396956731851646,-7.468174204284,-3.676918015967,-9.550745259298,-0.0352108972067351,3.005986577268592,-2.549242816711302,3.074296918100438e-06,3.5078201269253586e-06,-1.8200219542721368e-06,0.0011298085288018,-0.0026442796698909,0.002190242648016,19.138134665110982,13.799960625932426,-5.0068536524984495e-06,8.731015774769282e-22,-1.4895443071719092,4.2967127206258695,-0.0348831700469211,0.0024069838336581,-0.0026899746629521,0.0001905525615788,1.0,False,,,,,,,,,,,,,,,,,,40.0,14.305027365571096,30.0,0.01,-0.0089228357607046,-7.336411599007022e-05,0.0045141576948501,-0.0361597500741481,3.0062026977539062,-2.5487427711486816,0.0,0.0036146708206335684,5.006853652498449e-06
0.039795698103087,-7.468174204284,-3.676918015967,-9.550745259298,-0.0563087583378033,3.0100730561234994,-2.5358194437717,3.1307708792491434e-06,3.574583172120629e-06,-1.8550086820265697e-06,0.0011454579367106,-0.0027050874448678,0.0021704962429114,19.13873481461852,13.799960625932426,-5.101022286087014e-06,2.1175823681357513e-22,-1.4895443071719092,4.2967127206258695,-0.0348831700469211,0.0024302081740166,-0.0027231394285933,0.0001386571059497,1.0,False,,,,,,,,,,,,,,,,,,40.0,14.330166369356776,30.0,0.01,-0.0089399524679204,-0.0001936897699939,0.0044765761631321,-0.0572541952133178,3.010218620300293,-2.535112142562866,0.0,0.0036524821573345446,5.101022286087014e-06
0.0398957168374893,-7.468174204284,-3.676918015967,-9.550745259298,-0.0772045952714043,3.0124709210732163,-2.517908301944756,3.2000613501691527e-06,3.6560748927044273e-06,-1.8976529798688708e-06,0.0011504305601101,-0.0027249621627672,0.0021265921765769,19.139334927024933,13.799960625932426,-5.2161636379541736e-06,2.1175823681357513e-22,-1.4895443071719092,4.2967127206258695,-0.0348831700469211,0.0024255410074713,-0.0027165777792621,9.088199998172375e-05,1.0,False,,,,,,,,,,,,,,,,,,40.0,14.355303819054347,30.0,0.01,-0.0089544320706852,-0.0003149012073328,0.0044406062109922,-0.0781292021274566,3.012535333633423,-2.5169990062713623,0.0,0.00364298003667687,5.2161636379541736e-06
0.0399958167884597,-7.468174204284,-3.676918015967,-9.550745259298,-0.0975322171875521,3.0132987991734907,-2.495350027891978,3.281498292170152e-06,3.7515601120692017e-06,-1.94757778199762e-06,0.0011440269008284,-0.0027028201753485,0.0020599079396,19.13993552673076,13.799960625932426,-5.351214211084721e-06,0.0,-1.4895443071719092,4.2967127206258695,-0.0348831700469211,0.0023925170744232,-0.0026703390769143,4.905540352124522e-05,1.0,False,,,,,,,,,,,,,,,,,,40.0,14.38046168070182,30.0,0.01,-0.0089662729003707,-0.0004370276684899,0.0044062406984925,-0.0984111055731773,3.01330041885376,-2.494262456893921,0.0,0.003585701489209196,5.351214211084721e-06
0.0400958179828122,-7.468174204284,-3.676918015967,-9.550745259298,-0.1173389773939947,3.0125859013539658,-2.4684395723320494,3.37387763340639e-06,3.859684304723959e-06,-2.00408318209336e-06,0.0011254969908043,-0.0026408301290128,0.0019717508263904,19.140535533896877,13.799960625932426,-5.504231337623977e-06,1.7072494855162848e-21,-1.4895443071719092,4.2967127206258695,-0.0348831700469211,0.0023314233501533,-0.0025870485862133,1.3165975645510748e-05,1.0,False,,,,,,,,,,,,,,,,,,40.0,14.405594722104055,30.0,0.01,-0.0089754447315805,-0.000559771245257,0.0043735623950421,-0.1181917712092399,3.0125226974487305,-2.4671630859375,0.0,0.0034826037052731857,5.5042313376239755e-06
0.0401959184295829,-7.468174204284,-3.676918015967,-9.550745259298,-0.1366039030794654,3.0104444243865487,-2.437248951888769,3.476110032873444e-06,3.979230006184128e-06,-2.0665413052424266e-06,0.0010940852953072,-0.0025401870831543,0.0018632762749254,19.141136136577497,13.799960625932426,-5.673465023161121e-06,8.731015774769282e-22,-1.4895443071719092,4.2967127206258695,-0.0348831700469211,0.0022422467900145,-0.0024684878663578,-1.6386392083317275e-05,1.0,False,,,,,,,,,,,,,,,,,,40.0,14.430752708359716,30.0,0.01,-0.0089819577779479,-0.00068329629231,0.0043425269892166,-0.1374160200357437,3.0103201866149902,-2.435821056365967,0.0,0.0033348720406533245,5.673465023161121e-06
0.0402959526090324,-7.468174204284,-3.676918015967,-9.550745259298,-0.1551247033799956,3.006934812872951,-2.401965515409275,3.586491641362773e-06,4.108263538145073e-06,-2.1339504257700693e-06,0.0010492051015318,-0.0024015640028783,0.0017363210905941,19.141736341654195,13.799960625932426,-5.856150272325803e-06,8.731015774769282e-22,-1.4895443071719092,4.2967127206258695,-0.0348831700469211,0.0021252171494351,-0.0023162752821643,-3.83773321749706e-05,1.0,False,,,,,,,,,,,,,,,,,,40.0,14.455894039821036,30.0,0.01,-0.0089857937516888,-0.0008073198246329,0.0043132059251633,-0.1558759808540344,3.0067598819732666,-2.40041732788086,0.0,0.0031437480711156048,5.856150272325803e-06
0.0403959532937695,-7.468174204284,-3.676918015967,-9.550745259298,-0.1726307888834301,3.002071966384345,-2.3630893398114097,3.7024604506960015e-06,4.2438674471542094e-06,-2.204797702566528e-06,0.0009912864845585,-0.0022269207314295,0.0015945462363302,19.14233634576261,13.799960625932426,-6.048120138293044e-06,4.235164736271503e-22,-1.4895443071719092,4.2967127206258695,-0.0348831700469211,0.0019824069047639,-0.0021335115290635,-5.093091036907461e-05,1.0,False,,,,,,,,,,,,,,,,,,40.0,14.481026953142973,30.0,0.01,-0.0089869534372527,-0.000931802242874,0.0042856052661001,-0.1733459383249282,3.001847982406616,-2.3613975048065186,0.0,0.0029127997765609733,6.0481201382930435e-06
0.0404960007018774,-7.468174204284,-3.676918015967,-9.550745259298,-0.1891126331662456,2.996309759986365,-2.321000101205123,3.8213428190308e-06,4.382990072078485e-06,-2.277499642017675e-06,0.0009211069109989,-0.0020213447497909,0.0014415176100516,19.142936630211263,13.799960625932426,-6.245019418055277e-06,2.1175823681357513e-22,-1.4895443071719092,4.2967127206258695,-0.0348831700469211,0.0018169640203521,-0.0019256088190205,-5.401836671289316e-05,1.0,False,,,,,,,,,,,,,,,,,,40.0,14.506171609328764,30.0,0.01,-0.0089854344919134,-0.0010567637909569,0.0042597203290421,-0.1897800117731094,2.9960851669311523,-2.319174766540528,0.0,0.0026480644929997546,6.245019418055277e-06
0.0405961054480426,-7.468174204284,-3.676918015967,-9.550745259298,-0.2048093475043012,2.989782810071771,-2.2759053126438364,3.941670760094663e-06,4.523953776984753e-06,-2.3511854137436157e-06,0.0008380794238388,-0.0017877401419071,0.0012781356436461,19.14353725868825,13.799960625932426,-6.444454903797573e-06,0.0,-1.4895443071719092,4.2967127206258695,-0.0348831700469211,0.0016293779934326,-0.0016955253346065,-4.841336005444178e-05,1.0,False,,,,,,,,,,,,,,,,,,40.0,14.53133067614013,30.0,0.01,-0.0089812315612949,-0.0011821382964718,0.0042355671037552,-0.205430656671524,2.9894766807556152,-2.2740366458892822,0.0,0.0023520252250362078,6.444454903797573e-06
0.0406961271422536,-7.468174204284,-3.676918015967,-9.550745259298,-0.2191583166906338,2.981597005780959,-2.229267792204124,4.0600169105582005e-06,4.662821697994456e-06,-2.4238084805353247e-06,0.000743872565516,-0.0015266723106583,0.0011106518898015,19.14413738885352,13.799960625932426,-6.640820058669065e-06,0.0,-1.4895443071719092,4.2967127206258695,-0.0348831700469211,0.0014233375059201,-0.0014459812045441,-2.951370061543003e-05,1.0,False,,,,,,,,,,,,,,,,,,40.0,14.556468869718756,30.0,0.01,-0.0089743522954343,-0.0013076695651578,0.0042131937038062,-0.219695895910263,2.9812490940093994,-2.2273449897766118,0.0,0.002029192538468874,6.640820058669066e-06
0.0407961652473776,-7.468174204284,-3.676918015967,-9.550745259298,-0.2318219116703726,2.9732805126219564,-2.1807360403554785,4.17333345022276e-06,4.796089880011076e-06,-2.493546895367308e-06,0.0006408196934758,-0.0012447573448287,0.0009446618582306,19.144737617484264,13.799960625932426,-6.829126323570885e-06,1.0587911840678754e-21,-1.4895443071719092,4.2967127206258695,-0.0348831700469211,0.0012044523598259,-0.0011839511110839,3.321584001451796e-06,1.0,False,,,,,,,,,,,,,,,,,,40.0,14.581611187809695,30.0,0.01,-0.0089647949866009,-0.0014334017831148,0.0041925899127361,-0.2322964668273925,2.972968578338623,-2.1787543296813965,0.0,0.00168892177244747,6.829126323570886e-06
0.0408962236336187,-7.468174204284,-3.676918015967,-9.550745259298,-0.2438620785688034,2.965306422526349,-2.1294836052892587,4.282824929533754e-06,4.925132609194881e-06,-2.561113683926642e-06,0.0005256873012619,-0.0009444697496395,0.0007747374478033,19.145337967801712,13.799960625932426,-7.0113353861576815e-06,2.1175823681357513e-22,-1.4895443071719092,4.2967127206258695,-0.0348831700469211,0.0009686409694568,-0.0009101228183136,4.471563032709948e-05,1.0,False,,,,,,,,,,,,,,,,,,40.0,14.606758603101294,30.0,0.01,-0.0089525619803985,-0.0015592593982432,0.0041737685748149,-0.2443209886550903,2.964977979660034,-2.127439260482788,0.0,0.0013298828368397309,7.011335386157681e-06
0.0409962934047857,-7.468174204284,-3.676918015967,-9.550745259298,-0.2550322918966726,2.958426125064112,-2.076032709954974,4.385215757257255e-06,5.046171953399564e-06,-2.6245426454230663e-06,0.0004021745812753,-0.0006331210130375,0.0006080709170239,19.145938386428718,13.799960625932426,-7.182074402191751e-06,2.1175823681357513e-22,-1.4895443071719092,4.2967127206258695,-0.0348831700469211,0.0007234511676731,-0.0006322417485784,9.605014550184384e-05,1.0,False,,,,,,,,,,,,,,,,,,40.0,14.63190887973687,30.0,0.01,-0.0089376590161526,-0.0016851506558235,0.0041567437469926,-0.25542813539505,2.958171129226685,-2.073955535888672,0.0,0.0009655759167998547,7.182074402191751e-06
0.0410963552104048,-7.468174204284,-3.676918015967,-9.550745259298,-0.2647529169989084,2.9520724266104077,-2.0213773067155025,4.478175790100479e-06,5.1565083957203335e-06,-2.6824270585560424e-06,0.0002723868786892,-0.0003107656727649,0.0004507827068423,19.146538757262427,13.799960625932426,-7.337509943206207e-06,9.47011624621305e-22,-1.4895443071719092,4.2967127206258695,-0.0348831700469211,0.0004727984982074,-0.0003523916333375,0.0001620391331921,1.0,False,,,,,,,,,,,,,,,,,,40.0,14.657057154411897,30.0,0.01,-0.0089200964879129,-0.0018109705900691,0.0041415292064922,-0.265128344297409,2.9518277645111084,-2.019251823425293,0.0,0.0006115349244639564,7.3375099432062074e-06
0.0411964369317783,-7.468174204284,-3.676918015967,-9.550745259298,-0.2731981393673877,2.9492040727690925,-1.9632925898374944,4.560692334325779e-06,5.254954947384996e-06,-2.734146359855667e-06,0.0001385307956965,1.5438468433058507e-05,0.0003059027753685,19.14713924759067,13.799960625932426,-7.475962973726927e-06,4.235164736271503e-22,-1.4895443071719092,4.2967127206258695,-0.0348831700469211,0.0002214830809962,-7.683147209350574e-05,0.000240931121631,1.0,False,,,,,,,,,,,,,,,,,,40.0,14.682210434461954,30.0,0.01,-0.008899878401226,-0.0019366736405703,0.0041281302854088,-0.2734612226486206,2.949183940887451,-1.961047649383545,0.0,0.0003361631086868619,7.475962973726927e-06
0.041296496992767,-7.468174204284,-3.676918015967,-9.550745259298,-0.2805941343560547,2.94857585080471,-1.9033061893484653,4.632098069541744e-06,5.340717387837756e-06,-2.779283577310696e-06,2.0797207969876805e-06,0.0003429693576288,0.0001762899201603,19.1477396079566,13.799960625932426,-7.596315682336658e-06,0.0,-1.4895443071719092,4.2967127206258695,-0.0348831700469211,-2.758916325923076e-05,0.0001916670416158,0.0003334861686636,1.0,False,,,,,,,,,,,,,,,,,,40.0,14.70735827066353,30.0,0.01,-0.008877024316195,-0.0020621270983664,0.0041165605934887,-0.2808741927146911,2.948541641235352,-1.901147723197937,0.0,0.0003856299281189546,7.596315682336658e-06
0.0413965947263704,-7.468174204284,-3.676918015967,-9.550745259298,-0.287591034559983,2.9481124206031906,-1.8437489081636675,4.693037022600156e-06,5.414515866508077e-06,-2.818210165942198e-06,-0.0001367111645078,0.0006681501297998,6.120502406556328e-05,19.148340194358223,13.799960625932426,-7.699603048442393e-06,9.47011624621305e-22,-1.4895443071719092,4.2967127206258695,-0.0348831700469211,-0.0002734967572778,0.0004506197713461,0.0004370376858509,1.0,False,,,,,,,,,,,,,,,,,,40.0,14.732515575025886,30.0,0.01,-0.0088515328579417,-0.0021873249078783,0.0041068206452378,-0.2878392338752746,2.948106288909912,-1.8416597843170168,0.0,0.0006847339581351538,7.699603048442393e-06
0.0414966972717569,-7.468174204284,-3.676918015967,-9.550745259298,-0.2949071744934007,2.9478874140575635,-1.7847773818307444,4.744755508580961e-06,5.477764577702193e-06,-2.8516587020494253e-06,-0.0002777811855433,0.0009859181617987,-4.181472315881689e-05,19.148940809630545,13.799960625932426,-7.787847389228455e-06,8.470329472543003e-22,-1.4895443071719092,4.2967127206258695,-0.0348831700469211,-0.000515703982598,0.0006971677639127,0.0005467650237284,1.0,False,,,,,,,,,,,,,,,,,,40.0,14.757674088721238,30.0,0.01,-0.0088234252420449,-0.0023121455545227,0.0040989205814146,-0.2951456010341644,2.9478979110717773,-1.782695770263672,0.0,0.0010251563197284683,7.787847389228455e-06
0.0415966980147928,-7.468174204284,-3.676918015967,-9.550745259298,-0.3023410157500608,2.9484370805086164,-1.726312695906562,4.787097789228479e-06,5.530258999589772e-06,-2.879519068534783e-06,-0.0004189546702239,0.0012935749570742,-0.0001300134436983,19.14954081408876,13.799960625932426,-7.860769676834151e-06,4.235164736271503e-22,-1.4895443071719092,4.2967127206258695,-0.0348831700469211,-0.0007506533589076,0.0009287178800169,0.0006631480339351,1.0,False,,,,,,,,,,,,,,,,,,40.0,14.782807016695257,30.0,0.01,-0.0087927513934183,-0.0024363768200363,0.0040928707436625,-0.3026129603385925,2.9484689235687256,-1.724342942237854,0.0,0.0013659292371181703,7.860769676834151e-06
0.0416967420254753,-7.468174204284,-3.676918015967,-9.550745259298,-0.3108592642042321,2.949282626142241,-1.669818305064735,4.821938613962771e-06,5.574150383355314e-06,-2.902909245768183e-06,-0.0005580621001905,0.0015812301367852,-0.0002054947712717,19.15014107815285,13.799960625932426,-7.921434629046169e-06,4.235164736271503e-22,-1.4895443071719092,4.2967127206258695,-0.0348831700469211,-0.0009745512965433,0.0011392142930226,0.0007787109342661,1.0,False,,,,,,,,,,,,,,,,,,40.0,14.8079508190149,30.0,0.01,-0.0087594869646748,-0.0025601198009467,0.0040886641731123,-0.3111650645732879,2.9493114948272705,-1.667935490608215,0.0,0.001689363831200012,7.921434629046169e-06
0.0417968408944671,-7.468174204284,-3.676918015967,-9.550745259298,-0.3205440950972954,2.950354913630252,-1.6155975018432849,4.850486654177529e-06,5.610820404196111e-06,-2.9225464940829667e-06,-0.0006942214939301,0.0018471699086489,-0.0002690973277052,19.1507416713668,13.799960625932426,-7.971813118768801e-06,1.894023249242609e-21,-1.4895443071719092,4.2967127206258695,-0.0348831700469211,-0.0011864325641672,0.001328023959624,0.0008916970669339,1.0,False,,,,,,,,,,,,,,,,,,40.0,14.833108408731498,30.0,0.01,-0.0087236438742815,-0.0026833087768002,0.0040863053683073,-0.3208824098110199,2.950404405593872,-1.613839626312256,0.0,0.001991580660136718,7.971813118768801e-06
0.0418969376653613,-7.468174204284,-3.676918015967,-9.550745259298,-0.3312744084183764,2.9521423604040544,-1.563617107385766,4.8735351125948e-06,5.641170926576838e-06,-2.9388982669326568e-06,-0.0008251838691061,0.0020889926500069,-0.0003195591692161,19.151342251992165,13.799960625932426,-8.013193928760863e-06,0.0,-1.4895443071719092,4.2967127206258695,-0.0348831700469211,-0.0013832315864901,0.001493514731537,0.0010015093095242,1.0,False,,,,,,,,,,,,,,,,,,40.0,14.858265471138637,30.0,0.01,-0.0086852617316301,-0.0028057942618817,0.0040857982345036,-0.3316374123096466,2.952211141586304,-1.5619961023330688,0.0,0.002268686133480312,8.013193928760865e-06
0.0419970143939999,-7.468174204284,-3.676918015967,-9.550745259298,-0.3431342055310879,2.9549270838531507,-1.513776859707196,4.89234566383103e-06,5.666650203491688e-06,-2.9527172784389574e-06,-0.0009497557668207,0.0023052371401126,-0.0003575884180726,19.151942712364,13.799960625932426,-8.047640023605094e-06,1.894023249242609e-21,-1.4895443071719092,4.2967127206258695,-0.0348831700469211,-0.0015637206189234,0.0016353140234078,0.0011065937087762,1.0,False,,,,,,,,,,,,,,,,,,40.0,14.883417496377549,30.0,0.01,-0.0086443711445528,-0.0029274761029275,0.004087142177856,-0.3435020446777344,2.9550411701202397,-1.5122538805007937,0.0,0.00251873455638012,8.047640023605096e-06
0.0420970667599045,-7.468174204284,-3.676918015967,-9.550745259298,-0.3557422977068729,2.9591968818752856,-1.4655633981363083,4.907340406788143e-06,5.6877376987544505e-06,-2.9642519750836967e-06,-0.0010665290846297,0.0024974424116595,-0.0003814684714273,19.152543026559425,13.799960625932426,-8.075836784489629e-06,4.235164736271503e-22,-1.4895443071719092,4.2967127206258695,-0.0348831700469211,-0.0017264483206046,0.0017543903673972,0.0012090127036865,1.0,False,,,,,,,,,,,,,,,,,,40.0,14.908563398593548,30.0,0.01,-0.0086010000575793,-0.0030482716914513,0.0040903346690236,-0.3561494648456573,2.9593489170074463,-1.4641042947769165,0.0,0.002742302150130391,8.075836784489629e-06
0.0421971704180546,-7.468174204284,-3.676918015967,-9.550745259298,-0.3696537124885937,2.964889946689864,-1.419301221607054,4.920505494804951e-06,5.706731093633355e-06,-2.974699193855181e-06,-0.0011746713318215,0.0026621209705613,-0.000394435345497,19.15314364850833,13.799960625932426,-8.101048660103835e-06,0.0,-1.4895443071719092,4.2967127206258695,-0.0348831700469211,-0.0018708232395981,0.0018497970589143,0.001304067210114,1.0,False,,,,,,,,,,,,,,,,,,40.0,14.933722191956887,30.0,0.01,-0.008555140811238,-0.0031681946519634,0.0040953764597603,-0.370091438293457,2.965083599090576,-1.4179552793502808,0.0,0.0029363787292314447,8.101048660103835e-06
0.0422972451528124,-7.468174204284,-3.676918015967,-9.550745259298,-0.3850998456471532,2.972046927170385,-1.3753601372963344,4.9333037901393965e-06,5.725320986719847e-06,-2.9849392969007757e-06,-0.0012724714961082,0.0027964473607927,-0.0003979780876674,19.153744096916878,13.799960625932426,-8.125678389707591e-06,8.470329472543003e-22,-1.4895443071719092,4.2967127206258695,-0.0348831700469211,-0.0019950542442653,0.0019206392054781,0.0013887374529316,1.0,False,,,,,,,,,,,,,,,,,,40.0,14.958873716078916,30.0,0.01,-0.0085068570670865,-0.003287071824581,0.0041022605548897,-0.3855621516704559,2.972269058227539,-1.3741390705108645,0.0,0.003098013574591903,8.125678389707591e-06
0.0423973138519801,-7.468174204284,-3.676918015967,-9.550745259298,-0.4020151149400132,2.980441749416104,-1.33412042581386,4.94667986168608e-06,5.7446043536540365e-06,-2.9955443123617578e-06,-0.0013590862870798,0.0029007241132154,-0.0003931220336698,19.15434450911188,13.799960625932426,-8.151282510216071e-06,0.0,-1.4895443071719092,4.2967127206258695,-0.0348831700469211,-0.002098780836109,0.0019679610523597,0.001462227461256,1.0,False,,,,,,,,,,,,,,,,,,40.0,14.984023723291678,30.0,0.01,-0.0084561683800276,-0.00340485484728,0.004110982826232,-0.4025202393531799,2.980703115463257,-1.3329747915267944,0.0,0.003227361282855439,8.151282510216071e-06
0.0424973540065891,-7.468174204284,-3.676918015967,-9.550745259298,-0.4202587582328265,2.990247768590048,-1.295605764770824,4.961254551139856e-06,5.765303149994157e-06,-3.0068908485562573e-06,-0.0014329202733463,0.002974943793358,-0.0003796899263215,19.154944750039533,13.799960625932426,-8.178884991713104e-06,0.0,-1.4895443071719092,4.2967127206258695,-0.0348831700469211,-0.0021804890019966,0.0019922898164979,0.0015244554840358,1.0,False,,,,,,,,,,,,,,,,,,40.0,15.009166556474344,30.0,0.01,-0.0084031182665229,-0.0035214424651192,0.0041215344671231,-0.4207866191864013,2.990540027618408,-1.294579267501831,0.0,0.003323810392239026,8.178884991713104e-06
0.0425974058998828,-7.468174204284,-3.676918015967,-9.550745259298,-0.4400180509230419,3.001425333979213,-1.2601334776230462,4.978098280465135e-06,5.788666373141632e-06,-3.0196310660511944e-06,-0.0014927079647293,0.0030176204457741,-0.0003595145265135,19.15554506139929,13.799960625932426,-8.210255333701388e-06,1.7462031549538564e-21,-1.4895443071719092,4.2967127206258695,-0.0348831700469211,-0.0022392432878682,0.001993785241228,0.0015729179339982,1.0,False,,,,,,,,,,,,,,,,,,40.0,15.034312339910294,30.0,0.01,-0.0083477183752601,-0.0036368073483916,0.0041339122194391,-0.4405879080295563,3.0017547607421875,-1.2591933012008667,0.0,0.003385773311592847,8.21025533370139e-06
0.0426974109413186,-7.468174204284,-3.676918015967,-9.550745259298,-0.4611200571039871,3.0138425155947344,-1.2278778375737112,4.997488335442165e-06,5.815019664719258e-06,-3.033935303662326e-06,-0.0015377481769874,0.0030301743591261,-0.0003332570062397,19.15614509164791,13.799960625932426,-8.245853915196462e-06,1.894023249242609e-21,-1.4895443071719092,4.2967127206258695,-0.0348831700469211,-0.0022749769941393,0.0019741568250807,0.0016077533519993,1.0,False,,,,,,,,,,,,,,,,,,40.0,15.059446348190036,30.0,0.01,-0.0082900362901938,-0.0037508088849025,0.0041480996873514,-0.4617273509502411,3.014206886291504,-1.2270272970199585,0.0,0.0034143354162620267,8.24585391519646e-06
0.0427974977956778,-7.468174204284,-3.676918015967,-9.550745259298,-0.4837987136655191,3.027751303887329,-1.1987959418609475,5.020114209338334e-06,5.845176597286188e-06,-3.0502296868149646e-06,-0.0015664037373373,0.0030109404893586,-0.000302279424294,19.156745612774067,13.799960625932426,-8.286829144527485e-06,1.7462031549538564e-21,-1.4895443071719092,4.2967127206258695,-0.0348831700469211,-0.0022862181180929,0.0019333457860001,0.0016266950966344,1.0,False,,,,,,,,,,,,,,,,,,40.0,15.08460091830009,30.0,0.01,-0.0082300320395369,-0.0038635201190685,0.0041641067370742,-0.4844255149364471,3.028143882751465,-1.1980631351470947,0.0,0.003407455964375003,8.286829144527483e-06
0.0428975643951475,-7.468174204284,-3.676918015967,-9.550745259298,-0.5077924376252501,3.0428952626021166,-1.1731192433550413,5.045728390626921e-06,5.878852366635872e-06,-3.0683660891772355e-06,-0.0015782694606377,0.0029622295387736,-0.0002670699043942,19.157346012370883,13.799960625932426,-8.332775683881785e-06,1.7462031549538564e-21,-1.4895443071719092,4.2967127206258695,-0.0348831700469211,-0.002273338583711,0.0018735755756597,0.0016305553994574,1.0,False,,,,,,,,,,,,,,,,,,40.0,15.109750397801175,30.0,0.01,-0.0081678016556085,-0.0039747527755381,0.0041819082352425,-0.5084252953529358,3.043301582336426,-1.1725043058395386,0.0,0.0033670557857863894,8.332775683881783e-06
0.0429976306232757,-7.468174204284,-3.676918015967,-9.550745259298,-0.5330956872395418,3.0594507692225013,-1.1506696672205377,5.074208000443554e-06,5.915911367316868e-06,-3.0882748387193844e-06,-0.0015721956962393,0.0028844615214708,-0.0002281624726289,19.15794640973965,13.799960625932426,-8.383497815183203e-06,0.0,-1.4895443071719092,4.2967127206258695,-0.0348831700469211,-0.0022355690963053,0.001795873197158,0.001618964473177,1.0,False,,,,,,,,,,,,,,,,,,40.0,15.134899783973996,30.0,0.01,-0.0081033718671447,-0.0040844582852964,0.0042014955549709,-0.5337618589401245,3.05989408493042,-1.150135517120361,0.0,0.0032930192362078834,8.383497815183203e-06
0.0430976568019666,-7.468174204284,-3.676918015967,-9.550745259298,-0.5597704912523975,3.077557960162509,-1.131278501328567,5.105334117006636e-06,5.9561032763900045e-06,-3.109825977092477e-06,-0.0015471466604506,0.002777856877244,-0.0001865781830547,19.1585465668118,13.799960625932426,-8.438638533145903e-06,0.0,-1.4895443071719092,4.2967127206258695,-0.0348831700469211,-0.0021723515307737,0.0017012898405447,0.00159105774345,1.0,False,,,,,,,,,,,,,,,,,,40.0,15.160039104625335,30.0,0.01,-0.0080368093591666,-0.00419252399636,0.004222847127751,-0.5604432821273804,3.0780229568481445,-1.130839228630066,0.0,0.003185115859397775,8.438638533145905e-06
0.043197750428876,-7.468174204284,-3.676918015967,-9.550745259298,-0.5878321532481335,3.097238905345817,-1.114833222943532,5.138623630219724e-06,5.998874437884269e-06,-3.1327318805320584e-06,-0.0015024307883549,0.0026433187621449,-0.0001431652198359,19.159147128573256,13.799960625932426,-8.497408803267957e-06,1.7462031549538564e-21,-1.4895443071719092,4.2967127206258695,-0.0348831700469211,-0.002083557980882,0.0015912067743306,0.0015465367030569,1.0,False,,,,,,,,,,,,,,,,,,40.0,15.185195376862923,30.0,0.01,-0.0079680829605491,-0.0042989962844574,0.0042459727837125,-0.5885385870933533,3.097740888595581,-1.114466428756714,0.0,0.0030438345277420445,8.497408803267955e-06
0.0432977563107049,-7.468174204284,-3.676918015967,-9.550745259298,-0.6171940482996613,3.1183169317771413,-1.1013318366601677,5.173294870554282e-06,6.043310674519416e-06,-3.156514906920619e-06,-0.0014380512495926,0.0024828286867205,-9.91127781356147e-05,19.15974716386423,13.799960625932426,-8.558514478814396e-06,4.235164736271503e-22,-1.4895443071719092,4.2967127206258695,-0.0348831700469211,-0.0019700766554944,0.0014677545614807,0.0014855125531531,1.0,False,,,,,,,,,,,,,,,,,,40.0,15.21032959635648,30.0,0.0099999999999999,-0.0078973424578753,-0.0044036426251691,0.0042708212012249,-0.6179298758506775,3.118847370147705,-1.1010407209396362,0.0,0.0028709324316059477,8.558514478814396e-06
0.0433978415135096,-7.468174204284,-3.676918015967,-9.550745259298,-0.6477065853643416,3.1405723610349647,-1.0907816296318933,5.208359183122339e-06,6.088266147350964e-06,-3.180577890294424e-06,-0.0013542496923656,0.0022990050671596,-5.48505264522832e-05,19.160347675081056,13.799960625932426,-8.620328635128957e-06,0.0,-1.4895443071719092,4.2967127206258695,-0.0348831700469211,-0.0018329280148254,0.0013331247303805,0.0014091055510734,1.0,False,,,,,,,,,,,,,,,,,,40.0,15.235483751385631,30.0,0.01,-0.0078245139161093,-0.0045065711651794,0.0042974176326934,-0.6484392881393433,3.141113042831421,-1.0905647277832031,0.0,0.0026687871980264617,8.620328635128957e-06
0.0434978998269901,-7.468174204284,-3.676918015967,-9.550745259298,-0.6794968050796388,3.1641636611753934,-1.0828191258217843,5.2430333910282e-06,6.132821546497793e-06,-3.204440016368363e-06,-0.0012506122158071,0.0020923863117845,-1.1790328121539942e-05,19.16094802496194,13.799960625932426,-8.681551421210792e-06,4.235164736271503e-22,-1.4895443071719092,4.2967127206258695,-0.0348831700469211,-0.0016723278024001,0.0011885637534579,0.0013163914042532,1.0,False,,,,,,,,,,,,,,,,,,40.0,15.260631148390498,30.0,0.01,-0.0077497183254459,-0.0046076055443903,0.004325718093398,-0.6802226305007935,3.1647047996521,-1.0826715230941772,0.0,0.0024376731536254613,8.681551421210792e-06
0.0435979390628675,-7.468174204284,-3.676918015967,-9.550745259298,-0.7125341079439371,3.188945699292104,-1.077302319803212,5.276272237441589e-06,6.1757528923933376e-06,-3.227461553605997e-06,-0.0011276906093025,0.0018651656371647,2.8925216013547827e-05,19.1615482603772,13.799960625932426,-8.740450823127284e-06,1.7462031549538564e-21,-1.4895443071719092,4.2967127206258695,-0.0348831700469211,-0.0014897028166579,0.0010361372730767,0.0012077130047627,1.0,False,,,,,,,,,,,,,,,,,,40.0,15.285773750670742,30.0,0.01,-0.0076729978008332,-0.00470669044653,0.0043557054295431,-0.713289737701416,3.189514636993408,-1.0772041082382202,0.0,0.002179762746835186,8.740450823127282e-06
0.0436979687414577,-7.468174204284,-3.676918015967,-9.550745259298,-0.74680273956356,3.2147990499913464,-1.0738936570367192,5.3069995905267534e-06,6.215796908156556e-06,-3.248981774208029e-06,-0.0009867140355681,0.0016201589127881,6.595776797636702e-05,19.162148438448742,13.799960625932426,-8.795240669045714e-06,0.0,-1.4895443071719092,4.2967127206258695,-0.0348831700469211,-0.0012873180599911,0.0008782364283213,0.0010836894879165,1.0,False,,,,,,,,,,,,,,,,,,40.0,15.310913950942757,30.0,0.01,-0.0075943937073936,-0.0048037729146839,0.0043873625336014,-0.747581422328949,3.2153894901275635,-1.0738390684127808,0.0,0.0018981227351860647,8.795240669045714e-06
0.0437980027386915,-7.468174204284,-3.676918015967,-9.550745259298,-0.7821249338758929,3.2416333394118317,-1.0723081900901907,5.334037891887295e-06,6.251568317149937e-06,-3.268275715679493e-06,-0.0008287149720332,0.0013604582858817,9.901233369561192e-05,19.16274864243215,13.799960625932426,-8.84396363684195e-06,0.0,-1.4895443071719092,4.2967127206258695,-0.0348831700469211,-0.0010669910505701,0.0007170618872295,0.0009459233809386,1.0,False,,,,,,,,,,,,,,,,,,40.0,15.336055236608264,30.0,0.01,-0.0075139443576857,-0.0048988046498237,0.0044206733867667,-0.7828898429870605,3.2422125339508057,-1.072292447090149,0.0,0.001596063499588914,8.84396363684195e-06
0.0438980807160703,-7.468174204284,-3.676918015967,-9.550745259298,-0.818431934828965,3.268884842042272,-1.0724698292251542,5.3564939472264505e-06,6.282012780975824e-06,-3.284791087751407e-06,-0.0006570384758391,0.0010908319723448,0.0001261957407771,19.16334911029642,13.799960625932426,-8.885131652214741e-06,1.7462031549538564e-21,-1.4895443071719092,4.2967127206258695,-0.0348831700469211,-0.0008335886060704,0.0005560010353512,0.0007959473601508,1.0,False,,,,,,,,,,,,,,,,,,40.0,15.361207575689807,30.0,0.01,-0.0074316668354043,-0.0049917611982431,0.0044556310649856,-0.8191772103309631,3.2694411277771,-1.0724879503250122,0.0,0.0012796637509958993,8.885131652214743e-06
0.043998100449378,-7.468174204284,-3.676918015967,-9.550745259298,-0.8555790968228486,3.2965655180240416,-1.0740129837768744,5.373499214244454e-06,6.306096273920288e-06,-3.2979849733247554e-06,-0.0004728852157221,0.0008138114478733,0.0001472716402997,19.163949228696268,13.799960625932426,-8.917289324997423e-06,0.0,-1.4895443071719092,4.2967127206258695,-0.0348831700469211,-0.0005889210790977,0.00039671594199,0.0006351274359843,1.0,False,,,,,,,,,,,,,,,,,,40.0,15.386345276439688,30.0,0.01,-0.0073476970194828,-0.0050824888281306,0.0044921771805895,-0.8563414216041565,3.297130584716797,-1.0740574598312378,0.0,0.0009526796082496665,8.917289324997423e-06
0.0440981601668723,-7.468174204284,-3.676918015967,-9.550745259298,-0.8933619111875095,3.3243938716777524,-1.0768197261256012,5.38435735611572e-06,6.322992560866598e-06,-3.3074239528879924e-06,-0.000278481189176,0.0005331170169107,0.0001621134642982,19.164549587001236,13.799960625932426,-8.939272468566391e-06,1.7462031549538564e-21,-1.4895443071719092,4.2967127206258695,-0.0348831700469211,-0.0003359982755259,0.0002413682016087,0.0004657175666079,1.0,False,,,,,,,,,,,,,,,,,,40.0,15.411493026311724,30.0,0.01,-0.0072620055360226,-0.0051710193863913,0.0045303238405593,-0.8941316604614258,3.324955701828003,-1.0768879652023315,0.0,0.0006229336254781936,8.93927246856639e-06
0.0441981782215113,-7.468174204284,-3.676918015967,-9.550745259298,-0.9316388371987034,3.3520624282193063,-1.0804647686201063,5.388746363785486e-06,6.3323056679514e-06,-3.3128983162633657e-06,-7.758306980125873e-05,0.0002534205991437,0.0001697264332479,19.165149695329067,13.799960625932426,-8.950529464756896e-06,0.0,-1.4895443071719092,4.2967127206258695,-0.0348831700469211,-7.97470772823731e-05,9.269091349485556e-05,0.0002899948157357,1.0,False,,,,,,,,,,,,,,,,,,40.0,15.43663030516612,30.0,0.01,-0.0071747160398029,-0.0052572243173358,0.0045700155607401,-0.9324227571487428,3.352623224258423,-1.0805436372756958,0.0,0.0003147192319086851,8.950529464756896e-06
0.0442981877494047,-7.468174204284,-3.676918015967,-9.550745259298,-0.97016946520791,3.3795201879346872,-1.0844339218973749,5.386497962445693e-06,6.333824131505125e-06,-3.314295443013673e-06,0.0001270867233771,-2.1498640640956608e-05,0.0001703863589401,19.165749752496428,13.799960625932426,-8.950767716338608e-06,0.0,-1.4895443071719092,4.2967127206258695,-0.0348831700469211,0.0001764855192198,-4.7486622174852416e-05,0.000110646375183,1.0,False,,,,,,,,,,,,,,,,,,40.0,15.461765441015649,30.0,0.01,-0.0070858555829203,-0.0053410790300251,0.0046112390366388,-0.9709075093269348,3.380045175552368,-1.084511160850525,0.0,0.00021364629208343663,8.950767716338607e-06
0.0443982731294694,-7.468174204284,-3.676918015967,-9.550745259298,-1.0087499545059322,3.406447036114327,-1.088302968286929,5.377902891898543e-06,6.32787817743617e-06,-3.3117864441855914e-06,0.0003313499740608,-0.000286820319193,0.0001638621854721,19.166350264776817,13.799960625932426,-8.940459227302313e-06,0.0,-1.4895443071719092,4.2967127206258695,-0.0348831700469211,0.0004275981189504,-0.0001768317983995,-6.928116904783205e-05,1.0,False,,,,,,,,,,,,,,,,,,40.0,15.48691964059508,30.0,0.01,-0.0069954034434316,-0.0054225984845418,0.0046540043338042,-1.0094910860061646,3.406956195831299,-1.0883748531341553,0.0,0.0004678776727305548,8.940459227302313e-06
0.0444983582441374,-7.468174204284,-3.676918015967,-9.550745259298,-1.047320797904604,3.432533686528041,-1.0917747613128697,5.363558519523031e-06,6.315153247179974e-06,-3.305727531309931e-06,0.000531471746659,-0.0005392661729772,0.0001494478914895,19.166950775464823,13.799960625932426,-8.920580420520646e-06,1.694065894508601e-21,-1.4895443071719092,4.2967127206258695,-0.0348831700469211,0.0006691289799919,-0.0002938472089979,-0.0002480425789736,1.0,False,,,,,,,,,,,,,,,,,,40.0,15.512073773473062,30.0,0.01,-0.0069034835668543,-0.0055016660619359,0.004698253418571,-1.0480202436447144,3.4329986572265625,-1.0918307304382324,0.0,0.000771754426670104,8.920580420520646e-06
0.0445983839725587,-7.468174204284,-3.676918015967,-9.550745259298,-1.0856897108979378,3.457613452692781,-1.094357081533641,5.344263032092921e-06,6.296573930990634e-06,-3.2966004910655304e-06,0.0007237789175776,-0.0007753192160539,0.0001273649318764,19.16755092983535,13.799960625932426,-8.892444288401214e-06,4.235164736271503e-22,-1.4895443071719092,4.2967127206258695,-0.0348831700469211,0.0008969128222647,-0.0003972538625634,-0.0004230063736159,1.0,False,,,,,,,,,,,,,,,,,,40.0,15.537212980959328,30.0,0.01,-0.00681020936248,-0.0055781869712111,0.0047439307070612,-1.0863823890686035,3.4580585956573486,-1.094393610954285,0.0,0.0010682685215731653,8.892444288401214e-06
0.044698488312488,-7.468174204284,-3.676918015967,-9.550745259298,-1.123663910069642,3.48150480691744,-1.0957342393817022,5.320959075730246e-06,6.2732457523451925e-06,-3.284983389164003e-06,0.0009052204724517,-0.0009920836619411,9.842165966889114e-05,19.16815155587493,13.799960625932426,-8.857614443065159e-06,4.235164736271503e-22,-1.4895443071719092,4.2967127206258695,-0.0348831700469211,0.0011076984895017,-0.0004863007655183,-0.0005914867208485,1.0,False,,,,,,,,,,,,,,,,,,40.0,15.56237194567247,30.0,0.01,-0.0067155105249834,-0.0056522173548555,0.0047910705862371,-1.124309539794922,3.4819014072418213,-1.0957460403442385,0.0,0.0013466034750913576,8.857614443065159e-06
0.0447985106850586,-7.468174204284,-3.676918015967,-9.550745259298,-1.1610206783597856,3.503988447414697,-1.0955627698889443,5.294837773788556e-06,6.246557928544923e-06,-3.27160151148453e-06,0.0010723659278682,-0.0011867036835544,6.331657411153826e-05,19.16875169011035,13.799960625932426,-8.818059279419336e-06,0.0,-1.4895443071719092,4.2967127206258695,-0.0348831700469211,0.0012978633324122,-0.0005603639871719,-0.00075085702809,1.0,False,,,,,,,,,,,,,,,,,,40.0,15.587510309741472,30.0,0.01,-0.0066195986439527,-0.0057235915790293,0.0048395674630532,-1.1616133451461792,3.504337310791016,-1.0955450534820557,0.0,0.0016007008791062212,8.818059279419336e-06
0.0448985383618196,-7.468174204284,-3.676918015967,-9.550745259298,-1.1975927057357163,3.5249215347737115,-1.0933831460739547,5.2672468951735855e-06,6.2180985334840805e-06,-3.257286321975169e-06,0.0012219060893486,-0.0013565789916147,2.2921100259603757e-05,19.16935185617092,13.799960625932426,-8.776021502375617e-06,0.0,-1.4895443071719092,4.2967127206258695,-0.0348831700469211,0.0014640158023713,-0.0006190568228213,-0.0008985058759074,1.0,False,,,,,,,,,,,,,,,,,,40.0,15.612650006898916,30.0,0.01,-0.0065224519648636,-0.0057923295857586,0.0048894312896278,-1.1981719732284546,3.525243043899536,-1.0933302640914917,0.0,0.0018258933234213482,8.776021502375617e-06
0.0449986192154333,-7.468174204284,-3.676918015967,-9.550745259298,-1.2333748479825757,3.54416069036332,-1.0889063467763265,5.23946580353116e-06,6.189377349280298e-06,-3.242828627277105e-06,0.0013513169915535,-0.0015006471278237,-2.2354210199197603e-05,19.1699523412926,13.799960625932426,-8.733632198807342e-06,1.7462031549538564e-21,-1.4895443071719092,4.2967127206258695,-0.0348831700469211,0.0016037192772869,-0.0006626989474766,-0.0010331571561444,1.0,False,,,,,,,,,,,,,,,,,,40.0,15.637803068857124,30.0,0.01,-0.0064240842215642,-0.005858418313248,0.0049406555011707,-1.2339023351669312,3.54443359375,-1.0888216495513916,0.0,0.0020195294314815895,8.733632198807342e-06
0.0450986442348984,-7.468174204284,-3.676918015967,-9.550745259298,-1.2681328481790146,3.56157345456367,-1.08181290620352,5.212834075391833e-06,6.16197291313581e-06,-3.2290549150478097e-06,0.0014579834392667,-0.0016171324733296,-7.109501348695111e-05,19.17055249140939,13.799960625932426,-8.693120551572955e-06,1.7462031549538564e-21,-1.4895443071719092,4.2967127206258695,-0.0348831700469211,0.0017145990025745,-0.0006915453911413,-0.001152303292878,1.0,False,,,,,,,,,,,,,,,,,,40.0,15.66294209816327,30.0,0.01,-0.0063246646517699,-0.0059217439974345,0.0049931518173894,-1.2686429023742676,3.5618200302124023,-1.0816842317581177,0.0,0.0021785058288689,8.693120551572954e-06
0.0451987219748243,-7.468174204284,-3.676918015967,-9.550745259298,-1.301633997002385,3.577170711186184,-1.071635287519294,5.188635074740126e-06,6.137410307202769e-06,-3.216765531936734e-06,0.0015396496586301,-0.00170448275164,-0.0001216141318154,19.171152957848943,13.799960625932426,-8.656634432921288e-06,1.7462031549538564e-21,-1.4895443071719092,4.2967127206258695,-0.0348831700469211,0.0017947526840621,-0.0007060174409952,-0.001253385293945,1.0,False,,,,,,,,,,,,,,,,,,40.0,15.68809437756639,30.0,0.01,-0.0062241482328281,-0.0059823353401118,0.0050469438925186,-1.3020914793014526,3.577373504638672,-1.071473240852356,0.0,0.002300124457288184,8.65663443292129e-06
0.0452987340837158,-7.468174204284,-3.676918015967,-9.550745259298,-1.3339330367571751,3.590870112059272,-1.058184288649057,5.167878202385546e-06,6.11688514401041e-06,-3.206587362938854e-06,0.0015947384225532,-0.0017631296149158,-0.0001735256109245,19.17175303050229,13.799960625932426,-8.625859464184776e-06,4.235164736271503e-22,-1.4895443071719092,4.2967127206258695,-0.0348831700469211,0.0018429761430662,-0.0007072473693088,-0.0013361017579893,1.0,False,,,,,,,,,,,,,,,,,,40.0,15.71323016209148,30.0,0.0099999999999999,-0.006122717494561,-0.0060400828950525,0.0051019338591057,-1.3343700170516968,3.5910465717315674,-1.0579725503921509,0.0,0.002383679469435294,8.625859464184776e-06
0.0453987624422027,-7.468174204284,-3.676918015967,-9.550745259298,-1.3647016574148354,3.6026974951163844,-1.0411451686734396,5.151553950303975e-06,6.101581902109522e-06,-3.1991430739435526e-06,0.0016217183483025,-0.0017918692787741,-0.0002245238516939,19.172353200653216,13.799960625932426,-8.602460474690013e-06,4.235164736271503e-22,-1.4895443071719092,4.2967127206258695,-0.0348831700469211,0.0018583158393727,-0.000695942577256,-0.0013976777324239,1.0,False,,,,,,,,,,,,,,,,,,40.0,15.73837003058533,30.0,0.01,-0.006020354226598,-0.0060949995041631,0.0051581310598446,-1.3651158809661863,3.602849006652832,-1.040885329246521,0.0,0.0024271746689133985,8.602460474690015e-06
0.0454988143077716,-7.468174204284,-3.676918015967,-9.550745259298,-1.3937711547435894,3.612656529637768,-1.0204947572772989,5.140246703684772e-06,6.0922038243173335e-06,-3.194802978363527e-06,0.0016201557610146,-0.0017910856257833,-0.0002728881751687,19.17295351184663,13.799960625932426,-8.587423925853979e-06,1.894023249242609e-21,-1.4895443071719092,4.2967127206258695,-0.0348831700469211,0.0018410304886287,-0.0006733780973963,-0.0014368469100324,1.0,False,,,,,,,,,,,,,,,,,,40.0,15.763515807053269,30.0,0.01,-0.0059171151958077,-0.0061470527676209,0.0052155047724668,-1.3941633701324463,3.6127817630767822,-1.0201817750930786,0.0,0.002430506195215979,8.587423925853979e-06
0.0455988305338469,-7.468174204284,-3.676918015967,-9.550745259298,-1.420990305955577,3.62078669289591,-0.99621824525009,5.134326294077279e-06,6.089198881384564e-06,-3.193803381492064e-06,0.0015898827477138,-0.0017614766790347,-0.0003170725513058,19.17355360920308,13.799960625932426,-8.581376902964843e-06,4.235164736271503e-22,-1.4895443071719092,4.2967127206258695,-0.0348831700469211,0.0017916438706459,-0.0006408950698191,-0.0014526968008883,1.0,False,,,,,,,,,,,,,,,,,,40.0,15.788652626339502,30.0,0.01,-0.0058131268715771,-0.0061961796163785,0.0052739846545588,-1.4213263988494873,3.6208789348602295,-0.9958828687667848,0.0,0.002393963710053406,8.581376902964843e-06
0.0456989278722857,-7.468174204284,-3.676918015967,-9.550745259298,-1.4462693625720455,3.627072020488627,-0.968257169060015,5.134091632174239e-06,6.092939119013293e-06,-3.196341940597329e-06,0.0015302594113153,-0.0017033008155485,-0.0003557561363858,19.17415419323371,13.799960625932426,-8.584835804882091e-06,1.694065894508601e-21,-1.4895443071719092,4.2967127206258695,-0.0348831700469211,0.0017100654973194,-0.0005995618319981,-0.0014441923581131,1.0,False,,,,,,,,,,,,,,,,,,40.0,15.813809831386152,30.0,0.01,-0.005708333224377,-0.0062424044322902,0.0053336027882845,-1.4465793371200562,3.627140522003174,-0.9678767323493958,0.0,0.002317215993977123,8.584835804882091e-06
0.0457990083428813,-7.468174204284,-3.676918015967,-9.550745259298,-1.4696433170325456,3.63159476672236,-0.9369159610630916,5.139150046487129e-06,6.10296764299677e-06,-3.2021802771689813e-06,0.001442768018532,-0.0016191606750624,-0.000388150949338,19.174754676057287,13.799960625932426,-8.597152771660176e-06,1.694065894508601e-21,-1.4895443071719092,4.2967127206258695,-0.0348831700469211,0.0015985590951576,-0.0005512455517545,-0.0014123240305962,1.0,False,,,,,,,,,,,,,,,,,,40.0,15.838962797081436,30.0,0.01,-0.0056029025352116,-0.0062856500471659,0.0053942642376399,-1.4699053764343262,3.631637334823608,-0.9365282654762268,0.0,0.0022031618203026465,8.597152771660174e-06
0.0458990919210612,-7.468174204284,-3.676918015967,-9.550745259298,-1.4910261709453712,3.634342347281919,-0.90234707985832,5.1493178923554e-06,6.119079478745945e-06,-3.2112127220718987e-06,0.0013276514977986,-0.0015099143998311,-0.0004130584728811,19.175355177526367,13.799960625932426,-8.618033161350542e-06,0.0,-1.4895443071719092,4.2967127206258695,-0.0348831700469211,0.0014579509313295,-0.0004970942913018,-0.0013566110879075,1.0,False,,,,,,,,,,,,,,,,,,40.0,15.86411654379782,30.0,0.0099999999999999,-0.0054968807498936,-0.0063258985314347,0.0054559426125501,-1.491244554519653,3.634361982345581,-0.901962399482727,0.0,0.0020525879509641102,8.618033161350542e-06
0.0459991877113965,-7.468174204284,-3.676918015967,-9.550745259298,-1.5104731268940057,3.6353653645427504,-0.864862099045361,5.163987856895313e-06,6.14056487597485e-06,-3.2230685175810724e-06,0.0011862762215463,-0.0013777588767447,-0.0004298986476788,19.17595575226838,13.799960625932426,-8.646472011823117e-06,1.694065894508601e-21,-1.4895443071719092,4.2967127206258695,-0.0348831700469211,0.0012902292979303,-0.0004386000121849,-0.001277975755484,1.0,False,,,,,,,,,,,,,,,,,,40.0,15.889273359763646,30.0,0.01,-0.0053903253564332,-0.0063631276171584,0.0055186048490128,-1.5106496810913086,3.635367393493652,-0.8644895553588867,0.0,0.0018682300831351164,8.646472011823117e-06
0.0460991955958702,-7.468174204284,-3.676918015967,-9.550745259298,-1.5280108761826652,3.6348370037586446,-0.8249861030926376,5.182170959105903e-06,6.166253615103678e-06,-3.2371342661042387e-06,0.0010216735555394,-0.0012260148650595,-0.0004380463305278,19.17655579957522,13.799960625932426,-8.680818956294733e-06,1.694065894508601e-21,-1.4895443071719092,4.2967127206258695,-0.0348831700469211,0.0010991989492002,-0.000377527795996,-0.0011781546267158,1.0,False,,,,,,,,,,,,,,,,,,40.0,15.914408082576731,30.0,0.01,-0.0052834110480573,-0.0063972802447616,0.0055821477199414,-1.5281702280044556,3.634824752807617,-0.8245920538902283,0.0,0.0016549362196544778,8.680818956294735e-06
0.0461992417172141,-7.468174204284,-3.676918015967,-9.550745259298,-1.5436197161651055,3.6329105404684463,-0.7830953931797439,5.20304968250018e-06,6.195185717884875e-06,-3.252907830947181e-06,0.0008361712120443,-0.0010568608625984,-0.000436690644321,19.177156076303284,13.799960625932426,-8.719716820762442e-06,4.235164736271503e-22,-1.4895443071719092,4.2967127206258695,-0.0348831700469211,0.0008877948455719,-0.0003150915236355,-0.0010580045092012,1.0,False,,,,,,,,,,,,,,,,,,40.0,15.939552415363467,30.0,0.01,-0.0051760711453114,-0.0064283804733703,0.0056466106637756,-1.5437597036361694,3.6328866481781006,-0.7826858162879944,0.0,0.0014166283554910787,8.719716820762442e-06
0.0462993243367991,-7.468174204284,-3.676918015967,-9.550745259298,-1.5572970951866387,3.629788030260827,-0.7396548548312406,5.2256973292735295e-06,6.2262634061436e-06,-3.269813605705788e-06,0.0006328663048134,-0.0008730600044721,-0.0004252880031982,19.177756572020797,13.799960625932426,-8.761617978200035e-06,4.235164736271503e-22,-1.4895443071719092,4.2967127206258695,-0.0348831700469211,0.0006597145159459,-0.0002525489622367,-0.0009190316621122,1.0,False,,,,,,,,,,,,,,,,,,40.0,15.964705921158677,30.0,0.01,-0.0050683752364908,-0.0064564050072518,0.0057119529798886,-1.557405948638916,3.629756450653076,-0.7392783761024475,0.0,0.001159147711398898,8.761617978200035e-06
0.0463993464268177,-7.468174204284,-3.676918015967,-9.550745259298,-1.569250048598411,3.62558829682294,-0.6951142427271123,5.249225662745525e-06,6.258427914417383e-06,-3.2872954987526754e-06,0.0004144981480471,-0.0006778260331305,-0.0004044749395708,19.178356704560905,13.799960625932426,-8.805032749201135e-06,4.235164736271503e-22,-1.4895443071719092,4.2967127206258695,-0.0348831700469211,0.0004180608115443,-0.0001911046199314,-0.0007639116472188,1.0,False,,,,,,,,,,,,,,,,,,40.0,15.98984421421461,30.0,0.01,-0.0049604961776151,-0.0064813104740472,0.0057780699382121,-1.5693458318710327,3.6255483627319336,-0.694730818271637,0.0,0.0008915474315282994,8.805032749201135e-06
0.046499440725937,-7.468174204284,-3.676918015967,-9.550745259298,-1.579710529335155,3.620518562552193,-0.6499347219985381,5.272699495169827e-06,6.290571129768435e-06,-3.304772444906882e-06,0.0001844640266465,-0.0004745964065549,-0.0003748957892636,19.17895727035562,13.799960625932426,-8.848399065235251e-06,1.694065894508601e-21,-1.4895443071719092,4.2967127206258695,-0.0348831700469211,0.0001665904745664,-0.0001318835221438,-0.0005955417108983,1.0,False,,,,,,,,,,,,,,,,,,40.0,16.01500065539697,30.0,0.0099999999999999,-0.0048523593384784,-0.0065031140561562,0.0058450078206024,-1.5797827243804932,3.62047815322876,-0.6495966911315918,0.0,0.0006323097176614023,8.848399065235251e-06
0.0465994852914833,-7.468174204284,-3.676918015967,-9.550745259298,-1.5887316270697096,3.614823627302021,-0.6046668664082413,5.295346615200384e-06,6.321766040510823e-06,-3.321756618168693e-06,-5.323223151344337e-05,-0.0002665452279195,-0.0003367174977326,19.1795575377489,13.799960625932426,-8.890415551391149e-06,0.0,-1.4895443071719092,4.2967127206258695,-0.0348831700469211,-9.029857724866604e-05,-7.578946442408894e-05,-0.0004163662165775,1.0,False,,,,,,,,,,,,,,,,,,40.0,16.040144597169114,30.0,0.01,-0.0047441650800455,-0.0065217748357074,0.0059126432909156,-1.5887852907180786,3.61478590965271,-0.6043780446052551,0.0,0.0004327339855822079,8.890415551391149e-06
0.0466995644202181,-7.468174204284,-3.676918015967,-9.550745259298,-1.5965402930758033,3.60880828511101,-0.5598611978911224,5.316383040768567e-06,6.351077685494093e-06,-3.3377568857039795e-06,-0.0002940893865196,-5.7530401575585935e-05,-0.000290831374644,19.180158012521307,13.799960625932426,-8.929766930408483e-06,1.894023249242609e-21,-1.4895443071719092,4.2967127206258695,-0.0348831700469211,-0.0003478168511103,-2.3740995422140985e-05,-0.0002298717165427,1.0,False,,,,,,,,,,,,,,,,,,40.0,16.06529722561798,30.0,0.01,-0.004635891069039,-0.0065372979615071,0.005980990666978,-1.59658682346344,3.608769178390503,-0.5595767498016357,0.0,0.00041758975424002146,8.929766930408485e-06
0.0467995991824829,-7.468174204284,-3.676918015967,-9.550745259298,-1.6033740610002538,3.602705206797575,-0.5159445797213855,5.335325760184043e-06,6.377921594058194e-06,-3.3524650216757546e-06,-0.000534480946006,0.0001491836180902,-0.0002384915210617,19.18075822109489,13.799960625932426,-8.965634754371643e-06,4.235164736271503e-22,-1.4895443071719092,4.2967127206258695,-0.0348831700469211,-0.0006022397547492,2.364727541527858e-05,-3.939445815552563e-05,1.0,False,,,,,,,,,,,,,,,,,,40.0,16.09043870355675,30.0,0.01,-0.0045276915101328,-0.0065496624028414,0.0060499530574935,-1.6034083366394043,3.602672815322876,-0.5157132148742676,0.0,0.0006039899330024256,8.965634754371643e-06
0.0468996556181948,-7.468174204284,-3.676918015967,-9.550745259298,-1.6094851376705028,3.596822830933395,-0.4733639261659982,5.351755321094866e-06,6.401793868759752e-06,-3.3656158065443004e-06,-0.0007702515952927,0.0003501642433503,-0.0001809769361383,19.181358559709167,13.799960625932426,-8.997311793653593e-06,1.7462031549538564e-21,-1.4895443071719092,4.2967127206258695,-0.0348831700469211,-0.0008493261307158,6.584259339948117e-05,0.0001515422230397,1.0,False,,,,,,,,,,,,,,,,,,40.0,16.115585628626903,30.0,0.01,-0.004419563783449,-0.0065588701787652,0.0061195324937554,-1.6095162630081177,3.596792697906494,-0.4731409847736358,0.0,0.0008652486167489918,8.997311793653591e-06
0.0469997532559715,-7.468174204284,-3.676918015967,-9.550745259298,-1.615173499163529,3.591465096355549,-0.4324951641374669,5.365407957109364e-06,6.422373699981504e-06,-3.377039828083447e-06,-0.0009975268981489,0.0005420520980532,-0.0001199358524452,19.181959145535828,13.799960625932426,-9.024349532730235e-06,1.894023249242609e-21,-1.4895443071719092,4.2967127206258695,-0.0348831700469211,-0.0010852289865763,0.0001024341899502,0.0003391906273174,1.0,False,,,,,,,,,,,,,,,,,,40.0,16.140742908905402,30.0,0.01,-0.0043115557073836,-0.0065649149278598,0.0061896994573315,-1.6151974201202393,3.5914437770843506,-0.4323250353336334,0.0,0.0011416063236668753,9.024349532730237e-06
0.0470997577105413,-7.468174204284,-3.676918015967,-9.550745259298,-1.6207249878485497,3.586942854418386,-0.3937604738799861,5.3761359590256284e-06,6.439471895908245e-06,-3.3866358434361995e-06,-0.0012122352538089,0.0007214282534648,-5.717041025717545e-05,19.182559172263247,13.799960625932426,-9.046487632455336e-06,8.470329472543003e-22,-1.4895443071719092,4.2967127206258695,-0.0348831700469211,-0.0013059563629523,0.0001331117226011,0.0005196159530401,1.0,False,,,,,,,,,,,,,,,,,,40.0,16.165876769689604,30.0,0.01,-0.0042038808177758,-0.0065677878696156,0.0062603153730196,-1.6207486391067505,3.586925745010376,-0.3935999572277069,0.0,0.0014118220466062194,9.046487632455336e-06
0.0471997805242532,-7.468174204284,-3.676918015967,-9.550745259298,-1.6263345821755526,3.583590031516356,-0.3575317037025636,5.383937053119941e-06,6.453083538813487e-06,-3.3944009544333047e-06,-0.0014106185298568,0.0008857311631088,6.073501731088636e-06,19.18315930914552,13.799960625932426,-9.063720162842691e-06,1.694065894508601e-21,-1.4895443071719092,4.2967127206258695,-0.0348831700469211,-0.0015078384143951,0.0001578671438698,0.0006898568680977,1.0,False,,,,,,,,,,,,,,,,,,40.0,16.19101524462951,30.0,0.01,-0.0040964872636786,-0.0065674946743082,0.0063314142023288,-1.6263591051101685,3.583578586578369,-0.3573827147483825,0.0,0.0016656533905650074,9.063720162842693e-06
0.0472998554604895,-7.468174204284,-3.676918015967,-9.550745259298,-1.6322449331709674,3.5817183683140974,-0.3241148342473848,5.388862801142761e-06,6.463264981455961e-06,-3.400364029547076e-06,-0.0015893455380831,0.0010324715982735,6.819180430115064e-05,19.183759758762932,13.799960625932426,-9.076128692536964e-06,4.235164736271503e-22,-1.4895443071719092,4.2967127206258695,-0.0348831700469211,-0.0016877288429699,0.000176752159188,0.0008467567476376,1.0,False,,,,,,,,,,,,,,,,,,40.0,16.21616681938857,30.0,0.01,-0.0039894075003499,-0.0065640328526396,0.0064029759101232,-1.6322646141052246,3.5817151069641118,-0.3240124881267547,0.0,0.0018964880602945911,9.076128692536964e-06
0.0473999386513041,-7.468174204284,-3.676918015967,-9.550745259298,-1.6386571001774664,3.5816330604169626,-0.2937721834244636,5.39099684507527e-06,6.470107910632665e-06,-3.4045720807397663e-06,-0.0017453667899365,0.0011595022185132,0.0001276446358206,19.184360257907823,13.799960625932426,-9.08384579414444e-06,0.0,-1.4895443071719092,4.2967127206258695,-0.0348831700469211,-0.0018428037146844,0.0001899519947461,0.0009874393591716,1.0,False,,,,,,,,,,,,,,,,,,40.0,16.241320468749457,30.0,0.01,-0.0038827570149524,-0.006557404058587,0.0064749247080768,-1.6386715173721311,3.581634998321533,-0.293710708618164,0.0,0.0020992960199085905,9.08384579414444e-06
0.0474999885822705,-7.468174204284,-3.676918015967,-9.550745259298,-1.6457308036027452,3.583580200345776,-0.2667309890242365,5.390425015956988e-06,6.473706984033568e-06,-3.407073732000365e-06,-0.0018763128191739,0.0012652809608777,0.0001830409054689,19.18496055749362,13.799960625932426,-9.087008054528552e-06,0.0,-1.4895443071719092,4.2967127206258695,-0.0348831700469211,-0.0019709637601177,0.0001978019356487,0.0011095791675167,1.0,False,,,,,,,,,,,,,,,,,,40.0,16.266465758998763,30.0,0.01,-0.0037766478080953,-0.0065476172751234,0.0065471856054424,-1.6457467079162598,3.5835866928100586,-0.2666769325733185,0.0,0.0022704602349371324,9.087008054528552e-06
0.0476000360529066,-7.468174204284,-3.676918015967,-9.550745259298,-1.6535229036394992,3.587784302898372,-0.243200295951611,5.387190813867109e-06,6.474109345567296e-06,-3.407893072271468e-06,-0.0019802306992949,0.0013489862642001,0.0002334742083178,19.18556084231744,13.799960625932426,-9.085683896956346e-06,4.235164736271503e-22,-1.4895443071719092,4.2967127206258695,-0.0348831700469211,-0.0020705144287295,0.0002008241695957,0.001211704346245,1.0,False,,,,,,,,,,,,,,,,,,40.0,16.29161043089961,30.0,0.01,-0.0036711145436765,-0.00653467826675,0.0066197354899777,-1.6535316705703735,3.587790012359619,-0.243177130818367,0.0,0.0024074027019549793,9.085683896956344e-06
0.0477000519877981,-7.468174204284,-3.676918015967,-9.550745259298,-1.66205750334715,3.5944416016115794,-0.2234172311941342,5.381212699931404e-06,6.471209337027696e-06,-3.406973398181301e-06,-0.0020553395671673,0.0014099588336508,0.0002780863672199,19.186160937926783,13.799960625932426,-9.079728417824648e-06,1.894023249242609e-21,-1.4895443071719092,4.2967127206258695,-0.0348831700469211,-0.0021399434021142,0.0001995811759612,0.0012924961379196,1.0,False,,,,,,,,,,,,,,,,,,40.0,16.316747177003368,30.0,0.01,-0.0035662548006656,-0.0065186015137395,0.0066925078260545,-1.6620670557022097,3.594449996948242,-0.2233981937170028,0.0,0.0025079347432871834,9.079728417824648e-06
0.047800150328017,-7.468174204284,-3.676918015967,-9.550745259298,-1.6714065264059328,3.603711969229788,-0.2075419750414991,5.372228173993472e-06,6.464689396874461e-06,-3.4041472517886424e-06,-0.002100478021083,0.0014476832847014,0.0003158876415193,19.186761527968105,13.799960625932426,-9.068696877907568e-06,4.235164736271503e-22,-1.4895443071719092,4.2967127206258695,-0.0348831700469211,-0.002178382128043,0.0001945722434303,0.0013506934360656,1.0,False,,,,,,,,,,,,,,,,,,40.0,16.341904633824814,30.0,0.01,-0.0034620164989278,-0.0064993774581555,0.0067655402162407,-1.6714065074920654,3.60371208190918,-0.2075419723987579,0.0,0.0025705213113143446,9.068696877907568e-06
0.0479002048019886,-7.468174204284,-3.676918015967,-9.550745259298,-1.6815605843809611,3.6156988572333617,-0.1956919786592049,5.359856643394866e-06,6.454078618690285e-06,-3.3991648377801277e-06,-0.0021149184368067,0.0014620172455671,0.0003460288660091,19.18736185481193,13.799960625932426,-9.051934359482508e-06,4.235164736271503e-22,-1.4895443071719092,4.2967127206258695,-0.0348831700469211,-0.0021854062128658,0.0001863606727973,0.0013854168257944,1.0,False,,,,,,,,,,,,,,,,,,40.0,16.367051065855854,30.0,0.01,-0.003358597979448,-0.0064770417152061,0.0068386950679151,-1.6815606355667114,3.61569881439209,-0.1956919729709625,0.0,0.002594245631545334,9.051934359482508e-06
0.048000239795263,-7.468174204284,-3.676918015967,-9.550745259298,-1.6925153671421087,3.6304762849289096,-0.187979575542191,5.343513091272064e-06,6.438665006390876e-06,-3.391650102773614e-06,-0.0020982731440666,0.0014529412595863,0.0003677324568195,19.187962064771572,13.799960625932426,-9.028445582754686e-06,1.7462031549538564e-21,-1.4895443071719092,4.2967127206258695,-0.0348831700469211,-0.0021609090829727,0.0001754430458884,0.0013959610752071,1.0,False,,,,,,,,,,,,,,,,,,40.0,16.392192601853683,30.0,0.01,-0.0032560392297557,-0.0064516069852466,0.0069119444328067,-1.6925032138824463,3.630459070205689,-0.1879855692386627,0.0,0.002578568527442671,9.028445582754688e-06
0.0481002772568017,-7.468174204284,-3.676918015967,-9.550745259298,-1.7041654997545652,3.6481071655164414,-0.1844701301872083,5.322478857221334e-06,6.417573430876808e-06,-3.3811407643917788e-06,-0.0020504158662923,0.0014208876904643,0.0003806139007725,19.18856228954081,13.799960625932426,-8.997007435525208e-06,1.694065894508601e-21,-1.4895443071719092,4.2967127206258695,-0.0348831700469211,-0.0021050092651956,0.0001623915332526,0.0013822297126333,1.0,False,,,,,,,,,,,,,,,,,,40.0,16.417334758193974,30.0,0.01,-0.0031543829205749,-0.0064230856590391,0.0069852586929211,-1.7041527032852173,3.6480870246887207,-0.1844716966152191,0.0,0.002523488457496375,8.997007435525207e-06
0.048200300744329,-7.468174204284,-3.676918015967,-9.550745259298,-1.7164852923758596,3.668370512578698,-0.1851968681018546,5.2960179747612285e-06,6.389903928858546e-06,-3.367160896085078e-06,-0.0019733539708863,0.0013670002905204,0.0003840905184934,19.189162430465974,13.799960625932426,-8.956363721352563e-06,1.894023249242609e-21,-1.4895443071719092,4.2967127206258695,-0.0348831700469211,-0.0020200145203329,0.0001476135269019,0.001344653412375,1.0,False,,,,,,,,,,,,,,,,,,40.0,16.442473402482154,30.0,0.01,-0.0030537104068716,-0.0063915021217593,0.0070585801248204,-1.716471791267395,3.668347358703613,-0.1851937919855117,0.0,0.0024311193337827153,8.956363721352565e-06
0.0483003434909183,-7.468174204284,-3.676918015967,-9.550745259298,-1.729306552767535,3.691414978872242,-0.1902443972485396,5.263041395885441e-06,6.354329974554048e-06,-3.349009716192347e-06,-0.0018662849362337,0.0012912728825662,0.0003779288426849,19.18976268694551,13.799960625932426,-8.904660590919261e-06,1.7462031549538564e-21,-1.4895443071719092,4.2967127206258695,-0.0348831700469211,-0.0019052671492445,0.0001315226679302,0.0012829240852159,1.0,False,,,,,,,,,,,,,,,,,,40.0,16.467616887100554,30.0,0.01,-0.0029540525279503,-0.0063568667846685,0.0071318874320959,-1.7292789220809937,3.691362857818604,-0.1902290135622024,0.0,0.002300703225232841,8.904660590919261e-06
0.0484003524669172,-7.468174204284,-3.676918015967,-9.550745259298,-1.7423045828469266,3.717204028753844,-0.1996199409014724,5.222603955539428e-06,6.309691716823373e-06,-3.3260732949582896e-06,-0.0017300371563374,0.0011951421867277,0.0003625494227043,19.1903627408015,13.799960625932426,-8.840280832711158e-06,1.694065894508601e-21,-1.4895443071719092,4.2967127206258695,-0.0348831700469211,-0.0017617489718295,0.0001147469783319,0.0011982942810216,1.0,False,,,,,,,,,,,,,,,,,,40.0,16.492751884243834,30.0,0.01,-0.0028555254144852,-0.0063192217703438,0.0072050961703811,-1.742276906967163,3.717146396636963,-0.1995954066514969,0.0,0.0021337374469947066,8.840280832711156e-06
0.0485003735451713,-7.468174204284,-3.676918015967,-9.550745259298,-1.7554884212495698,3.745362279326607,-0.213100604453095,5.1738755691650456e-06,6.254969542939115e-06,-3.297811797134322e-06,-0.0015685408960702,0.0010802121834355,0.0003374365424631,19.190962867271026,13.799960625932426,-8.761803184140648e-06,0.0,-1.4895443071719092,4.2967127206258695,-0.0348831700469211,-0.0015936155586891,9.728687842768024e-05,0.0010917724297978,1.0,False,,,,,,,,,,,,,,,,,,40.0,16.517889923015613,30.0,0.01,-0.0027581463570888,-0.0062785758427261,0.0072781944230704,-1.755459547042847,3.74530029296875,-0.2130679488182068,0.0,0.0019341774282822782,8.761803184140648e-06
0.0486003804901813,-7.468174204284,-3.676918015967,-9.550745259298,-1.7688072787302676,3.775503763929805,-0.2304466282346577,5.116200490219229e-06,6.189349023293598e-06,-3.263792780154653e-06,-0.00138582095789,0.0009482907190807,0.0003024712314139,19.191562908941087,13.799960625932426,-8.6680962212042e-06,4.235164736271503e-22,-1.4895443071719092,4.2967127206258695,-0.0348831700469211,-0.0014050316576312,7.90836667957632e-05,0.0009648189860046,1.0,False,,,,,,,,,,,,,,,,,,40.0,16.54302440971573,30.0,0.01,-0.0026620029556384,-0.0062349667285974,0.0073511176128161,-1.7687792778015137,3.775437116622925,-0.2304052263498306,0.0,0.0017062367541038346,8.6680962212042e-06
0.0487004258141554,-7.468174204284,-3.676918015967,-9.550745259298,-1.781697312322804,3.807697666724144,-0.2517894385342892,5.0487697017415e-06,6.111831284526899e-06,-3.223486677142058e-06,-0.0011818637461888,0.0008010518354359,0.000259064538754,19.192163180884933,13.799960625932426,-8.557769774272795e-06,4.235164736271503e-22,-1.4895443071719092,4.2967127206258695,-0.0348831700469211,-0.0011959504884763,6.081756948142267e-05,0.000819514517996,1.0,False,,,,,,,,,,,,,,,,,,40.0,16.568168542101574,30.0,0.01,-0.0025671065311971,-0.0061883993559467,0.0074238586643875,-1.781670331954956,3.807626962661743,-0.2517397701740265,0.0,0.0014510687071432804,8.557769774272793e-06
0.048800453124684,-7.468174204284,-3.676918015967,-9.550745259298,-1.7938800503019183,3.841592706974058,-0.276917772579084,4.971322147285172e-06,6.022074120419538e-06,-3.1767093208645038e-06,-0.0009604918438125,0.0006410160147746,0.0002080093617102,19.1927633447481,13.799960625932426,-8.430356025292302e-06,0.0,-1.4895443071719092,4.2967127206258695,-0.0348831700469211,-0.0009702369982331,4.265021762636146e-05,0.00065843384936,1.0,False,,,,,,,,,,,,,,,,,,40.0,16.59330814721478,30.0,0.01,-0.0024735715112836,-0.0061389298763593,0.0074963313661889,-1.7938424348831177,3.841481685638428,-0.2768313884735107,0.0,0.0011733345677115844,8.430356025292302e-06
0.0489004762951206,-7.468174204284,-3.676918015967,-9.550745259298,-1.805155261260157,3.8768026401771705,-0.3056183287490812,4.883833158753696e-06,5.92002387842161e-06,-3.123429068662244e-06,-0.000725786373097,0.0004705474863718,0.000150043925067,19.19336348377072,13.799960625932426,-8.285790136769604e-06,1.7462031549538564e-21,-1.4895443071719092,4.2967127206258695,-0.0348831700469211,-0.0007319701352474,2.454455010569147e-05,0.0004840570853934,1.0,False,,,,,,,,,,,,,,,,,,40.0,16.61844671180937,30.0,0.01,-0.0023814441652499,-0.0060865850701079,0.007568500899923,-1.805120587348938,3.876688480377197,-0.3055210411548614,0.0,0.0008778917790671175,8.285790136769602e-06
0.0490004866387583,-7.468174204284,-3.676918015967,-9.550745259298,-1.815336870974798,3.9129038310886575,-0.3375751262436811,4.786688981462919e-06,5.806124306729441e-06,-3.063876610945221e-06,-0.0004822949018169,0.0002922781292396,8.612351660167844e-05,19.19396354583255,13.799960625932426,-8.124703733524696e-06,1.694065894508601e-21,-1.4895443071719092,4.2967127206258695,-0.0348831700469211,-0.0004856514259129,6.395377859460631e-06,0.0002992556246974,1.0,False,,,,,,,,,,,,,,,,,,40.0,16.643582052677775,30.0,0.01,-0.002290790916929,-0.0060314047338061,0.0076403163489437,-1.815306305885315,3.912786960601807,-0.3374679684638977,0.0,0.0005704841253376059,8.124703733524695e-06
0.0491005691461688,-7.468174204284,-3.676918015967,-9.550745259298,-1.8241132542759295,3.949593747197217,-0.3723693912919646,4.680599934955802e-06,5.68121727627226e-06,-2.9984934322753696e-06,-0.0002340929928889,0.0001091303472651,1.7700014317535096e-05,19.19456404087701,13.799960625932426,-7.948283358985207e-06,0.0,-1.4895443071719092,4.2967127206258695,-0.0348831700469211,-0.0002352645351786,-1.1720502939132293e-05,0.0001074033557146,1.0,False,,,,,,,,,,,,,,,,,,40.0,16.668735530280465,30.0,0.01,-0.0022015939513537,-0.0059733758389284,0.0077117939002717,-1.824079155921936,3.9494361877441406,-0.3722152411937713,0.0,0.00025888656303625504,7.948283358985207e-06
0.0492005996960331,-7.468174204284,-3.676918015967,-9.550745259298,-1.8312427048451745,3.986473995807113,-0.409641677461079,4.566681478340785e-06,5.546630981223348e-06,-2.927976932978453e-06,1.4670196905905108e-05,-7.604088470181778e-05,-5.378357174381989e-05,19.1951642241762,13.799960625932426,-7.758398280994691e-06,8.731015774769282e-22,-1.4895443071719092,4.2967127206258695,-0.0348831700469211,1.515391775318582e-05,-2.9804246310787465e-05,-8.815990637240597e-05,1.0,False,,,,,,,,,,,,,,,,,,40.0,16.693875949527527,30.0,0.01,-0.0021140212838851,-0.0059126076926375,0.0077828005424939,-1.8312159776687624,3.986316680908203,-0.4094778299331665,0.0,9.428734492505235e-05,7.758398280994691e-06
0.0493006276753754,-7.468174204284,-3.676918015967,-9.550745259298,-1.836547327099045,4.023179576816693,-0.4489936539551967,4.446262567439351e-06,5.40396333822677e-06,-2.853168354807144e-06,0.0002600100481258,-0.0002605290065242,-0.0001268941280644,19.19576439205225,13.799960625932426,-7.557290535660535e-06,0.0,-1.4895443071719092,4.2967127206258695,-0.0348831700469211,0.0002617516004368,-4.79070424483911e-05,-0.0002842071833306,1.0,False,,,,,,,,,,,,,,,,,,40.0,16.719015722731957,30.0,0.01,-0.0020280843049715,-0.0058491125238004,0.0078533277491677,-1.836528778076172,4.02302360534668,-0.4488219916820526,0.0,0.0003893362404196298,7.557290535660535e-06
0.0494006920036666,-7.468174204284,-3.676918015967,-9.550745259298,-1.8398516577110529,4.059353657190637,-0.4897515576737655,4.32119110704356e-06,5.255447130555424e-06,-2.775244714178943e-06,0.0004974068476841,-0.0004411592472808,-0.0001999556458178,19.196364778022,13.799960625932426,-7.348088210496234e-06,2.1175823681357513e-22,-1.4895443071719092,4.2967127206258695,-0.0348831700469211,0.000500148745717,-6.602707921954983e-05,-0.0004769790046179,1.0,False,,,,,,,,,,,,,,,,,,40.0,16.744164631423626,30.0,0.01,-0.0019438053086578,-0.0057829059914946,0.0079233590866228,-1.8398395776748655,4.059162139892578,-0.4895310401916504,0.0,0.0006942746674615235,7.3480882104962345e-06
0.0495007305635196,-7.468174204284,-3.676918015967,-9.550745259298,-1.8410362128893123,4.094676513643852,-0.5311645321536999,4.193548741044837e-06,5.10360197273908e-06,-2.695534852423788e-06,0.0007227366371991,-0.0006150235778875,-0.0002713772490164,19.19696500938112,13.799960625932426,-7.134319328450073e-06,0.0,-1.4895443071719092,4.2967127206258695,-0.0348831700469211,0.0007263662041884,-8.418247258187428e-05,-0.0006629881658929,1.0,False,,,,,,,,,,,,,,,,,,40.0,16.769307063800422,30.0,0.01,-0.0018612906993659,-0.0057140722406907,0.0079928077269893,-1.8410357236862185,4.094491004943848,-0.5309435725212097,0.0,0.000987039948224546,7.134319328450073e-06
0.0496007657718992,-7.468174204284,-3.676918015967,-9.550745259298,-1.840043123418477,4.1288733073225545,-0.5723987154446013,4.0655807031088095e-06,4.951156459089552e-06,-2.615479369501495e-06,0.000932100059924,-0.0007793365938941,-0.0003396135560273,19.197565220631397,13.799960625932426,-6.919799785265672e-06,9.47011624621305e-22,-1.4895443071719092,4.2967127206258695,-0.0348831700469211,0.0009366458418873,-0.000102381068395,-0.0008388838414464,1.0,False,,,,,,,,,,,,,,,,,,40.0,16.794448653860066,30.0,0.01,-0.0017805739256602,-0.0056426421713101,0.0080616465949464,-1.8400564193725584,4.128658294677734,-0.5721368193626404,0.0,0.0012615519869312915,6.919799785265673e-06
0.049700819392942,-7.468174204284,-3.676918015967,-9.550745259298,-1.836911098468108,4.16167507802434,-0.6126304037170022,3.939606355215252e-06,4.800936678890435e-06,-2.536571376886216e-06,0.00112197812463,-0.000931570146787,-0.0004032457373011,19.19816554235765,13.799960625932426,-6.708478633699771e-06,9.47011624621305e-22,-1.4895443071719092,4.2967127206258695,-0.0348831700469211,0.0011276003024268,-0.0001206297219446,-0.0010016141988486,1.0,False,,,,,,,,,,,,,,,,,,40.0,16.819594871526718,30.0,0.01,-0.001701689398119,-0.0055686465116846,0.0081298480441046,-1.8369379043579104,4.161469459533691,-0.6123772263526917,0.0,0.0015130317165163829,6.708478633699772e-06
0.0498008198707178,-7.468174204284,-3.676918015967,-9.550745259298,-1.831724097673742,4.192854207634458,-0.6509481815525807,3.81804016922599e-06,4.655889253873724e-06,-2.460368315801976e-06,0.0012892164312866,-0.0010693140155666,-0.0004609100976664,19.198765545224305,13.799960625932426,-6.504471364189583e-06,1.7462031549538564e-21,-1.4895443071719092,4.2967127206258695,-0.0348831700469211,0.0012961865812575,-0.0001388627564456,-0.001148288757307,1.0,False,,,,,,,,,,,,,,,,,,40.0,16.844727732833608,30.0,0.01,-0.0016247429172664,-0.0054921879714219,0.0081973216198561,-1.831763744354248,4.192659378051758,-0.6507100462913513,0.0,0.0017372246799759014,6.504471364189584e-06
0.0499008584024529,-7.468174204284,-3.676918015967,-9.550745259298,-1.8246556605969853,4.222354143260168,-0.6866898117792617,3.702497533597814e-06,4.5180890534500015e-06,-2.3879812910651778e-06,0.0014323552253721,-0.0011915045340688,-0.0005118888102855,19.19936577641472,13.799960625932426,-6.310631610835791e-06,0.0,-1.4895443071719092,4.2967127206258695,-0.0348831700469211,0.0014410376212785,-0.0001571313794746,-0.0012775269093437,1.0,False,,,,,,,,,,,,,,,,,,40.0,16.86987015814359,30.0,0.01,-0.0015496212148164,-0.0054132486784343,0.0082641038737433,-1.824715256690979,4.222139835357666,-0.6864345669746399,0.0,0.0019321890954181406,6.310631610835791e-06
0.050000923807502,-7.468174204284,-3.676918015967,-9.550745259298,-1.8158904048941933,4.250026903540201,-0.7189160812985745,3.5952083132397365e-06,4.390254144481575e-06,-2.320846486096766e-06,0.0015488858492581,-0.0012960981482571,-0.0005550779742746,19.199966168845013,13.799960625932426,-6.130757105020021e-06,8.731015774769282e-22,-1.4895443071719092,4.2967127206258695,-0.0348831700469211,0.0015597076376569,-0.000175291495742,-0.0013869442375336,1.0,False,,,,,,,,,,,,,,,,,,40.0,16.89501933745406,30.0,0.01,-0.0014763950693891,-0.005331884581806,0.0083301419198824,-1.8159617185592647,4.249826908111572,-0.718690037727356,0.0,0.002094523655028098,6.130757105020021e-06
0.0501009343237052,-7.468174204284,-3.676918015967,-9.550745259298,-1.8056120192506964,4.275761038479339,-0.7470348207243838,3.4979154173554704e-06,4.2744517722744966e-06,-2.260048205071914e-06,0.0016378080484022,-0.0013817465521005,-0.0005896342433191,19.20056623194223,13.799960625932426,-5.96776072825666e-06,4.235164736271503e-22,-1.4895443071719092,4.2967127206258695,-0.0348831700469211,0.0016512173472629,-0.0001930488744894,-0.0014749646377807,1.0,False,,,,,,,,,,,,,,,,,,40.0,16.920154721692917,30.0,0.01,-0.0014052504783371,-0.0052482148108562,0.0083953268186677,-1.805693745613098,4.275576114654541,-0.7468422055244446,0.0,0.0022224552365676864,5.967760728256659e-06
0.0502009463522496,-7.468174204284,-3.676918015967,-9.550745259298,-1.7940798889205634,4.299543786190906,-0.7701977877718938,3.412199788598244e-06,4.172642521554321e-06,-2.206627070128171e-06,0.001697662078679,-0.0014472685380892,-0.0006150083830142,19.201166304113496,13.799960625932426,-5.824367436607648e-06,0.0,-1.4895443071719092,4.2967127206258695,-0.0348831700469211,0.0017141154326262,-0.0002102825601797,-0.0015402816607434,1.0,False,,,,,,,,,,,,,,,,,,40.0,16.94529048602457,30.0,0.01,-0.0013361911341453,-0.0051622488745766,0.0084596560101438,-1.7941700220108032,4.299373149871826,-0.7700446844100952,0.0,0.0023140609468865108,5.824367436607648e-06
0.0503009792818882,-7.468174204284,-3.676918015967,-9.550745259298,-1.7816228412120954,4.321342676230652,-0.7878947524894752,3.339108415597074e-06,4.086137829356406e-06,-2.1612809427395488e-06,0.0017279309953779,-0.0014921786707586,-0.0006310119129727,19.201766501691328,13.799960625932426,-5.702394469436312e-06,8.731015774769282e-22,-1.4895443071719092,4.2967127206258695,-0.0348831700469211,0.0017478690371269,-0.0002268934693366,-0.0015824006847804,1.0,False,,,,,,,,,,,,,,,,,,40.0,16.970431503374126,30.0,0.01,-0.0012692484725163,-0.0050740256413943,0.0085231022583029,-1.7817330360412598,4.321164608001709,-0.7877680063247681,0.0,0.0023686533609981915,5.702394469436312e-06
0.0504010327061389,-7.468174204284,-3.676918015967,-9.550745259298,-1.7683329462584207,4.3411829835327325,-0.7997275364560622,3.279565004147423e-06,4.01610123530345e-06,-2.124629869644314e-06,0.0017287449057607,-0.0015154744419772,-0.0006371469419295,19.202366822236836,13.799960625932426,-5.603451421366942e-06,8.731015774769282e-22,-1.4895443071719092,4.2967127206258695,-0.0348831700469211,0.0017525049694253,-0.0002422653709176,-0.0016003786368492,1.0,False,,,,,,,,,,,,,,,,,,40.0,16.99557767158155,30.0,0.01,-0.0012044668696916,-0.0049836018614817,0.0085856258971638,-1.7684494256973269,4.341021537780762,-0.7996523976325989,0.0,0.002385618988667258,5.603451421366942e-06
0.0505010890088704,-7.468174204284,-3.676918015967,-9.550745259298,-1.754515778689295,4.359043131124358,-0.805310506118801,3.234188068806181e-06,3.963325071811685e-06,-2.0970978695758338e-06,0.0016998804076178,-0.001516876006036,-0.000633504529393,19.20296716005322,13.799960625932426,-5.528628904515012e-06,0.0,-1.4895443071719092,4.2967127206258695,-0.0348831700469211,0.0017277193970676,-0.0002562192579626,-0.0015941052611097,1.0,False,,,,,,,,,,,,,,,,,,40.0,17.020724563230072,30.0,0.01,-0.0011418998930831,-0.0048910518976238,0.0086471773411285,-1.7546504735946655,4.358880996704102,-0.8052873611450195,0.0,0.002364705945070556,5.528628904515012e-06
0.0506011307595874,-7.468174204284,-3.676918015967,-9.550745259298,-1.7403517259746109,4.374952244855716,-0.8044896400574247,3.203152231105793e-06,3.9280595649820136e-06,-2.0788223772869304e-06,0.0016419316730309,-0.0014963759385629,-0.000620299423548,19.20356741055752,13.799960625932426,-5.478260548567729e-06,8.731015774769282e-22,-1.4895443071719092,4.2967127206258695,-0.0348831700469211,0.0016739826724903,-0.0002684197994128,-0.0015638365537202,1.0,False,,,,,,,,,,,,,,,,,,40.0,17.045867797558444,30.0,0.01,-0.0010815980251204,-0.0047964528105377,0.008707708432667,-1.7404892444610596,4.374808311462402,-0.804527997970581,0.0,0.002306480423343331,5.478260548567729e-06
0.0507011702819168,-7.468174204284,-3.676918015967,-9.550745259298,-1.7259399215413085,4.388943693222917,-0.7973046476006863,3.1863096972639272e-06,3.9101607883148725e-06,-2.0697324031782257e-06,0.0015559217542657,-0.0014541106305129,-0.0005978518699664,19.2041676476915,13.799960625932426,-5.452129776346051e-06,2.1175823681357513e-22,-1.4895443071719092,4.2967127206258695,-0.0348831700469211,0.0015921583442921,-0.0002784314536058,-0.0015100545758131,1.0,False,,,,,,,,,,,,,,,,,,40.0,17.071010471831947,30.0,0.01,-0.0010235917869575,-0.0046998553532982,0.0087671899438615,-1.7260792255401611,4.388818264007568,-0.7974035739898682,0.0,0.0022119577504080405,5.452129776346051e-06
0.0508012244330884,-7.468174204284,-3.676918015967,-9.550745259298,-1.7114160449379057,4.401032821597768,-0.7839485608950024,3.1831703636855834e-06,3.909064121794232e-06,-2.069534189590421e-06,0.0014430517288528,-0.001390704957084,-0.0005667964959779,19.20476797259853,13.799960625932426,-5.44943369850747e-06,8.731015774769282e-22,-1.4895443071719092,4.2967127206258695,-0.0348831700469211,0.0014832937837818,-0.0002859923104734,-0.0014337938439679,1.0,False,,,,,,,,,,,,,,,,,,40.0,17.096156822734486,30.0,0.01,-0.0009679088823073,-0.0046013060669694,0.008825595440174,-1.711571455001831,4.400913715362549,-0.784122884273529,0.0,0.0020827186170138037,5.449433698507469e-06
0.050901280466933,-7.468174204284,-3.676918015967,-9.550745259298,-1.6968488721529695,4.411245164414976,-0.7647612968358528,3.192978502785187e-06,3.923876080026745e-06,-2.0777595013138e-06,0.0013049146355808,-0.0013070120439443,-0.0005278963842006,19.2053683088016,13.799960625932426,-5.468912118141428e-06,2.1175823681357513e-22,-1.4895443071719092,4.2967127206258695,-0.0348831700469211,0.0013488097746764,-0.0002908110156734,-0.0013363751069669,1.0,False,,,,,,,,,,,,,,,,,,40.0,17.12130364680437,30.0,0.01,-0.0009145925410585,-0.004500881475799,0.0088828816509423,-1.6970044374465942,4.41114616394043,-0.7649958729743958,0.0,0.0019208740931202378,5.468912118141429e-06
0.0510013376215163,-7.468174204284,-3.676918015967,-9.550745259298,-1.6821729539296069,4.419632377172969,-0.740391988002927,3.2145698867297747e-06,3.953198595864254e-06,-2.0936725621111385e-06,0.0011440447764853,-0.0012041719559484,-0.000482004314022,19.205968651729098,13.799960625932426,-5.508602680567006e-06,0.0,-1.4895443071719092,4.2967127206258695,-0.0348831700469211,0.0011910287395668,-0.0002924195548498,-0.0012194826994669,1.0,False,,,,,,,,,,,,,,,,,,40.0,17.146450752546603,30.0,0.01,-0.0008636773162807,-0.0043986479233379,0.0089390132531424,-1.682345628738403,4.419544219970703,-0.7407068610191345,0.0,0.0017295076492550457,5.508602680567006e-06
0.0511014211540994,-7.468174204284,-3.676918015967,-9.550745259298,-1.667397969391134,4.42623940211166,-0.7114248449940378,3.246731184677165e-06,3.995569931207659e-06,-2.116503419913189e-06,0.0009625729777038,-0.001083598000514,-0.0004301766218733,19.206569152924597,13.799960625932426,-5.566455711422682e-06,8.731015774769282e-22,-1.4895443071719092,4.2967127206258695,-0.0348831700469211,0.001011908260985,-0.0002906282809756,-0.0010850622856672,1.0,False,,,,,,,,,,,,,,,,,,40.0,17.171604487803293,30.0,0.01,-0.0008151838580751,-0.004294645719975,0.0089939698363644,-1.6675883531570437,4.426165580749512,-0.7118217349052429,0.0,0.0015118807129300325,5.566455711422681e-06
0.0512014672745437,-7.468174204284,-3.676918015967,-9.550745259298,-1.652474398545548,4.4312013049342704,-0.678668103546282,3.2877356136702023e-06,4.048889362663389e-06,-2.14514266085617e-06,0.0007637313450376,-0.0009476074665074,-0.0003738078019687,19.207169429647266,13.799960625932426,-5.639534339988472e-06,0.0,-1.4895443071719092,4.2967127206258695,-0.0348831700469211,0.0008145287630617,-0.0002853845410106,-0.0009359894810753,1.0,False,,,,,,,,,,,,,,,,,,40.0,17.196748820363915,30.0,0.01,-0.0007691736034665,-0.0041890093956116,0.0090476832532537,-1.652667760848999,4.431147575378418,-0.679108738899231,0.0,0.00127317624498189,5.639534339988472e-06
0.0513015206648545,-7.468174204284,-3.676918015967,-9.550745259298,-1.637173387785496,4.434658383682008,-0.6429314466495415,3.3360756151762704e-06,4.111323424785171e-06,-2.178622091102104e-06,0.0005507358965234,-0.0007977136434785,-0.0003138887218523,19.20776974998913,13.799960625932426,-5.725275105110592e-06,9.47011624621305e-22,-1.4895443071719092,4.2967127206258695,-0.0348831700469211,0.0006018837590455,-0.00027618996859,-0.0007743631294585,1.0,False,,,,,,,,,,,,,,,,,,40.0,17.22189498004131,30.0,0.01,-0.0007256542320984,-0.0040817615541273,0.0091001455235993,-1.6373891830444336,4.434619903564453,-0.6434440612792969,0.0,0.001018912760945336,5.725275105110592e-06
0.0514015574383758,-7.468174204284,-3.676918015967,-9.550745259298,-1.62137271414593,4.436771966837078,-0.6052142371838299,3.3898865355332194e-06,4.180591109252329e-06,-2.215735329274878e-06,0.0003274294247794,-0.000636374612181,-0.0002517820361114,19.20836997063025,13.799960625932426,-5.820494463183165e-06,0.0,-1.4895443071719092,4.2967127206258695,-0.0348831700469211,0.0003776563557731,-0.0002628831404525,-0.0006031956567801,1.0,False,,,,,,,,,,,,,,,,,,40.0,17.247036963463966,30.0,0.01,-0.0006846635108491,-0.0039729980590192,0.0091513125998372,-1.621596097946167,4.436750888824463,-0.6057468056678772,0.0,0.0007586678251700735,5.820494463183165e-06
0.0515016059907165,-7.468174204284,-3.676918015967,-9.550745259298,-1.604990339689495,4.4377805129648,-0.5664221657277074,3.447220201582433e-06,4.254303392673604e-06,-2.2552180533115995e-06,9.76085170188714e-05,-0.0004665496185234,-0.0001890078106692,19.208970261944295,13.799960625932426,-5.921860598080194e-06,2.1175823681357513e-22,-1.4895443071719092,4.2967127206258695,-0.0348831700469211,0.0001455630626329,-0.0002456460697694,-0.0004258982564377,1.0,False,,,,,,,,,,,,,,,,,,40.0,17.27218190722684,30.0,0.01,-0.0006462157274198,-0.0038627591785929,0.0092011682281018,-1.605241060256958,4.437772274017334,-0.5670050978660583,0.0,0.0005127571760910983,5.921860598080195e-06
0.0516016542638755,-7.468174204284,-3.676918015967,-9.550745259298,-1.5877475351491517,4.437961881572758,-0.5274943187428309,3.5063052175858643e-06,4.3302816222149536e-06,-2.2959163839745797e-06,-0.0001344420912932,-0.0002905641102483,-0.0001267070491557,19.20957055158325,13.799960625932426,-6.026337797432644e-06,9.47011624621305e-22,-1.4895443071719092,4.2967127206258695,-0.0348831700469211,-9.027174468837924e-05,-0.0002241444924755,-0.0002452898550394,1.0,False,,,,,,,,,,,,,,,,,,40.0,17.297326780823695,30.0,0.01,-0.0006103404207526,-0.0037511299214996,0.0092496761501592,-1.5880120992660522,4.437963962554932,-0.528071939945221,0.0,0.0003443208596373742,6.026337797432644e-06
0.0517016990049446,-7.468174204284,-3.676918015967,-9.550745259298,-1.569477913721639,4.43763453698353,-0.4893112275708419,3.565300976851196e-06,4.4062556869827175e-06,-2.336627126319292e-06,-0.0003645182764275,-0.0001113606484813,-6.620556578018503e-05,19.210170820029667,13.799960625932426,-6.130765577157129e-06,2.1175823681357513e-22,-1.4895443071719092,4.2967127206258695,-0.0348831700469211,-0.000325701264072,-0.0001984803948081,-6.4669655007576e-05,1.0,False,,,,,,,,,,,,,,,,,,40.0,17.322470766709532,30.0,0.01,-0.0005770614182329,-0.0036381868649353,0.0092968057124691,-1.5697587728500366,4.437641143798828,-0.4898707568645477,0.0,0.0003868564912472394,6.130765577157129e-06
0.0518017571040651,-7.468174204284,-3.676918015967,-9.550745259298,-1.5500325838594684,4.437174115615066,-0.4527526166166041,3.622298432023819e-06,4.479865035053543e-06,-2.37609831798253e-06,-0.0005882269633859,6.770130779695959e-05,-8.865439625558536e-06,19.21077116862439,13.799960625932426,-6.231860065795517e-06,2.1175823681357513e-22,-1.4895443071719092,4.2967127206258695,-0.0348831700469211,-0.0005563129110886,-0.0001689978244767,0.0001123775058881,1.0,False,,,,,,,,,,,,,,,,,,40.0,17.347618109839857,30.0,0.01,-0.0005463946236744,-0.0035239844796729,0.0093425363955536,-1.5503543615341189,4.437180519104004,-0.4533219039440155,0.0,0.0005921765138464797,6.231860065795517e-06
0.0519018441608862,-7.468174204284,-3.676918015967,-9.550745259298,-1.5292512481051987,4.436956792122397,-0.4185313007220806,3.6756805436752263e-06,4.549103818479944e-06,-2.41326524400885e-06,-0.0008016374073589,0.0002436021453021,4.418983595066463e-05,19.211371690965315,13.799960625932426,-6.326833500923073e-06,2.1175823681357513e-22,-1.4895443071719092,4.2967127206258695,-0.0348831700469211,-0.0007781241815574,-0.0001360599260417,0.0002827149346522,1.0,False,,,,,,,,,,,,,,,,,,40.0,17.372772730834136,30.0,0.01,-0.0005183563808045,-0.0034085787521675,0.0093868470506742,-1.5296176671981812,4.436956405639648,-0.4190913140773773,0.0,0.0008389977828780187,6.326833500923074e-06
0.0520018721044067,-7.468174204284,-3.676918015967,-9.550745259298,-1.5070149555296828,4.437383366728911,-0.3873761920747869,3.7237881230113935e-06,4.611904952033563e-06,-2.4470294556925607e-06,-0.0010006205630863,0.0004128934766398,9.183904852104188e-05,19.21197185862644,13.799960625932426,-6.41281673125776e-06,9.47011624621305e-22,-1.4895443071719092,4.2967127206258695,-0.0348831700469211,-0.000986862783313,-0.0001002957189287,0.0004429441960702,1.0,False,,,,,,,,,,,,,,,,,,40.0,17.397912495035545,30.0,0.01,-0.0004929879190452,-0.0032921470357586,0.0094296728896935,-1.507407546043396,4.437368392944336,-0.3878788352012634,0.0,0.0010863502865816788,6.4128167312577585e-06
0.0521019375024105,-7.468174204284,-3.676918015967,-9.550745259298,-1.483157034061629,4.438849487195015,-0.3598817880969845,3.765210902158475e-06,4.666509964575724e-06,-2.4764562966018624e-06,-0.0011817249262914,0.0005725702892985,0.0001332453394127,19.21257225101446,13.799960625932426,-6.487369588376831e-06,8.731015774769282e-22,-1.4895443071719092,4.2967127206258695,-0.0348831700469211,-0.0011788940482572,-6.237529450871146e-05,0.0005902397849177,1.0,False,,,,,,,,,,,,,,,,,,40.0,17.423061672575347,30.0,0.01,-0.0004702799272777,-0.0031746532817674,0.0094710302148479,-1.4836046695709229,4.438811302185059,-0.3603441417217254,0.0,0.001319873046198379,6.4873695883768315e-06
0.0522020187021874,-7.468174204284,-3.676918015967,-9.550745259298,-1.4575215585399586,4.441735448738894,-0.3365924667073038,3.798639108045309e-06,4.7112762497728776e-06,-2.500671405242662e-06,-0.0013416419005807,0.0007195989469929,0.0001677192199903,19.213172738213125,13.799960625932426,-6.548216585593635e-06,8.731015774769282e-22,-1.4895443071719092,4.2967127206258695,-0.0348831700469211,-0.0013506586620119,-2.311537946150784e-05,0.0007219018137018,1.0,False,,,,,,,,,,,,,,,,,,40.0,17.44821482153386,30.0,0.01,-0.0004502537745496,-0.0030561987872054,0.0095108843180635,-1.458002686500549,4.441668510437012,-0.3369743525981903,0.0,0.0015316511909247608,6.548216585593635e-06
0.0523020635846182,-7.468174204284,-3.676918015967,-9.550745259298,-1.42997773714004,4.446382923785966,-0.3179481164980268,3.8229267420637605e-06,4.744758765285439e-06,-2.5189045211544924e-06,-0.0014776056204119,0.000851062993347,0.0001947603731365,19.213773007507708,13.799960625932426,-6.593359128898697e-06,2.1175823681357513e-22,-1.4895443071719092,4.2967127206258695,-0.0348831700469211,-0.0014990604951869,1.6462941314379565e-05,0.0008355266569027,1.0,False,,,,,,,,,,,,,,,,,,40.0,17.473358842947775,30.0,0.01,-0.0004329316486204,-0.0029369227893934,0.0095491913121878,-1.430524468421936,4.446275234222412,-0.3182596564292907,0.0,0.0017162628560514442,6.593359128898697e-06
0.0524020985329805,-7.468174204284,-3.676918015967,-9.550745259298,-1.4003988415691018,4.4530582387540205,-0.3042868468409824,3.837173662947621e-06,4.765816359437445e-06,-2.5305465422357142e-06,-0.0015876840167318,0.0009645145489961,0.0002141425425699,19.21437321719788,13.799960625932426,-6.621221420094754e-06,8.470329472543003e-22,-1.4895443071719092,4.2967127206258695,-0.0348831700469211,-0.0016217932131473,5.526206504923046e-05,0.0009293109052976,1.0,False,,,,,,,,,,,,,,,,,,40.0,17.49850036765796,30.0,0.01,-0.000418317949151,-0.0028168722151519,0.0095859397565874,-1.4009861946105957,4.45290994644165,-0.3045001626014709,0.0,0.001869996224795407,6.621221420094753e-06
0.0525021845029199,-7.468174204284,-3.676918015967,-9.550745259298,-1.3685946035579275,4.461982739753692,-0.2958874678199816,3.840607556809586e-06,4.7734647328072e-06,-2.535071389672879e-06,-0.0016703741102869,0.0010579007980767,0.0002258873050376,19.21497373301752,13.799960625932426,-6.630446358392095e-06,8.470329472543003e-22,-1.4895443071719092,4.2967127206258695,-0.0348831700469211,-0.0017169611966264,9.221776968086469e-05,0.001001932619341,1.0,False,,,,,,,,,,,,,,,,,,40.0,17.52365471548907,30.0,0.01,-0.0004064145345925,-0.0026960517722742,0.0096211294590234,-1.3692618608474731,4.46177864074707,-0.2960038185119629,0.0,0.0019900574970249532,6.630446358392095e-06
0.0526022680201363,-7.468174204284,-3.676918015967,-9.550745259298,-1.334339977778148,4.4732964614441855,-0.2928679722170028,3.832711122838316e-06,4.767030119139924e-06,-2.5321170218901216e-06,-0.0017247876979245,0.0011297635407084,0.0002303064714643,19.215574234120812,13.799960625932426,-6.620110823880628e-06,8.470329472543003e-22,-1.4895443071719092,4.2967127206258695,-0.0348831700469211,-0.0017832854946077,0.0001263666470715,0.0010527220178441,1.0,False,,,,,,,,,,,,,,,,,,40.0,17.548808446883662,30.0,0.01,-0.0003972370843875,-0.0025746043237003,0.0096547198444683,-1.3350974321365356,4.473029613494873,-0.2928760945796966,0.0,0.0020746805372451956,6.6201108238806275e-06
0.0527022875530333,-7.468174204284,-3.676918015967,-9.550745259298,-1.2973851766429705,4.487066449535853,-0.2952455880546611,3.8131119890118446e-06,4.74601698227521e-06,-2.521415790645672e-06,-0.001750596065034,0.0011790510288067,0.0002279128771634,19.2161743513182,13.799960625932426,-6.589540031451961e-06,8.470329472543003e-22,-1.4895443071719092,4.2967127206258695,-0.0348831700469211,-0.0018200348041686,0.0001567592269598,0.0010814767900411,1.0,False,,,,,,,,,,,,,,,,,,40.0,17.573946097264855,30.0,0.01,-0.0003907941004771,-0.0024526843119821,0.0096866722684722,-1.298203945159912,4.486746788024902,-0.2951377928256988,0.0,0.002122897122099788,6.58954003145196e-06
0.0528023063618439,-7.468174204284,-3.676918015967,-9.550745259298,-1.2573991996595133,4.503281481891873,-0.3031116220378736,3.78147953805629e-06,4.709984646801627e-06,-2.5027295888697592e-06,-0.0017477100221041,0.0012052112282804,0.0002194083753325,19.216774464171063,13.799960625932426,-6.538134157758592e-06,8.731015774769282e-22,-1.4895443071719092,4.2967127206258695,-0.0348831700469211,-0.0018267611550686,0.0001826633096259,0.0010884586620315,1.0,False,,,,,,,,,,,,,,,,,,40.0,17.599083565663264,30.0,0.01,-0.0003870826663506,-0.0023302946165286,0.0097169899665271,-1.2582873106002808,4.502910137176514,-0.3028864562511444,0.0,0.002134283125853342,6.538134157758592e-06
0.0529023193303383,-7.468174204284,-3.676918015967,-9.550745259298,-1.2140701349345993,4.521850458376772,-0.3164313813111947,3.737619322041012e-06,4.658658622063528e-06,-2.475908147200681e-06,-0.0017165877783734,0.0012079531217688,0.0002056095490787,19.21737454198203,13.799960625932426,-6.465525462543309e-06,2.1175823681357513e-22,-1.4895443071719092,4.2967127206258695,-0.0348831700469211,-0.0018035444353265,0.0002032897425968,0.0010742440980904,1.0,False,,,,,,,,,,,,,,,,,,40.0,17.624219566230114,30.0,0.01,-0.0003861047420057,-0.002207521276116,0.0097456540541769,-1.215032696723938,4.521430492401123,-0.3160902261734009,0.0,0.0021090518324413604,6.465525462543309e-06
0.0530024229651663,-7.468174204284,-3.676918015967,-9.550745259298,-1.167014132522845,4.542623163820098,-0.3351808546513961,3.6813589576545486e-06,4.591794507167882e-06,-2.4408175413286145e-06,-0.001657898812313,0.0011873138660257,0.0001874318872784,19.217975163791,13.799960625932426,-6.371386885225067e-06,0.0,-1.4895443071719092,4.2967127206258695,-0.0348831700469211,-0.0017507079820237,0.0002179829901385,0.0010397011005011,1.0,False,,,,,,,,,,,,,,,,,,40.0,17.649378353731972,30.0,0.01,-0.0003878631338296,-0.0020843254340733,0.0097726736195521,-1.1681115627288818,4.542135238647461,-0.3347007632255554,0.0,0.002047797206926138,6.371386885225067e-06
0.0531024439200694,-7.468174204284,-3.676918015967,-9.550745259298,-1.1160514064436078,4.565307925004232,-0.3593455246208667,3.612682328991557e-06,4.509333420773186e-06,-2.397421179759622e-06,-0.0015727479844632,0.0011433415324253,0.0001658524565354,19.218575289520416,13.799960625932426,-6.255652629667817e-06,9.47011624621305e-22,-1.4895443071719092,4.2967127206258695,-0.0348831700469211,-0.0016689549317003,0.0002258994665152,0.000985815391806,1.0,False,,,,,,,,,,,,,,,,,,40.0,17.674516361502256,30.0,0.01,-0.0003923536257876,-0.0019610006321736,0.009797986280504,-1.117239475250244,4.564780235290527,-0.3587446510791778,0.0,0.0019514797256801103,6.255652629667818e-06
0.0532024549769239,-7.468174204284,-3.676918015967,-9.550745259298,-1.0608698843891464,4.589589204741567,-0.3888327207142126,3.531645991891068e-06,4.411315255219498e-06,-2.3457360846856527e-06,-0.0014625630010715,0.0010765689537391,0.0001419154224957,19.21917535586154,13.799960625932426,-6.118390594917007e-06,0.0,-1.4895443071719092,4.2967127206258695,-0.0348831700469211,-0.0015593834350093,0.00022642562421,0.0009139398069458,1.0,False,,,,,,,,,,,,,,,,,,40.0,17.699651881621612,30.0,0.01,-0.0003995724245615,-0.0018375377959622,0.0098215984812015,-1.0621565580368042,4.589029312133789,-0.388114184141159,0.0,0.0018216012822240507,6.1183905949170065e-06
0.0533024806112243,-7.468174204284,-3.676918015967,-9.550745259298,-1.00119863230836,4.615075787601945,-0.4234851348422217,3.438467670124635e-06,4.29797983971812e-06,-2.285885408201371e-06,-0.0013290955186194,0.0009878219533986,0.0001167092315766,19.219775509667343,13.799960625932426,-5.959946536718571e-06,0.0,-1.4895443071719092,4.2967127206258695,-0.0348831700469211,-0.0014234466442304,0.0002190354955268,0.0008256701863905,1.0,False,,,,,,,,,,,,,,,,,,40.0,17.72479106545271,30.0,0.01,-0.0004095164553588,-0.0017139871308838,0.0098435026483439,-1.0026534795761108,4.614466667175293,-0.4226123988628387,0.0,0.0016600928148647587,5.959946536718571e-06
0.0534025137280031,-7.468174204284,-3.676918015967,-9.550745259298,-0.9368645376886996,4.641278205500454,-0.4631417638737695,3.333572779260997e-06,4.169826485785412e-06,-2.218130291182145e-06,-0.0011744448691503,0.0008783021111651,9.135114160724356e-05,19.220375708368017,13.799960625932426,-5.78102606678496e-06,8.731015774769282e-22,-1.4895443071719092,4.2967127206258695,-0.0348831700469211,-0.0012630002488196,0.0002033546359287,0.0007228814866569,1.0,False,,,,,,,,,,,,,,,,,,40.0,17.749932129835763,30.0,0.01,-0.000422179115703,-0.0015904378679129,0.0098636845135361,-0.938431203365326,4.640658378601074,-0.4621554315090179,0.0,0.0014693809513613152,5.78102606678496e-06
0.0535025457767873,-7.468174204284,-3.676918015967,-9.550745259298,-0.8677538800666487,4.667645730884127,-0.5074731159450317,3.217705155694255e-06,4.027754512400189e-06,-2.142944890083711e-06,-0.0010012265512932,0.0007497776543892,6.697157754668884e-05,19.22097590066072,13.799960625932426,-5.582888650427963e-06,8.731015774769282e-22,-1.4895443071719092,4.2967127206258695,-0.0348831700469211,-0.0010805093610338,0.0001792543548974,0.0006078435055208,1.0,False,,,,,,,,,,,,,,,,,,40.0,17.775072925802476,30.0,0.01,-0.0004375510250242,-0.0014669810559162,0.0098821311305852,-0.8694308996200562,4.66702938079834,-0.5063811540603638,0.0,0.0012526397447929461,5.582888650427963e-06
0.0536025741483192,-7.468174204284,-3.676918015967,-9.550745259298,-0.7938582397781165,4.69357516154271,-0.5561473545645544,3.09178962945056e-06,3.872892739749799e-06,-2.0609258664377878e-06,-0.0008122148767311,0.0006043066064205,4.464613604738388e-05,19.221576070889917,13.799960625932426,-5.3671106485088494e-06,2.1175823681357513e-22,-1.4895443071719092,4.2967127206258695,-0.0348831700469211,-0.0008786748108209,0.0001468009303775,0.0004829625468708,1.0,False,,,,,,,,,,,,,,,,,,40.0,17.8002127975749,30.0,0.01,-0.0004556212747469,-0.0013437003293307,0.0098988321876347,-0.7957304120063782,4.692948341369629,-0.5549034476280212,0.0,0.0010133473037467157,5.3671106485088494e-06
0.0537026702379276,-7.468174204284,-3.676918015967,-9.550745259298,-0.7151961181503913,4.718429194928527,-0.6087707464878758,2.9569835842445583e-06,3.7066667012753575e-06,-1.972828510006917e-06,-0.0006102938893945,0.00044452874722,2.540367412181638e-05,19.222176647427563,13.799960625932426,-5.135677392684576e-06,2.1175823681357513e-22,-1.4895443071719092,4.2967127206258695,-0.0348831700469211,-0.0006604594744208,0.0001065032104035,0.0003509417815219,1.0,False,,,,,,,,,,,,,,,,,,40.0,17.825369688756226,30.0,0.01,-0.0004763932757646,-0.0012205882643187,0.009913789070573,-0.717185378074646,4.717837810516357,-0.6074318289756775,0.0,0.000755453364011397,5.135677392684576e-06
0.0538026791483854,-7.468174204284,-3.676918015967,-9.550745259298,-0.6320932938190882,4.741514157674407,-0.6647178327718573,2.814987561958656e-06,3.531181317670814e-06,-1.8797695055401252e-06,-0.0003989826933833,0.0002737628109238,1.018928846706048e-05,19.22277670089031,13.799960625932426,-4.891516111208047e-06,0.0,-1.4895443071719092,4.2967127206258695,-0.0348831700469211,-0.0004296037991216,5.920449693691754e-05,0.0002148778517821,1.0,False,,,,,,,,,,,,,,,,,,40.0,17.850504669427263,30.0,0.01,-0.0004998202902075,-0.0010979154541102,0.0099269714078928,-0.6342774033546448,4.74094820022583,-0.6632474660873413,0.0,0.00048398046227482943,4.891516111208047e-06
0.0539027620589999,-7.468174204284,-3.676918015967,-9.550745259298,-0.5448972175558997,4.762301547971925,-0.7233094093894241,2.667235582699492e-06,3.348221276950676e-06,-1.7826969800160624e-06,-0.0001817216652795,9.432195047948022e-05,-3.5767060394891425e-07,19.223377198354,13.799960625932426,-4.63710468887666e-06,9.47011624621305e-22,-1.4895443071719092,4.2967127206258695,-0.0348831700469211,-0.0001896216213266,5.1204514815894e-06,7.705156458206466e-05,1.0,False,,,,,,,,,,,,,,,,,,40.0,17.87565824836618,30.0,0.01,-0.0005259239886555,-0.0009755641302768,0.0099383941653505,-0.5471787452697754,4.761802673339844,-0.7217801213264465,0.0,0.00020474257471876504,4.63710468887666e-06
0.0540028469630125,-7.468174204284,-3.676918015967,-9.550745259298,-0.4540924283302235,4.780097172422744,-0.784106268894976,2.515622508550752e-06,3.16014918887384e-06,-1.682866685221229e-06,3.874745121568652e-05,-8.959161526877457e-05,-5.527971488130823e-06,19.22397770777808,13.799960625932426,-4.375721629822292e-06,8.470329472543003e-22,-1.4895443071719092,4.2967127206258695,-0.0348831700469211,5.6156011898976585e-05,-5.379231859189953e-05,-5.925765570002999e-05,1.0,False,,,,,,,,,,,,,,,,,,40.0,17.900812328300674,30.0,0.01,-0.0005546713294348,-0.0008537025521226,0.0099480415996718,-0.456558495759964,4.779664039611816,-0.7824639678001404,0.0,9.776799563739515e-05,4.375721629822292e-06
0.0541029070699009,-7.468174204284,-3.676918015967,-9.550745259298,-0.3605522582640435,4.794512766414741,-0.8458443364896036,2.362432489532845e-06,2.969825124159332e-06,-1.5818004274751664e-06,0.0002578681869737,-0.0002748977559514,-5.044956286814168e-06,19.224578068419405,13.799960625932426,-4.11133082201481e-06,8.536247427581424e-22,-1.4895443071719092,4.2967127206258695,-0.0348831700469211,0.0003028865305945,-0.0001169692613835,-0.0001914893499388,1.0,False,,,,,,,,,,,,,,,,,,40.0,17.925960176038117,30.0,0.01,-0.0005860347112626,-0.0007324425955254,0.0099559073499834,-0.3631865680217743,4.79416036605835,-0.844122588634491,0.0,0.0003769485769493691,4.111330822014809e-06
0.0542029605662176,-7.468174204284,-3.676918015967,-9.550745259298,-0.2652423812809847,4.805234034253736,-0.9074126618465737,2.209986032737035e-06,2.7801640922484397e-06,-1.4810505251883885e-06,0.000471655836531,-0.0004581328805949,1.2167405822571505e-06,19.225178389397303,13.799960625932426,-3.847968464382364e-06,4.235164736271503e-22,-1.4895443071719092,4.2967127206258695,-0.0348831700469211,0.0005461029111313,-0.0001832493591793,-0.0003170768482369,1.0,False,,,,,,,,,,,,,,,,,,40.0,17.951106362357677,30.0,0.01,-0.0006199978986724,-0.0006118409775607,0.0099619904248006,-0.2679047882556915,4.804988384246826,-0.9057121276855468,0.0,0.0006575305657333223,3.8479684643823644e-06
0.054303006312056,-7.468174204284,-3.676918015967,-9.550745259298,-0.1692646050220836,4.812065543960267,-0.9679232520092484,2.060406602984377e-06,2.5938409079446754e-06,-1.3820423800102625e-06,0.0006768434067451,-0.000636149412197,1.3184638014879712e-05,19.225778663872333,13.799960625932426,-3.589335198263504e-06,4.365507887384641e-22,-1.4895443071719092,4.2967127206258695,-0.0348831700469211,0.0007820082477458,-0.000251353949313,-0.0004338907687364,1.0,False,,,,,,,,,,,,,,,,,,40.0,17.976250600769568,30.0,0.01,-0.0006565375588233,-0.0004919775119913,0.0099662890065233,-0.1720329672098159,4.811923503875732,-0.9662019610404968,0.0,0.0009289655034351301,3.589335198263504e-06
0.0544030322852525,-7.468174204284,-3.676918015967,-9.550745259298,-0.0742167837937639,4.815022220312744,-1.0258798014438109,1.916707068759105e-06,2.41465829918715e-06,-1.286803479699614e-06,0.0008683706603634,-0.0008050749455645,3.0476225135134803e-05,19.226378819711517,13.799960625932426,-3.340689133192662e-06,1.0587911840678754e-22,-1.4895443071719092,4.2967127206258695,-0.0348831700469211,0.0010048871615127,-0.0003199749284924,-0.0005394069983022,1.0,False,,,,,,,,,,,,,,,,,,40.0,18.001389869774552,30.0,0.01,-0.0006956241853899,-0.0003729443716641,0.0099688023096229,-0.076936237514019,4.814990043640137,-1.024251937866211,0.0,0.0011845429802477144,3.340689133192662e-06
0.0545030361496786,-7.468174204284,-3.676918015967,-9.550745259298,0.0188473805735215,4.814282568783409,-1.0803629688459533,1.7808018291071595e-06,2.245045215654146e-06,-1.1966305677792967e-06,0.0010439719986502,-0.00096196582713,5.261206219332152e-05,19.22697884289807,13.799960625932426,-3.105383694590216e-06,0.0,-1.4895443071719092,4.2967127206258695,-0.0348831700469211,0.0012117755128697,-0.0003874197947994,-0.0006320837164702,1.0,False,,,,,,,,,,,,,,,,,,40.0,18.026523582239488,30.0,0.01,-0.0007372295652288,-0.0002548213289686,0.0099695315164984,0.0161966979503631,4.814353466033936,-1.07884418964386,0.0,0.0014205716509982282,3.105383694590216e-06
0.0546030469699391,-7.468174204284,-3.676918015967,-9.550745259298,0.1089483031431623,4.8101070255995,-1.130614618104521,1.654372266852464e-06,2.087144023455138e-06,-1.1126686052710735e-06,0.0012020339422349,-0.0011039709638432,7.897215234257287e-05,19.227578907819638,13.799960625932426,-2.8863730176695697e-06,1.0587911840678754e-22,-1.4895443071719092,4.2967127206258695,-0.0348831700469211,0.0014002816178793,-0.0004517525302782,-0.0007106371297336,1.0,False,,,,,,,,,,,,,,,,,,40.0,18.05165904289628,30.0,0.01,-0.0007813378799531,-0.0001376507672626,0.009968478488898,0.1063975095748901,4.810272693634033,-1.129230499267578,0.0,0.001633974934978893,2.8863730176695697e-06
0.054703056472294,-7.468174204284,-3.676918015967,-9.550745259298,0.1950070468279735,4.802824051312714,-1.1760539797511318,1.538959550866116e-06,1.9429255174407216e-06,-1.0359718056122005e-06,0.0013412089317773,-0.0012284786847383,0.0001087710763715,19.228178964833763,13.799960625932426,-2.686371837171417e-06,0.0,-1.4895443071719092,4.2967127206258695,-0.0348831700469211,0.0015682631275671,-0.0005110479810033,-0.0007740885920981,1.0,False,,,,,,,,,,,,,,,,,,40.0,18.07679417232726,30.0,0.01,-0.0008279167316905,-2.151874884629996e-05,0.0099656455299611,0.1925953775644302,4.803072929382324,-1.1748117208480835,0.0,0.0018220407307715611,2.6863718371714175e-06
0.0548031510997567,-7.468174204284,-3.676918015967,-9.550745259298,0.275713545375363,4.792925614556637,-1.2162455935610368,1.435890825295507e-06,1.8140969619902016e-06,-9.674547671731382e-07,0.0014596542373584,-0.0013341815316993,0.0001410459095088,19.228779532598537,13.799960625932426,-2.5077278513020355e-06,4.365507887384641e-22,-1.4895443071719092,4.2967127206258695,-0.0348831700469211,0.001713397932473,-0.0005645276461752,-0.0008222535268736,1.0,False,,,,,,,,,,,,,,,,,,40.0,18.101950696031302,30.0,0.01,-0.0008769788719935,9.359806768537496e-05,0.0099610314455784,0.2733871042728424,4.793254852294922,-1.2151259183883667,0.0,0.001982555119222411,2.507727851302035e-06
0.0549032401656223,-7.468174204284,-3.676918015967,-9.550745259298,0.3499385818856207,4.781024606023087,-1.2503351511436769,1.3468615124727125e-06,1.7028336557780464e-06,-9.082820612118136e-07,0.0015552759451317,-0.001418896525319,0.0001746365785747,19.22938006699373,13.799960625932426,-2.353434659333012e-06,0.0,-1.4895443071719092,4.2967127206258695,-0.0348831700469211,0.0018328500339642,-0.0006107210741358,-0.0008545929278012,1.0,False,,,,,,,,,,,,,,,,,,40.0,18.127105821953556,30.0,0.01,-0.0009284505378013,0.0002075190021034,0.0099546429098497,0.3477476835250854,4.781416416168213,-1.249377965927124,0.0,0.0021124981774297254,2.3534346593330117e-06
0.0550033101246721,-7.468174204284,-3.676918015967,-9.550745259298,0.4166939933335431,4.7677960210319625,-1.2777436313754855,1.2730826279150695e-06,1.6107054115188152e-06,-8.592962316603582e-07,0.0016263385522477,-0.0014815787324297,0.0002083017585618,19.22998048674803,13.799960625932426,-2.225646268826389e-06,4.235164736271503e-22,-1.4895443071719092,4.2967127206258695,-0.0348831700469211,0.0019243712036986,-0.0006488876065018,-0.0008713108481126,1.0,False,,,,,,,,,,,,,,,,,,40.0,18.15225614580922,30.0,0.01,-0.0009822900773496,0.0003201548032681,0.0099464871741678,0.4147451519966125,4.768219947814941,-1.2769967317581177,0.0,0.002209851182667077,2.225646268826389e-06
0.0551033479139733,-7.468174204284,-3.676918015967,-9.550745259298,0.4753276949204232,4.753817553491295,-1.298444280029263,1.214983637964996e-06,1.5382970058321266e-06,-8.20814823607861e-07,0.0016724212584824,-0.0015221489760489,0.000240869188167,19.23058071348384,13.799960625932426,-2.125154086961496e-06,4.523157921092555e-22,-1.4895443071719092,4.2967127206258695,-0.0348831700469211,0.0019871781286637,-0.0006785802017815,-0.000873269907663,1.0,False,,,,,,,,,,,,,,,,,,40.0,18.177398384525222,30.0,0.01,-0.0010384533177115,0.0004314183420673,0.009936573500008,0.4735825359821319,4.754271030426025,-1.2978894710540771,0.0,0.002274191798621831,2.125154086961495e-06
0.0552033784236864,-7.468174204284,-3.676918015967,-9.550745259298,0.5252158733642229,4.739628104065004,-1.3121862505950486,1.173386572939137e-06,1.4866926433564749e-06,-7.934221930726768e-07,0.0016924073735123,-0.0015397784541688,0.0002710209259614,19.23118089654212,13.799960625932426,-2.0534385410389983e-06,4.735058123106525e-22,-1.4895443071719092,4.2967127206258695,-0.0348831700469211,0.0020196165670582,-0.0006989557188493,-0.0008609428397416,1.0,False,,,,,,,,,,,,,,,,,,40.0,18.2025387936812,30.0,0.01,-0.0010969160211275,0.000541265596214,0.0099249084024462,0.5237521529197693,4.740083694458008,-1.3118486404418943,0.0,0.0023040426966855964,2.0534385410389987e-06
0.0553034754268255,-7.468174204284,-3.676918015967,-9.550745259298,0.5661590727506317,4.725592976416183,-1.3192025217062702,1.14832212889573e-06,1.4559767076755295e-06,-7.771694860295762e-07,0.0016865065588802,-0.0015345115879534,0.0002975760888202,19.23178147856095,13.799960625932426,-2.0105979943839524e-06,4.268123713790712e-22,-1.4895443071719092,4.2967127206258695,-0.0348831700469211,0.0020215064759148,-0.0007094181659359,-0.0008353557020942,1.0,False,,,,,,,,,,,,,,,,,,40.0,18.227695914457836,30.0,0.01,-0.0011576849802404,0.0006497046707901,0.0099114907721936,0.5649511814117432,4.726050853729248,-1.3190784454345703,0.0,0.002299474225849624,2.0105979943839524e-06
0.0554035555761533,-7.468174204284,-3.676918015967,-9.550745259298,0.5979072976766252,4.712070185612116,-1.3195130711694545,1.1400986429348091e-06,1.4465844124068554e-06,-7.722949535590401e-07,0.0016542336906413,-0.0015062801804163,0.0003191975213547,19.23238195945692,13.799960625932426,-1.997215780313444e-06,4.235164736271503e-22,-1.4895443071719092,4.2967127206258695,-0.0348831700469211,0.0019919552620469,-0.0007094772076907,-0.0007975038987853,1.0,False,,,,,,,,,,,,,,,,,,40.0,18.25284879940971,30.0,0.01,-0.0012206714233745,0.0007565734588081,0.0098963406306363,0.5969735980033875,4.712521076202393,-1.3196099996566772,0.0,0.0022599239241192794,1.9972157803134443e-06
0.0555035805937461,-7.468174204284,-3.676918015967,-9.550745259298,0.6206623366851861,4.699255187009553,-1.3134181783760055,1.148351044892427e-06,1.458097637981168e-06,-7.78581421515182e-07,0.0015961711508768,-0.0014558017260251,0.0003347267522594,19.232982109562474,13.799960625932426,-2.012696667190661e-06,4.523157921092555e-22,-1.4895443071719092,4.2967127206258695,-0.0348831700469211,0.0019312998971973,-0.0006989392789723,-0.0007488174667183,1.0,False,,,,,,,,,,,,,,,,,,40.0,18.2779878282453,30.0,0.01,-0.0012858075823745,0.000861763119983,0.0098794768680403,0.6200295686721802,4.699680328369141,-1.313727855682373,0.0,0.0021861296866991114,2.0126966671906604e-06
0.0556036527816588,-7.468174204284,-3.676918015967,-9.550745259298,0.6348134745937163,4.6871963964804015,-1.3013387254606783,1.172484174600218e-06,1.48980611739095e-06,-7.956557182649988e-07,0.0015131417643537,-0.0013840103372361,0.0003431190576746,19.233582542689952,13.799960625932426,-2.0560421759076937e-06,1.0587911840678754e-22,-1.4895443071719092,4.2967127206258695,-0.0348831700469211,0.0018401881099557,-0.0006777434847275,-0.0006907856318963,1.0,False,,,,,,,,,,,,,,,,,,40.0,18.30313871227529,30.0,0.01,-0.0013531170987594,0.0009653128191623,0.0098608947503867,0.6344552040100098,4.687610149383545,-1.3018590211868286,0.0,0.0020791376338153557,2.0560421759076933e-06
0.0557037107684414,-7.468174204284,-3.676918015967,-9.550745259298,0.6408672713168411,4.675835070854908,-1.2838821222720167,1.2115776934050374e-06,1.5405823287966798e-06,-8.229212850672104e-07,0.0014065474388506,-0.0012922828454524,0.0003434559360638,19.234182890610647,13.799960625932426,-2.125679623173243e-06,4.523157921092555e-22,-1.4895443071719092,4.2967127206258695,-0.0348831700469211,0.001719948277067,-0.0006460167145058,-0.0006251183561523,1.0,False,,,,,,,,,,,,,,,,,,40.0,18.32828602717204,30.0,0.01,-0.0014225156376968,0.0010670907035331,0.009840618206746,0.6407837867736816,4.676225185394287,-1.2845836877822876,0.0,0.001940704158393338,2.1256796231732434e-06
0.0558037722666321,-7.468174204284,-3.676918015967,-9.550745259298,0.639601758347116,4.665054218224953,-1.2615509009745831,1.2644999929031411e-06,1.609027480623934e-06,-8.596363090365417e-07,0.0012780340842818,-0.001182287063319,0.0003349877946371,19.23478325959979,13.799960625932426,-2.219663093640343e-06,4.365507887384641e-22,-1.4895443071719092,4.2967127206258695,-0.0348831700469211,0.0015722594133581,-0.0006041020664956,-0.0005535807742291,1.0,False,,,,,,,,,,,,,,,,,,40.0,18.3534342245819,30.0,0.01,-0.0014939696565748,0.0011670486903175,0.0098186583614902,0.6397653222084045,4.665438652038574,-1.2624412775039673,0.0,0.0017729609818699654,2.219663093640343e-06
0.0559038665781717,-7.468174204284,-3.676918015967,-9.550745259298,0.6319861666180602,4.654651604938684,-1.2349076280483655,1.329838698815081e-06,1.6933813919001948e-06,-9.048653500776168e-07,0.0011298406753637,-0.0010558672340721,0.0003171818779962,19.23538382546903,13.799960625932426,-2.3355497864680847e-06,4.365507887384641e-22,-1.4895443071719092,4.2967127206258695,-0.0348831700469211,0.0013994560561786,-0.0005523552734088,-0.0004779396511957,1.0,False,,,,,,,,,,,,,,,,,,40.0,18.37859066888581,30.0,0.01,-0.001567454335886,0.0012651498211233,0.0097950233708258,0.6323738694190979,4.655035972595215,-1.235974907875061,0.0,0.0015786069527981197,2.3355497864680847e-06
0.0560038712921755,-7.468174204284,-3.676918015967,-9.550745259298,0.6197163308690752,4.644330648510588,-1.2049175553611993,1.404806424286536e-06,1.790124782816616e-06,-9.5673189093739e-07,0.0009668784929191,-0.000916478842328,0.0002902772206494,19.23598385375305,13.799960625932426,-2.4684739696637664e-06,0.0,-1.4895443071719092,4.2967127206258695,-0.0348831700469211,0.001206966055086,-0.0004917431414776,-0.0004005870417426,1.0,False,,,,,,,,,,,,,,,,,,40.0,18.40372459487289,30.0,0.01,-0.0016428299886412,0.0013612118051301,0.0097697600814961,0.62025386095047,4.644719123840332,-1.2060916423797607,0.0,0.0013634692344649077,2.4684739696637664e-06
0.0561039221526927,-7.468174204284,-3.676918015967,-9.550745259298,0.6031207796512523,4.633870401484715,-1.1721522171826724,1.488639836330404e-06,1.89831247522854e-06,-1.014734458432218e-06,0.0007901956927515,-0.0007651724387315,0.000253807792255,19.236584158916155,13.799960625932426,-2.617121479230157e-06,4.365507887384641e-22,-1.4895443071719092,4.2967127206258695,-0.0348831700469211,0.0009958594002555,-0.0004224802470234,-0.0003226313454154,1.0,False,,,,,,,,,,,,,,,,,,40.0,18.428870118743788,30.0,0.01,-0.0017201482500604,0.001455303632833,0.0097428528334403,0.6038127541542053,4.634265899658203,-1.1734206676483154,0.0,0.001128856274840465,2.617121479230157e-06
0.0562039734521195,-7.468174204284,-3.676918015967,-9.550745259298,0.5829942303004204,4.623132956518592,-1.1373750952672437,1.5795417059983082e-06,2.015674983951447e-06,-1.0776628915536896e-06,0.0006023747285652,-0.0006050602022631,0.0002079493677496,19.23718446671272,13.799960625932426,-2.778354719928248e-06,4.365507887384641e-22,-1.4895443071719092,4.2967127206258695,-0.0348831700469211,0.0007693333428765,-0.0003461294190013,-0.0002460014926062,1.0,False,,,,,,,,,,,,,,,,,,40.0,18.45401575292469,30.0,0.01,-0.0017993244728501,0.0015473195379541,0.0097143313557273,0.5838235020637512,4.623554706573486,-1.1387436389923096,0.0,0.0008787468927536075,2.778354719928248e-06
0.0563040393650185,-7.468174204284,-3.676918015967,-9.550745259298,0.5603221457252661,4.6119108407391245,-1.101288525238832,1.6756643226892346e-06,2.1398725984702083e-06,-1.1442687095821184e-06,0.0004067318464255,-0.0004384268017842,0.0001530928058235,19.23778486219011,13.799960625932426,-2.948941596530175e-06,4.365507887384641e-22,-1.4895443071719092,4.2967127206258695,-0.0348831700469211,0.0005311149778019,-0.0002634117547341,-0.0001720970378497,1.0,False,,,,,,,,,,,,,,,,,,40.0,18.479165059871768,30.0,0.01,-0.0018803183960452,0.0016372120336226,0.0096842108344694,0.5612301826477051,4.612354278564453,-1.102694034576416,0.0,0.0006173218468629881,2.9489415965301752e-06
0.0564041007531772,-7.468174204284,-3.676918015967,-9.550745259298,0.5361578597516523,4.600073712991693,-1.0646198381064318,1.7748850764782124e-06,2.268207080161658e-06,-1.2131107173873576e-06,0.000207026215389,-0.0002681738659136,9.002622094912791e-05,19.23838523051906,13.799960625932426,-3.1251588768957992e-06,0.0,-1.4895443071719092,4.2967127206258695,-0.0348831700469211,0.0002856196539547,-0.0001755537347754,-0.0001023918754438,1.0,False,,,,,,,,,,,,,,,,,,40.0,18.50431322962756,30.0,0.01,-0.0019630617175321,0.0017249049319489,0.0096525173747006,0.5371301174163818,4.600554943084717,-1.066074252128601,0.0,0.0003505449995018034,3.1251588768957992e-06
0.0565041554372466,-7.468174204284,-3.676918015967,-9.550745259298,0.5117271421720366,4.587508507016154,-1.0282107114418166,1.8746974997099783e-06,2.3974817513692563e-06,-1.2824800875507348e-06,7.977053880467218e-06,-9.747265063113595e-05,2.004221914540663e-05,19.23898555862348,13.799960625932426,-3.302599678818428e-06,4.365507887384641e-22,-1.4895443071719092,4.2967127206258695,-0.0348831700469211,3.836954584420077e-05,-8.386111176447055e-05,-3.822739126962012e-05,1.0,False,,,,,,,,,,,,,,,,,,40.0,18.52945971446192,30.0,0.01,-0.0020474981101766,0.0018103394492141,0.0096192734947833,0.5126901268959045,4.588018417358398,-1.0296396017074585,0.0,9.983106509470822e-05,3.3025996788184276e-06
0.0566041770594217,-7.468174204284,-3.676918015967,-9.550745259298,0.4877880039124604,4.574271972619707,-0.9925832917885684,1.973296089948017e-06,2.525387381240698e-06,-1.3511415158979631e-06,-0.0001873251482712,7.07004829032752e-05,-5.5666313224464654e-05,19.239585688356527,13.799960625932426,-3.4780831329795627e-06,4.365507887384641e-22,-1.4895443071719092,4.2967127206258695,-0.0348831700469211,-0.000206679756644,9.933388355751925e-06,1.930838871898275e-05,1.0,False,,,,,,,,,,,,,,,,,,40.0,18.554597889935955,30.0,0.01,-0.0021335490092725,0.0018934386754002,0.0095845113911732,0.4887409210205078,4.574822902679443,-0.9940100312232972,0.0,0.00020781724636224872,3.4780831329795623e-06
0.0567042181673526,-7.468174204284,-3.676918015967,-9.550745259298,0.4651964071208823,4.560393386179103,-0.958266246651307,2.0688205299349624e-06,2.6495393091653586e-06,-1.4178186394204017e-06,-0.0003752863117249,0.0002338394484717,-0.00013565134391,19.240185935004117,13.799960625932426,-3.648326552020905e-06,4.365507887384641e-22,-1.4895443071719092,4.2967127206258695,-0.0348831700469211,-0.0004451495693663,0.0001045468562404,6.952558002272975e-05,1.0,False,,,,,,,,,,,,,,,,,,40.0,18.57974096271457,30.0,0.01,-0.0022212028962352,0.0019741924820172,0.0095482365773844,0.4660776555538177,4.56096887588501,-0.9596285820007324,0.0,0.0004625170164807093,3.648326552020905e-06
0.0568042595739646,-7.468174204284,-3.676918015967,-9.550745259298,0.4447640335102541,4.545975142780373,-0.9257855682198384,2.159366757908318e-06,2.7674887193536185e-06,-1.481199683633924e-06,-0.0005522721436625,0.0003891515983667,-0.0002181496539725,19.240786183443788,13.799960625932426,-3.809962087699332e-06,8.536247427581424e-22,-1.4895443071719092,4.2967127206258695,-0.0348831700469211,-0.0006724501305304,0.0001983368564937,0.0001118305504377,1.0,False,,,,,,,,,,,,,,,,,,40.0,18.604884110559937,30.0,0.01,-0.0023103859909888,0.0020525319512143,0.0095104799648538,0.4455430507659912,4.546569347381592,-0.9270640015602112,0.0,0.0007099526453963334,3.8099620876993317e-06
0.0569043013188828,-7.468174204284,-3.676918015967,-9.550745259298,0.4272123767403232,4.5311612382316575,-0.8956019830566609,2.243182220710324e-06,2.876974410973908e-06,-1.5400724167533983e-06,-0.0007149416174789,0.0005339475606639,-0.0003012332500617,19.24138643391329,13.799960625932426,-3.95988273633882e-06,8.536247427581424e-22,-1.4895443071719092,4.2967127206258695,-0.0348831700469211,-0.0008842317898612,0.0002895531797393,0.0001458632331565,1.0,False,,,,,,,,,,,,,,,,,,40.0,18.63002734343092,30.0,0.01,-0.002401039892772,0.0021284059210705,0.0094712668460174,0.4278776049613952,4.531784057617188,-0.8968096375465393,0.0,0.0009417977409640616,3.95988273633882e-06
0.0570043499623024,-7.468174204284,-3.676918015967,-9.550745259298,0.4131890432654536,4.516128051655704,-0.8680553016781531,2.3187165408069503e-06,2.9759883163990333e-06,-1.5933592933479284e-06,-0.0008603389854981,0.0006657531502446,-0.0003828757330806,19.241986725773813,13.799960625932426,-4.095332305644258e-06,0.0,-1.4895443071719092,4.2967127206258695,-0.0348831700469211,-0.0010765186502892,0.000376422358197,0.000171516931641,1.0,False,,,,,,,,,,,,,,,,,,40.0,18.655172310084417,30.0,0.01,-0.0024931112776316,0.0022017695195452,0.0094306207187092,0.4136958718299866,4.516757488250732,-0.869147539138794,0.0,0.0011532581038130691,4.095332305644258e-06
0.0571044081675507,-7.468174204284,-3.676918015967,-9.550745259298,0.4032525262622188,4.501044283840832,-0.8434427998426797,2.3846158570657817e-06,3.062768939963661e-06,-1.6401140345467395e-06,-0.0009858248337467,0.0007824548085162,-0.0004609932364475,19.242587075005304,13.799960625932426,-4.213896108317442e-06,9.04631584218511e-22,-1.4895443071719092,4.2967127206258695,-0.0348831700469211,-0.0012456956745609,0.000457309141642,0.0001889749443791,1.0,False,,,,,,,,,,,,,,,,,,40.0,18.68031967988757,30.0,0.01,-0.0025865425709192,0.0022725761163938,0.009388567266842,0.4035869538784027,4.501688003540039,-0.8444321155548096,0.0,0.0013403734159748817,4.213896108317442e-06
0.0572044580657251,-7.468174204284,-3.676918015967,-9.550745259298,0.3978743875349502,4.486066796871851,-0.8219558587542035,2.43978091174601e-06,3.1358765188319944e-06,-1.6795619502336064e-06,-0.0010892172425843,0.0008823891238504,-0.0005335325260405,19.24318737439435,13.799960625932426,-4.313604152371261e-06,8.536247427581424e-22,-1.4895443071719092,4.2967127206258695,-0.0348831700469211,-0.0013886885260666,0.0005307743486216,0.0001987070511887,1.0,False,,,,,,,,,,,,,,,,,,40.0,18.705464961895345,30.0,0.01,-0.0026812558486187,0.0023407667184067,0.0093451419595556,0.3980061709880829,4.4867024421691895,-0.8228085041046143,0.0,0.00149988723702003,4.31360415237126e-06
0.0573045472664297,-7.468174204284,-3.676918015967,-9.550745259298,0.3973996650325797,4.471340647483616,-0.803687582234214,2.4833936745647223e-06,3.1942303606315874e-06,-1.71112034979683e-06,-0.0011690303082115,0.0009641317336156,-0.0005985459846887,19.243787909598577,13.799960625932426,-4.392981287364823e-06,9.04631584218511e-22,-1.4895443071719092,4.2967127206258695,-0.0348831700469211,-0.0015031520509156,0.0005953497061143,0.0002013251010841,1.0,False,,,,,,,,,,,,,,,,,,40.0,18.73062012170632,30.0,0.01,-0.0027772346200448,0.0024063279212457,0.0093003523481993,0.3973143994808197,4.471978187561035,-0.8044185638427734,0.0,0.0016292449653347598,4.3929812873648236e-06
0.0574045624754347,-7.468174204284,-3.676918015967,-9.550745259298,0.4020493424529859,4.456998829201881,-0.7887188694093941,2.514818027066364e-06,3.2369771505906467e-06,-1.7343274727526432e-06,-0.0012242174178963,0.0010264819622897,-0.0006541090670487,19.24438800085261,13.799960625932426,-4.450867619402814e-06,2.1175823681357513e-22,-1.4895443071719092,4.2967127206258695,-0.0348831700469211,-0.0015872055834543,0.0006495862271308,0.0001976065438079,1.0,False,,,,,,,,,,,,,,,,,,40.0,18.755756685374912,30.0,0.01,-0.0028743066971619,0.0024691440195242,0.0092542794868913,0.4017367660999298,4.457616806030273,-0.7893045544624329,0.0,0.0017263348970527467,4.450867619402814e-06
0.057504633511202,-7.468174204284,-3.676918015967,-9.550745259298,0.4119367971241353,4.443082646112082,-0.7770108714018916,2.533805492461224e-06,3.263766057958397e-06,-1.7489912489753844e-06,-0.0012544652745581,0.0010690044375377,-0.0006986858407838,19.24498842706721,13.799960625932426,-4.486792790368242e-06,0.0,-1.4895443071719092,4.2967127206258695,-0.0348831700469211,-0.0016399561431471,0.0006925422976931,0.0001885325730992,1.0,False,,,,,,,,,,,,,,,,,,40.0,18.7809072798392,30.0,0.01,-0.0029725340457008,0.0025292561309567,0.0092068944151199,0.4113810360431671,4.443696975708008,-0.7774672508239746,0.0,0.0017901439932751747,4.486792790368243e-06
0.0576047284250458,-7.468174204284,-3.676918015967,-9.550745259298,0.4271049227596651,4.42960994934244,-0.7684531185259008,2.5402697789766518e-06,3.2744506011634062e-06,-1.7550285126875248e-06,-0.0012598168285547,0.0010915952643944,-0.000730866919425,19.245588996550275,13.799960625932426,-4.500569116210489e-06,2.1175823681357513e-22,-1.4895443071719092,4.2967127206258695,-0.0348831700469211,-0.0016609602374178,0.0007234616838028,0.0001752124380689,1.0,False,,,,,,,,,,,,,,,,,,40.0,18.806063875518657,30.0,0.01,-0.0030718221311225,0.0025866023873456,0.0091582420193246,0.4262914657592773,4.430219650268555,-0.768779456615448,0.0,0.0018201332689305176,4.500569116210489e-06
0.0577048305216499,-7.468174204284,-3.676918015967,-9.550745259298,0.4475578681890688,4.416549149652263,-0.7629083438879132,2.5342323137357265e-06,3.2690231821656686e-06,-1.7524305406515748e-06,-0.0012405843155357,0.0010944153174906,-0.0007493929846505,19.2461896091299,13.799960625932426,-4.492199771306621e-06,1.0587911840678754e-22,-1.4895443071719092,4.2967127206258695,-0.0348831700469211,-0.0016501353470307,0.0007417649529763,0.0001588151994325,1.0,False,,,,,,,,,,,,,,,,,,40.0,18.8312222764227,30.0,0.01,-0.0031720896601982,0.0026411343063241,0.009108361914396,0.4464803636074066,4.417153835296631,-0.7631036043167114,0.0,0.0018161454172380077,4.492199771306621e-06
0.0578048410070505,-7.468174204284,-3.676918015967,-9.550745259298,0.4730708289443671,4.403838814716507,-0.7600006117913682,2.516275617118467e-06,3.2481985847561383e-06,-1.7415756735067584e-06,-0.0011981887836421,0.0010784958932907,-0.0007536445704584,19.2467896720423,13.799960625932426,-4.4626811284100535e-06,8.536247427581424e-22,-1.4895443071719092,4.2967127206258695,-0.0348831700469211,-0.0016088369190767,0.0007474359151794,0.0001406172542324,1.0,False,,,,,,,,,,,,,,,,,,40.0,18.85635765292003,30.0,0.01,-0.0032731706820472,0.0026927658905023,0.0090573376631951,0.4717604517936706,4.404425621032715,-0.760077953338623,0.0,0.001779547664905907,4.462681128410053e-06
0.0579048422052507,-7.468174204284,-3.676918015967,-9.550745259298,0.5035579729337935,4.391500354285903,-0.7596901778131296,2.4863085197151087e-06,3.2118276994636435e-06,-1.7223798202491368e-06,-0.0011336201038195,0.001042587124178,-0.0007422767149861,19.247389679231503,13.799960625932426,-4.411820426020454e-06,0.0,-1.4895443071719092,4.2967127206258695,-0.0348831700469211,-0.0015372164559677,0.0007384705947752,0.0001211772299174,1.0,False,,,,,,,,,,,,,,,,,,40.0,18.881490695289283,30.0,0.01,-0.0033750807222854,0.0027415100866803,0.0090051625505976,0.5020156502723694,4.392075061798096,-0.7596491575241089,0.0,0.0017096950526032536,4.411820426020455e-06
0.058004864698675,-7.468174204284,-3.676918015967,-9.550745259298,0.5388383321506589,4.379313476120872,-0.7617918240584142,2.4448336349128505e-06,3.160527375542654e-06,-1.6951695000452788e-06,-0.0010479306371648,0.0009883345903105,-0.0007148586108734,19.24798981419205,13.799960625932426,-4.34047744238344e-06,8.731015774769282e-22,-1.4895443071719092,4.2967127206258695,-0.0348831700469211,-0.0014365093943962,0.0007155720648073,0.000101902385309,1.0,False,,,,,,,,,,,,,,,,,,40.0,18.906629089732142,30.0,0.01,-0.0034777842247199,0.0027873492806416,0.0089518546052756,0.5370796918869019,4.379886150360107,-0.7616419792175293,0.0,0.0016081003439626193,4.340477442383439e-06
0.0581049029207713,-7.468174204284,-3.676918015967,-9.550745259298,0.5785899571605729,4.367118963160538,-0.7661002630826712,2.392475483462836e-06,3.0950731167792827e-06,-1.6603564670820474e-06,-0.0009428282050548,0.0009168517684775,-0.0006711341572692,19.248590043524626,13.799960625932426,-4.249729419029137e-06,8.470329472543003e-22,-1.4895443071719092,4.2967127206258695,-0.0348831700469211,-0.001308471084975,0.000678848250916,8.385534373784643e-05,1.0,False,,,,,,,,,,,,,,,,,,40.0,18.93177143722141,30.0,0.01,-0.0035812084796313,0.0028302491727382,0.0088974510645258,0.5766280293464661,4.367692947387695,-0.7658517956733704,0.0,0.0014764698597196676,4.249729419029137e-06
0.0582049377934616,-7.468174204284,-3.676918015967,-9.550745259298,0.6223673956222411,4.354821281397485,-0.772362733694591,2.33002449577375e-06,3.016457184389291e-06,-1.6184690350180493e-06,-0.0008206655712608,0.0008288477887953,-0.0006110957619743,19.24919025276077,13.799960625932426,-4.140950387709535e-06,1.0587911840678754e-22,-1.4895443071719092,4.2967127206258695,-0.0348831700469211,-0.0011554233526981,0.0006279520983614,6.77621232702674e-05,1.0,False,,,,,,,,,,,,,,,,,,40.0,18.95691294291313,30.0,0.01,-0.0036852659853305,0.0028701728067104,0.0088419976632537,0.620177686214447,4.355417251586914,-0.7720215916633606,0.0,0.0013167834549183187,4.1409503877095345e-06
0.0583049938618934,-7.468174204284,-3.676918015967,-9.550745259298,0.6694341055053199,4.342266884529773,-0.7801984393115833,2.258965236028088e-06,2.926574968450196e-06,-1.5705206798309143e-06,-0.0006846971743081,0.0007265155981533,-0.0005357680351682,19.24979058917136,13.799960625932426,-4.016752443121092e-06,8.470329472543003e-22,-1.4895443071719092,4.2967127206258695,-0.0348831700469211,-0.0009812190218641,0.0005638509453558,5.444138983459815e-05,1.0,False,,,,,,,,,,,,,,,,,,40.0,18.982059775675733,30.0,0.01,-0.003789914074551,0.002907102867888,0.0087855167305649,0.6671204566955566,4.342875957489014,-0.7797961831092834,0.0,0.0011329971413792436,4.016752443121092e-06
0.0584050571154623,-7.468174204284,-3.676918015967,-9.550745259298,0.7190094484197735,4.329349244451665,-0.7891307526308217,2.1809513741981083e-06,2.8275457410018205e-06,-1.5176456523464431e-06,-0.0005383866623558,0.0006122345896323,-0.0004465647528989,19.250390968692773,13.799960625932426,-3.880053110481893e-06,1.0587911840678754e-22,-1.4895443071719092,4.2967127206258695,-0.0348831700469211,-0.0007900747726491,0.0004877612136659,4.45232696828088e-05,1.0,False,,,,,,,,,,,,,,,,,,40.0,19.00720841426025,30.0,0.01,-0.003895069556279,0.0029410085283132,0.0087280525885294,0.716511607170105,4.329995155334473,-0.7886673212051392,0.0,0.0009295759621873323,3.880053110481893e-06
0.058505161479413,-7.468174204284,-3.676918015967,-9.550745259298,0.7710491318810591,4.3158876789105,-0.7990088555086252,2.096235554707375e-06,2.719678189721373e-06,-1.4600071601571048e-06,-0.0003823104516106,0.000487244561486,-0.0003434451580619,19.25099159487648,13.799960625932426,-3.7312831391058335e-06,4.365507887384641e-22,-1.4895443071719092,4.2967127206258695,-0.0348831700469211,-0.0005828159546447,0.0004004284371692,3.880400008081357e-05,1.0,False,,,,,,,,,,,,,,,,,,40.0,19.032367385010623,30.0,0.01,-0.004000699258925,0.0029718766511831,0.0086696225182985,0.7683913111686707,4.316577434539795,-0.7984961271286011,0.0,0.0007081829712048637,3.731283139105832e-06
0.0586052244338067,-7.468174204284,-3.676918015967,-9.550745259298,0.8247427775458566,4.30175884517647,-0.809410987197361,2.0065590489523285e-06,2.6052123599430925e-06,-1.398805222874098e-06,-0.0002195715574112,0.0003547173808538,-0.0002283000491269,19.25159197260284,13.799960625932426,-3.573523010821756e-06,4.365507887384641e-22,-1.4895443071719092,4.2967127206258695,-0.0348831700469211,-0.0003636849490803,0.0003040614619249,3.7906288655572514e-05,1.0,False,,,,,,,,,,,,,,,,,,40.0,19.057515948404205,30.0,0.01,-0.0041066466473983,0.0029996613473513,0.0086103127187471,0.8220210075378418,4.302485466003418,-0.8088798522949219,0.0,0.0004755596718973389,3.573523010821756e-06
0.0587052700496587,-7.468174204284,-3.676918015967,-9.550745259298,0.8793579246131836,4.286902080105414,-0.8200668973522741,1.913401708141571e-06,2.4860573227580604e-06,-1.3350632581595027e-06,-5.286896889320632e-05,0.0002170338204349,-0.0001028189128141,19.252192246297952,13.799960625932426,-3.409395989327952e-06,1.0587911840678754e-22,-1.4895443071719092,4.2967127206258695,-0.0348831700469211,-0.0001362908485884,0.0002003014442129,4.212685549552295e-05,1.0,False,,,,,,,,,,,,,,,,,,40.0,19.082660154146968,30.0,0.01,-0.0042128672127381,0.0030243535447844,0.0085501482726316,0.8765513300895691,4.287679672241211,-0.8195207118988037,0.0,0.00024590757596437067,3.4093959893279518e-06
0.0588053123397136,-7.468174204284,-3.676918015967,-9.550745259298,0.9340605758707846,4.271356700387889,-0.8306277264719951,1.8184769490176604e-06,2.364431120716948e-06,-1.269971328585484e-06,0.0001146879885483,7.647784197108645e-05,3.091301031223794e-05,19.25279250003828,13.799960625932426,-3.2419469635008777e-06,4.365507887384641e-22,-1.4895443071719092,4.2967127206258695,-0.0348831700469211,9.527937883141378e-05,9.073856923639956e-05,5.144085204203508e-05,1.0,False,,,,,,,,,,,,,,,,,,40.0,19.107803524025748,30.0,0.01,-0.0043193058786295,0.0030459412027075,0.0084891600830992,0.9312699437141418,4.272170543670654,-0.8300924897193909,0.0,0.0001412721106106014,3.2419469635008777e-06
0.0589053242719832,-7.468174204284,-3.676918015967,-9.550745259298,0.988026310515056,4.2551481804682885,-0.8407992102565186,1.7235166949978365e-06,2.2425815878487403e-06,-1.204736248169397e-06,0.0002804487257157,-6.402624417969712e-05,0.0001705661842426,19.2533925716319,13.799960625932426,-3.074259488681415e-06,1.0587911840678754e-22,-1.4895443071719092,4.2967127206258695,-0.0348831700469211,0.0003271162858004,-2.2236276336660296e-05,6.59102001610787e-05,1.0,False,,,,,,,,,,,,,,,,,,40.0,19.13293926416091,30.0,0.01,-0.0044258637891019,0.0030644056164511,0.0084274045790017,0.9852954149246216,4.255991458892822,-0.8402944803237915,0.0,0.00033443036779933535,3.074259488681415e-06
0.0590054300475217,-7.468174204284,-3.676918015967,-9.550745259298,1.0403711402489173,4.238428353301424,-0.8502074599009566,1.6304039598301932e-06,2.1229622187756583e-06,-1.1406764999627554e-06,0.0004413552081785,-0.0002021931892195,0.000313597391715,19.25399320628513,13.799960625932426,-2.909695608160092e-06,4.365507887384641e-22,-1.4895443071719092,4.2967127206258695,-0.0348831700469211,0.0005550310317084,-0.0001367986136239,8.512651052865186e-05,1.0,False,,,,,,,,,,,,,,,,,,40.0,19.158098589681988,30.0,0.01,-0.0045326032131984,0.0030797543067541,0.0083648443812023,1.0376949310302734,4.2393107414245605,-0.8497403264045715,0.0,0.0005779444866451195,2.909695608160091e-06
0.0591055168521845,-7.468174204284,-3.676918015967,-9.550745259298,1.089962051841956,4.221438921512184,-0.8584814467093271,1.5414932355085138e-06,2.0086441064457327e-06,-1.0794428866297543e-06,0.0005938524311502,-0.0003349997089624,0.0004566455449977,19.254593727113107,13.799960625932426,-2.752462440610818e-06,1.0587911840678754e-22,-1.4895443071719092,4.2967127206258695,-0.0348831700469211,0.0007739304616758,-0.0002503469941965,0.0001084836012553,1.0,False,,,,,,,,,,,,,,,,,,40.0,19.18325314730199,30.0,0.0099999999999999,-0.0046393336490338,0.0030919560435152,0.0083015896741474,1.087397575378418,4.222352504730225,-0.8580706119537354,0.0,0.0008206160300372777,2.752462440610818e-06
0.0592055959083345,-7.468174204284,-3.676918015967,-9.550745259298,1.1360413866442518,4.204338479253081,-0.8654247810299488,1.4584177135380072e-06,1.90176874883728e-06,-1.0221879927094606e-06,0.0007360440354528,-0.0004597348027959,0.0005971227054612,19.255194201450006,13.799960625932426,-2.605489376999057e-06,1.0587911840678754e-22,-1.4895443071719092,4.2967127206258695,-0.0348831700469211,0.0009805630064899,-0.0003602488033107,0.0001356076193344,1.0,False,,,,,,,,,,,,,,,,,,40.0,19.20840575750832,30.0,0.01,-0.0047459967260466,0.0031010050705944,0.0082376745886507,1.133644938468933,4.205263137817383,-0.8650882244110107,0.0,0.0010534099090120288,2.605489376999058e-06
0.059305629962463,-7.468174204284,-3.676918015967,-9.550745259298,1.177936998013145,4.187395798740543,-0.8708134742925141,1.382661325769414e-06,1.8042883941537677e-06,-9.699633850936004e-07,0.0008660103941949,-0.0005747054130471,0.0007326230910942,19.255794405774772,13.799960625932426,-2.4714445005863783e-06,8.536247427581424e-22,-1.4895443071719092,4.2967127206258695,-0.0348831700469211,0.0011719718349565,-0.0004647756956058,0.0001657180710921,1.0,False,,,,,,,,,,,,,,,,,,40.0,19.23354705747302,30.0,0.01,-0.0048524825366714,0.003106894173866,0.0081731647373398,1.1757657527923584,4.188313961029053,-0.8705612421035767,0.0,0.0012716119330376168,2.471444500586378e-06
0.0594056991110387,-7.468174204284,-3.676918015967,-9.550745259298,1.2149022261039335,4.1708708378454125,-0.8744088921790799,1.31589009035186e-06,1.7184002700675696e-06,-9.239532897835704e-07,0.0009818041761509,-0.0006778156367732,0.0008604199936274,19.25639482066623,13.799960625932426,-2.3533286850239187e-06,5.293955920339377e-23,-1.4895443071719092,4.2967127206258695,-0.0348831700469211,0.0013449692315753,-0.0005617397231729,0.0001979956886417,1.0,False,,,,,,,,,,,,,,,,,,40.0,19.25869717763435,30.0,0.01,-0.0049588061574684,0.0031096242411963,0.0081080502324058,1.21299409866333,4.171772003173828,-0.8742609024047852,0.0,0.0014709507276572458,2.3533286850239183e-06
0.0595057578318264,-7.468174204284,-3.676918015967,-9.550745259298,1.246208904181398,4.154967782843048,-0.87606575954363,1.2596968810134812e-06,1.6462106778350854e-06,-8.852936418129745e-07,0.0010819819743291,-0.0007663888703184,0.0009776835301549,19.25699517299096,13.799960625932426,-2.254016561626783e-06,4.365507887384641e-22,-1.4895443071719092,4.2967127206258695,-0.0348831700469211,0.001496646963378,-0.000648248061381,0.0002317850219158,1.0,False,,,,,,,,,,,,,,,,,,40.0,19.283844677006684,30.0,0.01,-0.0050648490530665,0.003109190610515,0.0080424024903716,1.2446283102035522,4.155829429626465,-0.8760274052619934,0.0,0.0016473924785724737,2.2540165616267825e-06
0.0596058049050435,-7.468174204284,-3.676918015967,-9.550745259298,1.2711991291514946,4.140058917490545,-0.8756543667507966,1.215520137124569e-06,1.5896306488871857e-06,-8.550162178314458e-07,0.0011645742076193,-0.0008398266355347,0.0010819147191438,19.25759545543026,13.799960625932426,-2.176112942011884e-06,4.268123713790712e-22,-1.4895443071719092,4.2967127206258695,-0.0348831700469211,0.0016242487758914,-0.0007234195944585,0.0002656338206529,1.0,False,,,,,,,,,,,,,,,,,,40.0,19.30898924902523,30.0,0.01,-0.0051705400914542,0.0031055941287054,0.007976264806939,1.2699614763259888,4.140872001647949,-0.8757361769676208,0.0,0.0017977990216666772,2.176112942011884e-06
0.0597058462123334,-7.468174204284,-3.676918015967,-9.550745259298,1.2893361374326713,4.1264496057104765,-0.8731035284744741,1.1845799065667078e-06,1.550290993453227e-06,-8.340027727544066e-07,0.0012280973340741,-0.0008975929229758,0.0011708077244448,19.258195703274,13.799960625932426,-2.1218370211648734e-06,5.293955920339377e-23,-1.4895443071719092,4.2967127206258695,-0.0348831700469211,0.0017255399096226,-0.0007863253796992,0.0002981463776339,1.0,False,,,,,,,,,,,,,,,,,,40.0,19.334132371908225,30.0,0.0099999999999999,-0.0052758158608447,0.003098837250164,0.0079096760173508,1.288494348526001,4.127184867858887,-0.8733073472976685,0.0,0.0019195538140296465,2.121837021164873e-06
0.059805931052727,-7.468174204284,-3.676918015967,-9.550745259298,1.3005064308646443,4.114230573366285,-0.8682751356039057,1.1673988651452713e-06,1.5289143635439474e-06,-8.226470906331562e-07,0.001272587556456,-0.0009388743888742,0.001242879739324,19.25879621231636,13.799960625932426,-2.092163348575024e-06,5.293955920339377e-23,-1.4895443071719092,4.2967127206258695,-0.0348831700469211,0.0017998678540034,-0.0008356127740596,0.0003285441420969,1.0,False,,,,,,,,,,,,,,,,,,40.0,19.359286435853523,30.0,0.01,-0.0053806584879645,0.0030889187421221,0.0078426459336413,1.300052523612976,4.114894390106201,-0.86861652135849,0.0,0.002011396095589491,2.092163348575024e-06
0.0599059691684484,-7.468174204284,-3.676918015967,-9.550745259298,1.30460053606798,4.103544860266988,-0.8611152444754451,1.1644161470568849e-06,1.5261144327086726e-06,-8.212843750165733e-07,0.0012977312308159,-0.0009638268764439,0.0012967410020465,19.25939644101069,13.799960625932426,-2.0879172037930238e-06,4.365507887384641e-22,-1.4895443071719092,4.2967127206258695,-0.0348831700469211,0.0018465358918297,-0.0008708790960896,0.0003556411418241,1.0,False,,,,,,,,,,,,,,,,,,40.0,19.38442875660787,30.0,0.01,-0.0054849042512125,0.0030758536270364,0.0077752781185033,1.304560899734497,4.104116916656494,-0.8615923523902893,0.0,0.0020723430752602515,2.0879172037930234e-06
0.0600060106711954,-7.468174204284,-3.676918015967,-9.550745259298,1.3015441803811163,4.094468695247014,-0.8516617375911636,1.1759372049129852e-06,1.5423328565087195e-06,-8.301576714530153e-07,0.0013033394844613,-0.0009728866679701,0.0013312149627435,19.25999669002717,13.799960625932426,-2.109687348788252e-06,5.293955920339377e-23,-1.4895443071719092,4.2967127206258695,-0.0348831700469211,0.0018651009142924,-0.0008919961483933,0.0003782552157726,1.0,False,,,,,,,,,,,,,,,,,,40.0,19.409571928614596,30.0,0.01,-0.0055885368756263,0.0030596453709919,0.0077075823572331,1.3019165992736816,4.094958305358887,-0.8522777557373047,0.0,0.0021017458356095272,2.109687348788252e-06
0.0601060572077106,-7.468174204284,-3.676918015967,-9.550745259298,1.2916593643008198,4.08690625687752,-0.8400064075544329,1.2014784402810815e-06,1.5769763446053792e-06,-8.489529621220881e-07,0.0012905000321974,-0.0009667915563691,0.0013461706995539,19.26059696924626,13.799960625932426,-2.156646926550814e-06,5.293955920339377e-23,-1.4895443071719092,4.2967127206258695,-0.0348831700469211,0.0018566985560989,-0.000899070455373,0.0003957203393322,1.0,False,,,,,,,,,,,,,,,,,,40.0,19.43471636574527,30.0,0.01,-0.0056914895189653,0.0030403033054683,0.0076396009625023,1.2924002408981323,4.087315082550049,-0.8407524228096008,0.0,0.0021005360741738082,2.156646926550814e-06
0.0602061153676627,-7.468174204284,-3.676918015967,-9.550745259298,1.2753262884960703,4.080751941142548,-0.826154458785908,1.2404797167950236e-06,1.629349382141304e-06,-8.773009683636956e-07,0.0012601730147137,-0.0009466654047455,0.0013416255610339,19.261197318205976,13.799960625932426,-2.2278299589412087e-06,4.268123713790712e-22,-1.4895443071719092,4.2967127206258695,-0.0348831700469211,0.0018224936026312,-0.0008926342405519,0.0004072981003354,1.0,False,,,,,,,,,,,,,,,,,,40.0,19.45986372416425,30.0,0.01,-0.0057937007249696,0.0030178373978215,0.0075713730161573,1.2764939069747925,4.0810747146606445,-0.8270449042320251,0.0,0.002069823799644333,2.2278299589412087e-06
0.0603061851382815,-7.468174204284,-3.676918015967,-9.550745259298,1.2522169949791515,4.07602185258434,-0.8101883886876716,1.293635597521188e-06,1.7004035606707252e-06,-9.157191542422334e-07,0.0012112778279458,-0.0009126773572787,0.0013156939367591,19.26179773682969,13.799960625932426,-2.3245229398226624e-06,0.0,-1.4895443071719092,4.2967127206258695,-0.0348831700469211,0.0017609327914557,-0.0008723602944946,0.0004114944601723,1.0,False,,,,,,,,,,,,,,,,,,40.0,19.485014000662048,30.0,0.01,-0.0058951025963467,0.0029922606103583,0.0075029422107759,1.253783106803894,4.0762715339660645,-0.8111982941627502,0.0,0.0020077909428491266,2.3245229398226624e-06
0.0604062724088265,-7.468174204284,-3.676918015967,-9.550745259298,1.2229862976628707,4.072273188703272,-0.7922847962178635,1.3596774533415234e-06,1.788510923523834e-06,-9.63335940957404e-07,0.0011464254067776,-0.0008645665312826,0.0012692119984498,19.26239826045296,13.799960625932426,-2.444485679203225e-06,1.0587911840678754e-22,-1.4895443071719092,4.2967127206258695,-0.0348831700469211,0.0016746017397226,-0.0008374229934619,0.0004087754159288,1.0,False,,,,,,,,,,,,,,,,,,40.0,19.510168675371,30.0,0.01,-0.0059956336005352,0.0029635861456456,0.0074343483161249,1.2249083518981934,4.072487831115723,-0.7934297323226929,0.0,0.0019164199950240939,2.4444856792032255e-06
0.0605063665536156,-7.468174204284,-3.676918015967,-9.550745259298,1.1883516196582284,4.069168161681365,-0.7725748364008946,1.4372076454292906e-06,1.8918687229404127e-06,-1.019184943897009e-06,0.0010677936118043,-0.0008033474193006,0.0012033864106234,19.26299882532169,13.799960625932426,-2.5852410005233443e-06,4.235164736271503e-22,-1.4895443071719092,4.2967127206258695,-0.0348831700469211,0.0015661331134231,-0.0007883518774828,0.000399271229979,1.0,False,,,,,,,,,,,,,,,,,,40.0,19.535325077765943,30.0,0.01,-0.0060952161320875,0.002931833988511,0.0073656425223432,1.1906565427780151,4.069340705871582,-0.7738428115844727,0.0,0.0017982461251953461,2.5852410005233443e-06
0.0606063935923158,-7.468174204284,-3.676918015967,-9.550745259298,1.1484852799383565,4.06660585346325,-0.7513313637875291,1.5257443345897297e-06,2.0098743750029467e-06,-1.0829456373259416e-06,0.0009755115302975,-0.0007306987886209,0.0011181304728065,19.26359898755389,13.799960625932426,-2.745953756207382e-06,4.365507887384641e-22,-1.4895443071719092,4.2967127206258695,-0.0348831700469211,0.0014360403143181,-0.0007263931746231,0.0003819690971374,1.0,False,,,,,,,,,,,,,,,,,,40.0,19.560464614561223,30.0,0.01,-0.006193711514317,0.002897050420631,0.0072969196609074,1.151089787483215,4.066755771636963,-0.7526881098747253,0.0,0.0016540130651400272,2.7459537562073825e-06
0.0607064943710149,-7.468174204284,-3.676918015967,-9.550745259298,1.1039956755398272,4.064262095951593,-0.7287148634205051,1.623998210225853e-06,2.1408621196852243e-06,-1.1537247089860875e-06,0.0008714215924243,-0.0006476709312837,0.0010146622329386,19.26419959222609,13.799960625932426,-2.9243360795990804e-06,0.0,-1.4895443071719092,4.2967127206258695,-0.0348831700469211,0.0012866628827475,-0.0006522396907329,0.0003570359728622,1.0,False,,,,,,,,,,,,,,,,,,40.0,19.5856226842396,30.0,0.01,-0.0062911929853313,0.0028592081903395,0.0072281269597048,1.106918215751648,4.064408302307129,-0.7301738858222961,0.0,0.0014860661741406887,2.92433607959908e-06
0.0608065970441814,-7.468174204284,-3.676918015967,-9.550745259298,1.0556106273467876,4.061864602972295,-0.704910729050862,1.7303964236052642e-06,2.282784284289391e-06,-1.2304219810372154e-06,0.0007575197739896,-0.0005558380229874,0.0008946647613191,19.26480020826509,13.799960625932426,-3.117581454083287e-06,0.0,-1.4895443071719092,4.2967127206258695,-0.0348831700469211,0.0011207632063389,-0.0005671587903742,0.000324712015097,1.0,False,,,,,,,,,,,,,,,,,,40.0,19.61078123004956,30.0,0.01,-0.0063875246538899,0.0028183550222879,0.0071593577759665,1.0588111877441406,4.06202507019043,-0.7064644694328308,0.0,0.0012973885890241051,3.117581454083287e-06
0.0609066104117645,-7.468174204284,-3.676918015967,-9.550745259298,1.0041905255399448,4.059153091842449,-0.6801764257352246,1.8430259727366e-06,2.433137518589846e-06,-1.311690769897213e-06,0.000636244994553,-0.0004570714362202,0.0007605245021387,19.265400288470587,13.799960625932426,-3.3222636253591903e-06,1.0587911840678754e-22,-1.4895443071719092,4.2967127206258695,-0.0348831700469211,0.0009418103630606,-0.0004728113393429,0.0002855909429165,1.0,False,,,,,,,,,,,,,,,,,,40.0,19.63591733091836,30.0,0.01,-0.006482556382808,0.0027745579910641,0.0070907186305717,1.0075658559799194,4.059340476989746,-0.6817840933799744,0.0,0.001091842254749037,3.32226362535919e-06
0.0610066374571225,-7.468174204284,-3.676918015967,-9.550745259298,0.950542296392539,4.055755301779639,-0.6547602519814948,1.9600450551197103e-06,2.589508469838868e-06,-1.3962323934671073e-06,0.0005104918040415,-0.0003516278613769,0.000614670898443,19.26600045074273,13.799960625932426,-3.535080710540192e-06,1.0587911840678754e-22,-1.4895443071719092,4.2967127206258695,-0.0348831700469211,0.0007532952055656,-0.0003694169505077,0.000241126104419,1.0,False,,,,,,,,,,,,,,,,,,40.0,19.6610568693869,30.0,0.01,-0.00657632431865,0.0027278032056812,0.0070221825757385,0.954089343547821,4.055996894836426,-0.6564301252365112,0.0,0.0008729629707397459,3.5350807105401922e-06
0.0611066818268189,-7.468174204284,-3.676918015967,-9.550745259298,0.8952501393750538,4.051626034468449,-0.6288670597503999,2.08006239039963e-06,2.7500708491640844e-06,-1.4830636584415224e-06,0.0003815788954191,-0.0002419281561537,0.0004591126697832,19.266600716960912,13.799960625932426,-3.753535272029164e-06,4.365507887384641e-22,-1.4895443071719092,4.2967127206258695,-0.0348831700469211,0.0005576817593761,-0.0002593302206275,0.0001914550120867,1.0,False,,,,,,,,,,,,,,,,,,40.0,19.68620076193661,30.0,0.01,-0.0066687690002957,0.0026781173275569,0.006953790879839,0.8988808393478394,4.051919937133789,-0.6305601596832275,0.0,0.0006441398370886924,3.753535272029163e-06
0.0612067543215217,-7.468174204284,-3.676918015967,-9.550745259298,0.8390598202835792,4.046624531439938,-0.6027322110138253,2.2013431537208337e-06,2.9125386715199074e-06,-1.5709527584540558e-06,0.0002517797361978,-0.0001294419296758,0.000296539034164,19.26720115192913,13.799960625932426,-3.974504467581706e-06,1.0587911840678754e-22,-1.4895443071719092,4.2967127206258695,-0.0348831700469211,0.0003582848761459,-0.0001440971588089,0.0001376648242988,1.0,False,,,,,,,,,,,,,,,,,,40.0,19.71135172307137,30.0,0.01,-0.0067598380129826,0.0026255246498051,0.0068855798849117,0.8427751064300537,4.046985149383545,-0.6044621467590332,0.0,0.0004099800574429767,3.974504467581706e-06
0.0613068045881154,-7.468174204284,-3.676918015967,-9.550745259298,0.7829820232802415,4.040502608700859,-0.5766735776529734,2.32160466640854e-06,3.073892582033495e-06,-1.6582712291758506e-06,0.0001246464844212,-1.4565584383618944e-05,0.0001307187180877,19.26780145352869,13.799960625932426,-4.1938678212937085e-06,0.0,-1.4895443071719092,4.2967127206258695,-0.0348831700469211,0.0001596640166154,-2.4419067658604493e-05,8.214253781346213e-05,1.0,False,,,,,,,,,,,,,,,,,,40.0,19.73649709767302,30.0,0.01,-0.0068494248226949,0.0025700848945414,0.0068176273903096,0.7866826057434082,4.040942192077637,-0.5783916711807251,0.0,0.00018120785188697637,4.193867821293709e-06
0.0614069097957053,-7.468174204284,-3.676918015967,-9.550745259298,0.7273599763588368,4.03335303071314,-0.550755539275976,2.4400115274480643e-06,3.2330248331779387e-06,-1.7444212631447462e-06,8.677593370227989e-07,0.0001009908583073,-3.668895053256822e-05,19.26840208477423,13.799960625932426,-4.4101146662344485e-06,8.536247427581424e-22,-1.4895443071719092,4.2967127206258695,-0.0348831700469211,-3.658389062479607e-05,9.783503251811244e-05,2.521727419905864e-05,1.0,False,,,,,,,,,,,,,,,,,,40.0,19.76165628045305,30.0,0.01,-0.0069375380964147,0.0025117892939124,0.0067499244220792,0.7310674786567688,4.033862590789795,-0.5524900555610657,0.0,0.00010745224780847245,4.410114666234449e-06
0.0615069347432327,-7.468174204284,-3.676918015967,-9.550745259298,0.6729421962390879,4.025301986119059,-0.5251357880518382,2.554925323300854e-06,3.387754781060368e-06,-1.8282250138727628e-06,-0.0001176759180606,0.0002147042352654,-0.0002024275115034,19.2690022344594,13.799960625932426,-4.620274079055421e-06,8.731015774769282e-22,-1.4895443071719092,4.2967127206258695,-0.0348831700469211,-0.0002270526340302,0.0002198643382356,-3.208117669210425e-05,1.0,False,,,,,,,,,,,,,,,,,,40.0,19.786795291679287,30.0,0.01,-0.0070240007232986,0.0024507548345519,0.0066826053736562,0.6765517592430115,4.025869369506836,-0.5268463492393494,0.0,0.00031768290439645065,4.620274079055421e-06
0.0616069681837947,-7.468174204284,-3.676918015967,-9.550745259298,0.6199506590002251,4.016418428080687,-0.4995480202675459,2.665946525320387e-06,3.5375445231467157e-06,-1.9093911536447347e-06,-0.0002304775596257,0.000326443725374,-0.0003654420444958,19.26960243510277,13.799960625932426,-4.823615522274753e-06,2.1175823681357513e-22,-1.4895443071719092,4.2967127206258695,-0.0348831700469211,-0.0004109052775849,0.0003412686538529,-8.902728774181483e-05,1.0,False,,,,,,,,,,,,,,,,,,40.0,19.811936437437915,30.0,0.01,-0.0071088334624173,0.0023869693265931,0.006615652971364,0.6235028505325317,4.017050743103027,-0.5012773275375366,0.0,0.0005415102023160265,4.823615522274753e-06
0.0617069793663118,-7.468174204284,-3.676918015967,-9.550745259298,0.5694967240431682,4.006674898494401,-0.4743710752726823,2.7706987132671693e-06,3.6792266480863376e-06,-1.986208268415366e-06,-0.0003337547323904,0.0004351074911508,-0.0005206817893162,19.27020250219787,13.799960625932426,-5.015825293330156e-06,8.731015774769282e-22,-1.4895443071719092,4.2967127206258695,-0.0348831700469211,-0.0005827791326248,0.000460276371871,-0.0001425988080192,1.0,False,,,,,,,,,,,,,,,,,,40.0,19.83707198913972,30.0,0.01,-0.007191953988715,0.0023204936635622,0.006549130246191,0.5728549957275391,4.00736141204834,-0.4760682284832001,0.0,0.0007561879898372168,5.015825293330155e-06
0.0618069877491172,-7.468174204284,-3.676918015967,-9.550745259298,0.5218409565215787,3.996235911374054,-0.4498613202909992,2.868553669409049e-06,3.8119489229364975e-06,-2.058213975485753e-06,-0.0004267481364107,0.0005395410301889,-0.000666131935328,19.2708025524947,13.799960625932426,-5.195748215054471e-06,0.0,-1.4895443071719092,4.2967127206258695,-0.0348831700469211,-0.0007410379317277,0.0005753223001341,-0.0001918783082064,1.0,False,,,,,,,,,,,,,,,,,,40.0,19.862206837197213,30.0,0.01,-0.0072733236148997,0.0022513583843445,0.0064830663283806,0.5250111222267151,3.9969699382781982,-0.4515111148357391,0.0,0.0009575751931055501,5.19574821505447e-06
0.0619070331133065,-7.468174204284,-3.676918015967,-9.550745259298,0.4771998920338467,3.98535066448352,-0.4261385504281836,2.959086660160605e-06,3.935127904377208e-06,-2.1250908148162536e-06,-0.0005090901793613,0.0006379509256572,-0.0007999659825725,19.27140282467984,13.799960625932426,-5.36259605577047e-06,2.1175823681357513e-22,-1.4895443071719092,4.2967127206258695,-0.0348831700469211,-0.000884302271876,0.0006842692039958,-0.0002363999068533,1.0,False,,,,,,,,,,,,,,,,,,40.0,19.88735097969025,30.0,0.01,-0.0073529193975846,0.0021795788242754,0.0064174771118713,0.4801393449306488,3.986100435256958,-0.4277336001396179,0.0,0.0011428472196851967,5.36259605577047e-06
0.0620071160568675,-7.468174204284,-3.676918015967,-9.550745259298,0.4361404254221848,3.974293714738218,-0.4032252211059222,3.041318852898808e-06,4.047440028419149e-06,-2.1861212217036683e-06,-0.0005794054455437,0.0007280514761368,-0.0009190334926791,19.2720033223412,13.799960625932426,-5.514573160692536e-06,0.0,-1.4895443071719092,4.2967127206258695,-0.0348831700469211,-0.0010097207803505,0.0007843597956908,-0.0002750197075282,1.0,False,,,,,,,,,,,,,,,,,,40.0,19.912504566909515,30.0,0.01,-0.0074306864788432,0.0021051975632824,0.0063524044009087,0.4388636648654938,3.9750664234161377,-0.4047947525978088,0.0,0.0013078196293436692,5.5145731606925356e-06
0.0621071295361059,-7.468174204284,-3.676918015967,-9.550745259298,0.3989218731966271,3.963225758682161,-0.3810644622950972,3.114917485854719e-06,4.148415031656907e-06,-2.241047688284313e-06,-0.0006370553376043,0.0008095621716747,-0.0010216542097752,19.272603403216635,13.799960625932426,-5.651048837138547e-06,8.470329472543003e-22,-1.4895443071719092,4.2967127206258695,-0.0348831700469211,-0.0011160962175945,0.0008748340244721,-0.0003065981083198,1.0,False,,,,,,,,,,,,,,,,,,40.0,19.937640695840336,30.0,0.01,-0.00750649048359,0.0020283429463277,0.0062879587714817,0.401370644569397,3.963990211486816,-0.3825799822807312,0.0,0.0014508644793116182,5.651048837138547e-06
0.0622072212346893,-7.468174204284,-3.676918015967,-9.550745259298,0.3655998036603824,3.952420472305157,-0.3595639430332173,3.17997799869773e-06,4.238159579053856e-06,-2.2899252241903515e-06,-0.000682202914356,0.0008808413164374,-0.0011066816308951,19.27320395340813,13.799960625932426,-5.772175865487019e-06,8.470329472543003e-22,-1.4895443071719092,4.2967127206258695,-0.0348831700469211,-0.0012027915499886,0.0009537875967157,-0.0003310712625507,1.0,False,,,,,,,,,,,,,,,,,,40.0,19.962796483436733,30.0,0.01,-0.0075803921779755,0.0019489503951667,0.0062240860200729,0.3678276240825653,3.9531660079956055,-0.3610567152500152,0.0,0.001570358708467473,5.772175865487019e-06
0.0623072555295184,-7.468174204284,-3.676918015967,-9.550745259298,0.33626263789902,3.942098675367743,-0.33875828312455,3.23651967215312e-06,4.316670519715143e-06,-2.332748442411995e-06,-0.0007148692619697,0.0009408163541779,-0.0011730441204169,19.27380415917711,13.799960625932426,-5.877960467678184e-06,0.0,-1.4895443071719092,4.2967127206258695,-0.0348831700469211,-0.0012692082071059,0.0010198590013277,-0.0003481438307199,1.0,False,,,,,,,,,,,,,,,,,,40.0,19.987937843896106,30.0,0.01,-0.0076522411808713,0.0018671775214504,0.0061609133262176,0.3382144570350647,3.942816257476807,-0.3402198851108551,0.0,0.0016649942890119348,5.877960467678183e-06
0.0624073073449541,-7.468174204284,-3.676918015967,-9.550745259298,0.3112101715434604,3.9324671961121793,-0.3187040446481913,3.2841948823669136e-06,4.383461449999428e-06,-2.3692515827542285e-06,-0.0007342871238558,0.0009880065584,-0.0012186458427804,19.27440447006972,13.799960625932426,-5.9677486015564965e-06,8.731015774769282e-22,-1.4895443071719092,4.2967127206258695,-0.0348831700469211,-0.0013135940769507,0.0010711886432948,-0.0003570122145028,1.0,False,,,,,,,,,,,,,,,,,,40.0,20.01308360776421,30.0,0.01,-0.0077220441552257,0.0017830169099213,0.0060984329760749,0.3128587603569031,3.9331283569335938,-0.3201108872890472,0.0,0.0017321755770786595,5.9677486015564965e-06
0.0625073192028637,-7.468174204284,-3.676918015967,-9.550745259298,0.2903476286259265,3.9236866085757343,-0.2993592296208059,3.323421798933643e-06,4.439063273979347e-06,-2.399718124516821e-06,-0.000740977535878,0.0010218728629823,-0.0012433380875031,19.275004541217186,13.799960625932426,-6.0422729399749975e-06,0.0,-1.4895443071719092,4.2967127206258695,-0.0348831700469211,-0.0013362400078299,0.0011070769615512,-0.0003577774437952,1.0,False,,,,,,,,,,,,,,,,,,40.0,20.03821932921065,30.0,0.01,-0.0077897146930198,0.0016965715797568,0.0060367201257066,0.2917440235614776,3.9242851734161377,-0.3007356524467468,0.0,0.0017717678901626312,6.0422729399749975e-06
0.0626073610174091,-7.468174204284,-3.676918015967,-9.550745259298,0.2731533814555811,3.915796300961177,-0.2804399205952537,3.3554219104396967e-06,4.485086340006455e-06,-2.425015908097737e-06,-0.0007366579575455,0.0010434165194276,-0.0012490907043004,19.275604792104453,13.799960625932426,-6.103733105968704e-06,8.470329472543003e-22,-1.4895443071719092,4.2967127206258695,-0.0348831700469211,-0.0013396026814015,0.0011285763852119,-0.0003512699328479,1.0,False,,,,,,,,,,,,,,,,,,40.0,20.063362579580865,30.0,0.01,-0.0078552547498231,0.0016078368323451,0.0059757705390966,0.2742790281772613,3.9163334369659424,-0.2817873358726501,0.0,0.0017865079252550728,6.103733105968705e-06
0.0627074213871183,-7.468174204284,-3.676918015967,-9.550745259298,0.2596015336350318,3.908888303444504,-0.262121873896865,3.3803869059392614e-06,4.521765621433839e-06,-2.445269273513581e-06,-0.0007214605283027,0.0010520074376577,-0.0012354951037804,19.27620515432271,13.799960625932426,-6.152456565390461e-06,8.731015774769282e-22,-1.4895443071719092,4.2967127206258695,-0.0348831700469211,-0.0013235112069213,0.0011349438489976,-0.0003374813165607,1.0,False,,,,,,,,,,,,,,,,,,40.0,20.088510493372365,30.0,0.01,-0.0079186109825286,0.0015168780053093,0.0059156302474365,0.2604572176933288,3.909355878829956,-0.2634324431419372,0.0,0.001775858410530319,6.152456565390462e-06
0.0628074873916166,-7.468174204284,-3.676918015967,-9.550745259298,0.2498078768391336,3.903011238585956,-0.2442127082981339,3.3983397849923445e-06,4.549110913142304e-06,-2.4604808489527524e-06,-0.0006951659662728,0.001047664386413,-0.0012019210972749,19.2768055503497,13.799960625932426,-6.18846422001416e-06,8.731015774769282e-22,-1.4895443071719092,4.2967127206258695,-0.0348831700469211,-0.0012875662925372,0.0011259851817094,-0.0003159131592535,1.0,False,,,,,,,,,,,,,,,,,,40.0,20.113659823340846,30.0,0.01,-0.0079797314960078,0.0014237643607663,0.0058563453020319,0.250403881072998,3.9034054279327393,-0.2455209344625473,0.0,0.0017393880278122598,6.188464220014161e-06
0.0629075626532464,-7.468174204284,-3.676918015967,-9.550745259298,0.2437361979471763,3.898223298876625,-0.2266167171147461,3.409539898947856e-06,4.567449213591899e-06,-2.47082493257028e-06,-0.0006580245647374,0.0010300752880121,-0.0011483520554182,19.27740600191948,13.799960625932426,-6.212208181369129e-06,8.470329472543003e-22,-1.4895443071719092,4.2967127206258695,-0.0348831700469211,-0.0012319119942609,0.0011013475866932,-0.0002866883353668,1.0,False,,,,,,,,,,,,,,,,,,40.0,20.13881147988023,30.0,0.01,-0.0080385765090572,0.0013285517706409,0.0057979511813019,0.2440582066774368,3.89854097366333,-0.2279024571180343,0.0,0.0016771296521003558,6.212208181369129e-06
0.0630076389666972,-7.468174204284,-3.676918015967,-9.550745259298,0.2412387808648288,3.894474521874996,-0.2094316425776338,3.4143441818050664e-06,4.577238917126788e-06,-2.4765469885052985e-06,-0.0006104314554058,0.0009998664924743,-0.0010752825880755,19.27800645980018,13.799960625932426,-6.2243190215927055e-06,0.0,-1.4895443071719092,4.2967127206258695,-0.0348831700469211,-0.0011572268880007,0.0010616077467856,-0.0002498141917366,1.0,False,,,,,,,,,,,,,,,,,,40.0,20.163963400771053,30.0,0.01,-0.0080951008093041,0.0012313087981869,0.0057404896594898,0.2413145452737808,3.8947207927703857,-0.2106997519731521,0.0,0.0015901547750895345,6.2243190215927055e-06
0.0631077177018315,-7.468174204284,-3.676918015967,-9.550745259298,0.2419112276788663,3.891711692287648,-0.1927390760226776,3.413552139018904e-06,4.579533839250487e-06,-2.4782149060784517e-06,-0.0005535917635616,0.0009577329083893,-0.000984450474674,19.278606932210987,13.799960625932426,-6.226236223542298e-06,1.7462031549538564e-21,-1.4895443071719092,4.2967127206258695,-0.0348831700469211,-0.0010653480165835,0.0010076637752185,-0.0002061703694883,1.0,False,,,,,,,,,,,,,,,,,,40.0,20.189115930297334,30.0,0.01,-0.0081492665011937,0.0011320964023125,0.0056839962375421,0.2417547553777694,3.891890287399292,-0.1939837336540222,0.0,0.0014808304769894944,6.226236223542298e-06
0.0632077783263382,-7.468174204284,-3.676918015967,-9.550745259298,0.2453046522285346,3.8895700502622472,-0.1767775061679671,3.407843640426767e-06,4.575229550470298e-06,-2.476311226462076e-06,-0.0004884142727969,0.0009078033278021,-0.0008779296132953,19.279207295958027,13.799960625932426,-6.2191833071068034e-06,8.731015774769282e-22,-1.4895443071719092,4.2967127206258695,-0.0348831700469211,-0.0009588178928667,0.0009434185373968,-0.0001550661193031,1.0,False,,,,,,,,,,,,,,,,,,40.0,20.214263908126448,30.0,0.01,-0.0082010260053344,0.0010309990465875,0.0056285178711418,0.2449461370706558,3.8896968364715576,-0.1779686510562896,0.0,0.0013540368494768253,6.2191833071068034e-06
0.0633078288178315,-7.468174204284,-3.676918015967,-9.550745259298,0.2514522414091578,3.888428305398156,-0.1612558689759355,3.397469657029394e-06,4.564648980443591e-06,-2.471008956265524e-06,-0.0004154347518139,0.0008457422153267,-0.0007557103273864,19.279807598906988,13.799960625932426,-6.203604246488052e-06,8.731015774769282e-22,-1.4895443071719092,4.2967127206258695,-0.0348831700469211,-0.0008370274701992,0.0008652092330541,-9.88029548581521e-05,1.0,False,,,,,,,,,,,,,,,,,,40.0,20.239409339251523,30.0,0.01,-0.0082503489922831,0.000928074330295,0.0055740846372279,0.2508918046951294,3.888481616973877,-0.1624348610639572,0.0,0.001207875832492252,6.203604246488051e-06
0.063407861209593,-7.468174204284,-3.676918015967,-9.550745259298,0.2599430820052549,3.888200558249482,-0.1460832787759255,3.383221232877913e-06,4.548841631681084e-06,-2.462874543933821e-06,-0.0003358501731909,0.0007726036919487,-0.0006199854846254,19.28040779325756,13.799960625932426,-6.180930117698161e-06,2.1175823681357513e-22,-1.4895443071719092,4.2967127206258695,-0.0348831700469211,-0.0007020444147421,0.0007744352169435,-3.8438773114287474e-05,1.0,False,,,,,,,,,,,,,,,,,,40.0,20.264550221417824,30.0,0.01,-0.0082971986710891,0.0008233972354513,0.005520734661721,0.2592181265354156,3.8881893157958975,-0.1472362130880355,0.0,0.0010459893903818104,6.18093011769816e-06
0.0635078703259568,-7.468174204284,-3.676918015967,-9.550745259298,0.2703357335363302,3.8887458310544663,-0.1312168193172565,3.3658889187239354e-06,4.528859536585197e-06,-2.4524762119435515e-06,-0.0002508486638128,0.0006900837906907,-0.0004731245473275,19.28100784795574,13.799960625932426,-6.1525942890342e-06,8.731015774769282e-22,-1.4895443071719092,4.2967127206258695,-0.0348831700469211,-0.0005561475569369,0.0006730925971569,2.5174951046365385e-05,1.0,False,,,,,,,,,,,,,,,,,,40.0,20.289685253838684,30.0,0.01,-0.0083415418571189,0.0007170413870665,0.0054685035517193,0.2694807350635528,3.888678789138794,-0.1323490738868713,0.0,0.000873491572709528,6.152594289034201e-06
0.0636079583336828,-7.468174204284,-3.676918015967,-9.550745259298,0.2812223879265115,3.889699512041117,-0.1165216809315543,3.3478817314073797e-06,4.507940657484906e-06,-2.441566956113184e-06,-0.000164196077472,0.0006033547015866,-0.0003219165895855,19.281608376002097,13.799960625932426,-6.122996836523804e-06,8.470329472543003e-22,-1.4895443071719092,4.2967127206258695,-0.0348831700469211,-0.0004062749116631,0.000567010044833,8.982117593193001e-05,1.0,False,,,,,,,,,,,,,,,,,,40.0,20.31484011382144,30.0,0.01,-0.0083833910458642,0.0006089650040873,0.0054173717055339,0.2803215682506561,3.8896193504333496,-0.1176696494221687,0.0,0.0007032976172533257,6.122996836523805e-06
0.0637080186903191,-7.468174204284,-3.676918015967,-9.550745259298,0.2933752074906536,3.891055992736154,-0.1017775427922355,3.327891955554709e-06,4.48431725820097e-06,-2.4291884734332967e-06,-7.373610800614145e-05,0.0005119468324826,-0.0001633364197256,19.282208738141914,13.799960625932426,-6.089739138871714e-06,8.731015774769282e-22,-1.4895443071719092,4.2967127206258695,-0.0348831700469211,-0.0002493620888669,0.0004552358384528,0.0001574301081296,1.0,False,,,,,,,,,,,,,,,,,,40.0,20.339988024327365,30.0,0.01,-0.0084226706490757,0.0004993512268333,0.0053674265238993,0.2923904955387115,3.890927791595459,-0.102938637137413,0.0,0.0005424070048604074,6.089739138871713e-06
0.0638080501968192,-7.468174204284,-3.676918015967,-9.550745259298,0.3055639851104756,3.8924939054565457,-0.0869173463822307,3.3079892066916697e-06,4.460774215524536e-06,-2.4168488575217663e-06,1.7215916604382893e-05,0.0004206360605181,-3.3252655036713347e-06,19.282808927180916,13.799960625932426,-6.0566044607173575e-06,2.1175823681357513e-22,-1.4895443071719092,4.2967127206258695,-0.0348831700469211,-9.156169221430152e-05,0.0003430618262834,0.000226201636708,1.0,False,,,,,,,,,,,,,,,,,,40.0,20.365128684003217,30.0,0.01,-0.0084593549234333,0.0003882730234146,0.005318698932885,0.3046126663684845,3.892376184463501,-0.0880937129259109,0.0,0.0004210013546099176,6.0566044607173575e-06
0.0639081255053972,-7.468174204284,-3.676918015967,-9.550745259298,0.3175833226728394,3.8942334938061687,-0.0719254589078279,3.2886943138966343e-06,4.438016959893663e-06,-2.404930702162281e-06,0.0001080040368441,0.0003270716994382,0.0001569183993147,19.28340937903238,13.799960625932426,-6.024549485958482e-06,0.0,-1.4895443071719092,4.2967127206258695,-0.0348831700469211,6.673343351305228e-05,0.0002289220997941,0.0002939480798864,1.0,False,,,,,,,,,,,,,,,,,,40.0,20.39028035234197,30.0,0.01,-0.0084934441452139,0.0002757207089746,0.0052711843681257,0.3166322112083435,3.894078731536865,-0.0731304958462715,0.0,0.0003785025133225691,6.024549485958482e-06
0.0640082049881212,-7.468174204284,-3.676918015967,-9.550745259298,0.3291087990408644,3.896362685987682,-0.0567658177404055,3.270682722719976e-06,4.416958105966749e-06,-2.393928687766244e-06,0.0001977305312938,0.0002307094694858,0.0003154685184,19.284009855928726,13.799960625932426,-5.9948126696899e-06,0.0,-1.4895443071719092,4.2967127206258695,-0.0348831700469211,0.0002242183785497,0.0001129346604744,0.0003589101414028,1.0,False,,,,,,,,,,,,,,,,,,40.0,20.41543306975805,30.0,0.01,-0.008524898822902,0.0001618100972361,0.0052249323011609,0.3282175958156585,3.8961799144744873,-0.0579872764647007,0.0,0.00043800069454013295,5.9948126696899e-06
0.06410827263101,-7.468174204284,-3.676918015967,-9.550745259298,0.3390737928606384,3.8987288997376712,-0.0412815601638603,3.255843975932303e-06,4.400154552931386e-06,-2.385229263940452e-06,0.000283572837666,0.0001347679111714,0.0004670501741956,19.28461026178606,13.799960625932426,-5.970862477637162e-06,8.470329472543003e-22,-1.4895443071719092,4.2967127206258695,-0.0348831700469211,0.0003757987557331,-9.68833812458323e-07,0.0004189106896584,1.0,False,,,,,,,,,,,,,,,,,,40.0,20.44058281149896,30.0,0.01,-0.0085536918098812,4.663271141860459e-05,0.0051799789393197,0.3383244276046753,3.898528575897217,-0.0425506718456745,0.0,0.0005627715427769871,5.970862477637162e-06
0.0642083332975168,-7.468174204284,-3.676918015967,-9.550745259298,0.3474207992264074,3.9013093164050567,-0.0254184798341537,3.244292974505609e-06,4.387771278375616e-06,-2.3789230824109955e-06,0.0003655497936964,3.986349357573734e-05,0.0006111589103925,19.2852106257851,13.799960625932426,-5.952919344976234e-06,8.731015774769282e-22,-1.4895443071719092,4.2967127206258695,-0.0348831700469211,0.0005211727565468,-0.0001120552046639,0.0004738708183512,1.0,False,,,,,,,,,,,,,,,,,,40.0,20.46573079988384,30.0,0.01,-0.008579804556215,-6.974273473652707e-05,0.0051363498447927,0.3468010723590851,3.9010910987854,-0.0267390049993991,0.0,0.0007132537862105544,5.9529193449762335e-06
0.0643083867537303,-7.468174204284,-3.676918015967,-9.550745259298,0.3537950472184775,3.904020782960997,-0.0090649832842048,3.2366446077564514e-06,4.380650281694934e-06,-2.375467958354205e-06,0.0004428393715752,-5.23259948910235e-05,0.0007459741986586,19.285810946522385,13.799960625932426,-5.942121946628184e-06,9.47011624621305e-22,-1.4895443071719092,4.2967127206258695,-0.0348831700469211,0.0006585777410646,-0.0002184574424799,0.0005233296557832,1.0,False,,,,,,,,,,,,,,,,,,40.0,20.49087697612438,30.0,0.01,-0.0086032186021786,-0.0001872410018451,0.0050940720931643,0.3533571362495422,3.9037952423095694,-0.0104307271540164,0.0,0.0008690927590440469,5.942121946628184e-06
0.0644084254111925,-7.468174204284,-3.676918015967,-9.550745259298,0.3576975553809084,3.906800147838271,0.0078666434855708,3.233763700188278e-06,4.379974321557979e-06,-2.375506800704118e-06,0.0005142067851375,-0.0001401738840553,0.0008690801697269,19.286411178467155,13.799960625932426,-5.940070309883056e-06,8.731015774769282e-22,-1.4895443071719092,4.2967127206258695,-0.0348831700469211,0.0007856948150281,-0.0003182310356562,0.0005663659087978,1.0,False,,,,,,,,,,,,,,,,,,40.0,20.51601943303302,30.0,0.01,-0.0086239158381851,-0.0003057773921071,0.0050531748240462,0.3574815094470978,3.906570434570313,0.00645142653957,0.0,0.0010194889293489798,5.940070309883055e-06
0.0645084516631395,-7.468174204284,-3.676918015967,-9.550745259298,0.3587361830450656,3.9096017641826455,0.025463472888649,3.236315582082253e-06,4.3866595480662575e-06,-2.379538373566566e-06,0.0005787016738529,-0.0002224213080923,0.0009786182850548,19.28701133597884,13.799960625932426,-5.9480016315351725e-06,0.0,-1.4895443071719092,4.2967127206258695,-0.0348831700469211,0.0009007377636852,-0.0004098742906228,0.0006022749873729,1.0,False,,,,,,,,,,,,,,,,,,40.0,20.54115877209566,30.0,0.01,-0.0086418823977674,-0.0004252782464443,0.0050136819839574,0.3587578237056732,3.909368991851807,0.0239707455039024,0.0,0.0011584733978202673,5.948001631535172e-06
0.0646084758114449,-7.468174204284,-3.676918015967,-9.550745259298,0.3567455506677711,3.9123743313545742,0.0438351911895361,3.2445438664765794e-06,4.401053015616942e-06,-2.38775305226859e-06,0.000635962811776,-0.0002981192642251,0.0010738214293967,19.28761148086867,13.799960625932426,-5.966380576729893e-06,1.7072494855162848e-21,-1.4895443071719092,4.2967127206258695,-0.0348831700469211,0.0010028892278916,-0.0004924135546103,0.0006309978951713,1.0,False,,,,,,,,,,,,,,,,,,40.0,20.566297582455487,30.0,0.01,-0.0086571070183221,-0.000545678979481,0.0049756137837125,0.3570385277271271,3.9121460914611816,0.0422757416963577,0.0,0.0012831275290849787,5.966380576729894e-06
0.0647084792605325,-7.468174204284,-3.676918015967,-9.550745259298,0.3515515937469209,3.915026514948949,0.06299985108497,3.2586364884010403e-06,4.423426269176033e-06,-2.4003002470163103e-06,0.0006855785207046,-0.0003659409931089,0.0011540060430308,19.288211501563197,13.799960625932426,-5.9955694473671e-06,0.0,-1.4895443071719092,4.2967127206258695,-0.0348831700469211,0.0010912175467046,-0.0005646328630009,0.0006527592677428,1.0,False,,,,,,,,,,,,,,,,,,40.0,20.59143119053446,30.0,0.01,-0.0086695758734683,-0.0006668796722894,0.0049390004734624,0.3521240949630737,3.9148108959198,0.0613719932734966,0.0,0.001391280225490408,5.995569447367099e-06
0.0648085845342635,-7.468174204284,-3.676918015967,-9.550745259298,0.3426164300377589,3.917524660663649,0.0830937270684289,3.279468575692478e-06,4.454989773106142e-06,-2.4178396212395477e-06,0.0007261624259861,-0.0004249206630517,0.0012168739308635,19.288812133205575,13.799960625932426,-6.037201044480014e-06,0.0,-1.4895443071719092,4.2967127206258695,-0.0348831700469211,0.0011634705320189,-0.000625227152461,0.0006663924754729,1.0,False,,,,,,,,,,,,,,,,,,40.0,20.61659038993757,30.0,0.01,-0.0086792907146495,-0.0007889519353761,0.0049038217274147,0.3435178101062774,3.917322158813477,0.0813644677400589,0.0,0.0014794092072234447,6.037201044480013e-06
0.064908684507906,-7.468174204284,-3.676918015967,-9.550745259298,0.3299613219484506,3.919802451546112,0.1041291023094358,3.3068489176798106e-06,4.49550043552976e-06,-2.440241330021545e-06,0.000757675578471,-0.0004745145160567,0.0012625376999204,19.289412733047435,13.799960625932426,-6.090940130961207e-06,8.470329472543003e-22,-1.4895443071719092,4.2967127206258695,-0.0348831700469211,0.0012195118747434,-0.0006738310597283,0.0006722947584098,1.0,False,,,,,,,,,,,,,,,,,,40.0,20.64174825728316,30.0,0.01,-0.008686228749146,-0.0009116877963225,0.0048701391642894,0.3311932981014251,3.919618606567383,0.1022968292236328,0.0,0.001547009292758186,6.090940130961206e-06
0.0650087819673179,-7.468174204284,-3.676918015967,-9.550745259298,0.3133483533028562,3.9217334312260914,0.126170077617006,3.3409861488390226e-06,4.545261975678466e-06,-2.4676727535324943e-06,0.000779356100746,-0.0005133595739992,0.0012901211086819,19.290013317803908,13.799960625932426,-6.157191217820782e-06,0.0,-1.4895443071719092,4.2967127206258695,-0.0348831700469211,0.0012580190557939,-0.0007092451330794,0.0006706011150571,1.0,False,,,,,,,,,,,,,,,,,,40.0,20.66690549273367,30.0,0.01,-0.0086903838926794,-0.0010350117196085,0.0048379725648386,0.31492879986763,3.9215879440307617,0.1242242604494094,0.0,0.0015922771301043245,6.157191217820782e-06
0.0651088723251444,-7.468174204284,-3.676918015967,-9.550745259298,0.2928491305159801,3.9231417703437215,0.1492341772864905,3.3814774963603725e-06,4.603746339901314e-06,-2.499849695709512e-06,0.0007911727863847,-0.000540090885838,0.0013002606475501,19.290613859950867,13.799960625932426,-6.235232066385765e-06,0.0,-1.4895443071719092,4.2967127206258695,-0.0348831700469211,0.001278825188867,-0.0007306914649855,0.0006625906834277,1.0,False,,,,,,,,,,,,,,,,,,40.0,20.692060943361103,30.0,0.01,-0.0086917515533946,-0.0011588387289562,0.0048073431055347,0.2947706878185272,3.9230504035949703,0.147182360291481,0.0,0.0016150325985714378,6.235232066385765e-06
0.0652089563191259,-7.468174204284,-3.676918015967,-9.550745259298,0.2698029147788529,3.9237754525587785,0.173903372260471,3.4258662709927306e-06,4.6676256804744e-06,-2.53496722918387e-06,0.0007961012421248,-0.0005542323588369,0.0012990586483418,19.291214363914754,13.799960625932426,-6.3205496638176885e-06,2.1175823681357513e-22,-1.4895443071719092,4.2967127206258695,-0.0348831700469211,0.0012864995184004,-0.0007394870334937,0.0006531324395375,1.0,False,,,,,,,,,,,,,,,,,,40.0,20.71721479457985,30.0,0.0099999999999999,-0.008690329304444,-0.0012830900807339,0.0047782691871685,0.2719902098178863,3.923743724822998,0.1717056483030319,0.0,0.0016212661925563577,6.3205496638176885e-06
0.0653089638868385,-7.468174204284,-3.676918015967,-9.550745259298,0.2424383462234364,3.923789830556336,0.1995629653256624,3.476914302020925e-06,4.740675125680373e-06,-2.575077137782501e-06,0.0007894181603289,-0.0005560997648572,0.0012785704298612,19.29181440932103,13.799960625932426,-6.418251785055834e-06,2.1175823681357513e-22,-1.4895443071719092,4.2967127206258695,-0.0348831700469211,0.0012742421134807,-0.0007340029967366,0.0006361736881234,1.0,False,,,,,,,,,,,,,,,,,,40.0,20.742349437782178,30.0,0.01,-0.008686120408776,-0.0014075985463436,0.0047507871533647,0.245036095380783,3.923815727233887,0.1972509771585464,0.0,0.0016022391595659968,6.418251785055833e-06
0.0654089956130766,-7.468174204284,-3.676918015967,-9.550745259298,0.2108958767767432,3.923024437626392,0.2262448805759403,3.534028280640688e-06,4.822108846860797e-06,-2.619755456818441e-06,0.0007711549034971,-0.0005451032891373,0.0012397396464638,19.29241459967846,13.799960625932426,-6.527266523811582e-06,1.7072494855162848e-21,-1.4895443071719092,4.2967127206258695,-0.0348831700469211,0.0012422382836947,-0.0007141975587347,0.0006128113622076,1.0,False,,,,,,,,,,,,,,,,,,40.0,20.767490152684232,30.0,0.01,-0.0086791234275686,-0.0015324091574049,0.0047248850465731,0.2138549238443374,3.92313551902771,0.2238397896289825,0.0,0.0015584517547970844,6.527266523811583e-06
0.065509029003421,-7.468174204284,-3.676918015967,-9.550745259298,0.1758157169350392,3.921385090510445,0.2539172248806277,3.595807328751658e-06,4.910031716322328e-06,-2.667974639971421e-06,0.0007425950292066,-0.0005219472146652,0.0011855390200111,19.29301480002053,13.799960625932426,-6.645022985688308e-06,2.1175823681357513e-22,-1.4895443071719092,4.2967127206258695,-0.0348831700469211,0.0011927988887996,-0.0006815216590292,0.0005849257041884,1.0,False,,,,,,,,,,,,,,,,,,40.0,20.792631285821784,30.0,0.01,-0.0086693412659744,-0.0016574138620537,0.0047005852086675,0.1790269911289215,3.921562910079956,0.2514199316501617,0.0,0.0014931105251346903,6.645022985688308e-06
0.0656090666694406,-7.468174204284,-3.676918015967,-9.550745259298,0.1374856171101825,3.918862266267801,0.2825588195310342,3.661502923542531e-06,5.003435302746908e-06,-2.7191884375710366e-06,0.0007041627449597,-0.0004879303798672,0.0011171732401015,19.29361502601664,13.799960625932426,-6.77015171520584e-06,0.0,-1.4895443071719092,4.2967127206258695,-0.0348831700469211,0.001127028733411,-0.000637407109113,0.0005527347344825,1.0,False,,,,,,,,,,,,,,,,,,40.0,20.817773493553744,30.0,0.01,-0.0086567776329784,-0.0017825357151553,0.0046779020337497,0.1410302072763443,3.9191253185272217,0.2799903750419616,0.0,0.0014078342499688709,6.770151715205839e-06
0.0657091208057926,-7.468174204284,-3.676918015967,-9.550745259298,0.0957775602025248,3.915341140579706,0.3121287140501165,3.730945440144214e-06,5.102100196951105e-06,-2.7732791511076385e-06,0.0006550575771029,-0.0004428566689409,0.0010341323525038,19.294215350834754,13.799960625932426,-6.902351595436856e-06,1.694065894508601e-21,-1.4895443071719092,4.2967127206258695,-0.0348831700469211,0.0010439832824936,-0.0005817690245134,0.0005160386507142,1.0,False,,,,,,,,,,,,,,,,,,40.0,20.842919840731746,30.0,0.01,-0.0086414361454403,-0.0019077096813108,0.0046568471218314,0.0996511355042457,3.915696859359741,0.3094041347503662,0.0,0.0013017880707090518,6.902351595436856e-06
0.0658091419597242,-7.468174204284,-3.676918015967,-9.550745259298,0.0513075313303464,3.910737266384309,0.342801227126948,3.802845313581571e-06,5.204271334198711e-06,-2.829293852865175e-06,0.0005963575616726,-0.0003875755701467,0.0009390365254841,19.294815477758345,13.799960625932426,-7.039245435758893e-06,8.470329472543003e-22,-1.4895443071719092,4.2967127206258695,-0.0348831700469211,0.0009457084794359,-0.0005160889305135,0.0004763763720592,1.0,False,,,,,,,,,,,,,,,,,,40.0,20.86805789852333,30.0,0.01,-0.0086233328793751,-0.0020327935805805,0.0046374432945577,0.0554058887064456,3.911195993423462,0.3400255739688873,0.0,0.0011779841934983165,7.039245435758893e-06
0.0659091859966737,-7.468174204284,-3.676918015967,-9.550745259298,0.0043910878772451,3.9050525394490494,0.3742108403908921,3.876324871849457e-06,5.308756533204699e-06,-2.886585526253532e-06,0.0005287170960917,-0.0003233255720169,0.0008335204841449,19.29541574198004,13.799960625932426,-7.1792176761356565e-06,2.1175823681357513e-22,-1.4895443071719092,4.2967127206258695,-0.0348831700469211,0.0008336430508812,-0.0004418622012855,0.0004343209061298,1.0,False,,,,,,,,,,,,,,,,,,40.0,20.893201707444607,30.0,0.01,-0.008602467741641,-0.0021577769990682,0.0046196912425309,0.0086660301312804,3.905606031417847,0.3713515996932983,0.0,0.0010386710695445619,7.1792176761356565e-06
0.066009288683348,-7.468174204284,-3.676918015967,-9.550745259298,-0.0446277680886528,3.8981961949421375,0.4064518766886302,3.950539590312423e-06,5.414404869308107e-06,-2.9445290730171887e-06,0.0004525632479534,-0.0002504342046982,0.0007191812918861,19.296016358100086,13.799960625932426,-7.3207099795891825e-06,8.470329472543003e-22,-1.4895443071719092,4.2967127206258695,-0.0348831700469211,0.0007087762888712,-0.000359929182574,0.0003909471457185,1.0,False,,,,,,,,,,,,,,,,,,40.0,20.918360256649468,30.0,0.01,-0.0085788412989532,-0.0022826241702474,0.0046035973830013,-0.0400491282343864,3.898884057998657,0.4034537076950073,0.0,0.0008858625823906947,7.320709979589183e-06
0.0661093883234162,-7.468174204284,-3.676918015967,-9.550745259298,-0.0953558075067193,3.8900450679963408,0.4395325349869586,4.024554915126658e-06,5.519934650316095e-06,-3.0024273628791937e-06,0.0003683165788248,-0.0001687206656639,0.0005979014880765,19.296616955940497,13.799960625932426,-7.4619897398747555e-06,2.1175823681357513e-22,-1.4895443071719092,4.2967127206258695,-0.0348831700469211,0.0005720556843426,-0.0002708611155049,0.0003478455186172,1.0,False,,,,,,,,,,,,,,,,,,40.0,20.94351804015868,30.0,0.01,-0.0085524790085103,-0.0024071777786638,0.0045891827105593,-0.0906982198357582,3.8908419609069824,0.4364561140537262,0.0,0.0007222256951281695,7.4619897398747555e-06
0.0662094481940985,-7.468174204284,-3.676918015967,-9.550745259298,-0.1469751070402732,3.880747477911617,0.4733112915983957,4.097020550861205e-06,5.623490594172636e-06,-3.0592708573064342e-06,0.0002781027386164,-8.078981630759737e-05,0.0004732650593085,19.29721731516459,13.799960625932426,-7.600550113991197e-06,8.470329472543003e-22,-1.4895443071719092,4.2967127206258695,-0.0348831700469211,0.0004272376525757,-0.0001775819029066,0.0003062361833437,1.0,False,,,,,,,,,,,,,,,,,,40.0,20.96866582853106,30.0,0.01,-0.0085234072494111,-0.0025313123575369,0.0045764600521874,-0.1421286463737487,3.881657838821411,0.4701634645462036,0.0,0.0005548404671680275,7.600550113991198e-06
0.0663095017080863,-7.468174204284,-3.676918015967,-9.550745259298,-0.1998304710016268,3.870365776063152,0.5073690851881144,4.168176247895999e-06,5.725398866669355e-06,-3.1152366348142112e-06,0.0001810086140448,1.2203219124446905e-05,0.0003437700195539,19.29781763624852,13.799960625932426,-7.736832989464855e-06,2.1175823681357513e-22,-1.4895443071719092,4.2967127206258695,-0.0348831700469211,0.0002732947815291,-8.066344430474116e-05,0.0002643751773548,1.0,False,,,,,,,,,,,,,,,,,,40.0,20.99381201929185,30.0,0.01,-0.0084916349032606,-0.0026549899341631,0.0045654315370201,-0.1948440372943878,3.871391534805298,0.5041539669036865,0.0,0.0003887040818662797,7.736832989464855e-06
0.0664095783944268,-7.468174204284,-3.676918015967,-9.550745259298,-0.2530972926576148,3.858910929395437,0.5417563285119946,4.236725265886843e-06,5.823874451097377e-06,-3.169352980131921e-06,7.896108651729708e-05,0.0001095378089291,0.000213362649832,19.29841809636656,13.799960625932426,-7.868427601078872e-06,1.7462031549538564e-21,-1.4895443071719092,4.2967127206258695,-0.0348831700469211,0.0001134439339744,1.82247995432746e-05,0.0002248451370128,1.0,False,,,,,,,,,,,,,,,,,,40.0,21.01896403390008,30.0,0.01,-0.00845717037796,-0.002778167490988,0.0045561008099219,-0.248097613453865,3.8600242137908936,0.5385213494300842,0.0,0.0002525014952674791,7.868427601078872e-06
0.0665096112551179,-7.468174204284,-3.676918015967,-9.550745259298,-0.3065841914858699,3.8466089693319634,0.5761540507357013,4.303138283285457e-06,5.918513466135643e-06,-3.2212699638561563e-06,-2.7324606586355453e-05,0.0002079363500607,8.200438598654424e-05,19.299018293530708,13.799960625932426,-7.995147335349594e-06,1.7462031549538564e-21,-1.4895443071719092,4.2967127206258695,-0.0348831700469211,-5.0847842242362086e-05,0.0001167675594075,0.0001857113704973,1.0,False,,,,,,,,,,,,,,,,,,40.0,21.04410503392127,30.0,0.01,-0.0084204737973055,-0.0029001480999544,0.0045480503545168,-0.3015069961547851,3.847806930541992,0.5729010701179504,0.0,0.00022518632090492356,7.995147335349593e-06
0.0666096728886596,-7.468174204284,-3.676918015967,-9.550745259298,-0.360045512513241,3.83357862304514,0.6103963090302661,4.368756818071032e-06,6.00876484924016e-06,-3.270391093892357e-06,-0.000137176030748,0.0003046587808569,-5.063072213234259e-05,19.299618663331955,13.799960625932426,-8.11706529824152e-06,1.7072494855162848e-21,-1.4895443071719092,4.2967127206258695,-0.0348831700469211,-0.0002183812903562,0.0002131949386828,0.0001451042257519,1.0,False,,,,,,,,,,,,,,,,,,40.0,21.06925326534853,30.0,0.01,-0.0083825061591277,-0.0030197677245978,0.0045403296556157,-0.3549939095973968,3.8348388671875,0.6071603298187256,0.0,0.00033793151109156916,8.11706529824152e-06
0.0667097172343665,-7.468174204284,-3.676918015967,-9.550745259298,-0.4129499722380159,3.820014096022873,0.6443637474983269,4.43061539139413e-06,6.09384480138364e-06,-3.3166975686404937e-06,-0.0002483699485069,0.0003999907646686,-0.0001800662822771,19.3002189294062,13.799960625932426,-8.231997325779131e-06,1.7072494855162848e-21,-1.4895443071719092,4.2967127206258695,-0.0348831700469211,-0.0003857516730004,0.0003065058679265,0.0001065547223667,1.0,False,,,,,,,,,,,,,,,,,,40.0,21.09439715186901,30.0,0.01,-0.008341996085784,-0.0031386266686144,0.0045343272863596,-0.4079065024852752,3.8213374614715576,0.6411126852035522,0.0,0.0005040874022970498,8.23199732577913e-06
0.0668097943425273,-7.468174204284,-3.676918015967,-9.550745259298,-0.4649545248026254,3.806076369342263,0.678081349554043,4.4884637915514455e-06,6.173409182722569e-06,-3.3600020830707417e-06,-0.0003596538141306,0.0004926000705765,-0.0003047416741209,19.300819392055164,13.799960625932426,-8.339478529478412e-06,1.7462031549538564e-21,-1.4895443071719092,4.2967127206258695,-0.0348831700469211,-0.0005509752004342,0.0003953957429921,7.043946640121579e-05,1.0,False,,,,,,,,,,,,,,,,,,40.0,21.119549272492243,30.0,0.01,-0.0082989483460406,-0.0032567090332884,0.0045300444393235,-0.4600228071212768,3.807418584823608,0.6748666167259216,0.0,0.0006818160921367798,8.339478529478413e-06
0.0669098732846669,-7.468174204284,-3.676918015967,-9.550745259298,-0.5155732764111015,3.7920815001209736,0.7113958051424742,4.542046610779755e-06,6.247106706780322e-06,-3.400113442454504e-06,-0.0004689520711821,0.000580043832119,-0.0004226270993035,19.301419865708,13.799960625932426,-8.439034366676993e-06,2.1175823681357513e-22,-1.4895443071719092,4.2967127206258695,-0.0348831700469211,-0.0007108853486267,0.0004777747332463,3.679514492769036e-05,1.0,False,,,,,,,,,,,,,,,,,,40.0,21.144701854044627,30.0,0.01,-0.0082534021644511,-0.003373903210059,0.0045274860398445,-0.5107419490814209,3.793432712554932,0.7081875801086426,0.0,0.0008573100706926092,8.439034366676993e-06
0.0670099681435523,-7.468174204284,-3.676918015967,-9.550745259298,-0.5645118952783436,3.778179899459803,0.7443231549733079,4.591324092870928e-06,6.314882693080067e-06,-3.437001885842747e-06,-0.0005751100521504,0.0006616332958381,-0.0005323569929296,19.302020434861312,13.799960625932426,-8.530590971112481e-06,1.7072494855162848e-21,-1.4895443071719092,4.2967127206258695,-0.0348831700469211,-0.0008638131778316,0.0005529036488531,6.205405424643936e-06,1.0,False,,,,,,,,,,,,,,,,,,40.0,21.169858435911543,30.0,0.0099999999999999,-0.0082053792890479,-0.0034901512927952,0.0045266538056562,-0.5598008632659912,3.779537916183472,0.7411102056503296,0.0,0.001025628664852474,8.530590971112483e-06
0.0671099792280977,-7.468174204284,-3.676918015967,-9.550745259298,-0.6113753060228672,3.76449543681757,0.7767858727616607,4.636175421153184e-06,6.376570971015195e-06,-3.4705769715414504e-06,-0.0006769001297094,0.0007373475823277,-0.0006320773882419,19.302620501368587,13.799960625932426,-8.613923867755763e-06,2.1175823681357513e-22,-1.4895443071719092,4.2967127206258695,-0.0348831700469211,-0.0010080336477243,0.0006203754967319,-1.998688575202252e-05,1.0,False,,,,,,,,,,,,,,,,,,40.0,21.194993962990388,30.0,0.01,-0.0081549604009028,-0.0036052650356067,0.0045275473363332,-0.6068605780601501,3.765828847885132,0.7736297845840454,0.0,0.001183806178177749,8.613923867755761e-06
0.0672100061967332,-7.468174204284,-3.676918015967,-9.550745259298,-0.655981332894794,3.751338159041279,0.8086268749878753,4.676891612941304e-06,6.4325718042498085e-06,-3.501056551098336e-06,-0.0007728407713809,0.0008052613477593,-0.0007210901896342,19.3032206631804,13.799960625932426,-8.689573761124242e-06,1.7072494855162848e-21,-1.4895443071719092,4.2967127206258695,-0.0348831700469211,-0.0011414837825268,0.0006789039169325,-4.247356227777814e-05,1.0,False,,,,,,,,,,,,,,,,,,40.0,21.22013348217647,30.0,0.01,-0.0081021296099622,-0.0037192874361729,0.004530165201237,-0.651724100112915,3.7525904178619385,0.8055305480957031,0.0,0.001328796356741858,8.689573761124243e-06
0.0673100612150367,-7.468174204284,-3.676918015967,-9.550745259298,-0.697880485595076,3.7390440435824615,0.839931896581236,4.7136015211610345e-06,6.483062416411404e-06,-3.5285370820362926e-06,-0.0008607135249854,0.0008634980000843,-0.0007976664279177,19.30382099329022,13.799960625932426,-8.757780057450797e-06,4.235164736271503e-22,-1.4895443071719092,4.2967127206258695,-0.0348831700469211,-0.0012611071339961,0.0007270452625532,-6.117418779633379e-05,1.0,False,,,,,,,,,,,,,,,,,,40.0,21.24528005101304,30.0,0.01,-0.0080469123094673,-0.0038321595401018,0.0045345071995697,-0.693852424621582,3.740221500396729,0.8368460536003113,0.0,0.0014569585781584054,8.757780057450797e-06
0.0674101311603187,-7.468174204284,-3.676918015967,-9.550745259298,-0.7368670159761879,3.727834366685274,0.8706815317684792,4.746616432111757e-06,6.528470949017503e-06,-3.5532515889853357e-06,-0.0009392406249282,0.0009113026225437,-0.0008611099765408,19.30442141296191,13.799960625932426,-8.819121120632466e-06,2.1175823681357513e-22,-1.4895443071719092,4.2967127206258695,-0.0348831700469211,-0.0013653226154553,0.0007643672214622,-7.61099175486032e-05,1.0,False,,,,,,,,,,,,,,,,,,40.0,21.270430371408487,30.0,0.01,-0.0079893491344724,-0.0039437943982031,0.0045405711262136,-0.733104407787323,3.72890567779541,0.8676286935806274,0.0,0.0015665745475618574,8.819121120632466e-06
0.0675101572132054,-7.468174204284,-3.676918015967,-9.550745259298,-0.7726389521979921,3.717933903241208,0.900800831527824,4.776170307815317e-06,6.569119192186317e-06,-3.575375212687879e-06,-0.0010069253787484,0.0009481857290828,-0.0009103144716591,19.30502156927923,13.799960625932426,-8.874031647560772e-06,2.1175823681357513e-22,-1.4895443071719092,4.2967127206258695,-0.0348831700469211,-0.0014522836687974,0.0007905420645783,-8.684884566081509e-05,1.0,False,,,,,,,,,,,,,,,,,,40.0,21.2955696604418,30.0,0.0099999999999999,-0.0079295113122643,-0.0040540563884546,0.0045483488375345,-0.7692027688026428,3.7188587188720703,0.8978109955787659,0.0,0.001655786016523837,8.874031647560772e-06
0.0676102523175536,-7.468174204284,-3.676918015967,-9.550745259298,-0.8051460167367371,3.709565651285604,0.9302874464017712,4.802734822759789e-06,6.605655884495489e-06,-3.59526104215969e-06,-0.0010626941874014,0.000973279067924,-0.0009453691793718,19.30562213990532,13.799960625932426,-8.923388000271566e-06,1.7462031549538564e-21,-1.4895443071719092,4.2967127206258695,-0.0348831700469211,-0.0015208211078997,0.000805334544834,-9.409247560558917e-05,1.0,False,,,,,,,,,,,,,,,,,,40.0,21.32072630400025,30.0,0.0099999999999999,-0.007867368277491,-0.0041629997345,0.0045578448412467,-0.8020017147064209,3.710338592529297,0.9273327589035034,0.0,0.0017234598821271828,8.923388000271564e-06
0.0677102851146286,-7.468174204284,-3.676918015967,-9.550745259298,-0.8342607762464345,3.702923614984973,0.9590178041634936,4.826644963423081e-06,6.638541764561804e-06,-3.61315984365752e-06,-0.0011055027361782,0.0009862034767751,-0.0009662393656219,19.30622233668777,13.799960625932426,-8.967812577133178e-06,1.7072494855162848e-21,-1.4895443071719092,4.2967127206258695,-0.0348831700469211,-0.0015698757534489,0.0008088296765106,-9.816711316606312e-05,1.0,False,,,,,,,,,,,,,,,,,,40.0,21.34586728803295,30.0,0.01,-0.0078030406258034,-0.0042704124773668,0.0045690408474,-0.8314643502235413,3.703517198562622,0.9561367034912108,0.0,0.0017687148184425306,8.967812577133177e-06
0.0678102998894227,-7.468174204284,-3.676918015967,-9.550745259298,-0.8600398160823012,3.698029877310376,0.9870361702550504,4.848246347537164e-06,6.668252193172235e-06,-3.62933034184827e-06,-0.0011352555456973,0.0009877605610214,-0.0009734409046146,19.30682242533653,13.799960625932426,-9.007947529177456e-06,0.0,-1.4895443071719092,4.2967127206258695,-0.0348831700469211,-0.001599729963478,0.0008019429266618,-9.906998057099124e-05,1.0,False,,,,,,,,,,,,,,,,,,40.0,21.371003742572448,30.0,0.01,-0.0077365432087878,-0.0043762760503386,0.0045819326828086,-0.8575854301452637,3.698444366455078,0.9842283129692078,0.0,0.0017922229980453538,9.007947529177456e-06
0.0679103340093962,-7.468174204284,-3.676918015967,-9.550745259298,-0.8823023760149465,3.6950372036631616,1.014336930967004,4.867741850611327e-06,6.695066204221267e-06,-3.6439244065398473e-06,-0.0011508249232176,0.0009778786853555,-0.0009665917483023,19.307422630056376,13.799960625932426,-9.044169795159509e-06,1.7072494855162848e-21,-1.4895443071719092,4.2967127206258695,-0.0348831700469211,-0.0016092136863119,0.0007848744200618,-9.668397786993257e-05,1.0,False,,,,,,,,,,,,,,,,,,40.0,21.3961450590858,30.0,0.01,-0.0076678931694718,-0.0044805630625511,0.0045965170492525,-0.8801911473274231,3.6952617168426514,1.0116021633148191,0.0,0.001793026585150787,9.044169795159507e-06
0.0680103427247574,-7.468174204284,-3.676918015967,-9.550745259298,-0.9010833779587456,3.694009177354365,1.040919696589541,4.885390769623696e-06,6.719340433390982e-06,-3.657136143873482e-06,-0.0011518876348858,0.0009568291280382,-0.0009464531032681,19.308022682348543,13.799960625932426,-9.07696114382744e-06,0.0,-1.4895443071719092,4.2967127206258695,-0.0348831700469211,-0.0015983471895234,0.0007583196887454,-9.153191659152887e-05,1.0,False,,,,,,,,,,,,,,,,,,40.0,21.421279990723686,30.0,0.01,-0.0075971647799503,-0.00458316112685,0.0046127780557504,-0.8993316888809204,3.694016933441162,1.0382310152053833,0.0,0.0017714797713637492,9.076961143827438e-06
0.0681104414925418,-7.468174204284,-3.676918015967,-9.550745259298,-0.916288402572202,3.695060590818381,1.066875102493763,4.9013524740894e-06,6.74129407666331e-06,-3.669084855669949e-06,-0.0011375233881745,0.0009244793212457,-0.0009131861989672,19.30862327495525,13.799960625932426,-9.106617680644372e-06,0.0,-1.4895443071719092,4.2967127206258695,-0.0348831700469211,-0.0015663100898156,0.0007226035367036,-8.394843253028294e-05,1.0,False,,,,,,,,,,,,,,,,,,40.0,21.446437555004085,30.0,0.01,-0.0075243191129218,-0.0046841221504014,0.0046307258142798,-0.914900541305542,3.694856882095337,1.0642497539520264,0.0,0.0017270004366065075,9.106617680644372e-06
0.0682104601418372,-7.468174204284,-3.676918015967,-9.550745259298,-0.9278606483448132,3.6982040639291887,1.0922337998169904,4.915680718369123e-06,6.761001067499514e-06,-3.6798107817022e-06,-0.0011074140619218,0.000881450118168,-0.000867370250908,19.309223386851023,13.799960625932426,-9.1332392801682e-06,1.7462031549538564e-21,-1.4895443071719092,4.2967127206258695,-0.0348831700469211,-0.0015131566231959,0.0006786129883343,-7.411351606254423e-05,1.0,False,,,,,,,,,,,,,,,,,,40.0,21.471574983311957,30.0,0.01,-0.0074495257229626,-0.0047832104567268,0.0046503187234399,-0.9268404245376588,3.697786569595337,1.089660406112671,0.0,0.0016600154720726938,9.133239280168198e-06
0.0683105592687628,-7.468174204284,-3.676918015967,-9.550745259298,-0.9361512269756316,3.703208745948656,1.1172249773686935,4.928530196403381e-06,6.778674171121111e-06,-3.689429723720345e-06,-0.0010629591377005,0.0008295543055072,-0.0008109111706536,19.30982398161257,13.799960625932426,-9.157113360735228e-06,1.7072494855162848e-21,-1.4895443071719092,4.2967127206258695,-0.0348831700469211,-0.0014412376875904,0.000628139454972,-6.240315596019755e-05,1.0,False,,,,,,,,,,,,,,,,,,40.0,21.49673263785437,30.0,0.01,-0.0073727118474862,-0.0048805224197027,0.004671575850258,-0.9354710578918456,3.702593564987183,1.1146684885025024,0.0,0.0015734101184679457,9.157113360735226e-06
0.0684106621516441,-7.468174204284,-3.676918015967,-9.550745259298,-0.9407766267614898,3.710257937337501,1.141635150399418,4.939712612278301e-06,6.7940544063314735e-06,-3.6978007260005055e-06,-0.001002485869829,0.0007685629488474,-0.0007429608318094,19.310424598909865,13.799960625932426,-9.177890072195422e-06,0.0,-1.4895443071719092,4.2967127206258695,-0.0348831700469211,-0.0013486955994829,0.0005712509503341,-4.847942686004015e-05,1.0,False,,,,,,,,,,,,,,,,,,40.0,21.521891236371427,30.0,0.01,-0.0072939824903564,-0.0049759195370075,0.0046944695325032,-0.940453052520752,3.7094318866729736,1.1391140222549438,0.0,0.0014654889024317904,9.177890072195422e-06
0.0685106670083984,-7.468174204284,-3.676918015967,-9.550745259298,-0.9419569405031706,3.719208389908711,1.1653955704683805,4.949214288519754e-06,6.8071229612055615e-06,-3.704913549774208e-06,-0.000926934253067,0.000699787054048,-0.0006651929969981,19.31102462805039,13.799960625932426,-9.195544002067556e-06,2.1175823681357513e-22,-1.4895443071719092,4.2967127206258695,-0.0348831700469211,-0.0012372604443427,0.0005094085490179,-3.28675650116104e-05,1.0,False,,,,,,,,,,,,,,,,,,40.0,21.547025198235627,30.0,0.01,-0.0072134701416725,-0.0050692472503582,0.0047189597190413,-0.9419896006584167,3.718185424804688,1.1629365682601929,0.0,0.0013384284641987296,9.195544002067556e-06
0.0686107011777407,-7.468174204284,-3.676918015967,-9.550745259298,-0.9398928892401436,3.729925851165858,1.1885898787728906,4.957001630181396e-06,6.817833629433178e-06,-3.710743046328007e-06,-0.0008370645027261,0.0006242470566203,-0.0005790743223275,19.311624833066443,13.799960625932426,-9.210012731593952e-06,1.7462031549538564e-21,-1.4895443071719092,4.2967127206258695,-0.0348831700469211,-0.0011083579619155,0.0004438148524149,-1.6107303832346733e-05,1.0,False,,,,,,,,,,,,,,,,,,40.0,21.57216652715673,30.0,0.01,-0.0071311251020234,-0.0051605674280368,0.0047450604421836,-0.940251648426056,3.72871732711792,1.1861591339111328,0.0,0.0011940219596817533,9.21001273159395e-06
0.0687107261536734,-7.468174204284,-3.676918015967,-9.550745259298,-0.9349002828475343,3.742180293707314,1.211318407776935,4.963042584944957e-06,6.826142326426563e-06,-3.715265221738557e-06,-0.0007343858465197,0.0005433880120602,-0.0004866315046606,19.31222498292204,13.799960625932426,-9.221236708189926e-06,0.0,-1.4895443071719092,4.2967127206258695,-0.0348831700469211,-0.0009643854065498,0.0003759824660092,1.1390500340217836e-06,1.0,False,,,,,,,,,,,,,,,,,,40.0,21.59730554552197,30.0,0.01,-0.0070470305552184,-0.0052497866006245,0.0047727456460323,-0.9355542063713074,3.7408158779144287,1.208937168121338,0.0,0.0010350861435394795,9.221236708189928e-06
0.0688107275618857,-7.468174204284,-3.676918015967,-9.550745259298,-0.9272957412678584,3.75574594877776,1.2336406068592605,4.967297432662705e-06,6.831994421306168e-06,-3.718450342051144e-06,-0.0006204581904063,0.0004585998166828,-0.0003897743803615,19.312824991371315,13.799960625932426,-9.229142132592626e-06,2.1175823681357513e-22,-1.4895443071719092,4.2967127206258695,-0.0348831700469211,-0.0008077344723931,0.0003073060525478,1.8282167960997102e-05,1.0,False,,,,,,,,,,,,,,,,,,40.0,21.622438640673064,30.0,0.01,-0.006961252570448,-0.0053368366162965,0.004801993084271,-0.9282205700874328,3.7542569637298575,1.2312934398651123,0.0,0.0008644109124079528,9.229142132592626e-06
0.0689108306989037,-7.468174204284,-3.676918015967,-9.550745259298,-0.9171492887485524,3.770431129449456,1.2556634055163125,4.969617597482859e-06,6.83518556363712e-06,-3.7201871854324937e-06,-0.0004961908754023,0.000371361437846,-0.000289116575192,19.31342561019342,13.799960625932426,-9.233452953755749e-06,1.694065894508601e-21,-1.4895443071719092,4.2967127206258695,-0.0348831700469211,-0.0006398063690847,0.0002388980775984,3.5757726449306834e-05,1.0,False,,,,,,,,,,,,,,,,,,40.0,21.647597303061616,30.0,0.01,-0.0068737359612096,-0.0054217689340736,0.0048328227322225,-0.918345868587494,3.7688162326812735,1.2533265352249146,0.0,0.0006838882192305265,9.233452953755747e-06
0.0690109061226093,-7.468174204284,-3.676918015967,-9.550745259298,-0.9049730406885802,3.785908247335092,1.2774391942261445,4.970072331257171e-06,6.835811002047321e-06,-3.720527592863609e-06,-0.0003641748182794,0.0002834325944748,-0.0001871805265337,19.314026062735653,13.799960625932426,-9.234297840274526e-06,2.1175823681357513e-22,-1.4895443071719092,4.2967127206258695,-0.0348831700469211,-0.0004642246235446,0.0001723352457678,5.281993330272147e-05,1.0,False,,,,,,,,,,,,,,,,,,40.0,21.67274900033509,30.0,0.01,-0.0067846474072573,-0.0055044175718782,0.0048651769498748,-0.9063701629638672,3.784210443496704,1.2750998735427856,0.0,0.0004979898426604539,9.234297840274526e-06
0.0691109830499002,-7.468174204284,-3.676918015967,-9.550745259298,-0.8910598796784199,3.801848741262428,1.299053326869242,4.968666416508545e-06,6.83387731439329e-06,-3.7194751444751658e-06,-0.0002265920574262,0.0001969992900005,-8.504076619199544e-05,19.3146265242994,13.799960625932426,-9.231685677983608e-06,0.0,-1.4895443071719092,4.2967127206258695,-0.0348831700469211,-0.0002838786481887,0.0001090165315798,7.009223643677696e-05,1.0,False,,,,,,,,,,,,,,,,,,40.0,21.697901075500763,30.0,0.01,-0.0066940178881658,-0.0055847552589652,0.0048990441119034,-0.8926354050636292,3.800112724304199,1.296729326248169,0.0,0.0003120650776102014,9.231685677983607e-06
0.0692110379515738,-7.468174204284,-3.676918015967,-9.550745259298,-0.8758668856263394,3.818021012020423,1.3205869010227569,4.965555557221289e-06,6.829598655105396e-06,-3.717146398122128e-06,-8.55633150016428e-05,0.0001130302548596,1.5234935371168075e-05,19.315226853709444,13.799960625932426,-9.225905761861051e-06,4.235164736271503e-22,-1.4895443071719092,4.2967127206258695,-0.0348831700469211,-0.0001016163261401,4.9858477464422426e-05,8.670223255587893e-05,1.0,False,,,,,,,,,,,,,,,,,,40.0,21.723047615025045,30.0,0.01,-0.0066019264936748,-0.0056627130177935,0.0049343943752223,-0.8775516152381897,3.816275835037232,1.318239450454712,0.0,0.00014257988162240894,9.225905761861053e-06
0.0693111425228018,-7.468174204284,-3.676918015967,-9.550745259298,-0.8599863060424906,3.834044869737423,1.3422208624121654,4.9610108190047374e-06,6.823347846378379e-06,-3.7137442697807192e-06,5.577358868396296e-05,3.350196617932623e-05,0.0001116904533166,19.31582748113681,13.799960625932426,-9.217461726543142e-06,1.7462031549538564e-21,-1.4895443071719092,4.2967127206258695,-0.0348831700469211,7.856882594494178e-05,-3.864700520032634e-06,0.0001025662516336,1.0,False,,,,,,,,,,,,,,,,,,40.0,21.74820663786989,30.0,0.01,-0.0065083649088675,-0.0057382963882686,0.0049712313136087,-0.8617530465126038,3.83229398727417,1.3398394584655762,0.0,0.00012925878033865322,9.21746172654314e-06
0.0694111799563573,-7.468174204284,-3.676918015967,-9.550745259298,-0.8438422771340408,3.849781237183361,1.3640214553661685,4.955264224484665e-06,6.815444010895428e-06,-3.709442448388208e-06,0.0001956534504399,-4.138636675167058e-05,0.0002024782197606,19.316427705738143,13.799960625932426,-9.206784665561167e-06,2.1175823681357513e-22,-1.4895443071719092,4.2967127206258695,-0.0348831700469211,0.0002544186560782,-5.181450215430607e-05,0.0001165201197442,1.0,False,,,,,,,,,,,,,,,,,,40.0,21.773348787177248,30.0,0.01,-0.0064135018156212,-0.0058113700339772,0.0050094882761829,-0.8456140756607056,3.8480730056762695,1.3616106510162354,0.0,0.0002845883579828311,9.206784665561167e-06
0.0695112725108339,-7.468174204284,-3.676918015967,-9.550745259298,-0.8279407899424427,3.864991758178883,1.386182325412919,4.948632395844764e-06,6.806322629120918e-06,-3.7044779529440033e-06,0.0003317019092579,-0.0001107120875533,0.000286035790696,19.317028261065,13.799960625932426,-9.194462856781574e-06,2.1175823681357513e-22,-1.4895443071719092,4.2967127206258695,-0.0348831700469211,0.0004230292906295,-9.3444500755347e-05,0.0001281176843491,1.0,False,,,,,,,,,,,,,,,,,,40.0,21.79850478988307,30.0,0.01,-0.0063172815613,-0.0058819774569106,0.0050491875457,-0.8296790719032288,3.8633358478546143,1.3836995363235474,0.0,0.0004517740546941929,9.194462856781574e-06
0.0696113194079581,-7.468174204284,-3.676918015967,-9.550745259298,-0.8127808676614836,3.87944306390994,1.408850997041456,4.941459311908149e-06,6.796456807695314e-06,-3.699108281250442e-06,0.0004614754470805,-0.0001736671979961,0.0003608836545129,19.317628542447743,13.799960625932426,-9.18113540617539e-06,2.1175823681357513e-22,-1.4895443071719092,4.2967127206258695,-0.0348831700469211,0.0005814895989152,-0.0001283648966308,0.0001369277023797,1.0,False,,,,,,,,,,,,,,,,,,40.0,21.823649317644648,30.0,0.01,-0.0062198616655648,-0.0059500025763093,0.005090264256711,-0.8144261240959167,3.8778696060180655,1.4062824249267578,0.0,0.000611029374099601,9.18113540617539e-06
0.0697113705411357,-7.468174204284,-3.676918015967,-9.550745259298,-0.7988129564695491,3.89292444289916,1.4322080217673796,4.934096229971551e-06,6.786329664032912e-06,-3.693596379674817e-06,0.0005827584627609,-0.0002295135715624,0.000426010466899,19.31822884924681,13.799960625932426,-9.167454942976238e-06,2.1175823681357513e-22,-1.4895443071719092,4.2967127206258695,-0.0348831700469211,0.0007272655209194,-0.0001563717732274,0.0001428340084776,1.0,False,,,,,,,,,,,,,,,,,,40.0,21.848794910042564,30.0,0.01,-0.006121255921605,-0.0060154378834172,0.0051327120524107,-0.8003057241439819,3.891471147537232,1.4295583963394165,0.0,0.0007574752955432144,9.167454942976238e-06
0.0698114739584028,-7.468174204284,-3.676918015967,-9.550745259298,-0.786402260494637,3.905249600340496,1.456417116139605,4.926867252339469e-06,6.776386966716385e-06,-3.688184866731795e-06,0.0006936230620012,-0.0002775950236449,0.0004808898129933,19.318829469750412,13.799960625932426,-9.154023642969697e-06,0.0,-1.4895443071719092,4.2967127206258695,-0.0348831700469211,0.0008582630597425,-0.0001774414433884,0.0001460342972827,1.0,False,,,,,,,,,,,,,,,,,,40.0,21.873953642865416,30.0,0.01,-0.0060214783781489,-0.0060782711937337,0.005176525614436,-0.7877132296562195,3.903919458389282,1.453628659248352,0.0,0.0008884970239303359,9.154023642969697e-06
0.0699115759255091,-7.468174204284,-3.676918015967,-9.550745259298,-0.7760033583114594,3.916226571952343,1.4816054921286408,4.920147102010976e-06,6.767144107761995e-06,-3.683154254889769e-06,0.0007918830252252,-0.0003173899317373,0.0005247729685904,19.31943008155305,13.799960625932426,-9.14153773420848e-06,4.235164736271503e-22,-1.4895443071719092,4.2967127206258695,-0.0348831700469211,0.000972114647894,-0.0001916534221494,0.0001465054268602,1.0,False,,,,,,,,,,,,,,,,,,40.0,21.899112011223096,30.0,0.01,-0.005920644880581,-0.0061384270101253,0.0052216547223473,-0.7770760655403137,3.9150445461273193,1.4786739349365234,0.0,0.0010015996021221273,9.14153773420848e-06
0.0700116673177897,-7.468174204284,-3.676918015967,-9.550745259298,-0.7680029963257545,3.9256844131848094,1.507883697588683,4.91427206500418e-06,6.759063613167195e-06,-3.678756283223359e-06,0.0008756216414227,-0.0003484480992323,0.0005573498081932,19.320030629906736,13.799960625932426,-9.130622029581367e-06,1.7072494855162848e-21,-1.4895443071719092,4.2967127206258695,-0.0348831700469211,0.0010668585288437,-0.0001992445100249,0.000144508304736,1.0,False,,,,,,,,,,,,,,,,,,40.0,21.924267721837214,30.0,0.01,-0.0058188286172448,-0.0061958622653587,0.005268066468054,-0.768788754940033,3.924675464630127,1.50479257106781,0.0,0.0010948827085489035,9.130622029581367e-06
0.070111715982318,-7.468174204284,-3.676918015967,-9.550745259298,-0.7628293323066571,3.933467772877506,1.535370502178718,4.909576890315898e-06,6.75260589491854e-06,-3.6752415402142463e-06,0.0009429263704371,-0.0003706360089409,0.0005781381422131,19.32063092189391,13.799960625932426,-9.121898486221436e-06,2.1175823681357513e-22,-1.4895443071719092,4.2967127206258695,-0.0348831700469211,0.0011405609666466,-0.0002006218025502,0.000139987415058,1.0,False,,,,,,,,,,,,,,,,,,40.0,21.949412693795885,30.0,0.01,-0.0057161274672873,-0.006250524360218,0.0053157155680156,-0.7632683515548706,3.9326601028442383,1.5321344137191772,0.0,0.0011665011370208503,9.121898486221436e-06
0.0702117555628694,-7.468174204284,-3.676918015967,-9.550745259298,-0.7607851964363979,3.939480874932663,1.5641420641087105,4.906284569508583e-06,6.748077654422849e-06,-3.672776954270268e-06,0.0009924793511818,-0.0003841015781273,0.000587109668019,19.321231159377216,13.799960625932426,-9.115781418119776e-06,2.1175823681357513e-22,-1.4895443071719092,4.2967127206258695,-0.0348831700469211,0.0011920484945471,-0.0001963984942041,0.0001330227997215,1.0,False,,,,,,,,,,,,,,,,,,40.0,21.974555382702167,30.0,0.01,-0.0056125725457937,-0.0063023992523199,0.0053645869442631,-0.7608591318130493,3.938878297805786,1.560755729675293,0.0,0.001215420522750669,9.115781418119776e-06
0.0703118179246173,-7.468174204284,-3.676918015967,-9.550745259298,-0.7621484304074598,3.9436137787007888,1.5942939164202246,4.904572539315442e-06,6.745722937217527e-06,-3.6714953520824417e-06,0.0010230067815935,-0.0003890180109265,0.0005843548009363,19.3218315335477,13.799960625932426,-9.112600499279708e-06,3.492406309907713e-21,-1.4895443071719092,4.2967127206258695,-0.0348831700469211,0.001220232649247,-0.0001872462427453,0.0001237721603521,1.0,False,,,,,,,,,,,,,,,,,,40.0,21.999703797147625,30.0,0.0099999999999999,-0.0055081961792172,-0.0063514700878477,0.0054146655090071,-0.7618033289909363,3.9432339668273926,1.5907059907913208,0.0,0.0012407048083201758,9.112600499279706e-06
0.0704118851703607,-7.468174204284,-3.676918015967,-9.550745259298,-0.7671398073883393,3.9457513049919584,1.6259039894808107,4.904550067036132e-06,6.745692028964304e-06,-3.6714785296441193e-06,0.0010333934289003,-0.0003856087486407,0.0005701707534368,19.322431937022163,13.799960625932426,-9.112558746221303e-06,1.7072494855162848e-21,-1.4895443071719092,4.2967127206258695,-0.0348831700469211,0.001224249205277,-0.0001739118923694,0.0001125136039265,1.0,False,,,,,,,,,,,,,,,,,,40.0,22.024853439075013,30.0,0.0099999999999999,-0.0054030827149849,-0.0063976958889532,0.0054659111305894,-0.7663562893867493,3.9456124305725098,1.622116208076477,0.0,0.0012416484099765336,9.112558746221307e-06
0.0705119325441697,-7.468174204284,-3.676918015967,-9.550745259298,-0.7758626250951947,3.9457955089694527,1.6589523494713914,4.906226853455868e-06,6.747998272071478e-06,-3.672733748829308e-06,0.0010229123151009,-0.0003740142116199,0.0005453982668165,19.323032221265017,13.799960625932426,-9.115674182815055e-06,1.809263168437022e-21,-1.4895443071719092,4.2967127206258695,-0.0348831700469211,0.0012037430162516,-0.000157179698007,9.996398193890064e-05,1.0,False,,,,,,,,,,,,,,,,,,40.0,22.049998086640564,30.0,0.01,-0.0052973247778088,-0.0064410366339537,0.0055182784705448,-0.774650514125824,3.94589638710022,1.6549923419952393,0.0,0.0012180704020397098,9.115674182815054e-06
0.0706119578467584,-7.468174204284,-3.676918015967,-9.550745259298,-0.7879531981952633,3.943820558904574,1.6934181925316798,4.90929977674171e-06,6.7522247543851655e-06,-3.6750340968149554e-06,0.0009928072314772,-0.0003552920950018,0.0005116614542024,19.32363237308055,13.799960625932426,-9.12138361458395e-06,2.1175823681357513e-22,-1.4895443071719092,4.2967127206258695,-0.0348831700469211,0.0011606411496779,-0.0001381686807558,8.670439835020939e-05,1.0,False,,,,,,,,,,,,,,,,,,40.0,22.07513718710341,30.0,0.01,-0.005190991950492,-0.0064814657866044,0.0055717325695876,-0.7863728404045105,3.9441559314727774,1.6892998218536377,0.0,0.0011720478298093068,9.121383614583948e-06
0.0707120400510243,-7.468174204284,-3.676918015967,-9.550745259298,-0.803466635376068,3.939768541663911,1.7293069978853362,4.913657252956404e-06,6.758218003952628e-06,-3.678296043404757e-06,0.0009427721307239,-0.0003300307599335,0.0004695196758043,19.324232866306144,13.799960625932426,-9.129479720740256e-06,2.1175823681357513e-22,-1.4895443071719092,4.2967127206258695,-0.0348831700469211,0.0010949942184482,-0.0001177260832542,7.291467497049758e-05,1.0,False,,,,,,,,,,,,,,,,,,40.0,22.100290588517552,30.0,0.01,-0.0050840672388093,-0.0065189881736518,0.0056262823874254,-0.8014461994171143,3.9403584003448486,1.7249873876571655,0.0,0.0011037156875479033,9.129479720740257e-06
0.070812106186707,-7.468174204284,-3.676918015967,-9.550745259298,-0.822281067605052,3.9336060274372,1.766524859231545,4.919089020837439e-06,6.765688828553758e-06,-3.682362189917824e-06,0.0008730654137952,-0.0002987877951177,0.0004200846940141,19.32483326312024,13.799960625932426,-9.139571839942884e-06,2.1175823681357513e-22,-1.4895443071719092,4.2967127206258695,-0.0348831700469211,0.0010075386325764,-9.671428772406164e-05,5.916725308563367e-05,1.0,False,,,,,,,,,,,,,,,,,,40.0,22.12543995145628,30.0,0.01,-0.0049766958910138,-0.0065535509170823,0.0056818543087248,-0.8198612332344055,3.9344522953033447,1.76201069355011,0.0,0.0010138976839018819,9.139571839942884e-06
0.0709122061206133,-7.468174204284,-3.676918015967,-9.550745259298,-0.8442412154676939,3.925409432455299,1.805032229722732,4.925258882535229e-06,6.774174823457617e-06,-3.6869808632812697e-06,0.0007845801857759,-0.0002630339538824,0.0003638477165666,19.32543386272368,13.799960625932426,-9.151035323118446e-06,2.1175823681357513e-22,-1.4895443071719092,4.2967127206258695,-0.0348831700469211,0.0008996190791305,-7.61884250504428e-05,4.49324605449018e-05,1.0,False,,,,,,,,,,,,,,,,,,40.0,22.15059780881506,30.0,0.01,-0.0048688922300337,-0.0065851485817153,0.0057384411305727,-0.8414386510848999,3.926501750946045,1.8003255128860474,0.0,0.0009039569069695099,9.151035323118444e-06
0.0710123035305594,-7.468174204284,-3.676918015967,-9.550745259298,-0.8690104742182034,3.915251970636533,1.8446764206176087,4.931792375477524e-06,6.783160954837609e-06,-3.691871745978632e-06,0.0006786303288385,-0.0002237306359294,0.0003021228869026,19.32603444718336,13.799960625932426,-9.163174426082209e-06,2.1175823681357513e-22,-1.4895443071719092,4.2967127206258695,-0.0348831700469211,0.0007731018436742,-5.701932025038949e-05,3.057933761330826e-05,1.0,False,,,,,,,,,,,,,,,,,,40.0,22.175755031833464,30.0,0.01,-0.0047607634042489,-0.0066137483125913,0.0057959869794935,-0.8658591508865356,3.9165890216827393,1.8397984504699707,0.0,0.0007758045884520055,9.163174426082209e-06
0.0711123728448603,-7.468174204284,-3.676918015967,-9.550745259298,-0.8962048998413902,3.9032407428675606,1.8852847750477528,4.938300645187279e-06,6.792112394317964e-06,-3.6967437469120302e-06,0.0005568078647878,-0.0001818916430034,0.0002362067104138,19.32663486306916,13.799960625932426,-9.175266664769913e-06,2.1175823681357513e-22,-1.4895443071719092,4.2967127206258695,-0.0348831700469211,0.0006301143384804,-4.000394559264418e-05,1.6394599933579553e-05,1.0,False,,,,,,,,,,,,,,,,,,40.0,22.200905193646054,30.0,0.01,-0.0046524055824986,-0.0066393260880909,0.0058544403141487,-0.8927798271179199,3.904797554016113,1.880297064781189,0.0,0.000631595739479403,9.175266664769913e-06
0.0712124268782916,-7.468174204284,-3.676918015967,-9.550745259298,-0.9253950380076512,3.8895136494486255,1.926680572945532,4.944398540527609e-06,6.800499407077237e-06,-3.7013085472529454e-06,0.000420944534537,-0.0001385163711006,0.0001673958205154,19.32723518726975,13.799960625932426,-9.18659643585137e-06,2.1175823681357513e-22,-1.4895443071719092,4.2967127206258695,-0.0348831700469211,0.0004729989593052,-2.583534470145881e-05,2.639394972646505e-06,1.0,False,,,,,,,,,,,,,,,,,,40.0,22.226051514957245,30.0,0.01,-0.0045438735804395,-0.0066618709680682,0.0059137710549016,-0.9217208623886108,3.891284942626953,1.921564221382141,0.0,0.0004737113540390126,9.186596435851372e-06
0.071312488167799,-7.468174204284,-3.676918015967,-9.550745259298,-0.9561058772016172,3.8742493581243966,1.9686725004692212,4.949715984483078e-06,6.8078129911603015e-06,-3.705289112452249e-06,0.0002731340501292,-9.460776781245156e-05,9.697050344053668e-05,19.327835555006796,13.799960625932426,-9.196476143421208e-06,1.7462031549538564e-21,-1.4895443071719092,4.2967127206258695,-0.0348831700469211,0.0003043325725719,-1.5100660690591173e-05,-1.0477257580641696e-05,1.0,False,,,,,,,,,,,,,,,,,,40.0,22.25119965991926,30.0,0.01,-0.0044352116122801,-0.0066813741372336,0.0059739549372757,-0.9522422552108764,3.876213788986206,1.9634528160095213,0.0,0.000304887057134189,9.19647614342121e-06
0.0714125598348301,-7.468174204284,-3.676918015967,-9.550745259298,-0.9877929303076328,3.857669194890194,2.011045715442666,4.9539174726079104e-06,6.813591695540131e-06,-3.708434288509592e-06,0.0001157751278756,-5.1081769085178526e-05,2.630718456490315e-05,19.32843598500898,13.799960625932426,-9.204282426736862e-06,0.0,-1.4895443071719092,4.2967127206258695,-0.0348831700469211,0.0001269793209015,-8.244862691806412e-06,-2.266207470191918e-05,1.0,False,,,,,,,,,,,,,,,,,,40.0,22.276350413037463,30.0,0.01,-0.0043264849847819,-0.0066978230637882,0.0060349559967445,-0.9838410019874572,3.859781265258789,2.0057928562164307,0.0,0.00012924896644544168,9.204282426736862e-06
0.0715126097392334,-7.468174204284,-3.676918015967,-9.550745259298,-1.01980380297889,3.840055663496158,2.053512625473479,4.956727390669747e-06,6.817456441870111e-06,-3.710537754412292e-06,-4.831112448289069e-05,-8.611157952943076e-06,-4.290141808841632e-05,19.3290362844354,13.799960625932426,-9.20950319990883e-06,1.7072494855162848e-21,-1.4895443071719092,4.2967127206258695,-0.0348831700469211,-5.577046067967444e-05,-5.5037549273633765e-06,-3.328682714476405e-05,1.0,False,,,,,,,,,,,,,,,,,,40.0,22.301495696610715,30.0,0.01,-0.0042177973696725,-0.0067112025864053,0.0060967159350431,-1.0158134698867798,3.842298746109009,2.048217296600342,0.0,6.518165742054271e-05,9.20950319990883e-06
0.0716126269738505,-7.468174204284,-3.676918015967,-9.550745259298,-1.051543950957856,3.8217540895921065,2.09587384417143,4.957889000803494e-06,6.819054114258582e-06,-3.7114073197358337e-06,-0.0002161966173152,3.165502801621894e-05,-0.0001096949781573,19.329636387843102,13.799960625932426,-9.211661448971296e-06,1.7462031549538564e-21,-1.4895443071719092,4.2967127206258695,-0.0348831700469211,-0.0002406458519115,-7.109612652975222e-06,-4.260321274170038e-05,1.0,False,,,,,,,,,,,,,,,,,,40.0,22.32663276937116,30.0,0.01,-0.0041092292850427,-0.0067215052930376,0.0061591883620014,-1.0476200580596924,3.824061870574951,2.090601921081543,0.0,0.00024449132166637973,9.211661448971293e-06
0.0717127120182302,-7.468174204284,-3.676918015967,-9.550745259298,-1.0824265340448294,3.8031204762988535,2.1379700612670502,4.957216890550212e-06,6.818129697397468e-06,-3.710904187270929e-06,-0.0003850446105152,6.881466556849739e-05,-0.0001731532087252,19.33023689810938,13.799960625932426,-9.210412681177456e-06,0.0,-1.4895443071719092,4.2967127206258695,-0.0348831700469211,-0.0004245345221219,-1.3114736439838695e-05,-5.074728752109477e-05,1.0,False,,,,,,,,,,,,,,,,,,40.0,22.351786884583756,30.0,0.01,-0.0040007403955959,-0.0067287333962438,0.006222396899051,-1.078616738319397,3.805465698242188,2.132704734802246,0.0,0.0004277579268417347,9.210412681177457e-06
0.0718127680015541,-7.468174204284,-3.676918015967,-9.550745259298,-1.111744945310447,3.7845866296121646,2.179538947264693,4.954604583803214e-06,6.814536744616974e-06,-3.7089486504727806e-06,-0.000551517122019,0.0001021696088452,-0.0002320763399285,19.330837234009323,13.799960625932426,-9.205559065989562e-06,4.235164736271503e-22,-1.4895443071719092,4.2967127206258695,-0.0348831700469211,-0.0006038280830518,-2.3345859178118375e-05,-5.7583065075756525e-05,1.0,False,,,,,,,,,,,,,,,,,,40.0,22.37693369595639,30.0,0.01,-0.0038925043833113,-0.0067328735408924,0.0062862408089614,-1.1081703901290894,3.786895513534546,2.1743509769439697,0.0,0.0006070166327262461,9.20555906598956e-06
0.0719127918358485,-7.468174204284,-3.676918015967,-9.550745259298,-1.1388185775275046,3.766597146798926,2.220374288780472,4.950014398704099e-06,6.808223428489836e-06,-3.7055125012219534e-06,-0.000712415339639,0.0001311838291539,-0.0002854529898809,19.33143737701509,13.799960625932426,-9.19703059124672e-06,1.7072494855162848e-21,-1.4895443071719092,4.2967127206258695,-0.0348831700469211,-0.0007751469760935,-3.746655362334927e-05,-6.302099197220661e-05,1.0,False,,,,,,,,,,,,,,,,,,40.0,22.402072427396654,30.0,0.01,-0.0037845927925932,-0.0067339258135264,0.0063506771711506,-1.135531306266785,3.768832206726074,2.215242385864258,0.0,0.0007786065904013249,9.19703059124672e-06
0.0720128564379386,-7.468174204284,-3.676918015967,-9.550745259298,-1.1630204586458197,3.749602341662708,2.2603056014840206,4.9434603201425466e-06,6.799208983758806e-06,-3.700606208413961e-06,-0.0008647793133356,0.0001554548806469,-0.0003325093432964,19.332037764627632,13.799960625932426,-9.184853240602282e-06,1.7072494855162848e-21,-1.4895443071719092,4.2967127206258695,-0.0348831700469211,-0.0009354400962465,-5.5015501615386165e-05,-6.706015945382688e-05,1.0,False,,,,,,,,,,,,,,,,,,40.0,22.4272214049015,30.0,0.01,-0.0036769952439617,-0.0067318899167952,0.0064157122850104,-1.1601285934448242,3.7516894340515137,2.255291700363159,0.0,0.0009394530025868973,9.184853240602282e-06
0.0721128918984346,-7.468174204284,-3.676918015967,-9.550745259298,-1.1837090653417397,3.734072465007732,2.299116868732908,4.935020641032841e-06,6.7876010940810144e-06,-3.694288381044508e-06,-0.0010056136608364,0.0001747751613401,-0.0003724928596773,19.332637977390608,13.799960625932426,-9.16917248077003e-06,1.809263168437022e-21,-1.4895443071719092,4.2967127206258695,-0.0348831700469211,-0.0010816801058775,-7.535267849267725e-05,-6.961497529722783e-05,1.0,False,,,,,,,,,,,,,,,,,,40.0,22.452363058324924,30.0,0.01,-0.0035698549752194,-0.0067267680215689,0.0064812597108816,-1.1812959909439087,3.735947847366333,2.2942557334899902,0.0,0.0010865339950470105,9.169172480770031e-06
0.0722129085544453,-7.468174204284,-3.676918015967,-9.550745259298,-1.2003313186989528,3.720456008397506,2.33664071977688,4.924783013994776e-06,6.773520316402683e-06,-3.686624634655744e-06,-0.00113231844008,0.0001890053168033,-0.0004049973383847,19.33323807732667,13.799960625932426,-9.150151168614754e-06,1.809263168437022e-21,-1.4895443071719092,4.2967127206258695,-0.0348831700469211,-0.001211329623895,-9.777491181241374e-05,-7.079203711151775e-05,1.0,False,,,,,,,,,,,,,,,,,,40.0,22.477499985665688,30.0,0.01,-0.0034632283122559,-0.0067185650537537,0.0065472844199459,-1.1984624862670898,3.722064971923828,2.3319497108459477,0.0,0.001217329414589088,9.150151168614754e-06
0.0723129751431866,-7.468174204284,-3.676918015967,-9.550745259298,-1.2123906630105492,3.709155777448333,2.3727705588531904,4.91282911224396e-06,6.757078983629372e-06,-3.67767610869032e-06,-0.0012426858184408,0.0001981278304496,-0.0004298494160926,19.33383847685912,13.799960625932426,-9.12794105138443e-06,0.0,-1.4895443071719092,4.2967127206258695,-0.0348831700469211,-0.0013223149589684,-0.0001215248388231,-7.076767556681261e-05,1.0,False,,,,,,,,,,,,,,,,,,40.0,22.502649462470465,30.0,0.01,-0.0033571096414785,-0.0067072791248846,0.0066137902594486,-1.2111175060272217,3.710461139678955,2.368224859237671,0.0,0.0013297718605338644,9.12794105138443e-06
0.072413020090916,-7.468174204284,-3.676918015967,-9.550745259298,-1.219416448114234,3.700539954107104,2.4073597580673933,4.899255782075369e-06,6.738410297639162e-06,-3.667515300948813e-06,-0.0013347092732573,0.0002023277231307,-0.0004469349498284,19.33443874654549,13.799960625932426,-9.102722067613738e-06,1.7072494855162848e-21,-1.4895443071719092,4.2967127206258695,-0.0348831700469211,-0.0014128162820183,-0.0001457339491494,-6.96273679938911e-05,1.0,False,,,,,,,,,,,,,,,,,,40.0,22.527793500295694,30.0,0.01,-0.0032516421817882,-0.0066929241356587,0.0066806878115903,-1.218811273574829,3.701481580734253,2.403019666671753,0.0,0.0014220183546791501,9.102722067613736e-06
0.0725130687985141,-7.468174204284,-3.676918015967,-9.550745259298,-1.2210414531906095,3.694952157457713,2.440257414487994,4.884086747065519e-06,6.717546887712783e-06,-3.656159970573373e-06,-0.0014067839504769,0.0002017325183408,-0.0004564782876188,19.335039038791084,13.799960625932426,-9.074538295246973e-06,2.1175823681357513e-22,-1.4895443071719092,4.2967127206258695,-0.0348831700469211,-0.0014814751156023,-0.0001695767522399,-6.771060695086579e-05,1.0,False,,,,,,,,,,,,,,,,,,40.0,22.552938483079004,30.0,0.01,-0.003146865671949,-0.0066755063411242,0.0067479516545628,-1.2211467027664185,3.69549298286438,2.4361088275909424,0.0,0.00149268533835598,9.074538295246973e-06
0.0726131682165868,-7.468174204284,-3.676918015967,-9.550745259298,-1.217177328260736,3.692530132521156,2.471419131485111,4.867320044471865e-06,6.694486054304598e-06,-3.643608648282004e-06,-0.0014586630344399,0.0001966123718784,-0.0004592360918866,19.33563963529952,13.799960625932426,-9.04338608754662e-06,1.7072494855162848e-21,-1.4895443071719092,4.2967127206258695,-0.0348831700469211,-0.001528379651271,-0.0001923902214969,-6.552636997026786e-05,1.0,False,,,,,,,,,,,,,,,,,,40.0,22.578096210794666,30.0,0.01,-0.0030427978145582,-0.0066550260887745,0.0068155710852026,-1.2180052995681765,3.692657232284546,2.467470645904541,0.0,0.0015418339926556116,9.04338608754662e-06
0.0727132512028837,-7.468174204284,-3.676918015967,-9.550745259298,-1.2075052082771789,3.6934974633051674,2.500651199477945,4.848926680388759e-06,6.669187919351268e-06,-3.629839629636862e-06,-0.00148927958082,0.0001874647889819,-0.0004553923445543,19.336240133217306,13.799960625932426,-9.009211574399234e-06,1.7462031549538564e-21,-1.4895443071719092,4.2967127206258695,-0.0348831700469211,-0.0015527422066804,-0.0002132807473969,-6.310203497030086e-05,1.0,False,,,,,,,,,,,,,,,,,,40.0,22.60324980875465,30.0,0.01,-0.0029395746362892,-0.0066315085028261,0.0068834581377843,-1.209115743637085,3.693171262741089,2.4969332218170166,0.0,0.0015685913758637351,9.009211574399234e-06
0.0728133129351409,-7.468174204284,-3.676918015967,-9.550745259298,-1.1917909245220486,3.697985510081078,2.5278190986807707,4.82879958946004e-06,6.641505225732411e-06,-3.614772766989124e-06,-0.0014980676633328,0.0001747459612462,-0.0004453995083807,19.336840503610844,13.799960625932426,-8.971815830452974e-06,4.235164736271503e-22,-1.4895443071719092,4.2967127206258695,-0.0348831700469211,-0.0015543084515973,-0.0002314558337943,-6.063852947499512e-05,1.0,False,,,,,,,,,,,,,,,,,,40.0,22.628398064991824,30.0,0.01,-0.0028372659277363,-0.006604971307407,0.0069515664481925,-1.1942061185836792,3.6971936225891113,2.524365901947021,0.0,0.0015726167991475303,8.971815830452974e-06
0.0729133893870461,-7.468174204284,-3.676918015967,-9.550745259298,-1.1697814645681388,3.705997628944768,2.552920035337457,4.806774206221637e-06,6.611211630985614e-06,-3.5982848689023083e-06,-0.0014848184690908,0.000158974754935,-0.0004297778853663,19.33744096232228,13.799960625932426,-8.930893096272535e-06,1.7072494855162848e-21,-1.4895443071719092,4.2967127206258695,-0.0348831700469211,-0.0015331874665436,-0.0002461792964308,-5.83081130890124e-05,1.0,False,,,,,,,,,,,,,,,,,,40.0,22.65355002068004,30.0,0.01,-0.0027358995421768,-0.0065754220461238,0.0070198773928371,-1.1730672121047974,3.704734563827514,2.549715280532837,0.0,0.001553920168351553,8.930893096272535e-06
0.0730134511412378,-7.468174204284,-3.676918015967,-9.550745259298,-1.1413104333330586,3.717492334308148,2.575873126484404,4.782631982674626e-06,6.578006545357653e-06,-3.5802123333589427e-06,-0.0014495874278691,0.0001406161927882,-0.0004091870960018,19.338041332847425,13.799960625932426,-8.886037313921536e-06,1.7072494855162848e-21,-1.4895443071719092,4.2967127206258695,-0.0348831700469211,-0.0014897607976887,-0.0002567948611049,-5.639032917810707e-05,1.0,False,,,,,,,,,,,,,,,,,,40.0,22.67869828242996,30.0,0.01,-0.0026355693791662,-0.0065428880905055,0.0070883276929556,-1.145457148551941,3.7157723903656006,2.572959899902344,0.0,0.0015127824378425299,8.886037313921534e-06
0.0731134744266003,-7.468174204284,-3.676918015967,-9.550745259298,-1.1063097345499395,3.732346644054017,2.5965567899260327,4.756134289047664e-06,6.541561758732536e-06,-3.560376525403725e-06,-0.0013928758708009,0.0001202314811244,-0.0003843087291466,19.3386414725596,13.799960625932426,-8.83680511392057e-06,2.1175823681357513e-22,-1.4895443071719092,4.2967127206258695,-0.0348831700469211,-0.0014248479633066,-0.0002627315384294,-5.506741310789227e-05,1.0,False,,,,,,,,,,,,,,,,,,40.0,22.703836875908564,30.0,0.01,-0.0025363618671509,-0.0065074001121665,0.0071568577084525,-1.1113649606704712,3.730175018310547,2.593928098678589,0.0,0.0014499144801715055,8.83680511392057e-06
0.0732134802257713,-7.468174204284,-3.676918015967,-9.550745259298,-1.0648327048665465,3.7503084887069273,2.614922821455894,4.727013792565238e-06,6.501509583035267e-06,-3.53857732340834e-06,-0.001315816735976,9.832383578017087e-05,-0.000356009551161,19.339241507354625,13.799960625932426,-8.78269979716608e-06,1.7462031549538564e-21,-1.4895443071719092,4.2967127206258695,-0.0348831700469211,-0.0013398897186834,-0.0002636219593238,-5.4617434980127874e-05,1.0,False,,,,,,,,,,,,,,,,,,40.0,22.72897107462793,30.0,0.01,-0.0024383179638688,-0.0064689755763595,0.0072254384295721,-1.0707601308822632,3.747732639312744,2.6126139163970947,0.0,0.001366668964992956,8.782699797166082e-06
0.0733135494598145,-7.468174204284,-3.676918015967,-9.550745259298,-1.01675005851208,3.771208062723693,2.630764535558692,4.694988006565483e-06,6.457461487616309e-06,-3.514603261754172e-06,-0.0012188636519602,7.562779680633843e-05,-0.00032461486652,19.33984192275889,13.799960625932426,-8.723196508928056e-06,0.0,-1.4895443071719092,4.2967127206258695,-0.0348831700469211,-0.0012355904591362,-0.0002589048051273,-5.484064604796805e-05,1.0,False,,,,,,,,,,,,,,,,,,40.0,22.75412121626956,30.0,0.01,-0.0023414211352766,-0.0064276056652919,0.0072940820175527,-1.0235280990600586,3.7682642936706543,2.628804922103882,0.0,0.0012636150431540982,8.723196508928056e-06
0.0734135613979715,-7.468174204284,-3.676918015967,-9.550745259298,-0.9623733503264308,3.7946872336501447,2.6438991336474538,4.659829606221818e-06,6.409104811120454e-06,-3.488284168211632e-06,-0.0011037767748574,5.262187239504685e-05,-0.0002910648172102,19.340441994387827,13.799960625932426,-8.657872884094837e-06,2.1175823681357513e-22,-1.4895443071719092,4.2967127206258695,-0.0348831700469211,-0.0011139803698215,-0.0002484402501285,-5.600121208563474e-05,1.0,False,,,,,,,,,,,,,,,,,,40.0,22.779256957884385,30.0,0.01,-0.0022458496056054,-0.0063833661552067,0.0073626622954989,-0.9700527787208556,3.791391611099243,2.642291784286499,0.0,0.0011427208574216938,8.657872884094837e-06
0.0735136203879,-7.468174204284,-3.676918015967,-9.550745259298,-0.9021519451318104,3.8202265891499296,2.654453772794244,4.621245722732162e-06,6.35603674335783e-06,-3.459400805235144e-06,-0.0009731894504444,2.927969862266219e-05,-0.0002568029668501,19.3410423483274,13.799960625932426,-8.586184778121578e-06,2.1175823681357513e-22,-1.4895443071719092,4.2967127206258695,-0.0348831700469211,-0.0009779214060569,-0.0002325927487522,-5.893307894834816e-05,1.0,False,,,,,,,,,,,,,,,,,,40.0,22.80440452489918,30.0,0.01,-0.002151563908083,-0.0063362393119836,0.007431207447697,-0.910598874092102,3.816682100296021,2.653185606002808,0.0,0.0010069273911214854,8.586184778121576e-06
0.0736137128120987,-7.468174204284,-3.676918015967,-9.550745259298,-0.8362142160957792,3.847413450016525,2.662343780932233,4.579082717570838e-06,6.298045970718863e-06,-3.4278381611435893e-06,-0.0008285158548353,6.233699106881204e-06,-0.0002222002925822,19.34164290287259,13.799960625932426,-8.507846733612233e-06,1.894023249242609e-21,-1.4895443071719092,4.2967127206258695,-0.0348831700469211,-0.000828982814432,-0.0002112317126436,-6.339564410674476e-05,1.0,False,,,,,,,,,,,,,,,,,,40.0,22.829560494862587,30.0,0.01,-0.0020586381306632,-0.0062862579053986,0.0074996646987577,-0.8454675078392029,3.8436529636383057,2.661426544189453,0.0,0.0008578172012390742,8.50784673361223e-06
