time_s,command_phase_rad,Bx_T,By_T,Bz_T,B_t_T,B_e1_T,B_e2_T,theta_B_t_deg,psi_B_rad,psi_B_unwrapped_rad
0.0,4.328416544945937,0.007426317397718886,0.006458431555539538,-0.0017715732417117038,0.007660444431189779,-0.0024079247675463157,-0.00595982293616937,40.000000000000014,-1.9547687622336494,-1.9547687622336494
2.7777777777777776e-05,4.33365253270192,0.007421675991065881,0.006472029337163207,-0.0017411380595848895,0.007660444431189777,-0.002376686342973942,-0.005972349047382833,40.000000000000014,-1.949532774477667,-1.949532774477667
5.555555555555555e-05,4.338888520457903,0.007417039057351141,0.006485466339360487,-0.001710630872733728,0.007660444431189779,-0.0023453827603448947,-0.00598471142363025,40.00000000000001,-1.9442967867216834,-1.9442967867216834
8.333333333333333e-05,4.344124508213886,0.0074124067236985445,0.006498742193749174,-0.0016800525175281686,0.007660444431189777,-0.0023140148778627166,-0.005996909725990834,40.00000000000001,-1.9390607989657005,-1.9390607989657005
0.0001111111111111111,4.349360495969869,0.007407779117105862,0.006511856536365015,-0.0016494038322892616,0.007660444431189779,-0.0022825835554937464,-0.0060089436200419614,40.00000000000001,-1.933824811209718,-1.933824811209718
0.0001388888888888889,4.354596483725852,0.007403156364441263,0.006524809007671684,-0.0016186856572661876,0.007660444431189779,-0.0022510896549435572,-0.006020812775868353,40.000000000000014,-1.9285888234537343,-1.9285888234537343
0.00016666666666666666,4.359832471481835,0.007398538592439848,0.006537599252570633,-0.001587898834613244,0.007660444431189779,-0.0022195340396333535,-0.006032516868071098,40.000000000000014,-1.9233528356977516,-1.9233528356977516
0.00019444444444444443,4.365068459237818,0.007393925927700167,0.00655022692041084,-0.001557044208366715,0.007660444431189778,-0.002187917574676258,-0.006044055575776602,40.00000000000001,-1.918116847941768,-1.918116847941768
0.0002222222222222222,4.370304446993801,0.007389318496680758,0.00656269166499841,-0.0015261226244217756,0.007660444431189779,-0.00215624112685364,-0.006055428582645364,40.00000000000002,-1.9128808601857854,-1.9128808601857854
0.00025,4.375540434749784,0.007384716425696667,0.006574993144606075,-0.0014951349305092636,0.007660444431189779,-0.0021245055645913113,-0.006066635576880652,40.00000000000001,-1.9076448724298027,-1.9076448724298027
0.0002777777777777778,4.380776422505767,0.007380119840915995,0.006587131021982559,-0.0014640819761724563,0.007660444431189778,-0.0020927117579357377,-0.006077676251237062,40.00000000000001,-1.9024088846738192,-1.9024088846738192
0.00030555555555555555,4.38601241026175,0.007375528868356437,0.006599104964361821,-0.001432964612743794,0.00766044443118978,-0.0020608605785301997,-0.006088550303028928,40.00000000000002,-1.8971728969178365,-1.8971728969178365
0.0003333333333333333,4.391248398017733,0.007370943633881823,0.00661091464347218,-0.0014017836933215083,0.007660444431189779,-0.002028952899590865,-0.0060992574341386255,40.000000000000014,-1.8919369091618539,-1.8919369091618539
0.0003611111111111111,4.396484385773716,0.007366364263198674,0.006622559735545323,-0.0013705400727462508,0.007660444431189778,-0.001996989595882865,-0.006109797351024751,40.00000000000001,-1.8867009214058705,-1.8867009214058705
0.00038888888888888887,4.401720373529699,0.0073617908818527505,0.006634039921325162,-0.0013392346075776732,0.007660444431189779,-0.001964971543696327,-0.006120169764730154,40.000000000000014,-1.8814649336498879,-1.8814649336498879
0.00041666666666666664,4.4069563612856815,0.00735722361522561,0.006645354886076609,-0.0013078681560709105,0.007660444431189778,-0.0019328996208223192,-0.006130374390889875,40.000000000000014,-1.876228945893905,-1.876228945893905
0.0004444444444444444,4.412192349041665,0.007352662588531176,0.00665650431959419,-0.0012764415781530713,0.00766044443118978,-0.0019007747065288047,-0.006140410949738937,40.00000000000002,-1.8709929581379214,-1.8709929581379214
0.0004722222222222222,4.417428336797648,0.0073481079268123,0.006667487916210547,-0.0012449557353996744,0.007660444431189779,-0.0018685976815365464,-0.006150279166119999,40.00000000000001,-1.865756970381939,-1.865756970381939
0.0005,4.422664324553631,0.007343559754937333,0.00667830537480484,-0.0012134114910109931,0.007660444431189778,-0.0018363694279949277,-0.006159978769490936,40.000000000000014,-1.8605209826259552,-1.8605209826259552
0.0005277777777777777,4.427900312309614,0.007339018197596704,0.006688956398810968,-0.0011818097097884325,0.00766044443118978,-0.0018040908294578108,-0.006169509493932213,40.000000000000014,-1.8552849948699726,-1.8552849948699726
0.0005555555555555556,4.433136300065597,0.0073344833792995025,0.006699440696225732,-0.0011501512581107828,0.007660444431189779,-0.001771762770859274,-0.006178871078154208,40.00000000000001,-1.85004900711399,-1.85004900711399
0.0005833333333333333,4.43837228782158,0.007329955424370061,0.006709757979616824,-0.0011184370039104838,0.007660444431189779,-0.001739386138489369,-0.006188063265504362,40.000000000000014,-1.8448130193580063,-1.8448130193580063
0.0006111111111111111,4.443608275577563,0.007325434456944554,0.006719907966130703,-0.0010866678166498462,0.007660444431189779,-0.0017069618199698389,-0.006197085803974214,40.00000000000001,-1.839577031602024,-1.839577031602024
0.0006388888888888888,4.448844263333545,0.0073209206009675854,0.006729890377500365,-0.0010548445672971798,0.007660444431189779,-0.0016744907042297477,-0.006205938446206313,40.00000000000001,-1.834341043846041,-1.834341043846041
0.0006666666666666666,4.454080251089529,0.007316413980188796,0.006739704940052961,-0.001022968128302937,0.007660444431189777,-0.001641973681481132,-0.006214620949501004,40.00000000000001,-1.8291050560900575,-1.8291050560900575
0.0006944444444444444,4.459316238845512,0.007311914718159475,0.006749351384717297,-0.000991039373575806,0.007660444431189779,-0.0016094116431946072,-0.0062231330758230705,40.00000000000001,-1.8238690683340748,-1.8238690683340748
0.0007222222222222222,4.464552226601494,0.00730742293822916,0.006758829447031223,-0.0009590591784587193,0.007660444431189779,-0.0015768054820748953,-0.00623147459180827,40.00000000000002,-1.8186330805780921,-1.8186330805780921
0.0007499999999999999,4.469788214357478,0.007302938763542267,0.006768138867148871,-0.0009270284197048767,0.007660444431189779,-0.001544156092036369,-0.006239645268769727,40.00000000000001,-1.8133970928221086,-1.8133970928221086
0.0007777777777777777,4.4750242021134605,0.007298462317034712,0.006777279389847786,-0.0008949479754537204,0.00766044443118978,-0.0015114643681785607,-0.006247644882704207,40.000000000000014,-1.808161105066126,-1.808161105066126
0.0008055555555555555,4.480260189869444,0.0072939937214305355,0.006786250764535921,-0.0008628187252068237,0.007660444431189779,-0.0014787312067615819,-0.006255473214298252,40.00000000000001,-1.8029251173101424,-1.8029251173101424
0.0008333333333333333,4.485496177625427,0.007289533099238544,0.006795052745258508,-0.0008306415498038228,0.007660444431189778,-0.0014459575051815996,-0.006263130048934197,40.000000000000014,-1.7976891295541597,-1.7976891295541597
0.000861111111111111,4.490732165381409,0.00728508057274895,0.006803685090704797,-0.000798417331398231,0.00766044443118978,-0.0014131441619461929,-0.006270615176696054,40.00000000000002,-1.792453141798177,-1.792453141798177
0.0008888888888888888,4.495968153137393,0.007280636264030013,0.00681214756421468,-0.0007661469534332671,0.00766044443118978,-0.001380292076649736,-0.006277928392375261,40.000000000000014,-1.7872171540421935,-1.7872171540421935
0.0009166666666666666,4.501204140893376,0.007276200294924703,0.006820439933785168,-0.0007338313006176561,0.007660444431189777,-0.0013474021499487534,-0.006285069495476318,40.000000000000014,-1.7819811662862108,-1.7819811662862108
0.0009444444444444444,4.506440128649358,0.0072717727870473545,0.006828561972076762,-0.0007014712589013384,0.007660444431189778,-0.0013144752835371949,-0.006292038290222277,40.000000000000014,-1.7767451785302282,-1.7767451785302282
0.0009722222222222222,4.511676116405342,0.007267353861780333,0.006836513456419682,-0.0006690677154511985,0.00766044443118978,-0.00128151238012173,-0.006298834585560111,40.000000000000014,-1.7715091907742446,-1.7715091907742446
0.001,4.5169121041613245,0.007262943640270705,0.006844294168819962,-0.0006366215586267598,0.00766044443118978,-0.0012485143433970183,-0.006305458195165947,40.00000000000001,-1.766273203018262,-1.766273203018262
0.0010277777777777776,4.522148091917308,0.0072585422434269225,0.006851903895965445,-0.0006041336779557908,0.00766044443118978,-0.0012154820780208946,-0.0063119089374501815,40.00000000000001,-1.7610372152622784,-1.7610372152622784
0.0010555555555555555,4.527384079673291,0.007254149791915502,0.006859342429231617,-0.0005716049641099619,0.007660444431189779,-0.0011824164895896105,-0.0063181866355624585,39.99999999999999,-1.7558012275062957,-1.7558012275062957
0.0010833333333333333,4.532620067429273,0.0072497664061577215,0.006866609564687331,-0.0005390363088803898,0.007660444431189779,-0.0011493184846129711,-0.006324291117396512,40.00000000000001,-1.750565239750313,-1.750565239750313
0.0011111111111111111,4.537856055185257,0.007245392206326315,0.006873705103100397,-0.0005064286051532041,0.007660444431189778,-0.0011161889704894967,-0.006330222215594889,40.00000000000001,-1.7453292519943295,-1.7453292519943295
0.0011388888888888887,4.54309204294124,0.007241027312342182,0.006880628849943046,-0.0004737827468850847,0.007660444431189779,-0.0010830288554815625,-0.0063359797675535375,40.000000000000014,-1.7400932642383469,-1.7400932642383469
0.0011666666666666665,4.548328030697222,0.0072366718438710955,0.0068873806153972586,-0.000441099629078722,0.007660444431189778,-0.0010498390486904678,-0.006341563615426259,40.000000000000014,-1.7348572764823642,-1.7348572764823642
0.0011944444444444444,4.553564018453206,0.007232325920320422,0.006893960214359977,-0.00040838014775829433,0.007660444431189779,-0.0010166204600315248,-0.0063469736061290485,40.00000000000001,-1.7296212887263807,-1.7296212887263807
0.0012222222222222222,4.5588000062091885,0.007227989660835853,0.006900367466448169,-0.0003756251999449217,0.007660444431189779,-0.0009833740002091332,-0.006352209591344272,40.00000000000001,-1.724385300970398,-1.724385300970398
0.0012499999999999998,4.564035993965171,0.007223663184298132,0.006906602196003785,-0.0003428356836320387,0.007660444431189779,-0.0009501005806917784,-0.006357271427524754,40.000000000000014,-1.7191493132144153,-1.7191493132144153
0.0012777777777777776,4.569271981721155,0.0072193466093197975,0.006912664232098563,-0.0003100124977607932,0.007660444431189778,-0.0009168011136870582,-0.006362158975897698,40.000000000000014,-1.7139133254584318,-1.7139133254584318
0.0013055555555555555,4.574507969477137,0.007215040054241937,0.006918553408538723,-0.00027715654219541755,0.007660444431189779,-0.0008834765121166936,-0.006366872102468496,40.00000000000002,-1.7086773377024491,-1.7086773377024491
0.0013333333333333333,4.579743957233121,0.007210743637130929,0.006924269563869516,-0.00024426871769851896,0.00766044443118978,-0.000850127689591458,-0.0063714106780244015,40.000000000000014,-1.7034413499464656,-1.7034413499464656
0.0013611111111111111,4.5849799449891036,0.007206457475775221,0.006929812541379655,-0.00021134992590643095,0.007660444431189778,-0.0008167555603861795,-0.006375774578138073,39.99999999999999,-1.698205362190483,-1.698205362190483
0.0013888888888888887,4.590215932745086,0.007202181687682091,0.006935182189105615,-0.0001784010693044534,0.007660444431189779,-0.0007833610394146314,-0.006379963683170987,40.00000000000001,-1.6929693744345002,-1.6929693744345002
0.0014166666666666666,4.59545192050107,0.00719791639007443,0.006940378359835789,-0.00014542305120212844,0.007660444431189778,-0.0007499450422044703,-0.006383977878276709,40.000000000000014,-1.6877333866785167,-1.6877333866785167
0.0014444444444444444,4.600687908257052,0.007193661699887526,0.006945400911114534,-0.00011241677570849276,0.007660444431189778,-0.0007165084848721509,-0.006387817053404058,40.000000000000014,-1.682497398922534,-1.682497398922534
0.0014722222222222222,4.605923896013035,0.007189417733765861,0.006950249705246066,-7.938314770725568e-05,0.007660444431189778,-0.0006830522840977766,-0.006391481103300102,40.000000000000014,-1.6772614111665514,-1.6772614111665514
0.0014999999999999998,4.611159883769019,0.007185184608059908,0.006954924609298245,-4.632307283201062e-05,0.007660444431189778,-0.0006495773570999872,-0.006394969927513066,40.000000000000014,-1.6720254234105678,-1.6720254234105678
0.0015277777777777776,4.616395871525001,0.007180962438822949,0.006959425495106217,-1.323745744142138e-05,0.007660444431189779,-0.0006160846216108269,-0.00639828343039507,40.000000000000014,-1.6667894356545851,-1.6667894356545851
0.0015555555555555555,4.621631859280985,0.0071767513418078835,0.006963752239275925,1.9872791405664142e-05,0.007660444431189778,-0.0005825749958505461,-0.006401421521104763,40.00000000000001,-1.6615534478986016,-1.6615534478986016
0.0015833333333333333,4.6268678470369675,0.007172551432464066,0.006967904723187488,5.3006765975037033e-05,0.007660444431189778,-0.0005490493985024743,-0.006404384113609796,40.000000000000014,-1.656317460142619,-1.656317460142619
0.001611111111111111,4.63210383479295,0.007168362825934133,0.006971882832998465,8.616355788205271e-05,0.007660444431189779,-0.0005155087486877921,-0.006407171126689205,39.99999999999999,-1.6510814723866363,-1.6510814723866363
0.0016388888888888887,4.637339822548934,0.007164185637050845,0.006975686459646965,0.00011934225811651752,0.007660444431189779,-0.00048195396594035166,-0.006409782483935616,40.00000000000001,-1.6458454846306527,-1.6458454846306527
0.0016666666666666666,4.642575810304916,0.007160019980333949,0.006979315498854641,0.0001525419570675929,0.00766044443118978,-0.0004483859701814836,-0.006412218113757351,40.000000000000014,-1.64060949687467,-1.64060949687467
0.0016944444444444444,4.647811798060899,0.0071558659699870256,0.006982769851129551,0.00018576174454876764,0.007660444431189779,-0.000414805681694742,-0.006414477949380388,40.00000000000001,-1.6353735091186874,-1.6353735091186874
0.001722222222222222,4.653047785816883,0.007151723719894368,0.006986049421768884,0.00021900070982279224,0.007660444431189778,-0.00038121402110069357,-0.006416561928850193,40.00000000000001,-1.6301375213627038,-1.6301375213627038
0.0017499999999999998,4.658283773572865,0.0071475933436178545,0.006989154120861552,0.0002522579416266323,0.007660444431189779,-0.00034761190933169333,-0.006418469995033415,40.000000000000014,-1.6249015336067212,-1.6249015336067212
0.0017777777777777776,4.663519761328848,0.007143474954393839,0.006992083863290662,0.00028553252819648315,0.00766044443118978,-0.00031400026760660413,-0.006420202095619457,40.000000000000014,-1.6196655458507385,-1.6196655458507385
0.0018055555555555555,4.6687557490848315,0.007139368665130038,0.006994838568735844,0.0003188235572927517,0.007660444431189779,-0.0002803800174055565,-0.006421758183121904,40.000000000000014,-1.614429558094755,-1.614429558094755
0.0018333333333333333,4.673991736840814,0.007135274588402451,0.006997418161675457,0.0003521301162250468,0.007660444431189779,-0.0002467520804447046,-0.006423138214879832,40.00000000000001,-1.6091935703387723,-1.6091935703387723
0.001861111111111111,4.679227724596798,0.007131192836452257,0.00699982257138866,0.0003854512918772421,0.007660444431189779,-0.00021311737865091566,-0.006424342153058975,40.00000000000001,-1.6039575825827888,-1.6039575825827888
0.0018888888888888887,4.68446371235278,0.007127123521182749,0.007002051731957343,0.00041878617073246374,0.007660444431189779,-0.00017947683413654112,-0.006425369964652759,40.00000000000001,-1.598721594826806,-1.598721594826806
0.0019166666666666666,4.689699700108763,0.007123066754156259,0.007004105582267946,0.0004521338388981744,0.00766044443118978,-0.00014583136917409675,-0.00642622162148321,40.000000000000014,-1.5934856070708234,-1.5934856070708234
0.0019444444444444444,4.694935687864747,0.0071190226465911045,0.007005984066013123,0.0004854933821312116,0.007660444431189779,-0.00011218190617099435,-0.006426897100201724,40.000000000000014,-1.5882496193148399,-1.5882496193148399
0.001972222222222222,4.700171675620729,0.007114991309358538,0.007007687131693292,0.0005188638858628349,0.007660444431189778,-7.852936764427194e-05,-0.00642739638228971,40.00000000000001,-1.5830136315588572,-1.5830136315588572
0.002,4.705407663376712,0.007110972852979707,0.007009214732618051,0.000552244435223833,0.007660444431189778,-4.487467619526664e-05,-0.006427719454059102,40.00000000000001,-1.5777776438028746,-1.5777776438028746
0.0020277777777777777,4.7106436511326955,0.00710696738762262,0.007010566826907446,0.000585634115069589,0.007660444431189778,-1.1218754484339276e-05,-0.006427866306652721,40.000000000000014,-1.572541656046891,-1.572541656046891
0.0020555555555555553,4.715879638888678,0.007102975023099137,0.00701174337749313,0.0006190320100051516,0.007660444431189778,2.2437474794403164e-05,-0.0064278369360445285,40.000000000000014,-1.5673056682909083,-1.5673056682909083
0.0020833333333333333,4.721115626644661,0.007098995868861946,0.007012744352119375,0.0006524372044103663,0.007660444431189778,5.6093088938440386e-05,-0.006427631343039739,40.00000000000002,-1.5620696805349257,-1.5620696805349257
0.002111111111111111,4.726351614400644,0.00709503003400157,0.007013569723343953,0.0006858487824649595,0.007660444431189779,8.97471652621148e-05,-0.0064272495332747814,40.000000000000014,-1.5568336927789421,-1.5568336927789421
0.0021388888888888885,4.731587602156627,0.007091077627243377,0.007014219468538899,0.0007192658281736299,0.00766044443118978,0.0001233987811219122,-0.0064266915172171675,40.00000000000001,-1.5515977050229595,-1.5515977050229595
0.0021666666666666666,4.7368235899126105,0.007087138756944592,0.0070146935698911185,0.0007526874253912,0.007660444431189778,0.0001570470139417966,-0.00642595731016519,40.000000000000014,-1.546361717266976,-1.546361717266976
0.002194444444444444,4.742059577668593,0.007083213531091337,0.007014992014402882,0.0007861126578476879,0.007660444431189779,0.00019069094123845597,-0.006425046932247503,40.000000000000014,-1.5411257295109932,-1.5411257295109932
0.0022222222222222222,4.747295565424576,0.007079302057295659,0.007015114793892186,0.0008195406091734671,0.007660444431189778,0.00022432964064663492,-0.006423960408422582,40.000000000000014,-1.5358897417550106,-1.5358897417550106
0.00225,4.752531553180559,0.00707540444279259,0.007015061904992965,0.0008529703629243715,0.00766044443118978,0.0002579621899444014,-0.006422697768478022,40.00000000000001,-1.530653753999027,-1.530653753999027
0.0022777777777777774,4.757767540936542,0.007071520794437199,0.007014833349155198,0.000886401002606804,0.007660444431189779,0.00029158766707841686,-0.006421259047029737,40.000000000000014,-1.5254177662430444,-1.5254177662430444
0.0023055555555555555,4.763003528692525,0.007067651218701668,0.007014429132644855,0.0009198316117028956,0.007660444431189778,0.00032520515018924425,-0.006419644283521001,39.99999999999999,-1.5201817784870617,-1.5201817784870617
0.002333333333333333,4.768239516448508,0.007063795821672369,0.00701384926654374,0.0009532612736956165,0.007660444431189778,0.00035881371763660914,-0.006417853522221372,40.000000000000014,-1.5149457907310782,-1.5149457907310782
0.002361111111111111,4.773475504204491,0.007059954709046964,0.007013093766749173,0.000986689072093885,0.00766044443118978,0.00039241244802464556,-0.006415886812225476,40.00000000000001,-1.5097098029750955,-1.5097098029750955
0.0023888888888888887,4.778711491960474,0.007056127986131491,0.007012162653973562,0.0010201140904577274,0.007660444431189779,0.0004260004202271935,-0.006413744207451662,40.00000000000002,-1.5044738152191128,-1.5044738152191128
0.0024166666666666664,4.783947479716457,0.0070523157578374915,0.007011055953743834,0.001053535412423387,0.007660444431189779,0.00045957671341303476,-0.006411425766640518,40.00000000000001,-1.4992378274631293,-1.4992378274631293
0.0024444444444444444,4.78918346747244,0.007048518128679134,0.007009773696400735,0.0010869521217284277,0.00766044443118978,0.0004931404070711178,-0.006408931553353273,40.00000000000001,-1.4940018397071466,-1.4940018397071466
0.002472222222222222,4.794419455228423,0.007044735202770337,0.007008315917098,0.0011203633022368949,0.007660444431189778,0.000526690581035839,-0.006406261635970045,40.000000000000014,-1.488765851951163,-1.488765851951163
0.0024999999999999996,4.799655442984406,0.007040967083821926,0.007006682655801384,0.001153768037964386,0.007660444431189778,0.0005602263155122194,-0.0064034160876879674,40.00000000000001,-1.4835298641951804,-1.4835298641951804
0.0025277777777777777,4.804891430740389,0.0070372138751387875,0.0070048739572875695,0.001187165413103203,0.00766044443118978,0.0005937466911011637,-0.0064003949865191825,40.000000000000014,-1.4782938764391977,-1.4782938764391977
0.0025555555555555553,4.810127418496372,0.007033475679617029,0.007002889871142939,0.001220554512047441,0.007660444431189778,0.0006272507888246484,-0.006397198415288705,40.000000000000014,-1.4730578886832142,-1.4730578886832142
0.0025833333333333333,4.815363406252355,0.007029752599741174,0.007000730451762218,0.0012539344194180747,0.007660444431189778,0.000660737690150898,-0.006393826461632151,39.99999999999999,-1.4678219009272315,-1.4678219009272315
0.002611111111111111,4.820599394008338,0.007026044737581334,0.006998395758346982,0.0012873042200880877,0.007660444431189777,0.000694206477019603,-0.006390279217993336,40.00000000000001,-1.4625859131712489,-1.4625859131712489
0.0026388888888888885,4.825835381764321,0.007022352194790426,0.006995885854904024,0.0013206629992075435,0.007660444431189779,0.00072765623186707,-0.006386556781621728,40.000000000000014,-1.4573499254152653,-1.4573499254152653
0.0026666666666666666,4.831071369520304,0.007018675072601374,0.00699320081024362,0.0013540098422286507,0.007660444431189779,0.0007610860376513622,-0.006382659254569809,40.000000000000014,-1.4521139376592826,-1.4521139376592826
0.002694444444444444,4.8363073572762865,0.0070150134718243405,0.006990340697977623,0.0013873438349308676,0.007660444431189778,0.0007944949778774719,-0.006378586743690246,39.99999999999999,-1.4468779499033,-1.4468779499033
0.0027222222222222222,4.84154334503227,0.007011367492843962,0.006987305596517458,0.001420664063445952,0.007660444431189779,0.0008278821366224325,-0.006374339360632985,40.000000000000014,-1.4416419621473164,-1.4416419621473164
0.00275,4.846779332788253,0.007007737235616592,0.006984095589071964,0.001453969614282996,0.007660444431189779,0.0008612465985604104,-0.00636991722184218,40.000000000000014,-1.4364059743913338,-1.4364059743913338
0.0027777777777777775,4.852015320544236,0.007004122799667567,0.0069807107636451135,0.0014872595743535108,0.007660444431189778,0.0008945874489878387,-0.006365320448552994,40.000000000000014,-1.4311699866353502,-1.4311699866353502
0.0028055555555555555,4.857251308300219,0.007000524284088475,0.00697715121303361,0.0015205330309964132,0.007660444431189778,0.00092790377384845,-0.006360549166788295,40.000000000000014,-1.4259339988793676,-1.4259339988793676
0.002833333333333333,4.862487296056202,0.006996941787534439,0.006973417034824328,0.001553789072003087,0.00766044443118978,0.0009611946597583735,-0.0063556035073551774,40.00000000000001,-1.420698011123385,-1.420698011123385
0.0028611111111111107,4.867723283812185,0.0069933754082214085,0.006969508331391652,0.0015870267856423748,0.007660444431189779,0.0009944591940311619,-0.0063504836058413975,40.00000000000001,-1.4154620233674013,-1.4154620233674013
0.0028888888888888888,4.872959271568168,0.006989825243923477,0.0069654252098946615,0.0016202452606855556,0.007660444431189779,0.0010276964647027926,-0.0063451896026116405,40.00000000000001,-1.4102260356114187,-1.4102260356114187
0.0029166666666666664,4.87819525932415,0.006986291391970191,0.0069611677822741915,0.0016534435864313615,0.007660444431189779,0.0010609055605567059,-0.006339721642803675,40.000000000000014,-1.404990047855436,-1.404990047855436
0.0029444444444444444,4.883431247080134,0.006982773949243887,0.006956736165249772,0.001686620852730928,0.007660444431189779,0.0010940855711487696,-0.006334079876324385,40.00000000000001,-1.3997540600994525,-1.3997540600994525
0.002972222222222222,4.888667234836117,0.006979273012177034,0.0069521304803164255,0.001719776150012729,0.007660444431189778,0.0011272355868322216,-0.00632826445784565,40.00000000000001,-1.3945180723434698,-1.3945180723434698
0.0029999999999999996,4.893903222592099,0.0069757886767495905,0.0069473508537413265,0.001752908569307547,0.007660444431189779,0.0011603546987826415,-0.006322275546800101,40.00000000000001,-1.3892820845874871,-1.3892820845874871
0.0030277777777777777,4.899139210348083,0.006972321038486372,0.006942397416560353,0.0017860172022733751,0.007660444431189779,0.0011934419990228505,-0.00631611330737676,39.99999999999999,-1.3840460968315036,-1.3840460968315036
0.0030555555555555553,4.9043751981040655,0.006968870192454433,0.006937270304574492,0.001819101141220305,0.007660444431189779,0.0012264965804477878,-0.00630977790851654,40.000000000000014,-1.378810109075521,-1.378810109075521
0.003083333333333333,4.909611185860049,0.0069654362332604615,0.006931969658346102,0.0018521594791354502,0.007660444431189779,0.0012595175368494177,-0.006303269523907592,39.99999999999999,-1.3735741213195374,-1.3735741213195374
0.003111111111111111,4.914847173616032,0.006962019255048183,0.006926495623195083,0.0018851913097077655,0.007660444431189779,0.0012925039629415286,-0.0062965883319805755,40.00000000000001,-1.3683381335635547,-1.3683381335635547
0.0031388888888888885,4.920083161372014,0.0069586193514957805,0.00692084834919487,0.0019181957273529354,0.007660444431189778,0.0013254549543845915,-0.006289734515903736,40.000000000000014,-1.363102145807572,-1.363102145807572
0.0031666666666666666,4.925319149127998,0.006955236615813328,0.006915027991168332,0.001951171827238184,0.007660444431189779,0.0013583696078105366,-0.0062827082635779075,39.99999999999999,-1.3578661580515885,-1.3578661580515885
0.003194444444444444,4.930555136883981,0.006951871140740235,0.006909034708683527,0.001984118705307064,0.007660444431189779,0.0013912470208475025,-0.006275509767631345,40.00000000000001,-1.3526301702956058,-1.3526301702956058
0.003222222222222222,4.935791124639963,0.006948523018542696,0.006902868666049321,0.0020170354583042755,0.007660444431189778,0.0014240862921446088,-0.006268139225414453,40.00000000000001,-1.3473941825396232,-1.3473941825396232
0.00325,4.941027112395947,0.006945192341011176,0.006896530032310886,0.002049921183800413,0.007660444431189779,0.001456886521396649,-0.006260596838994367,40.000000000000014,-1.3421581947836396,-1.3421581947836396
0.0032777777777777775,4.9462631001519295,0.006941879199457882,0.00689001898124507,0.0020827749802166885,0.007660444431189779,0.0014896468093687585,-0.006252882815149422,39.99999999999999,-1.336922207027657,-1.336922207027657
0.0033055555555555555,4.951499087907913,0.006938583684714262,0.006883335691355625,0.0021155959468496894,0.007660444431189779,0.0015223662579211055,-0.006244997365363477,40.000000000000014,-1.3316862192716734,-1.3316862192716734
0.003333333333333333,4.956735075663896,0.006935305887128517,0.006876480345868321,0.0021483831838960236,0.007660444431189779,0.0015550439700334675,-0.006236940705820124,40.00000000000001,-1.3264502315156907,-1.3264502315156907
0.0033611111111111107,4.961971063419878,0.006932045896563125,0.0068694531327259155,0.0021811357924770313,0.007660444431189779,0.0015876790498298662,-0.006228713057396753,40.00000000000001,-1.321214243759708,-1.321214243759708
0.0033888888888888888,4.967207051175862,0.006928803802392373,0.006862254244583011,0.0022138528746634095,0.007660444431189779,0.00162027060260311,-0.006220314645658502,40.00000000000002,-1.3159782560037245,-1.3159782560037245
0.0034166666666666664,4.972443038931845,0.006925579693499911,0.006854883878800756,0.002246533533499811,0.007660444431189779,0.001652817734839303,-0.006211745700852068,39.99999999999999,-1.3107422682477419,-1.3107422682477419
0.003444444444444444,4.977679026687827,0.006922373658276313,0.006847342237441457,0.0022791768730294716,0.007660444431189778,0.001685319554242381,-0.0062030064578994055,40.00000000000001,-1.3055062804917592,-1.3055062804917592
0.003472222222222222,4.982915014443811,0.006919185784616654,0.006839629527263018,0.0023117819983187534,0.007660444431189779,0.0017177751697585513,-0.006194097156391272,40.000000000000014,-1.3002702927357757,-1.3002702927357757
0.0034999999999999996,4.9881510021997935,0.006916016159918102,0.006831745959713288,0.0023443480154816654,0.00766044443118978,0.0017501836916007094,-0.006185018040580673,40.000000000000014,-1.295034304979793,-1.295034304979793
0.0035277777777777777,4.993386989955777,0.006912864871077515,0.0068236917509242505,0.002376874031704407,0.007660444431189778,0.001782544231272868,-0.00617576935937615,40.00000000000001,-1.2897983172238094,-1.2897983172238094
0.0035555555555555553,4.99862297771176,0.006909732004489074,0.006815467121706109,0.0024093591552698033,0.007660444431189779,0.001814855901594476,-0.006166351366334972,40.00000000000001,-1.2845623294678268,-1.2845623294678268
0.003583333333333333,5.003858965467742,0.006906617646041895,0.00680707229754123,0.0024418024955817873,0.007660444431189778,0.0018471178167247739,-0.006156764319656177,40.000000000000014,-1.2793263417118441,-1.2793263417118441
0.003611111111111111,5.009094953223726,0.00690352188111769,0.0067985075085779546,0.0024742031631897997,0.007660444431189779,0.001879329092187066,-0.006147008482173488,40.000000000000014,-1.2740903539558606,-1.2740903539558606
0.0036388888888888886,5.0143309409797086,0.006900444794588419,0.006789772989624305,0.002506560269813162,0.00766044443118978,0.0019114888448929551,-0.006137084121348125,40.000000000000014,-1.268854366199878,-1.268854366199878
0.0036666666666666666,5.019566928735691,0.006897386470813961,0.006780868980141523,0.0025388729283654546,0.007660444431189779,0.0019435961931665788,-0.006126991509261447,40.000000000000014,-1.2636183784438952,-1.2636183784438952
0.003694444444444444,5.024802916491675,0.0068943469936398084,0.006771795724237529,0.0025711402529788275,0.007660444431189779,0.001975650256768772,-0.006116730922607513,39.99999999999999,-1.2583823906879117,-1.2583823906879117
0.003722222222222222,5.030038904247657,0.006891326446394764,0.006762553470660221,0.0026033613590282652,0.007660444431189779,0.0020076501569211776,-0.0061063026426854934,40.00000000000001,-1.253146402931929,-1.253146402931929
0.00375,5.03527489200364,0.006888324911888655,0.006753142472790646,0.0026355353631558743,0.007660444431189779,0.002039595016330374,-0.006095706955391948,40.000000000000014,-1.2479104151759464,-1.2479104151759464
0.0037777777777777775,5.040510879759624,0.006885342472410067,0.0067435629886360635,0.0026676613832950853,0.007660444431189779,0.0020714839592119094,-0.006084944151212995,40.00000000000001,-1.2426744274199628,-1.2426744274199628
0.003805555555555555,5.045746867515606,0.0068823792097240846,0.006733815280822873,0.002699738538694816,0.007660444431189779,0.0021033161113142938,-0.006074014525216348,40.00000000000001,-1.2374384396639801,-1.2374384396639801
0.003833333333333333,5.05098285527159,0.006879435205070052,0.006723899616589407,0.002731765949943658,0.007660444431189778,0.00213509059994301,-0.006062918377043227,40.00000000000001,-1.2322024519079966,-1.2322024519079966
0.0038611111111111107,5.0562188430275725,0.006876510539159342,0.006713816267778612,0.002763742738993944,0.007660444431189779,0.0021668065539843908,-0.006051656010900138,40.000000000000014,-1.226966464152014,-1.226966464152014
0.0038888888888888888,5.061454830783555,0.006873605292173151,0.006703565510830583,0.0027956680291858537,0.007660444431189779,0.0021984631039295385,-0.006040227735550536,40.00000000000001,-1.221730476396031,-1.221730476396031
0.003916666666666666,5.066690818539539,0.00687071954376029,0.006693147626775007,0.0028275409452714353,0.007660444431189779,0.002230059381898152,-0.006028633864306366,40.00000000000001,-1.2164944886400477,-1.2164944886400477
0.003944444444444444,5.071926806295521,0.00686785337303501,0.006682562901223433,0.0028593606134385825,0.007660444431189779,0.002261594521662299,-0.006016874715019464,40.000000000000014,-1.211258500884065,-1.211258500884065
0.003972222222222222,5.077162794051504,0.00686500685857483,0.0066718116243614616,0.0028911261613350247,0.007660444431189779,0.002293067658670198,-0.006004950610072846,40.00000000000001,-1.2060225131280822,-1.2060225131280822
0.004,5.082398781807488,0.006862180078418381,0.006660894090940776,0.0029228367180922244,0.007660444431189779,0.0023244779300699045,-0.005992861876371872,40.00000000000001,-1.2007865253720988,-1.2007865253720988
0.004027777777777778,5.08763476956347,0.0068593731100632695,0.006649810600271075,0.0029544914143492407,0.007660444431189778,0.002355824474732952,-0.005980608845335289,40.000000000000014,-1.1955505376161162,-1.1955505376161162
0.004055555555555555,5.092870757319453,0.006856586030463951,0.006638561456211848,0.00298608938227659,0.007660444431189779,0.002387106433277988,-0.005968191852886124,40.000000000000014,-1.1903145498601335,-1.1903145498601335
0.004083333333333333,5.0981067450754365,0.0068538189160296204,0.006627146967164066,0.0030176297556000252,0.007660444431189778,0.0024183229480943228,-0.005955611239442504,40.00000000000002,-1.1850785621041502,-1.1850785621041502
0.0041111111111111105,5.103342732831419,0.006851071842622118,0.00661556744606171,0.003049111669624268,0.007660444431189779,0.0024494731633654234,-0.005942867349908297,40.000000000000014,-1.1798425743481673,-1.1798425743481673
0.004138888888888889,5.108578720587403,0.006848344885553849,0.006603823210363201,0.0030805342612567543,0.00766044443118978,0.0024805562250924122,-0.005929960533663674,40.000000000000014,-1.1746065865921838,-1.1746065865921838
0.004166666666666667,5.113814708343385,0.0068456381195857174,0.006591914582042695,0.00311189666903125,0.007660444431189779,0.002511571281117442,-0.0059168911445555234,40.00000000000002,-1.169370598836201,-1.169370598836201
0.004194444444444444,5.119050696099368,0.006842951618925082,0.00657984188758125,0.0031431980331315086,0.007660444431189779,0.0025425174811470877,-0.005903659540887747,40.000000000000014,-1.1641346110802184,-1.1641346110802184
0.004222222222222222,5.124286683855352,0.006840285457223713,0.006567605457957886,0.003174437495414827,0.007660444431189779,0.0025733939767756493,-0.005890266085411447,39.99999999999999,-1.1588986233242349,-1.1588986233242349
0.0042499999999999994,5.129522671611334,0.006837639707575781,0.0065552056286405005,0.003205614199435556,0.007660444431189779,0.002604199921508393,-0.005876711145314968,40.00000000000001,-1.1536626355682522,-1.1536626355682522
0.004277777777777777,5.134758659367317,0.006835014442515851,0.00654264273957668,0.0032367272904686105,0.007660444431189779,0.002634934470784785,-0.005862995092213841,40.000000000000014,-1.1484266478122696,-1.1484266478122696
0.0043055555555555555,5.1399946471233005,0.006832409734016887,0.00652991713518437,0.0032677759155328896,0.007660444431189778,0.002665596782001639,-0.005849118302140589,40.000000000000014,-1.143190660056286,-1.143190660056286
0.004333333333333333,5.145230634879283,0.006829825653488293,0.006517029164342447,0.0032987592234146415,0.007660444431189779,0.0026961860145361914,-0.005835081155534422,40.00000000000001,-1.1379546723003033,-1.1379546723003033
0.004361111111111111,5.150466622635266,0.00682726227177394,0.006503979180381142,0.003329676364690835,0.007660444431189779,0.0027267013297691866,-0.005820884037230808,40.000000000000014,-1.1327186845443207,-1.1327186845443207
0.004388888888888888,5.155702610391249,0.00682471965915023,0.006490767541072354,0.0033605264917524295,0.007660444431189779,0.0027571418911078484,-0.005806527336450911,39.99999999999999,-1.1274826967883371,-1.1274826967883371
0.004416666666666666,5.160938598147232,0.006822197885324176,0.006477394608619853,0.003391308758827598,0.00766044443118978,0.0027875068640088,-0.0057920114467909425,40.000000000000014,-1.1222467090323545,-1.1222467090323545
0.0044444444444444444,5.1661745859032155,0.0068196970194314786,0.006463860749649333,0.0034220223220049494,0.007660444431189778,0.002817795416000981,-0.005777336766211343,40.00000000000001,-1.117010721276371,-1.117010721276371
0.004472222222222222,5.171410573659198,0.006817217130034642,0.00645016633519838,0.0034526663392566237,0.007660444431189779,0.0028480067167084284,-0.0057625036970259,40.000000000000014,-1.1117747335203882,-1.1117747335203882
0.0045,5.176646561415181,0.006814758285121085,0.006436311740706278,0.0034832399704614126,0.007660444431189779,0.002878139937873076,-0.005747512645890693,40.000000000000014,-1.1065387457644056,-1.1065387457644056
0.004527777777777777,5.181882549171164,0.006812320552101284,0.006422297346003735,0.003513742377427779,0.007660444431189779,0.0029081942533774508,-0.0057323640237929635,40.00000000000001,-1.101302758008422,-1.101302758008422
0.004555555555555555,5.187118536927147,0.006809903997806921,0.006408123535302465,0.0035441727239168153,0.007660444431189779,0.0029381688392672986,-0.00571705824603984,39.99999999999999,-1.0960667702524394,-1.0960667702524394
0.004583333333333333,5.19235452468313,0.0068075086884890525,0.006393790697184644,0.003574530175665209,0.007660444431189779,0.002968062873774214,-0.005701595732246949,40.000000000000014,-1.0908307824964565,-1.0908307824964565
0.004611111111111111,5.197590512439113,0.006805134689816293,0.006379299224592269,0.003604813900408088,0.00766044443118978,0.0029978755373381424,-0.005685976906326917,40.000000000000014,-1.0855947947404732,-1.0855947947404732
0.004638888888888889,5.202826500195096,0.006802782066873014,0.006364649514816385,0.0036350230679018324,0.007660444431189778,0.003027606012629845,-0.005670202196477748,40.00000000000001,-1.0803588069844903,-1.0803588069844903
0.004666666666666666,5.208062487951079,0.006800450884157566,0.006349841969486184,0.003665156849946859,0.007660444431189779,0.0030572534845733266,-0.005654272035171083,40.00000000000001,-1.0751228192285078,-1.0751228192285078
0.004694444444444444,5.213298475707062,0.006798141205580497,0.006334876994557997,0.0036952144204103156,0.007660444431189777,0.0030868171403681715,-0.0056381868591403326,40.00000000000001,-1.0698868314725243,-1.0698868314725243
0.004722222222222222,5.218534463463045,0.006795853094462814,0.006319755000304179,0.0037251949552487163,0.007660444431189778,0.003116296169511815,-0.005621947109368734,40.000000000000014,-1.0646508437165416,-1.0646508437165416
0.00475,5.223770451219028,0.006793586613534238,0.006304476401301835,0.003755097632530563,0.007660444431189779,0.00314568976382179,-0.0056055532310772226,40.00000000000001,-1.059414855960558,-1.059414855960558
0.0047777777777777775,5.229006438975011,0.00679134182493149,0.006289041616421479,0.0037849216324588432,0.00766044443118978,0.0031749971174578513,-0.005589005673712257,40.000000000000014,-1.0541788682045754,-1.0541788682045754
0.004805555555555555,5.234242426730994,0.006789118790196581,0.006273451068815533,0.0038146661373935375,0.007660444431189779,0.0032042174269440995,-0.0055723048909334825,39.99999999999999,-1.0489428804485925,-1.0489428804485925
0.004833333333333333,5.239478414486977,0.006786917570275133,0.006257705185906735,0.003844330331874023,0.007660444431189779,0.0032333498911909925,-0.005555451340601291,40.000000000000014,-1.0437068926926094,-1.0437068926926094
0.00486111111111111,5.24471440224296,0.006784738225514702,0.006241804399376418,0.0038739134026414147,0.007660444431189779,0.0032623937115173005,-0.005538445484764281,40.00000000000001,-1.0384709049366265,-1.0384709049366265
0.004888888888888889,5.249950389998943,0.0067825808156631254,0.006225749145152681,0.0039034145386608867,0.007660444431189779,0.0032913480916720193,-0.005521287789646581,39.99999999999999,-1.0332349171806439,-1.0332349171806439
0.004916666666666666,5.255186377754926,0.006780445399866882,0.006209539863398422,0.0039328329311439,0.007660444431189778,0.0033202122378561986,-0.0055039787256350664,40.00000000000002,-1.02799892942466,-1.02799892942466
0.004944444444444444,5.260422365510909,0.006778332036669479,0.006193176998499296,0.00396216777357035,0.007660444431189779,0.0033489853587446773,-0.005486518767266478,40.000000000000014,-1.0227629416686776,-1.0227629416686776
0.004972222222222222,5.2656583532668915,0.006776240784009833,0.006176660999051505,0.003991418261710722,0.007660444431189779,0.0033776666655078178,-0.005468908393214386,40.00000000000001,-1.0175269539126948,-1.0175269539126948
0.004999999999999999,5.270894341022875,0.006774171699220692,0.006159992317849518,0.004020583593648112,0.00766044443118978,0.003406255371833113,-0.005451148086276096,40.00000000000002,-1.0122909661567114,-1.0122909661567114
0.005027777777777778,5.276130328778858,0.0067721248390270605,0.006143171411873652,0.004049662969800201,0.007660444431189779,0.0034347506939467268,-0.005433238333359394,40.000000000000014,-1.0070549784007288,-1.0070549784007288
0.005055555555555555,5.281366316534841,0.006770100259544646,0.006126198742277536,0.004078655592941214,0.007660444431189779,0.0034631518506350184,-0.005415179625469199,40.000000000000014,-1.0018189906447452,-1.0018189906447452
0.005083333333333333,5.286602304290824,0.0067680980162783165,0.006109074774375487,0.004107560668223731,0.007660444431189778,0.0034914580632659223,-0.005396972457694115,40.000000000000014,-0.9965830028887624,-0.9965830028887624
0.0051111111111111105,5.291838292046807,0.006766118164120585,0.0060917999776297325,0.004136377403200517,0.007660444431189779,0.003519668555810323,-0.005378617329192843,40.00000000000001,-0.9913470151327798,-0.9913470151327798
0.005138888888888888,5.29707427980279,0.006764160757350095,0.006074374825637548,0.004165105007846231,0.007660444431189779,0.003547782554863323,-0.005360114743180497,40.00000000000001,-0.9861110273767962,-0.9861110273767962
0.005166666666666667,5.302310267558773,0.006762225849630143,0.0060567997961182875,0.004193742694579072,0.007660444431189779,0.003575799289665429,-0.005341465206914831,40.00000000000001,-0.9808750396208136,-0.9808750396208136
0.005194444444444444,5.307546255314756,0.0067603134940072045,0.006039075370900252,0.004222289678282399,0.007660444431189779,0.0036037179921237106,-0.00532266923168229,40.000000000000014,-0.9756390518648299,-0.9756390518648299
0.005222222222222222,5.312782243070739,0.0067584237429094704,0.006021202035907521,0.004250745176326223,0.007660444431189779,0.0036315378968328265,-0.0053037273327840384,40.00000000000001,-0.9704030641088474,-0.9704030641088474
0.0052499999999999995,5.318018230826722,0.006756556648145426,0.006003180281146596,0.004279108408588699,0.007660444431189779,0.003659258241096043,-0.005284640029521799,40.00000000000001,-0.9651670763528647,-0.9651670763528647
0.005277777777777777,5.323254218582704,0.006754712260902414,0.005985010600692992,0.004307378597477485,0.00766044443118978,0.0036868782649461195,-0.005265407845183635,40.000000000000014,-0.959931088596882,-0.959931088596882
0.0053055555555555555,5.328490206338688,0.006752890631745243,0.005966693492677671,0.004335554967951076,0.007660444431189779,0.0037143972111661535,-0.00524603130702959,40.00000000000002,-0.9546951008408986,-0.9546951008408986
0.005333333333333333,5.3337261940946705,0.006751091810614798,0.005948229459273408,0.004363636747540035,0.007660444431189779,0.0037418143253103234,-0.00522651094627725,40.000000000000014,-0.9494591130849159,-0.9494591130849159
0.005361111111111111,5.338962181850654,0.006749315846826667,0.005929619006681001,0.004391623166368197,0.007660444431189779,0.003769128855724606,-0.005206847298087164,40.00000000000001,-0.9442231253289325,-0.9442231253289325
0.005388888888888888,5.344198169606637,0.006747562789069797,0.005910862645115414,0.004419513457173746,0.00766044443118978,0.0037963400535673446,-0.005187040901548182,40.00000000000001,-0.9389871375729495,-0.9389871375729495
0.005416666666666666,5.349434157362619,0.006745832685405149,0.005891960888791771,0.004447306855330271,0.007660444431189778,0.003823447172829805,-0.005167092299662668,40.00000000000001,-0.9337511498169667,-0.9337511498169667
0.0054444444444444445,5.354670145118603,0.00674412558326439,0.005872914255911268,0.004475002598867729,0.007660444431189778,0.0038504494703566266,-0.00514700203933162,40.000000000000014,-0.9285151620609833,-0.9285151620609833
0.005472222222222222,5.359906132874586,0.006742441529448588,0.005853723268646971,0.00450259992849331,0.007660444431189778,0.0038773462058661725,-0.005126770671339676,39.99999999999999,-0.9232791743050006,-0.9232791743050006
0.0055,5.365142120630569,0.006740780570126931,0.005834388453129486,0.004530098087612293,0.00766044443118978,0.003904136641970861,-0.005106398750340004,39.99999999999999,-0.9180431865490172,-0.9180431865490172
0.005527777777777777,5.370378108386552,0.006739142750835454,0.005814910339432552,0.004557496322348745,0.007660444431189778,0.003930820044197346,-0.005085886834839117,40.000000000000014,-0.9128071987930345,-0.9128071987930345
0.005555555555555555,5.3756140961425345,0.006737528116475802,0.005795289461558493,0.004584793881566225,0.007660444431189778,0.003957395681006679,-0.005065235487181535,40.000000000000014,-0.907571211037052,-0.907571211037052
0.0055833333333333325,5.380850083898517,0.006735936711313993,0.005775526357423586,0.004611990016888357,0.007660444431189779,0.003983862823814354,-0.005044445273534386,40.000000000000014,-0.9023352232810692,-0.9023352232810692
0.005611111111111111,5.386086071654501,0.0067343685789792,0.0057556215688433126,0.004639083982719359,0.007660444431189779,0.004010220747010284,-0.005023516763871876,40.000000000000014,-0.8970992355250856,-0.8970992355250856
0.005638888888888889,5.391322059410483,0.006732823762462565,0.0057355756415175116,0.0046660750362644615,0.007660444431189778,0.004036468727978681,-0.005002450531959676,40.00000000000002,-0.891863247769103,-0.891863247769103
0.005666666666666666,5.396558047166467,0.006731302304116013,0.005715389125015401,0.004692962437550305,0.007660444431189778,0.004062606047117898,-0.004981247155339169,40.000000000000014,-0.8866272600131193,-0.8866272600131193
0.005694444444444444,5.40179403492245,0.006729804245651096,0.005695062572760534,0.0047197454494451955,0.007660444431189779,0.004088631987860117,-0.004959907215311643,40.00000000000001,-0.8813912722571368,-0.8813912722571368
0.005722222222222221,5.407030022678432,0.0067283296281378385,0.005674596542015607,0.004746423337679335,0.007660444431189779,0.004114545836691033,-0.004938431296922331,40.00000000000002,-0.876155284501154,-0.876155284501154
0.00575,5.412266010434416,0.0067268784920036274,0.005653991593867186,0.004772995370864944,0.007660444431189779,0.0041403468831693905,-0.004916819988944379,40.000000000000014,-0.8709192967451705,-0.8709192967451705
0.0057777777777777775,5.4175019981903985,0.006725450877032092,0.00563324829321034,0.0047994608205163035,0.007660444431189779,0.0041660344199464594,-0.004895073883862719,40.00000000000001,-0.8656833089891881,-0.8656833089891881
0.005805555555555555,5.422737985946382,0.006724046822362019,0.005612367208733128,0.004825818961069752,0.007660444431189779,0.0041916077427854555,-0.0048731935778578,40.00000000000002,-0.8604473212332043,-0.8604473212332043
0.005833333333333333,5.427973973702365,0.006722666366486275,0.005591348912901036,0.00485206906990354,0.007660444431189779,0.004217066150580801,-0.004851179670789272,40.00000000000002,-0.8552113334772217,-0.8552113334772217
0.00586111111111111,5.433209961458347,0.006721309547250757,0.0055701939819412585,0.004878210427357679,0.007660444431189779,0.004242408945377392,-0.0048290327661795135,40.00000000000001,-0.8499753457212391,-0.8499753457212391
0.005888888888888889,5.43844594921433,0.006719976401853347,0.0055489029958269145,0.00490424231675365,0.007660444431189778,0.00426763543238971,-0.004806753471197101,40.000000000000014,-0.8447393579652563,-0.8447393579652563
0.005916666666666666,5.4436819369703136,0.0067186669668429025,0.005527476538261138,0.00493016402441406,0.007660444431189779,0.004292744920020871,-0.004784342396640158,40.00000000000002,-0.8395033702092728,-0.8395033702092728
0.005944444444444444,5.448917924726296,0.006717381278118244,0.0055059151966610955,0.004955974839682189,0.007660444431189779,0.004317736719881581,-0.0047618001569196215,40.000000000000014,-0.8342673824532901,-0.8342673824532901
0.005972222222222222,5.45415391248228,0.006716119370927177,0.0054842195621418515,0.004981674054941507,0.007660444431189779,0.0043426101468090296,-0.004739127370042374,40.000000000000014,-0.8290313946973069,-0.8290313946973069
0.005999999999999999,5.459389900238262,0.0067148812798655255,0.0054623902295001915,0.00500726096563504,0.007660444431189779,0.004367364518885648,-0.004716324657594325,40.00000000000002,-0.8237954069413239,-0.8237954069413239
0.006027777777777778,5.464625887994245,0.006713667038876182,0.0054404277971982955,0.005032734870284707,0.007660444431189779,0.004391999157457821,-0.004693392644723356,40.000000000000014,-0.8185594191853414,-0.8185594191853414
0.006055555555555555,5.469861875750229,0.006712476681248175,0.005418332867347332,0.005058095070510547,0.007660444431189779,0.004416513387154491,-0.004670331960122174,40.000000000000014,-0.8133234314293578,-0.8133234314293578
0.006083333333333333,5.475097863506211,0.006711310239615762,0.005396106045690975,0.005083340871049858,0.00766044443118978,0.004440906535905666,-0.004647143236011112,40.000000000000014,-0.8080874436733753,-0.8080874436733753
0.0061111111111111106,5.480333851262195,0.006710167745957527,0.005373747941588758,0.0051084715797762685,0.007660444431189778,0.004465177934960854,-0.00462382710812074,40.000000000000014,-0.8028514559173916,-0.8028514559173916
0.006138888888888888,5.4855698390181775,0.0067090492315955135,0.005351259167999409,0.0051334865077186966,0.007660444431189778,0.0044893269189073826,-0.004600384215674493,40.000000000000014,-0.7976154681614087,-0.7976154681614087
0.006166666666666666,5.49080582677416,0.006707954727194356,0.0053286403414640115,0.005158384969080262,0.007660444431189778,0.0045133528256886615,-0.004576815201371108,40.000000000000014,-0.7923794804054262,-0.7923794804054262
0.006194444444444444,5.496041814530144,0.006706884262760447,0.005305892082089116,0.005183166281257073,0.00766044443118978,0.004537254996622325,-0.00455312071136701,40.00000000000001,-0.7871434926494426,-0.7871434926494426
0.006222222222222222,5.501277802286126,0.006705837867641107,0.005283015013529754,0.005207829764856928,0.007660444431189778,0.004561032776418273,-0.004529301395258622,40.00000000000001,-0.78190750489346,-0.78190750489346
0.0062499999999999995,5.506513790042109,0.006704815570523789,0.00526000976297231,0.0052323747437179715,0.007660444431189777,0.0045846855131966655,-0.004505357906064523,40.000000000000014,-0.7766715171374774,-0.7766715171374774
0.006277777777777777,5.511749777798093,0.006703817399435286,0.005236876961117347,0.0052568005449272134,0.00766044443118978,0.004608212558505781,-0.004481290900207559,40.000000000000014,-0.7714355293814938,-0.7714355293814938
0.006305555555555555,5.516985765554075,0.006702843381740959,0.00521361724216232,0.0052811064988389665,0.007660444431189779,0.00463161326733978,-0.004457101037496862,40.000000000000014,-0.7661995416255111,-0.7661995416255111
0.006333333333333333,5.522221753310058,0.0067018935441439985,0.00519023124378417,0.00530529193909323,0.007660444431189779,0.004654886998156412,-0.004432788981109733,40.00000000000001,-0.7609635538695283,-0.7609635538695283
0.006361111111111111,5.5274577410660415,0.00670096791268468,0.005166719607121854,0.005329356202633945,0.007660444431189778,0.004678033112894593,-0.004408355397573478,40.000000000000014,-0.755727566113545,-0.755727566113545
0.006388888888888888,5.532693728822024,0.006700066512739659,0.005143082976758773,0.005353298629727165,0.007660444431189779,0.004701050976991889,-0.004383800956747135,40.00000000000002,-0.7504915783575622,-0.7504915783575622
0.006416666666666666,5.537929716578008,0.006699189369021269,0.005119322000705081,0.005377118563979162,0.007660444431189779,0.004723939959401935,-0.004359126331803098,39.99999999999999,-0.7452555906015786,-0.7452555906015786
0.006444444444444444,5.54316570433399,0.006698336505576849,0.005095437330379949,0.0054008153523544,0.007660444431189779,0.004746699432611709,-0.0043343321992086814,40.00000000000002,-0.7400196028455961,-0.7400196028455961
0.006472222222222222,5.548401692089973,0.006697507945788081,0.0050714296205936725,0.005424388345193459,0.00766044443118978,0.00476932877265876,-0.004309419238707551,40.00000000000001,-0.7347836150896134,-0.7347836150896134
0.0065,5.553637679845957,0.0066967037123703485,0.005047299529529741,0.005447836896230836,0.007660444431189779,0.0047918273591483025,-0.004284388133301099,40.00000000000001,-0.7295476273336299,-0.7295476273336299
0.006527777777777777,5.558873667601939,0.006695923827372119,0.005023047718726798,0.005471160362612653,0.007660444431189779,0.004814194575270217,-0.004259239569229736,40.00000000000002,-0.7243116395776472,-0.7243116395776472
0.006555555555555555,5.564109655357922,0.006695168312174335,0.004998674853060482,0.005494358104914297,0.007660444431189779,0.004836429807815975,-0.004233974235954042,40.000000000000014,-0.7190756518216648,-0.7190756518216648
0.0065833333333333325,5.5693456431139055,0.006694437187489822,0.004974181600725215,0.0055174294871579545,0.007660444431189779,0.004858532447195453,-0.004208592826135887,40.000000000000014,-0.7138396640656811,-0.7138396640656811
0.006611111111111111,5.574581630869888,0.006693730473362739,0.004949568633215887,0.005540373876830015,0.007660444431189779,0.004880501887453616,-0.004183096035619452,40.000000000000014,-0.7086036763096982,-0.7086036763096982
0.006638888888888889,5.579817618625871,0.006693048189168006,0.004924836625309436,0.005563190644898451,0.007660444431189779,0.004902337526287167,-0.004157484563412126,40.00000000000002,-0.7033676885537157,-0.7033676885537157
0.006666666666666666,5.585053606381854,0.006692390353610791,0.0048999862550463446,0.005585879165830041,0.007660444431189779,0.004924038765061039,-0.00413175911166535,40.00000000000001,-0.6981317007977321,-0.6981317007977321
0.006694444444444444,5.590289594137837,0.0066917569847259875,0.004875018203712076,0.0056084388176075185,0.007660444431189779,0.004945605008824804,-0.004105920385655388,40.00000000000001,-0.6928957130417492,-0.6928957130417492
0.0067222222222222214,5.5955255818938205,0.006691148099877724,0.004849933155818362,0.00563086898174664,0.007660444431189779,0.0049670356663290005,-0.00407996909376396,40.00000000000002,-0.6876597252857659,-0.6876597252857659
0.00675,5.600761569649803,0.006690563715758886,0.004824731799084471,0.005653169043313119,0.007660444431189779,0.0049883301500413205,-0.004053905947458848,40.000000000000014,-0.6824237375297832,-0.6824237375297832
0.0067777777777777775,5.605997557405786,0.006690003848390658,0.004799414824418324,0.005675338390939504,0.007660444431189779,0.0050094878761627396,-0.004027731661274372,40.00000000000002,-0.6771877497738007,-0.6771877497738007
0.006805555555555555,5.611233545161769,0.006689468513122089,0.004773982925897563,0.005697376416841938,0.007660444431189779,0.005030508264643515,-0.004001446952791801,40.000000000000014,-0.6719517620178168,-0.6719517620178168
0.006833333333333333,5.616469532917752,0.006688957724629664,0.004748436800750546,0.005719282516836799,0.007660444431189779,0.005051390739199066,-0.003975052542619709,40.000000000000014,-0.6667157742618344,-0.6667157742618344
0.00686111111111111,5.621705520673735,0.006688471496916908,0.00472277714933719,0.005741056090357292,0.007660444431189779,0.005072134727325809,-0.003948549154374176,40.00000000000002,-0.6614797865058517,-0.6614797865058517
0.006888888888888888,5.626941508429718,0.006688009843314,0.0046970046751298,0.005762696540469909,0.007660444431189779,0.0050927396603168374,-0.003921937514658977,40.000000000000014,-0.6562437987498682,-0.6562437987498682
0.0069166666666666664,5.632177496185701,0.006687572776477406,0.004671120084693779,0.005784203273890766,0.007660444431189779,0.005113204973277495,-0.0038952183530456637,40.000000000000014,-0.6510078109938853,-0.6510078109938853
0.006944444444444444,5.637413483941684,0.006687160308389534,0.00464512408766825,0.005805575701001907,0.007660444431189778,0.005133530105140892,-0.003868392402053549,40.00000000000001,-0.6457718232379028,-0.6457718232379028
0.006972222222222222,5.642649471697667,0.006686772450358406,0.004619017396746596,0.005826813235867452,0.007660444431189778,0.005153714498683276,-0.003841460397129622,40.00000000000001,-0.6405358354819194,-0.6405358354819194
0.006999999999999999,5.64788545945365,0.006686409213017345,0.004592800727656947,0.005847915296249646,0.007660444431189779,0.0051737576005392956,-0.0038144230766284123,40.000000000000014,-0.6352998477259367,-0.6352998477259367
0.007027777777777777,5.653121447209633,0.0066860706063246855,0.004566474799142518,0.005868881303624852,0.007660444431189778,0.005193658861217195,-0.0037872811817917093,40.000000000000014,-0.6300638599699531,-0.6300638599699531
0.007055555555555555,5.658357434965616,0.006685756639563503,0.004540040332941948,0.005889710683199378,0.007660444431189779,0.0052134177351138514,-0.0037600354567282803,40.00000000000001,-0.6248278722139704,-0.6248278722139704
0.007083333333333333,5.663593422721599,0.006685467321341353,0.004513498053769476,0.0059104028639252685,0.007660444431189779,0.005233033680529762,-0.0037326866483934373,40.000000000000014,-0.6195918844579877,-0.6195918844579877
0.007111111111111111,5.668829410477582,0.006685202659590042,0.0044868486892950905,0.005930957278515936,0.007660444431189779,0.005252506159683874,-0.003705235506568571,40.000000000000014,-0.6143558967020043,-0.6143558967020043
0.007138888888888888,5.674065398233565,0.006684962661565405,0.004460092970124587,0.005951373363461714,0.007660444431189779,0.005271834638728331,-0.0036776827838406094,40.00000000000003,-0.6091199089460216,-0.6091199089460216
0.007166666666666666,5.679301385989548,0.006684747333847108,0.0044332316297795195,0.0059716505590453285,0.007660444431189778,0.00529101858776312,-0.003650029235581361,40.000000000000014,-0.6038839211900389,-0.6038839211900389
0.007194444444444444,5.684537373745531,0.0066845566823384725,0.004406265404677097,0.005991788309357219,0.007660444431189779,0.0053100574808505885,-0.0036222756199268146,40.000000000000014,-0.5986479334340552,-0.5986479334340552
0.007222222222222222,5.689773361501514,0.0066843907122663025,0.004379195034110013,0.006011786062310782,0.007660444431189779,0.00532895079602986,-0.003594422697756375,40.000000000000014,-0.5934119456780728,-0.5934119456780728
0.0072499999999999995,5.6950093492574965,0.006684249428180753,0.004352021260226143,0.006031643269657524,0.007660444431189779,0.005347698015331159,-0.003566471232671963,40.00000000000001,-0.5881759579220898,-0.5881759579220898
0.007277777777777777,5.70024533701348,0.006684132833955198,0.0043247448280082255,0.006051359387002076,0.007660444431189779,0.005366298624789998,-0.0035384219909771163,40.000000000000014,-0.5829399701661064,-0.5829399701661064
0.007305555555555555,5.705481324769463,0.0066840409327861275,0.004297366485253433,0.006070933873817117,0.00766044443118978,0.005384752114461272,-0.0035102757416559686,40.000000000000014,-0.5777039824101236,-0.5777039824101236
0.007333333333333333,5.710717312525446,0.006683973727193058,0.004269886982552855,0.006090366193458207,0.007660444431189779,0.00540305797843324,-0.003482033256352156,40.000000000000014,-0.5724679946541401,-0.5724679946541401
0.007361111111111111,5.715953300281429,0.0066839312190184645,0.004242307073270948,0.0061096558131784814,0.007660444431189779,0.005421215714841392,-0.0034536953093476886,40.00000000000002,-0.5672320068981574,-0.5672320068981574
0.007388888888888888,5.721189288037412,0.006683913409427731,0.004214627513524853,0.006128802204143275,0.007660444431189778,0.005439224825882214,-0.0034252626775416943,40.00000000000002,-0.5619960191421749,-0.5619960191421749
0.007416666666666666,5.726425275793395,0.0066839202989091165,0.004186849062163676,0.006147804841444611,0.007660444431189779,0.0054570848178268315,-0.0033967361404291297,40.000000000000014,-0.5567600313861912,-0.5567600313861912
0.007444444444444444,5.731661263549378,0.006683951887273741,0.004158972480747705,0.006166663204115583,0.007660444431189778,0.005474795201034541,-0.003368116480079432,40.000000000000014,-0.5515240436302085,-0.5515240436302085
0.007472222222222221,5.73689725130536,0.006684008173655596,0.004130998533527496,0.006185376775144654,0.007660444431189779,0.005492355489966239,-0.0033394044811150413,40.00000000000002,-0.5462880558742259,-0.5462880558742259
0.0075,5.742133239061344,0.006684089156511559,0.004102927987422937,0.0062039450414898235,0.007660444431189778,0.005509765203197738,-0.0033106009306899074,40.00000000000001,-0.5410520681182425,-0.5410520681182425
0.007527777777777777,5.747369226817327,0.006684194833621445,0.004074761612002239,0.006222367494092685,0.007660444431189778,0.005527023863432951,-0.0032817066184679246,40.000000000000014,-0.5358160803622598,-0.5358160803622598
0.007555555555555555,5.752605214573309,0.006684325202088064,0.004046500179460809,0.006240643627892398,0.007660444431189778,0.005544130997516993,-0.003252722336601255,40.000000000000014,-0.530580092606277,-0.530580092606277
0.0075833333333333326,5.757841202329293,0.006684480258337297,0.004018144464600089,0.006258772941839525,0.007660444431189778,0.005561086136449142,-0.003223648879708621,40.00000000000001,-0.5253441048502935,-0.5253441048502935
0.00761111111111111,5.7630771900852755,0.006684659998118201,0.003989695244806338,0.006276754938909759,0.007660444431189779,0.005577888815395695,-0.00319448704485354,40.00000000000001,-0.5201081170943108,-0.5201081170943108
0.007638888888888889,5.768313177841259,0.006684864416503115,0.003961153300029277,0.006294589126117574,0.007660444431189778,0.0055945385737027255,-0.0031652376315224368,40.000000000000014,-0.5148721293383274,-0.5148721293383274
0.007666666666666666,5.773549165597242,0.00668509350788781,0.003932519412760748,0.0063122750145297125,0.007660444431189778,0.005611034954908695,-0.00313590144160276,40.000000000000014,-0.5096361415823445,-0.5096361415823445
0.007694444444444444,5.778785153353224,0.006685347265991629,0.0039037943680132335,0.006329812119278613,0.007660444431189779,0.00562737750675698,-0.003106479279360975,40.00000000000001,-0.5044001538263622,-0.5044001538263622
0.0077222222222222215,5.784021141109208,0.006685625683857664,0.0038749789532983372,0.006347199959575693,0.00766044443118978,0.005643565781208272,-0.003076971951420512,40.000000000000014,-0.49916416607037845,-0.49916416607037845
0.007749999999999999,5.789257128865191,0.006685928753852948,0.0038460739586052214,0.00636443805872452,0.007660444431189779,0.0056595993344528426,-0.003047380266739686,40.00000000000001,-0.49392817831439584,-0.49392817831439584
0.0077777777777777776,5.794493116621174,0.006686256467668664,0.0038170801763789054,0.006381525944133905,0.007660444431189777,0.005675477726922734,-0.0030177050365894683,40.000000000000014,-0.48869219055841234,-0.48869219055841234
0.007805555555555555,5.799729104377157,0.006686608816320375,0.0037879984014985856,0.006398463147330832,0.007660444431189779,0.005691200523303793,-0.0029879470745312947,40.000000000000014,-0.48345620280242957,-0.48345620280242957
0.007833333333333333,5.8049650921331395,0.006686985790148263,0.003758829431255807,0.006415249203973322,0.007660444431189779,0.005706767292547616,-0.0029581071963947223,40.000000000000014,-0.47822021504644696,-0.47822021504644696
0.00786111111111111,5.810201079889122,0.0066873873788174,0.003729574065332623,0.006431883653863153,0.007660444431189779,0.00572217760788336,-0.0029281862202550843,40.00000000000002,-0.47298422729046447,-0.47298422729046447
0.007888888888888888,5.815437067645106,0.00668781357131803,0.0037002331057796618,0.006448366040958482,0.007660444431189779,0.0057374310468294495,-0.0028981849664110482,40.000000000000014,-0.46774823953448075,-0.46774823953448075
0.007916666666666666,5.820673055401088,0.00668826435596587,0.003670807356994163,0.006464695913386334,0.007660444431189779,0.005752527191205146,-0.0028681042573621557,40.000000000000014,-0.462512251778498,-0.462512251778498
0.007944444444444443,5.825909043157072,0.00668873972040243,0.003641297625697883,0.006480872823455014,0.007660444431189779,0.005767465627142028,-0.002837944917786231,40.00000000000002,-0.4572762640225145,-0.4572762640225145
0.00797222222222222,5.831145030913055,0.006689239651595357,0.0036117047209150233,0.006496896327666354,0.00766044443118978,0.005782245945095327,-0.0028077077745168122,40.000000000000014,-0.45204027626653176,-0.45204027626653176
0.008,5.836381018669037,0.006689764135838782,0.003582029453950011,0.006512765986727894,0.007660444431189779,0.005796867739855157,-0.0027773936565204512,40.00000000000001,-0.44680428851054915,-0.44680428851054915
0.008027777777777778,5.841617006425021,0.006690313158753706,0.0035522726383652747,0.006528481365564921,0.00766044443118978,0.005811330610557637,-0.0027470033948740016,40.000000000000014,-0.44156830075456555,-0.44156830075456555
0.008055555555555555,5.8468529941810035,0.006690886705288387,0.003522435089958957,0.006544042033332376,0.007660444431189778,0.005825634160695853,-0.002716537822741848,40.000000000000014,-0.43633231299858294,-0.43633231299858294
0.008083333333333333,5.852088981936987,0.0066914847597187585,0.0034925176267425087,0.006559447563426698,0.007660444431189779,0.005839777998130757,-0.002685997775353029,40.00000000000002,-0.43109632524259944,-0.43109632524259944
0.00811111111111111,5.85732496969297,0.006692107305648856,0.003462521068918306,0.006574697533497494,0.007660444431189779,0.005853761735101898,-0.002655384089978381,40.000000000000014,-0.4258603374866166,-0.4258603374866166
0.008138888888888888,5.862560957448952,0.006692754326011268,0.0034324462388571307,0.006589791525459131,0.007660444431189778,0.005867584988238063,-0.0026246976059075494,40.00000000000002,-0.42062434973063406,-0.42062434973063406
0.008166666666666666,5.867796945204935,0.006693425803067604,0.0034022939610756408,0.0066047291255021965,0.007660444431189778,0.005881247378567786,-0.0025939391644259954,40.00000000000001,-0.41538836197465145,-0.41538836197465145
0.008194444444444443,5.8730329329609186,0.006694121718408983,0.0033720650622137576,0.006619509924104842,0.007660444431189779,0.005894748531529738,-0.002563109608791924,40.00000000000001,-0.4101523742186679,-0.4101523742186679
0.008222222222222221,5.878268920716901,0.006694842052956531,0.0033417603710120237,0.006634133516044002,0.007660444431189779,0.005908088076982985,-0.002532209784213188,40.00000000000002,-0.4049163864626853,-0.4049163864626853
0.008249999999999999,5.883504908472885,0.0066955867869619165,0.0033113807182888456,0.006648599500406522,0.007660444431189779,0.005921265649217153,-0.0025012405378240744,40.000000000000014,-0.39968039870670163,-0.39968039870670163
0.008277777777777778,5.888740896228867,0.0066963559000078774,0.0032809269369177595,0.006662907480600126,0.007660444431189778,0.005934280886962439,-0.0024702027186621293,40.000000000000014,-0.39444441095071897,-0.39444441095071897
0.008305555555555556,5.89397688398485,0.006697149371008793,0.0032503998618045623,0.006677057064364314,0.007660444431189778,0.005947133433399529,-0.002439097177644839,40.00000000000002,-0.3892084231947364,-0.3892084231947364
0.008333333333333333,5.899212871740834,0.006697967178211255,0.0032198003298644306,0.006691047863781103,0.007660444431189779,0.005959822936169373,-0.002407924767546316,40.00000000000001,-0.38397243543875276,-0.38397243543875276
0.00836111111111111,5.904448859496816,0.006698809299194664,0.003189129179999002,0.006704879495285651,0.007660444431189779,0.005972349047382833,-0.002376686342973942,40.000000000000014,-0.3787364476827702,-0.3787364476827702
0.008388888888888888,5.9096848472528,0.006699675710871849,0.0031583872530733326,0.006718551579676803,0.007660444431189778,0.005984711423630253,-0.0023453827603448956,40.000000000000014,-0.37350045992678665,-0.37350045992678665
0.008416666666666666,5.9149208350087825,0.006700566389489696,0.003127575391892888,0.00673206374212745,0.007660444431189779,0.005996909725990835,-0.0023140148778627166,40.00000000000001,-0.3682644721708039,-0.3682644721708039
0.008444444444444444,5.920156822764765,0.006701481310629802,0.003096694441180403,0.006745415612194838,0.007660444431189779,0.006008943620041964,-0.002282583555493746,40.00000000000001,-0.36302848441482116,-0.36302848441482116
0.008472222222222221,5.925392810520748,0.00670242044920914,0.003065745247552741,0.006758606823830702,0.007660444431189779,0.006020812775868352,-0.002251089654943563,40.000000000000014,-0.3577924966588386,-0.3577924966588386
0.008499999999999999,5.930628798276731,0.006703383779480752,0.003034728659497672,0.0067716370153913154,0.007660444431189779,0.006032516868071098,-0.002219534039633354,40.00000000000002,-0.35255650890285506,-0.35255650890285506
0.008527777777777776,5.935864786032714,0.0067043712750344524,0.0030036455273506368,0.00678450582964739,0.007660444431189778,0.006044055575776603,-0.002187917574676263,40.00000000000002,-0.3473205211468722,-0.3473205211468722
0.008555555555555554,5.941100773788698,0.006705382908797551,0.002972496703271396,0.006797212913793885,0.007660444431189778,0.006055428582645362,-0.00215624112685364,40.000000000000014,-0.3420845333908889,-0.3420845333908889
0.008583333333333333,5.94633676154468,0.006706418653035598,0.002941283041220704,0.006809757919459667,0.007660444431189778,0.0060666355768806525,-0.0021245055645913113,40.00000000000001,-0.3368485456349061,-0.3368485456349061
0.008611111111111111,5.951572749300663,0.006707478479353142,0.0029100053969368708,0.006822140502717071,0.007660444431189778,0.006077676251237061,-0.0020927117579357434,40.000000000000014,-0.3316125578789235,-0.3316125578789235
0.008638888888888889,5.9568087370566465,0.0067085623586945085,0.0028786646279123067,0.0068343603240913235,0.007660444431189778,0.006088550303028929,-0.0020608605785301997,40.000000000000014,-0.3263765701229399,-0.3263765701229399
0.008666666666666666,5.962044724812629,0.006709670261344598,0.002847261593370039,0.006846417048569844,0.007660444431189779,0.006099257434138627,-0.002028952899590866,40.00000000000002,-0.32114058236695736,-0.32114058236695736
0.008694444444444444,5.967280712568613,0.0067108021569297,0.0028157971542401095,0.006858310345611445,0.007660444431189779,0.006109797351024753,-0.0019969895958828645,40.000000000000014,-0.3159045946109737,-0.3159045946109737
0.008722222222222221,5.972516700324595,0.006711958014418325,0.002784272173136024,0.006870039889155376,0.007660444431189778,0.006120169764730156,-0.001964971543696326,40.00000000000003,-0.310668606854991,-0.310668606854991
0.008749999999999999,5.977752688080578,0.0067131378021220555,0.002752687514331059,0.006881605357630278,0.007660444431189779,0.006130374390889877,-0.0019328996208223196,40.00000000000002,-0.30543261909900843,-0.30543261909900843
0.008777777777777777,5.982988675836561,0.006714341487696417,0.0027210440437345886,0.00689300643396299,0.007660444431189778,0.006140410949738935,-0.0019007747065288097,40.000000000000014,-0.3001966313430257,-0.3001966313430257
0.008805555555555554,5.988224663592544,0.00671556903814176,0.00268934262886834,0.006904242805587248,0.007660444431189779,0.006150279166120001,-0.0018685976815365464,40.00000000000002,-0.2949606435870422,-0.2949606435870422
0.008833333333333332,5.993460651348527,0.006716820419804171,0.002657584138842626,0.006915314164452243,0.00766044443118978,0.006159978769490935,-0.0018363694279949331,40.00000000000002,-0.2897246558310595,-0.2897246558310595
0.008861111111111111,5.9986966391045105,0.006718095598376386,0.002625769444332482,0.0069262202070310835,0.007660444431189779,0.006169509493932214,-0.0018040908294578114,40.00000000000003,-0.28448866807507606,-0.28448866807507606
0.008888888888888889,6.003932626860493,0.006719394538898744,0.0025938994175538394,0.006936960634329098,0.007660444431189779,0.006178871078154208,-0.001771762770859274,40.00000000000001,-0.27925268031909334,-0.27925268031909334
0.008916666666666666,6.009168614616476,0.006720717205760132,0.0025619749322395775,0.006947535151892051,0.007660444431189779,0.006188063265504362,-0.0017393861384893746,40.00000000000001,-0.2740166925631106,-0.2740166925631106
0.008944444444444444,6.014404602372459,0.006722063562698971,0.0025299968636155823,0.006957943469814204,0.007660444431189778,0.006197085803974216,-0.0017069618199698387,40.00000000000002,-0.26878070480712707,-0.26878070480712707
0.008972222222222222,6.019640590128442,0.006723433572804206,0.0024979660883767685,0.006968185302746256,0.007660444431189778,0.006205938446206315,-0.0016744907042297484,40.000000000000014,-0.2635447170511445,-0.2635447170511445
0.009,6.0248765778844255,0.006724827198516317,0.0024658834846630093,0.00697826036990319,0.00766044443118978,0.006214620949501007,-0.0016419736814811327,40.000000000000014,-0.2583087292951609,-0.2583087292951609
0.009027777777777777,6.030112565640408,0.00672624440162835,0.0024337499320351017,0.006988168395071945,0.007660444431189778,0.006223133075823072,-0.0016094116431946072,40.000000000000014,-0.25307274153917825,-0.25307274153917825
0.009055555555555555,6.035348553396391,0.006727685143286968,0.002401566311450619,0.006997909106619009,0.007660444431189779,0.00623147459180827,-0.0015768054820748953,40.00000000000001,-0.24783675378319558,-0.24783675378319558
0.009083333333333332,6.0405845411523735,0.006729149383993509,0.0023693335052397766,0.007007482237497855,0.007660444431189778,0.006239645268769727,-0.0015441560920363747,40.000000000000014,-0.2426007660272129,-0.2426007660272129
0.00911111111111111,6.045820528908357,0.006730637083605075,0.0023370523970812334,0.007016887525256266,0.007660444431189778,0.006247644882704208,-0.0015114643681785605,40.000000000000014,-0.23736477827122934,-0.23736477827122934
0.009138888888888887,6.05105651666434,0.006732148201335631,0.0023047238719778877,0.007026124712043522,0.007660444431189778,0.006255473214298252,-0.0014787312067615875,40.00000000000002,-0.23212879051524668,-0.23212879051524668
0.009166666666666667,6.056292504420323,0.00673368269575712,0.0022723488162325746,0.007035193544617486,0.007660444431189779,0.006263130048934198,-0.0014459575051816,40.000000000000014,-0.22689280275926316,-0.22689280275926316
0.009194444444444444,6.061528492176306,0.0067352405248006,0.002239928117423812,0.007044093774351528,0.007660444431189778,0.006270615176696055,-0.001413144161946193,40.00000000000002,-0.22165681500328047,-0.22165681500328047
0.009222222222222222,6.066764479932289,0.006736821645757404,0.0022074626643814295,0.007052825157241355,0.007660444431189779,0.006277928392375262,-0.0013802920766497412,40.000000000000014,-0.21642082724729775,-0.21642082724729775
0.00925,6.072000467688272,0.006738426015280301,0.0021749533471622177,0.007061387453911696,0.007660444431189779,0.0062850694954763205,-0.0013474021499487536,40.000000000000014,-0.21118483949131428,-0.21118483949131428
0.009277777777777777,6.077236455444255,0.00674005358938469,0.0021424010570255396,0.007069780429622861,0.007660444431189778,0.00629203829022228,-0.0013144752835371947,40.00000000000002,-0.2059488517353315,-0.2059488517353315
0.009305555555555555,6.082472443200238,0.006741704323449805,0.002109806686408863,0.007078003854277183,0.00766044443118978,0.006298834585560112,-0.0012815123801217302,40.000000000000014,-0.20071286397934804,-0.20071286397934804
0.009333333333333332,6.087708430956221,0.006743378172219938,0.0020771711289033342,0.007086057502425317,0.00766044443118978,0.0063054581951659475,-0.0012485143433970188,40.000000000000014,-0.1954768762233654,-0.1954768762233654
0.00936111111111111,6.092944418712204,0.006745075089805679,0.0020444952792292416,0.007093941153272436,0.007660444431189779,0.006311908937450183,-0.0012154820780208998,40.000000000000014,-0.19024088846738263,-0.19024088846738263
0.009388888888888888,6.098180406468186,0.006746795029685175,0.0020117800332115116,0.007101654590684265,0.007660444431189779,0.006318186635562459,-0.0011824164895896164,40.000000000000014,-0.18500490071140005,-0.18500490071140005
0.009416666666666665,6.10341639422417,0.0067485379447054065,0.0019790262877551327,0.007109197603193025,0.007660444431189779,0.006324291117396514,-0.0011493184846129714,40.00000000000002,-0.17976891295541647,-0.17976891295541647
0.009444444444444445,6.1086523819801535,0.006750303787083477,0.0019462349408205881,0.007116569984003216,0.007660444431189779,0.006330222215594891,-0.0011161889704894964,40.00000000000002,-0.17453292519943292,-0.17453292519943292
0.009472222222222222,6.113888369736136,0.0067520925084079255,0.0019134068913992247,0.007123771530997294,0.007660444431189779,0.006335979767553539,-0.001083028855481563,40.000000000000014,-0.16929693744345028,-0.16929693744345028
0.0095,6.119124357492119,0.006753904059640054,0.0018805430394885935,0.007130802046741207,0.00766044443118978,0.00634156361542626,-0.0010498390486904676,40.00000000000001,-0.16406094968746762,-0.16406094968746762
0.009527777777777777,6.1243603452481015,0.006755738391115269,0.0018476442860677971,0.00713766133848982,0.007660444431189779,0.0063469736061290485,-0.0010166204600315302,40.000000000000014,-0.15882496193148493,-0.15882496193148493
0.009555555555555555,6.129596333004085,0.006757595452544448,0.001814711533072773,0.007144349218192183,0.007660444431189779,0.006352209591344274,-0.000983374000209134,40.000000000000014,-0.15358897417550146,-0.15358897417550146
0.009583333333333333,6.134832320760068,0.006759475193015313,0.0017817456833715912,0.007150865502496694,0.007660444431189778,0.0063572714275247555,-0.0009501005806917787,40.000000000000014,-0.14835298641951877,-0.14835298641951877
0.00961111111111111,6.140068308516051,0.00676137756099383,0.0017487476407396629,0.0071572100127561275,0.007660444431189779,0.006362158975897699,-0.0009168011136870588,40.000000000000014,-0.14311699866353525,-0.14311699866353525
0.009638888888888888,6.145304296272034,0.006763302504325619,0.001715718309835007,0.007163382575032531,0.007660444431189778,0.006366872102468496,-0.0008834765121166937,40.00000000000002,-0.1378810109075526,-0.1378810109075526
0.009666666666666665,6.150540284028017,0.006765249970237388,0.0016826585961734095,0.007169383020101992,0.00766044443118978,0.006371410678024403,-0.000850127689591464,40.000000000000014,-0.1326450231515699,-0.1326450231515699
0.009694444444444443,6.155776271783999,0.006767219905338373,0.0016495694061036202,0.007175211183459274,0.007660444431189779,0.006375774578138075,-0.0008167555603861854,40.000000000000014,-0.12740903539558726,-0.12740903539558726
0.00972222222222222,6.161012259539983,0.0067692122556218095,0.0016164516467824938,0.007180866905322341,0.007660444431189778,0.006379963683170988,-0.0007833610394146316,40.00000000000002,-0.12217304763960367,-0.12217304763960367
0.00975,6.166248247295966,0.006771226966466409,0.0015833062261501377,0.007186350030636715,0.007660444431189779,0.006383977878276712,-0.0007499450422044707,40.00000000000001,-0.11693705988362017,-0.11693705988362017
0.009777777777777778,6.171484235051949,0.006773263982637853,0.0015501340529050067,0.007191660409079749,0.007660444431189779,0.006387817053404058,-0.0007165084848721507,40.00000000000002,-0.11170107212763744,-0.11170107212763744
0.009805555555555555,6.176720222807932,0.006775323248290316,0.0015169360364789821,0.0071967978950647354,0.007660444431189778,0.006391481103300105,-0.0006830522840977767,40.000000000000014,-0.10646508437165474,-0.10646508437165474
0.009833333333333333,6.181956210563914,0.00677740470696799,0.0014837130870124543,0.0072017623477448976,0.007660444431189779,0.006394969927513067,-0.0006495773570999933,40.000000000000014,-0.10122909661567218,-0.10122909661567218
0.00986111111111111,6.187192198319898,0.006779508301606634,0.0014504661153293588,0.007206553631017262,0.007660444431189779,0.006398283430395072,-0.0006160846216108269,40.00000000000002,-0.09599310885968859,-0.09599310885968859
0.009888888888888888,6.1924281860758805,0.006781633974535137,0.001417196032912231,0.007211171613526375,0.007660444431189778,0.006401421521104764,-0.000582574995850552,40.000000000000014,-0.09075712110370592,-0.09075712110370592
0.009916666666666666,6.197664173831864,0.006783781667477105,0.001383903751877175,0.007215616168667914,0.007660444431189779,0.006404384113609799,-0.0005490493985024745,40.00000000000002,-0.08552113334772239,-0.08552113334772239
0.009944444444444443,6.202900161587847,0.006785951321552447,0.001350590184948904,0.007219887174592154,0.007660444431189779,0.006407171126689207,-0.0005155087486877925,40.000000000000014,-0.08028514559173974,-0.08028514559173974
0.00997222222222222,6.208136149343829,0.006788142877279003,0.0013172562454356782,0.007223984514207311,0.007660444431189779,0.006409782483935618,-0.00048195396594035757,40.000000000000014,-0.07504915783575704,-0.07504915783575704
0.009999999999999998,6.213372137099812,0.0067903562745741655,0.0012839028472042876,0.007227908075182747,0.007660444431189779,0.0064122181137573515,-0.000448385970181489,40.00000000000001,-0.06981317007977436,-0.06981317007977436
0.010027777777777778,6.218608124855796,0.006792591452756529,0.0012505309046549878,0.007231657749952061,0.007660444431189778,0.00641447794938039,-0.00041480568169474213,40.000000000000014,-0.06457718232379084,-0.06457718232379084
0.010055555555555555,6.223844112611779,0.006794848350547555,0.001217141332696447,0.007235233435716022,0.007660444431189777,0.006416561928850196,-0.00038121402110069373,40.000000000000014,-0.05934119456780729,-0.05934119456780729
0.010083333333333333,6.229080100367762,0.006797126906073252,0.0011837350467206525,0.007238635034445398,0.007660444431189779,0.006418469995033418,-0.0003476119093316936,40.000000000000014,-0.05410520681182461,-0.05410520681182461
0.01011111111111111,6.2343160881237445,0.0067994270568658656,0.001150312962577804,0.007241862452883641,0.007660444431189779,0.0064202020956194575,-0.0003140002676066043,40.00000000000002,-0.04886921905584196,-0.04886921905584196
0.010138888888888888,6.239552075879727,0.006801748739865602,0.0011168759965512211,0.0072449156025494454,0.007660444431189778,0.006421758183121904,-0.00028038001740556256,40.00000000000001,-0.04363323129985932,-0.04363323129985932
0.010166666666666666,6.244788063635711,0.006804091891422351,0.0010834250653322126,0.007247794399739172,0.00766044443118978,0.006423138214879834,-0.00024675208044470486,40.000000000000014,-0.03839724354387577,-0.03839724354387577
0.010194444444444443,6.250024051391693,0.006806456447297425,0.0010499610859949664,0.007250498765529141,0.007660444431189779,0.006424342153058977,-0.0002131173786509214,40.000000000000014,-0.03316125578789308,-0.03316125578789308
0.010222222222222221,6.255260039147677,0.006808842342665331,0.0010164849759713695,0.007253028625777797,0.007660444431189777,0.0064253699646527615,-0.00017947683413654144,40.000000000000014,-0.027925268031909558,-0.027925268031909558
0.010249999999999999,6.26049602690366,0.0068112495121155445,0.0009829976530258992,0.007255383911127744,0.007660444431189778,0.0064262216214832114,-0.00014583136917409702,40.00000000000002,-0.0226892802759269,-0.0226892802759269
0.010277777777777776,6.265732014659642,0.0068136778896543,0.000949500035230425,0.007257564557007643,0.00766044443118978,0.0064268971002017245,-0.00011218190617100037,40.00000000000002,-0.017453292519944222,-0.017453292519944222
0.010305555555555556,6.270968002415626,0.006816127408706396,0.0009159930409390537,0.007259570503633988,0.007660444431189778,0.006427396382289712,-7.852936764427221e-05,40.00000000000001,-0.012217304763960678,-0.012217304763960678
0.010333333333333333,6.2762039901716085,0.0068185980021170335,0.0008824775887629715,0.0072614016960127386,0.007660444431189779,0.006427719454059104,-4.487467619526686e-05,40.000000000000014,-0.006981317007978005,-0.006981317007978005
0.010361111111111111,6.281439977927592,0.006821089602153646,0.0008489545975452187,0.00726305808394083,0.007660444431189778,0.006427866306652723,-1.1218754484339547e-05,40.00000000000002,-0.0017453292519944337,-0.0017453292519944337
0.010388888888888888,6.286675965683575,0.00682360214050776,0.0008154249863355446,0.00726453962200755,0.007660444431189779,0.006427836936044532,2.2437474794403218e-05,40.000000000000014,0.0034906585039882277,0.0034906585039882277
0.010416666666666666,6.291911953439557,0.006826135548296866,0.0007818896743651726,0.0072658462695957835,0.00766044443118978,0.006427631343039739,5.609308893844006e-05,40.00000000000001,0.008726646259970855,0.008726646259970855
0.010444444444444444,6.29714794119554,0.00682868975606631,0.0007483495810216201,0.007266977990883129,0.007660444431189779,0.0064272495332747814,8.974716526210879e-05,40.000000000000014,0.013962634015953539,0.013962634015953539
0.010472222222222221,6.3023839289515236,0.006831264693791196,0.0007148056258234835,0.007267934754842875,0.007660444431189778,0.006426691517217169,0.00012339878112191188,40.000000000000014,0.019198621771937072,0.019198621771937072
0.010499999999999999,6.307619916707506,0.0068338602908783064,0.0006812587283952504,0.0072687165352448525,0.007660444431189779,0.006425957310165191,0.00015704701394179038,40.00000000000001,0.024434609527919725,0.024434609527919725
0.010527777777777777,6.31285590446349,0.006836476476168036,0.0006477098084420486,0.00726932331065616,0.007660444431189779,0.006425046932247505,0.0001906909412384556,40.00000000000002,0.02967059728390326,0.02967059728390326
0.010555555555555554,6.318091892219472,0.00683911317793634,0.0006141597857244767,0.007269755064441741,0.007660444431189777,0.006423960408422583,0.00022432964064663454,40.00000000000002,0.03490658503988595,0.03490658503988595
0.010583333333333332,6.323327879975455,0.006841770323896713,0.0005806095800333501,0.0072700117847648476,0.007660444431189779,0.006422697768478024,0.0002579621899443955,40.000000000000014,0.040142572795868595,0.040142572795868595
0.010611111111111111,6.328563867731439,0.006844447841202153,0.0005470601111644995,0.007270093464587362,0.007660444431189779,0.006421259047029738,0.00029158766707841627,40.00000000000002,0.045378560551852146,0.045378560551852146
0.010638888888888889,6.333799855487421,0.00684714565644717,0.0005135122988935727,0.007270000101669991,0.007660444431189778,0.006419644283521003,0.000325205150189244,40.00000000000002,0.05061454830783481,0.05061454830783481
0.010666666666666666,6.339035843243405,0.006849863695669798,0.0004799670629507786,0.007269731698572327,0.007660444431189779,0.006417853522221375,0.00035881371763660876,40.000000000000014,0.05585053606381836,0.05585053606381836
0.010694444444444444,6.3442718309993875,0.006852601884353619,0.000446425322995717,0.007269288262652776,0.007660444431189779,0.006415886812225478,0.00039241244802464524,40.00000000000002,0.06108652381980102,0.06108652381980102
0.010722222222222222,6.34950781875537,0.006855360147429804,0.0004128879985921265,0.007268669806068356,0.007660444431189779,0.0064137442074516625,0.00042600042022719343,40.000000000000014,0.06632251157578369,0.06632251157578369
0.01075,6.354743806511353,0.006858138409279181,0.0003793560091826969,0.007267876345774369,0.007660444431189779,0.0064114257666405185,0.00045957671341302853,40.00000000000001,0.07155849933176636,0.07155849933176636
0.010777777777777777,6.359979794267336,0.006860936593734296,0.00034583027406385087,0.00726690790352393,0.007660444431189778,0.006408931553353276,0.0004931404070711177,40.000000000000014,0.07679448708774991,0.07679448708774991
0.010805555555555554,6.365215782023319,0.006863754624081508,0.00031231171236056345,0.00726576450586737,0.007660444431189777,0.006406261635970048,0.000526690581035833,40.000000000000014,0.08203047484373256,0.08203047484373256
0.010833333333333332,6.370451769779303,0.006866592423063095,0.000278801243001124,0.007264446184151515,0.007660444431189779,0.006403416087687969,0.000560226315512219,40.000000000000014,0.08726646259971611,0.08726646259971611
0.01086111111111111,6.375687757535285,0.006869449912879361,0.00024529978469198927,0.007262952974518822,0.00766044443118978,0.006400394986519185,0.0005937466911011635,40.000000000000014,0.09250245035569879,0.09250245035569879
0.010888888888888889,6.380923745291268,0.00687232701519078,0.00021180825589255618,0.007261284917906384,0.007660444431189779,0.006397198415288708,0.0006272507888246421,40.000000000000014,0.09773843811168142,0.09773843811168142
0.010916666666666667,6.3861597330472515,0.006875223651120139,0.000178327574789999,0.007259442060044819,0.007660444431189778,0.0063938264616321535,0.0006607376901508976,40.000000000000014,0.102974425867665,0.102974425867665
0.010944444444444444,6.391395720803234,0.006878139741254701,0.00014485865927411467,0.007257424451457004,0.007660444431189778,0.006390279217993336,0.0006942064770196024,40.000000000000014,0.10821041362364764,0.10821041362364764
0.010972222222222222,6.396631708559218,0.006881075205648382,0.00011140242691211673,0.0072552321474567,0.007660444431189778,0.006386556781621731,0.0007276562318670697,40.000000000000014,0.1134464013796312,0.1134464013796312
0.011,6.4018676963152,0.006884029963823943,7.795979492352778e-05,0.0072528652081470255,0.007660444431189778,0.00638265925456981,0.0007610860376513616,40.000000000000014,0.11868238913561387,0.11868238913561387
0.011027777777777777,6.407103684071183,0.006887003934775195,4.453168015499075e-05,0.007250323698418819,0.007660444431189778,0.006378586743690249,0.0007944949778774715,40.000000000000014,0.12391837689159653,0.12391837689159653
0.011055555555555555,6.412339671827166,0.006889997036969222,1.111899905515877e-05,0.007247607687948854,0.007660444431189778,0.0063743393606329884,0.0008278821366224265,40.000000000000014,0.12915436464757918,0.12915436464757918
0.011083333333333332,6.417575659583149,0.006893009188348618,-2.227733235044348e-05,0.007244717251197928,0.007660444431189779,0.006369917221842182,0.00086124659856041,40.000000000000014,0.13439035240356273,0.13439035240356273
0.01111111111111111,6.422811647339132,0.0068960403063337275,-5.565639848450925e-05,0.007241652467408827,0.007660444431189778,0.0063653204485529975,0.0008945874489878329,40.000000000000014,0.13962634015954542,0.13962634015954542
0.011138888888888887,6.4280476350951155,0.006899090307824924,-8.901728424309009e-05,0.007238413420604143,0.007660444431189779,0.006360549166788296,0.0009279037738484494,40.000000000000014,0.14486232791552897,0.14486232791552897
0.011166666666666665,6.433283622851098,0.0069021591092048706,-0.00012235907502063998,0.007235000199583984,0.007660444431189778,0.00635560350735518,0.0009611946597583732,40.000000000000014,0.15009831567151163,0.15009831567151163
0.011194444444444444,6.438519610607081,0.006905246626340832,-0.00015568085673512734,0.0072314128979235285,0.007660444431189779,0.006350483605841401,0.0009944591940311553,40.00000000000002,0.1553343034274942,0.1553343034274942
0.011222222222222222,6.443755598363064,0.006908352774586964,-0.00018898171585308052,0.00722765161397046,0.007660444431189779,0.0063451896026116405,0.0010276964647027917,40.00000000000002,0.16057029118347782,0.16057029118347782
0.01125,6.448991586119047,0.006911477468786646,-0.00022226073941461304,0.007223716450842282,0.00766044443118978,0.006339721642803677,0.0010609055605567054,40.000000000000014,0.1658062789394605,0.1658062789394605
0.011277777777777777,6.4542275738750305,0.006914620623274804,-0.0002555170150584946,0.007219607516423476,0.007660444431189779,0.0063340798763243875,0.0010940855711487692,40.00000000000002,0.17104226669544403,0.17104226669544403
0.011305555555555555,6.459463561631013,0.006917782151880272,-0.0002887496310471179,0.007215324923362557,0.007660444431189778,0.00632826445784565,0.0011272355868322211,40.000000000000014,0.17627825445142672,0.17627825445142672
0.011333333333333332,6.464699549386996,0.006920961967928146,-0.00032195767629153416,0.007210868789068977,0.007660444431189778,0.006322275546800102,0.001160354698782641,40.000000000000014,0.18151424220740942,0.18151424220740942
0.01136111111111111,6.4699355371429785,0.006924159984242164,-0.0003551402403764075,0.00720623923570991,0.007660444431189779,0.006316113307376765,0.0011934419990228444,40.000000000000014,0.186750229963392,0.186750229963392
0.011388888888888888,6.475171524898962,0.006927376113147092,-0.00038829641358498776,0.007201436390206895,0.007660444431189779,0.006309777908516541,0.0012264965804477876,40.000000000000014,0.19198621771937557,0.19198621771937557
0.011416666666666665,6.480407512654945,0.006930610266471133,-0.00042142528692402616,0.007196460384232372,0.007660444431189779,0.0063032695239075955,0.0012595175368494116,40.000000000000014,0.1972222054753582,0.1972222054753582
0.011444444444444443,6.485643500410928,0.006933862355548337,-0.00045452595214873654,0.007191311354206057,0.00766044443118978,0.006296588331980577,0.0012925039629415281,40.000000000000014,0.2024581932313418,0.2024581932313418
0.011472222222222222,6.490879488166911,0.006937132291221041,-0.00048759750178764945,0.00718598944129121,0.007660444431189779,0.006289734515903738,0.001325454954384591,40.000000000000014,0.20769418098732448,0.20769418098732448
0.0115,6.496115475922894,0.006940419983842307,-0.0005206390291675316,0.00718049479139076,0.00766044443118978,0.006282708263577909,0.0013583696078105308,40.000000000000014,0.21293016874330717,0.21293016874330717
0.011527777777777777,6.501351463678877,0.00694372534327838,-0.0005536496284382246,0.0071748275551433115,0.007660444431189779,0.006275509767631348,0.0013912470208475023,40.00000000000002,0.21816615649929066,0.21816615649929066
0.011555555555555555,6.50658745143486,0.006947048278911162,-0.0005866283945974627,0.00716898788791901,0.007660444431189779,0.006268139225414455,0.0014240862921446082,40.000000000000014,0.2234021442552733,0.2234021442552733
0.011583333333333333,6.511823439190843,0.006950388699640695,-0.0006195744235157242,0.007162975949815278,0.007660444431189779,0.006260596838994368,0.0014568865213966486,40.000000000000014,0.22863813201125688,0.22863813201125688
0.01161111111111111,6.517059426946826,0.006953746513887656,-0.0006524868119609725,0.00715679190565244,0.007660444431189779,0.006252882815149423,0.0014896468093687585,40.000000000000014,0.2338741197672396,0.2338741197672396
0.011638888888888888,6.522295414702809,0.00695712162959587,-0.0006853646576234579,0.007150435924969188,0.007660444431189779,0.0062449973653634794,0.0015223662579210992,40.000000000000014,0.2391101075232222,0.2391101075232222
0.011666666666666665,6.527531402458791,0.006960513954234838,-0.0007182070591404344,0.007143908182017945,0.007660444431189778,0.006236940705820127,0.0015550439700334614,40.000000000000014,0.24434609527920484,0.24434609527920484
0.011694444444444443,6.532767390214775,0.006963923394802264,-0.0007510131161208786,0.00713720885576008,0.007660444431189778,0.006228713057396755,0.0015876790498298658,40.000000000000014,0.24958208303518833,0.24958208303518833
0.01172222222222222,6.538003377970758,0.006967349857826614,-0.0007837819291701559,0.007130338129861007,0.007660444431189779,0.006220314645658504,0.0016202706026031033,40.000000000000014,0.25481807079117097,0.25481807079117097
0.011749999999999998,6.543239365726741,0.006970793249369674,-0.0008165125999147153,0.007123296192685146,0.007660444431189779,0.00621174570085207,0.0016528177348393025,40.000000000000014,0.26005405854715463,0.26005405854715463
0.011777777777777778,6.548475353482724,0.006974253475029122,-0.0008492042310266723,0.007116083237290765,0.007660444431189778,0.006203006457899409,0.00168531955424238,40.000000000000014,0.26529004630313724,0.26529004630313724
0.011805555555555555,6.5537113412387065,0.006977730439941127,-0.0008818559262484524,0.007108699461424677,0.007660444431189779,0.006194097156391276,0.0017177751697585453,40.000000000000014,0.27052603405912,0.27052603405912
0.011833333333333333,6.55894732899469,0.006981224048782938,-0.0009144667904173415,0.007101145067516827,0.007660444431189779,0.006185018040580675,0.0017501836916007083,40.00000000000002,0.27576202181510345,0.27576202181510345
0.01186111111111111,6.564183316750673,0.0069847342057755045,-0.0009470359294900158,0.007093420262674743,0.007660444431189779,0.006175769359376153,0.001782544231272863,40.000000000000014,0.28099800957108617,0.28099800957108617
0.011888888888888888,6.569419304506656,0.0069882608146860994,-0.0009795624505670847,0.007085525258677847,0.007660444431189779,0.006166351366334973,0.0018148559015944755,40.000000000000014,0.28623399732706967,0.28623399732706967
0.011916666666666666,6.574655292262639,0.006991803778830956,-0.001012045461917533,0.007077460271971667,0.007660444431189777,0.006156764319656178,0.0018471178167247732,40.000000000000014,0.2914699850830524,0.2914699850830524
0.011944444444444443,6.579891280018622,0.006995363001077926,-0.0010444840730031999,0.007069225523661887,0.007660444431189779,0.006147008482173492,0.0018793290921870602,40.00000000000002,0.296705972839035,0.296705972839035
0.011972222222222221,6.585127267774604,0.006998938383849132,-0.0010768773945031766,0.0070608212395082874,0.007660444431189779,0.006137084121348127,0.0019114888448929488,40.000000000000014,0.3019419605950177,0.3019419605950177
0.011999999999999999,6.590363255530588,0.007002529829123647,-0.0011092245383381972,0.007052247649918566,0.007660444431189778,0.006126991509261449,0.0019435961931665783,40.000000000000014,0.3071779483510012,0.3071779483510012
0.012027777777777776,6.59559924328657,0.0070061372384401886,-0.0011415246176949608,0.007043504989942014,0.007660444431189779,0.006116730922607516,0.0019756502567687653,40.000000000000014,0.31241393610698387,0.31241393610698387
0.012055555555555555,6.600835231042554,0.007009760512899805,-0.0011737767470504884,0.007034593499263068,0.007660444431189778,0.006106302642685495,0.002007650156921177,40.000000000000014,0.3176499238629675,0.3176499238629675
0.012083333333333333,6.606071218798537,0.007013399553168599,-0.001205980042196349,0.007025513422194749,0.007660444431189778,0.006095706955391951,0.0020395950163303736,40.000000000000014,0.32288591161895014,0.32288591161895014
0.01211111111111111,6.611307206554519,0.007017054259480441,-0.0012381336202629456,0.007016265007671957,0.007660444431189778,0.006084944151212998,0.0020714839592119033,40.00000000000002,0.3281218993749328,0.3281218993749328
0.012138888888888888,6.616543194310503,0.007020724531639713,-0.0012702365997436973,0.007006848509244644,0.007660444431189778,0.00607401452521635,0.0021033161113142933,40.000000000000014,0.3333578871309163,0.3333578871309163
0.012166666666666666,6.6217791820664855,0.007024410269024049,-0.0013022881005191954,0.006997264185070875,0.007660444431189779,0.00606291837704323,0.0021350905999430038,40.00000000000001,0.3385938748868989,0.3385938748868989
0.012194444444444444,6.627015169822469,0.007028111370587097,-0.001334287243881366,0.006987512297909737,0.007660444431189778,0.00605165601090014,0.00216680655398439,40.000000000000014,0.3438298626428825,0.3438298626428825
0.012222222222222221,6.632251157578452,0.007031827734861288,-0.0013662331525575182,0.006977593115114144,0.007660444431189779,0.0060402277355505385,0.0021984631039295376,40.00000000000002,0.34906585039886523,0.34906585039886523
0.012249999999999999,6.637487145334434,0.0070355592599606175,-0.0013981249507344343,0.006967506908623501,0.007660444431189778,0.006028633864306369,0.0022300593818981463,40.000000000000014,0.35430183815484795,0.35430183815484795
0.012277777777777776,6.642723133090417,0.007039305843583441,-0.0014299617640823566,0.006957253954956257,0.007660444431189778,0.006016874715019467,0.002261594521662293,40.000000000000014,0.35953782591083056,0.35953782591083056
0.012305555555555554,6.647959120846401,0.007043067383015276,-0.001461742719778971,0.006946834535202312,0.007660444431189779,0.006004950610072848,0.0022930676586701976,40.00000000000002,0.3647738136668141,0.3647738136668141
0.012333333333333332,6.653195108602383,0.007046843775131617,-0.0014934669465333115,0.006936248935015325,0.007660444431189778,0.0059928618763718765,0.002324477930069899,40.00000000000002,0.3700098014227967,0.3700098014227967
0.012361111111111111,6.658431096358367,0.00705063491640077,-0.0015251335746096877,0.00692549744460487,0.007660444431189779,0.00598060884533529,0.002355824474732951,40.000000000000014,0.37524578917878026,0.37524578917878026
0.012388888888888889,6.6636670841143495,0.007054440702886677,-0.0015567417358514839,0.0069145803587284905,0.007660444431189779,0.005968191852886127,0.0023871064332779877,40.000000000000014,0.380481776934763,0.380481776934763
0.012416666666666666,6.668903071870332,0.007058261030251783,-0.0015882905637049972,0.00690349797668361,0.007660444431189779,0.005955611239442507,0.002418322948094317,40.000000000000014,0.3857177646907456,0.3857177646907456
0.012444444444444444,6.674139059626316,0.0070620957937598825,-0.0016197791932431819,0.006892250602299326,0.007660444431189777,0.005942867349908298,0.002449473163365423,40.000000000000014,0.39095375244672925,0.39095375244672925
0.012472222222222221,6.679375047382298,0.007065944888278997,-0.0016512067611893408,0.0068808385439280955,0.007660444431189778,0.005929960533663678,0.0024805562250924066,40.000000000000014,0.39618974020271175,0.39618974020271175
0.012499999999999999,6.684611035138282,0.007069808208284255,-0.0016825724059408357,0.006869262114437257,0.007660444431189777,0.005916891144555524,0.0025115712811174416,40.000000000000014,0.40142572795869547,0.40142572795869547
0.012527777777777777,6.689847022894265,0.007073685647860788,-0.0017138752675926589,0.006857521631200479,0.007660444431189779,0.00590365954088775,0.002542517481147087,40.00000000000002,0.406661715714678,0.406661715714678
0.012555555555555554,6.695083010650247,0.00707757710070663,-0.0017451144879610523,0.006845617416089037,0.007660444431189779,0.0058902660854114495,0.002573393976775644,40.000000000000014,0.41189770347066074,0.41189770347066074
0.012583333333333332,6.70031899840623,0.007081482460135636,-0.001776289210607009,0.006833549795463003,0.007660444431189779,0.005876711145314972,0.002604199921508387,40.00000000000002,0.4171336912266434,0.4171336912266434
0.01261111111111111,6.7055549861622135,0.0070854016190804074,-0.001807398580859764,0.006821319100162288,0.007660444431189779,0.005862995092213843,0.0026349344707847847,40.000000000000014,0.4223696789826269,0.4223696789826269
0.012638888888888889,6.710790973918197,0.007089334470095216,-0.0018384417458402128,0.006808925665497586,0.007660444431189778,0.005849118302140589,0.0026655967820016376,40.00000000000001,0.4276056667386104,0.4276056667386104
0.012666666666666666,6.71602696167418,0.0070932809053589705,-0.0018694178544843008,0.0067963698312411705,0.00766044443118978,0.0058350811555344245,0.0026961860145361905,40.00000000000001,0.43284165449459305,0.43284165449459305
0.012694444444444444,6.721262949430162,0.007097240816678151,-0.001900326057566367,0.006783651941617577,0.007660444431189779,0.00582088403723081,0.0027267013297691866,40.000000000000014,0.43807764225057577,0.43807764225057577
0.012722222222222222,6.726498937186145,0.007101214095489789,-0.0019311655077224113,0.006770772345294174,0.007660444431189778,0.005806527336450915,0.002757141891107843,40.000000000000014,0.4433136300065585,0.4433136300065585
0.01275,6.7317349249421286,0.0071052006328644396,-0.001961935359473333,0.0067577313953716,0.007660444431189779,0.005792011446790944,0.0027875068640088,40.00000000000003,0.448549617762542,0.448549617762542
0.012777777777777777,6.736970912698112,0.007109200319509167,-0.0019926347692480998,0.006744529449374087,0.007660444431189779,0.005777336766211345,0.0028177954160009807,40.000000000000014,0.4537856055185255,0.4537856055185255
0.012805555555555554,6.742206900454095,0.00711321304577054,-0.002023262895406879,0.006731166869239654,0.007660444431189779,0.005762503697025901,0.0028480067167084276,40.000000000000014,0.4590215932745082,0.4590215932745082
0.012833333333333332,6.747442888210077,0.007117238701637643,-0.0020538188982641243,0.006717644021310183,0.007660444431189779,0.005747512645890695,0.0028781399378730753,40.000000000000014,0.46425758103049086,0.46425758103049086
0.01286111111111111,6.75267887596606,0.007121277176745084,-0.002084301940111584,0.006703961276321384,0.007660444431189779,0.005732364023792968,0.0029081942533774447,40.00000000000002,0.4694935687864735,0.4694935687864735
0.012888888888888887,6.757914863722043,0.007125328360376031,-0.002114711185241267,0.006690119009392619,0.007660444431189779,0.005717058246039844,0.0029381688392672934,40.000000000000014,0.47472955654245624,0.47472955654245624
0.012916666666666667,6.763150851478027,0.007129392141465239,-0.0021450457999683667,0.006676117600016627,0.007660444431189779,0.005701595732246949,0.002968062873774219,40.00000000000002,0.4799655442984407,0.4799655442984407
0.012944444444444444,6.76838683923401,0.007133468408602092,-0.002175304952654075,0.006661957432049125,0.007660444431189779,0.005685976906326919,0.0029978755373381415,40.000000000000014,0.4852015320544232,0.4852015320544232
0.012972222222222222,6.7736228269899925,0.007137557050033671,-0.00220548781372845,0.006647638893698268,0.007660444431189778,0.005670202196477751,0.003027606012629845,40.00000000000002,0.49043751981040606,0.49043751981040606
0.013,6.778858814745975,0.007141657953667805,-0.0022355935557131037,0.006633162377514017,0.00766044443118978,0.005654272035171084,0.003057253484573325,40.00000000000002,0.49567350756638856,0.49567350756638856
0.013027777777777777,6.784094802501958,0.007145771007076148,-0.0022656213532439152,0.006618528280377377,0.007660444431189779,0.005638186859140337,0.003086817140368166,40.000000000000014,0.5009094953223713,0.5009094953223713
0.013055555555555555,6.789330790257941,0.007149896097497266,-0.0022955703830936517,0.006603737003489511,0.007660444431189778,0.005621947109368737,0.003116296169511815,40.000000000000014,0.5061454830783548,0.5061454830783548
0.013083333333333332,6.794566778013925,0.0071540331118397195,-0.002325439824194524,0.006588788952360747,0.007660444431189778,0.005605553231077224,0.00314568976382179,40.000000000000014,0.5113814708343384,0.5113814708343384
0.01311111111111111,6.799802765769908,0.00715818193668517,-0.0023552288576607133,0.006573684536799461,0.007660444431189779,0.005589005673712259,0.0031749971174578513,40.000000000000014,0.5166174585903212,0.5166174585903212
0.013138888888888887,6.80503875352589,0.0071623424582914885,-0.0023849366668108217,0.0065584241709008345,0.007660444431189778,0.005572304890933484,0.003204217426944098,40.000000000000014,0.5218534463463036,0.5218534463463036
0.013166666666666665,6.810274741281873,0.007166514562595875,-0.0024145624371902574,0.006543008273035506,0.007660444431189778,0.005555451340601294,0.0032333498911909877,40.000000000000014,0.5270894341022865,0.5270894341022865
0.013194444444444443,6.815510729037856,0.007170698135217982,-0.0024441053565935583,0.006527437265838105,0.007660444431189779,0.005538445484764286,0.0032623937115172945,40.000000000000014,0.5323254218582689,0.5323254218582689
0.013222222222222222,6.82074671679384,0.007174893061463053,-0.0024735646150866757,0.006511711576195649,0.007660444431189779,0.00552128778964658,0.003291348091672023,40.000000000000014,0.5375614096142535,0.5375614096142535
0.01325,6.825982704549823,0.007179099226325064,-0.0025029394050291366,0.006495831635235879,0.007660444431189778,0.005503978725635068,0.0033202122378561964,40.00000000000001,0.5427973973702361,0.5427973973702361
0.013277777777777777,6.831218692305805,0.0071833165144898825,-0.0025322289210962467,0.0064797978783153925,0.007660444431189778,0.00548651876726648,0.0033489853587446755,40.00000000000002,0.5480333851262187,0.5480333851262187
0.013305555555555555,6.836454680061788,0.007187544810338422,-0.002561432360301128,0.006463610745007731,0.007660444431189778,0.00546890839321439,0.0033776666655078178,40.00000000000002,0.5532693728822015,0.5532693728822015
0.013333333333333332,6.841690667817771,0.007191783997949817,-0.002590548922016742,0.006447270679091334,0.007660444431189778,0.0054511480862761,0.003406255371833108,40.00000000000002,0.5585053606381842,0.5585053606381842
0.01336111111111111,6.846926655573754,0.007196033961104598,-0.0026195778079978454,0.00643077812853736,0.007660444431189779,0.005433238333359396,0.0034347506939467263,40.000000000000014,0.5637413483941677,0.5637413483941677
0.013388888888888888,6.852162643329738,0.0072002945832878775,-0.0026485182224028608,0.006414133545497414,0.007660444431189779,0.005415179625469199,0.003463151850635018,40.000000000000014,0.5689773361501512,0.5689773361501512
0.013416666666666665,6.8573986310857205,0.007204565747692544,-0.002677369371815704,0.006397337386291155,0.007660444431189779,0.005396972457694117,0.0034914580632659214,40.000000000000014,0.5742133239061339,0.5742133239061339
0.013444444444444443,6.862634618841703,0.007208847337222471,-0.0027061304652675434,0.0063803901113937645,0.007660444431189778,0.0053786173291928445,0.003519668555810322,40.00000000000001,0.5794493116621164,0.5794493116621164
0.01347222222222222,6.867870606597686,0.007213139234495718,-0.002734800714258474,0.006363292185423348,0.007660444431189779,0.005360114743180502,0.003547782554863318,40.00000000000002,0.5846852994180992,0.5846852994180992
0.0135,6.873106594353669,0.007217441321847753,-0.0027633793327791435,0.006346044077128179,0.007660444431189779,0.005341465206914832,0.0035757992896654277,40.000000000000014,0.5899212871740828,0.5899212871740828
0.013527777777777777,6.878342582109653,0.007221753481334678,-0.002791865537332281,0.006328646259373864,0.00766044443118978,0.005322669231682292,0.003603717992123708,40.00000000000002,0.5951572749300662,0.5951572749300662
0.013555555555555555,6.8835785698656355,0.007226075594736461,-0.0028202585469541963,0.006311099209130363,0.007660444431189779,0.005303727332784039,0.0036315378968328257,40.000000000000014,0.6003932626860491,0.6003932626860491
0.013583333333333333,6.888814557621618,0.00723040754356018,-0.0028485575832361914,0.006293403407458924,0.007660444431189777,0.0052846400295218,0.003659258241096042,40.000000000000014,0.6056292504420316,0.6056292504420316
0.01361111111111111,6.894050545377601,0.007234749209043272,-0.0028767618703458924,0.006275559339498888,0.007660444431189777,0.005265407845183636,0.0036868782649461173,40.000000000000014,0.6108652381980142,0.6108652381980142
0.013638888888888888,6.8992865331335835,0.007239100472156783,-0.0029048706350485215,0.006257567494454393,0.007660444431189779,0.005246031307029595,0.003714397211166148,40.00000000000002,0.6161012259539969,0.6161012259539969
0.013666666666666666,6.904522520889567,0.007243461213608638,-0.0029328831067280997,0.006239428365580953,0.007660444431189778,0.005226510946277253,0.0037418143253103242,40.000000000000014,0.6213372137099806,0.6213372137099806
0.013694444444444443,6.909758508645551,0.007247831313846907,-0.0029607985174085576,0.006221142450171952,0.007660444431189779,0.005206847298087164,0.003769128855724605,40.000000000000014,0.626573201465964,0.626573201465964
0.01372222222222222,6.914994496401533,0.007252210653063083,-0.0029886161017748103,0.006202710249545005,0.007660444431189779,0.005187040901548183,0.0037963400535673424,40.000000000000014,0.6318091892219467,0.6318091892219467
0.013749999999999998,6.920230484157516,0.007256599111195369,-0.0030163350971937324,0.0061841322690281975,0.007660444431189778,0.005167092299662671,0.003823447172829803,40.000000000000014,0.6370451769779294,0.6370451769779294
0.013777777777777776,6.925466471913499,0.00726099656793197,-0.0030439547437350633,0.00616540901794625,0.007660444431189778,0.005147002039331624,0.0038504494703566206,40.00000000000001,0.6422811647339122,0.6422811647339122
0.013805555555555555,6.930702459669482,0.007265402902714388,-0.0030714742841922438,0.0061465410096065475,0.007660444431189779,0.005126770671339679,0.0038773462058661703,40.00000000000001,0.6475171524898954,0.6475171524898954
0.013833333333333333,6.935938447425466,0.0072698179947407295,-0.0030988929641031686,0.00612752876128507,0.007660444431189779,0.005106398750340007,0.0039041366419708596,40.000000000000014,0.652753140245879,0.652753140245879
0.01386111111111111,6.941174435181448,0.0072742417229690135,-0.003126210031770872,0.006108372794212215,0.007660444431189779,0.005085886834839119,0.003930820044197344,40.000000000000014,0.6579891280018617,0.6579891280018617
0.013888888888888888,6.946410422937431,0.007278673966120499,-0.00315342473828415,0.006089073633558491,0.007660444431189779,0.005065235487181536,0.003957395681006679,40.000000000000014,0.6632251157578446,0.6632251157578446
0.013916666666666666,6.951646410693414,0.007283114602683001,-0.003180536337538074,0.006069631808420139,0.00766044443118978,0.005044445273534388,0.003983862823814352,40.00000000000001,0.668461103513827,0.668461103513827
0.013944444444444443,6.956882398449396,0.007287563510914223,-0.003207544086254458,0.006050047851804614,0.007660444431189779,0.005023516763871882,0.004010220747010278,40.00000000000002,0.6736970912698097,0.6736970912698097
0.013972222222222221,6.96211838620538,0.0072920205688451,-0.003234447244002231,0.006030322300615976,0.007660444431189779,0.005002450531959679,0.0040364687279786805,40.000000000000014,0.6789330790257934,0.6789330790257934
0.013999999999999999,6.9673543739613635,0.007296485654283137,-0.0032612450732177273,0.006010455695640178,0.007660444431189779,0.0049812471553391715,0.004062606047117896,40.000000000000014,0.6841690667817768,0.6841690667817768
0.014027777777777776,6.972590361717346,0.007300958644815761,-0.003287936839224921,0.005990448581530237,0.007660444431189779,0.004959907215311646,0.0040886319878601154,40.000000000000014,0.6894050545377595,0.6894050545377595
0.014055555555555554,6.977826349473329,0.007305439417813677,-0.003314521810255567,0.005970301506791287,0.007660444431189779,0.004938431296922332,0.004114545836691031,40.000000000000014,0.6946410422937422,0.6946410422937422
0.014083333333333333,6.9830623372293115,0.007309927850434231,-0.0033409992574692537,0.005950015023765559,0.007660444431189779,0.004916819988944382,0.0041403468831693845,40.00000000000001,0.699877030049725,0.699877030049725
0.01411111111111111,6.988298324985295,0.007314423819624774,-0.003367368454973396,0.0059295896886172325,0.007660444431189779,0.004895073883862721,0.0041660344199464594,40.000000000000014,0.7051130178057083,0.7051130178057083
0.014138888888888888,6.993534312741279,0.00731892720212604,-0.003393628679843121,0.005909026061317189,0.007660444431189779,0.004873193577857802,0.004191607742785454,40.000000000000014,0.7103490055616919,0.7103490055616919
0.014166666666666666,6.998770300497261,0.007323437874475522,-0.0034197792121410924,0.0058883247056276625,0.007660444431189779,0.0048511796707892746,0.0042170661505808,40.000000000000014,0.7155849933176746,0.7155849933176746
0.014194444444444444,7.004006288253244,0.00732795571301086,-0.0034458193349372617,0.005867486189086771,0.00766044443118978,0.0048290327661795135,0.004242408945377391,40.000000000000014,0.7208209810736573,0.7208209810736573
0.014222222222222221,7.009242276009227,0.007332480593873227,-0.0034717483343285113,0.005846511082992977,0.007660444431189779,0.004806753471197102,0.004267635432389709,40.000000000000014,0.7260569688296401,0.7260569688296401
0.014249999999999999,7.014478263765209,0.007337012393010731,-0.0034975654994582202,0.005825399962389407,0.007660444431189779,0.004784342396640164,0.004292744920020865,40.000000000000014,0.7312929565856225,0.7312929565856225
0.014277777777777776,7.019714251521193,0.007341550986181809,-0.0035232701225357734,0.00580415340604809,0.007660444431189779,0.0047618001569196215,0.00431773671988158,40.00000000000001,0.7365289443416062,0.7365289443416062
0.014305555555555554,7.024950239277176,0.007346096248958635,-0.003548861498855939,0.005782771996454109,0.007660444431189779,0.004739127370042374,0.0043426101468090296,40.000000000000014,0.7417649320975898,0.7417649320975898
0.014333333333333332,7.030186227033159,0.007350648056730533,-0.0035743389268182023,0.005761256319789611,0.007660444431189779,0.004716324657594327,0.004367364518885646,40.000000000000014,0.7470009198535722,0.7470009198535722
0.01436111111111111,7.035422214789142,0.007355206284707395,-0.0035997017079460116,0.005739606965917734,0.007660444431189778,0.004693392644723356,0.004391999157457818,40.00000000000001,0.752236907609555,0.752236907609555
0.014388888888888889,7.040658202545124,0.0073597708079231,-0.00362494914690591,0.005717824528366453,0.007660444431189778,0.0046703319601221795,0.004416513387154486,40.000000000000014,0.7574728953655376,0.7574728953655376
0.014416666666666666,7.045894190301108,0.007364341501238937,-0.003650080551526609,0.005695909604312294,0.007660444431189779,0.004647143236011113,0.004440906535905665,40.000000000000014,0.7627088831215212,0.7627088831215212
0.014444444444444444,7.051130178057091,0.00736891823934704,-0.0036750952328179517,0.005673862794563971,0.007660444431189779,0.004623827108120741,0.004465177934960853,40.000000000000014,0.7679448708775048,0.7679448708775048
0.014472222222222221,7.056366165813074,0.00737350089677382,-0.0036999925049898087,0.0056516847035459165,0.007660444431189779,0.0046003842156744955,0.004489326918907381,40.00000000000001,0.7731808586334874,0.7731808586334874
0.014499999999999999,7.061602153569057,0.007378089347883411,-0.0037247716854708936,0.005629375939281693,0.007660444431189779,0.004576815201371109,0.004513352825688661,40.000000000000014,0.7784168463894703,0.7784168463894703
0.014527777777777777,7.066838141325039,0.007382683466881107,-0.003749432094927454,0.005606937113377344,0.007660444431189779,0.004553120711367016,0.004537254996622319,40.00000000000001,0.7836528341454527,0.7836528341454527
0.014555555555555554,7.072074129081022,0.007387283127816815,-0.0037739730572819105,0.005584368841004616,0.007660444431189779,0.004529301395258628,0.004561032776418269,40.00000000000002,0.7888888219014355,0.7888888219014355
0.014583333333333332,7.077310116837006,0.0073918882045885086,-0.0037983938997313833,0.005561671740884091,0.007660444431189779,0.0045053579060645235,0.0045846855131966655,40.000000000000014,0.7941248096574192,0.7941248096574192
0.01461111111111111,7.082546104592989,0.00739649857094568,-0.0038226939527661397,0.005538846435268239,0.007660444431189779,0.004481290900207559,0.004608212558505781,40.000000000000014,0.7993607974134027,0.7993607974134027
0.014638888888888887,7.087782092348972,0.007401114100492806,-0.003846872550187945,0.00551589354992435,0.007660444431189779,0.004457101037496864,0.0046316132673397785,40.000000000000014,0.8045967851693852,0.8045967851693852
0.014666666666666666,7.0930180801049545,0.0074057346666928136,-0.003870929029128343,0.005492813714117362,0.007660444431189778,0.004432788981109735,0.004654886998156411,40.000000000000014,0.809832772925368,0.809832772925368
0.014694444444444444,7.098254067860937,0.0074103601428705465,-0.0038948627300668085,0.005469607560592634,0.007660444431189778,0.004408355397573482,0.0046780331128945885,40.00000000000001,0.8150687606813507,0.8150687606813507
0.014722222222222222,7.103490055616921,0.007414990402216241,-0.003918672996848846,0.005446275725558585,0.007660444431189779,0.004383800956747136,0.004701050976991887,40.00000000000001,0.820304748437334,0.820304748437334
0.01475,7.108726043372904,0.007419625317788994,-0.003942359176703962,0.005422818848669261,0.007660444431189778,0.0043591263318030985,0.004723939959401934,40.000000000000014,0.8255407361933177,0.8255407361933177
0.014777777777777777,7.113962031128887,0.007424264762520255,-0.003965920620263563,0.005399237573006795,0.007660444431189778,0.0043343321992086814,0.004746699432611708,40.00000000000001,0.8307767239493004,0.8307767239493004
0.014805555555555554,7.11919801888487,0.007428908609217306,-0.003989356681578778,0.005375532545063767,0.007660444431189779,0.00430941923870755,0.004769328772658759,40.00000000000001,0.8360127117052831,0.8360127117052831
0.014833333333333332,7.124434006640852,0.007433556730566738,-0.004012666718138149,0.005351704414725495,0.007660444431189779,0.0042843881333011055,0.004791827359148298,40.00000000000002,0.8412486994612657,0.8412486994612657
0.01486111111111111,7.129669994396835,0.007438208999137962,-0.004035850090885244,0.005327753835252206,0.007660444431189779,0.004259239569229741,0.004814194575270212,40.000000000000014,0.8464846872172482,0.8464846872172482
0.014888888888888887,7.1349059821528185,0.007442865287386683,-0.004058906164236196,0.005303681463261132,0.007660444431189779,0.0042339742359540425,0.004836429807815975,40.000000000000014,0.8517206749732318,0.8517206749732318
0.014916666666666665,7.140141969908802,0.007447525467658407,-0.004081834306097102,0.005279487958708514,0.007660444431189778,0.004208592826135887,0.004858532447195451,40.00000000000001,0.8569566627292153,0.8569566627292153
0.014944444444444442,7.145377957664785,0.0074521894121919365,-0.004104633887881367,0.0052551739848715065,0.007660444431189779,0.0041830960356194526,0.004880501887453615,39.99999999999999,0.8621926504851981,0.8621926504851981
0.014972222222222222,7.150613945420767,0.007456856993122876,-0.004127304284526944,0.00523074020832998,0.007660444431189778,0.004157484563412126,0.0049023375262871646,40.000000000000014,0.8674286382411807,0.8674286382411807
0.015,7.15584993317675,0.007461528082487138,-0.004149844874513457,0.00520618729894826,0.007660444431189779,0.0041317591116653545,0.004924038765061035,40.00000000000001,0.8726646259971635,0.8726646259971635
0.015027777777777777,7.1610859209327336,0.007466202552224448,-0.004172255039879248,0.005181515929856757,0.007660444431189779,0.00410592038565539,0.004945605008824803,40.00000000000001,0.877900613753147,0.877900613753147
0.015055555555555555,7.166321908688717,0.007470880274181856,-0.004194534166238309,0.00515672677743352,0.007660444431189779,0.004079969093763961,0.004967035666328998,40.000000000000014,0.8831366015091304,0.8831366015091304
0.015083333333333332,7.1715578964447,0.007475561120117252,-0.004216681642797135,0.0051318205212856904,0.007660444431189779,0.004053905947458849,0.004988330150041319,40.000000000000014,0.8883725892651132,0.8883725892651132
0.01511111111111111,7.176793884200682,0.007480244961702879,-0.00423869686237147,0.005106797844230857,0.007660444431189779,0.004027731661274372,0.0050094878761627396,40.00000000000001,0.893608577021096,0.893608577021096
0.015138888888888887,7.182029871956665,0.007484931670528855,-0.00426057922140295,0.005081659432278352,0.007660444431189778,0.004001446952791807,0.00503050826464351,40.00000000000002,0.8988445647770785,0.8988445647770785
0.015166666666666665,7.187265859712648,0.0074896211181066895,-0.004282328119975647,0.005056405974610437,0.007660444431189779,0.0039750525426197145,0.005051390739199061,40.00000000000002,0.9040805525330611,0.9040805525330611
0.015194444444444443,7.192501847468631,0.007494313175872811,-0.004303942961832524,0.005031038163563407,0.00766044443118978,0.003948549154374178,0.005072134727325807,40.000000000000014,0.9093165402890445,0.9093165402890445
0.01522222222222222,7.197737835224615,0.007499007715192082,-0.004325423154391771,0.005005556694608618,0.007660444431189778,0.003921937514658978,0.005092739660316836,40.000000000000014,0.9145525280450282,0.9145525280450282
0.01525,7.2029738229805975,0.0075037046073613365,-0.004346768108763052,0.00497996226633342,0.007660444431189778,0.0038952183530456654,0.005113204973277492,40.00000000000001,0.919788515801011,0.919788515801011
0.015277777777777777,7.20820981073658,0.007508403723612904,-0.004367977239763668,0.004954255580421989,0.007660444431189778,0.0038683924020535498,0.005133530105140891,40.00000000000001,0.9250245035569936,0.9250245035569936
0.015305555555555555,7.213445798492563,0.007513104935118139,-0.004389049965934575,0.004928437341636105,0.007660444431189779,0.0038414603971296266,0.005153714498683273,40.00000000000001,0.9302604913129764,0.9302604913129764
0.015333333333333332,7.218681786248546,0.0075178081129909525,-0.004409985709556345,0.00490250825779582,0.007660444431189779,0.003814423076628411,0.005173757600539294,40.00000000000001,0.9354964790689598,0.9354964790689598
0.01536111111111111,7.22391777400453,0.007522513128291347,-0.0044307838966649886,0.004876469039760073,0.007660444431189779,0.0037872811817917093,0.005193658861217194,40.00000000000001,0.9407324668249434,0.9407324668249434
0.015388888888888888,7.229153761760513,0.007527219852028952,-0.004451443957067695,0.004850320401407183,0.007660444431189779,0.0037600354567282816,0.005213417735113851,40.00000000000002,0.9459684545809259,0.9459684545809259
0.015416666666666665,7.234389749516495,0.007531928155166558,-0.004471965324358477,0.004824063059615273,0.007660444431189779,0.0037326866483934377,0.005233033680529761,40.000000000000014,0.9512044423369087,0.9512044423369087
0.015444444444444443,7.239625737272478,0.007536637908623656,-0.004492347435933683,0.004797697734242633,0.007660444431189779,0.0037052355065685756,0.00525250615968387,40.000000000000014,0.9564404300928914,0.9564404300928914
0.01547222222222222,7.244861725028461,0.007541348983279976,-0.004512589733007428,0.004771225148107977,0.007660444431189779,0.0036776827838406138,0.005271834638728328,40.000000000000014,0.9616764178488741,0.9616764178488741
0.015499999999999998,7.250097712784444,0.007546061249979029,-0.004532691660626916,0.004744646026970624,0.007660444431189779,0.003650029235581362,0.005291018587763118,40.00000000000001,0.9669124056048575,0.9669124056048575
0.015527777777777776,7.255333700540428,0.007550774579531641,-0.004552652667687645,0.004717961099510607,0.00766044443118978,0.003622275619926816,0.005310057480850587,40.000000000000014,0.972148393360841,0.972148393360841
0.015555555555555555,7.26056968829641,0.007555488842719499,-0.0045724722069485175,0.004691171097308698,0.007660444431189778,0.0035944226977563743,0.005328950796029859,40.00000000000001,0.9773843811168239,0.9773843811168239
0.015583333333333333,7.265805676052393,0.0075602039102987,-0.004592149735046859,0.004664276754826336,0.007660444431189779,0.0035664712326719645,0.005347698015331157,40.00000000000001,0.9826203688728066,0.9826203688728066
0.01561111111111111,7.271041663808376,0.007564919653003282,-0.004611684712513292,0.004637278809385508,0.007660444431189779,0.003538421990977122,0.005366298624789993,40.00000000000001,0.987856356628789,0.987856356628789
0.015638888888888886,7.276277651564358,0.007569635941548779,-0.004631076603786546,0.004610178001148522,0.007660444431189779,0.003510275741655974,0.005384752114461267,40.000000000000014,0.993092344384772,0.993092344384772
0.015666666666666666,7.281513639320343,0.0075743526466357574,-0.004650324877228131,0.004582975073097719,0.007660444431189778,0.003482033256352157,0.005403057978433239,40.00000000000001,0.9983283321407562,0.9983283321407562
0.015694444444444445,7.2867496270763255,0.007579069638953363,-0.004669429005136893,0.004555670771015131,0.007660444431189778,0.0034536953093476886,0.00542121571484139,40.000000000000014,1.003564319896739,1.003564319896739
0.01572222222222222,7.291985614832308,0.00758378678918287,-0.004688388463763524,0.0045282658434619835,0.007660444431189778,0.0034252626775416947,0.005439224825882213,40.000000000000014,1.0088003076527217,1.0088003076527217
0.01575,7.297221602588291,0.007588503968001222,-0.004707202733324885,0.004500761041758208,0.007660444431189778,0.003396736140429136,0.005457084817826827,40.00000000000001,1.014036295408704,1.014036295408704
0.015777777777777776,7.302457590344273,0.007593221046084578,-0.004725871298018275,0.004473157119961837,0.00766044443118978,0.003368116480079437,0.005474795201034535,40.000000000000014,1.019272283164687,1.019272283164687
0.015805555555555555,7.307693578100258,0.007597937894111862,-0.004744393646035569,0.004445454834848321,0.00766044443118978,0.0033394044811150356,0.0054923554899662394,40.000000000000014,1.0245082709206714,1.0245082709206714
0.01583333333333333,7.3129295658562405,0.007602654382768298,-0.004762769269577224,0.0044176549458898205,0.007660444431189779,0.0033106009306899074,0.005509765203197736,40.00000000000001,1.029744258676654,1.029744258676654
0.01586111111111111,7.318165553612223,0.00760737038274897,-0.004780997664866248,0.004389758215234324,0.007660444431189778,0.003281706618467925,0.00552702386343295,40.00000000000001,1.0349802464326368,1.0349802464326368
0.015888888888888886,7.323401541368206,0.007612085764762356,-0.004799078332161975,0.004361765407684795,0.007660444431189778,0.003252722336601256,0.00554413099751699,40.00000000000001,1.0402162341886192,1.0402162341886192
0.015916666666666666,7.3286375291241885,0.007616800399533877,-0.004817010775773776,0.004333677290678191,0.007660444431189779,0.0032236488797086267,0.0055610861364491365,40.000000000000014,1.0454522219446019,1.0454522219446019
0.01594444444444444,7.333873516880171,0.0076215141578094385,-0.0048347945040746534,0.004305494634264431,0.007660444431189779,0.0031944870448535464,0.005577888815395691,40.000000000000014,1.0506882097005847,1.0506882097005847
0.01597222222222222,7.339109504636156,0.007626226910358976,-0.004852429029514717,0.004277218211085264,0.007660444431189778,0.0031652376315224368,0.0055945385737027255,40.00000000000001,1.0559241974565692,1.0559241974565692
0.016,7.344345492392138,0.007630938527979998,-0.004869913868634531,0.0042488487963531375,0.007660444431189779,0.003135901441602762,0.005611034954908693,40.000000000000014,1.0611601852125516,1.0611601852125516
0.016027777777777776,7.349581480148121,0.007635648881501126,-0.004887248542078406,0.004220387167829876,0.007660444431189779,0.003106479279360975,0.005627377506756979,40.00000000000001,1.0663961729685343,1.0663961729685343
0.016055555555555556,7.354817467904104,0.00764035784178564,-0.004904432574607513,0.004191834105805404,0.007660444431189779,0.0030769719514205183,0.005643565781208267,40.000000000000014,1.071632160724517,1.071632160724517
0.01608333333333333,7.360053455660086,0.007645065279735015,-0.004921465495112919,0.004163190393076337,0.007660444431189779,0.0030473802667396904,0.005659599334452837,39.99999999999999,1.0768681484804998,1.0768681484804998
0.01611111111111111,7.365289443416071,0.0076497710662924625,-0.004938346836628511,0.0041344568149245245,0.007660444431189779,0.0030177050365894696,0.005675477726922733,40.000000000000014,1.082104136236484,1.082104136236484
0.016138888888888887,7.370525431172053,0.0076544750724464655,-0.004955076136343771,0.00410563415909554,0.007660444431189778,0.0029879470745312955,0.0056912005233037905,40.00000000000001,1.0873401239924667,1.0873401239924667
0.016166666666666666,7.375761418928036,0.007659177169234319,-0.0049716529356165036,0.004076723215777047,0.007660444431189779,0.002958107196394723,0.005706767292547614,40.00000000000001,1.0925761117484494,1.0925761117484494
0.016194444444444442,7.380997406684019,0.007663877227745666,-0.004988076779985382,0.004047724777577159,0.007660444431189779,0.002928186220255084,0.00572217760788336,40.000000000000014,1.0978120995044323,1.0978120995044323
0.01622222222222222,7.386233394440001,0.007668575119126025,-0.005004347219182417,0.004018639639502708,0.007660444431189778,0.0028981849664110534,0.005737431046829447,40.00000000000001,1.103048087260415,1.103048087260415
0.016249999999999997,7.391469382195984,0.007673270714580335,-0.005020463807145298,0.003989468598937447,0.007660444431189779,0.002868104257362161,0.005752527191205142,40.00000000000001,1.1082840750163978,1.1082840750163978
0.016277777777777776,7.3967053699519685,0.007677963885376473,-0.0050364261020296305,0.003960212455620179,0.007660444431189778,0.0028379449177862322,0.005767465627142026,40.000000000000014,1.1135200627723818,1.1135200627723818
0.016305555555555556,7.401941357707951,0.007682654502848789,-0.005052233666221029,0.00393087201162287,0.007660444431189779,0.002807707774516813,0.005782245945095325,40.00000000000002,1.1187560505283647,1.1187560505283647
0.01633333333333333,7.407177345463934,0.007687342438401637,-0.005067886066347137,0.003901448071328606,0.007660444431189778,0.002777393656520453,0.005796867739855157,40.000000000000014,1.1239920382843471,1.1239920382843471
0.01636111111111111,7.4124133332199165,0.007692027563512896,-0.0050833828732895015,0.003871941441409571,0.007660444431189779,0.002747003394874008,0.005811330610557634,40.000000000000014,1.12922802604033,1.12922802604033
0.016388888888888887,7.417649320975899,0.007696709749737494,-0.005098723662195329,0.003842352930804931,0.007660444431189779,0.002716537822741854,0.005825634160695849,40.00000000000001,1.1344640137963125,1.1344640137963125
0.016416666666666666,7.422885308731884,0.007701388868710931,-0.0051139080124891515,0.0038126833506986393,0.007660444431189779,0.0026859977753530295,0.005839777998130756,40.000000000000014,1.1397000015522971,1.1397000015522971
0.016444444444444442,7.428121296487866,0.007706064792152796,-0.005128935507884322,0.003782933514497243,0.007660444431189779,0.0026553840899783817,0.005853761735101896,40.00000000000001,1.1449359893082798,1.1449359893082798
0.01647222222222222,7.433357284243849,0.007710737391870285,-0.00514380573639447,0.003753104237807521,0.007660444431189779,0.0026246976059075503,0.005867584988238062,40.000000000000014,1.1501719770642624,1.1501719770642624
0.016499999999999997,7.438593271999832,0.007715406539761718,-0.005158518290344767,0.003723196338414159,0.00766044443118978,0.002593939164425996,0.005881247378567785,40.000000000000014,1.155407964820245,1.155407964820245
0.016527777777777777,7.443829259755814,0.007720072107820045,-0.005173072766383117,0.003693210636257329,0.007660444431189778,0.00256310960879193,0.005894748531529733,40.00000000000001,1.1606439525762275,1.1606439525762275
0.016555555555555556,7.449065247511799,0.007724733968136366,-0.005187468765491211,0.003663147953410192,0.007660444431189779,0.0025322097842131828,0.005908088076982985,40.000000000000014,1.165879940332212,1.165879940332212
0.016583333333333332,7.454301235267781,0.007729391992903419,-0.005201705892995452,0.0036330091140564036,0.007660444431189779,0.0025012405378240753,0.005921265649217152,40.00000000000002,1.1711159280881949,1.1711159280881949
0.01661111111111111,7.459537223023764,0.007734046054419105,-0.005215783758577801,0.0036027949444674603,0.007660444431189779,0.0024702027186621306,0.0059342808869624385,40.000000000000014,1.1763519158441773,1.1763519158441773
0.016638888888888887,7.464773210779747,0.007738696025089976,-0.005229701976286464,0.0035725062729800826,0.007660444431189778,0.0024390971776448384,0.005947133433399528,40.00000000000001,1.1815879036001602,1.1815879036001602
0.016666666666666666,7.470009198535729,0.007743341777434738,-0.0052434601645464695,0.0035421439299735016,0.007660444431189779,0.002407924767546322,0.005959822936169368,40.00000000000001,1.1868238913561426,1.1868238913561426
0.016694444444444442,7.475245186291712,0.007747983184087742,-0.0052570579461701395,0.003511708747846687,0.007660444431189778,0.0023766863429739477,0.005972349047382831,40.000000000000014,1.1920598791121255,1.1920598791121255
0.01672222222222222,7.480481174047696,0.007752620117802485,-0.0052704949483674225,0.0034812015609955206,0.007660444431189779,0.0023453827603448956,0.005984711423630253,40.00000000000001,1.19729586686811,1.19729586686811
0.016749999999999998,7.485717161803679,0.00775725245145508,-0.005283770802756109,0.0034506232057899613,0.007660444431189779,0.0023140148778627175,0.005996909725990835,40.00000000000001,1.2025318546240926,1.2025318546240926
0.016777777777777777,7.490953149559662,0.007761880058047763,-0.00529688514537195,0.0034199745205510533,0.007660444431189779,0.0022825835554937464,0.0060089436200419614,40.000000000000014,1.2077678423800753,1.2077678423800753
0.016805555555555553,7.496189137315644,0.0077665028107123625,-0.005309837616678617,0.0033892563455279858,0.007660444431189779,0.0022510896549435637,0.00602081277586835,40.000000000000014,1.2130038301360577,1.2130038301360577
0.016833333333333332,7.501425125071627,0.007771120582713777,-0.005322627861577564,0.003358469522875042,0.007660444431189778,0.00221953403963336,0.006032516868071096,40.00000000000003,1.2182398178920406,1.2182398178920406
0.01686111111111111,7.5066611128276115,0.007775733247453458,-0.005335255529417774,0.0033276148966285076,0.007660444431189779,0.002187917574676259,0.006044055575776602,40.000000000000014,1.223475805648025,1.223475805648025
0.016888888888888887,7.511897100583594,0.007780340678472867,-0.005347720274005345,0.0032966933126835673,0.007660444431189777,0.00215624112685364,0.006055428582645363,40.00000000000001,1.2287117934040077,1.2287117934040077
0.016916666666666667,7.517133088339577,0.007784942749456958,-0.005360021753613009,0.003265705618771056,0.007660444431189779,0.002124505564591312,0.006066635576880652,40.000000000000014,1.2339477811599904,1.2339477811599904
0.016944444444444443,7.5223690760955595,0.007789539334237629,-0.005372159630989491,0.0032346526644342543,0.007660444431189778,0.0020927117579357443,0.0060776762512370595,40.00000000000001,1.2391837689159728,1.2391837689159728
0.016972222222222222,7.527605063851542,0.007794130306797187,-0.005384133573368753,0.003203535301005592,0.007660444431189779,0.0020608605785302062,0.006088550303028926,40.00000000000001,1.2444197566719557,1.2444197566719557
0.016999999999999998,7.532841051607525,0.0077987155412718,-0.005395943252479113,0.0031723543815833054,0.007660444431189778,0.002028952899590871,0.006099257434138625,40.000000000000014,1.2496557444279384,1.2496557444279384
0.017027777777777777,7.538077039363509,0.007803294911954951,-0.005407588344552258,0.003141110761008043,0.007660444431189779,0.001996989595882865,0.006109797351024752,40.00000000000001,1.2548917321839228,1.2548917321839228
0.017055555555555553,7.543313027119492,0.007807868293300875,-0.005419068530332098,0.003109805295839465,0.007660444431189778,0.001964971543696327,0.006120169764730155,40.000000000000014,1.2601277199399055,1.2601277199399055
0.017083333333333332,7.548549014875475,0.007812435559928015,-0.005430383495083544,0.003078438844332703,0.007660444431189779,0.0019328996208223198,0.006130374390889876,40.000000000000014,1.2653637076958881,1.2653637076958881
0.017111111111111108,7.553785002631457,0.007816996586622448,-0.005441532928601122,0.0030470122664148693,0.007660444431189779,0.0019007747065288108,0.006140410949738934,40.00000000000001,1.2705996954518708,1.2705996954518708
0.017138888888888888,7.55902099038744,0.007821551248341324,-0.00545251652521748,0.003015526423661472,0.007660444431189779,0.001868597681536552,0.006150279166119998,40.000000000000014,1.2758356832078535,1.2758356832078535
0.017166666666666667,7.564256978143424,0.007826099420216292,-0.005463333983811775,0.002983982179272785,0.007660444431189778,0.0018363694279949281,0.006159978769490937,40.00000000000002,1.281071670963838,1.281071670963838
0.017194444444444443,7.569492965899407,0.00783064097755692,-0.005473985007817903,0.0029523803980502253,0.007660444431189778,0.0018040908294578116,0.006169509493932214,40.000000000000014,1.2863076587198206,1.2863076587198206
0.017222222222222222,7.57472895365539,0.007835175795854122,-0.005484469305232667,0.002920721946372575,0.007660444431189777,0.001771762770859275,0.006178871078154209,40.00000000000001,1.2915436464758032,1.2915436464758032
0.017249999999999998,7.579964941411372,0.007839703750783564,-0.005494786588623757,0.002889007692172282,0.007660444431189779,0.0017393861384893757,0.006188063265504362,40.00000000000002,1.2967796342317859,1.2967796342317859
0.017277777777777777,7.585200929167355,0.007844224718209069,-0.005504936575137636,0.002857238504911644,0.007660444431189777,0.0017069618199698452,0.006197085803974212,40.00000000000001,1.3020156219877683,1.3020156219877683
0.017305555555555553,7.590436916923338,0.007848738574186038,-0.005514918986507298,0.002825415255558978,0.007660444431189779,0.0016744907042297542,0.0062059384462063135,40.00000000000001,1.3072516097437512,1.3072516097437512
0.017333333333333333,7.595672904679322,0.007853245194964827,-0.005524733549059896,0.0027935388165647303,0.007660444431189778,0.0016419736814811338,0.006214620949501004,40.000000000000014,1.3124875974997354,1.3124875974997354
0.01736111111111111,7.600908892435305,0.00785774445699415,-0.005534379993724232,0.0027616100618375983,0.007660444431189779,0.0016094116431946079,0.0062231330758230705,40.00000000000002,1.3177235852557183,1.3177235852557183
0.017388888888888888,7.606144880191287,0.007862236236924464,-0.005543858056038157,0.0027296298667205117,0.007660444431189777,0.001576805482074896,0.00623147459180827,40.000000000000014,1.322959573011701,1.322959573011701
0.017416666666666667,7.61138086794727,0.007866720411611357,-0.0055531674761558035,0.0026975991079666744,0.007660444431189778,0.001544156092036375,0.006239645268769726,40.00000000000001,1.3281955607676836,1.3281955607676836
0.017444444444444443,7.616616855703253,0.007871196858118911,-0.005562307998854718,0.0026655186637155183,0.007660444431189778,0.001511464368178567,0.006247644882704206,40.000000000000014,1.3334315485236663,1.3334315485236663
0.017472222222222222,7.621852843459237,0.007875665453723089,-0.0055712793735428565,0.002633389413468616,0.007660444431189778,0.0014787312067615825,0.006255473214298253,40.00000000000002,1.3386675362796507,1.3386675362796507
0.017499999999999998,7.62708883121522,0.007880126075915081,-0.005580081354265443,0.0026012122380656157,0.007660444431189779,0.0014459575051816006,0.006263130048934197,40.000000000000014,1.3439035240356334,1.3439035240356334
0.017527777777777778,7.6323248189712025,0.007884578602404674,-0.0055887136997117325,0.0025689880196600235,0.007660444431189778,0.001413144161946194,0.006270615176696054,40.000000000000014,1.349139511791616,1.349139511791616
0.017555555555555553,7.637560806727185,0.007889022911123611,-0.005597176173221613,0.002536717641695065,0.007660444431189779,0.001380292076649742,0.006277928392375259,40.000000000000014,1.3543754995475987,1.3543754995475987
0.017583333333333333,7.642796794483168,0.00789345888022892,-0.005605468542792102,0.002504401988879454,0.007660444431189777,0.0013474021499487597,0.006285069495476318,40.00000000000002,1.3596114873035814,1.3596114873035814
0.01761111111111111,7.6480327822391505,0.00789788638810627,-0.005613590581083696,0.0024720419471631365,0.00766044443118978,0.0013144752835372016,0.006292038290222277,40.000000000000014,1.364847475059564,1.364847475059564
0.017638888888888888,7.653268769995135,0.007902305313373293,-0.005621542065426617,0.002439638403712991,0.00766044443118978,0.001281512380121731,0.006298834585560112,40.00000000000002,1.3700834628155485,1.3700834628155485
0.017666666666666664,7.658504757751118,0.00790671553488292,-0.0056293227778268975,0.002407192246888552,0.00766044443118978,0.0012485143433970186,0.006305458195165947,40.000000000000014,1.3753194505715312,1.3753194505715312
0.017694444444444443,7.6637407455071,0.007911116931726702,-0.00563693250497238,0.002374704366217589,0.007660444431189778,0.001215482078020901,0.006311908937450181,40.00000000000001,1.3805554383275138,1.3805554383275138
0.017722222222222223,7.668976733263083,0.007915509383238121,-0.005644371038238552,0.00234217565237176,0.007660444431189777,0.001182416489589617,0.006318186635562458,40.000000000000014,1.3857914260834965,1.3857914260834965
0.01775,7.674212721019066,0.007919892768995903,-0.005651638173694264,0.002309606997142188,0.007660444431189779,0.0011493184846129774,0.00632429111739651,39.99999999999999,1.3910274138394791,1.3910274138394791
0.017777777777777778,7.67944870877505,0.00792426696882731,-0.005658733712107332,0.0022769992934149968,0.007660444431189778,0.0011161889704894975,0.006330222215594889,40.00000000000001,1.3962634015954636,1.3962634015954636
0.017805555555555554,7.684684696531033,0.007928631862811442,-0.005665657458949981,0.0022443534351468774,0.007660444431189777,0.0010830288554815638,0.006335979767553537,40.00000000000002,1.401499389351446,1.401499389351446
0.017833333333333333,7.689920684287015,0.00793298733128253,-0.005672409224404192,0.0022116703173405143,0.007660444431189779,0.0010498390486904684,0.006341563615426259,39.99999999999999,1.406735377107429,1.406735377107429
0.01786111111111111,7.695156672042998,0.007937333254833203,-0.0056789888233669105,0.002178950836020092,0.00766044443118978,0.0010166204600315302,0.006346973606129047,40.000000000000014,1.4119713648634116,1.4119713648634116
0.017888888888888888,7.700392659798981,0.00794166951431777,-0.005685396075455104,0.0021461958882067196,0.007660444431189779,0.0009833740002091395,0.006352209591344272,40.00000000000002,1.4172073526193942,1.4172073526193942
0.017916666666666664,7.705628647554963,0.007945995990855492,-0.005691630805010719,0.002113406371893837,0.007660444431189778,0.0009501005806917848,0.006357271427524754,40.00000000000001,1.422443340375377,1.422443340375377
0.017944444444444443,7.710864635310948,0.007950312565833827,-0.0056976928411054985,0.002080583186022586,0.00766044443118978,0.000916801113687059,0.006362158975897699,40.000000000000014,1.4276793281313613,1.4276793281313613
0.01797222222222222,7.7161006230669305,0.007954619120911688,-0.005703582017545657,0.00204772723045721,0.007660444431189777,0.0008834765121166939,0.0063668721024684955,40.000000000000014,1.432915315887344,1.432915315887344
0.018,7.721336610822913,0.007958915538022695,-0.005709298172876449,0.002014839405960317,0.007660444431189778,0.0008501276895914647,0.006371410678024401,40.000000000000014,1.4381513036433267,1.4381513036433267
0.018027777777777778,7.726572598578896,0.007963201699378404,-0.0057148411503865895,0.0019819206141682287,0.007660444431189778,0.0008167555603861853,0.006375774578138074,40.00000000000001,1.4433872913993093,1.4433872913993093
0.018055555555555554,7.731808586334878,0.007967477487471532,-0.00572021079811255,0.0019489717575662513,0.007660444431189778,0.0007833610394146376,0.0063799636831709874,40.000000000000014,1.448623279155292,1.448623279155292
0.018083333333333333,7.737044574090863,0.007971742785079197,-0.0057254069688427245,0.001915993739463921,0.007660444431189779,0.000749945042204471,0.006383977878276711,40.000000000000014,1.4538592669112764,1.4538592669112764
0.01811111111111111,7.7422805618468455,0.0079759974752661,-0.005730429520121468,0.0018829874639702852,0.007660444431189779,0.0007165084848721514,0.006387817053404058,40.00000000000002,1.459095254667259,1.459095254667259
0.01813888888888889,7.747516549602828,0.007980241441387764,-0.005735278314253001,0.0018499538359690482,0.007660444431189779,0.0006830522840977776,0.006391481103300103,40.000000000000014,1.4643312424232418,1.4643312424232418
0.018166666666666664,7.752752537358811,0.007984474567093716,-0.00573995321830518,0.0018168937610938086,0.007660444431189778,0.0006495773570999936,0.006394969927513066,40.000000000000014,1.4695672301792244,1.4695672301792244
0.018194444444444444,7.7579885251147935,0.007988696736330675,-0.0057444541041131525,0.0017838081457032197,0.007660444431189779,0.0006160846216108332,0.006398283430395071,40.000000000000014,1.474803217935207,1.474803217935207
0.01822222222222222,7.763224512870776,0.00799290783334574,-0.00574878084828286,0.0017506978968561393,0.007660444431189779,0.0005825749958505578,0.006401421521104763,40.000000000000014,1.4800392056911897,1.4800392056911897
0.01825,7.768460500626761,0.007997107742689559,-0.005752933332194423,0.0017175639222867553,0.00766044443118978,0.0005490493985024747,0.006404384113609797,40.000000000000014,1.4852751934471742,1.4852751934471742
0.018277777777777775,7.773696488382743,0.008001296349219492,-0.005756911442005399,0.0016844071303797397,0.007660444431189779,0.000515508748687793,0.006407171126689205,40.000000000000014,1.4905111812031568,1.4905111812031568
0.018305555555555554,7.778932476138726,0.00800547353810278,-0.0057607150686539,0.0016512284301452807,0.007660444431189779,0.0004819539659403581,0.006409782483935617,40.000000000000014,1.4957471689591395,1.4957471689591395
0.018333333333333333,7.784168463894709,0.008009639194819675,-0.005764344107861576,0.001618028731194205,0.007660444431189777,0.00044838597018149,0.006412218113757351,40.000000000000014,1.5009831567151222,1.5009831567151222
0.01836111111111111,7.789404451650691,0.008013793205166599,-0.005767798460136486,0.0015848089437130303,0.007660444431189779,0.00041480568169474804,0.006414477949380389,40.00000000000002,1.5062191444711048,1.5062191444711048
0.01838888888888889,7.794640439406676,0.008017935455259258,-0.005771078030775819,0.0015515699784390002,0.007660444431189779,0.00038121402110069427,0.006416561928850194,40.000000000000014,1.5114551322270893,1.5114551322270893
0.018416666666666665,7.799876427162658,0.008022065831535771,-0.005774182729868487,0.0015183127466351603,0.007660444431189779,0.000347611909331694,0.006418469995033416,40.000000000000014,1.516691119983072,1.516691119983072
0.018444444444444444,7.805112414918641,0.008026184220759788,-0.005777112472297597,0.0014850381600653093,0.007660444431189779,0.00031400026760660467,0.0064202020956194575,40.00000000000001,1.5219271077390546,1.5219271077390546
0.01847222222222222,7.810348402674624,0.008030290510023585,-0.005779867177742778,0.0014517471309690463,0.007660444431189778,0.0002803800174055631,0.006421758183121904,40.000000000000014,1.5271630954950373,1.5271630954950373
0.0185,7.815584390430606,0.008034384586751172,-0.005782446770682392,0.0014184405720367513,0.007660444431189778,0.00024675208044471104,0.006423138214879833,40.000000000000014,1.53239908325102,1.53239908325102
0.018527777777777775,7.820820378186589,0.008038466338701367,-0.005784851180395594,0.0013851193963845614,0.00766044443118978,0.00021311737865092732,0.006424342153058976,40.00000000000001,1.5376350710070026,1.5376350710070026
0.018555555555555554,7.8260563659425735,0.008042535653970876,-0.005787080340964278,0.0013517845175293286,0.007660444431189778,0.00017947683413654155,0.006425369964652758,40.000000000000014,1.542871058762987,1.542871058762987
0.018583333333333334,7.831292353698556,0.008046592420997365,-0.005789134191274881,0.0013184368493636182,0.007660444431189778,0.00014583136917409745,0.00642622162148321,40.00000000000002,1.5481070465189697,1.5481070465189697
0.01861111111111111,7.836528341454539,0.00805063652856252,-0.005791012675020058,0.0012850773061305865,0.007660444431189779,0.00011218190617100069,0.0064268971002017245,40.000000000000014,1.5533430342749524,1.5533430342749524
0.01863888888888889,7.8417643292105215,0.008054667865795086,-0.005792715740700227,0.0012517068023989632,0.007660444431189781,7.852936764427823e-05,0.006427396382289712,40.00000000000001,1.558579022030935,1.558579022030935
0.018666666666666665,7.847000316966504,0.008058686322173917,-0.005794243341624985,0.0012183262530379652,0.007660444431189779,4.4874676195273255e-05,0.006427719454059103,40.000000000000014,1.5638150097869177,1.5638150097869177
0.018694444444444444,7.852236304722489,0.008062691787531004,-0.005795595435914382,0.0011849365731922035,0.00766044443118978,1.1218754484340144e-05,0.006427866306652722,40.000000000000014,1.5690509975429021,1.5690509975429021
0.01872222222222222,7.857472292478471,0.008066684152054488,-0.005796771986500065,0.0011515386782566409,0.007660444431189779,-2.2437474794402513e-05,0.00642783693604453,40.000000000000014,1.5742869852988848,1.5742869852988848
0.01875,7.862708280234454,0.008070663306291678,-0.005797772961126309,0.001118133483851426,0.007660444431189779,-5.6093088938439844e-05,0.006427631343039738,39.99999999999999,1.5795229730548674,1.5795229730548674
0.018777777777777775,7.867944267990437,0.008074629141152053,-0.005798598332350888,0.0010847219057968387,0.007660444431189778,-8.97471652621083e-05,0.0064272495332747814,40.00000000000002,1.58475896081085,1.58475896081085
0.018805555555555555,7.873180255746419,0.008078581547910248,-0.005799248077545834,0.0010513048600881683,0.007660444431189779,-0.0001233987811219059,0.006426691517217168,40.000000000000014,1.5899949485668328,1.5899949485668328
0.01883333333333333,7.878416243502402,0.008082520418209031,-0.005799722178898054,0.001017883262870604,0.007660444431189778,-0.00015704701394178414,0.006425957310165191,40.000000000000014,1.5952309363228154,1.5952309363228154
0.01886111111111111,7.883652231258386,0.008086445644062287,-0.005800020623409817,0.0009844580304141045,0.007660444431189779,-0.00019069094123845532,0.006425046932247504,40.000000000000014,1.6004669240787999,1.6004669240787999
0.01888888888888889,7.888888219014369,0.008090357117857964,-0.005800143402899121,0.0009510300790883253,0.007660444431189777,-0.00022432964064663416,0.0064239604084225825,40.000000000000014,1.6057029118347825,1.6057029118347825
0.018916666666666665,7.894124206770352,0.008094254732361035,-0.005800090513999899,0.0009176003253374266,0.007660444431189778,-0.0002579621899443952,0.0064226977684780215,40.000000000000014,1.6109388995907652,1.6109388995907652
0.018944444444444444,7.899360194526334,0.008098138380716425,-0.005799861958162133,0.0008841696856549942,0.007660444431189777,-0.00029158766707841025,0.006421259047029738,40.00000000000001,1.6161748873467479,1.6161748873467479
0.01897222222222222,7.904596182282317,0.008102007956451957,-0.00579945774165179,0.0008507390765589025,0.00766044443118978,-0.00032520515018923807,0.006419644283521002,40.000000000000014,1.6214108751027305,1.6214108751027305
0.019,7.909832170038301,0.008105863353481254,-0.005798877875550675,0.000817309414566176,0.007660444431189779,-0.0003588137176366084,0.006417853522221374,40.00000000000001,1.626646862858715,1.626646862858715
0.019027777777777775,7.915068157794284,0.00810970446610666,-0.005798122375756108,0.0007838816161679075,0.007660444431189777,-0.0003924124480246448,0.006415886812225478,40.000000000000014,1.6318828506146976,1.6318828506146976
0.019055555555555555,7.920304145550267,0.008113531189022135,-0.005797191262980496,0.000750456597804065,0.007660444431189778,-0.00042600042022719305,0.006413744207451661,40.00000000000001,1.6371188383706803,1.6371188383706803
0.01908333333333333,7.925540133306249,0.008117343417316132,-0.0057960845627507696,0.0007170352758384112,0.007660444431189779,-0.00045957671341302804,0.0064114257666405185,40.000000000000014,1.642354826126663,1.642354826126663
0.01911111111111111,7.930776121062232,0.008121141046474491,-0.005794802305407671,0.0006836185665333705,0.00766044443118978,-0.0004931404070711117,0.006408931553353274,40.00000000000001,1.6475908138826456,1.6475908138826456
0.019138888888888886,7.936012108818215,0.008124923972383288,-0.005793344526104936,0.000650207386024909,0.00766044443118978,-0.0005266905810358271,0.0064062616359700465,40.000000000000014,1.6528268016386283,1.6528268016386283
0.019166666666666665,7.941248096574199,0.008128692091331697,-0.005791711264808319,0.0006168026502974064,0.007660444431189777,-0.0005602263155122186,0.006403416087687968,40.00000000000001,1.6580627893946127,1.6580627893946127
0.019194444444444445,7.946484084330182,0.008132445300014838,-0.005789902566294505,0.0005834052751585895,0.007660444431189778,-0.0005937466911011632,0.006400394986519184,40.000000000000014,1.6632987771505954,1.6632987771505954
0.01922222222222222,7.9517200720861645,0.008136183495536596,-0.005787918480149875,0.0005500161762143574,0.00766044443118978,-0.000627250788824642,0.006397198415288708,40.00000000000001,1.668534764906578,1.668534764906578
0.01925,7.956956059842147,0.008139906575412451,-0.005785759060769154,0.0005166362688437233,0.007660444431189779,-0.0006607376901508916,0.0063938264616321535,40.00000000000001,1.6737707526625607,1.6737707526625607
0.019277777777777776,7.96219204759813,0.00814361443757229,-0.005783424367353917,0.0004832664681737104,0.00766044443118978,-0.0006942064770195967,0.0063902792179933365,40.00000000000001,1.6790067404185434,1.6790067404185434
0.019305555555555555,7.967428035354114,0.008147306980363199,-0.005780914463910959,0.0004499076890542488,0.007660444431189778,-0.0007276562318670691,0.006386556781621728,40.00000000000001,1.6842427281745278,1.6842427281745278
0.01933333333333333,7.972664023110097,0.008150984102552251,-0.0057782294192505555,0.00041656084603314183,0.007660444431189779,-0.0007610860376513616,0.006382659254569809,40.000000000000014,1.6894787159305105,1.6894787159305105
0.01936111111111111,7.97790001086608,0.008154645703329284,-0.005775369306984558,0.0003832268533309249,0.007660444431189779,-0.000794494977877471,0.006378586743690246,40.00000000000001,1.6947147036864931,1.6947147036864931
0.019388888888888886,7.983135998622062,0.008158291682309663,-0.005772334205524394,0.00034990662481584596,0.007660444431189779,-0.0008278821366224265,0.0063743393606329884,40.00000000000001,1.6999506914424758,1.6999506914424758
0.019416666666666665,7.988371986378045,0.008161921939537032,-0.005769124198078899,0.00031660107397880216,0.007660444431189779,-0.0008612465985604041,0.006369917221842182,40.000000000000014,1.7051866791984585,1.7051866791984585
0.01944444444444444,7.993607974134028,0.008165536375486056,-0.005765739372652051,0.0002833111139082929,0.00766044443118978,-0.000894587448987827,0.006365320448552998,40.00000000000002,1.7104226669544411,1.7104226669544411
0.01947222222222222,7.998843961890012,0.00816913489106515,-0.005762179822040545,0.00025003765726537927,0.007660444431189779,-0.0009279037738484494,0.006360549166788296,40.000000000000014,1.7156586547104256,1.7156586547104256
0.0195,8.004079949645995,0.008172717387619186,-0.0057584456438312635,0.00021678161625870537,0.007660444431189778,-0.0009611946597583729,0.00635560350735518,40.00000000000001,1.7208946424664082,1.7208946424664082
0.019527777777777776,8.009315937401977,0.008176283766932215,-0.005754536940398588,0.00018354390261942355,0.007660444431189778,-0.0009944591940311553,0.0063504836058414,40.000000000000014,1.7261306302223909,1.7261306302223909
0.019555555555555555,8.01455192515796,0.008179833931230148,-0.005750453818901597,0.00015032542757624279,0.007660444431189779,-0.001027696464702786,0.006345189602611641,40.000000000000014,1.7313666179783735,1.7313666179783735
0.01958333333333333,8.019787912913943,0.008183367783183433,-0.005746196391281127,0.00011712710183043652,0.007660444431189778,-0.0010609055605566998,0.006339721642803677,40.00000000000002,1.7366026057343562,1.7366026057343562
0.01961111111111111,8.025023900669927,0.008186885225909738,-0.005741764774256707,8.394983553086461e-05,0.007660444431189779,-0.0010940855711487688,0.006334079876324387,40.00000000000002,1.7418385934903406,1.7418385934903406
0.019638888888888886,8.03025988842591,0.008190386162976591,-0.005737159089323359,5.079453824906349e-05,0.007660444431189778,-0.001127235586832221,0.0063282644578456495,40.00000000000001,1.7470745812463233,1.7470745812463233
0.019666666666666666,8.035495876181892,0.008193870498404034,-0.005732379462748262,1.7662118954245855e-05,0.007660444431189777,-0.0011603546987826406,0.006322275546800102,40.00000000000001,1.752310569002306,1.752310569002306
0.01969444444444444,8.040731863937875,0.008197338136667252,-0.00572742602556729,-1.5446514011576986e-05,0.007660444431189779,-0.0011934419990228442,0.006316113307376764,40.00000000000001,1.7575465567582886,1.7575465567582886
0.01972222222222222,8.045967851693858,0.008200788982699192,-0.005722298913581428,-4.8530452958507194e-05,0.00766044443118978,-0.001226496580447782,0.006309777908516541,40.000000000000014,1.7627825445142713,1.7627825445142713
0.01975,8.051203839449842,0.008204222941893163,-0.005716998267353037,-8.158879087365775e-05,0.007660444431189777,-0.0012595175368494168,0.006303269523907593,40.00000000000001,1.7680185322702557,1.7680185322702557
0.019777777777777776,8.056439827205825,0.008207639920105442,-0.005711524232202018,-0.00011462062144597302,0.007660444431189779,-0.001292503962941528,0.0062965883319805755,40.000000000000014,1.7732545200262384,1.7732545200262384
0.019805555555555555,8.061675814961808,0.008211039823657845,-0.005705876958201805,-0.00014762503909114308,0.00766044443118978,-0.0013254549543845909,0.006289734515903738,40.00000000000001,1.778490507782221,1.778490507782221
0.01983333333333333,8.06691180271779,0.008214422559340295,-0.005700056600175268,-0.00018060113897638605,0.007660444431189779,-0.0013583696078105303,0.006282708263577909,40.000000000000014,1.7837264955382037,1.7837264955382037
0.01986111111111111,8.072147790473773,0.00821778803441339,-0.005694063317690463,-0.00021354801704526584,0.00766044443118978,-0.0013912470208474962,0.006275509767631348,39.99999999999999,1.7889624832941864,1.7889624832941864
0.019888888888888887,8.077383778229756,0.008221136156610928,-0.005687897275056256,-0.00024646477004247743,0.007660444431189778,-0.0014240862921446023,0.006268139225414453,40.00000000000001,1.794198471050169,1.794198471050169
0.019916666666666666,8.08261976598574,0.00822446683414245,-0.005681558641317821,-0.0002793504955386207,0.00766044443118978,-0.0014568865213966486,0.006260596838994366,40.000000000000014,1.7994344588061535,1.7994344588061535
0.01994444444444444,8.087855753741723,0.008227779975695742,-0.005675047590252005,-0.00031220429195489636,0.007660444431189779,-0.0014896468093687578,0.006252882815149422,40.00000000000001,1.8046704465621362,1.8046704465621362
0.01997222222222222,8.093091741497705,0.008231075490439364,-0.005668364300362561,-0.0003450252585878913,0.007660444431189779,-0.0015223662579210992,0.006244997365363479,40.00000000000002,1.8099064343181188,1.8099064343181188
0.019999999999999997,8.098327729253688,0.008234353288025107,-0.005661508954875257,-0.0003778124956342255,0.007660444431189778,-0.0015550439700334614,0.006236940705820126,40.00000000000001,1.8151424220741015,1.8151424220741015
0.020027777777777776,8.10356371700967,0.0082376132785905,-0.005654481741732853,-0.00041056510421523334,0.007660444431189778,-0.0015876790498298603,0.006228713057396755,40.000000000000014,1.8203784098300841,1.8203784098300841
0.020055555555555556,8.108799704765655,0.008240855372761252,-0.005647282853589945,-0.0004432821864016168,0.007660444431189778,-0.001620270602603109,0.006220314645658501,40.00000000000002,1.8256143975860686,1.8256143975860686
0.02008333333333333,8.114035692521638,0.008244079481653713,-0.005639912487807691,-0.00047596284523801854,0.007660444431189779,-0.0016528177348393023,0.0062117457008520685,40.000000000000014,1.8308503853420512,1.8308503853420512
0.02011111111111111,8.11927168027762,0.008247285516877312,-0.0056323708464483925,-0.000508606184767679,0.007660444431189778,-0.00168531955424238,0.006203006457899406,40.000000000000014,1.836086373098034,1.836086373098034
0.020138888888888887,8.124507668033603,0.00825047339053697,-0.005624658136269956,-0.0005412113100569549,0.007660444431189778,-0.0017177751697585448,0.006194097156391276,40.00000000000002,1.8413223608540166,1.8413223608540166
0.020166666666666666,8.129743655789586,0.008253643015235523,-0.005616774568720224,-0.0005737773272198673,0.007660444431189778,-0.0017501836916007031,0.006185018040580674,40.00000000000001,1.8465583486099992,1.8465583486099992
0.020194444444444442,8.134979643545568,0.008256794304076108,-0.0056087203599311875,-0.0006063033434426041,0.007660444431189778,-0.001782544231272857,0.006175769359376152,40.00000000000001,1.851794336365982,1.851794336365982
0.02022222222222222,8.140215631301553,0.00825992717066455,-0.005600495730713044,-0.000638788467008011,0.007660444431189777,-0.0018148559015944753,0.006166351366334972,40.00000000000001,1.8570303241219663,1.8570303241219663
0.020249999999999997,8.145451619057535,0.00826304152911173,-0.0055921009065481656,-0.0006712318073199947,0.007660444431189781,-0.0018471178167247734,0.006156764319656178,40.00000000000001,1.862266311877949,1.862266311877949
0.020277777777777777,8.150687606813518,0.008266137294035934,-0.005583536117584892,-0.0007036324749280021,0.007660444431189779,-0.0018793290921870604,0.006147008482173492,40.000000000000014,1.8675022996339317,1.8675022996339317
0.020305555555555552,8.1559235945695,0.008269214380565207,-0.005574801598631239,-0.0007359895815513634,0.007660444431189779,-0.0019114888448929484,0.006137084121348125,40.00000000000001,1.8727382873899143,1.8727382873899143
0.02033333333333333,8.161159582325483,0.008272272704339664,-0.005565897589148459,-0.0007683022401036566,0.007660444431189778,-0.0019435961931665725,0.006126991509261448,40.000000000000014,1.877974275145897,1.877974275145897
0.02036111111111111,8.166395570081468,0.008275312181513816,-0.005556824333244466,-0.000800569564717035,0.007660444431189779,-0.001975650256768771,0.006116730922607515,40.000000000000014,1.8832102629018814,1.8832102629018814
0.020388888888888887,8.17163155783745,0.008278332728758862,-0.005547582079667156,-0.0008327906707664729,0.007660444431189779,-0.002007650156921177,0.006106302642685494,40.00000000000001,1.888446250657864,1.888446250657864
0.020416666666666666,8.176867545593433,0.00828133426326497,-0.005538171081797583,-0.0008649646748940818,0.007660444431189779,-0.002039595016330373,0.006095706955391951,40.000000000000014,1.8936822384138468,1.8936822384138468
0.020444444444444442,8.182103533349416,0.008284316702743558,-0.005528591597643,-0.0008970906950332875,0.007660444431189778,-0.0020714839592119033,0.006084944151212997,39.99999999999999,1.8989182261698294,1.8989182261698294
0.02047222222222222,8.1873395211054,0.00828727996542954,-0.005518843889829808,-0.000929167850433029,0.007660444431189778,-0.002103316111314299,0.006074014525216349,40.00000000000001,1.9041542139258139,1.9041542139258139
0.020499999999999997,8.192575508861381,0.008290223970083572,-0.005508928225596346,-0.0009611952616818551,0.007660444431189777,-0.002135090599942999,0.0060629183770432304,40.00000000000001,1.9093902016817947,1.9093902016817947
0.020527777777777777,8.197811496617366,0.008293148635994282,-0.005498844876785547,-0.0009931720507321518,0.007660444431189777,-0.00216680655398439,0.006051656010900139,40.00000000000002,1.9146261894377792,1.9146261894377792
0.020555555555555553,8.203047484373348,0.008296053882980475,-0.00548859411983752,-0.0010250973409240613,0.007660444431189778,-0.0021984631039295376,0.006040227735550539,40.000000000000014,1.9198621771937618,1.9198621771937618
0.020583333333333332,8.208283472129331,0.008298939631393335,-0.005478176235781943,-0.0010569702570096373,0.00766044443118978,-0.002230059381898146,0.006028633864306369,40.000000000000014,1.9250981649497445,1.9250981649497445
0.02061111111111111,8.213519459885315,0.008301805802118615,-0.0054675915102303674,-0.0010887899251767958,0.007660444431189779,-0.002261594521662304,0.006016874715019462,40.00000000000003,1.9303341527057292,1.9303341527057292
0.020638888888888887,8.218755447641296,0.008304652316578795,-0.005456840233368399,-0.0011205554730732265,0.00766044443118978,-0.0022930676586701915,0.00600495061007285,40.000000000000014,1.9355701404617098,1.9355701404617098
0.020666666666666667,8.22399143539728,0.008307479096735244,-0.0054459226999477115,-0.001152266029830432,0.007660444431189779,-0.002324477930069904,0.005992861876371874,40.000000000000014,1.9408061282176943,1.9408061282176943
0.020694444444444442,8.229227423153263,0.008310286065090355,-0.005434839209278009,-0.0011839207260874488,0.007660444431189779,-0.0023558244747329516,0.005980608845335288,40.000000000000014,1.946042115973677,1.946042115973677
0.020722222222222222,8.234463410909246,0.008313073144689674,-0.005423590065218783,-0.001215518694014798,0.00766044443118978,-0.002387106433277988,0.005968191852886126,40.00000000000001,1.9512781037296596,1.9512781037296596
0.020749999999999998,8.239699398665229,0.008315840259124003,-0.005412175576171002,-0.0012470590673382277,0.007660444431189779,-0.002418322948094317,0.005955611239442505,40.000000000000014,1.9565140914856423,1.9565140914856423
0.020777777777777777,8.244935386421211,0.008318587332531506,-0.005400596055068647,-0.001278540981362471,0.007660444431189778,-0.002449473163365418,0.0059428673499082995,40.00000000000002,1.9617500792416251,1.9617500792416251
0.020805555555555553,8.250171374177194,0.008321314289599775,-0.0053888518193701395,-0.0013099635729949513,0.007660444431189778,-0.0024805562250924014,0.005929960533663678,40.000000000000014,1.9669860669976076,1.9669860669976076
0.020833333333333332,8.255407361933178,0.008324021055567907,-0.0053769431910496305,-0.0013413259807694576,0.007660444431189777,-0.0025115712811174416,0.005916891144555525,40.00000000000002,1.972222054753592,1.972222054753592
0.020861111111111108,8.260643349689161,0.008326707556228543,-0.005364870496588185,-0.001372627344869716,0.007660444431189779,-0.0025425174811470872,0.005903659540887748,40.000000000000014,1.9774580425095747,1.9774580425095747
0.020888888888888887,8.265879337445144,0.008329373717929913,-0.005352634066964824,-0.0014038668071530295,0.007660444431189779,-0.002573393976775644,0.0058902660854114495,40.000000000000014,1.9826940302655574,1.9826940302655574
0.020916666666666667,8.271115325201126,0.008332019467577842,-0.0053402342376474374,-0.0014350435111737583,0.007660444431189778,-0.0026041999215083867,0.00587671114531497,40.00000000000001,1.98793001802154,1.98793001802154
0.020944444444444443,8.27635131295711,0.008334644732637774,-0.005327671348583617,-0.001466156602206813,0.007660444431189778,-0.0026349344707847795,0.0058629950922138435,40.000000000000014,1.9931660057775227,1.9931660057775227
0.020972222222222222,8.281587300713094,0.008337249441136736,-0.0053149457441913055,-0.0014972052272710973,0.007660444431189777,-0.002665596782001638,0.005849118302140589,40.00000000000002,1.9984019935335071,1.9984019935335071
0.020999999999999998,8.286823288469076,0.008339833521665332,-0.005302057773349383,-0.0015281885351528489,0.007660444431189779,-0.0026961860145361905,0.005835081155534422,40.000000000000014,2.00363798128949,2.00363798128949
0.021027777777777777,8.292059276225059,0.008342396903379685,-0.0052890077893880776,-0.0015591056764290429,0.007660444431189779,-0.0027267013297691866,0.005820884037230809,40.00000000000001,2.008873969045472,2.008873969045472
0.021055555555555553,8.297295263981042,0.008344939516003395,-0.005275796150079292,-0.0015899558034906322,0.00766044443118978,-0.002757141891107843,0.005806527336450915,40.00000000000001,2.014109956801455,2.014109956801455
0.021083333333333332,8.302531251737026,0.00834746128982945,-0.005262423217626786,-0.0016207380705658117,0.007660444431189778,-0.002787506864008806,0.005792011446790941,40.00000000000001,2.0193459445574398,2.0193459445574398
0.02111111111111111,8.307767239493007,0.008349962155722144,-0.005248889358656273,-0.0016514516337431465,0.007660444431189776,-0.0028177954160009703,0.005777336766211348,40.00000000000001,2.0245819323134207,2.0245819323134207
0.021138888888888888,8.313003227248991,0.008352442045118983,-0.005235194944205315,-0.0016820956509948312,0.007660444431189779,-0.002848006716708428,0.005762503697025901,40.000000000000014,2.0298179200694046,2.0298179200694046
0.021166666666666663,8.318239215004974,0.00835490089003254,-0.005221340349713214,-0.00171266928219962,0.007660444431189778,-0.0028781399378730753,0.005747512645890694,40.00000000000002,2.0350539078253878,2.0350539078253878
0.021194444444444443,8.323475202760957,0.008357338623052341,-0.005207325955010673,-0.0017431716891659807,0.00766044443118978,-0.0029081942533774443,0.005732364023792966,40.000000000000014,2.0402898955813704,2.0402898955813704
0.021222222222222222,8.328711190516941,0.008359755177346703,-0.005193152144309397,-0.0017736020356550288,0.007660444431189776,-0.0029381688392673038,0.005717058246039838,40.000000000000014,2.045525883337355,2.045525883337355
0.021249999999999998,8.333947178272922,0.008362150486664572,-0.005178819306191582,-0.0018039594874034112,0.007660444431189779,-0.002968062873774208,0.0057015957322469535,40.000000000000014,2.0507618710933353,2.0507618710933353
0.021277777777777777,8.339183166028906,0.008364524485337333,-0.005164327833599204,-0.0018342432121462957,0.007660444431189778,-0.0029978755373381424,0.005685976906326918,40.000000000000014,2.05599785884932,2.05599785884932
0.021305555555555553,8.344419153784887,0.00836687710828061,-0.005149678123823324,-0.0018644523796400294,0.00766044443118978,-0.003027606012629834,0.005670202196477755,40.000000000000014,2.061233846605301,2.061233846605301
0.021333333333333333,8.349655141540872,0.008369208290996058,-0.0051348705784931194,-0.001894586161685066,0.007660444431189777,-0.0030572534845733253,0.005654272035171083,40.00000000000001,2.0664698343612855,2.0664698343612855
0.02136111111111111,8.354891129296854,0.008371517969573127,-0.005119905603564936,-0.0019246437321485186,0.007660444431189778,-0.0030868171403681663,0.005638186859140338,40.000000000000014,2.0717058221172677,2.0717058221172677
0.021388888888888888,8.360127117052837,0.008373806080690811,-0.005104783609311118,-0.001954624266986919,0.007660444431189779,-0.0031162961695118097,0.005621947109368738,40.000000000000014,2.0769418098732504,2.0769418098732504
0.021416666666666664,8.365363104808822,0.008376072561619386,-0.005089505010308771,-0.001984526944268771,0.007660444431189778,-0.00314568976382179,0.005605553231077223,40.000000000000014,2.082177797629235,2.082177797629235
0.021444444444444443,8.370599092564802,0.008378317350222136,-0.00507407022542842,-0.0020143509441970407,0.00766044443118978,-0.003174997117457841,0.005589005673712265,40.000000000000014,2.0874137853852157,2.0874137853852157
0.02147222222222222,8.375835080320787,0.008380540384957044,-0.005058479677822469,-0.002044095449131746,0.007660444431189779,-0.0032042174269440995,0.005572304890933484,40.00000000000002,2.0926497731412006,2.0926497731412006
0.0215,8.38107106807677,0.008382741604878492,-0.005042733794913672,-0.002073759643612226,0.007660444431189778,-0.003233349891190988,0.005555451340601294,40.00000000000001,2.0978857608971833,2.0978857608971833
0.021527777777777778,8.386307055832752,0.008384920949638924,-0.005026833008383357,-0.0021033427143796165,0.007660444431189779,-0.0032623937115172945,0.005538445484764285,40.000000000000014,2.103121748653166,2.103121748653166
0.021555555555555553,8.391543043588737,0.0083870783594905,-0.005010777754159613,-0.002132843850399099,0.007660444431189781,-0.003291348091672023,0.00552128778964658,40.000000000000014,2.10835773640915,2.10835773640915
0.021583333333333333,8.396779031344717,0.008389213775286742,-0.0049945684724053635,-0.0021622622428820962,0.00766044443118978,-0.0033202122378561873,0.005503978725635074,40.000000000000014,2.1135937241651312,2.1135937241651312
0.02161111111111111,8.402015019100702,0.008391327138484147,-0.004978205607506231,-0.002191597085308558,0.007660444431189778,-0.003348985358744677,0.005486518767266478,40.00000000000002,2.1188297119211157,2.1188297119211157
0.021638888888888888,8.407251006856685,0.008393418391143792,-0.0049616896080584404,-0.0022208475734489296,0.007660444431189778,-0.0033776666655078173,0.005468908393214388,40.000000000000014,2.1240656996770984,2.1240656996770984
0.021666666666666664,8.412486994612667,0.008395487475932934,-0.004945020926856454,-0.002250012905386314,0.00766044443118978,-0.0034062553718331072,0.005451148086276098,40.000000000000014,2.129301687433081,2.129301687433081
0.021694444444444443,8.417722982368652,0.008397534336126564,-0.0049282000208805835,-0.0022790922815384145,0.007660444431189777,-0.003434750693946732,0.005433238333359391,40.000000000000014,2.1345376751890655,2.1345376751890655
0.02172222222222222,8.422958970124633,0.008399558915608979,-0.004911227351284476,-0.0023080849046794114,0.007660444431189779,-0.003463151850635008,0.005415179625469205,40.00000000000001,2.139773662945046,2.139773662945046
0.02175,8.428194957880617,0.008401561158875309,-0.004894103383382422,-0.0023369899799619387,0.00766044443118978,-0.0034914580632659214,0.005396972457694115,40.000000000000014,2.145009650701031,2.145009650701031
0.021777777777777778,8.4334309456366,0.00840354101103304,-0.004876828586636669,-0.002365806714938725,0.007660444431189778,-0.0035196685558103223,0.005378617329192844,40.000000000000014,2.1502456384570134,2.1502456384570134
0.021805555555555554,8.438666933392582,0.00840549841780353,-0.004859403434644486,-0.0023945343195844342,0.007660444431189781,-0.0035477825548633182,0.005360114743180501,39.99999999999999,2.155481626212996,2.155481626212996
0.021833333333333333,8.443902921148567,0.008407433325523482,-0.004841828405125218,-0.0024231720063172834,0.007660444431189778,-0.0035757992896654324,0.005341465206914827,39.99999999999999,2.1607176139689805,2.1607176139689805
0.02186111111111111,8.449138908904548,0.008409345681146421,-0.0048241039799071924,-0.0024517189900205958,0.007660444431189779,-0.0036037179921236994,0.005322669231682296,40.000000000000014,2.1659536017249614,2.1659536017249614
0.02188888888888889,8.454374896660532,0.008411235432244155,-0.004806230644914456,-0.0024801744880644304,0.00766044443118978,-0.0036315378968328257,0.00530372733278404,40.000000000000014,2.1711895894809454,2.1711895894809454
0.021916666666666664,8.459610884416513,0.008413102527008198,-0.004788208890153539,-0.0025085377203268966,0.007660444431189777,-0.003659258241096033,0.005284640029521808,40.00000000000002,2.1764255772369263,2.1764255772369263
0.021944444444444444,8.464846872172497,0.00841494691425121,-0.004770039209699926,-0.0025368079092156913,0.007660444431189778,-0.003686878264946118,0.0052654078451836355,39.99999999999999,2.1816615649929108,2.1816615649929108
0.02197222222222222,8.47008285992848,0.008416768543408382,-0.0047517221016846085,-0.0025649842796892797,0.007660444431189779,-0.003714397211166149,0.005246031307029593,40.00000000000002,2.186897552748894,2.186897552748894
0.022,8.475318847684463,0.008418567364538828,-0.004733258068280346,-0.0025930660592782383,0.00766044443118978,-0.003741814325310319,0.0052265109462772555,40.000000000000014,2.1921335405048765,2.1921335405048765
0.022027777777777775,8.480554835440447,0.008420343328326958,-0.004714647615687935,-0.0026210524781064047,0.007660444431189778,-0.003769128855724606,0.005206847298087164,40.000000000000014,2.1973695282608605,2.1973695282608605
0.022055555555555554,8.485790823196428,0.008422096386083829,-0.004695891254122355,-0.002648942768911943,0.007660444431189778,-0.003796340053567334,0.005187040901548189,40.00000000000001,2.202605516016842,2.202605516016842
0.022083333333333333,8.491026810952413,0.008423826489748477,-0.004676989497798706,-0.0026767361670684774,0.007660444431189778,-0.003823447172829803,0.00516709229966267,40.00000000000001,2.207841503772826,2.207841503772826
0.02211111111111111,8.496262798708395,0.008425533591889234,-0.004657942864918206,-0.002704431910605931,0.007660444431189779,-0.0038504494703566206,0.005147002039331623,39.99999999999999,2.213077491528809,2.213077491528809
0.02213888888888889,8.501498786464378,0.008427217645705035,-0.0046387518776539105,-0.002732029240231514,0.007660444431189779,-0.0038773462058661673,0.00512677067133968,40.000000000000014,2.2183134792847916,2.2183134792847916
0.022166666666666664,8.506734774220362,0.008428878605026694,-0.00461941706213642,-0.002759527399350501,0.007660444431189778,-0.003904136641970861,0.0051063987503400035,40.00000000000001,2.223549467040776,2.223549467040776
0.022194444444444444,8.511970761976343,0.008430516424318172,-0.004599938948439494,-0.002786925634086943,0.00766044443118978,-0.0039308200441973366,0.005085886834839126,40.000000000000014,2.2287854547967565,2.2287854547967565
0.02222222222222222,8.517206749732328,0.008432131058677824,-0.0045803180705654275,-0.0028142231933044317,0.00766044443118978,-0.003957395681006678,0.005065235487181535,40.00000000000002,2.2340214425527414,2.2340214425527414
0.02225,8.52244273748831,0.008433722463839633,-0.00456055496643052,-0.0028414193286265643,0.007660444431189779,-0.003983862823814353,0.005044445273534385,40.000000000000014,2.239257430308724,2.239257430308724
0.022277777777777775,8.527678725244293,0.008435290596174426,-0.00454065017785025,-0.002868513294457561,0.007660444431189779,-0.0040102207470102775,0.005023516763871879,40.000000000000014,2.2444934180647067,2.2444934180647067
0.022305555555555554,8.532914713000277,0.00843683541269106,-0.004520604250524443,-0.0028955043480026733,0.00766044443118978,-0.004036468727978685,0.005002450531959673,40.000000000000014,2.249729405820691,2.249729405820691
0.02233333333333333,8.538150700756258,0.00843835687103761,-0.004500417734022343,-0.0029223917492885044,0.007660444431189778,-0.0040626060471178884,0.004981247155339177,40.00000000000001,2.254965393576672,2.254965393576672
0.02236111111111111,8.543386688512243,0.008439854929502529,-0.00448009118176747,-0.002949174761183403,0.007660444431189777,-0.004088631987860116,0.004959907215311645,40.00000000000001,2.2602013813326565,2.2602013813326565
0.02238888888888889,8.548622676268225,0.008441329547015788,-0.004459625151022543,-0.002975852649417542,0.007660444431189781,-0.004114545836691031,0.004938431296922332,40.00000000000001,2.265437369088639,2.265437369088639
0.022416666666666665,8.553858664024208,0.008442780683149997,-0.004439020202874125,-0.0030024246826031464,0.007660444431189777,-0.0041403468831693845,0.004916819988944383,40.00000000000001,2.2706733568446213,2.2706733568446213
0.022444444444444444,8.559094651780192,0.008444208298121533,-0.004418276902217271,-0.003028890132254517,0.007660444431189779,-0.0041660344199464655,0.0048950738838627154,40.00000000000001,2.2759093446006062,2.2759093446006062
0.02247222222222222,8.564330639536173,0.008445612352791605,-0.00439739581774007,-0.00305524827280795,0.007660444431189778,-0.004191607742785445,0.004873193577857808,40.00000000000001,2.281145332356587,2.281145332356587
0.0225,8.569566627292158,0.00844699280866735,-0.004376377521907972,-0.0030814983816417475,0.007660444431189779,-0.0042170661505808,0.004851179670789272,40.00000000000001,2.2863813201125716,2.2863813201125716
0.022527777777777775,8.574802615048139,0.008448349627902868,-0.004355222590948201,-0.0031076397390958775,0.007660444431189779,-0.004242408945377383,0.004829032766179521,40.000000000000014,2.291617307868552,2.291617307868552
0.022555555555555554,8.580038602804123,0.008449682773300278,-0.00433393160483385,-0.0031336716284918577,0.007660444431189779,-0.004267635432389709,0.004806753471197103,40.000000000000014,2.2968532956245364,2.2968532956245364
0.02258333333333333,8.585274590560106,0.008450992208310722,-0.0043125051472680765,-0.003159593336152263,0.007660444431189779,-0.004292744920020866,0.004784342396640161,40.00000000000001,2.3020892833805195,2.3020892833805195
0.02261111111111111,8.590510578316088,0.008452277897035381,-0.004290943805668034,-0.0031854041514203933,0.007660444431189779,-0.004317736719881577,0.004761800156919626,40.000000000000014,2.307325271136502,2.307325271136502
0.022638888888888885,8.595746566072073,0.008453539804226447,-0.004269248171148786,-0.003211103366679715,0.007660444431189777,-0.0043426101468090296,0.004739127370042373,40.000000000000014,2.3125612588924866,2.3125612588924866
0.022666666666666665,8.600982553828054,0.008454777895288099,-0.004247418838507134,-0.0032366902773732376,0.007660444431189779,-0.004367364518885638,0.004716324657594334,40.00000000000001,2.317797246648467,2.317797246648467
0.022694444444444444,8.606218541584038,0.008455992136277443,-0.004225456406205229,-0.0032621641820229142,0.007660444431189781,-0.00439199915745782,0.004693392644723356,40.000000000000014,2.323033234404452,2.323033234404452
0.02272222222222222,8.61145452934002,0.00845718249390545,-0.00420336147635427,-0.003287524382248752,0.007660444431189779,-0.0044165133871544885,0.0046703319601221795,40.000000000000014,2.3282692221604346,2.3282692221604346
0.02275,8.616690517096004,0.008458348935537863,-0.004181134654697913,-0.003312770182788062,0.007660444431189778,-0.004440906535905663,0.004647143236011115,40.00000000000002,2.3335052099164173,2.3335052099164173
0.022777777777777775,8.621926504851988,0.008459491429196098,-0.0041587765505956935,-0.003337900891514476,0.007660444431189779,-0.004465177934960854,0.00462382710812074,40.00000000000002,2.3387411976724017,2.3387411976724017
0.022805555555555555,8.627162492607969,0.008460609943558111,-0.004136287777006351,-0.0033629158194568966,0.007660444431189778,-0.004489326918907374,0.004600384215674502,39.99999999999999,2.3439771854283826,2.3439771854283826
0.02283333333333333,8.632398480363953,0.008461704447959269,-0.004113668950470946,-0.00338781428081847,0.007660444431189779,-0.0045133528256886615,0.004576815201371107,40.00000000000001,2.349213173184367,2.349213173184367
0.02286111111111111,8.637634468119936,0.00846277491239318,-0.004090920691096056,-0.0034125955929952758,0.00766044443118978,-0.00453725499662232,0.0045531207113670156,40.000000000000014,2.3544491609403497,2.3544491609403497
0.022888888888888886,8.642870455875919,0.008463821307512519,-0.004068043622536693,-0.0034372590765951315,0.00766044443118978,-0.004561032776418268,0.004529301395258627,40.00000000000001,2.359685148696332,2.359685148696332
0.022916666666666665,8.648106443631903,0.008464843604629835,-0.004045038371979241,-0.0034618040554561837,0.007660444431189778,-0.004584685513196669,0.004505357906064519,40.000000000000014,2.364921136452317,2.364921136452317
0.022944444444444444,8.653342431387884,0.008465841775718339,-0.004021905570124289,-0.0034862298566654126,0.007660444431189777,-0.004608212558505772,0.004481290900207567,39.99999999999999,2.3701571242082977,2.3701571242082977
0.02297222222222222,8.658578419143868,0.008466815793412666,-0.003998645851169254,-0.0035105358105771743,0.007660444431189779,-0.00463161326733978,0.004457101037496862,40.00000000000001,2.375393111964282,2.375393111964282
0.023,8.663814406899851,0.008467765631009627,-0.003975259852791105,-0.0035347212508314374,0.00766044443118978,-0.004654886998156411,0.004432788981109734,40.00000000000001,2.380629099720265,2.380629099720265
0.023027777777777775,8.669050394655834,0.008468691262468945,-0.0039517482161287925,-0.0035587855143721482,0.007660444431189779,-0.004678033112894588,0.004408355397573481,40.000000000000014,2.3858650874762475,2.3858650874762475
0.023055555555555555,8.674286382411818,0.008469592662413967,-0.003928111585765703,-0.0035827279414653757,0.007660444431189779,-0.004701050976991892,0.00438380095674713,40.000000000000014,2.391101075232232,2.391101075232232
0.02308333333333333,8.679522370167799,0.008470469806132357,-0.003904350609712025,-0.003606547875717362,0.007660444431189779,-0.004723939959401928,0.004359126331803107,40.000000000000014,2.396337062988213,2.396337062988213
0.02311111111111111,8.684758357923783,0.008471322669576776,-0.003880465939386883,-0.003630244664092608,0.007660444431189779,-0.004746699432611709,0.0043343321992086814,40.00000000000001,2.4015730507441972,2.4015730507441972
0.023138888888888886,8.689994345679764,0.008472151229365545,-0.0038564582296006164,-0.0036538176569316586,0.007660444431189777,-0.004769328772658751,0.004309419238707561,40.00000000000002,2.4068090385001777,2.4068090385001777
0.023166666666666665,8.695230333435749,0.008472955462783276,-0.0038323281385366794,-0.0036772662079690398,0.007660444431189777,-0.004791827359148298,0.004284388133301105,40.000000000000014,2.412045026256162,2.412045026256162
0.02319444444444444,8.700466321191731,0.008473735347781505,-0.0038080763277337365,-0.003700589674350857,0.007660444431189778,-0.004814194575270213,0.00425923956922974,40.000000000000014,2.4172810140121452,2.4172810140121452
0.02322222222222222,8.705702308947714,0.008474490862979292,-0.0037837034620674215,-0.003723787416652502,0.00766044443118978,-0.004836429807815973,0.004233974235954047,40.000000000000014,2.4225170017681275,2.4225170017681275
0.02325,8.710938296703699,0.008475221987663803,-0.0037592102097321486,-0.0037468587988961624,0.007660444431189779,-0.004858532447195453,0.004208592826135887,40.000000000000014,2.4277529895241123,2.4277529895241123
0.023277777777777776,8.71617428445968,0.008475928701790886,-0.003734597242222831,-0.003769803188568215,0.00766044443118978,-0.004880501887453609,0.004183096035619461,40.000000000000014,2.4329889772800932,2.4329889772800932
0.023305555555555555,8.721410272215664,0.008476610985985619,-0.0037098652343163707,-0.003792619956636657,0.00766044443118978,-0.004902337526287166,0.004157484563412126,40.00000000000002,2.438224965036077,2.438224965036077
0.02333333333333333,8.726646259971647,0.008477268821542833,-0.0036850148640532833,-0.0038153084775682457,0.007660444431189778,-0.004924038765061036,0.0041317591116653545,40.000000000000014,2.4434609527920603,2.4434609527920603
0.02336111111111111,8.73188224772763,0.008477902190427636,-0.003660046812719015,-0.003837868129345722,0.007660444431189778,-0.004945605008824799,0.004105920385655394,40.00000000000001,2.4486969405480425,2.4486969405480425
0.023388888888888886,8.737118235483614,0.008478511075275901,-0.0036349617648252976,-0.0038602982934848487,0.007660444431189778,-0.0049670356663290005,0.004079969093763961,40.000000000000014,2.4539329283040274,2.4539329283040274
0.023416666666666665,8.742354223239595,0.008479095459394738,-0.0036097604080914144,-0.0038825983550513188,0.007660444431189777,-0.004988330150041313,0.004053905947458858,40.000000000000014,2.4591689160600083,2.4591689160600083
0.02344444444444444,8.747590210995579,0.008479655326762967,-0.003584443433425258,-0.0039047677026777116,0.007660444431189778,-0.005009487876162739,0.004027731661274372,40.00000000000002,2.4644049038159923,2.4644049038159923
0.02347222222222222,8.752826198751562,0.008480190662031536,-0.0035590115349045026,-0.003926805728580142,0.007660444431189779,-0.00503050826464351,0.004001446952791807,40.000000000000014,2.469640891571975,2.469640891571975
0.023499999999999997,8.758062186507544,0.00848070145052396,-0.003533465409757485,-0.0039487118285750035,0.007660444431189778,-0.005051390739199062,0.003975052542619714,40.00000000000001,2.474876879327958,2.474876879327958
0.023527777777777776,8.763298174263529,0.008481187678236716,-0.0035078057583441207,-0.003970485402095504,0.007660444431189778,-0.005072134727325812,0.003948549154374172,40.000000000000014,2.4801128670839425,2.4801128670839425
0.023555555555555555,8.76853416201951,0.008481649331839624,-0.003482033284136743,-0.003992125852208108,0.007660444431189777,-0.005092739660316829,0.003921937514658987,40.000000000000014,2.485348854839923,2.485348854839923
0.02358333333333333,8.773770149775494,0.00848208639867622,-0.0034561486937007137,-0.004013632585628972,0.007660444431189779,-0.005113204973277494,0.003895218353045665,40.00000000000001,2.490584842595908,2.490584842595908
0.02361111111111111,8.779006137531477,0.00848249886676409,-0.0034301526966751847,-0.004035005012740115,0.007660444431189778,-0.0051335301051408915,0.003868392402053549,40.000000000000014,2.4958208303518905,2.4958208303518905
0.023638888888888886,8.78424212528746,0.008482886724795219,-0.0034040460057535357,-0.004056242547605656,0.007660444431189779,-0.005153714498683273,0.0038414603971296266,40.00000000000001,2.501056818107873,2.501056818107873
0.023666666666666666,8.789478113043444,0.00848324996213628,-0.003377829336663876,-0.004077344607987857,0.007660444431189779,-0.005173757600539299,0.0038144230766284063,40.000000000000014,2.5062928058638576,2.5062928058638576
0.02369444444444444,8.794714100799425,0.008483588568828939,-0.0033515034081494604,-0.004098310615363053,0.007660444431189778,-0.005193658861217188,0.0037872811817917175,40.000000000000014,2.5115287936198385,2.5115287936198385
0.02372222222222222,8.79995008855541,0.008483902535590122,-0.003325068941948882,-0.004119139994937586,0.00766044443118978,-0.0052134177351138514,0.0037600354567282803,40.000000000000014,2.516764781375823,2.516764781375823
0.023749999999999997,8.80518607631139,0.008484191853812271,-0.0032985266627764192,-0.0041398321756634686,0.00766044443118978,-0.005233033680529754,0.0037326866483934455,40.00000000000001,2.522000769131804,2.522000769131804
0.023777777777777776,8.810422064067374,0.008484456515563583,-0.0032718772983020296,-0.004160386590254139,0.007660444431189777,-0.005252506159683871,0.0037052355065685756,40.00000000000001,2.5272367568877883,2.5272367568877883
0.023805555555555555,8.815658051823359,0.00848469651358822,-0.003245121579131517,-0.0041808026751999254,0.007660444431189778,-0.005271834638728334,0.0036776827838406042,40.00000000000002,2.5324727446437727,2.5324727446437727
0.02383333333333333,8.82089403957934,0.008484911841306517,-0.0032182602387864586,-0.004201079870783532,0.00766044443118978,-0.005291018587763116,0.0036500292355813656,40.00000000000001,2.5377087323997536,2.5377087323997536
0.02386111111111111,8.826130027335324,0.008485102492815153,-0.0031912940136840312,-0.004221217621095425,0.00766044443118978,-0.005310057480850587,0.003622275619926814,39.99999999999999,2.542944720155738,2.542944720155738
0.023888888888888887,8.831366015091305,0.008485268462887323,-0.0031642236431169567,-0.004241215374048983,0.007660444431189779,-0.005328950796029853,0.0035944226977563843,40.00000000000001,2.5481807079117185,2.5481807079117185
0.023916666666666666,8.83660200284729,0.008485409746972872,-0.0031370498692330777,-0.0042610725813957305,0.007660444431189779,-0.005347698015331156,0.003566471232671964,40.000000000000014,2.5534166956677034,2.5534166956677034
0.023944444444444442,8.841837990603272,0.008485526341198427,-0.0031097734370151646,-0.004280788698740281,0.007660444431189778,-0.005366298624789994,0.0035384219909771215,40.00000000000001,2.558652683423686,2.558652683423686
0.02397222222222222,8.847073978359255,0.008485618242367498,-0.0030823950942603724,-0.004300363185555321,0.00766044443118978,-0.005384752114461267,0.003510275741655974,40.000000000000014,2.5638886711796687,2.5638886711796687
0.023999999999999997,8.85230996611524,0.008485685447960568,-0.003054915591559789,-0.004319795505196415,0.007660444431189779,-0.005403057978433239,0.003482033256352156,40.00000000000002,2.569124658935653,2.569124658935653
0.024027777777777776,8.85754595387122,0.00848572795613516,-0.0030273356822778925,-0.0043390851249166815,0.00766044443118978,-0.005421215714841384,0.003453695309347699,40.00000000000001,2.5743606466916336,2.5743606466916336
0.024055555555555552,8.862781941627205,0.008485745765725894,-0.0029996561225317875,-0.004358231515881483,0.007660444431189778,-0.005439224825882213,0.0034252626775416943,40.00000000000001,2.5795966344476184,2.5795966344476184
0.02408333333333333,8.868017929383187,0.008485738876244509,-0.0029718776711706164,-0.004377234153182816,0.007660444431189779,-0.005457084817826828,0.0033967361404291362,40.00000000000002,2.5848326222036007,2.5848326222036007
0.02411111111111111,8.87325391713917,0.008485707287879883,-0.0029440010897546437,-0.004396092515853787,0.007660444431189779,-0.005474795201034536,0.0033681164800794363,40.000000000000014,2.5900686099595838,2.5900686099595838
0.024138888888888887,8.878489904895154,0.00848565100149803,-0.0029160271425344255,-0.004414806086882863,0.007660444431189779,-0.00549235548996624,0.0033394044811150365,40.000000000000014,2.595304597715568,2.595304597715568
0.024166666666666666,8.883725892651137,0.008485570018642067,-0.002887956596429872,-0.0044333743532280305,0.00766044443118978,-0.005509765203197738,0.0033106009306899083,40.000000000000014,2.6005405854715504,2.6005405854715504
0.024194444444444442,8.88896188040712,0.008485464341532179,-0.0028597902210091746,-0.0044517968058308925,0.007660444431189778,-0.005527023863432951,0.003281706618467926,40.00000000000001,2.605776573227533,2.605776573227533
0.02422222222222222,8.894197868163102,0.008485333973065562,-0.002831528788467743,-0.004470072939630605,0.00766044443118978,-0.005544130997516992,0.0032527223366012555,40.00000000000001,2.611012560983516,2.611012560983516
0.024249999999999997,8.899433855919085,0.008485178916816327,-0.002803173073607029,-0.004488202253577729,0.007660444431189779,-0.005561086136449138,0.0032236488797086262,40.000000000000014,2.616248548739499,2.616248548739499
0.024277777777777777,8.90466984367507,0.008484999177035425,-0.002774723853813268,-0.004506184250647969,0.007660444431189779,-0.005577888815395696,0.0031944870448535356,40.000000000000014,2.6214845364954833,2.6214845364954833
0.024305555555555552,8.90990583143105,0.008484794758650509,-0.0027461819090362216,-0.004524018437855776,0.00766044443118978,-0.0055945385737027195,0.003165237631522447,40.000000000000014,2.626720524251464,2.626720524251464
0.024333333333333332,8.915141819187035,0.008484565667265815,-0.002717548021767683,-0.00454170432626792,0.007660444431189779,-0.005611034954908695,0.003135901441602761,40.000000000000014,2.6319565120074486,2.6319565120074486
0.024361111111111108,8.920377806943016,0.008484311909161997,-0.002688822977020178,-0.0045592414310168155,0.00766044443118978,-0.005627377506756975,0.003106479279360985,40.000000000000014,2.6371924997634295,2.6371924997634295
0.024388888888888887,8.925613794699,0.008484033491295962,-0.002660007562305277,-0.004576629271313897,0.007660444431189779,-0.00564356578120827,0.0030769719514205174,40.000000000000014,2.642428487519414,2.642428487519414
0.024416666666666666,8.930849782454985,0.008483730421300677,-0.002631102567612151,-0.00459386737046273,0.007660444431189778,-0.005659599334452843,0.0030473802667396813,40.00000000000001,2.647664475275398,2.647664475275398
0.024444444444444442,8.936085770210966,0.00848340270748496,-0.00260210878538585,-0.0046109552558721055,0.007660444431189777,-0.005675477726922727,0.0030177050365894787,40.00000000000001,2.652900463031379,2.652900463031379
0.02447222222222222,8.94132175796695,0.00848305035883325,-0.002573027010505521,-0.004627892459069039,0.00766044443118978,-0.005691200523303791,0.0029879470745312955,40.00000000000001,2.6581364507873633,2.6581364507873633
0.024499999999999997,8.94655774572293,0.008482673385005362,-0.0025438580402627514,-0.004644678515711525,0.007660444431189778,-0.005706767292547611,0.0029581071963947327,40.00000000000001,2.6633724385433446,2.6633724385433446
0.024527777777777777,8.951793733478915,0.008482271796336226,-0.002514602674339557,-0.004661312965601361,0.007660444431189779,-0.00572217760788336,0.0029281862202550834,40.00000000000001,2.668608426299329,2.668608426299329
0.024555555555555553,8.957029721234898,0.008481845603835596,-0.0024852617147866018,-0.004677795352696686,0.007660444431189781,-0.005737431046829447,0.002898184966411054,40.000000000000014,2.6738444140553117,2.6738444140553117
0.024583333333333332,8.96226570899088,0.008481394819187756,-0.002455835966001103,-0.004694125225124539,0.007660444431189779,-0.005752527191205142,0.0028681042573621618,40.000000000000014,2.6790804018112944,2.6790804018112944
0.024611111111111108,8.967501696746865,0.008480919454751195,-0.0024263262347048184,-0.004710302135193222,0.007660444431189779,-0.005767465627142029,0.0028379449177862314,40.000000000000014,2.684316389567279,2.684316389567279
0.024638888888888887,8.972737684502846,0.008480419523558269,-0.002396733329921969,-0.004726325639404556,0.007660444431189779,-0.00578224594509532,0.0028077077745168235,40.000000000000014,2.6895523773232592,2.6895523773232592
0.024666666666666663,8.97797367225883,0.008479895039314842,-0.0023670580629569457,-0.004742195298466102,0.007660444431189779,-0.005796867739855157,0.002777393656520452,40.000000000000014,2.694788365079244,2.694788365079244
0.024694444444444442,8.983209660014813,0.00847934601639992,-0.002337301247372215,-0.004757910677303126,0.007660444431189779,-0.005811330610557634,0.0027470033948740077,40.000000000000014,2.700024352835227,2.700024352835227
0.024722222222222222,8.988445647770796,0.008478772469865238,-0.0023074636989658974,-0.00477347134507058,0.007660444431189779,-0.0058256341606958495,0.0027165378227418536,40.000000000000014,2.7052603405912095,2.7052603405912095
0.024749999999999998,8.99368163552678,0.008478174415434867,-0.0022775462357494435,-0.004788876875164906,0.007660444431189779,-0.005839777998130757,0.0026859977753530295,40.000000000000014,2.710496328347194,2.710496328347194
0.024777777777777777,8.998917623282763,0.00847755186950477,-0.0022475496779252417,-0.0048041268452357015,0.00766044443118978,-0.005853761735101898,0.0026553840899783826,39.99999999999999,2.7157323161031766,2.7157323161031766
0.024805555555555553,9.004153611038745,0.008476904849142358,-0.002217474847864066,-0.004819220837197339,0.007660444431189781,-0.005867584988238063,0.0026246976059075503,40.00000000000001,2.720968303859159,2.720968303859159
0.024833333333333332,9.009389598794728,0.008476233372086021,-0.0021873225700825764,-0.0048341584372404035,0.007660444431189779,-0.005881247378567785,0.0025939391644259967,40.00000000000001,2.7262042916151414,2.7262042916151414
0.024861111111111108,9.01462558655071,0.008475537456744644,-0.002157093671220698,-0.004848939235843047,0.007660444431189779,-0.005894748531529736,0.0025631096087919305,40.00000000000001,2.731440279371124,2.731440279371124
0.024888888888888887,9.019861574306695,0.008474817122197094,-0.002126788980018953,-0.004863562827782212,0.007660444431189779,-0.005908088076982986,0.0025322097842131828,40.00000000000001,2.7366762671271085,2.7366762671271085
0.024916666666666663,9.025097562062676,0.008474072388191709,-0.002096409327295791,-0.0048780288121447225,0.00766044443118978,-0.005921265649217146,0.002501240537824086,40.00000000000001,2.7419122548830894,2.7419122548830894
0.024944444444444443,9.03033354981866,0.008473303275145748,-0.002065955545924695,-0.0048923367923383336,0.007660444431189779,-0.0059342808869624385,0.00247020271866213,40.00000000000001,2.7471482426390743,2.7471482426390743
0.024972222222222222,9.035569537574643,0.008472509804144832,-0.002035428470811497,-0.004906486376102521,0.007660444431189779,-0.0059471334333995275,0.0024390971776448397,39.99999999999999,2.7523842303950565,2.7523842303950565
0.024999999999999998,9.040805525330626,0.00847169199694237,-0.0020048289388713706,-0.004920477175519308,0.007660444431189779,-0.005959822936169369,0.002407924767546322,40.000000000000014,2.757620218151039,2.757620218151039
0.025027777777777777,9.04604151308661,0.00847084987595896,-0.0019741577890059316,-0.004934308807023862,0.007660444431189778,-0.005972349047382835,0.002376686342973937,40.000000000000014,2.762856205907024,2.762856205907024
0.025055555555555553,9.051277500842591,0.008469983464281777,-0.0019434158620802776,-0.004947980891415006,0.007660444431189779,-0.005984711423630249,0.002345382760344906,40.000000000000014,2.768092193663005,2.768092193663005
0.025083333333333332,9.056513488598576,0.008469092785663929,-0.0019126040008998232,-0.004961493053865657,0.007660444431189779,-0.005996909725990834,0.002314014877862718,40.00000000000001,2.773328181418989,2.773328181418989
0.02511111111111111,9.061749476354557,0.008468177864523824,-0.001881723050187349,-0.00497484492393304,0.00766044443118978,-0.006008943620041959,0.0022825835554937577,40.000000000000014,2.7785641691749703,2.7785641691749703
0.025138888888888888,9.066985464110541,0.008467238725944485,-0.001850773856559676,-0.00498803613556891,0.007660444431189779,-0.006020812775868351,0.002251089654943564,40.00000000000002,2.7838001569309543,2.7838001569309543
0.025166666666666664,9.072221451866524,0.008466275395672873,-0.0018197572685046126,-0.005001066327129521,0.007660444431189779,-0.006032516868071096,0.00221953403963336,40.000000000000014,2.789036144686937,2.789036144686937
0.025194444444444443,9.077457439622506,0.008465287900119174,-0.0017886741363575779,-0.005013935141385596,0.00766044443118978,-0.0060440555757766,0.0021879175746762703,40.000000000000014,2.7942721324429196,2.7942721324429196
0.02522222222222222,9.08269342737849,0.008464276266356074,-0.0017575253122783308,-0.005026642225532092,0.007660444431189779,-0.0060554285826453615,0.0021562411268536406,40.00000000000001,2.799508120198904,2.799508120198904
0.025249999999999998,9.087929415134473,0.008463240522118026,-0.001726311650227639,-0.005039187231197875,0.00766044443118978,-0.006066635576880652,0.0021245055645913117,40.000000000000014,2.804744107954887,2.804744107954887
0.025277777777777777,9.093165402890456,0.008462180695800483,-0.0016950340059438058,-0.005051569814455279,0.007660444431189781,-0.006077676251237061,0.002092711757935744,40.000000000000014,2.80998009571087,2.80998009571087
0.025305555555555553,9.098401390646439,0.008461096816459117,-0.0016636932369192472,-0.005063789635829529,0.007660444431189779,-0.0060885503030289265,0.002060860578530206,40.00000000000001,2.8152160834668525,2.8152160834668525
0.025333333333333333,9.103637378402421,0.008459988913809027,-0.0016322902023769787,-0.005075846360308049,0.007660444431189779,-0.006099257434138625,0.0020289528995908715,40.000000000000014,2.820452071222835,2.820452071222835
0.02536111111111111,9.108873366158406,0.008458857018223924,-0.001600825763247045,-0.005087739657349653,0.007660444431189778,-0.006109797351024753,0.001996989595882865,40.00000000000002,2.8256880589788196,2.8256880589788196
0.025388888888888888,9.114109353914388,0.0084577011607353,-0.0015693007821429594,-0.005099469200893583,0.007660444431189778,-0.006120169764730154,0.0019649715436963265,40.00000000000001,2.8309240467348022,2.8309240467348022
0.025416666666666664,9.119345341670371,0.008456521373031569,-0.0015377161233379936,-0.005111034669368485,0.00766044443118978,-0.006130374390889875,0.0019328996208223198,40.00000000000001,2.836160034490785,2.836160034490785
0.025444444444444443,9.124581329426354,0.008455317687457208,-0.0015060726527415238,-0.005122435745701197,0.00766044443118978,-0.006140410949738933,0.0019007747065288108,40.000000000000014,2.841396022246767,2.841396022246767
0.02547222222222222,9.129817317182336,0.008454090137011865,-0.0014743712378752806,-0.005133672117325453,0.007660444431189778,-0.006150279166119998,0.0018685976815365523,40.000000000000014,2.84663201000275,2.84663201000275
0.0255,9.135053304938321,0.008452838755349454,-0.0014426127478495555,-0.005144743476190454,0.007660444431189778,-0.006159978769490937,0.0018363694279949284,40.00000000000003,2.8518679977587347,2.8518679977587347
0.025527777777777774,9.140289292694302,0.00845156357677724,-0.0014107980533394275,-0.005155649518769286,0.007660444431189778,-0.006169509493932209,0.0018040908294578223,40.000000000000014,2.857103985514715,2.857103985514715
0.025555555555555554,9.145525280450286,0.008450264636254881,-0.0013789280265607746,-0.005166389946067306,0.007660444431189779,-0.006178871078154208,0.0017717627708592747,39.99999999999999,2.8623399732706996,2.8623399732706996
0.025583333333333333,9.150761268206269,0.008448941969393494,-0.0013470035412465131,-0.005176964463630259,0.00766044443118978,-0.006188063265504362,0.0017393861384893757,40.00000000000001,2.8675759610266827,2.8675759610266827
0.02561111111111111,9.155997255962252,0.008447595612454653,-0.0013150254726225225,-0.00518737278155241,0.007660444431189779,-0.006197085803974213,0.0017069618199698445,40.000000000000014,2.8728119487826653,2.8728119487826653
0.025638888888888888,9.161233243718236,0.008446225602349419,-0.001282994697383698,-0.005197614614484465,0.007660444431189778,-0.006205938446206316,0.001674490704229743,40.00000000000001,2.8780479365386498,2.8780479365386498
0.025666666666666664,9.166469231474217,0.008444831976637309,-0.0012509120936699553,-0.005207689681641393,0.007660444431189779,-0.006214620949501003,0.0016419736814811444,40.000000000000014,2.88328392429463,2.88328392429463
0.025694444444444443,9.171705219230201,0.008443414773525275,-0.001218778541042037,-0.005217597706810153,0.00766044443118978,-0.006223133075823072,0.0016094116431946076,40.000000000000014,2.888519912050615,2.888519912050615
0.02572222222222222,9.176941206986182,0.008441974031866657,-0.0011865949204575654,-0.005227338418357214,0.007660444431189777,-0.006231474591808267,0.0015768054820749073,40.00000000000001,2.893755899806596,2.893755899806596
0.02575,9.182177194742167,0.008440509791160115,-0.001154362114246712,-0.005236911549236063,0.00766044443118978,-0.006239645268769727,0.0015441560920363756,40.000000000000014,2.8989918875625804,2.8989918875625804
0.025777777777777774,9.18741318249815,0.00843902209154855,-0.0011220810060881747,-0.005246316836994471,0.00766044443118978,-0.006247644882704205,0.0015114643681785672,40.00000000000001,2.9042278753185626,2.9042278753185626
0.025805555555555554,9.192649170254132,0.008437510973817994,-0.0010897524809848288,-0.005255554023781729,0.007660444431189776,-0.006255473214298251,0.001478731206761594,40.000000000000014,2.9094638630745457,2.9094638630745457
0.025833333333333333,9.197885158010116,0.008435976479396505,-0.00105737742523951,-0.005264622856355694,0.007660444431189777,-0.006263130048934198,0.001445957505181601,40.00000000000002,2.9146998508305297,2.9146998508305297
0.02586111111111111,9.203121145766099,0.008434418650353026,-0.0010249567264307472,-0.005273523086089736,0.007660444431189779,-0.006270615176696054,0.001413144161946194,40.00000000000001,2.9199358385865124,2.9199358385865124
0.02588888888888889,9.208357133522082,0.008432837529396222,-0.0009924912733883652,-0.005282254468979563,0.007660444431189781,-0.006277928392375262,0.0013802920766497423,40.00000000000002,2.9251718263424955,2.9251718263424955
0.025916666666666664,9.213593121278064,0.008431233159873324,-0.0009599819561691587,-0.005290816765649901,0.007660444431189778,-0.006285069495476319,0.0013474021499487604,40.000000000000014,2.9304078140984777,2.9304078140984777
0.025944444444444444,9.218829109034047,0.008429605585768937,-0.0009274296660324805,-0.005299209741361067,0.007660444431189779,-0.006292038290222277,0.0013144752835372014,40.000000000000014,2.935643801854461,2.935643801854461
0.02597222222222222,9.224065096790032,0.00842795485170382,-0.0008948352954157985,-0.005307433166015391,0.007660444431189779,-0.006298834585560112,0.0012815123801217308,40.000000000000014,2.9408797896104453,2.9408797896104453
0.026,9.229301084546014,0.008426281002933687,-0.0008621997379102695,-0.005315486814163525,0.007660444431189778,-0.006305458195165947,0.0012485143433970196,40.00000000000002,2.9461157773664275,2.9461157773664275
0.026027777777777775,9.234537072301997,0.008424584085347946,-0.0008295238882361772,-0.005323370465010644,0.007660444431189778,-0.006311908937450182,0.0012154820780209009,40.00000000000002,2.9513517651224106,2.9513517651224106
0.026055555555555554,9.23977306005798,0.00842286414546845,-0.0007968086422184467,-0.005331083902422473,0.007660444431189779,-0.0063181866355624585,0.001182416489589617,40.00000000000001,2.9565877528783933,2.9565877528783933
0.02608333333333333,9.245009047813962,0.008421121230448218,-0.0007640548967620736,-0.005338626914931231,0.007660444431189779,-0.006324291117396511,0.001149318484612978,40.00000000000001,2.9618237406343755,2.9618237406343755
0.02611111111111111,9.250245035569947,0.008419355388070147,-0.0007312635498275236,-0.005345999295741424,0.007660444431189778,-0.006330222215594891,0.0011161889704894975,40.000000000000014,2.9670597283903604,2.9670597283903604
0.02613888888888889,9.25548102332593,0.0084175666667457,-0.0006984355004061602,-0.005353200842735501,0.007660444431189777,-0.006335979767553538,0.0010830288554815638,40.000000000000014,2.9722957161463426,2.9722957161463426
0.026166666666666664,9.260717011081912,0.008415755115513571,-0.0006655716484955293,-0.005360231358479415,0.007660444431189778,-0.00634156361542626,0.0010498390486904687,40.000000000000014,2.9775317039023252,2.9775317039023252
0.026194444444444444,9.265952998837895,0.008413920784038355,-0.0006326728950747324,-0.005367090650228028,0.007660444431189777,-0.006346973606129048,0.0010166204600315309,40.000000000000014,2.9827676916583084,2.9827676916583084
0.02622222222222222,9.271188986593877,0.008412063722609178,-0.0005997401420797137,-0.005373778529930389,0.00766044443118978,-0.0063522095913442714,0.0009833740002091402,40.000000000000014,2.9880036794142906,2.9880036794142906
0.02625,9.276424974349862,0.008410183982138312,-0.0005667742923785206,-0.005380294814234902,0.007660444431189779,-0.006357271427524755,0.0009501005806917738,40.00000000000001,2.993239667170275,2.993239667170275
0.026277777777777775,9.281660962105843,0.008408281614159794,-0.0005337762497466093,-0.005386639324494334,0.007660444431189777,-0.0063621589758976966,0.0009168011136870702,40.000000000000014,2.9984756549262563,2.9984756549262563
0.026305555555555554,9.286896949861827,0.008406356670828006,-0.0005007469188419422,-0.005392811886770738,0.00766044443118978,-0.006366872102468496,0.0008834765121166945,40.000000000000014,3.0037116426822403,3.0037116426822403
0.02633333333333333,9.292132937617808,0.008404409204916238,-0.00046768720518035594,-0.005398812331840197,0.007660444431189779,-0.006371410678024401,0.0008501276895914759,40.000000000000014,3.0089476304382217,3.0089476304382217
0.02636111111111111,9.297368925373792,0.008402439269815251,-0.0004345980151105553,-0.005404640495197482,0.007660444431189779,-0.006375774578138073,0.000816755560386186,40.000000000000014,3.0141836181942057,3.0141836181942057
0.026388888888888885,9.302604913129775,0.008400446919531816,-0.0004014802557894346,-0.005410296217060548,0.007660444431189779,-0.0063799636831709874,0.0007833610394146379,40.000000000000014,3.0194196059501888,3.0194196059501888
0.026416666666666665,9.307840900885758,0.008398432208687218,-0.000368334835157084,-0.005415779342374922,0.007660444431189779,-0.00638397787827671,0.0007499450422044825,40.000000000000014,3.0246555937061714,3.0246555937061714
0.026444444444444444,9.313076888641742,0.008396395192515772,-0.00033516266191194194,-0.005421089720817957,0.007660444431189779,-0.006387817053404058,0.0007165084848721516,40.000000000000014,3.029891581462156,3.029891581462156
0.02647222222222222,9.318312876397725,0.00839433592686331,-0.00030196464548591754,-0.005426227206802942,0.007660444431189778,-0.006391481103300103,0.0006830522840977777,40.000000000000014,3.0351275692181385,3.0351275692181385
0.0265,9.323548864153707,0.008392254468185634,-0.0002687416960193894,-0.005431191659483105,0.007660444431189779,-0.006394969927513066,0.0006495773570999937,40.00000000000001,3.040363556974121,3.040363556974121
0.026527777777777775,9.32878485190969,0.00839015087354699,-0.00023549472433629975,-0.005435982942755469,0.007660444431189776,-0.006398283430395071,0.0006160846216108332,40.000000000000014,3.045599544730104,3.045599544730104
0.026555555555555554,9.334020839665673,0.008388025200618487,-0.0002022246419191718,-0.005440600925264581,0.007660444431189778,-0.006401421521104763,0.0005825749958505582,40.00000000000001,3.0508355324860865,3.0508355324860865
0.02658333333333333,9.339256827421657,0.00838587750767652,-0.00016893236088411014,-0.005445045480406122,0.00766044443118978,-0.006404384113609799,0.0005490493985024752,40.00000000000002,3.056071520242071,3.056071520242071
0.02661111111111111,9.34449281517764,0.008383707853601178,-0.00013561879395583933,-0.0054493164863303615,0.007660444431189779,-0.006407171126689207,0.0005155087486877932,39.99999999999999,3.061307507998053,3.061307507998053
0.026638888888888886,9.349728802933623,0.008381516297874621,-0.00010228485444261353,-0.0054534138259455175,0.007660444431189777,-0.0064097824839356166,0.0004819539659403583,40.000000000000014,3.066543495754036,3.066543495754036
0.026666666666666665,9.354964790689605,0.00837930290057946,-6.893145621122289e-05,-0.005457337386920955,0.00766044443118978,-0.0064122181137573515,0.0004483859701814899,40.000000000000014,3.071779483510019,3.071779483510019
0.02669444444444444,9.360200778445588,0.008377067722397095,-3.555951366192876e-05,-0.005461087061690268,0.007660444431189779,-0.006414477949380389,0.00041480568169474847,40.00000000000001,3.0770154712660016,3.0770154712660016
0.02672222222222222,9.365436766201572,0.008374810824606069,-2.1699417033822083e-06,-0.005464662747454229,0.007660444431189778,-0.006416561928850194,0.00038121402110069443,40.000000000000014,3.082251459021986,3.082251459021986
0.02675,9.370672753957555,0.008372532269080375,3.123634427241222e-05,-0.005468064346183605,0.00766044443118978,-0.006418469995033417,0.00034761190933169447,40.000000000000014,3.0874874467779683,3.0874874467779683
0.026777777777777775,9.375908741713538,0.00837023211828776,6.465842841526071e-05,-0.005471291764621848,0.007660444431189778,-0.006420202095619457,0.00031400026760660527,40.00000000000002,3.092723434533951,3.092723434533951
0.026805555555555555,9.38114472946952,0.008367910435288024,9.809539444184362e-05,-0.005474344914287653,0.007660444431189779,-0.006421758183121904,0.0002803800174055633,40.000000000000014,3.0979594222899336,3.0979594222899336
0.02683333333333333,9.386380717225503,0.008365567283731275,0.0001315463256608465,-0.00547722371147738,0.00766044443118978,-0.0064231382148798345,0.0002467520804447113,40.000000000000014,3.1031954100459167,3.1031954100459167
0.02686111111111111,9.391616704981487,0.0083632027278562,0.00016501030499810394,-0.005479928077267349,0.007660444431189779,-0.006424342153058977,0.00021311737865091664,40.00000000000001,3.1084313978019007,3.1084313978019007
0.026888888888888886,9.396852692737468,0.008360816832488294,0.00019848641502168398,-0.005482457937516004,0.007660444431189778,-0.00642536996465276,0.00017947683413655348,40.00000000000002,3.1136673855578816,3.1136673855578816
0.026916666666666665,9.402088680493453,0.00835840966303808,0.00023197373796716547,-0.005484813222865952,0.00766044443118978,-0.0064262216214832114,0.00014583136917409773,40.00000000000002,3.118903373313866,3.118903373313866
0.02694444444444444,9.407324668249435,0.008355981285499326,0.0002654713557626398,-0.005486993868745851,0.007660444431189779,-0.006426897100201724,0.00011218190617100113,40.00000000000002,3.1241393610698487,3.1241393610698487
0.02697222222222222,9.412560656005418,0.00835353176644723,0.00029897835005400535,-0.005488999815372196,0.007660444431189779,-0.006427396382289711,7.85293676442786e-05,40.00000000000001,3.1293753488258313,3.1293753488258313
0.027,9.417796643761402,0.00835106117303659,0.0003324938022300988,-0.005490831007750946,0.007660444431189779,-0.006427719454059103,4.4874676195261816e-05,40.000000000000014,3.1346113365818162,3.1346113365818162
0.027027777777777776,9.423032631517383,0.00834856957299998,0.00036601679344783466,-0.005492487395679036,0.007660444431189779,-0.006427866306652721,1.1218754484351853e-05,40.00000000000001,3.1398473243377967,3.1398473243377967
0.027055555555555555,9.428268619273368,0.008346057034645865,0.0003995464046575201,-0.005493968933745756,0.007660444431189779,-0.006427836936044529,-2.2437474794402296e-05,40.000000000000014,-3.138101995085805,3.145083312093781
0.02708333333333333,9.43350460702935,0.00834352362685676,0.0004330817166278922,-0.005495275581333991,0.007660444431189779,-0.006427631343039739,-5.609308893843941e-05,40.000000000000014,-3.1328660073298225,3.1503192998497638
0.02711111111111111,9.438740594785333,0.008340969419087317,0.00046662180997144464,-0.005496407302621337,0.007660444431189781,-0.006427249533274782,-8.974716526210787e-05,40.00000000000001,-3.12763001957384,3.1555552876057464
0.027138888888888886,9.443976582541316,0.00833839448136243,0.0005001657651695755,-0.005497364066581083,0.007660444431189777,-0.006426691517217169,-0.00012339878112190532,40.000000000000014,-3.122394031817857,3.160791275361729
0.027166666666666665,9.449212570297298,0.00833579888427532,0.0005337126625978087,-0.005498145846983061,0.007660444431189779,-0.006425957310165191,-0.00015704701394178398,40.00000000000002,-3.1171580440618745,3.1660272631177118
0.02719444444444444,9.454448558053283,0.00833318269898559,0.0005672615825510163,-0.005498752622394367,0.007660444431189779,-0.006425046932247504,-0.000190690941238455,40.000000000000014,-3.11192205630589,3.171263250873696
0.02722222222222222,9.459684545809266,0.008330545997217284,0.000600811605268588,-0.005499184376179949,0.007660444431189778,-0.006423960408422583,-0.00022432964064663372,40.00000000000001,-3.1066860685499074,3.176499238629679
0.027249999999999996,9.464920533565248,0.008327888851256912,0.0006343618109597148,-0.005499441096503055,0.00766044443118978,-0.006422697768478024,-0.0002579621899443949,40.000000000000014,-3.1014500807939247,3.1817352263856615
0.027277777777777776,9.47015652132123,0.008325211333951473,0.0006679112798285597,-0.0054995227763255695,0.007660444431189779,-0.006421259047029738,-0.00029158766707841003,40.000000000000014,-3.096214093037942,3.186971214141644
0.027305555555555555,9.475392509077214,0.008322513518706455,0.0007014590920994863,-0.005499429413408199,0.007660444431189777,-0.006419644283521002,-0.0003252051501892377,40.000000000000014,-3.0909781052819594,3.192207201897627
0.02733333333333333,9.480628496833198,0.008319795479483827,0.0007350043280422862,-0.0054991610103105335,0.00766044443118978,-0.006417853522221372,-0.0003588137176366079,40.000000000000014,-3.085742117525975,3.1974431896536113
0.02736111111111111,9.48586448458918,0.008317057290800007,0.0007685460679973477,-0.005498717574390984,0.007660444431189778,-0.006415886812225478,-0.0003924124480246444,40.00000000000002,-3.0805061297699923,3.202679177409594
0.027388888888888886,9.491100472345163,0.00831429902772382,0.0008020833924009382,-0.005498099117806564,0.007660444431189778,-0.006413744207451662,-0.0004260004202271927,40.00000000000002,-3.0752701420140096,3.2079151651655766
0.027416666666666666,9.496336460101146,0.008311520765874445,0.0008356153818103679,-0.005497305657512577,0.007660444431189778,-0.0064114257666405185,-0.0004595767134130278,40.000000000000014,-3.070034154258027,3.2131511529215593
0.02744444444444444,9.501572447857129,0.00830872258141933,0.0008691411169292081,-0.0054963372152621376,0.007660444431189781,-0.006408931553353276,-0.000493140407071111,40.000000000000014,-3.0647981665020443,3.218387140677542
0.02747222222222222,9.506808435613113,0.008305904551072116,0.000902659678632507,-0.005495193817605577,0.00766044443118978,-0.006406261635970046,-0.0005266905810358377,40.000000000000014,-3.05956217874606,3.2236231284335264
0.027499999999999997,9.512044423369094,0.008303066752090532,0.0009361701479919293,-0.005493875495889724,0.007660444431189781,-0.006403416087687971,-0.0005602263155122069,40.000000000000014,-3.054326190990079,3.2288591161895073
0.027527777777777776,9.517280411125078,0.008300209262274264,0.0009696716063010755,-0.005492382286257029,0.007660444431189778,-0.006400394986519183,-0.0005937466911011627,40.000000000000014,-3.0490902032340945,3.2340951039454917
0.027555555555555552,9.522516398881061,0.008297332159962844,0.0010031631351005085,-0.005490714229644592,0.007660444431189777,-0.006397198415288707,-0.0006272507888246414,40.00000000000001,-3.043854215478112,3.2393310917014744
0.02758333333333333,9.527752386637044,0.008294435524033486,0.00103664381620306,-0.005488871371783027,0.00766044443118978,-0.006393826461632154,-0.0006607376901508913,40.000000000000014,-3.038618227722129,3.244567079457457
0.02761111111111111,9.532988374393028,0.008291519433898923,0.0010701127317189558,-0.005486853763195212,0.007660444431189777,-0.006390279217993336,-0.0006942064770196076,40.00000000000001,-3.0333822399661448,3.2498030672134415
0.027638888888888886,9.538224362149009,0.008288583969505244,0.0011035689640809365,-0.005484661459194907,0.00766044443118978,-0.006386556781621731,-0.0007276562318670574,40.00000000000001,-3.028146252210164,3.2550390549694224
0.027666666666666666,9.543460349904993,0.008285629211329682,0.001137011596069537,-0.005482294519885233,0.007660444431189778,-0.00638265925456981,-0.0007610860376513608,40.00000000000002,-3.0229102644541794,3.260275042725407
0.02769444444444444,9.548696337660976,0.00828265524037843,0.0011704397108380738,-0.005479753010157027,0.007660444431189781,-0.006378586743690248,-0.0007944949778774706,40.00000000000001,-3.0176742766981968,3.2655110304813895
0.02772222222222222,9.553932325416959,0.008279662138184403,0.0012038523919379058,-0.005477036999687062,0.007660444431189778,-0.0063743393606329884,-0.0008278821366224256,40.00000000000002,-3.012438288942214,3.270747018237372
0.027749999999999997,9.559168313172941,0.008276649986805008,0.0012372487233435025,-0.005474146562936138,0.007660444431189779,-0.006369917221842183,-0.0008612465985604037,40.000000000000014,-3.0072023011862314,3.275983005993355
0.027777777777777776,9.564404300928924,0.008273618868819898,0.0012706277894775683,-0.005471081779147036,0.007660444431189779,-0.006365320448552999,-0.0008945874489878265,40.000000000000014,-3.001966313430249,3.2812189937493375
0.027805555555555552,9.569640288684909,0.008270568867328701,0.0013039886752361548,-0.0054678427323423505,0.007660444431189779,-0.006360549166788295,-0.0009279037738484485,40.000000000000014,-2.9967303256742643,3.286454981505322
0.02783333333333333,9.574876276440891,0.008267500065948754,0.0013373304660137047,-0.005464429511322193,0.007660444431189777,-0.006355603507355181,-0.0009611946597583726,40.00000000000002,-2.9914943379182817,3.2916909692613046
0.027861111111111107,9.580112264196874,0.008264412548812793,0.001370652247728192,-0.005460842209661736,0.007660444431189778,-0.0063504836058414,-0.0009944591940311547,40.000000000000014,-2.986258350162299,3.296926957017287
0.027888888888888887,9.585348251952857,0.008261306400566661,0.0014039531068461397,-0.005457080925708668,0.007660444431189778,-0.006345189602611641,-0.0010276964647027854,39.99999999999999,-2.9810223624063164,3.30216294477327
0.027916666666666666,9.59058423970884,0.00825818170636698,0.0014372321304076722,-0.00545314576258049,0.007660444431189778,-0.006339721642803678,-0.001060905560556699,40.00000000000001,-2.9757863746503337,3.3073989325292525
0.027944444444444442,9.595820227464824,0.008255038551878821,0.0014704884060515594,-0.005449036828161684,0.00766044443118978,-0.0063340798763243875,-0.0010940855711487685,40.000000000000014,-2.9705503868943492,3.312634920285237
0.02797222222222222,9.601056215220806,0.008251877023273353,0.0015037210220401828,-0.005444754235100765,0.00766044443118978,-0.0063282644578456495,-0.0011272355868322203,40.000000000000014,-2.9653143991383666,3.3178709080412196
0.027999999999999997,9.606292202976789,0.008248697207225479,0.0015369290672845987,-0.005440298100807185,0.007660444431189779,-0.006322275546800102,-0.00116035469878264,39.99999999999999,-2.960078411382384,3.3231068957972023
0.028027777777777776,9.611528190732772,0.00824549919091146,0.0015701116313694724,-0.0054356685474481175,0.007660444431189778,-0.006316113307376765,-0.001193441999022844,40.00000000000002,-2.9548424236264013,3.328342883553185
0.028055555555555552,9.616764178488754,0.008242283062006533,0.0016032678045780472,-0.005430865701945104,0.007660444431189779,-0.006309777908516542,-0.0012264965804477815,40.00000000000001,-2.9496064358704186,3.3335788713091676
0.02808333333333333,9.622000166244739,0.008239048908682493,0.0016363966779170966,-0.0054258896959705795,0.007660444431189778,-0.006303269523907594,-0.0012595175368494166,40.000000000000014,-2.944370448114434,3.338814859065152
0.028111111111111108,9.62723615400072,0.00823579681960529,0.0016694973431417898,-0.005420740665944266,0.00766044443118978,-0.006296588331980578,-0.001292503962941516,40.00000000000001,-2.9391344603584533,3.344050846821133
0.028138888888888887,9.632472141756704,0.008232526883932584,0.0017025688927807142,-0.0054154187530294174,0.007660444431189776,-0.006289734515903738,-0.0013254549543845902,40.000000000000014,-2.933898472602469,3.3492868345771174
0.028166666666666666,9.637708129512687,0.008229239191311319,0.0017356104201605963,-0.005409924103128968,0.007660444431189778,-0.006282708263577909,-0.0013583696078105297,40.000000000000014,-2.928662484846486,3.3545228223331
0.028194444444444442,9.64294411726867,0.008225933831875245,0.0017686210194312838,-0.00540425686688152,0.007660444431189778,-0.006275509767631348,-0.001391247020847496,40.000000000000014,-2.9234264970905035,3.3597588100890827
0.02822222222222222,9.648180105024654,0.008222610896242462,0.001801599785590533,-0.005398417199657216,0.00766044443118978,-0.006268139225414453,-0.0014240862921446127,40.000000000000014,-2.918190509334519,3.364994797845067
0.028249999999999997,9.653416092780635,0.008219270475512932,0.0018345458145087778,-0.005392405261553488,0.007660444431189779,-0.00626059683899437,-0.0014568865213966367,40.000000000000014,-2.912954521578538,3.370230785601048
0.028277777777777777,9.65865208053662,0.00821591266126597,0.001867458202954037,-0.005386221217390648,0.007660444431189779,-0.006252882815149423,-0.0014896468093687574,40.00000000000002,-2.9077185338225537,3.3754667733570325
0.028305555555555553,9.663888068292602,0.008212537545557754,0.0019003360486165228,-0.005379865236707396,0.007660444431189779,-0.006244997365363479,-0.0015223662579210986,40.000000000000014,-2.902482546066571,3.380702761113015
0.028333333333333332,9.669124056048584,0.008209145220918788,0.001933178450133499,-0.005373337493756153,0.00766044443118978,-0.006236940705820126,-0.001555043970033461,40.00000000000001,-2.8972465583105884,3.385938748868998
0.028361111111111108,9.674360043804567,0.00820573578035136,0.0019659845071139377,-0.005366638167498289,0.007660444431189778,-0.006228713057396756,-0.0015876790498298595,40.000000000000014,-2.8920105705546058,3.3911747366249805
0.028388888888888887,9.67959603156055,0.008202309317327012,0.001998753320163215,-0.005359767441599216,0.00766044443118978,-0.006220314645658504,-0.0016202706026030972,40.000000000000014,-2.886774582798623,3.396410724380963
0.028416666666666663,9.684832019316534,0.00819886592578395,0.00203148399090778,-0.005352725504423355,0.007660444431189778,-0.00621174570085207,-0.0016528177348393018,40.00000000000001,-2.8815385950426387,3.4016467121369476
0.028444444444444442,9.690068007072517,0.008195405700124503,0.002064175622019737,-0.005345512549028973,0.007660444431189778,-0.006203006457899408,-0.0016853195542423792,40.00000000000001,-2.876302607286656,3.4068826998929302
0.02847222222222222,9.6953039948285,0.008191928735212498,0.002096827317241517,-0.0053381287731628846,0.007660444431189777,-0.006194097156391276,-0.0017177751697585446,40.000000000000014,-2.8710666195306733,3.412118687648913
0.028499999999999998,9.700539982584482,0.008188435126370687,0.002129438181410401,-0.005330574379255036,0.007660444431189778,-0.006185018040580676,-0.0017501836916007027,40.00000000000001,-2.8658306317746907,3.4173546754048956
0.028527777777777777,9.705775970340465,0.00818492496937812,0.0021620073204830746,-0.005322849574412951,0.007660444431189779,-0.006175769359376154,-0.0017825442312728564,40.000000000000014,-2.860594644018708,3.4225906631608782
0.028555555555555553,9.71101195809645,0.008181398360467525,0.0021945338415601495,-0.005314954570416055,0.007660444431189779,-0.006166351366334972,-0.0018148559015944746,40.00000000000001,-2.8553586562627236,3.4278266509168627
0.028583333333333332,9.716247945852432,0.008177855396322669,0.0022270168529105977,-0.005306889583709875,0.007660444431189778,-0.006156764319656177,-0.0018471178167247726,40.000000000000014,-2.850122668506741,3.4330626386728453
0.028611111111111108,9.721483933608415,0.0081742961740757,0.0022594554639962646,-0.0052986548354000945,0.007660444431189779,-0.006147008482173492,-0.0018793290921870595,40.000000000000014,-2.8448866807507582,3.438298626428828
0.028638888888888887,9.726719921364397,0.008170720791304494,0.0022918487854962414,-0.005290250551246495,0.007660444431189778,-0.006137084121348126,-0.001911488844892948,40.00000000000002,-2.8396506929947756,3.4435346141848107
0.028666666666666663,9.73195590912038,0.008167129346029978,0.0023241959293312563,-0.005281676961656775,0.007660444431189778,-0.006126991509261449,-0.001943596193166572,40.000000000000014,-2.834414705238793,3.4487706019407933
0.028694444444444443,9.737191896876364,0.008163521936713436,0.0023564960086880312,-0.0052729343016802216,0.007660444431189778,-0.0061167309226075155,-0.0019756502567687705,40.00000000000002,-2.8291787174828085,3.4540065896967778
0.02872222222222222,9.742427884632345,0.00815989866225382,0.002388748138043542,-0.005264022811001279,0.00766044443118978,-0.0061063026426854995,-0.0020076501569211654,40.00000000000001,-2.8239427297268276,3.4592425774527586
0.028749999999999998,9.74766387238833,0.008156259621985027,0.0024209514331894138,-0.005254942733932957,0.007660444431189781,-0.00609570695539195,-0.0020395950163303728,40.000000000000014,-2.818706741970843,3.464478565208743
0.028777777777777777,9.752899860144312,0.008152604915673184,0.00245310501125601,-0.0052456943194101645,0.007660444431189779,-0.006084944151212998,-0.0020714839592119024,40.000000000000014,-2.8134707542148605,3.4697145529647258
0.028805555555555553,9.758135847900295,0.008148934643513912,0.0024852079907367567,-0.005236277820982855,0.00766044443118978,-0.006074014525216354,-0.0021033161113142873,40.000000000000014,-2.808234766458878,3.4749505407207084
0.028833333333333332,9.76337183565628,0.008145248906129575,0.0025172594915122653,-0.005226693496809081,0.007660444431189778,-0.006062918377043227,-0.0021350905999430085,40.00000000000001,-2.8029987787028934,3.480186528476693
0.028861111111111108,9.76860782341226,0.008141547804566529,0.0025492586348744195,-0.0052169416096479486,0.007660444431189777,-0.0060516560109001435,-0.002166806553984378,40.000000000000014,-2.7977627909469125,3.4854225162326737
0.028888888888888888,9.773843811168245,0.008137831440292337,0.002581204543550583,-0.005207022426852352,0.00766044443118978,-0.0060402277355505385,-0.002198463103929537,40.000000000000014,-2.792526803190928,3.490658503988658
0.028916666666666663,9.779079798924228,0.008134099915193007,0.002613096341727499,-0.00519693622036171,0.007660444431189778,-0.006028633864306369,-0.002230059381898145,40.00000000000001,-2.7872908154349454,3.495894491744641
0.028944444444444443,9.78431578668021,0.008130353331570184,0.002644933155075422,-0.005186683266694466,0.007660444431189779,-0.006016874715019467,-0.002261594521662293,40.000000000000014,-2.7820548276789627,3.5011304795006235
0.02897222222222222,9.789551774436193,0.00812659179213835,0.00267671411077203,-0.0051762638469405224,0.007660444431189778,-0.006004950610072851,-0.002293067658670191,40.000000000000014,-2.77681883992298,3.506366467256606
0.028999999999999998,9.794787762192176,0.008122815400022007,0.0027084383375263706,-0.005165678246753534,0.007660444431189777,-0.005992861876371877,-0.0023244779300698923,40.00000000000001,-2.7715828521669974,3.511602455012589
0.029027777777777777,9.80002374994816,0.008119024258752857,0.002740104965602752,-0.005154926756343078,0.00766044443118978,-0.005980608845335291,-0.0023558244747329503,40.000000000000014,-2.766346864411013,3.5168384427685733
0.029055555555555553,9.805259737704143,0.008115218472266948,0.002771713126844548,-0.005144009670466698,0.007660444431189781,-0.005968191852886127,-0.002387106433277987,40.000000000000014,-2.7611108766550303,3.522074430524556
0.029083333333333333,9.810495725460125,0.008111398144901841,0.002803261954698062,-0.005132927288421817,0.00766044443118978,-0.005955611239442505,-0.0024183229480943163,40.00000000000001,-2.7558748888990476,3.5273104182805386
0.02911111111111111,9.815731713216108,0.008107563381393743,0.0028347505842362414,-0.005121679914037536,0.007660444431189779,-0.005942867349908301,-0.002449473163365417,40.00000000000001,-2.750638901143065,3.5325464060365213
0.029138888888888888,9.82096770097209,0.008103714286874628,0.002866178152182401,-0.005110267855666306,0.007660444431189779,-0.00592996053366368,-0.0024805562250924014,40.000000000000014,-2.7454029133870823,3.537782393792504
0.029166666666666664,9.826203688728075,0.00809985096686937,0.0028975437969339006,-0.0050986914261754645,0.00766044443118978,-0.005916891144555524,-0.0025115712811174403,40.00000000000001,-2.740166925631098,3.5430183815484884
0.029194444444444443,9.831439676484058,0.008095973527292837,0.002928846658585724,-0.005086950942938687,0.007660444431189779,-0.00590365954088775,-0.002542517481147087,40.000000000000014,-2.734930937875115,3.548254369304471
0.02922222222222222,9.83667566424004,0.008092082074446994,0.0029600858789541173,-0.005075046727827246,0.007660444431189778,-0.00589026608541145,-0.002573393976775643,40.000000000000014,-2.7296949501191325,3.5534903570604537
0.029249999999999998,9.841911651996023,0.008088176715017988,0.002991260601600074,-0.005062979107201211,0.007660444431189778,-0.005876711145314972,-0.0026041999215083867,40.000000000000014,-2.72445896236315,3.5587263448164363
0.029277777777777774,9.847147639752006,0.00808425755607322,0.0030223699718528235,-0.005050748411900499,0.007660444431189779,-0.005862995092213844,-0.002634934470784779,40.00000000000001,-2.719222974607167,3.563962332572419
0.029305555555555553,9.85238362750799,0.008080324705058409,0.0030534131368332774,-0.005038354977235794,0.007660444431189779,-0.005849118302140589,-0.0026655967820016367,40.00000000000001,-2.713986986851183,3.5691983203284035
0.029333333333333333,9.857619615263973,0.008076378269794654,0.0030843892454773653,-0.005025799142979378,0.007660444431189778,-0.005835081155534424,-0.00269618601453619,40.00000000000002,-2.7087509990952,3.574434308084386
0.02936111111111111,9.862855603019955,0.008072418358475475,0.003115297448559432,-0.005013081253355784,0.00766044443118978,-0.005820884037230809,-0.002726701329769186,39.99999999999999,-2.7035150113392175,3.5796702958403688
0.029388888888888888,9.868091590775938,0.008068445079663837,0.003146136898715476,-0.005000201657032383,0.007660444431189779,-0.0058065273364509154,-0.0027571418911078427,40.000000000000014,-2.698279023583235,3.5849062835963514
0.029416666666666664,9.87332757853192,0.008064458542289186,0.0031769067504663928,-0.00498716070710981,0.007660444431189778,-0.005792011446790945,-0.0027875068640087937,40.000000000000014,-2.693043035827252,3.590142271352334
0.029444444444444443,9.878563566287905,0.008060458855644458,0.0032076061602411645,-0.004973958761112295,0.007660444431189777,-0.005777336766211345,-0.00281779541600098,40.00000000000001,-2.6878070480712677,3.5953782591083185
0.02947222222222222,9.883799554043886,0.008056446129383086,0.0032382342863999333,-0.004960596180977867,0.007660444431189777,-0.005762503697025906,-0.0028480067167084167,40.000000000000014,-2.682571060315287,3.6006142468642994
0.0295,9.88903554179987,0.008052420473515983,0.0032687902892571895,-0.0049470733330483916,0.007660444431189778,-0.005747512645890695,-0.0028781399378730753,40.00000000000001,-2.6773350725593024,3.605850234620284
0.029527777777777774,9.894271529555853,0.00804838199840854,0.0032992733311046486,-0.004933390588059592,0.007660444431189779,-0.005732364023792967,-0.002908194253377444,40.000000000000014,-2.6720990848033197,3.6110862223762665
0.029555555555555554,9.899507517311836,0.008044330814777593,0.0033296825762343316,-0.004919548321130827,0.007660444431189777,-0.005717058246039844,-0.0029381688392672925,40.00000000000001,-2.666863097047337,3.616322210132249
0.02958333333333333,9.904743505067819,0.008040267033688387,0.0033600171909614206,-0.004905546911754839,0.007660444431189778,-0.0057015957322469535,-0.0029680628737742075,40.000000000000014,-2.6616271092913544,3.621558197888232
0.02961111111111111,9.909979492823801,0.008036190766551534,0.0033902763436471305,-0.004891386743787338,0.007660444431189779,-0.005685976906326925,-0.002997875537338132,40.000000000000014,-2.6563911215353717,3.6267941856442145
0.029638888888888888,9.915215480579786,0.008032102125119954,0.0034204592047215143,-0.004877068205436476,0.007660444431189778,-0.00567020219647775,-0.0030276060126298433,39.99999999999999,-2.6511551337793873,3.632030173400199
0.029666666666666664,9.920451468335768,0.00802800122148582,0.003450564946706169,-0.004862591689252226,0.007660444431189778,-0.005654272035171084,-0.0030572534845733244,40.000000000000014,-2.6459191460234046,3.6372661611561816
0.029694444444444443,9.925687456091751,0.008023888168077477,0.0034805927442369804,-0.004847957592115585,0.00766044443118978,-0.005638186859140337,-0.0030868171403681654,40.000000000000014,-2.640683158267422,3.6425021489121643
0.02972222222222222,9.930923443847734,0.00801976307765636,0.0035105417740867112,-0.004833166315227721,0.007660444431189779,-0.005621947109368738,-0.003116296169511809,40.000000000000014,-2.6354471705114393,3.647738136668147
0.02975,9.936159431603716,0.008015626063313906,0.003540411215187579,-0.0048182182640989606,0.007660444431189778,-0.0056055532310772295,-0.003145689763821779,40.000000000000014,-2.6302111827554566,3.6529741244241296
0.029777777777777775,9.9413954193597,0.008011477238468455,0.003570200248653778,-0.004803113848537669,0.007660444431189779,-0.005589005673712259,-0.0031749971174578505,40.00000000000002,-2.624975194999472,3.658210112180114
0.029805555555555554,9.946631407115683,0.008007316716862136,0.0035999080578038873,-0.004787853482639043,0.007660444431189777,-0.005572304890933485,-0.003204217426944098,40.000000000000014,-2.6197392072434895,3.6634460999360967
0.02983333333333333,9.951867394871666,0.00800314461255775,0.003629533828183322,-0.004772437584773715,0.00766044443118978,-0.005555451340601294,-0.003233349891190987,40.00000000000002,-2.614503219487507,3.6686820876920794
0.02986111111111111,9.957103382627649,0.007998961039935644,0.0036590767475866226,-0.004756866577576312,0.00766044443118978,-0.005538445484764285,-0.003262393711517293,40.00000000000001,-2.609267231731524,3.673918075448062
0.029888888888888885,9.962339370383631,0.007994766113690573,0.00368853600607973,-0.004741140887933862,0.007660444431189778,-0.005521287789646586,-0.003291348091672013,40.000000000000014,-2.6040312439755415,3.6791540632040447
0.029916666666666664,9.967575358139616,0.00799055994882856,0.0037179107960222018,-0.004725260946974087,0.007660444431189778,-0.005503978725635068,-0.003320212237856196,40.000000000000014,-2.598795256219557,3.684390050960029
0.029944444444444444,9.972811345895598,0.007986342660663743,0.0037472003120893123,-0.0047092271900536,0.00766044443118978,-0.00548651876726648,-0.003348985358744676,40.00000000000002,-2.5935592684635744,3.689626038716012
0.02997222222222222,9.978047333651581,0.007982114364815203,0.003776403751294193,-0.004693040056745939,0.007660444431189779,-0.00546890839321439,-0.003377666665507817,40.00000000000001,-2.5883232807075918,3.6948620264719945
0.03,9.983283321407564,0.007977875177203808,0.0038055203130098066,-0.004676699990829543,0.007660444431189778,-0.005451148086276101,-0.0034062553718331072,40.00000000000001,-2.583087292951609,3.700098014227977
0.030027777777777775,9.988519309163546,0.007973625214049028,0.0038345491989909054,-0.004660207440275572,0.00766044443118978,-0.005433238333359399,-0.0034347506939467207,40.000000000000014,-2.5778513051956264,3.70533400198396
0.030055555555555554,9.993755296919531,0.007969364591865749,0.003863489613395926,-0.004643562857235622,0.007660444431189779,-0.005415179625469198,-0.003463151850635017,40.000000000000014,-2.572615317439642,3.7105699897399442
0.03008333333333333,9.998991284675512,0.007965093427461082,0.0038923407628087586,-0.004626766698029369,0.007660444431189778,-0.005396972457694123,-0.0034914580632659105,40.000000000000014,-2.567379329683661,3.715805977495925
0.03011111111111111,10.004227272431496,0.007960811837931153,0.003921101856260609,-0.004609819423131973,0.007660444431189779,-0.0053786173291928445,-0.0035196685558103223,40.00000000000001,-2.5621433419276767,3.7210419652519096
0.030138888888888885,10.009463260187479,0.007956519940657906,0.003949772105251539,-0.004592721497161557,0.007660444431189776,-0.005360114743180503,-0.003547782554863317,40.000000000000014,-2.556907354171694,3.726277953007892
0.030166666666666665,10.014699247943462,0.007952217853305873,0.003978350723772204,-0.0045754733888663905,0.007660444431189779,-0.005341465206914834,-0.0035757992896654225,40.00000000000001,-2.5516713664157114,3.731513940763875
0.030194444444444444,10.019935235699446,0.007947905693818948,0.004006836928325346,-0.0045580755711120725,0.007660444431189779,-0.005322669231682293,-0.003603717992123707,40.000000000000014,-2.5464353786597274,3.736749928519859
0.03022222222222222,10.025171223455427,0.007943583580417166,0.004035229937947252,-0.004540528520868578,0.007660444431189779,-0.005303727332784046,-0.003631537896832816,40.000000000000014,-2.541199390903746,3.74198591627584
0.03025,10.030407211211411,0.007939251631593446,0.004063528974229257,-0.004522832719197133,0.00766044443118978,-0.005284640029521802,-0.003659258241096041,40.00000000000001,-2.535963403147762,3.747221904031824
0.030277777777777775,10.035643198967394,0.007934909966110354,0.004091733261338958,-0.004504988651237096,0.007660444431189781,-0.005265407845183636,-0.0036868782649461178,39.999999999999986,-2.530727415391779,3.7524578917878073
0.030305555555555554,10.040879186723377,0.007930558702996842,0.004119842026041587,-0.0044869968061926006,0.007660444431189781,-0.005246031307029594,-0.0037143972111661466,40.000000000000014,-2.5254914276357963,3.75769387954379
0.03033333333333333,10.04611517447936,0.007926197961544987,0.004147854497721159,-0.004468857677319162,0.00766044443118978,-0.0052265109462772555,-0.0037418143253103177,40.00000000000001,-2.5202554398798136,3.7629298672997726
0.03036111111111111,10.051351162235342,0.00792182786130672,0.004175769908401614,-0.004450571761910167,0.007660444431189781,-0.005206847298087172,-0.003769128855724596,40.000000000000014,-2.515019452123831,3.7681658550557553
0.030388888888888885,10.056587149991326,0.007917448522090541,0.004203587492767876,-0.0044321395612832125,0.007660444431189778,-0.005187040901548183,-0.003796340053567342,40.000000000000014,-2.5097834643678465,3.7734018428117397
0.030416666666666665,10.061823137747309,0.007913060063958257,0.004231306488186797,-0.004413561580766405,0.00766044443118978,-0.005167092299662671,-0.0038234471728298023,39.99999999999999,-2.504547476611864,3.7786378305677224
0.03044444444444444,10.067059125503292,0.007908662607221655,0.0042589261347281285,-0.004394838329684458,0.00766044443118978,-0.005147002039331625,-0.0038504494703566197,40.000000000000014,-2.499311488855881,3.783873818323705
0.03047222222222222,10.072295113259274,0.007904256272439238,0.004286445675185305,-0.004375970321344759,0.007660444431189779,-0.005126770671339682,-0.003877346205866166,40.000000000000014,-2.4940755010998985,3.7891098060796877
0.0305,10.077531101015257,0.007899841180412898,0.004313864355096225,-0.004356958073023285,0.007660444431189779,-0.005106398750340013,-0.003904136641970851,40.00000000000001,-2.488839513343916,3.7943457938356704
0.030527777777777775,10.082767088771242,0.007895417452184611,0.004341181422763937,-0.004337802105950424,0.007660444431189779,-0.00508588683483912,-0.003930820044197344,40.00000000000001,-2.483603525587932,3.7995817815916544
0.030555555555555555,10.088003076527224,0.007890985209033126,0.004368396129277215,-0.0043185029452966995,0.007660444431189778,-0.005065235487181536,-0.003957395681006678,40.000000000000014,-2.4783675378319487,3.8048177693476375
0.03058333333333333,10.093239064283207,0.007886544572470624,0.00439550772853114,-0.004299061120158347,0.007660444431189778,-0.005044445273534388,-0.003983862823814352,40.000000000000014,-2.473131550075966,3.81005375710362
0.03061111111111111,10.09847505203919,0.007882095664239402,0.004422515477247524,-0.004279477163542822,0.007660444431189778,-0.005023516763871882,-0.004010220747010278,40.00000000000003,-2.4678955623199834,3.815289744859603
0.030638888888888886,10.103711039795172,0.007877638606308525,0.004449418634995292,-0.004259751612354186,0.007660444431189778,-0.005002450531959681,-0.004036468727978676,40.00000000000001,-2.4626595745640008,3.8205257326155855
0.030666666666666665,10.108947027551157,0.007873173520870488,0.004476216464210793,-0.004239885007378386,0.007660444431189779,-0.0049812471553391715,-0.004062606047117895,40.000000000000014,-2.4574235868080163,3.82576172037157
0.03069444444444444,10.114183015307137,0.007868700530337865,0.004502908230217977,-0.004219877893268451,0.007660444431189779,-0.0049599072153116526,-0.004088631987860107,40.00000000000001,-2.4521875990520354,3.830997708127551
0.03072222222222222,10.119419003063122,0.007864219757339948,0.004529493201248632,-0.004199730818529495,0.007660444431189779,-0.004938431296922332,-0.0041145458366910305,40.00000000000002,-2.446951611296051,3.8362336958835352
0.030749999999999996,10.124654990819105,0.007859731324719395,0.004555970648462319,-0.004179444335503768,0.00766044443118978,-0.004916819988944384,-0.0041403468831693845,40.000000000000014,-2.4417156235400683,3.841469683639518
0.030777777777777775,10.129890978575087,0.007855235355528853,0.004582339845966457,-0.004159019000355444,0.007660444431189781,-0.004895073883862724,-0.004166034419946454,40.000000000000014,-2.4364796357840857,3.8467056713955006
0.030805555555555555,10.135126966331072,0.007850731973027585,0.004608600070836187,-0.004138455373055397,0.007660444431189778,-0.004873193577857802,-0.004191607742785455,40.000000000000014,-2.4312436480281012,3.851941659151485
0.03083333333333333,10.140362954087053,0.007846221300678104,0.0046347506031341485,-0.0041177540173658765,0.007660444431189779,-0.004851179670789281,-0.004217066150580791,40.000000000000014,-2.4260076602721203,3.857177646907466
0.03086111111111111,10.145598941843037,0.007841703462142765,0.004660790725930328,-0.004096915500824982,0.007660444431189778,-0.004829032766179516,-0.004242408945377392,40.00000000000002,-2.420771672516136,3.8624136346634503
0.030888888888888886,10.15083492959902,0.007837178581280397,0.004686719725321576,-0.004075940394731185,0.007660444431189779,-0.004806753471197103,-0.004267635432389709,40.00000000000001,-2.4155356847601532,3.867649622419433
0.030916666666666665,10.156070917355002,0.007832646782142894,0.004712536890451286,-0.004054829274127615,0.007660444431189779,-0.004784342396640164,-0.004292744920020866,40.000000000000014,-2.4102996970041706,3.8728856101754157
0.03094444444444444,10.161306905110985,0.007828108188971818,0.004738241513528834,-0.004033582717786303,0.007660444431189779,-0.004761800156919627,-0.0043177367198815745,40.000000000000014,-2.405063709248188,3.8781215979313983
0.03097222222222222,10.166542892866968,0.007823562926194993,0.004763832889848995,-0.004012201308192326,0.007660444431189779,-0.004739127370042383,-0.00434261014680902,40.00000000000001,-2.3998277214922057,3.8833575856873805
0.030999999999999996,10.171778880622952,0.007819011118423091,0.0047893103178112675,-0.003990685631527819,0.007660444431189777,-0.004716324657594325,-0.004367364518885645,40.000000000000014,-2.394591733736221,3.8885935734433654
0.031027777777777776,10.177014868378935,0.00781445289044623,0.004814673098939078,-0.003969036277655943,0.00766044443118978,-0.0046933926447233565,-0.004391999157457819,40.00000000000002,-2.389355745980238,3.893829561199348
0.03105555555555555,10.182250856134917,0.007809888367230526,0.0048399205378989755,-0.0039472538401046624,0.007660444431189779,-0.00467033196012218,-0.004416513387154487,40.000000000000014,-2.3841197582242555,3.8990655489553308
0.03108333333333333,10.1874868438909,0.007805317673914689,0.00486505194251967,-0.003925338916050506,0.007660444431189779,-0.004647143236011116,-0.004440906535905661,40.00000000000002,-2.378883770468273,3.9043015367113134
0.03111111111111111,10.192722831646883,0.007800740935806587,0.004890066623811008,-0.0039032921063021876,0.007660444431189779,-0.00462382710812075,-0.004465177934960845,40.000000000000014,-2.37364778271229,3.909537524467296
0.031138888888888886,10.197958819402867,0.0077961582783798045,0.004914963895982874,-0.003881114015284124,0.007660444431189779,-0.004600384215674495,-0.004489326918907381,40.000000000000014,-2.3684117949563057,3.9147735122232805
0.031166666666666665,10.20319480715885,0.007791569827270214,0.004939743076463959,-0.0038588052510199022,0.007660444431189778,-0.00457681520137111,-0.004513352825688661,40.000000000000014,-2.363175807200323,3.920009499979263
0.03119444444444444,10.208430794914833,0.007786975708272519,0.004964403485920519,-0.003836366425115553,0.007660444431189781,-0.004553120711367016,-0.004537254996622318,40.000000000000014,-2.357939819444341,3.9252454877352454
0.03122222222222222,10.213666782670815,0.0077823760473368095,0.004988944448274976,-0.0038137981527428247,0.007660444431189778,-0.004529301395258628,-0.004561032776418269,40.000000000000014,-2.3527038316883577,3.9304814754912285
0.031249999999999997,10.218902770426798,0.007777770970565118,0.005013365290724444,-0.0037911010526223035,0.007660444431189778,-0.004505357906064529,-0.00458468551319666,40.000000000000014,-2.347467843932375,3.935717463247211
0.03127777777777777,10.22413875818278,0.007773160604207947,0.005037665343759196,-0.0037682757470064564,0.007660444431189779,-0.004481290900207569,-0.0046082125585057716,40.000000000000014,-2.3422318561763924,3.940953451003194
0.03130555555555555,10.229374745938763,0.007768545074660821,0.005061843941181003,-0.0037453228616625657,0.007660444431189778,-0.0044571010374968726,-0.0046316132673397716,40.00000000000001,-2.3369958684204097,3.9461894387591765
0.03133333333333333,10.234610733694748,0.007763924508460811,0.005085900420121407,-0.0037222430258555695,0.007660444431189778,-0.004432788981109735,-0.00465488699815641,40.00000000000001,-2.3317598806644253,3.951425426515161
0.03136111111111111,10.23984672145073,0.007759299032283078,0.005109834121059873,-0.003699036872330843,0.007660444431189779,-0.004408355397573483,-0.004678033112894587,40.00000000000001,-2.326523892908443,3.956661414271143
0.03138888888888889,10.245082709206713,0.007754668772937385,0.0051336443878419085,-0.003675705037296798,0.007660444431189779,-0.00438380095674714,-0.004701050976991885,40.000000000000014,-2.32128790515246,3.9618974020271263
0.03141666666666666,10.250318696962696,0.007750033857364632,0.005157330567697019,-0.0036522481604074775,0.007660444431189778,-0.004359126331803107,-0.004723939959401926,40.000000000000014,-2.3160519173964773,3.967133389783109
0.03144444444444444,10.255554684718678,0.007745394412633371,0.00518089201125662,-0.003628666884745012,0.00766044443118978,-0.004334332199208691,-0.0047466994326117,40.000000000000014,-2.3108159296404946,3.9723693775390916
0.03147222222222222,10.260790672474663,0.007740750565936321,0.005204328072571845,-0.003604961856801976,0.007660444431189779,-0.004309419238707552,-0.00476932877265876,40.000000000000014,-2.30557994188451,3.977605365295076
0.0315,10.266026660230645,0.007736102444586886,0.005227638109131213,-0.0035811337264637032,0.007660444431189779,-0.0042843881333011055,-0.004791827359148298,40.000000000000014,-2.3003439541285275,3.9828413530510587
0.03152777777777777,10.271262647986628,0.007731450176015663,0.005250821481878308,-0.003557183146990415,0.007660444431189779,-0.004259239569229741,-0.004814194575270211,40.000000000000014,-2.295107966372545,3.9880773408070413
0.03155555555555555,10.27649863574261,0.007726793887766943,0.005273877555229257,-0.003533110774999345,0.00766044443118978,-0.004233974235954047,-0.00483642980781597,40.00000000000002,-2.2898719786165627,3.9933133285630236
0.03158333333333333,10.281734623498593,0.00772213370749522,0.00529680569709016,-0.003508917270446732,0.00766044443118978,-0.004208592826135897,-0.004858532447195444,40.000000000000014,-2.28463599086058,3.9985493163190062
0.03161111111111111,10.286970611254578,0.007717469762961689,0.005319605278874433,-0.0034846032966097153,0.007660444431189779,-0.0041830960356194526,-0.004880501887453615,40.000000000000014,-2.279400003104595,4.003785304074992
0.03163888888888889,10.29220659901056,0.007712802182030749,0.005342275675520009,-0.0034601695200681894,0.007660444431189779,-0.004157484563412127,-0.0049023375262871646,40.000000000000014,-2.274164015348613,4.009021291830973
0.03166666666666666,10.297442586766543,0.007708131092666487,0.005364816265506523,-0.0034356166106864696,0.007660444431189779,-0.004131759111665355,-0.004924038765061035,40.000000000000014,-2.26892802759263,4.014257279586957
0.03169444444444444,10.302678574522526,0.007703456622929178,0.005387226430872309,-0.0034109452415949705,0.007660444431189778,-0.0041059203856553955,-0.004945605008824798,40.000000000000014,-2.2636920398366476,4.019493267342939
0.03172222222222222,10.307914562278508,0.00769877890097177,0.005409505557231368,-0.003386156089171737,0.007660444431189778,-0.00407996909376397,-0.004967035666328993,40.000000000000014,-2.2584560520806645,4.024729255098922
0.03175,10.313150550034493,0.007694098055036374,0.0054316530337902,-0.0033612498330238996,0.007660444431189779,-0.00405390594745885,-0.004988330150041319,40.00000000000001,-2.25322006432468,4.029965242854907
0.03177777777777777,10.318386537790474,0.007689414213450749,0.005453668253364527,-0.003336227155969075,0.007660444431189779,-0.004027731661274382,-0.005009487876162731,40.000000000000014,-2.2479840765686996,4.035201230610887
0.03180555555555555,10.323622525546458,0.00768472750462477,0.005475550612396015,-0.0033110887440165604,0.007660444431189778,-0.004001446952791807,-0.005030508264643509,40.00000000000001,-2.2427480888127147,4.040437218366872
0.03183333333333333,10.32885851330244,0.007680038057046935,0.0054972995109687115,-0.003285835286348646,0.007660444431189779,-0.003975052542619715,-0.005051390739199059,40.000000000000014,-2.2375121010567325,4.045673206122854
0.03186111111111111,10.334094501058424,0.007675345999280815,0.005518914352825586,-0.0032604674753016183,0.007660444431189779,-0.003948549154374182,-0.0050721347273258045,40.000000000000014,-2.2322761133007494,4.050909193878837
0.03188888888888888,10.339330488814406,0.007670651459961544,0.005540394545384829,-0.003234986006346835,0.007660444431189778,-0.003921937514658988,-0.00509273966031683,40.00000000000001,-2.2270401255447667,4.05614518163482
0.03191666666666666,10.344566476570389,0.007665954567792289,0.005561739499756111,-0.0032093915780716385,0.007660444431189778,-0.0038952183530456762,-0.005113204973277486,40.000000000000014,-2.221804137788784,4.061381169390803
0.03194444444444444,10.349802464326373,0.007661255451540721,0.005582948630756732,-0.003183684892160198,0.007660444431189779,-0.00386839240205355,-0.00513353010514089,40.00000000000002,-2.2165681500327996,4.066617157146787
0.03197222222222222,10.355038452082356,0.0076565542400354875,0.00560402135692764,-0.003157866653374314,0.007660444431189781,-0.0038414603971296275,-0.005153714498683272,40.000000000000014,-2.211332162276817,4.07185314490277
0.032,10.360274439838339,0.007651851062162674,0.005624957100549407,-0.0031319375695340337,0.007660444431189779,-0.0038144230766284162,-0.005173757600539291,40.00000000000002,-2.2060961745208343,4.077089132658752
0.03202777777777777,10.365510427594321,0.00764714604686228,0.005645755287658046,-0.0031058983514982907,0.007660444431189779,-0.003787281181791719,-0.0051936588612171855,40.00000000000001,-2.2008601867648516,4.082325120414735
0.03205555555555555,10.370746415350304,0.007642439323124675,0.005666415348060753,-0.0030797497131454,0.007660444431189778,-0.003760035456728291,-0.005213417735113844,40.00000000000002,-2.195624199008869,4.087561108170718
0.03208333333333333,10.375982403106288,0.007637731019987068,0.005686936715351542,-0.003053492371353481,0.00766044443118978,-0.0037326866483934386,-0.005233033680529759,40.000000000000014,-2.190388211252885,4.092797095926701
0.03211111111111111,10.381218390862271,0.007633021266529969,0.005707318826926749,-0.003027127045980842,0.007660444431189778,-0.003705235506568577,-0.00525250615968387,40.000000000000014,-2.185152223496902,4.098033083682685
0.032138888888888884,10.386454378618254,0.007628310191873649,0.005727561124000493,-0.003000654459846186,0.007660444431189779,-0.0036776827838406146,-0.005271834638728326,40.000000000000014,-2.179916235740919,4.1032690714386675
0.03216666666666666,10.391690366374236,0.007623597925174597,0.005747663051619978,-0.002974075338708837,0.007660444431189778,-0.0036500292355813673,-0.005291018587763115,40.000000000000014,-2.1746802479849365,4.10850505919465
0.03219444444444444,10.396926354130219,0.007618884595621987,0.005767624058680704,-0.0029473904112488247,0.007660444431189779,-0.0036222756199268263,-0.0053100574808505815,40.000000000000014,-2.169444260228954,4.113741046950633
0.03222222222222222,10.402162341886203,0.007614170332434126,0.005787443597941583,-0.002920600409046907,0.00766044443118978,-0.003594422697756376,-0.005328950796029859,40.000000000000014,-2.1642082724729694,4.118977034706617
0.03225,10.407398329642186,0.0076094552648549255,0.005807121126039923,-0.0028937060665645466,0.007660444431189779,-0.0035664712326719666,-0.005347698015331156,40.000000000000014,-2.158972284716987,4.124213022462599
0.03227777777777777,10.412634317398169,0.007604739522150342,0.005826656103506357,-0.002866708121123717,0.007660444431189778,-0.0035384219909771228,-0.005366298624789993,40.000000000000014,-2.153736296961004,4.129449010218583
0.03230555555555555,10.417870305154151,0.0076000232336048456,0.005846047994779611,-0.0028396073128867305,0.007660444431189778,-0.0035102757416559747,-0.005384752114461266,40.000000000000014,-2.1485003092050214,4.134684997974565
0.03233333333333333,10.423106292910134,0.007595306528517869,0.005865296268221188,-0.002812404384835938,0.007660444431189779,-0.0034820332563521676,-0.0054030579784332304,40.00000000000001,-2.1432643214490392,4.139920985730547
0.03236111111111111,10.428342280666119,0.007590589536200262,0.005884400396129958,-0.002785100082753339,0.007660444431189779,-0.0034536953093476886,-0.005421215714841389,40.00000000000001,-2.1380283336930543,4.145156973486532
0.032388888888888884,10.4335782684221,0.007585872385970757,0.005903359854756583,-0.0027576951552002018,0.007660444431189779,-0.003425262677541705,-0.005439224825882206,40.00000000000001,-2.1327923459370735,4.150392961242513
0.03241666666666666,10.438814256178084,0.007581155207152404,0.00592217412431795,-0.0027301903534964166,0.007660444431189779,-0.0033967361404291362,-0.005457084817826825,40.00000000000001,-2.1275563581810895,4.155628948998497
0.03244444444444444,10.444050243934067,0.0075764381290690476,0.005940842689011341,-0.002702586431700046,0.00766044443118978,-0.003368116480079439,-0.0054747952010345356,40.000000000000014,-2.1223203704251064,4.16086493675448
0.03247222222222222,10.44928623169005,0.007571721281041765,0.005959365037028628,-0.0026748841465865404,0.007660444431189779,-0.003339404481115048,-0.005492355489966233,40.00000000000001,-2.1170843826691237,4.166100924510463
0.032499999999999994,10.454522219446032,0.007567004792385329,0.005977740660570283,-0.0026470842576280396,0.007660444431189779,-0.0033106009306899187,-0.00550976520319773,39.99999999999999,-2.111848394913141,4.171336912266446
0.032527777777777774,10.459758207202015,0.007562288792404657,0.005995969055859307,-0.002619187526972543,0.007660444431189779,-0.0032817066184679363,-0.005527023863432943,40.00000000000001,-2.106612407157159,4.176572900022427
0.03255555555555555,10.464994194957999,0.007557573410391268,0.006014049723155041,-0.0025911947194230036,0.007660444431189778,-0.003252722336601256,-0.005544130997516991,40.000000000000014,-2.101376419401174,4.181808887778413
0.03258333333333333,10.470230182713982,0.007552858775619747,0.006031982166766842,-0.0025631066024163996,0.007660444431189779,-0.003223648879708627,-0.005561086136449137,40.000000000000014,-2.0961404316451913,4.187044875534395
0.03261111111111111,10.475466170469964,0.007548145017344187,0.006049765895067718,-0.0025349239460026396,0.007660444431189778,-0.0031944870448535477,-0.005577888815395691,40.00000000000001,-2.0909044438892086,4.192280863290378
0.032638888888888884,10.480702158225947,0.007543432264794651,0.006067400420507776,-0.002506647522823483,0.007660444431189779,-0.0031652376315224485,-0.005594538573702718,40.000000000000014,-2.0856684561332264,4.19751685104636
0.03266666666666666,10.48593814598193,0.007538720647173629,0.00608488525962759,-0.0024782781080913553,0.007660444431189778,-0.0031359014416027717,-0.005611034954908688,40.000000000000014,-2.0804324683772433,4.202752838802343
0.03269444444444444,10.491174133737914,0.007534010293652499,0.0061022199330714715,-0.0024498164795680845,0.007660444431189777,-0.003106479279360975,-0.0056273775067569795,40.00000000000001,-2.075196480621259,4.207988826558328
0.03272222222222222,10.496410121493897,0.007529301333367986,0.0061194039656005785,-0.002421263417543612,0.00766044443118978,-0.0030769719514205187,-0.005643565781208268,40.00000000000001,-2.069960492865276,4.2132248143143105
0.032749999999999994,10.50164610924988,0.007524593895418611,0.006136436886105985,-0.002392619704814547,0.00766044443118978,-0.0030473802667396925,-0.005659599334452838,40.000000000000014,-2.0647245051092935,4.218460802070293
0.032777777777777774,10.506882097005862,0.007519888108861164,0.00615331822762157,-0.0023638861266627423,0.007660444431189779,-0.0030177050365894796,-0.005675477726922727,40.000000000000014,-2.059488517353311,4.223696789826276
0.03280555555555555,10.512118084761845,0.007515184102707161,0.006170047527336831,-0.0023350634708337596,0.007660444431189779,-0.002987947074531307,-0.005691200523303787,40.00000000000002,-2.054252529597328,4.2289327775822585
0.03283333333333333,10.51735407251783,0.007510482005919306,0.0061866243266095675,-0.002306152527515256,0.007660444431189779,-0.0029581071963947236,-0.0057067672925476135,40.000000000000014,-2.0490165418413437,4.234168765338243
0.03286111111111111,10.522590060273812,0.007505781947407961,0.006203048170978446,-0.0022771540893153676,0.007660444431189779,-0.0029281862202550843,-0.0057221776078833575,40.00000000000002,-2.043780554085361,4.239404753094226
0.032888888888888884,10.527826048029794,0.007501084056027599,0.006219318610175482,-0.0022480689512409174,0.007660444431189779,-0.0028981849664110547,-0.005737431046829446,40.00000000000001,-2.0385445663293784,4.244640740850208
0.032916666666666664,10.533062035785777,0.00749638846057329,0.006235435198138363,-0.002218897910675656,0.007660444431189778,-0.0028681042573621626,-0.0057525271912051415,40.00000000000001,-2.0333085785733958,4.249876728606191
0.03294444444444444,10.53829802354176,0.007491695289777154,0.00625139749302269,-0.0021896417673583977,0.00766044443118978,-0.002837944917786243,-0.005767465627142021,40.000000000000014,-2.028072590817413,4.255112716362174
0.03297222222222222,10.543534011297744,0.007487004672304835,0.0062672050572140925,-0.0021603013233610796,0.007660444431189778,-0.002807707774516814,-0.005782245945095323,40.000000000000014,-2.0228366030614287,4.260348704118158
0.032999999999999995,10.548769999053725,0.007482316736751989,0.006282857457340196,-0.0021308773830668246,0.007660444431189779,-0.0027773936565204634,-0.005796867739855151,40.000000000000014,-2.0176006153054478,4.265584691874139
0.033027777777777774,10.55400598680971,0.00747763161164073,0.006298354264282566,-0.00210137075314778,0.007660444431189779,-0.0027470033948740085,-0.005811330610557633,40.000000000000014,-2.0123646275494633,4.270820679630123
0.03305555555555555,10.559241974565692,0.0074729494254161324,0.006313695053188394,-0.0020717822425431395,0.007660444431189778,-0.0027165378227418545,-0.005825634160695848,40.00000000000001,-2.0071286397934807,4.276056667386106
0.03308333333333333,10.564477962321675,0.007468270306442696,0.006328879403482212,-0.0020421126624368584,0.00766044443118978,-0.0026859977753530408,-0.005839777998130751,40.00000000000001,-2.001892652037498,4.281292655142089
0.03311111111111111,10.56971395007766,0.00746359438300083,0.0063439068988773864,-0.002012362826235452,0.00766044443118978,-0.0026553840899783826,-0.005853761735101895,40.000000000000014,-1.9966566642815136,4.286528642898073
0.033138888888888884,10.57494993783364,0.007458921783283342,0.00635877712738753,-0.00198253354954574,0.007660444431189779,-0.0026246976059075616,-0.005867584988238058,40.000000000000014,-1.9914206765255327,4.291764630654054
0.033166666666666664,10.580185925589625,0.007454252635391907,0.006373489681337832,-0.0019526256501523685,0.007660444431189777,-0.002593939164425997,-0.005881247378567785,40.000000000000014,-1.9861846887695485,4.2970006184100376
0.03319444444444444,10.585421913345607,0.007449587067333579,0.006388044157376181,-0.0019226399479955385,0.007660444431189778,-0.0025631096087919314,-0.005894748531529733,40.00000000000001,-1.9809487010135658,4.30223660616602
0.03322222222222222,10.59065790110159,0.007444925207017262,0.0064024401564842705,-0.0018925772651484098,0.00766044443118978,-0.002532209784213193,-0.00590808807698298,40.00000000000001,-1.975712713257583,4.307472593922004
0.033249999999999995,10.595893888857573,0.0074402671822502075,0.0064166772839885115,-0.0018624384257946223,0.007660444431189779,-0.002501240537824086,-0.005921265649217146,40.00000000000001,-1.9704767255016002,4.312708581677986
0.033277777777777774,10.601129876613555,0.007435613120734522,0.006430755149570861,-0.0018322242562056792,0.007660444431189778,-0.0024702027186621414,-0.005934280886962432,40.000000000000014,-1.9652407377456178,4.317944569433968
0.033305555555555554,10.60636586436954,0.007430963150063649,0.0064446733672795286,-0.001801935584718292,0.007660444431189778,-0.00243909717764484,-0.0059471334333995275,40.000000000000014,-1.9600047499896334,4.323180557189953
0.03333333333333333,10.611601852125522,0.007426317397718887,0.006458431555539534,-0.0017715732417117112,0.00766044443118978,-0.002407924767546323,-0.005959822936169367,40.00000000000001,-1.9547687622336507,4.328416544945935
